1f7eae1c
caa9e645
00000000
00000000
b43949e5
2c499cea
00000000
00000000
532d2f2f
f185e774
00000000
00000000
69caca02
96ee2c5b
00000000
00000000
e0c24a02
16ea1dcb
00000000
00000000
cbea4e5a
d4e72b57
00000000
00000000
5f3fa715
ebe06656
00000000
00000000
a00da9e9
a88891f8
00000000
00000000
33bfae3c
41856374
00000000
00000000
a03fea50
ed411264
00000000
00000000
183b0aba
ba2e7246
00000000
00000000
5f88158f
1a3efccb
00000000
00000000
e0d7ee66
3d458d35
00000000
00000000
a03efa98
47481264
00000000
00000000
0f385ce8
ca2a525a
00000000
00000000
dbc1a537
d1756d7b
00000000
00000000
e1c7a906
b51dadb3
00000000
00000000
a23f4a59
45101160
00000000
00000000
0c7640c6
6c320643
00000000
00000000
70a12d94
b334390c
00000000
00000000
d3833dfb
50d5213c
00000000
00000000
0c7ec2c6
8e215e83
00000000
00000000
3a5ccac4
a316102f
00000000
00000000
c3a32cbb
510db134
00000000
00000000
0c7e8284
ee324e83
00000000
00000000
3454e386
2b335693
00000000
00000000
d3a13c3b
d155b134
00000000
00000000
8e12cda3
1a0987d6
00000000
00000000
1e30ddcf
12309796
00000000
00000000
8e1a9ecb
1a7295d2
00000000
00000000
9d5a16da
a7620833
00000000
00000000
e9cde2e0
c56e68f9
00000000
00000000
61ed6030
ed4e6869
00000000
00000000
60af211c
ed8c7069
00000000
00000000
70ed2314
edc5726d
00000000
00000000
70ef2314
ed0d7a64
00000000
00000000
8e5dea62
372fcc72
00000000
00000000
baddeb67
670b8cd7
00000000
00000000
ca5dcb31
e7afcddc
00000000
00000000
0f7fea72
330fc752
00000000
00000000
a3c89bce
7729865f
00000000
00000000
93c88b9d
c7ca85dd
00000000
00000000
777b4ef2
370da970
00000000
00000000
fd6aaeac
932aade0
00000000
00000000
e1ea8e89
d78aabd8
00000000
00000000
a6fb387b
556cd3a4
00000000
00000000
a004edc1
bc4bc9cb
00000000
00000000
5d7a9236
2a332613
00000000
00000000
d3a52d3b
d1cde13c
00000000
00000000
ac135bc0
3c9cdceb
00000000
00000000
5d6c9616
8a326657
00000000
00000000
d3802de5
d10da9fc
00000000
00000000
261353db
2e2e5ca2
00000000
00000000
1cece68c
ee127641
00000000
00000000
263b1bb5
05398324
00000000
00000000
ac4ee040
f91072cf
00000000
00000000
59ed8536
92f76df2
00000000
00000000
59a48597
e2f66d92
00000000
00000000
e6335beb
170bc128
00000000
00000000
9c4eec00
ebb1724d
00000000
00000000
a418eec8
ed50125d
00000000
00000000
19ad8116
a3bead93
00000000
00000000
e2137beb
171e88a8
00000000
00000000
d884c1a3
b23eecdb
00000000
00000000
f2e1adbd
115fadb0
00000000
00000000
a67b7e49
4d51933c
00000000
00000000
2d1a72cc
ed505264
00000000
00000000
1d8cc442
ea3c7ecf
00000000
00000000
d2c38933
137fadb3
00000000
00000000
63f51bb7
161fa193
00000000
00000000
a0337ae8
4d005264
00000000
00000000
1d8e245c
e8325f4f
00000000
00000000
374579ee
254499a8
00000000
00000000
1b117cb8
f12c97a6
00000000
00000000
e3862da9
512cbd36
00000000
00000000
5b6139be
25458b8a
00000000
00000000
6b555cdf
3525b324
00000000
00000000
dbf60d0b
d1283104
00000000
00000000
26d179e1
71658928
00000000
00000000
1bfb5872
010dbb26
00000000
00000000
43ea0c43
d10db06a
00000000
00000000
a2426be1
144ebdcd
00000000
00000000
5dee8e36
c2222657
00000000
00000000
8a43eaef
3d6c99e2
00000000
00000000
a78159c1
3c0af9e8
00000000
00000000
5dfca41e
c3636215
00000000
00000000
ae1dd9c8
3d0e99fb
00000000
00000000
a0a19b71
cc8fdda8
00000000
00000000
59eea41e
c3216317
00000000
00000000
a61343c1
2d9d5d8a
00000000
00000000
175ff8ef
1a20a677
00000000
00000000
1f5a9de3
1260ad5a
00000000
00000000
5f4a57e4
5262a3d5
00000000
00000000
347f96d3
1bc1282a
00000000
00000000
5fea1690
13022828
00000000
00000000
3fea17b0
978229a8
00000000
00000000
a0efb692
b9450822
00000000
00000000
65eb9690
9f4425a9
00000000
00000000
fdc7d794
cfe721a9
00000000
00000000
9ec89fc1
d325b99e
00000000
00000000
eed5e937
e5918d34
00000000
00000000
e077e878
6d85122d
00000000
00000000
9f689d89
0340e398
00000000
00000000
9e40e5e5
d5f9cbbf
00000000
00000000
e2f5a973
71d58536
00000000
00000000
55ab1c96
03626ca8
00000000
00000000
af8899ed
56d0ab8c
00000000
00000000
9e51fd21
91e18394
00000000
00000000
a45242c9
2d0816c8
00000000
00000000
d4cdb79f
a21aaddf
00000000
00000000
dbe11c7f
51250334
00000000
00000000
a6334be9
174ed4e2
00000000
00000000
e41ae3c8
ae1adcc9
00000000
00000000
5be49c36
d1e56336
00000000
00000000
88a60d37
d1279b76
00000000
00000000
a45bf3c9
2e1adcc9
00000000
00000000
5be4ac36
d0f56337
00000000
00000000
d1770b1c
e2fb2d79
00000000
00000000
e9f60a0c
c2fe257e
00000000
00000000
d3e63a21
c78aa555
00000000
00000000
a867cb35
9bd38775
00000000
00000000
f257ef21
3f928df5
00000000
00000000
a657eff7
3f538fd5
00000000
00000000
ae41feb3
3e608f86
00000000
00000000
ae5afee2
1e408786
00000000
00000000
8d6052ea
3e628f8b
00000000
00000000
e8f6a672
98f36f3f
00000000
00000000
a064e2b8
b8cf4731
00000000
00000000
f846e2ee
acf206b5
00000000
00000000
70e70516
d893723f
00000000
00000000
d877a69e
38c57236
00000000
00000000
b053e3cd
2c0a16d9
00000000
00000000
5eb70518
c8ab7243
00000000
00000000
5236061b
78ad784a
00000000
00000000
e23942c9
288ad6c1
00000000
00000000
b237ae9d
7981837c
00000000
00000000
1335af15
6991b574
00000000
00000000
9e57a7b4
a93137f4
00000000
00000000
ecc2c272
9e662fb7
00000000
00000000
e8cad262
96762ebb
00000000
00000000
e8ea5262
9e2e2c9b
00000000
00000000
41e941cb
404d584a
00000000
00000000
573d2d9d
4049d060
00000000
00000000
17182d9d
6008d049
00000000
00000000
0c384c7a
00245226
00000000
00000000
13015dcf
114dedea
00000000
00000000
fa872015
b54cbbf0
00000000
00000000
13046d4f
714fd9c1
00000000
00000000
fbd1118d
b72dadda
00000000
00000000
e5f6a330
ce32245d
00000000
00000000
bd81abcd
bf6b8dcb
00000000
00000000
2d628010
ce320675
00000000
00000000
c4a6e660
4a13501d
00000000
00000000
7495c187
c84119ea
00000000
00000000
553185df
8820706b
00000000
00000000
0d3285c5
18443139
00000000
00000000
c934c14f
48771bf7
00000000
00000000
4184e52c
68701375
00000000
00000000
0d3180c3
086e197b
00000000
00000000
a924e16f
606e1757
00000000
00000000
e304e1c9
e85c1fdd
00000000
00000000
8d204070
c8ca3757
00000000
00000000
f6d52d8d
698ba959
00000000
00000000
9e53a316
ba304ddf
00000000
00000000
8d70d2f2
86265617
00000000
00000000
8c728262
9e300696
00000000
00000000
20ead278
07565634
00000000
00000000
e38d6dcd
450ff069
00000000
00000000
42ac4a79
164e5038
00000000
00000000
f3852d8d
794df9c8
00000000
00000000
1d130bb5
e970bbe6
00000000
00000000
9f385fda
33209942
00000000
00000000
afb83f8f
07829d8d
00000000
00000000
b31dbbed
c7a297de
00000000
00000000
9f3c5c8a
1b8893d2
00000000
00000000
9b88fdaf
cbca97d5
00000000
00000000
c10cfdfd
c3aa83d5
00000000
00000000
d31a9cfe
3b8823d3
00000000
00000000
c128dc8d
ebeabfd5
00000000
00000000
f1acfacb
4faab3de
00000000
00000000
8b3f4e5a
13bbd052
00000000
00000000
c33a4e0b
13aaeddb
00000000
00000000
eb082d2d
c38aefd4
00000000
00000000
0f174e5a
33bbc072
00000000
00000000
bb2a0eca
9b9eed52
00000000
00000000
77862b4d
c7bae1dc
00000000
00000000
8b9b0e5a
339d8d62
00000000
00000000
93aa4f0a
d7baaf53
00000000
00000000
f1ac2b19
cfbaa74d
00000000
00000000
6dc387b4
dd1070bc
00000000
00000000
6dba4028
c46d7626
00000000
00000000
06ac48e2
f14fd666
00000000
00000000
2cba4062
c46d5a26
00000000
00000000
02ac7c79
404e5669
00000000
00000000
534dafcf
3349adc9
00000000
00000000
53156f1f
614fdcc0
00000000
00000000
be57bf87
3baaadc3
00000000
00000000
be529a92
bf7aafdf
00000000
00000000
e07595c2
8c462ff8
00000000
00000000
e0f796d2
fe5222b8
00000000
00000000
f577b6d6
bc562c34
00000000
00000000
e0ed71f4
ea462ab9
00000000
00000000
20f970d4
6e4e0eb9
00000000
00000000
50ff74d4
f8462e79
00000000
00000000
60fc7164
4644027d
00000000
00000000
00da71e5
664408e9
00000000
00000000
00fc71c4
6a4e0049
00000000
00000000
706fa1a5
d3eae52d
00000000
00000000
706a0636
13c56523
00000000
00000000
56fe46e6
732f6a22
00000000
00000000
f64b0481
d2a2e129
00000000
00000000
7e7b1612
1a836828
00000000
00000000
0ddb0602
178368ab
00000000
00000000
b76e2571
d7a2aca8
00000000
00000000
0fcb8571
96836938
00000000
00000000
8fdb4752
b78385e2
00000000
00000000
d88595b3
c8d779fb
00000000
00000000
4423d123
18d3717e
00000000
00000000
3ca4d47c
78d1517c
00000000
00000000
6c10d06a
c8bd32f5
00000000
00000000
08c0c172
90ff34d3
00000000
00000000
e8848163
98ff3cbb
00000000
00000000
f225f73d
2c988f74
00000000
00000000
f730b61d
4cd0937c
00000000
00000000
1632b654
2cd91554
00000000
00000000
a381e9ed
250489f4
00000000
00000000
f364ac92
d124a1fc
00000000
00000000
efe38c30
90793d7a
00000000
00000000
b38169ed
654483f4
00000000
00000000
df65ad93
d56ca976
00000000
00000000
9cc20c22
9049395b
00000000
00000000
b3d569fd
e54c83cc
00000000
00000000
42792923
d16da3f4
00000000
00000000
cec38d61
00c9a97a
00000000
00000000
8f727ceb
1782d3b4
00000000
00000000
70801161
b7cdf1aa
00000000
00000000
20ff2934
e1cd7024
00000000
00000000
ff903dfd
11c4f3a8
00000000
00000000
73a35191
e5a57bec
00000000
00000000
42c76d34
d1ed7944
00000000
00000000
63a13cb8
d54cbbac
00000000
00000000
51854fb9
c3cc792e
00000000
00000000
5e050967
11e9f97a
00000000
00000000
e0668e22
9f53a735
00000000
00000000
ea7f8a40
d333ad30
00000000
00000000
da6f8a22
93f7ad3a
00000000
00000000
9a5ffe71
8f718fbe
00000000
00000000
d6e8ff11
6f55a798
00000000
00000000
e4c1be74
bf37a539
00000000
00000000
a650fffd
6f5083b4
00000000
00000000
84d1ffb7
af508797
00000000
00000000
bcd5f7a5
2f108f9c
00000000
00000000
c0ae4b5a
c5ef652a
00000000
00000000
e0dd2818
e9efc409
00000000
00000000
f0ef082a
c1cf0c41
00000000
00000000
e8c84b2c
e5ef8e55
00000000
00000000
b08ceb7c
eded8607
00000000
00000000
c07d4a6b
618f0d47
00000000
00000000
caec4b69
c3efaed5
00000000
00000000
c23c6a6f
e3eb8607
00000000
00000000
b86f8b0a
c3dfb44e
00000000
00000000
73cd3d8d
f1cdf9e8
00000000
00000000
dbc90197
aaadedeb
00000000
00000000
ac7bc272
6e3306d7
00000000
00000000
f3c1a187
eb2fadc9
00000000
00000000
9872c275
4e334556
00000000
00000000
8474e668
16d24211
00000000
00000000
98768256
0a330f57
00000000
00000000
e576e628
4e520217
00000000
00000000
0f085edb
9340d22a
00000000
00000000
43840d3e
d177777e
00000000
00000000
a459d3c1
3e1a9cc9
00000000
00000000
5fea8432
c1e06226
00000000
00000000
41c53e3d
41937352
00000000
00000000
a419f3c1
3e189cc9
00000000
00000000
5beeac3e
c1256336
00000000
00000000
ee304aeb
6d6f08b3
00000000
00000000
a45b53c1
2e589cc9
00000000
00000000
5be4ac3e
d1a56336
00000000
00000000
558817b9
c6f202c4
00000000
00000000
63ac3d3d
c1c6b33d
00000000
00000000
aa59e3c7
3fb79d9b
00000000
00000000
71a8bcb8
c5c41684
00000000
00000000
f2cde961
eddfb9bd
00000000
00000000
0c5bc246
3a710602
00000000
00000000
f08c75e9
cdc6bf2c
00000000
00000000
cc594347
2ceda9ce
00000000
00000000
0e7e8616
32614427
00000000
00000000
4cde94b0
3dc1c629
00000000
00000000
5be61c36
d1f56336
00000000
00000000
a05353e9
3cda9dd9
00000000
00000000
54eb14b0
98458db9
00000000
00000000
5be6a43e
d1252337
00000000
00000000
a01373e9
3c4e9da9
00000000
00000000
c5cbb24a
6024c5c8
00000000
00000000
5be02e3e
d1656316
00000000
00000000
a15b7bc9
3c4e9dc9
00000000
00000000
4d88c5c2
826e7cdb
00000000
00000000
4c884143
d26e6c9b
00000000
00000000
0f0845ea
102e48db
00000000
00000000
36370e9d
6c091344
00000000
00000000
1f3b3d8d
68899262
00000000
00000000
13389ddd
40099064
00000000
00000000
e0e7aa30
ad532f3c
00000000
00000000
e0c7fa36
bd36a73c
00000000
00000000
f057ba34
bd11aff5
00000000
00000000
130565cd
61cc5bdb
00000000
00000000
d33061cd
eae8d3d5
00000000
00000000
728d6b35
e7eed64d
00000000
00000000
8d1310ca
16faffd2
00000000
00000000
1cb212b0
c7f2ff16
00000000
00000000
e4846b60
d7dff99d
00000000
00000000
3d239d92
13da7138
00000000
00000000
f6a6be95
1792e518
00000000
00000000
7e039315
3efbefd8
00000000
00000000
1d7e8296
8ab22643
00000000
00000000
66e4ece8
c518d33c
00000000
00000000
ba012d0b
7d2c99eb
00000000
00000000
5d7e8636
82206617
00000000
00000000
e28179e9
655ddbbc
00000000
00000000
b8930957
bebf59c2
00000000
00000000
54f6e638
c212661d
00000000
00000000
a28179e9
355d99a8
00000000
00000000
0d360696
1a5b34c3
00000000
00000000
5be48436
d0276737
00000000
00000000
a21379e9
350d99a8
00000000
00000000
3c3e8694
8a325653
00000000
00000000
5dec8416
dba3e357
00000000
00000000
828179e9
35ad99aa
00000000
00000000
e4368680
8a1a564b
00000000
00000000
59eeb61e
daa26757
00000000
00000000
8ad17979
710d99a4
00000000
00000000
ac5277c9
ac3a5e49
00000000
00000000
70af0015
4a3b76c3
00000000
00000000
18993186
a83f5c0b
00000000
00000000
d5c52427
b837bda9
00000000
00000000
2f4a5e68
c60bd24f
00000000
00000000
51bc01d6
0e3a7cc3
00000000
00000000
3a1f2416
7816dc41
00000000
00000000
277a7ee9
56d6837c
00000000
00000000
2d2872f9
4e9a5244
00000000
00000000
4c8c4386
ae3e7ec3
00000000
00000000
1789769d
2f449389
00000000
00000000
2189379d
a744928d
00000000
00000000
25e932dd
6744b288
00000000
00000000
751d75ce
2740138a
00000000
00000000
61c874f8
672cb88c
00000000
00000000
7bfc71c8
e7241a25
00000000
00000000
58fb30fe
3d44122a
00000000
00000000
e82c58b6
b9689e87
00000000
00000000
452e28a8
d56ebe26
00000000
00000000
8f79cfe9
150a82ec
00000000
00000000
245ae749
461ad2cd
00000000
00000000
51bc2017
ea2f7d53
00000000
00000000
9be584b6
b3242976
00000000
00000000
8f7a4be9
171b928c
00000000
00000000
5e0c6b65
e27ad8d9
00000000
00000000
d6c7a41a
3a152d3b
00000000
00000000
5fb0853a
1135a336
00000000
00000000
26084bc9
471a92cc
00000000
00000000
4dcc66ce
e81eded1
00000000
00000000
59b59037
12a16737
00000000
00000000
a65379c8
a55511e8
00000000
00000000
a6026fc9
7c5ad8c9
00000000
00000000
59ac8616
eab26657
00000000
00000000
a6535961
151d8b28
00000000
00000000
a3136be9
154e99ec
00000000
00000000
7d6ca68c
eaf2665b
00000000
00000000
5ab38037
113d6936
00000000
00000000
597a0442
acb57eaf
00000000
00000000
688c5162
92ff688a
00000000
00000000
60a54071
949f6009
00000000
00000000
b277bf9d
79118374
00000000
00000000
b677bf9d
6d119374
00000000
00000000
1677be95
69909774
00000000
00000000
8d08c8ea
962e6ccb
00000000
00000000
4f88c1ea
166e6c8b
00000000
00000000
cd88c1ea
163ec99b
00000000
00000000
0e584b57
426b9609
00000000
00000000
0ec85b65
46ef8e86
00000000
00000000
465c5967
72ef880b
00000000
00000000
8f5addeb
12898fc2
00000000
00000000
9f18ddef
12a8cd82
00000000
00000000
1e485d6f
12eb8d86
00000000
00000000
8137bc9a
1a8241f7
00000000
00000000
1f98bc8b
028025a9
00000000
00000000
d7289589
c2a231dd
00000000
00000000
25182cb3
91e22347
00000000
00000000
53a82c99
d16ee364
00000000
00000000
25016bc8
bf5ad1c9
00000000
00000000
4f912492
39727f63
00000000
00000000
73a12db9
31e4e364
00000000
00000000
a61169ea
3d58ddcb
00000000
00000000
5c152036
b170761b
00000000
00000000
d3812d3a
f1fce7be
00000000
00000000
a21169e2
bf5ccd9b
00000000
00000000
e12f3a9e
3f6c0b63
00000000
00000000
f57b9c8a
9b40a9e9
00000000
00000000
ef6a9d98
1340a9e9
00000000
00000000
b1df6a7c
ed6d0e42
00000000
00000000
a1bf3eb9
af4c2660
00000000
00000000
b5ea3c98
9f082569
00000000
00000000
dadd696f
656d8e46
00000000
00000000
895d6b7f
ef2d8647
00000000
00000000
c94f4a7b
e70ca7c6
00000000
00000000
bfd38397
bd296caa
00000000
00000000
4876dc30
c3925214
00000000
00000000
a2817bcf
3cefe9cb
00000000
00000000
0c7e9a32
c6665636
00000000
00000000
e2856d49
719ba9d9
00000000
00000000
1d3202b7
a7304746
00000000
00000000
f2846c4d
71c9a949
00000000
00000000
1f3313c6
ae3c0fa2
00000000
00000000
416cecb8
c2461235
00000000
00000000
dbe00d38
9105737e
00000000
00000000
d385adbf
cf6779f7
00000000
00000000
a47bc2c4
3e7accc1
00000000
00000000
53b025a9
9105f1bc
00000000
00000000
f7052db3
e25bf9f5
00000000
00000000
ac5ec2c4
2e3a5e4b
00000000
00000000
43a17579
511df17c
00000000
00000000
e08569c7
e79cf8d0
00000000
00000000
2c5f9206
2e324e8b
00000000
00000000
f2c22a35
97d9affc
00000000
00000000
eaa60b02
d7ffa3f4
00000000
00000000
f832c84a
b1ffbf77
00000000
00000000
76403f25
075921b8
00000000
00000000
9ee72c01
cffda358
00000000
00000000
9037884a
39d99971
00000000
00000000
36e0fef1
5711b3ac
00000000
00000000
46e12e34
573d937a
00000000
00000000
0c974e5e
511d9173
00000000
00000000
9f6a8e92
1a4a29e9
00000000
00000000
75e82fd1
974aace9
00000000
00000000
60cd6b30
e72f8a68
00000000
00000000
9f8a8e98
1f4a29cb
00000000
00000000
f4e82ba1
c76e8ecc
00000000
00000000
50dd6a74
e76c8244
00000000
00000000
5f280e8b
0f0aabcf
00000000
00000000
28ac6bad
e36a86c5
00000000
00000000
085dea67
676e86c6
00000000
00000000
67e3b4fe
1c218725
00000000
00000000
5bc6246a
98872ba3
00000000
00000000
a5714289
1800ade9
00000000
00000000
52d884f9
a80187a7
00000000
00000000
1bf7043e
186723a7
00000000
00000000
a551478d
28488cc9
00000000
00000000
8844f5e5
8025a38e
00000000
00000000
0bf0342e
50670306
00000000
00000000
a45060c9
284a8c8b
00000000
00000000
124d6125
ee6f92e0
00000000
00000000
6e4f1052
384d2028
00000000
00000000
2cfb1216
384b382b
00000000
00000000
70584b45
c26b81c5
00000000
00000000
4e6a6542
1049896a
00000000
00000000
54da0c40
186929e9
00000000
00000000
2bec6929
c0ea86c7
00000000
00000000
07494d31
d469206e
00000000
00000000
0ffe0d73
10498c62
00000000
00000000
1b942e17
e7647246
00000000
00000000
a21179ed
37cf99d8
00000000
00000000
9f3e857a
c71a5254
00000000
00000000
5d968a67
c3fb7ad6
00000000
00000000
a29559e3
37cf199a
00000000
00000000
4d3ac072
43de5a5e
00000000
00000000
5eb78e17
e7717336
00000000
00000000
a20179e1
37cd9bb8
00000000
00000000
02a60c15
e39d5a7c
00000000
00000000
1f3a94ca
1b8031b3
00000000
00000000
1f1a96db
1b8221bb
00000000
00000000
75ba969d
cf80b1b8
00000000
00000000
99b7161c
bdc22939
00000000
00000000
e0a5b010
ed862ffc
00000000
00000000
f0aff130
efbc3215
00000000
00000000
e0cd2b7d
ed6d8e7e
00000000
00000000
e0cc6320
ed7d8614
00000000
00000000
e0ed6274
ef7f8e17
00000000
00000000
59ae161c
cae26647
00000000
00000000
e3037249
178fd1ed
00000000
00000000
1dfc021e
eaa27247
00000000
00000000
71a6269e
daa26c43
00000000
00000000
0393114b
17ad39e3
00000000
00000000
25646038
ee867a4d
00000000
00000000
6d063e4c
beb2aec1
00000000
00000000
59f7143e
1bb627e7
00000000
00000000
a7d265e1
6c968ac9
00000000
00000000
0be0bc1e
d9b7a31b
00000000
00000000
a013e1c8
3c9b9d89
00000000
00000000
5ae6841e
c8b16276
00000000
00000000
1b65348c
c925a114
00000000
00000000
a61173cd
2c0818c8
00000000
00000000
5fee8436
c1316376
00000000
00000000
27681472
dca50317
00000000
00000000
a40b73c8
2c0a9c89
00000000
00000000
5bee8432
d0b46376
00000000
00000000
66ef3330
c767882d
00000000
00000000
207f7b6a
732b5e02
00000000
00000000
1f191ccf
3149b1a2
00000000
00000000
02ef7b24
f7655628
00000000
00000000
1f195cea
206dda26
00000000
00000000
1b385d9b
11ccd5e6
00000000
00000000
0e1d586e
2365daa6
00000000
00000000
0b101cdb
114cd1e2
00000000
00000000
f1821d89
53842dc9
00000000
00000000
e1af0e9e
ce5aa441
00000000
00000000
e30a2e8d
3e4aa6c5
00000000
00000000
2f083fc1
0e4aa6c8
00000000
00000000
89bf6b0c
fa6a844b
00000000
00000000
a53f6bdd
2f4a8fc1
00000000
00000000
1f883f90
370ea2c8
00000000
00000000
d1bfcb4e
6bfe8c43
00000000
00000000
bd1f4bcd
af4a8acf
00000000
00000000
77883ff5
8f668bc8
00000000
00000000
841ac752
721c50c2
00000000
00000000
dbae3c2e
d3ad7346
00000000
00000000
a41b5bc1
370a9cd8
00000000
00000000
7ccb8732
12bc5868
00000000
00000000
4b8c1c62
d7afe756
00000000
00000000
a4995bc1
279a9cd9
00000000
00000000
7ecf8736
fa9554f2
00000000
00000000
13a43f3e
d7b79776
00000000
00000000
a4117bc5
2f9e9cd9
00000000
00000000
ddb780ae
20205726
00000000
00000000
a2016fc9
fd1ed8d9
00000000
00000000
5fb09734
4a234634
00000000
00000000
18f690b6
20354736
00000000
00000000
a2016bc9
351c98c8
00000000
00000000
55e4a477
da336657
00000000
00000000
5c76c43e
c2316273
00000000
00000000
a20b4be9
374ed9ca
00000000
00000000
59eca416
ca13a65d
00000000
00000000
e0d56934
e77d5a15
00000000
00000000
a27fe84a
3bed9602
00000000
00000000
1f601f8b
13c219ab
00000000
00000000
e8d5ea67
e7fdde17
00000000
00000000
8a3fd84e
32dd0612
00000000
00000000
1f2a9d9b
1a42edb8
00000000
00000000
8a5fca6f
67bfc613
00000000
00000000
0a1f9ccf
3b624402
00000000
00000000
752a9798
1a0261f9
00000000
00000000
01b807cf
de1a24cb
00000000
00000000
78dc7395
2626da04
00000000
00000000
1e4d72f4
2e14d880
00000000
00000000
4ae80700
da3a64cd
00000000
00000000
264b6230
c60b8208
00000000
00000000
74697257
66038683
00000000
00000000
70ae0703
9e2b6c4f
00000000
00000000
3efb2644
1e0beec1
00000000
00000000
264f0216
2e63f60b
00000000
00000000
776fbcd0
16808c70
00000000
00000000
674314b4
14ca6c78
00000000
00000000
6fc276b4
96aeab7a
00000000
00000000
2f7bdeb2
3ca0ab6b
00000000
00000000
0ff295e4
18c021e9
00000000
00000000
07cb97c1
1a802ce9
00000000
00000000
1d13d4d3
388001e2
00000000
00000000
553a95c7
98a421b2
00000000
00000000
1d94b583
dca021e8
00000000
00000000
70d900b6
ce6f280b
00000000
00000000
60ef7092
b54f252d
00000000
00000000
e06f14b0
bc02aead
00000000
00000000
1f98454f
406a58c3
00000000
00000000
4d8851ca
906e588b
00000000
00000000
4d885142
802f788b
00000000
00000000
9b7f2f2d
78d087f4
00000000
00000000
967fbe7d
78998374
00000000
00000000
b77aad3d
69d99374
00000000
00000000
53bc2d8d
e76aabcf
00000000
00000000
71892cdd
e36ea6c5
00000000
00000000
31af2c9a
674ea465
00000000
00000000
fca8089d
e74e2949
00000000
00000000
e26c6842
974dac41
00000000
00000000
e0cf0812
170d206e
00000000
00000000
0a090b21
c7ab8aca
00000000
00000000
2a6e4967
9bed8e64
00000000
00000000
0c7a4e72
1381a862
00000000
00000000
175abedb
fdf79d22
00000000
00000000
1350bf19
f3b59442
00000000
00000000
7744e73d
f7f37c53
00000000
00000000
7f002ab5
1d339d08
00000000
00000000
38402021
03328d5d
00000000
00000000
29046231
0c7b694c
00000000
00000000
690cbaf5
1c202f28
00000000
00000000
a2eefef4
1c502708
00000000
00000000
ebeef6e7
7c482318
00000000
00000000
ebbd7efc
9ff17d1d
00000000
00000000
ff7faef8
8dd9dfce
00000000
00000000
32d6ab3a
c495a78e
00000000
00000000
e11f2679
1ff8650d
00000000
00000000
32a75789
5fd8314d
00000000
00000000
52828be3
c44d81f8
00000000
00000000
979a036b
dc16072f
00000000
00000000
16c00101
742e0133
00000000
00000000
10e08385
e64e03b7
00000000
00000000
5340dcfe
e8babfff
00000000
00000000
40881cee
2b9a45fd
00000000
00000000
6cd05de6
083e65b4
00000000
00000000
1142fadf
f7ffd6e3
00000000
00000000
b04a2aee
08d2647b
00000000
00000000
adf72c26
0fd8f42d
00000000
00000000
115ce899
c9959e46
00000000
00000000
14772818
9b938e44
00000000
00000000
e4756c24
8b82f60c
00000000
00000000
bd4779f6
2ca3c9e8
00000000
00000000
9c144834
1c2e413c
00000000
00000000
f4e6d024
dbe6424d
00000000
00000000
813a5bf6
ef06cfee
00000000
00000000
ae3f5ef7
1e0be3bb
00000000
00000000
aeb5a238
fc87620c
00000000
00000000
ef3d9dee
8d20ffee
00000000
00000000
ef3deefb
2f297fde
00000000
00000000
aebdee6a
7c00770e
00000000
00000000
e66f872c
08c8e84d
00000000
00000000
3e4d1bf6
840889dc
00000000
00000000
114858e2
d12401f2
00000000
00000000
b4e72608
0dd47008
00000000
00000000
bc7f3e3c
0e9abd0c
00000000
00000000
05187ff6
e52497b3
00000000
00000000
e1e5b209
db970211
00000000
00000000
eae7a52d
99d3b206
00000000
00000000
ee2fff35
2e7aa71e
00000000
00000000
a4f715e6
0a9030a0
00000000
00000000
249f18e2
8439f9bd
00000000
00000000
20e74ce2
11b425b8
00000000
00000000
2dfd21e2
02a0b030
00000000
00000000
0dfd69fe
93bb79fb
00000000
00000000
2bed1ce2
99b025a0
00000000
00000000
ecc73de6
08b2f5ee
00000000
00000000
ecbf3ce6
1ebbf9ff
00000000
00000000
ece76ce6
183065ec
00000000
00000000
5a185b61
0569e9dd
00000000
00000000
df021365
4461e9bd
00000000
00000000
c99056f5
2f0a7939
00000000
00000000
06584b41
04a13945
00000000
00000000
8e113260
88012948
00000000
00000000
08901a70
3f24614c
00000000
00000000
4f035275
9cf2795d
00000000
00000000
de821735
9e6e699d
00000000
00000000
c8804675
1e6cc119
00000000
00000000
32713a02
8f7bf9ad
00000000
00000000
37296a97
cf3dffef
00000000
00000000
f22172c6
8f73d189
00000000
00000000
fe297bd6
9c4ac5bf
00000000
00000000
fb2f6af3
fe4ae7bf
00000000
00000000
ba2f6b97
be1ae49c
00000000
00000000
2ac26cc6
680c04a7
00000000
00000000
28c2ac10
68148602
00000000
00000000
a06e3c00
2a0c0414
00000000
00000000
47183fd3
af4893b0
00000000
00000000
c31a3ed9
2d38f095
00000000
00000000
c99e2619
3fba701d
00000000
00000000
0a8aefc8
0c100a00
00000000
00000000
46c42fc8
0d10ca0c
00000000
00000000
c3c6bf09
0d187a01
00000000
00000000
c786a00d
59c87a59
00000000
00000000
87d41a2c
0d06c34d
00000000
00000000
87c69c69
59437b14
00000000
00000000
0268c119
500a0302
00000000
00000000
0b00a0c1
61000e12
00000000
00000000
438aa4d1
e3a58606
00000000
00000000
e635f331
bddb7b1f
00000000
00000000
e6a59235
3ec8690d
00000000
00000000
26a5126d
24a06bdc
00000000
00000000
f767f27d
ffd7fb5b
00000000
00000000
fe35f275
befafbdf
00000000
00000000
ee35f225
3eea7b5d
00000000
00000000
53124605
27435919
00000000
00000000
82885635
27c60955
00000000
00000000
80881621
37cb4915
00000000
00000000
51984625
bec84909
00000000
00000000
c7981725
26dedd1d
00000000
00000000
95905725
d6ff5d59
00000000
00000000
519a3275
bf5f030e
00000000
00000000
d2980721
bcd0f80d
00000000
00000000
d6da4329
c4d5bf4a
00000000
00000000
18924cd6
c30a08a0
00000000
00000000
e5bcc89e
910a88a0
00000000
00000000
e6bdb41c
99b0100c
00000000
00000000
18c278c7
b00a88b1
00000000
00000000
75bf7c8e
f3af9c72
00000000
00000000
f5ffe51f
73ddb416
00000000
00000000
1c022992
200402e0
00000000
00000000
0146258e
61149064
00000000
00000000
06d0210b
71359242
00000000
00000000
01fc9082
c1050e66
00000000
00000000
0918c9ca
d1251e62
00000000
00000000
13f0a0da
d1911e02
00000000
00000000
e8fe5625
2f2ac11d
00000000
00000000
18da1a76
100c8db5
00000000
00000000
115870d2
51bc05a2
00000000
00000000
f2b77624
3e7a6919
00000000
00000000
f4b73e26
2ffae99d
00000000
00000000
b01070e6
36feedda
00000000
00000000
94d80d09
e8148646
00000000
00000000
50d82f19
88158c46
00000000
00000000
121aa409
29309c43
00000000
00000000
c2d82729
2d70545c
00000000
00000000
829a57ad
35579458
00000000
00000000
4318758b
375015d0
00000000
00000000
83c01709
3f305454
00000000
00000000
ca58072a
85b05519
00000000
00000000
8a0b4748
04d85d95
00000000
00000000
893dec3f
eb9306c7
00000000
00000000
35507cfa
c1f7c7f7
00000000
00000000
1cc258c2
1400c100
00000000
00000000
f17dfefe
efbf3ef7
00000000
00000000
3d3dfe71
f63947e6
00000000
00000000
6ec20200
144bc108
00000000
00000000
4a39edda
63f07ec6
00000000
00000000
7c8fee22
353bece6
00000000
00000000
3cc20000
004ec008
00000000
00000000
00821de6
200803e4
00000000
00000000
530099c4
f72863a7
00000000
00000000
5312adef
e50eefab
00000000
00000000
e982ed84
302042fd
00000000
00000000
fa21f07d
d343fb8b
00000000
00000000
3499ae7f
f4fef79d
00000000
00000000
acda6d46
1802c8f7
00000000
00000000
acdce85c
4b89d667
00000000
00000000
e47dea1d
cb9fde43
00000000
00000000
ecad3dfa
e8b421e0
00000000
00000000
ebbffcfe
2fe6f165
00000000
00000000
2dff8cf6
2d8160aa
00000000
00000000
edf53dee
198c61f8
00000000
00000000
efffdfee
ffbff1ff
00000000
00000000
6cff4eee
9d2961ac
00000000
00000000
a5ff29ba
c88dd1ea
00000000
00000000
34f74bbe
9f1fd9f9
00000000
00000000
3db91af6
dc8d51f8
00000000
00000000
bd6ffa1d
fb9ffa4f
00000000
00000000
fdffcc0d
eadaae6c
00000000
00000000
edbdc40d
efe5674e
00000000
00000000
7c07fa0d
66caf21b
00000000
00000000
b807c20d
ca482a19
00000000
00000000
c8bde409
d9e83619
00000000
00000000
5165e311
c4cea35b
00000000
00000000
b11de319
44e82210
00000000
00000000
e11df609
17ed3c50
00000000
00000000
cdc8dd0e
a1dd5ef6
00000000
00000000
f57ffe3a
fbff7cff
00000000
00000000
b56dc83a
effd5dfb
00000000
00000000
cec28d00
2058c692
00000000
00000000
18424e17
2515e48a
00000000
00000000
7449daf7
cfe5ddbb
00000000
00000000
06c28f00
6018c208
00000000
00000000
1a020a22
0612f8c8
00000000
00000000
5c000a77
865be19d
00000000
00000000
7a1832d5
8f0a619d
00000000
00000000
88102215
1e6ae108
00000000
00000000
fa372219
4e69ab1b
00000000
00000000
2a6db5c9
9d7a3b96
00000000
00000000
0aeeb799
5c12a292
00000000
00000000
c3eeb71a
601d360b
00000000
00000000
afacedc9
28177ece
00000000
00000000
0bf6fdaa
f9159ee2
00000000
00000000
03e7eddb
e195bef7
00000000
00000000
b8d1e43d
3b6dc61b
00000000
00000000
a8f2e801
6016860a
00000000
00000000
7c24e814
f2529603
00000000
00000000
feff963d
1f7e739b
00000000
00000000
b2f7ee29
0d39d64e
00000000
00000000
686de818
0e93420e
00000000
00000000
ff3dd6b6
9feaf999
00000000
00000000
ee3f9624
1fc37d79
00000000
00000000
ac278a3c
1fd9690c
00000000
00000000
7d639b1f
deeffe7b
00000000
00000000
344e0b17
ffcf3c62
00000000
00000000
1520e809
dbcd16e3
00000000
00000000
557a1b17
c9efcdfb
00000000
00000000
80707511
4bae0cf3
00000000
00000000
ec100410
49870c66
00000000
00000000
8c585c06
aba3d4b1
00000000
00000000
ad394446
290a5ce3
00000000
00000000
acb10c0a
291044a4
00000000
00000000
2054b010
02260402
00000000
00000000
787b6011
92930c23
00000000
00000000
7e3f3afe
86dfdde1
00000000
00000000
20d0a401
03200207
00000000
00000000
302d2021
03d70de7
00000000
00000000
362f3ae6
8ab1dded
00000000
00000000
e6f7a429
31974204
00000000
00000000
e57d663d
8fe2c59d
00000000
00000000
353d9634
9feffdfd
00000000
00000000
277ce588
50915646
00000000
00000000
163ee91d
da9bde42
00000000
00000000
1f1cadab
d9389666
00000000
00000000
c3b6e139
c25f9652
00000000
00000000
d337a3bd
dbbf0e53
00000000
00000000
83d0f49f
5eff5f33
00000000
00000000
4241a328
54168e06
00000000
00000000
4300e3c9
561e170e
00000000
00000000
43c0a6eb
5c740787
00000000
00000000
bc3d203c
09b5744c
00000000
00000000
b67d2538
99935c4c
00000000
00000000
175229b3
c02184ea
00000000
00000000
b43f2034
9bd3f868
00000000
00000000
36614025
a2c46838
00000000
00000000
176279e7
7206c1b7
00000000
00000000
bf6f6024
9bb3f86d
00000000
00000000
3be25d66
f8ae492f
00000000
00000000
4ae3fdc7
726cebb3
00000000
00000000
ecff5eee
efff79fd
00000000
00000000
bdffcafe
fdd53dfe
00000000
00000000
f1fffefa
fef5b7eb
00000000
00000000
ac8dccc2
8b80a9e8
00000000
00000000
0daf88ca
8df13fc2
00000000
00000000
3ba7fedb
9c19b7a7
00000000
00000000
0a800fc2
040281f0
00000000
00000000
4a925a10
1e58993f
00000000
00000000
4a82f250
16536413
00000000
00000000
3265a1c0
3004a22a
00000000
00000000
f82f3726
76042029
00000000
00000000
a73d4726
bec37d7d
00000000
00000000
7265a381
6044a202
00000000
00000000
f9423022
6228202a
00000000
00000000
e1183f76
274b6d7c
00000000
00000000
3265f1cb
e015a202
00000000
00000000
f06732e7
26462123
00000000
00000000
c11d37f7
276bf9f9
00000000
00000000
3e2d2c0a
2131d044
00000000
00000000
1629ad8b
a1109086
00000000
00000000
311234ca
291190a0
00000000
00000000
1c42684e
a033ca25
00000000
00000000
7cc2fc4e
2a9ece27
00000000
00000000
3d86b82e
7b9ee430
00000000
00000000
3ceafcfa
ea36273c
00000000
00000000
fcc7ea70
7ecea616
00000000
00000000
3dc6b8fc
7ec4a70a
00000000
00000000
f5bd2528
b3b37c0c
00000000
00000000
fd3f263c
29b1ec4c
00000000
00000000
fc2da230
aaca624c
00000000
00000000
fd3d7f7c
3e71e44c
00000000
00000000
ff5d8b31
afaefc48
00000000
00000000
ecc7a412
69acac21
00000000
00000000
b95ad9f7
bc3b7df9
00000000
00000000
018859de
c94e85f1
00000000
00000000
08825cc6
e14488f3
00000000
00000000
71dadccf
f3775eb7
00000000
00000000
38c31a00
337908e4
00000000
00000000
68803034
115249f9
00000000
00000000
70d226c5
f3774e36
00000000
00000000
e9ca0036
1b794721
00000000
00000000
e8083eb6
1b216aed
00000000
00000000
31d83295
bf77643d
00000000
00000000
30d91445
3f716dfd
00000000
00000000
690b96e6
5f636be9
00000000
00000000
bd3fe919
48f6b657
00000000
00000000
3d1efd9d
4e168646
00000000
00000000
3c0a28fa
480487e0
00000000
00000000
fb3ffb1b
fcb03e4f
00000000
00000000
6318bddb
5e7a3ff3
00000000
00000000
0c10befe
776843ff
00000000
00000000
6a27f718
f6d8bf5f
00000000
00000000
4250f747
76dc81d7
00000000
00000000
0080dff6
766a01b3
00000000
00000000
f114b0a9
f337262e
00000000
00000000
714a36ea
dd2717b6
00000000
00000000
68ca1ef2
1f664df5
00000000
00000000
10d0a049
d2742623
00000000
00000000
f110e538
51654133
00000000
00000000
e968163c
7f2370fd
00000000
00000000
31fea0f9
5b37a626
00000000
00000000
b0e5f038
1ff54521
00000000
00000000
e9aa263c
1fe37575
00000000
00000000
a6a52100
0090e040
00000000
00000000
a7efb9fe
54ba7eae
00000000
00000000
317fb8fa
7db777ee
00000000
00000000
0684e000
004cc041
00000000
00000000
61f7a095
5384589e
00000000
00000000
3819f4ff
f17757f6
00000000
00000000
06838300
248ca808
00000000
00000000
c3c29308
56a60506
00000000
00000000
6192f2f3
76a71fb7
00000000
00000000
5a287bc8
16591233
00000000
00000000
2f823fca
d45bd8c3
00000000
00000000
60a6a303
4c58b279
00000000
00000000
2ea4e840
1107a474
00000000
00000000
4c862880
58048840
00000000
00000000
09860800
490ca460
00000000
00000000
ebadd264
5fcd6fcd
00000000
00000000
cca05a64
5ece6ffd
00000000
00000000
81a25ae5
4eee27d9
00000000
00000000
23d7ed9a
e0bd1e02
00000000
00000000
2319e98b
60308e22
00000000
00000000
9b1acbfb
e33fdfae
00000000
00000000
aa4aa9a6
401157aa
00000000
00000000
e24858a7
476acbef
00000000
00000000
dbc0dfe7
456fdbff
00000000
00000000
c5405be6
0e4a45fb
00000000
00000000
e9025be6
4f4ac9ff
00000000
00000000
bcc25ff6
447ae7ff
00000000
00000000
a0c10614
14890938
00000000
00000000
c08a4516
4f41599b
00000000
00000000
c6824315
c448ddc9
00000000
00000000
a0c11224
df272909
00000000
00000000
c3c00327
7c70658c
00000000
00000000
c6c24367
c65eebdd
00000000
00000000
f39112f5
1f7a799d
00000000
00000000
ca0313e7
0e6a6999
00000000
00000000
d3135be7
8e4be9df
00000000
00000000
f77dcfef
aef7b9db
00000000
00000000
fe3552e6
2feb395d
00000000
00000000
e6915665
0e4ae919
00000000
00000000
7f7fffcb
80991cd3
00000000
00000000
6e3f2412
88bd8844
00000000
00000000
6ef50601
88e08004
00000000
00000000
376fac08
c1941640
00000000
00000000
2f65a510
10940040
00000000
00000000
a67f0010
02aaa805
00000000
00000000
02c0c105
24200843
00000000
00000000
0ae11000
40220147
00000000
00000000
4030c201
67ea0846
00000000
00000000
5ad0aec7
e117bf52
00000000
00000000
89f5e643
6150221e
00000000
00000000
de33b601
24399e46
00000000
00000000
9156f2d1
b7573e53
00000000
00000000
c14fbed1
f7d5be6b
00000000
00000000
5548f351
e4ff3f53
00000000
00000000
1948889b
410392e3
00000000
00000000
594a1b25
454e5b66
00000000
00000000
cc481305
0f6ac03d
00000000
00000000
111ecdda
e20f1af6
00000000
00000000
fc6b5e33
68686a1f
00000000
00000000
cd404a35
0f02c80c
00000000
00000000
29f5ed9a
f01d9ee2
00000000
00000000
a1ef8dba
7b24aa2e
00000000
00000000
edd0cd17
aa4fca1f
00000000
00000000
06e8a802
6ca40c70
00000000
00000000
03fdedda
70851ee2
00000000
00000000
21e9c90a
70850ce6
00000000
00000000
87d94733
a3e81c47
00000000
00000000
b8fba5fb
61f034ab
00000000
00000000
205a6cf3
23e7c4b7
00000000
00000000
de194a25
2efac11d
00000000
00000000
e8117627
267a8999
00000000
00000000
68587623
276ad995
00000000
00000000
762d0128
c0a02a46
00000000
00000000
766de0e8
10700a46
00000000
00000000
7526a6fb
f5702ae6
00000000
00000000
f679e268
86826344
00000000
00000000
b4a3b6ff
7f52e38e
00000000
00000000
2596f6fb
f765ebbf
00000000
00000000
fc31b2f4
b76e7b1d
00000000
00000000
fd87fecf
f46ecb9b
00000000
00000000
68c2b65b
722d3182
00000000
00000000
60e18405
a2502050
00000000
00000000
b57ff79a
3ff6fcfb
00000000
00000000
f73feffe
bfb5f7ef
00000000
00000000
02e00001
10408040
00000000
00000000
02e5910a
0cd8b4c1
00000000
00000000
bf7ffcf6
ffdfb7fe
00000000
00000000
02c01008
0a848000
00000000
00000000
f2f10010
9af65400
00000000
00000000
f97f9ef6
fdb175ff
00000000
00000000
5b0af399
d7551662
00000000
00000000
0b68a119
d0151652
00000000
00000000
032eb119
d8959642
00000000
00000000
defcdb19
cefb9fd7
00000000
00000000
1bee930b
d8381256
00000000
00000000
da3cd319
df671647
00000000
00000000
4f38de24
afebc355
00000000
00000000
ceb8ee2c
1e7a051d
00000000
00000000
d8385e20
2f4a4795
00000000
00000000
f48ddae2
4d7379ec
00000000
00000000
bee541e6
be6fe3bd
00000000
00000000
aba719e6
570273fd
00000000
00000000
6b0d89ca
54626beb
00000000
00000000
2a6585e2
544ee3f8
00000000
00000000
6b2793ea
564333a9
00000000
00000000
3365d7cb
50253bff
00000000
00000000
ebb797db
77ad3af3
00000000
00000000
2bb789da
d18d72e2
00000000
00000000
757d3efa
f3df34b0
00000000
00000000
f53fbeeb
fcf335f6
00000000
00000000
b53dffea
f9cdbdff
00000000
00000000
b5770002
86af2024
00000000
00000000
b47558f3
44e53c77
00000000
00000000
257d09e2
d004ade2
00000000
00000000
ecf76542
c640a8b0
00000000
00000000
acf505c2
40e4a0a4
00000000
00000000
c4b53df2
40a02cb4
00000000
00000000
66e5e518
10046644
00000000
00000000
ee7f727d
9febe91d
00000000
00000000
fc1d5ef6
8feff9fd
00000000
00000000
03e5e508
50143656
00000000
00000000
a72f407c
9813e155
00000000
00000000
ac1d1ef6
8f8a79fd
00000000
00000000
02f4a188
51141602
00000000
00000000
0c65a0d2
d91102e6
00000000
00000000
ad7dd8f2
8ea0ebac
00000000
00000000
1318a309
c559b243
00000000
00000000
e537a301
8769f15d
00000000
00000000
ec254225
8fefe05c
00000000
00000000
5249e309
d64d375a
00000000
00000000
2506e220
c5cea968
00000000
00000000
ade72630
a0846818
00000000
00000000
525ab619
676d0212
00000000
00000000
64c02600
740e983e
00000000
00000000
eef52420
b1e0680c
00000000
00000000
08900942
000480a0
00000000
00000000
0af02c08
12002404
00000000
00000000
fd7facfb
ebcd36ef
00000000
00000000
08900840
020d8900
00000000
00000000
7e0038e2
11a320dc
00000000
00000000
b55e3afb
eda03ffe
00000000
00000000
fc160ce2
2fcc79b9
00000000
00000000
f5791cf6
efc12fb9
00000000
00000000
b57f5eff
efa77ffe
00000000
00000000
42005dc2
075c01f1
00000000
00000000
534169c6
855455f8
00000000
00000000
726319e6
941755e8
00000000
00000000
5b21fdd2
670a01b5
00000000
00000000
3a35ffd2
372310a1
00000000
00000000
337f2bd6
f7c57df9
00000000
00000000
6ea7a400
32482852
00000000
00000000
fa257711
7060a086
00000000
00000000
fa6f3ed0
37cd789b
00000000
00000000
82901404
1c4e4181
00000000
00000000
ca815645
37eb7930
00000000
00000000
ff3b03f1
f6fff9bd
00000000
00000000
4ac05200
93610081
00000000
00000000
8a6a06e0
7a89e884
00000000
00000000
ff2f1ff7
fab5e7fe
00000000
00000000
4b825856
134c58b1
00000000
00000000
ff6b1cf6
beb2f9f9
00000000
00000000
ff7f4df7
78fb7bff
00000000
00000000
45ca5d0e
ec140df2
00000000
00000000
45c11f0e
8c7198f5
00000000
00000000
8240082a
1d7955b9
00000000
00000000
05d26fae
c93e88e6
00000000
00000000
15d21e6a
fa7fc9ab
00000000
00000000
b0080a7e
5e2941b9
00000000
00000000
1cc24fee
c645d9aa
00000000
00000000
5d28bafe
de4fd9eb
00000000
00000000
7c2b5af6
dfcf71bf
00000000
00000000
ace54400
baf16c4c
00000000
00000000
7f658c8a
fa98465f
00000000
00000000
7d41dcca
e99c16e6
00000000
00000000
fcff6e30
0affec1c
00000000
00000000
f979de97
0b6adf9b
00000000
00000000
59025ade
cf7adeb1
00000000
00000000
a5b84c2a
89914c2c
00000000
00000000
05da0c93
49268e2c
00000000
00000000
05c858df
49588ee5
00000000
00000000
a6ada62d
b085f84c
00000000
00000000
37bfacf3
f2a465ac
00000000
00000000
010a3ae7
f32bcbf2
00000000
00000000
fa252c25
0ac66109
00000000
00000000
bc093cf7
2c4a6999
00000000
00000000
500878f6
056ec3b8
00000000
00000000
e80f2cf7
4fc26319
00000000
00000000
180d7ce7
0e5a2bdd
00000000
00000000
0506a9e1
403cebc6
00000000
00000000
cc9a5e35
4fdfdf1f
00000000
00000000
cdd05e35
4febdf1d
00000000
00000000
cc9a5a35
8e4bcf1b
00000000
00000000
5812e60d
64f91f0b
00000000
00000000
4110f61d
673b171b
00000000
00000000
5950e60d
67fb1f12
00000000
00000000
1300a209
f5f59e42
00000000
00000000
0348a509
e0908246
00000000
00000000
1148a319
f2bd0642
00000000
00000000
35ef513e
d0ea7070
00000000
00000000
35af032a
93a260ff
00000000
00000000
3139122e
17eb48f1
00000000
00000000
a6b70610
f0a4ea0c
00000000
00000000
a5800c53
3420a8ac
00000000
00000000
11501bce
f12081a2
00000000
00000000
ebf3eff5
6e64fb0b
00000000
00000000
aad2be77
672ebb8e
00000000
00000000
d6de7bf7
766dbb9a
00000000
00000000
b83e1a15
8febc039
00000000
00000000
ff3daaf3
cb89b0af
00000000
00000000
ff3debf3
efbdf78e
00000000
00000000
cb005e07
0e4659a8
00000000
00000000
ba31ff93
3e70d9dd
00000000
00000000
ba3fffb3
ac7bb5bf
00000000
00000000
0a827107
924e40b1
00000000
00000000
4a804587
527a0893
00000000
00000000
4ac2b701
20708082
00000000
00000000
b99f2cdc
bf331e2d
00000000
00000000
b8c628f6
1d13c839
00000000
00000000
b8007eb6
8f53b2b9
00000000
00000000
e1c4bcae
5f3743ae
00000000
00000000
e9a89ebe
5e434edb
00000000
00000000
290ebce8
3c0323fc
00000000
00000000
20c630d6
59210c3a
00000000
00000000
2984a0ba
7b251232
00000000
00000000
296ca698
7d011e62
00000000
00000000
b1e741e2
12f961d5
00000000
00000000
e4a75876
8aff7498
00000000
00000000
f5ed4e62
afde7109
00000000
00000000
e8cfbdba
40e801c2
00000000
00000000
3cccaa9a
879f1c04
00000000
00000000
f4ed3e3d
abd9d62f
00000000
00000000
28e5c1ea
4098acf7
00000000
00000000
c4c7e09a
d5949c36
00000000
00000000
f4fdaa98
d9951433
00000000
00000000
eead4120
08ba601c
00000000
00000000
a665a108
1e3a3c16
00000000
00000000
3264a108
50bd0e42
00000000
00000000
aeeb5534
0bf27900
00000000
00000000
6affb718
3957aedb
00000000
00000000
53e6d119
f1fd1ed2
00000000
00000000
eeb75634
3fdaf91d
00000000
00000000
eee77615
bedbd919
00000000
00000000
7af5f718
70edfe93
00000000
00000000
0c101801
19028034
00000000
00000000
2c04c82d
58a22033
00000000
00000000
d73fbffd
f7dfff9f
00000000
00000000
0c80080d
11214921
00000000
00000000
c726888d
dace3253
00000000
00000000
ff7fffff
effbffff
00000000
00000000
08804a09
19674004
00000000
00000000
c6b5a99d
db84320b
00000000
00000000
ff3ffdff
eef1ffcf
00000000
00000000
c4986526
abe7d1a1
00000000
00000000
c4916224
bfd7d8b9
00000000
00000000
bcf3240c
2a95e44c
00000000
00000000
46c87c46
2e4bd5a3
00000000
00000000
e6981e04
bb5dd0bd
00000000
00000000
a1eb220c
39d32411
00000000
00000000
94585a2e
8fdbd5f1
00000000
00000000
7c4a573e
effbd5ed
00000000
00000000
65e12008
b9955425
00000000
00000000
b93decfe
fb377eaf
00000000
00000000
3f7fecfe
f97ff7ff
00000000
00000000
6a87d34e
0ccaa2b8
00000000
00000000
f97fbefe
db11f7af
00000000
00000000
3947deaf
91a9f1f8
00000000
00000000
0ac24105
008c8058
00000000
00000000
391d0c0c
19b24c69
00000000
00000000
86c00500
088c8849
00000000
00000000
c6a01501
62c44841
00000000
00000000
3669598e
18905cf4
00000000
00000000
3469491e
0a9a54f5
00000000
00000000
346d080e
18b454e0
00000000
00000000
307d1d2e
d9f3ede5
00000000
00000000
d071ff3f
fdfbf52d
00000000
00000000
1f62893e
bcbd55fc
00000000
00000000
acb76df6
7a9ce5ee
00000000
00000000
edb7ff2e
bdfe4dbd
00000000
00000000
ec270ffe
beece5ac
00000000
00000000
11e88108
c19d02c6
00000000
00000000
f4ad121c
89d36044
00000000
00000000
fcaf1234
8efae15d
00000000
00000000
33eda148
d0343206
00000000
00000000
62efc518
2b526055
00000000
00000000
ecf14e34
2dc2c9bd
00000000
00000000
33e5a549
70342246
00000000
00000000
65f7c76d
32662b01
00000000
00000000
edf3163d
3e66e909
00000000
00000000
4ce24b34
1a6ec97d
00000000
00000000
f4602a35
1aee4d29
00000000
00000000
35687227
daeb5f77
00000000
00000000
06925d34
850ecdbd
00000000
00000000
65983c20
86c90930
00000000
00000000
f47ab431
16ea071f
00000000
00000000
45925d26
ab665df1
00000000
00000000
05984c35
e2aacdb5
00000000
00000000
019aaf33
e1a40762
00000000
00000000
0280a509
61140602
00000000
00000000
d6d7f600
3a964207
00000000
00000000
fdbf5275
9edbf95d
00000000
00000000
03d0b749
607c1e17
00000000
00000000
3ffdf404
28bb6617
00000000
00000000
fc3f1215
1efbe949
00000000
00000000
4ae6f509
58781e53
00000000
00000000
1e2c7108
90f91655
00000000
00000000
bc3d6234
8abb485d
00000000
00000000
b9a7a558
70b42602
00000000
00000000
f5575635
26fb600a
00000000
00000000
a6550274
0448e59c
00000000
00000000
1be6a1ca
f1952e42
00000000
00000000
039b415f
6214b8e3
00000000
00000000
c4985366
0fcaf99d
00000000
00000000
03e7a5ca
f8342e62
00000000
00000000
84ca59fe
ee9cbde2
00000000
00000000
c7fd5bf6
8fcbf9ff
00000000
00000000
ffe7f1fe
76f53fee
00000000
00000000
fae5d3ea
749d7ff9
00000000
00000000
b2e7fdfe
54b43ffa
00000000
00000000
27e6fbfa
18eb0ff8
00000000
00000000
1665d31c
525367f9
00000000
00000000
736593cc
d60a667d
00000000
00000000
05b8c92c
9b8a43f8
00000000
00000000
47089108
51c84248
00000000
00000000
17348108
d9e7406d
00000000
00000000
e7bd3639
31c5780d
00000000
00000000
a42d2400
a1e4b00c
00000000
00000000
71270001
41a02200
00000000
00000000
e73df709
62fd660f
00000000
00000000
ff6f2400
c09ba658
00000000
00000000
1e65a108
41ba2a42
00000000
00000000
f63fe509
52f1fe1f
00000000
00000000
3c65a008
50102a06
00000000
00000000
5a63a008
50160a46
00000000
00000000
1348e309
d51fdf4f
00000000
00000000
1348e31d
5ecf5a47
00000000
00000000
136aa319
d5eb9b57
00000000
00000000
71cbb71d
ffdccf5b
00000000
00000000
53daef0d
f7c8cf1f
00000000
00000000
93caf70d
f7ae4f4a
00000000
00000000
0292f709
66780757
00000000
00000000
42828705
76fe0613
00000000
00000000
c2938701
767e4f0f
00000000
00000000
d892dbf7
46eee39f
00000000
00000000
dab0dbf5
466e679f
00000000
00000000
d8b4d251
7e6e6b3f
00000000
00000000
1ab8c9d3
40c9a787
00000000
00000000
83bddbc3
083fb793
00000000
00000000
a0bdc411
1f027b15
00000000
00000000
9b1b8fdb
0dbcb786
00000000
00000000
bb1faedf
0d12be86
00000000
00000000
309fb619
2d45bc88
00000000
00000000
0d408c93
40398606
00000000
00000000
1f58fdd7
e290dfb3
00000000
00000000
1fdafcf7
eb10dbb7
00000000
00000000
c424c805
0092045c
00000000
00000000
5440f1c5
20eecef3
00000000
00000000
5ddafcf7
bae8dbb1
00000000
00000000
24250024
40840c6c
00000000
00000000
3567e0a4
c2a9e127
00000000
00000000
3539b0f4
ebebd9a4
00000000
00000000
ba257116
32f46049
00000000
00000000
82652108
101d3418
00000000
00000000
a23d0108
0870645e
00000000
00000000
f8e7630e
babfe4da
00000000
00000000
ca6fad9a
f955bc6a
00000000
00000000
a37d491a
8919b444
00000000
00000000
fae75722
2edaedcd
00000000
00000000
eae51fe3
ef55edfa
00000000
00000000
abff1ff6
2f31fda8
00000000
00000000
fc1a5af6
0f4be1fd
00000000
00000000
510058e6
860a81be
00000000
00000000
0182a4c2
604427a2
00000000
00000000
a41f1e74
074a71f9
00000000
00000000
1522d6f3
c00c29a2
00000000
00000000
51b7f4c2
f1543672
00000000
00000000
fcfd0a32
0ceb797d
00000000
00000000
bfb7a1e8
f134330e
00000000
00000000
03e5b1ca
7094b202
00000000
00000000
23eda409
71343612
00000000
00000000
fe27e129
16476686
00000000
00000000
fc2d1274
9ece69fd
00000000
00000000
73f7e5db
e1343683
00000000
00000000
a2a7e408
1633ee83
00000000
00000000
bc211a74
aeeff9a9
00000000
00000000
33fdf5db
f11c3692
00000000
00000000
2bfff449
6237e6c7
00000000
00000000
fc7f1224
bfdf49fd
00000000
00000000
53085bd6
1dbd1df5
00000000
00000000
320839c2
9c5005f0
00000000
00000000
34897ec6
aef2dded
00000000
00000000
1b183bd3
3df515e1
00000000
00000000
720b65d2
38b48da2
00000000
00000000
7da3eeca
bbbedda1
00000000
00000000
7a197fd2
2df19db3
00000000
00000000
3e25b7c2
6b7e1df3
00000000
00000000
7ee336ca
f650c1b7
00000000
00000000
ad861cf4
1ae2aa29
00000000
00000000
fcc610f4
0e4023b8
00000000
00000000
d4040974
0642a75c
00000000
00000000
cd9684f0
77acaf3d
00000000
00000000
c15493ee
74422ff8
00000000
00000000
525c1deb
40482ffd
00000000
00000000
85d6dcfa
a12db32c
00000000
00000000
055083eb
702c2be6
00000000
00000000
155894fb
e32537f7
00000000
00000000
4898ad01
08268c11
00000000
00000000
ca90ec00
083c8400
00000000
00000000
da9a3811
0a308601
00000000
00000000
ab840131
39547808
00000000
00000000
e2862ef5
24426b08
00000000
00000000
db081bf7
c66d7bfe
00000000
00000000
fb266bf7
7fdb7b5f
00000000
00000000
ff2d5fff
f7f3fffb
00000000
00000000
ff05dbff
ff6bfbff
00000000
00000000
07c04983
604c92f3
00000000
00000000
46c05908
06c88040
00000000
00000000
f77b3728
bf5bf91f
00000000
00000000
07c29943
60c482e2
00000000
00000000
e37b2528
3e34e807
00000000
00000000
b97dae78
f9157b8f
00000000
00000000
4368a309
62dceac3
00000000
00000000
f87fb664
bf73799d
00000000
00000000
f90bbe76
377b69bd
00000000
00000000
8ae26001
0b440c91
00000000
00000000
bfe52409
09b4a405
00000000
00000000
bce7a418
a8b1b404
00000000
00000000
ecb72619
2edc3895
00000000
00000000
e7ffe618
89fba054
00000000
00000000
a6ad1008
d8dffc41
00000000
00000000
cdb75618
0dd13048
00000000
00000000
e47fb244
6c93244c
00000000
00000000
757d7255
1ec73c51
00000000
00000000
11b7a50d
a9a53616
00000000
00000000
f76f2500
3ad5b400
00000000
00000000
fe292205
0ad9f801
00000000
00000000
646f0011
81d73c05
00000000
00000000
eb6d0514
a8fa6019
00000000
00000000
ec435005
0dc2680c
00000000
00000000
a42d4011
01817000
00000000
00000000
e4655011
9380e00c
00000000
00000000
6d001625
8b27e819
00000000
00000000
0250c5c9
71671613
00000000
00000000
d3820dcb
e710bae0
00000000
00000000
be854be2
862de1fc
00000000
00000000
43f4f5cb
d1353652
00000000
00000000
f7cf8dea
4640a244
00000000
00000000
fc7f5bf6
864be9ec
00000000
00000000
03fda5c9
31351604
00000000
00000000
21e7fddb
10002245
00000000
00000000
fccf1bf4
064aa95d
00000000
00000000
2365b508
009d2400
00000000
00000000
23daacca
711414a6
00000000
00000000
0bda7cda
c2159ca2
00000000
00000000
e6170231
95aa205c
00000000
00000000
420414b9
90012060
00000000
00000000
454a1cfe
8109d9e0
00000000
00000000
fc395277
bfeee9fd
00000000
00000000
f4711775
86eae9fd
00000000
00000000
d47803f7
d7efd9fd
00000000
00000000
bc27a00c
9923ea2d
00000000
00000000
bc67ed2e
fb13eaeb
00000000
00000000
9f18499e
e98cd2e2
00000000
00000000
f860382c
3b634b3d
00000000
00000000
fd20fc26
7b8c4ab4
00000000
00000000
8e38f9fe
6ac8d7f4
00000000
00000000
fd04f82c
b96a4bbb
00000000
00000000
b92efc17
6ac84e33
00000000
00000000
8f0bcd1c
6a885ed6
00000000
00000000
7d7feead
eb35fed7
00000000
00000000
dd7ffeff
fbfbfffb
00000000
00000000
177ffeff
fbf5dbbb
00000000
00000000
c2ccbf29
9971fe42
00000000
00000000
c325addd
9f315cdf
00000000
00000000
570fadfd
9d51d1ca
00000000
00000000
ca921730
1eb8c44d
00000000
00000000
8a02113c
9edb6d5c
00000000
00000000
0a401f3c
de5ec179
00000000
00000000
e0983635
8f0a1199
00000000
00000000
15906ca5
2f284946
00000000
00000000
11c208b6
4d0cc1aa
00000000
00000000
f28f322d
af76699d
00000000
00000000
ddcf5fed
9e6cf9fd
00000000
00000000
9dda0fe6
bc4d7198
00000000
00000000
fea53e6c
3eeae99d
00000000
00000000
fd377a6e
befee5dd
00000000
00000000
fc3f6af6
bff865bd
00000000
00000000
43585655
276bd9d5
00000000
00000000
831de619
a7f979d7
00000000
00000000
b23da709
f5713a5e
00000000
00000000
4e52bccf
265adbf3
00000000
00000000
0d6fb08b
165a2a53
00000000
00000000
727db119
c2b92a46
00000000
00000000
0be2fceb
503d0bb6
00000000
00000000
3967e9db
d01523a6
00000000
00000000
3367e1da
d0b42256
00000000
00000000
12400001
08200004
00000000
00000000
02602119
48208000
00000000
00000000
0364a118
51943602
00000000
00000000
0a286109
0c408080
00000000
00000000
fabde70a
d8df6486
00000000
00000000
fbeff7ce
fbf97fef
00000000
00000000
ee111e2f
1febd9f5
00000000
00000000
eff7fef7
bfeff1fd
00000000
00000000
ffeffeff
befdfdff
00000000
00000000
f4d25626
76fa7daf
00000000
00000000
f5fb767f
7ffa7dff
00000000
00000000
95795bef
efeb6dff
00000000
00000000
da826137
66d0db1b
00000000
00000000
7ab3674f
2672569f
00000000
00000000
f993e13f
f7f89757
00000000
00000000
12808108
10340600
00000000
00000000
02808189
50141600
00000000
00000000
12c0a109
51100642
00000000
00000000
ace7a408
18312408
00000000
00000000
22e6a408
51911602
00000000
00000000
12e2a98a
50119c82
00000000
00000000
edc58008
09b9b80d
00000000
00000000
9fe19411
d3e92667
00000000
00000000
1f4250ff
cfcb9df6
00000000
00000000
d559de37
cecfedf9
00000000
00000000
f9db5ff7
ceca5bbb
00000000
00000000
ff735ef7
eecbdfb9
00000000
00000000
a6355104
02b9f0dd
00000000
00000000
f23d51f3
a2eaf1bd
00000000
00000000
521950d7
313e71bf
00000000
00000000
a76d0100
e8bca008
00000000
00000000
b23920f3
21a0b19c
00000000
00000000
025a59e6
352011a6
00000000
00000000
e27f2331
43c7f10b
00000000
00000000
85bb1c17
a7cfd18f
00000000
00000000
4bdaf6f7
376bc9bf
00000000
00000000
f2f7a718
3b957c10
00000000
00000000
f7f5e718
bab57c10
00000000
00000000
ffb5a719
39f33c4d
00000000
00000000
f5a52320
bbefe06d
00000000
00000000
f567232d
b4faa44c
00000000
00000000
fd7da301
b880ac0c
00000000
00000000
34651204
329a6038
00000000
00000000
342d6005
33cc2819
00000000
00000000
f4253401
26ca2804
00000000
00000000
743be335
9fdbbd5f
00000000
00000000
fa04e715
8dccd01b
00000000
00000000
40c04701
1664400c
00000000
00000000
b43fd375
bdab3d4d
00000000
00000000
c0865521
0ca42148
00000000
00000000
c0c00709
04678198
00000000
00000000
df3d537d
bfeffdfd
00000000
00000000
00100769
456035f9
00000000
00000000
42921f69
646b11dd
00000000
00000000
0978a616
e1b31067
00000000
00000000
157eee37
e1ed126b
00000000
00000000
0739af96
81b998c8
00000000
00000000
2969e686
f3c15862
00000000
00000000
254faef7
67ea3a76
00000000
00000000
466faf2e
e6a00ae2
00000000
00000000
754df686
f78a50f7
00000000
00000000
656dde66
63e950f3
00000000
00000000
756d9d06
e2ead8fe
00000000
00000000
f77fe538
6ff9665e
00000000
00000000
f5afe438
3ee96e4f
00000000
00000000
ed37a328
7e9feb5b
00000000
00000000
a5bda709
e1d7b64f
00000000
00000000
e6b78309
13d06e4f
00000000
00000000
bfb7e30d
4676ea5b
00000000
00000000
f67da318
81b1344f
00000000
00000000
a2fde619
a9773e06
00000000
00000000
fffda409
f9dcae0e
00000000
00000000
f51b0337
8f6bf9fd
00000000
00000000
122f0016
0f986d4d
00000000
00000000
ea3d4200
1cf87e5f
00000000
00000000
18985af6
8d2dd9ed
00000000
00000000
4bf202c6
c9369446
00000000
00000000
c98f10c2
635a2453
00000000
00000000
08d27ef6
ad67cdb9
00000000
00000000
0b826dc2
f11484a2
00000000
00000000
2b8025c3
705406c2
00000000
00000000
4a1856c5
a723c991
00000000
00000000
cf1b5745
a564de80
00000000
00000000
ca393705
a72f4d39
00000000
00000000
8a585ec3
a5611df0
00000000
00000000
eb7d6bd7
3fb93fd5
00000000
00000000
ebfd4e31
2b6dfddd
00000000
00000000
2a3c5cc1
3d3115c1
00000000
00000000
ab7d79c1
293134c4
00000000
00000000
aa1d2953
2971bcdd
00000000
00000000
3337abfb
f01db672
00000000
00000000
111a89ca
d11a10e2
00000000
00000000
00580822
592208e3
00000000
00000000
fbb7ffd2
e456ef1f
00000000
00000000
f8133817
224ec92d
00000000
00000000
70581802
0b1190fd
00000000
00000000
eb87cff3
26c4e38d
00000000
00000000
ed87ff7c
be4ae999
00000000
00000000
bd025b74
8e48e1d9
00000000
00000000
0b92979b
51071e72
00000000
00000000
0b92d79f
424c15e7
00000000
00000000
8fa25dfe
be20c1bc
00000000
00000000
62f9c0db
f5751eaf
00000000
00000000
ce82d59b
7d324cd8
00000000
00000000
8eb3023e
beaec99d
00000000
00000000
7e3dc3ef
e7ff7dfb
00000000
00000000
be3dc3fb
f6fec9b9
00000000
00000000
3efd1226
bef741bd
00000000
00000000
4b485ae6
966b09f1
00000000
00000000
51401fda
544e0bf0
00000000
00000000
3166870a
555e2251
00000000
00000000
08581edb
170203a0
00000000
00000000
5b66cfcb
551fa7c2
00000000
00000000
bb7f8fda
fdd5265e
00000000
00000000
0d9a4efa
bc6d9fb0
00000000
00000000
9ff5a79b
fca5b626
00000000
00000000
fd3fa799
fe83364e
00000000
00000000
030841c2
415205e0
00000000
00000000
034a41c2
010414e5
00000000
00000000
024859c2
800a1cf1
00000000
00000000
866a19cb
f65c0df6
00000000
00000000
17ea5fca
74baa5f7
00000000
00000000
d4d052c6
fe2a08a5
00000000
00000000
d7b37fe3
fff6fdbe
00000000
00000000
f7f31ee7
f77ff5bb
00000000
00000000
d6f37ff3
b76ff9b9
00000000
00000000
1b3fb1de
d9b5bea2
00000000
00000000
03b9a5db
48381ee6
00000000
00000000
095af5cb
613016a6
00000000
00000000
ff6f69de
989bedfc
00000000
00000000
32c735c6
98940ca3
00000000
00000000
61c015c3
215094f0
00000000
00000000
b17f5af6
ffff7df9
00000000
00000000
32f750d6
b0a621b8
00000000
00000000
0cc054c6
200a08f1
00000000
00000000
a6eda9ca
14143de6
00000000
00000000
74efb8fa
f0b637e2
00000000
00000000
24ef88ea
df953fe7
00000000
00000000
defdf4ca
f17272bf
00000000
00000000
95e7bdea
eb93afa7
00000000
00000000
035cc9ca
4662a3e7
00000000
00000000
f3e7b5eb
f1b5272e
00000000
00000000
32eff9da
f06c27f2
00000000
00000000
2b4cb9ea
486c2ff2
00000000
00000000
fc18f8f7
5e4bcfbb
00000000
00000000
be5ab8f6
eeead3bb
00000000
00000000
fc9378f7
ee6ed9bf
00000000
00000000
031ea998
40551e43
00000000
00000000
a771e8d7
c70f9ecf
00000000
00000000
4f823cd5
f34fd882
00000000
00000000
02caed08
51010642
00000000
00000000
0b80efc8
09051e12
00000000
00000000
0ac26dc4
10001200
00000000
00000000
33e7e3ea
f435235a
00000000
00000000
828d83d2
e4d6b7c6
00000000
00000000
cb9dd7f2
67dab1df
00000000
00000000
f3e591e9
d41f2746
00000000
00000000
8b9583f3
55383f46
00000000
00000000
8b9fc7e3
3df9bf8a
00000000
00000000
fae7b3f0
d6f4a70e
00000000
00000000
6be5b3e0
ded82f1e
00000000
00000000
ea9f96e6
bff9edde
00000000
00000000
e6b50231
3fea691d
00000000
00000000
f23df2bd
dfcf6a4f
00000000
00000000
317ff2fd
dfff7fea
00000000
00000000
0e923565
3e60c305
00000000
00000000
fb359529
bbaa4185
00000000
00000000
b73fe23d
93cb76ef
00000000
00000000
86901d49
28ac8010
00000000
00000000
c2801d49
7a28e680
00000000
00000000
e2bdb119
b231ec07
00000000
00000000
1230d341
266d13d3
00000000
00000000
f77be7e6
666e71fd
00000000
00000000
e438f620
376d707d
00000000
00000000
5e22fa45
364fdb91
00000000
00000000
54423284
e76bb19a
00000000
00000000
5352a604
27663018
00000000
00000000
0ca4f001
30210804
00000000
00000000
08c2e004
e20d8200
00000000
00000000
0ac07100
60049041
00000000
00000000
c507862d
d7735869
00000000
00000000
4d80162d
05504179
00000000
00000000
450256af
477a5159
00000000
00000000
0cf20005
df67d37f
00000000
00000000
cdb04110
dacfc13b
00000000
00000000
deb2500d
cefeda12
00000000
00000000
33b9ff1d
df4dd68f
00000000
00000000
33bbaf1b
d8c58696
00000000
00000000
d399f71b
f8cf8e97
00000000
00000000
d2a8b3e5
9735619f
00000000
00000000
f687a724
ff7e7b9c
00000000
00000000
86c7b7a7
f5348b8e
00000000
00000000
9231b2e6
7e74eb0f
00000000
00000000
bab7a522
a11cef48
00000000
00000000
2ad3a541
70148686
00000000
00000000
7a37f051
533a321b
00000000
00000000
3a05e090
41341e52
00000000
00000000
0a08a011
40100202
00000000
00000000
e15f97e7
bb707ded
00000000
00000000
8f4df7ef
bfdb7d7f
00000000
00000000
c71d5fef
acf9715f
00000000
00000000
50c01067
b67e8139
00000000
00000000
58424324
36f48151
00000000
00000000
d6204224
a4b2315c
00000000
00000000
12e29043
e03602a2
00000000
00000000
12f2e032
ef940222
00000000
00000000
b2e5a001
f0940206
00000000
00000000
4b92f695
674b8a92
00000000
00000000
581af6d5
60631b9f
00000000
00000000
5b1ab3f5
f543db1b
00000000
00000000
c292d205
34ce5999
00000000
00000000
489392c5
62300d8e
00000000
00000000
191a4bf5
e625afef
00000000
00000000
4280d70d
747c1a02
00000000
00000000
82c08309
7030074b
00000000
00000000
d1cec3c1
46ff2f5f
00000000
00000000
a3dca70b
e1b43822
00000000
00000000
44fdc601
c1bd1642
00000000
00000000
02f9c601
57334a4f
00000000
00000000
df77e317
c698f252
00000000
00000000
a3f58317
c87ef67b
00000000
00000000
4191a683
53d7923e
00000000
00000000
fe23d3f7
c6dae35b
00000000
00000000
5b73f397
d65ee30f
00000000
00000000
50f6b213
d7bfa013
00000000
00000000
ac3d51e6
80aa61f1
00000000
00000000
fd3d58f6
0fcbf9fd
00000000
00000000
f43d50a6
1ee960f8
00000000
00000000
65b74588
f0ae21a4
00000000
00000000
27b704f5
8ae269e4
00000000
00000000
45bf11c8
d7ae21ec
00000000
00000000
71e785ca
71b43296
00000000
00000000
37e7255b
f114aec2
00000000
00000000
17a58ddb
f13cbef2
00000000
00000000
fd65513c
1c9a695c
00000000
00000000
e46dd46c
1dde71fd
00000000
00000000
e5ffb52e
e8fa7959
00000000
00000000
aaa72118
1a906b48
00000000
00000000
6625863d
48b7414f
00000000
00000000
373fef1d
eed8ff53
00000000
00000000
abe7f51c
10dd205a
00000000
00000000
fea7411d
96fdcc5a
00000000
00000000
f73fe11d
cafffe4b
00000000
00000000
37efad18
d095b642
00000000
00000000
02e7a118
4100a604
00000000
00000000
06004111
1482c406
00000000
00000000
b3edef78
f5fd374e
00000000
00000000
b5afc328
0e98fe58
00000000
00000000
0e924334
0c0c411c
00000000
00000000
f3fff76c
fef73fde
00000000
00000000
f6ff7e7d
fefffddf
00000000
00000000
eed15b34
aefbf11d
00000000
00000000
1b52e9df
dd46c6ab
00000000
00000000
111809ff
c801d7fe
00000000
00000000
291a1cf6
c921d1a8
00000000
00000000
9361d389
fbfbd21f
00000000
00000000
a07309af
9bdb4aea
00000000
00000000
ace91ce6
082409ac
00000000
00000000
e2e5a409
fb9d1a02
00000000
00000000
eea71c1c
fad07e0e
00000000
00000000
adb91c24
3aa8489c
00000000
00000000
d2879605
37f22211
00000000
00000000
7b08d1f7
25da3ed1
00000000
00000000
5e187fe3
66d89b51
00000000
00000000
e0850025
13ee6418
00000000
00000000
42005134
07eba56d
00000000
00000000
570a5df7
a68e95e1
00000000
00000000
d0e40621
d3a62018
00000000
00000000
10802201
91c40804
00000000
00000000
15004245
c13c1105
00000000
00000000
96fffdfa
debda79f
00000000
00000000
f7f7f9fa
dcbe27b7
00000000
00000000
f6f7fdf8
dfd637bf
00000000
00000000
5adeadd9
8bbda786
00000000
00000000
32ffa9cb
d975ae92
00000000
00000000
bb9fa5db
d8563627
00000000
00000000
8f96fff1
04b9920a
00000000
00000000
e21ca3cd
0c33b00a
00000000
00000000
6b1cb7d1
dd21322d
00000000
00000000
12485ec7
2f7895b1
00000000
00000000
52824cc3
701d8cb1
00000000
00000000
1cc05c43
a20e88b3
00000000
00000000
5f1818d7
10701de0
00000000
00000000
47185bd7
6adf1df7
00000000
00000000
4dc05ec7
b2d78cb1
00000000
00000000
115018d7
114f88d5
00000000
00000000
155850d7
9d311ce5
00000000
00000000
4a185cd7
211b34b0
00000000
00000000
e43f7e3c
0febe9dd
00000000
00000000
a6b52029
28946908
00000000
00000000
2fe5e418
e29a0202
00000000
00000000
f63f3b7e
0febf9fd
00000000
00000000
3625b02d
9ddab91f
00000000
00000000
55e7e418
ea9c1a33
00000000
00000000
e53d7e75
0febf9fd
00000000
00000000
a62d692d
1cb54d0c
00000000
00000000
24e5ec28
09940406
00000000
00000000
f73ffdfe
f39b37ff
00000000
00000000
361f59fc
b07b1ff8
00000000
00000000
028010e2
3024c1b0
00000000
00000000
a73dfdfe
bbd33fec
00000000
00000000
66d7d9f8
8021ebf8
00000000
00000000
02809840
100cc130
00000000
00000000
e73d4df6
b6fb3ffa
00000000
00000000
26bbdd71
b02ee19c
00000000
00000000
4282a860
1024e0b4
00000000
00000000
bbb7baf6
120ea388
00000000
00000000
3a95a9d2
724ea31a
00000000
00000000
3a9ea9d2
c0028292
00000000
00000000
39b7ebf6
f42cb32a
00000000
00000000
31b7ed13
66e68326
00000000
00000000
3398e8c3
e52d83a6
00000000
00000000
ec01dfe6
76ee51ab
00000000
00000000
6c015ee7
66ea49bb
00000000
00000000
79017ac7
674a41b2
00000000
00000000
ad3f463c
2db95c5d
00000000
00000000
97415b2c
84fecd4c
00000000
00000000
57e0e9e9
c0948f4a
00000000
00000000
c7094f6c
a59bdde4
00000000
00000000
d6014b60
828e8d58
00000000
00000000
56c3bbf1
448e8604
00000000
00000000
44985f6e
e1adddf9
00000000
00000000
07924bf8
c1fe91e1
00000000
00000000
1ac0c9da
d0948226
00000000
00000000
b1f7b4aa
f3a727fe
00000000
00000000
356ff5ca
f1a42ee2
00000000
00000000
37ffcdca
e0a486e2
00000000
00000000
b8c5f035
0d42601e
00000000
00000000
27f5f097
2262d2d7
00000000
00000000
c793fc93
654a12c6
00000000
00000000
6ca65024
0f6b6919
00000000
00000000
ed825014
01c0c010
00000000
00000000
4e924d16
03489051
00000000
00000000
fcdf3bfc
8befedfd
00000000
00000000
7dde7bff
9ecffded
00000000
00000000
ff5f3bf5
8eefe5d9
00000000
00000000
bc966d60
2fa4e0e0
00000000
00000000
4cf54348
15ad3ce1
00000000
00000000
84ec6211
87e77455
00000000
00000000
ace72510
30b02004
00000000
00000000
2da56508
31642c04
00000000
00000000
eeef6708
018d3c04
00000000
00000000
db285a1d
1eca8891
00000000
00000000
08a89caf
0efa1591
00000000
00000000
4bec1489
2c288995
00000000
00000000
da245135
9e9f8a15
00000000
00000000
7b6f85fe
3cbe97ce
00000000
00000000
0b3ff56e
393407c6
00000000
00000000
9b21c315
8c85ba5c
00000000
00000000
fabfe751
3d0f9341
00000000
00000000
81bff549
39219f54
00000000
00000000
4a1a5f1b
06628497
00000000
00000000
8b095a1b
864e48d4
00000000
00000000
410a4248
5ac62cbe
00000000
00000000
d3bbbfdf
df1c3283
00000000
00000000
7a0f9eda
971d49ce
00000000
00000000
a892acda
d0be06e5
00000000
00000000
d3d1068d
9f727115
00000000
00000000
c3c2068d
955bb8df
00000000
00000000
01420c89
11170693
00000000
00000000
0f67d72b
ebcd5ef1
00000000
00000000
4dacc71b
dbcd4ef0
00000000
00000000
0de6d6c9
fbcd52f1
00000000
00000000
55694f2a
da8c69e8
00000000
00000000
15e5118b
da2449e5
00000000
00000000
61ee9668
59e763ec
00000000
00000000
d43d032a
ceae6d7c
00000000
00000000
d43d80e8
98ae6bbc
00000000
00000000
54f990e8
5b276ae5
00000000
00000000
00d5dee3
36b6f7d2
16d7ddb3
b55c6ebb
5091d8a3
37983590
73755ad9
d12cf4b6
43805681
231a35ba
779edef0
907c78f2
92c9cff6
b212f7d3
305750d9
91196e19
1ae9cbe2
3118bbba
b07356d8
f153ec1c
866dc790
a30aab0b
36ba7288
b013f83a
8cc56fb2
b4c8b3f2
765256d1
9071e71a
c7e7c43a
34092fbb
f63e56d0
8351ed1e
a657e789
a38b8eca
669c7c8a
90366dde
1f0b80b8
d51a61ad
dfa9d71e
4c96b744
1d0030b1
173ba0b9
5bed9734
4786fb54
0db23211
1d3104b9
db859735
4396df70
9d6b80b9
579bb087
daa5c74f
46ae0774
972738fd
d361e495
4886df07
43bc4ff4
2e4cb03b
1ee784e5
1ad41ae5
73bccdb9
140b8c4f
134a84a3
1ac6960d
c5f5ea58
044e2c1f
1b61c4e3
13c2326d
c514e458
24ca841b
8b30a4e1
53c6106d
e534ee49
f37aa603
8ae1d4c2
f05728a2
03f84a2f
f97aba03
9bc4d5c7
fad329f5
a7a88e6f
d3febf01
fbe4d5e2
e0dd61b3
c58aceab
f3488655
1e82d782
dd966b5c
03705e07
f7180035
8d469a81
8e3739fd
f376077c
b198b695
d1cf96cb
211db973
89928f6a
e36a94d3
2ed2d6ab
59b6a299
89dccb15
af8814b7
fc8ede83
833b3b9f
f11c6fe0
f794346f
fccc9eaa
0b13a9af
911ccfec
bd083381
8f2367ce
5aa7d52e
096cd71d
bb4059c2
b90b6f0d
4197cc28
41e9b695
9b57c9bf
f1035f18
cfa0cc6e
54a3b514
fa4b9991
ab2b356d
d1975730
4df4df85
97d85f99
ad271521
d7045623
43c33f1d
9f51f7fd
f1077f10
cfadcc86
d4ab371d
d4da831d
8d254573
50f3871a
5c9c9fdd
9f5bd3fd
f5875331
cae1c683
dc8c9f3d
8f73dbbd
f50377d0
ceabcc16
fcad33cd
82356e6f
bb6e8dce
80087041
e668648e
c3bfe26a
ad22cdca
c02871c7
86336486
9a37e07f
e70e4fda
08297147
d43a668a
a9b56a2b
bf6c86c7
c0083077
e6206cee
898ee63b
adeb0fa3
410971f4
841ae6e2
8977f23f
d70886cb
8829f1d6
c48a2eee
9bfd49aa
b94e96e6
40085067
f7ac4cca
997053bb
ff4996c6
60095177
e78c66c6
8873413c
fb08d6c2
8829d9c7
dc8826ca
5213c74f
62861692
57e84a50
05a79f7f
581ac144
3614561a
d3a0e1d2
44acf62b
501a0983
86214672
f6c9d1fa
8c34ff28
723b056c
72461f8e
fa0c6e4d
67b3337f
243a4122
12349550
d0084345
5eb6f641
98dab993
342b057b
fbc1d1fa
bb74fe20
2233c06a
508e9d06
e21c7a49
cff33877
983a49b2
36245d56
f9440270
8fb6b464
ba8a7993
04a915f3
d3c9d07b
9a74fca0
20bd840e
c62e0eee
62bc41eb
812faf5d
223ca54a
e60f0e4a
90b8416a
e11efe0d
203c065a
e62e06ca
d0b0c067
8502ff4d
351d8a0f
d42e808c
40141b4a
f14ca75f
241c8c0b
e02b06ee
c010f16a
c18e8f56
252f920f
4821e68a
c0f0dd6e
818e2e48
0ca708af
54079085
c6b41bc9
57c09b5c
c88f0e03
d46dc3b1
ec10d9e1
65c09a54
e4ff4a85
d125d6a0
cef1df6b
c0809a5c
ea0540ee
6a9788e6
107a78ce
a33a51f7
2a16026d
6818881c
1980385c
43b611d7
067d83be
cc95f87d
48926d76
d2331f9b
820700a4
6d599dce
115a4c7d
913062d0
132204e5
ccd8d19d
1a4e105c
a576f8c9
887b8732
c89fe4e0
4e7240fe
be3e4285
8846170c
ef3d01c8
597e45f7
b02e5883
2153076a
ee3ed5b2
58ec81f8
91a6181e
097d920c
ce3d6463
59b3c59a
78efb99c
68246d45
cee706e4
889871f3
9454ecbf
69667644
4eea0ea0
b899f9fb
940cea3f
79326f41
eea24570
4899fafb
dc06ee2d
bb246c64
e4ee8e90
a809e1c3
9258247d
79e568e0
e4c76b31
baa9e355
5c780138
f925e940
e4ea63b0
28abfed3
1c0023ad
99646504
e6db86b0
aca9a3d3
d0580039
d961684c
e45aabb0
afada7d7
46490039
5c21ed44
e05e23f0
aaadddc1
645120b9
eaf6da05
562594e9
11a4bb50
9044807a
c845c901
9721a5ea
1822b476
c14d0972
002dcbc1
f424eea8
d843fd53
85454dcc
5f0ff8bc
448fd5b1
c7ecab40
d2839952
1dd792a1
04c1f7ad
1ea7f6c1
d36cd556
e66573a3
05c0fdfe
9cf77c41
c341195e
4f066cf0
22f5f9d1
e6d64fc0
5b33d763
1dc66cf5
24f17191
cf856ed1
3a23d757
6888f8e1
27f37991
8c65ff51
9349f577
fb7bd75e
67381910
ee389e18
7faffbe5
d7e9f37c
650a3b18
6e69de18
4b23b7f1
d8805f3c
641b1ab0
a6cfaf18
896db475
7969f753
2b385518
c861f8b3
0c2ffaad
a8e8ff42
af3a4774
2671e84b
0429ffbd
d0287f6c
ee1f4e76
eac9fbc9
c92db529
a9f9f757
2bb84588
4e29e8b3
4cf67e85
d868f779
ec384494
642bcd83
5c0f7fb5
db3973fc
f4135f56
6ca9cb81
ec8d35ad
7cc7ea85
fc21c4f1
72d3c863
01268bfe
fc77e281
f96570d0
6adbed17
97ae0fde
9f77e1fe
f31c7ad8
3e2fe887
97bb27d6
7ce7aa87
ef21a5f1
5b97f87a
41ac0bff
6c490263
624570d8
4eeba736
c33c07de
af7dc7ee
f11578cc
3c2b6804
8f9bb6c6
6ce0a2a7
eea424f0
17877e3e
01e20bdf
6dfdc266
7a45f88c
37276c05
e31c20df
a07fd76e
f2975a4c
34296880
ef9ba68e
8657c09e
338a7c95
5356076d
79ace1f2
cc15446e
22c518dc
313626ec
f92c11f6
ec316f6e
2055085e
1022aa48
e9fc75b7
cc55c8be
718c56d4
43060cce
698801f7
c49ee56e
e0b5505a
11233348
a91495a7
0038c77a
c4154e4a
d462a14a
c9863f0e
8c77403f
728c95dc
d3240ac8
69c0217e
857e63fa
f337081a
30682a8a
c984ac1f
01bb437a
cc37984e
f4e838ea
cc97eece
f997f134
2dba3a20
cbdfd494
ca37c1e0
7883f534
6caa3b64
6b5e0e98
88bf11e2
688b7974
28b83b64
431a1a88
cc7f99f3
bac13cf2
a88ef982
4a3cd4ac
b637cc61
38e3b4f6
feabd184
d81e52ad
7c974bf7
70e3f5f6
2ec85202
5814cb8d
9d1f59f3
b309b6e4
fcc6d26a
8e35e027
7e77cc71
b12b3640
f0c7d04e
d237e925
7c770a3d
23a1be52
2046500a
5826e83d
5c971e15
adf7b2b0
7fd2a805
4b28b715
eea78d68
6df25a11
1e92b8a5
7306272d
6f0ee945
ccd152f7
4a9d389d
62060e8d
cb0defd7
24ff7bfe
74dad287
a978f743
22afe569
6553fe9a
44f3b0b4
6386074d
6aa5e1a5
46914f7a
681748d4
72060e4e
6babe0b5
67f57adb
17ded79c
afcc724d
66a16139
65734a9e
62bf33e4
63c40e6d
62a0e06d
c41b7ede
f0215af0
66242eca
0babb037
65b9a25a
466d5386
35b6ab4c
09ecc5f3
845a2a6b
9255c3b2
a150a336
6bd4cd77
96e68905
9d98fbb1
295780ba
4fd0aa21
6731c6fa
e6cf278e
9ebaf545
1aaf0348
6539d2ea
465da9ae
9404ab44
5bdf0d62
8fa88a24
141de82b
b845885b
bc57a879
2d35c6fe
cee337ce
dfbedc05
028f3f31
6d35feea
465c0f86
173cbd55
73af5d72
1838fbad
c41c9472
98409b71
db053c7b
83b56f6e
799fda97
a6287081
d69326b0
0bbb3ba7
7b8f9495
15483b91
f7a320b0
6cff3803
0ee995e5
57d06169
87ae89e2
13357f6e
ff9fd295
ac696081
5ed76608
077b0f0f
4fbf9595
1cca1355
26dda5b8
6c8a2a21
8ba09561
dfd25f7c
03ea7b57
8375772a
ff9e828c
ec287081
fe172608
09f91f2a
3f8fc7a9
dddc32cd
8e872628
090b0992
0f648521
ffd1135c
0fa7fbc8
d9f2fa30
2c00b5a3
5aa7f733
dc2f8e6a
dfc3f8b0
1bc9a1f1
1a07b69c
866dc572
cfe1f820
4f38a1a4
120e32b4
a751d1f2
59d3d1b8
af203db0
0ac7f796
d4b78f78
9cc390f8
1db0b590
29c6bedc
cfa9ef5a
c4a3b0a4
4bb99785
200e32c4
a379cd7a
db5f97b8
2e193090
2e4ff7d4
dfa51ff0
98738cf4
0ab0f1f5
694a1cd0
af9317c0
fc891df4
4bf9b187
096e3e88
ee787d70
32041d46
5a6f8ce2
28c1c8e2
e15ae0fd
3745042e
46638c92
aa4bd9c2
7912e27c
363380ed
f441ded2
aeebc9c6
f1aaaa6c
7d43036c
e04399b3
0e6bccdc
f126aafd
3d73022c
64409783
52a845bd
d1aeab5d
b6ab9b68
f0c83593
cca8c5aa
cbb317c1
7d3bd338
6058bbc3
5c00c5f4
dba70c25
ffa3d229
615823e3
d4e8dc60
6fa25fe1
fe80fc21
33dc21e6
84905824
2bd154a1
edd2f291
00642df4
731a073c
29aee966
ecb17ef4
427564da
32022ebd
236c4dd6
ac617e74
d015e8de
142e2e81
b1491c93
6c5e5891
e4c03ff5
7312173c
5326e965
aca1ee40
e05574de
52762df9
53a84187
a425ed6c
d255e879
90282d41
c3590413
5a7ed0b2
14a937b5
6384104f
762f4065
4b6d48a4
e05d33fc
26642919
52704077
c4e5fd6c
605caa4d
b86cb181
2a591437
7170bfad
c65d86ae
9687f972
22d4003b
786cbf8d
c614866e
30a7e973
1a40003d
7979bfad
dc178e20
aaafdd73
36040939
7571298d
67eb1bb4
b79c59bb
1aef056b
71f96185
6c74d93e
b5ac98a3
1e6301c1
51f1f38d
c5a4da1c
eff5d873
1e2315dd
6633e1c4
7be1d8b4
760e0c89
3baf886f
e6f7e385
3b60f895
3f4590b8
3fbbdac8
23ffa980
b8217813
ff45909b
bfbb98cd
c0973711
bf3e47bb
70f961ab
040ecd54
c297a71f
db3c56fe
70fc402b
e4029f40
c097675f
f33c04ee
71f80020
04129d04
c29fa715
bd3246ee
70fd402a
060eefc8
c2cd451a
573196b6
60fc0828
6612cdce
c2d7455b
373c06fe
71f06061
0492cd42
c09f6716
7b2e05a6
63d8692b
e60ccfda
c29ba11b
51350567
621c0963
e006cf82
c0fb051b
1d3407e7
73dc20f9
e486cdc8
f40a358c
a2b26f6d
496a652e
287cfc04
939f55bc
f7aff787
4be0f423
b4237460
97f7d8bc
e1cf9a8d
6b2cfc04
fca740fa
e08c214d
8bab4e6f
6062646e
0870dcef
b2414d0c
e926f42c
56607121
fc2be08c
b357c3fb
efcf9e9e
66b6f906
ec278372
e4cea095
8aa96a70
e14250fe
2178dcc3
a4e60be4
f8a5f85d
64207c66
e229275d
a577c6ed
d8c7dede
5eb66d06
e02f2316
22118824
faa40cf4
c3ca194a
03f291fc
7895ac20
fca4ccf8
dbd5714e
12a2114e
1cd5aa20
7ea442a9
cb9df15b
06a2136e
ab661067
fafdd097
8a5d0089
7bbaa6e0
bf360aa7
fa4cd197
0f17008b
7ffa22e6
1ed59c67
762cd5a7
9f1d408a
3fba06a6
ccf716eb
595dd9c7
94683221
7fb22682
edf716cb
4955c9c7
3c6c06a9
ffb2220a
aff796cf
ea5c6947
3e2562a9
f78ea697
b3d577b1
bd5f64ab
73ff533f
6c97bf11
8e976bf1
391f7dbf
71f25e3c
748f3d5a
8ec569b5
799d1faf
737e1a39
648635c2
99d577bb
7b1d64ee
43ee931f
749e7c80
8985f5ff
7b054ddb
93723a5d
54d8754a
89916dbf
fd084ccf
737c18bd
549634c0
99d577bf
ff5cc58f
73b811bb
0c9e6cc0
89e5edbf
fb1c85c2
0b780929
34d464c2
9bf5e5bf
e918044e
033c11a7
4e9e7482
4bb6b340
06e04fc3
7b3960a3
dc8cda60
5226ab42
aae64fe6
e04860a3
cc0cdae4
fbe67300
3be40fa5
e7dc60a0
ac28db64
53d2b754
8ef0ef3b
482d60a3
dc03de20
26110b4c
67778be7
e84874ab
8a43dfed
8217b14c
537f0bb5
21cc46bb
8c6b9bed
67729354
66f72319
4d2de192
9a2a9221
5624d924
751e0b44
a22d6ec2
eae91325
77675824
70cf1a14
a6cd6e98
aee11165
6da146d6
143756f4
35868fe0
535858be
4db066b7
dcb194d2
b68e8b60
53d85cbe
0cd88295
9ae384f4
21868b43
527450bd
47f740f4
b17135d5
35999767
e171212e
46f62683
21ddd895
fcd8d3c0
c7be530e
1ec282b7
303cf137
04859e89
567453c6
66f7e9da
d024fff5
35c85774
c213c95e
64df833b
d80cdb75
64c6d448
8084914e
34d3033f
8044e97f
7ecc5443
1465491e
dddba2b9
e54373bb
4aafc55e
dcb7130d
5f0f81ab
f44a729b
dbb5d55e
deb61340
1f3f809a
b63aff19
da0db554
dfb71b01
5fafa02b
755c218d
bf95b51e
8ea737e4
13b68482
3b6e792d
b64c1534
2d512e90
93a484c0
17e66a61
a0c01854
0e507ab1
7bacc02d
514e9c84
945e1c6d
6df024f2
baac80e5
11e4aa6c
a5c41865
2f500cb2
fbac49e7
13d58067
a0d63825
2f584afe
f73856f9
8551746c
6aa3fd54
3ba588c0
e52496f1
d553f375
e74ad7f6
6ab19dc0
a724701c
f713f74f
e038dd8e
6a2015c2
ef58483d
c7dd0d20
3080b752
42a1a878
f1e06ded
ad1b67fc
207eeeae
61609868
a2ee303d
b35b6507
60f8a62e
6a604c70
857848ac
1179d440
22c49e1d
6d60c8f9
a56c788d
9d3cb161
22ce4e2e
6860e90d
e3c8cc02
9b36344e
a36c1eaa
e8407944
4ba6b1d2
7a6d1686
bfa2c820
a6021878
cba6a9f0
f74d57a3
bb97ccb8
b420863a
ebb7b391
ff4e57a0
bf95482f
7c288432
7ba6a2bf
6c79168f
9bbdd92d
b770f418
6b90a9f4
a452c011
1bbf4d85
d6a0859a
e99417f9
f73b4360
3f944a8f
1028a51c
6b9a96f5
3e2404a3
13b9497f
842e7c8c
e9b697f5
b361e323
09b0cc3e
522e4c9c
e83317fd
fb2382a6
45a9482f
502e249c
dfe7e0b9
75da399d
5fbd971d
77a31370
e76740b4
2f38388d
6f1c863d
b363b974
e6b770f6
2b31ba8d
273c1e68
d36979f6
9731e4ed
710e149d
ff9d975d
f7c93370
662e5cc9
17a76cde
85d32674
80f861bc
e4385253
0a374ede
97d00ee0
8260eba5
372940ef
718f34dc
849cd744
e5e1a538
e4a85441
1ab36645
85dbc6f4
a158a3bc
f6aa6043
2eb84d4d
95dbfe70
83787ba3
2ddf9e32
9eb2aa24
4aaca75f
0e86b521
6d929e36
16340074
62aea71c
2bacb855
e4907eb6
1214a03c
b626af8c
0abcfcb7
2cddd6bd
54b68a2e
c2f8ef4b
2483a525
4c17d6f7
10b42ab4
63b48e0e
6886a9a5
2c937efe
32168836
d2740b4e
3a89a137
2f55c0db
559e092e
8bc88e4b
2483a16f
4c1754bf
4195aaf4
cbc04ecc
7083a16b
ec9746be
691faa76
2a6aaf06
408ba176
260d512e
711b1a16
a9760edc
6823b579
360f953e
601b0a14
a97217de
6832f371
3648013e
f41a5a1c
a8621376
68a3b561
56adc82e
511af850
e3520ed6
b2e2b173
76e7d697
b63a1d08
eb501ef6
60aeb967
54ef59bf
f6d8f8d1
eb6193f7
c9fcb9e9
4ead68ae
50a7be51
e3029cf7
f4e0f9fe
7eaae09e
56b8b4f0
cb0687f7
c0e2b8ec
7cba79be
d29cfcd1
eb8b9fe5
d1e8b9ed
88917b2c
4244c0a1
94c27e4f
0e64243a
8c41bb2c
bb2536e9
5623fa47
a4f95831
8873fb1c
f90262eb
56abfc46
b66c0a88
c081f134
c201b0af
5452ff5f
ef7ac4bb
8065bd04
ba2630f9
943af073
9c70e8b9
e409b315
b2f2d1e9
1f3bf456
bc70d048
cab7fb05
474c268c
5052335f
dcfc42b8
80e3bb48
fa8ea6c8
5873f857
b4e4cc3d
d9a3ba0c
eeca07ed
5b3fe273
fcf868f8
cf0160ad
4d3b385b
2bc69d3e
4c6033f8
770be1d7
1dbf7e8f
ebf09923
59653171
cb59e1b7
5dbd5a04
2bf2bb09
15e07148
4e098029
5d265c91
ba529f78
ff6da1f2
4a09a184
0d397c51
a1429e7c
096563e3
df4d913e
ad217e11
ebf28e3c
896be34b
8a11a0ac
ff6356d0
aab48b7b
f9ec2176
db68a102
5e2bd671
bab48173
5c6c0d7a
db69b1aa
dd2fd731
aaa3d94f
ac21217a
c87a9647
8aacc5ab
9a33b9d7
9cd6882d
c830326c
8e2de5e3
9a23bb77
8cd60089
c8307e6b
8f2cade2
9223b37f
8dc4c829
6b73064e
8e4d8dae
92bba942
c8e38b6d
2951122e
cc65cd83
9033a94f
dd0b02c8
6b11122e
ea55ada5
d23a2b60
cda3804a
2033870e
8a088da8
562cb048
8887896c
20f3130a
880cce22
56263069
c00fcbec
2153130b
c84ece68
76a63069
cc47894c
228107ef
5f078486
37c44a40
216063fd
2470afef
5ce3c582
3dc7454c
61e6431f
3c77866b
d648ead6
79e7c556
41a7570b
2ac1072b
7d4f9d8e
016a5ac9
630e67d4
3c45052f
7c488582
1cca5d5c
61265354
dc37046a
f6c2f887
598a4554
0187a309
9e8103af
555789c6
006856c5
662f66cb
3c33032d
7f528186
64da4f48
01274677
da3b456d
34424986
50ca4314
45af3467
7827c93c
62540e76
e4d04df0
a9ee0cf6
38ab057c
36552ba4
d4f04e51
c9c49e72
98985605
b4504bea
54a1de31
88d6fc32
728f5155
625c0e26
e5f061e8
f37a4deb
332f812d
3c14bbaf
dc786dc0
c3e25442
d39b9b81
375089af
d7f9f43b
caa4de71
72873350
00ad5a07
0b7149e8
531b47e3
768793c5
4cac9a27
bca04ba8
03ff45e3
75adf3ec
72950b2f
b1f04aa8
83fdd5e3
2d7d9eb2
1e1dea3d
bead770d
d796ec10
0df01eb0
0e17a06d
22ae178d
ee12bd11
cdf15ef5
049bb6ed
23be8e29
cc9abb94
2df916fc
5893aa29
66fe778d
f6848d35
cce95cbd
5092e022
63f6de29
84c09fdd
1c22b4fd
b3da523a
ef98d728
16889fd5
b9e176fc
74d8959b
54becb29
278e0f75
bae3d0ff
33da158a
fb828b69
3fac8f7d
fe26f0fa
33fa129e
e39a092d
3b0808f1
9be7a4be
ed3d089d
77301c08
7fa30bca
aa41947c
cc35c899
333c3a39
07321b48
fc613034
0c3d98b9
39662f19
0ffb1bcd
e863a0a7
fef48c50
7f2c2e24
66b21b6e
79622d03
9ef5d4d8
1a53363a
0fbe4fc9
f9281025
0e71cd99
bb6e2f34
a7e84246
7803a8a7
7e648c51
fa240ea5
53b219ee
3842bf4b
8eb09d71
1f07b665
91f85e49
78689928
5c45de10
b9623f5d
8de918ed
e48b5daa
2530501e
e1f39748
6918ef80
09b17dab
17231281
0bf38bfa
29e0df2c
2190ac0a
07689b8d
37179cde
23e05def
b3a8458c
311ef844
49b3c26c
40499eae
13f1fcbe
37427389
5cb3c34a
40a99dac
6735f2ea
27ccb38d
161eefc4
636d017a
b3a8c98e
30246868
ec40d42b
6469bb9c
17e1e2ae
e2c67bcc
0ebde556
422f9bbe
677572ea
66dfbf8e
16bced85
62af1036
616ed543
0af0e562
f8f7b4f0
8dfcda2d
41ce1503
2ef0f546
6ad7b6f4
bda4c2b3
e0fa7103
1ef0f547
fad776f5
eb8cc820
20cedd5d
8af8c7b6
8127a441
05d87e05
970c1d3e
f05893e6
2b21f40d
75fe947c
de1978bc
7c5d3b17
ebb7df18
71a59c35
606c97d9
0af8c5b6
c2f52890
1dda5c05
97dd7bbc
6058bbce
83b58f9f
75bf3835
f7d552ba
75957956
63a4ef98
37cf107d
6bf8f383
bb083415
5bbff4ff
662c73e6
78d8a383
3a30d415
4af3b476
52ac42af
38fa9383
aa224575
e8d3d56e
7ab642a9
a9f573bf
f90c01cc
f3babefd
6cad02f4
29e0f3bc
b16d2eb4
20b2b767
146802ed
3fa81189
25982d3d
6bf39f76
febe4283
9b7173ae
791c89c4
76ac3045
648500f4
b9e171bb
7b96edec
a5b81925
4c8d00e4
332ae1ab
21dc2dfe
54ba3765
ee4243e0
9bd7b6fa
dd5e739b
feede193
9c87e600
8bd10ebb
1ddf769f
7ff9be41
fea34c40
4b97088b
1de29795
77d80e2d
afa301c8
2755975b
551bf39e
fced6681
8cc7ee08
0ad0173b
5993f2cf
77e2aa48
dc836709
8e1a408b
9fe2b79f
d7ca1e6c
ca2243c9
2171977b
d387cb0e
f4e86981
a403ef0e
0a53132e
518eb30f
fee02a8b
8e83b32b
83b3102e
058ebfdf
d3ed1f4c
9e29116f
9bf7c27f
71bc50dc
fc3d2191
f4ab2c60
8be7d65a
7cbf70d0
b4282091
a44b6e00
c167ccfe
48bfbccc
263c3883
c4faee5c
0dfdd6fa
7bbebb5c
ec697b91
84826e88
0ca84cda
e293f253
c4617f9a
86daee99
40c97cd2
4ca2a644
046c7393
66d4eabc
0bed4abe
7bba1b54
ec795a91
e4832aac
4ccccabe
e29a6b41
88795dd6
a4da7aac
4ce87ea7
00882e00
cb6d0fd4
a688ba3c
d3f397aa
6f8c9c8a
d669e269
1d33220c
caa6938d
0f48b583
56c67a78
df3d46d3
e4e703ed
0f49b5df
162c7d7c
b7350752
9b233d6a
8faf9845
fc487149
1d612e20
d80a135b
8f5fe933
d64a71f8
6f2327c2
8f4a176d
1d53e97f
264a3fdc
bd2d13d7
9f6e29ba
599fa874
f0441a89
7d4122e0
9a2819bf
19786975
f24a12af
7c6324c0
9e280b95
1979e175
624b92be
7cab07cf
a4e5a8ef
db21c8bc
31860a8a
63c80ddf
a477acef
f5f14aac
21140a82
33497c57
eee568e6
d05d8a85
252c0a81
6b590546
84bbe8ab
7b80c6b4
63c20e28
63c0a473
c4fb6c4b
9fd043b4
63c407b4
32c66d41
c5e74c2e
1e5c8b85
63bc0284
4e491942
843948af
710c96f4
f6ce0e08
e7c0245d
c4396c29
7f98670c
66cc0684
a6802440
d4bd6c2c
71440a84
43ac0e8d
26c00044
de7b49ae
69929844
8d383649
332b43e0
5f79cda6
7f9ab814
cf685741
33ab63e3
fe7fc0ae
f99bfa11
4e306ed9
33ab03c5
5c793f20
23903c40
87507645
933741af
5cfef601
2fb94564
17c067fd
b1574033
7af962a5
7e8b7d80
4fd0eff9
e14b0391
7e3b7228
24b17844
df102f44
bb0fd3e7
7aba76e8
24b96a64
d782efcd
318b539f
7a79f6a0
77b55d24
7fd2ef5d
d181130d
19c531e4
d40f77f3
3ec7c9b2
8d5fac3d
3087f3f5
e64947f7
22c3c8a0
0c4dac7d
b085fbe1
f74d5fb7
28c1cfb0
a04eac3f
39858568
f60b7ff7
a8c3cc98
ed55ae99
fe85a5cf
64622d4b
6aba44b8
bc5fb7d8
f602f7e5
25470f53
6889deb8
a709f7be
bba5746c
550ed547
e8a9e9ab
a545ad39
3b01a449
67071907
42a9ddb9
a66dbfb9
7fa4d5e1
e757190f
a08bdeb8
e74cb732
99d7d4bc
b68a7732
7bfac71d
ec8ba850
d9d172b6
edcd70d1
733e8f9d
a72ba8f4
a09149f4
f051085a
bc279a5c
f379edb6
f17f70f8
a6aa7652
73fbb64f
8cabc975
9a7d58d0
f6c29ed2
779b8669
3baba8de
8a51c4e4
f6034e5a
1833e57b
8830259e
9a7a40be
9fab3f50
63db867e
dcafebce
aa7958f4
f4015e52
621ac75e
f1af6ec7
a87d6ff4
f4075e5a
3833e553
f08c2707
d775f025
4e3e358d
5bb5b70c
74a79240
c72f2034
1e3a3d81
0b9496f4
85649354
c3753235
1e3cad8c
13361ee4
256851f6
d31b2924
1e1e1c94
bbd4ba54
45e78210
93fa2c25
9eac6491
0355e176
81789895
e271757d
98beb580
03355c46
44e86002
d218212e
502e1484
5354114d
65a68bd0
b0ea2034
18aea484
5354017e
85a2ce81
a27a277d
982cf680
63749846
85aaea85
f5d7fa37
b56c29b9
6b96d47e
6ca699c0
fad5fbbd
3d2dabb9
e3969f4a
39a399f6
f2d57abd
711d1bb5
63365b4a
892b91f6
c4c7bb07
332465bd
7f967466
27ba8bf7
b0e7be4d
3ba1c5f9
dec272c1
13ba58f9
f0f77a6d
7b2fcbb4
fea75ada
17a2804b
a4f3ff4f
11a4d5dd
ffb45089
27b2883c
a4f7ff4c
73a591f1
fca7dadb
23b2ba3d
a6f3f37d
fb05db91
aee74bda
32b3b33d
f0df67d3
80a76a64
c1787ee7
9413ea96
d2bde75e
f4365b1c
c0786043
b4016289
4fbed2b9
3c3e5f58
d6fa363f
84a7fa89
a099d396
a425ea1c
007b9263
301ee6df
a3f9e51e
f5135a1a
8038e803
04516cab
2b18c0ab
763f414d
90f2723e
14936689
a5f5f316
a02562ce
083bf166
781c6f82
91f5f77b
f496c34e
303c6103
1c152faa
0bb0943b
7e960b0d
90fa303d
2c926e88
f4955a30
845d2baf
7151177e
2037c170
f495df34
d44d73b9
b9fb8f7e
00d7a048
fca5543c
50597abb
ad718b54
51d98559
c4973330
20f4d37d
7778356e
3a31c1c2
d0bfa74e
32f093fc
d5793b41
52f96419
d0f7333c
e34872e1
ae7933c7
5c996449
c49736f8
65f5436d
5574716e
3a37d512
c1b5b77c
e9e451ad
d57c32e3
4ebbe118
c8f7b27c
f864d2e5
6cf9e186
788b2509
c9f6f8b4
dc6dceb8
9b8fe933
9c50183a
c9e4fcb4
dc2d1efb
9b8df933
8450987a
a9a4f684
bc6d0efd
d3adf9a3
b454987e
79e6e8e4
ba29dbb9
d7cfed32
10da5a14
2ca428a4
b860dab9
d3ad5d23
389a5e34
81a4a0e4
be704bbd
c7ac7d22
f2be983a
65eef884
bae99eb0
cfc7cd22
18da5835
2eec6c84
3c089fb8
c78d6c31
f8fc589d
25a66884
3e826bf9
ceaf5d20
72f49895
828dc987
11fd9cf5
91429c4f
3750015b
08a720b8
54dcce7c
9166a816
3ad0196f
09a4ac96
06dd866c
1137a953
2be49c22
8e0d49a3
01e4fed6
93463e6d
3839417f
ccff6082
4bbcdbdc
d1823f2d
1f120053
8caf6998
585d8a6c
95223bc5
277281c3
8c9d29e2
1a75d4e4
81423e2d
393dc15e
ceddb0a2
59fcbb2f
d962b724
2337d15b
deadc02a
497dba6e
81623ae4
6f6341eb
1feabcb0
2d0ae32e
dbf1ce48
c7e79f29
49c23890
2de0a5eb
7e9f878c
05a79a64
ede06ab0
0ae8a0db
761e869c
217cd8f7
9bedafec
3580ef6e
68f9e519
842f9e8c
39441ab0
2fcab789
6eb8f611
91aed878
a49553a4
62ccb1c9
363eae91
114dd876
a2ed696e
b7a6434d
ec69f4a2
e40ab688
6f7423f2
2fea778c
86bde411
228ad472
6d1170a0
26f193ec
27ac2e81
130fd057
2a1034d6
987784aa
93a6e86f
2870d557
828031d6
0a6506aa
13aee92f
3c365547
aa1021ee
8c66078b
d3a6ec2f
1c265d0f
b20280db
98f6d4ac
93e6f92b
1e725f57
b386019c
587e45b8
9b3de82e
5d225e47
b30702db
fb634fdc
d6b6e82e
5c261e56
e21a00cb
1af7cdae
93746908
0a62cf5f
f3061598
1bf605ed
5a94e126
7cb68e47
b35706fd
daa7c7cc
5ab46926
58264f5e
62a63705
f23b4eb6
717248a2
21085b5d
32b6b327
d61c1e86
e95108aa
7102db51
32a6a333
d4384eb6
79d1482b
3182db48
40e6331f
1a384cb7
63e8c4b2
009cd3fc
00f40e97
18388ad7
f0061cf2
2182d255
06d21713
86388ee5
7bc44eb1
0186d368
44e64397
0330ccf5
63f854b2
23a8d374
04741f86
0030e875
e2d0c4f0
73abda5c
46f6430a
0d304d25
73f04ef2
a3a2f148
24480742
9a03c3ed
14c75666
6558e7d5
36cd034a
db56d19d
04c04706
7b7577d5
965d01ee
f093db15
44ea5d8e
722b67c5
80c8070b
9f2ac5b5
50c754b2
6dc4afd5
90aa838b
737a4ab4
74084122
6a4d2ed4
b36da2ae
73cf5b85
64ea4d42
ea2526cc
90e9032b
7b0ed4f4
7084580b
67c42ed4
b039422a
732652a4
744c409b
768d36dc
b37ccaad
738f5b14
6ee84fd2
e68937fc
bacc897a
91879e05
af59f1cf
ee7961e9
baffc9be
f087da94
2f7809ce
b8a3e1c2
bbff41be
719e1b94
67bd0c40
1ce329c9
a2ec3f48
af83968b
8233a9cf
8e71e928
2bfacf7e
109fbe8c
93f269ce
c8bbebc1
b2f96932
719ebfb6
63fe0c4e
9ee9c9c9
b12cddca
b28f9e2a
837ab818
ae712c29
b9aad9be
988fbf8f
b39a7849
a473ab8b
a2fde9ba
118ebf8c
63964c6e
ccabebe8
efa7d8bc
7118281c
733c97ac
bfaf0176
ea157cb4
733588ec
333a3e81
b9ed09f6
e0045f64
033588ec
35262a81
ac7c99f6
9ab5d0ac
77181254
e730a7c4
f6af0172
7285d6e9
73306804
b341bed4
94c6d113
e0b05750
12782b8c
346d36d1
0cf8d382
d3d1d2b8
755c3390
6fb1a7c4
d38f0126
b2d1d22d
711cb090
a675afcc
b59f503d
9380d300
0a3823a0
142fa698
ecf4f0a2
cdd7e0a1
c7fc75c1
7bf18556
8c948222
c9c6fc83
1eec75e1
fbd18775
8408882a
c9e7fa13
4fece7e1
33f18475
95d0883a
cc9d48af
51f7d3fd
62948644
b29dc17e
8c87e4fb
42e5e7e9
4b5a8452
d49888ce
8dcf6c9f
44e4c7b1
53d29c71
958a8ada
0e9f482a
54569bdd
c2f40fc4
f221a136
0e97a82a
40ccd07d
42641ac4
e634e97e
8dcfa82a
54e5d7f5
43a41af7
e582d84e
9d24dc3c
1c5ffadf
b2542e5f
d6c2dc41
9d329e55
885e095e
321c5ac5
ce129dd7
bdb2561d
8a734b6b
ed448f96
cc9e9f17
651b027c
9f55897a
a4e3e351
93e51dbf
e19942a0
bfd3a96f
b4fbe302
80a08dff
75e9e8a5
aed6ad6b
a5d9c502
a0a08dfb
73df63f0
f581cc2b
7ebde5aa
1bbe41ab
77df21e0
f6c9cc27
bdb9e0a9
33f655aa
764de1e0
33808f0d
bf9cc0aa
a37043ea
d9e97c38
585ae9f9
be83f753
9c938602
dbd7f730
4d4d7db0
6eefd711
bcb58052
f2e57335
6dadbda4
6fe296d0
8eed817a
d7bdd938
a099b8fb
40f7c7d0
fe22c852
36ddeb3d
7194ac28
03fedcb0
c3b6cd7a
b29f63bd
2f815da7
47f246f8
c2ae89fa
77df5a30
a4592971
0192c7f4
d11ae7c3
fe9d4271
e515cb67
82b245f2
935ccde3
b2bdf1e1
a39849ef
839069f8
c31617e3
ee2db924
40dea24e
a9b838e5
447f40e4
7835bd6c
f207c204
b9f9c922
74f7206d
f9b2ff2d
f4027122
683dcf37
74efb2a1
eeac3135
4877624e
bdf194e6
c27e4c4f
382dd82c
d8078240
987bfd4a
34f470dd
3939ca28
f4115102
9c71c753
f4e4b619
ecc71134
ca77b261
0df9d5f6
d03ee70c
7d0f4648
4672a340
09f1d6fc
2074511d
7789ce48
66300904
0868f7f0
a4e4b5b5
88c807fe
d23747ee
30e2496a
001fbf9d
2a09a5fa
d15f469e
b1f24b2c
6113bf19
240c85fa
76d754fa
91624b6c
6117ad5b
8e8b86bb
db7b618b
70a2cf6c
700c9fd7
82db87bb
657b258f
f8ba4f6c
7104af5b
8e09963e
67d3b586
91520f7c
1d5ea15b
4eda861f
4179a5e6
70a2965c
e38ca35c
469f130f
0a71a584
784a967c
d380a94c
06cb823f
0873b3b3
74c29644
7784a15c
485a97d9
abb3571a
5af205ea
8bbcdb0d
8aca0293
2fb3b7c7
56fe9e20
a908cf79
c2eb4093
3ff9b783
f9ec9e79
e1c8e57b
4aca83db
0ae7550a
fcfa0d50
8bb8fa8f
4253d23b
bc239592
27431e60
cbb0efcd
8a7b0abd
bc61f793
49218e79
d9a27e68
885a925b
8fb34592
5cf00378
99b4ee0f
c07272fb
bd0357b2
6820868b
ddbc6fa8
9e739afd
dd03d7b3
6ea3cfa3
dc8c2f48
4f7bd6db
7bd39182
9ca93b51
529a2288
cdfb06db
fdf175c1
58a9fd55
13932688
9d7b8efb
fdf565e9
f8c93f75
67932608
44fa5ed3
4fbf91c1
50a8acc9
02bc6280
cce466b7
ed8705c2
729a1ecd
6f986692
cfe24a97
7db50587
6bc81ea9
4b82264a
0cf07cf3
5fd51e04
a3f88fd3
4e3ae680
cdfa7eb3
8de55864
23880cec
6e0ae152
cdf868b3
1d2d04ec
e3c80e21
6f803540
a26435cd
1aaf96cc
81023ae1
bf7864df
aa2510e6
4bcf9ecc
81262a68
377840df
3e0dc00e
4b049c46
826e3b48
e3604168
a1d02f11
9c71e2b0
69773696
8ddb4c17
e3f676d6
bd79924c
6d1f02a0
9c7e459e
afa596dc
4a1f9ec6
413e3aea
af1bc59e
bd52a651
fe5162b1
6effc716
b8a6a505
99ba86f9
b452623b
7d0bc736
fcafa580
c71be6bd
e63a7391
4d3bc7ea
fc3f3f85
32012723
18a62238
a55212d6
217affdd
3a018b63
98b60ef8
a87930da
607bfb5d
36010b22
98b26838
69705ede
403bfb4d
3285c127
582664bd
6b1390da
233a657e
1e53ca25
5a7e6dbf
0f3d94de
42baef7c
36d34b63
7a3c09b3
6f18c7d2
60b2b264
8fd5f057
d15ed257
0c7584cb
2ebe202a
9d77d24f
c11c9857
4a25028b
cfb2a48c
9e77936f
711cfb17
86390acb
dfb2a4a4
9f7bb4fa
65da338d
deedf711
eea79620
ddb3b0b0
47287009
db2d9715
ea869f43
18b0b833
5e283481
da05879c
6d16ce7b
8f7176ea
559e960c
ea687b01
a2a7a225
ef713ca7
c10744c9
1a0fb611
cb9f6f1d
393a2803
93237c09
0849413b
987eeedb
8e355e6a
57d7988c
a2ec7b41
ab81a31f
4b3b8ea2
0576140c
5a653309
a3c7a75f
400a0812
ce2f1c21
d049133a
0937bf4b
9d59b7f9
f51f221b
1eaddf17
3cd69611
1df99fbe
f1b6141b
efe1c35a
1c831b19
1ffb87f9
f5227c1b
cbc3837b
14ac1300
dddbc3ad
713a791b
7eead77e
5c879350
cdfac3ee
f9bd7919
e288276c
5c9f9344
1f5a8be1
bd227d7b
cbc2867e
5cbdd244
cf9b836b
c5387951
7ac817fc
fea7b176
cd8a91af
896c1d2d
e0c22f5c
fcbd93d0
8d9a99a9
bd24bd61
61c2866c
beb4d34c
d9f3b2b1
4d68a5a1
5aadf795
4fb68e60
c9c0be90
4f28e5e1
1a8f87bd
0d5e4876
ede13ab5
0b2da0cd
122e2ea0
035c4cf6
f97736b1
4f08b185
da2df519
ef960e20
9c4536d5
cd08e481
0aa1671d
6f640c32
cc113ef5
ce1d8885
082c2a81
f57c0d36
3c71d278
6415c845
4a6c3a89
e5052c45
7c7312d8
4e559dd1
4e49779d
e3448d57
945d06bd
6917f981
462c3d8a
e30faf71
8af5e8ff
d5ef1ed9
93809b01
be710c7a
cbf6e185
d3e114bd
1784882b
1c68045a
cae7e1b7
5be59e8d
17868821
3d690d52
8a1d61e9
ff41befa
b3c0b94f
d41145bb
c8dee5c3
9fe072fb
dbc233a6
5c3d4d2b
e8ff61a3
1fe0ff8d
fbe6330d
3db84d52
9afd70eb
f9c9bafb
bb62192d
bd9345fb
aaedf0bb
7dc4fabb
dbc6032d
7c144d53
aa9b71b9
d9c57dad
dbe21b2d
7da04553
18cc3f50
8ce3a263
00c3f5d7
d85270bd
13f573ba
edffab87
bb88ddb4
3e0b6047
cbf7f0be
69dfba8f
23ac0f8d
442b215a
100c7d50
8ebbeee3
08c3d5f6
d958f0bb
18b3fbca
41faa78b
b388d568
d72ce02f
8af7f1aa
41cab28e
a3a845a6
6429294e
10647d92
8cebbe63
09c3f4d6
fc5a76a1
9a73798a
6de8be4f
e28cd1e5
cd23602b
987d33bc
d90ebe8e
26acc186
64ab014a
bc4806e5
7297e06e
18c70e6c
706a66fd
355986cd
f082dace
d9eb455a
70a4d369
55aa0ab0
b4125850
ebc445f0
5d9692a1
3c6d836d
52e79ece
48ebdeba
706e6779
27bb074c
768b5ecc
c9785b58
71ec9129
5fba0ba2
ac98492b
f11601b4
bdbcd0e0
6ec78769
4467cb46
4cf85fda
0127f7a0
57bb066a
24a14b86
81085b44
23f497b0
9ab8bf22
34b44024
b1101174
35a5f1f4
3d50563e
e40abfa7
4e096d55
42b783c1
3c43c43e
d79b0a86
4f2c6d5a
63b7c701
7851c02e
401d189e
062c2fd8
01bb07d7
3f974e3a
f40ea1e6
cc196945
daf74380
695de67a
73fa00c6
44386dda
8afb67a9
6ed9c66e
42bd9ea7
24582bd2
c2fb260f
3f555e78
44578b66
0ea86d44
b227b137
2975d668
46368a46
54ac6bc0
62a63127
6e51d66c
46178ac6
02ec69c2
e22f3317
254912eb
575f99af
b6a48b09
61c41d7b
27840983
1fedacaf
25041ae1
014849fa
3fa4a885
99ec7e85
e15a1ba3
2468297a
275917ea
75de1b0f
f4ace309
328f8dba
2d68b8e2
1699b5cf
350413fd
03cc09f2
2aa00807
1ceb3787
c10adfe0
2168697a
511bc3ea
f4da0b1f
5cbce750
d3878d73
7528f0c2
66d8a986
911c339d
37dc0ca9
3e2ebdc6
84abb9af
890b3b7f
64700db8
bb31eeef
b384cccc
903878a1
96d84e8e
999feee9
b0e4ccba
8c3978c3
96531e88
b91bea69
b7404df8
cea9f913
d4971608
3bbfbedf
3af4c88e
da387881
e6d34acc
fbc7ebb1
28481cb9
47157802
d55797ec
7ad5a1a4
b049ddab
ce9dd9b2
d64f17e8
33b1bef9
18d4888c
93382b41
0bd25b4d
7aa92db1
1cd01cad
4b154c2a
c39f93cc
73b9b8b4
00c17c93
d392cf12
9fcf13ed
d1fae4b6
01b10850
c34180d2
4c2b9e09
c4eefe93
98b26961
eb530092
0041ceb5
86c8ee94
98b3291d
4b524c93
1473eed5
0dca20b4
1ca93a91
5bd387dc
59eb1e48
8cc840a8
22b9a8d1
53920ecc
bde1cd75
8c9820a0
32a83814
c3521ecc
bd418d75
3bf1b233
62caf68f
3ea7a786
889dc17c
6fd59aab
a24ce18e
1ebea7cc
b8bcc066
0831b222
6615988e
18a0ab88
bb554464
4fbbc0be
75481919
ffa0bf64
7aae1162
a9e89990
d568df69
bb8e977c
093e106a
adaa39a6
1e6c85ab
b3c69730
09cc887a
ccbfc0aa
74641b58
f3e6e744
faaf9176
08a687a6
96eddf28
b3e3a033
0a384bee
a82a01a2
832cc7ee
82ecb130
a92a1a42
4e3fc0fa
74c75b1d
6fa4ed60
da37913e
293f87aa
d0e68b4e
3be4e862
6a375b26
3b84810a
d6659faf
a3e47368
aa2a1926
5b85783c
f54f17e7
6e91c903
d4c70cf9
5b97f8b8
f94b5bf7
6a99c823
d4e508f8
fbd7d8ad
fdcddf05
efd8c917
f5ef08d8
5bdd6768
be292fe6
c8996122
d44c44a1
7a9d4eed
1a002464
02d27402
a45d4cb5
7a991f31
bd82f824
dadaee3e
df914fbc
7b9d7778
ae5122ff
493be12e
fd4ec4d3
7b9d5679
0e5138ef
d1f2262c
fdd74fd1
7b891678
aed039af
13da3b0c
df154fd5
887eeec7
1aa244d2
307662f0
9e584cb7
c2682ac7
1baa8450
323eeac5
f77c44b6
cb796ac3
3ba2b551
163622d0
ff6c40b6
910ea749
baeb44b1
72d6c8b2
a4d4ded2
97072281
f54f3531
16c8df51
fee65eb2
d3592ab9
7787b511
9fc2ff5c
a7d6b4be
7bde824f
b6b34632
5874cffa
d074defe
5f18a22f
74031610
4b42dffe
f28ef5fe
375992bd
f4077a10
caf7ceda
e3adf1fc
344c17f8
7157e82e
a553482f
6912bf59
342a1778
fc1f5832
bd5f492c
6992bf59
35ea15f9
741f5abe
2bdf4b3e
2992bf49
75f317bd
28d8b866
331b263e
410c3bf8
75fb16cb
3e9d2826
335e52ef
e9d47fb9
75bb15bd
5c9d3ce7
73fe693d
61082368
75bd1fb9
5815a8ce
635e076e
f38cd3fc
75f937bd
5cdd2846
713e365d
eb8a3be4
75f91bbf
59943c87
63fe3705
c38a034c
a2ccb982
88ebb6cd
a5562ce7
087b63dd
2b41d0ae
41c39646
e562244e
333b434b
3c4512ec
4855f446
ace21fc8
633ae37a
28d4bf93
9ca2a6a5
6116acb6
987d7bd5
12745292
cf7ab347
507094ee
6e3f424b
3e65122a
485bb747
24603fcd
63314758
0ac6af53
9ca666a7
c916acbe
1236f185
13d44656
c4ebe2b5
5111ec76
783fe583
72d5d07a
c056fb0f
04a0fcc2
2a3f451a
3dde3b39
2f1aeb39
cee9f516
ac87c641
1dde3ab8
3d392b29
cabbff1f
ec87af41
7fd752b9
2d9b2b25
63fecf8e
eaa69b44
33dd3339
bb31a83b
c8abf112
ad74ef19
26d97ef9
79316d0c
40b16f0b
1a87a799
d6d5dabf
39bfbf05
e3b0ce8b
a2ab2bdc
b3d1737f
db3ca979
08edf692
a4b52f4d
2751d3df
db3dae04
86ade086
b2c1b280
ff57daf9
7d3fbf84
c6b4ed80
a289235d
ffe710e0
2e28a801
5b1d872d
f7178864
edc1c0b2
6e613000
1b1c06ad
571e0c75
ebe1f2f4
7a0d38c1
022e0e85
375c08d6
bd7b5640
36923300
79d647b7
d4479d38
dcf98490
aef03062
3b76063d
1d545c61
f96118f4
4207ba80
223e2f87
715d4a55
703a5280
a5e35922
dd9a577a
502fddd9
f42a5b90
a6e33246
24da4c3e
686ddd59
f31d50e4
c0c7ba44
26fe6d0e
604d4b47
5bef68c9
1ae0f501
b4d068c0
37e84ea2
99fd68c9
5bcdf1d1
7df9cfd3
b7ec46f2
bbef03dd
7b8cb741
4df9d482
b0ae06a2
5acfa04c
caf4fdad
817061a2
237c6d8a
3e9dba9c
794470e5
0c697afa
73ae6fda
f2fb83d9
f9145485
8ce9f932
d3ae4f82
72dfe7d9
c0b4c7af
017071eb
1b1e6782
7a9fb36d
c83545a7
013875eb
e3364f8e
fa9fa7e9
57b445af
9130fd79
83965fe2
1b3909ae
73dc1804
95981a41
dbe922e5
92390d8d
7b840930
b1d99bcb
7bb346c9
2a82bf0b
3e2404b0
fbd59330
2da0dc48
9b2909aa
6996984c
94581a49
ffe32078
809019b0
aa146173
79d1c18f
1dcb4e44
a9d6ba19
3e2521e9
7fd5c13a
0b94987a
1a3909ac
79849a64
b1dc1a09
ffe12448
84f698b8
a9246af1
7fd5c00a
29038e46
e5d63658
ebe7e3a9
7e97c58e
6b8a8c56
d9ebfb34
7cb2baa1
0bdfd5d4
5a2d4362
7ff16b2c
74e33b84
3b1e96d4
50f511f7
e079e362
62148b04
195e3ed8
bcd519f7
11c7edfc
66eab784
23b0f555
426f03eb
77b1e56c
42e8b384
1f1e8f54
50ed09a7
a2fdc328
50464310
715004d9
9c755087
a3e7f7ee
e6e6b78e
1eace545
426b0226
21f366ec
46e4858e
3f1c6f45
60af023f
02ed470a
46248323
1c31e8d9
d4a59a1f
73067394
f62f4ff0
23d9c932
84460831
f396f5f4
743bdff4
a3dfc932
e443082b
f026f1d0
760f4fe4
f3ddc920
84520c69
735e6194
22220ef0
f2dfe1b6
9c5a48e1
7b4a6150
74a3cbb4
f99fd934
9c5e4ae7
fa286110
76268ba4
a39fec24
885240e9
736e6114
f42e1eb0
63dbc536
bc5f08f1
386af110
74268fe0
63decd24
cc0f08f5
f168e114
74ae1fe4
639e4d2e
ac5b0861
4ddb5abe
25b8290f
5bb8b75c
7eb61382
0bd16ab7
3fb42907
4382f64c
1eb61a86
cad14aa2
2fb0a90f
53ba3ecd
1fbc13c6
d9914234
55fd2147
d9a1cd4f
be9ed3a7
98157aa5
d8b50b4e
d300de6b
9efc9eff
9b995ae3
d99d0f06
83a0aef3
cfa41bd6
db93c234
d4545b0f
5bacc78e
bcef93a7
99858a3e
903c6b4f
8b20eeac
746f9a7f
fb955aee
997f8b0f
02b6eea4
b6649374
b7dfd2ba
771b6215
2bf98709
e2868822
66df58b2
5f9b3a54
2b178748
e380a9ae
6ad75af7
659f3215
23be0989
536aa9e7
bd7dc2fe
721cea44
aa752f81
e7922828
3c6bc6fe
7417e8d0
29376b9d
e3d3a23c
3d7950f7
701cea06
2235a79d
d29a2a14
853d46fc
51beba54
a37e7f95
f783293c
45f9c6e8
5696b2e4
e39c5f34
d28faa5c
1cf9cefe
50bf3a40
e3de5737
528fab5c
22098dea
97d7da8f
25c6ef4a
4c43f51f
4e076876
24cf1a9b
330e9aa0
4c3b2152
0a25f936
204c1e0e
33f802a1
6d6a297a
0a296e4a
47cf9e8e
85947941
0ed0603f
0e2d4f46
0206bcce
21180b21
de3f615a
caacd952
0c0c340b
a3721231
0c3a58fa
0a3d6c6a
548e8e9c
a7343bc1
7fe1643d
88384d4a
588f9614
a5143bd1
e737ac9e
c8aa0812
1c2fb161
a1541a33
cf6338da
4337d6da
948e7e7c
fb28067d
fcabb934
fa3616d2
c0ee1e5a
f9380c29
bc8ba824
ab6554f2
90afba9c
273c0a69
dc2933fd
6a344f4b
b6d65f16
ebf6444f
7c897124
6a10df5a
d0169b16
63fe2f4b
d2833135
7234d44a
b2d05bde
ab860e7f
582933b5
268468db
80bb7a58
e1ca0452
9a397dc1
2ea468de
a2fb5e54
e1ca045a
daa9f5c3
64a6e8d6
a1b94c50
8942045a
5338f4e3
ca875a20
6f983fa3
62c8c550
c407aa4b
eac77330
6c083f81
625c0490
ed27a9eb
ea81613d
6c081fc7
721a5e98
cd4e8dfe
badc7620
ac9996e7
415041e4
a9548e8b
be9df23d
ee9997c5
d23865e0
a93d2b83
fe9b3639
ec9817c7
48306ce1
cf2e09a7
ea157771
a6b9928e
5125aae3
90588087
ba95766c
6039d7dc
f139a9c3
b4d446a3
bab53769
30b8d68d
d82969d3
d45c46a1
60183747
8aa6872e
84fa6c62
a27c793d
68083fd0
0ec6cd46
9497e46f
20bc5b0b
687a2f0d
ae424d02
5dfde17b
62a6220b
6028f747
22ae4900
84ba6861
2a68e8bf
c8089d74
ec4fbd1e
14bf356d
2a370b84
53723f3c
ec02ae5c
4cbbe572
16a60b0a
6828dd45
32a60e64
a0b8b8e1
027868ac
c0204984
37a20210
eade815a
0e63310c
09726b3c
7c22fe50
6efbc59a
76a7234c
5dfa0c00
8e58f10b
a9d5abbe
66508e01
4dd85e8d
f5547153
bcd3933e
4d960e53
6d589ffb
d057ffcb
b6d62f0e
499c0f12
3dcc0ab4
6c715b6f
c9b18923
154e8e9b
29ed4bf8
e253cb6e
c6bb4907
50ad0f5b
3fedd2ea
e7df1bcf
94f86d45
418d0ffa
7f1c2bf0
ece34b6f
7d91c1fa
990e979b
6b5f67e8
eec60b6f
c599c1cb
182e5fbb
6bdd37e0
e7df0bef
95b85941
2b3cd7f2
25c12694
1cfbe2ab
75fa5ebf
410e9f34
b50124c7
1af1e863
3172164d
43041f16
a519a6dc
1374a0ea
b1723f05
03dcbc32
b5c1a3a7
3b7064ab
d1fedd3f
158e9f70
1fc329af
1de0a00b
dd3ade2c
33c64552
8795b9b4
19e4a22e
353e0f0d
13c81572
9b962387
3f28058b
db9d843b
6e2497e0
1b86ab95
1928348f
c31c4d1e
172a1148
cb5721b4
c9a9368a
232ccd8f
40ea4542
1941656a
bf3248d2
b98ae1c3
84e44dfc
19086d56
bd6918b3
ab8cf0d3
5c30c821
ad292d57
9d618ab2
bbaed803
0c604cec
2b03279f
b16f09f0
7bae817c
e33cc8ee
2de02d1e
142de7f0
ff0bbe46
236ccbef
3ba0ad93
fd6c97e1
7bee9c4b
85298bfe
6cf7a39a
e045fbfd
7fb64564
e32e815e
24f7922a
52c493af
76b66d68
e326895c
61f7922a
7cd59dad
76a47f40
23a28b5c
d2f7d0b8
edba5b91
ffeca90b
5da58b41
d2745638
cd9a18d2
fbf6b84b
5e248761
f6f7467c
c8b91dd8
f73539ab
f81e43d1
d2ffb7ff
04b857d8
f3b223c8
9da5c325
c2f5fe7e
759284f8
b332e1c3
8e39c5b5
e275befe
f0b8d0d8
b1302042
c81dc7a1
c6cfa79f
89a868a3
f152347d
0b37efc3
2ccfafdf
1f2028eb
f152b56d
093f6f89
288d2fdf
0ce0006b
d110326f
113f6f89
e8c63bb4
8c2cb7e3
2356642a
2d2e9966
f8c2afa6
080e9757
23566cab
7c2c98e2
f2943f34
735b17a3
a3566d99
182a84a2
e0d02f94
aea6824a
a39ce18b
4b66bba0
3a90ac97
b812025f
ab0c6183
3826ba80
78900e20
5810625b
a5ee7d9b
7d4c9694
f3130ed0
aea54f4f
a33c6100
1b2f99b3
79159e90
84e521dc
833e6199
1f27b681
f7356e30
661149d5
87386599
2d2eb713
c17a9641
0af06548
5cfdf6f4
a79cda06
d17a00c0
0ff26440
68f9b625
d60cde06
dbfbe0c1
1fa6a44d
68d884a0
b6484aa6
e07a9550
0ed37808
3cfdd740
d9589f0c
be2108b4
5e472c41
a859dd0c
f3749c7c
96ad08a4
5c4f050f
8bd99f04
f6480f66
35ca8554
8af26c0b
18d7b664
c17cde05
b48a8994
cc5a184b
184b974c
d17c4eee
738b0984
655ca043
995db20c
a1784aeb
c0263f05
9a6dc4e6
21d768a3
6c581cd3
d0262325
1b6c94e2
705f78b2
ecb81c53
ea062741
886c04e6
705d50b2
f4929ca2
d000a220
9ae7dcee
235468b3
5eb6dfd3
f1522a30
88cbd8e1
e31e58b8
fea61fc3
b5122b50
08b28c66
711c5890
b6b69ff2
70022021
8ee64ce7
73dc78bb
2e2dcfd3
b3800a10
8ec3d8e5
f3de783e
dfafdf52
f18a8b10
88c3986e
735e54b9
8a27df5a
870714b3
3b8a730b
f4fa3c6d
7e232fc8
25670082
3be3390a
749a0f2d
1aaf27ca
876f0082
21c3ba4e
74380f4f
1aaf26d2
1a092983
7b871687
b4c85c79
fe44068a
9e0a0397
3b8a1792
4458bc7d
3e272782
be480bd2
bf83f612
547ace3f
bc2e278a
9a2c28af
7baf14b2
a00898df
ff4066f8
1a2c28b7
3daa74f1
a924907f
1d5874ca
9a2e2897
b5a864f3
c91b9c7b
3da836ce
7b57ff3c
f5cf9aa1
6c9df193
f0b70661
3b57f9a5
f1cdba81
ec1de992
f4a50661
3bd5f9a5
f1cdda84
1e3df986
3fe90c62
7347f760
279bb1a0
6c5ff196
7c378221
3a5da525
f291b084
3c6f711e
31f10b5b
b35575b4
e89ddac4
362e2c80
3bfd0bca
5b5e7762
269ab390
7e0b5594
7f1fda08
9a57e144
401fd1c0
3e4a5715
6714d8c8
d0655d64
731eb187
342e2e85
afdd52da
21def292
1ebb6a2c
c77d6522
801ed900
28425a90
40832e6d
87ed0620
c454ddd0
28d07292
38971a0d
67fc06a8
e0409bc4
21fc7390
d6bd4a2d
c73d6322
405ada80
20f87aac
d0931a7d
97714a68
6c519a81
22faf3b0
78921a1d
47f44a2a
d4279fc0
21f576b2
35944aad
85fd41a3
5c5ada80
31f97ba4
d095184d
87ed0b30
3fdf9a85
33f17ab2
3094184d
c7d44c28
37969bc4
5ff7f2bd
6558319b
5e2fb71b
77b780e2
dde33ab5
4b59b89f
1a2f9e99
6bed04ca
cf811a35
4b59b887
122e3e88
dbed045a
5fb1b3ef
6b9cf15f
3c6fbf1b
67ada69a
54330bcf
4a11f95b
3a6b3e21
6b31b659
0f430361
c811d85f
102c3ba0
e3f1a24b
df751f6e
5bdfb95e
38257a01
67f5261b
84410b6b
cb13bdde
10653b81
6fb92e19
8f53877f
cc41fd5f
502d630b
ffb7a60a
5aa7e985
e0745f72
edd3c832
cd2aca7e
13875ab3
f5617e69
fdc3c53a
c9a69b59
274793a3
9c417eb3
7ff7c77c
39a7cb5a
c207e885
acb09e50
adebc9aa
db3a596f
1a4b3331
a44c3c40
fe03c534
5b264b50
444f16ba
9cc6fe3c
36e7e52f
73070b1e
3446e986
a6b17b10
091784fe
997a7b40
1f467d76
acb12a10
0b9fc6bc
f1725f04
67457fb2
84d7ab1c
8fb7cc83
22511936
e2376786
b0645e74
617860a2
318ccae6
a23f67c2
f1645e24
a97860e2
341c4ba2
e2af25c3
daf4d60c
71747823
d0184ba6
d6566790
36340cb0
79386162
52161206
423d65b0
5796d5a0
98673168
31570a0b
c6ff65c5
9cfdc98c
1dbe7c62
60515b13
7476f790
a4f14b98
6b3de572
521b5926
72677d80
749d1fd0
bb6fe170
70511827
66e67592
a0dd0be8
9fb66c60
62555833
1bf382ff
59c3fcd9
ef8eaf0c
e7d70956
cac181ec
d8bbb349
ef8eac86
34db14d5
52ce018a
26a01f50
9f3882a8
1cb436e0
4ddb82eb
55c79d8c
f6a6ef00
878f9776
c0588b8c
830771cb
f8caae90
ac8d37d2
1282ed82
37280472
9958823a
0da0fe49
413392ea
77c79d8c
f6bc6f08
83af9176
4e9057c3
05f1090e
b7282bd9
0b87de57
02aae982
26200421
9948927b
8c23fec0
227fd2ea
64fe9b14
ed784748
3263494b
263fdaf8
20af7e7c
7cfa6779
36a1c999
623752d0
70abb671
efaa6e5b
f2abb89f
266ef8c3
a01fdf00
c9b04a91
62707229
772f5873
311f7322
2ef86e98
722d3176
550a50f6
300ab750
eeb94d9a
72af30b5
bd0ef8d6
a3bb0e30
c9d9ccb3
905a7ec1
1d2e48d7
23bb5730
49cf4a92
386834c2
4d2e48d7
21ba0570
89da0a92
1ad0b481
360d00ec
709f1a54
a4f84a49
536a44b9
351804fe
308a8c34
b4da4b68
22624d0d
353c80fc
74c2c478
feebc71a
00a2860d
374c508c
b0939a56
f0504a8e
b26344ff
f7b0800e
30989e16
7cd6060c
726f4c85
357381bc
7883f914
3efa690c
20a2064d
67cc48a5
b5d3ea72
e957aea6
587b44f3
17b45a84
349b3e37
7057498b
d8be8ec1
27ba8891
30c36bb6
6ac8450b
10a30ec1
1bdc7c7a
9d9aa32d
cef8f55f
86b7e601
79d758b9
658877a5
ebdcd75d
cea7e140
c9c3d8b4
66993f05
63ae969d
dea3a9f4
120d747b
9d8388ad
8cf8f053
86f1f699
027552b9
c717f795
8bd8c8cb
a6746648
88e3d8bd
e783f695
ebd883cb
eae5a6d8
3a4971eb
db0fa84e
b86ab0df
a77167cd
9a6548ab
c18ff09f
89fab8cc
a6d46541
98ed58ab
d38eda85
8bf833cf
66f027c8
af17c8a9
63859aa4
130c3a9c
7be36566
ee9748af
609ddb65
972e28c8
7bf925f6
e0b56aec
a205986c
800028c1
3b7d25f6
9f175a85
b98d9ac0
cc0a51dc
1bec75ea
8ab7cebd
aa055ee0
88004a13
28ae3562
88b3eded
fa0050fd
08496153
489ea743
98755abd
fb059ad0
493bd386
f8aa24a2
897f87bd
f9009cd8
4a4d638e
588e2782
893b27ad
f84afc59
686db31e
dcaf274b
cfa280af
6fc5bda9
54ca5f08
4b2b135b
ee9f040c
ee59b9dd
4c8a2c4e
a92317c7
82bfc46c
e00c485c
4c3960c7
be3f3e84
be08096a
6946b920
745a1e5d
6da30243
9a1aad7c
cd52596f
640a2fde
6ba937df
81fe9f64
f1190842
442968c2
b61f9687
ba882997
f9b46871
a15a1a3e
3c8b32c8
8c3aebf4
f1306971
e84b8e1e
3cab32cd
ad70fff4
f2180871
c81d0092
bc9b36c5
75fe874f
f1415fd9
7c59e112
54b78fc3
f32fc55a
f15f5a0c
f53d6883
dc9b2ec2
b22ccd6e
739f1a0e
b43c38c1
92d82eeb
f5d64290
a5407bbb
7e5bf516
7c87b688
fdc9df18
e31f3a0e
66ec318b
9e5dae8b
e2acde5e
579f9eca
a6fc32c1
b759abfa
ddde4216
a440737b
6cf3849e
1e2ff3ac
159d520a
e05d3a5f
64e076cb
fe6de568
84cc530a
45942acb
a4e473cd
a361a2e6
a86d59e6
9ab5964e
81663e45
5b7040df
facd0166
d976834e
15260a45
1ff045cc
ed0d816e
4b948a2e
35263b44
6f50455d
c8ec79b0
0aa5b570
b142beed
adfa5cdf
e6be5ba4
1929bb6e
ff623e64
adbac1c6
ef8f412a
497f9b4e
a1e23eec
0728c55c
8cf62a34
f825e770
695246b6
bcaed5c2
0c9202b8
ec65f757
6ff3c7da
e5ae8dde
ff99027a
cd65bf07
43eaceee
812ae55c
5717a39b
75487b1b
dfdd951e
76a70362
1723add3
33e5659b
ffd5d534
6fb6431a
056bbb93
1ee16539
dfd7957c
6bb44351
57376294
35ec779b
5fb5f70c
5f374332
0d457ad4
10a5a75b
1557be46
6d794d9b
05692fd9
54e52779
1dd3ff7c
55554439
57f562b6
75675b1f
6ffcf9a8
7e17d336
c17172d4
74e5d37b
6545dea9
6d1c5919
0171ba9d
75a57631
fff5debe
7d8e1f19
53245f55
c88f1a67
24d5e8c3
905a22ff
5ba743a5
c0971a03
011618c2
f37a3dfe
7b85b92f
72dd9a87
053458d8
cf6854fe
53ea5f54
1c8f6a23
6c95e752
98968a0f
5fca5257
ac967a17
0d14c598
c9333f46
3fc11033
4ad5bb85
156e5b88
af7957d3
59dade50
941ae593
4ed1c752
9882ba02
11fa06d0
b4f06133
58c3c758
e1bb9e08
7fcc8093
09fd3b35
15461c38
a3325ed0
3218a5cb
9b2094d4
985620ea
2ba8760d
3a1ea18b
9a6854b6
dcf471f6
6ba07763
318aa58b
96e844aa
d8456172
6aa45f49
1e588ca9
9b99d4d4
8c463bcc
2bf0664f
d797a4ad
dc5ddcbd
72a639d6
09ba6767
3f9524af
507d84ff
c10ea9a7
49ba6e73
1e4c08a9
0bd1b898
88f7af44
d1f02661
9e1d00ad
4211fb9e
18f7ab44
59f02463
1d0d00ad
1b11bc9e
922f2304
45f00d65
e0faf74b
0ab04608
d87324e0
8daccaa7
40ba730b
9ab46546
5876b6ac
fcccd2b7
421a3103
0a309544
523e36a4
feecd2a4
2316b75f
0eb62488
94322962
8cb64b0d
2287512e
c877780d
88329795
8de727cd
4315616e
cc5f3004
1d2ea778
ed8c73c5
a0d2b75f
0af8c5a8
14363061
8cd44a8d
9366b75f
0a10a435
1473b24c
edfe43c9
13d4331b
0a78ac25
563ab2e1
ede762cc
ccf6e291
2bbc2e5c
735e06bc
822cd966
c6f42295
0ab5a45d
335603a4
524c4876
cce012b4
0bd9b0cd
23261b8c
5b6841f3
44b68a91
22f04e7a
63dc55a2
922eccee
82b48a91
fe30a65b
b3c81d25
f300cc7e
80fa12ba
1e58f419
9b2d171c
5be08553
47f602d3
a8b16e1a
7b3d4db2
989adc92
033c12bf
fc91e41b
fa2d8ae7
d588443e
807b03bc
5a13b4db
e86993cd
598c2547
480c7804
d207cce4
95d61863
b660057a
8d8a10d0
8ca575e3
c3d7d479
85dcb999
25c216d0
9ea1719b
57b3956f
c2b6db98
183de82b
52d68474
a19c1845
96e00cfc
88ce1034
91274660
c3f0f943
b6051dfc
8d8a1eb1
af096373
cf97fd46
1c928b80
1a1d68ad
52de9214
a13019e5
17e0e0fe
f88c28ad
508c96b5
e172b947
86e0edfc
8dfe98a9
3304c463
c1539c1d
5794ebb8
6bc13bc5
dfcf9c8f
328e0b09
4b6c00fa
2bb6bb85
c9e58c8b
28cbd93a
4be6105e
3df7aa83
dc4dcd8b
4a8be536
2ba6114e
7bb433cb
ffde9c8f
169c1961
5f2f02e1
6db623c7
d5a98d8d
58c3d85e
5b670359
bde0c1c6
c08dbccf
4aabe9e6
6b3705c7
7bfb377b
4d7b01cf
d5f83b41
1fa7098b
ac9a27fb
cf710dcf
d5ea1765
5fa5099b
cebda7fd
cd7d29cf
94ba2964
7d2f0383
dbb7e30a
f15c5b11
efb9c50a
fea705c6
dbb7e50d
f3d65ad4
6cd9d103
bea38cca
91bfc96c
f24c4ed0
eac9d157
fc83ae01
c9d3e33e
73520f14
77bb4504
dea689e6
c9e9cd41
12d71efe
52cd245f
ac9ceec7
80fa4912
d6515cf2
089bb156
8c592c89
63dfc238
30561e1a
73db0f0e
fcad83c4
a07a4b32
36d71612
52cb0d1e
dcddaec4
807a4934
d44f3ed6
20db9f5e
f8df26ed
397a8643
1ba244e0
d27470f2
9148da2f
2d9a2283
9be284e8
d3d5e0f3
9344dab6
49dc46c7
9aa6e44c
513568e7
d654cfb7
3e378697
1fe68e88
933cb113
6134fb69
2f278cbf
556998a9
8f9ed112
31e5aa7a
16d5c6c6
c0e7600e
043de8c6
567cef97
739396d3
5ff0c788
d53c791b
21a4db7e
4ec79ef3
5de938ab
55149edc
7124db76
67c5a6d3
c0efa2ef
54b568e2
7036cb16
8379e850
99035b8c
ed6ce06c
bf34ff0b
fc34e088
f32b0955
e5c44d5c
4066beef
ea753d2f
e63b09ef
cf52c19c
c43095ef
b7addfe4
8d3a7a08
a5ece0f8
bf35f6eb
a8ccb8ea
883bf825
c7f179e8
91b3c72f
f2f7357f
bc7c5dc1
ef30e180
82bbe387
a98e078f
a0809641
b858a27d
ef7958e9
e88e2766
c0d8f4e5
892497f3
b3374ab9
db860306
a4d17660
09344537
972b47a9
9379ab87
cf5a6b4a
3dcbca81
bea53f9e
12599b05
b2906862
752842a7
0d68995c
c26b9375
38d073ea
70a24c29
9d7c49c1
e9e5abce
e651774c
7d9bf6c2
bacbba9e
e017838e
b21d2c43
8f9edba3
818ada3c
727da508
38fcb2b0
8ff26023
cd7bc1b3
6ab68ef7
a259b06e
e716f2bc
bf0893bd
fc862567
220da457
839ed21e
27428ba8
d806050a
3e042f95
881e5d27
4f4b0388
96a14153
8e207218
e0110e5c
3e3377da
11bb0447
de017854
69bd4fcc
a8e37f54
f3f6ca6c
fdede375
7dfb6e6c
3fff3ebd
9d924143
80a2403c
88800fa7
121373d2
26cd4847
d0a67164
538443b1
7b785430
63dccfdc
fbffc361
ffe4ec69
597e8e37
94484803
0422839e
28940f27
0982269c
b5f4ca5d
ef6ac1fa
93987eb1
f9f8c4be
6bdc4ffc
bf7fd162
edeef469
4bf9cebd
7d50931f
b3eda846
6a97dd52
30e88426
1ddab21e
a3d46dda
6abdfd72
0aca1d2e
dd9bca0c
81eee644
4eafff72
3fca1cbe
6174b91a
b75c8ce6
4a377566
60688936
adc21983
b7963343
43915564
0fe841e7
29fb998c
37f6238e
5e8f7c2c
5c248036
7679fa71
ff39fd2d
d623f495
d021e916
05619870
ff3b3d9e
66526cc7
d4e0a116
2671fef9
5f7bf91f
deffec8d
ecf1f956
a1fcf8ed
a87f00a3
a8f66d26
5b23a538
5df52d6c
b2d75ca2
eae4e4a5
5b6beda2
dfb56566
e5d55a6f
ead7f4a6
5f279d31
d93e5e59
38338499
38d2232d
49b5f5d0
d10745d1
10d15abc
2acced2a
dfca8580
db376262
71d1db6e
f8fefe25
1f4f9eda
d90e5b5b
391ea417
bac43b35
42973690
9d064701
20d2b040
a8c88318
0b0d76c2
da1f4311
18957f7d
f869ae23
1b9f2eca
9f40a4a2
a3108f22
e53ee2de
cac3ffee
f172e4be
a7049f28
b7e66695
8607bb2e
f3627020
bf305d60
b5f43a10
0da7bfae
0f64a5aa
9b101aea
e738d2e6
c227cca4
5e611768
bf31df68
a4f27b66
6567faec
f268d861
ab3145ea
a2f03236
9527dfe6
e940a42c
a33008c0
a5fed7ee
e8848924
d159aa20
a3198aea
b4e61675
aba7edad
d9e9a827
83114ce0
a5f696f2
9126cfad
1ae5897e
8e90611f
c218d976
b77248fa
2ae50d3a
8e11994d
c37ef9de
e4c0ac36
ee257403
d7ac8fc5
7d774dd5
2f86eebd
52a6c86e
4e4149d6
80ddd86e
a170e80a
6f6af97c
ed7a490f
a8ef04c2
f013e81c
20796021
f72635e0
5ff66e09
af1ada5c
541e5e6e
0d4a514d
e0514758
c913a9a2
526e520e
110a4353
aaf04f30
293f28a6
95d04081
f33e63b8
bfc20ee1
be3ef724
ff2090a6
d7ae5b57
e012719c
ee93e7eb
596ad5f6
d1861827
e011d39a
4695b0e9
da6a756f
e1d718a9
6cc2538b
9ce560ed
61e891a0
a646c8f5
cc08557f
74b3c34a
482b54e6
a7d6fd03
d8d5d3ae
d49c9002
d06b514f
63841309
68c76baa
9de5f0af
b1fcd3f7
b66640b5
ad2a15ff
fabbc877
ebacdcfb
a37f0187
f64851e4
d88c8cb3
ceebd26f
64d4110b
4a556161
9d4564f5
5b7c87c9
34ab0127
ce1ecd26
79a87576
c26c53c2
348ac8a7
48664424
372e7570
f7f4b845
f4a9c827
4a774464
3f2e6930
0d6e9f10
7c765135
092e4943
5babf6fa
09ed96c4
40160bbc
e77e4161
d7ac70e9
dfb452c5
f56ecb6f
b21e8645
0fa578d5
37ebdfe0
9d531160
8daa595a
4d31e6de
95ec1676
d9721f73
94a8616e
4731eede
699cca40
d16b1b53
b63b8651
2ba1fedc
d8dee342
e16fc36b
aeb33ab1
533f3d77
0c9eee87
8169d27b
aff30a31
711b5df5
5c96a67c
8869d251
6edbaa71
5b7b9d57
ec7ee10a
bd6dd6ef
2fa75f20
6b832df7
8dbca896
843b44ea
0b395bc5
3fa201bd
5c9d0727
8c285a72
6bbaede4
6ff38dfd
2f4fedb4
b37999e2
bda6f8a2
e9c3ec1d
0f2fafa0
fb39ce6e
91aef8a2
83a2e81d
5e9d2a20
f029ce72
bbeef6f3
a182fc1d
ca80d8a5
5c0fcfd5
9b5f4569
eeece139
ce86ed35
756dc6bc
1f3fb00d
ef86e9bd
ca1ce965
f56bc7f5
7f7deccd
dfc4e99f
62cfde6c
1b0b4ad8
12c4f2c8
eeacd108
c3ffdbcc
27210292
44c56cce
53024f4f
cfef95e5
7329dbd6
5fe66ec1
fb863f4f
51a91f77
1a527a90
a300c6d8
b63f1262
d08d1dcc
26d23a98
c20428c2
883f1422
05a51df9
06523a80
e9000840
88bf1ea3
6a108c0d
83d4355e
ca0bc55c
ae93e2f8
2c118b8c
e2453dce
d90bc44c
b493aed8
22380b0d
c3dc3f8c
8d09440c
f4b36fbc
8e54b427
36256f79
ecb332ec
6a7bebc2
c2409caa
37655b50
bd83cee2
463bea00
5172a08b
23463fc0
bc516500
a797fbf2
eb50b074
3b296959
f6f3f6f8
a6479948
805af4f8
23047bd9
b6dd9aa4
4f6fcb00
8050e069
2b220b99
b4ddb385
c217c912
23378b44
4a616afc
485c6d25
b53c8715
19af075c
0808e292
11084165
a7701711
3ba50bdf
0c103690
4311f1d6
a73a4333
ef350984
f8e3407d
5b5e6d3d
32aa0655
a4052a4e
70fae656
5929125a
e7b62f91
af8d2ec8
0c167051
50399ff2
a43a4faa
09300587
90420065
8ba48d27
4d2a67e3
81394c76
9e5f64ed
ebc0ca20
21160dae
bb9f6756
dc547e6b
cb90ded0
799e0fab
33dbcbc7
47595ec8
a9b79e58
be37fb18
638f4f45
447178c8
8a959eb0
ac335bd0
63d74b77
675b31d8
a98bd6d1
fe134bf8
6f96cbd3
57494161
ba7aa659
8b7bff55
6996af43
46884519
1237ab65
435f575f
37d2cf63
25c3e5e0
999f8ed1
f3bff31c
ccd2a92d
90d302e5
c9ac4ddb
1bd7bb4d
58d6aa6d
d8c300e1
d3ae5599
43dffb84
d1d5ea25
945380e7
8985d5d9
589bab8c
dd38f3a2
f7af45c7
dc0e2f87
4c8dc259
dd69b0d2
74bcd237
941262c0
be8b73b8
c5689a12
7eecc172
9cb2a614
2f62732d
fa71b1f3
7da57495
ec8447a6
39c24379
91618cf2
2494f031
99026a94
ace9ddb3
d66b9cc5
3bacf753
98e22c34
2f6015e4
dbc1f1f4
78c97617
4fac46b0
d2c61f01
1f4731df
6a8912b0
410ac658
b0c85dc1
e2441cdc
6abba042
31982c7c
2c6a1b6d
a77c9a87
eee34070
658b4e2e
b96ab3ac
013598f1
a6d0d433
6530fd36
3368e52a
0935857c
c4c10d9d
4b16d19e
e7e0e56e
bb30f6db
c3228360
b5de5e7c
accf9a78
6afcbbf1
c3fc45d0
8ca3993e
99c7cb6c
5c69b2e7
e4e4099c
dea2548e
d741ef7c
fdb0ca6a
8f4f3340
f95e52cc
ce9f9ea2
7ecedf7b
394b190b
a0475aac
c22aaec0
72729263
71ca1b0d
ce2a4c2c
db476ee2
0a071f0c
0890a392
1709111b
efa866c6
2e06370d
7928b397
5529778b
77e0554e
4a13a301
3994a990
552956a3
f76054c6
2b07bf4f
4c30211a
5ac1bbdf
49f03de4
21d7b27b
3d68b131
55afe357
7b712f47
68dba2c0
35112998
588756c7
13753946
22e1a06e
cf2d2308
46c190d7
c4d09bec
23d5c24e
ef68e122
5ea1b0d1
dd919bfd
26c8a2c7
ef4ef1ba
16cd12b4
9991995c
4b528898
cc6b44c2
b346d762
6b3af934
ea9060db
7d0f4ff5
b7548559
7ed76ef7
f90e5e19
3baec9c5
b6ccac0d
40e5a67e
3b70a84c
c73c2cca
944353d4
63949db8
24066bd3
04217818
8f4c4218
71c083fc
c30e667f
188dd8d7
96ecb99d
116ca6ed
7940a8e2
d3a56c7b
7292f790
30849188
2983397e
525968b8
c24258da
bba60bc7
c362ae7c
d89be033
1bfebcf9
5364ae8d
f846c40f
e9610783
b0f21b89
ca83bcc4
c21ad00b
a9ad42a2
74f27baa
09c1bcdc
b61ac781
b9ec4326
f6e36e22
9bcbfedc
e954e18b
8cc9d2a1
b05e4b89
0043a98d
21316185
888c8223
f4d7ef91
4248ad0d
927185dd
e0e8df60
efec4d27
1be5ed8d
8810a487
9c4202c7
e99cc579
bc0229ed
b0216067
94e6d027
db9c45b4
00c069ad
dc112126
90c202e5
aba44023
5244ebed
7b7b7c8c
891f2f40
bddd431c
ccb0deae
43395e0e
a1563fc4
3dd90018
4c94578e
e32bd807
e346794e
39830618
95bc5fd8
c077dd2a
0d1f1d16
ea9953c6
4e6217ee
0e53edcb
f72b1a2e
ef914b5e
5e420506
85bac922
03d231ae
ee917a00
960097c2
7cd78cba
8d3dfcdc
7bb272d6
f4f8951c
3e968277
ce79469e
0ffa56fa
b8e2515f
2c7688de
fb39741e
27bb7aae
b2e0755e
fc85d527
c187bb58
9b8ab3b9
86d7b2ed
311aa086
c9847b50
b8f32f99
a8d19ebd
94486191
1896b8d4
a5ac3936
d85b03f1
bfac0d78
3f8101dd
51fe997c
d055a279
53efa329
0ff57dde
12f67a9a
1c63ff1c
d46573d4
5ee2a02f
4936598f
f15a43f3
b10e5d38
0c9c639e
4bed8c3c
66de4673
8b6fe72a
23d066be
5cee3bba
111bdd02
847743ce
4ec4bcbd
cc05d79d
b6df4372
067bca85
b832bae8
8ddc8c3d
fd396ff1
4fc34a13
f435aac3
1fd8a819
c4c415c5
adb50ecb
8de98e6d
bfdcb299
a485b6cc
023bcb80
3c38798c
8c11800c
cd397ed2
ebdba700
d39f9966
86e90c8a
9da62f47
fdfca257
dfd998e4
71b6acbf
b5423c7d
13f159a2
1d0e7d0e
ce01401c
0eb97e52
12617383
3fdf5b1c
de254e8c
02d76ee8
35e9a597
96d342ae
d8e06ce0
b1c66fe5
1379fa0d
70f67729
ed96c428
ff797d94
0109fd19
f8f7b693
638ffc02
d53ee506
2e054f0d
cf5537cb
ebcfd502
e723ec56
1030cc85
907ee5c8
c5179c24
f558803e
da1de721
b195e3d2
82e77003
c744a725
dc22d2c0
dfc149f9
b1f724d1
b346686f
f0f05cb3
1f0bbdca
875bc000
c43292ea
13389222
191a8d43
9c570864
6d7713ca
9679d2c7
d502b901
f0ffcc54
ed477ae8
02806595
7b06be1b
331023ca
a63fcee2
cf8fe63e
321a9f2b
b95ba8b2
ce1faceb
ba89510c
60719e2a
2fae0c88
52784094
4d10a4c5
918299dd
4613b340
815ae3ea
ac0c1592
c39382ca
1aa50967
49ee6146
fe79eed7
e1b5cb2b
760f7c84
51a07435
a895749c
c16b855c
5e4376ed
2e8c845b
6b9e73dc
eb091c4e
70ec6f45
b98c6ecf
e5eb18c0
e32c013d
31fc2e45
2ee81edf
d94a750b
b13a88e2
bdf46a93
4aad1d45
e95af8cb
b9bad9e1
edfee613
5badfc65
c14b7c21
b9bbd961
fdd42e23
192d9d25
16516c9c
dd7a8851
a9a87d91
e29ca5d5
3947af3d
d9ff11cc
c98a7d15
6ccce165
1d097f34
99d72de9
df888636
324b8b65
38422486
9db480e1
91b25507
61c481ad
10512d9e
969c206e
c10a1505
209fcb35
00391aa2
94dda269
83948534
654a832d
caa8f4a2
74afb327
fa9ed141
578c7665
c08f9985
14eff33f
50df4049
3be07765
5323a885
f7ad4824
fcd54863
93e4f76c
f4b1d8f5
d58bf577
c285d540
33e4ba75
9bbdd879
9b6365da
c2a5bc68
5b66b2f5
7faba174
b72829e2
faa81ce3
9b7b8bbd
25fd9f31
99db01b6
4bac5c43
3061b87d
7afd9775
9bd16cf6
12e67cf6
1161c02f
5aefa325
b1d186e2
5ba45cd3
9341c82d
2cb683e0
5a806734
520b957f
bf1283d6
2aa4832c
52a427b7
1b6f317f
6d1a438e
1c0483d8
4a90ae9c
112c51fe
fad243c6
692eb360
73a529bd
deee079f
d57a63aa
df703129
52a0a236
f77e37ef
59583592
09148108
528380b7
9d4f936b
79d253ca
ebaa117f
56c62199
d8e90d6e
5d7f37e2
c9a0210a
3286383b
d95d0b6f
7b5e3baa
c99281a9
32872cb3
4d4091ea
7b5c17e2
e3349366
46c5627c
c30706bc
be43eb78
a6a280ee
c624079c
8b0712ec
ac43cab8
ac740a8f
4ee206d5
8137cbec
a6c3e2ba
e822d7e2
68284b24
cf4906bc
e3a3d470
8beaf560
290545f8
bfd596fa
d783cf2c
c866c3cf
7a6c49ee
99eb8e7c
aac34dd2
889cfbef
732229ec
83c2538e
538fe7e4
e95af367
b90349e8
a9deca66
d3ae4fd6
ec5ad34f
9bcb09e9
d0cc446d
99cf4576
31b834a0
978ac615
f413114f
0e1829af
3fb0b46d
97c5969d
7c1f9709
2f8849a7
2770a484
95800e3c
7e1d010a
1ec0498f
b1d270b5
e142d755
f68b9302
685d928e
fed42b7c
c1cd065f
fb97cb98
2180d14f
75daa9d3
e5805e1e
7a974f0c
b5c4f5ce
b5e3fefb
ed33249d
b69b134e
2858f09a
40cfdad0
41931a1c
f4be71ee
295dd5f7
a0fbe6c1
f787791c
f6b26f96
a144b1d6
377be999
e77b18a8
edc4ca0f
9d297d1b
b3f4c947
8c6b4025
8846ec6d
7f222cf1
ecd4c5eb
8eea8457
8933b1e4
c6c3887c
426b15b1
b5321a28
2180808f
14787443
c4636dbc
f45ac6a7
53a250a3
f0ba4354
9e144a8b
1ae7e05d
f02e6768
e0ca4b64
0dab1597
2c1414ca
311c383f
456c048d
c9813c5e
5a3f524a
91de9664
a3fc4de1
ad151819
1aa6645f
319c846c
e66e0160
9670836d
5ee142df
e8d85d0d
9d02214f
b03ee36d
74a143d7
e8da540d
de83204f
b074876c
44e303fd
6a5a108d
528320c7
f669df45
0c887d87
e6194909
9a312750
196ffdcb
20a0ff5f
6611ac1f
b2901b26
167faf8d
c18a2dd6
ec5dc899
4bf5bf56
547bffe4
1dfafd86
ee034180
9231e7d2
577bff6a
11baaf06
ee95c508
4e93f536
167befea
95dab9c5
ee4d4809
5c93fd92
25f5abc8
ceab4876
607c6d67
b1706d0d
4e9588cc
f4e9d1f2
6ad8e464
f9a23406
7ed66c6c
df7cdb70
fbdc6e60
dbb7ff96
8029a5ca
c4a23a57
7048619d
1874038f
c06bf825
c88374ee
e99a6895
0a62990e
ffda7ca1
d975d373
e9dcfe11
4993fc46
b9a115fa
4eb764dd
48404926
561c02e3
357bfdf2
55d7381f
582a6997
759470e4
1d9bfd73
99d75879
e8d05ad2
4111a4e6
eb8b5e0b
63cbbc56
16462791
629eb655
719afec3
27aaa131
9492760d
36dbf25b
000aa7b4
38aed833
3490fb6a
5a3e5782
0a015a83
7ac1fc11
57562798
67fe1651
111884be
2e93a126
74d0ba08
10f3ebc1
021aa1a6
147f19ba
2c96fe83
a6a40da1
f8041010
7a87f451
7294a6b1
727e1a83
0814109c
e60f8075
a49d9621
5aca294b
1610bd9c
a0168093
2c9da8a0
6bbe488b
949a4357
0b9042f8
0528ba35
9c5f0aca
8c926042
4b6082fd
1d289295
10df0bda
8c036183
0914a71c
158ab3b7
8cdf92cb
8d8e2980
0a88c430
39cc1a3e
2cfa0a9a
c91e01ef
142cc414
af94974e
3e821b18
9d03e50a
2804ad96
379a13f6
068eb688
cf65600b
f4ac1f60
b95e75f7
e9e88db9
e56539e1
fe2c9f33
3d6ed16e
b0e6ed9f
db6bfd28
7a3573a6
76fb7b22
556cad8f
386105d0
0a91382a
c200bcd6
55665540
29576755
835239eb
6b5faf1b
46c734d7
699a7604
f569df60
3cd77e01
1984bd2d
d687434a
8ec7753b
e2a99ff3
37470344
3f36204f
85f3554d
7bfff9ed
b45820ed
624f2ee1
817b47f0
74eef602
0d34cdad
d08462cb
c2a9c0f7
e39ff6e3
b3d30914
6714ae6d
897f05ee
35fef3e2
a1bbc9bc
6acdbcac
a7110370
15aef7a2
a9a0c93d
9200c142
0a800799
2470384d
86440208
9604a541
000005b1
206b9809
168008c2
8624c0e6
040106b9
203e13cf
8e00894e
92cc52f7
6e8206b9
31736eec
0e450903
834413e8
06430849
720a406c
9aadf386
d684547e
246f8e19
32721ecc
8a0c990a
97cd5adc
fae0dbf9
f335e6f0
ba8fc841
87dd5e7d
abf95b51
f26ae6f8
ba0fea15
cdc45a5c
ca7b8bf1
b377a671
aa1fe80d
a4908446
1e15045f
18301d5c
22d20ac8
9188d4c2
34244c19
083805e8
2a104ab8
d1e95c70
347bcc40
f8eece60
7f3c9db8
92b288fb
0b282adb
5cfba218
53940bd1
5ebf2e47
aa2c24ab
ce1d9289
e60cddeb
05ff1454
a241f2cb
9bd89e55
f0989364
5abe2d38
cc43f6a5
dac06901
59363b43
7e862120
a800b0e0
d24e7231
05ee591a
4a862011
8251a0f3
a1079413
1511db8c
d548d253
7b87c9c5
f2e665a4
309f0a6e
95b0d251
fcaac031
61264160
35ba3320
a2939664
b0e95520
4bb2d4b0
3b205d14
974fd2f3
68b0e197
faaee435
18ff0765
2745929f
806c7688
5c230a22
06920723
02f928c4
90eb2728
7eb226e6
2faa1d9c
0fcfd678
6872c081
1bacf531
d9bee715
3e4f9f5d
6a5b56d9
70bc7224
49da7d4f
814c3cc8
8a7a031a
709ca72e
69fb7d0e
23958ed1
1818ed18
1616e475
6bbe5712
9b918ee2
3d68e07a
1e16e4d1
73ba4772
888b4bf2
65f03a1a
1886f080
feb64033
13b314b0
0511bffe
1a363415
6f36530f
179916e0
be7140be
12967e13
ef335be2
c29f69e7
6494533a
2880feaa
9f3f8d2a
5b220030
bc37f6b7
3a963e57
6196030c
85140080
c627e077
83b69b27
e99abf8e
a77aad58
60364035
2e9e3be8
cebc8e0a
ded9547b
79fa5de2
e3ea44ad
c01f8ac8
deb850a9
ba324de6
8af0004d
c90f8a5a
d0e9d8fb
fa3f78e7
9bc4a44c
583f8ad8
7981b735
5a3d6f83
4f645d3b
f5b9462f
6be3bfe9
5aa40516
4318517b
91e8965e
7984db7d
18b72c86
8524196b
5d7c464b
2bd727bf
4871a48e
4b2cdfbb
fba8553d
6bc3bf7f
c2d144d4
4b0e563b
b508cd3f
2d072f3e
02d96406
45069ebb
35604551
18160882
0c94c052
00191f15
0a9040c8
9b0abad4
1f5a6c40
bc47181f
82062c8d
d769be74
717de928
5dd7a803
782c5e0d
575e28ca
4c0cc4d5
38992f4c
0098b4d0
02aeb851
771e45fc
8995cc6a
f71adcb9
e1e8befd
37774121
1d87fce0
f23e481b
5276b08a
49abe195
41d35395
109896c2
11f4fce9
131fc107
3589d3f0
5e99d600
a1dcdfed
0f5f1b8a
8ea8bbe2
a4bb7a03
62ef6c2a
443ebd4c
3fc71b89
4495b0b0
4666696b
4c132f8d
3944db8d
d614b4dd
6be46dfa
2e3b9897
7f5cb9df
d43ca6d3
00cd4ee4
121e2d80
2cd31b40
eab53808
50816524
2a943e16
0d5d7297
be7414a3
0a96675c
4cf9de13
3dddb3db
fc9f34f3
2041db07
13d43d0a
ae630a42
823b7cb2
9101f385
13b49d3a
adc3b3c6
8735d8f2
4b97e3a7
9751de73
8dc5d793
15b7f8b2
fb0e7b4f
6d0d3bc8
21c0c1d9
c5a417fc
4f0b1711
71a9deea
e3fe6909
dbdd27d4
640af345
61ac5be0
e3e8402d
8dfd77f8
5c0ab34b
4bbd7b70
69d8d3dd
96545de4
d99eaf58
1ae9d0f2
2b48b7f9
f6854750
fc0afb48
67fc31e2
23a8066d
9de96760
f8f1937e
47b5f9b2
6f1dd2c1
9636c1e6
3950bb4e
0bff3363
432097e9
f78b41e4
b0619ddf
0f3ebbaa
038982ed
d3ce69a6
4b500d0d
8d090ec0
814c59d9
6720cfc6
c99860ca
af4f0a46
f3540d5c
30d5aa7e
e548d439
6fef4a45
f0ca2d0d
189fa23e
0ef18520
8a2a3fca
942869dd
ef24dda6
861666fb
ed4853d6
fb4d2d79
5d73a37e
ae4d519d
6e934b0d
f14cadbd
5a7fa6d6
1f31a0e6
52301e1a
7642f19c
b7249dc0
ca802ae2
50057896
9341c4f9
5326ca45
db06d23c
388b5bc1
937eede9
536eaec1
fc9ab329
b3aa47f1
ee0a110f
0d3b838e
6f94a373
a2a055b7
8e19d16f
439a449e
1892a3b7
888027b4
1c1fd17b
f7c04ddf
eb3ab52c
339e4cc5
fade517f
407b67ea
6df4a522
c2ee7278
cb101be2
4b83c98c
69bba9a1
32c33438
5c8a4c6d
2b68b38f
8162f523
b01788fe
e9bf114e
4d52c1ac
fd36f5b2
80b726e6
d9af1d76
6ddb81ac
21f2a1a3
b29330a8
8ea65daf
a54091ad
edc678fb
1ca1a0b3
f2b73be2
22df8361
ee8f5afa
e7691c73
b1aabbf2
e8ed9171
da875f3a
246a8442
314b93d3
6e189881
9e4f7b7b
aef3c4fb
92b43b71
694e9175
ff395ffe
e6c1e261
c7d4a192
b9249135
489eff3f
e10dac6a
5fc6d713
743c8098
4d7f41f8
85ff4472
0cb41921
492cd4e0
473b65d2
a5547400
4fc405b9
7da01f7d
b8ab7ec2
c53c626a
5e87cb8f
3d24158e
d17a9ef9
009b9c2e
fdc2238f
723716e3
6a1ec656
320b38ac
723605ba
17b19543
949cd875
87b319bc
a2b097ea
b2da91be
4d3c916d
b893dc4f
c280d1ee
7f59e2e1
6bf7441a
06e2500d
caf68d74
33fb525e
3caf1a95
c5f221b0
8b222578
abdab23f
7e1a97b2
e58cc78f
1607e18e
4bcad450
4ae70032
1c886d9d
65b24734
b39095f0
26e85836
d76ec743
3bb12e52
84b0c129
977a6186
cd4106e8
35cd3287
86041583
b57a60b5
a129c2a9
11ea368d
c7cc154b
950a60a3
81218a6a
34cb328b
8e8c118b
a47afcd7
ad585e6e
24b5e286
000015b9
56f16cd4
af19d5ae
54c36c06
d100d545
f25b70b2
8f4c8d6e
26d3ae00
9a04e0d3
c679dff1
7f5f7f07
eec10298
5097ef5a
c67bfdfb
3f7f7984
6e492898
50b7e6d3
f273dffa
5d6e798d
eec96a18
d09fe253
e1ccf0e0
b132d8e1
a4b3f2e2
009fde48
b6c451f9
ba7218e9
efecd067
902ff1a2
edc47c69
ab3384f3
b5fcb377
40a7adc3
cddff122
a137985b
e6b6f6d6
a08fdc4c
d7e9f9f1
f450ea0c
ee84ccc4
b21d747e
a7c4b9ad
a3f680fc
a4c0bf67
a8abe58e
e9c9e4a1
a3368870
b7b6f7f2
e08ffc2c
e199fe10
c276a84e
a493c756
ae83583c
25c87e04
bafea2e6
b59fbf72
a2c2fc2d
2ffffef4
f56bf461
3fb7f661
79bc7d2d
166b3a63
ae597b3b
6697d404
5f28c30f
00290322
00ec6239
420010be
1282a108
6bdda6f5
b7fbb560
7fa7f7d1
fe8cff55
889f08a3
d0410c56
6b94e066
dd47fe5c
5ea62506
68844237
e2c912da
1ac3aa88
5e55e7e1
f3bdb94a
f7a7ff93
f0f5b915
49bf8863
f30139ec
779f9fcc
c5a483ec
951aa40e
2904b526
329d9ebe
3dc2ab0e
bc9f4b53
417038da
17e78e91
313e161a
189e2b42
417c62d2
07818e31
3b9f9f58
901edf58
61fff348
0f8bca31
53bbdc18
8e8e4e93
0a302cf0
067636b8
3dff9310
9b061703
307982f0
022212a8
3bbb97d0
835d8f5e
6af8c378
03e8baad
1f3fcc10
d61bd590
3821ff71
2250ae90
725f1648
16105270
3a2aeaf3
22788eb5
5a9f9748
8a14cd58
1a6afa71
2878fea5
4abf8c82
c7e14a90
dc3fba81
e96d8cc2
5c777a70
534d5800
dd32fc01
91f74614
4bbfbaf0
d62c5e30
757ed861
a3c29ef1
8c3fdaf0
4fe50818
dc3f2439
493c8c23
3c55674f
95435cb9
a856ee9b
c25b6650
7fb03202
b025de3c
d42e85b1
9342e832
769d0244
6e65081c
17350184
4f2e2d72
2564294f
cb613cb0
5a3d0dbe
5f15b682
f4389b03
4a259eb8
5e4f053f
5d0af3e0
f730e852
eff5eeeb
f57f3d65
ffc7eed8
78bffe3c
46228ee6
268b75dd
a11b5608
effad3ec
c4180146
04804254
8001403c
9a030adc
6991ebfb
f37f3de3
ff66e4c0
70bffe75
53838c35
82093b49
4b54f218
466473be
bb0e0102
2481125c
8051825e
42c33a01
ddd9cbf0
f7ffff63
ff2eece0
5affae3c
fca14e72
c779fbe2
73de2389
f8eea216
d9370622
88099e66
401cd0dd
40438a89
877bdb0d
c77b6ac8
bdcdce0b
ad3d3f9e
1379891d
9e53c664
b9e86eb9
3f58974a
e66e58b1
9a89fd75
30e0283d
856a5461
a3f0ba0f
cf7e2bc8
ed49c209
be047b9c
11daa8a4
a3fb0940
cbdf54e0
29cc8fa8
c642cd58
38ef97b5
a1346839
8d4a4d71
e0b6ac86
c745214c
4d1fd319
b780d2be
72548d2e
0ae4016d
8591d024
8b49e3a8
4c44c32a
3803879d
0d341daf
024b4243
3e1492c9
3c83c59b
32aef56f
13ea5242
ba144ce9
5c23879f
3c76b9cd
e6962646
d9a179a7
d7438fc7
b5d68d19
e494ffa5
7716975d
7d628195
0ceab91b
09bbeee3
5fa7fd5d
5143c357
1a663165
c85c1e25
7d815926
671207c8
37862290
e29cc074
fbfbd43e
3142a991
4cc11199
063dee8e
f8eaf58a
21d62584
7667018a
5e3f36ae
a5e1d8db
6336318a
27012a04
9a1c7068
83d1f8d5
b383de5a
7468e0ca
ac74d443
84d559d9
b3711d51
6664a0ca
562e2e2a
a5445dd4
23121bca
76602996
eca8342e
35b91de4
629b9c6c
f40ee49c
ac6d5c48
34b91988
f8dddc26
fe6eadcb
70642740
a0e879d0
32547880
30202804
e6366624
5b9f57cc
604e3e59
b20aa5cc
e6395ee1
53af1d98
30dabc57
48200148
ac2c4cb1
55ab5bd4
7bd67f90
7020684c
bf7e76a9
d6f8bafb
76ece735
6e33446e
be5b733b
127abeb5
f2814731
6dbc7023
9e665503
47d21ec5
919151b2
71b66822
87625cc6
f89c3b7b
f6ccf4b1
0a311460
53fb2339
d4fa5e05
b9338db8
28fe47b3
ee5a3d89
05c8dce1
b313609a
70a84a06
81407c0e
95ba5d8b
a46e86a5
88bc0763
49fa623c
9092fc8f
a8468221
089e5777
af5b3994
a5302de9
8e522098
c0ac514a
a19afb8e
f90b7603
f17edc61
a7f7269b
489f9ef1
f29e7720
a3cbd362
ac9e1b21
516d8791
421e3779
a6fd44a8
4c8a9323
5148d51b
c01a7301
33b2dcfa
a3a032b8
505f5bc0
3fa6432f
8ba8cc5a
91543d1d
63e317f1
7db6a3f7
c5e503b0
4e1611ef
40e0656d
85997195
12167c72
ab748eb0
42975b80
30be7766
52468a4b
b90bc19d
609b5fbb
1b0e3735
80c1808d
8904d509
614245a9
abfce7ba
a73e85a2
bdaf625a
8cb7fd2c
83f8ebf2
b718c0f2
99fd5ea6
ae0859a9
f2b449e6
b6414068
eb52d0d4
ac2ba9ba
60c9fc3c
2d38ada0
c97d7a49
6ac11f36
a983e59b
2a95e244
6a28024b
643c1708
aea04181
cc0046f6
3a32546c
cdca63ac
6891e504
d879ee98
73d3f2d1
f08018ce
eea6a109
30efaec3
1adc68f9
f0f23748
3da42584
80a640a5
09906c4c
efe8148d
580e9355
308097be
db92b410
17d916d2
5f589225
fc89411e
c89256d0
162911a2
7aff07f5
745120ab
cb0ad1c3
e2184123
4e0b1311
30b391a4
c6122c1a
156f7e56
1d9d3325
f4abcc0b
f2926010
121c1d64
bda971f7
761860ab
5b9392e8
ea0f1103
220e0595
18f310a5
00a4183b
0f6f6c8f
8b8b3516
70bfd275
70026473
57e62d93
9d8871d3
728e7e1b
7812ce65
f70e15d2
e2494102
e9e218cb
e1dcabb3
01479ef5
e948cb09
f5ef9845
d5eead39
08cd97bd
fa4a7712
f1ef5a62
fdec2b3b
085dd631
f3245d80
828788e7
c19c1d65
6d4fac6f
afadfd14
eb5fc8a2
c18fb9f1
57ee0aa9
f3a9f716
d737c8a6
c137fdd3
46cf41af
c7af73d1
6f3dcd0e
30d7b3e6
c7a8c491
2fa91dd1
7f3ccf0f
13d7b566
d62810d1
33a93dd1
373ddd2c
32f7aff6
e428589b
0a962b9e
4cd1265c
45691b49
be44211b
0be72b9f
dd78becf
41763b1b
e685e097
dd7ddc98
1932fed7
91ec291b
e0f72465
d8942b4f
12c92071
57651f62
33d63594
4e9432de
0dd094fb
504a5740
e064810e
fd42d695
7da8ea17
b06dac55
e87c2d5b
0a9fa10a
92c122a2
47e57ee0
334714a5
4a8f6342
95c87939
54c3fa40
11479936
56177207
dd88ef1d
f4d70b11
a55731d2
1b6bb310
e1bd2f0e
150d8511
648855bd
77737b90
c5b02cae
5f48849f
26ac37db
33fb5b22
e75d0aaa
8f46821f
440c75b9
2867b20e
93942807
96074d17
2148918e
6032baa3
959ae103
942d21ae
0d59fbc2
7d286f32
9fd51066
9962891c
0665e6b9
bbcbb520
bb358b92
95bf78f3
4978f90e
cbcb9db0
3a179fb7
bebe39f2
4959fb5e
4bfacf30
b1715de6
b9e2f8f3
5aadee1d
633e9bcd
3a5943f2
c67c292f
9578e782
4bc695f9
b2b199b3
0636dd0e
4177e697
f8a2070f
c5c23f98
2a56d18b
e68526fc
7d3495dd
82e093f8
1644994d
df76c7c3
7dd4a7f9
82f13fb8
0224a7fe
88e25f87
c8b32097
33c32b3e
28fe838e
b9d727fe
3c20890d
06c22019
c00a012c
8ed3b7ea
0d908721
0883370a
5c760dec
0b7f7fc2
f4b20055
74c33b3c
fbe2c8da
b3c33bfe
5852928c
fba8830a
b492d218
8628baee
dafaa2c0
bfa0e58b
25b3fa14
2f2a09ed
f9ebecd5
b7bcdb6b
1fbfbec2
ec4a09a9
b2789019
b961a3e6
e5a27299
062bface
9f5fa853
8b457343
adb3b6fa
ebab92ef
64e0ead7
773cf18e
8fbf2ea4
a8ce19ff
5269df65
b3d18ba6
c5ab589b
8b23ed1e
9279f267
f784e92c
67b7fedc
b323e99f
a6f1facd
5f2eeb8f
f6ff2edc
b2d1333e
08870ed5
0018f512
0338b871
e33b1e12
3d84ae44
4a79f25e
0a3f3254
e2b36ad2
b1b18847
5668714e
a2376c14
62b2aa1c
2e872792
9214bc92
18813773
e7fe1e8a
c427a1a6
38b6a013
ace11cee
e51b6e3a
c6789e35
742f834d
82207c98
8043a37c
0a47a518
a3140bf2
14a3fbe3
6148fc0f
ef6db7bc
eb5d09bc
4ce3f0aa
ec09c00b
2079dff9
7b7ecbcd
cce9a898
80c1ea13
33b7abd9
5a5974b6
4f5cc53f
bd3c371b
bdbaa96f
0c8be635
4c19606c
bfb8320b
82a18266
c4010a29
4032409c
bfe091cc
7abb2f1e
181b3d95
4ecc46aa
717c3743
ae7a982f
acdaf77d
1c78406a
767a033a
96219087
e408cb8c
702e502c
af42891c
7f9f151a
289f7496
4acc0f29
567c1603
f99b55dd
283e7486
1add131d
7c3c1e1f
8222500c
2210869c
119d343c
af68193e
85ca7391
f3ade42f
743d7eeb
2a4f590d
a1dae2a0
37f5c23f
15233a6b
1b4edb23
2c4eb798
28a1c8b7
142cb1fe
514e0003
b1496b19
a3fc268e
151cfe30
b84c9f3d
9273bbd1
edf0b899
144e7c6e
076dd2c3
ea0f9710
2d91da19
004a709f
43659dcb
f3f16b14
827d3c4a
479ab643
a49cd43d
e33d4f8c
a9dd3fc0
6c498109
0d5ddc33
ca2f7701
2595de15
584fc9de
0547dcca
cedede37
7ccfdfbd
6aaa7da1
5efea3a1
ced3ec3a
7cc7d795
6fdc2fa3
575ea1a3
ef554c01
7ce9bbd7
6efc79e9
6d4a83b7
a0e89c64
5fc9cd7d
06b7ec68
63a18213
96f8cca8
1509c937
4685ecee
7b81e252
9de58820
46288dd4
665b6cc4
e280be36
11f11c55
0e587a50
a020c25c
ac015ae2
d5b11c55
0e511898
800042dc
ae1156a0
a5a518f6
06523890
800008d0
e8b85e62
f3eb7c04
e7761cba
bc8672b0
e0845561
a36f3fb7
43b79d6c
beb49a82
f1a4d928
176b3955
b3f75aa7
94a01e30
f16cdd6b
dbe7ee82
c755ac68
35eab2d2
bce054ff
c2dfd6fb
e7270f68
8ea9fe34
92e5c52a
337acaa4
a016afa8
9ea98fd8
bf8bb1bb
4fe69e34
cb388ecc
b5fef3de
d5649c2f
dd5fbcfc
19bb09d0
73b2b6ea
f5fc8442
b341bced
181b0984
f3b29be0
f487b600
022765f5
5c95e69d
1435192b
87568883
03277423
5414be55
393d10bb
0c5789a1
026f75bf
24170695
1c21918f
c45d4883
e7042e74
74dae111
16678561
be7c22d3
95867c40
240871b3
1a7780d1
3d3d0973
9b275159
7c2e64a5
5b35b85d
501d0953
5a8f9bd8
7c81fdb3
575bf1c1
1b7cb796
5b879b5d
7c8b79bb
767e72f3
7b7c25d7
bfc79fd8
7dab5db7
767b794f
53fc2553
1fa480fc
84866357
533bd57c
fff823a4
9f25a1be
d1a65545
498f492e
4ce820e7
6c74272f
e5c706c7
cf4981ab
d4412947
0c849a10
d2e639a5
531bc45c
3f7c39b2
a6d793df
e2aefde3
6dbb6c7c
3cff2677
3ad5bb3e
f64e87c0
cf6dd4e2
f405cd77
2484da43
872009b8
9507a2d8
af03f1b2
26cfbbcb
b768dbaa
04252c46
6f33f5b0
1acdbb23
a7580fa8
cd677083
a731fd34
1a76a7ca
c44516ba
1d65bbc3
93c044cb
78736d4e
89991e04
09f527c6
43c57d8f
f30b6c82
193ff942
b1fd2e35
091f1ed1
681f275f
05c5df1a
3d1c5fe7
91c1e92d
f68eec06
2119cd25
47afe4f6
ebe2411d
f40a5c80
3b3afa72
31f82635
081f1200
681f6332
31c7d845
8e815d71
51cb748d
e60b6107
791ef886
b323ac15
00c74251
9188dd99
5a3d56d2
7bd9ba51
009e9642
c9c03576
53b87101
72238bd2
e6a63348
c8832243
50d9554c
e2234ef0
e6619bd8
d6cb92c7
5a8cf75a
70ba6ee4
3f6a199a
d9d039c2
12cce12c
6abb86e0
b3ea3398
4450aad7
52c45bee
faf64aa0
78ea7854
a45dde98
aae687f9
30babe25
6b2ac804
9d10ba4e
d2a80a2e
731f66e7
f5ca1134
65743a4c
de2999ee
015cf22f
b9e89170
4c4432a8
aa3b8879
31dcf12f
0d6885a5
063503eb
4fa423bc
44090d61
a700453f
ce75877c
aefc278e
4f2b616b
a644263f
00668bdc
26bcefbe
1522209f
b6f074db
4e1517ac
2b8ca536
100b3169
2e2a7f36
cc958e08
9fc937b9
536665e8
efb16f3a
7e12a782
c71879b6
1768537a
b7b72b88
428dcb2e
ebb8bbb6
15c330ca
dea3dcbe
de9c8e09
e1889132
02ed459b
1fb33a3c
f6cbcf0d
eb38cbb6
16e9725e
b6e3b85c
c8de7e04
b118b7b9
b72ba263
fffb1c36
ec9e3764
ab7ab73b
b5eba22b
bdbf1c26
8496877c
bb6296fb
b742a022
97bf9426
48b6634c
e3c39337
ff076340
879bfdb6
4b2643d4
c8d0d03f
9dbff72c
978a7b0e
0e9686c4
caca8037
97f32725
93177696
2a16ed18
81c32036
d717f28b
67da3486
1e1ee599
82cbe424
d7bd7723
2fde7685
2a0e2120
8283c036
d1a47723
b1eef6a4
dbe1e42a
dc34d9c5
aaf57bb2
4287cb1d
b2abec97
4515f50d
ace93a7f
ac03cab9
ff2dfc28
18adf20d
eeb92a7e
08cbea19
cbe1e27f
8b37ddcd
eafd7fa3
f1ab8d2c
806ffa67
4524961a
add9321b
bd11ebf7
ab7c9f3d
0ab7c6be
cbbd9c9a
4f68e685
cd71e2fa
f5179c45
f7dfd5d6
f9ac8b38
c57a5ad4
5586a606
f19d9d1e
f7eae1a8
017eba3d
13b7c037
c3bd8cda
7a6ae4ec
1b4a7480
3d1a8e13
34f1339a
42cf54c4
754af481
1d3baa57
b5b1379a
00cfb240
174a74b0
391ac877
74f13ba3
404e9880
270a2484
318e2091
f6b15e22
82760702
070ac4b4
9d37e9d2
ae7dd207
c213220a
4106b49f
0d28c617
38169b83
4c6c21c2
00802083
9489e2b5
c124dc02
944401e7
0084a037
b40ec037
c326dc02
d22203e7
0006a02e
242b863f
4104150f
ccc821e5
68b6050e
eae4a246
7303911b
26350af4
7cfb0b7f
2c55b4b0
2d92b987
e4154afc
7e3b8643
bc9dfa25
b9bf7e3f
0f6f039c
db13c50f
896403c6
c0a3f52a
0b2e9bf4
4fe1c753
2d6c67c1
c5323973
820e8994
4733e7cb
7dadea3f
5edfffff
4dc6ab98
da71e577
b90d6dd6
4f63dda0
97869767
7b51f022
f1247f9f
6663d7e1
5986973f
c271e6f9
5fafe91d
66fb4d98
58c6a296
4d16871b
09668ccc
1ed4b993
419c8477
68e0eb3b
4f6e9fa1
1e45191b
509cb935
ff62fcac
543faf2f
1fcf02df
6c0ca941
6dbe9c39
4d4e96cd
3adf39a7
41bb7eff
88c49cbe
06132501
00e63165
389a7cb3
a4d0d93c
023f2302
16bf819e
7e9c3877
25ee9dcb
0c729087
08cb111f
49b96ee9
32efdddf
04321622
0843213e
b8b83672
b5e1fdbc
02330a9a
0547302e
acb83123
95051455
18b0f914
5610bc76
a17e4242
6ba61759
14396895
0220b076
e17a670a
198414d9
1890b813
10303556
e0be56ea
7b865623
00913d15
4340a1dd
e75476e2
fa821f44
b4d33a14
e998644a
3bf7f6af
ab8a02cd
c6b67a92
c00c6f70
ab5e74aa
1d805004
72a0ce12
531ba47d
364e1040
29815808
e6220832
f31e9475
5ebe5802
a5804488
82228a12
315da57d
761e1840
e59a4bc5
42d5725c
62abc6fc
bf5b1359
2db7298a
46a52659
a29792cd
3ed3837b
bf964f0b
4a7eaadd
31913b5d
e49732d9
fbb0d4cc
46d5f739
62a6c2ea
ff5b8b01
adb46dcd
ab66f55b
e0b58aa8
fff2bb9a
bacc6f4a
0b67fa5d
21ed3f0d
a8d77a39
8b38dc77
4283e77d
c3b7c6bc
f6164f63
b994d8de
0ae06505
c2374e3c
fa1c3256
a2445b4c
0b65a8de
515f2e05
aa1b0936
12a529f1
1eb158bb
4904882d
b5602553
36351dcc
509bfa1d
480c4c1d
6c7031a1
bea08d5d
50fb32a5
4a14c48c
fbfa42d9
6d2636b5
e6a89029
b15b9533
2405b571
7220340a
02db9ec8
e0448c00
26e1aa65
c42a909a
14c738c7
6a94499c
01f046a8
2e86f200
e2a88030
b51ff7f3
ebc2f814
8945be50
f2329773
b7bfb4e2
d9eea80c
8b5bbd58
7b3efbd6
7efcec68
586e3c4b
7b06642e
058d1245
60d773ea
c0c094ed
368e6c0e
8eedd105
76a5ffe2
09483529
b4842706
868dd015
402d7f66
a9c81121
7f46e4be
4d86060d
35d47feb
c7c4b4ad
7f03ecb4
0c175585
14a068e6
3768220d
b00ca283
3a2672dd
74bae5ec
ee424269
e947e4be
2db79e8e
55f4f9ed
f64c04e5
e907d59a
31b7044d
5874ad64
f36c04ed
ad0c949d
5286645f
79b42c6c
274c426d
19c400f3
1c20e035
10303370
235a8144
0dc544f3
7c118817
1032b2f4
21fc9054
99850ce2
1c888011
1371baf4
22c7806c
a3cdfd99
e17aca22
d9efc4d1
e5bc5c6c
e5e97d1d
f57b2aa2
fee9acd2
e93d18fc
c3cb7fb1
bd99e8a0
16612a40
a92ddd2c
f5f9ae84
83780860
e3a4d6d2
aa82d9bc
e5d8af45
85d8a2e2
e38584d3
a080ab7d
43593e24
a1590262
a3c19459
a820cdad
37f9cb66
dd717b18
a8730a15
b8357b3d
5651cba1
61a71986
c4e66321
38fda33f
bc1cd327
61e3037d
e68ac20c
19fbb7be
e3b14f0a
84d130e1
8a149059
bf7f7b38
65887413
ecd86088
b017b159
106d6b1e
7a89d517
60832400
7db755ad
dbcdb38c
aba4050f
a41b8444
19fc596e
af6859e9
efa24183
34926887
b03475f6
cf6e39a8
eb8a0106
b2b100a4
09b67462
2b6c35ac
1cd485d1
9a814331
4338d92e
bb7a3d46
2ed2865d
5088e5db
f272e0d4
f1742a5a
2ab7274f
d521ae57
ef575cd8
7c97aa73
68d6850d
1ae03331
6320c96e
336eb1ce
a0caff59
4efa7bb1
f369e3e0
9944207f
a2b1dfcd
15febd4b
cd55a7c8
3eff43b3
4884810c
92a112b1
412c5d6a
334e12c7
8e86a5d9
7eead6f1
43726dfb
736e2043
a5152dd9
7eaf9eff
6b5aeded
5eee0243
8ae7e732
b116baac
4386dbeb
55e87ce6
ca87c734
e1530026
41af5fee
5dd916dc
4c5e4f3d
b9d21584
45a94be2
c555f4b2
236ff490
2b7579a8
06233cef
49c974db
2befed19
031b4e25
4aa07cea
11dc7b69
2ccf3da1
43513580
408771e2
a774d9f5
264ef806
7764b329
bc9bba97
49cbe8da
975ff493
7f4d632b
1eb33af6
417a9df9
4f4ff023
ab4147e8
9ef3f2a7
c3359955
2ad72f14
915cb69a
572fcee2
ff787db2
c88231a2
73dee8de
5ea1dae2
a61f8aea
dc01d6a1
7b96db6e
70abc46c
2f6adacc
025f2b30
7371b2b8
0e6bbea3
ed1f7d12
533b6392
6d53c895
a8305ee6
a7924d63
c10bd736
7d97483f
482adcaa
2f0cc068
224eef24
b17883a2
942bba3b
cdf9ed96
23dbe7b0
29741184
84a17faa
c1f9ed33
6b6b9f75
7df77bb6
feaaf0fa
176dcf8d
77e97e1d
e7139d0e
b7a7a688
78f9f1b8
049f4699
c91284dc
b7d3bbef
7f3de48e
0c164fb8
0812b684
b5ccab2a
f79f36e6
21ee3e78
cf174d98
b3d31e0e
a0fc802a
6747eed8
c66b6a5c
96578f3a
b1ed30be
0816e6b8
88438075
87c4852b
51df7e76
04ae0ed8
2c7c985b
9240834e
e9f828ea
5b0e271d
884b88c3
9348753b
51f92841
490e2527
a0830461
0124d123
57aa76a1
feccfe33
dd4fcdc5
3dde39a9
cf8f6ab5
f6a7dc34
7c13c525
31be60bd
ec4c2b95
96ad0886
c4018ee5
233a50fc
ef5bc3d9
b0bcabe4
5569ce70
1df57ce8
ee81642f
0a9493e4
2f198742
34dce027
ff0263a3
798f9146
20000fd0
621154c4
bf8a7368
d1f1df67
335d3dd8
ece0d2c2
a535dcaa
c1e9dfea
35141998
4e045042
a60616ea
b1c9dd53
23767990
62a102d8
9e9c176a
49075f9b
0232aa13
15d899a7
6ffd94f8
090f7f8a
1bb2ec23
c8d4d9a1
61fc9474
d90bd313
3890eda1
d1a4c523
977d4674
39025e89
547aa000
8550b51d
edad6866
595bd655
75fab9e9
c85e8511
b19dd966
438bd201
37f269a3
c006c411
155d4a78
bd93db6a
45ce250a
4e51015d
1fbd72ee
f5dbda3a
11866d0e
5659055d
1f1d6288
855bd31b
158e6d0c
5a094458
121d52ca
a77bf6b1
71bf61a7
1fa7bc03
490c5d05
b27bfb84
77f15cab
1e0fb24b
dd4c215f
040b0782
41a5ea1f
809f86bf
01cf05cb
3641e5f8
3bb92d83
5627fcc2
302cda15
bebfe7e1
374a2b87
5e37ec4e
c34f269b
4e3fa732
5ca4ac3f
52bf2c8e
5fc730cb
33c1fd74
13b53f8a
4663e8c2
b257da06
e0bdfb70
2bc87b8a
6e21e8da
8ecff643
4a3fb7f2
0195b807
42a9789c
0941f6c2
b1696d1d
1bdb5be4
4dec8a6d
966e0f8b
b449df3d
31b349f5
47eafeae
827fc648
2c3dbd27
a15034e0
4f00d283
d232d552
83eb513d
d1121af0
0b6c9a7b
b66d4ebb
eed0da7b
7d7aa395
552bffed
8bff465a
35e9d997
b1521ea0
4d0267e1
8a9a1308
93a7050d
84700aa0
8928aa7f
af7d6dbd
eb920255
44f8f083
b822f765
a1110a70
5faa1316
24d02ce9
c9227367
ad39f120
032a740f
8e6e0f4e
8cd11b1f
8cc04cec
67215315
cc340988
0dc15f0e
c4c0cbcd
376059a7
c61516ca
4f54911f
8480e8e5
071ac46e
4f6ecd4c
3ddd33dc
4ca8cdac
238b7031
2826d0c0
1ce71c76
59ffdc89
f6705918
0c6432c3
8101151a
c801e923
bd63fefa
4d3ffd4e
1fdfb3dd
dcb4cd7c
b1b3764e
057eb740
345d135c
ccb98d71
b5e556cb
046232c1
0109015c
8c594171
4d071fcb
2919a818
16440587
25589366
e9c51e89
0f89a8d0
5246f55d
27989337
9fcf9a98
7aa8eb3b
56626dbd
2b7c163d
545a7f5f
2d162e8a
0ce41283
01c27f47
355c2b9b
079366cc
5ee0b79c
1623d719
1f450c98
3a4be937
562abd2c
6d7e9601
58472d06
2805e6c9
2cd47a91
53064ec5
3856a01d
7647ffff
aef7dea8
7bc20b45
1c060d98
2a22fa5b
36dcaf2c
6f7e1742
fe9ad712
21c4373c
3dae12ab
be5b32c2
90024306
0115279c
21951a0d
bf1392c6
1f16429b
0a00be94
33cdbf3d
b797bec6
c8d1d54b
97d13324
eaa4c3c0
9a5b7a4c
0122064f
0b9d3a84
22941315
04e8f606
3d9002eb
8aea3ec7
b15c9569
b1dbbf8c
b9f1ec7f
9ed750e4
eb2cc8ba
98c66b6e
39d7826f
ceda70ef
ebd8589d
18e2eb3e
1df5a83f
86eb26e6
ab0ad0b9
b042eb2c
1161a0aa
79ba899f
ca40e5e4
9664c569
d360b40b
71aacfdf
ca54e54c
4ae6946d
a56db80c
302a83fd
c744459c
d034d468
0241e96d
cb330b38
c52e6ced
3505f12e
c042f029
312b8b4f
56e46fa5
2891b66c
b04d5e6c
d32b0b58
d6e66998
a091b764
23ac0f5d
869002b3
212e987f
b763672d
b38e17f9
ca91b8d1
a1fc5697
b017192f
b6a41359
8a1018d1
a134d15d
b533432e
54c97275
fab0f7bf
633952a6
9e1f1bc2
5ac53852
fe90f1ad
71be4c85
c0b59b46
6bf72cd5
dd1df14c
15b66e20
0d019de3
eacd33f5
dbc073f3
603cd223
9f4f5f0b
7b4e1777
8bc3e5dc
70bf4aa0
79a7824a
5ad21cd3
8a1df35b
71bc4ea1
4dda3063
a38e2185
a0c012f2
b1a45a73
2f4f7cad
3b8c3316
a04412f0
39635e22
2f2f54a1
5a8b12c7
50847658
f1a55733
372613a5
ec28d5eb
2384022c
d052139b
86c508fb
c06e656f
42d406e8
c8611fee
9c4108bb
9074f16b
068406ed
8c2b036f
9e4f09bb
ed7cdfda
2aa445a4
dded8d67
2668f417
d9f5c748
22e45704
f44d67ff
f3eabc16
9ab4e342
ceec1d2d
fd47457d
fbc06df3
8939fbdb
fafe01ae
1249054e
750054f5
c929d95a
b95d59ca
b7414059
5c125c25
f5b5f3cf
93ec0d8a
c245c44d
a5027d77
9495aaf0
5c98f037
0e3ebc74
b97bc290
9eb12eb0
7c78fdf7
1eaeb470
f37bc210
18f52f76
503abc1f
1f96b193
62b68693
e19bfe25
583becd4
04a63c84
c1f76a91
9eebbc27
7d1cfad4
a2cee02c
cbb58bc6
028b7b84
741fea47
9c06ecbf
6c3d1133
1b8f751c
38332e96
04613c2a
22be1603
338fc5bc
20336eda
0662388e
6ebe9402
328bf510
20b36e50
5402788a
3e3c1401
780a570a
33922805
ccd2138b
91573ed2
784a51e8
31b2b9a5
ac569736
95631a72
485f47a9
3892e0ad
cc01133f
914d12c2
487bdbca
51eb8b85
ca800e0b
59b52ac6
793ddb4a
55de8bc6
ac0446b8
9d81229c
4b57c34a
51d9aacd
ee4887b9
795f2bc0
ad9f59da
51c3524c
64184968
5e2e34c2
ad2c5bde
41df5848
62084970
5d6c74c0
c917f14f
51df2c4c
42544d69
560e26c0
abae63ea
cfe170b3
da3533e6
5353b155
2bae87db
cfe87af0
d3b35bce
094171fc
7a56877f
8ee9e033
8bb17bed
5b730194
7cb42838
a8c3b6f3
db37fee1
73537155
a6b728d2
8628fa68
d3954e41
a02375e8
72d4c6dd
88e8c673
ab51d7ed
483b00f7
263c0a81
aaf3e2e3
9bbfbe23
6bc37154
62344451
ac79f663
9bb6bef5
79a2eb54
5a346664
9c198e73
8957d597
41b3cbf4
9a169589
3aa285f6
a158e13f
573fb646
9f50051d
b032d797
a352f53d
c46637c6
0bf52767
c5610daa
2b52c097
f3a6259e
8d028109
00c212f1
91a0213b
576f77ce
d96447ca
42e60340
99a487a8
dbdf4fbb
25a30040
d75c7f00
ea5a0a73
f3977f3e
1902018f
1aa08a84
1164292f
1f6426c1
1dab2352
52a45685
106c45ec
5fc62d90
d7a363c6
f4c85e8e
fc5b4757
fb83fd98
f7b9db44
c1523f5e
938f8640
fda05ebe
a69b4947
c1161fe8
2b89c248
fea01f8a
f3b24977
e7569fe8
2bcb4e58
ae20bdae
72bbdb32
011b2d3e
17022086
39bcbe14
d29ab94d
350e2eaa
1a746c4e
4e3ffe9c
828b5954
0b360da2
2be2fac2
b33c5ec6
6687bf78
03b12eb0
57e2309b
917c7407
6fe79fb9
26b136a2
54e639bf
95acb607
2bebbdb4
22b102b2
15e67baa
922cf40f
dadafacf
6dfebf4c
fcf76fc1
dad7aeb8
defaf79a
e3bf7b6c
fecf076e
5c47e622
cc1aff83
f3eefb6f
becf2f64
1d5feef8
d0f8dab0
bfbf5d4d
ee714648
1853e616
93f4f5b8
39331fce
e6f5c048
d022f312
ffd1d4f9
f9aa0577
aeb54fc8
da13f656
f05aca5a
07822512
ce614601
12772686
b7c0ceac
03b22730
54e84b11
1a3ff786
2751dee9
8bc23357
cc8dd389
d333b706
f49a9fe5
2382f1fd
c608c534
3d7ad240
a6908269
66d5613c
5703d46d
325ab35b
2697a3be
0284279e
160dd1fd
b6d283df
f00a9ce4
7683d8b5
ea52d5bc
edf856a8
b2f90cba
c6f12168
e75681dd
4b1baae1
79c6a1ae
028127bc
1e8bd1f9
bf50c60f
a118f4e7
3eab0c5d
418eb40e
e5d040a5
2da6ad7a
aa910660
cbacb5fe
6bd0c4ad
29c4a12e
82d324e4
0ca4d1aa
b74091a7
6f870db2
9151b958
5654fd91
61bc9634
6383ae17
970cad54
56177970
2b96d7b5
7af9aa4c
75efeb1d
4eb76dec
6b50e3bd
0a06db33
015139d8
7654bf80
a3be9732
16c6869c
13308194
46513318
9e96a2e3
2273a648
5dafeb1e
cebf6d9c
0b13eaf6
5e47da53
1b517d1b
7e55be80
13fe9641
165bbbe2
27b1ab8c
768d1a00
849fa7ae
2671f6e8
5d6eab0d
cecfdd9c
5897ea52
10ab2b50
483d1482
4c143807
59841c0d
3b69b5f0
4afdbd88
4d44b817
5bac4e47
bd69d4c3
2ff574e9
4a70b497
02a0610d
54c14399
02957450
10c51e02
123f120d
7f9723a1
5fd9bbc2
71cb9cf7
8165dacf
f92b9043
de9d7e6d
38f47e74
0b64cbcd
7de105d9
1c9c7481
5a441d67
5074034f
29a30177
55153e81
7be40925
d1750f8e
ffa1005f
5e9c7a47
71fc0c7c
09648bcd
fb79f4ba
b461182f
6a73aabe
c8e12f1a
2b799f59
2b9b7b0e
583a4dac
39688024
356d9b7d
3eb9e930
522c34e4
2a7b5100
8ad865aa
b567012d
eee499ba
4a43a0d1
2a45146f
4ea769a9
cd6b2118
6bd8c1b8
0dc797cf
0fbeeeb8
5c97f7bf
36ea136c
eafc75c7
317b063f
da66daa2
3982e7c7
8e82b04d
392ec07d
991900f0
7f20d2a6
0f4385dc
5c2ef61f
1694cf3c
6c5e52ea
eb48f402
f9a20ac5
e1f2138b
8e879c8e
8658520f
939a998e
f12bc7ae
067c10ea
2efd1a5c
db94fb1a
530fed68
ef3c54b2
ed50e5b3
86e14aa5
e9fc5b9a
02c6adac
93025741
9719c648
1847d48d
0f95e2e1
16ab5a4c
57543f1a
5407ad51
653d70f3
ebe5b53c
ae3f4ca4
6dfc59fa
2cc88d2f
acf68d34
6f7df394
4ebf909a
8d59ca4b
36fbce59
6d7cfb19
5e4bead1
fdb77e5b
c40dd370
3a90f8bc
57286d36
1d4c4941
b2f127e4
660262bc
5e3206ef
bd5a0b5b
a6fda3cf
664ea61d
030bc6eb
ae1b0b9b
064f7290
2c94bd99
571b2d4f
6d2c5516
a6d467c8
ac6ac19d
7e97a26f
a7981c12
a8d4ab4f
e3cf571e
c21b47e0
afb25e92
b47ef282
e612b509
b68ba30d
ec1bf0b4
b19efec2
a3265140
ad83a21c
6d0314f0
b9987cc4
83cb5b4a
c2c12660
af977c70
199608cb
99424c73
ba776b61
73ff3412
48d48ace
986aaad7
f8677961
b1773cb3
48d40f7d
9c3b9917
e74ce979
61ffbc37
598eb91d
a803c47d
ba326b61
71bab519
3df61b59
864a850d
f46aa76d
ad91f373
08d58ff9
0a3b8113
c7488569
68fbba12
5a969919
a22f84fb
bad6ff61
63fab41a
081c4f3d
824b8c7b
9a18f7eb
68baf012
18940fa8
000b8a12
0248b3ef
4abbb610
e1297e33
3736b858
2092a4f4
60f4c921
e36b7ca7
b73ebbc8
a86ffca0
6276c121
e3e918dd
763df81a
c0346c50
60b2c931
94ca76d5
53309f1a
a013b255
16336877
899a77c5
3931394f
34b9205d
1377734c
27e252f9
1711a9d9
a23b2c5e
a477c910
56805a40
61a8c54b
b453665d
4a89fa10
94d15ed2
43c82d8b
b6298a59
9a39fa50
14910a48
4f48e91b
b27ba65c
0b93fa12
12ce26d2
b758862b
27a33a7b
08431d0b
3cd6a6ff
d548d679
b6677273
b91bbd37
4ff52efd
9d58bd37
bf77f873
71b3fd16
b6e622d6
c348062c
b1e80e39
adc55d8c
77f48cda
f34b4569
b1b45e68
ef937d4a
6af6ad61
cd5be578
bfdd4eb1
bfb3fd9e
2566008b
86b40268
01e03abf
a5401da8
6d602003
07dc183a
01a452ab
cc59bda0
70f9b9a3
87570088
cca05082
95319d66
37f58cf8
8e715870
e814e464
3960ad79
a5b58ce2
847015b2
42a471f1
b3724cec
4d8f67f9
0896b492
1528b3f3
745e1063
46f00cf2
844a11c1
a846402c
dca3f1bb
41d7984e
f660e891
5807cdb9
333cf23e
af5ee339
22c6661a
15ad1be3
b75c55a6
5ef98f73
fd45fff5
e8ac59f0
5ba3ee5b
5a659efb
3f64f9b3
7eb3b9f1
5b5ecbce
b85fb63d
1ba7039e
56af3ba3
797eb186
d71fdca1
7036e837
97927531
61bb8af5
13aeb424
e4d3e737
17077033
ef38c1c3
020ea727
24c1073b
4f0bd1eb
a648815b
d52ff401
f933ecbf
d6d33394
4bbf9360
a7be20fb
efd3d4bc
bfd7b732
c39a918b
021fa72c
c0c20379
c7bbd7eb
a7c8413f
c4aef0e3
fcaaa87f
b793b704
58179330
039ea4de
e8ae1023
159f0f69
7db834b6
209fa4be
a0eb80a3
17a859eb
e9ba3425
ec9f7e83
e13ab872
b3d7b69c
7abb5630
7a92ed64
e3735230
8b833ba5
b2b0cd33
589a2b74
23f50328
158be3e3
9608d59b
a78374a3
0921bcd4
37ddb696
4a9f9710
b4b3e166
097983d4
15c67b17
8a064508
059abb77
6ddb9528
15b2f5e7
3f0ccc83
811374b0
2957f451
baddbeb0
489fff0a
859aeba1
e86be251
bc91f394
419f9508
0a9ae770
29d77023
bc8bcb33
5d3536c9
170f13d1
2316384c
e289a535
b928d271
2785cad5
6f3079df
a64ded1d
a9985673
1ba58ad7
543ffc58
9317ec5d
63bad7f1
804fdf7b
63b7198f
c4c33b8e
c1c5e261
86cffe71
5fb519be
e4613e9f
9183d345
f2eb02f1
4f36bb15
82d81c9c
617f97db
764efa6c
6554bb17
eceb3a92
89dbeb9c
4b4feae6
1d5de937
eeebf79e
93c7fb8c
12f38260
7d04ff17
eea9599c
5b9f93da
1191917d
5c81c6b1
4a2cc574
97666002
e1859c99
5880cc31
e1785595
78ec9446
08c51c3d
58208c93
c170115b
dbffe405
3af59d39
06c1c634
f80d5926
6f58d071
6c850ecc
8ac0e57b
51aad73b
2b48784f
38c809bc
62c2c4b2
5902b17b
a37004fd
68349dad
ae4f5ffe
dcced362
651ad57a
4e7f29b1
24218c1e
888edd22
e14045f8
6eee0914
66a00c98
06f242a6
a54070fc
f1a958d0
48377c54
b3d4b654
68bfd6e8
f428dcb0
70b27073
a390f014
4439d2c0
312a5577
757316e1
6902d19f
5a3bc0cb
e5a8d820
48366497
11083316
483a52c8
a51890c3
3246c5b5
312477bb
dd191a43
0dbc87ff
44f656e3
6d12dfab
5fbea18b
f1205017
44464485
232c0676
3e1c0369
843099cf
546a1067
6106c2e9
fa0068eb
4e37877f
44e41065
6902cbe9
5da0a5eb
da334777
6b57ba7a
0ec8909d
16358ad3
fc338383
e3553bce
af078699
9c17e3dd
bcbbcb06
c3563dce
af8d0209
bc91fbcf
6c0509b6
3881f73d
4f1a35bc
175206d1
efa58aa9
5ecd7b57
0f2d02fc
33a3e399
bdb9c1ac
074764d6
8e93d382
d293e308
8806058b
5287a43d
4a50352f
565e02e1
b9276562
1685f01c
4b0f9297
f65d0b60
bb7bf537
32956c8c
4e835aa2
f43547ab
2fa7095f
8e313e98
0859d844
e5b0158e
0ea2056d
021036aa
08180846
c7300448
03ab8954
c4116f3a
4a104014
af3855c8
f7ebb3d3
89397f0e
64d3eac2
60a0d41c
51991b97
0579e60f
1bc62ece
e4a00468
06fbbf5f
2b3e6b0e
72d93e24
2c385d19
cd59da61
6b757f59
f6dbe290
50b1f352
b649da6c
6b3fff98
f6dba29d
d8f1d956
2259ded9
2b7ffbda
b6d9abb8
40bf7d16
12e74c86
885190e2
2bf76e80
d1617c19
398b6807
0871e856
23bf8ed4
69350c90
fd8b5881
387bf851
b1947e30
693b96c0
6c076c0b
1c5b1691
6a712c02
90c42011
280f6ca3
6553aad9
462bf294
8445c0d2
840e548c
3913e8d1
00999a90
4c1d82d2
5d1e4880
38cf7453
7a554c20
43ee0648
d11a7004
286feedd
8a599634
40cf605a
c9064d18
382f6657
aa51bbd0
4a9e9aca
b10b6b50
23d17848
6b8dce2b
b948111c
868f8301
3e18fdda
b7e9ce6d
3d7b4b03
a7d582c8
1c38ec17
11343d74
297bc2c3
d0fb7bd6
51992cc8
e9114a43
b0c430bc
8302f959
dca05e7a
acf6dc51
d34843c3
ae5554e0
1841fef7
1038bd66
497f8bc3
e4b32a4e
c53d2c08
d195ca50
b0b039bd
d21e5bdd
f9a9fd60
50e02853
0471a6c4
8bdff578
3981eef3
56367df3
4fff9880
2114a5ca
8afc815f
c0b1bd66
81c2c8ec
2b14a542
92b4017f
c6b27566
83e2e0e6
b414a042
80b78079
c2b3f1e6
02e2482e
3ba4246f
0b3da177
c9f11166
d8c28a2c
5ca4e2c1
298c83f5
8f29356f
85c246e4
dd35a5c2
2639c235
cfb934ee
0042c3e8
9db10879
0e7df417
6bbc0650
bad41f49
8bb408fd
2ac5e6d4
e3299ff8
ae8a1e49
a1a50556
46ffe2d7
6b18cefc
bace1e09
95fcbce4
ae2ac553
b09d706c
fabbfb8e
13a5a875
8e00643a
e214d854
b932af1a
0aa58866
8c28a415
4a14d4d4
f3b20e92
c0d1f688
bd1c8553
e0d9d246
2a17be3e
e18f6272
e966a854
e991da5e
b2bd8dba
529f2352
fcecfaf5
3e195c5f
7bbe0e1a
85e37ed2
cdbc65de
f6f932ce
a0c0917e
95237303
cdbc657e
7e513b4f
8080851a
59b72307
45f56d6e
5e435f9f
1504917a
dfc0410f
8f048ac5
e9d05fde
86c628be
c08f598e
e4de18cd
795df7fe
ec2c21f0
c088d5a3
a4c75445
ebb87774
9fea2b68
e984490e
8d4cc04f
39cc457d
ea48553f
ce867896
b676180d
7190c475
ef2c5565
97a5c156
c6e4102f
2992c47c
6fc4c999
aae7dc98
2d3f151e
3dda71ee
e8e8c57d
b623dd94
6f3c5d1c
75d268ee
f52cd4ef
afebd1e7
ffb559be
7ff27cf6
b564d4df
12f1aad3
a75c37a8
eec9c2e0
3ebb333f
56edea1e
abee6b7a
8c494e69
267703bd
58e51a98
9a3ef8d0
8121ac70
a0bbc373
48f7ae73
8f109eca
69dac2c7
26a198ee
fae83a0f
92ae0a9c
6b2b626c
2a4f35d9
5ae03a11
9a3ce93c
17713660
62ea4872
dfeb4eb1
87143dc8
b9f6faf7
eba3ee2c
b16b8a95
9b144ff5
a9faac5e
aa536bfe
bb68ba14
fb34cffa
bbf3be72
eaa3ca9e
592edebb
cc3c81a1
18d51b17
43bb63ec
577bc546
44d57aaa
0aff3197
d54f40dd
56bbe2c6
44b46ea4
1ae506ff
1d470248
f9fefa83
672ea587
9ed73b41
5bd9939c
bbffcc94
6c886529
9a6fb04d
344ff019
aa188505
31a06635
0aa916ea
1fcce619
fcd3eafa
d92fa5df
6ee34bc1
3096b33e
2655ee3e
ab8a85ec
7ebd0ab9
b9d9a73e
a0ddad3d
abab81fc
4ead38a8
7ac8b77e
1e96a745
89011eea
2dd91b5b
e7b07d8e
2b95013f
c0010ef2
a555975a
f125a5de
eeb5e3ea
cf2cafd5
9b5db5db
f29fa27b
fd93636d
89c93c68
a0dad3da
a4111dde
5f812280
f7e85d71
3157ba4b
5e8db49a
3a9ea62e
c5aceda5
5fe7bddb
7a8faa9f
78e82531
94d57021
49d082d3
b651178f
ffaa6901
b69c76e0
39a20843
8e05169c
dbafe127
f485ece4
59a65c93
160486bd
cf1ddbd9
ceef6f5d
d902e828
6fb8e3dc
8020bc39
ef97c70f
f422c1ca
d468e864
b260b4aa
a505042d
64601347
844028a5
ca17cf7d
4a5e6bcc
ce86eca8
fbbad770
3f998b79
cbbf72fa
9322fcaa
ff7e4ff0
902035f3
a49104ec
b8e391c7
8040e865
8d53ff79
297f7fcf
aec26fbc
41be9750
577daffa
eb77effe
986a77a2
e130c7f2
c47db266
f7d103e8
dce6b587
a141e9f4
900444a5
10b2d213
81b63931
41538061
840de4a1
0832fadf
00b43135
045381f1
08054400
1831d2d3
0131b155
42738860
dda146eb
5d097b92
19692079
443d08c8
efa1d2ab
117a66db
c0c1b0a1
991c0f59
cbbb7716
702b7123
ce2900f1
1f3d15b8
cb9dd918
c8c97ea2
727b6ed1
f2bd3d0c
a3cf1d58
c4cb1aa1
73da6be3
f2bd384e
a7df1d10
84e9d223
735baff0
fbbe5d1e
1e5eebd4
b86047a3
3db1ba1b
9d3b4886
5f12e555
8829ede3
1753a81f
956d48d0
2516a171
8900a7f5
3e591657
96c32b5e
c857e59e
9148e268
f7d9cb1b
1b1f66d6
ea16afc6
cc6cf563
35b5ac77
59016c58
fe34e92f
c7eb66f5
0fb105f7
fa4beb7f
a573ed8e
95470204
4dac495a
0d5874af
ca25e902
94eed026
478064d2
274074e5
fdfda1b7
9ed720e4
cba25103
b040e365
2379eb95
bb925226
cdadcc32
9d695f99
c26bf621
7d98e2b7
4721b9bb
11426fc5
cebd9e22
7581effd
17d6e09f
1364f6e7
a3baaf02
0f186244
89094e0e
bd1817b8
c7cf9722
35f17211
d4a1ec68
8b5b4e89
d26b9e70
35d1e5b5
d4a2ecee
cf6a65e5
77f34f0a
2f7e774c
8f09c205
acb9f37a
3014051a
a94fa755
cc05d520
0c99c672
737b97b1
3dd63397
fc21c868
495bcea0
813a9069
2239802e
19563d0f
6358412d
327ba5fc
0070ac2a
1f46bc9f
d23e640f
184bef33
307baaa0
4f06b893
503c4405
a52a144a
0eb74167
11963d4c
68d073e8
ae668440
a43150e9
929ebcce
e8bb3382
c20fad73
705254a0
2d80da0b
cebb27a9
dda11cfb
4c87e485
531857de
5ab40349
efa4ac5e
542310b5
91327dfa
dcd9028b
f1a9bdde
227750a1
0b20d82a
defa264b
77f99a6c
f46f1f23
e8b6c644
eca0fd2c
256dbb5c
7cd7e80f
4ab154cb
1f6429b5
2b7eb71d
74efe0af
4a0fcdab
404c6131
65f9d3e7
b712295a
e1b7f2c0
02a3fcec
0fa18947
8591a50c
627d30c9
3d0727ec
3976a38e
948fe01f
4a1f858b
49d560f3
63cfe664
a37009f2
b5b7f6d3
09a5fd8c
4bc6e2e1
91019b6a
bdf7b78b
2bdbbe9e
441627ac
91c9a517
d40fb58b
5b1332d3
3329701d
08fe5870
8041aea5
40e5c931
3161f53c
bab67aa0
c8acf2b1
c274a8b1
036b7403
44355b40
c836a515
16b008b5
953c1e0a
aeecdf4b
b0d3b315
4021c2ac
335efd21
b241ffe9
bcff290d
45f9e324
1538d202
e0bcd3e0
fa7fe51d
dca3ea3d
dde0127b
4eadfd57
b05221dd
d2218a49
e4f0967d
7ea48ff3
367ea8dc
de49a22f
87708658
6cacdb77
b23d2e7c
cfcba21b
cff9ddd8
083b08c2
76446915
10bc160d
c979d4d2
32866935
7244691c
516c170b
940cd0b2
32a24825
50202dbc
514c3329
ffa19d5a
08977dc7
e3444d38
53bc17ec
ff57d192
e6de3827
c2022338
58ec4143
388d1109
72aa5220
d0299770
955137e0
79b10813
1cc67c05
6b94cdf0
52fc1269
3e95584b
f44e1049
e0898760
5df271a2
5494384b
244a9009
e2058760
057379e0
8c689009
3a884d88
649b6c10
22b8541c
b56960d8
3c5450a7
5d05a875
502b4d02
b9a1b4a0
2131172b
0657a497
76a7ec40
d969818d
d09d008e
c81b7983
122a51cc
9a0220c4
40c99429
bd9da451
c8874db5
8709ac27
20895769
badfa635
bf6149ac
cf71a168
f9956cf7
7dd67593
10a49f0c
f83220e6
d685e465
ff99bdbd
90c60b0e
b470aced
efaec365
affd2e3e
d8e8af0e
9891cff0
10d77c3f
4a25bca0
71ff2250
a0a9c6f3
7cd4ff37
5923b6b2
bb658902
8c8f4282
a0d4f776
b0bb22f4
8dc38be8
61114b62
52d7781d
4b44dd80
301e0271
632d6a61
98db1d5c
5ffdb020
b1ed0c41
4b8ae204
a1805790
30ff26a5
97e37b8c
6015db71
5ecd7d3d
ca17aec0
321f1253
6ed05ae1
bb8baf53
d379a065
b003d2f0
4aca4201
a188c1d0
b4f56621
83c3fdfc
b7c49624
a729c7d0
23bb126c
cea36984
9004092a
cf2142f4
02467a45
ba626416
a166840a
80010adc
d17f3b45
209e090e
dbc4c267
2d0719fc
759d40dc
ca957dce
019d1f4c
ff15b3fc
4e443492
763e0f80
bfef58c6
603782dc
053e10ce
68d817e1
ac41e0ab
5594a91b
b6b05dd4
a30fa3dc
af6a2cec
f1d7e122
559c2d06
4b1c2795
a66eebf6
57d5493c
756aaa8f
cd242595
08262170
1ca1c0b5
0af51967
13462107
cfb66f67
455c04dd
17f13be7
c9c5cda7
5bd6f77b
010b867b
d55393f3
4c9c9081
0cae2849
6ca1c0b5
00753907
1b276471
65ae33e0
4c54d6d8
47b03165
8510c0e5
1784ff67
017bc67a
93b2b7b3
3cbd9835
062e0181
4ce140b1
89713c43
09476c11
4b3e2761
b6d4c43a
4ee0b083
97035875
51343720
8279427a
892eb733
3689d43d
8b8ab7c7
458a3f2a
3549925f
17b536c5
a58af375
71277fe3
31690251
99dd3f85
450a7a05
61141980
15a90241
9d5c5ba4
eddab36f
1f9f631b
5db18e5c
9f7085e8
ec7eb1eb
bd6b4cf3
99eddaf2
1b3db746
84cbf9e5
e93411e2
14b05a74
d9b8dd0c
d840b866
9f8c6fab
7dd1d6c4
163481ee
4c70b862
df00ed33
09c51665
123789c4
a571bc82
ef2271aa
0794b274
d1beb92c
b2cd0ef0
16505131
ab18b222
9f3b4fc2
d744e251
1a9103b5
c95a8620
951d420e
ce43e355
399385b5
5508d0e3
075d5a88
298f4e95
2452d260
ab949e7f
8fbb6b76
cd087b40
189fe1d4
d8480405
03196230
c802f34b
20972614
4c0ac5ab
4bcc1080
0daa0585
a45216e2
996c096f
4df86cac
ca2a5302
20a4767e
59610528
4acc05b8
dd02b19e
70a6309f
4a1a41aa
5ecc11c2
26b5096d
1ec063b5
cb89946c
bf73ebba
2ae7ad2b
3200d131
efec322a
52baf5c2
4be5a4af
08100ef5
ff2d31fe
46f3cd02
82f90e24
1ee45239
c8a99a78
af7f3b6a
7ae621b5
2244d0b4
affa12a3
436abfc2
fbf721a3
033196e3
f53fd7b3
456bc571
94f85a5e
1d6e670f
ce090a58
ac176b7a
b4f0ebc6
571cab2c
cc598a5d
0b836bba
b131564e
5d8cad0d
c419865c
6e9f03f1
049c9aac
8880d335
43187535
af7ae142
30f79dbd
58f9d935
6774f9b9
51788081
3ae57dfc
7012addd
4f66d5c9
ccfbe2e3
74e69499
88619237
319ff92e
8758940b
34ef097e
467d9999
25a2ffa2
79308c8a
68e569f3
32fc8d9b
aea1dde6
d82b42aa
77b78c2e
8c4915d8
c00fd10c
e7a0d468
72258b16
150c85dc
ac07c818
e32362be
ac7de1d6
114eed9c
eeb18ac4
fa836efa
8378e18c
bba0c56e
7e96e436
306a4846
655860ac
3b262a04
1dd58c1e
781e0fc3
bd70cdbb
ab26350c
9ed4a914
70a2ec07
cfd6a4a8
a5ea514f
7bdef3a6
79f8b55c
6a82eccb
8ca62217
5cf78b6e
135e15e2
da822841
fee1e837
3fd6a954
23e4941e
2a648ca0
e46b8077
b9be74b6
49ebfa1d
3ee308a4
ee296c3f
fbba75f6
e3dcab5c
5ae700a0
dee9ce77
f9f6fc97
0165fb5d
4eaf6bc1
69553c4d
f7546e85
67645da9
4771ffbd
19d4279e
6ca6e6ab
bee4cbaf
263f1d5c
1ac6b3ab
5fbe8f79
f87c2e3f
c4ed7fdd
ff5b7d45
86dc76c5
47ecee65
e9b0fe0b
b2da358d
5c63dee0
873c7655
675fb377
ca549c24
5f36cdd2
bdacaf35
8c3da662
a55bc409
27cf13d0
5ab85cd8
abe7664e
0c556ec9
2c8a19f6
d02009fa
0b691a86
ced42a8c
88a243f2
b4f2817a
6e6350d2
003800e0
0530ead4
68a8157a
8856405e
9f6c0e42
42500fcf
9e8f7f6a
eb4a760b
7b6ecf60
bdcc2e0b
178d3e7b
0ea760f2
10653514
e281a7fd
7bb8ffcf
0b572151
12ac3215
4ce967dd
6f9c67f7
c35267c9
dbfff2e5
5dc82e2f
569d0ef1
0ea3a155
52e0d005
c2920dbd
11643085
a9812ddc
5afdb224
57ba25ff
3adca9d7
b1063f89
fa3ff2f0
15eeb17f
14dc8011
e138f04a
3abbc8c7
f9de3b46
c19fce2c
a3fcd4d8
b2b7b8e6
93f7e942
f73fc334
80b8f462
f322c865
e2d63e94
0c8f1a3d
e9be7c48
038dcdd7
9dd12545
209952ac
02bae5f2
87c0eda4
0f5d8119
a70ad3b6
d6b9f442
15f6c827
c4bd6c1e
7de63ea8
5db00058
00abe406
43d0471d
3a8852ec
15b020cc
0291a406
9394871d
0ec27294
07b51458
c6a1fc27
535c4f1c
3eca1ec9
65f93807
f76c776a
efa3c2d1
28e3fb7d
a3dd240e
a72cad63
f58fd255
0c13afbc
2bf12808
cd689b42
b7df4651
0893bf3c
86a11876
df747a61
ad9282b1
8553ab1c
2bf17c86
c354d50b
b3bdaee5
cd33bb10
707118e1
c770d9c0
ab8a9294
cc9bab36
a6600a60
5e784029
812afa9f
8041eb96
407148f2
ce19482e
91bb72b6
e8e1ab16
64610860
cc5100a2
83ead097
e181e916
fc359152
64ad251b
583245c4
62801100
67be0cca
46ec340b
48524810
3f4039a0
961e4648
5eefc22f
70fb7d2c
2f45388c
543dd816
f4ba253b
0eb72da0
42921e40
142f5d86
02f40f0a
60556a0e
2e00fd92
a23c4429
dc0fc457
3c499d3c
0d078a82
344c9881
1be9cfd3
f9bfbc26
1a4f7c09
1f4dbc84
8b06df4b
f0d7fa3e
6eaedc9b
ca158678
4a2bc677
a31cc59e
7b875ace
e7f176b2
d78ebd46
d6c746d0
f6d5e2b9
e3e9fe27
fffef93c
4cab56d0
aa70cab9
f379fc9d
bffffb2e
5eb74c64
6e70c939
90b1fe74
9b9cb507
243712d1
fa97433f
f4c17b26
81109fb7
286d50d4
deb7c279
22f17add
f53eebbf
3e33cc94
7c3ac93b
24917ad7
55d17505
c603c610
b2974351
20813b57
81d12100
68048019
109703bf
24d10a5f
5f59b91e
6a178c1c
30374b73
bad0a08a
ccf90423
35774a62
38472d3d
82d1611a
ed3b104d
a0f0ea5a
d4752ffb
d24e6d99
9dbfdae5
f1f83f33
0957bed3
7bd1a34a
e76d5d48
344d4ee0
b1c1bd5e
f6986983
ed3e2906
a4d94013
b6f527fb
f24f5c39
893ed054
41cc7a13
449fb653
fbd7e77e
f1153cc0
b7deefd1
e1ac9d4e
d14a7806
d19edc84
bafd6e11
ea552118
85697cb9
48bfd476
ebdcbe12
4a8ed451
4c95d6e3
2c3af551
a2926464
6cbafa6c
c8b48a72
0a00e15f
7212e074
affa4b6e
29b588ca
9ea8e197
5235ed54
e3f2ef6e
50e5965e
0ba2f513
738af7d7
373ad86e
4ab58e4e
12cab9bf
7f1271fd
37fc744e
78f48d4f
5ecfe13f
74314d6b
377cf6ce
74b5a3ce
c5acfd92
671bf2da
9d38f49e
0ee78fce
45d93336
75abf3eb
3760744e
68ea2fc9
4599b19c
562979ef
95f834d6
fbcf7c3b
a12ebfc0
b7c72bcb
61bcf6b4
de0b3d0a
f16f9b46
f6e70bb2
41ecd694
da8bf610
f19df926
75a3ce32
3d7cd600
fdf6794c
cb7b05ca
afd33399
68b8c5bc
d90869ee
db73d26e
adabeab1
c58b47b8
2fc3cac7
73f97d7b
6f976630
377a5376
fdb7fc9e
eb3bcdda
37d7f2d0
ee98dc1e
bdf7c807
c37c67c4
278d8679
be9ada5d
27ebcc1c
eb7cf96a
77ff2e70
bfbe5b0f
58b6da46
dded3a06
58774d21
b1ca307c
1dd5cbe4
9ed5d0cd
e86041c3
9273ba04
4d444920
b1970895
e3b03d6c
997c3e40
f6ffcafa
f10e66a5
dd9c0507
330ab284
324c0234
d41200b1
80b0323a
d362c98e
885ad022
23050309
603163b8
d5e99f8e
fe8bd608
b80bf695
a659dd40
121a1248
4823402a
1883063f
e26899d8
034660f9
87780482
53a5428d
3ae0281c
586c80f9
d7695c63
f536d8c1
faffa6d8
4a1f9a61
b03c59f5
ee0ef52c
73a94758
3e3a9171
14a41cff
c6613026
421ac579
2208b14d
c4ad5ce0
7d1ed9db
baf7a6cd
ee9fea71
d896dce7
d50c022d
663758e5
ceb8b8ba
2db4177f
c401802f
433ad5d3
2b6234dd
c5fb5ef0
733ebf3f
2f53a6cc
48996812
85f1de68
ab1d076f
471f5248
e692ec16
00941fbc
81489661
040890eb
6bb3ec7d
2bb6abec
0f1d279a
1c29996f
a760e99f
8b448bf9
7c719c9a
556ca17d
61d63eca
d84f0f09
1bbbf8df
a5e429da
40d71ac2
5bb6ab6f
dead2f5a
9c53996d
e7d06faf
0c702df8
6a314cb2
9e7e417f
6b627c00
f973b188
da199ad6
a9543d9f
60478ed3
7a9aaf67
d7e8210a
d4a3095f
b54037ff
6c70217b
12f901a4
07640d2f
284273b7
6633a382
d4919c6f
555fd59f
0445dbf3
37472ddc
0c7938c8
18cf3b33
b1249a8d
37f52c88
0e11e51c
1ef4bc74
69389f4a
3bb5b8d4
4629e016
1216ac74
63381748
7e526d4b
0cf8ab43
eded1bc2
95261e3f
6bb02c02
9e48aa15
dfd53a72
6fd2120b
7322b4a0
e6257857
9a903a46
687a16ca
5fb30d6a
465d4e49
4bcd4240
14245f2d
6cb08567
4648bc49
c5d3ca5a
bcc47b2f
7bb2857c
064ee085
031114de
6d7013cf
a6a54ce5
c7137a78
91a2c6bd
a6778ae9
86ea10f5
c3137c50
f1afee99
a4bffabf
c4ee5ac6
4a3210d2
d1aae2dd
ac3f5bab
6886067f
2404a033
11c4943d
2f7b2ef1
40be121d
84d52e25
192fde1b
b23b2bab
df8e0202
6c803c20
9134d4ef
bbff6fa1
8d0e028b
2428054d
11f32d6f
cbe824f9
cb063307
30e407ef
9a6fad62
c7eaee78
4d062387
74a4566f
183f676d
07cc18f9
2a200b3f
5af5229d
476d8d2a
a65423b3
0ba025f3
50dc2ec4
88630fbc
c4c46469
964ed74d
18becb96
a8b84fbc
c85e50e3
31e06fbd
1ef9628a
444d086c
167e239a
b7e4c62f
244b9ddf
b179c1de
4c741240
9154d29c
cd6a8a14
f9347d49
e1f43073
b9807d8e
7a4e770b
6e518a68
1e9d1702
fd04678a
7a4a6b15
3c597260
4d9f1e02
cb3ef38b
fd309dd5
5c477959
44976639
27b48bcd
8e41447c
085de964
af306b9e
805489cc
88630993
117c6968
3bb8ef10
48418283
dab29fd0
d1746c3c
51f767f6
e9befb4e
e54f1e49
bcd3e346
e9b89739
0896bbe9
80f71c6a
16849960
055ee178
7c57a181
8a72bef2
0124553d
1ed858e1
e23edbef
e507fa7d
bc9bf35d
e9b8a5fb
293e393d
242b5662
8a1af36f
c1dec528
4c1435ab
209104a0
020c512e
1e4ad0a1
940a64e2
1a2086b1
61783aaf
82ce418b
016af428
2e899425
64b917ca
4cc029c0
4329f005
f7adeb27
f6ff4f0c
0d84f8bc
990521f7
a8a944ba
21b4bf3e
984e1761
46186a81
92d95c24
07dd568a
0c9334a2
2778f2f5
ddfc098c
e6d3ec90
1081f376
6d860510
a89b06f6
08d49d3e
ef6a14e9
633e2581
e873e6d6
a88a7c16
8799f65e
6272ea60
ed7afb87
aecb6890
c093ea16
3c3605da
0efd017c
28949b66
80032192
3e360546
2edf0018
22d6bf26
821f29d2
1424c0d3
4ed7043b
24309366
10c329d2
1c1405e0
6ccc0195
09293976
0a5b4bda
3a9404d2
6e65561b
12e937e6
02df00d1
9b0401c0
4de6e2b5
162911f6
124ea811
f9f1f8fa
7f247d05
7fe32bf0
709c8f0a
8fd59c79
3f22fbbd
7eeb02f0
f07dfbcc
b3d9fdbc
7dfe73ad
5ea93ac8
78d88a0e
9cd488f9
dee9c1b3
433efd60
716b6552
9c952ce8
9ea01132
c236f164
7762a572
1e940d7d
bee98335
4f72b9f2
73e3a45e
eced4e93
f8399c26
224667b0
eaaf3c55
10a96883
9638df8e
01d9a511
aeadd890
27b61e2c
9a8bc344
73deac3b
056c9e9d
a3095f97
f0521867
b8be6d22
6baf684d
ab2b7fb6
d8df1e4e
a0fe217a
c808e8dd
df2f5936
d8d35d64
d9e2cc82
0a44ceed
d74abc41
c774a3bd
bdff4a4e
caa36f7b
8c6e282c
81c4a1be
ada173f2
cca38ffb
49f4376e
0a5120be
292cb8fe
5e920b6b
7adea6da
8b66a859
a5ab78ca
b493697e
2c46937c
93bdb4b7
258d3ff3
899afcb8
2917152c
483a18d3
0a3c3967
51ca1857
b27caeee
cf510f6d
fe43f3c3
b407ed36
5454cdca
df23690f
6ce3eb67
30c7bf37
ed564bec
e4290a60
4d0a710f
62b2b27d
1f978fd5
1449f972
5b1dcc71
7bfa7750
5ea2aac4
70e97872
2384b631
63fb77c8
7a6a6366
f5f158b0
29c1fa93
d131d58d
5d8b1c83
1009fa14
72901714
63be1680
158a14a6
232d52b6
21b93e2f
40db7a89
522a26ef
a59b5a39
65a957ab
9c5181cb
58030013
1880be33
53503413
377c3301
348030fc
c65be037
05bd5f3f
9b2b2009
42aa26e6
64108231
452957fb
1d83e83b
e7a8d695
f50fdb44
35dec59d
ee8dfbf5
868cf354
6c83c3bd
78ab782d
fd082355
969c8bdc
40c15095
032d616c
f942a3d6
4161c415
1d1c3bc8
25f0d29d
acccdb85
aaeaf8c4
d244d0a1
9fb63cb3
e5c7dae1
9c0c87c0
20e3f2b7
bc8db8ee
79c3a30e
c9e1dd77
1b153b98
65d9f294
947c9d66
01e1b579
9f171b10
4edd544a
667c1de7
91d9bd20
318286b5
cec59048
fd4f3eae
e5a95ef1
1ab6f853
a3b93674
cc5fca28
b7e97c82
3176ba57
c8713170
c097ca61
e9ad5ed2
3b76f8d4
8081b7d0
e2b762f1
a1903a58
19c67555
f239b474
cec94e58
1bc4b33d
557b4b37
7715a4fc
5f3d5e5e
e59062d1
5b7ee913
f613cb54
769f56de
7cd08a58
15c67711
db850e40
4a7b3b64
10d08808
05caaf01
d5040580
0f31d9a2
041042ca
cd8eb711
d30dc7dc
6f913baa
c32a7405
65879aa1
b1de0a8f
cd8d3089
960f6005
5503d8e1
a03e3817
09cda380
520e7005
7d04cae1
31fc1727
0fcdb8c1
e62a5144
35c73b00
f981ea9b
9d4d0828
916ec8cf
3956edd9
9ceab203
9acfaa40
f90e742b
2946b3e1
a0691313
cccdaa00
d9e3c05f
5d957b8a
45414986
956405ac
9cf5a1db
3dcc71a1
7e609866
b77c08ac
a5d1fd5f
252729b1
26c8012a
d8dc0166
90c9f7f5
5181e3af
4eee983b
9e4c0287
accbf504
7120821b
57b7a0bb
7d46060d
040f2100
c1a0a62a
57380097
954474cd
b0790b71
3dd4da18
4e9d8466
b24e4859
d6edaf25
8d64df90
ccb1a8c2
e8823e5a
4a2ba224
e5a4eea0
57b72097
97447d5d
f4281dfb
2e87679f
48c00a26
9078066b
d42abb82
2d144c98
4cf44a06
a16076a8
5b2bb127
34947aa8
44a04886
876075ad
cd2351c3
4cad09d5
b05c0915
20848b6c
e4bec6c2
44af0255
a012295d
3103622a
c03ad645
5caf487d
a092249d
594c634c
de075962
4cb51a47
62de4504
30848266
c5be4788
66b41c14
34981b0c
878e10f2
c25bdc5a
78bb6955
2592281c
235a828a
58835132
6a85ec16
634c4798
769c9641
5e074118
6aa6f884
739b0319
94de9672
7646dd1c
2aaee216
05888b3c
6cfa3663
12212872
0a103c0a
423020d4
60244808
01656066
9b1c59c4
72634e44
2e074e0c
ef6e6200
ff6df066
fded3ea3
0f477f2f
32b14a56
10bc6d1e
82102e54
e0352f48
18774001
71046d1e
eab70a48
7a4a6e9a
f5c62352
ffbd7ae5
7ded6ee3
975e5c1f
844a2252
50a0e117
c2b12e94
5a5d3392
b1c2a2cb
e3fc77ad
77602a5b
9a9c7656
37df3ba8
ebfd53e3
55efb323
9d1cd815
66070b62
442d29b5
4444f107
a5b07575
4207cb77
6d2d6335
0460f003
85706175
726e1bc6
64ad63bf
4e2e91af
85607159
520707e3
5e2ca837
45097481
a3badf76
4207cf43
48e4ed05
050c7485
a6b86e75
76442f1d
2e8dc9b4
5721910f
a6607475
66859764
cfacabb6
442bf187
b6b0fc17
140bcec8
6face517
45a2355f
96b32637
264d8e49
6ea983b4
552a700f
b6e27076
86c9d6d5
35383d40
b76ad0d8
8dafda92
f299c063
70a1e27a
c42694b0
2c4352c6
849e038e
00c5267d
09ba0aba
1fcb02c8
c281dc64
3b3918c8
f460c2d8
82ec9e42
a7b934f6
36a438aa
6e6e8efe
47e55550
adb62416
74ec2e5f
4a5e0a3f
7d461489
e9811472
3c783850
e268c2d8
e5ec1eae
f7a70227
54607a97
2a58001e
e1ee67e4
4b262016
f0c5664f
38560c3d
2fc424fd
e37b76a9
f5ffa5a3
3fe6eeb1
592c7dad
551ab6d4
b2fbf423
6dbb662f
5dfef31d
1c1e97da
0881b01b
811883be
1bf0364a
3bc12174
92f63d02
47a4bc93
f7ef6a35
6cb10c45
cad5f5a8
c324fc3c
f4e2aaee
9c9ea603
ccc1beff
915db7df
0dc3ba9e
2be109f4
8efc2f0a
5fb4b8a6
30ec3858
39a50bff
87f527ce
5afcba2f
95403e3e
ea8ea242
a5b9c177
1075f2df
0dc128dd
5d88ea09
cdef47cb
7c9757a4
838475dc
486b840a
fd9f5586
cc120d85
12e4239e
5d62b402
8dbf6050
48147107
10500949
27fadf59
b76f53e6
8bf3ce4a
59fa7dfc
82d6a02f
1f7d2275
df5e50ea
53c8292f
d780348f
86fc4427
431ed5e7
d660180b
077c0e58
d7fc5648
2faaae6a
597bbe56
0344980c
f6a1693e
6e6f3423
2375b556
9505c598
e2b0c43b
634bb1af
8fac3032
c5711359
bbb359cd
c0566904
00248a4c
c9f13383
3584ad84
504660dd
2240d6bf
ffeb3204
57ede377
d8b67c74
2960123d
86291b59
f9917992
04f4003d
166bcf35
ccfaafc3
25e0b734
8cbc0ba5
a44ac3e5
c7fb3ec4
5fb5f90c
5a2e5c04
2d689125
da88f255
e160cb12
342762f5
9ba3ee31
cd79f377
41607188
6e2bca9d
d682a7f3
24617add
4f7efb0b
76fe2e0c
3cea3352
b179c911
9953288d
f8544c54
14642f3e
d15bf188
b09e2f3c
7e59475c
1e7a36be
c4bbbf2c
a056206d
de42d918
78baa69e
59b85f54
ec5f5ddd
79546046
782823bf
de8e5b96
91165fff
22544255
3d240437
b2bfedc7
d57d516d
0a96d359
3eb604d7
77b85a50
e669577b
a113a455
e8a1ea11
b5b457d5
ee695fda
2112e655
bc806817
17b44ac1
df68db48
b35aecdd
a9b56a57
d35af618
b1fe9c62
bfe7c693
d08f7c3a
8579579b
bb6b0063
e9d44693
1a2534ff
a478d54f
a3eb00e3
ea52f98d
5aac320d
85dbfeb5
b34817b0
a7bbae99
5a9ffd16
a6e11b41
8f21c453
f048dc09
12a57c51
e2259d5f
1c8aa697
4944659d
52620b61
32c36ac0
8778a0a0
83b39291
a813f916
90a41c5a
cce8f238
2b09125d
b8313b32
a6a505df
4c2cf886
4b146c5c
cefa0279
7aa76692
e80ef81f
f382f3f9
6f95d579
60aa4892
a1c6364a
f38fa389
3cb11379
96bb4303
e3ce50c8
f38b0619
9c8d7efd
5e1424f5
0e438479
9398f5bd
ffa19d2d
eabc8486
8b6f154a
f391674e
3ca1fb0d
fc308006
83c4006c
bbcb4688
b6c176cc
2a44036f
064681ac
8dead12b
a743ece5
ef6d89ef
87dc0ded
d9f5e7ae
b743eb3d
d96c8a6f
83c4456c
8dfbe628
be604b5f
cf64a4eb
36298eb3
787479c5
4f003c6d
836484fa
fe2dce3d
78747d6c
0f00fc05
c314d4ff
1e8f863d
707071ec
5d48b841
9324b853
e0f3dc5a
7030f0c5
cf807c94
1165ac45
8843d9fd
78e96ded
c7aebc44
b054a85d
980b1ffc
72c879cc
c140bc44
1764accd
817d90f8
74ac71c7
a5f8b48c
69e5bc61
80f553be
51a170c3
97e2f406
39cdbd7c
825350fc
6fa274ea
b2a2b46f
59031133
4830a89a
4251afd7
72841741
db12b79d
d58c374e
7d5f0f59
6b5c7795
e74aff14
f1eff122
1d4f6e2b
5d5c1601
50931102
ca80ea1b
e29109b5
33793355
8d84a080
937ab0e7
7ff6e93d
387c0635
c114bf39
b17db26d
5d46e719
5c7d0091
27ae0184
0aa1c897
02d13927
1b5874dd
27a4a190
e6fc81aa
1df8f9fd
baf81cdd
fb88a525
a71517aa
1dff75b7
2638901d
23eca3c3
64f71a70
e8585344
99a03c0c
f7b4824a
446b4fda
e0d04444
93203cc6
c7b0b856
f6ab4176
68d06c4c
11203d4d
bdf884d2
85761bc5
f4a0d746
d0a4922c
fd98bc5e
d17e3ddf
e2c16d6c
9a74b24f
7198905c
f16e614d
e6b1cc6c
7160304f
7ec38d3e
8d7f1ac4
55e4f9ca
1cf0940f
0bff9dbd
d15e4ccd
54617c6a
5aa4b207
71c395de
517ebc0e
74204c4a
b120300f
de7000ce
fe6806b9
70666841
b61c1d1a
d27065ea
1eaaeeaf
3444a0f2
b61e001b
c428542a
acca452b
174aa055
bf1cb11a
da302102
b929d5b7
7d5261e0
67bb1cb6
1a14e544
0f0ae73c
04552361
473b34b6
da24cc6d
3e8adf3d
3dca2228
d76bfe06
ca61c108
b3131df6
edd257c2
53aebe0c
88314344
9313cd34
bbd8d564
5feebcc8
ce38dd29
ba8bc376
7fd8827a
df66ae8c
a7a4e166
0c3906d4
89f11a4e
8c802a8d
6ba2b547
20715394
882e186e
56a042c8
d2a4b1e7
0601403c
4a3310f6
9ec24bc9
a7e72d6e
66dd10b8
f92716c6
1286098b
a9a4815b
6b4c1238
426fb262
d7ae44d9
e984b47b
065d5219
622b3fe2
320b9909
944e22c8
c6e49272
33afb6f3
abc3293d
8c16064a
ebe5d27c
3be9b7f3
a1c3a114
c9062a47
cec98672
b3e7b7f3
a2839934
4fbf5ea7
b58ef62f
de4907f9
d67f3771
c7bb5533
74ae6e1e
ca51856d
3e5de76b
0edf439f
7ceeac87
40514d69
871f3771
01e7572b
348a2491
ea4900d9
17fdb470
a3e158aa
1caa1cdb
725c26fc
4a3fbb78
87ec4f2b
3cea3b83
60480221
4a1db572
164c5b0d
b0c20b38
3e2b62ab
8b7ff496
d3cd5b7c
b0bb5978
7a6e7267
d3bf74b6
0e497b35
b3491df0
6c4272c3
db377496
3bf7a1f0
c4f102a8
4e64a92d
1b646d1b
7af36156
c4948c3c
ecf48c9b
52c503b3
fa5b788f
fbded944
b8fd0ea0
9d171ef2
2df3a1f2
86cd0137
5f30cd7b
99e075ff
6cdbe38a
a5a4b910
1c2bc16e
2f64543a
87db7e88
5be6fb46
a9dd2e11
00975e92
2bfea5af
94e1012e
953c4d7d
2dc2a4fd
bcfee307
d587ad0e
f33d4f15
23c50bdb
915afa48
5b4effcf
fadf8e11
40975ad2
7b7b3b2d
6f4f2fae
4e554d07
d52cf513
2b7b3b0b
f7cea99e
c4cd156b
574ca5b1
6b452ebc
bfccfa95
f6ed1fea
57c6e13b
407bf1b3
3d82262d
44d04187
596c65d1
86d9dcae
ab22c27b
30f3b61e
8245c170
a4d4fcf6
fec4d270
f3bf13f2
84c4edee
29eb2538
883316a6
4bec59bb
5d68660f
bdd325b0
c83152f6
33f658f3
d8c48b4f
b9862c34
c23140f4
33b41e73
b8cc892d
93481109
3fa108eb
d074e847
8244852d
a3cc503b
3bb000e0
b376a247
000fe72c
934a509a
3b12f8e2
b364b735
915d926c
97843504
e6a181e5
f526cd6d
ae60e52d
b3c4b4b4
66c845e2
bf6f0e41
e7efaf4d
de4622bb
5b39ef72
b76794d5
625dff9e
3cc4a2aa
e6a881ed
95ae750f
a7c5e1f5
36c6a263
f1e88bef
9627c6c7
5083a135
7446224b
f3898b69
b46fe7a5
2141e934
0632f701
3eb33b9b
c72c9965
155aee72
9206f70d
3db6bd91
85a61105
065aebe3
8824e7cd
7db79bb2
8d16910f
c595e774
eba0be00
15281153
9441844c
045baa1a
e390f720
51425397
96278064
d79f0f0a
83b4b7c3
54525103
84190454
17d72f38
c780195f
74c95e01
724b005d
1a7db68e
b78119db
74cb5e01
32594544
527f324a
9782115b
64cb5701
3e4b4d54
52bd3208
fb6a550e
e14f0f4c
fdcb4b89
8c853cfe
562b7198
93ce380c
f9834f9b
8c4d39b8
372b7499
bb84f167
f0f90e64
9d4ffaea
db22900e
a34e070c
fd4f6309
2e00bdaa
32224c8e
d3d4014f
fd57eb10
0c4c3091
5b1448a8
9fcc95c5
d7f12970
87eaf47c
bd74a686
a7469b4e
fd5ec129
ae80e4f7
d564eeef
b7f6096f
d9dfef3e
94e185b1
7e788823
33c80dc8
f5e14662
a7e175f4
fe0a7acb
f37eb862
b4a30689
d89fff7a
522e73fb
a27f2128
48809226
9633db50
4ac67eff
bc7de52a
0598ae61
16701c50
cb997300
fabea4f0
a38ea699
5abfae10
8e82730f
d33e33a0
4a086567
52fea7d4
6f80af4d
dda5a773
d91ee565
16f80dc4
9d814014
73b3e423
f396bc91
737f3f05
bd82bc48
5eb5b42d
531ef575
58faa116
0d128f1c
c8b78564
915e9577
55782165
ed12d11b
58c71ac7
e8c82fb0
920f8e96
ab00a14b
182941b5
ebfc7def
16424f0d
a32cb547
442142f9
4a1051de
1e68418d
6e72de12
79431baa
ffc5eda0
4b3fa496
a253845b
db084a04
b39c59ec
7a80eeee
f1a90d14
8c00d830
633c11de
86e0dcaf
6a5cfe75
3342993b
feabf988
43d7ed96
225ea820
955cea1b
94a379a2
21caa3ae
6baf00a2
e410ee98
13b411d6
8560b5ad
2db4884f
074105d0
c9525548
2aa2fa2c
20148549
4ac20735
44647908
05eae2a4
04049468
08a28535
542031ec
0acaa0e4
5ff09c52
ed0c7f79
380261f0
a0a29c4c
7ee41879
5e88993a
774179e6
9442b460
dec5347b
1a499810
562f3dfe
06e09007
cbd9fc74
9b01fff1
bbb4eef0
eaa69c4d
bccddcf4
dbb15ef0
73f4bef0
aa6e8c45
adcd1c3c
bab1cff8
33bdbee0
ae6e5c05
1716c7ae
9a002fdc
b8daded9
a04692f6
092619ea
c5e405fd
5c277f75
685ab375
04528817
c26be69e
0df66b81
e442312d
045415e2
5e906490
d86619b1
36cf67e3
5caf0a73
24f0e8b0
d2600476
114912e7
3e033c22
189f8814
88540d65
ec70106d
da1ad700
b8b660b9
ae181a33
66f71742
54215364
a0b2e8b6
001814c6
527e93d1
fe3421f1
102e5c4f
ac90ce34
609a4323
9550b851
7f89cdf3
3558d055
183b9684
d5f4b251
3f32db77
ad1c9414
d9abeaee
bd1510e3
77009ff1
375a8c1d
488766c6
9750aac1
fce8c381
a43a201c
9a0bffd4
b3748ad1
ff28dd62
3602ac05
d483fb1c
9655c241
7d089f51
34392794
1f95f656
088225ac
80c20201
c1a80c3b
175f2ead
0a9da02a
80c822a3
90004128
1b136e8c
5817a122
80832411
c004d1a8
530b16ac
48855cfe
101cbd50
622397fc
62df92e8
19851e7c
1099f858
123bbbf0
2b728261
1dc50ad8
1a18f091
1135fd60
617a9472
e330df4f
0d5e3fc6
68f15148
d751822c
37be1f42
25fea670
ea6585c8
af3d54ac
13fc3a80
e0f9c29b
f22f8143
b7797d96
dd79dff8
4d7f7fc5
6efdc9f8
59b1ae79
57f9d760
8579cd05
ec3d605b
8a03ea1f
66fcc220
c7598323
be7f92d3
a311f81e
585af10b
85ee418e
0e911fa3
021e136d
8ad2e934
f577e30e
1ed76bc3
d31c3375
5273eaa2
757fbf07
fddddecb
58cdbf05
424ae58f
1d0b49bf
49e97fe9
1937b3ef
c6f0d8ed
5f2259af
d78569e9
7a3ff2df
a041faa9
791317a7
d509f1c5
709ffa13
024eeb1d
5bd38105
05e35d19
1a37760f
a3c9dffc
0b124dd2
c64379c1
9e95d2ab
21d9ffed
03531b03
c40bf1c8
5e9bda03
6ebf1b2b
746f7f8a
4acf2ea1
ffbcf593
4bbf8b00
7c167d15
11a90730
ef33c7d0
7bb52a4c
9c5cf697
d219d568
e7b2c9f2
0039d2c4
daf72c6d
fbf22c91
58973e14
4578e604
59b76cb5
b1d31b13
41935c06
55b41ec8
809f2b3d
d2add760
29d2eb36
143812e5
56b38929
c422240f
8d8360f5
367c32c1
569b89a8
9137350f
ad23f0b5
14d53ac6
d79989bf
d33797d7
a481f934
0fe92af7
5638f5b1
229992dd
ceb763d9
66ef77e3
9e29f920
0c9c1abd
ddf34ad1
57a336e7
fd1dfb20
b59d4637
0d437bf1
b3d8aa55
d7b8f3b2
aab09a54
aafb53b2
a5883783
c1293432
03a4bbd5
92d33e14
318b7c21
c5156760
bf961257
1783fb25
51f9f857
9d717dd1
a2c0dad0
a83ddbae
b5e97c47
8b303199
a2b01ad0
8071bb2c
81e9fcf3
4f3613a8
b7813ad2
8c34b92e
57d8bac1
a524555c
7cb7e640
782a5d0c
b9d12d79
5e2111f9
6f4498f3
5102e547
29b5247b
8761bf78
0e57bbd3
4083ae67
5fd120d3
f5addc5d
623776e6
71ca9d44
7d912cf3
ce18e60d
6b01906a
3f438055
a61f0cbb
ef78ad78
0ecbbbd6
4443e28e
4e59a081
f33998a4
35b676e6
a3e0fc45
e0a12887
fe39fcaf
e71ff2df
a2048a53
a28e7ca5
2e19f3a2
bfefbae2
a528cb0e
274fb03b
9ea142b1
1cf93267
c0e6c90d
9d6c341f
ac1a426f
772697a2
00edc848
e95bec3e
dd4c5d60
ffc6cd61
c125eff9
afd1206f
cdd90bd8
66e7d2fd
1354c48d
f8ce1972
c4c37696
06011e5d
fa80ca0b
51706caa
934a1106
c5c1457d
c1a8eaf1
34df003e
40e9a60a
f26316e2
3e449ca2
30f600ba
19c33717
e60d8838
164f4ed3
0274059c
1b43f7de
8158c968
57da36f9
a5e8da8d
ae015af8
e068446c
ac73d21a
869c5b99
e7a10bf8
d060d5d6
9163f642
aea559fe
c7430dd8
a256b991
80a3e6f6
863f5fdd
ec051a49
285cf01c
a40d51eb
768f7f49
ade4f8d9
18543dcf
b1c511c8
f6ad7af4
e7c008f9
4c602003
b02541e0
7e075798
2406be09
b85eb33c
c73e85f2
d21f7a58
6c86f84f
b85e8f0c
617f018a
c60e4b95
3d86fbbd
b9702842
e17601f9
cb56d32b
f4cd08d1
caed43cc
3645e325
cbfea13d
37ef61a2
ece11d23
d63705a9
aff1a9d0
64fc57eb
ce0449e2
5f608d8b
59c1da4a
5d28f093
6615c6f8
187c0f1c
6340084e
73f4c106
ccf14e24
8872067c
313ba648
94fe5227
7a0a3fa7
39ea1b39
ec55daca
754f791a
66caed98
bb83c79c
a4708a56
7b02754e
04b06a35
9060e014
3c768573
b4fdd63d
4636b937
d0c2a28d
890544ea
083888d3
12743154
40b4cc23
49a44daa
153fbf94
d274a756
46b52eef
ad802ca6
c5cd034c
f21bb6d1
2685b15d
1e0651ea
3aa2fdb3
12e23107
46256ff7
1aed09c5
b6020904
cefd09be
eff33fdd
bdb16ad3
c34c666c
f7f38ad1
b880b3ed
94c81200
5682e133
08f10d93
035f76c1
1cd8e144
c4d15428
6e61eee2
9b6374d1
f5ed2ac7
c3fc63ac
f7f7aef1
baa27dbd
fc968385
c0c4f39d
c30ac2dc
be5313d6
3c968304
4884e7dd
90190a5c
f49212d6
f696c99d
4a4ee6d4
a0cd0b68
f0d3f6f4
fafea805
92817bbe
e3b18078
265abbce
ecb2f401
c304e73f
bdd002e5
4980f52e
b5f5e8a8
cb47d6f3
a5cc91e9
d093cf25
3773a8bf
921460bc
cbbc7c6a
6e4a21af
6fe7e4a2
be3460bd
cd9176d2
748815af
95659d37
9e1724bc
8dc4d0c2
f41881a0
de4ef42a
3b288bc5
b4f23bd9
8887de8c
476fb231
29385b82
899f37b3
17115259
23f50b77
46192cb8
4b1150d7
e6334353
6e0cc12f
3ac089e4
716037d8
83a4fe44
145fdb6b
78fd4aae
8b6bb70f
24337730
5db32bc7
86f82ead
4801521f
903a737b
5905083e
385600d0
43cc853c
773e0ce4
e83c1d43
20ff04b2
884a4301
7bbc54aa
fdb20116
94f474e5
4800421b
7c1c47eb
1acee415
5900b7b2
37a992ba
8f1fd6c2
1145566d
fd83ffa3
3be832a3
df1d8ec4
5e44207f
bd14bfa3
31cd1262
8f9fffe2
9387c10c
1b00bad2
2cf0daea
8f7c1c8e
f02d87fd
3863d862
2bfe9726
7ddf1e6c
6c844586
294434b1
2bc69366
f69eff64
8b87a50c
80300afa
31f472fe
a76c1dce
ec8f0497
802640fa
19f437e7
b7ec11ec
0d8b8103
821434b2
31f413e7
972c95ac
26279f75
7bd76a8a
4f2856be
b5685dc3
4d46136d
7be53b84
4d29c5bf
70b8544d
2b75a37d
4e751b88
4a0115de
e6a06c87
3f8f37b4
e8205a21
01a98afe
7d6bc8c9
08d71daf
da261447
71a14ff6
79304d0d
69500123
7f050f81
412145f6
50a045ad
378e1407
a64092e1
b10c2a7e
ef7b40f9
3d8f0237
26701643
3122f6f6
2777466d
6ca20023
e4401440
e10575f7
a30559fd
fddab20b
afaee52e
df834505
fafa5b3c
38d2a399
2ebc21b7
4e448567
17ea6524
6893e2a9
bdaced6c
fed5855d
35c5effc
d75dfa20
bbb30575
ee377486
73a2d554
7b41afa1
fbb90b32
cfbda1ec
79caa57c
bb51edad
bf28b9de
eeffa9bc
1cc0ab7e
a3ebff60
9331abf2
efbff093
1037fd0e
b3e3fba0
d3372dda
ef55f297
183fbf06
72fbfdac
8317b0e0
efb490b7
5113b70e
6b875e43
cd0ff846
999f879d
6aace0be
df9953c7
d58fd855
819b87bd
6ac441b9
c6fb1ad5
fddcfa84
e18f0e35
fc4d6be8
29c87e35
9508e7e0
b10d0e59
6cc56331
38d0f4b1
dd2b96b1
192d017d
4a036191
07c032a5
fc39efe3
b10b4271
6c15c9b5
23c9fa27
93781fc8
b721ced0
ac95d9a1
36c8f4b7
13781fe0
84e71ef0
8d9fd0a1
21c87827
27580f4a
b50322c0
a681fd34
b74958dd
a3d11ae8
f102c288
f4f5feca
b71cf19d
81d21bc1
f302c100
b4b33ece
b780536f
c35313ca
e3c68311
b4bdfce6
740e4a58
8ee0f069
1110a02d
5d6939af
710a7a82
d8f4e849
9594bf84
55cba067
1f0e12c2
ca54d6c8
97908335
b43018e5
5d3e4606
f50ce569
9999b965
6deaa9fd
b93e0686
b434e6eb
997f3c25
6bf08b6d
1d3a0286
f624c5fb
bbf56e3d
ef7229ed
83cbe0b5
913cfb88
d7aab2da
e61cdacf
03e3e0b5
ab6d7b8b
976bbad3
005ccb09
a5c378ac
cb16a508
95a93352
bd1cdb8d
9173a539
9f300363
d7bcf29e
645e0b8b
c273a9b9
d15753a5
b3a397c2
78509da7
ad4339bd
a31326a1
959533e6
ba1a51af
9e63b4b3
ff34ccb6
5796f096
f44c818f
0473dcb1
dd32df35
779f3a96
fc5e43a7
a4e3bc3d
9f3604a8
17f67b76
fa1a012f
a6a6ab0c
4e7906cf
8df54a49
bc082a9d
b8f4a9f8
964b86ef
4d550855
bf1aabb5
7bf59c7c
567b14ba
0f56a050
e6386e77
2b81e9cd
12790d8e
5f0d6efb
bb08fc56
5ca6f1c7
5a68e7dd
565720c4
361a01d4
1fa09e54
96397dd8
191f6c54
e63875d7
d993c35a
53dd5fca
57406ad0
172dfe0a
7993d7c4
d76859ca
5743ec5c
b5d50f56
f6a21a47
ff387b59
143b2c55
affb7bde
da0b560a
e98e8c47
f0c2e794
4a9d1a7c
f418589f
768ec497
95ea274e
be4f72be
801ad088
39aec767
16e8af3a
0d4fca8c
d8835a86
4086b447
f5064d81
7f1c1274
868d480c
d6eee61a
d15a8419
7d407ab4
a49ccd19
70efc707
1ade9c78
69e4863c
dc80d091
5083fc16
6716c580
78041060
5680609d
d2aa8a88
c11e8019
2c5030b5
20d0ed99
98aba31e
069a0d79
68e82477
5a4716b7
318ac736
76ab566a
2f1fd450
8ac647a6
3d83679d
6a2a78ab
ae6fb450
5a076eb8
39929f15
756c69a2
e7fdb6e0
9acec38c
33c86198
6ee67aeb
b56e3422
eee2c7e0
11f9650e
eeb273a2
a5ffb47a
6fce4f32
21e1151e
74fefba2
ff3c1422
cb87418e
23960810
75cc63eb
b7fe34ae
e9af6309
01d09014
75c4f7e3
97fe54ea
f98f5b0b
21972098
75acf362
b73e14ee
253a0b41
4d456fc6
48494d1c
bfa0f1fe
763a8a04
66ec6f16
0e0ac519
2f88ff3e
14399b56
64c3269c
4a02c01c
f6f0417a
91f81e30
2d2a6075
97ca2d5c
cca8ba24
c27a5722
fd96a866
18621d0a
4e878f24
d3261422
74c56ed6
8a434098
cc859362
a7f99eb2
897b7f45
bf43a7d8
8c0d9279
83fe57b2
09fd6504
54630298
0c919648
e3fa5356
50d57fc7
c0410cd8
84155670
fd7af612
613ac50a
a4d36295
489c5c0f
810af3d2
0102804f
24931e15
10841901
b38b64c0
9928e94b
34d52a11
5d0c1d4f
2d6ef3df
e90954ab
3a3ce690
56053503
ad1eb5de
853b174f
64314ab8
10020563
239f257d
9b2bc30b
7ef92e37
5bba3c97
4acf2504
b2f15ae2
b3befab3
49e6fc15
1f0f3d9d
fafb5e72
33bcffa2
7aee6d15
5b0e3d04
a2f9c672
37feb7a3
53aefd85
364fe61d
b17e9323
07ab96ba
dff97890
3dc7f92f
e972e750
44ad55b2
be5cec84
6ac56229
db449dc1
d1ad4922
d4d4dd14
345ef41f
bb7ac72b
15bba6f8
e26be039
a97bfc37
bb6463e6
6e7b50b5
707c870f
1cb362a3
ab40cd92
54cd56b5
96b5c975
e66ede06
95082b78
9cdbaa1d
876be39e
c6fdd627
b5086ffa
0cfe3815
6f63977d
c4b9d222
a5008f78
bcef6385
ef35f735
fca51ac3
6eadad57
db174155
689c83b9
b8989ad9
66ba6212
0293c0fc
ea9b6359
980e9f55
20f372ca
40a2e0a2
d17840d0
d6e03aab
56a64c9f
04055105
5c9003b9
b5c593db
6bb3c7f7
a22df02a
e4191ed3
d94e5fd0
31bb7338
d0a3e2a2
81715434
746a0a7a
7cce6387
ceb21114
5842a3aa
b37bb01f
2bff9b95
b4b54d66
e45253ea
1b58dcdc
2b7f531a
b6b36ae0
ea7b3511
d75b5f0c
a33b3bc0
a1edcad1
8095de0c
b199cb0c
c56b6ba2
837fca5b
ba3f3f4e
b38bdb05
e13179a2
a3834e51
aabdff0e
9f4bd71d
efd32fc2
b3ff1f83
90dfebd8
b190ff59
8fd06521
b3daef53
d27d9b7e
a29adf7f
e5d1d3a2
b3fbff42
ea5de31e
5c8f621a
61b78242
31feffe3
8b4e3165
cf8e72f5
85d28140
b1fef7f3
194c2aed
eb8efebd
e19b8562
b5bfb7f7
ab44a90d
48ca76be
3196b120
37e1b2f3
c0cd54e1
15cf7673
af54d0e1
3debbff3
004d5d21
ddc4e4e3
1e89d0f7
e8fd33f2
004b8a00
112efe8b
1396af0a
14cf2e93
0f69f492
35b4da8b
46f303f2
5368b113
ba25744f
bfb484c7
14e946f7
e81464d8
7ae3a9a8
4e4edb6c
7187fd19
fe03e281
53f3b812
4e749779
3fefcf9d
e4036da8
4ff7e07a
bbf4955d
3feadbdf
ea094c78
6aefea7a
b360a0fc
9f3007f1
a178fc5e
8e23c98e
3352e52d
a34447b1
96e07e16
8c8acbcc
9300d06e
0a4227f7
08385446
9ecacbcc
a6e4e0fa
afb00121
bd6ada5f
cc07cdae
394eedb8
6d9b0424
3edebd8e
d2dcd587
8144e0ba
467386b7
0776f1fc
5a600867
a0e2e00a
262202a9
b9f89a5e
8c4a2bac
946a68bf
248a0221
29f8134f
6a68158e
9095b1ba
040214a7
2190954e
6a2a87e7
7ff84b5a
3ceb4ca7
4c556902
d02c7d06
904159d9
3c8a98a7
4e448952
522c6402
0ba5b57b
b58a4b29
5e4eb952
76ace446
d9f8d812
f4ef5c97
350963e0
52a81562
84054803
342a183f
27180910
60cc0441
f7833c31
bf9dcb2f
7eda2b10
4c84b51f
cbd5e612
f9711e72
b51671f0
58a29c0d
6c851095
dc7b7f7d
209aed30
38f2285f
a7f93c25
fb7bd379
7bbea853
0b60ac9d
5d2622a7
446de225
999f0735
7b8b737d
cd220687
562ce845
b99f0639
fbcff379
5db6a6c6
fecdeae5
8dd5463f
09cfa31d
0d808025
8e0ae667
eb9a5d30
db9fe3b9
0bc31ced
fe0be746
d2bf50b9
feeec371
ea940904
b09bee46
5b79c4bb
43cceaf5
acd08107
9aaa40e4
8bec5c3b
8ea26b3c
fe9583f7
ba2ac4e7
e3eafc6e
bfaaf27c
fd94a936
a07b00e6
e94c506b
888a823c
237b9f06
c55b2ecc
79de6b95
eda8b4cf
b17bbe47
c5d1c54e
3dde7f9e
eb881d85
214bbbd1
0a97f09e
5d3c69ae
a9781143
002e9ee4
ec496a4d
7dda391b
d508e29f
186e92d6
4165e24c
3e9aca9a
81c0dc6d
0865a0d4
68163006
56214889
85d830cb
4236056f
74c9f20d
c208801e
1510a2e3
4aa60143
54ca6019
d020500e
557435e1
2ea401ca
44ee301f
4629416e
cdde30f3
a2cefac4
f420d7b9
b433b26a
cfe379b2
3e056be3
75207759
ac3332b2
8da40d13
5e507267
1f4c9fd8
be593262
a723d9f2
ad3ce847
7760b35b
b4132e14
ec9b09d3
f5185b47
3d6bf9db
bcd7a234
a5af0913
8d9861e7
ff6adfdb
b4d32604
b397993d
4db45906
d38ba375
f647e618
6617b386
06284080
978aab54
d504a31c
201fb29c
8098c308
83caa355
ae8d070d
aa9f720f
12ed3ff9
3e1b3630
48eddeab
de7a7549
05ed5f7b
baba7823
6ae55de2
02bcb449
6fe57df9
ba151aa3
4844d2e3
d23ed521
03dd27fd
ac6a52aa
2aad9abf
cf63f4cb
02713d31
e320fcbb
6af5f4b7
c072dc84
5f673ba7
f31177a0
6871f2a3
c0b3dd41
037f3dd6
05621228
a8512a1f
cc237dee
83edbc71
997159f9
2a77b2e7
4921cd95
57019e23
b5515de9
e0b772a3
8521cdb0
8528b0a8
2eaf47a5
5050754e
8e08610d
91a0f065
f52847f7
b8f21e4a
888ac80c
8384f4a2
850186f3
b1f832c2
8e87980c
053af681
15af698c
cea56d18
44a0e775
e133e400
11f10026
9f4d4f13
28c3a76d
bc876136
be2112f2
b37496f3
2cac9cad
427ad370
794fff15
ce4bed8d
5e1fa252
5e5ec234
5b26efd5
de3fa4bc
5e9ebe58
d90e6534
b26003f0
b8e6bc20
6feed40c
e72958ca
4ed72985
e0d18ecd
86c783b9
e3fb73ea
39dadc2f
c851a385
170d8773
86fb7f78
e17b2eaa
8d468a8b
d01d44b3
b7805e4b
4bbc9b52
e67496d2
b6598cea
f98b7b81
cd99bfaa
421a0d0b
33071793
07fb672d
ce51fc6a
0d5a890b
57151413
57815ac6
6f2cff18
7613f3c4
c4b0997a
1e833213
f194cb18
163339cb
65ec3792
4e2a3720
e0814da8
14e61107
0d217490
3c3ea33f
c2f530af
ca246f33
33473d53
797e273b
c0ff60a7
c9d517bf
31fb3c63
f93e8f6a
82fb1216
8981112f
f0f31466
0c3e2039
fcc68027
db3e8d37
4b6be8d3
0e7c2e3c
94d7a091
d1691581
4aebb931
a83eec1b
9c83d4bb
c95a51b9
506081f4
0e7ea8ac
ec6f806f
1cbf3d27
49c3e055
5ce6a814
5ce4c54f
5cffc5f0
6b40e15c
5e72e224
df85ed7f
fd777491
3260891c
4a6a767c
fd3eada2
3f8311ce
c4a0fc8e
4e62b6f9
bf3485a3
75ca01ce
c4c44cc6
536bf0e5
ff9c8ba6
7eeb406f
9d447c8d
7f68baed
ed083b26
bd9b524c
49e9de88
79616758
7d1c7936
5f489d7f
50a855c8
5f61d2a4
7b188987
d7d354cf
c3e57d94
5640de68
b54a1981
bcc95a5a
49f1fc8a
5f691f64
7d8e1985
f56944ca
4771fc88
5a69dae5
75089901
fce140d2
01b3ff92
ca402185
18c5078b
67e87bba
0f4c1c87
84838494
4085f6cb
677d2bd3
7b7c169b
0c0c8db5
082b86b1
4728a99b
d0780087
0245001c
6c4d7ead
43367da0
b7448907
2653888a
8445fe4d
f9166919
6f703671
06448cbe
806b9035
4b62e88b
e2681033
9a2504bb
4e05f0bf
4bac5cbe
fd6415ef
042700b2
540cf41f
499648be
b46813e7
946408b6
8e2e90b5
09fa408e
e0ea00a1
08150ff2
9618bf54
7b0ba5bc
b3e0e2b2
5f231d72
bb54b750
f28bce58
ae6954b2
f66b7824
e7485b68
faca4620
9f39bdba
5c948c45
0c43319f
1a030d9d
33f8eeb2
4b918190
6eaebed3
fc0764b8
6eed1e9f
12235b86
a624726b
ee958794
df29f7ad
6e74a964
d84972d5
5e4f1094
56348053
7b14a8df
3c29dcd6
ea9448ee
f8229eca
b1a4b242
267c8020
2f9cb1fe
ce88600d
261445f0
b691d175
a234947e
3a4b2972
f15641fc
80937044
2037d976
823babc3
184469da
88b39451
a1559177
0293aa63
0f926419
e5d64307
94333d72
043c816a
c23148f0
3dc67ac5
ccf2607c
bc7ce970
ca9ee462
9d94f6b5
c8b1b177
14470ae8
69dbfe28
f12f4507
f6776dd1
80b5bd5c
8bd9fab8
712b114d
d6c365d9
5cfdbf4a
93dffea0
71aad327
dedbacd1
687dfa18
4d3f3723
a37f3028
3ecd2c23
49683c77
051f078d
af50727a
821b4775
b9da145a
0c570b58
4a38ec1b
5015ddfe
635a37d2
df6d7b36
f53e1ba6
3ddcb285
cda6ecf5
7d122687
bf913ffa
b93abe1d
8d87e3ef
4e07229f
582bea57
101eff6d
6bd716d2
582008c4
f2901a30
6194b407
97466905
5b802044
f68070a6
513ebe3d
16e77dc5
6c02220d
68a9a83b
115df52d
2fce3243
897af991
e27756ea
acdb2a0f
cda95d99
d97b7d19
a85772eb
acd1eab3
4d2d5758
7f736d35
a3551fe8
bfc18a83
972dbd9f
cc3c8184
e54ed36d
ad83f10f
dd33eb5e
4f122019
b50ae54b
b417cd1d
0fb82d1c
1f32a582
d7cc9bcd
fcc5c007
95e1f737
c070e3e7
c4ce830f
cd6b010f
9501e7fe
b470a303
57ce830f
e6c5418e
94e137bc
5472e3a7
47c481ad
c52b518e
95c1e3f3
2e4a7394
2110b780
35c8a213
9e3f5e82
045ef397
3912f522
35880613
9f9d1e47
045ae7a1
218eb7aa
15480023
15ec35c2
fd06051a
4f3612d3
0708233f
173e46a5
ab6580b9
4c7f5341
dfa7d464
5ae86f4f
0f50a5a9
bfeb1107
9d134028
51697f56
dd040c39
7887f757
5a54e46c
5e7e0641
4f548c7d
7eefff55
df56ccb8
5e7e6b52
1a548579
fa6adfd5
ee7bcd69
5af7ee92
7954ba3a
7bab8d95
56476dc4
62c8a614
e578b498
27a60704
55255d4c
0a48b26d
9158b498
3aa6e10d
56737d7c
08cc820c
0478fa79
7be3c91a
5fe765a0
106bb604
055dfcb8
2ba15dca
46c9589c
94a1f7c6
3355e478
cb238142
cfcc5998
4ad5a626
545ca8f2
5a49f113
e6d59e90
50373b01
76cfa876
020a9950
a2cdd2b4
d9735f8f
42d59679
894bb851
ab1d80d8
599f1b86
18589630
3a9085bb
1728f13a
176a4ce2
2c7996f7
36d2bd8c
5708f13a
8726cce2
276312d2
0a10bf88
154cb11a
84a644e6
5fbc6cf0
3cbebd15
11babd6e
46ea04e2
fe7f5e31
b09f9d5d
9dfcbd7f
8c2ec0e7
d53b74dc
8e96bc1f
959d7537
05764c63
39906482
14ae8655
f1748d60
24dc18e8
5b986482
34d70497
9b509d61
45ac0066
05b07096
14b6071b
9055a565
2c3c1462
949449c7
0ee10a98
087c2d31
b9060513
949cd90f
44eb04f8
c0560431
b88d3813
941cd72f
e5eb02e9
c856c009
504c011d
c29f53a3
81391eb8
08da2501
b99c1f25
8138d711
fe426cac
ca4a2191
6e0d4cf3
a27dd784
3dabc1ec
deeb2089
6945dd55
23ab7597
a23f0ac8
10cc73f3
aca854ed
83ab7717
b310cd82
36cb205b
ce50566c
e2e9fa80
f3d9d9aa
b4e324d5
a0e1f47c
f36b75b8
a33718ae
2ef7b98e
c8bde883
e4e97c38
b517d8c3
0ee53892
c3aec8ca
f2697c31
38995c27
48e4f8e2
d16e4585
0a1f653a
20169ac7
0cf9398e
c89c7743
3defd437
6ed49d45
096933aa
cec0c108
6a0abb20
3a944e0e
4c2360ae
95425681
0a0f752e
20c20ac7
0c4829ab
53af74c3
eb0e9708
3ade5ef6
4d612bae
1fe75683
5a0ea789
309b5a96
4c606aae
1f6754c1
22bb2bf4
85187631
0c95d063
ffa065e9
2163a765
8501b39d
2fb9d2cb
cee065e3
33e625e5
9510be71
add596d3
ce82eda9
61ba2301
a4d8e485
a8d50757
62d1357b
94ba2f65
85fb8275
a9999253
b1062dee
e19a6780
04e0c031
a8bd1e5b
2943622d
e0a2538b
a3a90c0e
35573107
24c094d9
e6ac138f
e6b98626
056f316f
be4c943d
e5a82787
e4b1862e
31ed33df
bc44f0dd
02e529f6
1c702d3d
0f7d393c
f4f4a112
fa6324ab
f1349917
3ceb32bc
c4d78ea9
80eb79e7
30107ad2
2d8132f6
843bd3e3
1ba489e8
d633299c
0ef0287c
bcf4a71a
d23df22f
38331854
eee0a298
b0bfae7a
a72b4957
2e5238a0
c9009213
923b4f62
7eb421aa
04ba82fc
18dc210f
ade424eb
da862382
2498b870
897c975d
abbd4ef8
fdae0187
a48044a0
09044013
b72a47e9
12a72d64
8e103238
28b99a4e
97704583
7a670f76
985512de
a03332e4
84738c09
42e95376
20112acb
490b529e
8418c1a9
15b52924
9f12ea38
ec152a4d
97732c22
6e5d2b65
9b7d80e2
b92fbc31
94238633
c735c35f
215b0e8b
8c0351c9
ce1b306b
54916507
17bcef1a
0e118c01
a6111cf2
50344703
3124be91
85158e09
3d979cb0
401567db
2576bb99
2401830d
cd9916b2
a31f5b55
a3921aca
1128aa1f
bc4c5cab
a18d1951
e9a11ae8
9174fb46
126208ff
b08e5137
e14110ea
11c6a307
84341df3
e82f1817
ec3c1c58
3c9cb1af
e4c828af
7ea40200
8e1d5057
b99055e7
4bc168ed
7dae1f95
e6444a7a
3b828077
b9421bf9
6fa50490
fe3cd6f8
39f7f0f7
eac8c919
78a50080
ee3456f3
abb970bb
f8c8eb0d
6fa12db0
ba34cff8
3bfeb8b7
ea0ae95d
7a671f78
6c2fbec3
19ce818d
ddb4f6e7
7a2b0f2a
c133aae0
16ca8111
44b4b69c
f9bb0b37
e7452fe8
becb8a89
a4bdb6dc
0e3ec724
28c6ffe1
4bceb589
4724c677
8aca4347
4a77aba2
a3e74f9b
ad567e3e
a5bb2117
470e03ae
ffdb4ec8
b2333fde
0848c1a3
3282e697
ceef198e
5743e2e3
996aa0c3
4686c03f
a6bf4fbe
b7c26fae
35ec895f
c65601ae
afb46aae
b36675ff
b34b41cd
4ad06eca
00690e38
9e570b8b
94e37f71
5853a623
0b2910fd
963f4b81
bc0955ff
411236c8
030b9398
de9b41db
a75b611e
1c846e80
4c5c0aa4
3a0e0583
fe5b696f
3489a4e3
2c0c8fa3
08cb0dc2
a91e5d7f
208c4458
081f8ba8
fe9e1443
9d9f7052
78adee0e
6695a6e4
768c1571
b894744f
5aa8c6db
269e9f64
bc8e1551
a5067ccb
2b2c4e5c
329daf6c
466c1571
2172be5f
03492f58
0dd64b85
74a0b79e
257aab06
63d527dc
0ecf6f9f
9fc092b6
b07abf0d
63d72f8c
1cce2e0d
bcf117a7
00e50cf0
b819f91a
3fab72de
59e2a614
224dccf2
7d5b7f0e
bea346be
5803e31a
8449507b
7a13b80e
842fa0ac
c015eb33
9e8400d3
2c080258
2394026e
b7622aa9
92860047
64424210
a248023e
9f262fe8
dc04104a
08401090
0010013f
5e1f03e3
f5a8f2d4
f684e3b7
57a9fc3e
bf5b0b1a
1f1afaf3
eaeef7b3
c8bd4661
7a3b0310
168bfbb6
a1c351aa
ea8b4283
9d395d80
7797b0b5
fdadf724
5fadd777
af5aa32f
b78dbad0
e4dbc6b3
74bf4df5
619b0f18
959b9dd4
810a309b
61ba4e63
ebb97d0f
27b3e5b8
a55e0aae
9dec516e
cdf8e4bd
1483c4a1
8c4e92ce
0c4ce3ec
ef99b436
b19b25bf
84523083
0d88032b
e09b3f27
fa166567
54c9cfdf
ea6fa9e1
2157a951
ff96ec17
54e987b5
7a7e8941
6e8537b1
ce8af817
74cd45a4
72e65a80
fb6df72c
e80523e3
12499a9c
b84eb1e1
e7944695
cbb1e5a6
00493a9c
50da4016
6cbc1b40
c84a9862
610601e8
7280408c
fbacf7cc
f98510cf
1a020e99
505c857c
f61e00a1
a9919cdf
09127888
4250406c
3abc14c4
a4a999df
03363088
4380087c
d86c1566
e51e728b
656e8663
3d870283
4c9f144d
85721aff
ae9a6473
a0194664
933b5108
12611af5
8eba408a
8082f2f4
b730d800
c98377e4
b12fb663
3d46a795
5c9d9675
8f91684f
100769f6
18195268
1698d2f0
51f01fdf
9cc3e296
801c4674
7bb31ad2
adcb2386
f2bdb7a2
373e2393
16cd7615
ddb06c4b
de697525
171cf7f9
54dc9977
4d13160b
5c01b0c7
f04df13d
61d1a352
b47bf7e1
373700ae
5e2fc4a7
5164413b
347ba7fd
3ad7602e
dc2cc5a3
556055fb
f53b8716
20e5602d
c842e63e
5564055f
8161acf1
771019ab
6e2f8084
f6274813
f893be27
f89e107d
bd270065
544701d3
ea338492
b48df665
e92244bd
5f6403cd
05e97970
5e957623
63168894
96470a5f
318160e5
98fade43
f33ecc18
1c474ad5
f337853f
9cabd467
4920cc9d
1844836d
f990f41d
3582e10e
7b3c84e8
f41e945e
c2e363dc
e99edc2f
0908d280
e5b8a352
f9006491
74a2a31c
7818c5fc
701739da
c2e063b6
c92ed42e
1b00908c
d5b0f25a
79106391
7c82630c
501a86fd
701ab0de
c2e263de
c93acd36
110a9228
ddf0e7db
3414161d
3200090e
27808fb8
f11f714a
e8e3629c
49dac04f
08209485
6c8100c8
5b803338
3522229c
054a4eaa
f01f13ca
a263e21a
e9ced48e
b820d401
4c2106da
fb187391
7c02e05e
704a279c
e41614ca
4ae243ae
c93ed186
1828922d
ece083da
bd119499
1104a21e
260402d1
f71f00c2
c8f74288
89b84d8e
29689620
49c38d42
1d913f3d
3f14600c
a2c63ef1
7d1f58ea
e8b7c710
c93f5c1f
2068f48f
4de28dc3
391979d9
3c0d340c
e04322d5
741718ca
dae2460c
c93fd516
0168e48f
6de00853
2ef2f826
2aac99bb
b943cb46
1be0cfd9
6a13346a
b4445135
ef11418f
a6da2b02
ac92d8ae
9e2d08bb
bb83cb26
1ba4e759
cb2735a1
71b5697c
ef5160c5
74723322
6c910030
8a2dc9f3
3bdb9b0c
1f39ee79
cf3721a3
74a7436e
ee0701bd
7cdf7312
def8d882
7e2c39a1
980fd92d
4da3aaf8
49a36445
7524615e
ad03239d
e4de23e3
7b1044a8
82232193
b839f95c
1ca9d1db
602234e0
36b8a04a
cf52600c
1d5a3733
eb90d021
5aafab21
be3fe949
7921f038
cb3105c3
71b2236c
2e066085
949f7313
fef0819e
7ea4a331
9a85d96f
8c2bc3f8
79216458
373c20de
ab70238d
431f25c5
f6fa113c
db24eb33
db8ce149
1e83f2b8
652125c0
37bc2852
5936738d
42bf37d5
f4f0111c
f836a911
998fc54c
1c2ad8b8
4d3365c4
631de456
5d005301
f23f37d5
67683237
fb6fb2da
35644116
df315195
044dcd77
6a0701bb
8d0d2c04
5fbdbbe8
47b83227
ff99d2de
62e68136
db345155
8c5bc077
2b37c7b7
0de51c08
1ff5ad3a
c76db237
df3d93de
32248934
7bb50195
045e0876
0f17ab67
8d6f2608
1fede98f
a61c7333
f92d0bd0
20689a32
8821d5de
1279e47c
68055453
9e274875
79709a0b
2e3d7d13
290450c1
336ff80c
e95b946f
4069425d
d065d45f
5e3ba661
5a57be0a
a7255753
a73552d2
37feb918
eb303376
b479085f
4227f54f
5f0f364d
3b751a8b
aa9d4b8b
5c3b0cf3
64ac532e
e0996c5c
167daa58
ac991a5a
0b655887
443c2385
aa2f0bca
d0af5c73
c6bc722a
c01a5c58
3029ce9b
0c99fa5e
4ac5bc83
462dbf81
ba2e4f44
52091852
87e49366
e6187d10
fc798a0b
40c5dade
43e4448f
26384f85
fe23d548
ec5519db
1b5de4df
6280ddd3
911d4cee
ca8db26d
4e115361
bc56ba9a
7af7c068
a96399d9
9a57e476
7090c79b
917f5eee
c2bdb36d
4e134741
b616b88e
7e32c468
eb21989e
9273ecc8
32909edb
912b41fe
c0bbbaed
0f111b78
bc0ef90c
ae904142
e864d1d9
9bd7e44c
2a802fd2
91207de6
c365b2fd
4fa95161
ba0ebab2
95e94008
e9e71911
bb71c452
22d075d3
194f16cc
4b74baf6
0a0759db
970e98a8
0532d4c0
89601981
b8f1fcdc
36d0c5db
995f4aee
42bdaaec
4a83196b
b41dffac
e61b7840
ec647961
9247ee6e
33c8fdf1
b1647c87
e280bb3f
4f875341
bc5728b9
6632e840
ef6439c1
9da1e96e
33facd50
8b2d5cc6
0284be2e
4aa743e9
be573ab9
473ad0c1
cf6479c1
9b65ec48
26d8ed50
89634cc2
52a0ef2d
0a835b49
bf1defb9
b3628f3b
dfea8030
21a02995
4c1f2100
678e0b49
d42e0ae0
2d78283b
8a3ad6e6
d1eebdfb
855a8c34
15c011b6
0c4f68e2
463f6964
56a249d0
381a3a73
aa7b9620
d36f8dfe
96e8c134
0a8020b4
4c874870
76be696d
76745958
e9786921
8b3a9764
436007bf
d3ee8a32
2d8071d1
6c2e4202
679d4961
f7870ac0
387e6c6b
42bac576
d1648e9a
b75a7584
36b06993
6ba54ba4
67fd4865
979f18e2
6c721861
c63897c2
c3419dbf
57ea8034
692031db
68c76a86
66f94c4c
5575d0da
295c3e83
96399744
536287be
1ffa8e06
2f9411b1
0cfe4302
4ebe8141
765e12c0
79783aba
0a389557
d3eabfbe
93fc8cb6
659019bd
04e66382
46bc2b45
f7dc13d0
32746c1b
a2399716
dbe89fbe
f0c882a6
6190019d
0ce68387
4e9c7f6d
f55e9150
3874288b
12389744
df16f551
6d813826
24f3469f
b8e0eddd
1f45c814
3a0d0a71
e43fb8c8
053f7a81
fd17fd70
21851230
04d7cabf
b8bb6dd5
afc6d034
0a85cb66
e42df868
652f2a82
fe1735d8
34d36939
063994be
f1b9915b
bd5740bd
38a1cafe
ec1df0d0
65bf3892
bb8cb5d0
78892cbc
24f95299
88087dea
77507591
9a6c0af3
ac6cfeaa
251a3945
9d2e9cf7
78813828
07ed9a28
a9bda906
67fc0293
8bc02ce4
a446bce8
ad3f3a83
ab16e4f1
32ca09e5
05fd92b8
b9297022
77d04719
59eb2976
c44cf95a
257b6a93
188207dd
529368bc
669f1619
3002e84a
5edeb391
985f0ed2
a868fcb2
052a31c5
50860e9d
569ba8bd
641616fb
f562790a
57ec7399
997e00b2
a968ec9a
452a24f4
3852cffd
5280a5bd
05b616bf
14824082
7eccf719
c85dc116
e968ecba
0d2c10c5
73cf983f
c1ea5d0c
e1c58987
6ccd24ef
bc8fc864
cb0298b8
21dc3b57
13a44b46
330022be
514ba71c
b2c18723
8c8704ea
35aefac6
e5c6d8b0
a1d81b40
33b41066
d32800bb
574bef87
7190f129
09051304
74f0ecce
f5a27912
b7a4df0c
f3f425e5
ce87b94f
857c5d12
ecc69db3
66dce5c5
af96e827
d2084019
2179581c
1b808a3e
e34a09bc
df49bf16
a5852703
88cf13c4
38a5ea06
b5d8c822
e57848e6
58a9464a
b38221b8
514baf9e
e399b32b
892c336a
74b9ca37
afb05c26
b4f49e94
d53834e6
7cc7bbf5
88497f00
ade619a0
401ce407
8c9f4922
fa613a13
7c7fda4e
1bc0ce3f
410879ec
0d483516
ace47b23
ac4f160c
ae88c822
9de4f806
6179d856
53ac566e
e3031bac
114da787
d311f3c1
a50f3366
ecf0cc3f
0d82dd44
d6b49ff6
d00086c6
20d92c64
0bcfbfce
2fdb7bb3
7f663215
9c879877
182147b1
34bfaecc
14e524e3
87290460
099e77c4
3cc33115
9f4daa26
7ed3b47d
2a3144a1
31bf8dc0
1cf7b4e5
93a94c28
61dd37b3
bd0bf31d
3fcc7f05
3ec4a41d
f2884491
b7b59776
50b6b4a1
24592f65
088ffbce
21571933
ffed221e
fc978973
18a1c7b0
2dfdeee4
18e2f4e3
a5eb3671
8117eccc
c255bb72
f7786c54
fcf68c99
1ab1c6a1
8ff6ce00
fcc3bd5f
93895d38
a1daf5ee
9806f267
b6477c02
acd6ec09
52aa6c81
96f5ab66
c0076181
adc92e70
0e4fbfda
17d71813
d5eeff15
7e478c37
1aa5ee20
ddfd1f74
9587652e
ad0b3230
345b49ce
9495beb1
97783a25
dd048fb6
03a1cbb4
dfff5ed4
e58371a1
b5033220
844aadef
9d95db65
96ec5d30
bf60adb3
0782eca1
96f58d7c
e10760ab
21251227
ff7fb25f
33f4693f
ceb5c1d5
9429787c
31059958
bdef7c74
6b3deaf6
2567062f
7fb5b287
76e70995
c631c1d1
a4314a76
31135bc6
bde3664a
7f3dc2e8
c5652625
ff35b21c
22b0099c
8e35c5d1
243ad074
19171bc2
b5fc6d24
5f7de9ee
2bb65227
7eb713c5
b17c1faa
8a95d974
3599e735
fbc38072
bc3bb846
6372de2c
6bfe5035
7ab51313
b6fa1d9e
afdb8546
03c9c73d
f1e4155e
943a9e5a
7357b6e7
032e2373
f63d2a87
b2bc9f9e
08bd8274
15a9417f
d5e7b96a
f46c307a
1358ffa8
eb5e4ab3
3c1f3863
e52d5362
8a8979dc
1559ff2d
04c9385b
369ffcbf
437c3b85
e29d4ef6
b03b1a73
656e7666
a608f748
23c9ae0b
15c51a26
62a4b62f
23f48d81
a88c4a77
943f5877
a3feb7ce
cc98dd40
15f9aa0b
05e13aca
72a0043e
037c6b8d
21ed3a17
df3ed747
bba0cb24
1f65d9b4
b0999467
7b725d01
b5fe440f
5bf15675
a1cd283f
df2f9747
baa18924
17649910
90a38445
7bf6d389
b5c4560f
dbf14e74
83e92a3f
df3eb747
bb848926
4f6c2734
1ca19cc5
3362510b
fdde1707
9bd1c578
3279122b
4f7f9747
bbb08907
9d6d7b2d
fc8bbd6f
73b2e10d
bddc0e5f
4bd9e67f
3a2d9037
023bb1c6
3a3889ae
476d1324
9839ac65
63fbf30b
bcfc5e77
d3da767f
d26d233f
991ff5ae
bbc48dec
8e6da585
3831c94d
73e75191
fcd20f77
fbdbd47d
54e91b2f
ed6ae747
bb8009a7
86656b55
7fb9a06d
71dc0099
b0dd10ef
5b9aa657
d86d1b2f
8f7fb504
39b20d02
466d2be4
b8aa816d
71f3c0d8
79f91ccf
53cae67c
c2691b2f
fb3eb317
a980098b
4e6d6b90
5eb8954d
b1525210
399809cf
53cac740
69943735
3f1f3096
34af2ab9
fa25a3fd
64db4335
e82604f2
a45df93c
d58cf2e3
e9c62f35
1f7b2096
6bff6b8c
f92d81dd
64c7527f
2f039262
205cfa3c
792cffee
e95636b1
5b3be286
22fb2f88
bb0d81ed
64f2423f
680643f2
245cfb76
3528f3ea
a9962db4
7f0f6298
3eeef38b
3225c2fd
66f97317
a8669a72
a459801c
718ee26a
28152c38
1e3f629e
788febaf
db258a4f
6464723f
8c7ad262
a24c8b2e
7d09a64a
abd46c68
5b39608f
4ebf0b88
39338257
6466601f
e804d2a2
a645a5e6
f508b0ea
09143ea5
3f0d221c
30ff3b89
6b2eea5d
475b7135
88665072
b44f8d56
75067a62
ab143c34
7b0f041c
0a0f9f88
4273964d
46f0743f
a844c2a6
b0c9817e
f51f2ae2
2fd42e70
713f400c
42bb3b80
bb03826f
646c503f
694053ae
b265e176
f14c2ae3
a5e0a233
e9674357
31e50d36
5bb941d5
bc9fe565
b736d149
3dbf0d6d
db7dc66f
07a18227
cf269355
b1e00f36
48fc6595
2d93c467
9127a36f
3fba4de5
db7cd62a
c7a19333
cb271355
e2e58f22
4ffd2491
cca9c8e4
8396bb4b
3d1a0ec1
5b75c72c
27e11237
ee2f5255
b360af4f
83b941d6
b49d486d
e352195f
3dbc1fc5
dbb8470e
26895023
fa7a1455
f3600d04
02f56db2
9139e241
f463719e
39cb2287
df79574a
cf801127
ee251375
a3c48da0
6bf745d1
a0b96ca6
93d6f0cb
bd3e0b45
5b7a17cc
afe93337
eb2f12e1
b360092e
81ec51d6
b1896d6d
7bc231df
b55f5acf
db54464e
0629b223
ca6719e5
f130092e
232d45c5
93a94c4d
73c52a59
5d3f4c6f
5b5a044f
87893317
c93c53e3
a3a00daa
8bbc65d5
b0b981ef
13e733db
9d5f0b65
5b7456cc
e130b217
3b8ea2de
3b27850e
5f2f319e
e47b53f5
5917d55f
090aa03d
fff9935a
64303217
1f8ef38b
a32225ce
5fab5216
443342b5
791f93df
050e922c
7d7d9b50
60903313
df9ae29f
72668d5e
1d72f1da
44764294
193395c7
1d0aa60c
5deceb48
fe3d4217
5fbfe75f
7935ce28
3f73a29c
8c6b6b5e
cd92417e
2b0ae00c
5a81a70a
5b24431d
573d3714
a07ea42f
326826d5
146e4a3f
0495c4b3
c30dae06
5bb7320c
15b44317
77b8e25e
23268d0c
596a3394
946a1a57
a907d0ce
7344a889
5875e389
d7290a91
51379150
698cdd0d
fef1ee3c
5c496b6e
c58ce48e
2b1289af
52e5b789
d623498a
f53744d3
c88ef143
c61c6e11
d6432bef
c1985c12
eb049b0f
50253785
d3a90256
512cb057
31ac910e
fe2c1f90
18790a6e
a9837056
db04dda3
d075a389
5e512a48
e0875356
53d7cedb
96519558
b33e512d
7966d04c
2d1c9371
d4abe329
8ed16800
b486f156
51868e4e
82d695fe
b62a5224
f94ed1ac
bd28d16c
dc4bf32c
4c702800
fb26f355
53838cca
12dfcd7a
d231618d
4996d1ee
fd8a81f5
9c3efb38
f023bb1a
fef74156
13538e8f
525f0756
bd8e792d
583c8149
ac3d0ddc
e20a572c
ec6b8953
f1a15056
105dae2a
d6d78dd6
3f3c4025
882cc3ed
aa2dc9d4
e23af334
8ef9d800
f4809104
129aae82
17d4e4fa
bb397125
c812c35d
e92d89c1
d91ef730
028b0388
fcc75197
95160eab
46538f56
bb8c7109
18eaa0c8
bcbd8998
711a33f1
032b8108
feeb5596
1796a1af
8fd64550
9bacd030
592ea36d
0abdd998
213a77d9
46790a08
f0801316
9382aeea
37dacf54
99b9713d
d906f59e
2aa99b90
013a77f8
938843b8
5f4bf79c
76983a09
e036526d
76f1ed3f
b6e6cc90
b6dc9f06
d594b5e7
f12804b8
579bf51f
529920ab
f03c17c9
f4e54d3f
47a3d1c2
a6bcbdf4
d585a5f7
b1c193d0
47d3340f
73d10c8e
64bc25d9
4c8fbd3f
8c0381a8
24ceecfc
d1a4ebe6
830040b0
470ba715
d79df32b
eb167a6f
56a1ee1f
65eaccf0
86d61b24
d534b1cf
59a81098
731bf15f
179976ae
a32cd7ec
f4bc4c2e
2d87d0f4
8f9cbfbe
fde4b465
1be59ee0
a712303d
3fbb16ac
523c256d
4492350a
888390a4
ac7eb9ee
59e4e2d8
8b005aa0
530b771e
f11ff22d
f0365a55
64e1eebf
afa25e70
97b4df14
d4a4f34e
c8c03db1
271f950f
538236ac
70013ae4
e4c1f83f
ad875d30
87dceffc
f594a16e
6be1eef1
2713104d
76ba3eac
7231b64e
04d2383f
8c875bb0
ac5ccffe
31ece7ee
314ec5b2
52ebceb8
7e08b071
e40252aa
5ff0afe0
aefb6a92
12e2bcef
e7149d96
31aec4b2
5cebcd8c
4c4db3c1
e20210ae
5562ad28
a6fe7814
126274c7
e7059c86
110e45bb
56ebcdad
4d08b179
a00072ae
75f88e08
e7e8f816
1264376f
a7368487
b18e45b9
58ea8e28
de0d3035
e40670ae
43e1afe0
84fbea72
5be09ac7
ff2581f7
b1ce4da2
7b7b8c8f
ce892654
a42315ae
c1f2adac
86fc7474
93e266ff
ff0e0d86
31c6cd82
57ebcfaf
cc1832b8
e53410aa
45fb2c6a
2f7a691a
49f822c7
ef280d8f
bb86c5a5
5cebcf2e
4e5db2d1
c71634aa
44610ea0
e5cb6e13
d7e298e7
ef289846
2246cda1
50e9ddaa
5e4db239
802454aa
63702fe4
95ef4ed8
8de8bdf7
ecaa99e6
38a6cca2
5acbcd8a
4e18767c
a53331aa
6ff32fec
c54ad8c2
9fc875f7
efaa98c7
63782896
5e2e8395
1b84d160
9b78ba3c
533b3162
75f24494
2bbc51c7
d6b1a771
00f90a9e
7e3ccb86
5b84b1e4
07289a3c
5b317b66
75da4414
2094054f
d6b2f670
25d90aba
7a3ee3c3
5b86f1e0
8b08ea3d
d628d362
71565434
64b64587
d6d6bf79
2c60cabc
0beeaf17
9b07e1ee
477baa3c
eb1a596e
75ea668d
789a4175
d69324e6
ed7c3b96
6aaf7ba6
5987f1c5
e26ccea8
f22a586e
75fb7094
6cb457dd
531324e0
8cd92ab8
fe6aafc3
5b8f61e6
e674de9d
fa2a546a
3547d2a5
74b6575f
5296a6e4
bce14a8e
186ab792
db89fd03
c678be31
79130c6e
15405ec4
6690010f
5697a6e2
315c1a9a
3a6b2d96
99cbe183
c67dc2b5
dc23a436
0541da60
669d0b3f
d79c2260
8d59109a
796a8792
58cce583
8e5cca38
fc23906e
a5ce7824
e493130f
569ff760
e106b3fd
b553501e
607c073d
e00d1066
84e94ffc
eb9ab8f8
9908ba3a
f968ea1e
f3c28f9c
1d47d034
6318263f
a09710f6
8cec439c
cbaaf3fa
992aeb44
7968fb7d
7366d799
df13125c
603804df
a0b410f2
00b87bbc
0bb6b352
894aaa1c
f968fb5f
638731e3
1d22429e
246e169b
a89485e6
a2b943fd
8bd289db
0900ca61
ff60d25e
018fb29d
2d254000
66d0063a
a81a59f4
a8b953d6
0f47ebab
d92adedb
ff6cb37f
8a07b6b5
e925428c
63a446be
a01739f7
84b879be
4b93e9aa
112ad469
bd38a29f
aa8f73a7
0b213888
23e40698
a09445e7
a0ad41ac
abd7090a
1089d86a
7b70ca5c
aa8f938d
0f39588c
a2d82298
a91f2567
a4a8550c
bfd38b88
11c95c53
7e508377
aa8ebf83
8f31128c
62d0227e
e095a56f
a5b850ac
4bd309ca
104a38ce
db608a7e
44f03017
bf2c924e
7b278566
1f2c97de
c253434c
795ec51f
29484405
ffe5b6cc
ee387033
ff2c925b
7b0aa7d7
4d24d3fe
e2134165
7992cd9f
110e453d
dae52248
2470b913
ddbdd2da
7206855c
5d72d1de
c27f0365
6912d58f
094e452d
ddedef58
5e706113
3b3861d8
286bcfe2
ea2643bc
c8634a10
3ab8c556
9f4ab0a5
52e0b348
dbb0091f
95394455
fefba328
c802c2b6
68f3421c
9a9bcdce
0300c1a5
72e5f378
adb44993
903d6480
5a49ad4c
4922fab6
ec720715
8bb3d4be
0b2411bd
d8e13a1a
d7bb491a
f2b5988d
141dcb0b
ce7f5fb8
2961329e
1b8858d6
8f26570b
52bd2785
d60b6918
e00fcc8b
944d6b23
ee7f4f19
3de03f0e
0aacfee0
cf21af9b
512b2385
b7ab4198
d0add9d9
9c4d4b0c
ce294931
09602b8e
9a99f0b8
4b001309
001d1787
235eceaa
0a7d4eb3
0faa3800
c92d4bad
7968b578
90615ae0
b7f532d7
67030c07
0d6f06e2
087d48b2
0fef3876
e9a181e5
7d6f3478
f6c90a58
a6fd3a5f
67030d20
a9df4eee
12fc0ca2
0fc85b37
8b202f25
ff7bbc70
f4c90a10
f6f11af3
6b1105b1
2956a6fa
1a79cabb
8eca5a96
8a892da1
656814ba
f7494e69
b7f1626e
2717e086
21de24fa
4dd5faa0
47cf5a77
2b210d28
77389470
92c55641
c0f23a16
a43598d2
2cdfe7fe
8afd08e0
07497ab7
ab01b469
7f399570
f7c93a08
e6f0304f
67349c83
9dd67cea
0ae0ec2b
8cca5ad2
0f283ce9
4538943a
344936c8
a6e3325f
af174994
a9565cee
0af4e8a9
86cf6b92
0fa13461
05109458
244d26c9
e6e2b457
efb31817
bd56fdfe
8aeccc39
ce6b5bf2
0501942d
0523b450
744d2ec8
f6f1325f
6f171837
3186458c
32513982
de81107a
20c528e8
9d885696
24f62c14
92b2cc30
586a1c7f
71c447ed
1ff5acb3
b827197b
3a836aec
053d565b
c57e3c14
97f2fc92
08669dad
51b447a6
1eb0559f
d92039d8
b0931268
05f5565b
cd8b6c10
13e28eb2
d902b1fd
13347388
2945b206
9907f8cd
06d51ef9
e00e6af7
83d4bc24
1286cf5b
580786fb
13f5038c
1f94b209
6927d449
1084b4ed
a55f53f7
8116a8ac
1612cea9
90c7eebb
d174f2a8
2f00d20b
3a075cda
3098b6ed
cd6f57fe
839294bc
1202dbda
d8f5ec7f
df95f1a4
2923b716
505beecc
321494fd
a8636ce6
edc6bca4
c695d960
f4dcee7a
de15f080
a303f306
58d8e60c
731494fd
82c36ce6
e9c6d925
0a831968
f0f4ee7a
d716f080
a333d304
7a88faec
639c9c79
e9634dae
cba2dfa9
86870b68
fce4e33a
5c71adcd
a5d07048
27f64c91
5cda0515
ae8f517d
1a10055c
b8796c30
18e6f4a2
44f9354d
ed907208
e5f51cd1
5cd6cd15
b29e757d
08518719
a96fbd22
19e60166
fee1bf4d
ad921268
66f708b6
f4d6edd5
4a9cf17f
4a1187e9
e96fa418
116f70f6
f3ff66fc
03ce9a89
d4a2a499
1be6a70f
c1ed755e
8a7620a2
9b5a6f4a
c01ab591
d90d67fa
f294838d
34a90733
28f2894f
a40c31fc
b9fa60b6
1b38ff02
10123480
574907cc
5b87120c
36a08c9b
05f4a3c1
848e11ff
8af0a03e
3a7eee22
107cb4ae
8f0d6798
62878cab
f0699e4d
216a7f5b
77e8f55f
fb0e63b1
dff253c9
d01ef194
af1f6c90
43d7af0a
d52fabdd
206a334b
e578ffd0
fb0a6d65
d79efbcd
5017f493
670d557c
43c685c8
55638df7
2c68a38b
754ccfd2
fa14a935
ce3ecf67
707fb493
26b95013
ae6c1feb
f985c146
1fe8deba
4063b4e2
fdca2b37
e75452ef
665e3e47
efb345f9
8aa94da9
b795834e
5da9dcfd
c937b5c2
b5e87b65
e70671d5
64d62b47
87db409a
8f292cfb
9b84c144
4fe8de30
dd67e5e2
bded5d1d
660411fd
f65fbf40
c79f6512
9a692f69
f889d944
9f69dba8
5d71b5ea
7fc46d87
6770c39f
67df9f63
a77b6033
ea2365c9
ab01c144
6fe35aab
5171b5a8
bffa6c27
7f740397
eddfa264
431f7c97
eb235d99
bb80d144
6f6ad2ac
f563b582
35fb7407
db56430d
ffdfe271
ce7f4012
9e762db9
da4bcb45
0f691aa8
5831bde2
37ce6d07
cfc241cf
6b9b0391
deb37417
9a662da1
fa0ac947
67281cac
f971b500
37ce7d4f
dfc64345
4bd10359
b69b7096
9a6eedb9
9a4fd160
4e287aac
7121b702
37ea780f
dfd21347
eb9dc311
a3c1335d
b02147d4
6ffc9de0
89dd0b46
84396fd1
fbfed121
e0729858
3170d24d
83ab221b
32ab4694
7090bab9
d11e0a42
0ef0e8dc
a7eadd73
74e099c5
a138b24d
a2bc0a37
320b07e0
b38cce21
9b57be00
38d1e551
dfcadf2b
793012a7
e3d8d341
8e3bfb5c
f0b454f3
83468ef2
d5530b54
b9c8a121
cdd9f59b
d92582d1
33da9a88
0a1bfe4c
e490070b
9b4647dc
3f7b8d52
98c9b329
dd5df7b9
dded12f1
3b430b47
8edaea4a
f4d43cdb
cd06c67c
df53df52
3b459190
cfdd378b
f9634dd0
64ca0d81
dc7fdc5e
80f43ce3
ce22d2d4
57de1f01
bb769eea
80cdffad
6b23942b
2ec6cd19
bc7b524e
88f07ce3
8c2272f0
17c43e00
ab12b6a2
82d9378d
47a7652b
26c6d912
fc5fd84e
aef4fce0
dc687275
4fccbe21
ab479ec2
82fd3e89
6b03162b
2e864913
e5260253
b55db4ef
a0755f48
918910f4
2469ecbf
ef19614f
43cddd49
7d5d03ce
872e4261
9b413aeb
89391bf8
d3a174d2
75e9fc76
ef297dcf
49e3e407
715892cf
6790c600
8b1377fb
a96d065e
f5d995f2
7043fcb7
8f27b3cb
490a20dd
fd5d5b9f
2e8e9a03
b551e0ff
21654f74
e79b5dd6
3c69ecbd
e71dd56b
05c79c55
4f4d536e
ef8f0463
f9311867
88752eea
f5911db6
99bfd49b
ff05f1cf
5487f191
6b7ed1ea
473dd703
cd103a67
89690e5a
f0d095da
0905d3f6
4bb6b3cf
498a6049
ff5d599b
af0e5233
e81130e7
a06aaa1c
f39155d6
98ddefad
e701015b
958fa851
696d5b0e
9f07b733
ed2078e3
a2edae7c
b3d935d6
b9cdce80
ce95f15d
058f3863
eb4fd73a
b724c483
ef1238e7
b2e5ae78
32bdb5ff
8949e78e
cab1910f
4c8f36e9
fbf4cf9e
13cd8aa8
2543f504
529c36eb
601c5547
bdbccbbf
0b27daa0
949edf60
d8a5ecbd
92459a7b
2542f15e
5be872c3
721f356f
9f998bbf
0b37d8a0
1cdc9b40
18a5e6b9
17c58a69
2103d21e
529876e5
7296f4cd
3c8cda7f
8a13d030
16bcce68
10a5acbd
4549bbac
ad433144
99c47280
e215d544
8daec98e
8f27dba3
8cffdff0
dc6cfc1e
6cc23d5b
2d46617e
4ad176e4
e25fa564
27bed82e
4b37dda0
85fed632
3f28be7e
7ce61a71
a905f67e
e2f066f6
e25704c6
1d9afa3f
c914dca5
a5ec8e68
54c6bc4c
418b7b28
6d4353c4
d1d37e81
e1144445
95dfdb27
eda3dba1
90bd9c50
d526fe2e
65cf3928
8d53d047
c4d576e0
e41f2445
adcec837
8925cda9
a1fd9d32
dc61ea2e
218f3ae0
050b3146
42d77ee4
00540c45
8cfac8af
89a5cfb9
c1bd8ffe
5120aa6e
5caf9c4b
ecf5996b
99d52c9f
d4918db1
9d3c1e48
c599638d
ddefe2db
0b5f0805
7daf8c68
cdd3db7a
cf504417
e2fae58b
31bdca61
078d22c9
ddd52e59
c6161006
5c2bd86b
adc15d3e
9d912e11
84ffe419
d10d2ad1
02cf30cf
5fe562f1
2f1f5dc4
59e7984b
ace70967
90406dc7
38dd89ba
a92c0ccd
1199a32d
57efa81b
cf5e4215
51ef9a4a
8d83dd70
0d00e234
6a8495b8
881d69c1
839b61ed
f9642e11
8f6e5734
546bd058
8d82f965
99270436
66f936b3
d90950c3
82dbb0fd
dff02819
8f3f53b4
6d6a5813
ee641963
804faf44
0e93add6
a9396580
1314e19e
77ca9871
ef7f4e3d
50abb053
ec25f965
9262ae5c
3c958cf2
89696141
839df18d
756d0a41
ff7c57bd
74aac81a
ac243b67
9365ae4c
1cf904f6
992951c0
5f59f1df
570c1a79
ef5d4fbc
fe1efd64
e551dfaa
6a4bf6e3
ef0247e9
bb628eff
aeadeeaf
5ba193f3
1ca58798
5eaeea26
917d9cf2
6b2a05e6
eb2207cc
90dd2bdf
3669beab
59320953
0ee5874a
7c9acae7
8d709cd2
6d676446
f7b2178e
59cdbb7b
1629be27
d3b3046f
cce5b60a
5e97fce4
a5113ca8
4cf77eda
f4c6ef4b
0d42569a
ca85bef7
4221b2f8
2442398a
58176560
209568b0
4d1b7acb
f08b84e6
a9d71a1f
eea9f6d1
480992c2
44aa1880
9e1654c0
001398c1
4ddb7259
be9abdaf
8b570b9f
5eedae76
422390d8
44a02889
5a97ece0
64013db9
047f7ebe
b19fe45b
9546b69b
aa856a25
ce27d6d0
250f3880
1a17fee0
6087f838
457f7ebd
b099855b
b54577bb
ee89ae74
8e05fed0
2c8a218b
3897fce0
05830ced
057ff63b
b099bd4f
37575abb
4e892aa6
8e23dc58
240b6889
0e7df82e
68759eaa
0b93612e
c802815d
a9c92273
095d5c8e
fee96603
5225dbda
0db970af
2cf54eea
5bb3a54f
fe400155
b7c992f5
28fdaeea
bee764c7
55a1b998
5c2f5cad
e535484b
4fd35c4c
c2324fd9
21e99a1e
2e5d3e96
3a63c487
c22e3982
160f5dea
ee240fa9
d080fb5a
84d268e8
b1f92c4a
a4fdf09e
eeb5079b
121e3e1d
1b8f5d89
60154ce3
17c8bc5b
87f200cb
5d7a890a
c9e9b83c
fa390f1f
590abb9c
362f4fac
c677cc23
5300780f
82d64c81
91fefb08
82ddba70
f22941d3
c21fbe1d
0ecfeaaa
e4739dbb
984ff66f
049866a9
b128bd8a
87ccaaa5
dfb70bce
f61768bd
5eabe9ea
e0725d67
db4df447
24d856a1
3139b9ae
47ccaa75
da9d4b47
833fa83c
3a6fe8ec
c466dd6f
9d7df467
06904da1
31318ee2
e6ccaa79
d2914ff3
a31ffcbd
13db00a0
5b9b6705
4b9b1bab
e035c32d
7c3f802e
3de64880
b6fcd9d6
45350c61
510300a8
3f8bf717
3799b3ee
e02dc35f
1ef9883d
ddc65ce2
a6eed9fe
54252ce5
d14b50a4
37cbed15
1399f76d
813ccf19
3da38119
fdc75930
b6fcc9d6
452784e0
1e4b8620
6ddba725
578eb369
b0b5832c
bea68111
2fefcee2
b47cddd6
4d243d65
fd4b6071
25cb3611
77dab14c
f91686a6
9ee33511
6da358e0
b6aed954
dd242464
92c12294
70c93f2d
b7dfb36c
b13497b6
18a2d038
c9c0cf30
b6fcd8d4
45208065
b34b0328
7453bfbd
5b9f93cc
d477873c
fd20953a
dbcacfa0
febd1d1e
45a67145
b70b0380
76433f36
47bfb3ce
f014d5bc
bd709131
6bc2cfe3
f62c9c56
45a42bd0
b68b43e4
78c97d37
95cff3c7
952ef534
3d21d090
fbcac8e3
f4fd9916
25a43760
cf66abaf
93ff1126
10e00aa3
42142796
8f3f496c
c5765248
3cd94b7f
d226f7ee
c7e6b9a7
d5efd1e4
51e028c7
225e6fd0
d51b0a6e
8046116c
3d7b4957
f26df3ae
c7e2a8a7
e3695324
52e12085
021d45f3
d5aa4bed
e0720158
397b595f
d33df6ee
7be2bbaf
977f1966
31e10a63
465d06d5
253a796e
dd761bc8
397d6947
d71af60e
6e46bd3b
fa6cd9b6
51c010f7
031527f4
07a3086c
877652ec
1978312f
7a16a5ee
eb46bfab
bd6f93b4
7af022f3
081f06b1
c5ba086d
d5525af8
a91f194f
5314d7a6
2b66bb2e
ab685222
35a088e1
004d67c5
2d897965
fc7795c0
385a496d
9278fe66
cbe6a93a
e3381084
73a01be1
02570fc5
45986d6d
d47313c8
311c4b6d
d378864e
cb66ab6f
c72e1222
72b02fa0
08570dd1
c598086d
d5d49348
325e49ed
925887ce
0c366e44
a0553beb
8cf74f92
b9f5a4d1
9d5c14b2
a845257f
c6a1b6f8
3d4ba019
4cb76e4c
201528b3
2d7a4ab0
f9d9ce75
2947fc32
fc2d36ef
4ab3b0d0
250a30a9
0cb6fe4d
2a1d38fa
85bb6a1e
faf9e6f9
395d5237
8ce926eb
ceb380d8
350a78a9
4c1ebe4c
26d019fb
047a1887
73158cf1
994c3097
6045226b
8ef7f450
2c4e20b9
ecff3e45
a4b0108a
84fec912
e8d9ce30
a74310f2
f8491425
f4b7f412
24dbf022
effef604
4d9298fa
85722e11
f3b16cf9
035790f2
ac052263
caf1b670
641b78aa
ac1f7c41
2d9700ab
807b7a96
a2918cf1
975c359e
c001607c
0ee73e78
2d5f2831
8d3fde5d
2dd48869
c47e6a34
b29bdcfb
314e80b0
c8912479
0ef7be78
ac5e78b3
2dbef445
8d8798ea
877f1a16
3a91ac59
135de0f6
e8292679
0681fef8
bc1779bb
cc13bd61
25c578f9
84f34ebf
74fc8d53
bd06d411
1aad17cb
8ccdfad0
214a2942
be133468
25913862
24fb4eb8
b4f785c3
bc06d397
d98d027f
cce7c0d8
244e58e2
bc91f46d
2991306b
a5ff0e1b
fcdfc543
3915d691
caad26ef
ddcdf8f8
254a78e3
c49bb5e9
a48568f9
04f70a9f
39de8557
bd56f491
8b053769
8e6df290
2d4f6971
f70f3550
26866465
306e6a1a
b5970553
1946d73b
8aad2f6b
ce6efa08
2d42fbb9
f695ff68
2993382d
f5570e33
39d7c553
0994d4b3
8a280e2b
ce4de098
292aea93
009f3e65
a6046a6d
84d64e9f
39ab2dd7
b954f19a
9a0da573
ae2ffe50
adc66938
0e9fbe61
a686267d
847a2e9e
39b7e754
3145f193
2a08a721
ce2f96c0
2d4b29bd
61195f40
2f96326d
a47a0ebe
389be756
1b15f513
3a29262b
942df6f8
2d6268b3
f4919029
e4073743
bb57a459
64d49d92
a8f7c7c6
8bcff72f
408dd3a1
95ff7993
f5a9d831
e9c735cf
b877a44c
76dfbfb2
a86feec4
c94bb12f
8f8e97c9
9ddf7c88
5631d009
e8c2355f
bc73a45d
76fedd92
b8c7e79c
c93bbd37
5f8bc898
adb758c4
f5194519
e1c53dd1
fa33a73d
75df15b2
b877ff85
8b31fa0f
5ea4d720
cdef0f90
f509d819
b5c535dd
fdd78b5f
7bc237a2
8007c6c5
413f733d
4e07f409
3eefac91
74bbd809
ca81f5d7
9c33e21d
bbba3592
80c3ee50
493bf7b7
07a28c5a
ada6d052
b40b4c11
aec739d9
f27fa65f
f79e9dde
b875b690
8b8ffa2f
dfa49e50
fde55930
14195c81
acc49155
f203aa5a
1b9fbd96
a020b386
d8adfa25
9f05f658
7cd47912
16095051
ecc379cf
d753af5e
b2d3c556
b871c692
4ba9f9bf
978fde58
8db6499b
75c7b19b
ede2101c
b8edcd6c
288855e4
843d6d65
ed96d159
29482b5b
e33d7aee
7545119f
ca27590d
f89d8c5e
aaa051e1
508d6564
71d299ce
ab6a7013
f23d4fef
51cd9193
db865b2d
f8ad84ed
84b851e8
043925ae
1d87d94c
ab0a229b
d23dbb7e
52c19393
fa621904
b19ce50d
0c994ccc
d1996d6c
67dea948
2b5a4ad3
d33c76ef
53c49195
97625b4d
b81ea83e
88b718ca
57ac657c
65d6b1d8
fb4860f3
521d7aaf
52869991
b5067115
a39fad70
60b158ce
28a9256c
03d77965
f34a695b
b35dfb7d
53c80bab
f53b1914
f394aaeb
005365c6
ada96964
1fde88ca
f91c5acb
5338c77e
7a46039a
f0222954
f29eafcd
801221cc
08f9094c
cdd6d84a
b14c48eb
d359e3ed
db0f01af
e4015305
3394ad8a
041649c0
eab80d2c
7bd2d19b
b30c19e3
d338e76d
fa74fdd7
f1384b00
500ed4d4
d442d64a
c35643ca
fe98b4ac
5b024033
b4eafb9c
3a7c5dd5
a0284f08
5c0ed4f1
0d127a4a
63740b5a
58d8aca4
d80a2183
bcfa679c
7abcedd5
323a4910
5c4ef4f7
6752ba4a
6bd64b86
5cf8bc34
0a1bf529
aeea8f1b
cef4fdce
bd3e4110
520ad548
6c18d7cb
c3e64fc0
e4fcb686
58114103
b6c3d798
6932f8ce
302c011e
8e92e079
4c50feca
e316c94e
1eaeb69c
5e052101
9ef9d701
7e349884
922a4111
5846dcb7
4756b84a
c2164ba2
54f8b81b
4a9773a9
ecabed1d
d2f4fcde
95348708
5c02f041
4ec82a01
c3d6dec6
04709d84
481001a1
a283af9a
d8749cce
b73ec318
5812f047
6c4a7a40
c31669c4
06788484
6b813381
82838ab3
fcf4b88e
90b68651
5848f047
6740ba8b
c3062be2
2478a494
09903581
c2839ab3
98dc2b4c
7012aa14
45aa5ea9
a652cf40
b78c8b09
6064c780
f819ab12
18f2d0b8
3c5c7b78
70b2f014
6828c4a1
a6568a21
f69c8a49
036fd404
bc3bcb32
0ae392a9
185cfb4c
2090f004
008a56b1
a656ef48
73cc3b0d
425ea415
b819890a
082bcab8
7cf01a6c
4180fe50
86333c84
44436d11
ab8e1019
4065d128
6d9d8d18
08864eba
bcf09947
6598d57b
49f3988d
d5f3d701
3a4e58ab
0060134f
ac9badba
062b4cae
dcf4bb6c
6492f373
25c33e8b
b6c6cf53
838c184d
000d8211
a91de02a
0c264e37
58e10b6c
54d0d252
a2973cda
54dba251
ef8e5251
983a94a8
20f9ecb8
81066e6a
5870bb4c
51919141
34d37ccb
f5da8659
8a5ed211
983c87b9
205ddc3a
012bec3e
19d0bb4c
7191d257
35d37c99
14d7ee59
aa9ed8d9
881c86b1
2019ec9a
01ae6f57
0cb1327c
6b1d32c6
27f2799e
79edae55
8c1f5017
3a25057f
254fe688
35fda063
cdf5107c
8b1d32c1
2bfa6b1a
dd6e8b15
a4177077
701505df
2877a4a8
34d9b2e3
ccf13278
ab1932cb
27be4b18
7fedc775
a4157093
788507ff
ac47a880
15d87a63
0439847c
069162d8
2dea498c
b9677e5d
0c5f5437
7045455d
3c55e688
25ddb141
45fd1674
4b1b0289
ac7be114
5b66caf5
b4457453
fa09058d
2a73e400
2cddb213
c1b11671
ab9b7249
69b68b18
3fef835d
24057653
aab30673
6c77fafa
5dd6fb63
013d1e75
27953249
a1334836
2ae3ee5d
165f707d
482104f7
3e7f9690
24dc3361
c13d1e34
6b9522d9
a07b5a35
bae2867d
745ff47f
79018337
3c77b6c2
35c423aa
cbb51675
4f950049
a63f1938
7fe3e255
454de0d7
68352227
3c67ee50
155f3323
138ee4ba
56ab2cb1
7d09d248
e002f528
7760bd89
b6cbaa82
97e2e8ce
e3100986
3b06c68a
579b4da8
1d18dac9
e4b6200a
5770c9ea
ae7ba222
4360fe25
e7ac1981
514e47fa
51cb8d2e
1d4dfb49
e4aa306c
1773fc4a
bd7a7870
7648f2a6
e3b90985
120ec4aa
56bbfca1
151a7e58
f084dd2f
7450bd88
cecf8a99
976ebc6e
e10489e5
f3c447bb
580ad508
3c196e5b
61b4702e
dde03d88
042dfe37
d8aaa8ed
e1481de5
f205c59a
39ca85ae
3d50aa1b
e4a4506e
8e731c88
7c7bfa56
6260a267
e1a98cdd
b382ddbb
569b5cbc
679c3a9b
918694ae
56f01b81
dcef0a50
95ee386e
ed888956
3b824de1
565bbc2e
3d9820db
e52e70ae
ebc0bf88
546f5a52
95eeacdf
eda08cc4
bb86d7b9
3ccaadac
4540265b
c00270ae
6ee28f08
df7edc43
b5ecec5f
eda89dc6
40fc49fe
4f7c0afa
0ac070c3
eba14235
4e6b2877
042165cc
7e13574d
9697a7ef
c8ecddb9
0f9d4aba
0a246015
af396b25
4e7b4863
14510548
7c177d6d
f613a727
ec6c0fbc
c73dd08a
2b22c884
af006bf1
6e49786e
6c013648
28151777
d61fa62f
4c76c2fe
8e7edb8a
5a881190
6df9eb11
7ffb6c63
b43d2058
78931395
9256b36f
0dfecfbe
cdfc98ab
5e040016
a741fbb1
f2ce4e7c
34942008
40b31915
b2561336
ef6e9f9b
c73e58ba
02e0d084
ae60ffe1
c4d8686c
6cd41278
581b1b07
f25fa7a4
4d74bbee
c3fdc2d0
4cb1d103
0ce08249
45df0c6f
24780471
41111587
9216b6e7
48f4bbee
83b4d2e0
5804c081
25e6a2c1
45de7f65
a45d1069
68937107
9217b6ee
eee69b7e
c324d2e2
1022c1a5
062ceac1
c5de7f6d
a4d41275
6a975107
9217b729
b36c7493
56afafb7
7a0df128
a32b72a8
56f9efca
e77e7e00
9246a14f
dfb19055
b38c70b2
1eec8d87
fa08f568
8a2a5228
46f87e8a
63cefc96
f664070f
dff18e81
538c7092
1ffe6dbd
7b2d15ec
a4ba32a8
567b274a
4f6bb5a2
c242128d
fff98a51
bac99313
1cefadbc
fa18d12e
8f22312e
56ebef88
cfdffe42
b362f9df
efa99ad4
f4ab0112
1471c527
4a18f760
88ea3130
d4fa1b4b
8fb8fd4b
ab26edab
0e6888c5
52e59682
1afc4549
6f1c567e
c5317102
cad71309
0c6db2eb
092aa4b9
adfa1a52
f0e8c19b
14f7edba
7e3a507e
fd221b3a
5e612fc9
efbf7b73
c300a587
e7a811c4
f0e149a2
50f7c559
2e1044ba
c82a11ba
446316cd
224c395f
090325b1
2ca82184
5860d5c2
1ed28510
4d18501b
512fcb2e
60531f58
8eec9b99
2922860a
2cfa8850
5eacddf8
20aad508
701ef6d9
651ab62a
c2c20beb
4e98fe24
5b134583
94e291d8
7e3c58e8
e88a4588
7602d4cf
5552ba0a
c24088c3
2698fe35
43131d97
94f22190
7e9ce8f5
60b88758
5446d4f7
2742da0a
c2562bef
66f8b430
0b13856d
a4e2251a
de64f9fc
412a8d00
56329561
7b98d22b
caf6afef
443a7636
4a15459b
90e08992
50a0e9ec
a33e930a
5110f08b
47403f02
ca11e5cd
66de74e0
4c050d81
92ea9a02
fab4e8f8
e39ac70a
5412d81f
63403b84
ea546fce
64de36b1
480753a0
d4bb889a
d6f4e9c8
90289752
581cf141
4d586e21
ca967bcf
a438d424
4a100583
9683ab91
fa76e9c8
936ad558
5d18f043
4dc85a13
eaa66a6d
26bc94e0
4a11158b
b2b38ab1
f874a8cc
d13ac550
5c48f043
67427a0b
ca464aea
64bcadf1
0a115981
d6abbe95
1c9509c0
2701f81e
e9caca67
a7b8d7db
c88377a4
5b01d2f7
2f0ddbf0
28e5ad3a
4c5f89d8
4020b82b
a8ca66e4
b6007729
83892f28
494198be
0f099a1f
08afaebb
0cd12278
a529c03b
699e4fcd
36c5f729
ae8b962c
7a85cefe
050fc83e
0ced6efb
cc93abd1
069be20e
2ff7479e
1d2d5375
6ca7d316
7e218749
251dbdb0
3de4a4ea
88469175
090fb3db
28d766c8
b52d2218
4e13cb3e
1e250743
2524b1dc
35e86daa
a8c03479
8d1df2f2
28ff0711
ffad60b1
4c46f237
38254bf2
a127e09c
1d606062
20992f65
4fdf62ca
27f71d1a
3d295957
745cf175
6e850770
b77dbef4
19bd302e
2381b775
4fdfa2df
27f5193b
3e6f4357
745cf357
7c052573
bcfceeb4
1d7570a7
03613775
cf9f32cd
27f51d1e
3bef4357
745cd177
7ca54370
b47faefc
116930ea
516f9198
c5c21e2c
28fd69c4
6c894080
353fccc0
f404697e
2d4a327b
02ff8baf
55dd9192
87425c39
abd96980
6ca170e9
29379d48
3900bb2e
4d0e32cb
40f70fb7
514d91de
cb525429
a8dd20ce
e4a870ac
5807952e
1f35fbfd
ad0e325b
c3ff5bef
f76f9712
91720674
780858b0
ec8f48a2
51ac7df1
6eb23b68
6d427b13
82fd466c
33009397
c4420266
222879b1
642710a7
712c8dd9
96ab817a
71feae79
41bc50fe
d46791ff
d542513c
20d85111
2c877882
7a9ecdca
5fa338f1
797a2cd1
ebbf527d
52e8a7ff
d1ba801e
e3b410b3
f4ab4002
fcaf3b61
feb2004a
79782abb
0be9c7fd
576897bf
d111822e
65a430bb
e48650c7
b9b90f68
47138842
39781eb3
41e907cd
d2e987ff
d5d8323e
610410b3
048751c3
da9ceb68
97f308d1
71682ea3
0369874d
f51f7404
7ec4fd35
91e586ed
90d1cce9
a180cc08
f1cada85
c6ec904f
4d070e10
df13f210
7804bc35
94e7a6e9
10f1cd4d
a5bbdd7c
51cebaaf
664c906a
49077e10
179650a2
7a02bd1d
97bfafef
00b9cd0a
b123c59a
d14fea96
66c8d2ca
4d0f4e91
fd9adc11
78843d2d
b1ad16ac
305dddf2
b5c230b8
724b3ef7
c4486368
45532839
bd327271
6c812935
929e96be
b1ddfd23
9d3243a8
514e98b3
4ccfb27c
256f7800
98927231
7c827bbd
847eb6f8
31999c32
f3eba4b8
516fb8ab
c4dad1fc
25d77cd0
18124419
74806dbb
b38f07fb
35120952
9bb0c310
995adb8e
ad6cb0bc
cde141d1
189a4819
78802dbe
a19e07ff
741b595e
db72d388
996ed99f
89a8b33c
4da55450
18904489
7e882dbf
819706ff
3502d15e
fba1d399
993bc583
a168e094
4ded41d0
c9143f5d
2f0db20e
242a6b0f
b83d847f
c4db4135
006004fe
b84bf098
5daceaf8
e9b4271d
7f1fb292
27bf6faf
ba11a5fd
a4595316
706105dc
080bf13e
5d7dfa7b
e9d43618
3a3d22d6
22bb2fa8
ba1dc0ff
06c85056
680305e2
b849f984
5d2d62eb
09bc3e55
761d629e
7cbc6188
32e5e669
e66f5315
c8619056
28282098
799cf6fb
a8b42f9d
7eb4209a
67ae2d8a
1ab285fb
44fb7750
d8d70c96
b84ae232
7459e17b
cbf42631
9f2e72d4
23b30bbe
181e82db
c6595315
f9134286
986ab114
1d3dc0e3
09901ef5
6b85829c
21310d9b
363f825f
74df503d
9850405e
3828e878
41587062
0830369d
3b95029e
6127069b
1077a6cf
66ef7735
f8510036
387af832
5d3c3463
69303f73
3bb5428c
23931f9a
3806c2df
66ce731d
f8124046
382aa8b0
595434e1
ab9c4205
2b0d679e
67039bea
1b24927d
66d3f2b7
a886cca4
c233d504
74c83349
0fb56e44
124ee68b
ff03df61
3b2cf67f
62c1d73e
e8c08e24
22379524
54c4e479
2fb464e0
372f2e83
3f17df08
5b08937d
4463d776
6d41cca6
823795b4
94cc3728
c61d7994
130dae86
bf13b96a
032cd325
4663d7f6
e9e4fcb0
d617b5cc
6488af68
8e1949c1
3b0b8d0a
5717c548
396dba2d
6657c7b7
e8e3c486
8613f5dc
14c894ea
a7b12840
537b27c2
5f22d90a
1b689a6d
46f7e59a
ece1fe26
c637d54e
bcce0139
de1d7114
560be78e
582ad34e
fb74d221
6e43b0f6
68e67eb5
80934784
b4a9b340
559560f0
0f0bad52
7d08d34a
1f689325
4457c037
6c807eb6
8a9bc724
9cc2b221
709970e1
5f5bad4a
5dcef14b
fa68baa9
6477e9bf
6ea26ca4
ca93d70c
b4c5a208
636ea3df
95fb88ac
60205007
edad11a0
44ec0f6e
8eb923fa
19323e7b
6b38c7ff
43aea3df
c7f7c4bc
220e7905
edac0080
45cc3f67
2e89ab7a
1ba92e33
9a3dc8fe
d32ee3e7
c7fdc4bc
203c1907
a58c5184
44ec3a6e
2e90a27a
db026e3a
b3599fdf
532eb7ff
8b735232
2402d015
c4690caa
4c7d3f66
06b1b07a
1b302ebb
1a34eebe
43e7ebcf
855c8054
653f5861
8dae41a0
6648ab47
263dfb68
19ba7cbb
da6f9e1f
c36fa3bf
e545802c
20387c11
a9ab73ad
64ec3e47
2eb53164
5b302edb
1b1d868d
0aeeb7f7
8b71425a
22729915
e9ab40a7
44dd6fe5
46f5315a
1a4f7cd3
1a758e0e
0aa6f7e7
8f75004a
63659831
292310a7
44e93f75
ff9117d8
134f78c3
ba59800e
8ba6b7e7
879502de
23793930
69a515e7
44dd1c77
67f501de
1b5f6ae3
9a518eaf
c3e0bb3f
dfaf4355
33608931
0a750bb0
47893965
f53251c0
bd7c4907
dbb1c6fe
c364af33
f3af5345
ba20e920
42752b97
44b92bc5
b512510c
bd564917
fab9c7bc
e3e8abbf
fbafd755
3aa089b0
0b6763b7
66b829c4
f576d18c
bd7e2967
da39c6f4
cee2ba3f
bf7e0181
be59a913
0a21cbb4
59992964
557e575c
bd54098f
d23254b6
de62af37
a3ed1553
a3b1a97d
0f744fb2
41ba0164
f7781718
bd546b77
daf15cb4
c6c89f3b
b33c5345
be848913
0b75e3f0
7cea48e4
357654d8
3f767be7
f331deae
fae8b31f
9feec2f1
bb448d67
0e6fcbf6
6fa96141
7d7a11dc
bd1c59af
d272d6c7
ce4e971f
8ffc9051
a9248964
0f2feff6
4fa801cd
357cd3d4
3d1e3be7
523194c5
ce44bb3f
d3bc4307
bb908dca
0f6713d0
e5a805ec
777451dd
3d1c23cf
da130647
7cb0a9d5
6590e088
6476d4da
f4cfa57a
aedf535f
e8d8c47e
480ba4a0
b0ec238a
5eb0e4d4
24112198
47b616d8
f4de963b
e6ce536f
9aace66e
480bb482
946e378b
7810b551
6d937298
647704ba
f4d7f05b
cacc537f
8831a6f7
490bf09a
946c33c3
5c359dd4
74d2f080
0576c4bb
65df8c6b
9adf6172
ea5044ee
8850b0a0
a0e837dc
7e1ddec1
6f1a0714
473604b3
0d5cfe2f
7257f77d
5ae452a6
1f6bb4a4
184f30c8
7a39f755
7c10038c
64f40493
75d6f0bf
dede1255
0a120135
895ae482
d16df529
37a1a76d
f187238e
23b484b9
7496a35b
fa4f4175
f832c5f3
281ac420
10e0366e
8f61b72d
7c95568c
67b50eb9
6417d3bf
d8cf4575
ba3245e4
195f9e90
146c7768
8ba13729
7991528c
37910c99
58d6e8df
dade5135
f8120567
096a8d80
506ab76c
e1103691
3b8be28e
34bf1578
b86fc27e
66436315
f83a5c72
a848f48c
e5b9eb62
f99023d5
1f8ba304
203fb1e8
3c2a924a
66626bb4
ed324532
a840f0ac
d439f3e3
e15025d1
3f8ea385
204ebffa
b92a92da
e66243dd
f932c576
3046fa24
d5f9a3e3
6910269b
3a8bae8e
648e153a
4e2f82fa
6652535d
b8785462
a868f0ac
6db9b343
ea140793
728bc69e
e43a7518
5d2b9aee
465413d9
387ac4d6
9860c0ac
6c29e0f1
c99427d1
7a9e061c
658f2d1a
6920d2ea
646e175f
fd184586
b462ecae
5df1a1c1
991406bd
1bc9e69e
65ac2b99
dc368636
4ecb6314
98795442
bc6cac0e
68a85143
889c179b
1e9b269e
450b0b9b
d5139237
74841639
393f4c52
b868ff36
68285040
89980f90
3188a69c
655aa399
d127f2ae
64e6461d
395f4446
3d64ee36
75e890c1
5e9ecce0
2551f88a
867f72d9
f480864d
4d47dcbe
ac812ef2
c287f778
342e398a
9f3a54e4
6d19ea9a
44f7525a
f980be4f
dd4786bf
3ccdaaf6
8287f548
344c288a
7d1674e0
2749acca
467fd2dc
f180b649
ad46963f
2e892e72
1281e65a
746e308b
be9cefe8
41935cfa
06f27238
f1d414ab
5f4717be
e6a92a61
c2b1afc0
bc04aa89
e71cfde4
eb9b0cfb
066af338
bd4c3221
7546a1ae
a6c017e3
c237a740
fc9d8068
e83afce0
51e90e9a
46fa72b2
9301be0d
5756e6bb
6c4528e0
82b3fd4a
bc28b208
bb5eefec
459b98ba
46be525b
d492c421
5f5e3ee3
a63d0af0
c2a53fb2
9506a983
bdfeefec
43cbc898
05a85277
c4985221
770cb878
e6c82af8
82f7bd8a
b400a981
fafeece8
45cbeccd
0598f053
f0983601
5f56ea3b
e6d9a8e2
c2d5fc1a
b425aa85
0c793c57
40fc0ee5
efa71296
1b7a1f14
f252b310
126d470f
efe9a495
07e30411
0cd9380b
788c49f1
ee330f37
1b628917
f24e9251
b15d5797
eced669e
0ec16d10
0ef93a4f
4ccc02e1
ece71317
5b62ed16
ca43b0d1
324d070f
edefb4eb
0ec56c50
0cf52656
02dc6af5
cdaf49c4
1f6b0f18
6a469218
13590707
ea6bf4bf
08e27c91
0cfdb153
7a8e2ad9
4f1b0527
5b6aab04
c20ab731
f8794f0f
ca2b300e
0fe624c0
2c55ba4f
18dc44f1
cc775383
5feb8900
ea47b6d1
b379070b
eca33085
48d03492
4c7bac5e
9254efe9
cc0355d2
3feb0a11
6b56925a
107d7f2d
6f61b6bb
2a833481
6cf78c5e
12d6cef9
cd1555d3
0feaea10
7646b653
127d3f3d
6333e6b8
21836489
5cfbcc5e
d0dcac79
8d075551
1f6beb10
1b57b751
327d2fa1
67b0b691
2c93241b
e6f87013
6fae66d3
f267d57f
576abf97
6ed3a7df
3f7f5f97
41878785
9fe51340
c6787036
a84a07cb
f867d5b7
5b622f96
cee30ee7
3f5f1d87
4fc18187
5de41548
46987813
78aaafc7
f807d5db
1b62fb27
ce71a6a7
fb4a7d83
07c3350d
ddf59740
b4b85815
0b8e27c7
f86fd13c
db6c3f86
4ec224ed
5d4355b7
c6876644
efc12242
67b85027
5aaab7ce
b073b444
0b2c2f57
1a3365ef
5dc6f38f
96074157
fff40208
f7985033
36ab77c7
6b1eb578
db6cfe16
6666a0a7
79467d2b
8387412e
54e43208
f4384015
590d67c7
f82d9176
fb385996
ce6343cd
4d077987
c206d084
cfed1ac8
b398501e
58a035d6
7b5d936e
fb387116
7c6348a5
4d42a16f
8387490c
ede152ca
b6984017
5cbee556
7f5dd54f
fb285116
74734a91
4d2ab1aa
0b83052c
cdf003c8
d68bb779
859124f0
a47d50d7
fde95996
2cc79dde
4e85af69
c7dffcf8
20f41cd7
d6029475
01512648
e57950d5
fdab1912
2d569cb6
cea52a73
c5acfcf2
01e61c47
f28e9765
85c3627c
a45b5033
f9cf5107
0cd69c1f
ca852b61
c74deed8
21641897
970ea6e1
0c1b646c
24307065
f19a3806
4cc69cfc
2e8dab21
c2defef8
8d64b91c
ff8ac76d
24532a65
2440d034
f18f5814
0e8c8dbf
d28cc963
12cbfc9a
a5671d1e
ffa3b754
81c26aa4
a5b450fc
f8ee3901
17dc899f
8aa91b63
c7a5ec1a
a16c3c1b
378b8741
05db7a6c
243851ff
f1e87925
36458bda
ee8b3b61
f52d3eb8
2d8c3d14
96cb8764
f5d376ed
b43c5771
f4b77934
1e559f93
4f818b63
d03dae18
21e43957
b32b9444
81c3167d
c5345075
f0e66d27
3644cc93
4bad9d73
c52dfe38
252a2826
f36ab59f
d9b29c54
f3640455
8e0a5182
a0af4fc1
77beb90e
0d48085b
cb61d7de
d62299bf
89f0d55c
e3640c55
c3b35986
a0af6b68
475af91f
07285c7b
cbe1de1c
dac8cff7
c9d4d57c
e0240c56
e1f35186
00ae4bc8
475af9db
1d4a0c79
eb75ce0c
9a80a38f
9fb15416
a77a6ff7
b157958e
00898a89
0bddf89f
1b0a9ec9
4ee0df1d
8828a2e5
0bb044dc
2b7b2758
db231d9e
88ab2b8c
c299c98a
0508d0c9
6ce1ce1f
0a80b2d7
8e91e2c6
633f2648
e9b3118f
a0bb2f8d
9b73cdca
070478d9
4ce14b1b
1a082a11
741d459e
257d6f0b
f84f4b1c
b4195a92
9e9bde86
5f208bb1
54a9370d
d28a22a1
445d0fac
057f6eab
fa4bcb15
1d735a1b
9a9bcea6
c6a29b39
24a13e07
782abbb3
50596ed8
07fe5f2f
fafb471c
58631b9e
5e13ce26
4524dc9b
44a9338c
075f4a2a
7a2687ed
d902efed
02708bec
11209c82
556ffb85
77b74177
ef13cd19
0701420a
2a269fff
bb89ed47
0379ce73
512384d0
744f5907
67e5157d
cfd38e49
059f4a0a
aa24ff2f
9b86ef51
0a79cf60
1933a4c2
754ffd0b
f7e41375
6b93cd50
acdf582a
fb274de7
195b6e48
4225eece
8b009909
5547fb85
76afc17f
cfd31c08
87c55b0b
9a24cf65
9adb6c40
0a39c2f2
01a96b99
750be655
37a7035f
cb9d4e0a
0ddf4a0a
0a076f62
99df8f05
02394772
b323e180
55597c8c
86c713dd
4eb55f62
84974832
ac6c6f63
98c86a4c
031b49f0
8b209880
5509bb9c
d6a7005d
cff34f18
a0924812
a824c96f
da436d41
0e236dc2
2ba1ba88
47297e89
f6c51a55
4fb14e92
0496480a
0a7c6d77
da46ef40
da3365f2
a923ee80
476ffd89
d685125d
6fb14e92
166eebce
c97397f4
42405091
c0540601
97acb96b
0275ba88
f8b10933
9a07ebbc
06e6fbce
b1f59274
5ba108c1
425402a4
97bc08e0
06f5b214
b0d94b03
9aa5dbac
9ceeabed
f053da36
08826816
82570ea7
b38c3a7c
c244ab10
bbfd0d57
8a22b62c
2cce6bea
c9f992e2
32f29060
c056e514
879b1862
0c713aa0
f2b31a73
9e42eb3c
206ffb46
bdf912e6
4a5116e6
c256e614
834ca816
0865328d
b39f4f33
b640ba2c
386eaa64
a0f958c7
49c2ca62
c2d38f05
2b8c1835
8045272d
a3fd39e3
8e22fe2c
596febea
c97b91e2
02fa7665
82dc6701
239d1823
c469be29
c2950d4a
9202af1f
39cfe9ca
a57990f6
07f1d2e0
83d66f81
a3cca826
c461bbb8
c2b15f0a
3600fb2f
39eeaace
82791867
51f0f2c6
a2f52f41
a18c98af
c6e1abbd
c291595a
0620af2e
13115220
7c82fd1f
9f99e7ed
b0d4d4eb
a590d4a0
89ceb816
868e97e0
f927d89b
1c0154a0
3b86f50f
da99ef7a
04fda56a
85b1f4a8
09ced806
f68c93fa
f9af5cdf
579150a0
7923f51f
999bb7e9
b0baf46a
8d33d7a8
c98bfa3e
968cc3ba
9935699b
92194221
6d03fd17
13958fef
b04899ee
9971b4a4
2386dd1a
8e8c9be8
ddec0a1a
9a1941a9
7ba1fd0f
3611af7c
b81d0df2
98a1f590
2b4ebb3e
868edaf8
fdf79a13
521950b8
7e213706
9285a76b
b03fd6fa
8d31c588
032edaab
8e84d9f2
392c4b5f
b6894081
7d037d9e
73bda38a
914625e6
b87163a4
0ba6788b
9c8c0bea
5de8835e
d60940a9
3c213f0c
7be9e6ef
a01475fe
88b164ac
1b86f83b
950ed14f
4df9e67e
528952b1
3a0b7f8e
7289a7eb
f21e55fe
98b1652e
4b8ff86b
9b8cc9b9
75b8c31a
d7899401
e0033f5f
b9f96ede
e4abdd86
bc818c80
538bfbbb
f4cef870
4bfd5c46
f78b8071
3102f547
a1951607
b4cd3506
bcb08d8b
5302f9bb
c76ee878
4de75d14
538ab263
3182f545
e9b40f1c
54de61a6
88b3cd5b
932af983
c7ecbccc
6b854d44
778a66a3
5c8b6f7d
a57c2fef
94ed5946
bca4ee08
db0bdb32
b6efecec
41c87cc6
538143a1
50822d2f
b73a1ece
94c9ff4a
1ca09e0a
5a8efb2a
c7698cdc
45e92c59
d30b2321
70cb2f26
a5943ffd
d4c37316
18b1c49a
932ef9fa
c54cec7e
4ddd4c41
750b0623
1c8b2dbd
e7bc16db
f576594e
1cb1a319
dba7dfcb
b7eeeeb4
4dec4d57
35014331
50cb69bd
a7b707fe
b52311c6
2cb0e698
1937dbaa
d76ebe9d
6de84856
15814761
50c9662d
a79407fc
d4cf6146
7ce0c499
992bdd9a
f56cbcb8
6d6c4756
1993c4e8
25c17faa
8c996efb
e49ec4cb
bb66ceb8
9dc97cfa
3ea2d2e2
a4072d8d
180554e0
e4827b3b
cd9a06ff
f49de4dd
897ace39
288d6870
32aa82c2
e4073c17
3cb7d5e8
2102b72a
9d9b36ff
749cb4cc
a952de3b
8c8bfc3c
76b4d4f2
05176c87
190f67ec
64003f2e
cf5d5efb
f45f3cdb
b971838f
8dc9fdec
3da6c3f2
f927c49f
411366a8
6d6247e2
cdb4c6ff
b55abecf
f3f6f6f4
89c9ea0b
ebb4c5c2
38478c09
59057fba
2d623f7a
cd01cefd
f49efcef
9355be2b
0c0e6e0a
7abcd5ce
e8978cba
1b1a7c92
74035f26
c05daebb
f59786ea
9d60c3b0
8bc6eb0b
deacd54a
6d6cf42e
29037eab
3a421d76
c0549ebe
b31784d2
9bf3c394
8b6efb0b
faec95ca
e9208c8a
29974eaa
2133143e
84a75eb5
b4929dee
93e1b711
8849f78b
b6acd5ee
fd20c418
f80e9d4d
84d14c29
847816b7
c4df21c2
3fd48500
cebd3a5a
9f6aba7a
29424d16
1e0f8dde
48d16c79
8711169e
c4c741c0
25c49589
df8d3ad2
d84efa5a
294a490e
7a87c5ce
e0c0ec64
8470363f
e0830100
33c49dcd
96edb852
d7e8ea58
210a0886
8b87ed6b
81901cb9
844006f3
85c315ab
6de48b88
c7fbff1b
d96ebafa
ab63c01e
1b83e6cf
a0554c2e
053914bb
abf765f6
29f48369
9fdf6f4a
8f6bcc92
ab4ccd1e
1bafcdcc
c4c54c3c
841d04b5
e5aa0107
39d09ce9
f64c3dda
d469ee4a
2b10040a
8bc7cdef
84d14cbe
067004b2
21c34dab
0fc48f88
82fdbf8b
576fbef2
294a581e
0a6fd6ef
e6d15cbe
0d701493
04d78d6b
235c4fc1
e6cd3b99
5f6abe92
2b0adc1e
38efffec
82d54c3e
85711615
348b152f
0bc48e49
c6edbe1b
5768bcba
2a0adc1f
d8955200
60007755
5f9bf7fc
30d4b848
9390f216
41cefb35
d2aed18a
6ce6acf9
f9150248
3802f705
9d9af6bc
3051cc48
9b14d312
5188f9b5
f2a7c288
48c26c79
1a955244
2c04f515
9c9f763d
3431ec4c
9b03d59a
492bec95
d2b2c4a8
78cbee79
b0990288
2605e705
57ba7e1a
3c1e0c28
bb80fa9e
dba4ff94
5aeaf4ca
ece7ac78
340140a0
3c01e307
65be7edd
d8d3484c
9988ba16
03aeee77
72a486c0
2ddfac7d
a07522b0
1831f705
dfa17c08
9031ca4c
9b10d51a
1329cdb5
92859e72
31ebaa39
b6896190
3402ed0d
d5db6ecc
fc175b7e
bb66f43e
3baaffa6
eea486e1
6c9b34d9
04190290
3c45a54d
dfdbecc8
be1b4b7c
bb24d496
1baaed26
f7a48e51
6c8f2199
90995294
3c476b3f
d4dfece1
ed1bc97c
3b71941a
1babeda7
f7a48e70
74a366b1
041d4820
680c6fdf
d99bf65a
13729d3b
b870b683
814de717
c28796cc
cdce0901
2c115800
388467d3
dc9ff66a
97e8fc2c
9b04b78b
71694687
c2abe484
cdc30d53
2c117200
3ea4778b
dd9f374a
5772fc3d
ba53d783
997e6427
56a3848c
6cc659d3
9c194c01
20c47fff
d8cb86fe
f75adcdb
ba20a48a
994fe4b7
c6a5c444
edcf1d58
2d094a62
690077db
5897b6e8
5671dd1a
1a06d591
582aa485
c6d98c64
e98e1cc2
14995040
68867fc9
dc5d875b
d278f45a
ba67f591
d93efe23
dfe384bc
61ce5b83
b59d5411
f4c065ed
da49a6fe
e7301cfe
ba628698
08877e25
86cfd454
edc74830
25195c21
7c01ffdd
92d516fc
735d557e
ba22a490
c823ed69
cdcbdc54
ed874052
b5195471
7c822dc9
de4f977f
731bf53e
ba73e490
492b7fa1
c7c1865c
6dc75052
c3639b33
d4660664
eb948da3
0cdf2902
9f8e9961
77bacbc0
fd5a5a8b
8af6c636
d3e9b93b
c4029d64
51b08883
044b6902
a9888969
c73adb8c
ed5e4d87
e2fd8566
d3499b33
96865524
c9a484a5
45e64944
1b9ab969
8322d11d
696e54a7
623dd364
d6e1992a
906e9324
f3a4ac83
0c8c434a
9b9ea960
f702ceea
795cfbe3
c2f206ff
17e9d12b
660e5d60
79e4fceb
2ddd0b41
2d80bd65
86aadf61
e5bc1c81
c0fb85b7
f761ab73
f60f5526
7190d4eb
45d629cc
2b9abf60
5712d1e5
e97ac4ab
42ab877f
d2eb832a
d43ad330
7590d58b
54cce308
f98e294a
f73e4e88
f978098b
d0b2a7c7
dee00baa
d44a1336
7d94fc89
10ec6741
6b890969
b7badec0
e97c68a9
c2998767
d3e18b38
d24ad724
359064cb
07e6cbc0
aa8e9d68
f3ded594
6978818b
42bbb765
da86ddda
b07008b1
c44cd6d0
00d26aea
73643788
f798b84d
4a52301b
aa5a8b14
1b96e5da
e0708da1
cc18d453
20db382a
c36c5f8a
d7dcb048
4a54006b
ab1a8f1c
7a16cdde
8af20821
c56c54f5
2093382a
d35c1fca
d6f9a24c
4a503263
aa1a1e1d
a866b7db
a478cca2
7c0e14da
72d05c8b
430e1188
d65ab84c
400170db
ae520894
19f6f7df
583a8cb2
276470f3
0ddbf53a
c38e33d2
965683c8
505f20f1
a35d4438
283cefcf
58bac4aa
646d72f3
0991f02a
431601f1
d47f0ad8
50c873c1
ae190d1d
a97094df
99b8c69e
62000190
7ed60042
c3be53c1
9436144a
10483001
ee60dd72
e8f036df
39bca69a
66350192
e9f000de
42ae52f5
9c53059a
01cae021
effcddf4
6970b7ff
5bb88698
605000db
21dfe0ce
c3ae62e5
945b058a
294a6229
cef08c5c
1eaf95e8
e4909468
c7587799
f4deed03
9b968b9b
ca0d2e8b
ed6ffc7a
08461c96
1c29b5cc
e1d0bc2a
c5f25cdd
f0daef0d
b9949398
cafd8e99
cf4fec12
09c70c97
5e69fd4c
e0d2f478
c5fd509d
f4f2ed03
39869a19
4a898e99
ceefec3a
20a60cb6
f1f617e8
06d7cd2d
560831dd
773cd329
4174dff2
be312ea0
ffeeaf80
848ec534
f12236bd
d3cedfbf
1504f891
028ca21d
c80cbee4
ea320f24
9e77eea8
8dae1737
53e3e4a9
53c6a53c
d588d07f
04e1f20b
0106dec8
e3ae4c35
d675ff08
a4aec617
229e66ae
171fc32b
10453d6d
7d7a127b
4262fbd6
7b32efb0
96a40d2d
c5b1f2fc
07504699
534fc38f
7205a9ef
5d30b2f9
6c22ed54
3f2a75a4
369e5fe5
edf5e2f7
2199648d
5757af3f
f285cd65
2c3b1be9
7672efd0
7e2ec9a4
b6bcc505
edaee3d4
58125cfc
2d80212e
0cdfaede
f2df84fe
892a5210
904ca45e
380a8250
c52f7b39
591114c8
2c013b37
84d326de
301394ff
8d9a5290
d128b15e
02008eb0
cd56601f
28905389
3821a102
90bba6de
301bc47f
873b579c
51aada7e
000093b8
c5047f1b
4c9710f5
3b053308
10576ec8
7a1586f4
897b5230
19cec55e
282ac7f0
6474a7e8
42150a8c
3c04db2f
b0a36f3e
3895a57c
adf97136
d81fc80c
300aceb8
4d52c1d9
68311b82
3a2152af
c3972e9c
7813847d
2da1511c
891bd29e
3428c5e4
557660db
81111eb5
3301320e
e6bd2a9b
5497c4de
8bd74130
99f4911e
242ec492
7cec69fe
01911e95
7f11331e
c413429a
0814c4dc
89c7d430
38e4761b
bc2ec5b2
7cfc115a
21990e91
3a11721e
72b322bc
7092847e
e3fb561a
893ed41e
302c8576
5cfc4948
181d5e20
70447f2e
f8adb7ca
24c1b5eb
9f11c090
b94e5a07
e6ee83ca
65cf2ad2
1d9f58f9
78067c0f
9dfd949a
20b8bd6b
8d00da98
9d4e5826
f4cee33a
25ce5f90
599968a8
7e023d13
5daf96ce
a038dcea
03015b58
994b1aaa
e4eec19e
e58f6a51
281d3c28
78047b2b
56bd17eb
bc43ed4a
b69242d1
d1ce1a87
e6c6812a
61ec0b53
3d5d2ab3
5c235b3f
c5b91748
b2620b6e
eac1cb81
806e883e
e8e4c88e
87ee4af2
39196af9
7a236d3e
05ae96d8
b13a5b62
b3ea4208
d16bd1b2
e480c15e
69ae1f72
489208a8
348aaf2a
5f850ec8
345fa36a
d7b34200
b9cac887
e020b13a
6522e751
54124bb8
348b51bd
1d9725ea
741f8bfa
ebe35108
d97acc16
e061f93f
652a35f1
58d14db8
388bfd09
958324eb
540eeaea
fba25709
f9eedda6
e9a091be
0daa7773
fb2e4c9a
7a208535
580ee669
061296ab
43f067c8
955af896
5a02035f
e71bcbda
d83cccba
3a66cd89
5dcce4d8
061396ed
c32b63e8
7d7a783c
6c48115d
db1b5edd
7d1e4c9b
7a66cf93
5b0ca5c8
2218deee
d3e965e8
35ce789c
1a40434f
ca13de4d
fb80d89b
39200536
b8022718
025e14fa
cbf36b88
8d7ed81e
550201cf
e657ca5a
f90a7f93
38f48d0e
724e727e
6e1c18fb
e1b87f48
bd7e5d0e
342a012d
e6064946
9f92cd92
2a61cf84
4a5aaece
601d3e7a
c3b1338c
356e550c
1000417f
ce17cc5e
ac004097
bda04d2f
ba4fa64e
fb1215fa
8b616680
9d7ef95e
914ad165
ef79db58
2e84c4d7
3838c5ae
6a4b275c
231315be
cbe96380
df7afd0f
93089125
ef70c993
2dba4cb3
3e2ccd8f
ca4b275c
611335ee
c9f9438c
1d7bfc8e
134a1165
eef2d99a
d38b6012
d6e7cf35
db8def06
8435d1a8
b5a1cc0c
cbe2ba8a
b7ecd9f7
4b03d8d7
13ab7092
ff47f78c
73cda74e
86987dac
91f0cd2a
8b66e912
9bec5f5f
5f7fcc96
130b40b3
76e7fdb4
db80af4d
04b065e4
15a1ec2a
cf6ef832
b6c41f4f
6b33c906
d30b522b
70ebafa5
c79c07cc
c53de5e2
bda08d2b
dfc2fa82
b568f9d7
4f991190
97297693
3043a586
f77567c5
c55dff6a
b872ed46
9fc6fe52
b522e9c7
47b19a04
130b63be
78c3fd64
99cc27ef
c43c45a4
11a0cde6
f1ebf952
d478ce6e
67a85926
310a4e2b
5c6ba5a7
a7cd0ff8
847d6946
7db0a709
dbc2fb9a
b5eca837
4f299d55
106316b7
5a2bacb7
a3dd07b8
c565a166
1cb0e000
53ebff5b
f5f95897
6f209f20
332b5baf
5aef2d36
a39207a1
c43e45e6
3da0f00a
f36ffdd1
f5fdc8b6
6f294554
69f47216
3aade8bf
1aa00b42
1b6ac36d
477b7141
38745446
a94b359f
f7187271
69707bb7
7a7ccbba
1aa401a0
0b2283ed
4779737c
f9768546
a8731147
f3085240
29f23a9e
7e6d4ba2
4aa41ba1
0b2bc36d
076861a4
39524506
ea5bf147
ff48a361
2af4783f
3a2d8aaf
3e250984
2e6f99e9
6702747d
2c720446
a9d836bd
73087670
6b16387e
5e7c8bab
1e061189
016ef5e9
6ef825e4
20f60646
a952739d
33004e43
89d06d96
782d89d0
2a8f1d23
0b2be369
66a861b4
b97247ce
e8403387
73486742
28f43abf
3b258a8d
3ba60980
0b6d32f5
658b547d
d17c014f
2858331f
d3121ee8
4e74fe5f
7834a0aa
3b220948
273eabc8
67aa54f9
25501144
a95a23b7
d3123442
8a742b1f
5b3c8888
2ad611ca
2f0fe2fd
e7ba55f5
717a455a
28407387
db5b1441
8e0f50c4
e944d94f
d1dbefae
36d5d5d5
910beca6
cb80b9bd
4d9d8958
1a4ffa9b
df9bc24c
e924905b
b067eecc
36958de1
990becac
4b8bbbbd
4dadd35a
9bc7fa9e
5601fa48
a916b07e
92e7ee6c
76dcc5f1
990ffdee
0b93bbad
cc1fd378
908f6eba
a68cea39
f823f9f1
b6faef00
833165e9
96e9ea96
e2a02b21
c6b3ede7
75e0abf9
a69b68f8
8e2b9160
ff6bf62c
236c61e6
93c8480a
576d7bbf
16b0256b
7fd6aaeb
8e8fead8
86339975
b6eea68c
abd8cde4
9169ef82
5aed3a95
dca11463
faf1eafb
080a4837
96adebbb
763b133a
fd6361ea
7ed2fb10
9eb616b6
09602f83
55f0a7e9
08c80f35
9eaf2bf9
6f371711
2922619a
57e27b10
bea3073e
896860a5
4168e4e0
08a00bb5
9ced6979
27778662
0f2341dc
77d93f0a
bee96cb7
0968d081
0b69e6d8
860fef4c
055dbaf1
04fb585b
99a56f11
3d6c9d3e
360133e1
5fb75dd8
304a1ca3
8fe6674d
0559d8e9
04fe5013
bbe54a11
3f5c3d7e
0ec163e9
42b509d8
281a38bb
effe664c
855738fb
a5ba5a16
bbe50b11
5d5c1077
a6852361
463519d0
320a38ad
667aff54
c7dd30e1
04fb1953
b9a1ad15
3d0cbd73
16050370
57bf6d90
241f3db7
03beed45
85d200e2
64f559f0
b881c115
355d397b
27850365
c4152950
244e3bb0
86feb575
85d78aec
a4b5d910
baa18901
755e3457
6e850361
04b51c58
361f28a0
ae76b7d0
e6d72af8
05ba5c37
b9a5cd15
154cbd7f
66050661
4fb77ef8
310c3c07
a2aab455
81c1b2a9
25b15997
bba5c915
155e957f
368506ef
4e377e78
300c3d0c
96efb756
c7d112f4
27bdd835
b8cf8705
174c9473
36840665
56356ef0
33163904
1d990822
7eed37ff
9b878f3b
1377fdfd
9161e488
13635407
e6ef83ce
5f0f5c03
35df6826
76afb7df
df938b00
1338fda9
b575c18d
8b7f709f
b7fd034e
cf0d7880
05db5a22
7aad2fc7
9e97a708
1ab9a539
9571b485
b95f5e8b
b6e55376
5f07d140
5c530d2b
7aeda7f3
89812b0a
4276cff8
3171f082
927c7f56
a7ebd12c
6f043810
580f6c6f
38e993fa
9ea3829b
5634c7f3
bd03c083
da7d721e
a7f735de
6b0c7192
fd5f5c2b
7c292b87
9ec3a338
1f35d57d
a573f4c0
db0b74cf
a6cb52f7
ed2445c2
3d124c37
7aed0121
8bcf2eb6
03376dfe
1161f410
d147735e
bfefd35d
6f5750c0
34735e23
6c6d1bb1
2aef0b92
023387fc
b921e580
92e0771f
b7fd127d
efa454e3
65db4c33
6a6d7fa7
baef2bae
1b39f57e
9561d510
b14d770f
b7ec027d
6fb651d2
fc54fdd5
71007816
636ee5cc
aa8d07df
824f52b2
68909064
0848c10b
b46cbade
38d43cdc
671cc004
66bed5ec
a239d36b
424a723e
4868c866
8006ab48
b46eb39d
7a906cfc
7a1dc018
402af8f9
a2329b69
4672633e
f8e90ce6
8807e912
94aebb98
1c346f5c
31004a0c
34ece448
288800d3
c2667256
f8c890f6
0000710b
ace5bb70
095ce899
27cd280c
64bc5040
bbbf13f9
667a6734
984c04b6
82052922
fe8db223
4e9474dc
3e29c89c
309ae1a9
b30ed259
46e647be
e8f94c66
0241a910
ac0fbd41
da3465dc
3588ca08
1908c54d
7a4bc253
e2067606
f850c8e6
0800e188
b413bae3
9831e550
17aac688
1f1cd143
fb38e23b
4e2a4616
7824a9a2
4223a128
b497bd91
489c648c
108d869b
115af4db
e33bea19
4676573e
28ec2c66
0a02b380
9411b991
fa06c77d
05db6cc8
6e7c509a
f58b6c12
6e470fdf
aa8da6e3
182afef0
248c7806
da06975d
459324c4
2e7b7c0e
fd8f5810
2c54bebf
ceada7e3
4b27e810
a4ae38cf
daa49775
45d364ec
2d7a581a
f08e1112
6e543c1e
0eade661
c866ec9a
202a3187
53add755
04d3eec2
7f38d43a
b4b2db02
76dcaf7f
aecfbeeb
d270fa92
10097c96
d3a9f75d
77d3e50c
ed1ad49f
bc8ea303
3e5cacfb
ad8dbc31
d871e992
a0687c33
530f87fd
57c1b52c
a55af03b
b5c6b903
3e54befb
abddb471
deb1feb2
22b89f06
d18f5f77
04939ec4
e63ad431
5586b903
cec40fed
aef7a509
9a62fcaa
a8219c3e
d3aff72f
87d254c4
c530f819
05a69903
3ee46de5
a7ef9d02
db21a40a
0a209ebe
532d776d
f3d08444
05167011
80c61907
96c48e47
2bfd9516
c172fe2a
22e08a1c
2cfd7827
72bccfc3
ef2a0526
bb608f19
f041b6ff
8b51372f
d3a1472f
1fc8b452
24f97827
7cec4eeb
ef2f4722
fb708fb1
e079dab7
9b512527
da85672d
1fd465da
0498780e
9e5c4fdb
ff6bd323
df60cfb5
70719297
ab753733
dae34707
dec0a518
a4fd7976
6afc87eb
fb2aa52d
ef60bb10
7451acef
8f792f2f
53915787
5b91a89b
247b4037
3cecdfcb
da0b0c06
bbf09d1f
023abad7
8bf525a7
62841145
6316ff90
0e3e701e
d8eedfcb
df4bd506
8b709f11
327bb2f3
1ff515bd
ca87476f
aad3ad18
fc7d6c62
cefccfe1
dc0bdd65
cb6aff39
5262accf
0601bf25
cf9357af
a3920091
94ffe852
4eec8ff3
df7dc561
ab62df3a
7253bee1
45ed3637
6a920727
22977049
141f6036
c8eecddb
dd5dd145
8f70ff32
5263aa93
b66d2fb1
4a935725
a2935001
b97d7c4b
7ea45d34
75a8c5a7
bec0d18b
6e61a871
9b6b6aa7
ec4f62a7
f7bbea16
39fd3a6b
f3865f14
75e8a126
8ba8f589
8a2088b5
1763db22
cdef622e
d6d95b82
0bddfabb
76865d34
0dec96a2
a6b8e58b
1a116894
1d681b2a
ec7f360f
edb9ea90
b83e2d7b
1c380930
4ab9568d
b00be9ca
faa82259
fa2e1047
e8429273
812b5b23
2c9e5de9
640059f1
43b95e9e
e10be149
67fa1a91
1f61347a
e84380fb
e90b4a42
395fccd9
109039a0
09e81cd9
a03bad69
63d80a11
49e931ce
ea66803b
e13b5b06
48728fea
58bc1821
010754f7
001bac53
f3ba1148
b07d40de
2868f0bb
832a46d5
48721f98
763418b3
01373cd6
048bcc53
e3eb5168
30782a58
6860e0bb
eb2b4ef5
0852cfcc
78ac1828
85c534f7
048bcccb
eb9a1308
d07840d4
6860e093
c91b7fb5
dc1b7444
a1957cdb
e47f161e
7dde8d53
aec4979f
8e8d773b
d281ea88
3d4e1982
9e105469
a191f4eb
a57f160d
5d5ed727
a696ee9e
4a8937bf
da89de08
2deeb152
7c90f445
c99774cb
e53f161b
74fed58b
88d4c697
cabdbbbb
418be6b8
25d6f219
a61965e0
c181b4f9
7673d63f
f91b555f
aed7679a
2b8737ab
c685d600
084e3912
b70b5461
eb9774ad
647302bd
510bd13f
06c69e93
0e97b5e3
16919628
2004fb02
33b95465
678174ad
e573563b
f8c2d5cd
16c4fad7
4aa8afe1
47858e00
20e73b50
369b45c0
a59560ff
767b0f3e
f1b6557b
9255ef92
6aa3bf25
8e07d6b0
ad8e3112
b29b5565
eb8764b5
577a86bf
7886c55e
32c4d297
6aad2761
868d9e38
248c3950
b29b5465
67c735bd
d452523b
f886d55e
3e54da17
4baf2e63
c78f9c18
2dca3950
856f9867
87fd06fb
cef14833
4bea0ab5
5c47a473
165147c9
aff76cf5
0741a566
c76fa02b
85693ef3
e3f50b22
df6f0395
781fb473
96412f49
2df536cd
22c51502
e7efd827
85d93efa
aef12916
4fe54195
58439c51
b665334b
6cf774d7
66511444
816fb5e6
c7fd0e79
8af018f3
8faa1a25
35ecbd13
5eb96779
aff72cd7
232a1527
a0473727
c25a2ef9
adf51b03
bf6302ed
579ba473
f7b5264d
edf726fc
4b852506
87eff566
85fc2e20
8eb05b77
edeb60a5
3707bcd3
b6d12efd
fef7665d
630504c3
887fbf77
c6d74e71
8eed19b1
cdaf4885
550d9d53
36cd27b0
fff76efe
2b0b44a4
0a6faf67
c6554eeb
07e51bb2
1dfd482d
15c0a073
b4f92e81
f77f6efe
2b4e1565
caef3f66
87fd0c2d
c6b51b34
1da7c1a5
1715b053
96e12ee1
f6f526de
2b0605a5
e1796013
1e2eb749
7b8ff548
1f62ba06
e653ee57
7b8acd25
450c058d
d7f5b5c3
d089203a
dbaf8711
fa17a5f9
3f60f0ae
4277afe7
33a6df91
470a865d
f6b5b545
52892033
5ecaa785
79039169
4f68baaa
4631af83
7162dd15
c58e872d
16f597e2
c4a15011
162fe74d
f90a916c
2f6b3a2f
da57e65f
53829504
c94a879f
65d99163
f1314015
022f3741
690ea315
276db82b
da158f17
73f2dca4
db4e929e
d78bd16f
500910b3
0abcb71d
790ed50d
4e60f9aa
5e65ae87
337edd21
dd4a8775
dde98173
4231d21b
171ca545
f802980c
3e6b9a20
da53f756
583edda4
4d22c785
d7db5249
c4105a0a
132fe70c
7d068004
7669ea71
fa576177
79b2d540
4d4d9f8d
d5fb10c9
e0b01017
358da745
7c4ed503
fe6afb20
7a634947
3b36dca5
4906cf01
75d94349
a36ee317
d6ec84f3
aa648914
8be919a2
606036e0
f75f394f
c3e2609f
4f59db55
d7bec1bb
d7b65ef1
ff648d35
8ba33982
67fc36e2
f26f71cb
cf5170d5
8f7b0204
a3aee517
f3f60cf5
a92c0964
8fe87190
947fb5c6
f779334f
cf4022c1
af594ad8
0bbad49f
9ab90efb
666c8171
1feb8192
706c7ec0
7e7f6b5e
454820ef
4ff85b45
7f70d0df
f2f04ee7
68ee9155
3c285112
63e86785
fc4d10d7
ae5026a7
037841c3
0f3ec057
f6f8ccb1
a068195c
8fa03112
347f5f67
f669319e
7b4c727f
8b594bd9
97b67497
9efc2ceb
286a9174
ab2b39a6
46790ee8
965d31df
9f4ae0df
0f7d181b
1e3a5417
def86cfb
a96e8170
1b2b18be
64716ee9
b45f30da
774632f5
2b759153
16b6d497
cefc6cfb
ae6e1178
392131a6
40610ec4
765f30db
1d462275
ab795999
13ef49ba
5eb29134
57887933
6e12632c
ffb8b96b
53b24ab0
b4fe1fff
c237f4bd
726b98ba
5c891324
5e807005
221c6b24
c1a9896a
42324830
a0b65ffb
d237e4b7
d1eb8bbe
11ca8534
548071a7
06274bac
17ba8949
63da5510
b0bc5dcb
1a3784f7
5168d89a
50a287ac
1f8531a7
0c149b29
6da92968
133e4a94
b8f05f1f
c231a314
73cad1a8
5b678914
568072b5
0c4dbb2e
e3b00dc8
76ba4f34
76b81fcf
fe13a237
d1c93bbc
30e2dd24
50804187
0c184ba4
fd28ac48
7b7250b4
b2725ddf
561ba236
5862ab8a
78629526
1d841cc3
0c5f8b38
d9b9016e
197aca8c
78f81a9f
d232b7f5
53eb0988
78a2a9a6
1b846fc4
845ccbe0
b9a90c68
11dad99c
fdf8120f
763bb3b4
d0430b8c
7062cb26
18856dc7
041b48e4
fdb89568
f75accd4
f1f8598f
421bb7a4
e8b1048b
37f70ddb
df9d9f55
be28d6ac
f73b8ccb
8d5d5d84
e6c42107
059721a6
a3fbd80f
b4e294d3
e85f3f45
9adefead
6b7aac5b
25984fbe
a796059b
0657652a
a7bd70b7
3eeefe6b
bf603458
b6a2dabf
9123a4e6
252f5b2e
52871509
ccd75918
a28baea8
0eebd5b9
5e9bfe6f
9decd761
7f449faf
a54b3525
d781d05e
4475e107
b1e5d8ad
832be15f
14dba46f
7fd69eb1
ca5ffcf2
897b653d
c81a685d
04442977
a5965190
144989eb
c84df640
b892d2ba
a2639cb4
3ffee92d
439ba969
849729ff
32b6ed20
0df37583
dc0fd65b
af285190
73548daa
027f3fad
46959441
7e27b59b
7e3efd4a
0e474d3b
1d5e6e5f
7df5da50
eb6e0fc6
a8f4b82f
ef93f454
4f1718b7
3ef0960f
2c42ad4b
ff456f6b
94e3f9ea
a64370d6
bd9fec6f
a819f861
97116db7
de16f388
f434d9af
586ae7ca
a214b6e9
812855a2
eb2ab87d
9b91436b
f80afa1c
4a0fe388
be7599aa
58e877cf
221d9fe9
a1aa5d86
c3aab878
0ab19f5d
ca0afb1d
7f36c088
de34d98e
daeefec9
a21c9ee9
813971a6
c9ebb360
5a914b39
aa0afb1d
af8ff188
e864996a
18eda6e4
a2d8e9f1
81f974a7
7b84b97c
81d15749
504f6ade
8e4be0c4
e643992b
1a7ca3e4
b0b9b5f1
a3ba0706
feb5b978
00d5bf4d
910fbd9d
ae3ee2c1
9a22d94b
52e4ecce
a31d0df9
813bd5a6
52abf9bc
88d15b6d
bd23bf9c
8a0bf3a4
ec22b9af
13e5a666
829ce5f5
b1b964ae
f2b4a0ff
18cbf36d
ff5efa1a
ae0bf2cc
ec2ab98a
d3e92b8e
b1b5edf0
b9a984b6
f2352d6e
1af7a379
db7e2ed8
2fbff089
ee20b988
52e16a8a
939d9dfd
a9b945ae
dbb3b96e
98cb33f9
9d357b5a
b69d7031
7a06ff45
b2ade57c
933aebcc
b221c024
f1c6df16
e64c920f
efb91e18
c79818b1
3a273d05
ba83ef4c
89306978
9339a001
9162d90e
d48e8324
fff95f08
d79d50b3
7e2fb587
f2aca56e
83749f48
1239e505
5143990f
fd8e932c
5df9db48
261c72b0
daae7972
f7fcfbae
bc590e5e
b6933809
01c61fdf
f82fd0a2
67f84aa1
f698d973
ece25402
e2dec788
fd574cf6
9ca36208
01c7275e
d60d9142
27e00cab
1e1c18b0
fea97d15
a37eb1ca
ff4e3f74
1ca14a09
41c3fb9a
72048148
25f099e9
5a798ba8
14eaef04
5d8c578a
c4dbeb08
da96934b
90d88a8c
6930418a
85a0a5c1
7e798be8
d4ea7792
04bc45e3
e44eeb08
da86332b
00d49a36
6a31bd3a
05a8a5e0
58f189ec
70c9f512
0d9ed4cb
c64eea18
3a96d04b
20dcdab0
6b318502
04aab651
aaebfd7f
d5acdaf4
07fc3185
cd4a6116
675d8969
fe9963eb
ed5d7ac3
1220c116
ee2ab977
c57790d4
45d0e086
c9d43116
2a5b8175
2e9b6b41
ad5d39c1
b27cc202
abeaad77
c7cd1ce4
c6d46824
cbe60904
81da8975
7acc4141
ed7d7c6b
22388506
2e2fdf4a
b4884ef1
4ff95982
cab0e194
3781883a
66cd3b81
fef71843
b2789e86
ae27d4f6
255928ea
05d57a26
d9fb0570
33f38209
0edc2b51
cfe32815
26788ac4
aaefde64
e6c8286c
cfbc2aa6
cdf26914
3390880f
94cdbb7b
ece53c6b
25189a04
70eb8c6a
54decee9
cf9d51f3
ccebe900
7d9c990a
17d94aa8
7ff03c9b
230a3d85
244b8f1c
c6de4ceb
859d51f2
ccfbc800
3f0cb81b
35d90201
e8f5ac1b
251a1684
784b8f6c
52cfac20
859551f7
8ccbe900
3794be4b
36f82b30
eff12cba
230a1dc5
9368a753
902f14cc
3090771a
51dd9c24
9e0ffdef
d8ba0d59
5534b678
a4eaaac5
b186b616
b40bf7dc
22b0fa3a
75dd9834
3e4ff8ef
d027fffd
94b4be7d
743fb845
9368c633
b183f7dc
b218be3a
71f51014
2a4678e7
502ad4c1
cd867fc1
767659cd
fd283213
c0e67246
7b24a506
57703956
fa4b05ed
b05b254b
dc6cda70
eff2924c
fd68da33
edb45557
ea20e636
777a0cd6
dac82947
115bf3ef
d9eb4c5c
1f77f044
ffe0fa33
ad8e5746
ea222607
50d63556
9ac1a8c7
8137f1e9
dd2a04cd
4d7cca50
fda9115b
91f08041
6a20f314
d7721e12
faf66ecc
0317fdcf
490000a3
0af09719
9d380357
b4c0d442
6e00a61c
51c63692
eaf37ec8
9317f99f
5b035183
4ef08e19
5430931e
b8ea85d0
ec02245d
d1c67892
aad32a00
231bfe5f
49024505
4ef0cb1a
736ad782
5e7f871d
d59c713c
8f3883a6
e485e5ee
faf789b0
1b2c5d3f
6ae8bdef
12a80582
6e2ed72d
f50a771d
0d89c5ad
e294d70a
dbd7e91e
7b2a5753
6acd94bb
52287596
7fced72d
f62c650f
8c2453ac
34259702
fb75f916
1a2e957b
1bcf0dba
32691312
5feb8799
f50fef2d
1e8097a4
f43b8d67
7f7689a2
bf980f65
d36d64f4
37685712
778a878c
b2052d10
412955ee
e8a3bdce
bb22f936
bd060b6f
d3fff4ec
a26c55f7
7f42875f
d391e563
044612ad
f421adee
bf82fd26
159e956d
1abd64fe
33894323
5bebb74c
bb9d0b2f
942e51e6
74a18d67
5fe2db92
b5bc1dd7
dbc15646
37894931
5b7be74c
bb8dadea
dd6d51ac
7cb3edf6
7fc65d22
bdbc4bd7
f1f955c5
93890333
77c3a78e
3b95adca
8f6d51b4
7ca3cda6
5fc65996
95bc0f57
71f9576c
97ad8433
d2fe4dc9
ee359b17
d56a18a2
7e42afe3
af7f6f0b
c7ecf6d7
c7f150d3
77ade433
d7ea3dcf
ee21ad0c
516350a2
6049ace5
a76e7f9b
afee16ff
cfdd5092
1748dc73
dfebddef
fd45b53d
47ea50a6
7471bec0
a74e7d9b
c7e674e7
e7d554c2
7f3b0637
d4f31fcf
ee0983d2
c7721eaa
7472af81
a73f6f12
cfe6d6f7
cfc8519a
7782fd13
96760d4b
1929e719
8727448a
5062cf81
078b7712
effa56e7
efd95290
370a4c3b
d5fa8def
9d49857d
466254a6
3c61ff01
b73e7c97
ef7a26c5
69ad5008
768adf37
90f3dde1
6e5d1bf6
c7263baa
5c708f81
97a77f1b
e7e6d6e7
efe850ab
dec06f13
18f32d60
7e65d3f5
836737a2
7870cbc1
16aa57c1
af4c4fd7
cae144aa
76824913
9cfb6dba
cc419355
6e277326
7e63ba41
97687581
a75e06ef
6fa2408b
ec1c7088
39271156
d00ad76d
320cff6f
c2bb79a7
6daef03d
d31ad32d
dcbceb1a
f8187888
1a2711d8
f00ed74f
3204fffb
46ea65ec
7e9a93bc
8b14c90d
dc626b4b
7c30f88a
c3271315
7826d4ec
a6149e6e
c3fb61a6
69a2b32d
4b0a970d
dcfaf318
be907889
7f279114
3027f78e
b8407b5b
e2ab31a7
6bcef195
d89b51ac
d6fc6a58
982258a1
6fa7b9dd
7037c70c
334cdf7b
e2ba022d
2b67b376
0903e12c
df62ab5f
9e905009
0b26fb91
f202d7cc
b27ddd79
c1eb67a6
79b7b3cf
4983119f
dc756b1b
6e9070a8
2f22b1c6
7339a70e
ab0055fb
90e358ad
69d2f97f
0183d1a9
ff7c3a09
ae10c2ad
6d23f3d2
723fe72e
92000ddf
98ab28af
6f96786a
0912d3a0
dd7cfa0b
ae307009
692a71d2
5237e16a
fa1cedf9
f8ab49a6
49b6ebff
09830195
dd797b1b
0c72be0e
2afd82fb
8fe70b30
1b758ab5
45392041
30753507
b6f52427
b71bc810
ccf61e1f
7afdcaeb
87d70934
0b71af37
33693051
147c3745
edd5023f
f709cb84
0c3e6c1d
fafdafeb
8a8f0b02
9b61cf37
a1697045
387507c2
fcd54347
1f19fb22
647e7e53
aefd00a9
04cf0906
1b7bb4b1
714a2448
7451b54c
bfd322dc
e713d081
c017761e
2af51aad
067b0b16
0b7b8ef9
bb6932e0
145031cd
eed07a94
3754d649
88127e1f
eebd4af4
8e3f0be2
1a0f8e79
b7691223
b85433cd
a4d1709d
cf145a80
0c3674d7
2fe400bb
884f4f34
0b31a6fd
41094018
7049a1ce
361b627f
ef324031
4c3ef45f
2eb548a9
827fc98c
8a61b6fc
51593412
7445a44d
ab837355
2f3140a9
ecbe7e57
2ebd4ab9
8aef8b94
1a218674
f7291452
3055f34f
248232d5
8f597cb1
6af1fa27
5f3d5e83
4faf5922
bf6c934d
64719b7f
8a458ea3
b2ff57ae
550db22a
aa3b7a07
777dc29e
53974d03
bf6ce75d
644172ff
aa47f6e2
f2df55be
9701a368
a27b3aaf
7e7deac3
5fef4183
aa2807cd
2571fa93
ab4334a6
b6d3d727
976123b9
6bff6a24
332fcfb1
558bd902
3f388f1d
35718d7e
3a252ea5
cfbf57be
f207bc7b
c27f6a23
763fc7e2
5d8bb983
3b7cbf05
7150faf7
dac51f31
fe9f17bc
10673ad9
02ff68af
645f5fda
9b8bdb01
1a6caf4d
1571d5b6
e9c07ea4
f69f9726
9047a749
4757fa20
6a2f9dfd
d99b9927
2e61c771
7502bd3f
fd462f25
feb7577e
52037da9
42576a28
622fcdb8
989bda83
320cce30
ff20bd36
efe57765
eedf4bde
80027da9
63d76aae
426dfdfd
9b97db63
062c4f75
1d31f536
edcc66f9
e69353f6
b29f7568
3342e59b
bca2453c
d384267c
009a38ce
c3806bc8
c5def8da
ac48b843
cb32dcf7
f3428d9b
bae07f34
158c8ed9
409659ca
d3a26988
43def84a
a54828ab
eb345cd4
d1cbc593
f8e20f34
c0ccacfc
049370ca
a3ba6b48
17fed9ca
25686aeb
eb37d456
39422493
b9a24435
ca8037f5
821b258a
c3a88284
d55ad8ca
a84afa63
4fb8d5e7
bbc23792
37226d1c
08bc473e
80b309ea
cbc12388
c75ad98a
b74ede07
ebb955ae
93c2cf93
36e00f3c
818824f9
c0b770a2
e3a12388
877ad1ca
b36a62cf
eaa9573e
bb4a399b
b8280c3e
83c52fd9
821705e2
8bb98300
bbde598a
ba4a9a6f
6b61c75f
bf4a699b
bc285d2d
83c82f49
407b0da2
abb14780
915afd8e
bd4ea04f
6fa1ddae
db4acb92
3060192c
e2c026ca
44bb00e6
aba85588
9b7ff98a
b14c608f
6a30de76
4906affe
075968a2
06d83293
680f2259
5dea0b18
983546ea
a973bcfe
a10665ef
29c22fec
56796aa8
07fa12d3
78162055
6fcb7b15
1c1506c0
a178aca6
610e246f
a94767fc
01198ab8
05d85ab7
f82d404f
2dd21874
ae3c06f0
206bbcc4
710a64af
8956acc6
2b7da2b4
02c27a65
5e0946e5
7d6bf93c
1a0c45f0
bb7b1ef6
5912e06c
0943b6a4
d17d0892
43c37a55
032670ed
29fb1d76
6c1017e0
a8fa8ec6
7976647f
a94fb7ec
431ccae8
40635ab5
2911c0fd
f5ca3c74
6e944654
a06ae4c6
7155e06f
2b96b6e5
2b5720aa
06f37a15
898500dd
25f94136
6e600460
b4eb0c54
780be04e
2bdfa6ac
631f80ae
02db7a14
29155469
45f8f536
6c4213e0
92ffe476
714eba0e
afc6b7e1
473d4aae
42fa3a94
6995a46d
c5ddf57e
fc17026a
b2e76456
f168208f
789d48e5
79817b1e
dbd7b5ea
e20af67d
8dad0af4
8d45c4be
32cfc3a2
9477aae3
f43928ad
48a55516
5727666a
a602b6fd
a4cb3efd
8913860e
b2cec3b2
9d55b042
583950a1
7db71256
7f8b14ce
b7ba86ef
24cdbefd
81939eae
32ce8bba
9c74b0b2
13934ca4
24014b0e
df9dfeaa
e057f67b
8d59628e
8980c086
9e0c833a
70667dab
11174d88
5105575c
b5a1f6ea
b6428ef5
f745d317
89cfe404
872fc99a
f84beb19
52b14c89
69355450
1fbbdc6d
b61a97fd
b961f679
c9cad202
faac859e
d874723b
4b036aa8
64031f1c
5197eeeb
1651e778
9120c136
a9c8e8bc
eebf815a
707ef3a9
51916980
61023d84
d197ceeb
565faed8
bb21f13e
e9cae334
cea1c14e
95ae73a9
37b348a8
3123110f
9997eeaf
961eae78
99b1d13e
e9ccca20
febdc556
953ef3b9
80bc5c9a
9aac86e1
fa0abc70
0f32f82a
5b70b7c8
737b6d0f
5be0b017
6fd199c1
983c0e1a
3e26cfa1
ff03ff79
1fa1c8a8
7a660e82
717b6c99
5a407027
efb91211
98bc4cfe
1ce4cfd5
cd0ebb34
8a68d82e
b2630d40
f57f6c83
da602267
cfb90a51
b87e845b
9ca086e1
ab0c6396
972518aa
5a7a36a9
507be81d
57e2a087
67cb89d1
30bdb65f
2ed3af8e
e4462616
5705d0ba
9a370481
d179061d
db626063
afdb09d0
b0b94cfe
08e38fac
8d07a31c
0eb1d03a
3a7a1400
f5796c1f
1ee0aac1
afca0111
b8705417
9cf484e9
2a410296
5f2239ba
d2a21681
105beb1f
09c0f0a7
effbc8d0
bcb8d4b7
0cf4cd08
eb73065e
1f2271be
82623681
12118d1f
0d8ab281
efc4c8d0
b9b8d4d7
0cf5cd88
ed56055d
cda3711a
a2732680
107d2f8f
0982f205
afd0c8d1
f5e1997b
ed465344
b3fdac0f
7cbd3cf6
b88fefc6
433601c9
988cdc80
9be6c27f
f56d986b
ad071154
b9c12c1e
7edd54e0
988dcdc7
433293e9
99881ea1
99f48c2f
f7c5903b
a9075355
b0d3283e
74d554d6
388fcec7
433291f9
952e0c98
db75d87e
7549098b
a9465145
f376aa7e
f89435c7
b88dedee
4937610f
b1e6de41
dffc9b77
758b299b
cb03f355
7362e25e
cf9778c1
8885caca
43377389
1f9554e1
3f3fdbb7
51059903
89005357
b09229dc
7c975dc4
a8bc81cf
419370bd
338e4e89
df75eb7e
36090923
a90b50c4
b3748a2e
f29515d6
88ad6134
7bb3d0df
180c1c41
d9fdcb17
b2ab2803
af035355
f3b3a37c
e187c5d7
80bd59b6
5b91f3be
11851c49
db74a397
94090203
e1017345
f2f72acc
f9d745d7
80f9419e
0bb2d5af
13ae4ef9
5b7d4b74
5a910a98
38827114
159daecd
205ff67a
dbb37110
d142dc24
e00c9398
d0b6f7e1
789118f8
7c0b7906
1ed7b4eb
305f8efb
993249be
0996d674
a01ed3d8
54be7661
72d11a90
30036316
5593f4cb
701eae79
9ba361f9
e1aadcb8
a4bc93e6
44b636e1
9dc10bb8
701baf1c
5d81a6ec
705786fa
fa06208d
5d82c6a6
a13c8108
d0b23441
7c503af4
300be107
5083c6ee
681746ba
9aa28009
5524dda7
e438cfa2
64e697c0
395d1ac0
308b7516
59c346ad
740cc6f8
18b32d19
41b9d634
a03e8916
64aae0c0
dcc9881c
3052b71a
5c936688
54528a38
fb16320a
9928dea4
6938950b
e482b5e1
b8488b48
30c28315
498366c3
56568aa0
fa06384f
1808df26
6fb09723
4486a562
f05988c8
304bf516
5c93e6e5
4656caa8
d8b2730b
393cc4b4
6130cd82
4486a560
ac7bb865
6d1c2a43
4b670da6
39ea1dd5
a89f8a9c
e75587af
e5cdc230
3de96a20
6cc95865
6d11b243
222d02c7
bb727747
80df0e95
4251a78f
8bc20a1a
1f61e238
2ed17a2c
cd1c7252
46ef4e81
7bf7edd5
189f8a95
025387bf
afcf0818
1564e279
0c352244
ec5dfbd3
47d37ec2
cbe7875d
8d09d23a
1b5d976f
4fe99728
3dec6600
081e2e6c
7919a8f3
0fb34f82
dae6cfd9
1f08329a
328584e7
eea7c600
35e02a57
2e5d2044
8c1f22da
8fff4f04
fbffad55
091ff3b7
98950e27
eea780ba
348c6352
06bb2b40
644edbe9
85835fe2
0ee9cf51
7d16f01e
3a81273d
6eb34798
250f21b1
44db204c
e0dd4aab
1d9f5983
2ec9cb55
3d07d03b
7aa40635
e631d510
059b2111
6cd32048
c25d383b
95b75cb3
1ef9ef15
1907f1f2
7a8c2e31
eeb18590
119f26d1
185f4daa
72369925
5e88b7fd
2652ab69
aba88008
19ee5aa4
f8f04377
c20737b1
18dfdce8
72a4ab08
56bdf47c
a6dacc69
833ca898
120c5abc
e8d4453b
ea032ce2
38dfdc88
72468d00
5589d6cf
021aef2d
93b09109
71ce4cbc
ece0d5f7
aa077d36
4852528e
30e6cb2d
1d052dcf
045a8369
ab281400
316cd895
bed0510f
db13e791
c976fc8c
6e6ebbad
9004edfd
0b1aa4e9
a3302da0
b17e4d0d
bcccd34a
df03e370
b9d8f8cc
2a26f910
9081c6e7
061aec68
c320b8a4
79ce4c30
fcd0fd6b
ee1fc474
48c2aa18
78268135
99872fc9
065ba270
fbaa5000
b17acdcc
70f8518d
c612b6f1
49f6c98c
7a6ed935
9acbefc8
0453e6f8
fb3a5408
f17adc5c
30e8b39d
e617ed35
48538b88
7a2ee916
98836ec5
045bcee8
db2a5100
b15ac41c
70f8f197
c612f7f4
e8d6bfdd
7c006820
26ae64d8
3a4a655b
c78a1351
f80c906e
a8083039
a93ce276
a8729ffc
3e314230
2be84c74
f83bf8d8
8edf125a
700c806c
284a303f
0939ebce
68708fdd
7a104030
41be2cea
78bb81dd
e78e435a
481983ee
2848a818
8df8fbfc
d816bcc9
37082882
27b324aa
38df407e
c2df1210
b00000dc
2808f2b0
245d3b73
28559d58
10016281
08fb3cf8
7c8fc27f
ce8f5a99
e8884acc
680eb7e1
602f2f7f
08d485e8
42134008
407f2e9b
f09788df
e79e06ba
58b38ace
680690ba
857d08f9
489034dd
7780e208
27b5069b
3c8b865f
c2be6251
d818c0e6
3068f8b8
145a27e5
4b183598
7385420c
04bb2499
388bc059
c28c72db
e91e4062
a868ea98
d80126ef
4990b719
77934218
6196089b
30a3825b
e38c575d
5836c076
3828e890
d0792d65
e89e7c7d
56996ebb
6c1b52f2
f16a722b
4e722691
be6d7eb2
42c3e2b6
05189102
ec1e7ef9
04996ca9
ac3f179a
f92af30a
6f672589
ce492ca2
4a52b2fe
0d8c0012
681a70bb
14fb4cea
6c3f175e
b82b328b
47439c19
aeed3e26
0241f24e
e5920003
4a1c4c71
109564a9
ec1b525f
bd06da0b
4662369b
045d1a22
4643f6be
a40c4802
78b85cfb
1290ccf2
7c3b5c1b
b922936b
6667aab9
7c253e72
4e47e2b7
2cb44012
69bafcb1
5fd6cce0
4d7dde50
bc2b12af
4657a611
0c8d0f2a
4e47f4dd
0ca52413
a91755d5
15910cbb
6e5f121c
bd16000b
44760793
ac391e62
cb46e694
ac0d0903
699654fd
5191ec3b
4c7f1651
b40af22b
4e470b51
4c0f3e60
8c44e3b8
0c054909
381e7cf0
4ddf0cfa
4c6f1255
3102102f
46570e91
cc890fa2
cf47f49c
ac851911
60f83617
1aaf46db
bd261136
5f6ebb17
6ac397ff
5e734707
d9a07485
cfd9d050
41782d17
1aee66d3
b9264320
5f6fba96
62f35c87
7d7f5595
c9b9040d
4ed0d758
41b87217
5ade0fc7
bc06d160
9f6a1312
6662e287
fd507707
c1815701
3ef8ab59
30781637
0bfd86cf
6e2c5196
df6f9b14
4e43337d
3cd33717
e351443f
8f890843
f4702035
09dbe6ab
ad2e411b
df618f97
4ae252f3
7fd70b5a
63812514
0ef0fcd8
54980737
59c8c6d9
2f565348
8f60d315
66717ba3
75d163a6
5d4a6391
bef5ba09
f2781413
0bfda1cb
ea2ad116
dd295b96
4c7316ed
44913b47
09472495
6fd812c2
f2b84517
5df9a3db
e87881b6
eb25d016
465302a9
04d1b356
a3074d2d
3ecc1042
f69c1417
59ffa693
6e7e015a
fb2013be
64510ac1
24752052
29472725
ffd91848
a7b94213
1f8fa7d7
bba3ab2e
536ebb7c
7801ccb7
b122d507
f79607e5
d790c161
a5080033
568b6fd7
bac38f2e
5b6dbb5c
5c05a4b7
a1225503
e7b6eec4
d790f741
a5181233
7c8b2fd7
ba09892a
5f6da256
74358495
b5265507
87e653e5
d7d4d743
d60d0815
8d0a31c5
3fdd0d26
75645fd6
78d3c7a4
648ed751
e7ccc035
e7d02766
14810960
8d1a29a0
cb588ec6
cd4477f4
1aabc83d
4c85dfc9
acd8b01f
f4e1a266
b6091869
8c3ab091
6adaabe6
dd543ff0
f883803d
4d83d5c9
ec9e586e
75f3de4a
1cf5dbfd
8504b077
eeba22b2
80992444
a8810228
61ee9ada
604cb27e
03e80a62
fac698f6
8078d826
ea3c2680
c0947ce0
a8d34929
85c9b259
e841323a
03cb2bb2
fac79a22
ae3c5851
2ace22a0
c8947cf0
29c3212d
cccdb2d8
a8da30ba
87ca0aa9
972944a2
f0229db5
dc05d769
06481fa8
7bf0afaa
c7fafa24
c3b6c54f
ca438919
934040a6
7060dd15
d14dd7ed
c2004e0d
fbf2a6aa
57cafa32
d7bc5f07
eae3f918
530b48a3
30648d85
d80cf757
c3201f6a
7fb18eaa
c74ef834
c7a8171f
ea869c5d
cfc96800
1422ade7
5a51f6ed
de1c0a89
5ba0aea2
77cafe24
ce87d747
fee78f1a
fec062a8
3063bda3
585b6def
d2399b41
fb71e62a
474afe31
c7924505
69a07bc8
b7cb70aa
3466add6
585f5549
ce107e29
7b608a2a
670afc2b
c7a653ef
eaa3df4a
d687602a
386a7de7
59d9ef6e
c3144fa1
caa28ea6
67aefb34
c68351cf
ff238b18
d7176182
306afde7
db597c40
d2194f61
fb228ca6
676efd7a
c68153c7
d681ff98
368f708a
706afdc6
da5bff67
c6593b21
7b730da2
47eafde5
c691114f
fea2cb1b
681018e5
7b07e10e
35f78edc
9253855e
840b7174
d904d04e
0008a164
f52c13ea
49103cc1
7a24f11e
f9b6aedc
5692c5de
865a72b4
1906d046
880ed544
594d4bea
69901601
7b27b31f
7a97aede
1290c479
c2b2537c
1912c0e6
480ac1a0
5d6dfbfb
c92a51b7
7b8f610e
b335071e
815311d6
44f96505
9c9e11d2
3ab8794e
5339562c
a90a90b7
7f2c29ce
31d38f9c
0d72a056
16ba506d
bd5cc1fa
90a8a85c
fb58c7f6
e7110601
7d0c33cc
3292aedc
dab2a5dc
70eb417d
9906d142
282ec188
1d7977f8
ab0a53b5
7fd7002b
f7340316
d1639156
05c9e319
bc982152
184cea2c
79785547
aa0b06b7
1cd5118d
b62003d6
941a8312
1cdba715
281d7043
030cec3f
3378a504
4a880371
7f94118c
b3f10fdc
c6b4c5de
94eb4015
3914d14f
2b2a80bb
195815c8
fa6ecdee
91f04c20
446c34d5
c4986082
0bc42dc0
4698aab8
4b306853
82220c9e
5a6ecdcf
c1f0cc24
457474d7
c48a7986
d3de09ea
4618ba78
487a6013
aa12049c
faaecde7
c0d00c34
856450d7
e492398a
73fe0d2a
46f8f8f8
0838707b
a20b049c
eb66fcc4
80f04c22
c5e8f4d1
2288710a
0ba2afc8
c7a87a68
c2242d53
8a631f96
1f6ea7a7
f10c786c
11e41c73
e78a5102
25947b4a
5488db08
c0846521
b6675c1f
1b8fa7ec
a3564d1e
117070cb
009a3963
d3a6496e
dfee8931
908b32ed
e2b3088f
fb67e78e
c0e0cc2e
45dc7551
74d8a62b
a13e9fa2
d67dca89
53c0ba0b
8e03dd3f
4b86ffac
0744b82c
91fe5c49
3cc1304b
8bbe5e00
d58ccc85
d6c8a108
e203d83f
1b8fe78c
c242ab2c
11d0feeb
24fd3ccb
a3a64fa8
d7fe9910
11e068c9
ea239e9f
1c9140e4
2104b54f
ed13fe4f
33f09e5d
a857e4b7
a1c5b537
4283d7a8
14c7aec9
1eb56244
2906f75b
b51bce4f
5271a65d
8197d5be
cccbfcbd
5307c7a0
5ceeef19
3e354240
2934765b
bf5bfe4c
f05cbe5d
b857d5ff
c989fe3f
5a83c0f0
14c6fe58
8a9d4a04
29013fc3
df8be7cb
33c48419
b0f6f093
aae4b7af
4aa7934c
7ce6e678
aa9542c4
6753564f
f2c7ef4e
bb4d9694
d870d7b6
8b70ecbe
cb85c578
5ccea738
1ebd6240
3f2276db
db67ce0d
f378ff9c
d941f5d3
8b8dbfaf
ca879518
2cc6e738
b6194020
e4017fcf
5c5bf64e
f702bf99
ba74dc9e
4b83ff3d
c7a7d742
7cce31b8
0f994020
21035fdf
dccbcf22
f950f31a
b055b6b6
0b88e4af
c6a7c76a
7caef05a
36994040
3d43fddf
dc5fd66d
be70bf1c
b071abb2
4babeebd
c6879760
7c86601b
589ce8dc
6400f98a
623ed6c2
f7927728
aac6429e
0e28c626
580b9638
3ce5339a
183c78fc
31c08c1a
602ff6c6
f772ba48
b2443a08
2a49c4af
ca0bcf38
9ee3b218
381ce971
0400804b
603ad6e7
b632be48
22d43b3f
6a19a6b6
5a0b841a
cce32a0a
b894d5cc
4182301e
0037b012
fc9ae43b
ee1f735e
6ab804fb
4881a438
b0e66a03
1824fc5c
45d331dc
0a7f54f9
f4d29c0c
ca162a3c
4a990ad0
c407e4f8
b4e20a4b
5a54bc38
2591b150
247b74b9
d4dbfc0b
8ad6493c
4ab88670
480fac98
d4aa22a2
50e4a7ec
4193901c
6396b0b9
f4d8e613
fede73ff
88bc04e2
48111cb8
b02a32e5
da6def6c
c793725c
35f6d891
f49a8d13
9e1e39f5
48b880f1
0811fc92
908a32e4
2a71b26c
e58390d8
74177c93
f4d7da19
d6d63bfd
c8bc86f0
0811edba
90a9b2ed
538ed3dd
e0a29c20
d87cae9d
049b3042
13b84dc0
c79af058
5f0a3552
2a625e1e
f307c18b
cd823c26
5218bead
c49b1cc6
73b86988
859af15a
0c3af8b8
c24acd0e
538fc1eb
cfd2dc2d
913cbc5d
c49038c6
59984d08
07aab958
5d0a2a7d
ea0a4e0e
72e6f9fa
c4701c32
20756691
489b3882
09ac2fe0
a7ba72da
79487963
8a6bca1c
bac28acf
cc231c32
426138b5
a08d48ea
79aa0dcc
a69b535a
b7767863
ea7a939e
f36fcbfa
fe795c30
c26c0845
a19118a0
d1bc3c08
87dabb4a
35782873
e328c3af
cb6efbca
b4789c72
c46866d3
80916caa
a1ac0eca
a65c9a88
5301796b
be7a8a9f
6a668fea
b460dc32
464cc4d7
87904e88
838d4ac8
8658bac8
51113963
a60f8f1f
eaeecfce
9668d8f2
006c60d5
c3901daa
a1ce6f6e
867d9aca
63512063
ae39891f
8d946445
2b5db3db
28ff6fca
f3a1d4fd
807956be
ad65717f
12c1835c
fd4d0a4a
2c3d76a9
2f35f2cb
0bfb037e
f4b0c5fd
a0695676
a879607f
1ac3800c
5d4db1ca
2c307441
4b3f9bca
1b3b2b7e
bbb9e5fd
806b74f7
b83302ee
18c3e6d0
dd5c7b5b
251f5695
6b0172cb
0a654bfe
e22378df
007b4435
2d8541df
128ff454
597d0a6b
993854e7
a915f9c1
1af32bd2
7832a1dd
94fb7632
a83140de
1893e444
5d7c58eb
edba5463
6d107ac0
3a6fab50
bbb3b47d
9e7f5676
7d11705e
1cb6bc30
9774fbfb
a41c5455
6f0560c3
226d8a32
bb2b50d6
10e964bd
eca5015f
188fe245
7ffc0e69
203c5437
a9154acb
a3692f3c
abba70ff
b4fba69d
cc3500de
1883765f
5de50ff9
2e9c5433
4d350ac9
a2292f3c
fbb1d5ff
50eb4215
4c33105b
1d8f225d
df755fd8
4ef958e5
29d17b1e
cfd74ce3
e4cae5cd
a92ffabf
80450cbe
37cdc490
13e5a222
7e791ae5
64d159d6
8ae62ad3
cfd275dd
b11eda35
2115843f
227fcbb2
53e7e4ac
1e1978e4
7465bb9f
d356dfce
161ad4cd
b5fcfa2f
81c79c2e
32edd54a
156764ba
4a1540e4
24213f9a
cd1bd8f3
ee513665
b54466fe
91c4c896
729b81ae
10a7b5ab
33d007ed
223d8716
9d9ab8f0
8e52ce4d
a78eea2e
e151dc14
72b483aa
90eafcba
391d03ac
d1071e1f
9103ffe9
261a8ecd
b537ff2f
89cafcb4
36bd4726
d0e6f49c
431368a0
62039f0d
dd9ffe23
f650cee9
b542c9ae
c964aba0
ce93476e
5507e2a9
4d0268a0
a707ed4d
fc9fff67
46108ac8
d562df2e
89c6eea2
c684d7c4
f5afe2aa
65936aa0
7067cd1f
d9dfdee7
06188ac8
3521cf2e
29cadaa4
d6b5c1d6
f5afe2aa
caae8fde
84f05860
44787495
e4c92d02
a9bc1fd0
8698bb79
49337c5b
0a5ad49c
dee6dfcf
84d05c70
c67c6097
e4c35882
19dc3f78
c639abd9
59296879
0a4b5e9c
da6ecfcf
84d0dc78
816c6415
e4d35ba2
3b8a2f48
c69da2f9
59392259
ea0b4c1f
caa6d7ce
8470c878
457c7481
aed92c00
99fe3fc0
87bdab69
5133491b
2a6ac59c
0626a7ee
84d39833
c5797475
ea820e80
abee5e46
c7bcafad
4a290f13
e05b4f8f
5aaec7ee
c0d2983a
61787edf
a4d34a81
9b4e3f6a
86fdaaad
4d29386b
621ac61f
0a66f7ea
a470d8bc
047274d9
24dc8c83
ab3c5fcb
c63d9249
430398fb
224aed9d
2b2ef7ce
c2f398b3
55587c93
2891ce43
834e7fc2
863dab8c
52202daa
621e9d1f
0b2fefef
80520cf2
417e7e9b
24932a43
8b0c3fea
967c8e8d
510908a0
e21a8c1f
cea9e944
c90cc7c1
f907f4b6
77721f16
cad6b7ea
5a1cff2d
5b1105e9
bec621d8
ce98cc47
c10e87cb
f846c677
5fc2bf56
6ace97d3
4b99b785
4d93d5a9
9ec671cc
6c98f806
e15c47c1
fc06d063
df4eff16
6a55a797
8e98a58d
491315ac
fcd63718
b5ac49f0
ca6eed49
7b05f144
5f207a21
6a87afde
4aa1bcbc
47130389
90c2339a
36584934
818681b9
db70d405
5e44bac6
6c5e37eb
a234e4a9
4751f781
90c7330b
c59a2010
81daa491
7a75c411
3e4c3ba3
48cd6e30
e6bcac39
491b671f
a0ceb618
8dfd71f8
846cbd42
5e0ad101
fb007209
daf6beee
c62d7eb5
478317a3
b683aa91
31fc7938
85a6add0
5808d421
4c0072a9
ba56caef
aea08fbd
4f0317a1
b28abf1b
711ff098
91c6ddd3
5d3cd463
6f6a1a89
7247aa63
2eac2da7
4b834527
b28bb21a
11028490
c61a7c55
bc88fad5
19f86e22
5626758e
f0224144
2614a95c
cc964be5
150e86da
100a7c3d
bf9cf875
10854a22
5206158a
70a448d4
f61e91d4
2e9f003d
e1c607fc
830be474
b1dffb5d
1c85f236
d687b5c2
f006409d
259cf9bc
5d178c5d
f9208351
4fdae254
729260f5
75b43b2e
469e5c35
1f3311e1
154cfcc4
efd4e170
d575a43a
c66bf70e
6a30ddce
682471ac
c6d75cf5
7622a1a8
274eba04
5fd68868
c1c0b4dc
818bb3b4
707bb3e8
3185d0be
46ae4e3a
6516c190
8380b865
7ce0c838
b39c1437
1b89229e
2220811a
fb265156
46db66b5
4c3bd552
110cf8c4
ece89b4a
71ac1516
1d89a7d6
6a3087bd
f9245196
64fa0255
4f23c5c2
1702ace4
d8e8985a
f3a815b3
199aa3de
6270b118
f92691da
46ea46fd
4d33d5ca
0146aa49
dde0994a
0bc6b7fc
131968ac
04ba7b90
a8b36279
55683a18
6e950c70
a777fc1a
200ea4e6
8b5603fc
3119ec3a
47981b0b
ac134879
7f401b11
6ea94ef0
a67c98b6
603ebe77
abc627fc
1319e838
07f97a81
b806436d
75c03039
ee950ad0
a665bc02
6049ace7
cb7ea7f6
17d968be
04f97a10
29310679
6ddd1e1a
ce1007f2
a87a6c7a
000fa626
8ad685fc
1519ee3e
24b01b21
ecf2d0fb
35d13e91
c5208172
80481e7c
03163616
bb7627ed
1585e4ba
24ff7c81
b806eae9
d6c63fff
a7a10672
f07cfcd4
621db667
8be7b7ec
1393e43c
04965890
2db8c261
7fdebc7e
8e390f70
3af32cda
2007a5e5
9beeb7e4
f593e02e
63fb1981
b89ac2e9
6edebcf1
0c3105f2
28792ef2
1107aee7
ebefb7ec
35d9c43c
05e45891
a082fa61
079caf7d
6cb90e74
f27cbeb2
b10da6a5
06438d68
04d92ee1
8fd87a91
7de72814
3c169b13
028107e9
e7f5fef8
20a22563
86570c78
84cae8f0
8df05803
7de32914
3d069213
da050581
e5f5fad8
24bab5a3
86cb950c
85d9346a
8d915a13
5dcf6b05
1d86bc13
f2014691
e6f5bed0
206214e3
0cc3a668
c4d5eee5
87d619f5
7dff800d
3d16b61b
36010769
75f5fed0
202fa575
8461b674
c6d3a2ff
9594dc13
15eee90c
3516bd53
d2010771
7dfffe92
202b24b2
e4c7332c
c1c63269
a5b45b21
5ce1e9c5
1116bcf1
92810e31
e5ff2eea
21cab417
89efbe65
c357626f
04c49c91
7dadac05
3f0cb577
36a50761
f4ff3ed8
298f7564
a1773e67
83d6a667
25b318b3
1de58405
141d9473
308106a1
b4fd6ed8
2587247a
a5e7be65
c3d732ec
a4b118b1
3de5a005
0654b473
36800f61
b4fd3e72
31c72026
fe299d59
c0c60c5c
e15dd4f4
e5aa3802
ea978fc9
fe99abff
4948ea91
aafc01c6
5e8d9d5f
8dc25d49
a51dc454
fdcb380c
4a07978a
3e9cabbf
49c392b3
60f44146
d60d9553
c1c25569
ee5d1417
7def3804
ca0485cb
1e9dfb0f
490a3299
60fe145c
ffaf9d5f
d1cb5e6e
655577b4
fde6382a
5cf7afc9
deb94f93
5db49ab3
aae98446
de2dacb6
43861c6e
c7d5bd5a
dca3588a
6c75acc8
b6335ca9
5d9113bb
a89000c9
d72e952d
83c21d1c
ee059477
6ce278a3
6c078d4a
0ba3deab
450bf4b3
a0c1809d
b2eb856f
c4d65c7e
665451fb
f4ed7902
dcc58fc9
0ebbcfe9
596cde23
08890554
f60b0d39
95d3541e
64d0b1b5
fcac5182
78c42ecb
47a30c81
4d2c8a09
200b01c4
d62b953d
95d2147e
6d545455
f4a259a2
58972ec8
87929db7
496ede81
62e0071d
05038259
88576875
a1d50ae6
70ff8cd6
1c3e7804
a106934b
2d4e9ad0
89db626c
05838231
82836a77
a9d42be6
49af64b6
3d16d581
4503d34b
2dde80f4
433a426d
e4c09309
a6077334
a2972aa0
7cef2476
9c1a44d1
901693cf
75cd38f4
413a5265
0dc3324d
b8072047
a3f74eb7
7cd54dd4
ad9df119
3a14c35d
25df8818
03e54266
0f028177
d8177266
f3f70ae4
d6dd8dd6
3981803b
7c0589cb
f5cef834
47cd56ec
a6c03707
99177230
a2ff0a84
79dd8cd6
3999e179
1b97934d
75efa894
456d7664
ef659277
e9483054
27f086be
b1dd8d55
af9d7169
220115e9
e57fec78
11d46f27
f7619d77
e3d03250
e6b21392
3bc4d5c4
ae9d447f
038116e9
365fbe5a
30fcbc0e
e7251765
e7983264
26b00c9a
91dd8756
8a8dc4df
028512d9
75ffac68
134c5dae
430705f8
c5d36cb8
85d87ab1
e08371e3
1dfcfd38
86292af0
867fbeda
081605a7
db078fa0
15416cbc
87f13899
c0834387
55fffc6a
8e013a4a
a77dec5a
2817057f
d3c785f0
87d12c3d
c7b13a1c
608741e7
7dcbdc3b
ce821af8
a73cb4f8
611604a7
b3cb35d1
d1c27cbe
c3edfcfb
e89e34e6
4de9c9b7
8dab7efa
066eae5a
097f0d0f
2b273191
d7533e9f
e6e11c6f
f08a7cef
fdc98fff
caa71e6b
af7e6c56
315db10e
73c3a7b0
d3c27428
a7b516bd
60a211a2
1dccbe3c
cf8e1be0
f77cacca
611f5146
3b8bb3a1
61433ca6
c6dd7aeb
f09720e7
0decebb7
8fcf8af8
96feae5a
0944f517
3b8be7c0
c5423c3d
e7e532db
b09f30cf
aefd8dae
cfca808a
d6ececd6
3c2cdf1f
33afc7e0
a5c31c26
27b52ef5
909615cf
39dc9e09
cfcb91a3
f67cbcda
7124f06e
131f56f9
505868b0
17abba2e
88f34e36
52b83212
73ee6e80
f2a694ca
2073ba78
927d63f1
9a18a0a4
37a388ac
9bb33e2f
52bb2753
d26eceb0
70b59dca
6130b2f9
9bfd43ad
12142090
1feaf2a9
982bebaf
928cf719
704bdbb2
30bc99a2
2097b850
1c1d4cd9
78903db4
8fdbea6c
b2c3af37
f3ea3211
19cb86b6
678ed0d8
24b62cd1
1cbd6dd8
280fb430
46fff76a
bedbec19
97ca521b
c8c984fd
6087e0fa
0db02cd1
bc7d05d4
34823400
2dfe54a8
b0a1e83f
9b9c9a1b
d8cdce1e
f22df01a
40d32cf1
d9d384c8
30907724
4f9b769a
14dea229
df06b052
998d4ea4
e42bac1a
2486b573
98b195c0
34823f30
45baf61b
30deaa0c
da56945a
f1cc1eb4
6c2fdc08
208a3551
f8f19598
36c3a73c
4cab469b
34c6a82c
9a06975a
a8c99eb4
ec2dcc12
248ab470
2d129b47
fde4d16f
90c70e3d
16d5cdf2
81295084
7012b14f
1dc98933
cb3b4e38
9c52bdcf
e8a49143
92c10e55
46d2c5f2
a1bb658c
5933ba4f
79684871
cb09ca98
6cb4ed4a
ef04f34f
d2e20efe
00d3c5f0
b10b41e4
597371cf
79e8ca59
5f095b3a
2c071287
eda2d029
02e4061b
02f5e5d6
318c5300
dcfbd85d
366f4845
6971dc78
8cde8cdf
68f8909e
a6a4023a
8ab141dc
21b4f504
9ee71998
35b48c4b
6a334cf5
ab4e4ae7
aabc4bee
a6fe0bae
0c9345d7
a1a8528d
d303eb5a
71edaedb
0b784de8
290e06a7
5fbd48eb
2735069b
a9a741d6
1139e319
58f5005a
344e3875
6f795c5e
280c0ea7
5ef548ba
267317ba
a823615e
17a8f699
5c570a1a
30ce2cb5
6f781858
aaa847b7
5a9d4aac
233803be
b9a37156
116ad29d
5d3350de
31ecae3d
097845c8
f5c38018
88425dca
b955ce67
65a89892
8c86deaf
9d17c16d
408895d9
47f201ef
b126aa3a
808b2dad
ea5b5b36
d4c656b1
55b4bf2a
be0c4521
5008f653
e66e11e5
3186a075
a2ab7aad
b9df6a71
1ec61624
559c368b
e32a4cdb
510b5fc5
220675e5
d461800b
ed56915c
b9178c77
06ac3893
889cddaf
5937d18d
99899d38
dbc640fd
f7e19b0b
e147572c
b906cf57
7ce86c93
9e0c3de3
8d1283ad
59a817ba
0a8e513d
f5a08b6a
c9a2d36d
a8572259
76eb54b2
488ee563
c9124aeb
c59a1f95
934f596d
7701b087
e9627354
3360ad9d
737635d7
88dd6ce4
49b6d11a
150f9f48
5afcd23a
d725b307
c9327344
3362ac3d
53dc31d6
88dd0ce7
4b37d59b
1d0b4e48
dad4dc5f
d704b043
af12f244
7220ac58
73d733d6
88db4de6
cb36d54f
1d1f4f58
dac6d83e
a5251217
0b4f30d7
b1ec290b
3bad91f6
acad5525
6bb38149
304ea838
d91cfa7e
a1c702b7
8b133037
a2ed2b16
3fb900f2
a42914e6
d3e3516b
91482a48
7b18fe6e
87613239
8f1f72bf
a2e00b88
7bbda1f1
842aceb6
430793eb
31ceee09
1f79ebf5
b5b983b1
3b6ff1d7
aba409a1
302f71fc
14ad675c
d2b5015f
24dc3c54
db17ee7f
a10793b3
3d13e306
03c131b4
3e3f5214
b88986fe
7307492a
05c85e22
1976a95d
87e51271
eb0332be
f3a51b9e
f43d61f1
143982dc
41a30b6f
21981e1c
135eef5d
25a90331
6f0f62c7
a3fc2126
cb6dd1f6
14a9c035
598301da
34defc54
5bf5466e
21a99037
49113107
a2a923a0
522f717c
1499b0b5
7123459b
35ce666d
5b56434d
87e91273
4d0932c7
e3b93b2e
bba915f4
94b9c0fd
4303010b
b1ce2e6c
5154c76c
218606b8
5789e2aa
669a5929
f927432d
64fb4037
38255ef0
a7553e76
74b9a967
211603b0
5759e2a1
4c9a5b89
db27430d
4ce3425e
32e15852
a674a9a6
543da1f3
a15735b8
3579eaa8
05bb5926
bd04030d
e4e2503f
fe81cfa2
26d5ad06
5581a8f3
20179e64
57dba21a
a59b59b0
f9abeb45
6429c37f
5fe582e0
3435fe74
3595a566
005327d8
0588a28f
a5fa508b
fd21c34d
66e6e437
3e258430
20d4bf46
1d03b5e3
60c627b4
4199a23b
37db5fb7
bd0bc345
444cb437
3c01cb34
2674bafa
3504ade0
21d6bfe5
5bdfa258
a5be5db9
c92fea4d
544d8577
4c2116f2
3df56ebc
1d0c3c46
61e53f7d
5797a249
85f85191
bd0fe245
444ff47f
4c0507e2
2ffdaeba
100629e7
e1663775
57d5e26f
25b819b1
3d019345
645cfc7f
6d8516e0
a47dac1a
31042dec
ac049251
e9c5b0da
a077049c
f1cd7dd7
845f5cb7
ee91377f
4545a868
b5fd3842
6c063659
a181365b
a0772e08
5b9d3e57
0c4746ec
ae8197cb
85c79810
25ec7bca
7c84d469
8d9232db
a6336c18
f1f1b7d3
284744fc
cea197e3
4d0faa78
75fc6bce
c44d0475
814574c9
b271709c
ebac18d6
86f77ed6
ea979133
4b47cc50
1ddf4acb
058c1275
85f52ad7
a2743c10
78f568d2
00c636c2
a2ed92b6
295f9850
8dd60a4e
618cd2d9
8b8238dc
3539fc9b
79957212
2457eeb6
ce318be2
4243ea38
35fe1acb
259d6551
835548d9
ec73701c
f3a4789b
b267fed6
4687ff37
4ba3d4d0
bded698a
6591ec50
8b5400d9
ec737e3e
6b261892
22476e96
66a1deb7
4e83d561
bdec298a
258cd445
8bd634c9
657df410
fbb33512
32472af2
46a1aa27
4a839e70
bde6288b
5c954ce0
20817b1c
5f97e6f9
34128658
8b864218
918edcb5
640ec3f8
a08625e1
3c1108d1
2083fb1c
169bb6d8
3493ce6e
9557d81a
dd88ceb4
64049d10
64b63be7
3ad11378
2083f002
15dbf6ed
745fee6e
b306d439
5088de34
262c8992
44b73eb1
dcf14ce8
9083631c
5c1bf4e9
76538662
eab6381a
91eacc35
64349592
80c6b0e5
dc5a18f8
28832717
1c1db6bb
729b868e
af5ea094
c328e221
fa20cb12
e09637fb
f8511bb8
2883371f
5cdff6ad
345eee4a
8b04b459
aba8c434
20bc8992
049ff475
59db0868
b012b30c
5c977e8d
54d28e08
dbd6978a
9928deb5
60b08732
60a7a4e9
f1090878
3003b35f
dc97d68b
75538e80
bb57e516
a9aada31
f2b48d22
0497e569
79d109a8
3403b51e
5c9fe6a5
344efe48
9b06f612
a8aadc31
e2b08992
4486e466
290627b9
1759a8ae
24fe3b1d
a825c2ed
44e9503c
2ce518e2
a05eaa6e
d138fa27
bbc637b5
1e79a8aa
26a03ab4
a82830e4
65e16278
e0a50a72
a2dabede
7120ab6f
ebc637b4
3319eaa8
63ba3ba0
a9290069
05ea58fc
e8214be2
a254ba6e
7138bf6f
3b16a6a5
121930ae
26aa3b29
ab244075
25c95334
6ce408f2
aa7f4b7e
e93cf82e
e356a5b5
23786abc
2fea7a92
a82b4055
25c99356
4ec14bc2
a2fc92fe
71313c66
abc63db1
373928ac
23ba3ba4
b93580ef
e5d0517e
6c000be2
906ea356
717938ae
0316b7a5
1b1f7098
27f83bba
a91444d7
47cc703d
fce708e2
907ddefa
31743846
8b963795
7b1d228c
26ba1391
a9ab6065
06dc713e
5ee30c72
b85e92da
1b60a84e
ab8637d1
7b1962ac
22ba3b92
f93f806f
47dc71bf
4c250a5a
982ef7fe
d17828ee
bb06d5b1
b0826c34
f01cb678
a09270ee
d3c06f89
dffad892
1268fa4a
e9565b86
5a16e7e1
34a36d04
51f9bcd9
e09ed0ca
dfe04f89
dffadcf2
9468b963
a15215c0
7b86e5ff
70c1ad0c
d50eb6fb
a0b6704a
d7f84f09
d7fee8d6
1228ab42
a91a0594
db82f439
c5826ca6
9218a779
709ab98a
9fe2ef88
cdfade02
8468a8e2
ed288f10
bb868f99
b3a72d06
54fbacfd
1097b5da
7ff2cfc0
9dfe9c9e
9ea8b945
e4011582
79a2cfc8
32c53d24
d05ba6fa
40b731ca
d1f0c788
df7acc16
3628fcde
e5080d46
b3824429
90806dae
d3dda6d8
5596952a
8bb0c380
9bbadf12
b468f823
ed08d956
fb8346e9
76cb3d36
57ddeef9
501f31ea
d9b2cf88
dbbedc8a
856ee84a
6c23d056
3323c7e9
34c32d0e
c0dba6dd
409335ca
b8f06798
dbfedd86
b56ce89a
6c2e5056
de17d2e8
e0d03900
d6e1aecf
30d3e47a
898c7a95
818cb47f
c00a9bf0
d07f6219
9e3dc869
e590b014
14a18e7f
f0f395e9
a98e79e4
83bc3c7f
8848a7f8
b9377114
1eb1d041
2410d910
9963aeff
7053fcfb
8b0e57dc
c1bbbaaf
8a0ae698
cd267819
1a1759c8
b5117912
4889c65b
301e6ceb
89747298
a36abc37
4242f2c8
a076a211
1e14488c
a480f992
4ab0a64a
2018d7fb
83bd7e1c
c9bff8ea
0a41b2f8
8536bb0f
1a9458c0
3414f812
5aa2ee4a
3091feeb
834a663c
8b2efcfe
4acdf6d4
cde7ab93
8997d8e8
b0002116
501ba688
319684ca
83c27280
a87ed81f
02c8f000
e462a278
991768e8
a000b804
40b9f608
3192c4cb
a37a5204
e86ac893
2049f0a0
c522aa91
1815d088
b632b09f
50d3e6d9
309af46b
93677708
a87bccba
20889882
c487fa71
a9d6aeec
3719e0be
449a3ab9
a214e66b
57d80139
14611ef0
a6f16d1e
6017bda3
a9463eac
723da89c
56d23a11
a210c68b
07eb4af8
4a6c1ed0
207da35e
250229a0
8b766cec
307de89a
45b24b91
a232c64b
37e8527c
e06c0c70
a041f312
240a2da0
a9c6e66a
37ffc9b6
46240c13
a0570659
17ca3139
d464ca51
b0f96b1c
a31f6de5
a9faf686
26fd02de
4b831697
2a528493
a78f20a9
916c1f10
b04f6e1c
bf136867
8bf26efc
68fccadf
cc820e93
9272c659
97de10b9
904c0560
a469b734
311621d6
0972f66e
61dfdeaf
84c33ec5
02503ed1
07e894b5
d426e570
b2b7bf1c
b71768e4
89f2ef6f
23f4c2cf
8413d6d5
77706e83
2fdeb4b5
d028a7b1
a0396f34
e51678ab
29f4fe2c
20bc88eb
91956ed0
3b7be655
47af90b1
186ce354
ace9775c
fd166d62
8283038a
025aebfd
c09a38cc
583728f0
5d14b10c
95160149
a39c1bd4
6e020539
8383451e
064a28af
ccbc3acd
f096e852
e7a59c23
891f2350
32245a34
ee42073f
c0034700
050f30be
b8f23bf1
99cda6b7
5917a523
b1934345
32accf93
9c02143f
00c2b287
83dee305
f18269e5
16b59164
c59cd125
d55241b9
25bc4fbc
ce8237f5
00502217
695ee72f
e3b6ed27
14fcef2d
5d84f161
69174b2d
b5dc4996
5c9926e0
c1e12318
af1eb24f
b2860db5
1fe5e5f5
7837f5e8
21566bb4
b5d5db60
179b246c
23611307
ab6fb344
bfa0c984
4aa587f4
049d4175
112655c1
34bf5d7c
5ad0e672
c1611327
bb76b314
bba0c9a4
0ba4a5b4
16bf4175
33225318
b5fe4f69
72f0f57a
a7643323
ab2eb304
b2a0ad88
1be5a7f5
4cb92575
33065f98
b5bf5548
12e8d478
e43138c7
e96455cf
8065041f
77e81cd6
9817e5f6
cb1db13d
d90b5639
8fdb539a
8613501b
ec0419ed
ca750c14
7753bdc2
981fa7b6
0b3b310f
d9ab1439
cec75a99
2c11fa0a
cc1619e9
e83f4536
7ff9bdc2
094fc6b7
8aba230f
c90b0679
9edb5a1a
a4977887
a62f00ed
81644896
0fec1dc6
095be1e6
2ebd311d
dbcb56c9
efcecb1a
a0190803
bef37029
90756a54
3fdb39c0
0928d6b3
9a7d750f
8b4b94eb
6cdc939a
e49f7803
ed3018f8
80734a1e
7fd33dc7
997a8594
8a92019d
091b169b
e8cfda9a
249f7947
ab241061
22760810
2fec6dd7
03abcc85
2a31351d
70c192cd
eedb5b1a
a01dbc46
aa364861
c2510a10
4fb76cc6
81abfcdc
b8314419
23d936af
7bc35bb0
251f782f
ae367869
c2362b1c
1fb525d3
a1bb94c2
c431a30d
09c3024d
5be1cab8
e5628d3e
c76f916f
02700ba1
459c01b0
ad3fa96c
fc3753da
ad7d2e35
938815a6
65c2ef32
cfefd9ba
13545de7
c71485b2
2c7b8829
ae2702ca
7dfd2435
df4dc5ae
e44aed2b
e9cfd96e
635006b3
47cc45d3
60b92825
3e3762c8
3d7b1a5d
d32cd7ae
6562be22
d37ed8eb
b2c12914
55bf41c5
2489cde5
343111e9
2dbd3db5
ff2c4324
e7e1ada3
be64c1e6
7b243170
47a103d7
04fbe821
34371984
35f04ce5
fb1c863c
e36abe6b
ab0ddab6
a2e02b90
85d565d5
3ca8ec65
765203c8
3179656d
fb3cdf2e
2960ab37
eb7c52e3
23e52844
0fed25d7
25896141
7e7381dc
b1583fdd
db79562c
06e5a337
cf75c2eb
33a51966
0fe901f5
0da97041
5e7601d8
3159366d
db7147ec
4fe2af77
cb3c4a66
23a509e2
8fe507d5
25a86145
7211015c
b1587aed
5b7157ec
b7a6d33b
88f61c75
886dad17
0ac73da2
89bcada0
c7cbbb4b
dd5b3ae3
4b7ecb1c
f70acb4f
81e61d65
b06d6835
83cf0d80
b9b0acc1
c71eb16b
55f90ae3
cb57db1c
f52fdb0f
85e45c65
88642817
45dd1c86
b9ac8dc2
87beb9c9
dd784af1
cb1bcf14
0b1ae123
8c6150f3
eeebef52
988365e3
01e12080
77cbbb1f
7ecf82e3
7b77ab19
3b34014b
84a95cb1
f24bdfeb
9385e50b
b3e84b89
d6999acb
75055a43
eff0fe1f
918fa96e
96a51ba3
a26cfe48
ccfb04c6
b9ab0e81
c7b8b99b
179d4ae3
4e35cf17
1e16c033
a42838a3
84e867b6
92864dea
83202208
b2c93a1f
664fd2c3
6ef1da1b
199e9293
ae6878b3
ad486713
0aca4d8a
13f9678a
b7cdba8f
764f32ca
6e50ca19
1a8ac1a3
aee13ce3
832d3e72
80bb0506
2bf80f8b
87c9b89e
174c6acb
0e51cf9f
74879d5e
a9e05fbe
55f9d787
ee8d9d98
1f6bbd75
ad3d71eb
ed306b6b
363e1986
5e99e8f7
25261c78
25b1e78b
eea08118
c26be97d
2c65786f
8a271769
74de88c2
7f3f98c3
a1d75f68
de11848e
c2b02999
aa62e13d
09653aef
ee1b32c9
76f598c7
b74fdddf
c0f00c71
05583a91
cc4b6082
15aaafc1
6fad7a5b
ff726873
031b5896
5e8fdf56
44c41c65
80707a0d
e8c22083
539b4e10
ee297a5b
e878587b
ea121094
1bcfcde0
70c05d64
8f3490b7
c0b01803
33bb8d1c
0a29785d
ef72207b
221f0084
19e20fea
d4f00c39
479419d1
444b690a
bdacab40
97f9aac8
f9782a93
0b2344b5
14478fae
54d05c29
872518d7
04c328a2
bba8ff08
f6fc8b53
f97e38f3
296745b4
124bcffc
54c14c3d
85f510d7
04834986
1b98df08
d748c011
e97cbcb3
232b05b4
e1602793
1fefa695
28249111
cb2e6234
46f96745
17725d82
38da6ec7
d739d743
83f84593
1bff4394
606901d7
4b2a21b6
66e94754
676a41c2
e1d874af
f738c251
e1181b97
dfff6b92
634da3d4
4bae30b6
ce7a2334
7162c1ea
315a26bd
d7709341
e9b00897
1f6fe09e
2a208372
eb3a25b4
62fb43d8
5566edc2
22ce8c8d
d77142c2
7eb85fd6
3d7c32b6
48702a42
e158a1f5
eee92188
7566b2cb
20c3218c
f7621380
da54db56
eb3411e0
605922de
e537f5fb
aa1140ac
19c392da
294a149d
d311db50
6d301baf
19fdb095
ea8a8650
82bfe456
41ab6018
915390ca
226b983f
52305742
ed04938a
b038d8a5
cb9022b8
a1d565c1
62096509
91d592c9
29cb6a36
7b38db04
5f659fc3
a7307020
22980698
01bd24c7
e08875ac
9857914b
296a70cb
da52cf54
ece2b95f
e4f4cac8
686444c2
cfcb2892
a54e76fd
ae1ca76f
49012239
ab498346
ac62bb5f
eff4c3e8
657404c2
0fcada56
c25e6675
ac39a74f
49036099
8bc8d21e
4c70fb43
edd408e8
622c0c66
e7cbb092
e2483bc4
8a3da7ef
494332f9
8bd8cb0c
a8ebbfc7
c074c8ef
08544d83
ef5b8982
09ec7bdd
f698e76f
583100bb
12488f9e
2aeb8ecf
857d08c0
43452403
065b6e06
3b78fe66
e4ededf9
6b11149b
7a4a8f8c
2af2eb4f
c9bcc0ca
4f2644e5
e7ca6917
aa4e7aee
167fb24f
4b0222c9
8a48d69c
28e6bddb
d6b4c87b
42a31853
0efb2f03
e1ee0bcb
d699235e
68126199
0a5315bd
eafebf4f
c7fc48fa
45901833
6edb0403
23dc5b43
44fd03da
795f3c3b
0a780f94
aa7f8d4f
ce9c48fa
8d600c53
5ec24887
9b4f3a45
947d915e
69537239
0a48178d
0edf6a82
7e6d5bf7
d1cbeb4a
1a71ee75
1108903e
754411a4
f6b5018f
7657ee29
c67f7e0d
ba6d7bd7
939afd68
3a70ce75
b529afa6
7147119d
f6951305
3203fee9
877f2e0c
832dbfd3
9bcffb23
1a60ee71
b12bb5e7
f1c7428d
fe9515a7
9e07ec38
46fd5f62
aa7f9ff1
9d8ac9d0
1af5ee71
b318b03e
514033cc
efb5011d
b31a5ca9
46b95e5a
aa653ff5
928f99b0
3a6baef4
b317b114
3070330c
1b9510fc
b35bd0e9
c4375c0a
882d39d1
9acfdd63
3b24ae70
132bf1b6
30f13309
d4bd1375
b71bc861
ecdcfc10
2eec87e1
9cc38344
0a698cf4
03509518
1164a70d
f7b713d5
f71351e0
ecbc1a17
aee49b6b
b2c28b2e
1b6247d4
33239185
15e4761d
349f335d
7f5350c8
ec7e5e16
8efcc9e3
bac78f22
0e618f70
3723e1e1
30e02319
749f4375
3f1240e8
46cd6b2a
762e5f54
5988ff2b
2278ae69
9320e96e
53a69aa5
feb7412d
7296ffa9
82cd7b08
b62f5744
1b88a964
364d8e71
1301f98e
7bc2d2b5
ec171d0d
b2f6b62c
f75d2a08
b22e5554
19abf9e9
267cae7d
1129e1e2
73c27b31
e69515a7
f29fe7ac
17087308
362ff71d
7992a359
164547e9
a3a2d987
7f729b05
efb7114d
f0f2d254
3ac17d28
0ecbbf59
79139f46
270405a4
aba37da6
7eb6d407
ef169569
309a9682
b6403c28
932f9b45
d893ebeb
162daf62
63b3eda2
73b6db91
eeb551c5
f9be924a
fd417328
ecabd5cd
3913a24f
014c71db
c1b05901
7bf2ba95
d59752ed
f3dadac2
3d5b7238
0ea3bf8f
72310349
9266f1c7
80815585
bcf2f11b
8946687d
f972d00a
fe0a3428
94adbfd5
78159382
0335c543
a5b945a0
5bb0e698
80df6dcd
3bda9983
83a2c710
a3ff72e5
95d5a899
51dd3dd6
6c5675d2
e01a19c0
6474a9cd
e00e52c5
cf219550
275f77a4
14f7ba99
788d8856
4f5755d6
c81acbe8
203df578
a48a784b
c326a5d1
b3c96fe4
9675b838
51c54076
da3255f2
daac4f50
623071f1
e00eddc1
a768141b
92bec631
f4448031
0f261982
5061bf65
ff7afbb5
2f70bc65
c79a34c5
87000812
57ee478f
f6078d35
0524d9ca
7771c5ee
e9da5530
fff06345
d611a481
e32a98f7
7ae80dad
e4058535
41e25882
7f712fc0
357ee893
edf07f6f
479c87c0
bdee5493
98ec8eb3
ee080354
0f2619a2
4a608f80
b7dbff07
ef42316f
6ff0d590
f7681492
1ae4cdf3
e2488375
472613aa
21718f88
97da770f
fdfe1a4f
cfd85113
a58a4097
1efc0df3
cc689154
4f2231a6
6e73ae80
175a7d8f
d5f2664f
6fd6d112
23ce7296
5aab8e37
f3a95926
0b207b2c
5651cf63
3ff63e90
a7765b6f
76914e7e
33ce72b3
5629ae27
f28d9924
8f806b4e
5561cf41
37e22c12
e75e6d4f
979d5fe2
834e20b2
526f8c77
520cd981
8b20034c
546ca90a
b5467914
b6d4134f
92f18bee
3aecf3b6
5e2a673c
a99c7563
0ca46a64
5649c967
26cc9a93
647938bf
47383a6f
326edbf7
5f7b0766
f799d023
8c3d4b6c
5fc949cf
84ca9256
e67eb977
1f6348ef
f3ee83b6
16cbcf65
1bcdf9e8
87289b64
94a1fdeb
37c2df54
96451b0f
b39889ef
d3e8cb2c
546b9f46
5d98f163
84685a2c
5e02a9ef
56cc9aa0
5d3569bf
5398bcc7
daeadbbc
11538756
5d9cd163
c42a5a28
5d83a9eb
65ce9e63
65b615db
5323a7e7
d2622bfc
567b8d17
4d9cf163
c7785b20
7ca2eaab
27cedaf0
e0b54d87
b1ab96c5
f36ba97b
c5fe8755
abe479b6
5d672910
248c994c
fe738b49
fd542e39
0bb4c0f7
d34cbb7e
95ca8364
aae47813
5d666900
14bca842
d2172313
fdd05c03
0aa086a2
d148bb7e
cdca1265
a6a14827
5fe76916
3e8eb8c3
d2140b13
fd763ce9
6aa0d576
f1eb832b
ceda04f1
a3a018b5
d9662310
54acad64
7bb7f323
75707c29
9b882d17
518b013b
dfca36e8
a5305165
59670e84
1ea88c7b
37b5ab35
75453ce9
0a7d3707
c1c99136
9b4b326d
afb84131
5def4b94
7e9c9aa3
f29401b5
b5517c9b
02e415e6
71eb276b
cfde0241
a7b01db7
d5e67f04
4e9cad43
33b3bfa9
ef7c3e38
0b8c2517
d14b3b62
c7567af5
a4a05d37
dbef3b94
0e9c9c77
33b1b7b9
69f53e28
1b872736
50cb3127
c14fb2f5
a5a01994
5fef0b14
349cbc53
3790b1b9
77743e8a
028a2706
12156308
3603f90c
989bfec8
3055a679
9130f097
f9e09064
2617d328
f00e7e79
99d56388
3e03fb04
9b9bfee9
b05d8e79
b310d196
79a0d0e4
e80fd308
b54b7e2d
9f950688
32037911
1b9bfec9
b21cae78
a331f1bc
f987dae4
769d9b74
f00b6c69
e71d7a68
e602711f
f89ba74c
3cc4416a
b3d37006
5dac8180
89b79168
75da5b70
1f091d18
aea2bf39
ba43df21
57cda1e2
3bf29504
fcae237a
c884f1d6
35d2dfe5
e3dd7898
4623b941
f885eee9
17f4ed78
23e7a500
f9aca3d3
a899c9e8
b5ba4f7c
edc9d3be
affaecb2
be60828d
8f8ce1eb
8bd6d424
13fe3549
489d3061
f35a9f72
e879c15e
bff43141
f26202ad
9ba761e3
89d9a408
17f82a59
40ec3142
b1dacd36
cff988c8
bfd8fd53
fa2202b2
d7f7f15a
0bdb20e4
13b73359
49db6971
37d2cc72
9f1d6488
72005fa9
514ad64d
a6047fe9
9170edab
cbaabaa5
cb93934b
fc0b5a1a
9f86e648
51225d8a
d14afee9
a230bfca
33e9e5aa
caaafa34
ce91db2b
f82bdb9a
7ebf6488
52269dde
d92ef64b
a3309f6a
a1e9c7aa
4febb834
d691d32d
b82b5b9a
ef14fc88
2622cf3f
d279ae8d
f088f5eb
b150edab
0caefa11
d68393cd
fc425a9a
fd03f8cb
a75e193f
92d96789
e05cbdca
a3d1f908
caaafa00
829b8ac9
de4b4c9a
0f0670c8
40563d8f
d05ce6c9
a3307f48
e363cfa8
adabfab1
c2839b49
ec02cc5a
cf97f0a5
e4203cfe
727b7ecd
b1c875eb
a3f3feaa
4c82baaf
c0c7d1e5
fd4dca1a
df97f2cd
4e107dae
727d7b09
b3c875f9
b9fa6f2c
4da8dba3
c0cbb7fc
5d56dbda
3f3ff081
4a12bdcb
125c6e2a
b31c354b
89e34fae
4dab798b
c0cbdbfc
fd67585b
081e4e68
529da2a9
449219b1
cb66ab4d
7770b311
1c696612
36d7eb7e
0518d501
0c3b4ecc
22dcaabb
463a3335
9c3ea719
37c2aa19
bcfd5412
b4d1a372
4588d9d2
881f6eb7
70cdc8bb
05a21f35
9e2ac20f
57eaaa11
bc7d7c96
e4f5af36
651a89d2
88965e6e
06f0aa3f
c4aa1393
0b628b4f
77d80201
1c695250
a6dfb2be
2f02c876
89d05ed6
02d482bf
c4321287
a5700623
27debb19
acdb5b50
a48df1be
0d20cd2e
891b5eaf
02d68cbb
c4301e93
3c2826cf
27eab001
bc5d0440
a41da876
6fa20582
29d6beff
12d50c3f
849e1e91
23a20649
65c69211
8c7d0762
a6cff416
2d27486b
09d6feff
30948e2f
040a12b1
2837124b
67ded311
0c7d14a2
a6c8f81e
0de000a9
29565eee
36d68e7f
c4121239
352a904f
47569a51
ac7d0622
b449eeb6
6d664cfa
20fa3c5f
12bceeeb
8f2b2132
5b6f2e02
79e0b611
d17d6707
fae2a0bf
2b380541
209c067f
1aec68eb
8f391b32
5b63aa73
7fe81691
90796613
f8e3b2bf
23a21141
00184f5f
1efc6ce2
8d2d0312
596f6a24
7f8096d1
905d251b
e9e3e2b1
69925151
54720d9a
14c4f4ab
cdc420d2
65a60e78
61338110
b155475d
6164b63d
caa71c11
585205bf
1cd626fb
2c060452
0cad22a8
0d031659
f2fd385c
3372b6b5
0b2715b9
70d2173e
0ad8eebb
8d230479
1c03a2ab
29139371
b1194491
3b60fa97
48e715f5
5714348a
6714e26d
4acc6855
00ac16ad
e166a672
e1435800
b50bb27d
48d74cf3
95567592
6416a664
46cc4c04
809e36a5
b976befe
eb1d698c
344aba5d
c8c7403a
f5d43d72
6756e620
ec5a2810
51d5a0ed
01477772
e8004d81
b41d32ff
ccc7143a
fce8ef57
a0545150
6864f4d4
5fd92c12
8a8e1aed
171cb14d
48014431
b2fe32fc
0cecaf5e
8cd25240
6a66dcf6
1feb3e14
9a1e3744
411ca31d
49220419
0afe601f
6e70af5d
8e161250
786ed4f6
7753be90
6a8633e7
0a39a7cd
49130021
daf86219
ddece8cf
00ac5a40
3821ddd4
7ed1ea12
ca8e384d
5150a11d
48114409
b2df479c
c7fc2a0e
9c8bd2e6
ae66c8f4
3ec3ef07
0a1f3c66
7138a09d
79050501
a6d69894
6f74ad1f
8d3a5093
294ec89f
6c40e813
ea0c75c2
7a78a20f
49136521
92da202a
db691c4e
d3e4d0d0
f0248575
7ed88a13
eace7ecf
003cd50c
6811d581
82dea190
5971bc0e
d1be8645
393499bd
66f6c812
c2ce7bc5
313ea09d
49140521
c2de9119
d8f59c1e
d91685d1
7d07c03d
6ee6ca13
dace4fc1
103a201d
490245a9
dadb891b
d6692224
6d56f750
f3d3e9af
5ef4d595
b897c876
4303c9a9
b59d4de4
d0e5eef3
17e93224
cb46f755
73c3dd05
f6f46dd5
b81fc976
430299b1
979d5d46
d0e5ecb3
96e93028
e112f755
73c3c145
57fc4795
b81fb93e
4b06dbb5
949f1540
12e7e4ff
bb4de104
b059e7d4
5d63bf21
d670fb24
b8c57c7e
57a8fe30
cfb54964
119bf3a3
6304e868
a34b6755
fd2adb89
da76bf31
f8594c3e
16ecf774
de31134f
519a738a
c3833021
b35bf754
1cadfdad
da561b00
fde4883e
1fa1ae34
96b5034a
91dba702
398bcb18
94894de3
fc7e162e
a66b7904
3bc42e8a
02c9b33c
cb7428b0
250b3283
388fc878
148d69f2
6c7e1e26
f6237b8a
fbd0b898
b2fd7b16
caf498ef
051ae387
308b4878
1cc9edd7
8c7c5567
ef023982
1cd18a8d
bfadf835
ce74cc1e
273be385
23f93213
0faf2344
f9a9e92c
1f6d9b14
56b1c067
79a6dd84
b13c5d8c
d6b95371
83413214
0f2f2345
79bee98c
1dedb815
d6a0e077
71a2dd20
349c1d2c
53f879f7
83493b12
5f0eb355
3ad2a5a8
0f6da814
1ea0f157
7106d515
7d9e5da7
d2f07671
62692223
072fff45
b186892c
1c6d1b05
76a9e22f
f7f25591
3d3859af
52e1c6f3
4619233f
161d266d
b686af09
0d2d2a04
70bc2c07
71615580
77bdcd02
d3f19a73
c0ed2926
d72ee607
328187a9
0d6c2bc5
7ea8a423
7b7355d5
f99e59a3
d3f88ee1
4ee10b2a
16fb8782
7d8059a3
4c67a204
7c9ba16f
13f056d8
387d1daf
53aa9667
dee51b6e
12ee8f92
7e121583
0d640804
4e920825
b36cfb03
797d7ccf
03fa8463
dae90b3e
126c8796
3d920183
4b641b81
7e929121
b15657d5
797b1d87
429b8544
73a913fc
85029544
763cb5f1
748c7002
be846be7
0792fa28
390add90
c8e0d4fe
f7080327
c4561144
fe3894fc
b4843942
988cff6e
23b2eba9
5baa2d82
daf080be
d6a19367
85123144
7078e4ff
65d638d4
7a96ff6a
02b2ebfd
090a94a8
d8f5123d
76090b1c
1412df14
f5a49461
f6047d42
ba968b65
0beacaaa
e1485fb2
e88083fe
fece392e
5036db60
d101e471
a46911ca
b88a2d6c
0b06c7a6
69c9d713
47e1067f
d4cc1165
b5329154
7140e4af
c5523ac6
9ade8e6d
4a22c5b7
294a842b
d0e02a7f
5a4dabec
b23ad4c6
7584f6e9
348c5703
bacefb67
abfa4aa1
70f8df82
80a2e66e
464fbb2c
870bd5d4
70c1fea9
d5807c4b
9ade6d2c
99f85fb7
40d9c593
51e38a6e
5745bbc5
930a9044
7190f68b
61d4ca41
fa9e3f2a
1bb2c735
0139cdab
50e3a66e
b4619371
ec82b344
35b58ddf
34de8556
9a8df205
1516c1ce
e84cf830
81ecc77c
34518958
e983f306
d1f40efd
44dea556
9c8dc215
b112d14f
a9ecd8b2
19e4e430
73e0997b
6d837304
72d584f8
54dff5d6
8a9cd20d
0112c1cf
296afca0
197ce374
3731831b
dd8f3356
31d58fc9
52fe09d6
be874a15
d126c1f2
6d2c4922
52f5a629
9f41cb01
35aab756
97c88d4b
d76e235c
5c984a05
191e8122
ab6cddaa
54e1e56b
9710b231
7182b307
779f8ce9
51ef025e
d81c73ad
c112e41a
a30ccf88
5979f5cc
53a90208
fd8e33d6
3790eecb
766aab5c
b8af435d
9932c5e0
6e3cdb88
5039364b
57092238
95ebb396
3190e5ef
5b77ab14
de3f7067
938effac
af3ccba0
10b5f68b
c3010319
b58a3316
3590acef
5ffe4b90
e88d571d
db96fdb4
ae3c89aa
50f9a6dd
5c3d0675
01d9a6ca
ee7a3206
fdae1317
3cd79ef7
0ca567bb
4267bed0
1de905c3
d038b47d
01dda6ca
ec33131a
7da75307
70d79c77
4e8526bb
92a3e6d2
2dc10e02
c8a97075
8ddbe6f9
2c361216
fde15105
1cc7bc17
0e052ebb
03e7b498
65e100c3
adbd9575
019826ce
ec3851ba
ddbf5a06
7e57aed5
a6ad07b3
9627aef2
14e98113
043d96f5
87df22d9
2f38f01a
5ce85204
3255aee7
0aeb1fd3
b447eec2
04c5d283
b2389577
a5dac469
a778521f
f4e83307
ae459eff
06293e23
9266acda
24e8f093
d1bf0e63
01152adf
c4dfd872
fcbb5009
7c558edf
a685ea3a
8a647c92
2c252315
512dddfd
c1821c6d
c4c4565e
d48a7010
66459e13
aa89a1b2
e6c4e40a
8ccdb291
51efc7ec
8182247b
15ac5e55
dcea5081
1e459a5b
a22de0a6
d364ac96
a42d7a95
b902ae7d
578ba094
263216b9
f92f435a
4ece5351
e2bc56e2
b868bea0
ada86162
a820bf7d
569da2c0
26b30b3a
f9224b5e
46dc525d
aa244462
a8a1fd30
192871e2
e9b0cdf5
3c992394
64ba2fba
f987e1da
4ec4421d
fc2c44e2
a070bcba
016820e0
b11a2c65
7387e082
662e3dba
50ae0b1b
c6ee1355
987f56c2
b86abd02
2108d1c6
38b22d69
7f9ec080
640ba79a
99a6cf53
c6fe535d
b83c1490
ba69fd32
f40afba2
b9607770
7f9b2284
443b8abf
19a6c35f
6ec6725d
69104492
b820fc12
14883d50
31919c7d
7783ee1e
263620f8
5cd69f0e
d6c60345
297f5e52
a27eec12
2cc2cd72
f3911d21
7b88c60e
e42ca5fe
59a2af16
e44657c9
d9417e8a
ba3ffe0a
3006c9e2
38501d20
73db860d
6413a6bf
54e2a51e
74563419
c80507d6
bc6bec3a
70c60d80
de4bf94a
c8641f6b
c955cd83
5d818dc0
a1068cea
9e196b2f
cf35436b
0a0e168f
7c03d94d
a9535c6b
9b0d4c07
5ce3ada8
092fbf8b
9ca9b36f
cab341d9
061e67df
7c2bdb4e
8f50dc73
9f5d6c45
4ec20e81
390d9bc3
8e093a4f
dfb30041
a20e5fce
ce43e912
c4751f61
5ccfd907
2dc50aa0
bd24adaa
de95f329
4f97096b
08d74c9c
57cfca64
a1700c69
81cd60a7
1ed34f83
91b0ac43
c6913ba9
df390ef7
0aff769d
d7afcd66
c4425c7f
d9275a27
0edc6ea0
398dfee3
8eb93bb9
93994277
aaae542d
f26fe96a
e47edde1
c47a7847
ec885ba1
91dd8dab
46892bb9
c7f74fd1
a326e535
56c75b6c
c053dc65
b57df063
8ca94fa1
39ecacea
46f12ab1
c7b71eff
b3edf4b7
574fe0ee
c4719d77
9d74d027
aef94f20
3bd4ace2
46a8aaf9
d6b11f61
a387e4bf
d7056208
79077f4c
f01bd7ea
a04cbe6b
b442ec86
ad8ebc24
c694d3ac
74a2abc9
57916228
1b07ff5f
b91fe7eb
b534b668
1661eb8e
28aef021
c694d3a0
f4a23509
57116008
1b03bfdf
b91be7c9
b63cbe7a
c073c1ae
e9fed8a1
c6969308
d4e6bbd9
ee8d4968
cc45fd4a
7f6bb3f4
8f8843d2
8dc6fb02
2f853a00
4ab57189
3ec28b43
668b40b8
4d02fd5d
f2556bc3
830d5bb8
5cc22106
ae06fda3
c7809b40
f9385301
d71970a8
fa07fd5f
b9c7c3c9
f32c5fa8
9e634986
eb87c961
cf8ad3a4
d4e957da
fc6dd1cc
84ec9d49
fe6a0150
c3ca77a3
ead73fc7
26853a2c
481576e9
3ad4afb2
d6a9417c
ccc8bbc3
b5610343
c3a077bf
b8d73e24
6285aa63
cb07f2c1
b4188f13
d619500c
9a4ab7dd
b850c549
d36c7fb0
bef3cfb4
6faaf963
c9979f54
959a3312
034443a8
3b2bb9ae
19aab96b
0a15f2fd
01b8683e
e16218f0
32911d4f
f217af39
03720ba0
3e7bf88e
58a2b9ca
021d82f9
41b9483e
3547d860
32500d45
d31faf3d
25770288
b73ff996
12a2e9e8
021d86f9
352b79ee
31d3d8ec
36dc1da7
fa19bffd
caf67382
6f2ff38a
19daa949
0a15c6fd
250d6c7e
d520a8f2
32d31367
f719ae2d
aaf141a4
bb73f29e
31afa263
8714e47d
2429547f
34233366
12e03165
f353af69
ee79178a
673cb20b
728ba982
063fa779
e5a2417e
70f2b9ec
32a54b79
f73bafec
c3d4f2b0
2f2ba184
90ceca00
0a59cdf5
21294036
7d4021d6
909d7b6f
d218ba68
e1fcf286
a92ff18b
b3afab42
c719f7f5
45b9e03c
7967e164
52d0234d
d759ba64
efb4b292
af2d9b81
b2aaefa2
073de7f1
65a8402c
31d0735c
32f7196d
d711eb68
f347d56c
84d01c20
05d838d1
c0994c80
1dd49d30
82b92ac8
a77f6afa
28060c37
53e785e8
04d14c20
85d01ad5
cc894524
1dd4ed28
d68d2a48
277d7cfa
60060c37
f347c5ec
81c02c20
85f07a96
c4852983
3dffbd38
ee8d7b58
a73d7c70
200f0d36
13cfc5cc
c5d17c20
06c198f3
548de080
5f9cadab
67a9aaa2
f76f2c58
28160537
f7a385cc
a153fa25
17b0d8fb
dd8140c4
8dadf574
26c8ab1a
ff6d7c52
208ca7c6
f38785cc
a572ae20
95a15ab5
dd816160
3fa1bd2a
578c2fe8
b6fd7072
e02f0516
93efd7ac
e5413cb6
05d870f3
5495c101
2d0c9d33
d6ab9bf8
f7f52c5a
280eff17
9367a78c
e7523e36
15d0e2fb
95d5610d
3d249c56
46ca0f38
3cf13c72
350cf755
f3e787ec
f5522e2e
1590d8d1
b4d5cb29
1b94fd6a
47892bf8
f4bdee52
2707bf76
f37c52be
1e2feca3
7a08f38b
8b225229
56f08fa2
cffbeeb0
d682450f
7ea19b1f
d2f850be
1a6f8ca3
6908f389
8622722a
56e05f1b
8de7feb0
96ce050f
1bf18a5d
53ea4092
58fecc97
790cf3ce
a320322c
76f1fb0a
27eefc26
9284070f
dbe9aad9
d8fcc141
1a6fefb8
79b0f4bb
8f284238
40e25f7a
8e752c16
5b27a7cb
5eec395a
78785e41
6ce6ce73
fc3d54af
f839eb3d
46f05e52
8d65283e
0b07e7c9
03fa2bfb
526bcb93
74e5ed46
3c7cf50c
e6243a3c
56c35a8b
4f6d3f37
5b06c548
bce8884b
f268d511
5cf18dd8
7e38f11e
fe04dbb9
40731ee7
66233a37
4b2317e3
6edc8952
20e8c5e0
5ae5cf4a
7e10d11b
e8149139
d6623ae7
47a52a37
4b23c763
a4ec8152
d2e8d496
1de39d50
7d38f10f
e62443b4
7661eee4
47687bb7
4b232721
b4bc8157
9d150c59
ad046b4f
a1ffaf9e
3cd789d3
89157014
1940d15f
2c6cf090
a5ed48e1
89d50051
7c06334c
dbbfeeba
3cf78cd1
9081f194
8903897f
2ceaa090
456d4aa3
1c119659
6f037205
aebe0efc
74ffe4fd
888461f5
590789eb
7ceae0b8
45cd4a73
91900ed9
b504621d
a1bbaf1e
1c83b9e2
a3597214
b97a514f
2d6cb098
ed7ad3d3
0313005f
7e06234d
e5eae21b
38f241d2
90db6798
c9fedcde
a824a019
455953a3
35100919
0a067201
c5ad8ef9
3c7ac4d6
3b815118
913bcad7
7cfaa08a
4dfc4153
809a0c97
bd84602f
a3370f98
18a311ce
bbecf110
b9f850df
3048e890
c9da40fc
089005db
7e0ca2ad
e4372a98
3ca218de
93ff6798
b99f409f
3968b8d3
695a42fd
20911e93
3a076329
a6270ebd
1da3e6de
8bfb5390
1933c086
396ae8b1
4dda5271
b4719845
ad967044
a1f76eb7
74f50dd6
989fd355
181485ed
6d1d5cb0
18e4ba60
76559b51
e9823254
77f66cba
54fdadd4
3e8ecbf7
44178369
ed3fbcb8
18ecf775
dfd5897c
ad80b216
33da6cb3
7847ecd4
3e8c4a55
b2154ed5
bd3dba42
0064f6a0
17312b7b
ac922344
25e26c3b
5cd10dd6
ba8fd35d
192481bf
202796a8
12e5a7f1
7395b759
87933304
36baecba
79df6ed6
0ec44793
8b9186a5
f731ea04
509cf2b0
8b55033c
b18a8286
b242a933
324f2adf
d6cc3a72
e3125e86
b7713b66
0022f685
54792a5a
af1a0a40
a5a24c13
50d84a54
ba8f715d
199480ac
2f38fe80
19c5a6d1
57d90a48
a78a3344
34624deb
6ed94ad4
b38c215f
1934ca9c
ff71d2e0
49d3a791
e340136c
f188b297
a452bde3
3ac24adf
96ce4297
f91442b4
b271dab2
11d3b6a5
4b9aee2a
33298ebb
9003d32d
0221fb69
4740a41a
746e3c80
c7f741ef
76034e49
7fdecaaf
767b8dab
8503d549
4367af6b
61f3e115
f4c91442
86d521c6
e12b16a8
419e6aac
367fadeb
8d23fbb9
8b218b6b
e561a003
35e87410
c6f5b156
ae0b1f08
db5afb2a
334f8ebd
98afdb4d
9b236fe8
6342c436
7c4f1411
c7d5294e
642acd4b
db5ac93a
7c71fcaf
ab5ffb05
4723afc0
65f1c401
b1ae1552
14486956
f1676b36
7b7a2ea8
1e79ac6e
807bff01
d32b89e2
676395a1
75cc1452
d4d5e165
2c2d5fea
fbd65636
3249af3f
9adf7b67
8e256bf8
6d308abe
944fbe22
c705711e
e6994b81
fbd2ca3e
5d73a93f
988febef
0fbf8964
65004d22
b4cb3c80
96417b5e
acb8cb6b
f9b6cae8
5e7facff
9cabff63
9f1d23e8
c531c52a
b4c83408
467179fc
2cb4de62
a37d2257
0f7f3742
effef902
7f651a15
7c179af6
63c14739
e5afd684
16e8e579
a3e9224a
0f0a6756
3fba5325
1f651a15
f487fa36
6535dd91
f3bfc78e
30e0c579
82c93374
8f0b32c7
3f967104
5f6c7b34
7e07b213
06010733
fd37d4cc
56e18179
77fd3357
cf3b975a
ebe4b822
ffad7805
f8c5b847
4fb1039b
ebb7c73c
1ac9406a
a179aa45
df5b9742
eaa41184
ff4d5397
18949a07
4d32571b
ebb74c2c
70e591e2
a1d9326b
c91ad6c6
2fae4105
cf441a14
36d6a893
4a346795
f9f64524
58e590a0
d67dba67
4ddfa7c2
ef729010
ff6d1b05
5cc79aff
4e252339
ccf52c5c
13c5b822
315dba63
c1df73d2
ab301001
efc46b15
5cc6a83d
4db02232
e3f76cd6
1bc6c142
b4cc3a65
c1da97c3
2ff45116
ef445b13
7cd5a893
4eb020f4
e9771d64
1be480c2
de39f847
cc7657cb
f44fd515
ffe07f97
aac79dfe
2f89333f
4b8317e9
bee7098a
f63afc07
c58617cb
b64ed016
dfe0af13
20478dbf
0e15bb2d
c9971749
34e70b9a
7638f82f
83949edb
f466d057
ffec7f05
7815ce97
0fcdbbaf
cb030509
fecdc09a
f4397c62
ccbcc5c1
984ad596
77d8df82
a2468cef
378137ad
cb834567
3ec3c983
7ebad84e
e7c65fd0
1c5bd19c
f75ced06
5a453d6f
67a91e3f
cfc7048b
3ecde002
65b8580c
8384dfff
fc5ad27c
bf6dff0a
1a578c91
06acb42d
4f9706e7
eece6c02
747a494a
c026dd61
d8425564
5ef84e83
b2f63ece
263fad2d
49914481
8fc3cb99
717b584a
ca2659f1
1805d474
06fae8c3
ba26dbc9
64bd112f
41f10c0b
8b865b18
5013c84e
c0aeddf1
cc01d477
567f6c03
3256cac1
e43820b9
49810405
eacbcb11
11590c0a
168ea767
9f990b2a
19673926
7e958101
b96fcf83
b6ecede4
4fe15561
5341102a
1483a74f
9f932f6b
5d67d928
3490d503
f34e5f32
e7cee9e4
4d811531
930b1622
36cbef25
9d910f3b
4cea6106
16a1b511
f1264d13
f7e4f7c6
49a34560
f5931f01
56cb272f
f7a93eff
1537392e
3c818310
192bdf83
b4cebf44
49a01560
54897311
3cc13e2f
91913fcb
75ffc74e
1d13841a
1103d533
f76efdc6
49e11cf3
d4cb4660
3acb7d2d
9d932f2f
5cfe230e
3ca3a591
f906cd23
b6f4fcc4
2da255e0
350b0e21
584b2f2f
affd3ffe
d5a7b126
1c90a111
1bafde8b
b5ecbe34
edea5156
f58b1ab1
3ed93c3f
a7b73fba
d4bd510e
1db18590
9387ded2
f46dfe5e
4dae415c
d1894a20
78d13d2d
a6950fb4
b5bd214e
1d31a498
db0e5f81
f4eca658
6dae43d4
078f7306
4f35d6a7
89fafb2e
8ba177f5
1150e436
a6ad2371
96b351ee
7a5ada18
020fd387
0f34fcb3
9ffffb2c
89a56f71
7571a532
e6843bc9
9eb74516
7a1add1d
0ecfd1c4
477c9ceb
4f7d7a46
c7282661
69573da6
8ee13bc8
5a970ad1
f20b0b9e
03ef73e6
de3b98b7
9054fb23
aba979e5
31c8ed3f
6fbb2b79
929712ff
1272da1d
a20ff9ab
f37bbc69
81ecfb6b
a9078979
33c52577
06f52af8
9bd329d2
123acf0d
be6face3
c370cab8
07ec50a1
c1984869
2d4539ca
c6f5b2c8
589b36f3
f61a1fed
abe6f7ea
ce7b1cb0
04f8fb22
8b896499
251dac6a
06d53ad9
12d32f6a
b27f8b1e
ea67feee
be70dcb2
61e052a3
89985c29
0319a8ee
e6f1bac8
12f32953
b37b8d2c
ee6ef4ef
c3728c70
0b6c78a2
a39448a9
a71c38ee
06c11af8
08db685b
b253bf2d
f1e094b5
938be01e
26340d98
d4bed1ce
46dd530c
981ad842
344ce840
e928d276
d1e095b7
5fd1e01e
44366e5b
a49a518e
644c69d8
c0baceca
a54cacba
c93891f6
516097f3
3fd1a30c
66d02dd9
e49751ba
c4d24adc
8836cdc2
214ee83c
592889f4
b3e5a297
17c92016
25243c2e
955b913e
04dd735d
a8d9d15a
b448fa30
43a9e40a
5b700187
77d3a21d
16073693
c883100f
444b5a1d
a16eda92
b148ec86
412aa118
93e013d7
73d8621c
62400d9b
e1e2509f
a4e60add
0b628cc6
b14aea2a
557827d5
5ee8aa93
17573012
e02c7f46
fb6b1e0c
565d8eda
ad5dcd63
ab08ca82
552db72d
c67daac7
51475053
efef652d
ddcb7f55
555d2ac3
a719fea3
e269af23
54073609
c4281397
75df529b
27fc390e
f4ca5b41
147d3a7e
a957f066
fb68ee02
1169a684
b6cb5b52
81361f71
18618430
45d31c82
9990b5c9
d7fe770f
4ba05ceb
aa72500c
77ded90f
84921579
b16b8e54
c4f31c40
91baa5e9
c3fa732f
e9a82641
e210c12c
768fdb4f
91b21f74
90418654
c5db7cd2
db86afc3
8e5e3b4b
c9a20019
e2b2510c
fecfd30a
80721561
a34a9a11
dfc33d82
9bf28ccb
77bf3ba9
d7b01863
0272571f
de0cc16e
e0907c73
b44edf32
ede13d12
8ba89881
a7d83d99
f5eb6863
6ad2801d
9642810e
8750be31
9d60c65b
cbc63c02
9bab8b0d
97cf3999
63b160bb
6a525f9c
d66fc1ea
80f0dd63
ce4af031
f5cc5e01
ab908eca
86adbb8d
63c0202b
8ae28d9d
90efd3aa
84f2fc73
ec587055
2bec5b02
8b90aeca
87cd3b99
674766ab
02c78d97
9acf89ee
80c3fc37
8d40f07f
63e43b82
ab938ec8
87d9bd19
4311702b
22a28e1f
d4a96b60
ad469156
f9528f6d
727055d3
88bfdcaf
0b02851d
d90bd5b0
98e416c9
54a12b68
a9061157
f903ae29
33dcdef3
9a8ff38f
03a7d59f
cb0ac5b0
18e4d4eb
d6b5907c
a9063347
b903cc49
765efef7
a89dffa7
0b838f99
8b0b5d90
18e57ffb
c6314921
ad250352
f972a7ae
35f0d7f7
a087e48f
eab6f5ac
510d51c1
5cf4f619
6f254b41
a1213752
f925aea7
6056b7ff
8897a0ae
839bd5ae
872f4581
18c4629b
56211b21
a91532c7
7873edea
72d5bff6
48cf21a6
8bb7fe8d
9f0b55d8
90c5f63b
66996811
ad2511c4
f873e72e
bb4457d6
aa77c2e7
4a84fdb4
5f0553c1
58f8a239
c6992000
af29e7d4
7a73efec
e04417fc
a87169a6
8b82fd34
170bc5c1
d0d9f61b
46193001
853577d7
7a71ed48
fafdb7f3
9a7129b6
4ba2febd
9b0f434d
d0d4e23b
d38f0020
4b5f7d95
98992a1f
79752af1
1c95e507
43c35cf0
a7be9fdc
e01364e1
d38f3030
e0cf3c6d
f891160f
e9fd4e97
98a7f506
d2c64a34
76be87fc
44972cb3
838f00a0
136fbfcf
ba936b8a
3b8d6775
5ca7f4a7
f3865db0
36b6cff4
74d78471
5f9f0230
7acf3d1d
f7d832ea
322d8b44
84a0c58f
5f227c30
b7be6fe4
ed925d60
95dd2230
0acb3f9d
b73533c8
38ade37c
1e00b01e
e1466830
a3dc775c
0dd7f13b
c51120b1
12cb2795
bab993c8
1a34e3ed
7433e53a
2122f426
a6bef7ee
55e6a0e0
359d0225
3f0b779f
bb712bac
d9269175
6421f735
aba2dbb1
b5ad8fd4
5da44162
348502f1
0b4b7715
7fb1afac
9b245bec
66e1e61d
e9a6f826
84a0c76c
55e4a06a
93010231
1f4b7786
32b1afa8
db24a3fc
6461e51c
3b82d962
b4ee97ee
75f4a342
5c104084
7f07f38e
f05eaece
f61097dc
804362be
e806d436
898d930c
f4cdb3ca
5c984801
6703b38a
705aa7cd
9418f75d
a27242a6
4912d436
880dc72c
d4ddfbea
7c907011
6f13b39a
725aeccc
f618d778
a47743bf
09b2d6f6
0a0f835c
94edfbea
e73dd935
756bd148
f079af8d
a85092d4
365b6d67
edaa7162
5a111144
d4d1fb8e
ee0f7957
a52a5944
765daf86
ed51c292
7431ad24
0ead71a7
de9b39f3
f414e24c
e32ffb71
b10f195e
bb5ba6a4
c7388df0
34fd6c26
0f2773fd
d81181dc
940e67cc
660f4b3d
d3eb5950
fb30832c
cd51439a
1ec92b49
feaf3062
893459a6
517c6dc6
3b8fc93d
96f158e9
6bb49325
c5454320
1ec9ba09
8cbd1353
91b62d5b
237a3c64
bb2f8afd
d4891944
a1f4930e
cf204150
16e8aa2d
cf9d72f3
d8b40d5e
a3583fec
2ffcff0f
4e3f45ff
17028f13
935daf45
73c801cb
4b6b7e02
d4f32166
df20c251
af2eff07
243ce4d5
27629f3f
e35d9b07
72f829bd
8dcb3603
d4d5f896
97a0dc53
ad3e6eb7
30ec6fce
a662ff23
9a5d8f01
34e81895
e9cc3480
91d1a902
9f00c550
2d38ea87
7cac8de3
9f061500
1374df85
82731098
cd4f7987
d6e331af
df20fc10
25fde52b
3c6e0bf3
1f029e86
5378af0d
82d9708c
1ccfbdcd
94e1bfbc
a722f612
285eea7b
307d6fee
9706de0b
037cdd45
f4e85848
a84931d8
d4f13b2e
ce209e00
ad745c12
1a6dcda1
c8028164
0b6abeb8
43731680
615dfd17
c242b107
e692cc91
297cdb57
3e6d8de9
ea538646
0b648a3a
c3739600
a14b3d0d
c20331ae
e642c882
ad9eca8e
3efd8dc1
db52d37a
0f60be34
c3613700
a06dbdcf
4b03732f
eec6dc1a
5e0ef3ea
e8625d65
d040fe27
26517ce2
b1287d92
cbaae9ad
dc12d549
8a73da1c
5e3ececb
80861d74
d900fd2d
22531e62
b7f83d80
8f3ae839
5c1bd1a9
8a6b961d
5e2f8b8b
82269d7c
9924fc67
24d23c6a
938869c2
9b7af931
d91a53b1
8a1bda1e
cf08790a
9026df3d
1110defb
76d81f42
b3d238c8
dd1ab38c
4d31812b
ea229689
5caaef08
b0c6dd38
50d29c37
431fff60
b79e59c4
db2efa95
cd3db1a9
c2237799
c7afeb8e
90c49d3c
9017de7b
04b32e62
93be0de0
930eda15
cd3957c3
cb33de8e
8fc6d4ab
b8a09cec
304124d9
029c45c2
83f84a88
d15ab9ce
444b10c9
ef7ad899
2da2f6ab
b4b159ee
7264069e
039c55c2
8bf84f80
f17eb388
854e2be9
ef788c1e
6db2ceab
26a8fc2c
7060b6de
01b305da
a3f86d80
907f93cf
81482261
ee78d81e
59145780
7a41e982
5c1bf7ec
b007b27b
47707292
e14c2437
8222d38e
746a3b08
59116298
3613e990
5c3ed6e8
b093be49
fb4273b7
a9eee476
e6309940
f46a3bbd
78105281
3613e91b
1cbebee9
b03a8e6d
276343ba
d96bfca6
5a02c1d4
948a7b99
da1274c0
2500a396
5a4b9eec
da15a0e2
ff7266f6
f9087ce6
ca00c3ee
7c60ea3c
7cb1fe51
3653ed8b
4b1ecc2f
33190829
7a7302f6
e80c7df6
ce60e166
d468f00d
3891c6bc
7402bd08
58dedce1
343b8c6d
cb535576
396b7686
ce8093b4
d48b6a03
03945098
33022b15
19c7aeeb
121780e8
db22601c
d178d1c6
1a08c12e
6432f259
8b9b7088
3a22798d
19c3ee89
1a14e069
cb62603c
b97ed816
4e02d32e
5401fb51
eb3142d8
3a20a999
90c3eecd
141bc86d
cb32655c
b95ed9d4
5e089122
540be750
0ad2d7dc
b4300030
168eeccc
205b8a79
83187148
f0dc006c
6851013b
a01a32bc
6a77dddd
ba208020
572c68e1
3092e9c2
430d5b58
d49c9a7c
28586033
a21aae3c
6af699cd
8a308830
12ae6cc1
0116ceec
431c5328
f0dfa34c
284819a3
aa0aef3d
a872a6ca
b7a00220
5f8264c2
28938af8
c38e505b
e05492dc
28591019
a606a6f8
28548756
3f0c013a
134d6ce0
69dfccfd
498f50cc
f415d25c
347d411f
ff38c766
6854b9c8
ba141250
11f26ccb
685bca7d
c99f51fc
b0d182aa
285f8b23
9238fe70
4c741bc8
f174822a
988669e1
0ad88679
c39e504a
305480ec
6010111b
9616bff9
187c99ce
ab26823a
d18fed6b
6cd6ee39
c33e50cf
2050aa3c
60184181
9614bef2
c97cab4e
aa048313
11826c8b
2e53ced9
cb0e516b
b05c933e
6819fb23
d619a670
68e97cee
23a4c62d
47b93357
ec4ef1ad
49508671
0b393aac
bde63cdf
dd558917
91eb74ee
31749f0f
ddb1b10b
ae9cd92d
d9412f1e
0a6d2c10
dec63efa
96c74917
19ca74ee
1de4ad2c
dda175ea
a638a3ed
23710b00
abe9b090
7e467edb
bf0fcc96
e14efcaf
06e401bd
9097dc7e
8c0ea368
6b703450
28fc78ec
2af065df
d739f1b7
e182d2ad
16658bbd
80083e1a
060c9b7d
61786ce6
59ee54c2
4ef075d9
d60ed2ff
637a42a8
0c7ec9ed
c3205b45
0e1ab561
e7220bc0
2df669d2
da607975
df18f337
288e4a9f
7f2d00b9
80c70fe5
0829a0fe
21296110
f17cc1de
38c861d7
ff1b4afd
49d6079f
7e2dc9bf
8ac52fc6
4c1b45f8
71e94150
7d5a61c6
38e811f5
ff5b43ec
2a9e4a92
7a2c4bba
82c72fe4
081b40fc
e5b861d4
755741ce
384823d7
cf7b43e5
318c16b3
5e8be69e
7788732c
c926f30c
46d1ef65
ffe78e90
956ebd46
5dbd9ce6
b2e836b3
53cfa744
f65ef11b
a32c384c
46f5ff6f
67428f42
92ae8b26
79e8d8ea
a30c16f2
57eba7cd
258c39aa
e9263308
64e5fb8b
65a2dd00
27e4bf66
19f494e7
f2c93621
538aa68c
b788f4ff
cd6e792e
6691d27f
7ee71ee2
953eee0c
59adcce7
72c81f34
53ce45f6
17aed1db
f72a3b1c
72c098fb
24e3cd62
cdbd9fe0
2860294b
d7680cf0
53ee6745
278819c9
f5ac731c
64b1f8fb
5d84cd42
ed3e8f00
3db030e2
b1882305
19cb378c
f5a8933b
d4247106
5ce1c335
6ee34ae3
bdbcdf8e
79e85446
f6890d34
439a375e
7fd9537e
dd24790f
54a1c8ff
0fa24ee3
fda4dfbc
79a83046
93c91621
539f77cc
63903330
f52c312f
44a1eaff
4da24fe3
bda78f74
75e8b1ef
8d3bb865
e89c7ee3
ae730113
bfeb8f97
9951a419
0641777f
5fe7e6f0
2f574002
0c7dbe6d
8e9c59e9
ba7b0333
936ecd11
9d5eaca1
8261579f
d5f5e676
0f3650d3
8c3f4c25
8c9df0eb
8f730316
fbebef17
395594d1
a24d271b
dcf5e6f2
45534082
2dbdbc7d
eed55ae9
ca6b4a51
afe36d9b
a852b05a
a4c9370f
6dffb6da
216f4c9a
ac6e4e7f
c4c550e1
a77205b5
23d70555
bf48aa53
0675570b
9dd5a6da
ebc67207
2f5efe77
a6d520f1
8d351b12
fbe74603
b352ae91
66652537
f4d7c65e
09d65023
4cfb1c53
ee555a69
e86b4e54
2aa22ded
0346b4d1
84ed372d
bbe7c47d
a9c75439
1f767c77
ee555269
e67705b4
00f385c1
a746b2c3
94691699
b3db06d6
ab96442a
2ffe5c57
8f554c79
cc3d1b36
aba3a447
0747a6d3
a6ad37b9
e8ffd652
2ec6442b
27c30032
daef37f3
9d85ab3e
5bfcedd3
7931a501
31c75dd7
a6efc4c5
673e5043
87735423
e36f277f
9fa50f3f
1de905f3
3931d605
934e4bd7
affec0d1
631760d3
877b502a
f2ed7ff7
9be18769
1bad65b7
9d33f481
f942490f
a6fc75f3
6f055850
17110813
5a2e2777
198d8b2e
1774ddf1
31218515
f3f65b17
a7bf51c5
eb8f54f3
c6130823
4e2faf3f
1885870d
1faf45d3
55239510
bbca4d56
afd6c5ef
6f8d3163
070b6a23
de6e7f6f
db80876c
0f6ce575
1d338181
f15249be
b6ee26a5
6fb745d1
a5194817
da6f2f61
9f490b56
1b6579f4
05218500
77267b0f
b7ef5565
6fbd5541
c6cb4e33
7e7c2fff
39e18bbe
13393df7
2d31d583
534f7517
af9f176d
4bef14f1
744b4873
5e6d6fe7
bae98b64
1f2d75b4
3531f590
51c3790d
f7fc07ed
6fd441d2
0591104c
3004afef
addb9eca
31df9d7a
8172d490
d94d5427
c7c5f2b8
05cb2f41
15117029
30852fd7
9fdf8e6a
91ffbd78
8e46d490
990b5523
c6cb8284
e5832f11
0c114208
3083bd57
9d9b8f4c
18fbec7b
b353c591
991fd4a7
c6c2c290
45967b01
45991988
7400efff
8e958eec
01dbeb4a
a564d09a
d98af43a
ff86f288
45d16cda
0c95003d
f0826cff
87d18e8d
72bb8b5e
9c54e219
d98ae400
efd6da92
6d99c788
0d33721c
288068bf
8dd11e85
bc5b455e
1300c791
99abf0eb
ee9cca90
45a04659
99174ca8
3400283f
82864e90
f0d38f62
8554c298
b18a7d2a
a6e4b238
6d972b52
ed9748e1
34117835
8ac81a94
65db1b4c
2754a20a
880b7c2a
e46c8212
6cb64672
3913584c
3895783f
84cb16b5
74dbae62
ab44c211
c929fca9
e4eca212
6cae6792
04419b79
e9827354
11d58f7f
1cd99dd6
989ff90c
3122d14d
245e8cb0
8ae67265
b8c1986b
a9877356
13d4ce37
5cd7cc56
b98f89ad
0116c15d
a00f0cb0
9a734e35
bcc19b59
ab023354
329f8eab
54ffecd6
ba9ec1e5
41168bcd
691e0cb0
48755f75
8760ba7f
a5aa7354
31c02d0b
7af918d4
899c5945
29065545
f47ccd28
82e764e9
fcc5b864
91a37356
04c48869
4fdc2548
98a6f9fd
0916d5e8
a7ebce36
52d7e7a8
9fc1b309
37127315
62928883
5cdfa8f4
8896f1cf
03169f6d
f91f48bc
53c7f761
4d61139f
f32a7314
31800dab
50cbe354
8b8e7140
3bb255c5
61380989
92e2f6f3
5bc0135e
b328b384
34c2cca7
1ac68ad4
ca8fb445
9bb4448c
73380daa
52c2e6b5
c3d12b5d
b708b304
20808883
03dfced0
829e76fd
9b92c7d0
fb79d9a9
52c2f675
f1603017
d7aec45e
73240534
796e1186
4ce7efc5
db32dd47
11c07cbd
cbf8d7e6
f1481033
91fa804e
f2270d16
49ef3086
44eb2e41
b51ed583
01c0349d
cff0c147
41083b33
99ce87dd
62608916
4de63192
44f34285
8336d507
314676ed
5be0c146
b1e01215
13fca45e
6b240524
f36e9806
4cfbeae9
a51f7d17
3148facd
cfa11347
bd881a17
a59aa05c
6a24272e
d6be9096
ccc26a89
815fd4d6
15c83a9d
4fb02b0f
08401b17
d9d8265c
6244054c
496e7296
cc626a89
9d36f486
3142bbad
5ff4d75e
51a00317
531eb04e
e9a47d6c
f87b1204
cc3b6acc
ad1f54ee
2048e22f
4aed27cb
74942a1f
733bf2cd
694e6f25
e07a5e04
4efb1a87
250bd4e7
6040b2af
cfe136ab
54441313
700ba296
696825ed
f96a5281
8e6a0a2f
ad175566
8942baaf
c1e1ffc8
fe35d045
ed417b5b
8877eecf
f499f5d7
881554a6
8389617d
198fc248
144f8cda
5f39d06d
a987d143
9affaeab
f0d1fdd9
210cfdae
80812b69
5b8794c0
345f2ade
7cb5d249
cd0153ca
b37fae4e
f5d9b5dd
a91ffca6
0c87bafb
1f8f1858
1c477a9b
f71dd095
a5012847
a0ecaeca
239bb4fd
810566af
e981653f
1d0fd068
18df9a5a
57b4e0a1
a1025a56
82a8aeed
e2d9bdfe
b038292f
c981fcb9
5c0fd189
5ed78adf
43950231
8d131ad2
f07dec4c
f0dab7d9
a91d2b26
cf87d2ab
959e1ac9
de76efbf
c61f4af3
e5261943
806dea4c
e3b96dec
b16deaae
a38965bf
4e0d40c9
5c7fea3e
170f41c5
a5221967
827deaec
3bd0fde8
b11defbe
8381e4b9
4e0fc078
1c7fee1d
578f4211
850259d5
b36dfe64
f8d527e8
996dcfb6
c78172f9
568752e1
ba54fa9f
1c915040
2000f38f
d01be65c
a085d4fb
855056b4
89b9f03f
1382c3b8
7dca4b9b
1c155008
2202bbcf
d83bbe1e
7414f449
81414fbe
e98bf83b
16069298
5dca499b
5c914200
2f03f1cb
d03bef1f
70b9b46f
a94355b6
8dbff82f
1303da98
ddca689b
58155605
230333df
906ba6fd
71251cfa
88c75684
28aaf09e
178796c4
fdcc49d8
18057adc
6282b3df
90246e0d
d409755c
a1f7a4ae
abdbd0bf
13069798
5deec3db
3a916091
249270db
f03b871f
d231b55b
8563d2a2
099ffa3a
980ba788
4dccc8d9
2d9550a5
230151df
727ba658
f30475df
a0f1f2a0
aaa6f133
108b8360
fdcdda1a
a1107ec1
6b1511df
e0650a3a
e12d157b
91f17f2e
28e3f89b
108a8374
ddc4c89a
27954681
8f103adf
b22ba23b
f110347f
a07342a6
49abdb0b
198fc55c
fdecc89a
4cf38d48
e8541254
07f26ed6
5cfb2d10
bf9e1919
506403cc
687988d9
28462724
ccf3ad4c
a4547060
05e07cc7
5e734f84
b38e9073
d02c17ed
6d395023
2a5675b4
9cf9ad4c
80041260
83c744d1
1cffec25
9b9eb111
500d0fed
fdfd1483
0a167634
1c3aabde
e57c5833
15d604ca
14db0c50
bdbe1159
303c21dc
64bd6adb
20463505
dceba94c
c794f2b0
536654ef
94d94496
bb8fbfd3
983425cd
e680bd43
20037426
dcfc8948
8e941221
059704f4
74f7ccd5
bb9e917f
52488e1d
2d8db4a9
22137fb1
48e3034e
a4961236
05850ee3
1cdb8b44
b99ed153
983885e0
7038bc39
008237b5
08bb29ca
e0863a24
278220ca
14dbca44
890e9159
f81fa58c
6239ac3a
0002df35
58f9ab4c
a0865228
14c70cc3
04dfeed4
9b8cb559
ba14c4ac
6db8f89a
021b7f75
318e04b0
57cbef88
a799392b
ec06616e
45f0cf37
cea34af2
37f6fe5e
4135b5a7
310e35b4
5343a39e
e5933109
882c534f
67e3cd6f
aea444c2
3656aeee
5195bca7
b18b04b1
17cbc9ae
63bc3bac
e0a8236d
65f2de3d
ae8448f0
a6d4bfde
71b4b5e6
318a0cbc
46c32e3c
e69d73b3
f806faee
65e0af17
8fcf4ae2
bdf6ba66
59948527
5b827d91
4743be7c
878f7083
ce1c3a6f
65f9ece2
a4624a20
bb568456
6916c0af
130e17a0
115bde2f
e3b339a5
c0a2b76f
e5f1bc3e
ed8ad970
02f4bf7e
712ea4af
330f0da1
500b2c2e
979f1abb
f007846e
45f0a331
afcf4a32
b0fedc76
6d2c3946
338a3db1
76035c3e
c79f3aa2
f55a9067
44e4a528
0dca4a33
b0fc8a7e
ed2e71ce
130b5fa1
70437c2c
e3bb3bbc
f01b146f
2cf1d419
cb8ad9a2
f4fcac7e
752420c4
70792475
559ee650
27345933
5d2f4116
5ec78f55
0e03c793
a56cecb0
0da19462
4465be7d
43dea61e
6760193b
7daf5107
24dfab17
001187a3
a56ffc30
15e905b0
90e8bf77
4ddbe64d
65540433
7dea5196
5cd49a5d
2e1106b7
a56efc08
15e524e2
57392ce1
519f964a
653add3f
ff23730f
744daedf
aa33bca2
bf56bf04
50a531b3
1731296d
039dc641
67609e3b
dc071b1f
6c4d5b77
822b9ca2
af74fe02
202ee107
17992b6c
75dc66c5
2d58cc11
f762d999
3e549a77
aa24d4b2
ff76fe80
10a1e3a2
d6113da8
53db8fc7
b5c8fd7d
f428ff05
c4772fce
632afaa0
cfb4ff28
d89bf685
57a64a88
46c2d9c3
9dcdfc7d
e6c85f4b
69402fce
f30ee8a6
cf35d501
d823b291
76a74c18
53c28dd4
8d48fd55
e6497f01
a868afc7
ef2fe8e4
def48e86
5007b39b
074d6aaa
0e6f1f97
19c8fb22
0a6586fd
3509b866
232618a0
b69f5fee
529fee6d
835b4202
022f5b97
13dceb2a
2b29bef5
1530d884
65425160
f49f19be
d21fef69
a74f202e
072fff07
1b9cf9e1
2a2d2e6d
3539b064
abd65b2c
f69d0d27
f21f366f
c3c97baa
5e3bbfb0
5981dbe1
2a616fe1
bd2cfd2e
37e054a5
fc9f5cfd
f3b8fae5
42ce594a
863f0f26
51d1c3a1
234d8fe1
bd81d9ef
37c02660
f87d57ff
d1522c66
c0ef6c24
d32d9c36
1ad5fba1
0a3c0b61
1fa9c43f
77c66324
f49d15e7
b2598ee6
cadefba0
2e6b8580
1c02b10d
0364f957
7f98393f
c6e03e45
59b71ddc
f2da8c63
88eeff6c
84f98dfc
7c201b93
670c0773
a6893db5
4df41e98
10377fd2
f39a8c27
eeefb464
85e999a5
6a3183b2
0f14d7e3
a790a0e1
56e41bd0
54bf2fd4
b31a9867
92452f68
21137310
15d8ba8b
f099e671
9d9cf937
8a2404e0
2837bfb8
108eb665
da65b768
21037300
55f3f88a
f0950975
1f047c3f
8aa06b60
fc7df5b0
b48e3625
d967a748
21117014
15bbf8ba
38ddae71
bf8d783e
ea803a61
fe3ddd90
902a7e65
d60d37e8
640b3790
31f4ba49
54c49f61
34dd797f
8ba23ba1
fab7fd5a
94bfbe23
31690c68
a4835a4d
b5b4f698
19959969
0acd5d7f
8984ef1e
94b588f8
90bca627
c15f6c29
b7493149
3490fa98
1ad48863
0e845cd8
8de47b90
fab5a96a
b3b69ea4
a5ed9d5a
aeaf85d1
b743b251
09c4bb4f
025c9d65
33caaf11
daf33dca
bc8acd90
34fc18da
9cecd587
7f17b25d
07a6a1aa
c0410dc0
a147bf1d
de6f2446
bfd2c9b8
75fcec3b
1bfcd541
7e25b1d4
0fe3a242
6645a0c0
214aaf0d
4bef716e
2ffecd3e
dcb8dc5d
e0a04f7b
aa078455
d7d30f0a
eaf607d9
dd5dfd1f
cb60a271
0f9205d0
5c38ee57
e4d001e3
af16ac5e
5753de86
8a4c85b8
d55d551b
4960e063
84f5c0d0
1c18ec5f
ecc00df1
ec56a677
db53dc06
ea58a681
9d7c359f
4d60a059
4d82d280
bcf88f57
a0f04ffb
e80b8f5d
d3333632
ca568789
9059730d
57608207
2ce04391
fcba8657
9cf80dff
ec69ab55
d1330a12
915a1e82
92c95b9f
c764fa69
4fd112d6
1c98cf7e
14d9fcf7
8d5e12b7
54639e16
6a431201
da7b6091
2549e015
6ee04010
7d3b0c5b
96f48de1
cc0b05dc
fd331a12
ca5286c0
0319ff0f
ef20a203
2cab5190
75b10c5f
b8e696fb
5c0f6655
c3271a92
ca42aac8
933ff71f
8700f225
2cec5193
3cb95c5f
14dfe4fb
cc6f445d
56233a12
b2430a01
a27dbd87
6700e02f
6ee04012
c8b00dd5
17882285
2db36996
ddeba916
6ad67311
706d45d7
6064e49c
25f801e3
ed901457
6fdce290
2d9f6b1c
fdeb0b18
6ac63613
701d0553
6867b4f4
25f103e7
e9f03f5d
2ad82290
24df2b3b
dde7e806
6e562211
781c45d6
6866f4b8
45f81363
48728edf
179d229b
242561b4
ffbb3816
6cce6111
50795572
3c70b434
29f915e7
65142657
5f11aabf
844eeb19
bda7291a
647e34db
d41c755a
7470fc3a
01ba11c7
e9701755
189ac43c
845f1b3c
7da758bf
4c461453
f45d3636
3c72b4b0
45fa41d3
d1f00edf
1695221b
250f53fe
5cb3821e
6cd74618
18590558
356eae12
2dc901c5
f9580eff
7694acbb
c5cf6356
7ca2320e
643ef618
90592853
3664ec36
29eb1925
ec500f77
388dc63a
a44b0194
7ca7d0be
44463611
b81d4402
3f64ae9a
4de84dc1
191a7caa
7e35ceab
c1935f78
a222e7ef
73688748
1f69ac94
1ef3a157
4d03dd92
897e75ec
6af48fab
c58b1ffb
060bc72d
c1694f48
1ed8a09e
1af4e1ff
89428c90
093f6cee
78fccdeb
cb833fc3
8a00872d
e7799c8a
f75cf8b6
56f1c75f
8b0b94b2
29d276a2
3b297aa3
16973fca
a232e6e9
61313518
994d06d6
96f7e1e7
57099d48
83d7668e
337b47b4
cf9b0d30
a722f529
c169179c
3d4fcc86
96ce72f6
01287bd9
21fe64a0
6a79c9aa
5fff3fd3
40129f29
85618ff0
bd6c9e0a
16f0f7ce
6d0859e3
a5167614
7a2d28af
0acf4ee6
0b2525fc
15305010
d8436657
b7ee93f7
e73d5ae0
299744a1
7827cdbf
1adf3dee
3133916c
55216713
194b47c6
b5caeb76
e73d4ae0
243e4c82
7c2f0dbe
caef8fc6
1b1b2568
9531d598
3d4b46ce
b6edc375
ed2550e2
f3ce9d7b
c0f04c69
876030b1
c4cb4980
3d8cad49
c69f3adb
9962e873
0b628596
7b4efffe
c4f4cd65
851d4ab7
a4930980
3f9c8941
46bcbb5a
dde03a5b
2a5fcd96
d34ecffe
cdd5cd74
c5612a37
84932902
799c8b48
06f83b59
f5c06a78
633a8d14
70ebad2a
d4d30c71
477170d1
b4438da2
3dec8d00
87bdeb49
7f72bcd3
2b165586
32cbcdde
41f34461
c5b978f3
84d3ad84
39d4ad4b
16c9f300
7f60e883
6eeecebc
d1cf9fe4
d0d64c67
c5b13037
c49f29a2
3d19b84a
97d8b703
fde43671
6b2ad604
21ebc5eb
c4db0c25
84d474f3
55e52b0a
2f9cadc1
b6fdaf09
fffebc73
290ec53e
a3ef85ce
90d14c2c
85997873
c48f2902
3becaf42
17efff09
fffc3e53
2f2e5dbc
91efcfed
20d72c37
87813ef5
c5970127
2bc8bc48
16c8bf08
f7ed3c7b
6b0a0d96
dc10cde9
2c83f98a
749baefd
7017e67d
8f9b429c
88029c76
2c0ad398
f4b47beb
dc31cdd8
2d027108
745be4fc
701ea4f9
ab0b4add
88aeb4fe
38088f19
b4ff638b
7c30d480
30025108
505be6de
f01f9cff
da0e4758
e80ad47e
0a089931
d4b6708b
10915ca0
2c007d9c
369faee9
7616c4df
8ea37114
9966c0b6
b02f9332
e4bd7b69
e1113719
6b019110
520b76ec
e211c5f9
ca2b4414
797ac8b6
1802d59e
d4b52b44
38115190
21235518
588be6ec
7013987d
c207070f
f82ac7af
ba08918a
d4e4b00b
481014ac
30037b9e
75972698
5656c65f
ebe67115
9972d8f6
282a9112
74ce736b
c81114c8
320b3614
74976618
5014a6ff
c247513c
2962d12d
b82ad1b2
f4986048
78111388
320b7398
709b66ad
52148e7f
c246650c
f91bd627
2828d192
d48e6b79
ac147445
e104b8df
f063a51c
33ac9cc9
847b54bc
eb35b13f
8981b378
9dd85b9a
ec146745
e28699fb
b0228d1a
b23434e8
25db64b6
3f28b1e7
9b01e368
ddeb1b9a
6cb4f641
8e163bcb
b02e0e0e
f3b8b5db
694944f6
09a3b3e3
c983ba09
ddf85a9b
091e7545
7a84387f
e26a2e1e
d32c74db
016b75bc
afb7f11f
99818328
79792a8a
0b156905
6ac51aca
b0ba7f9a
21a1fc4b
35e9f4b6
fadf909a
4fc3d299
49ff1cdb
0f166401
4a3578ea
a02a8e1c
f8b5b4cb
81db76f6
4cabb3da
0907f36c
ddf0e8db
8d9e76c7
2d0478cf
a2736e1e
a3ac74df
a2656eb4
e8b5b55f
198bc260
7de90a9a
0f1f6f47
ef17b8d9
82711b1a
33b9347b
a0e77eb4
49b741d9
19d382f0
594148bb
0eb67603
4f3639c9
e271bb3c
f9b935d3
876b4db6
4a33b30d
0a8bc2dc
dd454a9b
9be6ab5e
d2798ee5
0ca84017
99f16b10
731cb542
dc583369
e931295b
221a80b5
137287de
d1fac6e1
aded1835
4dc30a10
71183563
76f867dc
79712129
821fc3a5
8b4eefde
89f80c71
aded2833
8bc12a12
774e3563
b6f92350
6d712a63
aa1a5364
da629d58
a3f8c2f9
005024d1
4f886a12
4d9c3569
54393341
7d737d5f
aa5a05b6
65e6cdda
83d0ce39
797559d5
65e1e8a2
566eec60
b5f8b3c9
6373277b
225b87e7
e562cd5f
8df8cce9
e5e10936
29e9a912
67cc8c41
167c22cc
7b71324b
235b0d64
a8f2975f
8bfc40eb
a4600515
0defb1ce
47cc3541
3e7934da
38687877
aa525c94
a9f686ff
8efd883e
a4e20951
08a39182
46e89541
b67923da
356c38fa
2f5a0da6
a9469f7f
7efc0a6b
a2300910
09e72106
47989441
967920da
3d6e6a1b
2b5a8d45
53ac4410
167bee8a
6f1cf1f8
a18052ad
6461bff7
ae81acb0
0336dfdf
56e0bcaf
03ee44b6
5f7dce8b
6c14f1fa
aba0722c
5473bf56
fcc5fc94
12a2d5ef
b4e30d2f
03ee44a6
57788c8b
7f0cf14d
aba03329
6461bc2a
afe77c34
0285c76f
b6d3ad8f
f2885110
1a7bff48
7b3d91ee
e52852ad
4c418ff7
ef85a8b3
8b3723df
d4bcaa6c
97e9e152
514f8e48
ea1df528
a820b0bb
c4e30ecf
ec64e8e7
3a2e55cd
f4f7312c
666461d6
d16e0ec9
7b35d54c
8228932d
46659d67
a7e1fa97
8a9fe50b
bca0b50b
d2dd7120
56dfbf48
5839d12f
e5285f21
7c51afef
45e4ea61
8fb777de
55a9ba8a
82c961a0
516bb503
fe39f16b
bc28d229
7c71af3f
05c2ca76
8f8717df
34ac23ab
c38b70a0
556bcdc7
5d5df563
aa285b2d
747199e6
67e01ab3
8e974747
b4bdb08b
b992ec99
3082212e
9c192eda
201f3c6a
cfa24380
d5eadcc2
204ab2f8
e5024345
b9821e99
34832937
88192e69
301fbcfa
cba27388
d19ad9f2
31c2b290
e1205251
39925fd1
3882693c
815b2ee8
a01fb4ea
cb604788
d9aadc5e
a542ba98
c1587357
088006bf
140bee3e
f71446f9
566d525e
ade6c308
bc3fcdd8
296cca00
6da0556f
4c801a3d
3c0aae7e
a1130eed
542f41d2
7ab28000
993bfb8a
a9ecd200
6d6186dc
1890019d
5e80fcfb
841a2ead
544ba4ca
49e2fe08
dd5fdd82
b94c92b0
4d2844dc
d84d34ff
375ca614
4f016691
d5650a24
cc468664
b9345d01
64089c30
4881955e
fde90637
3554b607
8ec25814
df9d0a25
2cca0622
7eeb7f41
623c9c37
4ce1c47e
ef493ffd
3858f6bc
20622a95
554d2eed
096336a2
bdea5f01
343e995e
48a09d5e
8cd63c46
72fd2ebb
86f75980
9b73cf7d
55629499
f05d3607
e6e5322f
271f8900
2c5a7c47
787deee3
8ff15930
1b71cf33
b571b4d1
f55d2607
e6f17217
2f1fd740
2c5a7c2e
78fd6cf3
8fe71b70
9b69ae11
f353b4c1
fc49264f
e6f532bb
0f1f4700
ad729c67
7afd2db9
0f9b59a4
49f09358
c570b053
f4492779
f6f1106f
ad1f7481
09728e1c
7c7c43fb
8edf59e0
58e9f81c
a17490d3
b5cea675
57a67c8c
0f9755b1
0c72cc6c
58f849b3
9fc10bf3
1fe58c9c
ab21f0d3
d4d92047
fff13c2d
059ed9b3
acf20c7d
7acd6a79
8eee19f6
9fe0cbbc
773094d1
700f264c
e7ee3635
6f1715c1
a05a4d08
fafd6b29
8c8109fe
ce6bc918
3722b25b
f49e260a
6fb2141d
2e373480
39fa444e
7afc4fb9
ddcd0972
de63c838
0701d0d2
341d271c
eff07711
6f9f55f1
2a930ccd
56186aa1
1596b95e
9b6baf19
4b603253
78ed8456
7aa5d1e8
2452a318
ca3b4644
3e182ba1
4dbad1fe
bbabef1d
5a62f013
f9e96786
7a2787e8
24d2bb99
2cb1660c
6a3ce0a0
3dff53fb
9aaf8e1d
d612b35b
796966a6
782583f2
241aaa10
aebb2d5c
53b966b1
07bd549e
3cebaf11
743b3153
78e9c571
fe369568
24422173
2ef90e4c
4e8946a0
0fff0348
6ee38f39
fb7b91d1
ea4d8df5
ca038d29
240261d0
aefd6d5c
7a9d0680
09bf43ca
5e2beb5d
db4e9759
f8dd0734
76219d42
2c1b07f0
1c7b0c4c
14d566b9
058b0c92
1db7ab39
7f169153
12e046e4
2b3da53a
200e3574
bcfb1d7c
5cdd06b9
0fab0990
5d87873d
7d0fd418
b2a106e5
6e377d1c
200a2550
bc719d5c
38d966b8
9cb30093
1ee7ea3c
db069451
b89c06f1
ec7bfc10
209a3570
f3698323
cbffd75d
b2c02937
4ff43996
3c9f8d6f
57335b01
b5bc5d55
da94d4f6
f769b527
8defd74e
b500c137
4f642386
3cafade7
76178189
3fbc7945
1af594b6
d369fc67
a5cfd34d
f6c00117
4fc54196
9ca7ace3
26165199
97be5d17
3ae6c434
e7493007
836b25c5
e317a965
0376b684
3ebb8ce7
0f32f5f3
a59c1e6d
daa5f67f
b7cf5033
83cb37df
abd40129
b588108f
4a8ba5c7
8393d512
879a2aed
5af7450f
f5093123
8df93747
f2c08564
13ee0097
bcba8485
8fb6e48f
b7ca1a5d
5a47d5bd
57492331
c14f3345
915cfdaf
f97a8bc4
1c018f2f
6f04cf33
f71d5fc4
53a427ae
57c13010
c16b3745
99dfddec
f87a4b94
3133ed6f
6f82c727
d7bc0b84
52a576ad
13413303
a75b77d7
9bcc6d6c
fb484394
3c218927
cf86fdaf
957c1ede
5374f7ee
5edecdec
a470cfb9
cc12b6e1
a45a460a
7b728eeb
1558fe15
423391fb
2202098c
5ec3c5e1
a4d06db1
d55ebecd
50d60e03
53d0ae09
d49cfec2
47159177
26870fce
3e9eccec
a0e08cb0
dd5ff6df
40520e0a
b3c7af28
f6ecbe14
063191f3
a4071e0d
4a46eef6
a550ed26
4e53f6e5
955e8611
dfd6aa23
9d19e7a6
5f1310ca
2443d980
7ad2f2f8
a5c4ec6a
c757e240
4057869b
f1562b01
5ed9d742
865588a6
2482523d
7acee3ac
a041ac72
9d5fde45
4252ce8b
3bd62b33
e6f9b6b2
04419956
a08b5635
dffeeee8
b0708fa5
5c13fecd
55d98609
ff769b8a
874cfa20
c32345ba
26a3e9b9
dbeee6f8
a472ecf4
5c56fe43
d65916a1
dbd70f0a
87c8f9b1
c7614942
a62bf1bd
7bfee4ac
a0fb8dfa
9d47fe43
065a7e89
1b570f42
a6ecefb0
46219166
a68fe83b
75e19175
89c23342
a3f54cc6
4cab1896
b00fef74
b68d577b
052eacc1
09f67cee
55c11124
cd423a61
a1f56953
5da26096
200fcf50
dc1d6bff
47aa34d9
09f659af
76c59171
8d835269
e0910cdc
75f6c096
180fac14
5a8313eb
bfaee4f9
50f55de7
f6e18971
c945b161
f7e578a0
0cfb8884
3515afc2
5f1f5f7b
496efc61
08f6772e
f6c90328
e347db61
f2e519f7
fcff8882
159dfe82
d63d7f6a
df212e51
1b2fd7f7
d5e79354
e153ba2c
a4f14c55
7cd783d6
198fbb87
4ab96773
fb7e94d8
1aed672f
724ba368
e5463a64
c5ed58ef
e4c34f05
bd1d8f76
5ea99fa0
5dbdde79
19af372d
524b212c
e1501c77
85ed78e1
bedf4785
b98dbb57
4e834f63
5f3d1e59
19afb73d
d3eb3b6c
e150123d
95e558b5
fede4f05
99ccbd73
5a882db0
7fbd9e5a
332b7727
1357879d
1689eeaa
efbff801
a18e7238
5e6152a0
b4d8c8c2
1696ea3f
69a9bb1d
bb1305b8
52caaca4
29acbd4d
a28c703c
556951a1
e5bb40c2
5204c36e
e939ee1d
13b34388
72faeca0
1bb5c808
090a7378
967a656a
25dbda42
120c83a6
8179aa59
3605e5d4
16c0e4a0
6e3e17eb
848fe23e
56d6bbd2
aec9eaeb
4224f950
25c828d3
9e54e9f4
45c06c10
2e6fb689
ad80127b
77c4dab8
2e598222
6234a553
2199a9d3
9a3f63f0
daf04c9a
0c6f976b
a0a8112f
57467a3b
2fcda352
5204b1f2
a1f9bbd9
baeccdf0
04d98680
6e3ad098
f1acd20b
5446af7b
86c92a63
4f66be9a
248c8046
9e6cf5f0
46d9d6aa
6d7a52b1
e980db2f
6644ba7b
06892e70
4fb7adc2
248c3806
9a27d5d4
51c08c3e
2d7c5013
a1a4d92f
7646be6b
67cd3f62
4e25ae0a
2488a016
8cb13441
ec04234a
a8dfaffa
9ccd9cda
8816e08c
a59dc14f
598bd5a0
2de80368
01c40e60
3c0d6a4b
c83fab7c
9caff079
6230b489
bdacec4f
5acbc482
2588cb0f
20944610
0e07e38b
a03eae69
9dbbb06c
4a007791
55aafc43
5b80e0b4
c5d84b9b
8cb03c4b
ad04724e
20756f7b
3e89addb
a814d034
39934555
198b9490
00ed4252
acf10cf8
b8b6f3ca
08ae6add
7cd9d5f3
6816931b
09114f5f
7dab85ba
0c8f4f65
2c90564c
f82da37f
8866a6fb
f4ddf47b
e9075f99
57b38feb
59c980b9
558f50e9
a6103457
b984328e
3075ac9a
3ba5b5de
a8575034
1831c557
044fc468
f8d9c678
ae30146f
f5b273db
30638cd9
3b9d85d7
aa066472
1a3355c9
0d8bd818
e8c54a7b
ad903403
7916b289
b25b8ef8
f897f4ff
881e4515
1b33054f
1d0b90b5
c8c55a7b
0c11b445
019c26d3
ecf754de
5dfafd12
ec47b69f
1a05a73f
428db480
14e42840
46993040
091862d1
ed93125b
5dc2bd13
14579693
1a052ffb
c2aba490
15e43943
4c113441
21c866da
ed77165b
7deaf414
fad7ae93
4808afab
43aba690
04e63850
241520c1
41d272c0
263b969e
39f03c5f
54d7b3b3
4a230e33
428fc668
a5e03c40
2f3c7040
519c2699
44921413
5cd87055
0646b793
4c26afa2
82a5d410
35e53f90
16bd5045
699273d8
546e145e
58881443
12c7d7b3
c8260eeb
c2afcedc
a5e13b9b
bc191451
459f64cc
643b1614
f9aa741f
165792dd
6a870a37
42e5b6b8
a5ec2940
b4990421
11d637dc
6760163f
fdb4601e
3647da93
48a30b23
4326d638
25e03f4a
92991045
5fc276d9
6477103d
ffe9551e
1444db97
6aa70d22
49effeb8
35e02d0a
ee66f9c4
a97458ca
1673d5d3
20854671
8bbf50fe
26c0a16d
5a1141d1
322e262e
2e76ed54
8d7c58ca
3f7accf2
2a982e91
8b8f5076
4ef53bed
0b3f11b1
b20ef22f
2c76ed0d
8934529a
1b67ccf2
7a55aef5
8b8f7176
2ae5234d
0e374131
920e7b2f
aaf4f9d6
a8745990
5c489406
a884469d
aabe706e
d6c0206c
6e530179
321e232e
2a77ffd6
88fe1281
7e44d402
688cce39
aade71e6
efd672fc
0a471083
b77bfc3d
2e74bdde
ad3e1b9a
3fede4c2
2a988e85
ab0f507f
32e123ec
4e1f4343
9256ed8f
0a74f1de
a26c5380
1da1c403
2ac084d9
ab3e7866
665000b4
4a1341c9
3259a289
2af4fc8a
adf40390
5902d0ae
2a90ad99
4bae796e
85c0226e
4a9351a1
9258a283
8bf5bcfa
ad2ec390
79a9e88b
2adcca19
c38f456f
1ed0220e
4a9303a3
931fb689
73245397
bf13b18e
715cadcd
6695b0ee
a47f4fe7
ad96a8f2
110a5b4d
747dfe6e
f3205196
fd731796
5374b5cc
c68032fe
ac794fee
8d96f96e
031a590d
f3f8bf2e
f702c5b1
bb33d39e
3360b9cc
a09037ea
e47e7bee
2db6f9f4
130a0f65
9b799fac
c28fe393
65339986
56dcfbe9
c491d4c4
b4696bef
ee8aa84a
1d140939
d239fb4f
42275330
713f950e
10ecf3c9
271914a4
bc69fe2e
8f8599f6
1704150b
9819abaf
e62a0191
f33e1296
3bdceb4c
721c35ec
dcfd49ae
8d86d8ee
534c47ed
da25ab6c
d70c43a1
693bf104
733cfb0f
e81159fe
3459ceaf
cf8628f0
de970bce
d72dbb8e
aa2bfba1
49bb51d4
133cfb0f
fe103930
b4794a2e
ef85a86b
5e952dc7
f368b80c
bfa7e6b1
c32b79d6
33bcfb2c
f21c1574
b4e96a2e
4fa3f86f
da851d4f
993cab8c
538f5622
0757b66f
a05f321f
eba510e5
3ce58f3e
8e2b7fb1
97f7bedc
5d851cc3
738f1024
0553a6cf
e7df3b05
ffb434e7
3df0ed9e
0aa13cb3
97f3fe54
11a159e1
f58b36e4
8777aeff
addb7301
fda410a5
35f5af9e
afa178a1
97e60edc
35070df7
138efe95
c55374e7
83532a37
e32614e5
3cf18f9a
c7a33ff8
97a9fe4e
49854c86
bfca9cec
ffd3a5f7
c7f72344
efbf356d
bde4cb91
86ad2d33
93e00e7e
21a459e0
750f34fc
81c1fea7
cf5d2b72
f1ac65e7
3d648f94
c6a52a60
97fdae5e
23a449e3
370e6231
8ddf7075
a3ff3a7c
f93719a7
3c718f9e
4683bb79
97cf6e5c
6dac4ba6
730e40f5
0d51f87f
83fd2b50
d9b777e6
3fe1ab92
46a33d28
95cf3e5e
3da54b26
b18f42f1
0ddb7eff
87fd3b34
f9ac35a6
3ce1a8b6
47e328aa
96edae7e
2f244be6
7506bd11
d8d36de0
989188de
22e360b2
1f367489
f427455c
354ada28
ea5f1984
712e0c63
9c972df3
a4097416
63a37e66
5f268481
bca665c1
875b8646
6a56118d
f126c563
0ca17da5
a0cd2858
61bf7076
df36a549
942e66cd
d70a241f
a05a518c
f5a59189
c9829554
db68e45e
64bc94e7
a82c0da0
e01220ec
240e8cb0
c8464caf
f1c799fb
c9c29104
12f8b4de
64f0f4f6
b20f49c9
6016f8e8
3d8f5d18
88375cff
f964996b
69835134
f3cba07d
359c7464
9e3ecbe9
4032e848
170f1ed4
c87799dd
b3051bad
b183b314
33d0aec8
3094a4cf
8cad4144
abb6c0a8
301ed920
d8c58f7e
93e5a389
b582b314
73b8a6ca
d09614ce
8898444c
cb22d9a0
328f9d18
d8a4aafc
93a5b121
37123304
7290acc9
509704cc
a8bcc5bd
c9a2ddca
bd0c9d68
d8e5af7e
f34ef59b
9afd0cb9
7e28f200
898a5ba3
71d0befa
c6fbaaa2
d7e269ef
eb13d817
f38e81ea
02ed0ca9
ef88f2d7
c9a811e1
59fd3d9a
07e91a62
d6563aef
ab401a5f
93ae47ee
92ec4ca5
8f6cf347
89a87305
75f91f8a
e7e9ba5e
56602269
ab398a5f
da1e7400
0ca00cbb
c8e874c4
2f8858ab
49613e8a
8181aa3b
c783b0cf
e7390a18
187bf68f
0ed16e3f
e8a45eca
b0ea9dab
41411b1a
67edae5f
c3cab5d3
47881a53
1896f6ce
0af7eceb
8f6c5b4b
a1aa518a
61611b8a
8fe97a9b
ca0230db
add90893
96dfd4c3
80e46df3
c86bf256
8a9f1cab
4361beaa
07c93e5f
c38362d3
6f45081d
fc0ad4c4
04a4acfb
aece721a
51d374ab
69307a92
a7e13e1f
7f4330fb
ef84181d
7c16d4c7
8ce26cf9
8f6c7212
e020302b
43610e82
26e93ecf
57826053
ee99489f
b16b9a3b
dafe8e75
c3ac4962
0f6a59a0
1bb08f48
f7fe4b8e
b5fe6a07
4bf1d414
916a3bbf
da68dd77
f28c0906
0b627b88
99a2a88a
f766118c
f5ce3827
4bf59604
13cb2baf
fae8cd65
89800945
0fe34180
13b2af81
375e591e
f5dc6e0f
6b958554
1ce3a92f
984cd06d
abad2b62
f2774ea4
8d3b3818
b75096ed
a58eba3d
4be74beb
35629b6b
ea447c25
bea932c0
f7699ea4
c9a99a80
776f14e9
e48e92f9
2ae547aa
1a63d16b
985ff236
aae92dc4
7e7f4623
09ba8e09
d6d630b9
a48f0a3e
2fa11782
1ac2232c
785b516d
019d0ccb
94fbc55c
d5995019
f8f844da
ec1ce89d
4926766f
38ca213c
74195b6c
01f829eb
91f3cd5d
490af03b
f87544bf
b0b8e898
412e6eaf
1ad33b2b
6419db2c
11df2fae
f4ff8c1d
1fb8b119
f93547d9
b2fca8d0
412f66e5
5cffbcc6
e8fc8efb
ce0614f5
1762cb0b
dbd69c0b
511d7e9f
c7a7243f
0ec78d90
4cddec66
ccfceeeb
8f04d7f5
1f62c709
fb129b2a
764d061d
e7e70433
2ac79d92
5cdfec4e
c8faacfb
9d465435
1f62ef0b
33479001
bc492e9b
cff70437
2ec78c92
f476957a
94decd69
0c315154
7f2db228
cb36bcc2
34ac2a2d
4f92b5bd
8e875435
f4ffd55f
92cfbfea
9cf85056
2cac1238
52079cb2
b6243a6d
e712268f
0eb7253d
fcfedcdf
8acafdb1
5c545471
232e7a28
fb049ff2
70682fa5
ed137719
2e875411
51b5416a
5316836d
90dd096b
28b902a8
4c22f8d5
759ac96c
95d0ebbd
cca37aa7
d19556a9
4f13b3ec
5098990f
bd1d7062
0e3af9d1
fc26c1e2
bc40f81d
cd0f7236
639f502f
6b06f328
58d5dd69
357f620c
6f3c7951
7c2ec1e0
85d07b95
ccaf23b6
913520e8
30546b90
0aabf75a
b88bd861
bf80521b
116a0c34
b26a849a
6966be39
83f572b9
34713095
9fa97b31
a8bfdce5
5fa32852
632e6d9c
f66fedd2
4a73e039
9b74648c
1821f115
5dadb2f9
b99bee6d
d3963453
a12b6d94
f2228482
3c73ec31
98110888
2006b085
10e30efc
3a98b87b
db22515c
7960cc0c
3cedb458
4d2f26f0
b0382788
30b3f303
1dec4dcc
b2bbe17b
d30e5350
7136d0c4
2c6da590
44263ab2
7c70619a
2821b301
51edadda
30dbac59
c31017d1
f12fcf94
7c7fc691
1c066b33
81901181
3b80730c
33c3aeac
1a5684de
8bbb5014
9936d14e
bc6fb968
5df62273
b5941089
3fa6b31c
32e3ae88
109fe4df
8baa5154
d942d50e
bc4cb254
dcd6f376
a590b393
3b211300
72a3ae88
119f84ff
a3ba557c
9933d78e
3c6ce1f0
dc667b7a
d99275d9
308128ba
04ff36d8
b08fa4fb
4d527298
a8893062
0542a2e8
a50a3982
a99675f9
328928a8
049f127a
b0abf15b
4f716299
ac8c38e2
0444a8c2
a5080942
293645d1
56892da8
443a3af9
b0a3914e
47f8661d
aca94ee6
4244f818
25083903
ef927551
358828b8
04cf3dd9
a89f34fb
0f684391
acc810e2
0800b0ea
a52ad902
ef1ad76c
11a86ce2
cccf1959
75bafdeb
6f496e98
88ce14ca
c040b9d2
651e9002
2d9277d8
16a968be
45fb1e7b
71aaf84a
4f4e6fdd
adfe9662
c008a898
250d1843
8e167461
318138ae
04ff2fdb
319ba4cf
2d5c4010
c8c9986b
846da83a
a56378c3
ce967688
329528bd
04d3fe9d
11dbaceb
2f5c6718
ddea0448
0c48a8b2
2c095ea4
ae1667c9
22812aad
c4fb3afb
319bd46f
ef5e7519
9cff97c1
1449f838
2c291ac6
3c190461
78872767
9d9bee6b
b573fdcb
b331a499
99eff73f
dcef8020
c5cf4511
15919109
e9a57553
9b1fee9d
d475f67a
a917a7c3
1f2f232b
4c9352c0
c597e992
7c91d821
a8a63543
bc5fa47c
74dbecbb
991787d1
905bdb0b
6d8a00f1
6d977f42
2d194c2b
fc8fe3fb
ca9f061e
d537cbda
d1f09699
995f7b1f
fbe69536
cddbd011
35b21291
d2a331e3
981d6e59
e4b7d7da
9997a7f9
1b7230c9
7de3e27a
cdbbd7d1
7c388842
aaa35530
bc4d06df
f09bf6fe
a9612748
8a8f6f09
287fe0db
8ce7c7d0
301b0413
5497affd
ee1306fe
7f37911a
dbf0b299
89237a9f
ffecf604
edbf51d1
04185c93
b6b62dfb
fe11067d
5d734f9a
9a622218
992f778b
2f62a2b7
4def5190
74914cd1
bae65128
fc6b86fd
1493c59a
9a739710
982de49b
2deaf031
4dee4532
84e7994b
a844916f
8bf52c40
5cd32cd2
b91ddce4
c915d14d
29eda8f1
ab5f4afc
14a59b0f
ac347b6d
99f12844
5cd5acd2
910cfdc0
111f014f
39cb0a91
ab5f5b35
7e459b0b
ad04f361
91f42e3c
5cf784d2
b90cedc1
d13713cf
7dca58d9
4b1f4b36
8d279f4b
ed34d077
80e30ad0
48835dc6
b10dfc4c
d39d535c
25c9ee19
ea5f47bd
47c792de
ac30202f
82e5ca42
08d184f0
910fc162
939e51dd
61fe1a21
cbddc7bf
24478268
af173020
91e52aec
18ffc5f2
b90bcf94
139753cd
75620899
cb5d57b4
25cf9b6f
ad145065
81e42af6
14d32dc6
b98de508
f29041dd
36fc1a79
cb4e1735
b4438bcf
ac36582c
82a1aee0
1ed34466
b109e708
9b97c19f
b4dc3871
4b69f7f5
46478b47
8e153875
a3e32eec
19bfe4d2
b988d518
d3a3414d
f66d3079
0b586fb4
14914c00
20c62755
cb9f06de
55f69c4e
9a36b09a
5143453f
648cc6a0
c4c62561
14911848
28826355
9d9fb7fe
547abe5e
9e269083
5d6e55a7
658c84b4
dce66561
24115828
30832747
99dba77d
38cffc0f
9a15c691
f18a5c1f
f5a794b4
44e67072
d4811c91
2342235d
19070a8c
763b82d5
9a268080
1100edfe
2488c614
ec87e369
9d411878
a544dfdd
40472cd4
1ed6f64a
9a13bc00
692ac6e7
0e9cc650
c8866c79
2591181c
1889f38e
80c38ec7
7ecffe46
1a02c4b1
712a4ca9
a5e6c6b6
44875050
35111831
310633d5
50c32e8e
62b48656
88e7f494
29204536
84cd8624
fd876a6a
b59d10b5
b503f3cd
d0c72184
7c947e4e
be63c414
4922ea61
e4cf9e26
cdcf436a
25111820
3101f75f
f2d7a9e5
56cf76de
8af3e090
c92a6465
a6cf861e
45a75053
14b95a2a
fea60fc1
df83ccee
16738b0b
b3acabd9
1b76adad
fbaa518f
de9714b9
3839de2a
2cac0558
5db6e453
3e5e8a0e
b29cbbd3
9f56642f
78a245eb
3497e4b3
3c7dfc3a
38955748
dd9a5453
def6cf1e
3a9d92d9
1b5d462b
e8ba5493
0e86f4a1
b4995232
fef69f45
db038e47
4276ced8
fba80580
596e63ad
d7a6038f
d71676b9
191bba1e
beae2bd9
5d84a8e7
7e52dbd2
da2fcdf0
997e31af
5da80f71
5616f4b0
d8f8dd60
2e87f348
dd08d017
9e56ce1a
9acd97d1
0818e635
6dbadd23
948ef4b0
f4994818
fc36ffbd
db85cfef
4572df70
f9b2e180
516af78d
ffd09385
cf9a5790
b59b5a1a
78feaf8d
db55ad0d
4c57eff0
bb31c580
190ae58f
ece40107
519e6718
c0d9d80a
7aec97a9
d897edaf
0c44ef10
99233540
b90ce595
6fa0d327
50977470
bb86c7b7
13c3dcae
04583ab8
a08d71ed
65f94eb8
a4afb8f2
1646ae5e
7d199a4e
1b0257a7
5377ecbe
0278329c
808111ff
45f07e7e
cda3f862
125a7b7d
fb19988a
fba647a3
177becae
027439de
a18111ef
a5f95e3c
afa7f862
1644ea5a
d33988cf
2b86df83
13739cae
44f05314
a28f65ee
45e966be
c49db8f2
06465ad5
f7398a0f
0b3eeec3
53278d8e
42507f39
e09cd7eb
75f9e63e
4c83f062
52f6b3d6
5b89980e
8e26c6f2
a7764eb6
02740e5f
a11d51eb
75f8463e
cfa7b968
96de3a7e
ff39a98f
ab06f7a3
59a950aa
a2f83b19
a80d74ef
157948b9
edc19852
14cf687e
7f79c846
82aec7a3
1999182e
22743e57
e00554ef
14e94abc
4de7b852
94c63e77
db69c8c7
a32ed6a3
4e9b488e
03fc2b3c
e12835ef
65e848bc
4dc390ce
94cf6a7e
bf78098e
a166cb8a
fe629935
9dccae43
0253b8e8
31b82888
d57ad80c
38f8032f
cb1bce7d
f3e68f8b
ba60892c
91c8af73
82d704a8
93a823c8
b57af90e
bd781be7
eb3f56dd
b347cf8a
12264964
9280ade5
001b68e4
e3a85fc8
d5daf15c
fd785327
cb1adf5c
2d420a9e
7e6a132b
5f452ec3
0279b6fc
e1b95300
b84eeb9e
3d1dd2e5
f35a467b
7d6d48a2
2a6d93b2
79452fc1
b27206d4
c1a912a9
a557f31c
314f01e5
ef7d0764
4fc62bc2
1a200322
b98b2fc1
0113a4f4
c9b97de8
b54bddde
350843ff
4b1c847d
efe430b7
ff283626
3a79a28a
634475fe
81a9db24
dd465f1f
240fd14d
7eecc65a
0d2e2823
7d301746
793bfbe9
626c179e
a9b993b6
cf467f8b
778b554d
5bf4d45a
472c3283
7f381f02
6a6fa388
e37915ba
e9bba2a6
9b435f8b
351f056f
7bf4c54a
334d0928
5e8be710
5f98fbca
9006f30e
56a1fa1d
7ce6de90
a43c9906
78b42527
116c2db8
17cb6504
3789f988
8214824c
46f0fb6d
7426d4b0
2474dd66
f1b4b466
b1c105b0
51a90504
1598ffa9
b026e24c
57b2fa7d
6580cce0
269c8de6
70b4a5e7
d3c72428
57cbfd04
7fbc79eb
f00f525d
fea16121
e3a2cab0
20348f5c
d08e27a6
57c434a8
4f0bad01
77883d8b
e220434b
b6b0592c
a022ca20
aab1cd2e
70a4a4ae
f34037a8
5bd3a706
759078ef
3122c24f
f682fe5d
cd80c424
a4b69dee
50aeb5e4
d3010aa8
70cbf706
179d72eb
54dcab35
eeb0f977
dbaecea0
f8bcdd38
508e33e7
53c108a8
714bf584
d791f883
b5dcea05
ecb0fc3f
cbcafaa0
fab4df2c
d08e3e46
d1c13ba8
7143b706
5590f0a7
e416ca4c
ac96fd2d
e98eceb0
fcbddd1e
70aea7c6
18780c03
7ebe87dd
fe2205b9
5f72ab08
e2b2b2d5
18738f27
78e82527
dfb0d5b1
18383dd2
7bfed7dd
fd220d37
3673eb1e
e2f5b6c7
1e7287a7
48e22745
1fc155b0
08387c17
3ace83cd
b4628553
0e66e91e
62e9c2c3
bd5a5d03
f9e2f747
1fc0c5b0
30987413
4fbf03d9
f902052d
33269b0f
c662a545
197aa507
ffa04515
eee09592
11187407
7b2e83cf
7107a1d3
4326ff5c
5a6394c0
394a1d07
3f9605e7
94e07440
03987c17
508ed7df
de0a8533
1f62fe06
fe61a5c0
795a7db7
35f28747
5af5c5c0
17914837
1aaee74d
fb07854d
0e62ebbe
dae3e2c0
597efd97
a7a6d085
cb9157c9
37187013
486dadcd
9b15afec
1b6bfbf6
fce3a044
714add17
a7c2c3a7
e1d35481
05105817
7e6ca5d3
fb17a56b
4f6acb76
fef18541
710af59e
a7825387
4df356c0
4e2fdc64
acd45ceb
cc777606
37e11fc2
a9409c8a
2e9db33f
4aa39679
2a5a198a
de9fdc6e
8cc40ceb
8f564734
7ee27e62
a96694c2
969dbb7d
cb33d079
2cc60e8a
7c1fcc67
8cd25ceb
cd395615
7deb7f62
a957a592
8ea9baaf
4b036279
6ed2589a
460fdc7e
c0544ceb
c8757287
3765d8c2
0d61dcaa
0209a73d
4613c233
28470b08
6b827c7c
88110ef8
887475b7
2dc85c71
3927358b
063dd4ff
4c1b9039
e8965b8d
6a0bf865
a8734c29
ce0d7415
1ee92c6f
1941e460
1eb9ae8f
5f1bd05d
6c8e519c
c46fdc7e
8064dd61
486951f4
6dc84a81
9966be8a
06817abd
43134791
2e470dbc
fb47df7e
c6c41e75
cc645632
7efd4b41
3de5abeb
c6c93a39
fd7146ea
8afdc7ff
788fd67a
8ac62c61
cd2c5637
2cf86d6b
3145cbc3
46e938bb
5d1f1639
2f8ecd1f
346b898a
f8661575
9bc48cf3
06d28da2
99298940
7502c30d
e9f84453
8a774634
34e9890a
e8f65d54
93808cc6
46d34c86
91a8a94c
5152d30d
7dec1417
0237cd34
16c9e90b
e9a41744
93c02cf6
46df6cb4
bb9ea141
51cad10d
6dbe4495
ca17c734
1ce3ab0a
cc6c1575
9b440d7b
045019a2
b8bd99c8
d1b6d91c
e9f80109
9af6d68c
15c3db03
a9ecd440
0bc4bc63
06d228c2
993afded
d1bae80c
f9eb29a5
c273c668
be49a36a
fa451100
ab950c40
03f50ce2
b9bab548
901a6d9d
61a814e5
435647cc
d563880a
fc66db74
1dc40dcb
04c429a0
aba8d942
93b2cf9d
e9780f29
829287bd
d561a10a
ea2ad176
f9c4c5e9
04fd48b2
89103d40
913a4f9d
eb280289
6abbf6fd
7441898a
e86c9322
38802ce5
06dd6a90
898b9d41
b1d6459e
f13814cd
4bb3d6f7
09164ec8
32816bae
5c9fb6c9
b096e678
df607210
89ec4cb6
e6abf3a4
e50e39c1
3b160789
66a36d3b
1d9d3ec9
303ac47d
6f52cf99
c8abc662
6668d8a6
e50ae811
3877c789
26a3682a
1f9f3ed8
f09ba4eb
8d501f39
dcaf56ea
66898afa
e51f7c57
09934ec8
7093e5a7
dcdf5ea9
b612c058
3d46b7bb
a90a46e0
acb2d31a
e52a2341
09b74f40
69b2bd31
89eb5edf
9451ce48
6754a7f1
e9295f80
6dd05926
ac2d2d51
3876cdc0
34b60938
8fcd9cf5
501388e7
4d459ff9
d6af52ec
6e58dad9
a49fff47
a91f5cc8
70179d33
569b1f9d
3511827a
1d60b79b
89ee3761
bbb2ffb2
e42a7515
a83edfcc
3516d9bb
574b1a7d
045382ec
2f66b7d1
39233fc8
3cba623a
fcbb1e5f
a1e6c4c9
37f69920
ee29aef9
1093a0ee
2f67b5d1
252d3f48
2eed623f
bc386c44
4974e6a2
7a16e81e
57205f79
0260c1c9
8390f665
75669987
986a976e
d96dcfbb
4f6e24ae
7a5fdecf
5d345d3b
83e865af
7e83937f
3567ae96
da6b750e
7b6e4dba
4bfceea7
5e3dbd86
4c245dfb
0bb0c5cb
e5b533e5
a367ea92
de7bb766
3a6f5dba
57f9d0a8
3a46d1de
99a1ee6e
20bcb5fb
898355e4
21e28da5
9002334c
d96d7afb
d770c0ab
720755ce
91b87d1f
20fd7c3b
a886d9ee
a1eaa9db
ee1abb78
5efc78f8
d7f9d0a2
7b25db8a
d8a0ad6b
23b8577f
a4b6dbd6
e1a6a9be
9a17f3d3
184ffc9b
571172a9
7b0a311e
3175af6f
305bd5ff
81a96014
7996c0da
9808d9c4
dd552af9
479070a9
7b23d10e
b1d4ab6b
f07bf5f5
98a840dc
7992c87a
188afbd8
dd7f6e7b
531922a1
7b21338c
729ca9ca
f11b45fb
e8b8512c
d992c966
980adbdc
d97d7a79
4874bd5f
82bc06f1
236b4136
1feb2a06
62f7b751
5a592d4f
4861649d
aff19251
c9f93d57
0afc46e8
463771b7
1deb1906
4e47b513
b019674f
696f24bc
26d11e55
cafebf57
0cfc46e0
6e6511b3
5d635886
c6563211
3a7d079f
69472499
2ec80b51
60741f57
1eac4667
ad205094
1dab1864
42571759
1cfd1557
6962e4bd
2af90c74
e9f5357a
122c0638
a8fcd390
1deb5907
4098c05a
333fc582
6460a0bd
4ad95e4f
c0773f57
12fe46ec
ee0e1134
5d075067
66563702
b475748a
6946a2a1
6af15e53
68741c5f
17bc86ab
ac240514
ad2b3a2e
46473259
14595557
6b42a795
2ad944e1
a0b48c77
12ace629
cdc80574
7d2b682a
4657f659
5751cac2
6d462615
6eda0dc7
c850af5f
5c9c86a9
cc4e0131
7d6370a6
625712d1
347d1c86
29423221
6ad304e9
43fc6e0a
926ecf75
988af785
9779cf21
fb40b40b
75ea2104
fed391ae
da1bc251
936ef60e
309ed376
19a0f6af
564daf25
6b00c00b
53ca2181
fcd1b1be
9a4bcac1
819f6f3e
30ce8fd4
9920fb07
0e4d3f25
43383183
67fa6311
fc510ba4
ba1bce49
847cde4a
8a6c80e5
9822a499
537ccd13
6ac85448
54fa3b4d
4cf36117
675acf51
45f4ba4a
4ce8fff7
eb201792
5277b9b3
ca095950
d47ba9bb
ec656256
8b4a8640
49feea6e
18ede9f6
e60ea732
0345dd72
e2e14560
f27f2b89
cdc36145
2feeca42
ecb6d45b
1baccceb
2a620554
0bbe9c9a
4bfb7691
14f3355f
40482057
af50d852
cdbcd65f
0efcc9eb
ea720716
4fe7715a
c3ea4450
3c7b31dd
35cf20a7
cf505fc2
ac3cd657
1eacc9ea
ea42075c
0be3505a
e3ea00d0
147f31cb
39476035
efd04953
f9a35440
edc036be
8cd545f6
8e8880de
49627820
35489854
244590e0
276f0a62
1b9e6cec
76492eae
cc9ab7d6
8a02cb6d
65605402
bd7c4c56
a6e6b9e6
390e1c09
0b3666ac
3209adbf
919bfba9
b010e66d
f563761b
f96a4c66
96e5c336
f50a3c91
f0eed74c
a8c056a6
1dc50d72
0ecc28f6
89765a00
e4091217
292ea549
2f75cefe
632a4ea4
7349e696
9c9dba56
aa56fdf5
6de25612
fce82a4a
1785e9a6
e3aec758
099254bc
380bada6
919fff69
f21abc69
55f3e210
b8ea6ce6
96e4e396
f50afbc2
fd9f4d4c
bcc01fa2
5ccd4ff3
a6c650fc
8b74c632
704da833
6cafe449
a53fafd2
ab9a708c
56c1ffbc
d0df8960
a6981571
3d74c6b2
c9e0bae5
b685fcd6
a5142f43
299e528c
7841edbe
90dbfbec
f617d579
dd73e092
e9ce7c60
d6ad8334
e52e6b42
0c9b2c6e
6add37e3
8fd3499a
9b75afbd
6d71b411
117d5797
b6f7e6cc
35072901
a4df244a
e7fd2aeb
8ed369b0
9b658f91
ad199437
377d170f
bff5c66e
2710f910
2c7f5c2c
68fd6feb
8f9b0b30
9be9c735
bd5994d1
b05d370f
f6e562f0
6d177852
291704fc
eff57afb
0e554aa2
cf659df9
6d7cb59b
38fd2749
9ed3a2ce
295d5101
0366866f
edf19ae4
0ed009a0
5e47145d
4d09f433
f6f5271d
2ef1ea0c
291d9914
ac765e6e
259d6ee3
8f9d0b10
5ec7c4e5
99479053
b871270d
eef1f6fc
2d855830
29971cf6
eacd6afb
08ef4ab3
87b3ccfc
1545b499
00a5276d
afdfb45e
2fbf4120
2cf7cc63
ecd548b3
8e950bb4
0ffb4644
3d10b459
a6693669
afdb56fe
2b070512
28765c72
6dfc0c21
cebb1b14
1e6bb271
851194d1
a021262f
e4f9665e
0f8641e3
19d8acbb
1eba0c38
6609033c
ff22e32a
66e30340
da7f4c82
a86aa236
cfb0c1f1
18f8ac9f
a6fc8b34
764e0f06
6d2a2baa
e27f0bc8
ca5c159a
a96cf272
0db481e2
8b5c2dfb
58cccda4
64420917
0c2253ae
c6e60208
fc5c4416
b074b72e
0fd494e2
19fc2fbd
47bc9c2e
ee082319
6d26032a
6e721360
9a6f4e9a
b960aa56
c981d0f8
197cb59e
8efed83e
4f18239f
6d2e82be
ec6b2168
ce5c05b7
296aa3ee
088091f2
49f47d92
38ffcdae
6e0a03bf
2d22838f
766b2608
be4d4d96
306cff46
4cfc84f0
39b62cbf
12d5861e
6f11059b
7526872a
44f216c5
185bce42
b96ab687
6895d4eb
193427f0
16d5c68a
4d1b219b
6d248aaf
54a27668
f84e6f52
bd6ac6c7
48a290e2
21706dba
38ffa48e
6d1f039b
292612ae
76f23648
cc7c4716
b976fe2f
68c01061
8c6399ea
e866cb75
89cdacd4
06d92dd2
9bbc9008
d14ec14f
68a84031
2a7647bc
0cd3996b
a8261324
97808c75
44dfacd2
b399d941
d13ff15d
a9281c81
8a56479d
3cd19d4a
a2045070
9bc52eff
44dfecd6
9b88b1d3
917ae3dd
e9280095
4a174f34
0d2399ee
a8724b75
97c0adcf
46d109c4
b984f148
d13cb34d
6a2954f9
6a5b47a7
c9e7994b
ac265500
87d4845a
44d92dd0
998cf550
9154f1db
e92a6cd5
0a4ac62d
6a85a75e
82305104
83d106ce
05ffcff6
9b8255c3
9178e3dd
eb207ed5
4b1acfbd
45c38bca
aa7e1a24
87c10ee3
06ddab54
ab9c7100
9b7cc18c
7379f9bb
5a9adf7d
c9af8b0a
ac6e5b35
17c00ee3
46d989d8
999cc542
ba5ee399
79783ceb
231ac535
41798b6e
a0341325
92900ec3
0cdfcf50
9988d549
b2bae388
757d2c93
0b1acfb4
89e69f6d
8c510ae8
06f749b2
7d8b0195
ac0e1874
0a0523e8
2877eef8
214a2164
c9e52f6d
89415aea
cc9d1b13
bb0bc115
2b7e5072
22352371
7dbf8ac2
2949026a
8307054c
c964dbf6
81922ba1
398c05f5
bd70e4b6
f3b46150
95d91f64
51157dfd
08f7ade7
a55400a8
05fe5890
fcbbe445
2d4e1057
162524fa
2af7a458
2a5ea936
61b7354d
ac0018e0
85af2b92
bb6274cd
319ff152
66a52620
6ad998db
f25a892b
a38a000d
c928bbf6
b282abe0
bf3e25e7
bda9c7b4
71964326
b5c50ae4
d135e5d6
093eaff7
a3c54a28
07ff1891
19b5a4c7
058d9051
94650072
3eff2e5a
294ebd2e
693f256f
cc057af0
a3edbab2
8cf304cf
339de633
3465026a
f4c9f4fe
33496f6c
a38f0304
49077ab7
a2838be0
fb9975e2
1da9e1b6
5983e34e
b4d560d6
53307bce
f7018139
c5c3374e
fb7dac0e
74dd51d7
8cdfcee6
ce16997a
0d0edc60
d9bddc6e
93c18030
c783774c
b1e14f29
74d671d0
2cc5cfce
0916f1e0
079ca96c
d9fd646b
d7a19170
eba3775c
b9d88e88
f4dc11d2
6cb7c8ef
4b82d9eb
579eeed4
15f5e6ee
f7012221
52cb2ec6
f254adab
fb8731d2
84f4ffb4
4dafb970
150ecd68
ddc87a8f
63424328
87cb3b5f
f73bafaf
37b643d3
4cc4ebe5
4faaffba
7f2709e8
59f8628a
67014360
57cbbb0f
f734bfcf
10da3552
44e3ceae
4f86fbb6
87b7cc68
15d801ae
e30a4621
6f0b4cd2
b571da3e
f1097dd6
84f57b9d
4f8fbb1a
9f0fc970
ddf81b0a
6302ec71
c20b58cf
b374bf3f
fb835d53
26f9cb9f
4fa7badf
5fb78470
5958498b
87015621
438133cf
f734bf7a
f8817552
64f9eabd
4fa2fbfb
97978c58
3d70498f
e46bbd5f
80fc4ef9
e3600192
4dc909b4
292e1c60
d6dcfb49
6d7120d9
224b9266
27eb007b
c8c8ce7c
ac790134
09cb0920
f1be6082
fc59755d
b5c7a069
7a0a06cf
832e6afe
d84cefed
9108d321
0b645b40
70e8c206
fbdc7115
f7c1c300
ba0a8388
c0eeb55f
80fc4ee8
a3a01951
0dcb2083
4a0e7863
36d9215d
6c57246f
2bdb84ae
07e5e35e
88ccee7c
f0cd8925
2edb0383
73165c02
7658000c
3373f26b
4a1e9f84
970f21fc
f8cdbfff
9112df31
0b4db303
74a8e084
27dce404
f7b1e722
bb228485
de66b75f
88f84062
ad683174
0be90887
061e7f60
5659255a
7857384b
2a559caf
ddfea15f
98ecce60
aa600134
0bad1101
205c48c0
36dc341b
7677344b
2a57ca9f
930e808f
d2e4aff7
ae311150
8fe57791
37acc8a4
67fc3408
73737b46
2b528916
73ce61b7
57fbc6b2
660c5133
a92c4320
77680f63
2e33baa0
87363d0f
52107547
f36ec5b7
13f88eb4
e8215125
8ba45222
65fa4bea
360afe60
c75c3f5d
d2313c6e
c3ce01be
13df8cbf
68285111
ab001322
44fa5cfe
6f627924
87545b1f
b211368e
4f6e77c5
137b86f8
6e255101
2d2c1234
46fb1fef
6e97ba50
c7527ea7
d351b5e7
f3eaf3b7
02c88cbc
6a681127
e126732c
4c722ede
8e640a66
134e6fe5
a471b426
d2ca30f7
55d88ff5
6f6c5127
af081324
76fa2aff
2f54f9c2
83082b07
b3d42def
6264f7a4
42fb8eda
3f295127
a1287b31
54690bf7
6e51be62
c1764fde
9274b40e
7266b332
53dbae9a
6d3851b1
e12e1235
64712be7
2e710ee2
81562f5d
9714a0ce
e142b7bf
5de9cda6
696c5123
ab2c1b34
64fa0ae7
274812e1
81536746
b731a10e
8e120650
761e68cb
4c8ba3fc
b370ae31
de20a301
7d64f1f6
7387918c
edd96339
a6926014
620a2fe3
088ed2dd
956bdb38
4310a70a
f5cc7bd7
6605918c
ec1b6e98
a2924018
7a2821a1
c8aeb7cd
99ebba30
df11a683
798e631f
650192be
ed9b5311
88142875
461a62c4
2ef34bdc
7e78cb91
fe02a315
304441c7
009391dc
acc84a62
8cf0aa35
7a1b7cbe
5e7a6edc
7965cbb0
5a40b203
54464747
688782ec
6fe85c6b
acd0381c
7e38f0aa
2aff03c1
792df054
da009500
7c020305
ac89909c
edcb4a6a
9830276d
3b8d6212
65f20b92
5be78457
ea0f5075
383545e6
2059a438
24e83662
ac74075f
3f9f3290
26f248b2
dba7e1b5
ee1f5079
3036556e
3863c61a
20ec356a
e9d03f19
3f9d6288
32aa09b0
79a7e2dd
c69e547d
38131742
287bfc90
1cc87760
d30fd031
178ba58c
72b8b34b
c40e518f
5471eea6
cf87da32
1746bf5e
e5b98cc7
5303f0b3
51cbac9c
632c976b
e58a718e
5453ce2c
cf82fa32
874e3ffe
f5a9a9c2
138330b3
53cbad8e
7714db6f
a4a0118a
44e3ce6e
6fa2d822
165cbf5e
b5e98ccf
cf02fc25
15cbecee
7a7afe3b
d4cd5cd2
5c54e6a8
6d8bbb63
9c40dafe
eda96a46
1702eee1
56c95c5e
b33cdf93
c6493d52
1cd8ab26
4fa9ff63
c779cff0
fcaa6842
7f0376e9
94cd3d5e
27583fb3
a6a931f3
3cf86a2d
4feb9362
d665ea78
b5a8a04e
6a0ade37
585d44ff
e07e1f5e
bd2bcdd6
54412389
4cb9a15a
99eeea76
eff94a0e
83025e1b
5b3d70ef
a3321b74
bd037976
44456681
5c795352
9feff6fa
edcb4a0f
2a825e41
7a9d69ef
a23e2b36
f4ab1176
46636a81
4d7b70c3
9deef0dc
adc04a4c
91e1977d
a1537250
a7f52cfa
7dfb1916
a89f5315
161dc55b
2866ecc0
25ec70e5
53e55571
a8927250
2c526c1a
d7ffdd92
3a54c21c
18390741
b426ec60
006840ad
1b242d5c
fcc2b075
6c02e88b
02e6cd91
2294ce1c
426c3551
b4c3ea00
2f6c81a0
d398156c
bb0e7253
ae95aa3a
5df36a56
6a4f7616
4a9dc5ca
2220ecc0
00ff76ef
57215129
8a823257
1c2d6418
66f595d5
09555716
18f9c012
2066a84a
6367c2be
6b2d6d89
dedafd6f
642204b3
06a08789
12d4cfda
667eb514
ec73ab02
afcc8ba0
d3003755
f90e724c
27352ede
59ff8856
005f5314
3995c5f2
2c6ebc70
19ee36ef
97893591
aa17d25f
3c7060b1
8ab89696
2345d396
2a9ac236
7a7fcc41
e3cb33aa
728d1d9d
88d3b434
24c284b7
27b8e713
32dcc699
68745420
efb6e800
b3c88927
7ce9fdaf
8da7931a
c7901536
660cd18f
2d9f0e6d
0c3f4a9a
3dd02eb3
560629e6
5c88ece7
81d5934e
c0b30511
420c3579
0dae1e7f
04956c9e
31e22eb2
16042df7
512b98e7
8df5536e
d9591446
c6bea589
24bd0abd
0dc17c2e
95ca7efa
d636a896
334b41a3
ede29915
9bcdd967
8682f1ac
b1a94ce4
ab16189c
b3d84f17
da37ee3f
b12793a3
09064137
d1a8ac7e
849a4460
35282c6f
2ba6dc26
a9684aac
da27ef1d
5d6f80ad
e0275b1c
d3a8ec57
865a46e0
49296a22
cba7d988
b3b80817
da17ee3e
0b026b0b
6d229125
93cdaf63
8651c4e4
b1b9490e
eb44c8c2
d58c4b6f
f373febd
0b274b89
af2f5925
93cdeecd
22d924e8
91b84926
c912c15e
15085be3
fb5beebd
1e26ea85
e2275917
9386eeec
02590c70
b9b879ee
8fc7f9dc
d48c5be7
fb13efad
16910480
7a06e705
9d9bcef8
3672ea6f
fb11b313
11e6ce14
e6ced58e
65971c71
54550298
7a09670f
5c9fb7f8
b6b3ac6b
f9109399
717eceb4
e2ee818c
65b3ac71
0e593c48
7aa46503
dc9b8fc9
9872cc6a
1323b311
f15ecc34
b6ecc5a6
65977d71
94d10410
740aff25
d99f2ec8
317abc2b
f9829591
596ede05
eeeeb1bc
c18220f1
b6110318
42027d55
ddcf8eeb
b06e856d
f957f798
d16edebf
e4c6a31c
61ac34f1
84593318
7643ed11
d59f9727
1c7aca69
f3b3d591
934edd05
f4e2a79c
21834271
dc910818
3646af3d
9d8b1ec8
567fbe28
fb02951a
196ece25
eefcb7bd
458620f1
d5515918
7402bf35
9ccfdfc9
9639df39
bb17e598
930cdea5
ed3de79c
618776d1
94510318
34c2f704
dcc3cfab
144beabc
bb33d591
b10acd35
eceec7b8
65876670
f306c5a8
8f43fdaa
d458fcdb
e09567ee
0deb4fad
cea6f8f0
07169b4e
f91515cf
f786c5b1
c7c32da8
01f4beda
e08d65ff
25e34c2d
eeb79878
061ebb6f
f03f198f
330644e0
a1e3ad9c
0078bfda
a09814eb
35eb6cac
aea6f860
16d4fb5e
e11f15cf
6782c5bb
01d304b2
9579a70b
f69311ea
0d794e2d
8eaf88f0
155edbde
bd169fcf
ebceec0b
c1ef8da4
d1d8b87a
e3102daa
35712bed
efe496e8
0f759be7
fe1582c7
a706d4a1
97ebdd8d
d3b92e38
a198356a
bd6148ae
cf86de62
175caf56
f515a0cc
ab0edbb1
490b5da6
725dfa2b
f0d554e6
a4696fa5
cece9870
94ced956
fd34da4e
8b2edfa1
c92b7da4
5358f22b
b114356e
95614baf
edc79a68
9ece8b5e
bc16b8cf
a786d6b1
2b03398c
d2b8ba28
b08c35ef
84e16c2e
cfc3d86a
96ee9ede
bd34d94e
2771891b
baec11ff
99c58906
0b6faefb
49233460
f17e41d6
2df611c5
c71e2765
e6518d9a
baad6bb9
93878980
4aa5cefb
c973b5a0
f8be5744
2df403e5
521e2761
e473181b
ba2d2bf1
9aa58948
4bddcefb
c17b87e0
f12245cc
add503df
56167763
f7e38091
bf6d43fd
3a01a946
6a26a3f8
7901e460
f95c1967
ad7a43f5
431a376d
7ae10d40
7a4b4f9b
d206a940
0ce8cefd
5d7315a5
7c38cfe5
7f521be7
641e25e5
e6e05590
fe6d4db9
cfa3816c
7d30e2fd
b923d5c0
fd985548
282603d7
f49af4e7
b672c017
fa6c0f3b
9c49cb44
0e23b3fc
5921a440
b3cc7f47
fd960365
671f15e5
be621417
fa644f33
ff4d8164
3f2923fc
713194d4
b746dccb
ffbe43e5
7b1f35e5
c640445e
fe6c8fb1
bbcd8164
ae2b83bc
553125c2
37da7d4f
fdf45367
6f1d4575
2db0b415
3a8ca38f
1ef74ede
5727cd5e
e1437218
b91d745e
0e61b05c
658858c0
69903c50
6e88ab9b
84130fde
9433dd5f
c0525230
fd0f4e56
2569b01c
6d4849ca
6c907411
7898a3db
ce130f5c
94b2e55a
f2437330
b80f4e86
68e6e05c
5d0849d0
2db2d457
dac0e0eb
13652eae
1d7f249e
69ff4658
ad9261ce
384aa015
4f0c507e
b93adc17
6fc465f9
827d0d1e
797f225e
744e1579
2c0a71c3
1c38e315
0d1e4060
5db05653
6ed44359
a67b0d9c
d97635de
306e60b1
8c2b34dd
6962b259
4d7e41d0
538f03f5
51120873
486ccb66
cdbb6cf8
5dfbafeb
cdd850ea
3058ab9f
402167e7
530d41f7
71715261
c87c7427
ed9e7e88
55e78f4a
8ecc3af2
33948a9f
406932ed
932843b7
7516421b
816c0f0f
fcca7298
19eb1e6e
ed4570f2
1b40b097
407876cc
83d4abf8
230b3014
05f9fa9b
b899a275
0d8d7176
80200070
a03dffc8
b01c6a67
a1910770
371f3010
14d97aba
f89da265
0dcdf136
8a200060
a005bfd8
b06e3a6b
c1753771
81197014
1ef9f8b8
b99da67d
bdde75fe
60a40260
a019bbd0
b028b36d
2b99f470
7e0b3290
35ddb49b
10d8c157
32cd657f
e860cb70
b8ff3de8
b05e38c6
4a196c60
73833288
d144fdb1
16b0b9cf
9ecd757f
b9eaa074
f871f3f0
901abc63
c339e700
35601304
30c4f8b8
10908d75
97cd50fd
49c0b050
fc73bf70
b05eb3f5
ed6594f2
bea5ee82
fe219514
07c29953
66759575
3347bb43
5a7e75c2
b05ff5f6
557c9617
cae03ec3
fe26b414
07629fb2
715dafe5
814ebb5b
fa76b1c7
a25ec598
85bd0702
9ee186c5
fc078494
06e2b1e6
a445a7c4
21523d07
fafbe566
f65fdd59
bde1b357
c99bb256
27f409b2
7dbf4156
ac9f515c
5811874b
3d4c2830
09f9e364
85b43555
c59af05c
27f40b38
3dff51d6
bc1c1065
fd1587c7
2d4cb830
3db9f1f4
e8e0b775
cd98f26c
22f20a12
39e741d6
0c9e4a5d
c81503cf
294ee880
5178f1e4
65f41755
9f993252
a5680930
e9fb3414
54cd725d
2095075a
2028fc12
1badf644
8c15b35d
85987202
246a18b8
3b2b081d
940d725d
88918796
2264fcb8
2c6da631
a845bf57
ed9c72c3
266e08ba
f1c6e2d6
9cce705d
c8111746
2160bc22
1d25a0b5
93f1ae57
c39b8242
612e50b2
f9eb5c45
344f925c
2015006a
2b68aeb8
1185b4a5
c1f53e42
9399f2c0
653e5032
f8f86215
864ebaff
691584b4
6a7bacb8
01e726b5
8bf43b57
c39d0250
25f6119a
e9cad4d5
545e3a5f
68110437
6a6afe2a
51453025
b188a495
079ba6d8
27bc10b9
d5ae7116
7ed7930d
0ee54602
144cac04
05b9a562
b44829f5
4d9a665a
67f456b7
dd82310c
5e579b3d
0e214c80
37eea644
15b921f4
81483171
59dbe24c
675213b7
fdc63116
46c49a1d
2e044de3
15eea6aa
15f0a461
31508445
5d9a26d4
672714ba
71a6710e
6ee79775
04130ed3
394cbc90
85897962
300cb220
499a621a
693b7ea9
35cc793f
4e6cf371
a4a08d91
27fee43a
2d41e545
b1403041
d1c9e6ce
645995b3
714e1236
04d68add
4e040d27
29eeee54
00c020e0
32781c55
5d9da6ca
6d3ad11d
fde25a1f
5e57bef5
641bc663
2b64b690
09857102
20e82665
559de6c3
6c39953d
f9625216
66579ef3
552b2627
2be6bc14
84862e23
11e92561
55d866df
6c5f1557
f5627113
56468a95
64250577
2be6ec94
65c52187
4cf97a87
f9265747
fb238d66
1f709da7
b2a3f0ee
3956d51d
48880385
dae94259
4c796807
aa265747
fa42a5e2
0e748e3f
b23181e5
09524d8f
f98b0585
5ee55749
54f9ba03
ea361747
fa42e568
4f5cccb6
8a3387e4
1956958f
791a579d
decfef09
cef94817
a82c5d44
fa00878e
0654acbb
9a9372c4
83f2f59e
f20383df
daf9eed8
5f61e917
a9655546
3b04c10e
06e584bf
9ae9cda5
89fa769f
e10bc3a5
d2ca5690
7f61c94b
b834d546
7842c14f
0f547eb2
9aa14da4
0b7f758f
190b110d
dadd5698
fe794912
b8649547
fa01a606
065a4fba
baa37acc
03d2f99f
4b00d18d
dafb8799
fc39883e
bcecc552
fa05afe6
054565b2
daf23b44
837af29f
43010145
dbbad790
4c99890e
b83cd5d2
7917c54e
4f606b92
daa10b00
137a731b
2b0203a5
dafbd610
0a9ecfda
16f96ea1
860a1291
e96b4e0a
7b54350b
86692e81
f6f3e2ff
27021d91
0d9e3fee
00d84cb0
8c0c1693
e9231b22
7fd08f01
84492e92
f6f3a24a
a7125c05
0b1f7dee
10d82ca0
8c2a5331
aa226a03
57c0bc09
b6e86e92
7671b81a
aa131c11
91fa9cfe
42dca6e1
8e221110
39aa3a23
4752b681
12792a81
c2a124d6
0d0690d1
357edcff
0bf0aca1
0d2e3091
a1282a27
4f469640
342d2276
4ad87c4e
a7849c91
7076dcdf
0ec2acb1
c5063035
b12ae82e
63d4b4c1
d6680934
40ccbc04
2ca084f1
0170b5ee
12908ab9
4d9714d2
299a222b
4fa612c0
b07f5f4e
20c23415
af8544f0
21e0b587
1dcca6be
49a414d3
51a6a02e
63e60440
755f0d9a
31ca3887
6de0d47e
39f095d6
2dcca628
cc0b14d1
210be02e
4b060641
907e8582
25d8f085
6ee58073
3cb849ab
3c208f5a
7b0484ea
065cf84a
e3a26283
a95efc85
c94ad18f
cff8d718
3d7970a2
3c228d4e
da40c66b
064eb548
cba016a0
a17af02f
cb42e487
dfd8ce58
0db8f883
5c2a8dc0
d800c6ed
0372bd0a
c3a13fc8
417af53e
c9cac70d
dffcc71a
75a1418b
3a28df1a
588596c9
411474aa
c3a3e0a0
e93ef497
ebea852f
f3fcfe58
3cb9618b
1a288d02
79f59789
0540944e
c3e390a6
4b3afe8f
cbeb862f
f9fce55c
05b86083
5c3005c2
7b718dcd
e3761d7e
c3a1cee0
8f5af19f
8bc3858d
5decc75a
4679418b
de28cf00
7b2094c8
e754718a
c2a2f3c8
011e5d86
4980c0a7
dbe9de58
36ed64ab
dd2a9f90
7b80a5ef
c34641ba
c2a3f3c4
435a4d9f
69e890a5
4bf8e758
4c9050ab
5e3bf5c2
7940e5cf
c34678fa
e2b34bac
435e599a
89c2c705
cbf8875b
436ec5fd
56fb2eb8
449870a1
d5934b04
56d6ab63
d4990e90
27f63d4e
30969de4
128eafde
17986eaf
57c49881
5d802b04
4ed6b92b
3cadaed0
e7f57dee
20761db7
73ce87fe
36ebaeeb
074cfb37
8d800b06
5776ac0b
beac2e5c
66357972
22120ce6
5366a73c
177bae76
8d9c5981
59c38f30
5c76c94b
14cbc620
e5b21cee
36b0eb65
52c78476
935b261e
859d9505
90446b00
5844d91f
d4dddf00
c77428d2
24bae7e0
704ea7fc
95db2c47
8d1fd863
05012b22
6d5ea94a
36cc97e8
c67469c4
262b27ec
5feecffe
165bcef4
cc1a7101
ccfaaa29
5c46bb6f
064fbfb0
c3702db2
22b7a585
e866a774
905b86b4
cc1cd141
dcc43a28
7dc69f4a
a48c9eb3
e7642ee2
26bbf58d
71ee8ffc
91fa8cec
0d4ed441
44467a20
5e568a43
e6cc1ef0
e7706da2
26abb4a5
7f0ed5b7
a0a01c39
d04ca64d
a680748a
01606e88
efcefa1a
1b0aa27b
ef3bdb9e
1b9fd5a3
c8f45d3d
d86da69d
a0985cea
41fc3f88
a7eaf85e
d34b3adb
ee37999e
7b0fc5a7
d1f41d7f
922cb6dd
249054ea
c1790fec
0fdafa1e
530a337b
ea3f081e
1b0c4a97
c4205d27
61ecee67
26983cea
09786f84
afdea89a
1b42f2fb
4a79ca9f
1b2ee4c7
8eb11d7c
633e2675
a0900f46
29680ba0
87a2b80a
5308127a
eff9cafb
3b0edac7
24861d65
827e1ec1
a5b874ea
c9782ea8
cfcbd8ca
13480251
ee79da3f
5b02e391
c4321d3e
d3fcee69
b01964e2
91786b8a
8ebcc88a
d3000be3
5e61defd
1a06ef97
c7301d36
c9de6e61
e01b06ea
8b784b8a
dec8d09b
1144f1c3
fe61c6fd
5ba2e78f
a4114d7c
8b3c664b
e08274ce
d9794f0a
8fdfd91a
910c00dd
ca39cfff
23a84297
1f69c8ab
f026b15c
830cf7ef
40416ee6
adff38b6
1380514f
df99bbda
79ba5297
5b7ccbab
760fb57e
83ac32fd
4c6364ee
bcf63066
129233c7
d708ab5b
213a5093
5b7e8b9a
760eb15e
a30833bc
446744ee
25f3f026
12002b6d
bfd9ab8a
33015237
3a29939a
f1aab10e
8b11f0bc
46715eee
6dd13847
12025147
ff79afc3
0b30c4b3
eb7d83db
c6eac507
cf29dcfc
66742464
2df55046
17c06fd7
dfd58bc3
2914c0b3
bd6c8ada
7b3ee164
c71095bc
447760be
2771784e
03826b97
9fd0a94b
2ab470b7
0f290289
ea68f336
ab0155ff
46616ead
4dd12057
17424147
7f7d9a48
a9bcdeb7
1fad439a
eb7dcb5c
cb013bbe
44732827
65515056
13861347
df7d88e2
2f2444d3
0f2dcada
0b7f134c
ea30113e
f471686e
0573704f
16064347
bf7d890b
4f3acd6d
3ec69dd7
463d814f
b1f450cd
b74783ef
7bee4d42
af1fd4d5
4b935d92
88c4a4cb
9438516a
34c7acf2
811b1eba
341ef4d8
82bc3c7d
9f74a9d2
9f6903d9
8f36d52d
746ec6af
9824ddaa
f31368c4
5c260d5a
892cb9aa
229f40da
d0df99da
9b31b4a9
f22e023d
84b11b14
d42fe8dd
ad6e005d
d74895ae
87cfea18
33da8888
89b0103c
225e9e9e
b984db07
d7e8c0d9
df618843
556145b4
8159f329
6982fc0a
ba02e0ec
2e684765
0ad3bb44
c6db6e81
bde6ec01
79141bf9
a956a658
a6991281
c5263b3e
96e33ebf
98adc709
b951491d
4a7335e8
4f7b1526
4f8bd419
05c6ddf8
5e13e479
12cd3b0c
4158d8bb
c236c47d
fe22a417
68c5fd89
899fb8e8
6295529a
573c1b51
4bc7babf
4553414d
95fcc67d
2ffb2b69
d0e30756
5ea95494
5f8ed634
aab13481
764ef6bb
2874bb9d
e7aa68d9
bfc7b05b
7f291d9f
850bbc91
67db519a
cfc21105
80e6a4bb
99278308
79dc6397
15310dc0
872a3c36
1c1fc418
45d6ac72
95d123ce
d5100182
3407a514
20ca2633
34ca31e0
e5393ca9
5470bf53
4c0c4dcf
df5a49cc
d788eca3
aa250700
b9272795
d0477153
6d1a5ef3
c41f5555
c5957802
ffdb478c
5308ca0f
a0083b8e
b047f435
f167b15a
6305d638
241e1051
d4954822
9dd5a03a
409e1b4e
596ceb17
088db4ea
9526da4d
850773a1
315b2bb2
fc307443
9fb2b02d
364a763f
b821d79e
cf87e8d9
5c2e08db
c72bd52e
83c3d21a
41ce19ba
e23577f7
0ab36c36
925a0099
79304a0c
6bc1b4e7
7ef69156
cdaec698
87ab9410
8ce4388e
c05372bb
8fd6b3c7
9cec6316
93717861
d5086634
1ac1de25
1f023841
b6326759
7ec01867
40ea4b7f
1fa69d6d
a386a34d
4d03dbc2
e5ae108c
40bd1cbe
0dcd8884
80f6866b
1d87a726
90d92786
243c4d80
87b826b5
1a50fd3d
bec22165
04e83a3b
fd401c77
5587dd5f
9fc858ef
36bd4bc9
8ffa1366
1fe8fbaa
407abf06
75490f57
0ba509a7
76af65e1
2b05952c
948ff7a0
a0db6ac8
74771506
e4b46163
1fb228bd
fff29e1f
cd30d94f
1fecc47d
3b26494d
17785e26
1f8adc95
521fb456
775f7fcf
d1817126
266e25e9
3c422f2d
6686f0b9
289fbd57
7eb84c1a
c73fa7f1
755d8306
09290584
76af05a0
2b279671
d0a2ffe3
0d5b3ab8
64770d67
f43c2d24
c4290532
80152cf8
849d4e16
c7e57175
5c3d1a49
984d0086
87e1732e
29eaad2a
50a10033
369edadc
659c5ab7
44a890a0
8990ca86
2009e584
6171aa64
2fa064e4
463ee7d5
08a6afc8
0e769871
7093df66
2fe9ace5
7ec69c1f
639ec454
d3c7d231
d99ba80a
7218028d
d8b1cbab
8e058855
c0084b5e
8d03a6a8
74f18f0f
d9c42dce
205ddfc6
8cd56d60
16df04e0
067103f0
cc98c5a2
2d968953
c2267346
817f0bad
d4ddf67f
23838bc8
2dea24e3
68a89728
51e5efa0
209763a9
d0632c47
f1246061
8ca10420
901a22b9
d98c7a36
046fd1f3
0c3a8919
d529e2b6
82d1eb28
1d4089ec
a235d5c5
520d2560
a22a0888
67734e6d
47c234bf
77c699c7
a59e504a
87af8e94
1fa68209
e3a1a976
1f2a9126
3c8dd487
55742bcc
4f40e4e2
f4fd5ca5
491ea053
f77be573
360da8c4
a2184dd9
6f278c29
f0af821a
6923d0ca
e12e21ce
e0bd189a
b51b6b78
5f853d44
42fc5143
7fc214eb
f0d4d30f
2f610ac2
e53e16c5
643d463e
40de4e47
81fce728
2ea78ce8
f819bf96
6d8cdcf2
aa963c3b
39778436
147173f1
f9dd039e
4100c6a2
38222f80
f0c36353
60623878
2211bc39
15728453
c58d09f8
2211dff0
cd6565d4
224338d5
65725629
7fcfa967
7af419db
18ae1053
2b9dd29f
ace512d5
8a3f2ff2
07d73018
f5f8f7d6
3debaca4
f08c1351
ca05fa28
3f83ea20
b0cd3b82
ed305164
75ca64f2
2c450312
70badf3c
242b625b
5ef063e6
8e6826c9
dbdb494c
a389e388
fe290381
b0c79514
d167f1f2
6316eeb8
60770471
d4b43857
a07636a7
003ee3a9
b96a68b8
e62b4e62
cdfaacf3
e2c3b939
11c3405a
95ccc6f9
cf2a5d3f
54003437
d0184d7a
8f13a8ed
4e0a165f
caebd10e
bf8b509e
c4df9db8
72dd82d2
2b111b00
37a960cd
00ec17a2
505ceba0
34c6616d
18641145
b72d6265
474bcb74
2db5b944
5fad64e1
39150786
00b86fc2
90fe637b
76300533
9d6d2c75
f2792482
d20b4298
a8ea6251
146af479
f1f23039
e547b6bd
9ca16649
20ae8409
9dc19aa6
f7787023
2dc9b75f
9fcaa29f
9dd15b49
ea39763e
5a21be8e
9c621d0a
42275f73
1e363a9c
91f948df
098cc9e8
7b7fba9f
7462d124
5f894aa8
19e68479
ffdabd8d
dd453147
d2a4476a
ab00ae08
a64ed3ee
4f77ff4e
7fb62d97
c0ff35dc
50e10a9a
2259cbd8
b5acfe85
00285433
5411dec0
749242b4
00759351
2aa46c6f
b0c9e03b
f740124e
61ea6f77
066eb439
30fe7a59
e739c3aa
dfe13f8f
2c2c158f
c0ed16a2
c02773b8
35cff691
056a437b
75f9f8f0
f4783235
8a61d711
1f6acf21
60e43832
29f77fb7
1fefc6d7
6dd82a9a
2eb85f81
96f96526
66499368
172acf60
8dd6188f
8db4e2aa
85062dae
b012a582
4004cde6
0b9d34aa
0a63a85c
fe0320f7
422a8a61
2be3dbdc
43dc5446
51bcd06c
97e58e06
54e50335
d5ba34e5
1b057607
adc4fd3b
893a7473
b827fcfa
2d416aff
481a747f
cf23fc46
7b85c39b
99e90ff9
f71a3f06
6d85a561
c0a545ea
2b359824
d0005fba
2f33d1c6
668a03b6
51ed35f4
45a638af
c0d6f87a
09466e8a
bd9de95e
93d13842
85616eb7
14c1d218
1360ac74
cc2f341a
028faa8f
dd2c5faa
139dc87a
48c01cd9
c243c585
41896a2a
9584e470
6a24e793
5a1f2eb4
f4990095
4776e939
cdf92e9b
7c4489d2
ecb81268
21c08aae
c8bee4f8
323a321b
b8b0feb8
881e7e3a
5a9d3db6
a63bf488
5281ae2f
18c04bc9
fda8818e
9048c6a3
b0bdbf24
c6e770b1
14083011
450e30b9
2547f307
4cd889aa
3813f469
3785f38d
f03358ba
02277e79
7a2e8c1e
caabfd0b
619429fb
62dd56fc
461ff9df
198239a3
5b19c5cb
3b4b0b6f
66217de9
6cd75935
7eab45eb
96f55557
d459c25a
07816bdc
ac7e58e3
643095aa
4186e43c
22e2e9c9
e8fb286b
febc6240
c1dc774f
a02f6308
b8e46da0
880bdf92
20eefcf6
2013b8b8
31c60213
d66ca3c1
43820bd4
3fb4a177
5d75b364
fbd4a716
df7147e0
dedc467e
4e2dd414
c9063932
40ff46c1
41e4ebac
6a4abb80
e09ac909
64f3a841
c1953c19
804bfc52
f3a4e127
b953772b
350f67ea
b82e0db8
8c23ca69
6002b41b
0133bc88
218221ca
f4f5059c
20ad9285
c9781033
0ff4a205
37dc13f6
0df17141
949c6bf5
0ee8ff60
8f6aac70
07b6250d
7da1b4a7
592001ee
f915ad4e
4ba41949
66c05546
6e8a48a8
c6159c55
62655e73
14fbeaac
2b6a6899
690a0f9d
2be3f4fb
30d0bd07
d0890489
b560d2b1
19f03d8e
253b56a9
b8a0fb8e
200975f0
e00638d6
0313f4a9
01512373
9060d8d3
c6bc9dd4
ba70a3f5
351db601
b3f88306
5dd975e9
7b9c0ef5
4cbd9071
4e96fb62
0a26f431
7c167ef9
c870d85f
4df868f9
3b7f0a5e
7fed5106
8888ea9e
1f4b97d8
9cd33cab
c5b6732b
bb66edba
8c431ecb
2a20d855
807bf03d
1bc0eb8a
996c82d9
89d3340e
d42a702b
39e0c93e
d90b68f7
604e3459
e332f22e
2f4ac38a
52f084de
d8f9c078
12985bac
608e4a87
0462d079
d107da15
60078290
9071ba4d
2ca5488e
88551d3e
002337a5
b8359ea9
e31729d9
ca2035a1
4c13bc89
e193b76a
a0f4dbab
7b2b4e71
23576bcc
61d85811
470b907d
69bba62f
fc458add
d02917cc
3c98860e
9f77afcc
4ee6a427
cfa09b08
fbbeea19
d1e701e3
eb901897
240f541d
e0977412
fa7bc752
020826b8
b8f94a91
626a4ab1
e5ee34fb
680ba8b8
d1bb054b
a194e988
233921f1
5e7c1adf
4158005f
1fe6ffed
fbeaa22d
6d658b57
cf0b3e8c
2f97ce08
9fb63f0c
e70f86a7
a9229b60
b82ff815
73673128
6350d6b6
b00f4059
e5be3c12
1a3aeee1
751df61c
6a5adcdd
462a7f31
2bbeb01f
7a7cfd0d
d0c82adf
1c9ec698
4d86b871
fcb6bbde
4b96f8fb
945df106
0b30cf45
92aa6766
0ff9e0d4
df233e6f
28f536af
c42f6bae
11663938
b4397f6e
fff2bc69
93e1b815
188b4049
d7ca80d9
8aa922a8
db7136bb
3cf9e795
87c8661d
a16f32cd
663d8466
9f41d75a
048a1dbf
f699021a
5731c28e
32fd2f94
042e35b1
f05eb149
623a8ae9
1c573b53
ec244d8a
6a1acf75
36cd9d35
fa3997d9
7b730961
d88fb7ba
683e890d
c1bf15b7
c0c55a98
27f45f8e
e9a0442a
8f73a54d
399a3706
a3e7e1e0
33fe3c71
daaec4d3
176c1751
d7da890c
23a88b86
ada51323
9a8fb487
b16469e8
a35966b9
645f4c51
573c2042
1c4bf47b
440b6bce
c87e68ba
04335deb
e826c61d
88a7b109
e7d03df2
f8f5538d
e23477f4
0cffbd35
d7460a69
7771a78c
4fe194a3
7e849957
a98c5460
27abda11
4614f071
dda73b5d
4b4a42db
19aede6f
6bf56f6d
9af2d703
5f880899
142f141d
09a182bb
f03a0ed2
c58e585f
04e978f2
0e3a0e09
99410096
8f41eb08
ab52ac6e
f04bcff4
3a598ca7
f6059645
23609084
dcc9d7b6
591e099a
a5343366
2fb12ba0
aad1efcb
db4a5152
2aca864d
a7843e1d
b3eaf22d
fc748a50
fbeaf70f
80b5158d
15da883b
bbf01bca
eda5d92e
ea8e94c2
941c4b4c
8d6962a8
1651bdd7
dc106e66
ab2ac585
7c5ef432
92939e0c
f5f16b53
ae4b105a
7e4c19c6
a28cb258
23db99b4
ba1aa4ac
f7785046
c2f2db46
cef3f568
8c46c21f
436502ca
adbeaa1a
e2d928b8
35c5fb56
ab854944
779e0462
5813970e
d280c7a6
04dee2eb
727222fe
ee6d3a61
395fd5ae
fc1c3440
ee061eea
0615baca
4008c51c
999af9cf
e9d62aaa
e17906ec
a04fd467
00ecf708
3f876822
c01b1ec2
640dcd52
90ae38b3
a276a952
fe6173e7
20c9c1c3
e92403c0
27d22467
00829322
d7d9d225
b03cea59
5a643f64
3e216785
27faa31b
fd97b957
47faffff
0de0d4ff
85a0336d
45138442
d6a8d28e
dc0c8fbf
407e9517
02bfe5ed
f42d6cab
607149f1
c89bccf2
2283b191
d18145b2
9ee4cef1
3b02ddcc
28eee563
8217b360
f3f8e3c6
35458486
739c1d5d
2116e874
e3933b22
fa920f14
f7d8cb95
2ee891c1
b34cf700
b3cfb7e2
734c86bd
71191c55
7c84f406
84e9ae1a
c031a2b9
7d3fb7d5
d56c872a
39e738a9
e2783a3e
9ec9d724
25a6a747
44c202b2
a2db8a98
9dade387
10e89436
9131cb90
248362b5
1174be05
69286a66
67c90ab2
2b5115d1
d48d46c7
ebe993a6
1c995bf0
9cba0b78
6e763726
28606b67
563ac250
62cb8bdd
c7991647
53bcd44c
97e10b20
500d83b1
c43b5c75
e786f606
63377ff7
0877ecb6
0f5b0601
39130b0c
49e3b4e1
7e941dd6
ac8ed458
83b39815
2736197c
5ac58d35
88341b89
fff4294c
cae39fa2
6d478187
659f36a8
a3977c82
3ab9e4b8
5f5a02b1
a8d99344
c7ea7d7d
fd46b019
6e649ec8
9dc8becf
228a0da4
97a63fa5
fe567c53
6144d7df
bb4cb855
1b5d8feb
9ae64766
cbacd2bd
414fbc1a
fa3ee5fc
724b4e1c
c09812cd
d7b7fc3d
9f67103f
7f419594
880f7c00
23969814
f61c7de5
5bacc00d
72518378
3a573f24
e3c4f5f6
2f167429
79ae85c3
417559d1
632a0b74
3f918de6
829b1745
f3f10444
dbd5c3a7
7cce05d3
a4bcb464
63b33922
2f52dac4
bee8d5c5
aa2bb340
d2fb6784
b584e562
6f1c7b79
2816bc15
c2959242
65575fde
0dc5e5a7
3b072661
71d923c4
52e1f5a0
71b60dbb
dc13c568
87a2f0eb
28793633
4802315e
70ec4c7d
0c01aefb
4a9a1e39
e563b5cf
fae06b8b
1cec87bc
85273f72
ae8ba41d
c838da6b
1ab4d945
dbe139ec
4c43d796
558b4a2d
96d6bc74
21d56af3
dd255b4c
4e4e4c7a
0c06372e
e366f625
a663f0ff
f9d8ce8a
752c868d
67b53b8e
a99a3432
5748276d
7fc1d856
8fd01ba5
5ff8e5de
36e16326
156aad4e
a80e55f7
047be5b3
b83a2ab9
e47143c8
6a9eb4ba
5fa59955
0980a308
8bd1dbb9
a14c9b07
c8d10d40
55a54972
2d75b026
07904f81
85c365d6
66be6224
1f7d8464
f8c1a413
9d14144a
36fb0476
048373ab
705f723f
a63cfc69
dae423ab
1c6087cd
8bcd1fae
896a7493
d9c7b208
f3d97fdc
6c354de2
1eb43239
0b84d5b0
8bd3db9b
bb88a2a4
bc785f5b
44979216
85edf293
961a4b0e
8f3c6072
8fd0fba5
6f5bbd8e
0fa03bf4
f87784b1
bf919345
b3dd4b94
f6d908e2
ff7c5d76
0f09d7b1
81c2bd3b
22095a70
b53151cc
76cfa455
804317a0
be9ff736
babc235b
fa6495e4
ae715381
d71fbf0d
c78330e6
d2384dfb
3963a865
428654fe
23d699c3
6eab43ba
95d4ddd4
4d4bc112
b526b7ef
80254eef
7f450966
c81a4bf2
22ef8882
65f947bb
88f1ebfe
6619f5f5
98e0094d
75982168
3d9e1a2f
47494ddd
bed2bf64
1eae0cab
e33d431f
fa8a4a50
bb581451
b0b8c7df
4f4e9879
fa0f3b5f
6ea96ae4
6965b98f
0c150d9e
a339bfc6
e2010461
f02903c8
3b750a35
c9f734fa
67738154
dfac5777
04f6fd95
56c7aa58
52890b2e
6ffc4923
080e956e
d3e7ebe5
24c377a1
d06b1c65
74246406
9fb6b92d
feea3857
cb64970f
3bd59c07
0a244bcf
1efe57e4
e9acc2bf
10479c57
74d96b72
7fe5197c
63df13f5
1b829239
f3e7d3e5
2ed34bc6
fc3e1ce6
642d2617
4403fd93
ad055a7d
7fca5821
7f702c60
4a1bf1a6
e4c04814
dfc1072f
2e3a87b5
06f616c0
fc762c3b
7916329c
b3fc6b36
2ebf0a7f
963a8f46
9f88d08c
1bc28f1b
fa326d78
7e4fb814
b278ccdf
4e261ca9
898e3a5b
6a67d8c8
f1ae0aa6
70ad4a9a
8db6b92d
7da61027
dd06cd6e
391d9dc7
1f2443cc
87eb7766
5e8e50ac
d467147a
5ad7041b
66facbbc
4932b9a6
d09cd5c2
410ce443
838976a8
1267a858
f6017063
d6943f87
c71634a6
ff4a05b9
316e063c
1bf977b1
d5fa645e
dee9550e
1926af55
e00a0d75
2bddaff8
d2154aa2
62b4d9c0
4dbdcfa2
1c87e119
e10122ec
aa63fa60
9dc2040f
e5fcd72b
ffa7b762
c8cdaf92
04b5f9c6
82be603b
3355bb76
70215fe1
cf347d7f
1a2f1091
d0314589
fb338ee9
0a1f15fa
6ffb9d1a
4f8b54ba
11d29d9e
2077e0f1
14bfaf44
85569871
42f2b5e0
bbc0843e
f8c49bc1
e900a8d5
ea91c38d
36b9a0d0
fb4d8add
ea8b12d5
57cad47d
f1c7f3a1
6d5502b9
9c3d3e44
603ca926
c708138c
aa9724b3
9015276c
737d4914
54111ffa
958a83d6
57b45324
0de7af45
20657ff7
c2e76fce
a9341a08
e130275c
43e12c20
58c71315
c18bf751
a3aefa01
552f1f2e
4987acb7
d0245b2b
b945b84e
4ba01def
07c77186
648b40b5
c106b471
3b17f4c1
ff8c5b7c
6bce9854
46bef76d
eee3e20f
1a209b5b
b8ee3dc5
e6175099
a9ae9596
a0faedb0
c5857a14
e5f15093
cd398f52
9dec03d4
e570e034
eb42ba62
32f94784
ff48c42b
b689a566
ee4226f0
f74ff3b3
f9183ed9
8266be51
2f1f5b02
a9c0378f
d87e1543
2c24ebb9
f8466b93
6c4e585e
8b3af8fb
3bd6a3bb
d45913cb
cab056f1
024e6ad8
89785891
54bed1c8
3d23ac10
78c49bb9
820db048
36874228
568b0838
46838add
8299566f
5be4906e
d33b0b24
48c34286
64b95ca5
e8b6e806
09a0302a
e2db1a1b
b9a0d387
9c8cf436
93243ad8
15c1c7a4
2449dc15
5c408c66
b8b9a673
123a63f8
22f96e99
466b4379
5ddbb013
7c3da831
9865a74b
9ae443ab
bfb3040b
c31a428a
a830092c
d807f531
fd6eb359
6305b6f8
2046cc53
d004609a
bbda004d
7a68450a
a8c32b56
8a4f7496
f064f948
f92ca0f1
934fbc73
8e0f1002
7027ff7f
2ea29916
47ee04e1
39908b62
4ae16cb6
9cd67dd7
d12804a4
d771b667
9bb8150e
804a66bb
b0a5ab1e
c76ff8d0
4418105a
d53bf4a2
0347e33a
01caa8a2
9fd9a00a
f39cc28d
c9a1ebae
066ff4bb
912e4b5f
c709e2a8
53711baf
582c2486
0656d575
3ea6f94e
d51458fa
9a159d86
881c4d9e
8a87c34b
e39f60ac
d85392f3
47a9c0d9
f96a0a9c
8598116f
11eefca7
4f780a1d
dac04576
bc6b5f0c
339c280b
9de224aa
dafe2a19
c9a5fb3e
8dedf8f2
0c3c0a5b
854bf2a4
8243eb7d
5b42bc62
fb1b890c
5f99dc27
32352745
bbe1a055
f0469286
63394fca
67be3d77
21bd18da
673acd79
7fc59c17
c07843f9
9b869d69
fb0f337f
6e47d94e
65be189f
219c1cbe
6228c4f1
336fff5d
c0c958d5
4676d4f0
8899971e
7805c3d9
a1653df6
ab91cba0
50cd3633
23f5dbcd
7d4eece3
088c8729
11b0ef65
a177e238
5c718dd7
f42c666b
1f378029
43cb4bdc
c87a5837
84a2f46c
fb240b0f
1d81c707
e51b3ccc
f1be302e
a25fd747
d50d7565
be3109f8
ec172ae1
6c0e1c7a
4a9a990a
e19c429a
89f5dbf8
b848df96
213d77e1
b2133ee0
637327e8
f8d8ccb6
78bf6118
a1d543e6
a96bb7eb
3ed9c429
dd5a1b5a
48f6fa3e
c698fcdb
b31e8a1d
8ea5b869
8b442bcc
7a1942a8
8b3639ad
c00b4622
8d2aa908
f94be914
65423028
73c63896
898fe418
97a69c50
3e51c5f0
3e487a4d
6ae21e6c
c2927ec9
f54eb007
6b3418e9
e9762d67
e29d528a
a4e23a72
2af61d55
6fc7f2d7
79c86b72
3bf1aaa6
d4e5e27e
1271bf0d
2b2af447
02edb033
02265b9c
81fa7897
441bd17d
e9a3a65d
d441b2a0
98cb0bcc
9808c22d
3c33e0f8
03ca2f98
808c7a12
4636f1d8
dc688c1c
d9850181
a11fab2c
8a81482c
7f66fdc5
fc6e3c76
d230151d
87d32e65
7f4c00bb
5b0c9d46
ae8e54de
02df559c
01b654c9
7676aeb9
cb14d20c
d5f8098c
eeb30835
c2358547
5d8a4a9c
01e28289
afa0bbb1
fa183c52
0780d557
3decf0df
b7fb2a0d
d7784b76
2ee97bb5
0d5bbd06
224d3663
20f73fec
e1ca48db
26b00248
0a984e96
3cfea302
253463a8
29eb8aaa
42ac99f4
0bf5adf0
179d2485
f9b99314
1eb9cce0
92fc41bd
0474b560
2f22fb64
89b0248a
f092721b
0de2f914
c48ff11a
192e2a5d
db6df660
1844ea90
7f4b046f
08cd00e2
c1586259
b5c3f4b7
c46af4f9
94bad819
c039be32
db41bf8a
7872eb2b
675cb9ed
99e72223
dde9a578
bb53233e
af7765ed
96fe3c7e
9eacc589
10771517
600cf670
6db11157
57ca44fa
1690872a
0a9dd79c
9cb76b4f
dbfc4dae
5b6b77fd
700acbf4
2a5fbfd4
f28506f0
4bf01bb0
9898ceba
883e01e9
45343336
e0f5efa2
fa9b64c0
b7303fb3
38f0ab94
c56674ff
694f361b
7e2d5cc4
9989bc0b
0b93cbd1
3cae9031
eff61b4b
c5c6ecf7
06c111e7
18194e5c
8caee3cb
5df5e3ae
fa782be7
b8daa026
a15ce2eb
be27be80
c4387510
bc9cca12
ad0e70b9
9157a940
320963c2
fdda4928
ef68d927
b8bdf7c1
ed8b1404
f007f34e
2334cee5
257694dd
c1957992
a526903d
28a7ba7d
c536582e
edb5d986
0f380eda
b687d106
2308a8b8
9343e278
ae224df5
2a468da7
e2b79a64
a3b14bdf
9e0983b2
d82c1b4f
a11cb3fc
afd3fba8
1fa6b02b
dd2c88dd
6970dd9f
1c0efcef
63b6b245
a641d76e
8fcf48c9
55dd055d
c5465ddd
3ce7ef4e
8f16106a
b995db86
b7b14de6
90c66757
1f1ec4b8
9d53be75
0f16c449
fc0e377a
6d7ad878
5c1beecf
6f2e044f
8bf6db3b
bb8ac0bc
d65b1298
dadbc42a
442ac229
b830ab8c
c2235cb1
840fb056
2203b488
8146ab5b
88d8499a
507db772
163377cc
ba7a6cbb
003a0f79
489bb4b2
2c83b101
d1a181c3
906c47fd
04969357
fb861160
7f5ec09b
c8f49de2
8c94c11c
97bbe36b
b77ce8a6
da65aacf
89a4113f
b8fae4f9
8597da06
edf5fcc2
8e380e8a
972806f6
26c7f33c
9e42b867
98b50eb8
b3fe6b19
ff48fab7
d6ea411a
311ec0c0
c43d68fb
195bce53
6e20e033
20f150eb
547e5fbc
7952fa0c
c63867d9
79f38011
d0e19c8e
99d0fdc8
a38ac2a9
6633ca71
5ff2cbc4
47c35447
15ade009
9760cb05
98dc07f1
d07b34ed
bd177006
2ce502b3
c0464faa
abceba34
e4f863fe
bdf2a421
dd841837
8e4cf648
aa0b822e
8f384d85
f2488429
f0190328
d17db435
d42838b5
f70b8854
9d0e56a6
21b6a52e
ade0752b
d0143031
59d0cd9f
0d47a85d
0af23879
e7719346
dae9c39a
15ee458c
9bb044ac
7d0bf6f9
18001b0e
c43f7dd0
f54e800b
5b2c7ca9
2b57ea98
e29b53db
b9d1e70e
d13e5039
58e4efba
6c038ab3
228e705e
a4763866
3fc60b0b
13608dd8
3acdf085
c1fdc30a
f7dba440
04ba7691
27e06e04
98841e7d
1276bd4a
362d5225
af224505
fc5e3533
c0b0d474
ff71a85f
8e1b0157
d9aa9942
2f8cf3be
03db99ba
df0a0830
2bd4eefd
9391338e
d2bcd480
9c394ba2
d64947ac
8513ba74
7f023f22
65c91b77
09d59d44
538f7ce7
3b8097e6
0019ef80
3cb66961
7bfc95ae
da797766
20e55ae5
c4b577f8
47de3024
d4d8270a
2fe3f024
94843c73
1b7ee668
2e9bc201
d63ec96c
06c1aeb4
819953e2
7934a94f
dfa10fe9
6083d181
f11d9da5
d386ea50
7a19c5d0
7fc48547
e22119a2
c262f6e9
e00f8137
685a3889
c1363cc7
ea9f739c
aa34f5c6
f24a7773
a4299b1c
cf7b68dd
fdfd387f
db649942
ab88f2f8
03db939a
8ca500a8
f97a121b
2dd6fc36
85ee76df
bb351a0d
8729f644
9e40fb9e
3f6a8b0d
9f2a6d38
2bc19c77
a2b3d78f
8bc458c5
1a0ea3c6
6caf46c2
e5fc11b5
059b1d86
9d16f071
7e8eb95e
d704487a
1a15bde6
cb104d1e
0a82c74a
e7aee9e4
d9555ad8
50f7cbd5
06898b88
6f4a08a3
10bcd525
5be5e6a5
30c456b5
d06a042d
be246675
6e265f75
3fe6bd77
4d5ad071
9f905e6d
33cd27ed
fce7df46
8eb8d4d3
651fb654
c5ec1f06
21d7b4b3
b197a781
b9c9eb55
01b05d68
a5d87d36
4651c233
95f0fd76
e7992f86
4950b491
9501023d
f379be10
5699dda3
d4f8edde
dc615516
2162ed75
2045507b
4c6e5f3d
2ae63ad5
65b8677b
faf3aa07
b477802e
1f5293c8
20ebd8ba
654adb25
ac81bc60
1c2457c8
7b752a43
0e904fe6
0bfe4946
67bef3b2
c353bc51
33f9a49a
d73c029d
78d84f17
042ef47d
6e42b319
6c21868c
dc61bf4e
1eaca5ac
d71acfce
cf090421
bcbd0708
3b632634
540735f6
6b5e9c9e
a4365712
e2f7dd92
25e94b8e
ed1194b3
9e2727c5
79cd1b32
86df4ae0
37fa3e76
4e70e632
076aaf67
632682d4
8ac3cfd2
c6a11225
77fad41d
9ff98fa9
7dcc0f44
f8b83465
2f9abe56
6009dce2
a57d5540
f48d04a2
06721bd0
cc995cb2
9474a950
b974a662
aaf9e3e5
3dfeab0b
fdd31157
406b5f6f
0dc4d4ff
c132ba6d
05379244
debc42ee
5cec8ddb
a8c437f2
7130756b
3442e49e
84532bba
649af017
a13df948
1b40eb93
2b6983f9
a9c884b6
ea5cb661
a2a7b354
c66d5090
8c1d9a36
7d1c08f9
a474bb75
2bdbfbae
38369475
28e7dfc8
0a2e58a2
609151c2
4c94cfa2
1a86ed11
213fa062
eb533273
3f1ee90d
6f88d946
46a40973
ea17ac26
ccc2c986
8b06d7c9
641e2866
dcd538f6
620e9b75
bfa1df54
4fdb7051
aa99b502
3bc1ef06
38d441bb
e0713075
fa177275
62a6fce1
2eb77b5c
41d2f0f7
2318f12e
6b3dcfce
18e64756
4f0a61a1
bf03b274
1dca8829
f74a3aad
49a9c8ff
0eaddceb
90384b4f
054be2aa
47f183bb
d8142dca
00a6f473
48f63b4a
c5dedc7b
0410d8eb
2eb00c9c
9ed1b147
5349eeac
becba665
b8b3e6c9
f64f1e73
aaf2d75c
c7ee64f8
adc6301f
6f499c17
9bcdfaf9
009bc198
dc57f14d
99af0146
6f5e8d6a
38473f0f
6046706e
a216f403
7f8f40ad
d4355255
bceda2f3
4cdf9459
46ee7ced
8f64a427
b3c3f23d
e45d4e0b
d6a21ab4
f0ad25d1
b947d285
cd8dc542
af1fb570
f2b127c6
35c54504
9bbc2d5d
b636f454
d77f7350
e9c0e683
753e525b
7cfaf4f5
064ad6b1
245cf05f
93387a38
1f64899b
7e49009d
a1673fc7
88235506
cb261cf8
39110b07
3b9734b6
1fd6bd56
dbacc21a
54ee86dd
23377bcc
ce2b4c11
0f400309
3dd27f8d
e7e3bc29
774c9dfd
988fd60a
049e9517
5a96d8bb
0ebecab8
0902b82f
909efdc2
3e04cc40
838976b9
3863e8f9
fe013063
7a8940e9
7d145f74
2fd6a41c
84e237ba
329ce22d
8db8ae7b
1af4bbce
2e390389
ba4966e3
dd415042
26ea0f74
04003639
638af23d
7d75884a
b9ea3fc3
28f917ad
5477d89b
05f3d29c
ff1e2c2c
10181c20
1b00e5a0
18937e29
187e8c4b
de1c4275
da9a4645
b70ec318
aaf8b9c5
f22ef41d
e18ea44f
6b657ee9
0957ac0d
e0945820
276503d0
cf714ed7
0fcfb347
d7ec56d4
3fe7bba9
755d0af7
9c7dd624
210abd07
d9e0103a
22dfe6b8
8194eb07
88e8d15a
433172d1
954166b4
456bfa21
65202d66
789964ca
11095ae8
20ffe8d0
444ab47d
f186f219
6021bcbd
98f30e4b
bea84084
3bb1e45a
537e4a98
a1e93805
866ef43c
bb6fa09d
f4002699
c0499c45
3e806087
e80acdf6
295be5e1
b6810e80
6a731110
dc9d44b2
d9362898
a8e6a366
aac1abe8
66672bd6
0b8139b4
577f4591
39259035
43c37ffc
25da6d46
74ad1625
5d38ad65
99c1a09e
813c438a
b4e5a604
c44b4fb1
309ef810
a13832f9
8b60eb73
ba68a3e9
af047fc5
fc7e3413
5653b558
ff592b1c
feca41a3
bfbcbd4e
9ba6c49a
03d79799
b4d9911e
5d80b1e6
574f726a
ce81830f
e410570c
2a3ac983
feb42bea
c9796be0
3855a0d1
feae6b6e
675ab076
46bef58b
bf01ea05
98044679
f0f7bc4f
be1d528e
b8a8a2f0
664c1250
d5bfd237
066450fc
9f5e0a1e
5d218bc8
217cb7cf
4bd96e89
18dd0033
4022eabc
2f5b7896
c43365aa
bdbbf051
b0c936b9
9841a949
fe00422b
8dd09a0e
8590e562
3f17b7a0
f0f92a82
34345d50
93bc34f8
0074e577
df797b55
c5671b07
8d3394b3
3f7b65c9
f909ab18
40ff6ee1
23fff536
72a3511b
15628d57
50213b72
0213feac
f2eb4ad6
64e6d078
c3bbbeb2
74438180
c5a91620
25aeac35
1f92c84c
7bca8fe7
47b5b30e
dfddb506
9d214144
9bcc0fea
261ef85c
e2123a62
51d5b21a
36b30acc
456ed327
188cd40e
c330cbcd
85c36335
74dbd860
fd242526
5db71c3f
088ffbae
196658b2
989dfd48
62640d0e
87c3f4ad
61132818
f588f062
e5293f56
eb852565
f2ad07d9
2f610a37
cbdb73fe
6d778946
f5ac17d6
01fe8d9c
987f241b
02d3abad
4d785bb2
8426d47d
416334eb
e50390a6
041b1848
b18ca45e
a7577fcc
6ec58467
e7179f20
f3f6661c
f7c131a5
7d541db5
a4bf1c45
a3b7f814
d0e08632
321f8af9
a00d40bf
46e7d0a1
91be3ad8
22436082
64712ba4
2d386d60
6a3dc5f0
23618cf4
c0895a15
4374d14c
c7f3a7ba
5c050991
a52c306c
2b916e8c
89e4d9ad
a8cedddb
8906da1e
b3f5f002
8db44cec
93cc7137
024cf2fc
c353b862
e3329fc4
c6588541
a439178c
e967421d
cf4310fa
674a99d5
c4ae1437
0bf7ff94
e235ff8e
431565b0
be2b2790
31532b35
51e330b3
f41a9c96
d1af5440
84aec337
e5e91f86
806f6423
9787b641
f9dd8384
8fd954a0
7d7e217e
8e64c738
07f2bf61
704cc5d7
8d85c542
e79624e1
72f917c2
c5dccfa6
129669d9
60742561
ff217261
45a63b27
a2b79b3b
1d7be4a5
19dccb16
1dbc6cc0
87ce4737
1f89c130
5542e577
e22453c4
f9136471
a6bb3605
37f2231d
9ff98821
7cfc0956
d8ec1761
0b03bb2d
f6c40087
ab911b70
5dfa64f5
12b0d7a0
155d6691
95fc2dfb
3d741d35
566de475
df82e845
bff08fef
47359766
dadcb582
b4654b44
bbbc67bd
257ebc75
e21b3b62
d75d69cd
57c1e0af
b662a168
b35fab8d
704480b2
671ebca9
798b14f3
f43551d2
8fb63d2c
5ba21017
5d700524
bb89bc45
3b072bce
cbca5fae
4fcf4d9d
7795b0d7
ba56eb49
dc055567
726a9b71
97222679
fbc6b54f
7ddd9d47
9fae5eeb
45bf129c
36db224b
df545104
6e6aedf8
086a2739
61ce6369
2232ea6d
d8b60fdb
776c439d
faa843b6
3e4908b1
80895245
ff75d015
d5593b1b
f98003d4
ee643105
0fd24f06
6b277bc7
8827a427
da014588
7b336b4d
6ec204f7
4fd79d5a
278b4dbb
95f69499
f6994a0a
43000001
3a7b2714
23632759
f2c73321
6551baf9
5f773f4b
aaac6d8e
70cd7fc6
c5317582
76cfa4d1
200f27b9
30d9f4b0
a8bdbc59
5a31449b
146803f9
ac547acf
55a7cb8c
7b468f69
101a6feb
70c2e1a5
a517fe29
ff9a4cca
e47d001b
603f2848
62c3dadc
c1f84a07
0434b438
c365ae84
55410384
c03b3625
7a94650c
4a777f4f
940e65a7
b8201df8
b8930bc7
680e14fe
6bb6f901
3f0fc1f3
d5dd8fd8
98ce24a7
a17cc689
b5a5ba20
c0492634
b4195d52
a0fe26bc
1d77af36
68a0fbc2
773a3f4b
77853d37
f8e84ddb
2b26bd79
930693cf
cf63d04a
d7aa199e
41fe84bd
81a083b0
3a539c51
8095fac7
e9f5d192
da1d8a9e
1aaa4358
2664b1b4
2b63f8e9
8936f44d
54ee736a
0d637e9a
15996b4b
2f640c4d
8324ff25
a38becf8
d75a9259
f2d9a6c2
136a43a1
aaf92691
466a6639
f0cab013
6d3dbc99
90679f13
20ac4981
55480bbe
2251aca5
9085878a
fb650114
94191fe2
7d5a0884
64351767
09a4ed62
3e98e069
ffe85143
b878c57f
8b828fad
e204415d
0bfbdb69
dbb68fd9
957d519f
34dd8a8a
c135514e
67ef2470
04c827a3
359ef504
a33eaeeb
5af64dc4
bc6444cb
45ed3a1a
05a19b8c
7fdf30b7
198c8306
b177ffc4
a0d82239
74211d25
7c207b77
11b7bb8e
c02b41aa
7926aff0
b8016e12
3866bc7e
2116bcb9
91164657
d5cc03d1
a9b8c5b7
b57cc485
b215becc
a7716091
ac1b9017
fb3e3e5c
17d4a7ea
a9dbaa89
25ac3360
bc563c51
15c7f65f
2fe4cbb3
0eb90b9d
96fb43ee
0feeebaa
697aafef
0f166e69
5446fef7
8863ddb2
f77be8dd
69a62c49
2a659c27
aa8bca98
02d391fa
2a29c4f0
327f6fd5
e2c95055
46a276f9
afdbb23f
7c648a4e
c9ccbe4f
2b83c309
eaa20c71
8c467b5f
41d058ff
2f759860
abbf4e1f
dee4f376
d28822ac
3b8ab6c5
bddbf249
dde01146
7e7fa47a
8001132c
e016f754
24b2cad9
7eb495df
d85d44db
a0cd3fba
c1351088
3dea6e93
0c450b7d
4af37c3a
2493b007
5ae04322
966ca44d
3a1a40e8
7fccafbf
2f539305
c6eef5c9
f5c0a343
6dc45629
8d1ffcc4
e3975022
8de7708b
c1b6322a
1dc269aa
d80fdbfa
6b36b041
85d3f337
d2c3ca89
5b6cc075
7f56f8cd
9dc8c143
4b72a5e8
bb13aece
a106f4f4
23be3c3d
73afc499
d47550da
7009cbd4
3b956df4
a69d9283
27f143c4
1d98efa2
35cf0dd7
a83e3724
2723ef60
665d7bd7
05117402
364a04f9
4d520b69
409af4b0
2cf6a847
5cb20892
953c87bc
b8994028
d9d84bda
00827a3e
46acf5f1
b71dca15
1a21e289
b054bbe5
fa194aaa
f63a7f67
0649bc25
f03943c8
7b718825
ca8e07fa
6dd6c9c6
65be10b6
41c59cf8
8e9e350d
dd2df029
d9240d2a
b912b907
602615db
8333f50a
2c8648ba
c2551dd9
ab2a65fc
6e7e3553
d0b19b1d
cfd7689d
bc4e903b
5e4c59ce
af8cfa9e
03d39b9a
b75bcfce
4f088423
d62d8700
7b472fb5
d4cf75a2
691d0c7c
a23c1f17
e29c7da2
4f1e7dc5
59a6bd77
52732df1
ff732ffe
2e1504fe
9fb7dd57
ebba45fa
c657d7f1
02e7009f
4bfedba8
0bceb307
90ccf79e
b9f1a361
d4c04675
9a69f604
7702a067
e03d3f8e
117522b0
3ace6fb1
280a0b79
61e2f6b3
6453b805
d8a3472a
84f4cd15
95f6390f
cde02027
59a6a3ee
bd0758f7
2166a149
2771f5a6
1fef5d9d
556e141c
abd83d8e
f96c5453
3e65a1d9
fb432fdf
261c515f
8bacf84a
7f9ccfda
50d19199
72394fc2
5e78c0c0
2acba7c5
67e33609
f1cab2b8
6d540e99
a0ef364b
029c3f86
d50ed114
2188a3ca
df25a1ee
e219b482
e40e4dd7
1e9233f8
615f00f2
9171eb37
bf5fefe1
fc891027
b768a5d8
3a072b99
81eee216
291e5c73
929794db
543c5791
9dd7340b
d1b2123a
49ea6dba
0c4fde7f
6127795d
8fe3f2ed
11c3cd99
5b6c54d5
ff37ddcd
5ae6ac6f
ca240989
f390dce4
c90405ce
5b865d26
a59dd451
d79fda11
305cd6c5
4eadc348
674e3864
603637a0
f7cac424
7084abd1
a1662e41
fa15e221
85567f4c
c0e4e563
0f16af28
f1d52306
26c40422
51dc1d1f
3006e256
a7f7f3f0
a691c2d5
dccebf90
0743936c
fdd5678e
dfe92021
fea45e57
2a44fa8c
af13a242
d7ddc706
2308c28c
e42927e2
a26fb691
d0ac7978
a31bfe98
74530d17
54346142
58c88433
75705a59
f18a54af
24ec94a9
501e5b9f
8a2bc688
cbf01bab
787867e3
d5cd9b0e
03e1a084
7daf25ea
6a0195a2
11247f84
a1da68e9
67770540
d9346867
67047bdd
1d632c37
2ec19749
dbd20b45
6bc3b5a7
79fe4d45
e28ed55b
8197b554
a9d43a8f
e93a5423
3366b44c
3c517612
a49c705c
9f34fefe
1ed4c33a
1e639dff
88663623
743e2609
387afdbe
401e687b
633c3057
e613f424
54c3ab9f
d4680299
40d9c488
0339ebac
a65f3a80
c42bf192
14f8f414
f00138b9
90513c60
be004a6f
c8d71e07
00a7e7a9
bc26eca0
68094ea2
40bc6cf2
0612b6bb
35556072
9c68ebe1
8bb67429
c42a723e
0d427d9c
bd0b4e77
6f27204d
e361f62e
1acb4adb
d65e8099
9cb26031
76998adc
c8f8ebcf
02aed4a2
912ccb5e
8723c2a8
4179a9b0
78156a4e
817457a7
80b67629
9b666cba
79114b4e
cfba5477
b3c4f827
1bc9c09c
ddca8079
1fb12dcc
ffee4253
4602872c
94def505
776e3165
6b5c5e7c
d8ceff55
721f351a
2a32f689
f54af6fd
aadad91e
c6ee69d9
ad3e301a
5aaddd56
99c9fadb
ebce83b9
50d53a0a
92814289
27782ca3
0a2e1761
52e07fe8
20f76695
d0638d69
342c2440
9ffb28cd
d700c007
69201ded
920facb5
f147314a
6328de39
f59f1c51
d894589f
8f52dfcc
8ecc846b
84ac9f6a
b2a4d70c
f44677af
6b1bdeda
341e703f
e0b730d2
0d861021
3db7fb5b
45c7f0ff
c018e9ce
0c3d4d45
9ba8732b
0b50c9f0
fe639363
08aa00b0
aefc0e79
e089fa07
c2ecd0f0
9f3f8b4d
d461c238
8744fb34
0a928caa
644cd31b
b5b2123e
57dd64eb
0f1488ab
cb1bc5a1
86ef0a4c
c7aeb8de
4467d5ff
200473e5
89b77d62
1e56a441
f1f80bc2
2af9dca2
12f6595f
194ce260
236bf2e1
c8cdd4f7
882c47a8
371f30e2
c0390be2
acf9e4f2
b8ae3339
1144af74
a661b363
bb0a45b6
1a4cfde5
90159204
f3f543c4
9c5d8626
3aaec990
2d94b666
a193f882
fff2298c
a2ca8ebd
a9a10305
b3e7f511
d56239e0
654c42b4
245b7639
24842d42
43a612b5
4297bebd
39021b07
f1dcf400
13f438e8
d3c0c73e
0c49541e
4582fc66
42366ffd
006eafb8
0b5a3801
b5fceb48
29eba4a1
72c69637
980b2408
07829604
2448f972
3d3139f4
77cf44f7
35c322aa
2a1b573d
38faab47
dbd153a6
0e7907f5
bff0248b
f05e82d3
f420b71c
164a68bd
fc4e105d
8f28aa66
1ee5df1e
2cce8d8e
aab0e0b9
fe6e375b
05d0de07
c6ce7052
ab4a2a1c
dc6c2576
894dbe5c
3b9a2a09
85691fec
0015e4a5
1317afa8
f7d123d4
2eeb9ca2
78dd0d1f
441df660
81e3b9a3
540a991e
2283acb0
b619408b
3be18804
c19d1ff2
62cf0194
643d5167
0926a976
3a58c2ec
7dd85142
42deba54
e2d2b6cc
e7cec25d
9ba41bd9
2b7eaad7
e8391a88
c5499b8e
0f811467
b5a407c2
39518326
4ec151e0
839a29fb
62b64d32
c665b9c3
57559b8e
9328c080
bc2d25e0
ba2fb6b1
f46461f8
a13bf6b9
74770d33
d4346167
cfa71bb5
39779c97
4b52d3cd
bddc4b76
13790fe8
57ea4776
168b509d
14439455
2fb22839
fde2d81f
49cad23d
9f8ebc2d
b3672bcd
d5f0c746
5e0a5e95
44d61c3e
a5407ff4
78553567
ff1d54d8
3f710a47
6eb95ba6
3cfe4946
f7bc97e3
05ff1edd
d7367b9c
da9b4c35
0001916d
3f43e83d
0fe329e9
76c91636
9e895608
e58eac06
89c69125
b89fbd7d
d484daae
d9f5f9e2
0e394d5e
13ebf33e
2f4cebbe
1943adf1
023f6169
4ce66f9e
0f7a0b1d
30fa7ccf
b1e2a02d
57c0d57f
91895c59
578f943d
5e8acc50
3b481a51
38a1c5af
9d4418ae
710f77de
668b62ed
65318da7
1895694a
89bf14a3
107e42b9
b943fa26
463f6df3
4c3c0c19
d329b4b4
0143ab68
b7c2f968
0c463337
7cefb54f
5c34dcfb
399d7bc2
2c344d5e
9bbbd132
778489be
555bdff9
4f3648dd
eee8ee7f
ce151165
f3bcd4c4
b5450fa6
5bc44db7
251f7c55
631b7257
b9a80586
e258a431
b0959b04
e765f0d4
dd190ab2
5d3908d4
6574bf24
2be2ad2a
0b9426e1
ffb43b7c
5f7ef157
14bc5eee
37e4ea4d
9694537b
9bfcd885
701f17df
f677a4da
d789030e
2e7a2df9
100abf3f
f1c7346d
2277be29
d81b1c1d
d59c509d
1b16d065
7da2739a
3ffeec91
048b5ad9
2604840f
1d9d7529
a07a8cdb
d45f12b5
bf0a6d28
ff643437
70b0b75e
eb532ae1
ba1f119f
4f2de94a
37b63bf7
28df11fb
a9a805a4
6b36b435
90c5da9e
e7e550d2
d9d91f1e
cd682ad6
2554be24
a9e2af6a
e2c1dfc4
852de5e2
a68fb7e0
f2710782
2e8acdf2
38bd5859
af747374
aa7173eb
5ab7e853
46ca4a9c
4bda7817
040add6a
c927a40d
4ec433f0
9a41288d
b200286d
8b56d4ef
80faf76b
b627bfa8
d2934586
c40c0452
9b3e38a9
3156a17f
e2d33df7
64e94e73
253534b1
57ce44ff
45100a3b
4699dfd5
9affad4e
5d6009ae
7d6a13cd
0b865ead
ad7e773f
6f76bb84
f1fb6f90
3f6785c2
bbac7d39
2f56fc11
f2d3d3b3
00ed94b3
803ce3c8
97c738b2
649b71c2
45b8cc12
b00d35bb
8443a24a
bb60a220
dd8a0e30
3e4ebee7
f839dfaa
cbbcd9a8
dc1e4b5a
0b23d8aa
255fd9bb
c855297a
7655774b
57806332
7e7a2df1
1c0aa22d
77c6645d
bef5bc27
fcab0cdb
d53c0694
223757c5
46a7eaf4
07522a21
f1782f0e
67e186a3
31c49517
988bc458
8323f251
2829d6c3
c03e47b9
a05bfa95
466142f9
2fda941d
d06d8918
89e0e3ca
a3cb83a8
b0dd7f8a
c07f64a3
b060af98
2d432d7b
3aba3079
ee37b842
dfc0039e
8eec8c99
efad2a0a
531252b1
3de52705
8d482d79
21f730e0
477db637
54c1de59
14a8ad2f
de8acd38
3fc1bbd5
552153ce
daa69821
d02f23de
ea2b47ad
6177b957
48157bd2
273567cc
8ae12dd2
175a2f14
75b0271c
3fc598a0
f9d41ddd
a82e3c41
a7baf015
2756dbdd
7d85a944
07520569
3b91820f
b1e7c3a4
28961f51
fe3e54cc
46355496
1fda6b8c
df08c007
ed2ead6e
b90ffc3f
754731ed
6b5b5e26
fecc5c17
d48c15d4
775eedcd
7d81914a
4e60056a
38072e4a
f5ce75fc
0692fd43
7a9a51aa
d47577dd
e55a7f8f
fd313603
f2240df8
af212a75
6e981ffe
df3bd14e
dfb457be
81ff9ddd
d757b947
14ad616e
677a25da
bb5b2f4d
2906e467
2216fc21
b28b84d9
d4755398
cb924c5c
efe5ab1d
eb309ba3
d33e9500
b1a6b7c6
639c7eb8
6217bc55
fe957662
e0343fd6
4003a4b5
968b1699
33710a75
5de134f0
74cf9d56
50ac5655
85cebf30
208df2e2
b9b734d0
b6cb44f5
59e003ab
8a99c395
9cfdeb5e
dce50bae
3f29076d
0f30e6e8
fff81e1f
47dad157
12ce16e0
b72f2bcd
d7ec567c
9a6cdd85
7a1f1417
af2a0be4
b87e1c77
b0949345
b7e45215
3e5913a3
5d6c0ade
2e2ef724
239bbd02
523efaf3
14aa9a9c
594a48fa
141a5e2f
6deaa4f1
ccc3b124
5cab0c89
d41c441d
603577f3
04377fd4
ea4a4ad1
24324a79
4bc23439
7c829905
d1bfc68b
04ae869f
ab88c0e0
b9500453
e79ba644
e66a6297
a739e6e7
2f3c2e70
9afcf757
0a335baf
432e7fd5
48e7ee36
4f5a0101
19b9f87e
6fef28a9
13e45d56
1a0a4410
c1c7da17
563e2f07
469babbc
1d2c69a1
192cc979
5903294a
94c390b7
01ab6810
d7046456
94cd3b3b
ec1f34bd
bae84fb9
bde2cf79
2afbb7bb
6e75ef5e
da818f83
b8ae9c39
84af23d8
4bf01fb7
67fbb345
f7cc675c
bd67bbe0
f0450a2c
54619f45
0086f003
042691f2
78873c71
d689467e
2bfdd926
1a994bbf
9de74157
772651ae
4b6e5ff1
b4f90282
c15042a9
b1dff2b5
04ea063d
57f1b279
25798e8c
8ec91f4c
2c2c872e
dc59e5fd
220de445
d22d1e0a
5677dc85
d09e16bf
6106ccc8
bd8e7e6e
80b52f9a
3352e4e1
a24dd94e
66ceb8d6
42f354ee
69cee25e
0aa41bd9
ab7e2c80
eadb52a8
c3bb75d7
02aaeb9a
08780907
b96eff6d
63ec2cf9
03c5f138
906a4491
9187d445
0d10f43d
776e66ff
882153ca
c63b6ca9
ee0e005f
4baa910a
ab9f7ade
d4d7919a
7052cc71
360c8b4c
e015d8be
802654c9
6387801a
60c59dc9
c59e3cd9
fa9d45a8
95d6998d
ede4d047
de369767
baf4b706
96444944
83bc5dfb
2e76e577
c65175fa
84c41a87
81b486b3
9d073683
90d8e396
169157c1
96f8273f
0f51dff4
3f42e767
d8c9a223
fdb49b4c
ee5afc3f
0ccfad4b
70bbf215
ae23e269
da710bef
bc2c46eb
5cdb850e
0319a2af
b8a96ba2
c0270431
f04e3958
e113b6a1
01133153
b0a46920
3eb1b978
fe111857
65fa7557
1e22cc2b
ab6ebb1d
7e20d346
ffe878cd
25df501c
744cbf56
2c059d44
578c26f3
29208622
fa9bdbb4
70f6e3c7
763223a6
2e6d74e9
228042e1
f9f05570
26dba454
84f2179d
9bd9c225
9abc2b5a
9f6c95f7
6b7b138b
bef3e5c9
fe211017
e0780fb5
8602b679
fb4eb23f
6935fe4a
de933f9f
14bf159d
604cd6f6
88d54de0
c48fb620
04700390
84d8d432
3d342bd1
28362742
8629ebe4
acc51fb7
cc3e7462
3a66e4fc
af112bfb
289e5c5f
fbfef946
bfe483a2
9b7916f9
8e32a72c
760ae4f3
88205f1a
cf37e83b
c9ce185b
4723d096
238beabe
81c2cdda
20557efb
fda1531a
5e6a8cfb
15184e2a
2a94f4bd
92e7e758
dfa88c9e
1c6e1695
b73439cc
cacac6a3
09208b00
b1fdff68
f36234a1
73441ab4
298ffc59
a394a51a
a0755de6
9cfef545
c3169228
f6706302
eee87437
d2942f4d
388dae68
a3bae201
be942089
7dea1a52
47c6a544
964e7588
f37e7b05
d73ce46e
9a74fadc
7819578f
b63d352b
d728103f
7878cdb8
8e02ae7d
6b2e3019
eee3b918
5f8b5f8a
15fe8499
4a3657fd
00ae6e98
0b539b89
b4fe7069
3beea4a9
d65cdd35
810bc408
3687d214
bb023d6d
fe5e7955
29e8d5df
3fe1d84b
8e0c8b1f
1f7cd1c6
abaee3f8
510f94dc
9816d433
00fef2e8
151708b8
d03151c2
1d194c12
188f2d9d
0976a8b0
ba43b2e2
c6b72e0c
32b3ba9d
b991528f
116ef830
937d3ae0
e649e4b4
50c94e25
3606ac66
95ca280b
b368c30a
6dade936
8a8bd4b7
b40cfb58
816b66ac
9b55a353
dd0069ef
ddce3b0e
39f982bf
5821473a
9b18ae3e
f41e37c9
a73be6ae
4db35cbf
c2641546
15e4b823
f9d60a4d
5d4749fb
58c49caa
23207bcd
85d576f2
7eeb5ca6
722c2467
9554db8c
ad48c563
0707a562
faf12702
b44dd1e4
1bbb1d9b
2e766177
cf713bea
e0e90b12
22d180b1
968962d3
0b648432
50f1dfb2
f44ba094
60711766
ada8ed62
a5669125
a8efdf5a
5504fa3f
9fb5dcc2
8d300d4f
9b89c342
239ca3b4
eb53b260
ee9d5906
936984a1
aa2c2208
f27fff95
d04631a2
29173ebd
24a6d552
c0d49f8e
62261fc4
0aaf2cb1
9a358fc0
f9550b04
4dc514f2
5f9e99f4
608ed470
83c79950
95c8890a
fdba0013
fd85b56c
19cd0987
b64c4bc9
a77a3760
5e64cd9f
54642d7f
5732f86d
cecb8bdc
4b9b5062
7bb5f006
9fb5cf84
194603b7
a4b920ac
5e033c34
88a91430
227aceb9
b189da07
c6b94095
9f31ac09
d46803bc
c145bb60
aac2ec22
1313a535
fee28b0e
ce0d016a
f9159d45
cf4063ce
8a8ad9d3
be9ee057
d0157c58
ab225985
4c4a6431
a0919724
edf368d1
2e4a08f7
5b581dd6
a90ef728
23db999c
dddaa13a
60d95289
f029ede6
0a36d8a3
b21e5a5c
03ebe7ac
67f509bf
cc7429da
e31d79cc
16abecb4
aa100b08
b11ba65d
e3e6b0a1
e7446cbc
a90f6459
a397f01e
623777c5
04a7e4b4
3e7b2780
31572b9c
6dc3b4a0
7ad49957
02ae5458
26a39f33
cf728b62
c042fb43
eee9d6cf
2bc956fd
811116fe
682288c0
7dbe92af
1999cd9e
2200ebd4
bc62a563
f687b641
3f532a97
bcdbf6e2
797e0853
8eaed556
00dfdb13
d4dd330b
c191338c
3d7a48fb
0c479e2a
60be7e7d
a673e84e
56f1499a
bc6c24fd
4d047f66
9d3774b1
bbe1f4d9
f5532add
6a9b3de2
6aff950f
0b83c5db
85c39df9
f8c98e12
3340c151
e0a964f6
466614bc
d09ff3d8
663d23d0
f2742b27
89386fcc
9ff62009
de82be9e
6c7a513d
161eecfb
1367294d
e7a9d665
739159b9
701f545a
e05820ca
0505e6af
b2ba5ca0
c47a4778
e0f03433
654f888d
1d43af6a
a6f8e3a8
5fb2a918
7e89986e
39aa8b6f
89869425
b366b34c
6541c3a8
641f285d
709d101e
762d2273
7f33321c
e8f848ff
0c26987d
621ebab9
6403c04e
f48a17a6
156c4e3d
d782c958
ffc91947
86910747
9fe49400
901d4b8e
6c5d07c8
667e15b5
c8357dae
d7dba003
f7a8834b
6f0c2d2e
980ba40d
d40e71dd
83d3f029
7c5658dd
d33576d7
42243796
221faeb8
b1994a96
4566d831
4de93eb3
76462096
e0a12268
8eaaaf24
c46a3f7c
3e06bcb5
ba89838f
f9f04951
d28b1ee2
6d5d1154
461b7331
8193fd72
e44a5d37
2844b529
f8b6d2ba
eb6513e0
c81c47f6
03ff298a
613785b6
eaf16eeb
98ce7c04
22f847a9
6dd7bd80
e02b6b11
1e60cc40
b198373c
03773d14
a7215100
e2dd67cb
813141a2
364f2540
a0422739
70c6f038
e0b0bad9
dc722d42
a4ec6725
e4897fd6
a9433491
f6c9b4d1
e9502a3c
ce89f8f2
787cf11e
de20c71e
1363fd4d
fdf0239e
81780020
98319d28
9c0fca1d
aaea38f9
e7593e3c
8ecb8b1b
4774bd54
240cf270
08dd1951
538dc677
46b490e2
8e91cf97
9cbe4fca
c974abae
6b706fed
d8ab14be
065b9eb9
899ffa97
c3ab40f1
5d3bb85b
54e961a0
0541bb04
3882a82a
9ca8002b
66daafb9
80877abf
84ed75f1
9d280a5b
d5e9c022
c5d1fa54
2d82e96a
bab9e49c
43694a54
2d982b14
04aa741d
fbe2b00d
75408e75
9846bb4d
649a271c
843f3f1f
06a3aabc
8928682a
683cc975
5a741d09
74c3d591
d0096028
9284e071
60088ad4
0ae00dc6
1ab6b261
f3d91786
dcd56fe6
7a9c02f9
803dd466
a237f823
3217f249
58a7aace
0b7a8133
1896cfef
63e6ac2f
67ccd521
889bc8c9
f51f4030
d23a8f94
e399cd20
ae191348
fe270014
d16b31b2
654d18bd
a4261631
e3946b84
e7c69f04
aa80c444
e72d16e1
79d5bb06
84ac4fe6
0396e7d5
60366034
dc453a61
c92841be
227d84b3
90bd8214
e765d0f4
dc5b3bf2
d46bc9c6
25d57624
89b2b80a
85f5301b
80b21b9a
2d6aeb9b
9ccdfd3a
43277949
86c7f6a5
70cbebd9
d16ce47f
dded2b8a
e35102bb
b5fb4735
93ea263d
b76f33d5
e559163c
5e61df07
04a4152c
22256bd4
48076cd5
e3db1a55
257c6ef9
2bebb4b1
7cc79957
98a956c5
268ede9f
600d32b3
88377f98
bbcf58b3
44782b6a
cab8fc12
38f5a979
5be3a3ea
bae9c0ed
0b77762b
fc2e661c
4eeb4dba
4c1be9f9
6ae68815
c341b56f
94c3ea98
f7cbd699
f06827b2
92570c39
60f95a96
67c04078
dbbb3abb
74438106
8d09f2a8
01aaab28
848c1632
257438be
d54742bf
b958c2fe
16b95fe3
86f9ab4e
4ee1d7ac
596a876c
15ced137
80b4b1ca
5507ecba
9c9d8b82
44384f54
82bee133
73f243be
dd703a41
be5ae479
372dcffc
f098d89a
c2026fe9
626eac1b
60839389
f106a8ef
fa555299
30cd8622
c10c114a
51df6c36
0e01113b
8290ce1d
9cbda349
bb7623ae
eb60e7ed
8c0ad4a5
b0afb570
d8005caa
c235c862
4a184d96
9aab650b
21a4a8f2
fbcbdbf2
2a754a4e
cb6444a6
2adb2700
f5d8275d
e3e3b4a1
79543c1d
98cf7649
a49a93a6
2e16fd55
5ce5b567
7b70bd78
fb1dab4f
6be6952a
6a87dd07
e3994091
c05752d8
b04184e6
b8795540
568d9e10
16f2a7b0
b4194792
98948e59
a994af06
2ee9cb88
9aa927a2
d9481413
b0d34717
2eee70f9
975e3a19
5d788a74
8c69ffef
2a388d0e
1ba3b088
e2c68e1c
a02adb07
d5ecf84d
b7650b8d
57414334
900bfa7d
6f922436
0cb5b483
c036eebb
b136e9bf
94a9f8fa
05311c59
95c1bc36
8141ea0a
158aed60
c7525fc4
8d69a567
b23517c0
fbf90b50
464c71e6
399e4916
a7be5471
837579d8
5b12ff5d
4ecfeb26
cb2e1369
bb96fd04
7567b5e7
6b46dca7
629f1c59
54975010
f765f089
d8c45684
30c5c23e
f34b8d6b
37bd40c1
d5a9cf7f
a456e0d6
607e320d
060e39f0
190d5386
39cd2458
73682951
9548b547
d221b748
dea85cef
a4f553da
2d9a2f27
e2c727ee
0e1276a0
472233d6
7aa2332f
7abc8e85
cfb83047
ae0b8d46
6ca48ea5
22d15b35
cff9b952
d675beb7
355a8ee7
4f5c4356
a100b948
c9891b57
b84abf55
64e8cee8
0f2d1498
671a7d1c
092ca234
07ad2c1a
664e296f
c2d92af3
40c7f046
8c5c4f75
98b41fd0
308f6bd4
6c5d2dbd
37b16db4
a4f5fa07
af0dd312
30da0b23
4363e949
cf772ca1
3732723e
ffe8477d
3e860460
ff14497f
96a8bdee
fee5af8d
ab7ca7f1
9241e3ee
32358d27
ffe4cf27
413e6bb2
ec327692
4c28410b
60c51731
91851209
843dcd6a
e3ddf306
5791ebb4
3be1b60b
550e617e
c61a17d6
040671c1
925c9eaf
926cc5fe
219abe9c
d8389567
ac3a973b
57a780c5
95c48128
3094b203
809acb5e
9f7d3d19
a1d3761e
61436362
4e8f293a
66454b4f
83d80e97
11243d66
ad548777
1285b3b6
364b8906
566be8bd
9b89bbb1
eee6f20a
922cc781
ab791c60
1df1a98a
d9e38c48
55a78ae0
0602dc18
e8c09c2c
eb30a4d1
361869da
bc7b87dc
43887487
63201425
efedef54
591c3042
a226445d
361f43ad
7055b9ea
f7e4eb35
d64c77b5
3214b217
115b892f
47a50e81
a311cf97
c8d8102c
47772e2a
2b9e1b71
e08c7242
b44c537c
757c7caa
11eeb983
83a4375a
f9e1cc1b
f0251f2d
4d3e1931
10d9b14a
1b1817f8
6933665e
7d0b76bf
e8cc5d66
a9769053
20b94aab
f10b575d
9e2db25f
81825c1d
2682b0c2
706da4c6
4d8ea4c7
967efe2f
1b65b5bd
65ba6e03
e46d3bfa
4b3624ba
d3a5e73e
db28672f
aa1c8410
9ec84be9
bed19703
e8a0af1c
aaf45ff7
8f763748
20e737f6
7ddf4ce7
0e7875a6
8175bb18
4928d5c6
9694a5f5
4ad22a0e
2542d291
536ab94b
77c53acb
4b2d3f97
20509fa1
446f2b1a
d51cb150
8889ac30
c75691f8
ba781dfa
614caef3
f0b12958
ad607f17
de2711e9
a0db1ea8
612f3568
cac62ee4
1aa57b1c
caaad37f
ee104884
3d620ed3
9e913da1
e883a632
73794cff
6d333443
fea38ec5
71415eb0
8d0c7c4a
80640294
68da88de
af59857f
6e842691
5656ee26
1f6685f3
e2d28c0b
a9190e87
d29a9d24
f447dd6d
fb96a38c
81c965d1
7f7404a0
dea477fb
695112c2
a6c42917
3105bd71
e1a01e7e
416aa4ce
a9c4b698
ccc6a74c
46909949
a43c801c
15f8de79
f18bdce1
5d2b01de
c4d4de8e
93ab7404
dd3e0453
d8cc3ce9
a4003f11
ac044814
e9804fd6
a4ba2bb2
34d49231
b3e3984d
2d5c7fa0
c15b72af
7fe326ec
bf277c92
d8f7b0fe
dbb9afd2
67032d85
6fdd81a3
8e8043e5
eb3f0d84
4119c66b
007e39c3
74b471ba
4c85d83e
6dcb9922
04c47d7a
7a5700ce
6787f3a4
59bc892f
a2f48465
8d0e742f
ec8f3ac8
340cd25b
48205e4f
13784c8e
6556f70b
f4bd7584
ef88de37
d88596a9
2961a347
2945a66f
f0004ca5
67ff2c20
ae5c7c16
90e5c73e
dbaa6219
569fb1a4
a9c0b297
ba707ec7
bd55e961
1f34abb0
1b975b91
6bf71e6f
1ef91383
31f7b900
eb2cd631
6e4810b3
8dd574dc
a045d882
a7e7bbe6
b997681c
b169d663
f95ef5d6
fd3321cc
2716f2be
b288484d
953c845e
991dffc8
54297f57
b924775e
34850cd1
41f11b5e
d7215834
7f3d7f82
d20d6776
3d31c647
67935efb
ebc59dc6
b930c054
a6235388
9d2d3b91
682f3293
a9ac4954
6274fc80
511e10c2
542f85e7
964fce49
1bdddd7d
841ba748
2ce1d883
4f6fdec1
55667e13
21729644
3a54ae97
a274a789
12cd4db2
b1f74c2c
a7e9b13d
c214a7a4
3e8c1b74
4f5d20e3
1081c8ac
1257e765
f62555d2
d4a4b3ec
2ca8f334
bb5df37f
e8d28be8
156dbb92
c589e95f
6ca23bf9
cbf04308
11581972
7db69b5c
edcb5547
7143b118
868ff99c
f11192bc
cbe24007
a17e67b1
64d11572
129824d1
6ec0ecce
15a87fa0
a2dad96f
3f170101
19890a82
b70c1ffc
aeb62021
16cb3de9
673c062f
befcef6d
d5315ad7
e2ce3d77
3015bcd0
e33fff72
4a377121
00e95483
be9f100a
2bf6e664
1b0b7923
13edf2c9
bd0f943f
ab9e001c
554855cb
f8349f7a
438f4e0e
10d3e32a
b821011d
6f1e95c7
5f078689
830e228d
9b08f2be
e0ca4e2c
22e9eab4
cc50445e
fd8770af
cfa06f95
423bdb56
cc359285
03047253
9e7720ba
dc9b5242
5c934cd7
b0019ff6
b9daae1a
8fe028c2
38e256ba
ebfb45f2
1e25bfb7
78c6546b
37b69be0
02bf1b43
7d558225
ad084880
351629c8
ac1982ba
50a01d4c
177d9c6d
9ffda669
9f805083
f62c6656
920f1598
f4b53b4c
caca2e62
613f96f2
ccf2aee5
442176a7
cb2ea33e
a8548084
1ceb2f29
c8919df1
e181a697
04c965bf
7f34ff4b
cae5ff7f
6f5a5c37
ad586cd6
a0159b20
5928cd56
e907cf5e
7f138c67
d9bf2e4d
4c7464ec
c0c29476
0ad6a8dc
12a92205
2940dc21
fafb064f
45d3a7d9
62567fa7
dcc77227
eb9741a8
3e931ab5
124fb32d
7f06ee25
801e9e4d
613b89e2
0bb23fdc
4039741f
eee2d2ff
9ece3d80
0af25e59
90a3cfe3
e2a3870d
877157f1
ee8bf3e4
0eaf08d7
6157ecf6
19d868f2
24767a8e
5a08513e
3a65ebcf
d923c874
b6ae8f1d
bc5c6c38
82c1a5c4
17926059
56237b2d
1140f610
2aff4ccb
5d56efce
7a546fe1
e1070135
8bb74929
a0f310a9
cabbb101
e723c685
b635fedd
0f8bea4f
07a0df81
d17b3c5b
2653e6d1
5d27ef27
2274a3de
12bd0738
0d678c38
b75b86e0
c28592a4
e22e19f4
6564e2e7
52b3bb78
27367f27
de3411f8
3f48aeae
f0c00ef4
04476e36
145421bb
a8f4c29e
aa3a5491
579afd9c
6eff3840
2694df87
15c12d21
3e3ca3fe
2d134ee1
44591575
82aa7a3b
a0b52a92
87a149d6
549272e1
80ac5308
b2f5d11a
b3d4a36c
5dabbb29
7c6f9937
b507487f
c9be02ad
400cb3d1
b0361a6e
9389165f
b252a04a
b4aae9cd
df1b3622
efc0468b
996b2249
b7686a5d
dadc239d
0440d654
d67ba9a3
27f59783
b9195bb7
ec5495b4
427f2eee
2d52abd9
838d5204
ac6480f4
eb7c3dfa
004d9a43
c2a53258
f1206f73
7cc599be
029b976f
0d3b4d6a
69edac5c
eed46614
180ae07e
5aec406c
576f2bd9
8b98d294
a240464d
d8778d7d
5e93ae1b
1483e304
aabf6c74
7dd3c4b7
42df6081
bb0be301
b764e2ed
bb1b8e75
bf44ab35
98580d1f
a7f106c4
c5aaeb9b
02b9f91c
10e07623
0b732dc1
5dcdf780
24406b70
fb771990
09e3b36e
12f112c9
fbba7962
3ec3dca5
32913050
e5ffed8c
ec01edc0
cea90dc8
bebb988a
3f455205
241eec56
d21f5195
e414f1b3
7d1b16a9
fe83286b
fbb28c51
5189a461
e9cf1453
e61a4dc4
70bb38d0
2853ea3b
f07570f8
7b3d1208
ef157337
db00e43b
f8f85418
d3fe450e
bd41fc93
fce6e7cd
89c407d2
1218a7b9
2c17faa6
7c77124f
2a326aa7
9027aa08
39089d2b
577a8c18
fd347fb0
02c4e377
d8498be9
a43c4a9f
e118e99b
91aab674
4434b67c
875aa1f4
538f4492
adfa9211
394935d9
8b4f9c52
a4ed44d9
d2fa58b3
3adf7cb3
cb18977a
747c0c62
68faa8db
68d4d4dc
f98e113e
cad8c4b5
13e98f15
ec41d8dd
e480f65f
9ef30dbf
5ef6d75b
149366a7
f0521594
3d5a6cb6
8295a9cb
bb0ee672
82455080
b1aeeb80
ce49f8c0
1e6909c8
2c3a9884
540d1ac5
6ae4da32
101a5936
e52018b2
243f22a9
7ea52266
52b197cb
9709ad30
c5edecc3
e6106ee0
16bda9f2
75b460b7
02c6b28d
3f1a50d1
e32ab27a
1e7f7b43
0a253337
ef050cef
47be2f5e
491d99b3
a018da7c
a7c5157c
a628113b
06e9e29d
cea7a158
4968d67e
d6914b88
fcc8a7af
a048ae14
2767dbb4
c25c39df
e67c8298
f23a5ff1
52dbed3d
dcbdb54e
2604cfa7
b54874a1
bc34a1dc
89b00ef7
4640377b
89f98a1a
e9b0bcd2
e6a9411e
3d6868b7
b55a4f35
aa843b37
e80009f8
d69543eb
d33b09f8
dbfa1823
dde4b665
0a10e6e1
45b66822
7cebda7b
c973c589
82c3df18
f17e679b
c8e8181a
2ff76a2d
d0bf5b61
02bff30a
df4997c8
efab4254
2d0a7d75
7da43346
ada5c07f
9b380bf7
c42c9c28
b2381e7d
02817e1e
22ae835e
72ace2a5
4d4ac5c6
8e6e76a5
1a58a949
316084fd
54fd52f1
8735166c
a75d773f
4d0aa49c
a3e2643b
531e690d
b0e87ef2
a066ec9f
8d5c5364
1298df8c
a51ffe84
401d386d
223108a7
f8b7ba23
2d04d533
adc8ae3e
3434c6f0
a3b7a23d
56147e9f
e9ee829e
f2584cbd
52db7329
fcc156e1
6280c614
8de56793
7c7cf7d8
44577e97
64d73f1a
8e9968be
21b5b911
61ab5537
0dfc6d57
6347a2f7
5c6264a5
16291171
ee720e6d
08b62eca
e5d11e01
b5430d6e
5ca68e24
a099e605
6f76a163
be7d5fbb
0fd82af3
46dc6956
a130737c
9f901f5f
39caab6a
e05847bc
aee7831f
f2d369a8
11fd6144
f2b0c13b
d79a112d
49e83a11
20c5d4c3
2de45e2e
bd75c70b
11d234a1
86a05f2d
b3a1f2e2
d8a09693
07236d02
850c2b33
c242f3ef
13b271b8
04f1b62a
d98a7b69
7a1c9410
1f485ac9
a4c5d70b
d1a4b514
a4704af7
7f3f7173
fe76bab6
74db84cf
ef1f2fd6
8d6d8b7a
f92ad605
c1602eee
c34ada7d
d7171725
978c39f7
d8c06fd6
023230bc
d3987da6
17005642
7ae1afb3
05acef62
377c7be4
06753db8
cfb3c229
16395382
6da7bb30
c560c037
a24057d1
087bcd54
af4d9f30
b99b4b1d
0767a294
f6eb7a0a
026f69fe
80b12293
02436ece
bf546ee5
c881ba9e
61808ed4
910afe6f
91599af9
c6d0ec82
2c6bf0b9
84011451
73b75d4a
844c5cc8
893453de
ef12c63b
d84e7cb6
0a5ac1d6
99b28be3
77a3279b
8b495811
8a8b20b6
efba1fc2
7319c6f6
c97c4a62
b0b763d0
5ccd1273
45340802
234f735a
5e1275ef
07213266
dee35d69
38648a46
d115942e
0f856d79
5caf0719
0038c557
07492924
af70f22a
7f9a44ee
467f7766
0d6f0b7c
5dbd990d
d53eabef
fe0193f4
333e323f
4d56722f
d7616714
8133edd7
94b1512e
a4c5ae0a
38ef124c
84a4c451
2172f564
24473b3a
6afd588e
3a0b20ad
0fa9d84f
ef66c7b7
7bca93e8
acf8455c
ee6b8117
b29661e8
1b2d298c
d660d339
55cf0c77
cb18329d
325052e6
3d3a5fee
6d630e1b
11d2e40d
86b65f45
bd58d486
ca989483
07633a02
35ea6ae4
a80fec7d
ae46e355
f609194b
0475efc0
35229bba
ec84f9f5
47ba3654
aa5d9aa6
34b86de4
bc01a03b
a1a81c79
07aaff39
c131fb18
48b04297
c67d2984
ffe84112
2e1cb622
1891e697
7825a6e8
a80e1881
f0d085d7
21a1f611
75747a68
655bc37f
42a95e9f
a9725847
5449b4ca
bccc15c0
2627ccfc
9a49172f
109e6fc3
0c9b0e3d
c2b758eb
4d733ee0
072f7617
696af02e
3ad6148c
1f7fc688
36895fe0
64a3a62d
8ac925d1
023463ac
4e1e7be7
3d5424e3
4e8a7bb7
2413bb69
4804d155
ddaf9126
af647da3
f0d270e2
6ee596e4
f896d92a
fcb735a4
d1a8d682
ff25d94d
57d4d7b3
52a2083b
6d7b2057
1c31f10b
fa1115f0
6f4e6716
110ea2f9
f99a3a67
afc8a4fd
fa4c0f85
24924026
3f4e95bb
e2f460cb
ab0326f3
53d996ac
7447851e
b3d6a8b6
a7882185
3e7c43ac
f57c7ba3
d85132c2
aaa0b31e
31152d53
f5a69af4
27b63813
737e71ea
061660b8
5428b3c7
7f1b4ea9
8956bda0
a911c046
26159f62
6d2fbfac
4a2786f1
01f86174
aa2c8fea
7dea02e2
422c61c2
a424bb7c
5c0cd94d
e17b0b53
087dd3ab
193d15ed
471bf496
491c60bc
2ad0051e
9f7c610d
22e84efa
30cfc754
8a18176f
13e05d0c
24cd7dce
6c6d794d
48305086
f0afff2b
a90dd137
95ba6f06
4d58c7f2
4b922197
ee315e6d
d82673ea
ca1c09b4
8a2a1a61
2cf0ce61
faa9ce7f
44b446b2
c9fb7f49
64602103
26c67b9c
47db6696
c9588a3e
7b2e2c15
fa65d6d9
9cf56e8d
e04d8552
71478d48
279d0986
f1c1ca5b
3f1ea4f6
c57e209c
145c79fe
b8871084
a126241b
318a44c8
95280d55
bc6095ad
c6c92ce1
24ebb38a
9218feaf
e4420a28
4752ebb1
a2d732bb
ecd782bc
ce2b57f3
5682bfd9
cd9d0507
8014f7a7
6749a074
cc9533d8
e8930cf6
64598ef7
c9d9780a
ad602af6
daa040fa
5ce11081
9bb5a14b
b5c9cd62
3fafa9d2
37a3c88d
05f1d643
edd6a5fa
7213219a
b67078ea
73a911c1
b00d0c24
2b0dcddc
1061bd43
a124db49
66a717c3
0cf5898f
6ac212b9
89fd48c8
80459d1b
f7dae9ee
1ffc219c
33e9411b
d74f79fe
c9182299
255cf2d5
98ac5d2e
88a0c05c
311aff48
952d7f49
a529d6b6
fc901ca3
8421030b
20115052
b52b6d9a
ec40ddc8
b7a588ca
bc7ff03f
5ecf124d
1deefcd5
d83ec1df
c411c991
1f1b7029
bea5289e
8392f301
9101b655
d54e9a41
e2526fc4
207b2870
cb8fed7a
7f92bfe6
5cbb2247
08e414f7
eadedd4b
c8b64ee0
51a89401
3f46d865
7ed3afe3
4cc315bb
ed4be671
de47d256
e3d35154
6e6638cd
310bb348
fbd6ae45
0a951213
178eb1cf
50196ef0
0a26565f
fa0b3a3b
425f1ec4
1be4f7d2
ae33d947
c530a531
d2630090
53b878d4
fe77aa52
7941d0e2
4e0e2757
05cc0ed8
d9cc925d
2ad350c4
37eee10a
cce12dc9
2e6d89da
2c56d8af
be4f1ae2
86c7ff52
c31a197c
c50791b2
373b7dad
7ca92af1
9a88a441
9108b675
ed4cdc46
2e5274e4
19dba878
e4588e1a
e33b0f7b
06926eb6
0a31dc9f
6a42427f
bc7e1d80
4af0db48
9ee3dfea
b6a1ef85
6feda5c1
6eb05bf4
1b350eb6
19572672
98fc68e6
a0363a94
5abddf15
96046737
eb428e24
0396e294
08590cb9
f6c542c9
c33b2ff5
42fada20
60e5f615
5ffab11a
4c97e2b0
fc5671f1
f07372a5
0c6387a7
2b573308
d979685e
fc267eb1
9814f2ff
2322e381
805be0f2
38fa44cc
b2d6fb8b
4f1f3e86
25654eb2
d714c557
478d20b2
1653b948
ce07b0f3
9a83d27c
bbc4e3b5
eddebc5e
0f4850de
52116acc
c77b5406
af363d70
e042e3c7
14f18b08
82381bc3
b414cac4
8d849eb9
9f169d6d
cb990bb0
b22df49a
ede3b84b
cf288749
87827699
c46ce648
8a6a43f4
c6e92e5e
ac04f0ff
e0cc5c8c
230d593e
ebdb93be
dfa56aab
5f2d7f1d
525fd3fe
c49d3286
050e70f3
996cd803
9c36c1e2
21324ad6
701203e6
cd989512
65e03872
1de58038
977a857a
f5fce1b4
4953039c
4641fa4f
ec0ed2dc
e010cdb6
90b89e91
fe253de1
e8858e9e
47a83411
3df0254c
cded18eb
774236ac
8ccc222a
a03c8bbe
5c1c5c57
c91b9149
75b98c42
8daf2d5c
41146455
f00fc03e
52ea6cf9
13eceb53
d8e9dc93
6241744e
dd5795f1
52822f01
58c327d5
e8172d76
3dd6c8ad
82d73a85
1b2fd17a
863eeedd
7f068a60
4172efec
8068fcc9
aceed6de
fd1eb794
00e1da80
76e19d67
c7b58314
87cbe0b4
6cb631f1
ee2d39ff
454a8ae2
12d16848
a1587b5e
7a9eecf2
8a1193fb
11b349ee
9ce95ce8
8bfe3496
3e83e02e
cfcd7663
1e0fdcd3
e09b819f
860670cb
bb431135
16c5d4a6
1bcacbc5
f9398153
ffda1e6f
2716bcc3
9ae590f8
3e05abcf
5a0b8871
e7bdab33
bcdf6c90
d0d0c7d0
07b66219
46e33b18
2348f614
cb733946
bd56afd0
5e4d4bea
100a1035
8df36f1d
2bd3b9a9
3b236101
a422e684
cb3bb7bf
fd70ccb9
70b6ae3c
087c54e9
e0de880e
edd9ceb9
10fadfa1
e6c390ad
66dcd276
91c36999
f07ed645
3c47fed6
6c7a1b56
af407e9c
940908d9
b3de67e7
9625f3d1
d68b4d37
70185ba0
0e3b83f5
77c3d629
4d8f3e86
237ad31a
102bc6bf
df6aa111
ca0f9291
c8c2d821
f6a7f3be
594b8003
7a4697c5
3362f968
38e0f2fd
9e1df8dc
dec68ac9
2048da86
004a99db
e6d7aa61
7f3d3ec7
2454dfda
c09f0142
4314a030
97599c54
c80f90fd
fa9a2ac7
6c09e6f3
dc9e3b58
25607d8b
a6f608f9
366a1e02
3d27855a
8f692f5c
bd11cb5c
2538a2b4
fcc8d998
bae67044
48b02bf3
ab636cdd
7b25d6cf
b88dec1e
0903bcc6
b28ffd38
815d48e9
ceba488f
ab0df1a7
869eaf3f
086292ae
0312f5d9
e31bf71f
ed6ee234
a80c0c76
725def5d
ccad8d4f
40059e3e
a5590a3d
8294b5dc
2caf7f76
764884a7
498869b4
25646f57
5a0811fa
81f8ee6e
ee848c35
6cc2eae7
94225da1
22e284c5
1b1288b2
e0d43aa1
2fc5fd64
5ab10fa6
2fff7584
edf333ab
ce650e31
0edaeeb0
d48d6970
8939137c
6cbb2c17
a9b66b3b
c048dbe6
133a50b9
42dafe9f
db8a2f2b
5a1d8996
13d90b69
a6c1d727
58acb517
a8308a77
c7bbf75b
b6b276a4
667c46d7
779a29b6
0d459e1e
db005f45
876faf4e
ef24c7b5
6b878335
d444f929
c1fc8cd4
f0d0a9bd
91c8b02c
3c703e7e
b9ffc25c
408ce684
b9f65f0d
692d34b1
0cc73b4a
80d140a8
f0b11b3f
a50e7f33
633519a3
93bbb945
c0371461
350f66b6
1bc1646f
33d68048
9f966502
af40659a
7e630ded
e2bc9f6d
13094bac
433d8a20
dfb74029
576e11b7
3093f2a8
8d6ddb5f
2c1a1451
24f5b098
c9659cc8
638af358
393ebf1e
52cf7247
a3d470ef
e93008de
e01cc4c4
b200587f
9bbd805e
2c9ec7cc
e60c7fb5
3d84cc24
e4c4eee3
9399637a
302c01b9
49cc46be
0315549d
63dad86e
39fc3998
636505ff
33d7130d
7f7822ee
115d90d9
acc45b5e
80fcc49e
306e7cc3
f4ac3b8f
7e7aadb6
edc1ac0b
9b21473a
94688c9c
bf03aa15
25464ae1
9d751ddb
a6f116d1
65324ee8
42908790
16f6f526
eeb5bf00
778b6185
ae1021f4
cb2d0c61
48a1b333
d0e43348
60387d74
7ef41ce3
fdf5e3f9
f85046f5
6d97a30a
d65c3923
53f44d41
0331a05b
f19a4d2d
3ec6341c
1aff00e4
95843d24
fe7e4fef
11776ead
8ef11f0d
a6b117bd
90f59d42
c70397e3
20dc97cf
a17fec18
ac66c993
ce900998
943d2327
d66d7a0d
4d4b2dfd
ddb2a393
0387d8b3
bf52ed6d
1e8532d8
ab950e24
02aafebd
91fdde52
cef06092
166901ca
2dd30123
633031db
dc3c5561
57a7e666
58208f38
28529560
d5bd6425
3d0a1d50
fde0878d
29284d43
017deb2e
96fdfe2a
77f64a2c
6d4ce3a7
24179279
c4081903
d7b86915
6ecca2ab
517272e8
4d2b94e3
5f7e5ee9
a815afa2
a934d680
666f8d6e
ddbd8b3d
80880210
8bf2156d
fe7c21fa
4449a0c2
46ae6b5c
3d404f7e
f0945d79
fdd10128
8dc4b6b5
7c535027
ae6fb3e3
42fe5f0b
a01a82f3
b59096af
370e2d3d
e93b19a3
228a7746
3f6c0c2c
b67bf72b
9fd81a81
a6a43f5f
9b8f8778
e5b2af75
86468a3e
71762bf0
82166ff5
0221d9df
eaea829c
ab7a4db2
42db9d76
cce19d69
66822e15
83fd3597
1cfc7bde
09353ced
51de6c72
1ccc6cd6
a6303954
4a895d5f
f404e2dd
12caca1a
3709df38
195a2c1f
574524d0
4b2d6d9f
6215911d
22ed66a7
117f214d
9d5c9b60
c20453e0
e22f58b2
6d6fa8ea
12b109a9
fe61e90f
7e64d1e1
288b1570
1cf134db
4ddb1d4b
45ee3650
2a5f9072
23f4a043
b20fec81
7e1b59d8
f659556e
d28a15ac
031c8e06
b6cc7e4d
f87d1d91
ee22045d
3257a1e1
bb37ab51
8e62e955
6e4cf376
1312e295
50708a69
e6ec4ce1
e11c6d94
a2d01369
30641e68
49f9805c
202df694
e8c2b751
74e9f2f6
b40e299a
a2d12cf8
ff68ca3f
f8363c33
001e9f5e
252f188a
00e42ad8
02915158
b80ed236
cc785ea4
38e25fd3
ccb999c7
c404f634
977340bd
c893b4d2
0c83aaef
704ba6f3
cdcefc56
84506ad6
38fe40fe
809ed3be
a12a1c4e
28e8e8bb
aab030dc
bc9ff362
ff2f5204
6f6e1ef3
c4b69315
42047423
b673283e
4ebbb0d3
9e12835d
b320eeb2
afcef752
0dc02ed4
42fa62cc
77248bef
1e1506e5
391ee339
c95e7735
572126c7
caf0e9bb
b2b1732a
b0e17620
1aef3a5c
6cea9fd2
614af72c
6de5083e
ee66613e
0a221928
c9b76b6b
a564578d
d7aa5b00
14bd7722
1a7067cf
6933c72e
6d0a68ab
e0c09d06
b9ace457
82a7dae9
ef6fd739
762c56de
b18bde9d
0c61a142
10ccb116
044deea0
9e7a522f
a8d6e8ed
413e2d33
030af272
9f5a33fd
2f69767e
c82a77fb
087635a5
c9a15325
3e05de60
6922870b
03b8e7f2
0fddfa86
4c68983b
7bcfe8ac
40de6282
893eda3e
db1c6d44
70262b81
82ca536e
1f3d1519
2fbbae2e
5d213760
0aedb112
ee05602f
a3e82eb2
cd2b3d47
ac349e36
81876f96
60408027
e785e0ad
512f93b2
cb66f22e
85084301
1961e69d
ff1b4e61
37048b37
98580d5f
87d044c0
c5aaed9a
4298f18c
13e3f623
3b722bc1
1dafa582
f4406bf4
596519b8
09c7b06a
12f301d9
7bbb690a
3ee7d4a5
069492b1
d3ab6b4d
260e6ab4
9a4d3abf
6f5366ab
9a0e7682
8d70b2de
8ca3b592
ff2329a1
6ad587b3
0ec243ec
f33d8a00
5103e4f7
40de1b43
3734293a
ccc79825
bf3ff51d
4ccecb06
3989a258
48fe86c9
3f4e78c1
c4193adf
2265d2e5
61746a0f
951c7072
3127989c
4903b453
390b33da
74eca14a
f2d584d8
5fcc166f
7ddb6eec
bcc5a7fd
dc4446ff
24d05462
bf4ab9f3
b6d4c25d
371346db
715b8ea8
f4ef2dbc
33d7c08c
a58929a4
377c8bec
143c7fb5
4c711a0b
a2a11b09
3099bd52
f4b799da
d3375951
5ebd790a
539c0eca
792bce45
77033ce3
edc5adc6
a8748242
a2754ba8
9c793378
5b3db2d2
c1825c11
66e9f18a
594f81c2
5a860dfc
336bdecf
3855bdb9
5dba1d43
037bb91a
9d2231c9
0d291ccf
ac3a7ff5
09469151
88e5ed75
953afd77
e8a18e2a
6439c73a
07c17b0b
aaa183db
62eae0bc
4d4e4876
af5e5a7e
da18a96e
a8371b23
e32733ef
075624a8
0b2036b6
da22857a
2a649660
df58518f
be21cddb
fee6ef8d
2a096573
16b913f4
ae758a22
f95281e6
400f7b23
05379230
484c9a17
742a9825
06ffb88a
8b5d1dd9
03b3fa7a
292eaa94
3c64b007
2f4d08ef
c0b928fb
c41ce07e
b639583c
89a1a48e
2aaa3e60
762caef5
3d81eeac
c5245e97
d609619a
234a8edc
7139c570
bf350f3c
96177517
e1e486d4
e2fac6ba
52ff613f
b841def1
aae3ee4d
9de7e7a1
3a90eb8e
0d875c05
e8973f6e
1b9148af
e895bb83
2e29d516
2a1a92db
c0c95042
03ed98b8
a3def59e
b997a33c
52f97017
176f4bf8
e09f02f7
0217e05b
9f44183f
d818829a
1094fbd7
f41d0d59
ad131e94
65853c83
b9631132
ef614d5a
ff361db0
f185ae64
3c8dcde4
8011cc8f
e1d0fadd
92b2b5d4
3e52f0ca
bffb60dc
53eed49b
f97a4e25
5da5f588
993e1940
3e673ced
f29b0da1
2d57b6bf
b459ae5f
f9358df9
c5e6ef2d
d60d7d83
a0fc83d4
3452863b
20de6de1
54f3fde0
b2d5ea26
8dcf65c5
fe7033ec
c1ed7cf5
874f3f13
80b148b8
f291eb56
f49bd1f2
65eb0b61
be3537f3
7404d54f
952fbb03
44304742
a06e8040
fd8c603b
154fcd38
7de38fe9
60a84f5d
237f6b38
636e8e21
473b5289
c6654051
f07f9030
c434cb09
23ac0123
e34b335b
961a7ce3
272236e6
1ef3477a
29469d60
d5902467
8b4ddf7a
ec25850d
02b8c777
06d92924
a479beaa
717ec4ef
4c7c6323
2c32821c
5d28d90f
9a05d4dd
b7abc008
9929b850
087c28d9
a643daee
4e8f7f86
02259ed2
a1b44937
c5732139
1f53b1e8
c487a062
dea390d4
a9568020
69deb849
2f4a6cc7
1ed72ef8
2cc3ef4d
6c538cf0
cfe6ad59
76f5dd19
816eabd5
26e4641c
2ec9492b
45c05678
a8dfea5e
8cd66dfc
5a1637cb
048dd4d7
c7fe6f19
b3c16cb0
e871930f
eb0a6783
277b2e05
046c9238
073d9f1d
d71aeb0b
4d28a2b4
a069a11c
ae5f596c
08e92e73
21015854
a1fcc6c6
b9a40f5c
21e90c96
642cfeef
9099c0b6
ecb05a15
88096193
82a5ec4e
f382af75
75926ac5
1c250cf1
62f3c447
891cfee0
40ba9e01
9265fd15
3ee3aea1
639ba5d3
277f7f21
cf6f9039
58d1d1b6
10ff6941
122f8f54
7db6bd01
108e5381
94b9d95a
8b4d351d
b3fb621e
8459e370
f4cf3118
ac4161ff
03b802fa
8009184f
b83c5c2e
a0812afe
228ab844
b6acedac
d10ad6b0
c6c2528f
022d4008
390da0bd
dcc04e7d
273f50ba
835a55bf
58ede389
53ad71b9
77df196e
74db0e07
56547147
6c54d224
967cd79e
30526e92
e46d3f7d
ae936b96
4dc1ac03
b34250aa
77a0cfa9
d839decf
1b9ea73e
4cd67525
d389a647
41fae99a
bb1855e8
22e37698
3ae2bb4c
85e4afd2
b9497505
bde930ae
6d7f7baf
12b2332c
5db7d05e
3f46452d
ff6a8e0c
ec5dc471
a7c5e337
973df9af
85f446c4
b1f2c511
64d8693c
75fe2aa0
a2d8caef
8dbc7f8d
a04c482c
61080ced
8c07ff09
03a068a9
e8b17006
27ab3996
22551474
2de5e14c
ca218f8b
a7a502d2
ac13b03b
fcc75e54
2004bc77
393a49fe
2704c5b3
5f521a0b
84874843
4f888150
960fa670
c56e9e42
264265e5
023ba8d8
081a9569
9cf788ea
ddf91de0
6fff7496
3b09f83e
f8c4747e
1066e5d7
f0abc9f3
e443e4bc
9bd9117d
02a08c0e
1ecfeec7
711d0c73
6d4adc37
38577f83
3829c15e
efbbd416
7b75b9e3
f00263c4
502985c1
ae3648a9
cdcf9fc6
a8f08e90
4677c967
17998b38
c3a900bd
e9fbf471
ce692109
9002f782
444ce06c
3e484fdd
78d63efd
02237f53
bd1947af
fdad8741
b4cf6c14
00498ef3
7782de6e
8a2f330a
36e070a2
ba6d274d
7a4497c8
c2c606bf
c7d48114
c107c06e
b1e62be8
7d8f61a8
9c49f8a3
efd9af6b
d4c4d2a6
7bb42c99
477ff627
7b8e8229
ca3c0db5
36df8319
ecc55ce5
708dd65d
8c400a17
d37ed719
34077bb6
6c5d0ec7
2e9a2da6
b14d9f79
e9005736
7de0202d
d0dc52e5
1709570f
b7dfcba7
5fbf251c
23e0813b
cf7fa12e
28ee6e9a
375a7fcd
e18c9701
b17cdf7c
815f7c93
7c757d4f
0aa1039b
f4b79d28
0d659527
572ee941
5ef9e32a
3b3d075c
517b8667
6723b6f1
2885a9b6
a035c20d
22e54e2b
fd6f0f5c
a08c9650
83805d25
66ed38b2
6ceea0c6
52870888
3367df2f
1e447590
3d246321
f54843fe
335f2628
2dec7627
1b90471f
8a3ea530
db39218d
aec3dd01
7ab2a785
69f4d5d3
37b83b64
e777b8b6
39d600ee
1f572387
1527aa38
490e9707
69fa3d26
b802f5fe
ddde2091
c7a47268
c82fb16e
28c28670
5fe72e23
4928584c
661d3e6c
a4b23ff4
2779f30b
94c9967b
e6f44dbc
6d5cceb7
891ca387
833aab07
1816d3b9
d08a102e
331858b4
abdaa29c
7f83f4ba
c7ad7f07
133ad15a
d0a9c297
66065159
1dd112bb
f48a9092
7613b996
792b80e6
6b1ab347
1762ec63
986594ad
a5b12b11
f44ed3a6
b35016bc
495df61f
ff224632
e84c3dfe
da7a018c
9dc2fea3
bfa7a799
c1c40203
80b0afb5
67b733b6
69dec0ec
12f231a2
c447bb34
7764973f
0d972f69
40fad9ee
5b3b34b9
65fef636
590e357a
1ade2458
57fd0209
edc95cc1
f88fd54f
8c500f77
5334ff0e
3487eba7
ee754cad
3f122db7
094fb349
cb02c607
35e4cde4
3b59ab9d
ad40c165
d0b92948
0671bfd0
1508c11a
e4887934
11722f33
aa631ca8
6d9ced6c
ac47af7e
a3ee0cd8
a3aee63d
c161c949
eeba599e
46770eea
75ce2dee
2c5cd6f8
47af940d
f6f46900
c93ca1d4
90dae0bf
570a3165
efc0aedd
38d6d6da
adb4ce7e
9555271e
21d37dc5
a4b35f4d
c331c8b2
c8909237
af0b6d02
f5eeab8b
ca404ed4
115b1035
49587527
43842f91
813289b0
66b9023c
e6e1b684
38cafecd
84c8aa76
2172df4c
7c5f747e
0f7f4926
021013fe
f9e4981e
6966c7ad
6de8bd25
40e5b0f8
4e4656ed
4f07fbeb
293cab9c
385895f9
cdfd642d
660b6dea
a11dd69c
8888cf05
3f3c844a
21cc3ed2
54387647
86a84806
a8b59f17
c501487a
8725ee72
7f18db77
169a22f4
08755695
f6c244bb
899a6de4
50b03a11
b267df44
1fea0719
57cfb393
f5dae9e5
de65b1b7
697391a6
42620bcd
192a9b0b
79e4b6b5
1bba8da2
e1fa757a
0b44171c
2718137f
4faca2bf
e86c1508
cacc205f
dca997f3
88a5df29
6bb314d7
35a1ef9d
39a304d2
60adfc66
a589f6f2
8dfe203e
48f11f09
446feee5
000bcadc
af67b91d
f6196921
857c6bd0
2281a028
2c4a5a7d
41f00a3a
435d8855
bda46ffc
eac7870b
20dab554
06acafb9
d1c1d8ba
f5f05a1f
234ae08d
280092fe
80e4049d
84d99df4
83cb3bfb
bed2e03e
376d3245
135eadea
f41b01dd
6202f0b2
594b192d
d62d98dc
9c967fc9
5410d6d3
bd189e17
b0dcacf6
9701115a
a295fbe9
d2bbc84f
7fad0c34
5f7f7437
7f43e44b
98023409
fe75ca9b
1485dcd2
7e222d6d
fbd993e3
029072ad
0efd0ae6
59118567
1dfa6b7a
333f13e8
4c00d8d4
7f0a97d9
4cec48aa
02c156b8
63dbb57e
abdd22b0
ebb947ff
b33b51bc
7aeb2285
a35ee3d9
8e8c1884
90e8941c
3cca7fc2
312d1947
ee20b6be
bda0247b
388753c8
3855abd9
18e94a4e
9fad9e08
951f7417
51f5e65c
0ffd741b
62dfe13d
206e7eb3
325bf45f
9dfc93e4
92844aa6
b1cf5d96
6c77e94f
13b3198d
e595fd0b
3f50c760
24c8aa8f
e85046d4
2ba42ba6
bfd4f90e
98bca3c7
b29a4035
57ca712d
f9d83650
2385dec7
bdd44e67
3e3d579e
01435e35
06b77b19
abb1cb93
c8f5b012
a72b2c06
6df120e1
83c3325d
e8801503
b70f33e2
1eb31d79
3206da68
fd14c435
0716209c
7ea59da2
6a38456f
273da92c
ab78842a
97b84fad
c17c3356
6f879578
c4a18b2e
f739cb29
4a985c51
39fea33e
79d6f624
43d167a1
0131e9da
cb3c21ad
34e1cea1
1af9375d
c8dc85d2
c16efb95
7d550d8e
6c775b0b
323923bd
888f50be
8f067625
48c37410
6ff4a408
80494988
0bb50bda
ae9e986f
9c055221
054e96d2
d91c8166
c7b2c8b2
1b3bfa2f
f681a873
d29ac301
3088acf2
ed4c4e43
aa186c94
527da8d8
13256bdb
39399b45
fd27a974
7d5eec15
1351a6e2
3592484b
aabb6b09
30a0faa8
3b653b4d
74ec34d0
e0d2f923
6f0c102c
0bc7526a
70d38179
5a8fcde9
3f50f4a4
105a94d5
286b8899
8f29edd9
e69d5958
bc2eea96
96ed762e
23ca2ffb
c0bb89f6
2415ca0a
bf596a2d
d8abb4da
88022ec5
e408aff5
b998c8bd
8cc978d6
110970fa
72f4dac3
1fafb859
ad45dd53
9b4b890b
2761ae82
3de3f80b
c855e1fa
033e23ba
c57b49a8
7109102c
a085802c
eb3c0c58
51adee4b
d1e58169
762207c6
a4fd11a8
979cab3f
c24612a6
241a55b2
836b96bf
fec6322a
1b2d1f86
771afe18
fe7f0106
5504b735
84482213
84bc99f9
fe361af6
644082e6
0b083bca
2d64b576
d0a0117f
60735e24
03be537a
db0014ca
afa7d466
7d2b7d61
b8e4f16e
9d1620d7
a2992feb
3b2b9f1d
6e061ec7
91e94c1f
2371808a
f9bee4c6
1deaa7b3
deaec4ab
8979a90d
65c531b4
93c36cc7
74cdc026
8dcc35a2
8251d563
f71672a1
0c3dfb9e
271e538c
87f323a3
5bcab96b
7f3d0aaa
dfad8a41
c9b14051
fc6e1743
33df25c2
d2fec258
6c4112a9
d03144cb
a4ad9e70
a9dff786
db91603a
f7eb544b
505bf1de
f29ba292
316270cd
d3c51ae7
14185a5d
d91aea84
39143177
a9b99f87
16a53c84
194d903a
e4c486fd
434826f5
64c2f027
96e835a3
b2d54d4b
9b33b27f
55f91ba8
b74e741c
df3691ab
04887927
3e7c8bed
ff7c5b3c
0fb01a97
afa43f10
21853c10
57a20a44
d245b658
3cedc011
caa1cb5b
dcdf8961
148c8884
85c9699b
20e78a36
f17e3a29
831e18f2
fce4581c
69663013
090b7542
c6adfe18
b2d1d499
decd15af
83c361b0
900a769f
e0c2040e
a0c06ab6
80e051da
bec670ae
cf2757c5
507adfda
dcbb8105
d510e236
9f676034
dc8fb0d0
dc930afd
344b9ff5
b90af252
0d586e96
12eb1cfa
10948f11
427a89ea
171a1cc8
02bbf6bf
7f22f63f
2a4e25a6
6a74c25a
0485c7e3
7525b51d
a65983b5
0281f1a4
6ebd3b76
7d62e4f7
4a9b6bf2
2457f7d8
584cd11d
298a2f39
4060d6ee
4bbb1c89
67f6f6bc
48aeafbd
0a3c0435
17df0909
ecc94cc8
518cd44d
84702e77
5b3edf9b
64977ea5
ecfc44dd
3e922fb6
c9459739
db02ef02
00409207
a3bf0f5a
9d69efe0
bab9499f
ae75229e
ceca5588
4a67fdfe
d2b293f2
87026ea3
7b7d71a9
2401a0f6
cb1b8fc4
6102ae70
8179dedb
66d06c82
8e5d50da
31e16884
ab0ba335
a7446324
b4e00973
067157d4
9432f368
ecb879b4
11303736
89f30882
65b1f6c0
25452a67
c3680df8
8ba3ea68
d0655249
4a3a42a4
44f90c85
713a2925
0ae4ba9a
af375599
e723f24f
6d3cfbbc
286c9536
bed5557d
472d0be7
e1199e1c
a0395a36
9a951694
24e10cf6
764caee7
58a968b5
a9304e0f
d24841ba
4f3f5126
7f2f66aa
708d6377
2ae9c6ec
ca015c0b
88ce08e0
99a83234
9b02db21
efab3fb9
b28e329b
7d5b4908
4773900b
83b65049
5d5ec5d7
572e0239
19dfac0d
31410b8b
f1590774
df3daf17
af527b15
d8f1a7d6
96ea6018
478ef92d
bbc8f694
3ae25ec7
6d72e60b
76992b22
41530915
abb7593c
21399baf
ee97a122
0fa9c413
69b71541
0ff3a9ca
fceb154b
35aa8660
0012bd7b
3cd4320e
ada52cc0
431a499e
f45f0c78
420a9d7c
03050e27
9eaca348
deac4089
7d464c75
365fc7e5
121dabe8
d005f2bd
92830859
3724d99a
b85a8edf
5753ec45
578fff7f
6156d3de
80de0296
1674b951
dd5782b4
c08bc0b2
73294d84
202f89fa
70b5b1d9
77e158c2
227792e8
be41ab7d
da104ee6
331b1e24
c45ebd9f
43d344d9
81122cfb
529ee10c
33477e22
25f261da
cdcc9303
b65c4ba5
776d5ba4
49971042
3ab30ba9
72b73969
ff65d4a1
b9c2a96a
713b55f2
ffbf2f6d
de14771e
d8e8c574
82e260d8
52ab3105
acc0fef1
2ae1efc7
4d66e7c3
7e78fb8b
11d7fe07
ebd74e3c
33195aa7
c0b7b900
0b2bc406
7665f3b9
f284324d
171fd61f
417fb10f
47512e90
2965f65f
fc55812c
27ef3436
59e720d9
ab0d92c5
a14445b4
23be1990
c528a8e3
42ab3963
75a75d41
d7e51528
c7e1530a
3b3f9b03
f8c86b4f
3a2586e0
a63b1c63
bc56cb40
c9b084f3
0e367d28
ff690da5
d1abe1c2
6deb2061
c768940b
9bf2d052
51ec8753
022a46dc
65ddbe0d
36b55080
8b83294b
b4c9d142
bcab8bfa
1611bde3
3d277243
ed04f4e6
133ea11e
5b3a39a1
7218984e
a50b0865
eb3cc108
9bc8c882
d16c9749
5f6a65ec
c4d52ae9
af0a5550
d4fcdcaa
31d344b8
c777f674
691ee82b
e9ef0cb7
a27f8448
6e4d50cd
d50ef0d5
88285a9d
d1b2901d
7ccef3e3
dc6911c3
2eaa64b6
b5c7be7b
398ce379
3ba450a2
82c433d5
a00170a2
bae393e8
bab9592b
9f2d53e3
fd0c5e66
8f16234c
0024bbb1
2200581e
ac6b807e
3b70e46a
3528d6f5
ed3cb746
4d48acf2
44f50b48
f926e3ee
791e8777
9a39eff6
68d26e37
51942386
e5a169ff
70ee7b2d
ebe4fae8
335072df
dcec3a7a
3d41dc15
7443503e
a207d91c
39f18db9
dbe6a80f
aa4ce3b5
511a87fe
6d588f28
b9e20eef
e390c148
bcce9984
cd2d03b5
22405f55
d364954d
80989232
847a4218
b4c005d6
dcc2e4ff
a64a5f94
fefaec46
084899d7
f7b20358
cb6b7528
fd15ffd1
f967a36f
70840d40
80bc0dc2
e7d180f9
81a8ae21
ed06f86e
8add4356
50a7fc82
7d7abc4b
9554e709
9abf1c08
a444e63d
de4d81b1
a5fbee83
18d8d7cd
ace78c19
ec819944
d6ed01f8
807de105
5ecd327f
264776fb
51140151
43d1607a
b7515e6c
7e0796eb
998a6765
8221bf13
ad60cedc
60f865c4
a2bb2ac8
883053b9
9bd3300f
300878c2
99ce06c0
d6421f23
4f251a42
2834dff2
131de19a
9faa2921
f25b316a
d60390f2
bebbca2c
cb6a80b3
39ecb741
864a74ec
d6f292e8
50b4e141
08cbfa8e
8e0bd549
e76a2c43
07611f21
0e27b162
ec3cc09f
017e2f36
cc791d68
e518be66
82c5a465
a2680838
0f2ce0ad
d1370378
6f7a4f0e
c6112880
a89fafed
40e0b4ee
44fb3cc8
050e76b6
d8effb7e
0afd1651
16cf1f6d
fd81edd2
e185e604
84d82975
5e3db7f8
b487faf7
e45c2ef5
2d887e36
215da730
d30e0356
f2c1ae6e
fb031ef5
f4b22a26
8ccc3cb3
c2d14595
06b002c8
4eb83d14
b7467570
3af02f82
71dea682
60757b60
cf5d583c
0ad35239
b2b51158
16afe314
e5f29cc7
ce0bf779
5cf4c58a
59ef9cf8
555ed404
617fb819
45a7ee7f
353eb789
600d50ef
f15e405a
bacb191d
db361291
f08f53f7
ec5c11c7
7e832c6d
71459d6f
3416f6f2
b5fea566
653cb7a0
0d4e6775
470198ff
ec9dc298
a8488dbc
91d9cc74
6d61bf63
e3154ebc
26ad1690
bdf8234e
19780de3
578cb633
8069e89b
fd2c5e3e
48884d16
cdf8900d
6c662418
08d0508a
462891ef
bcde390c
0a4f1300
564991f7
c84f2ddf
64195026
84334e34
7df88f68
9919f651
5618af83
cfacfe06
a540361f
4af30d7e
161c66f1
4e0aca2c
2f66ebbf
d0593d19
866782d0
559a2d1b
0a474bfc
40f516a2
8355a8c6
9ddfc1f4
ec96b3d9
e02b1bfd
066e8ff3
80913998
e9f07117
be22e49e
7265e2fd
5a81caa0
272ddf15
151e6d1f
57d006d5
11e3e4fb
625fa12c
3ac926b2
2a7268cd
bdeeb745
1204cbb5
49445cb4
0c37296b
12b118a9
f5b53d29
8735d5a0
55367154
5cbd510a
933d8dd8
6973e604
650376c6
55cdfd1e
a076e24a
b52956e9
1f7f7b6d
4a6892dc
81c35414
e6e5b19e
387e21ca
28958cb8
b66ac8cf
3a1df4a9
0a9f7d40
a9f6a90e
c6615cc0
36a599ce
289b916e
3fad1247
b304bcd4
1b1a79d2
c62859a0
727f30a9
0c85a8ab
d388aa5c
94819e30
cd6c9e41
b65e76e9
30793242
2c4593b9
d53c4525
a3095bb0
a95bf1ff
5f91e62e
d3ab3fe6
133a915e
9e63b199
57221129
cb258282
34a8c9f4
77322880
791bf2c6
287aa3c7
17a678f0
31ed947d
37acef45
4ec4aa4f
0d72d7db
6b639a49
053efbcb
7a5d8733
a05542e9
72ad8f6e
ad1d893c
a4997056
83e09524
20ec1dff
526ea2c3
528de9f8
fd404f7f
d61c6b92
5728ad58
7ddcf18a
0cb1aadd
50708e48
a42e1286
e8c9af97
80e3d2f0
62305867
c5181254
54355690
e9c3f471
30cb38fb
b66ebdd8
b295c8f8
f24a7aef
105f6fb3
39da974e
24758cc8
cda8edc9
f684c5b0
882fb13e
56cc5028
3f4f0ff3
cab890d5
e091f42e
b65b683c
1a1736db
9c86e605
a6b87fbd
fd18ecb4
801432c0
009b6342
f81a5c50
8cf5788a
c96d9459
79eeaa40
350d9832
e0cac65f
3547e6df
e1ea228d
b40ed15e
ba43081d
89208091
b08ac0cf
b4291d54
ef02c42d
33cc6cff
b40fa3d0
ae18b3fd
40cc408f
038898b8
6bda95be
7b837abb
df2d7f37
514bc35a
c28d824e
070cb2d1
9e311a1c
d69bd4db
74127896
751891c7
649ab612
cde0fc6a
386592f8
ead35040
fef73d88
e044405a
f5a7ca40
299c401b
f3c0cee9
bf1fc4d4
751611a8
c718d17c
5bd81005
b17a282c
4dc856c1
d08d1542
a520443d
b3c584e1
39fdb9eb
b53bed6a
649cd337
5134269c
4031c241
c9cf92b4
e8e89d94
e3e45005
ffe5ce60
e2cddf5e
86b54694
99e2f751
646834d6
74caafcc
0e98e8aa
892a1e3d
290825b7
825b5a16
f53fc552
c32c2fc8
1855cd87
e5838eb4
cdda4dac
daaaf356
98d1d2a1
1fe666dd
5d7f4681
6c946b50
c7979f97
7956b66b
0d7c5ae2
56be4a88
a1afd63d
989cc3be
2b32a845
24cbe9d2
98c80858
b4ddbb43
5f1f3ba0
2c601ed2
5f7f9110
4b94282a
365729bc
ec2fa073
5a22006d
03eaefb3
b9deeef8
0ac82ade
d2fa6acc
346c2935
c2c432bc
464350b3
961bbbeb
7fb52b98
a13bb5bb
cd3d757a
c73f2342
55009ba5
a0385200
bcfc22fc
2d781cfb
76609663
c22d330a
ada44e76
44e1087e
589acdec
8c407a3b
f8b39117
4e876f58
183c19c4
47b8036f
640d5eb1
e27e401c
005cda72
34f6626c
f155864b
9042e05d
de203bbd
bf85f41c
0cc2c5df
a39322d1
d1226f4e
261bcb36
ffb52355
dc2e4c51
44681765
41fee9d8
a0b01339
1afcfe61
a8f90f44
fcb7f792
69c2bb49
62d00816
8bc7c0b4
57d540b1
cb7a532e
b05ee485
927a5842
3bb5ad10
cc64ef50
94298949
a61284c7
a5c2df06
e820e4d2
103bdb73
af230bb0
672f7499
a9812ae4
9bac85c8
13efa020
80e5ccc8
763a5b8d
3cd9b4ed
e61994dc
7cf53c89
c5c3dee0
95cdc9d9
8a86ab8f
3c556ec5
336a0da0
f5814dfb
b19600bc
13cb514d
273d04b4
ff2c7ce0
4d193bd2
b2405d46
30953dd3
f035997a
8a4beefc
7d3ddc2a
43b3ca5c
66d4cc10
a14da696
5ff9469d
12c62b09
70e0d2f9
925b580e
96c730f0
f8c6bed1
5cc772d5
81573f52
b090ccfd
f1fd8883
930feeb1
100c9551
15fb8b8a
0bf83fc8
e1db54de
2f1af237
f4cd3c06
3a6f01db
42b9cbd7
f004e50b
9f59183d
c281b01e
2ece8957
796ca4e7
05cbc0c2
2464f6c4
185d91f4
ed9eaf7f
444cd6b6
33b256bb
4756f607
79ae022c
4a7c05b4
56df9249
eccd1e01
508dd65d
84e88e55
da76d598
34466e36
6c7c38ef
3e9a29b6
a165df1b
eb225756
a8cb1477
a5e72c08
cc497dc3
97a901da
a8ced93e
3f551267
1645bcc5
591ab1f5
c50465b2
385f1e2f
d489005a
c3acab51
3088aea0
cd45fc01
263062f4
18bbaac1
20c97094
a7f60c80
ac4148c3
9bb909da
acbef9ec
8f4d17c1
3e4fb651
441f013c
c419c8b2
171b422d
c6a32268
d28fee4b
768826f2
c59c4556
e6183afc
34d92850
b144d2c8
bd0fd904
e3cc8f09
f858095d
27c18485
d76b79bf
2042e55e
15f232b6
9a6ac8c1
7f77f084
d8134af3
438304d4
1106c952
917591d9
4e927a85
3d61b5b8
2461a6dd
f931ce77
37e18b35
1c5c6dbb
82d384d4
83f2cd99
42dbb3ac
30e87630
3b736d46
5def23c2
7454eba9
41455995
8a973949
02f10b89
72b33929
2ec7dca3
8f291932
66f43fb0
729152de
770713e7
e9f02c39
c175dee5
b91d94c0
ee4b094d
7facd795
c8b55a87
f978831c
5cd4f68b
fc5117c7
ec0e2676
80e59ff9
3385bf5b
7b1771ae
0c88dc31
7a99e85e
f8840ec0
388d39c0
47b9a37d
6d21aab3
685e601d
5ad9507e
74e2b34a
e96f0e49
90c26119
4c30119c
ff32a64d
5b4dc30f
ab53e481
20b3af4e
6d12dc7b
5db66dcd
5d6cd415
c02a9516
0656149c
b3fba485
39c0dd32
bded8f0c
85d2af55
6a11fb4b
16ed0b35
cbd66ab8
5fd36839
264ff385
ff02c7c5
3c9ad579
04e6bcca
48eedcc9
e386f0b4
982efb3e
7e4d5663
3f4f06f9
cb9f99cf
8081d0ac
fe42393d
421b049a
b297ff65
762c46bf
7d9b6eb6
6055a7d1
db0aeb48
877b1446
7b05a490
ccc6e346
d62599e0
813cf895
b4c0faed
a182acf0
5c3e99ed
269bc236
1389f499
fd7cc40d
9d8cf6e9
180d3f10
2c554cdc
70d52dc5
a0f86dfa
0cb7eb7d
1b3b882b
473f3f49
685a3614
d343d673
1a977a18
125b9b09
11c55403
ce6c254d
8d1fbbf0
d3977ba3
72a77ab4
6957e8f4
72f341e5
2776a927
ff04d604
584be7ef
6c644c39
c0e6df8f
a2d4c518
80cef956
45fd0279
33ea5df0
77c250ed
80ddd27e
acfb685c
be1f85c3
59c2f2d7
86a03b1c
b681ec2d
c8421c45
f11223c0
8a96fdbc
05cac006
1b7b299c
78e006fc
b9cf3a79
4dc53984
064178f3
e3a492dd
820c703b
d470a86a
c4a73443
989f615a
a260ed1c
7ddaa71b
0f604a0e
b3046374
00a0108a
82cb334e
ae4955c2
3ea30bfa
1f31ffa1
be27736a
ed043074
831aa39e
812339a3
32345c6f
84890a7e
aa388a48
b328c4b5
ed2e9650
4ef664a2
08f90068
8cbd0e96
67622c72
41527a90
06a454d2
b82e9b7e
2a1406c0
5de10ea0
6ec7dd74
e694ac06
e4424d31
6e3e3f6f
dec6db67
631046b5
ef4a6b56
014da77c
d69a0e4c
7d0fb0bd
01eb70c9
80497422
734e3aea
399d3f08
13af77db
85def8f6
e13e0a5e
541470e0
1c133822
11ec801e
9d520d8e
b4aa3751
edc9bf1d
2d8174c2
92d902da
db368fe9
da01ce75
3f1fa73d
d9566d27
47810641
61d8e9fb
9ab27109
38f1fe22
3af94f4c
598ab752
9309771d
adeb0da6
6bd7412a
52b301b9
d9abd922
b204f5bc
28157058
25aa3d8c
cc610cc2
a72d01c9
be37d07c
5e65926d
0d27b7c3
da1a499d
c5154c22
7a1b42a5
04a742eb
91bae649
3400be45
cdedfc80
669a77e4
70e9a868
37a81c31
f2ff73f3
170645f1
553ab26f
7f2ae6b1
b8d68586
a815a456
06693f63
e427bf9d
e32703d7
2391a1a0
23fd9c92
514ce262
402da1e2
a436727e
5c851b6b
a7686a53
3719e735
72112374
3c698c61
f7500495
6142adbc
daa1f804
16e4fe30
bffb089d
41acf682
a9e0fb25
736d1592
09d3a84e
126702e9
db3b4a2d
6c54bd35
ff6a6a31
40ecb2b8
8316573d
d71bf32f
6dac26f8
a068959f
b95c052d
dce12e6a
218fdbdd
84ac4606
b5f85f9c
25ed3cfa
74cca6cf
0429e3b6
eca5de3f
490d5932
ce9f1716
3b332cd0
c8f2e8c0
6ca454c2
a8de887f
67174ec5
54e90e81
ee53d9e9
42d08232
5667ad38
6f1ef663
de15e66c
bfd65b90
eec66e65
007f33d8
7afaeefe
4a05c55a
bd241927
70832a56
48454c9d
e2c384df
c9f3d6fc
93baadc1
bc06f401
3fe7635d
57c3a381
7338d811
13d5d785
c8731342
3ac132cd
969b89e8
3df6b6b3
8ec5aefd
dec48aa5
6446d423
d64639a3
87f502cd
313bb29b
585bbbac
74c7551e
2556e0a2
01896924
ae7402e4
9d3c5f60
48011373
faa13b78
b1b52d78
d6e410e2
95366b75
fe4bdaa5
71bfa231
405e2799
f9c4ca14
cab97e84
1a72df89
65e47617
c4dc609f
9ad793b4
4c76f563
d483f0b7
8cd4095d
3214389c
a8d1aa6f
bf027eff
8847d2fd
5cc64c84
83e920b4
625665bd
39cd843c
d6e06f97
16e9dbb9
ea9072d5
b2147547
9e519c22
dcb4b6d3
9cc376de
ac551d1d
ad9abc96
0fc52ecb
3b2266f6
341497b9
06fb883e
03281db8
e9dbc7be
3501e2b4
d7af7d87
2a6ec1dc
c2b982b3
0507509b
9f5d983d
9081c1be
6c80bdc6
7a49ace0
593f9f80
57f07ce3
1845d0f9
961cde50
2b0fb90e
a260ca88
18b1c4c9
aa6ab6f2
cc6c3c26
2ae29a52
d0b7c946
95022e34
b77980d1
e8c3a0d1
c28a9ef7
514ea4e2
95dee9c0
67687af6
50fc54d8
746f63ec
8c490ab5
ffd7931f
84c7ac68
106d19c0
42b981fb
86e73f2d
62c4661d
88dfd06a
d6347e44
fd559f49
1144f139
8efd1b09
b7d3919c
dfd9970f
a7126c8a
7b6762c0
de8bcf3f
3fbfa11b
f4cf0e68
35454dc4
0092e3d8
b785b221
3064d23c
18fa5d63
7c77b7e0
73c77a08
15c9d81d
96be0304
37230bad
5fd3860f
8373a683
f7f7286e
f7a4a307
d89260e7
58239ee1
77e35ce3
a032ced0
c8b0b411
2f76fd08
bea80f3d
61bb35d2
6f776921
ce6a95bb
2be291e6
50e6214b
522f877c
6d9ebc4d
5db571b9
0cc010b7
78c9d153
7befa660
123f3940
3381a24f
f5053623
675e4254
595c5172
9486081a
d36f240b
b4daf21a
3e78119d
ef57920d
5943f66b
a3cba0c0
2f45abae
e14046f5
b297ba27
284471ff
da9d0168
433a43f9
538a7f26
fdc2f65d
3780f687
2ce63563
767eebd9
9d525785
aab35b1c
ae3b3f97
89aca010
e3a35e43
120597cd
bb138835
adbba9a1
58ec2c10
a28b9550
1ebb1248
26a0bf89
37d65514
b8f02ca2
31522d58
7a17a9a3
96850234
83e24338
72d3294d
031ef304
c5928680
9e03cd5d
5cf4cc8e
419b98f8
51dedc18
61cfb05c
67986ac5
345e87c9
62a548fd
f35f705e
becb391f
d83254b9
788f7ae7
8c5d9bc6
2e828cad
3145b7ab
b016f2b2
853a0836
12f8d7e9
8304565c
2e1773ed
5f6cbe6b
eaed5db5
db1c5d76
cc4daf6b
640cf35d
ab2d1ae7
8daac79f
69336e52
783d7fc7
0d2c6582
f4c4263a
7bcd5859
7f6764bc
fd4626b5
3280ea37
9c4549e9
b295ca8b
f1ebced5
51bbb2e0
7c525278
635a30d6
50afd082
6d7a4e7d
d174770b
e9333142
887137c9
52e925f8
37f73eaf
5f44aaed
715a0f34
a72d0bb4
82516d9f
ff61149e
cfab7d9a
529a7576
8821b483
0f226ec5
9d75e7a3
3cc96bb0
41131996
51d38a7e
90f91bab
f6b46a22
0d6d958f
b7492c5d
c85424f9
8cc2de24
776fa9b3
83fcc589
2a500eb7
32da0584
77c33d2a
b137a63c
80cb6d75
2714c5a4
ff297de6
4d5d3ac3
f2a02936
b095bf73
f5279df2
265e8ad2
f33acb60
86b66cb8
4629dd9f
7de24e5f
2f2e5580
42f1b112
9667df69
a6a0af85
4a6d33f1
06aed3e4
0b7c1fef
7143ae62
087848c6
a4342bd2
1ac5df5f
089317eb
d0db554e
78931caa
2b966434
4b23fdba
47ef7243
577f6b4b
899a429c
426bf4c9
9d529a6f
4619ce03
2693ea07
f8114948
7f1a9627
4347e4e1
8b63a205
23051908
373a35c5
f0d86ae4
1aa546d8
de93344f
fe1612e0
53a88fc0
9e07f505
6fe6b7a3
53e330b1
6c3bb9d3
c572b169
795114f2
0f1ec747
120aa8f0
49deb84f
493b5b02
1db9f562
d9bbbccb
4d8446a4
780af97e
aad4984c
9f2f2c22
b840daf9
f2c9477f
587297fb
579bfe03
14c3a219
beb75d1c
3756d4a7
5a5e00ad
231ae605
60c712ed
9bc3285c
e42f9d43
b7c63996
17f1e516
d737f24b
765429af
118e2597
be733da8
bde8bf6f
1604222e
93ae4f7c
cfb04839
8af319e9
67b7b154
c729c180
3a15ee51
19bd8e2f
6da5ad68
80775c87
a613ce82
3d82f26a
a1b0bad8
38f0f6aa
1be10fe1
754f93c0
c2411a25
bbc4909c
88670042
f0f38149
5c3f4b6c
940570b4
6df95440
0ef53ec9
c9c6c44f
77a79ba0
823cfb03
31518603
ad404caa
759c2de8
a89f8a3c
00a85d0d
277c146d
f3ece64c
9ebc7591
f7267474
304d95fc
66392b52
7fe62dd9
7b10dce6
10be144d
2ded6439
c2e0c877
231e6179
d3b96528
26c2fdb8
2a6b058f
40ca9fe3
537ccfa5
767df874
c1e7404e
2af71707
3016b031
f6269f07
f134ceef
c22a86a5
221aa39f
00700c09
d4ce1fc0
773f2b10
66c84a25
49e5f604
2af8386f
ac46ab02
ec57e1f7
b4734024
a732ebbc
f3d3ab88
ca40da1e
f732eec5
97eaaf42
7d0fcd79
9e3d2739
9011e94f
0578a6b4
f0e2e39c
da7e3975
19b3aef3
a9674ccd
adbcc6c6
b1846d1c
21a8b596
e3a3ef6c
8075d0a1
cc12480e
884d5db6
01873721
04c9d1c6
5f3f1c9a
235df617
39ce513c
2afc767e
131743cd
e009dea2
734f654e
885c92b7
13b4cfa4
24dffab6
fc6c00e7
2f321fb6
371da579
d824d55d
8200120a
733ab54a
bcfa6be0
8aa566d9
ea03942e
ce1e5a60
5b297dd0
96237995
aea2ada3
7be395bb
7e2b5beb
c9b197eb
6951d470
8d1ee747
02aeb6d0
49dfbc5d
93656e4c
f399dd77
7d97aa3d
a8144e51
4672c4d5
c41a28a0
661eb21d
3cc8bd21
0be32f81
6de7b7d7
e9437be1
4f630137
8ed550ab
0e7509e3
4bfa931c
6f6efc25
123cfa44
2b2b8b0e
a548cb40
78abc818
860bbce2
cca67a06
6e411852
43b1d9f7
89412ba2
b37992d8
c88321f3
c2098175
61e2a4a0
5167e9ea
4f7a63f4
485860aa
b71c7131
80e9310a
32895998
69dba2ee
3d1f7afa
f9cc7753
ae63c27a
50be00cf
c51e7cc9
feb11232
109b841d
289a81ca
f02ca5c4
cd1e82e1
dbb05cff
084f0198
3997e7cc
7e40ae35
63b7e83f
c4ec5c11
406e7dcf
1986ae9d
aac2af8d
85445c78
99dbc054
c442f518
6f569f0a
54cdf537
8ebe6919
9e9308b9
eb51332d
a232763a
fffceeff
e815da75
339eb237
c312f527
41f1e713
8030a1bb
b2f913ab
bec52689
39cb66dc
cca4e5d2
4174d5de
2cdd282c
cef7590f
32333dbc
d7a5db3e
ed24c7a5
d33148d0
7b3dcda3
f08d6366
383ddf45
e7d04497
c9c22d8c
cbb89b90
bf67d7a9
bfe92799
0baff380
e9e2f9f7
4e299980
7be3d162
3067c5cc
d2235a59
3cffbded
cbeb204e
ff342481
fc566227
56243a61
82bc1fcb
281282d0
bd993c25
3f423d6d
faf0af74
408a65c0
0f7ebf41
db7f5239
8ad65f19
e4216a73
c80f0334
ffba2e42
68e45ea0
80a7b15d
f34d153a
b791cb2c
1191ab81
5ceff33a
ad02616f
893a239f
002279a1
ff249e26
95a9aa1e
21a28c40
b739fc0d
d53b94a3
4eaa10a2
0c698089
161c9f5e
f53e5da2
53f86afc
4831d44c
f80f90be
8cdc0584
32e9da70
eae1da44
c300e215
9ef52091
c9b255d3
bc93b093
7053a5d6
2cda3cf6
81482b7b
39cad47d
fd631850
0cb1fd4b
fca59d4e
755d4e40
25588c97
5cc0e81f
b917e18c
31366af8
bc7961d8
da9d5603
b140ee04
63ccfd88
5a1d3142
16a10cad
62a75581
394df3a1
bf80432d
d8048e25
389062b2
0e7a96ad
f6c69c01
c93eafb3
60385b1b
34e57d0d
1ffc9041
8b9b2292
cd9e55f9
34fd78ba
6c6c81c7
3229330e
5160ed3a
ec6436bc
0aa56847
bb03af4b
d71e3821
156f3457
847244d9
0e163ec8
e990c611
07075d72
fce3eda1
2399a7a1
10d37be0
c26c8b3c
18d241b2
446769e1
33327614
56049c8d
085b1822
f13b15d8
d8692dc0
bf9570b2
988e811e
ffea526c
5faa7912
df98b9d5
4600fe2b
3f762dab
1439ecde
82178e4d
fbb35f38
8d5af216
0e8610d1
09c988ce
284894ec
2cf40c14
85e5cce4
13d479db
a8fc221e
dfeb5289
149efdf6
deb830d4
2415e487
bf436ced
7cfd82da
d98006cd
d4027f73
3dd8de9a
22902c82
a6eb00fa
8421dad9
b7360103
0340dee0
992c9c9f
c4928483
5d463ea4
8af8e5d4
11934dfa
ddab21bc
1b880089
820021b7
ebad2ca4
594b80e2
60e65141
b62f7df4
7cfd98f8
82e42ae1
ba028b62
57fe2245
9d6da423
d65002f7
0a1ea948
8b38600d
10c55c32
69e3af09
e59cbfe3
26560b04
e27d9970
097e40f6
927721c1
33336738
7c04de05
01166bad
850a8366
33ba3bb9
a052643c
575074f6
ceae71b8
562f3353
a6c09613
58e0ec4b
7f66a3b3
4a937bd3
62938235
a762cabc
4b4bb38b
4f7eb83e
0b6ad485
12afd651
9aefeb0a
456ddf42
192f0842
2615dfe0
ccc53b06
a65490ff
411c0b7f
d5331170
bb18921c
80030034
eb2b8658
14a4e9b1
d0459148
7f7846c5
15d5a0f8
3044d2d8
b32f4914
a76dab70
b8d149de
b6c1e281
d7ea7998
4a4aff7e
c8b3b2b2
23227293
ff77d6a9
b4816ad2
c9938d84
7137b772
81f997db
e6a0688a
2c6dd0a9
df95f0d5
8ec7aa1d
e506d393
18aa88a8
b6333fe1
1405b907
a405aef1
033e2d4e
8dbd0930
f430f86e
a8070063
ba284478
8728e591
fb87f752
bf6b57ed
d0bfa8e0
58a7132d
087b394a
9a6d1d1b
279e673e
09c58be0
12e7307b
3f07634b
c199029e
104f354b
b876db6f
12cd4e1e
d99aea04
3f8ce48d
1fb9deb5
4fc3c4cb
8f49c309
d9b2ef61
02bbdb78
9d35155d
f7bbe20c
4528fff5
0acce91a
ae26796d
81e80ef3
a86b0644
e8745e5e
83851f9a
22c3c916
e6ace8ad
598dc0b3
ee66620f
06484103
0dc93083
e46634b0
80c85083
b2e991ca
f8ae188c
1c351180
0ed18ef2
cb1ea14f
c7135112
91b7422f
fc37c4cb
8891ff93
57b92ea1
cfcc4457
a76422d1
4abb897a
973d2d71
1c83aa2b
10325ee8
4c2ba647
754a16f1
0886bfc6
a833b740
3677cde3
b5730d18
03899290
a1d42d65
ee64b9b2
6d4da0e6
42a62b68
354f4f74
dad45ffd
95eae45d
cc8d4eb5
76d38315
54528d49
21e52ac1
c1b94bef
62d3f2a1
48f67e26
115e785a
de95410e
fd46fe99
50cedbd3
b6f43b09
b6a084f8
fbcdc52f
b3276f90
819a5582
05eeb13a
c8d265ca
23a1d2f8
282eb92b
ad4c1526
ade50e53
cd3a8965
470c96b1
627348fe
4f8b3c5e
b2a0e74b
b64eccb8
6d4ef446
ad5ce296
18ba2a4f
2a50aa3b
f13a877d
bb2023b0
bad15497
ffc4e696
d6eac510
53fe156b
ffc9b8c1
2fc0fecf
fffc46f1
14b0699c
65172c97
38739e6e
2179b38f
cbb2ac1a
0d455407
77b68f39
5880def7
13ffa23e
48d27236
d39c2773
2270edbb
74f37229
a5e19e11
19ceaecc
a584c352
f57ed79d
2d5638bc
69f7791e
1a72a1be
bbad9b1b
af204417
5082daa8
24fa159a
a829d997
f29233ec
1d2ebba4
fe299018
254748ff
c9b802ad
c15d1247
bc765f7e
9f8b5e0b
211b954c
b7acdf7d
c55fd6d6
dee0578f
28eb6643
87b76952
371be9a6
78132344
6c30d624
c5031ce3
08168916
aaa18301
2bf6de28
dbee0f38
a0b687d0
69cb7f21
6665381a
8fefe18c
4ea6a2ee
db6fd269
79deeea5
1a357f2a
783b1f6f
f1b6af56
bede6c35
45c1a755
65e8f89e
eafc4119
23f37e80
1aef2bfd
91d096dd
02e9ff16
5d47281c
eaf7534e
131213fd
d9a70101
ad025735
92345810
98a7d90e
b3cd2bd8
a8d79a4c
7d03baa0
c5a97d84
8b27f352
d9b1a207
059a7ad3
7f77f2d8
d813ec55
480280c2
b087f1e6
191f004a
5feb4b8f
1a7decad
953d651a
f702afa2
79b2e3d5
082014e9
eb3adfe2
0a1eeec4
6da4dea1
3dc59d25
cbb18e36
acf3a1b8
6fdb37a3
5e671337
27cf02b6
ced6297e
1958f35c
7352ce74
d73ae0d4
2cc5ae6c
14d6f7d5
d66a8989
046f1bc3
0533aab3
2043dfa4
6474207c
854f6872
978be81c
e955b2ff
59ec7671
86c91b5b
f2814058
fd50d9d6
e6922bb2
d62c90bc
6c8ede0c
af8ddb56
785f89c9
245f9ad0
c589ce9f
20e69a52
41be222d
83191a7b
f437d8d4
2b43109b
6c4b1cd1
770dff80
d1858cd8
dfed5f26
2d7b6ab8
05a9ee9e
cf4aaf32
3b103bb7
a8818eb9
98a757c6
c09e0b98
c62a7abd
4ed4be05
5b18cf67
55b46e7a
addb3b5b
6c63400b
aaa7579c
8cd3f69c
c1681a1e
3eff6e97
07b05b15
c332397f
5f323da1
2d697ab7
ca63667f
0a2614c0
da17bd4f
06811df2
6df3ed85
8359af73
06914be4
8e7caab7
78ba4066
067e63d3
a192a2d6
5e2c9b0d
6fbb3141
05c571da
dcc95cea
37abfad6
2b19603e
88e0544f
910fe5f6
b41b09fa
d527e598
fbd910fb
52a11c8c
0b8cfbda
786c1043
ef2c54e7
358724e5
09459158
189713d1
1ee3084a
1e699f4a
b5ee25b0
0772ad23
16cf7263
36d54ceb
538ac18e
d45362ea
f653d96d
16050226
db8bea44
cf2968f9
bdd69865
765675c3
9249c2c0
fb615950
5fb177c3
d08d4666
5dafce26
4311cc97
19c0cccf
a1b8d58c
332678e8
be792158
5abd0a0b
b1685c25
47ddf199
d89f1142
0e3504e4
62af5dc9
3ccdbd29
51b61322
999b515e
bb3d21fa
88d2360c
1c4166a2
c6eff124
e5263a63
ca38e213
084977e3
5e749ebb
d9cbb05b
0516421d
b266f13c
0d3bd799
4e2a428f
0a766695
be480e23
61b415f4
4ee7e6a7
96807992
c8bfd14e
b022c083
5dcb5d2c
c8e3fd60
2387ce86
a7c57dc7
bf79ebde
8951cf2d
df957eb9
a4684817
b0b59b92
459bc942
8a577cc0
3dff295c
cc61edca
56edc9c0
3a0b90b7
bfc55063
a934ad92
3a3609b4
c760f933
7f5b7ea9
6e892273
4b958b50
91008f10
ed66ea4d
26d267c9
bafdb2d8
bf7caeb7
d24772bc
a65251b0
8b63b1bf
ff84422c
8b3a1796
5f39bf8e
fe6f0706
7184bfb5
6d4c6323
963c01f4
ef3515f2
75519667
88397342
a5243f42
78e2187e
7fe70901
7b1bd567
dcbfa577
6cb5c2e6
18a905f7
22d2c9ca
cba9a425
ad60fe95
3ae24fdf
48e4d7eb
175aef23
45e7b103
d9b76808
3e7e85b3
f39fb16c
1949bf07
78c66af8
59195fe5
1ba5a37e
f8d2e20d
55e1e09e
d7e95dbf
d0cb7328
aae15228
134a62d7
c8f25ee0
b0ead9b2
154b789c
7067511c
3b9184ba
d7f288eb
814dc4c1
811c2d33
c24273aa
5b1a74b8
400196e6
f88a3f3a
3a2d0624
1fa18ec9
aec5c56f
c2aea535
a0113077
5f3335f3
be766bf7
647086d7
6f1a2756
0144a57f
d39c7e40
dd24ef7c
c2eecbae
2b1a12f8
517aa529
7fc78e09
4a3dffb6
225ccb89
32e50607
19fc305d
80d19ab0
c00615f0
74e17ab2
7d6ca9e7
fb932d4a
a740b44f
fa4256c7
46ce560a
b6ad05c0
e9f1ab7f
ac054b99
39dc90fe
fcd8fe6d
19ef8cbf
fc9b9ae5
66116ed7
5bb7c0ab
ec7a8e8d
1993e6cd
f0151d50
af48c4b7
43942ca1
297bef12
f3db855a
7cfcd89a
49e50ddc
7416ed18
216e9856
f0f8475d
22e7e681
7c305aed
e01b545e
b8077c98
61729c11
00cb7552
d6453b18
a480ccbd
a2dc36ef
940b61b1
8c837034
07c4bf88
e0607c80
dea890ea
ac0a582c
bf2d57c5
4d5f9ed7
4d1c292c
4519a8b3
be1d7d2d
aebf60ff
921cde03
140cae95
cdccde57
625036d5
73db0a72
b3bff45c
bc604c00
f0c9aa5e
58de88ec
348d0889
c599ab1f
006fd6e0
617462df
c75e3052
9042d88e
69169451
5d8372d9
44e10919
3bb194fd
5ecddd6f
b38726e1
f768c012
7d1c37b0
b084e23e
d848cb4d
e6345ae7
e5c08dd5
80b09514
da259829
f708a3f5
43a5e482
edeaf851
cd417419
b1461742
a2e4e4ca
d2a178e4
a8ff3ebb
55348f7f
da557ac5
199e1777
d8467325
47a166c1
819a6ddf
fb53532c
b5e5fe3d
1a6bb65c
8f84add1
b3ccdf84
2d61017e
4d475bb7
1293b3ac
d9a7db1f
a840cc3f
59a9f5e7
0ee5b089
c861dd46
f7eea1e0
815d33c1
f085b237
ac054eff
451881fe
805950e0
b4157c6c
0e45042a
188867cd
82883f19
ed26f46c
fd4271cd
ce9e2aca
8bfeeef1
dc60d824
71f7aa71
115c2519
c0e40394
c2996f1f
2a73dba8
79d57e3f
90dc4156
9f579b34
db569795
1c07bbb7
c6f4691f
3395189c
b911bb4b
bfa25686
5c36e5fd
cb526a0f
340af4b3
32ea325b
7effbf41
1b2f2572
67d11ee9
614b250e
4db43920
a450b124
cf511572
b27019ef
47e8aabd
feb63b70
aa40375a
d6a31078
ad4b0cce
6775f5f1
8946174d
45010327
8c2c00b7
b8528494
1bda2464
ee009cf2
d981aedd
43ada593
3370ab2c
c9eda6d9
58171422
4c6940a3
b1bf8935
4d8dd93f
921a96f4
84fac71c
ab459bba
a4de51dc
352ea2a6
97215c1d
3e4f6bfe
e1b992ae
03113273
9e761abc
de8bb08b
710a2dc5
3239bf6e
999ade9a
cde07b82
3a6b60b4
12acee86
ba56babc
761ae3b7
1a2019c9
b67f1bc1
4c3bb344
6c809eb1
4f7f354e
c89d3822
24328cb0
edd7307b
32600139
87e2c3b5
5291f158
8778067e
c69e6a84
15ac6beb
82ce72a4
3a1a30b2
637392ee
5dad3b29
430d7117
ff1c122f
35ed060f
492c3b51
a0308a72
99cbd593
30f2108b
b6a8c8cd
5f1eb7b2
c960ae3d
c9224707
f725e099
1cc4320c
2088d356
ed5b8248
35957a8b
55a17fd7
24570278
627f22cc
055e31f8
820e1a16
40c61413
716c75c3
354cb1c7
6ae3a55c
7b68d5ff
b0d462e8
20c97441
e7c22938
c0c1908a
1a290af0
b83e911c
7e4d3e41
6f47ded1
df0a099e
c589c533
ba1b7e2f
36b9a8e0
d2988f51
9400add1
c50cd401
f66866f1
78f99b6a
b27a1082
a3bf3008
8b445fdd
9ab0cb4c
ac38c2be
bccadf08
89a265d6
9033abe3
a623efb9
7bf94488
b4852a9e
5ba885db
518bf062
816ce4ea
8e9e42c5
88bd89fb
22b72c65
f30b2f62
d61237ad
046a74b7
d653567b
0e16a6c2
eabcb525
04c75d2a
7ce3ef20
638ba7e1
17d16384
b77d8a33
194a91e2
467e2b41
33325334
de9c9b0d
3108565a
6cfcd0a8
c9efaddc
73d2c358
392ea81e
f0e8691d
33ef2c49
d9b8bafc
e01cd75e
8ef6580a
61a28039
5082a547
a61d7f55
aeb0ccbd
c0c0ab4f
810965fa
b3582a38
719a45a7
129623b9
405176df
7f800e3e
cb3a6db8
52f8b321
b8637e63
3fa12f95
4eec9683
5da0fbc4
43379db3
79d7d462
10f92ba7
9037be16
69a4d435
65fa6602
a23ff670
9f5c35bb
eeb17acb
6e282be5
38468180
ccc96875
cfd8ad71
28a90ea7
a235637f
2dab3d6f
432d074b
128e7cb9
055cccd2
ea3c429e
49092b0e
a8c1d096
35e7a18a
c80038c0
8b2588d2
b8c6b08b
9d451f06
373dee53
5326811e
c713d9b2
7705cc2d
1c8d4278
5228f7c1
1388ac11
c5ecdd41
9614a69c
5a99ba62
b7e8ae20
547cffb9
933657bd
c723bb4f
edad22a9
f078859e
bb585004
84e53e60
298cf2dd
84ac0606
b070c519
25703caa
744cf64b
5db963b2
dc2c4e1d
691d5533
da1ffe5d
5cf48ceb
5bbece7c
74deec00
410fa815
c2fbec97
3d6ea34a
e0b953cb
d05f7a4c
9ec7be54
d866f0b9
042d4bb6
b45f30ce
3e82acad
b7d19e9b
9b47fff2
541c5095
84ee3288
0340d0b3
e3bbb346
3d3e7b60
fccd1527
ad57d3fe
c33f035e
4508c2b4
be3d9938
94e100ce
a89a2b4a
7600aed7
5908f862
a9f05ebf
123950e8
9278ee5d
7b37cd78
b7b4af7c
9819cd1b
e460e454
65ca7d3e
a2eb317d
31f0fe73
2bebaad4
edffe784
a84079e0
432e1d94
697f866a
10b1c8b8
669f6b0a
3ecc84b6
8307a559
5cd0c8e2
51bd164c
4d7ef63d
634b5464
6bd42cf7
12b19318
30c55c29
fffb255c
0bcebbd3
53145fa0
74ff7af6
cd5f00ce
1c8308a5
325f7969
ff049737
08ea1c42
2dbfa51a
8f7d0f54
16918bdb
a418c096
bcc89dce
998724e6
c0328b73
a403ceb9
7b3bc4af
2085a89e
8bad8c51
710fac62
814dc4f9
e69e6ac4
8c9d119b
526531c4
1be3e855
e21fd402
95cebcb2
07712501
6742b26b
451c6d8e
170e259c
3fe6358a
25489a65
141c0984
173c1a7c
cfb28069
c2a70b79
3587a4d0
c7801b48
efe90926
948555da
f31916c8
af17c666
7b832cbf
c0ecdc67
993bc52f
ac1feae9
b7eac7d9
dbac1e83
d1285ec4
47cee392
d8753542
2f2b9467
d35fc5e9
39449109
38a450aa
83ef7144
8c095502
bba38bee
1e313d23
3e6d736b
ed05707c
893a239e
0c2f39a1
7a20986b
8589203e
ab388548
3328d0ac
ef6ef357
4fae44d0
44c98c64
ef212d7a
550177b4
53f7262e
7d6dfe27
6386c8d9
21308e73
f3b89504
3e4a7e68
fb7da7c1
4988bbd0
f1784d60
75f57eba
a5e5110e
e8b420af
e82f9539
f510d532
862bee2e
a0c8c22c
2306a33c
f2178369
5d2d32a0
c1a1ccf4
e6451a5d
caf52643
811cf953
3d3542d4
f9e69701
606315b6
2ee4ffdd
d030a2e2
cda8cf1d
2f2064bd
5d13143a
78e674c2
c8de7cc2
26a47794
9a9bb93e
fa549641
1dcd4eea
ec03d9cc
4486b734
9263083f
473fbcdd
9e97ee6b
7c7124d7
6f0e7f57
2145a3f0
cbbe9257
d4eee840
6f44ffaa
18b263ab
142096e3
ce6e5cc9
a816cf24
fdb49623
3d67cd6c
5fbd8b3e
8cb807d0
25f775e5
d664003b
27efa084
4ee6635c
8928c73b
f2da2ee4
189710ba
36b72a59
d8e1cb4a
f8da8bcc
b809f029
dfc9d34e
b84716d3
cdbab1cd
c70b7073
5b2341ad
f8ab608b
dbc2c2c4
99a97190
b54ce4cf
77cc0ce9
2487a0a8
ff746c94
ff463db5
341a60a6
582199e9
f6d754c1
89328ff1
c491d630
7e672521
4f98afb6
63a96582
6d765d2d
85791dbb
2162b346
2264335b
9f28cf7e
f5f63cf7
5774eb01
630bbb2e
33349331
1939e429
477537e1
4a88fbba
eea05134
02a57e03
c9682fc4
2f35e6c2
a1c3e361
aa6991fe
83eae0a8
c0e7e1e0
4f735a2f
08dc6c0d
143ee244
8acbebb8
cf52e1df
923a1949
0477b3c0
84172930
ac047ab5
43fc371e
c95d8876
2d34df7d
acc7306f
a0280a78
0661cbb9
d2d1f918
c568421e
c672ec8d
ba53965d
3d318dc9
cde58749
5c8d6911
a458c0d6
fec34aec
42c7edf7
1a93f977
a2f3e68e
5fc32d81
7a05aa06
cb4d4dcc
cd161f70
b8e5d86d
62977ac4
2c7db0ea
3d22abe9
c8c10375
1396161f
5d5e772f
53ed67c3
e33acdbd
96b243b8
64ede6a9
3bcb8f4d
e8c80ad0
9b7eb76c
654f1836
a85f58ce
12923928
59b7905f
ef245777
de1bad51
4eccf2aa
5d76d6c4
572fb0e3
696c181d
28158ef7
e9958684
7dae8d6a
755d811f
80895810
23f4942d
1cec7afa
4d6d2181
6e856c8c
3455df77
f31c7b76
ad492b3f
e45476a3
f21636ad
4f06f7b7
db8f0019
6b784cbd
5b9ad10c
bdc59cc1
73a6f797
08c54a93
1b3c57b4
5d5774a3
78d51347
2e903716
b9e5a958
fba45527
053d6b13
67022063
1b1a32a8
2ba936b5
5a03b46b
1a343e66
9bb00609
aec7cd46
5da3a729
ca318377
d71b69e0
be35baa2
7c3593e7
4e5e2766
054fdb78
5b9cff4d
43b75962
3f2bf927
f19b23f6
68355f41
a21314e2
cddeb8cc
88a18211
b864d30f
9fef2359
0a2fa59e
4bc2d001
46728089
99e7c19e
335eafc5
5356ca88
3856fea5
bfe8ab59
c874f6ae
7b9506fe
653f9d25
4d1e2c3f
62d48d37
f7d94401
64cd5c68
3cfdcb5c
80985a54
b176dd0d
346c6c8b
cc7d31c3
76e10e34
b0819b3b
b144fb67
ff4424be
c11c16a5
32906233
0a5197ff
fac520a0
cf1a0fbd
5bda9b11
7ce7f600
4ba0e41f
43a5a293
fdfa7169
1df135bb
797393b7
385a3b43
99a4b83a
79e61e17
9175ed4e
f780e735
6cd622c5
88270c51
66e186c7
861ccea0
fa30bc81
3c41fd01
baa21fa0
65bbe4d1
6f7b7fe1
cef105b0
4ad071f2
90dd6b43
027e1314
66b6bc75
af3b2e27
741e5f36
4bb422b5
1813f70d
e8ae82ec
90980cd4
e662da1d
e6f17e61
e200ce56
0ef567b2
79e3ff5b
6c634463
26c5ef8f
1291faa6
c8f85a1d
284e2cb7
f13aaf61
00fedf5a
933f157c
edfbe606
442097f5
2ac5f93e
af25612f
a1e90ef6
e82d15c6
a954de5e
83810706
6a81a832
e68ce8ad
590d40b7
ea66462b
c2084121
7fe56980
df847777
34db3627
9d6eb6a7
c3d10d48
2932c9d9
95b19014
3f466398
5bfa21c1
68ac97c2
357cc924
3775d072
9bf7580c
f62733a7
7bab9529
c7269b05
2a11f989
d08ad93e
37985ef0
a9eaa75c
7fc3f46f
4fad7fe5
4336d5da
b2fd8397
372271f1
fa5792b3
e4cb58f0
3e53bd86
f8628066
3b9e9147
06680c49
a864904d
b4ac66d5
8edeaa08
4740d158
d17bab1b
2775d2c0
602bafb7
a655d8ef
537ca77e
d11d9834
a519b674
a88400fc
ec6818f2
064c82a9
d1b7b868
a9703f3f
d63149a8
9235f3dc
bd888a04
3109eb38
28f81c1c
a743d6c3
c78a7bbf
0022db94
16b6f2a1
9f7a617a
5fc79080
fc839256
df938094
a943b372
c8d7b259
deca68cf
34f536f4
ba59065d
7bf5d0d9
cd06c46d
554fe997
2550cc54
3a124cfa
02d2a18d
109b7df2
b8f7869c
6b9db5c7
121649e5
efa87de4
4d1e2e6b
026159ed
b897f5a4
7c219dfe
7727e1d8
5cd872af
97399439
757ec462
e3552c98
45a1d3fa
b2bfa50d
2f6e6aba
9f7e795a
4b8c8908
90441e24
354c71b6
e8f3a149
faa331ad
7fa3c56b
b764f7b9
af05293a
f3145227
529f2e28
4976f6b7
fb82403b
c11e0ded
0bbe910f
be47fdc9
76a157c9
4badb383
177c5954
5f77fbb3
e9d750b6
2e2221a5
1b8f9969
d984d775
8213d514
3fbb894b
09e8cfd8
48084dd1
e643d477
cccf3ea4
08e1eed2
52b3dda7
9ff3203c
d74ba098
c08bb2e1
ceaba2f7
494ba4a2
10cc2859
165a6be4
38dfacf8
1f26cf6b
5b1903e5
6bbfa77d
74d6ee35
574167d5
4392e9ff
b8b9610d
b5e15e18
1be6abcd
69d494da
7b40f525
a77110b6
ce57534c
02561ba9
19fbd965
8e00f6b5
c6bad550
1efba90a
9179d5d9
f52b0642
253bbef3
2cc5b906
a87584d2
03378bbb
dd7b2878
c30b983c
8185b434
eeacb94a
57cca0e2
55c64848
365a47ed
1addb5f9
25982ea7
404bd2f3
037665b2
0750f71f
9bba263f
aa3c0591
d7c84aec
ae65bf43
6aa6be07
a0346f77
175853dc
30771cb4
74f6ce77
0a1e53a2
8031a218
c92255c7
41ed68a2
a22b335d
be46f117
b7a02b93
94e57fe2
14627348
fd03ac77
1f5e221c
48b1186b
30b2e77e
254f3ae9
b3308319
17f2ea3d
f35dfa59
c9d862bc
c6322b85
8cd134c1
b7cabc18
90c87582
aea9cbc8
acb6f93e
be5f1fe0
5c4b8852
c51eb11d
c716e082
961f6a2e
2de740e1
dab89619
5059beb5
ff8c5f12
a644149c
d5bd8b7a
ea451cd2
39315779
c4e4ef64
9eb56d90
e49ad4c6
bde2ca49
48cbbfd2
5893f9b4
f7f3eaae
5bcb6481
6b686aa6
cb4d09e5
19933670
a0e1484d
329f69a0
6eff99f9
ede98f7e
e34265f5
408260a0
8e2054b9
ea8acb0a
223e82d1
dba9de21
cd41dd5d
7ca4b7a7
25e27dab
7f7ab390
9f755a3b
4d521655
ae4a6707
880cab30
c7a00e57
69d19439
31b737c0
c0cd1ce8
1fafd5f6
7a12801e
9a4e56d5
53eee5d2
bc0bc993
b6222699
9bc90083
1270d4b0
dbd7edc7
39413466
3d284d67
2a97ade1
59d51b72
f4b66f74
ce4e713b
6b12701b
4e699e21
c78e7fe1
11158bf7
ac354221
25454628
d9ad937c
e6288a54
818ad577
7465f13a
2efee98d
63b624a4
8843c33f
d9007e25
94183116
ef4675a6
20f22a86
4a20d6dc
ea02d83b
ee1e5e05
13f89fd0
feb7d964
d790a6b3
52c32091
fcba74d0
d413b39f
7153bce2
ecceb344
23c02eda
78de3e5f
69628ac2
21b95572
beb6a73d
ae376b03
6134e5d4
33c2c09b
df832135
abc2bab4
3ae3dfcf
6db4c5e7
33f86b0e
0d47ac01
82935e29
0221d8a5
fab78467
0cb18107
4895f3c9
888b4c0f
d0a99909
39be26b4
1122bd97
5cd73067
362f6bcb
2996409f
197aa14b
db52c97e
522bdea2
e68b7a4d
a9e5494d
7b9695f4
77c3a74d
9b00a2c0
11fa2d66
042bbb7a
8b76a4d9
27215b4a
282e7bf6
287c4515
6ee50c71
c9f88f63
e20d9e3c
24307ef6
0f83260e
a861877b
66ececbd
45dccc32
895c5a0e
c208e9d7
361452b1
00edd14a
932d1d18
639be21e
3c153bb0
eedf310e
2e46615f
c1bb0aff
854f59d9
ba3c9b4a
90818096
218abcc7
71ade5ad
51bf8684
5bf270ef
180d7181
3ada1061
88f564dd
ecc5f0a3
f78773b2
193cbb09
36e3522b
ad4d6cff
cd1e21de
0005d9e6
30387c6f
3e1d0c1c
31148e48
b4acdf55
e9289657
8c854490
82e95bcd
ed05edeb
fb0b0737
36bb6b88
b878042d
d6c154e0
c5302be4
42b8b200
30e6d705
1ee83d0b
65ffa392
cc476ff3
d77780bf
83ebc83c
0b439389
5f4aa07e
6de686a5
6d6aae15
5574de78
fb3714dd
e737fb27
49fcab9c
9159c53f
fd4e696d
77492efa
609cd7dc
883cd647
13548d1c
21cd7cc6
462d7f49
923148aa
e4b59a03
a1095112
79f7dae0
9ab1ad1d
cd4ddd4c
bf8f2920
1471b1cc
d5e1f02b
ad1125fe
111a219b
a05b48ea
751afd6c
03058a2a
cbc9ce48
17807c19
f525d069
7e9751c5
8679ab8a
3940a2ed
50934414
276d9f38
9f4e719d
57c5629e
13f9701b
521f6136
f4093292
b242fccf
fd5be7e7
16dc0b9c
b11d5dd6
6cb5086e
33b319b3
c5b5ad08
0511d506
97a1ebb9
d31a5b62
333870f7
0c7f3625
76c35ee1
6b17bc92
62b0d208
70c5d70b
dfea2909
409033f3
ef4b7b61
f27559bf
69fe80ce
7a373357
177fe169
5e669e05
48c712e6
ab030755
fce9d943
95e40971
a2c10d42
17f2f2e8
5da1af92
cb96b19c
16e30e23
77f3a56b
661fea2b
9b14c31d
9bb34438
b97ede5b
2e9f61c0
83fbae41
295f51c3
80ed65d4
e0e9c13a
ea8783e6
199d2bce
bbcd626b
9f0f2e7f
cd1a22d4
450a60e3
7876184e
9475441f
a952e748
96b15d5d
a728f6a7
dae19499
8bed8b2a
d7aa2555
4cc4a9ba
5dc7d4d9
4f3bb8c3
a97e6ada
20519f57
a0d4a5af
628f4d7a
b4df986c
84087974
8314952c
34ed0ce0
422cb907
f68168bc
a115d707
f6194372
f5276941
06b192bb
573b154d
656ee625
45002d4d
00d4985e
a7b52001
27484e7a
f9ef054e
609cbf56
03c45f21
26edf032
eeee408c
579700a5
ff6f572d
f306e725
efc12b22
da4436f7
3097f237
4766b2a7
dbd65de1
29128bd1
95b8d02c
3f4e1d2c
c9a997f5
40861f07
377cdf2d
7479743b
8cd55b9b
66e5371f
710f1339
f7269f24
053a6b27
c50a67be
fa9423b7
a83883ed
b8ae3be4
c00ac1f0
f4ea726b
caf4ba09
0249fe47
f4b5eef2
fdfafb5a
b473023b
a463bf94
4f5bb6de
c3680a18
8a52e687
de4cd4d6
ace56c11
24c1f2c7
50ec89d8
e0d7b981
f5d11a47
22c3fe70
413e010f
c75f4033
121b381c
ed2ec45b
d8a97649
800c3b10
e780d47d
72587dc5
32fb2af9
36e09a42
293d8759
85661f33
9393cb1d
05012394
f7c8411a
4a677966
40b80aa2
a3631af5
3b3e66c2
b089e8ad
61098404
910fff6a
8175d299
ce9240a6
2c2d71a1
d70f4016
671c3fa3
40d262e6
7a610be5
ae93104e
eb2c8fc5
f8a8fcd3
bf66b945
e780c7b1
42a371b3
dd7a61d1
c470a58b
b14236c2
ee4ce74e
98a80ed9
58dd1cff
811808ad
a13ed5f1
ebed23bc
ba99511c
f8aa85a4
ce5c4ccc
7f6b1a73
3cd9b6e5
4080f693
6cf76ed7
fcebf9db
4033a697
b5974ffd
9d5afe82
c8fc1898
69ebe007
b77aad06
e564bbb8
8d4467b5
d651fb4b
6d0c829c
b02a8594
ffc80856
6ea1af63
a2054ebe
a7bd0487
adb025dc
29680cfb
548cfe21
c041c819
ccb01a16
c0994d1e
7d36e9ad
c8c162fd
263fd41b
775f59a3
45d51dc0
13b1a11b
e595482f
65ce241c
09dc19ef
a614ff64
975fcf3d
b050683e
96ec7b9d
65b3199d
fd41d54f
2e8b6f8c
41bae546
af6bbb96
cf76a39b
55a96c50
246f1fe0
3c4ff8e6
aee54273
0934de66
8c799c6e
e638e7f0
abc32b2b
26c90348
47a6e4b8
55d041f8
695a6236
5e186cab
8472d47f
2afda159
8d606fd8
f2138b41
747ebef0
b4f17f36
a6c62a72
d2ba8bd6
2e3d5a7e
b6336854
c863bcdb
e88804c9
3608afb1
c18ce87a
ec794c86
13596cba
b614eed9
0aebca78
2f299d19
951a6c1f
6745e6d0
468dfd1e
2055e32d
03ee66ba
057b085c
bddc9760
c2805ba4
220e1ed6
446de8cb
103148b9
f751ff07
5670f5b1
f0d9aecd
39b9fe78
ffec8f59
d6156951
a56cc7d4
90eb6938
c2c721bd
10da7eb2
aafb4ece
bdede7c2
5304afa2
418d5895
a9546f3d
80f148a9
faf3daa3
3f2bd5b2
756469c1
9b48537f
37085335
bd8b8f27
56408f89
4127e9da
ed10706c
1166261e
1b6a19d1
689c8646
a5400b26
23749838
8fa6c88d
52b78369
ffabd53e
e5659f21
3805ebcb
ff13ce34
7fbba917
28dd6430
d2c555c6
01b322d8
56b8eb09
2bc0d604
6af81c42
9c46e7d0
4a16e9e3
d48f5124
8bf7412c
2ad31399
1bdbb122
ad26e684
7f4990b9
d2dc76d9
b2c9f016
bfdf9bee
5b9428c9
a3f9403f
d14b853e
fe7a2ac8
230ef2df
98ac5a0f
bd7c505c
915e6ccb
95611f55
ac28b6bf
d4a51c89
09e1830e
3b691088
90ff354a
ac487f76
bd9b9bfe
2e3170ba
af0053e3
ac92a577
52ba2bde
a0067ae8
7bbd5477
8089887c
2b2c0d49
596bb063
c36fd341
c0a6c6c0
08f10194
f04bc62f
3d5506f1
f1e4ca76
d3545d89
a4b4c085
d71bdfb5
634bfd8c
dfb67055
12d4fae6
bdc76880
fc7d84db
c9565dd5
8431bf51
a6e11f88
50898dc8
24f336f2
f76a2c36
c244f2bb
021253b3
4322b2ef
6d9f4a28
283c0da6
9198b404
cd6b3f66
7b849f95
a0a90413
257cc174
ae7cbcba
f54cb6e7
cc2e6842
ac6cdf36
5c96587a
ec95dcfd
1ae42087
4ccaf8c2
5acc14b0
92d7fb0a
13351061
3d4c4ebb
471f4b0e
c21e123a
86433a2d
ce5f96e3
ba96e36c
ded80b95
ebc62651
2365b5c1
7612aad2
9215dedd
0ba38802
2fe99dc0
945d6959
2453d4d0
5f837b4a
7267bfdb
12bfe296
c5530842
9753a128
e08323a7
8a8b8bd4
490fad30
914fc8d9
66d07e87
2eff34b8
2ffb9967
04ed5ddb
dbe5144f
bd97f346
0d10ecdd
eac0d43f
bf3a65de
202ecae9
a54fe7dd
5e24164b
3328ce5c
251dec42
581d714a
aca8cca7
b6a70c83
2d6dd117
545ab655
7cf09998
cd66dcc9
f43ef810
a13ebbb5
3645241f
265609e9
c2d1acce
b0d9906e
8d59ed7d
82119fd7
b08c6d54
4e4c2ea7
b2a16828
a071df47
d60853d2
e29bd55e
3b258c98
49e2eac8
d1dc5cdd
a05eb04e
7dd90645
00ebcc83
7ebdd1ef
26d1403e
9743299d
6e3794cb
dd8756e5
484c3b52
a4c04c78
20192fc5
b69e7ad2
cbc90466
bde734c3
dcc5ae46
36cd00f3
b6959c4a
37d24659
999bef80
7732c19c
7af360f0
5b8b318a
7d1d0c25
df9c754b
8911531b
8a441649
b093e1e1
b4bf9adc
d7686b00
e70c7731
0306c13f
5409bb2d
452708c5
20108516
99d0e00d
bd653638
6ddfcb3d
40a856c6
bc5a4d4d
327c3538
9cec7148
222d2cea
da69533f
f4127db3
1f22ebeb
d81b5267
3bdfa335
d992773c
53812f41
c2dae9bb
92b365b8
16e1d601
3a6ffc4c
a8c48fd3
c3649185
25cd7afe
6c375bce
1a3021bc
ddaf093a
6546c7a5
cfb75a12
1fa7b90e
84985d42
6e2f8660
0e03dd6a
0c14be42
bc3486f3
023fc90e
dd2b1a74
43ab8118
13032065
be3d824a
7bebc0c6
57462365
374f437c
d05ca7cd
4fe101a6
e51436f5
f0913226
aac4d3a4
dab5292a
51f3c221
cdaa1c72
fd02b2d4
57d0f3c7
5a8644ca
3d7b8c5b
dd50f7ab
b2b15f18
ad4e9617
4e8980b8
29fbbf07
10babaa7
8068c27c
2f36b91d
92d17818
d5e9b3c6
7e092118
064a1b6b
c1f9ba33
2204f247
ad544e74
9cc3f7db
218a1c06
262ced9c
9981b298
c9f0721b
a3226687
406aefc0
2f1b8b39
c7ffaf5b
70994c08
45786fd5
30efe818
e4a5202d
01eade62
eaff0848
6d7cff40
ca823f21
218b101e
87eae92c
d595c8b9
effad22e
86086403
965cde7c
3cbd0d00
29e99bd6
bcd18dc9
25d79222
bd88665f
72e7aedb
c0bec405
860bf875
fe531a98
c883848b
590ac8c5
9209bf56
f2caca59
525c7cc8
3edf22f8
6db905e7
23c72c19
c4d214aa
0da144fa
ba921539
3a461360
99b8d599
3f03cdd6
fdb3e582
0709e423
a73da2e0
9cf4efab
cf3006e7
ae483346
0c01be71
c2b61f4a
2887b3dd
1ad3884f
b8bb9c00
b5e62c92
126bff51
96373202
66542f89
219e650e
9cf70d8a
9d5a996c
161da8e6
d6ac1e34
8fec70bd
5bb3093d
061ff544
574997c0
f1e3abec
58885aad
351e323c
a0567027
53c86755
815ae9bf
fcf851ad
24ed3e0f
38fb86cc
a7e4a5f6
d16ef75c
7ccd45b2
2fff51ce
1a2321fc
d9e3913a
e944f727
8229ef50
333bab2a
df34875d
503bee51
456586d4
4cc0af9e
e2216031
00f95e63
e97b0d5c
4fbcd7d0
a9c63f20
60e93196
65cae988
1291c8b9
ee725b6f
3e18a5b3
37b4e901
0a8a2b27
371b111a
e97b8626
57603fe1
40a7f156
ac3d422d
22ec661a
996b39d8
65141646
83c7df25
26688032
8eece88c
d227b3c9
dd2ad52f
f664e6a5
c245d452
37af038e
cde9edc8
b6250cd9
3c13926b
3c8fd26e
a824ac82
1b3ed9e0
86352921
777f1387
6681220a
cb8aa9d1
88849b70
d1c6bc49
763a45e4
b6db81d8
93774002
3fbf7f00
f2452b5e
3a21ce4d
243014af
bdc8efc4
82a26514
9972faa5
fe6b22e1
5b67f09b
e1e26c10
ebab85c8
71079944
306dc8cd
d2aa5ac9
2efdbdaf
0a5c1ab2
f32b0b49
a6c94bf6
aa81519f
fc11a0ab
ae2a5640
5b8b9fd2
debff383
43206ea3
fcf502fb
7ca9e0f6
d7338a44
73219db0
8959fa43
14a638d0
49fc88fd
1116aa3f
825bc96f
af3bbb39
a052661d
3d5997f4
46ae391a
46e73b79
89e0d637
b3615c4f
3d66e7b6
56c3fbda
202b0904
a3b3aebc
0b8f8aa3
cf7af006
8f62c005
cfe35d40
ff3d7573
d09fae67
3ca44ee0
81109c57
81d2a8e8
c9a0c407
bb52f819
bffa64f9
12a7f7ca
737b6621
d7d5e109
89b75908
3e65c6e5
529b11e8
2dd6be27
ba05a7df
bc3bec34
b7b6ab1d
745a66d1
13456094
079b689e
42fb3b31
2244f6b2
7a7364ce
9dd7e1ae
5a94ef20
418bf954
ce974908
127619a9
6bd3b947
b656d42d
9a9585dd
1a83c807
041e9c41
d1663c02
0745f614
97d37a97
0e78ab88
03ee24bc
b6f3660e
196bb13d
12148224
faae1cb0
4fc96227
73b3996d
3457e567
f6005ddb
6d9f55c0
0cfdfc8a
e8a8915b
f6a6ee40
088ff921
f3cfc245
35046e51
68d86899
8dda406e
96720a0d
c14f8d0b
98c8e341
e624199c
65028c35
1b49046d
b01bab91
07a36442
a3baed33
fad6a74d
dc230ad3
86325ee7
95160b0a
82262115
07558f60
ebe98fa0
673af344
2b1369a1
462e8538
1a86c6a8
541fc540
997e5374
4ede6e0d
ea85b6fd
cad2aa87
2492d483
476e34b9
7aed3b4b
173f3279
64959eb9
774f551e
509c9426
804aa974
4f32a161
9abc5bb7
cce007dd
ff92211e
2941b774
57c202d0
7cd816ee
80c634dd
64cf58a2
af8631be
1899bb2a
373f5249
5d4e4fef
ecbe81bc
0084f1a3
38d3286d
563584be
9b16ce4d
54315e95
ef787557
2485a490
c7a3c248
001c9807
23eba90e
87729dc8
09b16ed8
cc01f1f2
9c6e3a06
4e243853
8ab9ebc7
85812e12
ff770c59
8283a0d3
ca8b8174
634ea4f4
558fcec2
4f3ef2c6
18f86098
e8079d59
5db5c4d3
78ad1dc8
5dfe5c44
730bac35
e5d5ec57
324ba589
30c758b9
fe7b4458
db4b8d09
421cc7a3
7e8d6304
d85f01c6
3b822ced
32dfb9a9
bb03f2b0
028350d5
b7fb258c
ca81ec81
27ed88ce
ac8ed9c8
b4c5d20c
a8828cd6
f712419f
c6142ab3
131b32af
e6818ceb
1ab18fd1
562bb670
fd4c8c13
bc5a44a5
18f9a87a
039ba74b
67428cba
4de66de9
d624d411
b06e9116
103622d8
14451e99
6d48fc70
d1d5b466
8cd26d35
4af2a1ab
1485037f
8ed663bd
bdc06834
2955b374
f39a6692
7e25d0d9
1cfd5a0b
912c954a
79de8541
97703c90
75c1b97c
a955e58c
135e2a9a
9d5ad859
db0e8b0c
91042c24
708bf10c
a93d614c
73b594ed
7ee351eb
be4d23a8
0d8baf0e
44785ef2
53b22cad
e794f43c
c88ea12f
e21c0414
53eb0b28
fdc1dc51
61cce65f
84f54ffb
7ff67fcb
14436237
e6f545bd
3f9a7eb6
c0c5b319
eb22c736
79a76981
df19eff6
7f9ba03e
3cf25c41
31603dcd
40f2a35a
e4a5a223
3365c608
3afa6d62
66b3f5f2
73cf9f01
1540c834
8832e904
72018fad
590b980d
8383e685
7de924a5
cacc36d5
7cd7d427
972eb1a3
82f46f4b
3313861b
ddbd00a4
bd4e2d1c
a85d98e1
20886d0a
277c896c
327c5438
9ea85b09
e2257359
e98d85d8
cf911bc2
cba7ed62
ff3537e3
f89162d6
60a4c4e4
880b95eb
e8933dc4
99a80681
be42d800
dbea6779
51a29592
41785621
5651fa11
89f75158
5fc2a6c5
132bb1c8
3196aea5
d21bd7dc
ac23ac07
c9f6a8c6
dda45c80
a058c9c3
56142ee4
26c2ee89
d414dd5d
5499803a
56c8edac
6a171e49
deac63f5
8e8a0790
b7c24d74
0079bfcd
f25862f2
37246a81
1b0b737d
371d9337
bc4a9c27
5740a7c7
4127f9db
ef30702f
0364261a
59ea19cb
69bcb642
a14649b5
637c5138
8fabca8d
923723b9
dfb3d13e
e4e48fb1
97e87a82
e4ed7738
2245c337
f1118bed
7f346a89
e1214507
ef147476
cc7e826a
c30edbb3
70a556d6
bcabc70f
25008442
90a8d750
810f96d2
c9a0540f
20f27d3b
a7f6ecce
ee348eb5
ebc6e335
dc421961
a66804c4
f15a0fb4
aad8beb4
0e65a5e5
bcf1caa0
67a3e5a2
69f6b3d9
c96545f1
03c7fe32
d2ad6868
e8b81e3c
66f67cf2
5ce528a7
e252675d
ac32f193
a6626322
76fbaf6a
13336350
dfd14e2f
8f5e251c
42b01d2b
a032a562
6e6f2b6b
a370045e
17f8eebc
717eff7b
4d19b014
ceab9a81
68da0f66
633bcdf3
ffb22da1
06a55cb2
c8e20c7e
2e3e81a0
5bb83d03
bfc1ddf0
3c83eea6
4febe5e3
ce3dfbac
ce94c627
5bf74e7e
a77e63c3
0096a210
cb00dd4f
38d21543
11b304d3
cceb1cea
2fa47796
3b9ab13e
3e565148
9fcfe52b
b9bad9b8
2623178d
ba5b2ded
03b9aa8e
b79cec4c
593b0c35
ed435c97
3c97a790
4869914a
b0d0f3df
af148c05
acc6c951
b28809b8
b6f16ec4
97692a7d
6c4aadf6
5b32211c
00b488b2
b7586de8
bc87a1ab
4bb80545
0322ef11
91e1d858
ccd068c6
c67928ea
32999ddd
1ee58888
4568dc88
d38eb9b8
a2dfe350
779d7457
36468fda
56bf219f
8014e032
f7593e6c
a82406fb
b88a6eec
4469bf17
aba23a48
3591ed83
b2b542fb
921cda00
80bfc908
a36f0bd8
f89bc34c
54839ab0
d4f17fbe
2a660a7d
c2bcdae7
43187b71
ff345ad1
f8930291
218281c4
b00fe578
414bc0a9
4fe849af
0c5d70b9
e6dc12c8
84fd4590
ace9cd56
f820e8d8
34fd89c7
f5c94917
d74f6db6
c73ab2e1
629318d7
dfb65c18
24aa849f
4183e7c1
9611cf10
a14cd6af
dab03c83
22ab403a
960eeeff
e44a4a24
2334abb4
ca5a711d
5d4ca294
d6ab54de
126f7b7b
c0ed9223
2155ff47
ad754234
d896f38a
21031876
620faffd
0199b9aa
cdf02e02
bf6250b2
b75982b9
5cfc42a0
4241f616
b2d7dbbe
4fb44c9d
f9411dbf
c86f75bc
122922e4
f75eb25f
9b8c5009
bd7885d4
499e79ca
75415543
ac01d6c6
f0a13c53
69e5517e
3816afe7
c1bbe97f
8bbfbd11
26db6496
d915e514
c4aa687b
06ef6b71
ab40c217
3ad3764e
9d774f34
5a15ab8a
0d938a16
ceb78d2d
2b8119b9
f1923823
2f2ec001
4deb21a2
f72577b3
f09262f2
eac4d7e4
d8a60b2f
b9f190a5
83a91c22
fe42f057
7ec0d7d3
40a6580b
7d7a5453
51f5f48b
98b3550c
6fce5697
dc8b99f9
4996ae0f
78c8d086
a4ece55f
fc50c927
66848bea
08bc6dcb
b4c09242
9dce9cf7
4d1e205c
6c9fcaba
70204c6e
342f841b
019ac648
9684d749
152de79c
4f8814a8
0071390a
d2ae7f12
2f0c773a
19932396
68b18e48
880f3ee3
e4948b45
a8a04bd3
eb64c04d
d8491356
66b2125a
edc3985c
f4c4fa5b
b2eea99c
77c6c4dc
8b42c027
387e4675
75647a6e
f03c577c
ae166337
ba91abcf
dda1bfd4
9328e518
c4c33167
cb6b2675
2a8cd2c7
e4b4ce26
bdc1535f
217324a8
06a6df1c
d379f38a
e830b01a
0febe80f
b668aeed
ed2c8734
2c44e337
5859090f
87744ac1
b1bb459b
e2d39925
71f422b1
2b5dd8e5
ed8c67c4
2dc40b4c
212805b2
848eff6b
80b0a0b8
de301427
24205d9e
39c5e3bf
84c154c7
f6b97c0b
a1de6534
3297ed40
57b9e07d
7d5e5aa9
ec5e659e
157c505e
b5c0fd4e
e26e965b
f58a4377
aed1891d
3d3a1b23
1b51b5c9
a660e056
68b767e3
8a52ff3a
6d72f1ab
c6a67424
f9287969
1677837a
34712eeb
25cd611e
d0b90464
2033a97e
cb57ab6b
b6e0427f
77faa0df
7fdc2957
095dd31e
52133a42
962defdc
d408ca2c
2710c317
d05a292b
05651ac1
f199e8b7
a0512b24
62f41223
c95d4852
a4b47254
29c395d9
602816b2
04cecf9b
d2d098d8
eded0a3f
b46b6da0
4d9751a1
02c432c9
04fb5482
a7e6b2e0
1a9f792b
13fd72c1
d5bcbe73
ec07811c
559450a3
b612187e
d7ef803e
bcd0e36d
b6a457cf
ef9ef707
1f4504d3
81b23a5e
01fb1012
68b5f5c8
c874a9c7
7e855bc0
8838ebb6
b6d01048
9eefec77
cb1a9978
e085ceb6
b263e97f
3b792c0e
89cce658
b2b55f10
6d48dce7
e19c3290
00eba947
68d21e56
88b95958
ae678133
b7926b80
0bacb186
b6eac199
5c4fe97f
cbb82ab9
26df50c6
b97acd6e
1f03c62a
0193650d
97b25f49
9531c683
eeb85483
022b6203
8096d3f5
82f9ec4e
173c5d91
239bb002
5fea9761
1e2f2122
ee544a5f
81b9afba
80267d28
ae500b67
128523d6
e2388a74
67e8eeb9
f1bb9b12
af7e6a4e
da010149
9237f59c
0eee0a22
bac9a19b
68c196c9
994f79d3
47893b3e
07a51e73
69b4225f
935d797a
343292ec
cd8306c3
30031253
e2a0c19c
f3d78448
5fec460e
b3752ec4
08175c2a
7bba45ae
dbbd2ae8
60b546cc
f88b303d
cade3e84
15e80a03
bcc1db45
7aa22756
5e6288fb
4fba7c93
d697f303
ed531158
2f5a9787
03efa08c
1b5ef669
04942973
438ab94e
1fba34a1
232b3636
db03b67d
1a3ca664
def0625b
228dcd93
e821e528
e2598777
1291bbc6
eef4bbfe
7a6e90e7
4f1e7ba6
2d56871c
d91cf55d
2c875baa
148204e7
309b18a2
2b9476bc
7b833f2f
4db47a68
177fc70b
accfd09d
12ee670b
5a421b7b
473bdf93
86d2e203
fc9041dc
7f1a3746
1647a4f1
b166b24d
111abeff
2c2b8ab8
0f77eed8
d3195419
ac6ed2d4
da6e2734
62cb1fdd
c4adddc3
a414cf0e
a5736435
cc92b7d0
8ca90fff
e60ea7e3
98d8e829
a1300ae6
52884592
7a4196c5
3aa30c0d
876d9d49
9b962919
2641ec96
57ab6a6f
0357a9fa
917a2196
b4726058
3f6bf52f
820502ae
2b8e6564
4904af43
b9e31841
f6976de7
2627b1fa
81d91d4e
3d5d95b6
58c163a4
6ea4c6f9
a98ed01e
b4d20dc5
11e3be81
cc90daed
649dc676
c7ab6d98
5c3ad85b
ccc1628f
144d1f56
9f40a5cc
a01aae8b
11d16df3
96bdb794
5ea2a80e
01ca7ec9
05279c53
cf0396c3
4d1c3ee6
2a708798
16b7cd37
f53f8c18
930b8895
8284f3f4
eebc0b76
49d8e0e7
51c6795c
374d4f7c
78d415fc
6ead53a2
c3a2554d
605858a6
8da206ea
da93376b
8f059230
1d2a5dde
9e87e516
87a0bda1
3a4380f3
1429a8fe
8cb40a88
2965f4fe
cd4eb345
56260470
4cf70e64
b048aaf7
a26aca3c
2f249b35
9a59699b
d5e4a294
d7ab619d
460b6d7d
c0e0b2b3
2263ebc7
bcdc6ee5
96806bec
61931cf4
160faf2a
81b1b99a
e8b06a12
3629512f
69b35901
04f9f5ca
d0bd150a
6fa7e744
790a7d2f
22d4382e
ad642443
ab18d8d9
78ee7559
ca269e5f
536bdc03
36dee306
b8f6438c
6f5ec4a7
124f87e9
b906a345
12fad451
3c7fe948
8d61ed59
54056859
246fbad7
36e0fd46
6e67e4d7
42b80ae2
a45308fc
f759e58c
c88732c2
a1898044
150c2528
81e5c8f8
667d76a7
9c5d61a2
68fe0055
5cf1bb18
ad469c49
d70ef913
017ca3d6
1249e917
a05525f9
4f59acfa
a1d948dd
899d6504
ba1c882c
206c5d40
448c2e8b
b6b148b0
f4d1df17
d61b7b92
afe0a7fd
fed40795
24c0c607
f6ce31a3
bed4045d
3513e6d1
b85afaa9
7547359c
32f6c086
a18b3925
357401ec
1f3c7f3b
04619b07
eea05fa9
3091b5d2
f60793c2
4a195406
25ff2f0e
cc01cdc8
b3a50cc0
be7250c9
bde5d665
e5c68f53
091af1d5
66340ca0
7b1a7681
8a812850
c3b6bbc1
9ea1b639
c5e7ca41
361a57e5
32f9aad0
b7ebac4c
6ef5a6a4
ccc6e34d
57259963
a47c98dc
b0d2c4dd
a9c9a4a5
5c663d68
b9d5ca76
808d6554
3974ad2d
c1ec34c9
0e971e52
40c1481c
f013d336
64985df2
30638460
8ae1a25d
e445d500
b7ce2960
0171ed46
f110fa1b
c41e746e
193a6d9b
b8771cea
210c5d4c
27458a26
fb6c4c88
8f085a4d
dba50038
d61775e6
c60539a8
776bbc48
7d749bb0
e8458a5f
d0f4c941
a0bcc89e
e1d9eef9
8182b4a0
793630ec
b7db02d6
19b6748a
f97a8a19
6dcb7549
98973952
a4f5cccd
d28999e3
a5feeab3
ad8aaf39
44c4c2a2
3bbe06b9
475ff49f
79ae223c
aa7d0cb5
13df0309
6ccd5ec1
e48dd65d
8c480a75
d3b4d798
34867fb6
6c4c08c7
2e926d96
8155af1b
fb04d736
dfbe6b4d
0a01c2e5
397ee33d
18577637
53b127a0
23d9ee8f
b2ba63bc
a7e5ae85
7aeeeecd
f3c4f7da
533efd0b
24cd15f6
0fd45feb
825372fd
d9ebd55a
e864f4ad
9a25d6dc
1db8cc05
e1e5a250
28dc4c99
f3d19492
c79b6ecf
026bbb90
72f6b295
d7726053
dbc7b1a9
78049280
5d939295
88171b50
3252b8cd
139bb8e1
bf96b4f1
989efedf
4b6aca8e
1c7ae0bb
f3ea24c9
984e1bcc
5d1d3f12
06e10ae1
c5b41133
cc9d0821
945281ec
46c7b5a3
be7b11ff
e7acea3d
dbea39dc
6f50164e
d6106ec6
40d314a3
13b2394b
0f6c4ce8
49a1f296
7a82f777
be4eb430
1d68c45e
1e8999de
eea0a7ad
fb7b2fd1
06997a26
babb04cc
e92286e4
c97fea07
042f5390
48799056
50a65281
0aa3b94a
8d69dd4f
b3eb2048
0652fdb1
1485f32e
ed4572fe
11be83df
801f196a
b0989d6c
86852a6e
ea08824c
d388e0a1
5157d068
6f4a56e9
04f921c0
d31b1902
753dd922
928925f9
0831464d
6d82723e
eec88d84
a9aaa250
8b71daf1
b1a06779
6a12029a
6bebff15
6cc3a140
70df8566
1c5ee247
166f0ae9
28ceb4bf
221fd1c3
1537290c
e6e1bdc8
efa10cc8
b857907b
7dcc920b
8b2ffc93
9d1641e6
c71045b3
7a0f5089
46998890
d3288f49
d6009471
f9c71cc4
5e5e66e5
18b9b810
1e14d8bd
9a81ca4f
2428d520
98ee88da
07539843
07ef7a23
0736ef90
618f409e
d6523330
0d4bb929
46cd82b2
fa4c8e44
d009e191
b8c70b59
375369c3
9afb1af9
70425a82
31bf7718
ba136d7e
28b18aaa
45106fb5
f4c2d14e
eda62466
893ab2cd
8f2b5ba1
7a365eca
bccb481b
015a8408
93b6d108
936d9683
5eaad0d9
097da809
167556f5
88afdb5c
97ed9d19
117faa02
066903f4
47cdf11e
ac5630fe
01b822a2
8179485a
bf5cd9cc
80810882
288b8944
14aeed29
913580b8
fff8433e
304571b8
df394d10
deb737a7
509d16ea
65efc764
6902589b
69d3bce7
b9b5f442
322772e9
9ff8215d
420a929b
017ad825
7ccc738a
f95d1142
7e0224bd
363bbd69
3958b6fd
77635a02
a5cc7731
fac1ca76
3cb5cfaf
0fb04c0f
b0e2817c
39a6e00e
4dbe726c
7ffacbf2
51245eda
a5680c4d
4510e50c
9ab41548
8a2796ad
daab14bb
2cf9b13f
0ada0e4f
a3b98d59
c7732f89
aab17f9f
0e7bdf74
9c4e50b3
dae67b77
9991bfe9
28a18fa0
6b75f7f5
aea1cbea
92310f71
42d7ee7a
9109ea82
a89e3286
c8494817
677aaee5
805cc27c
233695bd
f75bfb62
552d6bb4
eb29c011
a453797c
40dc26d3
210cf8d5
a89c7a66
91849d9c
21883ee6
26acffed
8089f4ba
ecf05c17
872965a0
d759d4dc
2de50c11
e8c9f95f
7a7a89e4
6c7e9885
d5c9dacf
20c7ea74
417eb16d
955e5072
1f0b281c
e92edc5b
898f7c59
0608bf91
74c0945c
71484fec
879f2ff8
38da8e71
6c7ac4b8
4b3ebdd9
7658fd18
d128a294
86c96414
625b6969
e0e1deeb
a07dde5e
acf4cef5
9a8ab7da
608e7cbe
664fefed
1091e8ac
ccc4da07
3f49c1b7
353c34c1
89a04135
314f4712
2dc1d13b
811d4112
df9dc434
6e3e959c
2f7c7507
0b79cc74
fa931cb7
f92d04a7
495de965
69fc2ed4
79fbfb2f
21e80cd7
46967716
94c583b5
e145b4fe
3997290c
d8735a28
2795b3c6
8327b12a
3c867d4f
9edbad2e
d61ee5e2
6e5233d5
534c98d2
68635eea
8be55d6d
d85d77d8
697bf035
af22c8d1
97718a3a
44d3cd4b
e2c10658
6b060d82
0690c205
7ffa7516
e2868a02
81fa113e
e6632f77
95dd64e9
dca22465
ea200d30
218d1d56
b7cc4de0
fe5f831f
115c20a1
0d2db10e
773978f2
85f364f8
bbdf0775
500fa77c
a3aed982
d0fc77b3
66343ee7
c32dafbb
5d5ac58a
5d5dfe08
bf36877f
905f8608
bcc9253b
c68a034c
94e9d39a
7ea85a3e
0b2f725e
70effbf9
acb4b2cc
53643a6d
cd87a3dd
cd70ca6c
f387f02c
17b4af65
15b94430
142d5416
57a6d199
696100e4
af369e8b
d0c54fa8
99de8477
5327fadb
98def6bd
f3521ec6
36d4f106
be2bd2a3
42df361e
1f195069
7cb5ef19
13ebc6b5
e662c010
31f5b70a
46ea898b
9ac3c9ba
028b945c
2c36a7f2
390d7e64
a8944fab
50bd4fa5
70fc5fa1
760ffefd
e03d5b35
19dc9ec3
07cde9f7
54220f9a
bf36d6c9
43b476eb
ba96f7f4
98f477b0
54bbd045
1a8763ac
b1b854f0
b37d0d72
a16ed7ef
fa195d19
aeac8826
d32da81b
ade23be9
b8f1c99f
91551cf8
a6424bd2
eb3a5034
03236103
15cb85c5
4c3bbe5e
b6a41f7b
4b60dc39
92c00ad2
2698a6bd
c3b2de87
cdc1e7e9
6fe85f45
98a8e1e7
6af2a452
a6e40931
b2b1bf85
2ec9d9e9
20957058
ffe83d6c
be03a9f7
9a6022ce
3217bb0a
a34002db
2ffeecea
e004d64a
81f6a951
054e0c62
441eae66
446947d0
d0a10838
cff8d26e
f7facb50
8a4730dd
79ce8a13
f8979269
04d34b91
551c5021
ee11e093
4e0a8066
6e4e9e2c
4fbb49ad
00000000
00000000
00000000
00000000
00000000
00000000
00000000
00000000
00000000
00000000
00000000
00000000
00000000
00000000
00000000
00000000
00000000
00000000
00000000
00000000
00000000
00000000
00000000
00000000
00000000
00000000
00000000
00000000
00000000
00000000
00000000
00000000
00000000
00000000
00000000
00000000
00000000
00000000
00000000
00000000
00000000
00000000
00000000
00000000
00000000
00000000
00000000
00000000
00000000
00000000
00000000
00000000
00000000
00000000
00000000
00000000
00000000
00000000
00000000
00000000
00000000
00000000
00000000
00000000
00000000
00000000
00000000
00000000
00000000
00000000
00000000
00000000
00000000
00000000
00000000
00000000
00000000
00000000
00000000
00000000
00000000
00000000
00000000
00000000
00000000
00000000
00000000
00000000
00000000
00000000
00000000
00000000
00000000
00000000
00000000
00000000
00000000
00000000
00000000
00000000
00000000
00000000
00000000
00000000
00000000
00000000
00000000
00000000
00000000
00000000
00000000
00000000
00000000
00000000
00000000
00000000
00000000
00000000
00000000
00000000
00000000
00000000
00000000
00000000
00000000
00000000
00000000
00000000
00000000
00000000
00000000
00000000
00000000
00000000
00000000
00000000
00000000
00000000
00000000
00000000
00000000
00000000
00000000
00000000
00000000
00000000
00000000
00000000
00000000
00000000
00000000
00000000
00000000
00000000
00000000
00000000
00000000
00000000
00000000
00000000
00000000
00000000
00000000
00000000
00000000
00000000
00000000
00000000
00000000
00000000
00000000
00000000
00000000
00000000
00000000
00000000
00000000
00000000
00000000
00000000
00000000
00000000
00000000
00000000
00000000
00000000
00000000
00000000
00000000
00000000
00000000
00000000
00000000
00000000
00000000
00000000
00000000
00000000
00000000
00000000
00000000
00000000
00000000
00000000
00000000
00000000
00000000
00000000
00000000
00000000
00000000
00000000
00000000
00000000
00000000
00000000
00000000
00000000
00000000
00000000
00000000
00000000
00000000
00000000
00000000
00000000
00000000
00000000
00000000
00000000
00000000
00000000
00000000
00000000
00000000
00000000
00000000
00000000
00000000
00000000
00000000
00000000
00000000
00000000
00000000
00000000
00000000
00000000
00000000
00000000
00000000
00000000
00000000
00000000
00000000
00000000
00000000
00000000
00000000
00000000
00000000
00000000
00000000
00000000
00000000
00000000
00000000
00000000
00000000
00000000
00000000
00000000
00000000
00000000
00000000
00000000
00000000
00000000
00000000
00000000
00000000
00000000
00000000
00000000
00000000
00000000
00000000
00000000
00000000
00000000
00000000
00000000
00000000
00000000
00000000
00000000
00000000
00000000
00000000
00000000
00000000
00000000
00000000
00000000
00000000
00000000
00000000
00000000
00000000
00000000
00000000
00000000
00000000
00000000
00000000
00000000
00000000
00000000
00000000
00000000
00000000
00000000
00000000
00000000
00000000
00000000
00000000
00000000
00000000
00000000
00000000
00000000
00000000
00000000
00000000
00000000
00000000
00000000
00000000
00000000
00000000
00000000
00000000
00000000
00000000
00000000
00000000
00000000
00000000
00000000
00000000
00000000
00000000
00000000
00000000
00000000
00000000
00000000
00000000
00000000
00000000
00000000
00000000
00000000
00000000
00000000
00000000
00000000
00000000
00000000
00000000
00000000
00000000
00000000
00000000
00000000
00000000
00000000
00000000
00000000
00000000
00000000
00000000
00000000
00000000
00000000
00000000
00000000
00000000
00000000
00000000
00000000
00000000
00000000
00000000
00000000
00000000
00000000
00000000
00000000
00000000
00000000
00000000
00000000
00000000
00000000
00000000
00000000
00000000
00000000
00000000
00000000
00000000
00000000
00000000
00000000
00000000
00000000
00000000
00000000
00000000
00000000
00000000
00000000
00000000
00000000
00000000
00000000
00000000
00000000
00000000
00000000
00000000
00000000
00000000
00000000
00000000
00000000
00000000
00000000
00000000
00000000
00000000
00000000
00000000
00000000
00000000
00000000
00000000
00000000
00000000
00000000
00000000
00000000
00000000
00000000
00000000
00000000
00000000
00000000
00000000
00000000
00000000
00000000
00000000
00000000
00000000
00000000
00000000
00000000
00000000
00000000
00000000
00000000
00000000
00000000
00000000
00000000
00000000
00000000
00000000
00000000
00000000
00000000
00000000
00000000
00000000
00000000
00000000
00000000
00000000
00000000
00000000
00000000
00000000
00000000
00000000
00000000
00000000
00000000
00000000
00000000
00000000
00000000
00000000
00000000
00000000
00000000
00000000
00000000
00000000
00000000
00000000
00000000
00000000
00000000
00000000
00000000
00000000
00000000
00000000
00000000
00000000
00000000
00000000
00000000
00000000
00000000
00000000
00000000
00000000
00000000
00000000
00000000
00000000
00000000
00000000
00000000
00000000
00000000
00000000
00000000
00000000
00000000
00000000
00000000
00000000
00000000
00000000
00000000
00000000
00000000
00000000
00000000
00000000
00000000
00000000
00000000
00000000
00000000
00000000
00000000
00000000
00000000
00000000
00000000
00000000
00000000
00000000
00000000
00000000
00000000
00000000
00000000
00000000
00000000
00000000
00000000
00000000
00000000
00000000
00000000
00000000
00000000
00000000
00000000
00000000
00000000
00000000
00000000
00000000
00000000
00000000
00000000
00000000
00000000
00000000
00000000
00000000
00000000
00000000
00000000
00000000
00000000
00000000
00000000
00000000
00000000
00000000
00000000
00000000
00000000
00000000
00000000
00000000
00000000
00000000
00000000
00000000
00000000
00000000
00000000
00000000
00000000
00000000
00000000
00000000
00000000
00000000
00000000
00000000
00000000
00000000
00000000
00000000
00000000
00000000
00000000
00000000
00000000
00000000
00000000
00000000
00000000
00000000
00000000
00000000
00000000
00000000
00000000
00000000
00000000
00000000
00000000
00000000
00000000
00000000
00000000
00000000
00000000
00000000
00000000
00000000
00000000
00000000
00000000
00000000
00000000
00000000
00000000
00000000
00000000
00000000
00000000
00000000
00000000
00000000
00000000
00000000
00000000
00000000
00000000
00000000
00000000
00000000
00000000
00000000
00000000
00000000
00000000
00000000
00000000
00000000
00000000
00000000
00000000
00000000
00000000
00000000
00000000
00000000
00000000
00000000
00000000
00000000
00000000
00000000
00000000
00000000
00000000
00000000
00000000
00000000
00000000
00000000
00000000
00000000
00000000
00000000
00000000
00000000
00000000
00000000
00000000
00000000
00000000
00000000
00000000
00000000
00000000
00000000
00000000
00000000
00000000
00000000
00000000
00000000
00000000
00000000
00000000
00000000
00000000
00000000
00000000
00000000
00000000
00000000
00000000
00000000
00000000
00000000
00000000
00000000
00000000
00000000
00000000
00000000
00000000
00000000
00000000
00000000
00000000
00000000
00000000
00000000
00000000
00000000
00000000
00000000
00000000
00000000
00000000
00000000
00000000
00000000
00000000
00000000
00000000
00000000
00000000
00000000
00000000
00000000
00000000
00000000
00000000
00000000
00000000
00000000
00000000
00000000
00000000
00000000
00000000
00000000
00000000
00000000
00000000
00000000
00000000
00000000
00000000
00000000
00000000
00000000
00000000
00000000
00000000
00000000
00000000
00000000
00000000
00000000
00000000
00000000
00000000
00000000
00000000
00000000
00000000
00000000
00000000
00000000
00000000
00000000
00000000
00000000
00000000
00000000
00000000
00000000
00000000
00000000
00000000
00000000
00000000
00000000
00000000
00000000
00000000
00000000
00000000
00000000
00000000
00000000
00000000
00000000
00000000
00000000
00000000
00000000
00000000
00000000
00000000
00000000
00000000
00000000
00000000
00000000
00000000
00000000
00000000
00000000
00000000
00000000
00000000
00000000
00000000
00000000
00000000
00000000
00000000
00000000
00000000
00000000
00000000
00000000
00000000
00000000
00000000
00000000
00000000
00000000
00000000
00000000
00000000
00000000
00000000
00000000
00000000
00000000
00000000
00000000
00000000
00000000
00000000
00000000
00000000
00000000
00000000
00000000
00000000
00000000
00000000
00000000
00000000
00000000
00000000
00000000
00000000
00000000
00000000
00000000
00000000
00000000
00000000
00000000
00000000
00000000
00000000
00000000
00000000
00000000
00000000
00000000
00000000
00000000
00000000
00000000
00000000
00000000
00000000
00000000
00000000
00000000
00000000
00000000
00000000
00000000
00000000
00000000
00000000
00000000
00000000
00000000
00000000
00000000
00000000
00000000
00000000
00000000
00000000
00000000
00000000
00000000
00000000
00000000
00000000
00000000
00000000
00000000
00000000
00000000
00000000
00000000
00000000
00000000
00000000
00000000
00000000
00000000
00000000
00000000
00000000
00000000
00000000
00000000
00000000
00000000
00000000
00000000
00000000
00000000
00000000
00000000
00000000
00000000
00000000
00000000
00000000
00000000
00000000
00000000
00000000
00000000
00000000
00000000
00000000
00000000
00000000
00000000
00000000
00000000
00000000
00000000
00000000
00000000
00000000
00000000
00000000
00000000
00000000
00000000
00000000
00000000
00000000
00000000
00000000
00000000
00000000
00000000
00000000
00000000
00000000
00000000
00000000
00000000
00000000
00000000
00000000
00000000
00000000
00000000
00000000
00000000
00000000
00000000
00000000
00000000
00000000
00000000
00000000
00000000
00000000
00000000
00000000
00000000
00000000
00000000
00000000
00000000
00000000
00000000
00000000
00000000
00000000
00000000
00000000
00000000
00000000
00000000
00000000
00000000
00000000
00000000
00000000
00000000
00000000
00000000
00000000
00000000
00000000
00000000
00000000
00000000
00000000
00000000
00000000
00000000
00000000
00000000
00000000
00000000
00000000
00000000
00000000
00000000
00000000
00000000
00000000
00000000
00000000
00000000
00000000
00000000
00000000
00000000
00000000
00000000
00000000
00000000
00000000
00000000
00000000
00000000
00000000
00000000
00000000
00000000
00000000
00000000
00000000
00000000
00000000
00000000
00000000
00000000
00000000
00000000
00000000
00000000
00000000
00000000
00000000
00000000
00000000
00000000
00000000
00000000
00000000
00000000
00000000
00000000
00000000
00000000
00000000
00000000
00000000
00000000
00000000
00000000
00000000
00000000
00000000
00000000
00000000
00000000
00000000
00000000
00000000
00000000
00000000
00000000
00000000
00000000
00000000
00000000
00000000
00000000
00000000
00000000
00000000
00000000
00000000
00000000
00000000
00000000
00000000
00000000
00000000
00000000
00000000
00000000
00000000
00000000
00000000
00000000
00000000
00000000
00000000
00000000
00000000
00000000
00000000
00000000
00000000
00000000
00000000
00000000
00000000
00000000
00000000
00000000
00000000
00000000
00000000
00000000
00000000
00000000
00000000
00000000
00000000
00000000
00000000
00000000
00000000
00000000
00000000
00000000
00000000
00000000
00000000
00000000
00000000
00000000
00000000
00000000
00000000
00000000
00000000
00000000
00000000
00000000
00000000
00000000
00000000
00000000
00000000
00000000
00000000
00000000
00000000
00000000
00000000
00000000
00000000
00000000
00000000
00000000
00000000
00000000
00000000
00000000
00000000
00000000
00000000
00000000
00000000
00000000
00000000
00000000
00000000
00000000
00000000
00000000
00000000
00000000
00000000
00000000
00000000
00000000
00000000
00000000
00000000
00000000
00000000
00000000
00000000
00000000
00000000
00000000
00000000
00000000
00000000
00000000
00000000
00000000
00000000
00000000
00000000
00000000
00000000
00000000
00000000
00000000
00000000
00000000
00000000
00000000
00000000
00000000
00000000
00000000
00000000
00000000
00000000
00000000
00000000
00000000
00000000
00000000
00000000
00000000
00000000
00000000
00000000
00000000
00000000
00000000
00000000
00000000
00000000
00000000
00000000
00000000
00000000
00000000
00000000
00000000
00000000
00000000
00000000
00000000
00000000
00000000
00000000
00000000
00000000
00000000
00000000
00000000
00000000
00000000
00000000
00000000
00000000
00000000
00000000
00000000
00000000
00000000
00000000
00000000
00000000
00000000
00000000
00000000
00000000
00000000
00000000
00000000
00000000
00000000
00000000
00000000
00000000
00000000
00000000
00000000
00000000
00000000
00000000
00000000
00000000
00000000
00000000
00000000
00000000
00000000
00000000
00000000
00000000
00000000
00000000
00000000
00000000
00000000
00000000
00000000
00000000
00000000
00000000
00000000
00000000
00000000
00000000
00000000
00000000
00000000
00000000
00000000
00000000
00000000
00000000
00000000
00000000
00000000
00000000
00000000
00000000
00000000
00000000
00000000
00000000
00000000
00000000
00000000
00000000
00000000
00000000
00000000
00000000
00000000
00000000
00000000
00000000
00000000
00000000
00000000
00000000
00000000
00000000
00000000
00000000
00000000
00000000
00000000
00000000
00000000
00000000
00000000
00000000
00000000
00000000
00000000
00000000
00000000
00000000
00000000
00000000
00000000
00000000
00000000
00000000
00000000
00000000
00000000
00000000
00000000
00000000
00000000
00000000
00000000
00000000
00000000
00000000
00000000
00000000
00000000
00000000
00000000
00000000
00000000
00000000
00000000
00000000
00000000
00000000
00000000
00000000
00000000
00000000
00000000
00000000
00000000
00000000
00000000
00000000
00000000
00000000
00000000
00000000
00000000
00000000
00000000
00000000
00000000
00000000
00000000
00000000
00000000
00000000
00000000
00000000
00000000
00000000
00000000
00000000
00000000
00000000
00000000
00000000
00000000
00000000
00000000
00000000
00000000
00000000
00000000
00000000
00000000
00000000
00000000
00000000
00000000
00000000
00000000
00000000
00000000
00000000
00000000
00000000
00000000
00000000
00000000
00000000
00000000
00000000
00000000
00000000
00000000
00000000
00000000
00000000
00000000
00000000
00000000
00000000
00000000
00000000
00000000
00000000
00000000
00000000
00000000
00000000
00000000
00000000
00000000
00000000
00000000
00000000
00000000
00000000
00000000
00000000
00000000
00000000
00000000
00000000
00000000
00000000
00000000
00000000
00000000
00000000
00000000
00000000
00000000
00000000
00000000
00000000
00000000
00000000
00000000
00000000
00000000
00000000
00000000
00000000
00000000
00000000
00000000
00000000
00000000
00000000
00000000
00000000
00000000
00000000
00000000
00000000
00000000
00000000
00000000
00000000
00000000
00000000
00000000
00000000
00000000
00000000
00000000
00000000
00000000
00000000
00000000
00000000
00000000
00000000
00000000
00000000
00000000
00000000
00000000
00000000
00000000
00000000
00000000
00000000
00000000
00000000
00000000
00000000
00000000
00000000
00000000
00000000
00000000
00000000
00000000
00000000
00000000
00000000
00000000
00000000
00000000
00000000
00000000
00000000
00000000
00000000
00000000
00000000
00000000
00000000
00000000
00000000
00000000
00000000
00000000
00000000
00000000
00000000
00000000
00000000
00000000
00000000
00000000
00000000
00000000
00000000
00000000
00000000
00000000
00000000
00000000
00000000
00000000
00000000
00000000
00000000
00000000
00000000
00000000
00000000
00000000
00000000
00000000
00000000
00000000
00000000
00000000
00000000
00000000
00000000
00000000
00000000
00000000
00000000
00000000
00000000
00000000
00000000
00000000
00000000
00000000
00000000
00000000
00000000
00000000
00000000
00000000
00000000
00000000
00000000
00000000
00000000
00000000
00000000
00000000
00000000
00000000
00000000
00000000
00000000
00000000
00000000
00000000
00000000
00000000
00000000
00000000
00000000
00000000
00000000
00000000
00000000
00000000
00000000
00000000
00000000
00000000
00000000
00000000
00000000
00000000
00000000
00000000
00000000
00000000
00000000
00000000
00000000
00000000
00000000
00000000
00000000
00000000
00000000
00000000
00000000
00000000
00000000
00000000
00000000
00000000
00000000
00000000
00000000
00000000
00000000
00000000
00000000
00000000
00000000
00000000
00000000
00000000
00000000
00000000
00000000
00000000
00000000
00000000
00000000
00000000
00000000
00000000
00000000
00000000
00000000
00000000
00000000
00000000
00000000
00000000
00000000
00000000
00000000
00000000
00000000
00000000
00000000
00000000
00000000
00000000
00000000
00000000
00000000
00000000
00000000
00000000
00000000
00000000
00000000
00000000
00000000
00000000
00000000
00000000
00000000
00000000
00000000
00000000
00000000
00000000
00000000
00000000
00000000
00000000
00000000
00000000
00000000
00000000
00000000
00000000
00000000
00000000
00000000
00000000
00000000
00000000
00000000
00000000
00000000
00000000
00000000
00000000
00000000
00000000
00000000
00000000
00000000
00000000
00000000
00000000
00000000
00000000
00000000
00000000
00000000
00000000
00000000
00000000
00000000
00000000
00000000
00000000
00000000
00000000
00000000
00000000
00000000
00000000
00000000
00000000
00000000
00000000
00000000
00000000
00000000
00000000
00000000
00000000
00000000
00000000
00000000
00000000
00000000
00000000
00000000
00000000
00000000
00000000
00000000
00000000
00000000
00000000
00000000
00000000
00000000
00000000
00000000
00000000
00000000
00000000
00000000
00000000
00000000
00000000
00000000
00000000
00000000
00000000
00000000
00000000
00000000
00000000
00000000
00000000
00000000
00000000
00000000
00000000
00000000
00000000
00000000
00000000
00000000
00000000
00000000
00000000
00000000
00000000
00000000
00000000
00000000
00000000
00000000
00000000
00000000
00000000
00000000
00000000
00000000
00000000
00000000
00000000
00000000
00000000
00000000
00000000
00000000
00000000
00000000
00000000
00000000
00000000
00000000
00000000
00000000
00000000
00000000
00000000
00000000
00000000
00000000
00000000
00000000
00000000
00000000
00000000
00000000
00000000
00000000
00000000
00000000
00000000
00000000
00000000
00000000
00000000
00000000
00000000
00000000
00000000
00000000
00000000
00000000
00000000
00000000
00000000
00000000
00000000
00000000
00000000
00000000
00000000
00000000
00000000
00000000
00000000
00000000
00000000
00000000
00000000
00000000
00000000
00000000
00000000
00000000
00000000
00000000
00000000
00000000
00000000
00000000
00000000
00000000
00000000
00000000
00000000
00000000
00000000
00000000
00000000
00000000
00000000
00000000
00000000
00000000
00000000
00000000
00000000
00000000
00000000
00000000
00000000
00000000
00000000
00000000
00000000
00000000
00000000
00000000
00000000
00000000
00000000
00000000
00000000
00000000
00000000
00000000
00000000
00000000
00000000
00000000
00000000
00000000
00000000
00000000
00000000
00000000
00000000
00000000
00000000
00000000
00000000
00000000
00000000
00000000
00000000
00000000
00000000
00000000
00000000
00000000
00000000
00000000
00000000
00000000
00000000
00000000
00000000
00000000
00000000
00000000
00000000
00000000
00000000
00000000
00000000
00000000
00000000
00000000
00000000
00000000
00000000
00000000
00000000
00000000
00000000
00000000
00000000
00000000
00000000
00000000
00000000
00000000
00000000
00000000
00000000
00000000
00000000
00000000
00000000
00000000
00000000
00000000
00000000
00000000
00000000
00000000
00000000
00000000
00000000
00000000
00000000
00000000
00000000
00000000
00000000
00000000
00000000
00000000
00000000
00000000
00000000
00000000
00000000
00000000
00000000
00000000
00000000
00000000
00000000
00000000
00000000
00000000
00000000
00000000
00000000
00000000
00000000
00000000
00000000
00000000
00000000
00000000
00000000
00000000
00000000
00000000
00000000
00000000
00000000
00000000
00000000
00000000
00000000
00000000
00000000
00000000
00000000
00000000
00000000
00000000
00000000
00000000
00000000
00000000
00000000
00000000
00000000
00000000
00000000
00000000
00000000
00000000
00000000
00000000
00000000
00000000
00000000
00000000
00000000
00000000
00000000
00000000
00000000
00000000
00000000
00000000
00000000
00000000
00000000
00000000
00000000
00000000
00000000
00000000
00000000
00000000
00000000
00000000
00000000
00000000
00000000
00000000
00000000
00000000
00000000
00000000
00000000
00000000
00000000
00000000
00000000
00000000
00000000
00000000
00000000
00000000
00000000
00000000
00000000
00000000
00000000
00000000
00000000
00000000
00000000
00000000
00000000
00000000
00000000
00000000
00000000
00000000
00000000
00000000
00000000
00000000
00000000
00000000
00000000
00000000
00000000
00000000
00000000
00000000
00000000
00000000
00000000
00000000
00000000
00000000
00000000
00000000
00000000
00000000
00000000
00000000
00000000
00000000
00000000
00000000
00000000
00000000
00000000
00000000
00000000
00000000
00000000
00000000
00000000
00000000
00000000
00000000
00000000
00000000
00000000
00000000
00000000
00000000
00000000
00000000
00000000
00000000
00000000
00000000
00000000
00000000
00000000
00000000
00000000
00000000
00000000
00000000
00000000
00000000
00000000
00000000
00000000
00000000
00000000
00000000
00000000
00000000
00000000
00000000
00000000
00000000
00000000
00000000
00000000
00000000
00000000
00000000
00000000
00000000
00000000
00000000
00000000
00000000
00000000
00000000
00000000
00000000
00000000
00000000
00000000
00000000
00000000
00000000
00000000
00000000
00000000
00000000
00000000
00000000
00000000
00000000
00000000
00000000
00000000
00000000
00000000
00000000
00000000
00000000
00000000
00000000
00000000
00000000
00000000
00000000
00000000
00000000
00000000
00000000
00000000
00000000
00000000
00000000
00000000
00000000
00000000
00000000
00000000
00000000
00000000
00000000
00000000
00000000
00000000
00000000
00000000
00000000
00000000
00000000
00000000
00000000
00000000
00000000
00000000
00000000
00000000
00000000
00000000
00000000
00000000
00000000
00000000
00000000
00000000
00000000
00000000
00000000
00000000
00000000
00000000
00000000
00000000
00000000
00000000
00000000
00000000
00000000
00000000
00000000
00000000
00000000
00000000
00000000
00000000
00000000
00000000
00000000
00000000
00000000
00000000
00000000
00000000
00000000
00000000
00000000
00000000
00000000
00000000
00000000
00000000
00000000
00000000
00000000
00000000
00000000
00000000
00000000
00000000
00000000
00000000
00000000
00000000
00000000
00000000
00000000
00000000
00000000
00000000
00000000
00000000
00000000
00000000
00000000
00000000
00000000
00000000
00000000
00000000
00000000
00000000
00000000
00000000
00000000
00000000
00000000
00000000
00000000
00000000
00000000
00000000
00000000
00000000
00000000
00000000
00000000
00000000
00000000
00000000
00000000
00000000
00000000
00000000
00000000
00000000
00000000
00000000
00000000
00000000
00000000
00000000
00000000
00000000
00000000
00000000
00000000
00000000
00000000
00000000
00000000
00000000
00000000
00000000
00000000
00000000
00000000
00000000
00000000
00000000
00000000
00000000
00000000
00000000
00000000
00000000
00000000
00000000
00000000
00000000
00000000
00000000
00000000
00000000
00000000
00000000
00000000
00000000
00000000
00000000
00000000
00000000
00000000
00000000
00000000
00000000
00000000
00000000
00000000
00000000
00000000
00000000
00000000
00000000
00000000
00000000
00000000
00000000
00000000
00000000
00000000
00000000
00000000
00000000
00000000
00000000
00000000
00000000
00000000
00000000
00000000
00000000
00000000
00000000
00000000
00000000
00000000
00000000
00000000
00000000
00000000
00000000
00000000
00000000
00000000
00000000
00000000
00000000
00000000
00000000
00000000
00000000
00000000
00000000
00000000
00000000
00000000
00000000
00000000
00000000
00000000
00000000
00000000
00000000
00000000
00000000
00000000
00000000
00000000
00000000
00000000
00000000
00000000
00000000
00000000
00000000
00000000
00000000
00000000
00000000
00000000
00000000
00000000
00000000
00000000
00000000
00000000
00000000
00000000
00000000
00000000
00000000
00000000
00000000
00000000
00000000
00000000
00000000
00000000
00000000
00000000
00000000
00000000
00000000
00000000
00000000
00000000
00000000
00000000
00000000
00000000
00000000
00000000
00000000
00000000
00000000
00000000
00000000
00000000
00000000
00000000
00000000
00000000
00000000
00000000
00000000
00000000
00000000
00000000
00000000
00000000
00000000
00000000
00000000
00000000
00000000
00000000
00000000
00000000
00000000
00000000
00000000
00000000
00000000
00000000
00000000
00000000
00000000
00000000
00000000
00000000
00000000
00000000
00000000
00000000
00000000
00000000
00000000
00000000
00000000
00000000
00000000
00000000
00000000
00000000
00000000
00000000
00000000
00000000
00000000
00000000
00000000
00000000
00000000
00000000
00000000
00000000
00000000
00000000
00000000
00000000
00000000
00000000
00000000
00000000
00000000
00000000
00000000
00000000
00000000
00000000
00000000
00000000
00000000
00000000
00000000
00000000
00000000
00000000
00000000
00000000
00000000
00000000
00000000
00000000
00000000
00000000
00000000
00000000
00000000
00000000
00000000
00000000
00000000
00000000
00000000
00000000
00000000
00000000
00000000
00000000
00000000
00000000
00000000
00000000
00000000
00000000
00000000
00000000
00000000
00000000
00000000
00000000
00000000
00000000
00000000
00000000
00000000
00000000
00000000
00000000
00000000
00000000
00000000
00000000
00000000
00000000
00000000
00000000
00000000
00000000
00000000
00000000
00000000
00000000
00000000
00000000
00000000
00000000
00000000
00000000
00000000
00000000
00000000
00000000
00000000
00000000
00000000
00000000
00000000
00000000
00000000
00000000
00000000
00000000
00000000
00000000
00000000
00000000
00000000
00000000
00000000
00000000
00000000
00000000
00000000
00000000
00000000
00000000
00000000
00000000
00000000
00000000
00000000
00000000
00000000
00000000
00000000
00000000
00000000
00000000
00000000
00000000
00000000
00000000
00000000
00000000
00000000
00000000
00000000
00000000
00000000
00000000
00000000
00000000
00000000
00000000
00000000
00000000
00000000
00000000
00000000
00000000
00000000
00000000
00000000
00000000
00000000
00000000
00000000
00000000
00000000
00000000
00000000
00000000
00000000
00000000
00000000
00000000
00000000
00000000
00000000
00000000
00000000
00000000
00000000
00000000
00000000
00000000
00000000
00000000
00000000
00000000
00000000
00000000
00000000
00000000
00000000
00000000
00000000
00000000
00000000
00000000
00000000
00000000
00000000
00000000
00000000
00000000
00000000
00000000
00000000
00000000
00000000
00000000
00000000
00000000
00000000
00000000
00000000
00000000
00000000
00000000
00000000
00000000
00000000
00000000
00000000
00000000
00000000
00000000
00000000
00000000
00000000
00000000
00000000
00000000
00000000
00000000
00000000
00000000
00000000
00000000
00000000
00000000
00000000
00000000
00000000
00000000
00000000
00000000
00000000
00000000
00000000
00000000
00000000
00000000
00000000
00000000
00000000
00000000
00000000
00000000
00000000
00000000
00000000
00000000
00000000
00000000
00000000
00000000
00000000
00000000
00000000
00000000
00000000
00000000
00000000
00000000
00000000
00000000
00000000
00000000
00000000
00000000
00000000
00000000
00000000
00000000
00000000
00000000
00000000
00000000
00000000
00000000
00000000
00000000
00000000
00000000
00000000
00000000
00000000
00000000
00000000
00000000
00000000
00000000
00000000
00000000
00000000
00000000
00000000
00000000
00000000
00000000
00000000
00000000
00000000
00000000
00000000
00000000
00000000
00000000
00000000
00000000
00000000
00000000
00000000
00000000
00000000
00000000
00000000
00000000
00000000
00000000
00000000
00000000
00000000
00000000
00000000
00000000
00000000
00000000
00000000
00000000
00000000
00000000
00000000
00000000
00000000
00000000
00000000
00000000
00000000
00000000
00000000
00000000
00000000
00000000
00000000
00000000
00000000
00000000
00000000
00000000
00000000
00000000
00000000
00000000
00000000
00000000
00000000
00000000
00000000
00000000
00000000
00000000
00000000
00000000
00000000
00000000
00000000
00000000
00000000
00000000
00000000
00000000
00000000
00000000
00000000
00000000
00000000
00000000
00000000
00000000
00000000
00000000
00000000
00000000
00000000
00000000
00000000
00000000
00000000
00000000
00000000
00000000
00000000
00000000
00000000
00000000
00000000
00000000
00000000
00000000
00000000
00000000
00000000
00000000
00000000
00000000
00000000
00000000
00000000
00000000
00000000
00000000
00000000
00000000
00000000
00000000
00000000
00000000
00000000
00000000
00000000
00000000
00000000
00000000
00000000
00000000
00000000
00000000
00000000
00000000
00000000
00000000
00000000
00000000
00000000
00000000
00000000
00000000
00000000
00000000
00000000
00000000
00000000
00000000
00000000
00000000
00000000
00000000
00000000
00000000
00000000
00000000
00000000
00000000
00000000
00000000
00000000
00000000
00000000
00000000
00000000
00000000
00000000
00000000
00000000
00000000
00000000
00000000
00000000
00000000
00000000
00000000
00000000
00000000
00000000
00000000
00000000
00000000
00000000
00000000
00000000
00000000
00000000
00000000
00000000
00000000
00000000
00000000
00000000
00000000
00000000
00000000
00000000
00000000
00000000
00000000
00000000
00000000
00000000
00000000
00000000
00000000
00000000
00000000
00000000
00000000
00000000
00000000
00000000
00000000
00000000
00000000
00000000
00000000
00000000
00000000
00000000
00000000
00000000
00000000
00000000
00000000
00000000
00000000
00000000
00000000
00000000
00000000
00000000
00000000
00000000
00000000
00000000
00000000
00000000
00000000
00000000
00000000
00000000
00000000
00000000
00000000
00000000
00000000
00000000
00000000
00000000
00000000
00000000
00000000
00000000
00000000
00000000
00000000
00000000
00000000
00000000
00000000
00000000
00000000
00000000
00000000
00000000
00000000
00000000
00000000
00000000
00000000
00000000
00000000
00000000
00000000
00000000
00000000
00000000
00000000
00000000
00000000
00000000
00000000
00000000
00000000
00000000
00000000
00000000
00000000
00000000
00000000
00000000
00000000
00000000
00000000
00000000
00000000
00000000
00000000
00000000
00000000
00000000
00000000
00000000
00000000
00000000
00000000
00000000
00000000
00000000
00000000
00000000
00000000
00000000
00000000
00000000
00000000
00000000
00000000
00000000
00000000
00000000
00000000
00000000
00000000
00000000
00000000
00000000
00000000
00000000
00000000
00000000
00000000
00000000
00000000
00000000
00000000
00000000
00000000
00000000
00000000
00000000
00000000
00000000
00000000
00000000
00000000
00000000
00000000
00000000
00000000
00000000
00000000
00000000
00000000
00000000
00000000
00000000
00000000
00000000
00000000
00000000
00000000
00000000
00000000
00000000
00000000
00000000
00000000
00000000
00000000
00000000
00000000
00000000
00000000
00000000
00000000
00000000
00000000
00000000
00000000
00000000
00000000
00000000
00000000
00000000
00000000
00000000
00000000
00000000
00000000
00000000
00000000
00000000
00000000
00000000
00000000
00000000
00000000
00000000
00000000
00000000
00000000
00000000
00000000
00000000
00000000
00000000
00000000
00000000
00000000
00000000
00000000
00000000
00000000
00000000
00000000
00000000
00000000
00000000
00000000
00000000
00000000
00000000
00000000
00000000
00000000
00000000
00000000
00000000
00000000
00000000
00000000
00000000
00000000
00000000
00000000
00000000
00000000
00000000
00000000
00000000
00000000
00000000
00000000
00000000
00000000
00000000
00000000
00000000
00000000
00000000
00000000
00000000
00000000
00000000
00000000
00000000
00000000
00000000
00000000
00000000
00000000
00000000
00000000
00000000
00000000
00000000
00000000
00000000
00000000
00000000
00000000
00000000
00000000
00000000
00000000
00000000
00000000
00000000
00000000
00000000
00000000
00000000
00000000
00000000
00000000
00000000
00000000
00000000
00000000
00000000
00000000
00000000
00000000
00000000
00000000
00000000
00000000
00000000
00000000
00000000
00000000
00000000
00000000
00000000
00000000
00000000
00000000
00000000
00000000
00000000
00000000
00000000
00000000
00000000
00000000
00000000
00000000
00000000
00000000
00000000
00000000
00000000
00000000
00000000
00000000
00000000
00000000
00000000
00000000
00000000
00000000
00000000
00000000
00000000
00000000
00000000
00000000
00000000
00000000
00000000
00000000
00000000
00000000
00000000
00000000
00000000
00000000
00000000
00000000
00000000
00000000
00000000
00000000
00000000
00000000
00000000
00000000
00000000
00000000
00000000
00000000
00000000
00000000
00000000
00000000
00000000
00000000
00000000
00000000
00000000
00000000
00000000
00000000
00000000
00000000
00000000
00000000
00000000
00000000
00000000
00000000
00000000
00000000
00000000
00000000
00000000
00000000
00000000
00000000
00000000
00000000
00000000
00000000
00000000
00000000
00000000
00000000
00000000
00000000
00000000
00000000
00000000
00000000
00000000
00000000
00000000
00000000
00000000
00000000
00000000
00000000
00000000
00000000
00000000
00000000
00000000
00000000
00000000
00000000
00000000
00000000
00000000
00000000
00000000
00000000
00000000
00000000
00000000
00000000
00000000
00000000
00000000
00000000
00000000
00000000
00000000
00000000
00000000
00000000
00000000
00000000
00000000
00000000
00000000
00000000
00000000
00000000
00000000
00000000
00000000
00000000
00000000
00000000
00000000
00000000
00000000
00000000
00000000
00000000
00000000
00000000
00000000
00000000
00000000
00000000
00000000
00000000
00000000
00000000
00000000
00000000
00000000
00000000
00000000
00000000
00000000
00000000
00000000
00000000
00000000
00000000
00000000
00000000
00000000
00000000
00000000
00000000
00000000
00000000
00000000
00000000
00000000
00000000
00000000
00000000
00000000
00000000
00000000
00000000
00000000
00000000
00000000
00000000
00000000
00000000
00000000
00000000
00000000
00000000
00000000
00000000
00000000
00000000
00000000
00000000
00000000
00000000
00000000
00000000
00000000
00000000
00000000
00000000
00000000
00000000
00000000
00000000
00000000
00000000
00000000
00000000
00000000
00000000
00000000
00000000
00000000
00000000
00000000
00000000
00000000
00000000
00000000
00000000
00000000
00000000
00000000
00000000
00000000
00000000
00000000
00000000
00000000
00000000
00000000
00000000
00000000
00000000
00000000
00000000
00000000
00000000
00000000
00000000
00000000
00000000
00000000
00000000
00000000
00000000
00000000
00000000
00000000
00000000
00000000
00000000
00000000
00000000
00000000
00000000
00000000
00000000
00000000
00000000
00000000
00000000
00000000
00000000
00000000
00000000
00000000
00000000
00000000
00000000
00000000
00000000
00000000
00000000
00000000
00000000
00000000
00000000
00000000
00000000
00000000
00000000
00000000
00000000
00000000
00000000
00000000
00000000
00000000
00000000
00000000
00000000
00000000
00000000
00000000
00000000
00000000
00000000
00000000
00000000
00000000
00000000
00000000
00000000
00000000
00000000
00000000
00000000
00000000
00000000
00000000
00000000
00000000
00000000
00000000
00000000
00000000
00000000
00000000
00000000
00000000
00000000
00000000
00000000
00000000
00000000
00000000
00000000
00000000
00000000
00000000
00000000
00000000
00000000
00000000
00000000
00000000
00000000
00000000
00000000
00000000
00000000
00000000
00000000
00000000
00000000
00000000
00000000
00000000
00000000
00000000
00000000
00000000
00000000
00000000
00000000
00000000
00000000
00000000
00000000
00000000
00000000
00000000
00000000
00000000
00000000
00000000
00000000
00000000
00000000
00000000
00000000
00000000
00000000
00000000
00000000
00000000
00000000
00000000
00000000
00000000
00000000
00000000
00000000
00000000
00000000
00000000
00000000
00000000
00000000
00000000
00000000
00000000
00000000
00000000
00000000
00000000
00000000
00000000
00000000
00000000
00000000
00000000
00000000
00000000
00000000
00000000
00000000
00000000
00000000
00000000
00000000
00000000
00000000
00000000
00000000
00000000
00000000
00000000
00000000
00000000
00000000
00000000
00000000
00000000
00000000
00000000
00000000
00000000
00000000
00000000
00000000
00000000
00000000
00000000
00000000
00000000
00000000
00000000
00000000
00000000
00000000
00000000
00000000
00000000
00000000
00000000
00000000
00000000
00000000
00000000
00000000
00000000
00000000
00000000
00000000
00000000
00000000
00000000
00000000
00000000
00000000
00000000
00000000
00000000
00000000
00000000
00000000
00000000
00000000
00000000
00000000
00000000
00000000
00000000
00000000
00000000
00000000
00000000
00000000
00000000
00000000
00000000
00000000
00000000
00000000
00000000
00000000
00000000
00000000
00000000
00000000
00000000
00000000
00000000
00000000
00000000
00000000
00000000
00000000
00000000
00000000
00000000
00000000
00000000
00000000
00000000
00000000
00000000
00000000
00000000
00000000
00000000
00000000
00000000
00000000
00000000
00000000
00000000
00000000
00000000
00000000
00000000
00000000
00000000
00000000
00000000
00000000
00000000
00000000
00000000
00000000
00000000
00000000
00000000
00000000
00000000
00000000
00000000
00000000
00000000
00000000
00000000
00000000
00000000
00000000
00000000
00000000
00000000
00000000
00000000
00000000
00000000
00000000
00000000
00000000
00000000
00000000
00000000
00000000
00000000
00000000
00000000
00000000
00000000
00000000
00000000
00000000
00000000
00000000
00000000
00000000
00000000
00000000
00000000
00000000
00000000
00000000
00000000
00000000
00000000
00000000
00000000
00000000
00000000
00000000
00000000
00000000
00000000
00000000
00000000
00000000
00000000
00000000
00000000
00000000
00000000
00000000
00000000
00000000
00000000
00000000
00000000
00000000
00000000
00000000
00000000
00000000
00000000
00000000
00000000
00000000
00000000
00000000
00000000
00000000
00000000
00000000
00000000
00000000
00000000
00000000
00000000
00000000
00000000
00000000
00000000
00000000
00000000
00000000
00000000
00000000
00000000
00000000
00000000
00000000
00000000
00000000
00000000
00000000
00000000
00000000
00000000
00000000
00000000
00000000
00000000
00000000
00000000
00000000
00000000
00000000
00000000
00000000
00000000
00000000
00000000
00000000
00000000
00000000
00000000
00000000
00000000
00000000
00000000
00000000
00000000
00000000
00000000
00000000
00000000
00000000
00000000
00000000
00000000
00000000
00000000
00000000
00000000
00000000
00000000
00000000
00000000
00000000
00000000
00000000
00000000
00000000
00000000
00000000
00000000
00000000
00000000
00000000
00000000
00000000
00000000
00000000
00000000
00000000
00000000
00000000
00000000
00000000
00000000
00000000
00000000
00000000
00000000
00000000
00000000
00000000
00000000
00000000
00000000
00000000
00000000
00000000
00000000
00000000
00000000
00000000
00000000
00000000
00000000
00000000
00000000
00000000
00000000
00000000
00000000
00000000
00000000
00000000
00000000
00000000
00000000
00000000
00000000
00000000
00000000
00000000
00000000
00000000
00000000
00000000
00000000
00000000
00000000
00000000
00000000
00000000
00000000
00000000
00000000
00000000
00000000
00000000
00000000
00000000
00000000
00000000
00000000
00000000
00000000
00000000
00000000
00000000
00000000
00000000
00000000
00000000
00000000
00000000
00000000
00000000
00000000
00000000
00000000
00000000
00000000
00000000
00000000
00000000
00000000
00000000
00000000
00000000
00000000
00000000
00000000
00000000
00000000
00000000
00000000
00000000
00000000
00000000
00000000
00000000
00000000
00000000
00000000
00000000
00000000
00000000
00000000
00000000
00000000
00000000
00000000
00000000
00000000
00000000
00000000
00000000
00000000
00000000
00000000
00000000
00000000
00000000
00000000
00000000
00000000
00000000
00000000
00000000
00000000
00000000
00000000
00000000
00000000
00000000
00000000
00000000
00000000
00000000
00000000
00000000
00000000
00000000
00000000
00000000
00000000
00000000
00000000
00000000
00000000
00000000
00000000
00000000
00000000
00000000
00000000
00000000
00000000
00000000
00000000
00000000
00000000
00000000
00000000
00000000
00000000
00000000
00000000
00000000
00000000
00000000
00000000
00000000
00000000
00000000
00000000
00000000
00000000
00000000
00000000
00000000
00000000
00000000
00000000
00000000
00000000
00000000
00000000
00000000
00000000
00000000
00000000
00000000
00000000
00000000
00000000
00000000
00000000
00000000
00000000
00000000
00000000
00000000
00000000
00000000
00000000
00000000
00000000
00000000
00000000
00000000
00000000
00000000
00000000
00000000
00000000
00000000
00000000
00000000
00000000
00000000
00000000
00000000
00000000
00000000
00000000
00000000
00000000
00000000
00000000
00000000
00000000
00000000
00000000
00000000
00000000
00000000
00000000
00000000
00000000
00000000
00000000
00000000
00000000
00000000
00000000
00000000
00000000
00000000
00000000
00000000
00000000
00000000
00000000
00000000
00000000
00000000
00000000
00000000
00000000
00000000
00000000
00000000
00000000
00000000
00000000
00000000
00000000
00000000
00000000
00000000
00000000
00000000
00000000
00000000
00000000
00000000
00000000
00000000
00000000
00000000
00000000
00000000
00000000
00000000
00000000
00000000
00000000
00000000
00000000
00000000
00000000
00000000
00000000
00000000
00000000
00000000
00000000
00000000
00000000
00000000
00000000
00000000
00000000
00000000
00000000
00000000
00000000
00000000
00000000
00000000
00000000
00000000
00000000
00000000
00000000
00000000
00000000
00000000
00000000
00000000
00000000
00000000
00000000
00000000
00000000
00000000
00000000
00000000
00000000
00000000
00000000
00000000
00000000
00000000
00000000
00000000
00000000
00000000
00000000
00000000
00000000
00000000
00000000
00000000
00000000
00000000
00000000
00000000
00000000
00000000
00000000
00000000
00000000
00000000
00000000
00000000
00000000
00000000
00000000
00000000
00000000
00000000
00000000
00000000
00000000
00000000
00000000
00000000
00000000
00000000
00000000
00000000
00000000
00000000
00000000
00000000
00000000
00000000
00000000
00000000
00000000
00000000
00000000
00000000
00000000
00000000
00000000
00000000
00000000
00000000
00000000
00000000
00000000
00000000
00000000
00000000
00000000
00000000
00000000
00000000
00000000
00000000
00000000
00000000
00000000
00000000
00000000
00000000
00000000
00000000
00000000
00000000
00000000
00000000
00000000
00000000
00000000
00000000
00000000
00000000
00000000
00000000
00000000
00000000
00000000
00000000
00000000
00000000
00000000
00000000
00000000
00000000
00000000
00000000
00000000
00000000
00000000
00000000
00000000
00000000
00000000
00000000
00000000
00000000
00000000
00000000
00000000
00000000
00000000
00000000
00000000
00000000
00000000
00000000
00000000
00000000
00000000
00000000
00000000
00000000
00000000
00000000
00000000
00000000
00000000
00000000
00000000
00000000
00000000
00000000
00000000
00000000
00000000
00000000
00000000
00000000
00000000
00000000
00000000
00000000
00000000
00000000
00000000
00000000
00000000
00000000
00000000
00000000
00000000
00000000
00000000
00000000
00000000
00000000
00000000
00000000
00000000
00000000
00000000
00000000
00000000
00000000
00000000
00000000
00000000
00000000
00000000
00000000
00000000
00000000
00000000
00000000
00000000
00000000
00000000
00000000
00000000
00000000
00000000
00000000
00000000
00000000
00000000
00000000
00000000
00000000
00000000
00000000
00000000
00000000
00000000
00000000
00000000
00000000
00000000
00000000
00000000
00000000
00000000
00000000
00000000
00000000
00000000
00000000
00000000
00000000
00000000
00000000
00000000
00000000
00000000
00000000
00000000
00000000
00000000
00000000
00000000
00000000
00000000
00000000
00000000
00000000
00000000
00000000
00000000
00000000
00000000
00000000
00000000
00000000
00000000
00000000
00000000
00000000
00000000
00000000
00000000
00000000
00000000
00000000
00000000
00000000
00000000
00000000
00000000
00000000
00000000
00000000
00000000
00000000
00000000
00000000
00000000
00000000
00000000
00000000
00000000
00000000
00000000
00000000
00000000
00000000
00000000
00000000
00000000
00000000
00000000
00000000
00000000
00000000
00000000
00000000
00000000
00000000
00000000
00000000
00000000
00000000
00000000
00000000
00000000
00000000
00000000
00000000
00000000
00000000
00000000
00000000
00000000
00000000
00000000
00000000
00000000
00000000
00000000
00000000
00000000
00000000
00000000
00000000
00000000
00000000
00000000
00000000
00000000
00000000
00000000
00000000
00000000
00000000
00000000
00000000
00000000
00000000
00000000
00000000
00000000
00000000
00000000
00000000
00000000
00000000
00000000
00000000
00000000
00000000
00000000
00000000
00000000
00000000
00000000
00000000
00000000
00000000
00000000
00000000
00000000
00000000
00000000
00000000
00000000
00000000
00000000
00000000
00000000
00000000
00000000
00000000
00000000
00000000
00000000
00000000
00000000
00000000
00000000
00000000
00000000
00000000
00000000
00000000
00000000
00000000
00000000
00000000
00000000
00000000
00000000
00000000
00000000
00000000
00000000
00000000
00000000
00000000
00000000
00000000
00000000
00000000
00000000
00000000
00000000
00000000
00000000
00000000
00000000
00000000
00000000
00000000
00000000
00000000
00000000
00000000
00000000
00000000
00000000
00000000
00000000
00000000
00000000
00000000
00000000
00000000
00000000
00000000
00000000
00000000
00000000
00000000
00000000
00000000
00000000
00000000
00000000
00000000
00000000
00000000
00000000
00000000
00000000
00000000
00000000
00000000
00000000
00000000
00000000
00000000
00000000
00000000
00000000
00000000
00000000
00000000
00000000
00000000
00000000
00000000
00000000
00000000
00000000
00000000
00000000
00000000
00000000
00000000
00000000
00000000
00000000
00000000
00000000
00000000
00000000
00000000
00000000
00000000
00000000
00000000
00000000
00000000
00000000
00000000
00000000
00000000
00000000
00000000
00000000
00000000
00000000
00000000
00000000
00000000
00000000
00000000
00000000
00000000
00000000
00000000
00000000
00000000
00000000
00000000
00000000
00000000
00000000
00000000
00000000
00000000
00000000
00000000
00000000
00000000
00000000
00000000
00000000
00000000
00000000
00000000
00000000
00000000
00000000
00000000
00000000
00000000
00000000
00000000
00000000
00000000
00000000
00000000
00000000
00000000
00000000
00000000
00000000
00000000
00000000
00000000
00000000
00000000
00000000
00000000
00000000
00000000
00000000
00000000
00000000
00000000
00000000
00000000
00000000
00000000
00000000
00000000
00000000
00000000
00000000
00000000
00000000
00000000
00000000
00000000
00000000
00000000
00000000
00000000
00000000
00000000
00000000
00000000
00000000
00000000
00000000
00000000
00000000
00000000
00000000
00000000
00000000
00000000
00000000
00000000
00000000
00000000
00000000
00000000
00000000
00000000
00000000
00000000
00000000
00000000
00000000
00000000
00000000
00000000
00000000
00000000
00000000
00000000
00000000
00000000
00000000
00000000
00000000
00000000
00000000
00000000
00000000
00000000
00000000
00000000
00000000
00000000
00000000
00000000
00000000
00000000
00000000
00000000
00000000
00000000
00000000
00000000
00000000
00000000
00000000
00000000
00000000
00000000
00000000
00000000
00000000
00000000
00000000
00000000
00000000
00000000
00000000
00000000
00000000
00000000
00000000
00000000
00000000
00000000
00000000
00000000
00000000
00000000
00000000
00000000
00000000
00000000
00000000
00000000
00000000
00000000
00000000
00000000
00000000
00000000
00000000
00000000
00000000
00000000
00000000
00000000
00000000
00000000
00000000
00000000
00000000
00000000
00000000
00000000
00000000
00000000
00000000
00000000
00000000
00000000
00000000
00000000
00000000
00000000
00000000
00000000
00000000
00000000
00000000
00000000
00000000
00000000
00000000
00000000
00000000
00000000
00000000
00000000
00000000
00000000
00000000
00000000
00000000
00000000
00000000
00000000
00000000
00000000
00000000
00000000
00000000
00000000
00000000
00000000
00000000
00000000
00000000
00000000
00000000
00000000
00000000
00000000
00000000
00000000
00000000
00000000
00000000
00000000
00000000
00000000
00000000
00000000
00000000
00000000
00000000
00000000
00000000
00000000
00000000
00000000
00000000
00000000
00000000
00000000
00000000
00000000
00000000
00000000
00000000
00000000
00000000
00000000
00000000
00000000
00000000
00000000
00000000
00000000
00000000
00000000
00000000
00000000
00000000
00000000
00000000
00000000
00000000
00000000
00000000
00000000
00000000
00000000
00000000
00000000
00000000
00000000
00000000
00000000
00000000
00000000
00000000
00000000
00000000
00000000
00000000
00000000
00000000
00000000
00000000
00000000
00000000
00000000
00000000
00000000
00000000
00000000
00000000
00000000
00000000
00000000
00000000
00000000
00000000
00000000
00000000
00000000
00000000
00000000
00000000
00000000
00000000
00000000
00000000
00000000
00000000
00000000
00000000
00000000
00000000
00000000
00000000
00000000
00000000
00000000
00000000
00000000
00000000
00000000
00000000
00000000
00000000
00000000
00000000
00000000
00000000
00000000
00000000
00000000
00000000
00000000
00000000
00000000
00000000
00000000
00000000
00000000
00000000
00000000
00000000
00000000
00000000
00000000
00000000
00000000
00000000
00000000
00000000
00000000
00000000
00000000
00000000
00000000
00000000
00000000
00000000
00000000
00000000
00000000
00000000
00000000
00000000
00000000
00000000
00000000
00000000
00000000
00000000
00000000
00000000
00000000
00000000
00000000
00000000
00000000
00000000
00000000
00000000
00000000
00000000
00000000
00000000
00000000
00000000
00000000
00000000
00000000
00000000
00000000
00000000
00000000
00000000
00000000
00000000
00000000
00000000
00000000
00000000
00000000
00000000
00000000
00000000
00000000
00000000
00000000
00000000
00000000
00000000
00000000
00000000
00000000
00000000
00000000
00000000
00000000
00000000
00000000
00000000
00000000
00000000
00000000
00000000
00000000
00000000
00000000
00000000
00000000
00000000
00000000
00000000
00000000
00000000
00000000
00000000
00000000
00000000
00000000
00000000
00000000
00000000
00000000
00000000
00000000
00000000
00000000
00000000
00000000
00000000
00000000
00000000
00000000
00000000
00000000
00000000
00000000
00000000
00000000
00000000
00000000
00000000
00000000
00000000
00000000
00000000
00000000
00000000
00000000
00000000
00000000
00000000
00000000
00000000
00000000
00000000
00000000
00000000
00000000
00000000
00000000
00000000
00000000
00000000
00000000
00000000
00000000
00000000
00000000
00000000
00000000
00000000
00000000
00000000
00000000
00000000
00000000
00000000
00000000
00000000
00000000
00000000
00000000
00000000
00000000
00000000
00000000
00000000
00000000
00000000
00000000
00000000
00000000
00000000
00000000
00000000
00000000
00000000
00000000
00000000
00000000
00000000
00000000
00000000
00000000
00000000
00000000
00000000
00000000
00000000
00000000
00000000
00000000
00000000
00000000
00000000
00000000
00000000
00000000
00000000
00000000
00000000
00000000
00000000
00000000
00000000
00000000
00000000
00000000
00000000
00000000
00000000
00000000
00000000
00000000
00000000
00000000
00000000
00000000
00000000
00000000
00000000
00000000
00000000
00000000
00000000
00000000
00000000
00000000
00000000
00000000
00000000
00000000
00000000
00000000
00000000
00000000
00000000
00000000
00000000
00000000
00000000
00000000
00000000
00000000
00000000
00000000
00000000
00000000
00000000
00000000
00000000
00000000
00000000
00000000
00000000
00000000
00000000
00000000
00000000
00000000
00000000
00000000
00000000
00000000
00000000
00000000
00000000
00000000
00000000
00000000
00000000
00000000
00000000
00000000
00000000
00000000
00000000
00000000
00000000
00000000
00000000
00000000
00000000
00000000
00000000
00000000
00000000
00000000
00000000
00000000
00000000
00000000
00000000
00000000
00000000
00000000
00000000
00000000
00000000
00000000
00000000
00000000
00000000
00000000
00000000
00000000
00000000
00000000
00000000
00000000
00000000
00000000
00000000
00000000
00000000
00000000
00000000
00000000
00000000
00000000
00000000
00000000
00000000
00000000
00000000
00000000
00000000
00000000
00000000
00000000
00000000
00000000
00000000
00000000
00000000
00000000
00000000
00000000
00000000
00000000
00000000
00000000
00000000
00000000
00000000
00000000
00000000
00000000
00000000
00000000
00000000
00000000
00000000
00000000
00000000
00000000
00000000
00000000
00000000
00000000
00000000
00000000
00000000
00000000
00000000
00000000
00000000
00000000
00000000
00000000
00000000
00000000
00000000
00000000
00000000
00000000
00000000
00000000
00000000
00000000
00000000
00000000
00000000
00000000
00000000
00000000
00000000
00000000
00000000
00000000
00000000
00000000
00000000
00000000
00000000
00000000
00000000
00000000
00000000
00000000
00000000
00000000
00000000
00000000
00000000
00000000
00000000
00000000
00000000
00000000
00000000
00000000
00000000
00000000
00000000
00000000
00000000
00000000
00000000
00000000
00000000
00000000
00000000
00000000
00000000
00000000
00000000
00000000
00000000
00000000
00000000
00000000
00000000
00000000
00000000
00000000
00000000
00000000
00000000
00000000
00000000
00000000
00000000
00000000
00000000
00000000
00000000
00000000
00000000
00000000
00000000
00000000
00000000
00000000
00000000
00000000
00000000
00000000
00000000
00000000
00000000
00000000
00000000
00000000
00000000
00000000
00000000
00000000
00000000
00000000
00000000
00000000
00000000
00000000
00000000
00000000
00000000
00000000
00000000
00000000
00000000
00000000
00000000
00000000
00000000
00000000
00000000
00000000
00000000
00000000
00000000
00000000
00000000
00000000
00000000
00000000
00000000
00000000
00000000
00000000
00000000
00000000
00000000
00000000
00000000
00000000
00000000
00000000
00000000
00000000
00000000
00000000
00000000
00000000
00000000
00000000
00000000
00000000
00000000
00000000
00000000
00000000
00000000
00000000
00000000
00000000
00000000
00000000
00000000
00000000
00000000
00000000
00000000
00000000
00000000
00000000
00000000
00000000
00000000
00000000
00000000
00000000
00000000
00000000
00000000
00000000
00000000
00000000
00000000
00000000
00000000
00000000
00000000
00000000
00000000
00000000
00000000
00000000
00000000
00000000
00000000
00000000
00000000
00000000
00000000
00000000
00000000
00000000
00000000
00000000
00000000
00000000
00000000
00000000
00000000
00000000
00000000
00000000
00000000
00000000
00000000
00000000
00000000
00000000
00000000
00000000
00000000
00000000
00000000
00000000
00000000
00000000
00000000
00000000
00000000
00000000
00000000
00000000
00000000
00000000
00000000
00000000
00000000
00000000
00000000
00000000
00000000
00000000
00000000
00000000
00000000
00000000
00000000
00000000
00000000
00000000
00000000
00000000
00000000
00000000
00000000
00000000
00000000
00000000
00000000
00000000
00000000
00000000
00000000
00000000
00000000
00000000
00000000
00000000
00000000
00000000
00000000
00000000
00000000
00000000
00000000
00000000
00000000
00000000
00000000
00000000
00000000
00000000
00000000
00000000
00000000
00000000
00000000
00000000
00000000
00000000
00000000
00000000
00000000
00000000
00000000
00000000
00000000
00000000
00000000
00000000
00000000
00000000
00000000
00000000
00000000
00000000
00000000
00000000
00000000
00000000
00000000
00000000
00000000
00000000
00000000
00000000
00000000
00000000
00000000
00000000
00000000
00000000
00000000
00000000
00000000
00000000
00000000
00000000
00000000
00000000
00000000
00000000
00000000
00000000
00000000
00000000
00000000
00000000
00000000
00000000
00000000
00000000
00000000
00000000
00000000
00000000
00000000
00000000
00000000
00000000
00000000
00000000
00000000
00000000
00000000
00000000
00000000
00000000
00000000
00000000
00000000
00000000
00000000
00000000
00000000
00000000
00000000
00000000
00000000
00000000
00000000
00000000
00000000
00000000
00000000
00000000
00000000
00000000
00000000
00000000
00000000
00000000
00000000
00000000
00000000
00000000
00000000
00000000
00000000
00000000
00000000
00000000
00000000
00000000
00000000
00000000
00000000
00000000
00000000
00000000
00000000
00000000
00000000
00000000
00000000
00000000
00000000
00000000
00000000
00000000
00000000
00000000
00000000
00000000
00000000
00000000
00000000
00000000
00000000
00000000
00000000
00000000
00000000
00000000
00000000
00000000
00000000
00000000
00000000
00000000
00000000
00000000
00000000
00000000
00000000
00000000
00000000
00000000
00000000
00000000
00000000
00000000
00000000
00000000
00000000
00000000
00000000
00000000
00000000
00000000
00000000
00000000
00000000
00000000
00000000
00000000
00000000
00000000
00000000
00000000
00000000
00000000
00000000
00000000
00000000
00000000
00000000
00000000
00000000
00000000
00000000
00000000
00000000
00000000
00000000
00000000
00000000
00000000
00000000
00000000
00000000
00000000
00000000
00000000
00000000
00000000
00000000
00000000
00000000
00000000
00000000
00000000
00000000
00000000
00000000
00000000
00000000
00000000
00000000
00000000
00000000
00000000
00000000
00000000
00000000
00000000
00000000
00000000
00000000
00000000
00000000
00000000
00000000
00000000
00000000
00000000
00000000
00000000
00000000
00000000
00000000
00000000
00000000
00000000
00000000
00000000
00000000
00000000
00000000
00000000
00000000
00000000
00000000
00000000
00000000
00000000
00000000
00000000
00000000
00000000
00000000
00000000
00000000
00000000
00000000
00000000
00000000
00000000
00000000
00000000
00000000
00000000
00000000
00000000
00000000
00000000
00000000
00000000
00000000
00000000
00000000
00000000
00000000
00000000
00000000
00000000
00000000
00000000
00000000
00000000
00000000
00000000
00000000
00000000
00000000
00000000
00000000
00000000
00000000
00000000
00000000
00000000
00000000
00000000
00000000
00000000
00000000
00000000
00000000
00000000
00000000
00000000
00000000
00000000
00000000
00000000
00000000
00000000
00000000
00000000
00000000
00000000
00000000
00000000
00000000
00000000
00000000
00000000
00000000
00000000
00000000
00000000
00000000
00000000
00000000
00000000
00000000
00000000
00000000
00000000
00000000
00000000
00000000
00000000
00000000
00000000
00000000
00000000
00000000
00000000
00000000
00000000
00000000
00000000
00000000
00000000
00000000
00000000
00000000
00000000
00000000
00000000
00000000
00000000
00000000
00000000
00000000
00000000
00000000
00000000
00000000
00000000
00000000
00000000
00000000
00000000
00000000
00000000
00000000
00000000
00000000
00000000
00000000
00000000
00000000
00000000
00000000
00000000
00000000
00000000
00000000
00000000
00000000
00000000
00000000
00000000
00000000
00000000
00000000
00000000
00000000
00000000
00000000
00000000
00000000
00000000
00000000
00000000
00000000
00000000
00000000
00000000
00000000
00000000
00000000
00000000
00000000
00000000
00000000
00000000
00000000
00000000
00000000
00000000
00000000
00000000
00000000
00000000
00000000
00000000
00000000
00000000
00000000
00000000
00000000
00000000
00000000
00000000
00000000
00000000
00000000
00000000
00000000
00000000
00000000
00000000
00000000
00000000
00000000
00000000
00000000
00000000
00000000
00000000
00000000
00000000
00000000
00000000
00000000
00000000
00000000
00000000
00000000
00000000
00000000
00000000
00000000
00000000
00000000
00000000
00000000
00000000
00000000
00000000
00000000
00000000
00000000
00000000
00000000
00000000
00000000
00000000
00000000
00000000
00000000
00000000
00000000
00000000
00000000
00000000
00000000
00000000
00000000
00000000
00000000
00000000
00000000
00000000
00000000
00000000
00000000
00000000
00000000
00000000
00000000
00000000
00000000
00000000
00000000
00000000
00000000
00000000
00000000
00000000
00000000
00000000
00000000
00000000
00000000
00000000
00000000
00000000
00000000
00000000
00000000
00000000
00000000
00000000
00000000
00000000
00000000
00000000
00000000
00000000
00000000
00000000
00000000
00000000
00000000
00000000
00000000
00000000
00000000
00000000
00000000
00000000
00000000
00000000
00000000
00000000
00000000
00000000
00000000
00000000
00000000
00000000
00000000
00000000
00000000
00000000
00000000
00000000
00000000
00000000
00000000
00000000
00000000
00000000
00000000
00000000
00000000
00000000
00000000
00000000
00000000
00000000
00000000
00000000
00000000
00000000
00000000
00000000
00000000
00000000
00000000
00000000
00000000
00000000
00000000
00000000
00000000
00000000
00000000
00000000
00000000
00000000
00000000
00000000
00000000
00000000
00000000
00000000
00000000
00000000
00000000
00000000
00000000
00000000
00000000
00000000
00000000
00000000
00000000
00000000
00000000
00000000
00000000
00000000
00000000
00000000
00000000
00000000
00000000
00000000
00000000
00000000
00000000
00000000
00000000
00000000
00000000
00000000
00000000
00000000
00000000
00000000
00000000
00000000
00000000
00000000
00000000
00000000
00000000
00000000
00000000
00000000
00000000
00000000
00000000
00000000
00000000
00000000
00000000
00000000
00000000
00000000
00000000
00000000
00000000
00000000
00000000
00000000
00000000
00000000
00000000
00000000
00000000
00000000
00000000
00000000
00000000
00000000
00000000
00000000
00000000
00000000
00000000
00000000
00000000
00000000
00000000
00000000
00000000
00000000
00000000
00000000
00000000
00000000
00000000
00000000
00000000
00000000
00000000
00000000
00000000
00000000
00000000
00000000
00000000
00000000
00000000
00000000
00000000
00000000
00000000
00000000
00000000
00000000
00000000
00000000
00000000
00000000
00000000
00000000
00000000
00000000
00000000
00000000
00000000
00000000
00000000
00000000
00000000
00000000
00000000
00000000
00000000
00000000
00000000
00000000
00000000
00000000
00000000
00000000
00000000
00000000
00000000
00000000
00000000
00000000
00000000
00000000
00000000
00000000
00000000
00000000
00000000
00000000
00000000
00000000
00000000
00000000
00000000
00000000
00000000
00000000
00000000
00000000
00000000
00000000
00000000
00000000
00000000
00000000
00000000
00000000
00000000
00000000
00000000
00000000
00000000
00000000
00000000
00000000
00000000
00000000
00000000
00000000
00000000
00000000
00000000
00000000
00000000
00000000
00000000
00000000
00000000
00000000
00000000
00000000
00000000
00000000
00000000
00000000
00000000
00000000
00000000
00000000
00000000
00000000
00000000
00000000
00000000
00000000
00000000
00000000
00000000
00000000
00000000
00000000
00000000
00000000
00000000
00000000
00000000
00000000
00000000
00000000
00000000
00000000
00000000
00000000
00000000
00000000
00000000
00000000
00000000
00000000
00000000
00000000
00000000
00000000
00000000
00000000
00000000
00000000
00000000
00000000
00000000
00000000
00000000
00000000
00000000
00000000
00000000
00000000
00000000
00000000
00000000
00000000
00000000
00000000
00000000
00000000
00000000
00000000
00000000
00000000
00000000
00000000
00000000
00000000
00000000
00000000
00000000
00000000
00000000
00000000
00000000
00000000
00000000
00000000
00000000
00000000
00000000
00000000
00000000
00000000
00000000
00000000
00000000
00000000
00000000
00000000
00000000
00000000
00000000
00000000
00000000
00000000
00000000
00000000
00000000
00000000
00000000
00000000
00000000
00000000
00000000
00000000
00000000
00000000
00000000
00000000
00000000
00000000
00000000
00000000
00000000
00000000
00000000
00000000
00000000
00000000
00000000
00000000
00000000
00000000
00000000
00000000
00000000
00000000
00000000
00000000
00000000
00000000
00000000
00000000
00000000
00000000
00000000
00000000
00000000
00000000
00000000
00000000
00000000
00000000
00000000
00000000
00000000
00000000
00000000
00000000
00000000
00000000
00000000
00000000
00000000
00000000
00000000
00000000
00000000
00000000
00000000
00000000
00000000
00000000
00000000
00000000
00000000
00000000
00000000
00000000
00000000
00000000
00000000
00000000
00000000
00000000
00000000
00000000
00000000
00000000
00000000
00000000
00000000
00000000
00000000
00000000
00000000
00000000
00000000
00000000
00000000
00000000
00000000
00000000
00000000
00000000
00000000
00000000
00000000
00000000
00000000
00000000
00000000
00000000
00000000
00000000
00000000
00000000
00000000
00000000
00000000
00000000
00000000
00000000
00000000
00000000
00000000
00000000
00000000
00000000
00000000
00000000
00000000
00000000
00000000
00000000
00000000
00000000
00000000
00000000
00000000
00000000
00000000
00000000
00000000
00000000
00000000
00000000
00000000
00000000
00000000
00000000
00000000
00000000
00000000
00000000
00000000
00000000
00000000
00000000
00000000
00000000
00000000
00000000
00000000
00000000
00000000
00000000
00000000
00000000
00000000
00000000
00000000
00000000
00000000
00000000
00000000
00000000
00000000
00000000
00000000
00000000
00000000
00000000
00000000
00000000
00000000
00000000
00000000
00000000
00000000
00000000
00000000
00000000
00000000
00000000
00000000
00000000
00000000
00000000
00000000
00000000
00000000
00000000
00000000
00000000
00000000
00000000
00000000
00000000
00000000
00000000
00000000
00000000
00000000
00000000
00000000
00000000
00000000
00000000
00000000
00000000
00000000
00000000
00000000
00000000
00000000
00000000
00000000
00000000
00000000
00000000
00000000
00000000
00000000
00000000
00000000
00000000
00000000
00000000
00000000
00000000
00000000
00000000
00000000
00000000
00000000
00000000
00000000
00000000
00000000
00000000
00000000
00000000
00000000
00000000
00000000
00000000
00000000
00000000
00000000
00000000
00000000
00000000
00000000
00000000
00000000
00000000
00000000
00000000
00000000
00000000
00000000
00000000
00000000
00000000
00000000
00000000
00000000
00000000
00000000
00000000
00000000
00000000
00000000
00000000
00000000
00000000
00000000
00000000
00000000
00000000
00000000
00000000
00000000
00000000
00000000
00000000
00000000
00000000
00000000
00000000
00000000
00000000
00000000
00000000
00000000
00000000
00000000
00000000
00000000
00000000
00000000
00000000
00000000
00000000
00000000
00000000
00000000
00000000
00000000
00000000
00000000
00000000
00000000
00000000
00000000
00000000
00000000
00000000
00000000
00000000
00000000
00000000
00000000
00000000
00000000
00000000
00000000
00000000
00000000
00000000
00000000
00000000
00000000
00000000
00000000
00000000
00000000
00000000
00000000
00000000
00000000
00000000
00000000
00000000
00000000
00000000
00000000
00000000
00000000
00000000
00000000
00000000
00000000
00000000
00000000
00000000
00000000
00000000
00000000
00000000
00000000
00000000
00000000
00000000
00000000
00000000
00000000
00000000
00000000
00000000
00000000
00000000
00000000
00000000
00000000
00000000
00000000
00000000
00000000
00000000
00000000
00000000
00000000
00000000
00000000
00000000
00000000
00000000
00000000
00000000
00000000
00000000
00000000
00000000
00000000
00000000
00000000
00000000
00000000
00000000
00000000
00000000
00000000
00000000
00000000
00000000
00000000
00000000
00000000
00000000
00000000
00000000
00000000
00000000
00000000
00000000
00000000
00000000
00000000
00000000
00000000
00000000
00000000
00000000
00000000
00000000
00000000
00000000
00000000
00000000
00000000
00000000
00000000
00000000
00000000
00000000
00000000
00000000
00000000
00000000
00000000
00000000
00000000
00000000
00000000
00000000
00000000
00000000
00000000
00000000
00000000
00000000
00000000
00000000
00000000
00000000
00000000
00000000
00000000
00000000
00000000
00000000
00000000
00000000
00000000
00000000
00000000
00000000
00000000
00000000
00000000
00000000
00000000
00000000
00000000
00000000
00000000
00000000
00000000
00000000
00000000
00000000
00000000
00000000
00000000
00000000
00000000
00000000
00000000
00000000
00000000
00000000
00000000
00000000
00000000
00000000
00000000
00000000
00000000
00000000
00000000
00000000
00000000
00000000
00000000
00000000
00000000
00000000
00000000
00000000
00000000
00000000
00000000
00000000
00000000
00000000
00000000
00000000
00000000
00000000
00000000
00000000
00000000
00000000
00000000
00000000
00000000
00000000
00000000
00000000
00000000
00000000
00000000
00000000
00000000
00000000
00000000
00000000
00000000
00000000
00000000
00000000
00000000
00000000
00000000
00000000
00000000
00000000
00000000
00000000
00000000
00000000
00000000
00000000
00000000
00000000
00000000
00000000
00000000
00000000
00000000
00000000
00000000
00000000
00000000
00000000
00000000
00000000
00000000
00000000
00000000
00000000
00000000
00000000
00000000
00000000
00000000
00000000
00000000
00000000
00000000
00000000
00000000
00000000
00000000
00000000
00000000
00000000
00000000
00000000
00000000
00000000
00000000
00000000
00000000
00000000
00000000
00000000
00000000
00000000
00000000
00000000
00000000
00000000
00000000
00000000
00000000
00000000
00000000
00000000
00000000
00000000
00000000
00000000
00000000
00000000
00000000
00000000
00000000
00000000
00000000
00000000
00000000
00000000
00000000
00000000
00000000
00000000
00000000
00000000
00000000
00000000
00000000
00000000
00000000
00000000
00000000
00000000
00000000
00000000
00000000
00000000
00000000
00000000
00000000
00000000
00000000
00000000
00000000
00000000
00000000
00000000
00000000
00000000
00000000
00000000
00000000
00000000
00000000
00000000
00000000
00000000
00000000
00000000
00000000
00000000
00000000
00000000
00000000
00000000
00000000
00000000
00000000
00000000
00000000
00000000
00000000
00000000
00000000
00000000
00000000
00000000
00000000
00000000
00000000
00000000
00000000
00000000
00000000
00000000
00000000
00000000
00000000
00000000
00000000
00000000
00000000
00000000
00000000
00000000
00000000
00000000
00000000
00000000
00000000
00000000
00000000
00000000
00000000
00000000
00000000
00000000
00000000
00000000
00000000
00000000
00000000
00000000
00000000
00000000
00000000
00000000
00000000
00000000
00000000
00000000
00000000
00000000
00000000
00000000
00000000
00000000
00000000
00000000
00000000
00000000
00000000
00000000
00000000
00000000
00000000
00000000
00000000
00000000
00000000
00000000
00000000
00000000
00000000
00000000
00000000
00000000
00000000
00000000
00000000
00000000
00000000
00000000
00000000
00000000
00000000
00000000
00000000
00000000
00000000
00000000
00000000
00000000
00000000
00000000
00000000
00000000
00000000
00000000
00000000
00000000
00000000
00000000
00000000
00000000
00000000
00000000
00000000
00000000
00000000
00000000
00000000
00000000
00000000
00000000
00000000
00000000
00000000
00000000
00000000
00000000
00000000
00000000
00000000
00000000
00000000
00000000
00000000
00000000
00000000
00000000
00000000
00000000
00000000
00000000
00000000
00000000
00000000
00000000
00000000
00000000
00000000
00000000
00000000
00000000
00000000
00000000
00000000
00000000
00000000
00000000
00000000
00000000
00000000
00000000
00000000
00000000
00000000
00000000
00000000
00000000
00000000
00000000
00000000
00000000
00000000
00000000
00000000
00000000
00000000
00000000
00000000
00000000
00000000
00000000
00000000
00000000
00000000
00000000
00000000
00000000
00000000
00000000
00000000
00000000
00000000
00000000
00000000
00000000
00000000
00000000
00000000
00000000
00000000
00000000
00000000
00000000
00000000
00000000
00000000
00000000
00000000
00000000
00000000
00000000
00000000
00000000
00000000
00000000
00000000
00000000
00000000
00000000
00000000
00000000
00000000
00000000
00000000
00000000
00000000
00000000
00000000
00000000
00000000
00000000
00000000
00000000
00000000
00000000
00000000
00000000
00000000
00000000
00000000
00000000
00000000
00000000
00000000
00000000
00000000
00000000
00000000
00000000
00000000
00000000
00000000
00000000
00000000
00000000
00000000
00000000
00000000
00000000
00000000
00000000
00000000
00000000
00000000
00000000
00000000
00000000
00000000
00000000
00000000
00000000
00000000
00000000
00000000
00000000
00000000
00000000
00000000
00000000
00000000
00000000
00000000
00000000
00000000
00000000
00000000
00000000
00000000
00000000
00000000
00000000
00000000
00000000
00000000
00000000
00000000
00000000
00000000
00000000
00000000
00000000
00000000
00000000
00000000
00000000
00000000
00000000
00000000
00000000
00000000
00000000
00000000
00000000
00000000
00000000
00000000
00000000
00000000
00000000
00000000
00000000
00000000
00000000
00000000
00000000
00000000
00000000
00000000
00000000
00000000
00000000
00000000
00000000
00000000
00000000
00000000
00000000
00000000
00000000
00000000
00000000
00000000
00000000
00000000
00000000
00000000
00000000
00000000
00000000
00000000
00000000
00000000
00000000
00000000
00000000
00000000
00000000
00000000
00000000
00000000
00000000
00000000
00000000
00000000
00000000
00000000
00000000
00000000
00000000
00000000
00000000
00000000
00000000
00000000
00000000
00000000
00000000
00000000
00000000
00000000
00000000
00000000
00000000
00000000
00000000
00000000
00000000
00000000
00000000
00000000
00000000
00000000
00000000
00000000
00000000
00000000
00000000
00000000
00000000
00000000
00000000
00000000
00000000
00000000
00000000
00000000
00000000
00000000
00000000
00000000
00000000
00000000
00000000
00000000
00000000
00000000
00000000
00000000
00000000
00000000
00000000
00000000
00000000
00000000
00000000
00000000
00000000
00000000
00000000
00000000
00000000
00000000
00000000
00000000
00000000
00000000
00000000
00000000
00000000
00000000
00000000
00000000
00000000
00000000
00000000
00000000
00000000
00000000
00000000
00000000
00000000
00000000
00000000
00000000
00000000
00000000
00000000
00000000
00000000
00000000
00000000
00000000
00000000
00000000
00000000
00000000
00000000
00000000
00000000
00000000
00000000
00000000
00000000
00000000
00000000
00000000
00000000
00000000
00000000
00000000
00000000
00000000
00000000
00000000
00000000
00000000
00000000
00000000
00000000
00000000
00000000
00000000
00000000
00000000
00000000
00000000
00000000
00000000
00000000
00000000
00000000
00000000
00000000
00000000
00000000
00000000
00000000
00000000
00000000
00000000
00000000
00000000
00000000
00000000
00000000
00000000
00000000
00000000
00000000
00000000
00000000
00000000
00000000
00000000
00000000
00000000
00000000
00000000
00000000
00000000
00000000
00000000
00000000
00000000
00000000
00000000
00000000
00000000
00000000
00000000
00000000
00000000
00000000
00000000
00000000
00000000
00000000
00000000
00000000
00000000
00000000
00000000
00000000
00000000
00000000
00000000
00000000
00000000
00000000
00000000
00000000
00000000
00000000
00000000
00000000
00000000
00000000
00000000
00000000
00000000
00000000
00000000
00000000
00000000
00000000
00000000
00000000
00000000
00000000
00000000
00000000
00000000
00000000
00000000
00000000
00000000
00000000
00000000
00000000
00000000
00000000
00000000
00000000
00000000
00000000
00000000
00000000
00000000
00000000
00000000
00000000
00000000
00000000
00000000
00000000
00000000
00000000
00000000
00000000
00000000
00000000
00000000
00000000
00000000
00000000
00000000
00000000
00000000
00000000
00000000
00000000
00000000
00000000
00000000
00000000
00000000
00000000
00000000
00000000
00000000
00000000
00000000
00000000
00000000
00000000
00000000
00000000
00000000
00000000
00000000
00000000
00000000
00000000
00000000
00000000
00000000
00000000
00000000
00000000
00000000
00000000
00000000
00000000
00000000
00000000
00000000
00000000
00000000
00000000
00000000
00000000
00000000
00000000
00000000
00000000
00000000
00000000
00000000
00000000
00000000
00000000
00000000
00000000
00000000
00000000
00000000
00000000
00000000
00000000
00000000
00000000
00000000
00000000
00000000
00000000
00000000
00000000
00000000
00000000
00000000
00000000
00000000
00000000
00000000
00000000
00000000
00000000
00000000
00000000
00000000
00000000
00000000
00000000
00000000
00000000
00000000
00000000
00000000
00000000
00000000
00000000
00000000
00000000
00000000
00000000
00000000
00000000
00000000
00000000
00000000
00000000
00000000
00000000
00000000
00000000
00000000
00000000
00000000
00000000
00000000
00000000
00000000
00000000
00000000
00000000
00000000
00000000
00000000
00000000
00000000
00000000
00000000
00000000
00000000
00000000
00000000
00000000
00000000
00000000
00000000
00000000
00000000
00000000
00000000
00000000
00000000
00000000
00000000
00000000
00000000
00000000
00000000
00000000
00000000
00000000
00000000
00000000
00000000
00000000
00000000
00000000
00000000
00000000
00000000
00000000
00000000
00000000
00000000
00000000
00000000
00000000
00000000
00000000
00000000
00000000
00000000
00000000
00000000
00000000
00000000
00000000
00000000
00000000
00000000
00000000
00000000
00000000
00000000
00000000
00000000
00000000
00000000
00000000
00000000
00000000
00000000
00000000
00000000
00000000
00000000
00000000
00000000
00000000
00000000
00000000
00000000
00000000
00000000
00000000
00000000
00000000
00000000
00000000
00000000
00000000
00000000
00000000
00000000
00000000
00000000
00000000
00000000
00000000
00000000
00000000
00000000
00000000
00000000
00000000
00000000
00000000
00000000
00000000
00000000
00000000
00000000
00000000
00000000
00000000
00000000
00000000
00000000
00000000
00000000
00000000
00000000
00000000
00000000
00000000
00000000
00000000
00000000
00000000
00000000
00000000
00000000
00000000
00000000
00000000
00000000
00000000
00000000
00000000
00000000
00000000
00000000
00000000
00000000
00000000
00000000
00000000
00000000
00000000
00000000
00000000
00000000
00000000
00000000
00000000
00000000
00000000
00000000
00000000
00000000
00000000
00000000
00000000
00000000
00000000
00000000
00000000
00000000
00000000
00000000
00000000
00000000
00000000
00000000
00000000
00000000
00000000
00000000
00000000
00000000
00000000
00000000
00000000
00000000
00000000
00000000
00000000
00000000
00000000
00000000
00000000
00000000
00000000
00000000
00000000
00000000
00000000
00000000
00000000
00000000
00000000
00000000
00000000
00000000
00000000
00000000
00000000
00000000
00000000
00000000
00000000
00000000
00000000
00000000
00000000
00000000
00000000
00000000
00000000
00000000
00000000
00000000
00000000
00000000
00000000
00000000
00000000
00000000
00000000
00000000
00000000
00000000
00000000
00000000
00000000
00000000
00000000
00000000
00000000
00000000
00000000
00000000
00000000
00000000
00000000
00000000
00000000
00000000
00000000
00000000
00000000
00000000
00000000
00000000
00000000
00000000
00000000
00000000
00000000
00000000
00000000
00000000
00000000
00000000
00000000
00000000
00000000
00000000
00000000
00000000
00000000
00000000
00000000
00000000
00000000
00000000
00000000
00000000
00000000
00000000
00000000
00000000
00000000
00000000
00000000
00000000
00000000
00000000
00000000
00000000
00000000
00000000
00000000
00000000
00000000
00000000
00000000
00000000
00000000
00000000
00000000
00000000
00000000
00000000
00000000
00000000
00000000
00000000
00000000
00000000
00000000
00000000
00000000
00000000
00000000
00000000
00000000
00000000
00000000
00000000
00000000
00000000
00000000
00000000
00000000
00000000
00000000
00000000
00000000
00000000
00000000
00000000
00000000
00000000
00000000
00000000
00000000
00000000
00000000
00000000
00000000
00000000
00000000
00000000
00000000
00000000
00000000
00000000
00000000
00000000
00000000
00000000
00000000
00000000
00000000
00000000
00000000
00000000
00000000
00000000
00000000
00000000
00000000
00000000
00000000
00000000
00000000
00000000
00000000
00000000
00000000
00000000
00000000
00000000
00000000
00000000
00000000
00000000
00000000
00000000
00000000
00000000
00000000
00000000
00000000
00000000
00000000
00000000
00000000
00000000
00000000
00000000
00000000
00000000
00000000
00000000
00000000
00000000
00000000
00000000
00000000
00000000
00000000
00000000
00000000
00000000
00000000
00000000
00000000
00000000
00000000
00000000
00000000
00000000
00000000
00000000
00000000
00000000
00000000
00000000
00000000
00000000
00000000
00000000
00000000
00000000
00000000
00000000
00000000
00000000
00000000
00000000
00000000
00000000
00000000
00000000
00000000
00000000
00000000
00000000
00000000
00000000
00000000
00000000
00000000
00000000
00000000
00000000
00000000
00000000
00000000
00000000
00000000
00000000
00000000
00000000
00000000
00000000
00000000
00000000
00000000
00000000
00000000
00000000
00000000
00000000
00000000
00000000
00000000
00000000
00000000
00000000
00000000
00000000
00000000
00000000
00000000
00000000
00000000
00000000
00000000
00000000
00000000
00000000
00000000
00000000
00000000
00000000
00000000
00000000
00000000
00000000
00000000
00000000
00000000
00000000
00000000
00000000
00000000
00000000
00000000
00000000
00000000
00000000
00000000
00000000
00000000
00000000
00000000
00000000
00000000
00000000
00000000
00000000
00000000
00000000
00000000
00000000
00000000
00000000
00000000
00000000
00000000
00000000
00000000
00000000
00000000
00000000
00000000
00000000
00000000
00000000
00000000
00000000
00000000
00000000
00000000
00000000
00000000
00000000
00000000
00000000
00000000
00000000
00000000
00000000
00000000
00000000
00000000
00000000
00000000
00000000
00000000
00000000
00000000
00000000
00000000
00000000
00000000
00000000
00000000
00000000
00000000
00000000
00000000
00000000
00000000
00000000
00000000
00000000
00000000
00000000
00000000
00000000
00000000
00000000
00000000
00000000
00000000
00000000
00000000
00000000
00000000
00000000
00000000
00000000
00000000
00000000
00000000
00000000
00000000
00000000
00000000
00000000
00000000
00000000
00000000
00000000
00000000
00000000
00000000
00000000
00000000
00000000
00000000
00000000
00000000
00000000
00000000
00000000
00000000
00000000
00000000
00000000
00000000
00000000
00000000
00000000
00000000
00000000
00000000
00000000
00000000
00000000
00000000
00000000
00000000
00000000
00000000
00000000
00000000
00000000
00000000
00000000
00000000
00000000
00000000
00000000
00000000
00000000
00000000
00000000
00000000
00000000
00000000
00000000
00000000
00000000
00000000
00000000
00000000
00000000
00000000
00000000
00000000
00000000
00000000
00000000
00000000
00000000
00000000
00000000
00000000
00000000
00000000
00000000
00000000
00000000
00000000
00000000
00000000
00000000
00000000
00000000
00000000
00000000
00000000
00000000
00000000
00000000
00000000
00000000
00000000
00000000
00000000
00000000
00000000
00000000
00000000
00000000
00000000
00000000
00000000
00000000
00000000
00000000
00000000
00000000
00000000
00000000
00000000
00000000
00000000
00000000
00000000
00000000
00000000
00000000
00000000
00000000
00000000
00000000
00000000
00000000
00000000
00000000
00000000
00000000
00000000
00000000
00000000
00000000
00000000
00000000
00000000
00000000
00000000
00000000
00000000
00000000
00000000
00000000
00000000
00000000
00000000
00000000
00000000
00000000
00000000
00000000
00000000
00000000
00000000
00000000
00000000
00000000
00000000
00000000
00000000
00000000
00000000
00000000
00000000
00000000
00000000
00000000
00000000
00000000
00000000
00000000
00000000
00000000
00000000
00000000
00000000
00000000
00000000
00000000
00000000
00000000
00000000
00000000
00000000
00000000
00000000
00000000
00000000
00000000
00000000
00000000
00000000
00000000
00000000
00000000
00000000
00000000
00000000
00000000
00000000
00000000
00000000
00000000
00000000
00000000
00000000
00000000
00000000
00000000
00000000
00000000
00000000
00000000
00000000
00000000
00000000
00000000
00000000
00000000
00000000
00000000
00000000
00000000
00000000
00000000
00000000
00000000
00000000
00000000
00000000
00000000
00000000
00000000
00000000
00000000
00000000
00000000
00000000
00000000
00000000
00000000
00000000
00000000
00000000
00000000
00000000
00000000
00000000
00000000
00000000
00000000
00000000
00000000
00000000
00000000
00000000
00000000
00000000
00000000
00000000
00000000
00000000
00000000
00000000
00000000
00000000
00000000
00000000
00000000
00000000
00000000
00000000
00000000
00000000
00000000
00000000
00000000
00000000
00000000
00000000
00000000
00000000
00000000
00000000
00000000
00000000
00000000
00000000
00000000
00000000
00000000
00000000
00000000
00000000
00000000
00000000
00000000
00000000
00000000
00000000
00000000
00000000
00000000
00000000
00000000
00000000
00000000
00000000
00000000
00000000
00000000
00000000
00000000
00000000
00000000
00000000
00000000
00000000
00000000
00000000
00000000
00000000
00000000
00000000
00000000
00000000
00000000
00000000
00000000
00000000
00000000
00000000
00000000
00000000
00000000
00000000
00000000
00000000
00000000
00000000
00000000
00000000
00000000
00000000
00000000
00000000
00000000
00000000
00000000
00000000
00000000
00000000
00000000
00000000
00000000
00000000
00000000
00000000
00000000
00000000
00000000
00000000
00000000
00000000
00000000
00000000
00000000
00000000
00000000
00000000
00000000
00000000
00000000
00000000
00000000
00000000
00000000
00000000
00000000
00000000
00000000
00000000
00000000
00000000
00000000
00000000
00000000
00000000
00000000
00000000
00000000
00000000
00000000
00000000
00000000
00000000
00000000
00000000
00000000
00000000
00000000
00000000
00000000
00000000
00000000
00000000
00000000
00000000
00000000
00000000
00000000
00000000
00000000
00000000
00000000
00000000
00000000
00000000
00000000
00000000
00000000
00000000
00000000
00000000
00000000
00000000
00000000
00000000
00000000
00000000
00000000
00000000
00000000
00000000
00000000
00000000
00000000
00000000
00000000
00000000
00000000
00000000
00000000
00000000
00000000
00000000
00000000
00000000
00000000
00000000
00000000
00000000
00000000
00000000
00000000
00000000
00000000
00000000
00000000
00000000
00000000
00000000
00000000
00000000
00000000
00000000
00000000
00000000
00000000
00000000
00000000
00000000
00000000
00000000
00000000
00000000
00000000
00000000
00000000
00000000
00000000
00000000
00000000
00000000
00000000
00000000
00000000
00000000
00000000
00000000
00000000
00000000
00000000
00000000
00000000
00000000
00000000
00000000
00000000
00000000
00000000
00000000
00000000
00000000
00000000
00000000
00000000
00000000
00000000
00000000
00000000
00000000
00000000
00000000
00000000
00000000
00000000
00000000
00000000
00000000
00000000
00000000
00000000
00000000
00000000
00000000
00000000
00000000
00000000
00000000
00000000
00000000
00000000
00000000
00000000
00000000
00000000
00000000
00000000
00000000
00000000
00000000
00000000
00000000
00000000
00000000
00000000
00000000
00000000
00000000
00000000
00000000
00000000
00000000
00000000
00000000
00000000
00000000
00000000
00000000
00000000
00000000
00000000
00000000
00000000
00000000
00000000
00000000
00000000
00000000
00000000
00000000
00000000
00000000
00000000
00000000
00000000
00000000
00000000
00000000
00000000
00000000
00000000
00000000
00000000
00000000
00000000
00000000
00000000
00000000
00000000
00000000
00000000
00000000
00000000
00000000
00000000
00000000
00000000
00000000
00000000
00000000
00000000
00000000
00000000
00000000
00000000
00000000
00000000
00000000
00000000
00000000
00000000
00000000
00000000
00000000
00000000
00000000
00000000
00000000
00000000
00000000
00000000
00000000
00000000
00000000
00000000
00000000
00000000
00000000
00000000
00000000
00000000
00000000
00000000
00000000
00000000
00000000
00000000
00000000
00000000
00000000
00000000
00000000
00000000
00000000
00000000
00000000
00000000
00000000
00000000
00000000
00000000
00000000
00000000
00000000
00000000
00000000
00000000
00000000
00000000
00000000
00000000
00000000
00000000
00000000
00000000
00000000
00000000
00000000
00000000
00000000
00000000
00000000
00000000
00000000
00000000
00000000
00000000
00000000
00000000
00000000
00000000
00000000
00000000
00000000
00000000
00000000
00000000
00000000
00000000
00000000
00000000
00000000
00000000
00000000
00000000
00000000
00000000
00000000
00000000
00000000
00000000
00000000
00000000
00000000
00000000
00000000
00000000
00000000
00000000
00000000
00000000
00000000
00000000
00000000
00000000
00000000
00000000
00000000
00000000
00000000
00000000
00000000
00000000
00000000
00000000
00000000
00000000
00000000
00000000
00000000
00000000
00000000
00000000
00000000
00000000
00000000
00000000
00000000
00000000
00000000
00000000
00000000
00000000
00000000
00000000
00000000
00000000
00000000
00000000
00000000
00000000
00000000
00000000
00000000
00000000
00000000
00000000
00000000
00000000
00000000
00000000
00000000
00000000
00000000
00000000
00000000
00000000
00000000
00000000
00000000
00000000
00000000
00000000
00000000
00000000
00000000
00000000
00000000
00000000
00000000
00000000
00000000
00000000
00000000
00000000
00000000
00000000
00000000
00000000
00000000
00000000
00000000
00000000
00000000
00000000
00000000
00000000
00000000
00000000
00000000
00000000
00000000
00000000
00000000
00000000
00000000
00000000
00000000
00000000
00000000
00000000
00000000
00000000
00000000
00000000
00000000
00000000
00000000
00000000
00000000
00000000
00000000
00000000
00000000
00000000
00000000
00000000
00000000
00000000
00000000
00000000
00000000
00000000
00000000
00000000
00000000
00000000
00000000
00000000
00000000
00000000
00000000
00000000
00000000
00000000
00000000
00000000
00000000
00000000
00000000
00000000
00000000
00000000
00000000
00000000
00000000
00000000
00000000
00000000
00000000
00000000
00000000
00000000
00000000
00000000
00000000
00000000
00000000
00000000
00000000
00000000
00000000
00000000
00000000
00000000
00000000
00000000
00000000
00000000
00000000
00000000
00000000
00000000
00000000
00000000
00000000
00000000
00000000
00000000
00000000
00000000
00000000
00000000
00000000
00000000
00000000
00000000
00000000
00000000
00000000
00000000
00000000
00000000
00000000
00000000
00000000
00000000
00000000
00000000
00000000
00000000
00000000
00000000
00000000
00000000
00000000
00000000
00000000
00000000
00000000
00000000
00000000
00000000
00000000
00000000
00000000
00000000
00000000
00000000
00000000
00000000
00000000
00000000
00000000
00000000
00000000
00000000
00000000
00000000
00000000
00000000
00000000
00000000
00000000
00000000
00000000
00000000
00000000
00000000
00000000
00000000
00000000
00000000
00000000
00000000
00000000
00000000
00000000
00000000
00000000
00000000
00000000
00000000
00000000
00000000
00000000
00000000
00000000
00000000
00000000
00000000
00000000
00000000
00000000
00000000
00000000
00000000
00000000
00000000
00000000
00000000
00000000
00000000
00000000
00000000
00000000
00000000
00000000
00000000
00000000
00000000
00000000
00000000
00000000
00000000
00000000
00000000
00000000
00000000
00000000
00000000
00000000
00000000
00000000
00000000
00000000
00000000
00000000
00000000
00000000
00000000
00000000
00000000
00000000
00000000
00000000
00000000
00000000
00000000
00000000
00000000
00000000
00000000
00000000
00000000
00000000
00000000
00000000
00000000
00000000
00000000
00000000
00000000
00000000
00000000
00000000
00000000
00000000
00000000
00000000
00000000
00000000
00000000
00000000
00000000
00000000
00000000
00000000
00000000
00000000
00000000
00000000
00000000
00000000
00000000
00000000
00000000
00000000
00000000
00000000
00000000
00000000
00000000
00000000
00000000
00000000
00000000
00000000
00000000
00000000
00000000
00000000
00000000
00000000
00000000
00000000
00000000
00000000
00000000
00000000
00000000
00000000
00000000
00000000
00000000
00000000
00000000
00000000
00000000
00000000
00000000
00000000
00000000
00000000
00000000
00000000
00000000
00000000
00000000
00000000
00000000
00000000
00000000
00000000
00000000
00000000
00000000
00000000
00000000
00000000
00000000
00000000
00000000
00000000
00000000
00000000
00000000
00000000
00000000
00000000
00000000
00000000
00000000
00000000
00000000
00000000
00000000
00000000
00000000
00000000
00000000
00000000
00000000
00000000
00000000
00000000
00000000
00000000
00000000
00000000
00000000
00000000
00000000
00000000
00000000
00000000
00000000
00000000
00000000
00000000
00000000
00000000
00000000
00000000
00000000
00000000
00000000
00000000
00000000
00000000
00000000
00000000
00000000
00000000
00000000
00000000
00000000
00000000
00000000
00000000
00000000
00000000
00000000
00000000
00000000
00000000
00000000
00000000
00000000
00000000
00000000
00000000
00000000
00000000
00000000
00000000
00000000
00000000
00000000
00000000
00000000
00000000
00000000
00000000
00000000
00000000
00000000
00000000
00000000
00000000
00000000
00000000
00000000
00000000
00000000
00000000
00000000
00000000
00000000
00000000
00000000
00000000
00000000
00000000
00000000
00000000
00000000
00000000
00000000
00000000
00000000
00000000
00000000
00000000
00000000
00000000
00000000
00000000
00000000
00000000
00000000
00000000
00000000
00000000
00000000
00000000
00000000
00000000
00000000
00000000
00000000
00000000
00000000
00000000
00000000
00000000
00000000
00000000
00000000
00000000
00000000
00000000
00000000
00000000
00000000
00000000
00000000
00000000
00000000
00000000
00000000
00000000
00000000
00000000
00000000
00000000
00000000
00000000
00000000
00000000
00000000
00000000
00000000
00000000
00000000
00000000
00000000
00000000
00000000
00000000
00000000
00000000
00000000
00000000
00000000
00000000
00000000
00000000
00000000
00000000
00000000
00000000
00000000
00000000
00000000
00000000
00000000
00000000
00000000
00000000
00000000
00000000
00000000
00000000
00000000
00000000
00000000
00000000
00000000
00000000
00000000
00000000
00000000
00000000
00000000
00000000
00000000
00000000
00000000
00000000
00000000
00000000
00000000
00000000
00000000
00000000
00000000
00000000
00000000
00000000
00000000
00000000
00000000
00000000
00000000
00000000
00000000
00000000
00000000
00000000
00000000
00000000
00000000
00000000
00000000
00000000
00000000
00000000
00000000
00000000
00000000
00000000
00000000
00000000
00000000
00000000
00000000
00000000
00000000
00000000
00000000
00000000
00000000
00000000
00000000
00000000
00000000
00000000
00000000
00000000
00000000
00000000
00000000
00000000
00000000
00000000
00000000
00000000
00000000
00000000
00000000
00000000
00000000
00000000
00000000
00000000
00000000
00000000
00000000
00000000
00000000
00000000
00000000
00000000
00000000
00000000
00000000
00000000
00000000
00000000
00000000
00000000
00000000
00000000
00000000
00000000
00000000
00000000
00000000
00000000
00000000
00000000
00000000
00000000
00000000
00000000
00000000
00000000
00000000
00000000
00000000
00000000
00000000
00000000
00000000
00000000
00000000
00000000
00000000
00000000
00000000
00000000
00000000
00000000
00000000
00000000
00000000
00000000
00000000
00000000
00000000
00000000
00000000
00000000
00000000
00000000
00000000
00000000
00000000
00000000
00000000
00000000
00000000
00000000
00000000
00000000
00000000
00000000
00000000
00000000
00000000
00000000
00000000
00000000
00000000
00000000
00000000
00000000
00000000
00000000
00000000
00000000
00000000
00000000
00000000
00000000
00000000
00000000
00000000
00000000
00000000
00000000
00000000
00000000
00000000
00000000
00000000
00000000
00000000
00000000
00000000
00000000
00000000
00000000
00000000
00000000
00000000
00000000
00000000
00000000
00000000
00000000
00000000
00000000
00000000
00000000
00000000
00000000
00000000
00000000
00000000
00000000
00000000
00000000
00000000
00000000
00000000
00000000
00000000
00000000
00000000
00000000
00000000
00000000
00000000
00000000
00000000
00000000
00000000
00000000
00000000
00000000
00000000
00000000
00000000
00000000
00000000
00000000
00000000
00000000
00000000
00000000
00000000
00000000
00000000
00000000
00000000
00000000
00000000
00000000
00000000
00000000
00000000
00000000
00000000
00000000
00000000
00000000
00000000
00000000
00000000
00000000
00000000
00000000
00000000
00000000
00000000
00000000
00000000
00000000
00000000
00000000
00000000
00000000
00000000
00000000
00000000
00000000
00000000
00000000
00000000
00000000
00000000
00000000
00000000
00000000
00000000
00000000
00000000
00000000
00000000
00000000
00000000
00000000
00000000
00000000
00000000
00000000
00000000
00000000
00000000
00000000
00000000
00000000
00000000
00000000
00000000
00000000
00000000
00000000
00000000
00000000
00000000
00000000
00000000
00000000
00000000
00000000
00000000
00000000
00000000
00000000
00000000
00000000
00000000
00000000
00000000
00000000
00000000
00000000
00000000
00000000
00000000
00000000
00000000
00000000
00000000
00000000
00000000
00000000
00000000
00000000
00000000
00000000
00000000
00000000
00000000
00000000
00000000
00000000
00000000
00000000
00000000
00000000
00000000
00000000
00000000
00000000
00000000
00000000
00000000
00000000
00000000
00000000
00000000
00000000
00000000
00000000
00000000
00000000
00000000
00000000
00000000
00000000
00000000
00000000
00000000
00000000
00000000
00000000
00000000
00000000
00000000
00000000
00000000
00000000
00000000
00000000
00000000
00000000
00000000
00000000
00000000
00000000
00000000
00000000
00000000
00000000
00000000
00000000
00000000
00000000
00000000
00000000
00000000
00000000
00000000
00000000
00000000
00000000
00000000
00000000
00000000
00000000
00000000
00000000
00000000
00000000
00000000
00000000
00000000
00000000
00000000
00000000
00000000
00000000
00000000
00000000
00000000
00000000
00000000
00000000
00000000
00000000
00000000
00000000
00000000
00000000
00000000
00000000
00000000
00000000
00000000
00000000
00000000
00000000
00000000
00000000
00000000
00000000
00000000
00000000
00000000
00000000
00000000
00000000
00000000
00000000
00000000
00000000
00000000
00000000
00000000
00000000
00000000
00000000
00000000
00000000
00000000
00000000
00000000
00000000
00000000
00000000
00000000
00000000
00000000
00000000
00000000
00000000
00000000
00000000
00000000
00000000
00000000
00000000
00000000
00000000
00000000
00000000
00000000
00000000
00000000
00000000
00000000
00000000
00000000
00000000
00000000
00000000
00000000
00000000
00000000
00000000
00000000
00000000
00000000
00000000
00000000
00000000
00000000
00000000
00000000
00000000
00000000
00000000
00000000
00000000
00000000
00000000
00000000
00000000
00000000
00000000
00000000
00000000
00000000
00000000
00000000
00000000
00000000
00000000
00000000
00000000
00000000
00000000
00000000
00000000
00000000
00000000
00000000
00000000
00000000
00000000
00000000
00000000
00000000
00000000
00000000
00000000
00000000
00000000
00000000
00000000
00000000
00000000
00000000
00000000
00000000
00000000
00000000
00000000
00000000
00000000
00000000
00000000
00000000
00000000
00000000
00000000
00000000
00000000
00000000
00000000
00000000
00000000
00000000
00000000
00000000
00000000
00000000
00000000
00000000
00000000
00000000
00000000
00000000
00000000
00000000
00000000
00000000
00000000
00000000
00000000
00000000
00000000
00000000
00000000
00000000
00000000
00000000
00000000
00000000
00000000
00000000
00000000
00000000
00000000
00000000
00000000
00000000
00000000
00000000
00000000
00000000
00000000
00000000
00000000
00000000
00000000
00000000
00000000
00000000
00000000
00000000
00000000
00000000
00000000
00000000
00000000
00000000
00000000
00000000
00000000
00000000
00000000
00000000
00000000
00000000
00000000
00000000
00000000
00000000
00000000
00000000
00000000
00000000
00000000
00000000
00000000
00000000
00000000
00000000
00000000
00000000
00000000
00000000
00000000
00000000
00000000
00000000
00000000
00000000
00000000
00000000
00000000
00000000
00000000
00000000
00000000
00000000
00000000
00000000
00000000
00000000
00000000
00000000
00000000
00000000
00000000
00000000
00000000
00000000
00000000
00000000
00000000
00000000
00000000
00000000
00000000
00000000
00000000
00000000
00000000
00000000
00000000
00000000
00000000
00000000
00000000
00000000
00000000
00000000
00000000
00000000
00000000
00000000
00000000
00000000
00000000
00000000
00000000
00000000
00000000
00000000
00000000
00000000
00000000
00000000
00000000
00000000
00000000
00000000
00000000
00000000
00000000
00000000
00000000
00000000
00000000
00000000
00000000
00000000
00000000
00000000
00000000
00000000
00000000
00000000
00000000
00000000
00000000
00000000
00000000
00000000
00000000
00000000
00000000
00000000
00000000
00000000
00000000
00000000
00000000
00000000
00000000
00000000
00000000
00000000
00000000
00000000
00000000
00000000
00000000
00000000
00000000
00000000
00000000
00000000
00000000
00000000
00000000
00000000
00000000
00000000
00000000
00000000
00000000
00000000
00000000
00000000
00000000
00000000
00000000
00000000
00000000
00000000
00000000
00000000
00000000
00000000
00000000
00000000
00000000
00000000
00000000
00000000
00000000
00000000
00000000
00000000
00000000
00000000
00000000
00000000
00000000
00000000
00000000
00000000
00000000
00000000
00000000
00000000
00000000
00000000
00000000
00000000
00000000
00000000
00000000
00000000
00000000
00000000
00000000
00000000
00000000
00000000
00000000
00000000
00000000
00000000
00000000
00000000
00000000
00000000
00000000
00000000
00000000
00000000
00000000
00000000
00000000
00000000
00000000
00000000
00000000
00000000
00000000
00000000
00000000
00000000
00000000
00000000
00000000
00000000
00000000
00000000
00000000
00000000
00000000
00000000
00000000
00000000
00000000
00000000
00000000
00000000
00000000
00000000
00000000
00000000
00000000
00000000
00000000
00000000
00000000
00000000
00000000
00000000
00000000
00000000
00000000
00000000
00000000
00000000
00000000
00000000
00000000
00000000
00000000
00000000
00000000
00000000
00000000
00000000
00000000
00000000
00000000
00000000
00000000
00000000
00000000
00000000
00000000
00000000
00000000
00000000
00000000
00000000
00000000
00000000
00000000
00000000
00000000
00000000
00000000
00000000
00000000
00000000
00000000
00000000
00000000
00000000
00000000
00000000
00000000
00000000
00000000
00000000
00000000
00000000
00000000
00000000
00000000
00000000
00000000
00000000
00000000
00000000
00000000
00000000
00000000
00000000
00000000
00000000
00000000
00000000
00000000
00000000
00000000
00000000
00000000
00000000
00000000
00000000
00000000
00000000
00000000
00000000
00000000
00000000
00000000
00000000
00000000
00000000
00000000
00000000
00000000
00000000
00000000
00000000
00000000
00000000
00000000
00000000
00000000
00000000
00000000
00000000
00000000
00000000
00000000
00000000
00000000
00000000
00000000
00000000
00000000
00000000
00000000
00000000
00000000
00000000
00000000
00000000
00000000
00000000
00000000
00000000
00000000
00000000
00000000
00000000
00000000
00000000
00000000
00000000
00000000
00000000
00000000
00000000
00000000
00000000
00000000
00000000
00000000
00000000
00000000
00000000
00000000
00000000
00000000
00000000
00000000
00000000
00000000
00000000
00000000
00000000
00000000
00000000
00000000
00000000
00000000
00000000
00000000
00000000
00000000
00000000
00000000
00000000
00000000
00000000
00000000
00000000
00000000
00000000
00000000
00000000
00000000
00000000
00000000
00000000
00000000
00000000
00000000
00000000
00000000
00000000
00000000
00000000
00000000
00000000
00000000
00000000
00000000
00000000
00000000
00000000
00000000
00000000
00000000
00000000
00000000
00000000
00000000
00000000
00000000
00000000
00000000
00000000
00000000
00000000
00000000
00000000
00000000
00000000
00000000
00000000
00000000
00000000
00000000
00000000
00000000
00000000
00000000
00000000
00000000
00000000
00000000
00000000
00000000
00000000
00000000
00000000
00000000
00000000
00000000
00000000
00000000
00000000
00000000
00000000
00000000
00000000
00000000
00000000
00000000
00000000
00000000
00000000
00000000
00000000
00000000
00000000
00000000
00000000
00000000
00000000
00000000
00000000
00000000
00000000
00000000
00000000
00000000
00000000
00000000
00000000
00000000
00000000
00000000
00000000
00000000
00000000
00000000
00000000
00000000
00000000
00000000
00000000
00000000
00000000
00000000
00000000
00000000
00000000
00000000
00000000
00000000
00000000
00000000
00000000
00000000
00000000
00000000
00000000
00000000
00000000
00000000
00000000
00000000
00000000
00000000
00000000
00000000
00000000
00000000
00000000
00000000
00000000
00000000
00000000
00000000
00000000
00000000
00000000
00000000
00000000
00000000
00000000
00000000
00000000
00000000
00000000
00000000
00000000
00000000
00000000
00000000
00000000
00000000
00000000
00000000
00000000
00000000
00000000
00000000
00000000
00000000
00000000
00000000
00000000
00000000
00000000
00000000
00000000
00000000
00000000
00000000
00000000
00000000
00000000
00000000
00000000
00000000
00000000
00000000
00000000
00000000
00000000
00000000
00000000
00000000
00000000
00000000
00000000
00000000
00000000
00000000
00000000
00000000
00000000
00000000
00000000
00000000
00000000
00000000
00000000
00000000
00000000
00000000
00000000
00000000
00000000
00000000
00000000
00000000
00000000
00000000
00000000
00000000
00000000
00000000
00000000
00000000
00000000
00000000
00000000
00000000
00000000
00000000
00000000
00000000
00000000
00000000
00000000
00000000
00000000
00000000
00000000
00000000
00000000
00000000
00000000
00000000
00000000
00000000
00000000
00000000
00000000
00000000
00000000
00000000
00000000
00000000
00000000
00000000
00000000
00000000
00000000
00000000
00000000
00000000
00000000
00000000
00000000
00000000
00000000
00000000
00000000
00000000
00000000
00000000
00000000
00000000
00000000
00000000
00000000
00000000
00000000
00000000
00000000
00000000
00000000
00000000
00000000
00000000
00000000
00000000
00000000
00000000
00000000
00000000
00000000
00000000
00000000
00000000
00000000
00000000
00000000
00000000
00000000
00000000
00000000
00000000
00000000
00000000
00000000
00000000
00000000
00000000
00000000
00000000
00000000
00000000
00000000
00000000
00000000
00000000
00000000
00000000
00000000
00000000
00000000
00000000
00000000
00000000
00000000
00000000
00000000
00000000
00000000
00000000
00000000
00000000
00000000
00000000
00000000
00000000
00000000
00000000
00000000
00000000
00000000
00000000
00000000
00000000
00000000
00000000
00000000
00000000
00000000
00000000
00000000
00000000
00000000
00000000
00000000
00000000
00000000
00000000
00000000
00000000
00000000
00000000
00000000
00000000
00000000
00000000
00000000
00000000
00000000
00000000
00000000
00000000
00000000
00000000
00000000
00000000
00000000
00000000
00000000
00000000
00000000
00000000
00000000
00000000
00000000
00000000
00000000
00000000
00000000
00000000
00000000
00000000
00000000
00000000
00000000
00000000
00000000
00000000
00000000
00000000
00000000
00000000
00000000
00000000
00000000
00000000
00000000
00000000
00000000
00000000
00000000
00000000
00000000
00000000
00000000
00000000
00000000
00000000
00000000
00000000
00000000
00000000
00000000
00000000
00000000
00000000
00000000
00000000
00000000
00000000
00000000
00000000
00000000
00000000
00000000
00000000
00000000
00000000
00000000
00000000
00000000
00000000
00000000
00000000
00000000
00000000
00000000
00000000
00000000
00000000
00000000
00000000
00000000
00000000
00000000
00000000
00000000
00000000
00000000
00000000
00000000
00000000
00000000
00000000
00000000
00000000
00000000
00000000
00000000
00000000
00000000
00000000
00000000
00000000
00000000
00000000
00000000
00000000
00000000
00000000
00000000
00000000
00000000
00000000
00000000
00000000
00000000
00000000
00000000
00000000
00000000
00000000
00000000
00000000
00000000
00000000
00000000
00000000
00000000
00000000
00000000
00000000
00000000
00000000
00000000
00000000
00000000
00000000
00000000
00000000
00000000
00000000
00000000
00000000
00000000
00000000
00000000
00000000
00000000
00000000
00000000
00000000
00000000
00000000
00000000
00000000
00000000
00000000
00000000
00000000
00000000
00000000
00000000
00000000
00000000
00000000
00000000
00000000
00000000
00000000
00000000
00000000
00000000
00000000
00000000
00000000
00000000
00000000
00000000
00000000
00000000
00000000
00000000
00000000
00000000
00000000
00000000
00000000
00000000
00000000
00000000
00000000
00000000
00000000
00000000
00000000
00000000
00000000
00000000
00000000
00000000
00000000
00000000
00000000
00000000
00000000
00000000
00000000
00000000
00000000
00000000
00000000
00000000
00000000
00000000
00000000
00000000
00000000
00000000
00000000
00000000
00000000
00000000
00000000
00000000
00000000
00000000
00000000
00000000
00000000
00000000
00000000
00000000
00000000
00000000
00000000
00000000
00000000
00000000
00000000
00000000
00000000
00000000
00000000
00000000
00000000
00000000
00000000
00000000
00000000
00000000
00000000
00000000
00000000
00000000
00000000
00000000
00000000
00000000
00000000
00000000
00000000
00000000
00000000
00000000
00000000
00000000
00000000
00000000
00000000
00000000
00000000
00000000
00000000
00000000
00000000
00000000
00000000
00000000
00000000
00000000
00000000
00000000
00000000
00000000
00000000
00000000
00000000
00000000
00000000
00000000
00000000
00000000
00000000
00000000
00000000
00000000
00000000
00000000
00000000
00000000
00000000
00000000
00000000
00000000
00000000
00000000
00000000
00000000
00000000
00000000
00000000
00000000
00000000
00000000
00000000
00000000
00000000
00000000
00000000
00000000
00000000
00000000
00000000
00000000
00000000
00000000
00000000
00000000
00000000
00000000
00000000
00000000
00000000
00000000
00000000
00000000
00000000
00000000
00000000
00000000
00000000
00000000
00000000
00000000
00000000
00000000
00000000
00000000
00000000
00000000
00000000
00000000
00000000
00000000
00000000
00000000
00000000
00000000
00000000
00000000
00000000
00000000
00000000
00000000
00000000
00000000
00000000
00000000
00000000
00000000
00000000
00000000
00000000
00000000
00000000
00000000
00000000
00000000
00000000
00000000
00000000
00000000
00000000
00000000
00000000
00000000
00000000
00000000
00000000
00000000
00000000
00000000
00000000
00000000
00000000
00000000
00000000
00000000
00000000
00000000
00000000
00000000
00000000
00000000
00000000
00000000
00000000
00000000
00000000
00000000
00000000
00000000
00000000
00000000
00000000
00000000
00000000
00000000
00000000
00000000
00000000
00000000
00000000
00000000
00000000
00000000
00000000
00000000
00000000
00000000
00000000
00000000
00000000
00000000
00000000
00000000
00000000
00000000
00000000
00000000
00000000
00000000
00000000
00000000
00000000
00000000
00000000
00000000
00000000
00000000
00000000
00000000
00000000
00000000
00000000
00000000
00000000
00000000
00000000
00000000
00000000
00000000
00000000
00000000
00000000
00000000
00000000
00000000
00000000
00000000
00000000
00000000
00000000
00000000
00000000
00000000
00000000
00000000
00000000
00000000
00000000
00000000
00000000
00000000
00000000
00000000
00000000
00000000
00000000
00000000
00000000
00000000
00000000
00000000
00000000
00000000
00000000
00000000
00000000
00000000
00000000
00000000
00000000
00000000
00000000
00000000
00000000
00000000
00000000
00000000
00000000
00000000
00000000
00000000
00000000
00000000
00000000
00000000
00000000
00000000
00000000
00000000
00000000
00000000
00000000
00000000
00000000
00000000
00000000
00000000
00000000
00000000
00000000
00000000
00000000
00000000
00000000
00000000
00000000
00000000
00000000
00000000
00000000
00000000
00000000
00000000
00000000
00000000
00000000
00000000
00000000
00000000
00000000
00000000
00000000
00000000
00000000
00000000
00000000
00000000
00000000
00000000
00000000
00000000
00000000
00000000
00000000
00000000
00000000
00000000
00000000
00000000
00000000
00000000
00000000
00000000
00000000
00000000
00000000
00000000
00000000
00000000
00000000
00000000
00000000
00000000
00000000
00000000
00000000
00000000
00000000
00000000
00000000
00000000
00000000
00000000
00000000
00000000
00000000
00000000
00000000
00000000
00000000
00000000
00000000
00000000
00000000
00000000
00000000
00000000
00000000
00000000
00000000
00000000
00000000
00000000
00000000
00000000
00000000
00000000
00000000
00000000
00000000
00000000
00000000
00000000
00000000
00000000
00000000
00000000
00000000
00000000
00000000
00000000
00000000
00000000
00000000
00000000
00000000
00000000
00000000
00000000
00000000
00000000
00000000
00000000
00000000
00000000
00000000
00000000
00000000
00000000
00000000
00000000
00000000
00000000
00000000
00000000
00000000
00000000
00000000
00000000
00000000
00000000
00000000
00000000
00000000
00000000
00000000
00000000
00000000
00000000
00000000
00000000
00000000
00000000
00000000
00000000
00000000
00000000
00000000
00000000
00000000
00000000
00000000
00000000
00000000
00000000
00000000
00000000
00000000
00000000
00000000
00000000
00000000
00000000
00000000
00000000
00000000
00000000
00000000
00000000
00000000
00000000
00000000
00000000
00000000
00000000
00000000
00000000
00000000
00000000
00000000
00000000
00000000
00000000
00000000
00000000
00000000
00000000
00000000
00000000
00000000
00000000
00000000
00000000
00000000
00000000
00000000
00000000
00000000
00000000
00000000
00000000
00000000
00000000
00000000
00000000
00000000
00000000
00000000
00000000
00000000
00000000
00000000
00000000
00000000
00000000
00000000
00000000
00000000
00000000
00000000
00000000
00000000
00000000
00000000
00000000
00000000
00000000
00000000
00000000
00000000
00000000
00000000
00000000
00000000
00000000
00000000
00000000
00000000
00000000
00000000
00000000
00000000
00000000
00000000
00000000
00000000
00000000
00000000
00000000
00000000
00000000
00000000
00000000
00000000
00000000
00000000
00000000
00000000
00000000
00000000
00000000
00000000
00000000
00000000
00000000
00000000
00000000
00000000
00000000
00000000
00000000
00000000
00000000
00000000
00000000
00000000
00000000
00000000
00000000
00000000
00000000
00000000
00000000
00000000
00000000
00000000
00000000
00000000
00000000
00000000
00000000
00000000
00000000
00000000
00000000
00000000
00000000
00000000
00000000
00000000
00000000
00000000
00000000
00000000
00000000
00000000
00000000
00000000
00000000
00000000
00000000
00000000
00000000
00000000
00000000
00000000
00000000
00000000
00000000
00000000
00000000
00000000
00000000
00000000
00000000
00000000
00000000
00000000
00000000
00000000
00000000
00000000
00000000
00000000
00000000
00000000
00000000
00000000
00000000
00000000
00000000
00000000
00000000
00000000
00000000
00000000
00000000
00000000
00000000
00000000
00000000
00000000
00000000
00000000
00000000
00000000
00000000
00000000
00000000
00000000
00000000
00000000
00000000
00000000
00000000
00000000
00000000
00000000
00000000
00000000
00000000
00000000
00000000
00000000
00000000
00000000
00000000
00000000
00000000
00000000
00000000
00000000
00000000
00000000
00000000
00000000
00000000
00000000
00000000
00000000
00000000
00000000
00000000
00000000
00000000
00000000
00000000
00000000
00000000
00000000
00000000
00000000
00000000
00000000
00000000
00000000
00000000
00000000
00000000
00000000
00000000
00000000
00000000
00000000
00000000
00000000
00000000
00000000
00000000
00000000
00000000
00000000
00000000
00000000
00000000
00000000
00000000
00000000
00000000
00000000
00000000
00000000
00000000
00000000
00000000
00000000
00000000
00000000
00000000
00000000
00000000
00000000
00000000
00000000
00000000
00000000
00000000
00000000
00000000
00000000
00000000
00000000
00000000
00000000
00000000
00000000
00000000
00000000
00000000
00000000
00000000
00000000
00000000
00000000
00000000
00000000
00000000
00000000
00000000
00000000
00000000
00000000
00000000
00000000
00000000
00000000
00000000
00000000
00000000
00000000
00000000
00000000
00000000
00000000
00000000
00000000
00000000
00000000
00000000
00000000
00000000
00000000
00000000
00000000
00000000
00000000
00000000
00000000
00000000
00000000
00000000
00000000
00000000
00000000
00000000
00000000
00000000
00000000
00000000
00000000
00000000
00000000
00000000
00000000
00000000
00000000
00000000
00000000
00000000
00000000
00000000
00000000
00000000
00000000
00000000
00000000
00000000
00000000
00000000
00000000
00000000
00000000
00000000
00000000
00000000
00000000
00000000
00000000
00000000
00000000
00000000
00000000
00000000
00000000
00000000
00000000
00000000
00000000
00000000
00000000
00000000
00000000
00000000
00000000
00000000
00000000
00000000
00000000
00000000
00000000
00000000
00000000
00000000
00000000
00000000
00000000
00000000
00000000
00000000
00000000
00000000
00000000
00000000
00000000
00000000
00000000
00000000
00000000
00000000
00000000
00000000
00000000
00000000
00000000
00000000
00000000
00000000
00000000
00000000
00000000
00000000
00000000
00000000
00000000
00000000
00000000
00000000
00000000
00000000
00000000
00000000
00000000
00000000
00000000
00000000
00000000
00000000
00000000
00000000
00000000
00000000
00000000
00000000
00000000
00000000
00000000
00000000
00000000
00000000
00000000
00000000
00000000
00000000
00000000
00000000
00000000
00000000
00000000
00000000
00000000
00000000
00000000
00000000
00000000
00000000
00000000
00000000
00000000
00000000
00000000
00000000
00000000
00000000
00000000
00000000
00000000
00000000
00000000
00000000
00000000
00000000
00000000
00000000
00000000
00000000
00000000
00000000
00000000
00000000
00000000
00000000
00000000
00000000
00000000
00000000
00000000
00000000
00000000
00000000
00000000
00000000
00000000
00000000
00000000
00000000
00000000
00000000
00000000
00000000
00000000
00000000
00000000
00000000
00000000
00000000
00000000
00000000
00000000
00000000
00000000
00000000
00000000
00000000
00000000
00000000
00000000
00000000
00000000
00000000
00000000
00000000
00000000
00000000
00000000
00000000
00000000
00000000
00000000
00000000
00000000
00000000
00000000
00000000
00000000
00000000
00000000
00000000
00000000
00000000
00000000
00000000
00000000
00000000
00000000
00000000
00000000
00000000
00000000
00000000
00000000
00000000
00000000
00000000
00000000
00000000
00000000
00000000
00000000
00000000
00000000
00000000
00000000
00000000
00000000
00000000
00000000
00000000
00000000
00000000
00000000
00000000
00000000
00000000
00000000
00000000
00000000
00000000
00000000
00000000
00000000
00000000
00000000
00000000
00000000
00000000
00000000
00000000
00000000
00000000
00000000
00000000
00000000
00000000
00000000
00000000
00000000
00000000
00000000
00000000
00000000
00000000
00000000
00000000
00000000
00000000
00000000
00000000
00000000
00000000
00000000
00000000
00000000
00000000
00000000
00000000
00000000
00000000
00000000
00000000
00000000
00000000
00000000
00000000
00000000
00000000
00000000
00000000
00000000
00000000
00000000
00000000
00000000
00000000
00000000
00000000
00000000
00000000
00000000
00000000
00000000
00000000
00000000
00000000
00000000
00000000
00000000
00000000
00000000
00000000
00000000
00000000
00000000
00000000
00000000
00000000
00000000
00000000
00000000
00000000
00000000
00000000
00000000
00000000
00000000
00000000
00000000
00000000
00000000
00000000
00000000
00000000
00000000
00000000
00000000
00000000
00000000
00000000
00000000
00000000
00000000
00000000
00000000
00000000
00000000
00000000
00000000
00000000
00000000
00000000
00000000
00000000
00000000
00000000
00000000
00000000
00000000
00000000
00000000
00000000
00000000
00000000
00000000
00000000
00000000
00000000
00000000
00000000
00000000
00000000
00000000
00000000
00000000
00000000
00000000
00000000
00000000
00000000
00000000
00000000
00000000
00000000
00000000
00000000
00000000
00000000
00000000
00000000
00000000
00000000
00000000
00000000
00000000
00000000
00000000
00000000
00000000
00000000
00000000
00000000
00000000
00000000
00000000
00000000
00000000
00000000
00000000
00000000
00000000
00000000
00000000
00000000
00000000
00000000
00000000
00000000
00000000
00000000
00000000
00000000
00000000
00000000
00000000
00000000
00000000
00000000
00000000
00000000
00000000
00000000
00000000
00000000
00000000
00000000
00000000
00000000
00000000
00000000
00000000
00000000
00000000
00000000
00000000
00000000
00000000
00000000
00000000
00000000
00000000
00000000
00000000
00000000
00000000
00000000
00000000
00000000
00000000
00000000
00000000
00000000
00000000
00000000
00000000
00000000
00000000
00000000
00000000
00000000
00000000
00000000
00000000
00000000
00000000
00000000
00000000
00000000
00000000
00000000
00000000
00000000
00000000
00000000
00000000
00000000
00000000
00000000
00000000
00000000
00000000
00000000
00000000
00000000
00000000
00000000
00000000
00000000
00000000
00000000
00000000
00000000
00000000
00000000
00000000
00000000
00000000
00000000
00000000
00000000
00000000
00000000
00000000
00000000
00000000
00000000
00000000
00000000
00000000
00000000
00000000
00000000
00000000
00000000
00000000
00000000
00000000
00000000
00000000
00000000
00000000
00000000
00000000
00000000
00000000
00000000
00000000
00000000
00000000
00000000
00000000
00000000
00000000
00000000
00000000
00000000
00000000
00000000
00000000
00000000
00000000
00000000
00000000
00000000
00000000
00000000
00000000
00000000
00000000
00000000
00000000
00000000
00000000
00000000
00000000
00000000
00000000
00000000
00000000
00000000
00000000
00000000
00000000
00000000
00000000
00000000
00000000
00000000
00000000
00000000
00000000
00000000
00000000
00000000
00000000
00000000
00000000
00000000
00000000
00000000
00000000
00000000
00000000
00000000
00000000
00000000
00000000
00000000
00000000
00000000
00000000
00000000
00000000
00000000
00000000
00000000
00000000
00000000
00000000
00000000
00000000
00000000
00000000
00000000
00000000
00000000
00000000
00000000
00000000
00000000
00000000
00000000
00000000
00000000
00000000
00000000
00000000
00000000
00000000
00000000
00000000
00000000
00000000
00000000
00000000
00000000
00000000
00000000
00000000
00000000
00000000
00000000
00000000
00000000
00000000
00000000
00000000
00000000
00000000
00000000
00000000
00000000
00000000
00000000
00000000
00000000
00000000
00000000
00000000
00000000
00000000
00000000
00000000
00000000
00000000
00000000
00000000
00000000
00000000
00000000
00000000
00000000
00000000
00000000
00000000
00000000
00000000
00000000
00000000
00000000
00000000
00000000
00000000
00000000
00000000
00000000
00000000
00000000
00000000
00000000
00000000
00000000
00000000
00000000
00000000
00000000
00000000
00000000
00000000
00000000
00000000
00000000
00000000
00000000
00000000
00000000
00000000
00000000
00000000
00000000
00000000
00000000
00000000
00000000
00000000
00000000
00000000
00000000
00000000
00000000
00000000
00000000
00000000
00000000
00000000
00000000
00000000
00000000
00000000
00000000
00000000
00000000
00000000
00000000
00000000
00000000
00000000
00000000
00000000
00000000
00000000
00000000
00000000
00000000
00000000
00000000
00000000
00000000
00000000
00000000
00000000
00000000
00000000
00000000
00000000
00000000
00000000
00000000
00000000
00000000
00000000
00000000
00000000
00000000
00000000
00000000
00000000
00000000
00000000
00000000
00000000
00000000
00000000
00000000
00000000
00000000
00000000
00000000
00000000
00000000
00000000
00000000
00000000
00000000
00000000
00000000
00000000
00000000
00000000
00000000
00000000
00000000
00000000
00000000
00000000
00000000
00000000
00000000
00000000
00000000
00000000
00000000
00000000
00000000
00000000
00000000
00000000
00000000
00000000
00000000
00000000
00000000
00000000
00000000
00000000
00000000
00000000
00000000
00000000
00000000
00000000
00000000
00000000
00000000
00000000
00000000
00000000
00000000
00000000
00000000
00000000
00000000
00000000
00000000
00000000
00000000
00000000
00000000
00000000
00000000
00000000
00000000
00000000
00000000
00000000
00000000
00000000
00000000
00000000
00000000
00000000
00000000
00000000
00000000
00000000
00000000
00000000
00000000
00000000
00000000
00000000
00000000
00000000
00000000
00000000
00000000
00000000
00000000
00000000
00000000
00000000
00000000
00000000
00000000
00000000
00000000
00000000
00000000
00000000
00000000
00000000
00000000
00000000
00000000
00000000
00000000
00000000
00000000
00000000
00000000
00000000
00000000
00000000
00000000
00000000
00000000
00000000
00000000
00000000
00000000
00000000
00000000
00000000
00000000
00000000
00000000
00000000
00000000
00000000
00000000
00000000
00000000
00000000
00000000
00000000
00000000
00000000
00000000
00000000
00000000
00000000
00000000
00000000
00000000
00000000
00000000
00000000
00000000
00000000
00000000
00000000
00000000
00000000
00000000
00000000
00000000
00000000
00000000
00000000
00000000
00000000
00000000
00000000
00000000
00000000
00000000
00000000
00000000
00000000
00000000
00000000
00000000
00000000
00000000
00000000
00000000
00000000
00000000
00000000
00000000
00000000
00000000
00000000
00000000
00000000
00000000
00000000
00000000
00000000
00000000
00000000
00000000
00000000
00000000
00000000
00000000
00000000
00000000
00000000
00000000
00000000
00000000
00000000
00000000
00000000
00000000
00000000
00000000
00000000
00000000
00000000
00000000
00000000
00000000
00000000
00000000
00000000
00000000
00000000
00000000
00000000
00000000
00000000
00000000
00000000
00000000
00000000
00000000
00000000
00000000
00000000
00000000
00000000
00000000
00000000
00000000
00000000
00000000
00000000
00000000
00000000
00000000
00000000
00000000
00000000
00000000
00000000
00000000
00000000
00000000
00000000
00000000
00000000
00000000
00000000
00000000
00000000
00000000
00000000
00000000
00000000
00000000
00000000
00000000
00000000
00000000
00000000
00000000
00000000
00000000
00000000
00000000
00000000
00000000
00000000
00000000
00000000
00000000
00000000
00000000
00000000
00000000
00000000
00000000
00000000
00000000
00000000
00000000
00000000
00000000
00000000
00000000
00000000
00000000
00000000
00000000
00000000
00000000
00000000
00000000
00000000
00000000
00000000
00000000
00000000
00000000
00000000
00000000
00000000
00000000
00000000
00000000
00000000
00000000
00000000
00000000
00000000
00000000
00000000
00000000
00000000
00000000
00000000
00000000
00000000
00000000
00000000
00000000
00000000
00000000
00000000
00000000
00000000
00000000
00000000
00000000
00000000
00000000
00000000
00000000
00000000
00000000
00000000
00000000
00000000
00000000
00000000
00000000
00000000
00000000
00000000
00000000
00000000
00000000
00000000
00000000
00000000
00000000
00000000
00000000
00000000
00000000
00000000
00000000
00000000
00000000
00000000
00000000
00000000
00000000
00000000
00000000
00000000
00000000
00000000
00000000
00000000
00000000
00000000
00000000
00000000
00000000
00000000
00000000
00000000
00000000
00000000
00000000
00000000
00000000
00000000
00000000
00000000
00000000
00000000
00000000
00000000
00000000
00000000
00000000
00000000
00000000
00000000
00000000
00000000
00000000
00000000
00000000
00000000
00000000
00000000
00000000
00000000
00000000
00000000
00000000
00000000
00000000
00000000
00000000
00000000
00000000
00000000
00000000
00000000
00000000
00000000
00000000
00000000
00000000
00000000
00000000
00000000
00000000
00000000
00000000
00000000
00000000
00000000
00000000
00000000
00000000
00000000
00000000
00000000
00000000
00000000
00000000
00000000
00000000
00000000
00000000
00000000
00000000
00000000
00000000
00000000
00000000
00000000
00000000
00000000
00000000
00000000
00000000
00000000
00000000
00000000
00000000
00000000
00000000
00000000
00000000
00000000
00000000
00000000
00000000
00000000
00000000
00000000
00000000
00000000
00000000
00000000
00000000
00000000
00000000
00000000
00000000
00000000
00000000
00000000
00000000
00000000
00000000
00000000
00000000
00000000
00000000
00000000
00000000
00000000
00000000
00000000
00000000
00000000
00000000
00000000
00000000
00000000
00000000
00000000
00000000
00000000
00000000
00000000
00000000
00000000
00000000
00000000
00000000
00000000
00000000
00000000
00000000
00000000
00000000
00000000
00000000
00000000
00000000
00000000
00000000
00000000
00000000
00000000
00000000
00000000
00000000
00000000
00000000
00000000
00000000
00000000
00000000
00000000
00000000
00000000
00000000
00000000
00000000
00000000
00000000
00000000
00000000
00000000
00000000
00000000
00000000
00000000
00000000
00000000
00000000
00000000
00000000
00000000
00000000
00000000
00000000
00000000
00000000
00000000
00000000
00000000
00000000
00000000
00000000
00000000
00000000
00000000
00000000
00000000
00000000
00000000
00000000
00000000
00000000
00000000
00000000
00000000
00000000
00000000
00000000
00000000
00000000
00000000
00000000
00000000
00000000
00000000
00000000
00000000
00000000
00000000
00000000
00000000
00000000
00000000
00000000
00000000
00000000
00000000
00000000
00000000
00000000
00000000
00000000
00000000
00000000
00000000
00000000
00000000
00000000
00000000
00000000
00000000
00000000
00000000
00000000
00000000
00000000
00000000
00000000
00000000
00000000
00000000
00000000
00000000
00000000
00000000
00000000
00000000
00000000
00000000
00000000
00000000
00000000
00000000
00000000
00000000
00000000
00000000
00000000
00000000
00000000
00000000
00000000
00000000
00000000
00000000
00000000
00000000
00000000
00000000
00000000
00000000
00000000
00000000
00000000
00000000
00000000
00000000
00000000
00000000
00000000
00000000
00000000
00000000
00000000
00000000
00000000
00000000
00000000
00000000
00000000
00000000
00000000
00000000
00000000
00000000
00000000
00000000
00000000
00000000
00000000
00000000
00000000
00000000
00000000
00000000
00000000
00000000
00000000
00000000
00000000
00000000
00000000
00000000
00000000
00000000
00000000
00000000
00000000
00000000
00000000
00000000
00000000
00000000
00000000
00000000
00000000
00000000
00000000
00000000
00000000
00000000
00000000
00000000
00000000
00000000
00000000
00000000
00000000
00000000
00000000
00000000
00000000
00000000
00000000
00000000
00000000
00000000
00000000
00000000
00000000
00000000
00000000
00000000
00000000
00000000
00000000
00000000
00000000
00000000
00000000
00000000
00000000
00000000
00000000
00000000
00000000
00000000
00000000
00000000
00000000
00000000
00000000
00000000
00000000
00000000
00000000
00000000
00000000
00000000
00000000
00000000
00000000
00000000
00000000
00000000
00000000
00000000
00000000
00000000
00000000
00000000
00000000
00000000
00000000
00000000
00000000
00000000
00000000
00000000
00000000
00000000
00000000
00000000
00000000
00000000
00000000
00000000
00000000
00000000
00000000
00000000
00000000
00000000
00000000
00000000
00000000
00000000
00000000
00000000
00000000
00000000
00000000
00000000
00000000
00000000
00000000
00000000
00000000
00000000
00000000
00000000
00000000
00000000
00000000
00000000
00000000
00000000
00000000
00000000
00000000
00000000
00000000
00000000
00000000
00000000
00000000
00000000
00000000
00000000
00000000
00000000
00000000
00000000
00000000
00000000
00000000
00000000
00000000
00000000
00000000
00000000
00000000
00000000
00000000
00000000
00000000
00000000
00000000
00000000
00000000
00000000
00000000
00000000
00000000
00000000
00000000
00000000
00000000
00000000
00000000
00000000
00000000
00000000
00000000
00000000
00000000
00000000
00000000
00000000
00000000
00000000
00000000
00000000
00000000
00000000
00000000
00000000
00000000
00000000
00000000
00000000
00000000
00000000
00000000
00000000
00000000
00000000
00000000
00000000
00000000
00000000
00000000
00000000
00000000
00000000
00000000
00000000
00000000
00000000
00000000
00000000
00000000
00000000
00000000
00000000
00000000
00000000
00000000
00000000
00000000
00000000
00000000
00000000
00000000
00000000
00000000
00000000
00000000
00000000
00000000
00000000
00000000
00000000
00000000
00000000
00000000
00000000
00000000
00000000
00000000
00000000
00000000
00000000
00000000
00000000
00000000
00000000
00000000
00000000
00000000
00000000
00000000
00000000
00000000
00000000
00000000
00000000
00000000
00000000
00000000
00000000
00000000
00000000
00000000
00000000
00000000
00000000
00000000
00000000
00000000
00000000
00000000
00000000
00000000
00000000
00000000
00000000
00000000
00000000
00000000
00000000
00000000
00000000
00000000
00000000
00000000
00000000
00000000
00000000
00000000
00000000
00000000
00000000
00000000
00000000
00000000
00000000
00000000
00000000
00000000
00000000
00000000
00000000
00000000
00000000
00000000
00000000
00000000
00000000
00000000
00000000
00000000
00000000
00000000
00000000
00000000
00000000
00000000
00000000
00000000
00000000
00000000
00000000
00000000
00000000
00000000
00000000
00000000
00000000
00000000
00000000
00000000
00000000
00000000
00000000
00000000
00000000
00000000
00000000
00000000
00000000
00000000
00000000
00000000
00000000
00000000
00000000
00000000
00000000
00000000
00000000
00000000
00000000
00000000
00000000
00000000
00000000
00000000
00000000
00000000
00000000
00000000
00000000
00000000
00000000
00000000
00000000
00000000
00000000
00000000
00000000
00000000
00000000
00000000
00000000
00000000
00000000
00000000
00000000
00000000
00000000
00000000
00000000
00000000
00000000
00000000
00000000
00000000
00000000
00000000
00000000
00000000
00000000
00000000
00000000
00000000
00000000
00000000
00000000
00000000
00000000
00000000
00000000
00000000
00000000
00000000
00000000
00000000
00000000
00000000
00000000
00000000
00000000
00000000
00000000
00000000
00000000
00000000
00000000
00000000
00000000
00000000
00000000
00000000
00000000
00000000
00000000
00000000
00000000
00000000
00000000
00000000
00000000
00000000
00000000
00000000
00000000
00000000
00000000
00000000
00000000
00000000
00000000
00000000
00000000
00000000
00000000
00000000
00000000
00000000
00000000
00000000
00000000
00000000
00000000
00000000
00000000
00000000
00000000
00000000
00000000
00000000
00000000
00000000
00000000
00000000
00000000
00000000
00000000
00000000
00000000
00000000
00000000
00000000
00000000
00000000
00000000
00000000
00000000
00000000
00000000
00000000
00000000
00000000
00000000
00000000
00000000
00000000
00000000
00000000
00000000
00000000
00000000
00000000
00000000
00000000
00000000
00000000
00000000
00000000
00000000
00000000
00000000
00000000
00000000
00000000
00000000
00000000
00000000
00000000
00000000
00000000
00000000
00000000
00000000
00000000
00000000
00000000
00000000
00000000
00000000
00000000
00000000
00000000
00000000
00000000
00000000
00000000
00000000
00000000
00000000
00000000
00000000
00000000
00000000
00000000
00000000
00000000
00000000
00000000
00000000
00000000
00000000
00000000
00000000
00000000
00000000
00000000
00000000
00000000
00000000
00000000
00000000
00000000
00000000
00000000
00000000
00000000
00000000
00000000
00000000
00000000
00000000
00000000
00000000
00000000
00000000
00000000
00000000
00000000
00000000
00000000
00000000
00000000
00000000
00000000
00000000
00000000
00000000
00000000
00000000
00000000
00000000
00000000
00000000
00000000
00000000
00000000
00000000
00000000
00000000
00000000
00000000
00000000
00000000
00000000
00000000
00000000
00000000
00000000
00000000
00000000
00000000
00000000
00000000
00000000
00000000
00000000
00000000
00000000
00000000
00000000
00000000
00000000
00000000
00000000
00000000
00000000
00000000
00000000
00000000
00000000
00000000
00000000
00000000
00000000
00000000
00000000
00000000
00000000
00000000
00000000
00000000
00000000
00000000
00000000
00000000
00000000
00000000
00000000
00000000
00000000
00000000
00000000
00000000
00000000
00000000
00000000
00000000
00000000
00000000
00000000
00000000
00000000
00000000
00000000
00000000
00000000
00000000
00000000
00000000
00000000
00000000
00000000
00000000
00000000
00000000
00000000
00000000
00000000
00000000
00000000
00000000
00000000
00000000
00000000
00000000
00000000
00000000
00000000
00000000
00000000
00000000
00000000
00000000
00000000
00000000
00000000
00000000
00000000
00000000
00000000
00000000
00000000
00000000
00000000
00000000
00000000
00000000
00000000
00000000
00000000
00000000
00000000
00000000
00000000
00000000
00000000
00000000
00000000
00000000
00000000
00000000
00000000
00000000
00000000
00000000
00000000
00000000
00000000
00000000
00000000
00000000
00000000
00000000
00000000
00000000
00000000
00000000
00000000
00000000
00000000
00000000
00000000
00000000
00000000
00000000
00000000
00000000
00000000
00000000
00000000
00000000
00000000
00000000
00000000
00000000
00000000
00000000
00000000
00000000
00000000
00000000
00000000
00000000
00000000
00000000
00000000
00000000
00000000
00000000
00000000
00000000
00000000
00000000
00000000
00000000
00000000
00000000
00000000
00000000
00000000
00000000
00000000
00000000
00000000
00000000
00000000
00000000
00000000
00000000
00000000
00000000
00000000
00000000
00000000
00000000
00000000
00000000
00000000
00000000
00000000
00000000
00000000
00000000
00000000
00000000
00000000
00000000
00000000
00000000
00000000
00000000
00000000
00000000
00000000
00000000
00000000
00000000
00000000
00000000
00000000
00000000
00000000
00000000
00000000
00000000
00000000
00000000
00000000
00000000
00000000
00000000
00000000
00000000
00000000
00000000
00000000
00000000
00000000
00000000
00000000
00000000
00000000
00000000
00000000
00000000
00000000
00000000
00000000
00000000
00000000
00000000
00000000
00000000
00000000
00000000
00000000
00000000
00000000
00000000
00000000
00000000
00000000
00000000
00000000
00000000
00000000
00000000
00000000
00000000
00000000
00000000
00000000
00000000
00000000
00000000
00000000
00000000
00000000
00000000
00000000
00000000
00000000
00000000
00000000
00000000
00000000
00000000
00000000
00000000
00000000
00000000
00000000
00000000
00000000
00000000
00000000
00000000
00000000
00000000
00000000
00000000
00000000
00000000
00000000
00000000
00000000
00000000
00000000
00000000
00000000
00000000
00000000
00000000
00000000
00000000
00000000
00000000
00000000
00000000
00000000
00000000
00000000
00000000
00000000
00000000
00000000
00000000
00000000
00000000
00000000
00000000
00000000
00000000
00000000
00000000
00000000
00000000
00000000
00000000
00000000
00000000
00000000
00000000
00000000
00000000
00000000
00000000
00000000
00000000
00000000
00000000
00000000
00000000
00000000
00000000
00000000
00000000
00000000
00000000
00000000
00000000
00000000
00000000
00000000
00000000
00000000
00000000
00000000
00000000
00000000
00000000
00000000
00000000
00000000
00000000
00000000
00000000
00000000
00000000
00000000
00000000
00000000
00000000
00000000
00000000
00000000
00000000
00000000
00000000
00000000
00000000
00000000
00000000
00000000
00000000
00000000
00000000
00000000
00000000
00000000
00000000
00000000
00000000
00000000
00000000
00000000
00000000
00000000
00000000
00000000
00000000
00000000
00000000
00000000
00000000
00000000
00000000
00000000
00000000
00000000
00000000
00000000
00000000
00000000
00000000
00000000
00000000
00000000
00000000
00000000
00000000
00000000
00000000
00000000
00000000
00000000
00000000
00000000
00000000
00000000
00000000
00000000
00000000
00000000
00000000
00000000
00000000
00000000
00000000
00000000
00000000
00000000
00000000
00000000
00000000
00000000
00000000
00000000
00000000
00000000
00000000
00000000
00000000
00000000
00000000
00000000
00000000
00000000
00000000
00000000
00000000
00000000
00000000
00000000
00000000
00000000
00000000
00000000
00000000
00000000
00000000
00000000
00000000
00000000
00000000
00000000
00000000
00000000
00000000
00000000
00000000
00000000
00000000
00000000
00000000
00000000
00000000
00000000
00000000
00000000
00000000
00000000
00000000
00000000
00000000
00000000
00000000
00000000
00000000
00000000
00000000
00000000
00000000
00000000
00000000
00000000
00000000
00000000
00000000
00000000
00000000
00000000
00000000
00000000
00000000
00000000
00000000
00000000
00000000
00000000
00000000
00000000
00000000
00000000
00000000
00000000
00000000
00000000
00000000
00000000
00000000
00000000
00000000
00000000
00000000
00000000
00000000
00000000
00000000
00000000
00000000
00000000
00000000
00000000
00000000
00000000
00000000
00000000
00000000
00000000
00000000
00000000
00000000
00000000
00000000
00000000
00000000
00000000
00000000
00000000
00000000
00000000
00000000
00000000
00000000
00000000
00000000
00000000
00000000
00000000
00000000
00000000
00000000
00000000
00000000
00000000
00000000
00000000
00000000
00000000
00000000
00000000
00000000
00000000
00000000
00000000
00000000
00000000
00000000
00000000
00000000
00000000
00000000
00000000
00000000
00000000
00000000
00000000
00000000
00000000
00000000
00000000
00000000
00000000
00000000
00000000
00000000
00000000
00000000
00000000
00000000
00000000
00000000
00000000
00000000
00000000
00000000
00000000
00000000
00000000
00000000
00000000
00000000
00000000
00000000
00000000
00000000
00000000
00000000
00000000
00000000
00000000
00000000
00000000
00000000
00000000
00000000
00000000
00000000
00000000
00000000
00000000
00000000
00000000
00000000
00000000
00000000
00000000
00000000
00000000
00000000
00000000
00000000
00000000
00000000
00000000
00000000
00000000
00000000
00000000
00000000
00000000
00000000
00000000
00000000
00000000
00000000
00000000
00000000
00000000
00000000
00000000
00000000
00000000
00000000
00000000
00000000
00000000
00000000
00000000
00000000
00000000
00000000
00000000
00000000
00000000
00000000
00000000
00000000
00000000
00000000
00000000
00000000
00000000
00000000
00000000
00000000
00000000
00000000
00000000
00000000
00000000
00000000
00000000
00000000
00000000
00000000
00000000
00000000
00000000
00000000
00000000
00000000
00000000
00000000
00000000
00000000
00000000
00000000
00000000
00000000
00000000
00000000
00000000
00000000
00000000
00000000
00000000
00000000
00000000
00000000
00000000
00000000
00000000
00000000
00000000
00000000
00000000
00000000
00000000
00000000
00000000
00000000
00000000
00000000
00000000
00000000
00000000
00000000
00000000
00000000
00000000
00000000
00000000
00000000
00000000
00000000
00000000
00000000
00000000
00000000
00000000
00000000
00000000
00000000
00000000
00000000
00000000
00000000
00000000
00000000
00000000
00000000
00000000
00000000
00000000
00000000
00000000
00000000
00000000
00000000
00000000
00000000
00000000
00000000
00000000
00000000
00000000
00000000
00000000
00000000
00000000
00000000
00000000
00000000
00000000
00000000
00000000
00000000
00000000
00000000
00000000
00000000
00000000
00000000
00000000
00000000
00000000
00000000
00000000
00000000
00000000
00000000
00000000
00000000
00000000
00000000
00000000
00000000
00000000
00000000
00000000
00000000
00000000
00000000
00000000
00000000
00000000
00000000
00000000
00000000
00000000
00000000
00000000
00000000
00000000
00000000
00000000
00000000
00000000
00000000
00000000
00000000
00000000
00000000
00000000
00000000
00000000
00000000
00000000
00000000
00000000
00000000
00000000
00000000
00000000
00000000
00000000
00000000
00000000
00000000
00000000
00000000
00000000
00000000
00000000
00000000
00000000
00000000
00000000
00000000
00000000
00000000
00000000
00000000
00000000
00000000
00000000
00000000
00000000
00000000
00000000
00000000
00000000
00000000
00000000
00000000
00000000
00000000
00000000
00000000
00000000
00000000
00000000
00000000
00000000
00000000
00000000
00000000
00000000
00000000
00000000
00000000
00000000
00000000
00000000
00000000
00000000
00000000
00000000
00000000
00000000
00000000
00000000
00000000
00000000
00000000
00000000
00000000
00000000
00000000
00000000
00000000
00000000
00000000
00000000
00000000
00000000
00000000
00000000
00000000
00000000
00000000
00000000
00000000
00000000
00000000
00000000
00000000
00000000
00000000
00000000
00000000
00000000
00000000
00000000
00000000
00000000
00000000
00000000
00000000
00000000
00000000
00000000
00000000
00000000
00000000
00000000
00000000
00000000
00000000
00000000
00000000
00000000
00000000
00000000
00000000
00000000
00000000
00000000
00000000
00000000
00000000
00000000
00000000
00000000
00000000
00000000
00000000
00000000
00000000
00000000
00000000
00000000
00000000
00000000
00000000
00000000
00000000
00000000
00000000
00000000
00000000
00000000
00000000
00000000
00000000
00000000
00000000
00000000
00000000
00000000
00000000
00000000
00000000
00000000
00000000
00000000
00000000
00000000
00000000
00000000
00000000
00000000
00000000
00000000
00000000
00000000
00000000
00000000
00000000
00000000
00000000
00000000
00000000
00000000
00000000
00000000
00000000
00000000
00000000
00000000
00000000
00000000
00000000
00000000
00000000
00000000
00000000
00000000
00000000
00000000
00000000
00000000
00000000
00000000
00000000
00000000
00000000
00000000
00000000
00000000
00000000
00000000
00000000
00000000
00000000
00000000
00000000
00000000
00000000
00000000
00000000
00000000
00000000
00000000
00000000
00000000
00000000
00000000
00000000
00000000
00000000
00000000
00000000
00000000
00000000
00000000
00000000
00000000
00000000
00000000
00000000
00000000
00000000
00000000
00000000
00000000
00000000
00000000
00000000
00000000
00000000
00000000
00000000
00000000
00000000
00000000
00000000
00000000
00000000
00000000
00000000
00000000
00000000
00000000
00000000
00000000
00000000
00000000
00000000
00000000
00000000
00000000
00000000
00000000
00000000
00000000
00000000
00000000
00000000
00000000
00000000
00000000
00000000
00000000
00000000
00000000
00000000
00000000
00000000
00000000
00000000
00000000
00000000
00000000
00000000
00000000
00000000
00000000
00000000
00000000
00000000
00000000
00000000
00000000
00000000
00000000
00000000
00000000
00000000
00000000
00000000
00000000
00000000
00000000
00000000
00000000
00000000
00000000
00000000
00000000
00000000
00000000
00000000
00000000
00000000
00000000
00000000
00000000
00000000
00000000
00000000
00000000
00000000
00000000
00000000
00000000
00000000
00000000
00000000
00000000
00000000
00000000
00000000
00000000
00000000
00000000
00000000
00000000
00000000
00000000
00000000
00000000
00000000
00000000
00000000
00000000
00000000
00000000
00000000
00000000
00000000
00000000
00000000
00000000
00000000
00000000
00000000
00000000
00000000
00000000
00000000
00000000
00000000
00000000
00000000
00000000
00000000
00000000
00000000
00000000
00000000
00000000
00000000
00000000
00000000
00000000
00000000
00000000
00000000
00000000
00000000
00000000
00000000
00000000
00000000
00000000
00000000
00000000
00000000
00000000
00000000
00000000
00000000
00000000
00000000
00000000
00000000
00000000
00000000
00000000
00000000
00000000
00000000
00000000
00000000
00000000
00000000
00000000
00000000
00000000
00000000
00000000
00000000
00000000
00000000
00000000
00000000
00000000
00000000
00000000
00000000
00000000
00000000
00000000
00000000
00000000
00000000
00000000
00000000
00000000
00000000
00000000
00000000
00000000
00000000
00000000
00000000
00000000
00000000
00000000
00000000
00000000
00000000
00000000
00000000
00000000
00000000
00000000
00000000
00000000
00000000
00000000
00000000
00000000
00000000
00000000
00000000
00000000
00000000
00000000
00000000
00000000
00000000
00000000
00000000
00000000
00000000
00000000
00000000
00000000
00000000
00000000
00000000
00000000
00000000
00000000
00000000
00000000
00000000
00000000
00000000
00000000
00000000
00000000
00000000
00000000
00000000
00000000
00000000
00000000
00000000
00000000
00000000
00000000
00000000
00000000
00000000
00000000
00000000
00000000
00000000
00000000
00000000
00000000
00000000
00000000
00000000
00000000
00000000
00000000
00000000
00000000
00000000
00000000
00000000
00000000
00000000
00000000
00000000
00000000
00000000
00000000
00000000
00000000
00000000
00000000
00000000
00000000
00000000
00000000
00000000
00000000
00000000
00000000
00000000
00000000
00000000
00000000
00000000
00000000
00000000
00000000
00000000
00000000
00000000
00000000
00000000
00000000
00000000
00000000
00000000
00000000
00000000
00000000
00000000
00000000
00000000
00000000
00000000
00000000
00000000
00000000
00000000
00000000
00000000
00000000
00000000
00000000
00000000
00000000
00000000
00000000
00000000
00000000
00000000
00000000
00000000
00000000
00000000
00000000
00000000
00000000
00000000
00000000
00000000
00000000
00000000
00000000
00000000
00000000
00000000
00000000
00000000
00000000
00000000
00000000
00000000
00000000
00000000
00000000
00000000
00000000
00000000
00000000
00000000
00000000
00000000
00000000
00000000
00000000
00000000
00000000
00000000
00000000
00000000
00000000
00000000
00000000
00000000
00000000
00000000
00000000
00000000
00000000
00000000
00000000
00000000
00000000
00000000
00000000
00000000
00000000
00000000
00000000
00000000
00000000
00000000
00000000
00000000
00000000
00000000
00000000
00000000
00000000
00000000
00000000
00000000
00000000
00000000
00000000
00000000
00000000
00000000
00000000
00000000
00000000
00000000
00000000
00000000
00000000
00000000
00000000
00000000
00000000
00000000
00000000
00000000
00000000
00000000
00000000
00000000
00000000
00000000
00000000
00000000
00000000
00000000
00000000
00000000
00000000
00000000
00000000
00000000
00000000
00000000
00000000
00000000
00000000
00000000
00000000
00000000
00000000
00000000
00000000
00000000
00000000
00000000
00000000
00000000
00000000
00000000
00000000
00000000
00000000
00000000
00000000
00000000
00000000
00000000
00000000
00000000
00000000
00000000
00000000
00000000
00000000
00000000
00000000
00000000
00000000
00000000
00000000
00000000
00000000
00000000
00000000
00000000
00000000
00000000
00000000
00000000
00000000
00000000
00000000
00000000
00000000
00000000
00000000
00000000
00000000
00000000
00000000
00000000
00000000
00000000
00000000
00000000
00000000
00000000
00000000
00000000
00000000
00000000
00000000
00000000
00000000
00000000
00000000
00000000
00000000
00000000
00000000
00000000
00000000
00000000
00000000
00000000
00000000
00000000
00000000
00000000
00000000
00000000
00000000
00000000
00000000
00000000
00000000
00000000
00000000
00000000
00000000
00000000
00000000
00000000
00000000
00000000
00000000
00000000
00000000
00000000
00000000
00000000
00000000
00000000
00000000
00000000
00000000
00000000
00000000
00000000
00000000
00000000
00000000
00000000
00000000
00000000
00000000
00000000
00000000
00000000
00000000
00000000
00000000
00000000
00000000
00000000
00000000
00000000
00000000
00000000
00000000
00000000
00000000
00000000
00000000
00000000
00000000
00000000
00000000
00000000
00000000
00000000
00000000
00000000
00000000
00000000
00000000
00000000
00000000
00000000
00000000
00000000
00000000
00000000
00000000
00000000
00000000
00000000
00000000
00000000
00000000
00000000
00000000
00000000
00000000
00000000
00000000
00000000
00000000
00000000
00000000
00000000
00000000
00000000
00000000
00000000
00000000
00000000
00000000
00000000
00000000
00000000
00000000
00000000
00000000
00000000
00000000
00000000
00000000
00000000
00000000
00000000
00000000
00000000
00000000
00000000
00000000
00000000
00000000
00000000
00000000
00000000
00000000
00000000
00000000
00000000
00000000
00000000
00000000
00000000
00000000
00000000
00000000
00000000
00000000
00000000
00000000
00000000
00000000
00000000
00000000
00000000
00000000
00000000
00000000
00000000
00000000
00000000
00000000
00000000
00000000
00000000
00000000
00000000
00000000
00000000
00000000
00000000
00000000
00000000
00000000
00000000
00000000
00000000
00000000
00000000
00000000
00000000
00000000
00000000
00000000
00000000
00000000
00000000
00000000
00000000
00000000
00000000
00000000
00000000
00000000
00000000
00000000
00000000
00000000
00000000
00000000
00000000
00000000
00000000
00000000
00000000
00000000
00000000
00000000
00000000
00000000
00000000
00000000
00000000
00000000
00000000
00000000
00000000
00000000
00000000
00000000
00000000
00000000
00000000
00000000
00000000
00000000
00000000
00000000
00000000
00000000
00000000
00000000
00000000
00000000
00000000
00000000
00000000
00000000
00000000
00000000
00000000
00000000
00000000
00000000
00000000
00000000
00000000
00000000
00000000
00000000
00000000
00000000
00000000
00000000
00000000
00000000
00000000
00000000
00000000
00000000
00000000
00000000
00000000
00000000
00000000
00000000
00000000
00000000
00000000
00000000
00000000
00000000
00000000
00000000
00000000
00000000
00000000
00000000
00000000
00000000
00000000
00000000
00000000
00000000
00000000
00000000
00000000
00000000
00000000
00000000
00000000
00000000
00000000
00000000
00000000
00000000
00000000
00000000
00000000
00000000
00000000
00000000
00000000
00000000
00000000
00000000
00000000
00000000
00000000
00000000
00000000
00000000
00000000
00000000
00000000
00000000
00000000
00000000
00000000
00000000
00000000
00000000
00000000
00000000
00000000
00000000
00000000
00000000
00000000
00000000
00000000
00000000
00000000
00000000
00000000
00000000
00000000
00000000
00000000
00000000
00000000
00000000
00000000
00000000
00000000
00000000
00000000
00000000
00000000
00000000
00000000
00000000
00000000
00000000
00000000
00000000
00000000
00000000
00000000
00000000
00000000
00000000
00000000
00000000
00000000
00000000
00000000
00000000
00000000
00000000
00000000
00000000
00000000
00000000
00000000
00000000
00000000
00000000
00000000
00000000
00000000
00000000
00000000
00000000
00000000
00000000
00000000
00000000
00000000
00000000
00000000
00000000
00000000
00000000
00000000
00000000
00000000
00000000
00000000
00000000
00000000
00000000
00000000
00000000
00000000
00000000
00000000
00000000
00000000
00000000
00000000
00000000
00000000
00000000
00000000
00000000
00000000
00000000
00000000
00000000
00000000
00000000
00000000
00000000
00000000
00000000
00000000
00000000
00000000
00000000
00000000
00000000
00000000
00000000
00000000
00000000
00000000
00000000
00000000
00000000
00000000
00000000
00000000
00000000
00000000
00000000
00000000
00000000
00000000
00000000
00000000
00000000
00000000
00000000
00000000
00000000
00000000
00000000
00000000
00000000
00000000
00000000
00000000
00000000
00000000
00000000
00000000
00000000
00000000
00000000
00000000
00000000
00000000
00000000
00000000
00000000
00000000
00000000
00000000
00000000
00000000
00000000
00000000
00000000
00000000
00000000
00000000
00000000
00000000
00000000
00000000
00000000
00000000
00000000
00000000
00000000
00000000
00000000
00000000
00000000
00000000
00000000
00000000
00000000
00000000
00000000
00000000
00000000
00000000
00000000
00000000
00000000
00000000
00000000
00000000
00000000
00000000
00000000
00000000
00000000
00000000
00000000
00000000
00000000
00000000
00000000
00000000
00000000
00000000
00000000
00000000
00000000
00000000
00000000
00000000
00000000
00000000
00000000
00000000
00000000
00000000
00000000
00000000
00000000
00000000
00000000
00000000
00000000
00000000
00000000
00000000
00000000
00000000
00000000
00000000
00000000
00000000
00000000
00000000
00000000
00000000
00000000
00000000
00000000
00000000
00000000
00000000
00000000
00000000
00000000
00000000
00000000
00000000
00000000
00000000
00000000
00000000
00000000
00000000
00000000
00000000
00000000
00000000
00000000
00000000
00000000
00000000
00000000
00000000
00000000
00000000
00000000
00000000
00000000
00000000
00000000
00000000
00000000
00000000
00000000
00000000
00000000
00000000
00000000
00000000
00000000
00000000
00000000
00000000
00000000
00000000
00000000
00000000
00000000
00000000
00000000
00000000
00000000
00000000
00000000
00000000
00000000
00000000
00000000
00000000
00000000
00000000
00000000
00000000
00000000
00000000
00000000
00000000
00000000
00000000
00000000
00000000
00000000
00000000
00000000
00000000
00000000
00000000
00000000
00000000
00000000
00000000
00000000
00000000
00000000
00000000
00000000
00000000
00000000
00000000
00000000
00000000
00000000
00000000
00000000
00000000
00000000
00000000
00000000
00000000
00000000
00000000
00000000
00000000
00000000
00000000
00000000
00000000
00000000
00000000
00000000
00000000
00000000
00000000
00000000
00000000
00000000
00000000
00000000
00000000
00000000
00000000
00000000
00000000
00000000
00000000
00000000
00000000
00000000
00000000
00000000
00000000
00000000
00000000
00000000
00000000
00000000
00000000
00000000
00000000
00000000
00000000
00000000
00000000
00000000
00000000
00000000
00000000
00000000
00000000
00000000
00000000
00000000
00000000
00000000
00000000
00000000
00000000
00000000
00000000
00000000
00000000
00000000
00000000
00000000
00000000
00000000
00000000
00000000
00000000
00000000
00000000
00000000
00000000
00000000
00000000
00000000
00000000
00000000
00000000
00000000
00000000
00000000
00000000
00000000
00000000
00000000
00000000
00000000
00000000
00000000
00000000
00000000
00000000
00000000
00000000
00000000
00000000
00000000
00000000
00000000
00000000
00000000
00000000
00000000
00000000
00000000
00000000
00000000
00000000
00000000
00000000
00000000
00000000
00000000
00000000
00000000
00000000
00000000
00000000
00000000
00000000
00000000
00000000
00000000
00000000
00000000
00000000
00000000
00000000
00000000
00000000
00000000
00000000
00000000
00000000
00000000
00000000
00000000
00000000
00000000
00000000
00000000
00000000
00000000
00000000
00000000
00000000
00000000
00000000
00000000
00000000
00000000
00000000
00000000
00000000
00000000
00000000
00000000
00000000
00000000
00000000
00000000
00000000
00000000
00000000
00000000
00000000
00000000
00000000
00000000
00000000
00000000
00000000
00000000
00000000
00000000
00000000
00000000
00000000
00000000
00000000
00000000
00000000
00000000
00000000
00000000
00000000
00000000
00000000
00000000
00000000
00000000
00000000
00000000
00000000
00000000
00000000
00000000
00000000
00000000
00000000
00000000
00000000
00000000
00000000
00000000
00000000
00000000
00000000
00000000
00000000
00000000
00000000
00000000
00000000
00000000
00000000
00000000
00000000
00000000
00000000
00000000
00000000
00000000
00000000
00000000
00000000
00000000
00000000
00000000
00000000
00000000
00000000
00000000
00000000
00000000
00000000
00000000
00000000
00000000
00000000
00000000
00000000
00000000
00000000
00000000
00000000
00000000
00000000
00000000
00000000
00000000
00000000
00000000
00000000
00000000
00000000
00000000
00000000
00000000
00000000
00000000
00000000
00000000
00000000
00000000
00000000
00000000
00000000
00000000
00000000
00000000
00000000
00000000
00000000
00000000
00000000
00000000
00000000
00000000
00000000
00000000
00000000
00000000
00000000
00000000
00000000
00000000
00000000
00000000
00000000
00000000
00000000
00000000
00000000
00000000
00000000
00000000
00000000
00000000
00000000
00000000
00000000
00000000
00000000
00000000
00000000
00000000
00000000
00000000
00000000
00000000
00000000
00000000
00000000
00000000
00000000
00000000
00000000
00000000
00000000
00000000
00000000
00000000
00000000
00000000
00000000
00000000
00000000
00000000
00000000
00000000
00000000
00000000
00000000
00000000
00000000
00000000
00000000
00000000
00000000
00000000
00000000
00000000
00000000
00000000
00000000
00000000
00000000
00000000
00000000
00000000
00000000
00000000
00000000
00000000
00000000
00000000
00000000
00000000
00000000
00000000
00000000
00000000
00000000
00000000
00000000
00000000
00000000
00000000
00000000
00000000
00000000
00000000
00000000
00000000
00000000
00000000
00000000
00000000
00000000
00000000
00000000
00000000
00000000
00000000
00000000
00000000
00000000
00000000
00000000
00000000
00000000
00000000
00000000
00000000
00000000
00000000
00000000
00000000
00000000
00000000
00000000
00000000
00000000
00000000
00000000
00000000
00000000
00000000
00000000
00000000
00000000
00000000
00000000
00000000
00000000
00000000
00000000
00000000
00000000
00000000
00000000
00000000
00000000
00000000
00000000
00000000
00000000
00000000
00000000
00000000
00000000
00000000
00000000
00000000
00000000
00000000
00000000
00000000
00000000
00000000
00000000
00000000
00000000
00000000
00000000
00000000
00000000
00000000
00000000
00000000
00000000
00000000
00000000
00000000
00000000
00000000
00000000
00000000
00000000
00000000
00000000
00000000
00000000
00000000
00000000
00000000
00000000
00000000
00000000
00000000
00000000
00000000
00000000
00000000
00000000
00000000
00000000
00000000
00000000
00000000
00000000
00000000
00000000
00000000
00000000
00000000
00000000
00000000
00000000
00000000
00000000
00000000
00000000
00000000
00000000
00000000
00000000
00000000
00000000
00000000
00000000
00000000
00000000
00000000
00000000
00000000
00000000
00000000
00000000
00000000
00000000
00000000
00000000
00000000
00000000
00000000
00000000
00000000
00000000
00000000
00000000
00000000
00000000
00000000
00000000
00000000
00000000
00000000
00000000
00000000
00000000
00000000
00000000
00000000
00000000
00000000
00000000
00000000
00000000
00000000
00000000
00000000
00000000
00000000
00000000
00000000
00000000
00000000
00000000
00000000
00000000
00000000
00000000
00000000
00000000
00000000
00000000
00000000
00000000
00000000
00000000
00000000
00000000
00000000
00000000
00000000
00000000
00000000
00000000
00000000
00000000
00000000
00000000
00000000
00000000
00000000
00000000
00000000
00000000
00000000
00000000
00000000
00000000
00000000
00000000
00000000
00000000
00000000
00000000
00000000
00000000
00000000
00000000
00000000
00000000
00000000
00000000
00000000
00000000
00000000
00000000
00000000
00000000
00000000
00000000
00000000
00000000
00000000
00000000
00000000
00000000
00000000
00000000
00000000
00000000
00000000
00000000
00000000
00000000
00000000
00000000
00000000
00000000
00000000
00000000
00000000
00000000
00000000
00000000
00000000
00000000
00000000
00000000
00000000
00000000
00000000
00000000
00000000
00000000
00000000
00000000
00000000
00000000
00000000
00000000
00000000
00000000
00000000
00000000
00000000
00000000
00000000
00000000
00000000
00000000
00000000
00000000
00000000
00000000
00000000
00000000
00000000
00000000
00000000
00000000
00000000
00000000
00000000
00000000
00000000
00000000
00000000
00000000
00000000
00000000
00000000
00000000
00000000
00000000
00000000
00000000
00000000
00000000
00000000
00000000
00000000
00000000
00000000
00000000
00000000
00000000
00000000
00000000
00000000
00000000
00000000
00000000
00000000
00000000
00000000
00000000
00000000
00000000
00000000
00000000
00000000
00000000
00000000
00000000
00000000
00000000
00000000
00000000
00000000
00000000
00000000
00000000
00000000
00000000
00000000
00000000
00000000
00000000
00000000
00000000
00000000
00000000
00000000
00000000
00000000
00000000
00000000
00000000
00000000
00000000
00000000
00000000
00000000
00000000
00000000
00000000
00000000
00000000
00000000
00000000
00000000
00000000
00000000
00000000
00000000
00000000
00000000
00000000
00000000
00000000
00000000
00000000
00000000
00000000
00000000
00000000
00000000
00000000
00000000
00000000
00000000
00000000
00000000
00000000
00000000
00000000
00000000
00000000
00000000
00000000
00000000
00000000
00000000
00000000
00000000
00000000
00000000
00000000
00000000
00000000
00000000
00000000
00000000
00000000
00000000
00000000
00000000
00000000
00000000
00000000
00000000
00000000
00000000
00000000
00000000
00000000
00000000
00000000
00000000
00000000
00000000
00000000
00000000
00000000
00000000
00000000
00000000
00000000
00000000
00000000
00000000
00000000
00000000
00000000
00000000
00000000
00000000
00000000
00000000
00000000
00000000
00000000
00000000
00000000
00000000
00000000
00000000
00000000
00000000
00000000
00000000
00000000
00000000
00000000
00000000
00000000
00000000
00000000
00000000
00000000
00000000
00000000
00000000
00000000
00000000
00000000
00000000
00000000
00000000
00000000
00000000
00000000
00000000
00000000
00000000
00000000
00000000
00000000
00000000
00000000
00000000
00000000
00000000
00000000
00000000
00000000
00000000
00000000
00000000
00000000
00000000
00000000
00000000
00000000
00000000
00000000
00000000
00000000
00000000
00000000
00000000
00000000
00000000
00000000
00000000
00000000
00000000
00000000
00000000
00000000
00000000
00000000
00000000
00000000
00000000
00000000
00000000
00000000
00000000
00000000
00000000
00000000
00000000
00000000
00000000
00000000
00000000
00000000
00000000
00000000
00000000
00000000
00000000
00000000
00000000
00000000
00000000
00000000
00000000
00000000
00000000
00000000
00000000
00000000
00000000
00000000
00000000
00000000
00000000
00000000
00000000
00000000
00000000
00000000
00000000
00000000
00000000
00000000
00000000
00000000
00000000
00000000
00000000
00000000
00000000
00000000
00000000
00000000
00000000
00000000
00000000
00000000
00000000
00000000
00000000
00000000
00000000
00000000
00000000
00000000
00000000
00000000
00000000
00000000
00000000
00000000
00000000
00000000
00000000
00000000
00000000
00000000
00000000
00000000
00000000
00000000
00000000
00000000
00000000
00000000
00000000
00000000
00000000
00000000
00000000
00000000
00000000
00000000
00000000
00000000
00000000
00000000
00000000
00000000
00000000
00000000
00000000
00000000
00000000
00000000
00000000
00000000
00000000
00000000
00000000
00000000
00000000
00000000
00000000
00000000
00000000
00000000
00000000
00000000
00000000
00000000
00000000
00000000
00000000
00000000
00000000
00000000
00000000
00000000
00000000
00000000
00000000
00000000
00000000
00000000
00000000
00000000
00000000
00000000
00000000
00000000
00000000
00000000
00000000
00000000
00000000
00000000
00000000
00000000
00000000
00000000
00000000
00000000
00000000
00000000
00000000
00000000
00000000
00000000
00000000
00000000
00000000
00000000
00000000
00000000
00000000
00000000
00000000
00000000
00000000
00000000
00000000
00000000
00000000
00000000
00000000
00000000
00000000
00000000
00000000
00000000
00000000
00000000
00000000
00000000
00000000
00000000
00000000
00000000
00000000
00000000
00000000
00000000
00000000
00000000
00000000
00000000
00000000
00000000
00000000
00000000
00000000
00000000
00000000
00000000
00000000
00000000
00000000
00000000
00000000
00000000
00000000
00000000
00000000
00000000
00000000
00000000
00000000
00000000
00000000
00000000
00000000
00000000
00000000
00000000
00000000
00000000
00000000
00000000
00000000
00000000
00000000
00000000
00000000
00000000
00000000
00000000
00000000
00000000
00000000
00000000
00000000
00000000
00000000
00000000
00000000
00000000
00000000
00000000
00000000
00000000
00000000
00000000
00000000
00000000
00000000
00000000
00000000
00000000
00000000
00000000
00000000
00000000
00000000
00000000
00000000
00000000
00000000
00000000
00000000
00000000
00000000
00000000
00000000
00000000
00000000
00000000
00000000
00000000
00000000
00000000
00000000
00000000
00000000
00000000
00000000
00000000
00000000
00000000
00000000
00000000
00000000
00000000
00000000
00000000
00000000
00000000
00000000
00000000
00000000
00000000
00000000
00000000
00000000
00000000
00000000
00000000
00000000
00000000
00000000
00000000
00000000
00000000
00000000
00000000
00000000
00000000
00000000
00000000
00000000
00000000
00000000
00000000
00000000
00000000
00000000
00000000
00000000
00000000
00000000
00000000
00000000
00000000
00000000
00000000
00000000
00000000
00000000
00000000
00000000
00000000
00000000
00000000
00000000
00000000
00000000
00000000
00000000
00000000
00000000
00000000
00000000
00000000
00000000
00000000
00000000
00000000
00000000
00000000
00000000
00000000
00000000
00000000
00000000
00000000
00000000
00000000
00000000
00000000
00000000
00000000
00000000
00000000
00000000
00000000
00000000
00000000
00000000
00000000
00000000
00000000
00000000
00000000
00000000
00000000
00000000
00000000
00000000
00000000
00000000
00000000
00000000
00000000
00000000
00000000
00000000
00000000
00000000
00000000
00000000
00000000
00000000
00000000
00000000
00000000
00000000
00000000
00000000
00000000
00000000
00000000
00000000
00000000
00000000
00000000
00000000
00000000
00000000
00000000
00000000
00000000
00000000
00000000
00000000
00000000
00000000
00000000
00000000
00000000
00000000
00000000
00000000
00000000
00000000
00000000
00000000
00000000
00000000
00000000
00000000
00000000
00000000
00000000
00000000
00000000
00000000
00000000
00000000
00000000
00000000
00000000
00000000
00000000
00000000
00000000
00000000
00000000
00000000
00000000
00000000
00000000
00000000
00000000
00000000
00000000
00000000
00000000
00000000
00000000
00000000
00000000
00000000
00000000
00000000
00000000
00000000
00000000
00000000
00000000
00000000
00000000
00000000
00000000
00000000
00000000
00000000
00000000
00000000
00000000
00000000
00000000
00000000
00000000
00000000
00000000
00000000
00000000
00000000
00000000
00000000
00000000
00000000
00000000
00000000
00000000
00000000
00000000
00000000
00000000
00000000
00000000
00000000
00000000
00000000
00000000
00000000
00000000
00000000
00000000
00000000
00000000
00000000
00000000
00000000
00000000
00000000
00000000
00000000
00000000
00000000
00000000
00000000
00000000
00000000
00000000
00000000
00000000
00000000
00000000
00000000
00000000
00000000
00000000
00000000
00000000
00000000
00000000
00000000
00000000
00000000
00000000
00000000
00000000
00000000
00000000
00000000
00000000
00000000
00000000
00000000
00000000
00000000
00000000
00000000
00000000
00000000
00000000
00000000
00000000
00000000
00000000
00000000
00000000
00000000
00000000
00000000
00000000
00000000
00000000
00000000
00000000
00000000
00000000
00000000
00000000
00000000
00000000
00000000
00000000
00000000
00000000
00000000
00000000
00000000
00000000
00000000
00000000
00000000
00000000
00000000
00000000
00000000
00000000
00000000
00000000
00000000
00000000
00000000
00000000
00000000
00000000
00000000
00000000
00000000
00000000
00000000
00000000
00000000
00000000
00000000
00000000
00000000
00000000
00000000
00000000
00000000
00000000
00000000
00000000
00000000
00000000
00000000
00000000
00000000
00000000
00000000
00000000
00000000
00000000
00000000
00000000
00000000
00000000
00000000
00000000
00000000
00000000
00000000
00000000
00000000
00000000
00000000
00000000
00000000
00000000
00000000
00000000
00000000
00000000
00000000
00000000
00000000
00000000
00000000
00000000
00000000
00000000
00000000
00000000
00000000
00000000
00000000
00000000
00000000
00000000
00000000
00000000
00000000
00000000
00000000
00000000
00000000
00000000
00000000
00000000
00000000
00000000
00000000
00000000
00000000
00000000
00000000
00000000
00000000
00000000
00000000
00000000
00000000
00000000
00000000
00000000
00000000
00000000
00000000
00000000
00000000
00000000
00000000
00000000
00000000
00000000
00000000
00000000
00000000
00000000
00000000
00000000
00000000
00000000
00000000
00000000
00000000
00000000
00000000
00000000
00000000
00000000
00000000
00000000
00000000
00000000
00000000
00000000
00000000
00000000
00000000
00000000
00000000
00000000
00000000
00000000
00000000
00000000
00000000
00000000
00000000
00000000
00000000
00000000
00000000
00000000
00000000
00000000
00000000
00000000
00000000
00000000
00000000
00000000
00000000
00000000
00000000
00000000
00000000
00000000
00000000
00000000
00000000
00000000
00000000
00000000
00000000
00000000
00000000
00000000
00000000
00000000
00000000
00000000
00000000
00000000
00000000
00000000
00000000
00000000
00000000
00000000
00000000
00000000
00000000
00000000
00000000
00000000
00000000
00000000
00000000
00000000
00000000
00000000
00000000
00000000
00000000
00000000
00000000
00000000
00000000
00000000
00000000
00000000
00000000
00000000
00000000
00000000
00000000
00000000
00000000
00000000
00000000
00000000
00000000
00000000
00000000
00000000
00000000
00000000
00000000
00000000
00000000
00000000
00000000
00000000
00000000
00000000
00000000
00000000
00000000
00000000
00000000
00000000
00000000
00000000
00000000
00000000
00000000
00000000
00000000
00000000
00000000
00000000
00000000
00000000
00000000
00000000
00000000
00000000
00000000
00000000
00000000
00000000
00000000
00000000
00000000
00000000
00000000
00000000
00000000
00000000
00000000
00000000
00000000
00000000
00000000
00000000
00000000
00000000
00000000
00000000
00000000
00000000
00000000
00000000
00000000
00000000
00000000
00000000
00000000
00000000
00000000
00000000
00000000
00000000
00000000
00000000
00000000
00000000
00000000
00000000
00000000
00000000
00000000
00000000
00000000
00000000
00000000
00000000
00000000
00000000
00000000
00000000
00000000
00000000
00000000
00000000
00000000
00000000
00000000
00000000
00000000
00000000
00000000
00000000
00000000
00000000
00000000
00000000
00000000
00000000
00000000
00000000
00000000
00000000
00000000
00000000
00000000
00000000
00000000
00000000
00000000
00000000
00000000
00000000
00000000
00000000
00000000
00000000
00000000
00000000
00000000
00000000
00000000
00000000
00000000
00000000
00000000
00000000
00000000
00000000
00000000
00000000
00000000
00000000
00000000
00000000
00000000
00000000
00000000
00000000
00000000
00000000
00000000
00000000
00000000
00000000
00000000
00000000
00000000
00000000
00000000
00000000
00000000
00000000
00000000
00000000
00000000
00000000
00000000
00000000
00000000
00000000
00000000
00000000
00000000
00000000
00000000
00000000
00000000
00000000
00000000
00000000
00000000
00000000
00000000
00000000
00000000
00000000
00000000
00000000
00000000
00000000
00000000
00000000
00000000
00000000
00000000
00000000
00000000
00000000
00000000
00000000
00000000
00000000
00000000
00000000
00000000
00000000
00000000
00000000
00000000
00000000
00000000
00000000
00000000
00000000
00000000
00000000
00000000
00000000
00000000
00000000
00000000
00000000
00000000
00000000
00000000
00000000
00000000
00000000
00000000
00000000
00000000
00000000
00000000
00000000
00000000
00000000
00000000
00000000
00000000
00000000
00000000
00000000
00000000
00000000
00000000
00000000
00000000
00000000
00000000
00000000
00000000
00000000
00000000
00000000
00000000
00000000
00000000
00000000
00000000
00000000
00000000
00000000
00000000
00000000
00000000
00000000
00000000
00000000
00000000
00000000
00000000
00000000
00000000
00000000
00000000
00000000
00000000
00000000
00000000
00000000
00000000
00000000
00000000
00000000
00000000
00000000
00000000
00000000
00000000
00000000
00000000
00000000
00000000
00000000
00000000
00000000
00000000
00000000
00000000
00000000
00000000
00000000
00000000
00000000
00000000
00000000
00000000
00000000
00000000
00000000
00000000
00000000
00000000
00000000
00000000
00000000
00000000
00000000
00000000
00000000
00000000
00000000
00000000
00000000
00000000
00000000
00000000
00000000
00000000
00000000
00000000
00000000
00000000
00000000
00000000
00000000
00000000
00000000
00000000
00000000
00000000
00000000
00000000
00000000
00000000
00000000
00000000
00000000
00000000
00000000
00000000
00000000
00000000
00000000
00000000
00000000
00000000
00000000
00000000
00000000
00000000
00000000
00000000
00000000
00000000
00000000
00000000
00000000
00000000
00000000
00000000
00000000
00000000
00000000
00000000
00000000
00000000
00000000
00000000
00000000
00000000
00000000
00000000
00000000
00000000
00000000
00000000
00000000
00000000
00000000
00000000
00000000
00000000
00000000
00000000
00000000
00000000
00000000
00000000
00000000
00000000
00000000
00000000
00000000
00000000
00000000
00000000
00000000
00000000
00000000
00000000
00000000
00000000
00000000
00000000
00000000
00000000
00000000
00000000
00000000
00000000
00000000
00000000
00000000
00000000
00000000
00000000
00000000
00000000
00000000
00000000
00000000
00000000
00000000
00000000
00000000
00000000
00000000
00000000
00000000
00000000
00000000
00000000
00000000
00000000
00000000
00000000
00000000
00000000
00000000
00000000
00000000
00000000
00000000
00000000
00000000
00000000
00000000
00000000
00000000
00000000
00000000
00000000
00000000
00000000
00000000
00000000
00000000
00000000
00000000
00000000
00000000
00000000
00000000
00000000
00000000
00000000
00000000
00000000
00000000
00000000
00000000
00000000
00000000
00000000
00000000
00000000
00000000
00000000
00000000
00000000
00000000
00000000
00000000
00000000
00000000
00000000
00000000
00000000
00000000
00000000
00000000
00000000
00000000
00000000
00000000
00000000
00000000
00000000
00000000
00000000
00000000
00000000
00000000
00000000
00000000
00000000
00000000
00000000
00000000
00000000
00000000
00000000
00000000
00000000
00000000
00000000
00000000
00000000
00000000
00000000
00000000
00000000
00000000
00000000
00000000
00000000
00000000
00000000
00000000
00000000
00000000
00000000
00000000
00000000
00000000
00000000
00000000
00000000
00000000
00000000
00000000
00000000
00000000
00000000
00000000
00000000
00000000
00000000
00000000
00000000
00000000
00000000
00000000
00000000
00000000
00000000
00000000
00000000
00000000
00000000
00000000
00000000
00000000
00000000
00000000
00000000
00000000
00000000
00000000
00000000
00000000
00000000
00000000
00000000
00000000
00000000
00000000
00000000
00000000
00000000
00000000
00000000
00000000
00000000
00000000
00000000
00000000
00000000
00000000
00000000
00000000
00000000
00000000
00000000
00000000
00000000
00000000
00000000
00000000
00000000
00000000
00000000
00000000
00000000
00000000
00000000
00000000
00000000
00000000
00000000
00000000
00000000
00000000
00000000
00000000
00000000
00000000
00000000
00000000
00000000
00000000
00000000
00000000
00000000
00000000
00000000
00000000
00000000
00000000
00000000
00000000
00000000
00000000
00000000
00000000
00000000
00000000
00000000
00000000
00000000
00000000
00000000
00000000
00000000
00000000
00000000
00000000
00000000
00000000
00000000
00000000
00000000
00000000
00000000
00000000
00000000
00000000
00000000
00000000
00000000
00000000
00000000
00000000
00000000
00000000
00000000
00000000
00000000
00000000
00000000
00000000
00000000
00000000
00000000
00000000
00000000
00000000
00000000
00000000
00000000
00000000
00000000
00000000
00000000
00000000
00000000
00000000
00000000
00000000
00000000
00000000
00000000
00000000
00000000
00000000
00000000
00000000
00000000
00000000
00000000
00000000
00000000
00000000
00000000
00000000
00000000
00000000
00000000
00000000
00000000
00000000
00000000
00000000
00000000
00000000
00000000
00000000
00000000
00000000
00000000
00000000
00000000
00000000
00000000
00000000
00000000
00000000
00000000
00000000
00000000
00000000
00000000
00000000
00000000
00000000
00000000
00000000
00000000
00000000
00000000
00000000
00000000
00000000
00000000
00000000
00000000
00000000
00000000
00000000
00000000
00000000
00000000
00000000
00000000
00000000
00000000
00000000
00000000
00000000
00000000
00000000
00000000
00000000
00000000
00000000
00000000
00000000
00000000
00000000
00000000
00000000
00000000
00000000
00000000
00000000
00000000
00000000
00000000
00000000
00000000
00000000
00000000
00000000
00000000
00000000
00000000
00000000
00000000
00000000
00000000
00000000
00000000
00000000
00000000
00000000
00000000
00000000
00000000
00000000
00000000
00000000
00000000
00000000
00000000
00000000
00000000
00000000
00000000
00000000
00000000
00000000
00000000
00000000
00000000
00000000
00000000
00000000
00000000
00000000
00000000
00000000
00000000
00000000
00000000
00000000
00000000
00000000
00000000
00000000
00000000
00000000
00000000
00000000
00000000
00000000
00000000
00000000
00000000
00000000
00000000
00000000
00000000
00000000
00000000
00000000
00000000
00000000
00000000
00000000
00000000
00000000
00000000
00000000
00000000
00000000
00000000
00000000
00000000
00000000
00000000
00000000
00000000
00000000
00000000
00000000
00000000
00000000
00000000
00000000
00000000
00000000
00000000
00000000
00000000
00000000
00000000
00000000
00000000
00000000
00000000
00000000
00000000
00000000
00000000
00000000
00000000
00000000
00000000
00000000
00000000
00000000
00000000
00000000
00000000
00000000
00000000
00000000
00000000
00000000
00000000
00000000
00000000
00000000
00000000
00000000
00000000
00000000
00000000
00000000
00000000
00000000
00000000
00000000
00000000
00000000
00000000
00000000
00000000
00000000
00000000
00000000
00000000
00000000
00000000
00000000
00000000
00000000
00000000
00000000
00000000
00000000
00000000
00000000
00000000
00000000
00000000
00000000
00000000
00000000
00000000
00000000
00000000
00000000
00000000
00000000
00000000
00000000
00000000
00000000
00000000
00000000
00000000
00000000
00000000
00000000
00000000
00000000
00000000
00000000
00000000
00000000
00000000
00000000
00000000
00000000
00000000
00000000
00000000
00000000
00000000
00000000
00000000
00000000
00000000
00000000
00000000
00000000
00000000
00000000
00000000
00000000
00000000
00000000
00000000
00000000
00000000
00000000
00000000
00000000
00000000
00000000
00000000
00000000
00000000
00000000
00000000
00000000
00000000
00000000
00000000
00000000
00000000
00000000
00000000
00000000
00000000
00000000
00000000
00000000
00000000
00000000
00000000
00000000
00000000
00000000
00000000
00000000
00000000
00000000
00000000
00000000
00000000
00000000
00000000
00000000
00000000
00000000
00000000
00000000
00000000
00000000
00000000
00000000
00000000
00000000
00000000
00000000
00000000
00000000
00000000
00000000
00000000
00000000
00000000
00000000
00000000
00000000
00000000
00000000
00000000
00000000
00000000
00000000
00000000
00000000
00000000
00000000
00000000
00000000
00000000
00000000
00000000
00000000
00000000
00000000
00000000
00000000
00000000
00000000
00000000
00000000
00000000
00000000
00000000
00000000
00000000
00000000
00000000
00000000
00000000
00000000
00000000
00000000
00000000
00000000
00000000
00000000
00000000
00000000
00000000
00000000
00000000
00000000
00000000
00000000
00000000
00000000
00000000
00000000
00000000
00000000
00000000
00000000
00000000
00000000
00000000
00000000
00000000
00000000
00000000
00000000
00000000
00000000
00000000
00000000
00000000
00000000
00000000
00000000
00000000
00000000
00000000
00000000
00000000
00000000
00000000
00000000
00000000
00000000
00000000
00000000
00000000
00000000
00000000
00000000
00000000
00000000
00000000
00000000
00000000
00000000
00000000
00000000
00000000
00000000
00000000
00000000
00000000
00000000
00000000
00000000
00000000
00000000
00000000
00000000
00000000
00000000
00000000
00000000
00000000
00000000
00000000
00000000
00000000
00000000
00000000
00000000
00000000
00000000
00000000
00000000
00000000
00000000
00000000
00000000
00000000
00000000
00000000
00000000
00000000
00000000
00000000
00000000
00000000
00000000
00000000
00000000
00000000
00000000
00000000
00000000
00000000
00000000
00000000
00000000
00000000
00000000
00000000
00000000
00000000
00000000
00000000
00000000
00000000
00000000
00000000
00000000
00000000
00000000
00000000
00000000
00000000
00000000
00000000
00000000
00000000
00000000
00000000
00000000
00000000
00000000
00000000
00000000
00000000
00000000
00000000
00000000
00000000
00000000
00000000
00000000
00000000
00000000
00000000
00000000
00000000
00000000
00000000
00000000
00000000
00000000
00000000
00000000
00000000
00000000
00000000
00000000
00000000
00000000
00000000
00000000
00000000
00000000
00000000
00000000
00000000
00000000
00000000
00000000
00000000
00000000
00000000
00000000
00000000
00000000
00000000
00000000
00000000
00000000
00000000
00000000
00000000
00000000
00000000
00000000
00000000
00000000
00000000
00000000
00000000
00000000
00000000
00000000
00000000
00000000
00000000
00000000
00000000
00000000
00000000
00000000
00000000
00000000
00000000
00000000
00000000
00000000
00000000
00000000
00000000
00000000
00000000
00000000
00000000
00000000
00000000
00000000
00000000
00000000
00000000
00000000
00000000
00000000
00000000
00000000
00000000
00000000
00000000
00000000
00000000
00000000
00000000
00000000
00000000
00000000
00000000
00000000
00000000
00000000
00000000
00000000
00000000
00000000
00000000
00000000
00000000
00000000
00000000
00000000
00000000
00000000
00000000
00000000
00000000
00000000
00000000
00000000
00000000
00000000
00000000
00000000
00000000
00000000
00000000
00000000
00000000
00000000
00000000
00000000
00000000
00000000
00000000
00000000
00000000
00000000
00000000
00000000
00000000
00000000
00000000
00000000
00000000
00000000
00000000
00000000
00000000
00000000
00000000
00000000
00000000
00000000
00000000
00000000
00000000
00000000
00000000
00000000
00000000
00000000
00000000
00000000
00000000
00000000
00000000
00000000
00000000
00000000
00000000
00000000
00000000
00000000
00000000
00000000
00000000
00000000
00000000
00000000
00000000
00000000
00000000
00000000
00000000
00000000
00000000
00000000
00000000
00000000
00000000
00000000
00000000
00000000
00000000
00000000
00000000
00000000
00000000
00000000
00000000
00000000
00000000
00000000
00000000
00000000
00000000
00000000
00000000
00000000
00000000
00000000
00000000
00000000
00000000
00000000
00000000
00000000
00000000
00000000
00000000
00000000
00000000
00000000
00000000
00000000
00000000
00000000
00000000
00000000
00000000
00000000
00000000
00000000
00000000
00000000
00000000
00000000
00000000
00000000
00000000
00000000
00000000
00000000
00000000
00000000
00000000
00000000
00000000
00000000
00000000
00000000
00000000
00000000
00000000
00000000
00000000
00000000
00000000
00000000
00000000
00000000
00000000
00000000
00000000
00000000
00000000
00000000
00000000
00000000
00000000
00000000
00000000
00000000
00000000
00000000
00000000
00000000
00000000
00000000
00000000
00000000
00000000
00000000
00000000
00000000
00000000
00000000
00000000
00000000
00000000
00000000
00000000
00000000
00000000
00000000
00000000
00000000
00000000
00000000
00000000
00000000
00000000
00000000
00000000
00000000
00000000
00000000
00000000
00000000
00000000
00000000
00000000
00000000
00000000
00000000
00000000
00000000
00000000
00000000
00000000
00000000
00000000
00000000
00000000
00000000
00000000
00000000
00000000
00000000
00000000
00000000
00000000
00000000
00000000
00000000
00000000
00000000
00000000
00000000
00000000
00000000
00000000
00000000
00000000
00000000
00000000
00000000
00000000
00000000
00000000
00000000
00000000
00000000
00000000
00000000
00000000
00000000
00000000
00000000
00000000
00000000
00000000
00000000
00000000
00000000
00000000
00000000
00000000
00000000
00000000
00000000
00000000
00000000
00000000
00000000
00000000
00000000
00000000
00000000
00000000
00000000
00000000
00000000
00000000
00000000
00000000
00000000
00000000
00000000
00000000
00000000
00000000
00000000
00000000
00000000
00000000
00000000
00000000
00000000
00000000
00000000
00000000
00000000
00000000
00000000
00000000
00000000
00000000
00000000
00000000
00000000
00000000
00000000
00000000
00000000
00000000
00000000
00000000
00000000
00000000
00000000
00000000
00000000
00000000
00000000
00000000
00000000
00000000
00000000
00000000
00000000
00000000
00000000
00000000
00000000
00000000
00000000
00000000
00000000
00000000
00000000
00000000
00000000
00000000
00000000
00000000
00000000
00000000
00000000
00000000
00000000
00000000
00000000
00000000
00000000
00000000
00000000
00000000
00000000
00000000
00000000
00000000
00000000
00000000
00000000
00000000
00000000
00000000
00000000
00000000
00000000
00000000
00000000
00000000
00000000
00000000
00000000
00000000
00000000
00000000
00000000
00000000
00000000
00000000
00000000
00000000
00000000
00000000
00000000
00000000
00000000
00000000
00000000
00000000
00000000
00000000
00000000
00000000
00000000
00000000
00000000
00000000
00000000
00000000
00000000
00000000
00000000
00000000
00000000
00000000
00000000
00000000
00000000
00000000
00000000
00000000
00000000
00000000
00000000
00000000
00000000
00000000
00000000
00000000
00000000
00000000
00000000
00000000
00000000
00000000
00000000
00000000
00000000
00000000
00000000
00000000
00000000
00000000
00000000
00000000
00000000
00000000
00000000
00000000
00000000
00000000
00000000
00000000
00000000
00000000
00000000
00000000
00000000
00000000
00000000
00000000
00000000
00000000
00000000
00000000
00000000
00000000
00000000
00000000
00000000
00000000
00000000
00000000
00000000
00000000
00000000
00000000
00000000
00000000
00000000
00000000
00000000
00000000
00000000
00000000
00000000
00000000
00000000
00000000
00000000
00000000
00000000
00000000
00000000
00000000
00000000
00000000
00000000
00000000
00000000
00000000
00000000
00000000
00000000
00000000
00000000
00000000
00000000
00000000
00000000
00000000
00000000
00000000
00000000
00000000
00000000
00000000
00000000
00000000
00000000
00000000
00000000
00000000
00000000
00000000
00000000
00000000
00000000
00000000
00000000
00000000
00000000
00000000
00000000
00000000
00000000
00000000
00000000
00000000
00000000
00000000
00000000
00000000
00000000
00000000
00000000
00000000
00000000
00000000
00000000
00000000
00000000
00000000
00000000
00000000
00000000
00000000
00000000
00000000
00000000
00000000
00000000
00000000
00000000
00000000
00000000
00000000
00000000
00000000
00000000
00000000
00000000
00000000
00000000
00000000
00000000
00000000
00000000
00000000
00000000
00000000
00000000
00000000
00000000
00000000
00000000
00000000
00000000
00000000
00000000
00000000
00000000
00000000
00000000
00000000
00000000
00000000
00000000
00000000
00000000
00000000
00000000
00000000
00000000
00000000
00000000
00000000
00000000
00000000
00000000
00000000
00000000
00000000
00000000
00000000
00000000
00000000
00000000
00000000
00000000
00000000
00000000
00000000
00000000
00000000
00000000
00000000
00000000
00000000
00000000
00000000
00000000
00000000
00000000
00000000
00000000
00000000
00000000
00000000
00000000
00000000
00000000
00000000
00000000
00000000
00000000
00000000
00000000
00000000
00000000
00000000
00000000
00000000
00000000
00000000
00000000
00000000
00000000
00000000
00000000
00000000
00000000
00000000
00000000
00000000
00000000
00000000
00000000
00000000
00000000
00000000
00000000
00000000
00000000
00000000
00000000
00000000
00000000
00000000
00000000
00000000
00000000
00000000
00000000
00000000
00000000
00000000
00000000
00000000
00000000
00000000
00000000
00000000
00000000
00000000
00000000
00000000
00000000
00000000
00000000
00000000
00000000
00000000
00000000
00000000
00000000
00000000
00000000
00000000
00000000
00000000
00000000
00000000
00000000
00000000
00000000
00000000
00000000
00000000
00000000
00000000
00000000
00000000
00000000
00000000
00000000
00000000
00000000
00000000
00000000
00000000
00000000
00000000
00000000
00000000
00000000
00000000
00000000
00000000
00000000
00000000
00000000
00000000
00000000
00000000
00000000
00000000
00000000
00000000
00000000
00000000
00000000
00000000
00000000
00000000
00000000
00000000
00000000
00000000
00000000
00000000
00000000
00000000
00000000
00000000
00000000
00000000
00000000
00000000
00000000
00000000
00000000
00000000
00000000
00000000
00000000
00000000
00000000
00000000
00000000
00000000
00000000
00000000
00000000
00000000
00000000
00000000
00000000
00000000
00000000
00000000
00000000
00000000
00000000
00000000
00000000
00000000
00000000
00000000
00000000
00000000
00000000
00000000
00000000
00000000
00000000
00000000
00000000
00000000
00000000
00000000
00000000
00000000
00000000
00000000
00000000
00000000
00000000
00000000
00000000
00000000
00000000
00000000
00000000
00000000
00000000
00000000
00000000
00000000
00000000
00000000
00000000
00000000
00000000
00000000
00000000
00000000
00000000
00000000
00000000
00000000
00000000
00000000
00000000
00000000
00000000
00000000
00000000
00000000
00000000
00000000
00000000
00000000
00000000
00000000
00000000
00000000
00000000
00000000
00000000
00000000
00000000
00000000
00000000
00000000
00000000
00000000
00000000
00000000
00000000
00000000
00000000
00000000
00000000
00000000
00000000
00000000
00000000
00000000
00000000
00000000
00000000
00000000
00000000
00000000
00000000
00000000
00000000
00000000
00000000
00000000
00000000
00000000
00000000
00000000
00000000
00000000
00000000
00000000
00000000
00000000
00000000
00000000
00000000
00000000
00000000
00000000
00000000
00000000
00000000
00000000
00000000
00000000
00000000
00000000
00000000
00000000
00000000
00000000
00000000
00000000
00000000
00000000
00000000
00000000
00000000
00000000
00000000
00000000
00000000
00000000
00000000
00000000
00000000
00000000
00000000
00000000
00000000
00000000
00000000
00000000
00000000
00000000
00000000
00000000
00000000
00000000
00000000
00000000
00000000
00000000
00000000
00000000
00000000
00000000
00000000
00000000
00000000
00000000
00000000
00000000
00000000
00000000
00000000
00000000
00000000
00000000
00000000
00000000
00000000
00000000
00000000
00000000
00000000
00000000
00000000
00000000
00000000
00000000
00000000
00000000
00000000
00000000
00000000
00000000
00000000
00000000
00000000
00000000
00000000
00000000
00000000
00000000
00000000
00000000
00000000
00000000
00000000
00000000
00000000
00000000
00000000
00000000
00000000
00000000
00000000
00000000
00000000
00000000
00000000
00000000
00000000
00000000
00000000
00000000
00000000
00000000
00000000
00000000
00000000
00000000
00000000
00000000
00000000
00000000
00000000
00000000
00000000
00000000
00000000
00000000
00000000
00000000
00000000
00000000
00000000
00000000
00000000
00000000
00000000
00000000
00000000
00000000
00000000
00000000
00000000
00000000
00000000
00000000
00000000
00000000
00000000
00000000
00000000
00000000
00000000
00000000
00000000
00000000
00000000
00000000
00000000
00000000
00000000
00000000
00000000
00000000
00000000
00000000
00000000
00000000
00000000
00000000
00000000
00000000
00000000
00000000
00000000
00000000
00000000
00000000
00000000
00000000
00000000
00000000
00000000
00000000
00000000
00000000
00000000
00000000
00000000
00000000
00000000
00000000
00000000
00000000
00000000
00000000
00000000
00000000
00000000
00000000
00000000
00000000
00000000
00000000
00000000
00000000
00000000
00000000
00000000
00000000
00000000
00000000
00000000
00000000
00000000
00000000
00000000
00000000
00000000
00000000
00000000
00000000
00000000
00000000
00000000
00000000
00000000
00000000
00000000
00000000
00000000
00000000
00000000
00000000
00000000
00000000
00000000
00000000
00000000
00000000
00000000
00000000
00000000
00000000
00000000
00000000
00000000
00000000
00000000
00000000
00000000
00000000
00000000
00000000
00000000
00000000
00000000
00000000
00000000
00000000
00000000
00000000
00000000
00000000
00000000
00000000
00000000
00000000
00000000
00000000
00000000
00000000
00000000
00000000
00000000
00000000
00000000
00000000
00000000
00000000
00000000
00000000
00000000
00000000
00000000
00000000
00000000
00000000
00000000
00000000
00000000
00000000
00000000
00000000
00000000
00000000
00000000
00000000
00000000
00000000
00000000
00000000
00000000
00000000
00000000
00000000
00000000
00000000
00000000
00000000
00000000
00000000
00000000
00000000
00000000
00000000
00000000
00000000
00000000
00000000
00000000
00000000
00000000
00000000
00000000
00000000
00000000
00000000
00000000
00000000
00000000
00000000
00000000
00000000
00000000
00000000
00000000
00000000
00000000
00000000
00000000
00000000
00000000
00000000
00000000
00000000
00000000
00000000
00000000
00000000
00000000
00000000
00000000
00000000
00000000
00000000
00000000
00000000
00000000
00000000
00000000
00000000
00000000
00000000
00000000
00000000
00000000
00000000
00000000
00000000
00000000
00000000
00000000
00000000
00000000
00000000
00000000
00000000
00000000
00000000
00000000
00000000
00000000
00000000
00000000
00000000
00000000
00000000
00000000
00000000
00000000
00000000
00000000
00000000
00000000
00000000
00000000
00000000
00000000
00000000
00000000
00000000
00000000
00000000
00000000
00000000
00000000
00000000
00000000
00000000
00000000
00000000
00000000
00000000
00000000
00000000
00000000
00000000
00000000
00000000
00000000
00000000
00000000
00000000
00000000
00000000
00000000
00000000
00000000
00000000
00000000
00000000
00000000
00000000
00000000
00000000
00000000
00000000
00000000
00000000
00000000
00000000
00000000
00000000
00000000
00000000
00000000
00000000
00000000
00000000
00000000
00000000
00000000
00000000
00000000
00000000
00000000
00000000
00000000
00000000
00000000
00000000
00000000
00000000
00000000
00000000
00000000
00000000
00000000
00000000
00000000
00000000
00000000
00000000
00000000
00000000
00000000
00000000
00000000
00000000
00000000
00000000
00000000
00000000
00000000
00000000
00000000
00000000
00000000
00000000
00000000
00000000
00000000
00000000
00000000
00000000
00000000
00000000
00000000
00000000
00000000
00000000
00000000
00000000
00000000
00000000
00000000
00000000
00000000
00000000
00000000
00000000
00000000
00000000
00000000
00000000
00000000
00000000
00000000
00000000
00000000
00000000
00000000
00000000
00000000
00000000
00000000
00000000
00000000
00000000
00000000
00000000
00000000
00000000
00000000
00000000
00000000
00000000
00000000
00000000
00000000
00000000
00000000
00000000
00000000
00000000
00000000
00000000
00000000
00000000
00000000
00000000
00000000
00000000
00000000
00000000
00000000
00000000
00000000
00000000
00000000
00000000
00000000
00000000
00000000
00000000
00000000
00000000
00000000
00000000
00000000
00000000
00000000
00000000
00000000
00000000
00000000
00000000
00000000
00000000
00000000
00000000
00000000
00000000
00000000
00000000
00000000
00000000
00000000
00000000
00000000
00000000
00000000
00000000
00000000
00000000
00000000
00000000
00000000
00000000
00000000
00000000
00000000
00000000
00000000
00000000
00000000
00000000
00000000
00000000
00000000
00000000
00000000
00000000
00000000
00000000
00000000
00000000
00000000
00000000
00000000
00000000
00000000
00000000
00000000
00000000
00000000
00000000
00000000
00000000
00000000
00000000
00000000
00000000
00000000
00000000
00000000
00000000
00000000
00000000
00000000
00000000
00000000
00000000
00000000
00000000
00000000
00000000
00000000
00000000
00000000
00000000
00000000
00000000
00000000
00000000
00000000
00000000
00000000
00000000
00000000
00000000
00000000
00000000
00000000
00000000
00000000
00000000
00000000
00000000
00000000
00000000
00000000
00000000
00000000
00000000
00000000
00000000
00000000
00000000
00000000
00000000
00000000
00000000
00000000
00000000
00000000
00000000
00000000
00000000
00000000
00000000
00000000
00000000
00000000
00000000
00000000
00000000
00000000
00000000
00000000
00000000
00000000
00000000
00000000
00000000
00000000
00000000
00000000
00000000
00000000
00000000
00000000
00000000
00000000
00000000
00000000
00000000
00000000
00000000
00000000
00000000
00000000
00000000
00000000
00000000
00000000
00000000
00000000
00000000
00000000
00000000
00000000
00000000
00000000
00000000
00000000
00000000
00000000
00000000
00000000
00000000
00000000
00000000
00000000
00000000
00000000
00000000
00000000
00000000
00000000
00000000
00000000
00000000
00000000
00000000
00000000
00000000
00000000
00000000
00000000
00000000
00000000
00000000
00000000
00000000
00000000
00000000
00000000
00000000
00000000
00000000
00000000
00000000
00000000
00000000
00000000
00000000
00000000
00000000
00000000
00000000
00000000
00000000
00000000
00000000
00000000
00000000
00000000
00000000
00000000
00000000
00000000
00000000
00000000
00000000
00000000
00000000
00000000
00000000
00000000
00000000
00000000
00000000
00000000
00000000
00000000
00000000
00000000
00000000
00000000
00000000
00000000
00000000
00000000
00000000
00000000
00000000
00000000
00000000
00000000
00000000
00000000
00000000
00000000
00000000
00000000
00000000
00000000
00000000
00000000
00000000
00000000
00000000
00000000
00000000
00000000
00000000
00000000
00000000
00000000
00000000
00000000
00000000
00000000
00000000
00000000
00000000
00000000
00000000
00000000
00000000
00000000
00000000
00000000
00000000
00000000
00000000
00000000
00000000
00000000
00000000
00000000
00000000
00000000
00000000
00000000
00000000
00000000
00000000
00000000
00000000
00000000
00000000
00000000
00000000
00000000
00000000
00000000
00000000
00000000
00000000
00000000
00000000
00000000
00000000
00000000
00000000
00000000
00000000
00000000
00000000
00000000
00000000
00000000
00000000
00000000
00000000
00000000
00000000
00000000
00000000
00000000
00000000
00000000
00000000
00000000
00000000
00000000
00000000
00000000
00000000
00000000
00000000
00000000
00000000
00000000
00000000
00000000
00000000
00000000
00000000
00000000
00000000
00000000
00000000
00000000
00000000
00000000
00000000
00000000
00000000
00000000
00000000
00000000
00000000
00000000
00000000
00000000
00000000
00000000
00000000
00000000
00000000
00000000
00000000
00000000
00000000
00000000
00000000
00000000
00000000
00000000
00000000
00000000
00000000
00000000
00000000
00000000
00000000
00000000
00000000
00000000
00000000
00000000
00000000
00000000
00000000
00000000
00000000
00000000
00000000
00000000
00000000
00000000
00000000
00000000
00000000
00000000
00000000
00000000
00000000
00000000
00000000
00000000
00000000
00000000
00000000
00000000
00000000
00000000
00000000
00000000
00000000
00000000
00000000
00000000
00000000
00000000
00000000
00000000
00000000
00000000
00000000
00000000
00000000
00000000
00000000
00000000
00000000
00000000
00000000
00000000
00000000
00000000
00000000
00000000
00000000
00000000
00000000
00000000
00000000
00000000
00000000
00000000
00000000
00000000
00000000
00000000
00000000
00000000
00000000
00000000
00000000
00000000
00000000
00000000
00000000
00000000
00000000
00000000
00000000
00000000
00000000
00000000
00000000
00000000
00000000
00000000
00000000
00000000
00000000
00000000
00000000
00000000
00000000
00000000
00000000
00000000
00000000
00000000
00000000
00000000
00000000
00000000
00000000
00000000
00000000
00000000
00000000
00000000
00000000
00000000
00000000
00000000
00000000
00000000
00000000
00000000
00000000
00000000
00000000
00000000
00000000
00000000
00000000
00000000
00000000
00000000
00000000
00000000
00000000
00000000
00000000
00000000
00000000
00000000
00000000
00000000
00000000
00000000
00000000
00000000
00000000
00000000
00000000
00000000
00000000
00000000
00000000
00000000
00000000
00000000
00000000
00000000
00000000
00000000
00000000
00000000
00000000
00000000
00000000
00000000
00000000
00000000
00000000
00000000
00000000
00000000
00000000
00000000
00000000
00000000
00000000
00000000
00000000
00000000
00000000
00000000
00000000
00000000
00000000
00000000
00000000
00000000
00000000
00000000
00000000
00000000
00000000
00000000
00000000
00000000
00000000
00000000
00000000
00000000
00000000
00000000
00000000
00000000
00000000
00000000
00000000
00000000
00000000
00000000
00000000
00000000
00000000
00000000
00000000
00000000
00000000
00000000
00000000
00000000
00000000
00000000
00000000
00000000
00000000
00000000
00000000
00000000
00000000
00000000
00000000
00000000
00000000
00000000
00000000
00000000
00000000
00000000
00000000
00000000
00000000
00000000
00000000
00000000
00000000
00000000
00000000
00000000
00000000
00000000
00000000
00000000
00000000
00000000
00000000
00000000
00000000
00000000
00000000
00000000
00000000
00000000
00000000
00000000
00000000
00000000
00000000
00000000
00000000
00000000
00000000
00000000
00000000
00000000
00000000
00000000
00000000
00000000
00000000
00000000
00000000
00000000
00000000
00000000
00000000
00000000
00000000
00000000
00000000
00000000
00000000
00000000
00000000
00000000
00000000
00000000
00000000
00000000
00000000
00000000
00000000
00000000
00000000
00000000
00000000
00000000
00000000
00000000
00000000
00000000
00000000
00000000
00000000
00000000
00000000
00000000
00000000
00000000
00000000
00000000
00000000
00000000
00000000
00000000
00000000
00000000
00000000
00000000
00000000
00000000
00000000
00000000
00000000
00000000
00000000
00000000
00000000
00000000
00000000
00000000
00000000
00000000
00000000
00000000
00000000
00000000
00000000
00000000
00000000
00000000
00000000
00000000
00000000
00000000
00000000
00000000
00000000
00000000
00000000
00000000
00000000
00000000
00000000
00000000
00000000
00000000
00000000
00000000
00000000
00000000
00000000
00000000
00000000
00000000
00000000
00000000
00000000
00000000
00000000
00000000
00000000
00000000
00000000
00000000
00000000
00000000
00000000
00000000
00000000
00000000
00000000
00000000
00000000
00000000
00000000
00000000
00000000
00000000
00000000
00000000
00000000
00000000
00000000
00000000
00000000
00000000
00000000
00000000
00000000
00000000
00000000
00000000
00000000
00000000
00000000
00000000
00000000
00000000
00000000
00000000
00000000
00000000
00000000
00000000
00000000
00000000
00000000
00000000
00000000
00000000
00000000
00000000
00000000
00000000
00000000
00000000
00000000
00000000
00000000
00000000
00000000
00000000
00000000
00000000
00000000
00000000
00000000
00000000
00000000
00000000
00000000
00000000
00000000
00000000
00000000
00000000
00000000
00000000
00000000
00000000
00000000
00000000
00000000
00000000
00000000
00000000
00000000
00000000
00000000
00000000
00000000
00000000
00000000
00000000
00000000
00000000
00000000
00000000
00000000
00000000
00000000
00000000
00000000
00000000
00000000
00000000
00000000
00000000
00000000
00000000
00000000
00000000
00000000
00000000
00000000
00000000
00000000
00000000
00000000
00000000
00000000
00000000
00000000
00000000
00000000
00000000
00000000
00000000
00000000
00000000
00000000
00000000
00000000
00000000
00000000
00000000
00000000
00000000
00000000
00000000
00000000
00000000
00000000
00000000
00000000
00000000
00000000
00000000
00000000
00000000
00000000
00000000
00000000
00000000
00000000
00000000
00000000
00000000
00000000
00000000
00000000
00000000
00000000
00000000
00000000
00000000
00000000
00000000
00000000
00000000
00000000
00000000
00000000
00000000
00000000
00000000
00000000
00000000
00000000
00000000
00000000
00000000
00000000
00000000
00000000
00000000
00000000
00000000
00000000
00000000
00000000
00000000
00000000
00000000
00000000
00000000
00000000
00000000
00000000
00000000
00000000
00000000
00000000
00000000
00000000
00000000
00000000
00000000
00000000
00000000
00000000
00000000
00000000
00000000
00000000
00000000
00000000
00000000
00000000
00000000
00000000
00000000
00000000
00000000
00000000
00000000
00000000
00000000
00000000
00000000
00000000
00000000
00000000
00000000
00000000
00000000
00000000
00000000
00000000
00000000
00000000
00000000
00000000
00000000
00000000
00000000
00000000
00000000
00000000
00000000
00000000
00000000
00000000
00000000
00000000
00000000
00000000
00000000
00000000
00000000
00000000
00000000
00000000
00000000
00000000
00000000
00000000
00000000
00000000
00000000
00000000
00000000
00000000
00000000
00000000
00000000
00000000
00000000
00000000
00000000
00000000
00000000
00000000
00000000
00000000
00000000
00000000
00000000
00000000
00000000
00000000
00000000
00000000
00000000
00000000
00000000
00000000
00000000
00000000
00000000
00000000
00000000
00000000
00000000
00000000
00000000
00000000
00000000
00000000
00000000
00000000
00000000
00000000
00000000
00000000
00000000
00000000
00000000
00000000
00000000
00000000
00000000
00000000
00000000
00000000
00000000
00000000
00000000
00000000
00000000
00000000
00000000
00000000
00000000
00000000
00000000
00000000
00000000
00000000
00000000
00000000
00000000
00000000
00000000
00000000
00000000
00000000
00000000
00000000
00000000
00000000
00000000
00000000
00000000
00000000
00000000
00000000
00000000
00000000
00000000
00000000
00000000
00000000
00000000
00000000
00000000
00000000
00000000
00000000
00000000
00000000
00000000
00000000
00000000
00000000
00000000
00000000
00000000
00000000
00000000
00000000
00000000
00000000
00000000
00000000
00000000
00000000
00000000
00000000
00000000
00000000
00000000
00000000
00000000
00000000
00000000
00000000
00000000
00000000
00000000
00000000
00000000
00000000
00000000
00000000
00000000
00000000
00000000
00000000
00000000
00000000
00000000
00000000
00000000
00000000
00000000
00000000
00000000
00000000
00000000
00000000
00000000
00000000
00000000
00000000
00000000
00000000
00000000
00000000
00000000
00000000
00000000
00000000
00000000
00000000
00000000
00000000
00000000
00000000
00000000
00000000
00000000
00000000
00000000
00000000
00000000
00000000
00000000
00000000
00000000
00000000
00000000
00000000
00000000
00000000
00000000
00000000
00000000
00000000
00000000
00000000
00000000
00000000
00000000
00000000
00000000
00000000
00000000
00000000
00000000
00000000
00000000
00000000
00000000
00000000
00000000
00000000
00000000
00000000
00000000
00000000
00000000
00000000
00000000
00000000
00000000
00000000
00000000
00000000
00000000
00000000
00000000
00000000
00000000
00000000
00000000
00000000
00000000
00000000
00000000
00000000
00000000
00000000
00000000
00000000
00000000
00000000
00000000
00000000
00000000
00000000
00000000
00000000
00000000
00000000
00000000
00000000
00000000
00000000
00000000
00000000
00000000
00000000
00000000
00000000
00000000
00000000
00000000
00000000
00000000
00000000
00000000
00000000
00000000
00000000
00000000
00000000
00000000
00000000
00000000
00000000
00000000
00000000
00000000
00000000
00000000
00000000
00000000
00000000
00000000
00000000
00000000
00000000
00000000
00000000
00000000
00000000
00000000
00000000
00000000
00000000
00000000
00000000
00000000
00000000
00000000
00000000
00000000
00000000
00000000
00000000
00000000
00000000
00000000
00000000
00000000
00000000
00000000
00000000
00000000
00000000
00000000
00000000
00000000
00000000
00000000
00000000
00000000
00000000
00000000
00000000
00000000
00000000
00000000
00000000
00000000
00000000
00000000
00000000
00000000
00000000
00000000
00000000
00000000
00000000
00000000
00000000
00000000
00000000
00000000
00000000
00000000
00000000
00000000
00000000
00000000
00000000
00000000
00000000
00000000
00000000
00000000
00000000
00000000
00000000
00000000
00000000
00000000
00000000
00000000
00000000
00000000
00000000
00000000
00000000
00000000
00000000
00000000
00000000
00000000
00000000
00000000
00000000
00000000
00000000
00000000
00000000
00000000
00000000
00000000
00000000
00000000
00000000
00000000
00000000
00000000
00000000
00000000
00000000
00000000
00000000
00000000
00000000
00000000
00000000
00000000
00000000
00000000
00000000
00000000
00000000
00000000
00000000
00000000
00000000
00000000
00000000
00000000
00000000
00000000
00000000
00000000
00000000
00000000
00000000
00000000
00000000
00000000
00000000
00000000
00000000
00000000
00000000
00000000
00000000
00000000
00000000
00000000
00000000
00000000
00000000
00000000
00000000
00000000
00000000
00000000
00000000
00000000
00000000
00000000
00000000
00000000
00000000
00000000
00000000
00000000
00000000
00000000
00000000
00000000
00000000
00000000
00000000
00000000
00000000
00000000
00000000
00000000
00000000
00000000
00000000
00000000
00000000
00000000
00000000
00000000
00000000
00000000
00000000
00000000
00000000
00000000
00000000
00000000
00000000
00000000
00000000
00000000
00000000
00000000
00000000
00000000
00000000
00000000
00000000
00000000
00000000
00000000
00000000
00000000
00000000
00000000
00000000
00000000
00000000
00000000
00000000
00000000
00000000
00000000
00000000
00000000
00000000
00000000
00000000
00000000
00000000
00000000
00000000
00000000
00000000
00000000
00000000
00000000
00000000
00000000
00000000
00000000
00000000
00000000
00000000
00000000
00000000
00000000
00000000
00000000
00000000
00000000
00000000
00000000
00000000
00000000
00000000
00000000
00000000
00000000
00000000
00000000
00000000
00000000
00000000
00000000
00000000
00000000
00000000
00000000
00000000
00000000
00000000
00000000
00000000
00000000
00000000
00000000
00000000
00000000
00000000
00000000
00000000
00000000
00000000
00000000
00000000
00000000
00000000
00000000
00000000
00000000
00000000
00000000
00000000
00000000
00000000
00000000
00000000
00000000
00000000
00000000
00000000
00000000
00000000
00000000
00000000
00000000
00000000
00000000
00000000
00000000
00000000
00000000
00000000
00000000
00000000
00000000
00000000
00000000
00000000
00000000
00000000
00000000
00000000
00000000
00000000
00000000
00000000
00000000
00000000
00000000
00000000
00000000
00000000
00000000
00000000
00000000
00000000
00000000
00000000
00000000
00000000
00000000
00000000
00000000
00000000
00000000
00000000
00000000
00000000
00000000
00000000
00000000
00000000
00000000
00000000
00000000
00000000
00000000
00000000
00000000
00000000
00000000
00000000
00000000
00000000
00000000
00000000
00000000
00000000
00000000
00000000
00000000
00000000
00000000
00000000
00000000
00000000
00000000
00000000
00000000
00000000
00000000
00000000
00000000
00000000
00000000
00000000
00000000
00000000
00000000
00000000
00000000
00000000
00000000
00000000
00000000
00000000
00000000
00000000
00000000
00000000
00000000
00000000
00000000
00000000
00000000
00000000
00000000
00000000
00000000
00000000
00000000
00000000
00000000
00000000
00000000
00000000
00000000
00000000
00000000
00000000
00000000
00000000
00000000
00000000
00000000
00000000
00000000
00000000
00000000
00000000
00000000
00000000
00000000
00000000
00000000
00000000
00000000
00000000
00000000
00000000
00000000
00000000
00000000
00000000
00000000
00000000
00000000
00000000
00000000
00000000
00000000
00000000
00000000
00000000
00000000
00000000
00000000
00000000
00000000
00000000
00000000
00000000
00000000
00000000
00000000
00000000
00000000
00000000
00000000
00000000
00000000
00000000
00000000
00000000
00000000
00000000
00000000
00000000
00000000
00000000
00000000
00000000
00000000
00000000
00000000
00000000
00000000
00000000
00000000
00000000
00000000
00000000
00000000
00000000
00000000
00000000
00000000
00000000
00000000
00000000
00000000
00000000
00000000
00000000
00000000
00000000
00000000
00000000
00000000
00000000
00000000
00000000
00000000
00000000
00000000
00000000
00000000
00000000
00000000
00000000
00000000
00000000
00000000
00000000
00000000
00000000
00000000
00000000
00000000
00000000
00000000
00000000
00000000
00000000
00000000
00000000
00000000
00000000
00000000
00000000
00000000
00000000
00000000
00000000
00000000
00000000
00000000
00000000
00000000
00000000
00000000
00000000
00000000
00000000
00000000
00000000
00000000
00000000
00000000
00000000
00000000
00000000
00000000
00000000
00000000
00000000
00000000
00000000
00000000
00000000
00000000
00000000
00000000
00000000
00000000
00000000
00000000
00000000
00000000
00000000
00000000
00000000
00000000
00000000
00000000
00000000
00000000
00000000
00000000
00000000
00000000
00000000
00000000
00000000
00000000
00000000
00000000
00000000
00000000
00000000
00000000
00000000
00000000
00000000
00000000
00000000
00000000
00000000
00000000
00000000
00000000
00000000
00000000
00000000
00000000
00000000
00000000
00000000
00000000
00000000
00000000
00000000
00000000
00000000
00000000
00000000
00000000
00000000
00000000
00000000
00000000
00000000
00000000
00000000
00000000
00000000
00000000
00000000
00000000
00000000
00000000
00000000
00000000
00000000
00000000
00000000
00000000
00000000
00000000
00000000
00000000
00000000
00000000
00000000
00000000
00000000
00000000
00000000
00000000
00000000
00000000
00000000
00000000
00000000
00000000
00000000
00000000
00000000
00000000
00000000
00000000
00000000
00000000
00000000
00000000
00000000
00000000
00000000
00000000
00000000
00000000
00000000
00000000
00000000
00000000
00000000
00000000
00000000
00000000
00000000
00000000
00000000
00000000
00000000
00000000
00000000
00000000
00000000
00000000
00000000
00000000
00000000
00000000
00000000
00000000
00000000
00000000
00000000
00000000
00000000
00000000
00000000
00000000
00000000
00000000
00000000
00000000
00000000
00000000
00000000
00000000
00000000
00000000
00000000
00000000
00000000
00000000
00000000
00000000
00000000
00000000
00000000
00000000
00000000
00000000
00000000
00000000
00000000
00000000
00000000
00000000
00000000
00000000
00000000
00000000
00000000
00000000
00000000
00000000
00000000
00000000
00000000
00000000
00000000
00000000
00000000
00000000
00000000
00000000
00000000
00000000
00000000
00000000
00000000
00000000
00000000
00000000
00000000
00000000
00000000
00000000
00000000
00000000
00000000
00000000
00000000
00000000
00000000
00000000
00000000
00000000
00000000
00000000
00000000
00000000
00000000
00000000
00000000
00000000
00000000
00000000
00000000
00000000
00000000
00000000
00000000
00000000
00000000
00000000
00000000
00000000
00000000
00000000
00000000
00000000
00000000
00000000
00000000
00000000
00000000
00000000
00000000
00000000
00000000
00000000
00000000
00000000
00000000
00000000
00000000
00000000
00000000
00000000
00000000
00000000
00000000
00000000
00000000
00000000
00000000
00000000
00000000
00000000
00000000
00000000
00000000
00000000
00000000
00000000
00000000
00000000
00000000
00000000
00000000
00000000
00000000
00000000
00000000
00000000
00000000
00000000
00000000
00000000
00000000
00000000
00000000
00000000
00000000
00000000
00000000
00000000
00000000
00000000
00000000
00000000
00000000
00000000
00000000
00000000
00000000
00000000
00000000
00000000
00000000
00000000
00000000
00000000
00000000
00000000
00000000
00000000
00000000
00000000
00000000
00000000
00000000
00000000
00000000
00000000
00000000
00000000
00000000
00000000
00000000
00000000
00000000
00000000
00000000
00000000
00000000
00000000
00000000
00000000
00000000
00000000
00000000
00000000
00000000
00000000
00000000
00000000
00000000
00000000
00000000
00000000
00000000
00000000
00000000
00000000
00000000
00000000
00000000
00000000
00000000
00000000
00000000
00000000
00000000
00000000
00000000
00000000
00000000
00000000
00000000
00000000
00000000
00000000
00000000
00000000
00000000
00000000
00000000
00000000
00000000
00000000
00000000
00000000
00000000
00000000
00000000
00000000
00000000
00000000
00000000
00000000
00000000
00000000
00000000
00000000
00000000
00000000
00000000
00000000
00000000
00000000
00000000
00000000
00000000
00000000
00000000
00000000
00000000
00000000
00000000
00000000
00000000
00000000
00000000
00000000
00000000
00000000
00000000
00000000
00000000
00000000
00000000
00000000
00000000
00000000
00000000
00000000
00000000
00000000
00000000
00000000
00000000
00000000
00000000
00000000
00000000
00000000
00000000
00000000
00000000
00000000
00000000
00000000
00000000
00000000
00000000
00000000
00000000
00000000
00000000
00000000
00000000
00000000
00000000
00000000
00000000
00000000
00000000
00000000
00000000
00000000
00000000
00000000
00000000
00000000
00000000
00000000
00000000
00000000
00000000
00000000
00000000
00000000
00000000
00000000
00000000
00000000
00000000
00000000
00000000
00000000
00000000
00000000
00000000
00000000
00000000
00000000
00000000
00000000
00000000
00000000
00000000
00000000
00000000
00000000
00000000
00000000
00000000
00000000
00000000
00000000
00000000
00000000
00000000
00000000
00000000
00000000
00000000
00000000
00000000
00000000
00000000
00000000
00000000
00000000
00000000
00000000
00000000
00000000
00000000
00000000
00000000
00000000
00000000
00000000
00000000
00000000
00000000
00000000
00000000
00000000
00000000
00000000
00000000
00000000
00000000
00000000
00000000
00000000
00000000
00000000
00000000
00000000
00000000
00000000
00000000
00000000
00000000
00000000
00000000
00000000
00000000
00000000
00000000
00000000
00000000
00000000
00000000
00000000
00000000
00000000
00000000
00000000
00000000
00000000
00000000
00000000
00000000
00000000
00000000
00000000
00000000
00000000
00000000
00000000
00000000
00000000
00000000
00000000
00000000
00000000
00000000
00000000
00000000
00000000
00000000
00000000
00000000
00000000
00000000
00000000
00000000
00000000
00000000
00000000
00000000
00000000
00000000
00000000
00000000
00000000
00000000
00000000
00000000
00000000
00000000
00000000
00000000
00000000
00000000
00000000
00000000
00000000
00000000
00000000
00000000
00000000
00000000
00000000
00000000
00000000
00000000
00000000
00000000
00000000
00000000
00000000
00000000
00000000
00000000
00000000
00000000
00000000
00000000
00000000
00000000
00000000
00000000
00000000
00000000
00000000
00000000
00000000
00000000
00000000
00000000
00000000
00000000
00000000
00000000
00000000
00000000
00000000
00000000
00000000
00000000
00000000
00000000
00000000
00000000
00000000
00000000
00000000
00000000
00000000
00000000
00000000
00000000
00000000
00000000
00000000
00000000
00000000
00000000
00000000
00000000
00000000
00000000
00000000
00000000
00000000
00000000
00000000
00000000
00000000
00000000
00000000
00000000
00000000
00000000
00000000
00000000
00000000
00000000
00000000
00000000
00000000
00000000
00000000
00000000
00000000
00000000
00000000
00000000
00000000
00000000
00000000
00000000
00000000
00000000
00000000
00000000
00000000
00000000
00000000
00000000
00000000
00000000
00000000
00000000
00000000
00000000
00000000
00000000
00000000
00000000
00000000
00000000
00000000
00000000
00000000
00000000
00000000
00000000
00000000
00000000
00000000
00000000
00000000
00000000
00000000
00000000
00000000
00000000
00000000
00000000
00000000
00000000
00000000
00000000
00000000
00000000
00000000
00000000
00000000
00000000
00000000
00000000
00000000
00000000
00000000
00000000
00000000
00000000
00000000
00000000
00000000
00000000
00000000
00000000
00000000
00000000
00000000
00000000
00000000
00000000
00000000
00000000
00000000
00000000
00000000
00000000
00000000
00000000
00000000
00000000
00000000
00000000
00000000
00000000
00000000
00000000
00000000
00000000
00000000
00000000
00000000
00000000
00000000
00000000
00000000
00000000
00000000
00000000
00000000
00000000
00000000
00000000
00000000
00000000
00000000
00000000
00000000
00000000
00000000
00000000
00000000
00000000
00000000
00000000
00000000
00000000
00000000
00000000
00000000
00000000
00000000
00000000
00000000
00000000
00000000
00000000
00000000
00000000
00000000
00000000
00000000
00000000
00000000
00000000
00000000
00000000
00000000
00000000
00000000
00000000
00000000
00000000
00000000
00000000
00000000
00000000
00000000
00000000
00000000
00000000
00000000
00000000
00000000
00000000
00000000
00000000
00000000
00000000
00000000
00000000
00000000
00000000
00000000
00000000
00000000
00000000
00000000
00000000
00000000
00000000
00000000
00000000
00000000
00000000
00000000
00000000
00000000
00000000
00000000
00000000
00000000
00000000
00000000
00000000
00000000
00000000
00000000
00000000
00000000
00000000
00000000
00000000
00000000
00000000
00000000
00000000
00000000
00000000
00000000
00000000
00000000
00000000
00000000
00000000
00000000
00000000
00000000
00000000
00000000
00000000
00000000
00000000
00000000
00000000
00000000
00000000
00000000
00000000
00000000
00000000
00000000
00000000
00000000
00000000
00000000
00000000
00000000
00000000
00000000
00000000
00000000
00000000
00000000
00000000
00000000
00000000
00000000
00000000
00000000
00000000
00000000
00000000
00000000
00000000
00000000
00000000
00000000
00000000
00000000
00000000
00000000
00000000
00000000
00000000
00000000
00000000
00000000
00000000
00000000
00000000
00000000
00000000
00000000
00000000
00000000
00000000
00000000
00000000
00000000
00000000
00000000
00000000
00000000
00000000
00000000
00000000
00000000
00000000
00000000
00000000
00000000
00000000
00000000
00000000
00000000
00000000
00000000
00000000
00000000
00000000
00000000
00000000
00000000
00000000
00000000
00000000
00000000
00000000
00000000
00000000
00000000
00000000
00000000
00000000
00000000
00000000
00000000
00000000
00000000
00000000
00000000
00000000
00000000
00000000
00000000
00000000
00000000
00000000
00000000
00000000
00000000
00000000
00000000
00000000
00000000
00000000
00000000
00000000
00000000
00000000
00000000
00000000
00000000
00000000
00000000
00000000
00000000
00000000
00000000
00000000
00000000
00000000
00000000
00000000
00000000
00000000
00000000
00000000
00000000
00000000
00000000
00000000
00000000
00000000
00000000
00000000
00000000
00000000
00000000
00000000
00000000
00000000
00000000
00000000
00000000
00000000
00000000
00000000
00000000
00000000
00000000
00000000
00000000
00000000
00000000
00000000
00000000
00000000
00000000
00000000
00000000
00000000
00000000
00000000
00000000
00000000
00000000
00000000
00000000
00000000
00000000
00000000
00000000
00000000
00000000
00000000
00000000
00000000
00000000
00000000
00000000
00000000
00000000
00000000
00000000
00000000
00000000
00000000
00000000
00000000
00000000
00000000
00000000
00000000
00000000
00000000
00000000
00000000
00000000
00000000
00000000
00000000
00000000
00000000
00000000
00000000
00000000
00000000
00000000
00000000
00000000
00000000
00000000
00000000
00000000
00000000
00000000
00000000
00000000
00000000
00000000
00000000
00000000
00000000
00000000
00000000
00000000
00000000
00000000
00000000
00000000
00000000
00000000
00000000
00000000
00000000
00000000
00000000
00000000
00000000
00000000
00000000
00000000
00000000
00000000
00000000
00000000
00000000
00000000
00000000
00000000
00000000
00000000
00000000
00000000
00000000
00000000
00000000
00000000
00000000
00000000
00000000
00000000
00000000
00000000
00000000
00000000
00000000
00000000
00000000
00000000
00000000
00000000
00000000
00000000
00000000
00000000
00000000
00000000
00000000
00000000
00000000
00000000
00000000
00000000
00000000
00000000
00000000
00000000
00000000
00000000
00000000
00000000
00000000
00000000
00000000
00000000
00000000
00000000
00000000
00000000
00000000
00000000
00000000
00000000
00000000
00000000
00000000
00000000
00000000
00000000
00000000
00000000
00000000
00000000
00000000
00000000
00000000
00000000
00000000
00000000
00000000
00000000
00000000
00000000
00000000
00000000
00000000
00000000
00000000
00000000
00000000
00000000
00000000
00000000
00000000
00000000
00000000
00000000
00000000
00000000
00000000
00000000
00000000
00000000
00000000
00000000
00000000
00000000
00000000
00000000
00000000
00000000
00000000
00000000
00000000
00000000
00000000
00000000
00000000
00000000
00000000
00000000
00000000
00000000
00000000
00000000
00000000
00000000
00000000
00000000
00000000
00000000
00000000
00000000
00000000
00000000
00000000
00000000
00000000
00000000
00000000
00000000
00000000
00000000
00000000
00000000
00000000
00000000
00000000
00000000
00000000
00000000
00000000
00000000
00000000
00000000
00000000
00000000
00000000
00000000
00000000
00000000
00000000
00000000
00000000
00000000
00000000
00000000
00000000
00000000
00000000
00000000
00000000
00000000
00000000
00000000
00000000
00000000
00000000
00000000
00000000
00000000
00000000
00000000
00000000
00000000
00000000
00000000
00000000
00000000
00000000
00000000
00000000
00000000
00000000
00000000
00000000
00000000
00000000
00000000
00000000
00000000
00000000
00000000
00000000
00000000
00000000
00000000
00000000
00000000
00000000
00000000
00000000
00000000
00000000
00000000
00000000
00000000
00000000
00000000
00000000
00000000
00000000
00000000
00000000
00000000
00000000
00000000
00000000
00000000
00000000
00000000
00000000
00000000
00000000
00000000
00000000
00000000
00000000
00000000
00000000
00000000
00000000
00000000
00000000
00000000
00000000
00000000
00000000
00000000
00000000
00000000
00000000
00000000
00000000
00000000
00000000
00000000
00000000
00000000
00000000
00000000
00000000
00000000
00000000
00000000
00000000
00000000
00000000
00000000
00000000
00000000
00000000
00000000
00000000
00000000
00000000
00000000
00000000
00000000
00000000
00000000
00000000
00000000
00000000
00000000
00000000
00000000
00000000
00000000
00000000
00000000
00000000
00000000
00000000
00000000
00000000
00000000
00000000
00000000
00000000
00000000
00000000
00000000
00000000
00000000
00000000
00000000
00000000
00000000
00000000
00000000
00000000
00000000
00000000
00000000
00000000
00000000
00000000
00000000
00000000
00000000
00000000
00000000
00000000
00000000
00000000
00000000
00000000
00000000
00000000
00000000
00000000
00000000
00000000
00000000
00000000
00000000
00000000
00000000
00000000
00000000
00000000
00000000
00000000
00000000
00000000
00000000
00000000
00000000
00000000
00000000
00000000
00000000
00000000
00000000
00000000
00000000
00000000
00000000
00000000
00000000
00000000
00000000
00000000
00000000
00000000
00000000
00000000
00000000
00000000
00000000
00000000
00000000
00000000
00000000
00000000
00000000
00000000
00000000
00000000
00000000
00000000
00000000
00000000
00000000
00000000
00000000
00000000
00000000
00000000
00000000
00000000
00000000
00000000
00000000
00000000
00000000
00000000
00000000
00000000
00000000
00000000
00000000
00000000
00000000
00000000
00000000
00000000
00000000
00000000
00000000
00000000
00000000
00000000
00000000
00000000
00000000
00000000
00000000
00000000
00000000
00000000
00000000
00000000
00000000
00000000
00000000
00000000
00000000
00000000
00000000
00000000
00000000
00000000
00000000
00000000
00000000
00000000
00000000
00000000
00000000
00000000
00000000
00000000
00000000
00000000
00000000
00000000
00000000
00000000
00000000
00000000
00000000
00000000
00000000
00000000
00000000
00000000
00000000
00000000
00000000
00000000
00000000
00000000
00000000
00000000
00000000
00000000
00000000
00000000
00000000
00000000
00000000
00000000
00000000
00000000
00000000
00000000
00000000
00000000
00000000
00000000
00000000
00000000
00000000
00000000
00000000
00000000
00000000
00000000
00000000
00000000
00000000
00000000
00000000
00000000
00000000
00000000
00000000
00000000
00000000
00000000
00000000
00000000
00000000
00000000
00000000
00000000
00000000
00000000
00000000
00000000
00000000
00000000
00000000
00000000
00000000
00000000
00000000
00000000
00000000
00000000
00000000
00000000
00000000
00000000
00000000
00000000
00000000
00000000
00000000
00000000
00000000
00000000
00000000
00000000
00000000
00000000
00000000
00000000
00000000
00000000
00000000
00000000
00000000
00000000
00000000
00000000
00000000
00000000
00000000
00000000
00000000
00000000
00000000
00000000
00000000
00000000
00000000
00000000
00000000
00000000
00000000
00000000
00000000
00000000
00000000
00000000
00000000
00000000
00000000
00000000
00000000
00000000
00000000
00000000
00000000
00000000
00000000
00000000
00000000
00000000
00000000
00000000
00000000
00000000
00000000
00000000
00000000
00000000
00000000
00000000
00000000
00000000
00000000
00000000
00000000
00000000
00000000
00000000
00000000
00000000
00000000
00000000
00000000
00000000
00000000
00000000
00000000
00000000
00000000
00000000
00000000
00000000
00000000
00000000
00000000
00000000
00000000
00000000
00000000
00000000
00000000
00000000
00000000
00000000
00000000
00000000
00000000
00000000
00000000
00000000
00000000
00000000
00000000
00000000
00000000
00000000
00000000
00000000
00000000
00000000
00000000
00000000
00000000
00000000
00000000
00000000
00000000
00000000
00000000
00000000
00000000
00000000
00000000
00000000
00000000
00000000
00000000
00000000
00000000
00000000
00000000
00000000
00000000
00000000
00000000
00000000
00000000
00000000
00000000
00000000
00000000
00000000
00000000
00000000
00000000
00000000
00000000
00000000
00000000
00000000
00000000
00000000
00000000
00000000
00000000
00000000
00000000
00000000
00000000
00000000
00000000
00000000
00000000
00000000
00000000
00000000
00000000
00000000
00000000
00000000
00000000
00000000
00000000
00000000
00000000
00000000
00000000
00000000
00000000
00000000
00000000
00000000
00000000
00000000
00000000
00000000
00000000
00000000
00000000
00000000
00000000
00000000
00000000
00000000
00000000
00000000
00000000
00000000
00000000
00000000
00000000
00000000
00000000
00000000
00000000
00000000
00000000
00000000
00000000
00000000
00000000
00000000
00000000
00000000
00000000
00000000
00000000
00000000
00000000
00000000
00000000
00000000
00000000
00000000
00000000
00000000
00000000
00000000
00000000
00000000
00000000
00000000
00000000
00000000
00000000
00000000
00000000
00000000
00000000
00000000
00000000
00000000
00000000
00000000
00000000
00000000
00000000
00000000
00000000
00000000
00000000
00000000
00000000
00000000
00000000
00000000
00000000
00000000
00000000
00000000
00000000
00000000
00000000
00000000
00000000
00000000
00000000
00000000
00000000
00000000
00000000
00000000
00000000
00000000
00000000
00000000
00000000
00000000
00000000
00000000
00000000
00000000
00000000
00000000
00000000
00000000
00000000
00000000
00000000
00000000
00000000
00000000
00000000
00000000
00000000
00000000
00000000
00000000
00000000
00000000
00000000
00000000
00000000
00000000
00000000
00000000
00000000
00000000
00000000
00000000
00000000
00000000
00000000
00000000
00000000
00000000
00000000
00000000
00000000
00000000
00000000
00000000
00000000
00000000
00000000
00000000
00000000
00000000
00000000
00000000
00000000
00000000
00000000
00000000
00000000
00000000
00000000
00000000
00000000
00000000
00000000
00000000
00000000
00000000
00000000
00000000
00000000
00000000
00000000
00000000
00000000
00000000
00000000
00000000
00000000
00000000
00000000
00000000
00000000
00000000
00000000
00000000
00000000
00000000
00000000
00000000
00000000
00000000
00000000
00000000
00000000
00000000
00000000
00000000
00000000
00000000
00000000
00000000
00000000
00000000
00000000
00000000
00000000
00000000
00000000
00000000
00000000
00000000
00000000
00000000
00000000
00000000
00000000
00000000
00000000
00000000
00000000
00000000
00000000
00000000
00000000
00000000
00000000
00000000
00000000
00000000
00000000
00000000
00000000
00000000
00000000
00000000
00000000
00000000
00000000
00000000
00000000
00000000
00000000
00000000
00000000
00000000
00000000
00000000
00000000
00000000
00000000
00000000
00000000
00000000
00000000
00000000
00000000
00000000
00000000
00000000
00000000
00000000
00000000
00000000
00000000
00000000
00000000
00000000
00000000
00000000
00000000
00000000
00000000
00000000
00000000
00000000
00000000
00000000
00000000
00000000
00000000
00000000
00000000
00000000
00000000
00000000
00000000
00000000
00000000
00000000
00000000
00000000
00000000
00000000
00000000
00000000
00000000
00000000
00000000
00000000
00000000
00000000
00000000
00000000
00000000
00000000
00000000
00000000
00000000
00000000
00000000
00000000
00000000
00000000
00000000
00000000
00000000
00000000
00000000
00000000
00000000
00000000
00000000
00000000
00000000
00000000
00000000
00000000
00000000
00000000
00000000
00000000
00000000
00000000
00000000
00000000
00000000
00000000
00000000
00000000
00000000
00000000
00000000
00000000
00000000
00000000
00000000
00000000
00000000
00000000
00000000
00000000
00000000
00000000
00000000
00000000
00000000
00000000
00000000
00000000
00000000
00000000
00000000
00000000
00000000
00000000
00000000
00000000
00000000
00000000
00000000
00000000
00000000
00000000
00000000
00000000
00000000
00000000
00000000
00000000
00000000
00000000
00000000
00000000
00000000
00000000
00000000
00000000
00000000
00000000
00000000
00000000
00000000
00000000
00000000
00000000
00000000
00000000
00000000
00000000
00000000
00000000
00000000
00000000
00000000
00000000
00000000
00000000
00000000
00000000
00000000
00000000
00000000
00000000
00000000
00000000
00000000
00000000
00000000
00000000
00000000
00000000
00000000
00000000
00000000
00000000
00000000
00000000
00000000
00000000
00000000
00000000
00000000
00000000
00000000
00000000
00000000
00000000
00000000
00000000
00000000
00000000
00000000
00000000
00000000
00000000
00000000
00000000
00000000
00000000
00000000
00000000
00000000
00000000
00000000
00000000
00000000
00000000
00000000
00000000
00000000
00000000
00000000
00000000
00000000
00000000
00000000
00000000
00000000
00000000
00000000
00000000
00000000
00000000
00000000
00000000
00000000
00000000
00000000
00000000
00000000
00000000
00000000
00000000
00000000
00000000
00000000
00000000
00000000
00000000
00000000
00000000
00000000
00000000
00000000
00000000
00000000
00000000
00000000
00000000
00000000
00000000
00000000
00000000
00000000
00000000
00000000
00000000
00000000
00000000
00000000
00000000
00000000
00000000
00000000
00000000
00000000
00000000
00000000
00000000
00000000
00000000
00000000
00000000
00000000
00000000
00000000
00000000
00000000
00000000
00000000
00000000
00000000
00000000
00000000
00000000
00000000
00000000
00000000
00000000
00000000
00000000
00000000
00000000
00000000
00000000
00000000
00000000
00000000
00000000
00000000
00000000
00000000
00000000
00000000
00000000
00000000
00000000
00000000
00000000
00000000
00000000
00000000
00000000
00000000
00000000
00000000
00000000
00000000
00000000
00000000
00000000
00000000
00000000
00000000
00000000
00000000
00000000
00000000
00000000
00000000
00000000
00000000
00000000
00000000
00000000
00000000
00000000
00000000
00000000
00000000
00000000
00000000
00000000
00000000
00000000
00000000
00000000
00000000
00000000
00000000
00000000
00000000
00000000
00000000
00000000
00000000
00000000
00000000
00000000
00000000
00000000
00000000
00000000
00000000
00000000
00000000
00000000
00000000
00000000
00000000
00000000
00000000
00000000
00000000
00000000
00000000
00000000
00000000
00000000
00000000
00000000
00000000
00000000
00000000
00000000
00000000
00000000
00000000
00000000
00000000
00000000
00000000
00000000
00000000
00000000
00000000
00000000
00000000
00000000
00000000
00000000
00000000
00000000
00000000
00000000
00000000
00000000
00000000
00000000
00000000
00000000
00000000
00000000
00000000
00000000
00000000
00000000
00000000
00000000
00000000
00000000
00000000
00000000
00000000
00000000
00000000
00000000
00000000
00000000
00000000
00000000
00000000
00000000
00000000
00000000
00000000
00000000
00000000
00000000
00000000
00000000
00000000
00000000
00000000
00000000
00000000
00000000
00000000
00000000
00000000
00000000
00000000
00000000
00000000
00000000
00000000
00000000
00000000
00000000
00000000
00000000
00000000
00000000
00000000
00000000
00000000
00000000
00000000
00000000
00000000
00000000
00000000
00000000
00000000
00000000
00000000
00000000
00000000
00000000
00000000
00000000
00000000
00000000
00000000
00000000
00000000
00000000
00000000
00000000
00000000
00000000
00000000
00000000
00000000
00000000
00000000
00000000
00000000
00000000
00000000
00000000
00000000
00000000
00000000
00000000
00000000
00000000
00000000
00000000
00000000
00000000
00000000
00000000
00000000
00000000
00000000
00000000
00000000
00000000
00000000
00000000
00000000
00000000
00000000
00000000
00000000
00000000
00000000
00000000
00000000
00000000
00000000
00000000
00000000
00000000
00000000
00000000
00000000
00000000
00000000
00000000
00000000
00000000
00000000
00000000
00000000
00000000
00000000
00000000
00000000
00000000
00000000
00000000
00000000
00000000
00000000
00000000
00000000
00000000
00000000
00000000
00000000
00000000
00000000
00000000
00000000
00000000
00000000
00000000
00000000
00000000
00000000
00000000
00000000
00000000
00000000
00000000
00000000
00000000
00000000
00000000
00000000
00000000
00000000
00000000
00000000
00000000
00000000
00000000
00000000
00000000
00000000
00000000
00000000
00000000
00000000
00000000
00000000
00000000
00000000
00000000
00000000
00000000
00000000
00000000
00000000
00000000
00000000
00000000
00000000
00000000
00000000
00000000
00000000
00000000
00000000
00000000
00000000
00000000
00000000
00000000
00000000
00000000
00000000
00000000
00000000
00000000
00000000
00000000
00000000
00000000
00000000
00000000
00000000
00000000
00000000
00000000
00000000
00000000
00000000
00000000
00000000
00000000
00000000
00000000
00000000
00000000
00000000
00000000
00000000
00000000
00000000
00000000
00000000
00000000
00000000
00000000
00000000
00000000
00000000
00000000
00000000
00000000
00000000
00000000
00000000
00000000
00000000
00000000
00000000
00000000
00000000
00000000
00000000
00000000
00000000
00000000
00000000
00000000
00000000
00000000
00000000
00000000
00000000
00000000
00000000
00000000
00000000
00000000
00000000
00000000
00000000
00000000
00000000
00000000
00000000
00000000
00000000
00000000
00000000
00000000
00000000
00000000
00000000
00000000
00000000
00000000
00000000
00000000
00000000
00000000
00000000
00000000
00000000
00000000
00000000
00000000
00000000
00000000
00000000
00000000
00000000
00000000
00000000
00000000
00000000
00000000
00000000
00000000
00000000
00000000
00000000
00000000
00000000
00000000
00000000
00000000
00000000
00000000
00000000
00000000
00000000
00000000
00000000
00000000
00000000
00000000
00000000
00000000
00000000
00000000
00000000
00000000
00000000
00000000
00000000
00000000
00000000
00000000
00000000
00000000
00000000
00000000
00000000
00000000
00000000
00000000
00000000
00000000
00000000
00000000
00000000
00000000
00000000
00000000
00000000
00000000
00000000
00000000
00000000
00000000
00000000
00000000
00000000
00000000
00000000
00000000
00000000
00000000
00000000
00000000
00000000
00000000
00000000
00000000
00000000
00000000
00000000
00000000
00000000
00000000
00000000
00000000
00000000
00000000
00000000
00000000
00000000
00000000
00000000
00000000
00000000
00000000
00000000
00000000
00000000
00000000
00000000
00000000
00000000
00000000
00000000
00000000
00000000
00000000
00000000
00000000
00000000
00000000
00000000
00000000
00000000
00000000
00000000
00000000
00000000
00000000
00000000
00000000
00000000
00000000
00000000
00000000
00000000
00000000
00000000
00000000
00000000
00000000
00000000
00000000
00000000
00000000
00000000
00000000
00000000
00000000
00000000
00000000
00000000
00000000
00000000
00000000
00000000
00000000
00000000
00000000
00000000
00000000
00000000
00000000
00000000
00000000
00000000
00000000
00000000
00000000
00000000
00000000
00000000
00000000
00000000
00000000
00000000
00000000
00000000
00000000
00000000
00000000
00000000
00000000
00000000
00000000
00000000
00000000
00000000
00000000
00000000
00000000
00000000
00000000
00000000
00000000
00000000
00000000
00000000
00000000
00000000
00000000
00000000
00000000
00000000
00000000
00000000
00000000
00000000
00000000
00000000
00000000
00000000
00000000
00000000
00000000
00000000
00000000
00000000
00000000
00000000
00000000
00000000
00000000
00000000
00000000
00000000
00000000
00000000
00000000
00000000
00000000
00000000
00000000
00000000
00000000
00000000
00000000
00000000
00000000
00000000
00000000
00000000
00000000
00000000
00000000
00000000
00000000
00000000
00000000
00000000
00000000
00000000
00000000
00000000
00000000
00000000
00000000
00000000
00000000
00000000
00000000
00000000
00000000
00000000
00000000
00000000
00000000
00000000
00000000
00000000
00000000
00000000
00000000
00000000
00000000
00000000
00000000
00000000
00000000
00000000
00000000
00000000
00000000
00000000
00000000
00000000
00000000
00000000
00000000
00000000
00000000
00000000
00000000
00000000
00000000
00000000
00000000
00000000
00000000
00000000
00000000
00000000
00000000
00000000
00000000
00000000
00000000
00000000
00000000
00000000
00000000
00000000
00000000
00000000
00000000
00000000
00000000
00000000
00000000
00000000
00000000
00000000
00000000
00000000
00000000
00000000
00000000
00000000
00000000
00000000
00000000
00000000
00000000
00000000
00000000
00000000
00000000
00000000
00000000
00000000
00000000
00000000
00000000
00000000
00000000
00000000
00000000
00000000
00000000
00000000
00000000
00000000
00000000
00000000
00000000
00000000
00000000
00000000
00000000
00000000
00000000
00000000
00000000
00000000
00000000
00000000
00000000
00000000
00000000
00000000
00000000
00000000
00000000
00000000
00000000
00000000
00000000
00000000
00000000
00000000
00000000
00000000
00000000
00000000
00000000
00000000
00000000
00000000
00000000
00000000
00000000
00000000
00000000
00000000
00000000
00000000
00000000
00000000
00000000
00000000
00000000
00000000
00000000
00000000
00000000
00000000
00000000
00000000
00000000
00000000
00000000
00000000
00000000
00000000
00000000
00000000
00000000
00000000
00000000
00000000
00000000
00000000
00000000
00000000
00000000
00000000
00000000
00000000
00000000
00000000
00000000
00000000
00000000
00000000
00000000
00000000
00000000
00000000
00000000
00000000
00000000
00000000
00000000
00000000
00000000
00000000
00000000
00000000
00000000
00000000
00000000
00000000
00000000
00000000
00000000
00000000
00000000
00000000
00000000
00000000
00000000
00000000
00000000
00000000
00000000
00000000
00000000
00000000
00000000
00000000
00000000
00000000
00000000
00000000
00000000
00000000
00000000
00000000
00000000
00000000
00000000
00000000
00000000
00000000
00000000
00000000
00000000
00000000
00000000
00000000
00000000
00000000
00000000
00000000
00000000
00000000
00000000
00000000
00000000
00000000
00000000
00000000
00000000
00000000
00000000
00000000
00000000
00000000
00000000
00000000
00000000
00000000
00000000
00000000
00000000
00000000
00000000
00000000
00000000
00000000
00000000
00000000
00000000
00000000
00000000
00000000
00000000
00000000
00000000
00000000
00000000
00000000
00000000
00000000
00000000
00000000
00000000
00000000
00000000
00000000
00000000
00000000
00000000
00000000
00000000
00000000
00000000
00000000
00000000
00000000
00000000
00000000
00000000
00000000
00000000
00000000
00000000
00000000
00000000
00000000
00000000
00000000
00000000
00000000
00000000
00000000
00000000
00000000
00000000
00000000
00000000
00000000
00000000
00000000
00000000
00000000
00000000
00000000
00000000
00000000
00000000
00000000
00000000
00000000
00000000
00000000
00000000
00000000
00000000
00000000
00000000
00000000
00000000
00000000
00000000
00000000
00000000
00000000
00000000
00000000
00000000
00000000
00000000
00000000
00000000
00000000
00000000
00000000
00000000
00000000
00000000
00000000
00000000
00000000
00000000
00000000
00000000
00000000
00000000
00000000
00000000
00000000
00000000
00000000
00000000
00000000
00000000
00000000
00000000
00000000
00000000
00000000
00000000
00000000
00000000
00000000
00000000
00000000
00000000
00000000
00000000
00000000
00000000
00000000
00000000
00000000
00000000
00000000
00000000
00000000
00000000
00000000
00000000
00000000
00000000
00000000
00000000
00000000
00000000
00000000
00000000
00000000
00000000
00000000
00000000
00000000
00000000
00000000
00000000
00000000
00000000
00000000
00000000
00000000
00000000
00000000
00000000
00000000
00000000
00000000
00000000
00000000
00000000
00000000
00000000
00000000
00000000
00000000
00000000
00000000
00000000
00000000
00000000
00000000
00000000
00000000
00000000
00000000
00000000
00000000
00000000
00000000
00000000
00000000
00000000
00000000
00000000
00000000
00000000
00000000
00000000
00000000
00000000
00000000
00000000
00000000
00000000
00000000
00000000
00000000
00000000
00000000
00000000
00000000
00000000
00000000
00000000
00000000
00000000
00000000
00000000
00000000
00000000
00000000
00000000
00000000
00000000
00000000
00000000
00000000
00000000
00000000
00000000
00000000
00000000
00000000
00000000
00000000
00000000
00000000
00000000
00000000
00000000
00000000
00000000
00000000
00000000
00000000
00000000
00000000
00000000
00000000
00000000
00000000
00000000
00000000
00000000
00000000
00000000
00000000
00000000
00000000
00000000
00000000
00000000
00000000
00000000
00000000
00000000
00000000
00000000
00000000
00000000
00000000
00000000
00000000
00000000
00000000
00000000
00000000
00000000
00000000
00000000
00000000
00000000
00000000
00000000
00000000
00000000
00000000
00000000
00000000
00000000
00000000
00000000
00000000
00000000
00000000
00000000
00000000
00000000
00000000
00000000
00000000
00000000
00000000
00000000
00000000
00000000
00000000
00000000
00000000
00000000
00000000
00000000
00000000
00000000
00000000
00000000
00000000
00000000
00000000
00000000
00000000
00000000
00000000
00000000
00000000
00000000
00000000
00000000
00000000
00000000
00000000
00000000
00000000
00000000
00000000
00000000
00000000
00000000
00000000
00000000
00000000
00000000
00000000
00000000
00000000
00000000
00000000
00000000
00000000
00000000
00000000
00000000
00000000
00000000
00000000
00000000
00000000
00000000
00000000
00000000
00000000
00000000
00000000
00000000
00000000
00000000
00000000
00000000
00000000
00000000
00000000
00000000
00000000
00000000
00000000
00000000
00000000
00000000
00000000
00000000
00000000
00000000
00000000
00000000
00000000
00000000
00000000
00000000
00000000
00000000
00000000
00000000
00000000
00000000
00000000
00000000
00000000
00000000
00000000
00000000
00000000
00000000
00000000
00000000
00000000
00000000
00000000
00000000
00000000
00000000
00000000
00000000
00000000
00000000
00000000
00000000
00000000
00000000
00000000
00000000
00000000
00000000
00000000
00000000
00000000
00000000
00000000
00000000
00000000
00000000
00000000
00000000
00000000
00000000
00000000
00000000
00000000
00000000
00000000
00000000
00000000
00000000
00000000
00000000
00000000
00000000
00000000
00000000
00000000
00000000
00000000
00000000
00000000
00000000
00000000
00000000
00000000
00000000
00000000
00000000
00000000
00000000
00000000
00000000
00000000
00000000
00000000
00000000
00000000
00000000
00000000
00000000
00000000
00000000
00000000
00000000
00000000
00000000
00000000
00000000
00000000
00000000
00000000
00000000
00000000
00000000
00000000
00000000
00000000
00000000
00000000
00000000
00000000
00000000
00000000
00000000
00000000
00000000
00000000
00000000
00000000
00000000
00000000
00000000
00000000
00000000
00000000
00000000
00000000
00000000
00000000
00000000
00000000
00000000
00000000
00000000
00000000
00000000
00000000
00000000
00000000
00000000
00000000
00000000
00000000
00000000
00000000
00000000
00000000
00000000
00000000
00000000
00000000
00000000
00000000
00000000
00000000
00000000
00000000
00000000
00000000
00000000
00000000
00000000
00000000
00000000
00000000
00000000
00000000
00000000
00000000
00000000
00000000
00000000
00000000
00000000
00000000
00000000
00000000
00000000
00000000
00000000
00000000
00000000
00000000
00000000
00000000
00000000
00000000
00000000
00000000
00000000
00000000
00000000
00000000
00000000
00000000
00000000
00000000
00000000
00000000
00000000
00000000
00000000
00000000
00000000
00000000
00000000
00000000
00000000
00000000
00000000
00000000
00000000
00000000
00000000
00000000
00000000
00000000
00000000
00000000
00000000
00000000
00000000
00000000
00000000
00000000
00000000
00000000
00000000
00000000
00000000
00000000
00000000
00000000
00000000
00000000
00000000
00000000
00000000
00000000
00000000
00000000
00000000
00000000
00000000
00000000
00000000
00000000
00000000
00000000
00000000
00000000
00000000
00000000
00000000
00000000
00000000
00000000
00000000
00000000
00000000
00000000
00000000
00000000
00000000
00000000
00000000
00000000
00000000
00000000
00000000
00000000
00000000
00000000
00000000
00000000
00000000
00000000
00000000
00000000
00000000
00000000
00000000
00000000
00000000
00000000
00000000
00000000
00000000
00000000
00000000
00000000
00000000
00000000
00000000
00000000
00000000
00000000
00000000
00000000
00000000
00000000
00000000
00000000
00000000
00000000
00000000
00000000
00000000
00000000
00000000
00000000
00000000
00000000
00000000
00000000
00000000
00000000
00000000
00000000
00000000
00000000
00000000
00000000
00000000
00000000
00000000
00000000
00000000
00000000
00000000
00000000
00000000
00000000
00000000
00000000
00000000
00000000
00000000
00000000
00000000
00000000
00000000
00000000
00000000
00000000
00000000
00000000
00000000
00000000
00000000
00000000
00000000
00000000
00000000
00000000
00000000
00000000
00000000
00000000
00000000
00000000
00000000
00000000
00000000
00000000
00000000
00000000
00000000
00000000
00000000
00000000
00000000
00000000
00000000
00000000
00000000
00000000
00000000
00000000
00000000
00000000
00000000
00000000
00000000
00000000
00000000
00000000
00000000
00000000
00000000
00000000
00000000
00000000
00000000
00000000
00000000
00000000
00000000
00000000
00000000
00000000
00000000
00000000
00000000
00000000
00000000
00000000
00000000
00000000
00000000
00000000
00000000
00000000
00000000
00000000
00000000
00000000
00000000
00000000
00000000
00000000
00000000
00000000
00000000
00000000
00000000
00000000
00000000
00000000
00000000
00000000
00000000
00000000
00000000
00000000
00000000
00000000
00000000
00000000
00000000
00000000
00000000
00000000
00000000
00000000
00000000
00000000
00000000
00000000
00000000
00000000
00000000
00000000
00000000
00000000
00000000
00000000
00000000
00000000
00000000
00000000
00000000
00000000
00000000
00000000
00000000
00000000
00000000
00000000
00000000
00000000
00000000
00000000
00000000
00000000
00000000
00000000
00000000
00000000
00000000
00000000
00000000
00000000
00000000
00000000
00000000
00000000
00000000
00000000
00000000
00000000
00000000
00000000
00000000
00000000
00000000
00000000
00000000
00000000
00000000
00000000
00000000
00000000
00000000
00000000
00000000
00000000
00000000
00000000
00000000
00000000
00000000
00000000
00000000
00000000
00000000
00000000
00000000
00000000
00000000
00000000
00000000
00000000
00000000
00000000
00000000
00000000
00000000
00000000
00000000
00000000
00000000
00000000
00000000
00000000
00000000
00000000
00000000
00000000
00000000
00000000
00000000
00000000
00000000
00000000
00000000
00000000
00000000
00000000
00000000
00000000
00000000
00000000
00000000
00000000
00000000
00000000
00000000
00000000
00000000
00000000
00000000
00000000
00000000
00000000
00000000
00000000
00000000
00000000
00000000
00000000
00000000
00000000
00000000
00000000
00000000
00000000
00000000
00000000
00000000
00000000
00000000
00000000
00000000
00000000
00000000
00000000
00000000
00000000
00000000
00000000
00000000
00000000
00000000
00000000
00000000
00000000
00000000
00000000
00000000
00000000
00000000
00000000
00000000
00000000
00000000
00000000
00000000
00000000
00000000
00000000
00000000
00000000
00000000
00000000
00000000
00000000
00000000
00000000
00000000
00000000
00000000
00000000
00000000
00000000
00000000
00000000
00000000
00000000
00000000
00000000
00000000
00000000
00000000
00000000
00000000
00000000
00000000
00000000
00000000
00000000
00000000
00000000
00000000
00000000
00000000
00000000
00000000
00000000
00000000
00000000
00000000
00000000
00000000
00000000
00000000
00000000
00000000
00000000
00000000
00000000
00000000
00000000
00000000
00000000
00000000
00000000
00000000
00000000
00000000
00000000
00000000
00000000
00000000
00000000
00000000
00000000
00000000
00000000
00000000
00000000
00000000
00000000
00000000
00000000
00000000
00000000
00000000
00000000
00000000
00000000
00000000
00000000
00000000
00000000
00000000
00000000
00000000
00000000
00000000
00000000
00000000
00000000
00000000
00000000
00000000
00000000
00000000
00000000
00000000
00000000
00000000
00000000
00000000
00000000
00000000
00000000
00000000
00000000
00000000
00000000
00000000
00000000
00000000
00000000
00000000
00000000
00000000
00000000
00000000
00000000
00000000
00000000
00000000
00000000
00000000
00000000
00000000
00000000
00000000
00000000
00000000
00000000
00000000
00000000
00000000
00000000
00000000
00000000
00000000
00000000
00000000
00000000
00000000
00000000
00000000
00000000
00000000
00000000
00000000
00000000
00000000
00000000
00000000
00000000
00000000
00000000
00000000
00000000
00000000
00000000
00000000
00000000
00000000
00000000
00000000
00000000
00000000
00000000
00000000
00000000
00000000
00000000
00000000
00000000
00000000
00000000
00000000
00000000
00000000
00000000
00000000
00000000
00000000
00000000
00000000
00000000
00000000
00000000
00000000
00000000
00000000
00000000
00000000
00000000
00000000
00000000
00000000
00000000
00000000
00000000
00000000
00000000
00000000
00000000
00000000
00000000
00000000
00000000
00000000
00000000
00000000
00000000
00000000
00000000
00000000
00000000
00000000
00000000
00000000
00000000
00000000
00000000
00000000
00000000
00000000
00000000
00000000
00000000
00000000
00000000
00000000
00000000
00000000
00000000
00000000
00000000
00000000
00000000
00000000
00000000
00000000
00000000
00000000
00000000
00000000
00000000
00000000
00000000
00000000
00000000
00000000
00000000
00000000
00000000
00000000
00000000
00000000
00000000
00000000
00000000
00000000
00000000
00000000
00000000
00000000
00000000
00000000
00000000
00000000
00000000
00000000
00000000
00000000
00000000
00000000
00000000
00000000
00000000
00000000
00000000
00000000
00000000
00000000
00000000
00000000
00000000
00000000
00000000
00000000
00000000
00000000
00000000
00000000
00000000
00000000
00000000
00000000
00000000
00000000
00000000
00000000
00000000
00000000
00000000
00000000
00000000
00000000
00000000
00000000
00000000
00000000
00000000
00000000
00000000
00000000
00000000
00000000
00000000
00000000
00000000
00000000
00000000
00000000
00000000
00000000
00000000
00000000
00000000
00000000
00000000
00000000
00000000
00000000
00000000
00000000
00000000
00000000
00000000
00000000
00000000
00000000
00000000
00000000
00000000
00000000
00000000
00000000
00000000
00000000
00000000
00000000
00000000
00000000
00000000
00000000
00000000
00000000
00000000
00000000
00000000
00000000
00000000
00000000
00000000
00000000
00000000
00000000
00000000
00000000
00000000
00000000
00000000
00000000
00000000
00000000
00000000
00000000
00000000
00000000
00000000
00000000
00000000
00000000
00000000
00000000
00000000
00000000
00000000
00000000
00000000
00000000
00000000
00000000
00000000
00000000
00000000
00000000
00000000
00000000
00000000
00000000
00000000
00000000
00000000
00000000
00000000
00000000
00000000
00000000
00000000
00000000
00000000
00000000
00000000
00000000
00000000
00000000
00000000
00000000
00000000
00000000
00000000
00000000
00000000
00000000
00000000
00000000
00000000
00000000
00000000
00000000
00000000
00000000
00000000
00000000
00000000
00000000
00000000
00000000
00000000
00000000
00000000
00000000
00000000
00000000
00000000
00000000
00000000
00000000
00000000
00000000
00000000
00000000
00000000
00000000
00000000
00000000
00000000
00000000
00000000
00000000
00000000
00000000
00000000
00000000
00000000
00000000
00000000
00000000
00000000
00000000
00000000
00000000
00000000
00000000
00000000
00000000
00000000
00000000
00000000
00000000
00000000
00000000
00000000
00000000
00000000
00000000
00000000
00000000
00000000
00000000
00000000
00000000
00000000
00000000
00000000
00000000
00000000
00000000
00000000
00000000
00000000
00000000
00000000
00000000
00000000
00000000
00000000
00000000
00000000
00000000
00000000
00000000
00000000
00000000
00000000
00000000
00000000
00000000
00000000
00000000
00000000
00000000
00000000
00000000
00000000
00000000
00000000
00000000
00000000
00000000
00000000
00000000
00000000
00000000
00000000
00000000
00000000
00000000
00000000
00000000
00000000
00000000
00000000
00000000
00000000
00000000
00000000
00000000
00000000
00000000
00000000
00000000
00000000
00000000
00000000
00000000
00000000
00000000
00000000
00000000
00000000
00000000
00000000
00000000
00000000
00000000
00000000
00000000
00000000
00000000
00000000
00000000
00000000
00000000
00000000
00000000
00000000
00000000
00000000
00000000
00000000
00000000
00000000
00000000
00000000
00000000
00000000
00000000
00000000
00000000
00000000
00000000
00000000
00000000
00000000
00000000
00000000
00000000
00000000
00000000
00000000
00000000
00000000
00000000
00000000
00000000
00000000
00000000
00000000
00000000
00000000
00000000
00000000
00000000
00000000
00000000
00000000
00000000
00000000
00000000
00000000
00000000
00000000
00000000
00000000
00000000
00000000
00000000
00000000
00000000
00000000
00000000
00000000
00000000
00000000
00000000
00000000
00000000
00000000
00000000
00000000
00000000
00000000
00000000
00000000
00000000
00000000
00000000
00000000
00000000
00000000
00000000
00000000
00000000
00000000
00000000
00000000
00000000
00000000
00000000
00000000
00000000
00000000
00000000
00000000
00000000
00000000
00000000
00000000
00000000
00000000
00000000
00000000
00000000
00000000
00000000
00000000
00000000
00000000
00000000
00000000
00000000
00000000
00000000
00000000
00000000
00000000
00000000
00000000
00000000
00000000
00000000
00000000
00000000
00000000
00000000
00000000
00000000
00000000
00000000
00000000
00000000
00000000
00000000
00000000
00000000
00000000
00000000
00000000
00000000
00000000
00000000
00000000
00000000
00000000
00000000
00000000
00000000
00000000
00000000
00000000
00000000
00000000
00000000
00000000
00000000
00000000
00000000
00000000
00000000
00000000
00000000
00000000
00000000
00000000
00000000
00000000
00000000
00000000
00000000
00000000
00000000
00000000
00000000
00000000
00000000
00000000
00000000
00000000
00000000
00000000
00000000
00000000
00000000
00000000
00000000
00000000
00000000
00000000
00000000
00000000
00000000
00000000
00000000
00000000
00000000
00000000
00000000
00000000
00000000
00000000
00000000
00000000
00000000
00000000
00000000
00000000
00000000
00000000
00000000
00000000
00000000
00000000
00000000
00000000
00000000
00000000
00000000
00000000
00000000
00000000
00000000
00000000
00000000
00000000
00000000
00000000
00000000
00000000
00000000
00000000
00000000
00000000
00000000
00000000
00000000
00000000
00000000
00000000
00000000
00000000
00000000
00000000
00000000
00000000
00000000
00000000
00000000
00000000
00000000
00000000
00000000
00000000
00000000
00000000
00000000
00000000
00000000
00000000
00000000
00000000
00000000
00000000
00000000
00000000
00000000
00000000
00000000
00000000
00000000
00000000
00000000
00000000
00000000
00000000
00000000
00000000
00000000
00000000
00000000
00000000
00000000
00000000
00000000
00000000
00000000
00000000
00000000
00000000
00000000
00000000
00000000
00000000
00000000
00000000
00000000
00000000
00000000
00000000
00000000
00000000
00000000
00000000
00000000
00000000
00000000
00000000
00000000
00000000
00000000
00000000
00000000
00000000
00000000
00000000
00000000
00000000
00000000
00000000
00000000
00000000
00000000
00000000
00000000
00000000
00000000
00000000
00000000
00000000
00000000
00000000
00000000
00000000
00000000
00000000
00000000
00000000
00000000
00000000
00000000
00000000
00000000
00000000
00000000
00000000
00000000
00000000
00000000
00000000
00000000
00000000
00000000
00000000
00000000
00000000
00000000
00000000
00000000
00000000
00000000
00000000
00000000
00000000
00000000
00000000
00000000
00000000
00000000
00000000
00000000
00000000
00000000
00000000
00000000
00000000
00000000
00000000
00000000
00000000
00000000
00000000
00000000
00000000
00000000
00000000
00000000
00000000
00000000
00000000
00000000
00000000
00000000
00000000
00000000
00000000
00000000
00000000
00000000
00000000
00000000
00000000
00000000
00000000
00000000
00000000
00000000
00000000
00000000
00000000
00000000
00000000
00000000
00000000
00000000
00000000
00000000
00000000
00000000
00000000
00000000
00000000
00000000
00000000
00000000
00000000
00000000
00000000
00000000
00000000
00000000
00000000
00000000
00000000
00000000
00000000
00000000
00000000
00000000
00000000
00000000
00000000
00000000
00000000
00000000
00000000
00000000
00000000
00000000
00000000
00000000
00000000
00000000
00000000
00000000
00000000
00000000
00000000
00000000
00000000
00000000
00000000
00000000
00000000
00000000
00000000
00000000
00000000
00000000
00000000
00000000
00000000
00000000
00000000
00000000
00000000
00000000
00000000
00000000
00000000
00000000
00000000
00000000
00000000
00000000
00000000
00000000
00000000
00000000
00000000
00000000
00000000
00000000
00000000
00000000
00000000
00000000
00000000
00000000
00000000
00000000
00000000
00000000
00000000
00000000
00000000
00000000
00000000
00000000
00000000
00000000
00000000
00000000
00000000
00000000
00000000
00000000
00000000
00000000
00000000
00000000
00000000
00000000
00000000
00000000
00000000
00000000
00000000
00000000
00000000
00000000
00000000
00000000
00000000
00000000
00000000
00000000
00000000
00000000
00000000
00000000
00000000
00000000
00000000
00000000
00000000
00000000
00000000
00000000
00000000
00000000
00000000
00000000
00000000
00000000
00000000
00000000
00000000
00000000
00000000
00000000
00000000
00000000
00000000
00000000
00000000
00000000
00000000
00000000
00000000
00000000
00000000
00000000
00000000
00000000
00000000
00000000
00000000
00000000
00000000
00000000
00000000
00000000
00000000
00000000
00000000
00000000
00000000
00000000
00000000
00000000
00000000
00000000
00000000
00000000
00000000
00000000
00000000
00000000
00000000
00000000
00000000
00000000
00000000
00000000
00000000
00000000
00000000
00000000
00000000
00000000
00000000
00000000
00000000
00000000
00000000
00000000
00000000
00000000
00000000
00000000
00000000
00000000
00000000
00000000
00000000
00000000
00000000
00000000
00000000
00000000
00000000
00000000
00000000
00000000
00000000
00000000
00000000
00000000
00000000
00000000
00000000
00000000
00000000
00000000
00000000
00000000
00000000
00000000
00000000
00000000
00000000
00000000
00000000
00000000
00000000
00000000
00000000
00000000
00000000
00000000
00000000
00000000
00000000
00000000
00000000
00000000
00000000
00000000
00000000
00000000
00000000
00000000
00000000
00000000
00000000
00000000
00000000
00000000
00000000
00000000
00000000
00000000
00000000
00000000
00000000
00000000
00000000
00000000
00000000
00000000
00000000
00000000
00000000
00000000
00000000
00000000
00000000
00000000
00000000
00000000
00000000
00000000
00000000
00000000
00000000
00000000
00000000
00000000
00000000
00000000
00000000
00000000
00000000
00000000
00000000
00000000
00000000
00000000
00000000
00000000
00000000
00000000
00000000
00000000
00000000
00000000
00000000
00000000
00000000
00000000
00000000
00000000
00000000
00000000
00000000
00000000
00000000
00000000
00000000
00000000
00000000
00000000
00000000
00000000
00000000
00000000
00000000
00000000
00000000
00000000
00000000
00000000
00000000
00000000
00000000
00000000
00000000
00000000
00000000
00000000
00000000
00000000
00000000
00000000
00000000
00000000
00000000
00000000
00000000
00000000
00000000
00000000
00000000
00000000
00000000
00000000
00000000
00000000
00000000
00000000
00000000
00000000
00000000
00000000
00000000
00000000
00000000
00000000
00000000
00000000
00000000
00000000
00000000
00000000
00000000
00000000
00000000
00000000
00000000
00000000
00000000
00000000
00000000
00000000
00000000
00000000
00000000
00000000
00000000
00000000
00000000
00000000
00000000
00000000
00000000
00000000
00000000
00000000
00000000
00000000
00000000
00000000
00000000
00000000
00000000
00000000
00000000
00000000
00000000
00000000
00000000
00000000
00000000
00000000
00000000
00000000
00000000
00000000
00000000
00000000
00000000
00000000
00000000
00000000
00000000
00000000
00000000
00000000
00000000
00000000
00000000
00000000
00000000
00000000
00000000
00000000
00000000
00000000
00000000
00000000
00000000
00000000
00000000
00000000
00000000
00000000
00000000
00000000
00000000
00000000
00000000
00000000
00000000
00000000
00000000
00000000
00000000
00000000
00000000
00000000
00000000
00000000
00000000
00000000
00000000
00000000
00000000
00000000
00000000
00000000
00000000
00000000
00000000
00000000
00000000
00000000
00000000
00000000
00000000
00000000
00000000
00000000
00000000
00000000
00000000
00000000
00000000
00000000
00000000
00000000
00000000
00000000
00000000
00000000
00000000
00000000
00000000
00000000
00000000
00000000
00000000
00000000
00000000
00000000
00000000
00000000
00000000
00000000
00000000
00000000
00000000
00000000
00000000
00000000
00000000
00000000
00000000
00000000
00000000
00000000
00000000
00000000
00000000
00000000
00000000
00000000
00000000
00000000
00000000
00000000
00000000
00000000
00000000
00000000
00000000
00000000
00000000
00000000
00000000
00000000
00000000
00000000
00000000
00000000
00000000
00000000
00000000
00000000
00000000
00000000
00000000
00000000
00000000
00000000
00000000
00000000
00000000
00000000
00000000
00000000
00000000
00000000
00000000
00000000
00000000
00000000
00000000
00000000
00000000
00000000
00000000
00000000
00000000
00000000
00000000
00000000
00000000
00000000
00000000
00000000
00000000
00000000
00000000
00000000
00000000
00000000
00000000
00000000
00000000
00000000
00000000
00000000
00000000
00000000
00000000
00000000
00000000
00000000
00000000
00000000
00000000
00000000
00000000
00000000
00000000
00000000
00000000
00000000
00000000
00000000
00000000
00000000
00000000
00000000
00000000
00000000
00000000
00000000
00000000
00000000
00000000
00000000
00000000
00000000
00000000
00000000
00000000
00000000
00000000
00000000
00000000
00000000
00000000
00000000
00000000
00000000
00000000
00000000
00000000
00000000
00000000
00000000
00000000
00000000
00000000
00000000
00000000
00000000
00000000
00000000
00000000
00000000
00000000
00000000
00000000
00000000
00000000
00000000
00000000
00000000
00000000
00000000
00000000
00000000
00000000
00000000
00000000
00000000
00000000
00000000
00000000
00000000
00000000
00000000
00000000
00000000
00000000
00000000
00000000
00000000
00000000
00000000
00000000
00000000
00000000
00000000
00000000
00000000
00000000
00000000
00000000
00000000
00000000
00000000
00000000
00000000
00000000
00000000
00000000
00000000
00000000
00000000
00000000
00000000
00000000
00000000
00000000
00000000
00000000
00000000
00000000
00000000
00000000
00000000
00000000
00000000
00000000
00000000
00000000
00000000
00000000
00000000
00000000
00000000
00000000
00000000
00000000
00000000
00000000
00000000
00000000
00000000
00000000
00000000
00000000
00000000
00000000
00000000
00000000
00000000
00000000
00000000
00000000
00000000
00000000
00000000
00000000
00000000
00000000
00000000
00000000
00000000
00000000
00000000
00000000
00000000
00000000
00000000
00000000
00000000
00000000
00000000
00000000
00000000
00000000
00000000
00000000
00000000
00000000
00000000
00000000
00000000
00000000
00000000
00000000
00000000
00000000
00000000
00000000
00000000
00000000
00000000
00000000
00000000
00000000
00000000
00000000
00000000
00000000
00000000
00000000
00000000
00000000
00000000
00000000
00000000
00000000
00000000
00000000
00000000
00000000
00000000
00000000
00000000
00000000
00000000
00000000
00000000
00000000
00000000
00000000
00000000
00000000
00000000
00000000
00000000
00000000
00000000
00000000
00000000
00000000
00000000
00000000
00000000
00000000
00000000
00000000
00000000
00000000
00000000
00000000
00000000
00000000
00000000
00000000
00000000
00000000
00000000
00000000
00000000
00000000
00000000
00000000
00000000
00000000
00000000
00000000
00000000
00000000
00000000
00000000
00000000
00000000
00000000
00000000
00000000
00000000
00000000
00000000
00000000
00000000
00000000
00000000
00000000
00000000
00000000
00000000
00000000
00000000
00000000
00000000
00000000
00000000
00000000
00000000
00000000
00000000
00000000
00000000
00000000
00000000
00000000
00000000
00000000
00000000
00000000
00000000
00000000
00000000
00000000
00000000
00000000
00000000
00000000
00000000
00000000
00000000
00000000
00000000
00000000
00000000
00000000
00000000
00000000
00000000
00000000
00000000
00000000
00000000
00000000
00000000
00000000
00000000
00000000
00000000
00000000
00000000
00000000
00000000
00000000
00000000
00000000
00000000
00000000
00000000
00000000
00000000
00000000
00000000
00000000
00000000
00000000
00000000
00000000
00000000
00000000
00000000
00000000
00000000
00000000
00000000
00000000
00000000
00000000
00000000
00000000
00000000
00000000
00000000
00000000
00000000
00000000
00000000
00000000
00000000
00000000
00000000
00000000
00000000
00000000
00000000
00000000
00000000
00000000
00000000
00000000
00000000
00000000
00000000
00000000
00000000
00000000
00000000
00000000
00000000
00000000
00000000
00000000
00000000
00000000
00000000
00000000
00000000
00000000
00000000
00000000
00000000
00000000
00000000
00000000
00000000
00000000
00000000
00000000
00000000
00000000
00000000
00000000
00000000
00000000
00000000
00000000
00000000
00000000
00000000
00000000
00000000
00000000
00000000
00000000
00000000
00000000
00000000
00000000
00000000
00000000
00000000
00000000
00000000
00000000
00000000
00000000
00000000
00000000
00000000
00000000
00000000
00000000
00000000
00000000
00000000
00000000
00000000
00000000
00000000
00000000
00000000
00000000
00000000
00000000
00000000
00000000
00000000
00000000
00000000
00000000
00000000
00000000
00000000
00000000
00000000
00000000
00000000
00000000
00000000
00000000
00000000
00000000
00000000
00000000
00000000
00000000
00000000
00000000
00000000
00000000
00000000
00000000
00000000
00000000
00000000
00000000
00000000
00000000
00000000
00000000
00000000
00000000
00000000
00000000
00000000
00000000
00000000
00000000
00000000
00000000
00000000
00000000
00000000
00000000
00000000
00000000
00000000
00000000
00000000
00000000
00000000
00000000
00000000
00000000
00000000
00000000
00000000
00000000
00000000
00000000
00000000
00000000
00000000
00000000
00000000
00000000
00000000
00000000
00000000
00000000
00000000
00000000
00000000
00000000
00000000
00000000
00000000
00000000
00000000
00000000
00000000
00000000
00000000
00000000
00000000
00000000
00000000
00000000
00000000
00000000
00000000
00000000
00000000
00000000
00000000
00000000
00000000
00000000
00000000
00000000
00000000
00000000
00000000
00000000
00000000
00000000
00000000
00000000
00000000
00000000
00000000
00000000
00000000
00000000
00000000
00000000
00000000
00000000
00000000
00000000
00000000
00000000
00000000
00000000
00000000
00000000
00000000
00000000
00000000
00000000
00000000
00000000
00000000
00000000
00000000
00000000
00000000
00000000
00000000
00000000
00000000
00000000
00000000
00000000
00000000
00000000
00000000
00000000
00000000
00000000
00000000
00000000
00000000
00000000
00000000
00000000
00000000
00000000
00000000
00000000
00000000
00000000
00000000
00000000
00000000
00000000
00000000
00000000
00000000
00000000
00000000
00000000
00000000
00000000
00000000
00000000
00000000
00000000
00000000
00000000
00000000
00000000
00000000
00000000
00000000
00000000
00000000
00000000
00000000
00000000
00000000
00000000
00000000
00000000
00000000
00000000
00000000
00000000
00000000
00000000
00000000
00000000
00000000
00000000
00000000
00000000
00000000
00000000
00000000
00000000
00000000
00000000
00000000
00000000
00000000
00000000
00000000
00000000
00000000
00000000
00000000
00000000
00000000
00000000
00000000
00000000
00000000
00000000
00000000
00000000
00000000
00000000
00000000
00000000
00000000
00000000
00000000
00000000
00000000
00000000
00000000
00000000
00000000
00000000
00000000
00000000
00000000
00000000
00000000
00000000
00000000
00000000
00000000
00000000
00000000
00000000
00000000
00000000
00000000
00000000
00000000
00000000
00000000
00000000
00000000
00000000
00000000
00000000
00000000
00000000
00000000
00000000
00000000
00000000
00000000
00000000
00000000
00000000
00000000
00000000
00000000
00000000
00000000
00000000
00000000
00000000
00000000
00000000
00000000
00000000
00000000
00000000
00000000
00000000
00000000
00000000
00000000
00000000
00000000
00000000
00000000
00000000
00000000
00000000
00000000
00000000
00000000
00000000
00000000
00000000
00000000
00000000
00000000
00000000
00000000
00000000
00000000
00000000
00000000
00000000
00000000
00000000
00000000
00000000
00000000
00000000
00000000
00000000
00000000
00000000
00000000
00000000
00000000
00000000
00000000
00000000
00000000
00000000
00000000
00000000
00000000
00000000
00000000
00000000
00000000
00000000
00000000
00000000
00000000
00000000
00000000
00000000
00000000
00000000
00000000
00000000
00000000
00000000
00000000
00000000
00000000
00000000
00000000
00000000
00000000
00000000
00000000
00000000
00000000
00000000
00000000
00000000
00000000
00000000
00000000
00000000
00000000
00000000
00000000
00000000
00000000
00000000
00000000
00000000
00000000
00000000
00000000
00000000
00000000
00000000
00000000
00000000
00000000
00000000
00000000
00000000
00000000
00000000
00000000
00000000
00000000
00000000
00000000
00000000
00000000
00000000
00000000
00000000
00000000
00000000
00000000
00000000
00000000
00000000
00000000
00000000
00000000
00000000
00000000
00000000
00000000
00000000
00000000
00000000
00000000
00000000
00000000
00000000
00000000
00000000
00000000
00000000
00000000
00000000
00000000
00000000
00000000
00000000
00000000
00000000
00000000
00000000
00000000
00000000
00000000
00000000
00000000
00000000
00000000
00000000
00000000
00000000
00000000
00000000
00000000
00000000
00000000
00000000
00000000
00000000
00000000
00000000
00000000
00000000
00000000
00000000
00000000
00000000
00000000
00000000
00000000
00000000
00000000
00000000
00000000
00000000
00000000
00000000
00000000
00000000
00000000
00000000
00000000
00000000
00000000
00000000
00000000
00000000
00000000
00000000
00000000
00000000
00000000
00000000
00000000
00000000
00000000
00000000
00000000
00000000
00000000
00000000
00000000
00000000
00000000
00000000
00000000
00000000
00000000
00000000
00000000
00000000
00000000
00000000
00000000
00000000
00000000
00000000
00000000
00000000
00000000
00000000
00000000
00000000
00000000
00000000
00000000
00000000
00000000
00000000
00000000
00000000
00000000
00000000
00000000
00000000
00000000
00000000
00000000
00000000
00000000
00000000
00000000
00000000
00000000
00000000
00000000
00000000
00000000
00000000
00000000
00000000
00000000
00000000
00000000
00000000
00000000
00000000
00000000
00000000
00000000
00000000
00000000
00000000
00000000
00000000
00000000
00000000
00000000
00000000
00000000
00000000
00000000
00000000
00000000
00000000
00000000
00000000
00000000
00000000
00000000
00000000
00000000
00000000
00000000
00000000
00000000
00000000
00000000
00000000
00000000
00000000
00000000
00000000
00000000
00000000
00000000
00000000
00000000
00000000
00000000
00000000
00000000
00000000
00000000
00000000
00000000
00000000
00000000
00000000
00000000
00000000
00000000
00000000
00000000
00000000
00000000
00000000
00000000
00000000
00000000
00000000
00000000
00000000
00000000
00000000
00000000
00000000
00000000
00000000
00000000
00000000
00000000
00000000
00000000
00000000
00000000
00000000
00000000
00000000
00000000
00000000
00000000
00000000
00000000
00000000
00000000
00000000
00000000
00000000
00000000
00000000
00000000
00000000
00000000
00000000
00000000
00000000
00000000
00000000
00000000
00000000
00000000
00000000
00000000
00000000
00000000
00000000
00000000
00000000
00000000
00000000
00000000
00000000
00000000
00000000
00000000
00000000
00000000
00000000
00000000
00000000
00000000
00000000
00000000
00000000
00000000
00000000
00000000
00000000
00000000
00000000
00000000
00000000
00000000
00000000
00000000
00000000
00000000
00000000
00000000
00000000
00000000
00000000
00000000
00000000
00000000
00000000
00000000
00000000
00000000
00000000
00000000
00000000
00000000
00000000
00000000
00000000
00000000
00000000
00000000
00000000
00000000
00000000
00000000
00000000
00000000
00000000
00000000
00000000
00000000
00000000
00000000
00000000
00000000
00000000
00000000
00000000
00000000
00000000
00000000
00000000
00000000
00000000
00000000
00000000
00000000
00000000
00000000
00000000
00000000
00000000
00000000
00000000
00000000
00000000
00000000
00000000
00000000
00000000
00000000
00000000
00000000
00000000
00000000
00000000
00000000
00000000
00000000
00000000
00000000
00000000
00000000
00000000
00000000
00000000
00000000
00000000
00000000
00000000
00000000
00000000
00000000
00000000
00000000
00000000
00000000
00000000
00000000
00000000
00000000
00000000
00000000
00000000
00000000
00000000
00000000
00000000
00000000
00000000
00000000
00000000
00000000
00000000
00000000
00000000
00000000
00000000
00000000
00000000
00000000
00000000
00000000
00000000
00000000
00000000
00000000
00000000
00000000
00000000
00000000
00000000
00000000
00000000
00000000
00000000
00000000
00000000
00000000
00000000
00000000
00000000
00000000
00000000
00000000
00000000
00000000
00000000
00000000
00000000
00000000
00000000
00000000
00000000
00000000
00000000
00000000
00000000
00000000
00000000
00000000
00000000
00000000
00000000
00000000
00000000
00000000
00000000
00000000
00000000
00000000
00000000
00000000
00000000
00000000
00000000
00000000
00000000
00000000
00000000
00000000
00000000
00000000
00000000
00000000
00000000
00000000
00000000
00000000
00000000
00000000
00000000
00000000
00000000
00000000
00000000
00000000
00000000
00000000
00000000
00000000
00000000
00000000
00000000
00000000
00000000
00000000
00000000
00000000
00000000
00000000
00000000
00000000
00000000
00000000
00000000
00000000
00000000
00000000
00000000
00000000
00000000
00000000
00000000
00000000
00000000
00000000
00000000
00000000
00000000
00000000
00000000
00000000
00000000
00000000
00000000
00000000
00000000
00000000
00000000
00000000
00000000
00000000
00000000
00000000
00000000
00000000
00000000
00000000
00000000
00000000
00000000
00000000
00000000
00000000
00000000
00000000
00000000
00000000
00000000
00000000
00000000
00000000
00000000
00000000
00000000
00000000
00000000
00000000
00000000
00000000
00000000
00000000
00000000
00000000
00000000
00000000
00000000
00000000
00000000
00000000
00000000
00000000
00000000
00000000
00000000
00000000
00000000
00000000
00000000
00000000
00000000
00000000
00000000
00000000
00000000
00000000
00000000
00000000
00000000
00000000
00000000
00000000
00000000
00000000
00000000
00000000
00000000
00000000
00000000
00000000
00000000
00000000
00000000
00000000
00000000
00000000
00000000
00000000
00000000
00000000
00000000
00000000
00000000
00000000
00000000
00000000
00000000
00000000
00000000
00000000
00000000
00000000
00000000
00000000
00000000
00000000
00000000
00000000
00000000
00000000
00000000
00000000
00000000
00000000
00000000
00000000
00000000
00000000
00000000
00000000
00000000
00000000
00000000
00000000
00000000
00000000
00000000
00000000
00000000
00000000
00000000
00000000
00000000
00000000
00000000
00000000
00000000
00000000
00000000
00000000
00000000
00000000
00000000
00000000
00000000
00000000
00000000
00000000
00000000
00000000
00000000
00000000
00000000
00000000
00000000
00000000
00000000
00000000
00000000
00000000
00000000
00000000
00000000
00000000
00000000
00000000
00000000
00000000
00000000
00000000
00000000
00000000
00000000
00000000
00000000
00000000
00000000
00000000
00000000
00000000
00000000
00000000
00000000
00000000
00000000
00000000
00000000
00000000
00000000
00000000
00000000
00000000
00000000
00000000
00000000
00000000
00000000
00000000
00000000
00000000
00000000
00000000
00000000
00000000
00000000
00000000
00000000
00000000
00000000
00000000
00000000
00000000
00000000
00000000
00000000
00000000
00000000
00000000
00000000
00000000
00000000
00000000
00000000
00000000
00000000
00000000
00000000
00000000
00000000
00000000
00000000
00000000
00000000
00000000
00000000
00000000
00000000
00000000
00000000
00000000
00000000
00000000
00000000
00000000
00000000
00000000
00000000
00000000
00000000
00000000
00000000
00000000
00000000
00000000
00000000
00000000
00000000
00000000
00000000
00000000
00000000
00000000
00000000
00000000
00000000
00000000
00000000
00000000
00000000
00000000
00000000
00000000
00000000
00000000
00000000
00000000
00000000
00000000
00000000
00000000
00000000
00000000
00000000
00000000
00000000
00000000
00000000
00000000
00000000
00000000
00000000
00000000
00000000
00000000
00000000
00000000
00000000
00000000
00000000
00000000
00000000
00000000
00000000
00000000
00000000
00000000
00000000
00000000
00000000
00000000
00000000
00000000
00000000
00000000
00000000
00000000
00000000
00000000
00000000
00000000
00000000
00000000
00000000
00000000
00000000
00000000
00000000
00000000
00000000
00000000
00000000
00000000
00000000
00000000
00000000
00000000
00000000
00000000
00000000
00000000
00000000
00000000
00000000
00000000
00000000
00000000
00000000
00000000
00000000
00000000
00000000
00000000
00000000
00000000
00000000
00000000
00000000
00000000
00000000
00000000
00000000
00000000
00000000
00000000
00000000
00000000
00000000
00000000
00000000
00000000
00000000
00000000
00000000
00000000
00000000
00000000
00000000
00000000
00000000
00000000
00000000
00000000
00000000
00000000
00000000
00000000
00000000
00000000
00000000
00000000
00000000
00000000
00000000
00000000
00000000
00000000
00000000
00000000
00000000
00000000
00000000
00000000
00000000
00000000
00000000
00000000
00000000
00000000
00000000
00000000
00000000
00000000
00000000
00000000
00000000
00000000
00000000
00000000
00000000
00000000
00000000
00000000
00000000
00000000
00000000
00000000
00000000
00000000
00000000
00000000
00000000
00000000
00000000
00000000
00000000
00000000
00000000
00000000
00000000
00000000
00000000
00000000
00000000
00000000
00000000
00000000
00000000
00000000
00000000
00000000
00000000
00000000
00000000
00000000
00000000
00000000
00000000
00000000
00000000
00000000
00000000
00000000
00000000
00000000
00000000
00000000
00000000
00000000
00000000
00000000
00000000
00000000
00000000
00000000
00000000
00000000
00000000
00000000
00000000
00000000
00000000
00000000
00000000
00000000
00000000
00000000
00000000
00000000
00000000
00000000
00000000
00000000
00000000
00000000
00000000
00000000
00000000
00000000
00000000
00000000
00000000
00000000
00000000
00000000
00000000
00000000
00000000
00000000
00000000
00000000
00000000
00000000
00000000
00000000
00000000
00000000
00000000
00000000
00000000
00000000
00000000
00000000
00000000
00000000
00000000
00000000
00000000
00000000
00000000
00000000
00000000
00000000
00000000
00000000
00000000
00000000
00000000
00000000
00000000
00000000
00000000
00000000
00000000
00000000
00000000
00000000
00000000
00000000
00000000
00000000
00000000
00000000
00000000
00000000
00000000
00000000
00000000
00000000
00000000
00000000
00000000
00000000
00000000
00000000
00000000
00000000
00000000
00000000
00000000
00000000
00000000
00000000
00000000
00000000
00000000
00000000
00000000
00000000
00000000
00000000
00000000
00000000
00000000
00000000
00000000
00000000
00000000
00000000
00000000
00000000
00000000
00000000
00000000
00000000
00000000
00000000
00000000
00000000
00000000
00000000
00000000
00000000
00000000
00000000
00000000
00000000
00000000
00000000
00000000
00000000
00000000
00000000
00000000
00000000
00000000
00000000
00000000
00000000
00000000
00000000
00000000
00000000
00000000
00000000
00000000
00000000
00000000
00000000
00000000
00000000
00000000
00000000
00000000
00000000
00000000
00000000
00000000
00000000
00000000
00000000
00000000
00000000
00000000
00000000
00000000
00000000
00000000
00000000
00000000
00000000
00000000
00000000
00000000
00000000
00000000
00000000
00000000
00000000
00000000
00000000
00000000
00000000
00000000
00000000
00000000
00000000
00000000
00000000
00000000
00000000
00000000
00000000
00000000
00000000
00000000
00000000
00000000
00000000
00000000
00000000
00000000
00000000
00000000
00000000
00000000
00000000
00000000
00000000
00000000
00000000
00000000
00000000
00000000
00000000
00000000
00000000
00000000
00000000
00000000
00000000
00000000
00000000
00000000
00000000
00000000
00000000
00000000
00000000
00000000
00000000
00000000
00000000
00000000
00000000
00000000
00000000
00000000
00000000
00000000
00000000
00000000
00000000
00000000
00000000
00000000
00000000
00000000
00000000
00000000
00000000
00000000
00000000
00000000
00000000
00000000
00000000
00000000
00000000
00000000
00000000
00000000
00000000
00000000
00000000
00000000
00000000
00000000
00000000
00000000
00000000
00000000
00000000
00000000
00000000
00000000
00000000
00000000
00000000
00000000
00000000
00000000
00000000
00000000
00000000
00000000
00000000
00000000
00000000
00000000
00000000
00000000
00000000
00000000
00000000
00000000
00000000
00000000
00000000
00000000
00000000
00000000
00000000
00000000
00000000
00000000
00000000
00000000
00000000
00000000
00000000
00000000
00000000
00000000
00000000
00000000
00000000
00000000
00000000
00000000
00000000
00000000
00000000
00000000
00000000
00000000
00000000
00000000
00000000
00000000
00000000
00000000
00000000
00000000
00000000
00000000
00000000
00000000
00000000
00000000
00000000
00000000
00000000
00000000
00000000
00000000
00000000
00000000
00000000
00000000
00000000
00000000
00000000
00000000
00000000
00000000
00000000
00000000
00000000
00000000
00000000
00000000
00000000
00000000
00000000
00000000
00000000
00000000
00000000
00000000
00000000
00000000
00000000
00000000
00000000
00000000
00000000
00000000
00000000
00000000
00000000
00000000
00000000
00000000
00000000
00000000
00000000
00000000
00000000
00000000
00000000
00000000
00000000
00000000
00000000
00000000
00000000
00000000
00000000
00000000
00000000
00000000
00000000
00000000
00000000
00000000
00000000
00000000
00000000
00000000
00000000
00000000
00000000
00000000
00000000
00000000
00000000
00000000
00000000
00000000
00000000
00000000
00000000
00000000
00000000
00000000
00000000
00000000
00000000
00000000
00000000
00000000
00000000
00000000
00000000
00000000
00000000
00000000
00000000
00000000
00000000
00000000
00000000
00000000
00000000
00000000
00000000
00000000
00000000
00000000
00000000
00000000
00000000
00000000
00000000
00000000
00000000
00000000
00000000
00000000
00000000
00000000
00000000
00000000
00000000
00000000
00000000
00000000
00000000
00000000
00000000
00000000
00000000
00000000
00000000
00000000
00000000
00000000
00000000
00000000
00000000
00000000
00000000
00000000
00000000
00000000
00000000
00000000
00000000
00000000
00000000
00000000
00000000
00000000
00000000
00000000
00000000
00000000
00000000
00000000
00000000
00000000
00000000
00000000
00000000
00000000
00000000
00000000
00000000
00000000
00000000
00000000
00000000
00000000
00000000
00000000
00000000
00000000
00000000
00000000
00000000
00000000
00000000
00000000
00000000
00000000
00000000
00000000
00000000
00000000
00000000
00000000
00000000
00000000
00000000
00000000
00000000
00000000
00000000
00000000
00000000
00000000
00000000
00000000
00000000
00000000
00000000
00000000
00000000
00000000
00000000
00000000
00000000
00000000
00000000
00000000
00000000
00000000
00000000
00000000
00000000
00000000
00000000
00000000
00000000
00000000
00000000
00000000
00000000
00000000
00000000
00000000
00000000
00000000
00000000
00000000
00000000
00000000
00000000
00000000
00000000
00000000
00000000
00000000
00000000
00000000
00000000
00000000
00000000
00000000
00000000
00000000
00000000
00000000
00000000
00000000
00000000
00000000
00000000
00000000
00000000
00000000
00000000
00000000
00000000
00000000
00000000
00000000
00000000
00000000
00000000
00000000
00000000
00000000
00000000
00000000
00000000
00000000
00000000
00000000
00000000
00000000
00000000
00000000
00000000
00000000
00000000
00000000
00000000
00000000
00000000
00000000
00000000
00000000
00000000
00000000
00000000
00000000
00000000
00000000
00000000
00000000
00000000
00000000
00000000
00000000
00000000
00000000
00000000
00000000
00000000
00000000
00000000
00000000
00000000
00000000
00000000
00000000
00000000
00000000
00000000
00000000
00000000
00000000
00000000
00000000
00000000
00000000
00000000
00000000
00000000
00000000
00000000
00000000
00000000
00000000
00000000
00000000
00000000
00000000
00000000
00000000
00000000
00000000
00000000
00000000
00000000
00000000
00000000
00000000
00000000
00000000
00000000
00000000
00000000
00000000
00000000
00000000
00000000
00000000
00000000
00000000
00000000
00000000
00000000
00000000
00000000
00000000
00000000
00000000
00000000
00000000
00000000
00000000
00000000
00000000
00000000
00000000
00000000
00000000
00000000
00000000
00000000
00000000
00000000
00000000
00000000
00000000
00000000
00000000
00000000
00000000
00000000
00000000
00000000
00000000
00000000
00000000
00000000
00000000
00000000
00000000
00000000
00000000
00000000
00000000
00000000
00000000
00000000
00000000
00000000
00000000
00000000
00000000
00000000
00000000
00000000
00000000
00000000
00000000
00000000
00000000
00000000
00000000
00000000
00000000
00000000
00000000
00000000
00000000
00000000
00000000
00000000
00000000
00000000
00000000
00000000
00000000
00000000
00000000
00000000
00000000
00000000
00000000
00000000
00000000
00000000
00000000
00000000
00000000
00000000
00000000
00000000
00000000
00000000
00000000
00000000
00000000
00000000
00000000
00000000
00000000
00000000
00000000
00000000
00000000
00000000
00000000
00000000
00000000
00000000
00000000
00000000
00000000
00000000
00000000
00000000
00000000
00000000
00000000
00000000
00000000
00000000
00000000
00000000
00000000
00000000
00000000
00000000
00000000
00000000
00000000
00000000
00000000
00000000
00000000
00000000
00000000
00000000
00000000
00000000
00000000
00000000
00000000
00000000
00000000
00000000
00000000
00000000
00000000
00000000
00000000
00000000
00000000
00000000
00000000
00000000
00000000
00000000
00000000
00000000
00000000
00000000
00000000
00000000
00000000
00000000
00000000
00000000
00000000
00000000
00000000
00000000
00000000
00000000
00000000
00000000
00000000
00000000
00000000
00000000
00000000
00000000
00000000
00000000
00000000
00000000
00000000
00000000
00000000
00000000
00000000
00000000
00000000
00000000
00000000
00000000
00000000
00000000
00000000
00000000
00000000
00000000
00000000
00000000
00000000
00000000
00000000
00000000
00000000
00000000
00000000
00000000
00000000
00000000
00000000
00000000
00000000
00000000
00000000
00000000
00000000
00000000
00000000
00000000
00000000
00000000
00000000
00000000
00000000
00000000
00000000
00000000
00000000
00000000
00000000
00000000
00000000
00000000
00000000
00000000
00000000
00000000
00000000
00000000
00000000
00000000
00000000
00000000
00000000
00000000
00000000
00000000
00000000
00000000
00000000
00000000
00000000
00000000
00000000
00000000
00000000
00000000
00000000
00000000
00000000
00000000
00000000
00000000
00000000
00000000
00000000
00000000
00000000
00000000
00000000
00000000
00000000
00000000
00000000
00000000
00000000
00000000
00000000
00000000
00000000
00000000
00000000
00000000
00000000
00000000
00000000
00000000
00000000
00000000
00000000
00000000
00000000
00000000
00000000
00000000
00000000
00000000
00000000
00000000
00000000
00000000
00000000
00000000
00000000
00000000
00000000
00000000
00000000
00000000
00000000
00000000
00000000
00000000
00000000
00000000
00000000
00000000
00000000
00000000
00000000
00000000
00000000
00000000
00000000
00000000
00000000
00000000
00000000
00000000
00000000
00000000
00000000
00000000
00000000
00000000
00000000
00000000
00000000
00000000
00000000
00000000
00000000
00000000
00000000
00000000
00000000
00000000
00000000
00000000
00000000
00000000
00000000
00000000
00000000
00000000
00000000
00000000
00000000
00000000
00000000
00000000
00000000
00000000
00000000
00000000
00000000
00000000
00000000
00000000
00000000
00000000
00000000
00000000
00000000
00000000
00000000
00000000
00000000
00000000
00000000
00000000
00000000
00000000
00000000
00000000
00000000
00000000
00000000
00000000
00000000
00000000
00000000
00000000
00000000
00000000
00000000
00000000
00000000
00000000
00000000
00000000
00000000
00000000
00000000
00000000
00000000
00000000
00000000
00000000
00000000
00000000
00000000
00000000
00000000
00000000
00000000
00000000
00000000
00000000
00000000
00000000
00000000
00000000
00000000
00000000
00000000
00000000
00000000
00000000
00000000
00000000
00000000
00000000
00000000
00000000
00000000
00000000
00000000
00000000
00000000
00000000
00000000
00000000
00000000
00000000
00000000
00000000
00000000
00000000
00000000
00000000
00000000
00000000
00000000
00000000
00000000
00000000
00000000
00000000
00000000
00000000
00000000
00000000
00000000
00000000
00000000
00000000
00000000
00000000
00000000
00000000
00000000
00000000
00000000
00000000
00000000
00000000
00000000
00000000
00000000
00000000
00000000
00000000
00000000
00000000
00000000
00000000
00000000
00000000
00000000
00000000
00000000
00000000
00000000
00000000
00000000
00000000
00000000
00000000
00000000
00000000
00000000
00000000
00000000
00000000
00000000
00000000
00000000
00000000
00000000
00000000
00000000
00000000
00000000
00000000
00000000
00000000
00000000
00000000
00000000
00000000
00000000
00000000
00000000
00000000
00000000
00000000
00000000
00000000
00000000
00000000
00000000
00000000
00000000
00000000
00000000
00000000
00000000
00000000
00000000
00000000
00000000
00000000
00000000
00000000
00000000
00000000
00000000
00000000
00000000
00000000
00000000
00000000
00000000
00000000
00000000
00000000
00000000
00000000
00000000
00000000
00000000
00000000
00000000
00000000
00000000
00000000
00000000
00000000
00000000
00000000
00000000
00000000
00000000
00000000
00000000
00000000
00000000
00000000
00000000
00000000
00000000
00000000
00000000
00000000
00000000
00000000
00000000
00000000
00000000
00000000
00000000
00000000
00000000
00000000
00000000
00000000
00000000
00000000
00000000
00000000
00000000
00000000
00000000
00000000
00000000
00000000
00000000
00000000
00000000
00000000
00000000
00000000
00000000
00000000
00000000
00000000
00000000
00000000
00000000
00000000
00000000
00000000
00000000
00000000
00000000
00000000
00000000
00000000
00000000
00000000
00000000
00000000
00000000
00000000
00000000
00000000
00000000
00000000
00000000
00000000
00000000
00000000
00000000
00000000
00000000
00000000
00000000
00000000
00000000
00000000
00000000
00000000
00000000
00000000
00000000
00000000
00000000
00000000
00000000
00000000
00000000
00000000
00000000
00000000
00000000
00000000
00000000
00000000
00000000
00000000
00000000
00000000
00000000
00000000
00000000
00000000
00000000
00000000
00000000
00000000
00000000
00000000
00000000
00000000
00000000
00000000
00000000
00000000
00000000
00000000
00000000
00000000
00000000
00000000
00000000
00000000
00000000
00000000
00000000
00000000
00000000
00000000
00000000
00000000
00000000
00000000
00000000
00000000
00000000
00000000
00000000
00000000
00000000
00000000
00000000
00000000
00000000
00000000
00000000
00000000
00000000
00000000
00000000
00000000
00000000
00000000
00000000
00000000
00000000
00000000
00000000
00000000
00000000
00000000
00000000
00000000
00000000
00000000
00000000
00000000
00000000
00000000
00000000
00000000
00000000
00000000
00000000
00000000
00000000
00000000
00000000
00000000
00000000
00000000
00000000
00000000
00000000
00000000
00000000
00000000
00000000
00000000
00000000
00000000
00000000
00000000
00000000
00000000
00000000
00000000
00000000
00000000
00000000
00000000
00000000
00000000
00000000
00000000
00000000
00000000
00000000
00000000
00000000
00000000
00000000
00000000
00000000
00000000
00000000
00000000
00000000
00000000
00000000
00000000
00000000
00000000
00000000
00000000
00000000
00000000
00000000
00000000
00000000
00000000
00000000
00000000
00000000
00000000
00000000
00000000
00000000
00000000
00000000
00000000
00000000
00000000
00000000
00000000
00000000
00000000
00000000
00000000
00000000
00000000
00000000
00000000
00000000
00000000
00000000
00000000
00000000
00000000
00000000
00000000
00000000
00000000
00000000
00000000
00000000
00000000
00000000
00000000
00000000
00000000
00000000
00000000
00000000
00000000
00000000
00000000
00000000
00000000
00000000
00000000
00000000
00000000
00000000
00000000
00000000
00000000
00000000
00000000
00000000
00000000
00000000
00000000
00000000
00000000
00000000
00000000
00000000
00000000
00000000
00000000
00000000
00000000
00000000
00000000
00000000
00000000
00000000
00000000
00000000
00000000
00000000
00000000
00000000
00000000
00000000
00000000
00000000
00000000
00000000
00000000
00000000
00000000
00000000
00000000
00000000
00000000
00000000
00000000
00000000
00000000
00000000
00000000
00000000
00000000
00000000
00000000
00000000
00000000
00000000
00000000
00000000
00000000
00000000
00000000
00000000
00000000
00000000
00000000
00000000
00000000
00000000
00000000
00000000
00000000
00000000
00000000
00000000
00000000
00000000
00000000
00000000
00000000
00000000
00000000
00000000
00000000
00000000
00000000
00000000
00000000
00000000
00000000
00000000
00000000
00000000
00000000
00000000
00000000
00000000
00000000
00000000
00000000
00000000
00000000
00000000
00000000
00000000
00000000
00000000
00000000
00000000
00000000
00000000
00000000
00000000
00000000
00000000
00000000
00000000
00000000
00000000
00000000
00000000
00000000
00000000
00000000
00000000
00000000
00000000
00000000
00000000
00000000
00000000
00000000
00000000
00000000
00000000
00000000
00000000
00000000
00000000
00000000
00000000
00000000
00000000
00000000
00000000
00000000
00000000
00000000
00000000
00000000
00000000
00000000
00000000
00000000
00000000
00000000
00000000
00000000
00000000
00000000
00000000
00000000
00000000
00000000
00000000
00000000
00000000
00000000
00000000
00000000
00000000
00000000
00000000
00000000
00000000
00000000
00000000
00000000
00000000
00000000
00000000
00000000
00000000
00000000
00000000
00000000
00000000
00000000
00000000
00000000
00000000
00000000
00000000
00000000
00000000
00000000
00000000
00000000
00000000
00000000
00000000
00000000
00000000
00000000
00000000
00000000
00000000
00000000
00000000
00000000
00000000
00000000
00000000
00000000
00000000
00000000
00000000
00000000
00000000
00000000
00000000
00000000
00000000
00000000
00000000
00000000
00000000
00000000
00000000
00000000
00000000
00000000
00000000
00000000
00000000
00000000
00000000
00000000
00000000
00000000
00000000
00000000
00000000
00000000
00000000
00000000
00000000
00000000
00000000
00000000
00000000
00000000
00000000
00000000
00000000
00000000
00000000
00000000
00000000
00000000
00000000
00000000
00000000
00000000
00000000
00000000
00000000
00000000
00000000
00000000
00000000
00000000
00000000
00000000
00000000
00000000
00000000
00000000
00000000
00000000
00000000
00000000
00000000
00000000
00000000
00000000
00000000
00000000
00000000
00000000
00000000
00000000
00000000
00000000
00000000
00000000
00000000
00000000
00000000
00000000
00000000
00000000
00000000
00000000
00000000
00000000
00000000
00000000
00000000
00000000
00000000
00000000
00000000
00000000
00000000
00000000
00000000
00000000
00000000
00000000
00000000
00000000
00000000
00000000
00000000
00000000
00000000
00000000
00000000
00000000
00000000
00000000
00000000
00000000
00000000
00000000
00000000
00000000
00000000
00000000
00000000
00000000
00000000
00000000
00000000
00000000
00000000
00000000
00000000
00000000
00000000
00000000
00000000
00000000
00000000
00000000
00000000
00000000
00000000
00000000
00000000
00000000
00000000
00000000
00000000
00000000
00000000
00000000
00000000
00000000
00000000
00000000
00000000
00000000
00000000
00000000
00000000
00000000
00000000
00000000
00000000
00000000
00000000
00000000
00000000
00000000
00000000
00000000
00000000
00000000
00000000
00000000
00000000
00000000
00000000
00000000
00000000
00000000
00000000
00000000
00000000
00000000
00000000
00000000
00000000
00000000
00000000
00000000
00000000
00000000
00000000
00000000
00000000
00000000
00000000
00000000
00000000
00000000
00000000
00000000
00000000
00000000
00000000
00000000
00000000
00000000
00000000
00000000
00000000
00000000
00000000
00000000
00000000
00000000
00000000
00000000
00000000
00000000
00000000
00000000
00000000
00000000
00000000
00000000
00000000
00000000
00000000
00000000
00000000
00000000
00000000
00000000
00000000
00000000
00000000
00000000
00000000
00000000
00000000
00000000
00000000
00000000
00000000
00000000
00000000
00000000
00000000
00000000
00000000
00000000
00000000
00000000
00000000
00000000
00000000
00000000
00000000
00000000
00000000
00000000
00000000
00000000
00000000
00000000
00000000
00000000
00000000
00000000
00000000
00000000
00000000
00000000
00000000
00000000
00000000
00000000
00000000
00000000
00000000
00000000
00000000
00000000
00000000
00000000
00000000
00000000
00000000
00000000
00000000
00000000
00000000
00000000
00000000
00000000
00000000
00000000
00000000
00000000
00000000
00000000
00000000
00000000
00000000
00000000
00000000
00000000
00000000
00000000
00000000
00000000
00000000
00000000
00000000
00000000
00000000
00000000
00000000
00000000
00000000
00000000
00000000
00000000
00000000
00000000
00000000
00000000
00000000
00000000
00000000
00000000
00000000
00000000
00000000
00000000
00000000
00000000
00000000
00000000
00000000
00000000
00000000
00000000
00000000
00000000
00000000
00000000
00000000
00000000
00000000
00000000
00000000
00000000
00000000
00000000
00000000
00000000
00000000
00000000
00000000
00000000
00000000
00000000
00000000
00000000
00000000
00000000
00000000
00000000
00000000
00000000
00000000
00000000
00000000
00000000
00000000
00000000
00000000
00000000
00000000
00000000
00000000
00000000
00000000
00000000
00000000
00000000
00000000
00000000
00000000
00000000
00000000
00000000
00000000
00000000
00000000
00000000
00000000
00000000
00000000
00000000
00000000
00000000
00000000
00000000
00000000
00000000
00000000
00000000
00000000
00000000
00000000
00000000
00000000
00000000
00000000
00000000
00000000
00000000
00000000
00000000
00000000
00000000
00000000
00000000
00000000
00000000
00000000
00000000
00000000
00000000
00000000
00000000
00000000
00000000
00000000
00000000
00000000
00000000
00000000
00000000
00000000
00000000
00000000
00000000
00000000
00000000
00000000
00000000
00000000
00000000
00000000
00000000
00000000
00000000
00000000
00000000
00000000
00000000
00000000
00000000
00000000
00000000
00000000
00000000
00000000
00000000
00000000
00000000
00000000
00000000
00000000
00000000
00000000
00000000
00000000
00000000
00000000
00000000
00000000
00000000
00000000
00000000
00000000
00000000
00000000
00000000
00000000
00000000
00000000
00000000
00000000
00000000
00000000
00000000
00000000
00000000
00000000
00000000
00000000
00000000
00000000
00000000
00000000
00000000
00000000
00000000
00000000
00000000
00000000
00000000
00000000
00000000
00000000
00000000
00000000
00000000
00000000
00000000
00000000
00000000
00000000
00000000
00000000
00000000
00000000
00000000
00000000
00000000
00000000
00000000
00000000
00000000
00000000
00000000
00000000
00000000
00000000
00000000
00000000
00000000
00000000
00000000
00000000
00000000
00000000
00000000
00000000
00000000
00000000
00000000
00000000
00000000
00000000
00000000
00000000
00000000
00000000
00000000
00000000
00000000
00000000
00000000
00000000
00000000
00000000
00000000
00000000
00000000
00000000
00000000
00000000
00000000
00000000
00000000
00000000
00000000
00000000
00000000
00000000
00000000
00000000
00000000
00000000
00000000
00000000
00000000
00000000
00000000
00000000
00000000
00000000
00000000
00000000
00000000
00000000
00000000
00000000
00000000
00000000
00000000
00000000
00000000
00000000
00000000
00000000
00000000
00000000
00000000
00000000
00000000
00000000
00000000
00000000
00000000
00000000
00000000
00000000
00000000
00000000
00000000
00000000
00000000
00000000
00000000
00000000
00000000
00000000
00000000
00000000
00000000
00000000
00000000
00000000
00000000
00000000
00000000
00000000
00000000
00000000
00000000
00000000
00000000
00000000
00000000
00000000
00000000
00000000
00000000
00000000
00000000
00000000
00000000
00000000
00000000
00000000
00000000
00000000
00000000
00000000
00000000
00000000
00000000
00000000
00000000
00000000
00000000
00000000
00000000
00000000
00000000
00000000
00000000
00000000
00000000
00000000
00000000
00000000
00000000
00000000
00000000
00000000
00000000
00000000
00000000
00000000
00000000
00000000
00000000
00000000
00000000
00000000
00000000
00000000
00000000
00000000
00000000
00000000
00000000
00000000
00000000
00000000
00000000
00000000
00000000
00000000
00000000
00000000
00000000
00000000
00000000
00000000
00000000
00000000
00000000
00000000
00000000
00000000
00000000
00000000
00000000
00000000
00000000
00000000
00000000
00000000
00000000
00000000
00000000
00000000
00000000
00000000
00000000
00000000
00000000
00000000
00000000
00000000
00000000
00000000
00000000
00000000
00000000
00000000
00000000
00000000
00000000
00000000
00000000
00000000
00000000
00000000
00000000
00000000
00000000
00000000
00000000
00000000
00000000
00000000
00000000
00000000
00000000
00000000
00000000
00000000
00000000
00000000
00000000
00000000
00000000
00000000
00000000
00000000
00000000
00000000
00000000
00000000
00000000
00000000
00000000
00000000
00000000
00000000
00000000
00000000
00000000
00000000
00000000
00000000
00000000
00000000
00000000
00000000
00000000
00000000
00000000
00000000
00000000
00000000
00000000
00000000
00000000
00000000
00000000
00000000
00000000
00000000
00000000
00000000
00000000
00000000
00000000
00000000
00000000
00000000
00000000
00000000
00000000
00000000
00000000
00000000
00000000
00000000
00000000
00000000
00000000
00000000
00000000
00000000
00000000
00000000
00000000
00000000
00000000
00000000
00000000
00000000
00000000
00000000
00000000
00000000
00000000
00000000
00000000
00000000
00000000
00000000
00000000
00000000
00000000
00000000
00000000
00000000
00000000
00000000
00000000
00000000
00000000
00000000
00000000
00000000
00000000
00000000
00000000
00000000
00000000
00000000
00000000
00000000
00000000
00000000
00000000
00000000
00000000
00000000
00000000
00000000
00000000
00000000
00000000
00000000
00000000
00000000
00000000
00000000
00000000
00000000
00000000
00000000
00000000
00000000
00000000
00000000
00000000
00000000
00000000
00000000
00000000
00000000
00000000
00000000
00000000
00000000
00000000
00000000
00000000
00000000
00000000
00000000
00000000
00000000
00000000
00000000
00000000
00000000
00000000
00000000
00000000
00000000
00000000
00000000
00000000
00000000
00000000
00000000
00000000
00000000
00000000
00000000
00000000
00000000
00000000
00000000
00000000
00000000
00000000
00000000
00000000
00000000
00000000
00000000
00000000
00000000
00000000
00000000
00000000
00000000
00000000
00000000
00000000
00000000
00000000
00000000
00000000
00000000
00000000
00000000
00000000
00000000
00000000
00000000
00000000
00000000
00000000
00000000
00000000
00000000
00000000
00000000
00000000
00000000
00000000
00000000
00000000
00000000
00000000
00000000
00000000
00000000
00000000
00000000
00000000
00000000
00000000
00000000
00000000
00000000
00000000
00000000
00000000
00000000
00000000
00000000
00000000
00000000
00000000
00000000
00000000
00000000
00000000
00000000
00000000
00000000
00000000
00000000
00000000
00000000
00000000
00000000
00000000
00000000
00000000
00000000
00000000
00000000
00000000
00000000
00000000
00000000
00000000
00000000
00000000
00000000
00000000
00000000
00000000
00000000
00000000
00000000
00000000
00000000
00000000
00000000
00000000
00000000
00000000
00000000
00000000
00000000
00000000
00000000
00000000
00000000
00000000
00000000
00000000
00000000
00000000
00000000
00000000
00000000
00000000
00000000
00000000
00000000
00000000
00000000
00000000
00000000
00000000
00000000
00000000
00000000
00000000
00000000
00000000
00000000
00000000
00000000
00000000
00000000
00000000
00000000
00000000
00000000
00000000
00000000
00000000
00000000
00000000
00000000
00000000
00000000
00000000
00000000
00000000
00000000
00000000
00000000
00000000
00000000
00000000
00000000
00000000
00000000
00000000
00000000
00000000
00000000
00000000
00000000
00000000
00000000
00000000
00000000
00000000
00000000
00000000
00000000
00000000
00000000
00000000
00000000
00000000
00000000
00000000
00000000
00000000
00000000
00000000
00000000
00000000
00000000
00000000
00000000
00000000
00000000
00000000
00000000
00000000
00000000
00000000
00000000
00000000
00000000
00000000
00000000
00000000
00000000
00000000
00000000
00000000
00000000
00000000
00000000
00000000
00000000
00000000
00000000
00000000
00000000
00000000
00000000
00000000
00000000
00000000
00000000
00000000
00000000
00000000
00000000
00000000
00000000
00000000
00000000
00000000
00000000
00000000
00000000
00000000
00000000
00000000
00000000
00000000
00000000
00000000
00000000
00000000
00000000
00000000
00000000
00000000
00000000
00000000
00000000
00000000
00000000
00000000
00000000
00000000
00000000
00000000
00000000
00000000
00000000
00000000
00000000
00000000
00000000
00000000
00000000
00000000
00000000
00000000
00000000
00000000
00000000
00000000
00000000
00000000
00000000
00000000
00000000
00000000
00000000
00000000
00000000
00000000
00000000
00000000
00000000
00000000
00000000
00000000
00000000
00000000
00000000
00000000
00000000
00000000
00000000
00000000
00000000
00000000
00000000
00000000
00000000
00000000
00000000
00000000
00000000
00000000
00000000
00000000
00000000
00000000
00000000
00000000
00000000
00000000
00000000
00000000
00000000
00000000
00000000
00000000
00000000
00000000
00000000
00000000
00000000
00000000
00000000
00000000
00000000
00000000
00000000
00000000
00000000
00000000
00000000
00000000
00000000
00000000
00000000
00000000
00000000
00000000
00000000
00000000
00000000
00000000
00000000
00000000
00000000
00000000
00000000
00000000
00000000
00000000
00000000
00000000
00000000
00000000
00000000
00000000
00000000
00000000
00000000
00000000
00000000
00000000
00000000
00000000
00000000
00000000
00000000
00000000
00000000
00000000
00000000
00000000
00000000
00000000
00000000
00000000
00000000
00000000
00000000
00000000
00000000
00000000
00000000
00000000
00000000
00000000
00000000
00000000
00000000
00000000
00000000
00000000
00000000
00000000
00000000
00000000
00000000
00000000
00000000
00000000
00000000
00000000
00000000
00000000
00000000
00000000
00000000
00000000
00000000
00000000
00000000
00000000
00000000
00000000
00000000
00000000
00000000
00000000
00000000
00000000
00000000
00000000
00000000
00000000
00000000
00000000
00000000
00000000
00000000
00000000
00000000
00000000
00000000
00000000
00000000
00000000
00000000
00000000
00000000
00000000
00000000
00000000
00000000
00000000
00000000
00000000
00000000
00000000
00000000
00000000
00000000
00000000
00000000
00000000
00000000
00000000
00000000
00000000
00000000
00000000
00000000
00000000
00000000
00000000
00000000
00000000
00000000
00000000
00000000
00000000
00000000
00000000
00000000
00000000
00000000
00000000
00000000
00000000
00000000
00000000
00000000
00000000
00000000
00000000
00000000
00000000
00000000
00000000
00000000
00000000
00000000
00000000
00000000
00000000
00000000
00000000
00000000
00000000
00000000
00000000
00000000
00000000
00000000
00000000
00000000
00000000
00000000
00000000
00000000
00000000
00000000
00000000
00000000
00000000
00000000
00000000
00000000
00000000
00000000
00000000
00000000
00000000
00000000
00000000
00000000
00000000
00000000
00000000
00000000
00000000
00000000
00000000
00000000
00000000
00000000
00000000
00000000
00000000
00000000
00000000
00000000
00000000
00000000
00000000
00000000
00000000
00000000
00000000
00000000
00000000
00000000
00000000
00000000
00000000
00000000
00000000
00000000
00000000
00000000
00000000
00000000
00000000
00000000
00000000
00000000
00000000
00000000
00000000
00000000
00000000
00000000
00000000
00000000
00000000
00000000
00000000
00000000
00000000
00000000
00000000
00000000
00000000
00000000
00000000
00000000
00000000
00000000
00000000
00000000
00000000
00000000
00000000
00000000
00000000
00000000
00000000
00000000
00000000
00000000
00000000
00000000
00000000
00000000
00000000
00000000
00000000
00000000
00000000
00000000
00000000
00000000
00000000
00000000
00000000
00000000
00000000
00000000
00000000
00000000
00000000
00000000
00000000
00000000
00000000
00000000
00000000
00000000
00000000
00000000
00000000
00000000
00000000
00000000
00000000
00000000
00000000
00000000
00000000
00000000
00000000
00000000
00000000
00000000
00000000
00000000
00000000
00000000
00000000
00000000
00000000
00000000
00000000
00000000
00000000
00000000
00000000
00000000
00000000
00000000
00000000
00000000
00000000
00000000
00000000
00000000
00000000
00000000
00000000
00000000
00000000
00000000
00000000
00000000
00000000
00000000
00000000
00000000
00000000
00000000
00000000
00000000
00000000
00000000
00000000
00000000
00000000
00000000
00000000
00000000
00000000
00000000
00000000
00000000
00000000
00000000
00000000
00000000
00000000
00000000
00000000
00000000
00000000
00000000
00000000
00000000
00000000
00000000
00000000
00000000
00000000
00000000
00000000
00000000
00000000
00000000
00000000
00000000
00000000
00000000
00000000
00000000
00000000
00000000
00000000
00000000
00000000
00000000
00000000
00000000
00000000
00000000
00000000
00000000
00000000
00000000
00000000
00000000
00000000
00000000
00000000
00000000
00000000
00000000
00000000
00000000
00000000
00000000
00000000
00000000
00000000
00000000
00000000
00000000
00000000
00000000
00000000
00000000
00000000
00000000
00000000
00000000
00000000
00000000
00000000
00000000
00000000
00000000
00000000
00000000
00000000
00000000
00000000
00000000
00000000
00000000
00000000
00000000
00000000
00000000
00000000
00000000
00000000
00000000
00000000
00000000
00000000
00000000
00000000
00000000
00000000
00000000
00000000
00000000
00000000
00000000
00000000
00000000
00000000
00000000
00000000
00000000
00000000
00000000
00000000
00000000
00000000
00000000
00000000
00000000
00000000
00000000
00000000
00000000
00000000
00000000
00000000
00000000
00000000
00000000
00000000
00000000
00000000
00000000
00000000
00000000
00000000
00000000
00000000
00000000
00000000
00000000
00000000
00000000
00000000
00000000
00000000
00000000
00000000
00000000
00000000
00000000
00000000
00000000
00000000
00000000
00000000
00000000
00000000
00000000
00000000
00000000
00000000
00000000
00000000
00000000
00000000
00000000
00000000
00000000
00000000
00000000
00000000
00000000
00000000
00000000
00000000
00000000
00000000
00000000
00000000
00000000
00000000
00000000
00000000
00000000
00000000
00000000
00000000
00000000
00000000
00000000
00000000
00000000
00000000
00000000
00000000
00000000
00000000
00000000
00000000
00000000
00000000
00000000
00000000
00000000
00000000
00000000
00000000
00000000
00000000
00000000
00000000
00000000
00000000
00000000
00000000
00000000
00000000
00000000
00000000
00000000
00000000
00000000
00000000
00000000
00000000
00000000
00000000
00000000
00000000
00000000
00000000
00000000
00000000
00000000
00000000
00000000
00000000
00000000
00000000
00000000
00000000
00000000
00000000
00000000
00000000
00000000
00000000
00000000
00000000
00000000
00000000
00000000
00000000
00000000
00000000
00000000
00000000
00000000
00000000
00000000
00000000
00000000
00000000
00000000
00000000
00000000
00000000
00000000
00000000
00000000
00000000
00000000
00000000
00000000
00000000
00000000
00000000
00000000
00000000
00000000
00000000
00000000
00000000
00000000
00000000
00000000
00000000
00000000
00000000
00000000
00000000
00000000
00000000
00000000
00000000
00000000
00000000
00000000
00000000
00000000
00000000
00000000
00000000
00000000
00000000
00000000
00000000
00000000
00000000
00000000
00000000
00000000
00000000
00000000
00000000
00000000
00000000
00000000
00000000
00000000
00000000
00000000
00000000
00000000
00000000
00000000
00000000
00000000
00000000
00000000
00000000
00000000
00000000
00000000
00000000
00000000
00000000
00000000
00000000
00000000
00000000
00000000
00000000
00000000
00000000
00000000
00000000
00000000
00000000
00000000
00000000
00000000
00000000
00000000
00000000
00000000
00000000
00000000
00000000
00000000
00000000
00000000
00000000
00000000
00000000
00000000
00000000
00000000
00000000
00000000
00000000
00000000
00000000
00000000
00000000
00000000
00000000
00000000
00000000
00000000
00000000
00000000
00000000
00000000
00000000
00000000
00000000
00000000
00000000
00000000
00000000
00000000
00000000
00000000
00000000
00000000
00000000
00000000
00000000
00000000
00000000
00000000
00000000
00000000
00000000
00000000
00000000
00000000
00000000
00000000
00000000
00000000
00000000
00000000
00000000
00000000
00000000
00000000
00000000
00000000
00000000
00000000
00000000
00000000
00000000
00000000
00000000
00000000
00000000
00000000
00000000
00000000
00000000
00000000
00000000
00000000
00000000
00000000
00000000
00000000
00000000
00000000
00000000
00000000
00000000
00000000
00000000
00000000
00000000
00000000
00000000
00000000
00000000
00000000
00000000
00000000
00000000
00000000
00000000
00000000
00000000
00000000
00000000
00000000
00000000
00000000
00000000
00000000
00000000
00000000
00000000
00000000
00000000
00000000
00000000
00000000
00000000
00000000
00000000
00000000
00000000
00000000
00000000
00000000
00000000
00000000
00000000
00000000
00000000
00000000
00000000
00000000
00000000
00000000
00000000
00000000
00000000
00000000
00000000
00000000
00000000
00000000
00000000
00000000
00000000
00000000
00000000
00000000
00000000
00000000
00000000
00000000
00000000
00000000
00000000
00000000
00000000
00000000
00000000
00000000
00000000
00000000
00000000
00000000
00000000
00000000
00000000
00000000
00000000
00000000
00000000
00000000
00000000
00000000
00000000
00000000
00000000
00000000
00000000
00000000
00000000
00000000
00000000
00000000
00000000
00000000
00000000
00000000
00000000
00000000
00000000
00000000
00000000
00000000
00000000
00000000
00000000
00000000
00000000
00000000
00000000
00000000
00000000
00000000
00000000
00000000
00000000
00000000
00000000
00000000
00000000
00000000
00000000
00000000
00000000
00000000
00000000
00000000
00000000
00000000
00000000
00000000
00000000
00000000
00000000
00000000
00000000
00000000
00000000
00000000
00000000
00000000
00000000
00000000
00000000
00000000
00000000
00000000
00000000
00000000
00000000
00000000
00000000
00000000
00000000
00000000
00000000
00000000
00000000
00000000
00000000
00000000
00000000
00000000
00000000
00000000
00000000
00000000
00000000
00000000
00000000
00000000
00000000
00000000
00000000
00000000
00000000
00000000
00000000
00000000
00000000
00000000
00000000
00000000
00000000
00000000
00000000
00000000
00000000
00000000
00000000
00000000
00000000
00000000
00000000
00000000
00000000
00000000
00000000
00000000
00000000
00000000
00000000
00000000
00000000
00000000
00000000
00000000
00000000
00000000
00000000
00000000
00000000
00000000
00000000
00000000
00000000
00000000
00000000
00000000
00000000
00000000
00000000
00000000
00000000
00000000
00000000
00000000
00000000
00000000
00000000
00000000
00000000
00000000
00000000
00000000
00000000
00000000
00000000
00000000
00000000
00000000
00000000
00000000
00000000
00000000
00000000
00000000
00000000
00000000
00000000
00000000
00000000
00000000
00000000
00000000
00000000
00000000
00000000
00000000
00000000
00000000
00000000
00000000
00000000
00000000
00000000
00000000
00000000
00000000
00000000
00000000
00000000
00000000
00000000
00000000
00000000
00000000
00000000
00000000
00000000
00000000
00000000
00000000
00000000
00000000
00000000
00000000
00000000
00000000
00000000
00000000
00000000
00000000
00000000
00000000
00000000
00000000
00000000
00000000
00000000
00000000
00000000
00000000
00000000
00000000
00000000
00000000
00000000
00000000
00000000
00000000
00000000
00000000
00000000
00000000
00000000
00000000
00000000
00000000
00000000
00000000
00000000
00000000
00000000
00000000
00000000
00000000
00000000
00000000
00000000
00000000
00000000
00000000
00000000
00000000
00000000
00000000
00000000
00000000
00000000
00000000
00000000
00000000
00000000
00000000
00000000
00000000
00000000
00000000
00000000
00000000
00000000
00000000
00000000
00000000
00000000
00000000
00000000
00000000
00000000
00000000
00000000
00000000
00000000
00000000
00000000
00000000
00000000
00000000
00000000
00000000
00000000
00000000
00000000
00000000
00000000
00000000
00000000
00000000
00000000
00000000
00000000
00000000
00000000
00000000
00000000
00000000
00000000
00000000
00000000
00000000
00000000
00000000
00000000
00000000
00000000
00000000
00000000
00000000
00000000
00000000
00000000
00000000
00000000
00000000
00000000
00000000
00000000
00000000
00000000
00000000
00000000
00000000
00000000
00000000
00000000
00000000
00000000
00000000
00000000
00000000
00000000
00000000
00000000
00000000
00000000
00000000
00000000
00000000
00000000
00000000
00000000
00000000
00000000
00000000
00000000
00000000
00000000
00000000
00000000
00000000
00000000
00000000
00000000
00000000
00000000
00000000
00000000
00000000
00000000
00000000
00000000
00000000
00000000
00000000
00000000
00000000
00000000
00000000
00000000
00000000
00000000
00000000
00000000
00000000
00000000
00000000
00000000
00000000
00000000
00000000
00000000
00000000
00000000
00000000
00000000
00000000
00000000
00000000
00000000
00000000
00000000
00000000
00000000
00000000
00000000
00000000
00000000
00000000
00000000
00000000
00000000
00000000
00000000
00000000
00000000
00000000
00000000
00000000
00000000
00000000
00000000
00000000
00000000
00000000
00000000
00000000
00000000
00000000
00000000
00000000
00000000
00000000
00000000
00000000
00000000
00000000
00000000
00000000
00000000
00000000
00000000
00000000
00000000
00000000
00000000
00000000
00000000
00000000
00000000
00000000
00000000
00000000
00000000
00000000
00000000
00000000
00000000
00000000
00000000
00000000
00000000
00000000
00000000
00000000
00000000
00000000
00000000
00000000
00000000
00000000
00000000
00000000
00000000
00000000
00000000
00000000
00000000
00000000
00000000
00000000
00000000
00000000
00000000
00000000
00000000
00000000
00000000
00000000
00000000
00000000
00000000
00000000
00000000
00000000
00000000
00000000
00000000
00000000
00000000
00000000
00000000
00000000
00000000
00000000
00000000
00000000
00000000
00000000
00000000
00000000
00000000
00000000
00000000
00000000
00000000
00000000
00000000
00000000
00000000
00000000
00000000
00000000
00000000
00000000
00000000
00000000
00000000
00000000
00000000
00000000
00000000
00000000
00000000
00000000
00000000
00000000
00000000
00000000
00000000
00000000
00000000
00000000
00000000
00000000
00000000
00000000
00000000
00000000
00000000
00000000
00000000
00000000
00000000
00000000
00000000
00000000
00000000
00000000
00000000
00000000
00000000
00000000
00000000
00000000
00000000
00000000
00000000
00000000
00000000
00000000
00000000
00000000
00000000
00000000
00000000
00000000
00000000
00000000
00000000
00000000
00000000
00000000
00000000
00000000
00000000
00000000
00000000
00000000
00000000
00000000
00000000
00000000
00000000
00000000
00000000
00000000
00000000
00000000
00000000
00000000
00000000
00000000
00000000
00000000
00000000
00000000
00000000
00000000
00000000
00000000
00000000
00000000
00000000
00000000
00000000
00000000
00000000
00000000
00000000
00000000
00000000
00000000
00000000
00000000
00000000
00000000
00000000
00000000
00000000
00000000
00000000
00000000
00000000
00000000
00000000
00000000
00000000
00000000
00000000
00000000
00000000
00000000
00000000
00000000
00000000
00000000
00000000
00000000
00000000
00000000
00000000
00000000
00000000
00000000
00000000
00000000
00000000
00000000
00000000
00000000
00000000
00000000
00000000
00000000
00000000
00000000
00000000
00000000
00000000
00000000
00000000
00000000
00000000
00000000
00000000
00000000
00000000
00000000
00000000
00000000
00000000
00000000
00000000
00000000
00000000
00000000
00000000
00000000
00000000
00000000
00000000
00000000
00000000
00000000
00000000
00000000
00000000
00000000
00000000
00000000
00000000
00000000
00000000
00000000
00000000
00000000
00000000
00000000
00000000
00000000
00000000
00000000
00000000
00000000
00000000
00000000
00000000
00000000
00000000
00000000
00000000
00000000
00000000
00000000
00000000
00000000
00000000
00000000
00000000
00000000
00000000
00000000
00000000
00000000
00000000
00000000
00000000
00000000
00000000
00000000
00000000
00000000
00000000
00000000
00000000
00000000
00000000
00000000
00000000
00000000
00000000
00000000
00000000
00000000
00000000
00000000
00000000
00000000
00000000
00000000
00000000
00000000
00000000
00000000
00000000
00000000
00000000
00000000
00000000
00000000
00000000
00000000
00000000
00000000
00000000
00000000
00000000
00000000
00000000
00000000
00000000
00000000
00000000
00000000
00000000
00000000
00000000
00000000
00000000
00000000
00000000
00000000
00000000
00000000
00000000
00000000
00000000
00000000
00000000
00000000
00000000
00000000
00000000
00000000
00000000
00000000
00000000
00000000
00000000
00000000
00000000
00000000
00000000
00000000
00000000
00000000
00000000
00000000
00000000
00000000
00000000
00000000
00000000
00000000
00000000
00000000
00000000
00000000
00000000
00000000
00000000
00000000
00000000
00000000
00000000
00000000
00000000
00000000
00000000
00000000
00000000
00000000
00000000
00000000
00000000
00000000
00000000
00000000
00000000
00000000
00000000
00000000
00000000
00000000
00000000
00000000
00000000
00000000
00000000
00000000
00000000
00000000
00000000
00000000
00000000
00000000
00000000
00000000
00000000
00000000
00000000
00000000
00000000
00000000
00000000
00000000
00000000
00000000
00000000
00000000
00000000
00000000
00000000
00000000
00000000
00000000
00000000
00000000
00000000
00000000
00000000
00000000
00000000
00000000
00000000
00000000
00000000
00000000
00000000
00000000
00000000
00000000
00000000
00000000
00000000
00000000
00000000
00000000
00000000
00000000
00000000
00000000
00000000
00000000
00000000
00000000
00000000
00000000
00000000
00000000
00000000
00000000
00000000
00000000
00000000
00000000
00000000
00000000
00000000
00000000
00000000
00000000
00000000
00000000
00000000
00000000
00000000
00000000
00000000
00000000
00000000
00000000
00000000
00000000
00000000
00000000
00000000
00000000
00000000
00000000
00000000
00000000
00000000
00000000
00000000
00000000
00000000
00000000
00000000
00000000
00000000
00000000
00000000
00000000
00000000
00000000
00000000
00000000
00000000
00000000
00000000
00000000
00000000
00000000
00000000
00000000
00000000
00000000
00000000
00000000
00000000
00000000
00000000
00000000
00000000
00000000
00000000
00000000
00000000
00000000
00000000
00000000
00000000
00000000
00000000
00000000
00000000
00000000
00000000
00000000
00000000
00000000
00000000
00000000
00000000
00000000
00000000
00000000
00000000
00000000
00000000
00000000
00000000
00000000
00000000
00000000
00000000
00000000
00000000
00000000
00000000
00000000
00000000
00000000
00000000
00000000
00000000
00000000
00000000
00000000
00000000
00000000
00000000
00000000
00000000
00000000
00000000
00000000
00000000
00000000
00000000
00000000
00000000
00000000
00000000
00000000
00000000
00000000
00000000
00000000
00000000
00000000
00000000
00000000
00000000
00000000
00000000
00000000
00000000
00000000
00000000
00000000
00000000
00000000
00000000
00000000
00000000
00000000
00000000
00000000
00000000
00000000
00000000
00000000
00000000
00000000
00000000
00000000
00000000
00000000
00000000
00000000
00000000
00000000
00000000
00000000
00000000
00000000
00000000
00000000
00000000
00000000
00000000
00000000
00000000
00000000
00000000
00000000
00000000
00000000
00000000
00000000
00000000
00000000
00000000
00000000
00000000
00000000
00000000
00000000
00000000
00000000
00000000
00000000
00000000
00000000
00000000
00000000
00000000
00000000
00000000
00000000
00000000
00000000
00000000
00000000
00000000
00000000
00000000
00000000
00000000
00000000
00000000
00000000
00000000
00000000
00000000
00000000
00000000
00000000
00000000
00000000
00000000
00000000
00000000
00000000
00000000
00000000
00000000
00000000
00000000
00000000
00000000
00000000
00000000
00000000
00000000
00000000
00000000
00000000
00000000
00000000
00000000
00000000
00000000
00000000
00000000
00000000
00000000
00000000
00000000
00000000
00000000
00000000
00000000
00000000
00000000
00000000
00000000
00000000
00000000
00000000
00000000
00000000
00000000
00000000
00000000
00000000
00000000
00000000
00000000
00000000
00000000
00000000
00000000
00000000
00000000
00000000
00000000
00000000
00000000
00000000
00000000
00000000
00000000
00000000
00000000
00000000
00000000
00000000
00000000
00000000
00000000
00000000
00000000
00000000
00000000
00000000
00000000
00000000
00000000
00000000
00000000
00000000
00000000
00000000
00000000
00000000
00000000
00000000
00000000
00000000
00000000
00000000
00000000
00000000
00000000
00000000
00000000
00000000
00000000
00000000
00000000
00000000
00000000
00000000
00000000
00000000
00000000
00000000
00000000
00000000
00000000
00000000
00000000
00000000
00000000
00000000
00000000
00000000
00000000
00000000
00000000
00000000
00000000
00000000
00000000
00000000
00000000
00000000
00000000
00000000
00000000
00000000
00000000
00000000
00000000
00000000
00000000
00000000
00000000
00000000
00000000
00000000
00000000
00000000
00000000
00000000
00000000
00000000
00000000
00000000
00000000
00000000
00000000
00000000
00000000
00000000
00000000
00000000
00000000
00000000
00000000
00000000
00000000
00000000
00000000
00000000
00000000
00000000
00000000
00000000
00000000
00000000
00000000
00000000
00000000
00000000
00000000
00000000
00000000
00000000
00000000
00000000
00000000
00000000
00000000
00000000
00000000
00000000
00000000
00000000
00000000
00000000
00000000
00000000
00000000
00000000
00000000
00000000
00000000
00000000
00000000
00000000
00000000
00000000
00000000
00000000
00000000
00000000
00000000
00000000
00000000
00000000
00000000
00000000
00000000
00000000
00000000
00000000
00000000
00000000
00000000
00000000
00000000
00000000
00000000
00000000
00000000
00000000
00000000
00000000
00000000
00000000
00000000
00000000
00000000
00000000
00000000
00000000
00000000
00000000
00000000
00000000
00000000
00000000
00000000
00000000
00000000
00000000
00000000
00000000
00000000
00000000
00000000
00000000
00000000
00000000
00000000
00000000
00000000
00000000
00000000
00000000
00000000
00000000
00000000
00000000
00000000
00000000
00000000
00000000
00000000
00000000
00000000
00000000
00000000
00000000
00000000
00000000
00000000
00000000
00000000
00000000
00000000
00000000
00000000
00000000
00000000
00000000
00000000
00000000
00000000
00000000
00000000
00000000
00000000
00000000
00000000
00000000
00000000
00000000
00000000
00000000
00000000
00000000
00000000
00000000
00000000
00000000
00000000
00000000
00000000
00000000
00000000
00000000
00000000
00000000
00000000
00000000
00000000
00000000
00000000
00000000
00000000
00000000
00000000
00000000
00000000
00000000
00000000
00000000
00000000
00000000
00000000
00000000
00000000
00000000
00000000
00000000
00000000
00000000
00000000
00000000
00000000
00000000
00000000
00000000
00000000
00000000
00000000
00000000
00000000
00000000
00000000
00000000
00000000
00000000
00000000
00000000
00000000
00000000
00000000
00000000
00000000
00000000
00000000
00000000
00000000
00000000
00000000
00000000
00000000
00000000
00000000
00000000
00000000
00000000
00000000
00000000
00000000
00000000
00000000
00000000
00000000
00000000
00000000
00000000
00000000
00000000
00000000
00000000
00000000
00000000
00000000
00000000
00000000
00000000
00000000
00000000
00000000
00000000
00000000
00000000
00000000
00000000
00000000
00000000
00000000
00000000
00000000
00000000
00000000
00000000
00000000
00000000
00000000
00000000
00000000
00000000
00000000
00000000
00000000
00000000
00000000
00000000
00000000
00000000
00000000
00000000
00000000
00000000
00000000
00000000
00000000
00000000
00000000
00000000
00000000
00000000
00000000
00000000
00000000
00000000
00000000
00000000
00000000
00000000
00000000
00000000
00000000
00000000
00000000
00000000
00000000
00000000
00000000
00000000
00000000
00000000
00000000
00000000
00000000
00000000
00000000
00000000
00000000
00000000
00000000
00000000
00000000
00000000
00000000
00000000
00000000
00000000
00000000
00000000
00000000
00000000
00000000
00000000
00000000
00000000
00000000
00000000
00000000
00000000
00000000
00000000
00000000
00000000
00000000
00000000
00000000
00000000
00000000
00000000
00000000
00000000
00000000
00000000
00000000
00000000
00000000
00000000
00000000
00000000
00000000
00000000
00000000
00000000
00000000
00000000
00000000
00000000
00000000
00000000
00000000
00000000
00000000
00000000
00000000
00000000
00000000
00000000
00000000
00000000
00000000
00000000
00000000
00000000
00000000
00000000
00000000
00000000
00000000
00000000
00000000
00000000
00000000
00000000
00000000
00000000
00000000
00000000
00000000
00000000
00000000
00000000
00000000
00000000
00000000
00000000
00000000
00000000
00000000
00000000
00000000
00000000
00000000
00000000
00000000
00000000
00000000
00000000
00000000
00000000
00000000
00000000
00000000
00000000
00000000
00000000
00000000
00000000
00000000
00000000
00000000
00000000
00000000
00000000
00000000
00000000
00000000
00000000
00000000
00000000
00000000
00000000
00000000
00000000
00000000
00000000
00000000
00000000
00000000
00000000
00000000
00000000
00000000
00000000
00000000
00000000
00000000
00000000
00000000
00000000
00000000
00000000
00000000
00000000
00000000
00000000
00000000
00000000
00000000
00000000
00000000
00000000
00000000
00000000
00000000
00000000
00000000
00000000
00000000
00000000
00000000
00000000
00000000
00000000
00000000
00000000
00000000
00000000
00000000
00000000
00000000
00000000
00000000
00000000
00000000
00000000
00000000
00000000
00000000
00000000
00000000
00000000
00000000
00000000
00000000
00000000
00000000
00000000
00000000
00000000
00000000
00000000
00000000
00000000
00000000
00000000
00000000
00000000
00000000
00000000
00000000
00000000
00000000
00000000
00000000
00000000
00000000
00000000
00000000
00000000
00000000
00000000
00000000
00000000
00000000
00000000
00000000
00000000
00000000
00000000
00000000
00000000
00000000
00000000
00000000
00000000
00000000
00000000
00000000
00000000
00000000
00000000
00000000
00000000
00000000
00000000
00000000
00000000
00000000
00000000
00000000
00000000
00000000
00000000
00000000
00000000
00000000
00000000
00000000
00000000
00000000
00000000
00000000
00000000
00000000
00000000
00000000
00000000
00000000
00000000
00000000
00000000
00000000
00000000
00000000
00000000
00000000
00000000
00000000
00000000
00000000
00000000
00000000
00000000
00000000
00000000
00000000
00000000
00000000
00000000
00000000
00000000
00000000
00000000
00000000
00000000
00000000
00000000
00000000
00000000
00000000
00000000
00000000
00000000
00000000
00000000
00000000
00000000
00000000
00000000
00000000
00000000
00000000
00000000
00000000
00000000
00000000
00000000
00000000
00000000
00000000
00000000
00000000
00000000
00000000
00000000
00000000
00000000
00000000
00000000
00000000
00000000
00000000
00000000
00000000
00000000
00000000
00000000
00000000
00000000
00000000
00000000
00000000
00000000
00000000
00000000
00000000
00000000
00000000
00000000
00000000
00000000
00000000
00000000
00000000
00000000
00000000
00000000
00000000
00000000
00000000
00000000
00000000
00000000
00000000
00000000
00000000
00000000
00000000
00000000
00000000
00000000
00000000
00000000
00000000
00000000
00000000
00000000
00000000
00000000
00000000
00000000
00000000
00000000
00000000
00000000
00000000
00000000
00000000
00000000
00000000
00000000
00000000
00000000
00000000
00000000
00000000
00000000
00000000
00000000
00000000
00000000
00000000
00000000
00000000
00000000
00000000
00000000
00000000
00000000
00000000
00000000
00000000
00000000
00000000
00000000
00000000
00000000
00000000
00000000
00000000
00000000
00000000
00000000
00000000
00000000
00000000
00000000
00000000
00000000
00000000
00000000
00000000
00000000
00000000
00000000
00000000
00000000
00000000
00000000
00000000
00000000
00000000
00000000
00000000
00000000
00000000
00000000
00000000
00000000
00000000
00000000
00000000
00000000
00000000
00000000
00000000
00000000
00000000
00000000
00000000
00000000
00000000
00000000
00000000
00000000
00000000
00000000
00000000
00000000
00000000
00000000
00000000
00000000
00000000
00000000
00000000
00000000
00000000
00000000
00000000
00000000
00000000
00000000
00000000
00000000
00000000
00000000
00000000
00000000
00000000
00000000
00000000
00000000
00000000
00000000
00000000
00000000
00000000
00000000
00000000
00000000
00000000
00000000
00000000
00000000
00000000
00000000
00000000
00000000
00000000
00000000
00000000
00000000
00000000
00000000
00000000
00000000
00000000
00000000
00000000
00000000
00000000
00000000
00000000
00000000
00000000
00000000
00000000
00000000
00000000
00000000
00000000
00000000
00000000
00000000
00000000
00000000
00000000
00000000
00000000
00000000
00000000
00000000
00000000
00000000
00000000
00000000
00000000
00000000
00000000
00000000
00000000
00000000
00000000
00000000
00000000
00000000
00000000
00000000
00000000
00000000
00000000
00000000
00000000
00000000
00000000
00000000
00000000
00000000
00000000
00000000
00000000
00000000
00000000
00000000
00000000
00000000
00000000
00000000
00000000
00000000
00000000
00000000
00000000
00000000
00000000
00000000
00000000
00000000
00000000
00000000
00000000
00000000
00000000
00000000
00000000
00000000
00000000
00000000
00000000
00000000
00000000
00000000
00000000
00000000
00000000
00000000
00000000
00000000
00000000
00000000
00000000
00000000
00000000
00000000
00000000
00000000
00000000
00000000
00000000
00000000
00000000
00000000
00000000
00000000
00000000
00000000
00000000
00000000
00000000
00000000
00000000
00000000
00000000
00000000
00000000
00000000
00000000
00000000
00000000
00000000
00000000
00000000
00000000
00000000
00000000
00000000
00000000
00000000
00000000
00000000
00000000
00000000
00000000
00000000
00000000
00000000
00000000
00000000
00000000
00000000
00000000
00000000
00000000
00000000
00000000
00000000
00000000
00000000
00000000
00000000
00000000
00000000
00000000
00000000
00000000
00000000
00000000
00000000
00000000
00000000
00000000
00000000
00000000
00000000
00000000
00000000
00000000
00000000
00000000
00000000
00000000
00000000
00000000
00000000
00000000
00000000
00000000
00000000
00000000
00000000
00000000
00000000
00000000
00000000
00000000
00000000
00000000
00000000
00000000
00000000
00000000
00000000
00000000
00000000
00000000
00000000
00000000
00000000
00000000
00000000
00000000
00000000
00000000
00000000
00000000
00000000
00000000
00000000
00000000
00000000
00000000
00000000
00000000
00000000
00000000
00000000
00000000
00000000
00000000
00000000
00000000
00000000
00000000
00000000
00000000
00000000
00000000
00000000
00000000
00000000
00000000
00000000
00000000
00000000
00000000
00000000
00000000
00000000
00000000
00000000
00000000
00000000
00000000
00000000
00000000
00000000
00000000
00000000
00000000
00000000
00000000
00000000
00000000
00000000
00000000
00000000
00000000
00000000
00000000
00000000
00000000
00000000
00000000
00000000
00000000
00000000
00000000
00000000
00000000
00000000
00000000
00000000
00000000
00000000
00000000
00000000
00000000
00000000
00000000
00000000
00000000
00000000
00000000
00000000
00000000
00000000
00000000
00000000
00000000
00000000
00000000
00000000
00000000
00000000
00000000
00000000
00000000
00000000
00000000
00000000
00000000
00000000
00000000
00000000
00000000
00000000
00000000
00000000
00000000
00000000
00000000
00000000
00000000
00000000
00000000
00000000
00000000
00000000
00000000
00000000
00000000
00000000
00000000
00000000
00000000
00000000
00000000
00000000
00000000
00000000
00000000
00000000
00000000
00000000
00000000
00000000
00000000
00000000
00000000
00000000
00000000
00000000
00000000
00000000
00000000
00000000
00000000
00000000
00000000
00000000
00000000
00000000
00000000
00000000
00000000
00000000
00000000
00000000
00000000
00000000
00000000
00000000
00000000
00000000
00000000
00000000
00000000
00000000
00000000
00000000
00000000
00000000
00000000
00000000
00000000
00000000
00000000
00000000
00000000
00000000
00000000
00000000
00000000
00000000
00000000
00000000
00000000
00000000
00000000
00000000
00000000
00000000
00000000
00000000
00000000
00000000
00000000
00000000
00000000
00000000
00000000
00000000
00000000
00000000
00000000
00000000
00000000
00000000
00000000
00000000
00000000
00000000
00000000
00000000
00000000
00000000
00000000
00000000
00000000
00000000
00000000
00000000
00000000
00000000
00000000
00000000
00000000
00000000
00000000
00000000
00000000
00000000
00000000
00000000
00000000
00000000
00000000
00000000
00000000
00000000
00000000
00000000
00000000
00000000
00000000
00000000
00000000
00000000
00000000
00000000
00000000
00000000
00000000
00000000
00000000
00000000
00000000
00000000
00000000
00000000
00000000
00000000
00000000
00000000
00000000
00000000
00000000
00000000
00000000
00000000
00000000
00000000
00000000
00000000
00000000
00000000
00000000
00000000
00000000
00000000
00000000
00000000
00000000
00000000
00000000
00000000
00000000
00000000
00000000
00000000
00000000
00000000
00000000
00000000
00000000
00000000
00000000
00000000
00000000
00000000
00000000
00000000
00000000
00000000
00000000
00000000
00000000
00000000
00000000
00000000
00000000
00000000
00000000
00000000
00000000
00000000
00000000
00000000
00000000
00000000
00000000
00000000
00000000
00000000
00000000
00000000
00000000
00000000
00000000
00000000
00000000
00000000
00000000
00000000
00000000
00000000
00000000
00000000
00000000
00000000
00000000
00000000
00000000
00000000
00000000
00000000
00000000
00000000
00000000
00000000
00000000
00000000
00000000
00000000
00000000
00000000
00000000
00000000
00000000
00000000
00000000
00000000
00000000
00000000
00000000
00000000
00000000
00000000
00000000
00000000
00000000
00000000
00000000
00000000
00000000
00000000
00000000
00000000
00000000
00000000
00000000
00000000
00000000
00000000
00000000
00000000
00000000
00000000
00000000
00000000
00000000
00000000
00000000
00000000
00000000
00000000
00000000
00000000
00000000
00000000
00000000
00000000
00000000
00000000
00000000
00000000
00000000
00000000
00000000
00000000
00000000
00000000
00000000
00000000
00000000
00000000
00000000
00000000
00000000
00000000
00000000
00000000
00000000
00000000
00000000
00000000
00000000
00000000
00000000
00000000
00000000
00000000
00000000
00000000
00000000
00000000
00000000
00000000
00000000
00000000
00000000
00000000
00000000
00000000
00000000
00000000
00000000
00000000
00000000
00000000
00000000
00000000
00000000
00000000
00000000
00000000
00000000
00000000
00000000
00000000
00000000
00000000
00000000
00000000
00000000
00000000
00000000
00000000
00000000
00000000
00000000
00000000
00000000
00000000
00000000
00000000
00000000
00000000
00000000
00000000
00000000
00000000
00000000
00000000
00000000
00000000
00000000
00000000
00000000
00000000
00000000
00000000
00000000
00000000
00000000
00000000
00000000
00000000
00000000
00000000
00000000
00000000
00000000
00000000
00000000
00000000
00000000
00000000
00000000
00000000
00000000
00000000
00000000
00000000
00000000
00000000
00000000
00000000
00000000
00000000
00000000
00000000
00000000
00000000
00000000
00000000
00000000
00000000
00000000
00000000
00000000
00000000
00000000
00000000
00000000
00000000
00000000
00000000
00000000
00000000
00000000
00000000
00000000
00000000
00000000
00000000
00000000
00000000
00000000
00000000
00000000
00000000
00000000
00000000
00000000
00000000
00000000
00000000
00000000
00000000
00000000
00000000
00000000
00000000
00000000
00000000
00000000
00000000
00000000
00000000
00000000
00000000
00000000
00000000
00000000
00000000
00000000
00000000
00000000
00000000
00000000
00000000
00000000
00000000
00000000
00000000
00000000
00000000
00000000
00000000
00000000
00000000
00000000
00000000
00000000
00000000
00000000
00000000
00000000
00000000
00000000
00000000
00000000
00000000
00000000
00000000
00000000
00000000
00000000
00000000
00000000
00000000
00000000
00000000
00000000
00000000
00000000
00000000
00000000
00000000
00000000
00000000
00000000
00000000
00000000
00000000
00000000
00000000
00000000
00000000
00000000
00000000
00000000
00000000
00000000
00000000
00000000
00000000
00000000
00000000
00000000
00000000
00000000
00000000
00000000
00000000
00000000
00000000
00000000
00000000
00000000
00000000
00000000
00000000
00000000
00000000
00000000
00000000
00000000
00000000
00000000
00000000
00000000
00000000
00000000
00000000
00000000
00000000
00000000
00000000
00000000
00000000
00000000
00000000
00000000
00000000
00000000
00000000
00000000
00000000
00000000
00000000
00000000
00000000
00000000
00000000
00000000
00000000
00000000
00000000
00000000
00000000
00000000
00000000
00000000
00000000
00000000
00000000
00000000
00000000
00000000
00000000
00000000
00000000
00000000
00000000
00000000
00000000
00000000
00000000
00000000
00000000
00000000
00000000
00000000
00000000
00000000
00000000
00000000
00000000
00000000
00000000
00000000
00000000
00000000
00000000
00000000
00000000
00000000
00000000
00000000
00000000
00000000
00000000
00000000
00000000
00000000
00000000
00000000
00000000
00000000
00000000
00000000
00000000
00000000
00000000
00000000
00000000
00000000
00000000
00000000
00000000
00000000
00000000
00000000
00000000
00000000
00000000
00000000
00000000
00000000
00000000
00000000
00000000
00000000
00000000
00000000
00000000
00000000
00000000
00000000
00000000
00000000
00000000
00000000
00000000
00000000
00000000
00000000
00000000
00000000
00000000
00000000
00000000
00000000
00000000
00000000
00000000
00000000
00000000
00000000
00000000
00000000
00000000
00000000
00000000
00000000
00000000
00000000
00000000
00000000
00000000
00000000
00000000
00000000
00000000
00000000
00000000
00000000
00000000
00000000
00000000
00000000
00000000
00000000
00000000
00000000
00000000
00000000
00000000
00000000
00000000
00000000
00000000
00000000
00000000
00000000
00000000
00000000
00000000
00000000
00000000
00000000
00000000
00000000
00000000
00000000
00000000
00000000
00000000
00000000
00000000
00000000
00000000
00000000
00000000
00000000
00000000
00000000
00000000
00000000
00000000
00000000
00000000
00000000
00000000
00000000
00000000
00000000
00000000
00000000
00000000
00000000
00000000
00000000
00000000
00000000
00000000
00000000
00000000
00000000
00000000
00000000
00000000
00000000
00000000
00000000
00000000
00000000
00000000
00000000
00000000
00000000
00000000
00000000
00000000
00000000
00000000
00000000
00000000
00000000
00000000
00000000
00000000
00000000
00000000
00000000
00000000
00000000
00000000
00000000
00000000
00000000
00000000
00000000
00000000
00000000
00000000
00000000
00000000
00000000
00000000
00000000
00000000
00000000
00000000
00000000
00000000
00000000
00000000
00000000
00000000
00000000
00000000
00000000
00000000
00000000
00000000
00000000
00000000
00000000
00000000
00000000
00000000
00000000
00000000
00000000
00000000
00000000
00000000
00000000
00000000
00000000
00000000
00000000
00000000
00000000
00000000
00000000
00000000
00000000
00000000
00000000
00000000
00000000
00000000
00000000
00000000
00000000
00000000
00000000
00000000
00000000
00000000
00000000
00000000
00000000
00000000
00000000
00000000
00000000
00000000
00000000
00000000
00000000
00000000
00000000
00000000
00000000
00000000
00000000
00000000
00000000
00000000
00000000
00000000
00000000
00000000
00000000
00000000
00000000
00000000
00000000
00000000
00000000
00000000
00000000
00000000
00000000
00000000
00000000
00000000
00000000
00000000
00000000
00000000
00000000
00000000
00000000
00000000
00000000
00000000
00000000
00000000
00000000
00000000
00000000
00000000
00000000
00000000
00000000
00000000
00000000
00000000
00000000
00000000
00000000
00000000
00000000
00000000
00000000
00000000
00000000
00000000
00000000
00000000
00000000
00000000
00000000
00000000
00000000
00000000
00000000
00000000
00000000
00000000
00000000
00000000
00000000
00000000
00000000
00000000
00000000
00000000
00000000
00000000
00000000
00000000
00000000
00000000
00000000
00000000
00000000
00000000
00000000
00000000
00000000
00000000
00000000
00000000
00000000
00000000
00000000
00000000
00000000
00000000
00000000
00000000
00000000
00000000
00000000
00000000
00000000
00000000
00000000
00000000
00000000
00000000
00000000
00000000
00000000
00000000
00000000
00000000
00000000
00000000
00000000
00000000
00000000
00000000
00000000
00000000
00000000
00000000
00000000
00000000
00000000
00000000
00000000
00000000
00000000
00000000
00000000
00000000
00000000
00000000
00000000
00000000
00000000
00000000
00000000
00000000
00000000
00000000
00000000
00000000
00000000
00000000
00000000
00000000
00000000
00000000
00000000
00000000
00000000
00000000
00000000
00000000
00000000
00000000
00000000
00000000
00000000
00000000
00000000
00000000
00000000
00000000
00000000
00000000
00000000
00000000
00000000
00000000
00000000
00000000
00000000
00000000
00000000
00000000
00000000
00000000
00000000
00000000
00000000
00000000
00000000
00000000
00000000
00000000
00000000
00000000
00000000
00000000
00000000
00000000
00000000
00000000
00000000
00000000
00000000
00000000
00000000
00000000
00000000
00000000
00000000
00000000
00000000
00000000
00000000
00000000
00000000
00000000
00000000
00000000
00000000
00000000
00000000
00000000
00000000
00000000
00000000
00000000
00000000
00000000
00000000
00000000
00000000
00000000
00000000
00000000
00000000
00000000
00000000
00000000
00000000
00000000
00000000
00000000
00000000
00000000
00000000
00000000
00000000
00000000
00000000
00000000
00000000
00000000
00000000
00000000
00000000
00000000
00000000
00000000
00000000
00000000
00000000
00000000
00000000
00000000
00000000
00000000
00000000
00000000
00000000
00000000
00000000
00000000
00000000
00000000
00000000
00000000
00000000
00000000
00000000
00000000
00000000
00000000
00000000
00000000
00000000
00000000
00000000
00000000
00000000
00000000
00000000
00000000
00000000
00000000
00000000
00000000
00000000
00000000
00000000
00000000
00000000
00000000
00000000
00000000
00000000
00000000
00000000
00000000
00000000
00000000
00000000
00000000
00000000
00000000
00000000
00000000
00000000
00000000
00000000
00000000
00000000
00000000
00000000
00000000
00000000
00000000
00000000
00000000
00000000
00000000
00000000
00000000
00000000
00000000
00000000
00000000
00000000
00000000
00000000
00000000
00000000
00000000
00000000
00000000
00000000
00000000
00000000
00000000
00000000
00000000
00000000
00000000
00000000
00000000
00000000
00000000
00000000
00000000
00000000
00000000
00000000
00000000
00000000
00000000
00000000
00000000
00000000
00000000
00000000
00000000
00000000
00000000
00000000
00000000
00000000
00000000
00000000
00000000
00000000
00000000
00000000
00000000
00000000
00000000
00000000
00000000
00000000
00000000
00000000
00000000
00000000
00000000
00000000
00000000
00000000
00000000
00000000
00000000
00000000
00000000
00000000
00000000
00000000
00000000
00000000
00000000
00000000
00000000
00000000
00000000
00000000
00000000
00000000
00000000
00000000
00000000
00000000
00000000
00000000
00000000
00000000
00000000
00000000
00000000
00000000
00000000
00000000
00000000
00000000
00000000
00000000
00000000
00000000
00000000
00000000
00000000
00000000
00000000
00000000
00000000
00000000
00000000
00000000
00000000
00000000
00000000
00000000
00000000
00000000
00000000
00000000
00000000
00000000
00000000
00000000
00000000
00000000
00000000
00000000
00000000
00000000
00000000
00000000
00000000
00000000
00000000
00000000
00000000
00000000
00000000
00000000
00000000
00000000
00000000
00000000
00000000
00000000
00000000
00000000
00000000
00000000
00000000
00000000
00000000
00000000
00000000
00000000
00000000
00000000
00000000
00000000
00000000
00000000
00000000
00000000
00000000
00000000
00000000
00000000
00000000
00000000
00000000
00000000
00000000
00000000
00000000
00000000
00000000
00000000
00000000
00000000
00000000
00000000
00000000
00000000
00000000
00000000
00000000
00000000
00000000
00000000
00000000
00000000
00000000
00000000
00000000
00000000
00000000
00000000
00000000
00000000
00000000
00000000
00000000
00000000
00000000
00000000
00000000
00000000
00000000
00000000
00000000
00000000
00000000
00000000
00000000
00000000
00000000
00000000
00000000
00000000
00000000
00000000
00000000
00000000
00000000
00000000
00000000
00000000
00000000
00000000
00000000
00000000
00000000
00000000
00000000
00000000
00000000
00000000
00000000
00000000
00000000
00000000
00000000
00000000
00000000
00000000
00000000
00000000
00000000
00000000
00000000
00000000
00000000
00000000
00000000
00000000
00000000
00000000
00000000
00000000
00000000
00000000
00000000
00000000
00000000
00000000
00000000
00000000
00000000
00000000
00000000
00000000
00000000
00000000
00000000
00000000
00000000
00000000
00000000
00000000
00000000
00000000
00000000
00000000
00000000
00000000
00000000
00000000
00000000
00000000
00000000
00000000
00000000
00000000
00000000
00000000
00000000
00000000
00000000
00000000
00000000
00000000
00000000
00000000
00000000
00000000
00000000
00000000
00000000
00000000
00000000
00000000
00000000
00000000
00000000
00000000
00000000
00000000
00000000
00000000
00000000
00000000
00000000
00000000
00000000
00000000
00000000
00000000
00000000
00000000
00000000
00000000
00000000
00000000
00000000
00000000
00000000
00000000
00000000
00000000
00000000
00000000
00000000
00000000
00000000
00000000
00000000
00000000
00000000
00000000
00000000
00000000
00000000
00000000
00000000
00000000
00000000
00000000
00000000
00000000
00000000
00000000
00000000
00000000
00000000
00000000
00000000
00000000
00000000
00000000
00000000
00000000
00000000
00000000
00000000
00000000
00000000
00000000
00000000
00000000
00000000
00000000
00000000
00000000
00000000
00000000
00000000
00000000
00000000
00000000
00000000
00000000
00000000
00000000
00000000
00000000
00000000
00000000
00000000
00000000
00000000
00000000
00000000
00000000
00000000
00000000
00000000
00000000
00000000
00000000
00000000
00000000
00000000
00000000
00000000
00000000
00000000
00000000
00000000
00000000
00000000
00000000
00000000
00000000
00000000
00000000
00000000
00000000
00000000
00000000
00000000
00000000
00000000
00000000
00000000
00000000
00000000
00000000
00000000
00000000
00000000
00000000
00000000
00000000
00000000
00000000
00000000
00000000
00000000
00000000
00000000
00000000
00000000
00000000
00000000
00000000
00000000
00000000
00000000
00000000
00000000
00000000
00000000
00000000
00000000
00000000
00000000
00000000
00000000
00000000
00000000
00000000
00000000
00000000
00000000
00000000
00000000
00000000
00000000
00000000
00000000
00000000
00000000
00000000
00000000
00000000
00000000
00000000
00000000
00000000
00000000
00000000
00000000
00000000
00000000
00000000
00000000
00000000
00000000
00000000
00000000
00000000
00000000
00000000
00000000
00000000
00000000
00000000
00000000
00000000
00000000
00000000
00000000
00000000
00000000
00000000
00000000
00000000
00000000
00000000
00000000
00000000
00000000
00000000
00000000
00000000
00000000
00000000
00000000
00000000
00000000
00000000
00000000
00000000
00000000
00000000
00000000
00000000
00000000
00000000
00000000
00000000
00000000
00000000
00000000
00000000
00000000
00000000
00000000
00000000
00000000
00000000
00000000
00000000
00000000
00000000
00000000
00000000
00000000
00000000
00000000
00000000
00000000
00000000
00000000
00000000
00000000
00000000
00000000
00000000
00000000
00000000
00000000
00000000
00000000
00000000
00000000
00000000
00000000
00000000
00000000
00000000
00000000
00000000
00000000
00000000
00000000
00000000
00000000
00000000
00000000
00000000
00000000
00000000
00000000
00000000
00000000
00000000
00000000
00000000
00000000
00000000
00000000
00000000
00000000
00000000
00000000
00000000
00000000
00000000
00000000
00000000
00000000
00000000
00000000
00000000
00000000
00000000
00000000
00000000
00000000
00000000
00000000
00000000
00000000
00000000
00000000
00000000
00000000
00000000
00000000
00000000
00000000
00000000
00000000
00000000
00000000
00000000
00000000
00000000
00000000
00000000
00000000
00000000
00000000
00000000
00000000
00000000
00000000
00000000
00000000
00000000
00000000
00000000
00000000
00000000
00000000
00000000
00000000
00000000
00000000
00000000
00000000
00000000
00000000
00000000
00000000
00000000
00000000
00000000
00000000
00000000
00000000
00000000
00000000
00000000
00000000
00000000
00000000
00000000
00000000
00000000
00000000
00000000
00000000
00000000
00000000
00000000
00000000
00000000
00000000
00000000
00000000
00000000
00000000
00000000
00000000
00000000
00000000
00000000
00000000
00000000
00000000
00000000
00000000
00000000
00000000
00000000
00000000
00000000
00000000
00000000
00000000
00000000
00000000
00000000
00000000
00000000
00000000
00000000
00000000
00000000
00000000
00000000
00000000
00000000
00000000
00000000
00000000
00000000
00000000
00000000
00000000
00000000
00000000
00000000
00000000
00000000
00000000
00000000
00000000
00000000
00000000
00000000
00000000
00000000
00000000
00000000
00000000
00000000
00000000
00000000
00000000
00000000
00000000
00000000
00000000
00000000
00000000
00000000
00000000
00000000
00000000
00000000
00000000
00000000
00000000
00000000
00000000
00000000
00000000
00000000
00000000
00000000
00000000
00000000
00000000
00000000
00000000
00000000
00000000
00000000
00000000
00000000
00000000
00000000
00000000
00000000
00000000
00000000
00000000
00000000
00000000
00000000
00000000
00000000
00000000
00000000
00000000
00000000
00000000
00000000
00000000
00000000
00000000
00000000
00000000
00000000
00000000
00000000
00000000
00000000
00000000
00000000
00000000
00000000
00000000
00000000
00000000
00000000
00000000
00000000
00000000
00000000
00000000
00000000
00000000
00000000
00000000
00000000
00000000
00000000
00000000
00000000
00000000
00000000
00000000
00000000
00000000
00000000
00000000
00000000
00000000
00000000
00000000
00000000
00000000
00000000
00000000
00000000
00000000
00000000
00000000
00000000
00000000
00000000
00000000
00000000
00000000
00000000
00000000
00000000
00000000
00000000
00000000
00000000
00000000
00000000
00000000
00000000
00000000
00000000
00000000
00000000
00000000
00000000
00000000
00000000
00000000
00000000
00000000
00000000
00000000
00000000
00000000
00000000
00000000
00000000
00000000
00000000
00000000
00000000
00000000
00000000
00000000
00000000
00000000
00000000
00000000
00000000
00000000
00000000
00000000
00000000
00000000
00000000
00000000
00000000
00000000
00000000
00000000
00000000
00000000
00000000
00000000
00000000
00000000
00000000
00000000
00000000
00000000
00000000
00000000
00000000
00000000
00000000
00000000
00000000
00000000
00000000
00000000
00000000
00000000
00000000
00000000
00000000
00000000
00000000
00000000
00000000
00000000
00000000
00000000
00000000
00000000
00000000
00000000
00000000
00000000
00000000
00000000
00000000
00000000
00000000
00000000
00000000
00000000
00000000
00000000
00000000
00000000
00000000
00000000
00000000
00000000
00000000
00000000
00000000
00000000
00000000
00000000
00000000
00000000
00000000
00000000
00000000
00000000
00000000
00000000
00000000
00000000
00000000
00000000
00000000
00000000
00000000
00000000
00000000
00000000
00000000
00000000
00000000
00000000
00000000
00000000
00000000
00000000
00000000
00000000
00000000
00000000
00000000
00000000
00000000
00000000
00000000
00000000
00000000
00000000
00000000
00000000
00000000
00000000
00000000
00000000
00000000
00000000
00000000
00000000
00000000
00000000
00000000
00000000
00000000
00000000
00000000
00000000
00000000
00000000
00000000
00000000
00000000
00000000
00000000
00000000
00000000
00000000
00000000
00000000
00000000
00000000
00000000
00000000
00000000
00000000
00000000
00000000
00000000
00000000
00000000
00000000
00000000
00000000
00000000
00000000
00000000
00000000
00000000
00000000
00000000
00000000
00000000
00000000
00000000
00000000
00000000
00000000
00000000
00000000
00000000
00000000
00000000
00000000
00000000
00000000
00000000
00000000
00000000
00000000
00000000
00000000
00000000
00000000
00000000
00000000
00000000
00000000
00000000
00000000
00000000
00000000
00000000
00000000
00000000
00000000
00000000
00000000
00000000
00000000
00000000
00000000
00000000
00000000
00000000
00000000
00000000
00000000
00000000
00000000
00000000
00000000
00000000
00000000
00000000
00000000
00000000
00000000
00000000
00000000
00000000
00000000
00000000
00000000
00000000
00000000
00000000
00000000
00000000
00000000
00000000
00000000
00000000
00000000
00000000
00000000
00000000
00000000
00000000
00000000
00000000
00000000
00000000
00000000
00000000
00000000
00000000
00000000
00000000
00000000
00000000
00000000
00000000
00000000
00000000
00000000
00000000
00000000
00000000
00000000
00000000
00000000
00000000
00000000
00000000
00000000
00000000
00000000
00000000
00000000
00000000
00000000
00000000
00000000
00000000
00000000
00000000
00000000
00000000
00000000
00000000
00000000
00000000
00000000
00000000
00000000
00000000
00000000
00000000
00000000
00000000
00000000
00000000
00000000
00000000
00000000
00000000
00000000
00000000
00000000
00000000
00000000
00000000
00000000
00000000
00000000
00000000
00000000
00000000
00000000
00000000
00000000
00000000
00000000
00000000
00000000
00000000
00000000
00000000
00000000
00000000
00000000
00000000
00000000
00000000
00000000
00000000
00000000
00000000
00000000
00000000
00000000
00000000
00000000
00000000
00000000
00000000
00000000
00000000
00000000
00000000
00000000
00000000
00000000
00000000
00000000
00000000
00000000
00000000
00000000
00000000
00000000
00000000
00000000
00000000
00000000
00000000
00000000
00000000
00000000
00000000
00000000
00000000
00000000
00000000
00000000
00000000
00000000
00000000
00000000
00000000
00000000
00000000
00000000
00000000
00000000
00000000
00000000
00000000
00000000
00000000
00000000
00000000
00000000
00000000
00000000
00000000
00000000
00000000
00000000
00000000
00000000
00000000
00000000
00000000
00000000
00000000
00000000
00000000
00000000
00000000
00000000
00000000
00000000
00000000
00000000
00000000
00000000
00000000
00000000
00000000
00000000
00000000
00000000
00000000
00000000
00000000
00000000
00000000
00000000
00000000
00000000
00000000
00000000
00000000
00000000
00000000
00000000
00000000
00000000
00000000
00000000
00000000
00000000
00000000
00000000
00000000
00000000
00000000
00000000
00000000
00000000
00000000
00000000
00000000
00000000
00000000
00000000
00000000
00000000
00000000
00000000
00000000
00000000
00000000
00000000
00000000
00000000
00000000
00000000
00000000
00000000
00000000
00000000
00000000
00000000
00000000
00000000
00000000
00000000
00000000
00000000
00000000
00000000
00000000
00000000
00000000
00000000
00000000
00000000
00000000
00000000
00000000
00000000
00000000
00000000
00000000
00000000
00000000
00000000
00000000
00000000
00000000
00000000
00000000
00000000
00000000
00000000
00000000
00000000
00000000
00000000
00000000
00000000
00000000
00000000
00000000
00000000
00000000
00000000
00000000
00000000
00000000
00000000
00000000
00000000
00000000
00000000
00000000
00000000
00000000
00000000
00000000
00000000
00000000
00000000
00000000
00000000
00000000
00000000
00000000
00000000
00000000
00000000
00000000
00000000
00000000
00000000
00000000
00000000
00000000
00000000
00000000
00000000
00000000
00000000
00000000
00000000
00000000
00000000
00000000
00000000
00000000
00000000
00000000
00000000
00000000
00000000
00000000
00000000
00000000
00000000
00000000
00000000
00000000
00000000
00000000
00000000
00000000
00000000
00000000
00000000
00000000
00000000
00000000
00000000
00000000
00000000
00000000
00000000
00000000
00000000
00000000
00000000
00000000
00000000
00000000
00000000
00000000
00000000
00000000
00000000
00000000
00000000
00000000
00000000
00000000
00000000
00000000
00000000
00000000
00000000
00000000
00000000
00000000
00000000
00000000
00000000
00000000
00000000
00000000
00000000
00000000
00000000
00000000
00000000
00000000
00000000
00000000
00000000
00000000
00000000
00000000
00000000
00000000
00000000
00000000
00000000
00000000
00000000
00000000
00000000
00000000
00000000
00000000
00000000
00000000
00000000
00000000
00000000
00000000
00000000
00000000
00000000
00000000
00000000
00000000
00000000
00000000
00000000
00000000
00000000
00000000
00000000
00000000
00000000
00000000
00000000
00000000
00000000
00000000
00000000
00000000
00000000
00000000
00000000
00000000
00000000
00000000
00000000
00000000
00000000
00000000
00000000
00000000
00000000
00000000
00000000
00000000
00000000
00000000
00000000
00000000
00000000
00000000
00000000
00000000
00000000
00000000
00000000
00000000
00000000
00000000
00000000
00000000
00000000
00000000
00000000
00000000
00000000
00000000
00000000
00000000
00000000
00000000
00000000
00000000
00000000
00000000
00000000
00000000
00000000
00000000
00000000
00000000
00000000
00000000
00000000
00000000
00000000
00000000
00000000
00000000
00000000
00000000
00000000
00000000
00000000
00000000
00000000
00000000
00000000
00000000
00000000
00000000
00000000
00000000
00000000
00000000
00000000
00000000
00000000
00000000
00000000
00000000
00000000
00000000
00000000
00000000
00000000
00000000
00000000
00000000
00000000
00000000
00000000
00000000
00000000
00000000
00000000
00000000
00000000
00000000
00000000
00000000
00000000
00000000
00000000
00000000
00000000
00000000
00000000
00000000
00000000
00000000
00000000
00000000
00000000
00000000
00000000
00000000
00000000
00000000
00000000
00000000
00000000
00000000
00000000
00000000
00000000
00000000
00000000
00000000
00000000
00000000
00000000
00000000
00000000
00000000
00000000
00000000
00000000
00000000
00000000
00000000
00000000
00000000
00000000
00000000
00000000
00000000
00000000
00000000
00000000
00000000
00000000
00000000
00000000
00000000
00000000
00000000
00000000
00000000
00000000
00000000
00000000
00000000
00000000
00000000
00000000
00000000
00000000
00000000
00000000
00000000
00000000
00000000
00000000
00000000
00000000
00000000
00000000
00000000
00000000
00000000
00000000
00000000
00000000
00000000
00000000
00000000
00000000
00000000
00000000
00000000
00000000
00000000
00000000
00000000
00000000
00000000
00000000
00000000
00000000
00000000
00000000
00000000
00000000
00000000
00000000
00000000
00000000
00000000
00000000
00000000
00000000
00000000
00000000
00000000
00000000
00000000
00000000
00000000
00000000
00000000
00000000
00000000
00000000
00000000
00000000
00000000
00000000
00000000
00000000
00000000
00000000
00000000
00000000
00000000
00000000
00000000
00000000
00000000
00000000
00000000
00000000
00000000
00000000
00000000
00000000
00000000
00000000
00000000
00000000
00000000
00000000
00000000
00000000
00000000
00000000
00000000
00000000
00000000
00000000
00000000
00000000
00000000
00000000
00000000
00000000
00000000
00000000
00000000
00000000
00000000
00000000
00000000
00000000
00000000
00000000
00000000
00000000
00000000
00000000
00000000
00000000
00000000
00000000
00000000
00000000
00000000
00000000
00000000
00000000
00000000
00000000
00000000
00000000
00000000
00000000
00000000
00000000
00000000
00000000
00000000
00000000
00000000
00000000
00000000
00000000
00000000
00000000
00000000
00000000
00000000
00000000
00000000
00000000
00000000
00000000
00000000
00000000
00000000
00000000
00000000
00000000
00000000
00000000
00000000
00000000
00000000
00000000
00000000
00000000
00000000
00000000
00000000
00000000
00000000
00000000
00000000
00000000
00000000
00000000
00000000
00000000
00000000
00000000
00000000
00000000
00000000
00000000
00000000
00000000
00000000
00000000
00000000
00000000
00000000
00000000
00000000
00000000
00000000
00000000
00000000
00000000
00000000
00000000
00000000
00000000
00000000
00000000
00000000
00000000
00000000
00000000
00000000
00000000
00000000
00000000
00000000
00000000
00000000
00000000
00000000
00000000
00000000
00000000
00000000
00000000
00000000
00000000
00000000
00000000
00000000
00000000
00000000
00000000
00000000
00000000
00000000
00000000
00000000
00000000
00000000
00000000
00000000
00000000
00000000
00000000
00000000
00000000
00000000
00000000
00000000
00000000
00000000
00000000
00000000
00000000
00000000
00000000
00000000
00000000
00000000
00000000
00000000
00000000
00000000
00000000
00000000
00000000
00000000
00000000
00000000
00000000
00000000
00000000
00000000
00000000
00000000
00000000
00000000
00000000
00000000
00000000
00000000
00000000
00000000
00000000
00000000
00000000
00000000
00000000
00000000
00000000
00000000
00000000
00000000
00000000
00000000
00000000
00000000
00000000
00000000
00000000
00000000
00000000
00000000
00000000
00000000
00000000
00000000
00000000
00000000
00000000
00000000
00000000
00000000
00000000
00000000
00000000
00000000
00000000
00000000
00000000
00000000
00000000
00000000
00000000
00000000
00000000
00000000
00000000
00000000
00000000
00000000
00000000
00000000
00000000
00000000
00000000
00000000
00000000
00000000
00000000
00000000
00000000
00000000
00000000
00000000
00000000
00000000
00000000
00000000
00000000
00000000
00000000
00000000
00000000
00000000
00000000
00000000
00000000
00000000
00000000
00000000
00000000
00000000
00000000
00000000
00000000
00000000
00000000
00000000
00000000
00000000
00000000
00000000
00000000
00000000
00000000
00000000
00000000
00000000
00000000
00000000
00000000
00000000
00000000
00000000
00000000
00000000
00000000
00000000
00000000
00000000
00000000
00000000
00000000
00000000
00000000
00000000
00000000
00000000
00000000
00000000
00000000
00000000
00000000
00000000
00000000
00000000
00000000
00000000
00000000
00000000
00000000
00000000
00000000
00000000
00000000
00000000
00000000
00000000
00000000
00000000
00000000
00000000
00000000
00000000
00000000
00000000
00000000
00000000
00000000
00000000
00000000
00000000
00000000
00000000
00000000
00000000
00000000
00000000
00000000
00000000
00000000
00000000
00000000
00000000
00000000
00000000
00000000
00000000
00000000
00000000
00000000
00000000
00000000
00000000
00000000
00000000
00000000
00000000
00000000
00000000
00000000
00000000
00000000
00000000
00000000
00000000
00000000
00000000
00000000
00000000
00000000
00000000
00000000
00000000
00000000
00000000
00000000
00000000
00000000
00000000
00000000
00000000
00000000
00000000
00000000
00000000
00000000
00000000
00000000
00000000
00000000
00000000
00000000
00000000
00000000
00000000
00000000
00000000
00000000
00000000
00000000
00000000
00000000
00000000
00000000
00000000
00000000
00000000
00000000
00000000
00000000
00000000
00000000
00000000
00000000
00000000
00000000
00000000
00000000
00000000
00000000
00000000
00000000
00000000
00000000
00000000
00000000
00000000
00000000
00000000
00000000
00000000
00000000
00000000
00000000
00000000
00000000
00000000
00000000
00000000
00000000
00000000
00000000
00000000
00000000
00000000
00000000
00000000
00000000
00000000
00000000
00000000
00000000
00000000
00000000
00000000
00000000
00000000
00000000
00000000
00000000
00000000
00000000
00000000
00000000
00000000
00000000
00000000
00000000
00000000
00000000
00000000
00000000
00000000
00000000
00000000
00000000
00000000
00000000
00000000
00000000
00000000
00000000
00000000
00000000
00000000
00000000
00000000
00000000
00000000
00000000
00000000
00000000
00000000
00000000
00000000
00000000
00000000
00000000
00000000
00000000
00000000
00000000
00000000
00000000
00000000
00000000
00000000
00000000
00000000
00000000
00000000
00000000
00000000
00000000
00000000
00000000
00000000
00000000
00000000
00000000
00000000
00000000
00000000
00000000
00000000
00000000
00000000
00000000
00000000
00000000
00000000
00000000
00000000
00000000
00000000
00000000
00000000
00000000
00000000
00000000
00000000
00000000
00000000
00000000
00000000
00000000
00000000
00000000
00000000
00000000
00000000
00000000
00000000
00000000
00000000
00000000
00000000
00000000
00000000
00000000
00000000
00000000
00000000
00000000
00000000
00000000
00000000
00000000
00000000
00000000
00000000
00000000
00000000
00000000
00000000
00000000
00000000
00000000
00000000
00000000
00000000
00000000
00000000
00000000
00000000
00000000
00000000
00000000
00000000
00000000
00000000
00000000
00000000
00000000
00000000
00000000
00000000
00000000
00000000
00000000
00000000
00000000
00000000
00000000
00000000
00000000
00000000
00000000
00000000
00000000
00000000
00000000
00000000
00000000
00000000
00000000
00000000
00000000
00000000
00000000
00000000
00000000
00000000
00000000
00000000
00000000
00000000
00000000
00000000
00000000
00000000
00000000
00000000
00000000
00000000
00000000
00000000
00000000
00000000
00000000
00000000
00000000
00000000
00000000
00000000
00000000
00000000
00000000
00000000
00000000
00000000
00000000
00000000
00000000
00000000
00000000
00000000
00000000
00000000
00000000
00000000
00000000
00000000
00000000
00000000
00000000
00000000
00000000
00000000
00000000
00000000
00000000
00000000
00000000
00000000
00000000
00000000
00000000
00000000
00000000
00000000
00000000
00000000
00000000
00000000
00000000
00000000
00000000
00000000
00000000
00000000
00000000
00000000
00000000
00000000
00000000
00000000
00000000
00000000
00000000
00000000
00000000
00000000
00000000
00000000
00000000
00000000
00000000
00000000
00000000
00000000
00000000
00000000
00000000
00000000
00000000
00000000
00000000
00000000
00000000
00000000
00000000
00000000
00000000
00000000
00000000
00000000
00000000
00000000
00000000
00000000
00000000
00000000
00000000
00000000
00000000
00000000
00000000
00000000
00000000
00000000
00000000
00000000
00000000
00000000
00000000
00000000
00000000
00000000
00000000
00000000
00000000
00000000
00000000
00000000
00000000
00000000
00000000
00000000
00000000
00000000
00000000
00000000
00000000
00000000
00000000
00000000
00000000
00000000
00000000
00000000
00000000
00000000
00000000
00000000
00000000
00000000
00000000
00000000
00000000
00000000
00000000
00000000
00000000
00000000
00000000
00000000
00000000
00000000
00000000
00000000
00000000
00000000
00000000
00000000
00000000
00000000
00000000
00000000
00000000
00000000
00000000
00000000
00000000
00000000
00000000
00000000
00000000
00000000
00000000
00000000
00000000
00000000
00000000
00000000
00000000
00000000
00000000
00000000
00000000
00000000
00000000
00000000
00000000
00000000
00000000
00000000
00000000
00000000
00000000
00000000
00000000
00000000
00000000
00000000
00000000
00000000
00000000
00000000
00000000
00000000
00000000
00000000
00000000
00000000
00000000
00000000
00000000
00000000
00000000
00000000
00000000
00000000
00000000
00000000
00000000
00000000
00000000
00000000
00000000
00000000
00000000
00000000
00000000
00000000
00000000
00000000
00000000
00000000
00000000
00000000
00000000
00000000
00000000
00000000
00000000
00000000
00000000
00000000
00000000
00000000
00000000
00000000
00000000
00000000
00000000
00000000
00000000
00000000
00000000
00000000
00000000
00000000
00000000
00000000
00000000
00000000
00000000
00000000
00000000
00000000
00000000
00000000
00000000
00000000
00000000
00000000
00000000
00000000
00000000
00000000
00000000
00000000
00000000
00000000
00000000
00000000
00000000
00000000
00000000
00000000
00000000
00000000
00000000
00000000
00000000
00000000
00000000
00000000
00000000
00000000
00000000
00000000
00000000
00000000
00000000
00000000
00000000
00000000
00000000
00000000
00000000
00000000
00000000
00000000
00000000
00000000
00000000
00000000
00000000
00000000
00000000
00000000
00000000
00000000
00000000
00000000
00000000
00000000
00000000
00000000
00000000
00000000
00000000
00000000
00000000
00000000
00000000
00000000
00000000
00000000
00000000
00000000
00000000
00000000
00000000
00000000
00000000
00000000
00000000
00000000
00000000
00000000
00000000
00000000
00000000
00000000
00000000
00000000
00000000
00000000
00000000
00000000
00000000
00000000
00000000
00000000
00000000
00000000
00000000
00000000
00000000
00000000
00000000
00000000
00000000
00000000
00000000
00000000
00000000
00000000
00000000
00000000
00000000
00000000
00000000
00000000
00000000
00000000
00000000
00000000
00000000
00000000
00000000
00000000
00000000
00000000
00000000
00000000
00000000
00000000
00000000
00000000
00000000
00000000
00000000
00000000
00000000
00000000
00000000
00000000
00000000
00000000
00000000
00000000
00000000
00000000
00000000
00000000
00000000
00000000
00000000
00000000
00000000
00000000
00000000
00000000
00000000
00000000
00000000
00000000
00000000
00000000
00000000
00000000
00000000
00000000
00000000
00000000
00000000
00000000
00000000
00000000
00000000
00000000
00000000
00000000
00000000
00000000
00000000
00000000
00000000
00000000
00000000
00000000
00000000
00000000
00000000
00000000
00000000
00000000
00000000
00000000
00000000
00000000
00000000
00000000
00000000
00000000
00000000
00000000
00000000
00000000
00000000
00000000
00000000
00000000
00000000
00000000
00000000
00000000
00000000
00000000
00000000
00000000
00000000
00000000
00000000
00000000
00000000
00000000
00000000
00000000
00000000
00000000
00000000
00000000
00000000
00000000
00000000
00000000
00000000
00000000
00000000
00000000
00000000
00000000
00000000
00000000
00000000
00000000
00000000
00000000
00000000
00000000
00000000
00000000
00000000
00000000
00000000
00000000
00000000
00000000
00000000
00000000
00000000
00000000
00000000
00000000
00000000
00000000
00000000
00000000
00000000
00000000
00000000
00000000
00000000
00000000
00000000
00000000
00000000
00000000
00000000
00000000
00000000
00000000
00000000
00000000
00000000
00000000
00000000
00000000
00000000
00000000
00000000
00000000
00000000
00000000
00000000
00000000
00000000
00000000
00000000
00000000
00000000
00000000
00000000
00000000
00000000
00000000
00000000
00000000
00000000
00000000
00000000
00000000
00000000
00000000
00000000
00000000
00000000
00000000
00000000
00000000
00000000
00000000
00000000
00000000
00000000
00000000
00000000
00000000
00000000
00000000
00000000
00000000
00000000
00000000
00000000
00000000
00000000
00000000
00000000
00000000
00000000
00000000
00000000
00000000
00000000
00000000
00000000
00000000
00000000
00000000
00000000
00000000
00000000
00000000
00000000
00000000
00000000
00000000
00000000
00000000
00000000
00000000
00000000
00000000
00000000
00000000
00000000
00000000
00000000
00000000
00000000
00000000
00000000
00000000
00000000
00000000
00000000
00000000
00000000
00000000
00000000
00000000
00000000
00000000
00000000
00000000
00000000
00000000
00000000
00000000
00000000
00000000
00000000
00000000
00000000
00000000
00000000
00000000
00000000
00000000
00000000
00000000
00000000
00000000
00000000
00000000
00000000
00000000
00000000
00000000
00000000
00000000
00000000
00000000
00000000
00000000
00000000
00000000
00000000
00000000
00000000
00000000
00000000
00000000
00000000
00000000
00000000
00000000
00000000
00000000
00000000
00000000
00000000
00000000
00000000
00000000
00000000
00000000
00000000
00000000
00000000
00000000
00000000
00000000
00000000
00000000
00000000
00000000
00000000
00000000
00000000
00000000
00000000
00000000
00000000
00000000
00000000
00000000
00000000
00000000
00000000
00000000
00000000
00000000
00000000
00000000
00000000
00000000
00000000
00000000
00000000
00000000
00000000
00000000
00000000
00000000
00000000
00000000
00000000
00000000
00000000
00000000
00000000
00000000
00000000
00000000
00000000
00000000
00000000
00000000
00000000
00000000
00000000
00000000
00000000
00000000
00000000
00000000
00000000
00000000
00000000
00000000
00000000
00000000
00000000
00000000
00000000
00000000
00000000
00000000
00000000
00000000
00000000
00000000
00000000
00000000
00000000
00000000
00000000
00000000
00000000
00000000
00000000
00000000
00000000
00000000
00000000
00000000
00000000
00000000
00000000
00000000
00000000
00000000
00000000
00000000
00000000
00000000
00000000
00000000
00000000
00000000
00000000
00000000
00000000
00000000
00000000
00000000
00000000
00000000
00000000
00000000
00000000
00000000
00000000
00000000
00000000
00000000
00000000
00000000
00000000
00000000
00000000
00000000
00000000
00000000
00000000
00000000
00000000
00000000
00000000
00000000
00000000
00000000
00000000
00000000
00000000
00000000
00000000
00000000
00000000
00000000
00000000
00000000
00000000
00000000
00000000
00000000
00000000
00000000
00000000
00000000
00000000
00000000
00000000
00000000
00000000
00000000
00000000
00000000
00000000
00000000
00000000
00000000
00000000
00000000
00000000
00000000
00000000
00000000
00000000
00000000
00000000
00000000
00000000
00000000
00000000
00000000
00000000
00000000
00000000
00000000
00000000
00000000
00000000
00000000
00000000
00000000
00000000
00000000
00000000
00000000
00000000
00000000
00000000
00000000
00000000
00000000
00000000
00000000
00000000
00000000
00000000
00000000
00000000
00000000
00000000
00000000
00000000
00000000
00000000
00000000
00000000
00000000
00000000
00000000
00000000
00000000
00000000
00000000
00000000
00000000
00000000
00000000
00000000
00000000
00000000
00000000
00000000
00000000
00000000
00000000
00000000
00000000
00000000
00000000
00000000
00000000
00000000
00000000
00000000
00000000
00000000
00000000
00000000
00000000
00000000
00000000
00000000
00000000
00000000
00000000
00000000
00000000
00000000
00000000
00000000
00000000
00000000
00000000
00000000
00000000
00000000
00000000
00000000
00000000
00000000
00000000
00000000
00000000
00000000
00000000
00000000
00000000
00000000
00000000
00000000
00000000
00000000
00000000
00000000
00000000
00000000
00000000
00000000
00000000
00000000
00000000
00000000
00000000
00000000
00000000
00000000
00000000
00000000
00000000
00000000
00000000
00000000
00000000
00000000
00000000
00000000
00000000
00000000
00000000
00000000
00000000
00000000
00000000
00000000
00000000
00000000
00000000
00000000
00000000
00000000
00000000
00000000
00000000
00000000
00000000
00000000
00000000
00000000
00000000
00000000
00000000
00000000
00000000
00000000
00000000
00000000
00000000
00000000
00000000
00000000
00000000
00000000
00000000
00000000
00000000
00000000
00000000
00000000
00000000
00000000
00000000
00000000
00000000
00000000
00000000
00000000
00000000
00000000
00000000
00000000
00000000
00000000
00000000
00000000
00000000
00000000
00000000
00000000
00000000
00000000
00000000
00000000
00000000
00000000
00000000
00000000
00000000
00000000
00000000
00000000
00000000
00000000
00000000
00000000
00000000
00000000
00000000
00000000
00000000
00000000
00000000
00000000
00000000
00000000
00000000
00000000
00000000
00000000
00000000
00000000
00000000
00000000
00000000
00000000
00000000
00000000
00000000
00000000
00000000
00000000
00000000
00000000
00000000
00000000
00000000
00000000
00000000
00000000
00000000
00000000
00000000
00000000
00000000
00000000
00000000
00000000
00000000
00000000
00000000
00000000
00000000
00000000
00000000
00000000
00000000
00000000
00000000
00000000
00000000
00000000
00000000
00000000
00000000
00000000
00000000
00000000
00000000
00000000
00000000
00000000
00000000
00000000
00000000
00000000
00000000
00000000
00000000
00000000
00000000
00000000
00000000
00000000
00000000
00000000
00000000
00000000
00000000
00000000
00000000
00000000
00000000
00000000
00000000
00000000
00000000
00000000
00000000
00000000
00000000
00000000
00000000
00000000
00000000
00000000
00000000
00000000
00000000
00000000
00000000
00000000
00000000
00000000
00000000
00000000
00000000
00000000
00000000
00000000
00000000
00000000
00000000
00000000
00000000
00000000
00000000
00000000
00000000
00000000
00000000
00000000
00000000
00000000
00000000
00000000
00000000
00000000
00000000
00000000
00000000
00000000
00000000
00000000
00000000
00000000
00000000
00000000
00000000
00000000
00000000
00000000
00000000
00000000
00000000
00000000
00000000
00000000
00000000
00000000
00000000
00000000
00000000
00000000
00000000
00000000
00000000
00000000
00000000
00000000
00000000
00000000
00000000
00000000
00000000
00000000
00000000
00000000
00000000
00000000
00000000
00000000
00000000
00000000
00000000
00000000
00000000
00000000
00000000
00000000
00000000
00000000
00000000
00000000
00000000
00000000
00000000
00000000
00000000
00000000
00000000
00000000
00000000
00000000
00000000
00000000
00000000
00000000
00000000
00000000
00000000
00000000
00000000
00000000
00000000
00000000
00000000
00000000
00000000
00000000
00000000
00000000
00000000
00000000
00000000
00000000
00000000
00000000
00000000
00000000
00000000
00000000
00000000
00000000
00000000
00000000
00000000
00000000
00000000
00000000
00000000
00000000
00000000
00000000
00000000
00000000
00000000
00000000
00000000
00000000
00000000
00000000
00000000
00000000
00000000
00000000
00000000
00000000
00000000
00000000
00000000
00000000
00000000
00000000
00000000
00000000
00000000
00000000
00000000
00000000
00000000
00000000
00000000
00000000
00000000
00000000
00000000
00000000
00000000
00000000
00000000
00000000
00000000
00000000
00000000
00000000
00000000
00000000
00000000
00000000
00000000
00000000
00000000
00000000
00000000
00000000
00000000
00000000
00000000
00000000
00000000
00000000
00000000
00000000
00000000
00000000
00000000
00000000
00000000
00000000
00000000
00000000
00000000
00000000
00000000
00000000
00000000
00000000
00000000
00000000
00000000
00000000
00000000
00000000
00000000
00000000
00000000
00000000
00000000
00000000
00000000
00000000
00000000
00000000
00000000
00000000
00000000
00000000
00000000
00000000
00000000
00000000
00000000
00000000
00000000
00000000
00000000
00000000
00000000
00000000
00000000
00000000
00000000
00000000
00000000
00000000
00000000
00000000
00000000
00000000
00000000
00000000
00000000
00000000
00000000
00000000
00000000
00000000
00000000
00000000
00000000
00000000
00000000
00000000
00000000
00000000
00000000
00000000
00000000
00000000
00000000
00000000
00000000
00000000
00000000
00000000
00000000
00000000
00000000
00000000
00000000
00000000
00000000
00000000
00000000
00000000
00000000
00000000
00000000
00000000
00000000
00000000
00000000
00000000
00000000
00000000
00000000
00000000
00000000
00000000
00000000
00000000
00000000
00000000
00000000
00000000
00000000
00000000
00000000
00000000
00000000
00000000
00000000
00000000
00000000
00000000
00000000
00000000
00000000
00000000
00000000
00000000
00000000
00000000
00000000
00000000
00000000
00000000
00000000
00000000
00000000
00000000
00000000
00000000
00000000
00000000
00000000
00000000
00000000
00000000
00000000
00000000
00000000
00000000
00000000
00000000
00000000
00000000
00000000
00000000
00000000
00000000
00000000
00000000
00000000
00000000
00000000
00000000
00000000
00000000
00000000
00000000
00000000
00000000
00000000
00000000
00000000
00000000
00000000
00000000
00000000
00000000
00000000
00000000
00000000
00000000
00000000
00000000
00000000
00000000
00000000
00000000
00000000
00000000
00000000
00000000
00000000
00000000
00000000
00000000
00000000
00000000
00000000
00000000
00000000
00000000
00000000
00000000
00000000
00000000
00000000
00000000
00000000
00000000
00000000
00000000
00000000
00000000
00000000
00000000
00000000
00000000
00000000
00000000
00000000
00000000
00000000
00000000
00000000
00000000
00000000
00000000
00000000
00000000
00000000
00000000
00000000
00000000
00000000
00000000
00000000
00000000
00000000
00000000
00000000
00000000
00000000
00000000
00000000
00000000
00000000
00000000
00000000
00000000
00000000
00000000
00000000
00000000
00000000
00000000
00000000
00000000
00000000
00000000
00000000
00000000
00000000
00000000
00000000
00000000
00000000
00000000
00000000
00000000
00000000
00000000
00000000
00000000
00000000
00000000
00000000
00000000
00000000
00000000
00000000
00000000
00000000
00000000
00000000
00000000
00000000
00000000
00000000
00000000
00000000
00000000
00000000
00000000
00000000
00000000
00000000
00000000
00000000
00000000
00000000
00000000
00000000
00000000
00000000
00000000
00000000
00000000
00000000
00000000
00000000
00000000
00000000
00000000
00000000
00000000
00000000
00000000
00000000
00000000
00000000
00000000
00000000
00000000
00000000
00000000
00000000
00000000
00000000
00000000
00000000
00000000
00000000
00000000
00000000
00000000
00000000
00000000
00000000
00000000
00000000
00000000
00000000
00000000
00000000
00000000
00000000
00000000
00000000
00000000
00000000
00000000
00000000
00000000
00000000
00000000
00000000
00000000
00000000
00000000
00000000
00000000
00000000
00000000
00000000
00000000
00000000
00000000
00000000
00000000
00000000
00000000
00000000
00000000
00000000
00000000
00000000
00000000
00000000
00000000
00000000
00000000
00000000
00000000
00000000
00000000
00000000
00000000
00000000
00000000
00000000
00000000
00000000
00000000
00000000
00000000
00000000
00000000
00000000
00000000
00000000
00000000
00000000
00000000
00000000
00000000
00000000
00000000
00000000
00000000
00000000
00000000
00000000
00000000
00000000
00000000
00000000
00000000
00000000
00000000
00000000
00000000
00000000
00000000
00000000
00000000
00000000
00000000
00000000
00000000
00000000
00000000
00000000
00000000
00000000
00000000
00000000
00000000
00000000
00000000
00000000
00000000
00000000
00000000
00000000
00000000
00000000
00000000
00000000
00000000
00000000
00000000
00000000
00000000
00000000
00000000
00000000
00000000
00000000
00000000
00000000
00000000
00000000
00000000
00000000
00000000
00000000
00000000
00000000
00000000
00000000
00000000
00000000
00000000
00000000
00000000
00000000
00000000
00000000
00000000
00000000
00000000
00000000
00000000
00000000
00000000
00000000
00000000
00000000
00000000
00000000
00000000
00000000
00000000
00000000
00000000
00000000
00000000
00000000
00000000
00000000
00000000
00000000
00000000
00000000
00000000
00000000
00000000
00000000
00000000
00000000
00000000
00000000
00000000
00000000
00000000
00000000
00000000
00000000
00000000
00000000
00000000
00000000
00000000
00000000
00000000
00000000
00000000
00000000
00000000
00000000
00000000
00000000
00000000
00000000
00000000
00000000
00000000
00000000
00000000
00000000
00000000
00000000
00000000
00000000
00000000
00000000
00000000
00000000
00000000
00000000
00000000
00000000
00000000
00000000
00000000
00000000
00000000
00000000
00000000
00000000
00000000
00000000
00000000
00000000
00000000
00000000
00000000
00000000
00000000
00000000
00000000
00000000
00000000
00000000
00000000
00000000
00000000
00000000
00000000
00000000
00000000
00000000
00000000
00000000
00000000
00000000
00000000
00000000
00000000
00000000
00000000
00000000
00000000
00000000
00000000
00000000
00000000
00000000
00000000
00000000
00000000
00000000
00000000
00000000
00000000
00000000
00000000
00000000
00000000
00000000
00000000
00000000
00000000
00000000
00000000
00000000
00000000
00000000
00000000
00000000
00000000
00000000
00000000
00000000
00000000
00000000
00000000
00000000
00000000
00000000
00000000
00000000
00000000
00000000
00000000
00000000
00000000
00000000
00000000
00000000
00000000
00000000
00000000
00000000
00000000
00000000
00000000
00000000
00000000
00000000
00000000
00000000
00000000
00000000
00000000
00000000
00000000
00000000
00000000
00000000
00000000
00000000
00000000
00000000
00000000
00000000
00000000
00000000
00000000
00000000
00000000
00000000
00000000
00000000
00000000
00000000
00000000
00000000
00000000
00000000
00000000
00000000
00000000
00000000
00000000
00000000
00000000
00000000
00000000
00000000
00000000
00000000
00000000
00000000
00000000
00000000
00000000
00000000
00000000
00000000
00000000
00000000
00000000
00000000
00000000
00000000
00000000
00000000
00000000
00000000
00000000
00000000
00000000
00000000
00000000
00000000
00000000
00000000
00000000
00000000
00000000
00000000
00000000
00000000
00000000
00000000
00000000
00000000
00000000
00000000
00000000
00000000
00000000
00000000
00000000
00000000
00000000
00000000
00000000
00000000
00000000
00000000
00000000
00000000
00000000
00000000
00000000
00000000
00000000
00000000
00000000
00000000
00000000
00000000
00000000
00000000
00000000
00000000
00000000
00000000
00000000
00000000
00000000
00000000
00000000
00000000
00000000
00000000
00000000
00000000
00000000
00000000
00000000
00000000
00000000
00000000
00000000
00000000
00000000
00000000
00000000
00000000
00000000
00000000
00000000
00000000
00000000
00000000
00000000
00000000
00000000
00000000
00000000
00000000
00000000
00000000
00000000
00000000
00000000
00000000
00000000
00000000
00000000
00000000
00000000
00000000
00000000
00000000
00000000
00000000
00000000
00000000
00000000
00000000
00000000
00000000
00000000
00000000
00000000
00000000
00000000
00000000
00000000
00000000
00000000
00000000
00000000
00000000
00000000
00000000
00000000
00000000
00000000
00000000
00000000
00000000
00000000
00000000
00000000
00000000
00000000
00000000
00000000
00000000
00000000
00000000
00000000
00000000
00000000
00000000
00000000
00000000
00000000
00000000
00000000
00000000
00000000
00000000
00000000
00000000
00000000
00000000
00000000
00000000
00000000
00000000
00000000
00000000
00000000
00000000
00000000
00000000
00000000
00000000
00000000
00000000
00000000
00000000
00000000
00000000
00000000
00000000
00000000
00000000
00000000
00000000
00000000
00000000
00000000
00000000
00000000
00000000
00000000
00000000
00000000
00000000
00000000
00000000
00000000
00000000
00000000
00000000
00000000
00000000
00000000
00000000
00000000
00000000
00000000
00000000
00000000
00000000
00000000
00000000
00000000
00000000
00000000
00000000
00000000
00000000
00000000
00000000
00000000
00000000
00000000
00000000
00000000
00000000
00000000
00000000
00000000
00000000
00000000
00000000
00000000
00000000
00000000
00000000
00000000
00000000
00000000
00000000
00000000
00000000
00000000
00000000
00000000
00000000
00000000
00000000
00000000
00000000
00000000
00000000
00000000
00000000
00000000
00000000
00000000
00000000
00000000
00000000
00000000
00000000
00000000
00000000
00000000
00000000
00000000
00000000
00000000
00000000
00000000
00000000
00000000
00000000
00000000
00000000
00000000
00000000
00000000
00000000
00000000
00000000
00000000
00000000
00000000
00000000
00000000
00000000
00000000
00000000
00000000
00000000
00000000
00000000
00000000
00000000
00000000
00000000
00000000
00000000
00000000
00000000
00000000
00000000
00000000
00000000
00000000
00000000
00000000
00000000
00000000
00000000
00000000
00000000
00000000
00000000
00000000
00000000
00000000
00000000
00000000
00000000
00000000
00000000
00000000
00000000
00000000
00000000
00000000
00000000
00000000
00000000
00000000
00000000
00000000
00000000
00000000
00000000
00000000
00000000
00000000
00000000
00000000
00000000
00000000
00000000
00000000
00000000
00000000
00000000
00000000
00000000
00000000
00000000
00000000
00000000
00000000
00000000
00000000
00000000
00000000
00000000
00000000
00000000
00000000
00000000
00000000
00000000
00000000
00000000
00000000
00000000
00000000
00000000
00000000
00000000
00000000
00000000
00000000
00000000
00000000
00000000
00000000
00000000
00000000
00000000
00000000
00000000
00000000
00000000
00000000
00000000
00000000
00000000
00000000
00000000
00000000
00000000
00000000
00000000
00000000
00000000
00000000
00000000
00000000
00000000
00000000
00000000
00000000
00000000
00000000
00000000
00000000
00000000
00000000
00000000
00000000
00000000
00000000
00000000
00000000
00000000
00000000
00000000
00000000
00000000
00000000
00000000
00000000
00000000
00000000
00000000
00000000
00000000
00000000
00000000
00000000
00000000
00000000
00000000
00000000
00000000
00000000
00000000
00000000
00000000
00000000
00000000
00000000
00000000
00000000
00000000
00000000
00000000
00000000
00000000
00000000
00000000
00000000
00000000
00000000
00000000
00000000
00000000
00000000
00000000
00000000
00000000
00000000
00000000
00000000
00000000
00000000
00000000
00000000
00000000
00000000
00000000
00000000
00000000
00000000
00000000
00000000
00000000
00000000
00000000
00000000
00000000
00000000
00000000
00000000
00000000
00000000
00000000
00000000
00000000
00000000
00000000
00000000
00000000
00000000
00000000
00000000
00000000
00000000
00000000
00000000
00000000
00000000
00000000
00000000
00000000
00000000
00000000
00000000
00000000
00000000
00000000
00000000
00000000
00000000
00000000
00000000
00000000
00000000
00000000
00000000
00000000
00000000
00000000
00000000
00000000
00000000
00000000
00000000
00000000
00000000
00000000
00000000
00000000
00000000
00000000
00000000
00000000
00000000
00000000
00000000
00000000
00000000
00000000
00000000
00000000
00000000
00000000
00000000
00000000
00000000
00000000
00000000
00000000
00000000
00000000
00000000
00000000
00000000
00000000
00000000
00000000
00000000
00000000
00000000
00000000
00000000
00000000
00000000
00000000
00000000
00000000
00000000
00000000
00000000
00000000
00000000
00000000
00000000
00000000
00000000
00000000
00000000
00000000
00000000
00000000
00000000
00000000
00000000
00000000
00000000
00000000
00000000
00000000
00000000
00000000
00000000
00000000
00000000
00000000
00000000
00000000
00000000
00000000
00000000
00000000
00000000
00000000
00000000
00000000
00000000
00000000
00000000
00000000
00000000
00000000
00000000
00000000
00000000
00000000
00000000
00000000
00000000
00000000
00000000
00000000
00000000
00000000
00000000
00000000
00000000
00000000
00000000
00000000
00000000
00000000
00000000
00000000
00000000
00000000
00000000
00000000
00000000
00000000
00000000
00000000
00000000
00000000
00000000
00000000
00000000
00000000
00000000
00000000
00000000
00000000
00000000
00000000
00000000
00000000
00000000
00000000
00000000
00000000
00000000
00000000
00000000
00000000
00000000
00000000
00000000
00000000
00000000
00000000
00000000
00000000
00000000
00000000
00000000
00000000
00000000
00000000
00000000
00000000
00000000
00000000
00000000
00000000
00000000
00000000
00000000
00000000
00000000
00000000
00000000
00000000
00000000
00000000
00000000
00000000
00000000
00000000
00000000
00000000
00000000
00000000
00000000
00000000
00000000
00000000
00000000
00000000
00000000
00000000
00000000
00000000
00000000
00000000
00000000
00000000
00000000
00000000
00000000
00000000
00000000
00000000
00000000
00000000
00000000
00000000
00000000
00000000
00000000
00000000
00000000
00000000
00000000
00000000
00000000
00000000
00000000
00000000
00000000
00000000
00000000
00000000
00000000
00000000
00000000
00000000
00000000
00000000
00000000
00000000
00000000
00000000
00000000
00000000
00000000
00000000
00000000
00000000
00000000
00000000
00000000
00000000
00000000
00000000
00000000
00000000
00000000
00000000
00000000
00000000
00000000
00000000
00000000
00000000
00000000
00000000
00000000
00000000
00000000
00000000
00000000
00000000
00000000
00000000
00000000
00000000
00000000
00000000
00000000
00000000
00000000
00000000
00000000
00000000
00000000
00000000
00000000
00000000
00000000
00000000
00000000
00000000
00000000
00000000
00000000
00000000
00000000
00000000
00000000
00000000
00000000
00000000
00000000
00000000
00000000
00000000
00000000
00000000
00000000
00000000
00000000
00000000
00000000
00000000
00000000
00000000
00000000
00000000
00000000
00000000
00000000
00000000
00000000
00000000
00000000
00000000
00000000
00000000
00000000
00000000
00000000
00000000
00000000
00000000
00000000
00000000
00000000
00000000
00000000
00000000
00000000
00000000
00000000
00000000
00000000
00000000
00000000
00000000
00000000
00000000
00000000
00000000
00000000
00000000
00000000
00000000
00000000
00000000
00000000
00000000
00000000
00000000
00000000
00000000
00000000
00000000
00000000
00000000
00000000
00000000
00000000
00000000
00000000
00000000
00000000
00000000
00000000
00000000
00000000
00000000
00000000
00000000
00000000
00000000
00000000
00000000
00000000
00000000
00000000
00000000
00000000
00000000
00000000
00000000
00000000
00000000
00000000
00000000
00000000
00000000
00000000
00000000
00000000
00000000
00000000
00000000
00000000
00000000
00000000
00000000
00000000
00000000
00000000
00000000
00000000
00000000
00000000
00000000
00000000
00000000
00000000
00000000
00000000
00000000
00000000
00000000
00000000
00000000
00000000
00000000
00000000
00000000
00000000
00000000
00000000
00000000
00000000
00000000
00000000
00000000
00000000
00000000
00000000
00000000
00000000
00000000
00000000
00000000
00000000
00000000
00000000
00000000
00000000
00000000
00000000
00000000
00000000
00000000
00000000
00000000
00000000
00000000
00000000
00000000
00000000
00000000
00000000
00000000
00000000
00000000
00000000
00000000
00000000
00000000
00000000
00000000
00000000
00000000
00000000
00000000
00000000
00000000
00000000
00000000
00000000
00000000
00000000
00000000
00000000
00000000
00000000
00000000
00000000
00000000
00000000
00000000
00000000
00000000
00000000
00000000
00000000
00000000
00000000
00000000
00000000
00000000
00000000
00000000
00000000
00000000
00000000
00000000
00000000
00000000
00000000
00000000
00000000
00000000
00000000
00000000
00000000
00000000
00000000
00000000
00000000
00000000
00000000
00000000
00000000
00000000
00000000
00000000
00000000
00000000
00000000
00000000
00000000
00000000
00000000
00000000
00000000
00000000
00000000
00000000
00000000
00000000
00000000
00000000
00000000
00000000
00000000
00000000
00000000
00000000
00000000
00000000
00000000
00000000
00000000
00000000
00000000
00000000
00000000
00000000
00000000
00000000
00000000
00000000
00000000
00000000
00000000
00000000
00000000
00000000
00000000
00000000
00000000
00000000
00000000
00000000
00000000
00000000
00000000
00000000
00000000
00000000
00000000
00000000
00000000
00000000
00000000
00000000
00000000
00000000
00000000
00000000
00000000
00000000
00000000
00000000
00000000
00000000
00000000
00000000
00000000
00000000
00000000
00000000
00000000
00000000
00000000
00000000
00000000
00000000
00000000
00000000
00000000
00000000
00000000
00000000
00000000
00000000
00000000
00000000
00000000
00000000
00000000
00000000
00000000
00000000
00000000
00000000
00000000
00000000
00000000
00000000
00000000
00000000
00000000
00000000
00000000
00000000
00000000
00000000
00000000
00000000
00000000
00000000
00000000
00000000
00000000
00000000
00000000
00000000
00000000
00000000
00000000
00000000
00000000
00000000
00000000
00000000
00000000
00000000
00000000
00000000
00000000
00000000
00000000
00000000
00000000
00000000
00000000
00000000
00000000
00000000
00000000
00000000
00000000
00000000
00000000
00000000
00000000
00000000
00000000
00000000
00000000
00000000
00000000
00000000
00000000
00000000
00000000
00000000
00000000
00000000
00000000
00000000
00000000
00000000
00000000
00000000
00000000
00000000
00000000
00000000
00000000
00000000
00000000
00000000
00000000
00000000
00000000
00000000
00000000
00000000
00000000
00000000
00000000
00000000
00000000
00000000
00000000
00000000
00000000
00000000
00000000
00000000
00000000
00000000
00000000
00000000
00000000
00000000
00000000
00000000
00000000
00000000
00000000
00000000
00000000
00000000
00000000
00000000
00000000
00000000
00000000
00000000
00000000
00000000
00000000
00000000
00000000
00000000
00000000
00000000
00000000
00000000
00000000
00000000
00000000
00000000
00000000
00000000
00000000
00000000
00000000
00000000
00000000
00000000
00000000
00000000
00000000
00000000
00000000
00000000
00000000
00000000
00000000
00000000
00000000
00000000
00000000
00000000
00000000
00000000
00000000
00000000
00000000
00000000
00000000
00000000
00000000
00000000
00000000
00000000
00000000
00000000
00000000
00000000
00000000
00000000
00000000
00000000
00000000
00000000
00000000
00000000
00000000
00000000
00000000
00000000
00000000
00000000
00000000
00000000
00000000
00000000
00000000
00000000
00000000
00000000
00000000
00000000
00000000
00000000
00000000
00000000
00000000
00000000
00000000
00000000
00000000
00000000
00000000
00000000
00000000
00000000
00000000
00000000
00000000
00000000
00000000
00000000
00000000
00000000
00000000
00000000
00000000
00000000
00000000
00000000
00000000
00000000
00000000
00000000
00000000
00000000
00000000
00000000
00000000
00000000
00000000
00000000
00000000
00000000
00000000
00000000
00000000
00000000
00000000
00000000
00000000
00000000
00000000
00000000
00000000
00000000
00000000
00000000
00000000
00000000
00000000
00000000
00000000
00000000
00000000
00000000
00000000
00000000
00000000
00000000
00000000
00000000
00000000
00000000
00000000
00000000
00000000
00000000
00000000
00000000
00000000
00000000
00000000
00000000
00000000
00000000
00000000
00000000
00000000
00000000
00000000
00000000
00000000
00000000
00000000
00000000
00000000
00000000
00000000
00000000
00000000
00000000
00000000
00000000
00000000
00000000
00000000
00000000
00000000
00000000
00000000
00000000
00000000
00000000
00000000
00000000
00000000
00000000
00000000
00000000
00000000
00000000
00000000
00000000
00000000
00000000
00000000
00000000
00000000
00000000
00000000
00000000
00000000
00000000
00000000
00000000
00000000
00000000
00000000
00000000
00000000
00000000
00000000
00000000
00000000
00000000
00000000
00000000
00000000
00000000
00000000
00000000
00000000
00000000
00000000
00000000
00000000
00000000
00000000
00000000
00000000
00000000
00000000
00000000
00000000
00000000
00000000
00000000
00000000
00000000
00000000
00000000
00000000
00000000
00000000
00000000
00000000
00000000
00000000
00000000
00000000
00000000
00000000
00000000
00000000
00000000
00000000
00000000
00000000
00000000
00000000
00000000
00000000
00000000
00000000
00000000
00000000
00000000
00000000
00000000
00000000
00000000
00000000
00000000
00000000
00000000
00000000
00000000
00000000
00000000
00000000
00000000
00000000
00000000
00000000
00000000
00000000
00000000
00000000
00000000
00000000
00000000
00000000
00000000
00000000
00000000
00000000
00000000
00000000
00000000
00000000
00000000
00000000
00000000
00000000
00000000
00000000
00000000
00000000
00000000
00000000
00000000
00000000
00000000
00000000
00000000
00000000
00000000
00000000
00000000
00000000
00000000
00000000
00000000
00000000
00000000
00000000
00000000
00000000
00000000
00000000
00000000
00000000
00000000
00000000
00000000
00000000
00000000
00000000
00000000
00000000
00000000
00000000
00000000
00000000
00000000
00000000
00000000
00000000
00000000
00000000
00000000
00000000
00000000
00000000
00000000
00000000
00000000
00000000
00000000
00000000
00000000
00000000
00000000
00000000
00000000
00000000
00000000
00000000
00000000
00000000
00000000
00000000
00000000
00000000
00000000
00000000
00000000
00000000
00000000
00000000
00000000
00000000
00000000
00000000
00000000
00000000
00000000
00000000
00000000
00000000
00000000
00000000
00000000
00000000
00000000
00000000
00000000
00000000
00000000
00000000
00000000
00000000
00000000
00000000
00000000
00000000
00000000
00000000
00000000
00000000
00000000
00000000
00000000
00000000
00000000
00000000
00000000
00000000
00000000
00000000
00000000
00000000
00000000
00000000
00000000
00000000
00000000
00000000
00000000
00000000
00000000
00000000
00000000
00000000
00000000
00000000
00000000
00000000
00000000
00000000
00000000
00000000
00000000
00000000
00000000
00000000
00000000
00000000
00000000
00000000
00000000
00000000
00000000
00000000
00000000
00000000
00000000
00000000
00000000
00000000
00000000
00000000
00000000
00000000
00000000
00000000
00000000
00000000
00000000
00000000
00000000
00000000
00000000
00000000
00000000
00000000
00000000
00000000
00000000
00000000
00000000
00000000
00000000
00000000
00000000
00000000
00000000
00000000
00000000
00000000
00000000
00000000
00000000
00000000
00000000
00000000
00000000
00000000
00000000
00000000
00000000
00000000
00000000
00000000
00000000
00000000
00000000
00000000
00000000
00000000
00000000
00000000
00000000
00000000
00000000
00000000
00000000
00000000
00000000
00000000
00000000
00000000
00000000
00000000
00000000
00000000
00000000
00000000
00000000
00000000
00000000
00000000
00000000
00000000
00000000
00000000
00000000
00000000
00000000
00000000
00000000
00000000
00000000
00000000
00000000
00000000
00000000
00000000
00000000
00000000
00000000
00000000
00000000
00000000
00000000
00000000
00000000
00000000
00000000
00000000
00000000
00000000
00000000
00000000
00000000
00000000
00000000
00000000
00000000
00000000
00000000
00000000
00000000
00000000
00000000
00000000
00000000
00000000
00000000
00000000
00000000
00000000
00000000
00000000
00000000
00000000
00000000
00000000
00000000
00000000
00000000
00000000
00000000
00000000
00000000
00000000
00000000
00000000
00000000
00000000
00000000
00000000
00000000
00000000
00000000
00000000
00000000
00000000
00000000
00000000
00000000
00000000
00000000
00000000
00000000
00000000
00000000
00000000
00000000
00000000
00000000
00000000
00000000
00000000
00000000
00000000
00000000
00000000
00000000
00000000
00000000
00000000
00000000
00000000
00000000
00000000
00000000
00000000
00000000
00000000
00000000
00000000
00000000
00000000
00000000
00000000
00000000
00000000
00000000
00000000
00000000
00000000
00000000
00000000
00000000
00000000
00000000
00000000
00000000
00000000
00000000
00000000
00000000
00000000
00000000
00000000
00000000
00000000
00000000
00000000
00000000
00000000
00000000
00000000
00000000
00000000
00000000
00000000
00000000
00000000
00000000
00000000
00000000
00000000
00000000
00000000
00000000
00000000
00000000
00000000
00000000
00000000
00000000
00000000
00000000
00000000
00000000
00000000
00000000
00000000
00000000
00000000
00000000
00000000
00000000
00000000
00000000
00000000
00000000
00000000
00000000
00000000
00000000
00000000
00000000
00000000
00000000
00000000
00000000
00000000
00000000
00000000
00000000
00000000
00000000
00000000
00000000
00000000
00000000
00000000
00000000
00000000
00000000
00000000
00000000
00000000
00000000
00000000
00000000
00000000
00000000
00000000
00000000
00000000
00000000
00000000
00000000
00000000
00000000
00000000
00000000
00000000
00000000
00000000
00000000
00000000
00000000
00000000
00000000
00000000
00000000
00000000
00000000
00000000
00000000
00000000
00000000
00000000
00000000
00000000
00000000
00000000
00000000
00000000
00000000
00000000
00000000
00000000
00000000
00000000
00000000
00000000
00000000
00000000
00000000
00000000
00000000
00000000
00000000
00000000
00000000
00000000
00000000
00000000
00000000
00000000
00000000
00000000
00000000
00000000
00000000
00000000
00000000
00000000
00000000
00000000
00000000
00000000
00000000
00000000
00000000
00000000
00000000
00000000
00000000
00000000
00000000
00000000
00000000
00000000
00000000
00000000
00000000
00000000
00000000
00000000
00000000
00000000
00000000
00000000
00000000
00000000
00000000
00000000
00000000
00000000
00000000
00000000
00000000
00000000
00000000
00000000
00000000
00000000
00000000
00000000
00000000
00000000
00000000
00000000
00000000
00000000
00000000
00000000
00000000
00000000
00000000
00000000
00000000
00000000
00000000
00000000
00000000
00000000
00000000
00000000
00000000
00000000
00000000
00000000
00000000
00000000
00000000
00000000
00000000
00000000
00000000
00000000
00000000
00000000
00000000
00000000
00000000
00000000
00000000
00000000
00000000
00000000
00000000
00000000
00000000
00000000
00000000
00000000
00000000
00000000
00000000
00000000
00000000
00000000
00000000
00000000
00000000
00000000
00000000
00000000
00000000
00000000
00000000
00000000
00000000
00000000
00000000
00000000
00000000
00000000
00000000
00000000
00000000
00000000
00000000
00000000
00000000
00000000
00000000
00000000
00000000
00000000
00000000
00000000
00000000
00000000
00000000
00000000
00000000
00000000
00000000
00000000
00000000
00000000
00000000
00000000
00000000
00000000
00000000
00000000
00000000
00000000
00000000
00000000
00000000
00000000
00000000
00000000
00000000
00000000
00000000
00000000
00000000
00000000
00000000
00000000
00000000
00000000
00000000
00000000
00000000
00000000
00000000
00000000
00000000
00000000
00000000
00000000
00000000
00000000
00000000
00000000
00000000
00000000
00000000
00000000
00000000
00000000
00000000
00000000
00000000
00000000
00000000
00000000
00000000
00000000
00000000
00000000
00000000
00000000
00000000
00000000
00000000
00000000
00000000
00000000
00000000
00000000
00000000
00000000
00000000
00000000
00000000
00000000
00000000
00000000
00000000
00000000
00000000
00000000
00000000
00000000
00000000
00000000
00000000
00000000
00000000
00000000
00000000
00000000
00000000
00000000
00000000
00000000
00000000
00000000
00000000
00000000
00000000
00000000
00000000
00000000
00000000
00000000
00000000
00000000
00000000
00000000
00000000
00000000
00000000
00000000
00000000
00000000
00000000
00000000
00000000
00000000
00000000
00000000
00000000
00000000
00000000
00000000
00000000
00000000
00000000
00000000
00000000
00000000
00000000
00000000
00000000
00000000
00000000
00000000
00000000
00000000
00000000
00000000
00000000
00000000
00000000
00000000
00000000
00000000
00000000
00000000
00000000
00000000
00000000
00000000
00000000
00000000
00000000
00000000
00000000
00000000
00000000
00000000
00000000
00000000
00000000
00000000
00000000
00000000
00000000
00000000
00000000
00000000
00000000
00000000
00000000
00000000
00000000
00000000
00000000
00000000
00000000
00000000
00000000
00000000
00000000
00000000
00000000
00000000
00000000
00000000
00000000
00000000
00000000
00000000
00000000
00000000
00000000
00000000
00000000
00000000
00000000
00000000
00000000
00000000
00000000
00000000
00000000
00000000
00000000
00000000
00000000
00000000
00000000
00000000
00000000
00000000
00000000
00000000
00000000
00000000
00000000
00000000
00000000
00000000
00000000
00000000
00000000
00000000
00000000
00000000
00000000
00000000
00000000
00000000
00000000
00000000
00000000
00000000
00000000
00000000
00000000
00000000
00000000
00000000
00000000
00000000
00000000
00000000
00000000
00000000
00000000
00000000
00000000
00000000
00000000
00000000
00000000
00000000
00000000
00000000
00000000
00000000
00000000
00000000
00000000
00000000
00000000
00000000
00000000
00000000
00000000
00000000
00000000
00000000
00000000
00000000
00000000
00000000
00000000
00000000
00000000
00000000
00000000
00000000
00000000
00000000
00000000
00000000
00000000
00000000
00000000
00000000
00000000
00000000
00000000
00000000
00000000
00000000
00000000
00000000
00000000
00000000
00000000
00000000
00000000
00000000
00000000
00000000
00000000
00000000
00000000
00000000
00000000
00000000
00000000
00000000
00000000
00000000
00000000
00000000
00000000
00000000
00000000
00000000
00000000
00000000
00000000
00000000
00000000
00000000
00000000
00000000
00000000
00000000
00000000
00000000
00000000
00000000
00000000
00000000
00000000
00000000
00000000
00000000
00000000
00000000
00000000
00000000
00000000
00000000
00000000
00000000
00000000
00000000
00000000
00000000
00000000
00000000
00000000
00000000
00000000
00000000
00000000
00000000
00000000
00000000
00000000
00000000
00000000
00000000
00000000
00000000
00000000
00000000
00000000
00000000
00000000
00000000
00000000
00000000
00000000
00000000
00000000
00000000
00000000
00000000
00000000
00000000
00000000
00000000
00000000
00000000
00000000
00000000
00000000
00000000
00000000
00000000
00000000
00000000
00000000
00000000
00000000
00000000
00000000
00000000
00000000
00000000
00000000
00000000
00000000
00000000
00000000
00000000
00000000
00000000
00000000
00000000
00000000
00000000
00000000
00000000
00000000
00000000
00000000
00000000
00000000
00000000
00000000
00000000
00000000
00000000
00000000
00000000
00000000
00000000
00000000
00000000
00000000
00000000
00000000
00000000
00000000
00000000
00000000
00000000
00000000
00000000
00000000
00000000
00000000
00000000
00000000
00000000
00000000
00000000
00000000
00000000
00000000
00000000
00000000
00000000
00000000
00000000
00000000
00000000
00000000
00000000
00000000
00000000
00000000
00000000
00000000
00000000
00000000
00000000
00000000
00000000
00000000
00000000
00000000
00000000
00000000
00000000
00000000
00000000
00000000
00000000
00000000
00000000
00000000
00000000
00000000
00000000
00000000
00000000
00000000
00000000
00000000
00000000
00000000
00000000
00000000
00000000
00000000
00000000
00000000
00000000
00000000
00000000
00000000
00000000
00000000
00000000
00000000
00000000
00000000
00000000
00000000
00000000
00000000
00000000
00000000
00000000
00000000
00000000
00000000
00000000
00000000
00000000
00000000
00000000
00000000
00000000
00000000
00000000
00000000
00000000
00000000
00000000
00000000
00000000
00000000
00000000
00000000
00000000
00000000
00000000
00000000
00000000
00000000
00000000
00000000
00000000
00000000
00000000
00000000
00000000
00000000
00000000
00000000
00000000
00000000
00000000
00000000
00000000
00000000
00000000
00000000
00000000
00000000
00000000
00000000
00000000
00000000
00000000
00000000
00000000
00000000
00000000
00000000
00000000
00000000
00000000
00000000
00000000
00000000
00000000
00000000
00000000
00000000
00000000
00000000
00000000
00000000
00000000
00000000
00000000
00000000
00000000
00000000
00000000
00000000
00000000
00000000
00000000
00000000
00000000
00000000
00000000
00000000
00000000
00000000
00000000
00000000
00000000
00000000
00000000
00000000
00000000
00000000
00000000
00000000
00000000
00000000
00000000
00000000
00000000
00000000
00000000
00000000
00000000
00000000
00000000
00000000
00000000
00000000
00000000
00000000
00000000
00000000
00000000
00000000
00000000
00000000
00000000
00000000
00000000
00000000
00000000
00000000
00000000
00000000
00000000
00000000
00000000
00000000
00000000
00000000
00000000
00000000
00000000
00000000
00000000
00000000
00000000
00000000
00000000
00000000
00000000
00000000
00000000
00000000
00000000
00000000
00000000
00000000
00000000
00000000
00000000
00000000
00000000
00000000
00000000
00000000
00000000
00000000
00000000
00000000
00000000
00000000
00000000
00000000
00000000
00000000
00000000
00000000
00000000
00000000
00000000
00000000
00000000
00000000
00000000
00000000
00000000
00000000
00000000
00000000
00000000
00000000
00000000
00000000
00000000
00000000
00000000
00000000
00000000
00000000
00000000
00000000
00000000
00000000
00000000
00000000
00000000
00000000
00000000
00000000
00000000
00000000
00000000
00000000
00000000
00000000
00000000
00000000
00000000
00000000
00000000
00000000
00000000
00000000
00000000
00000000
00000000
00000000
00000000
00000000
00000000
00000000
00000000
00000000
00000000
00000000
00000000
00000000
00000000
00000000
00000000
00000000
00000000
00000000
00000000
00000000
00000000
00000000
00000000
00000000
00000000
00000000
00000000
00000000
00000000
00000000
00000000
00000000
00000000
00000000
00000000
00000000
00000000
00000000
00000000
00000000
00000000
00000000
00000000
00000000
00000000
00000000
00000000
00000000
00000000
00000000
00000000
00000000
00000000
00000000
00000000
00000000
00000000
00000000
00000000
00000000
00000000
00000000
00000000
00000000
00000000
00000000
00000000
00000000
00000000
00000000
00000000
00000000
00000000
00000000
00000000
00000000
00000000
00000000
00000000
00000000
00000000
00000000
00000000
00000000
00000000
00000000
00000000
00000000
00000000
00000000
00000000
00000000
00000000
00000000
00000000
00000000
00000000
00000000
00000000
00000000
00000000
00000000
00000000
00000000
00000000
00000000
00000000
00000000
00000000
00000000
00000000
00000000
00000000
00000000
00000000
00000000
00000000
00000000
00000000
00000000
00000000
00000000
00000000
00000000
00000000
00000000
00000000
00000000
00000000
00000000
00000000
00000000
00000000
00000000
00000000
00000000
00000000
00000000
00000000
00000000
00000000
00000000
00000000
00000000
00000000
00000000
00000000
00000000
00000000
00000000
00000000
00000000
00000000
00000000
00000000
00000000
00000000
00000000
00000000
00000000
00000000
00000000
00000000
00000000
00000000
00000000
00000000
00000000
00000000
00000000
00000000
00000000
00000000
00000000
00000000
00000000
00000000
00000000
00000000
00000000
00000000
00000000
00000000
00000000
00000000
00000000
00000000
00000000
00000000
00000000
00000000
00000000
00000000
00000000
00000000
00000000
00000000
00000000
00000000
00000000
00000000
00000000
00000000
00000000
00000000
00000000
00000000
00000000
00000000
00000000
00000000
00000000
00000000
00000000
00000000
00000000
00000000
00000000
00000000
00000000
00000000
00000000
00000000
00000000
00000000
00000000
00000000
00000000
00000000
00000000
00000000
00000000
00000000
00000000
00000000
00000000
00000000
00000000
00000000
00000000
00000000
00000000
00000000
00000000
00000000
00000000
00000000
00000000
00000000
00000000
00000000
00000000
00000000
00000000
00000000
00000000
00000000
00000000
00000000
00000000
00000000
00000000
00000000
00000000
00000000
00000000
00000000
00000000
00000000
00000000
00000000
00000000
00000000
00000000
00000000
00000000
00000000
00000000
00000000
00000000
00000000
00000000
00000000
00000000
00000000
00000000
00000000
00000000
00000000
00000000
00000000
00000000
00000000
00000000
00000000
00000000
00000000
00000000
00000000
00000000
00000000
00000000
00000000
00000000
00000000
00000000
00000000
00000000
00000000
00000000
00000000
00000000
00000000
00000000
00000000
00000000
00000000
00000000
00000000
00000000
00000000
00000000
00000000
00000000
00000000
00000000
00000000
00000000
00000000
00000000
00000000
00000000
00000000
00000000
00000000
00000000
00000000
00000000
00000000
00000000
00000000
00000000
00000000
00000000
00000000
00000000
00000000
00000000
00000000
00000000
00000000
00000000
00000000
00000000
00000000
00000000
00000000
00000000
00000000
00000000
00000000
00000000
00000000
00000000
00000000
00000000
00000000
00000000
00000000
00000000
00000000
00000000
00000000
00000000
00000000
00000000
00000000
00000000
00000000
00000000
00000000
00000000
00000000
00000000
00000000
00000000
00000000
00000000
00000000
00000000
00000000
00000000
00000000
00000000
00000000
00000000
00000000
00000000
00000000
00000000
00000000
00000000
00000000
00000000
00000000
00000000
00000000
00000000
00000000
00000000
00000000
00000000
00000000
00000000
00000000
00000000
00000000
00000000
00000000
00000000
00000000
00000000
00000000
00000000
00000000
00000000
00000000
00000000
00000000
00000000
00000000
00000000
00000000
00000000
00000000
00000000
00000000
00000000
00000000
00000000
00000000
00000000
00000000
00000000
00000000
00000000
00000000
00000000
00000000
00000000
00000000
00000000
00000000
00000000
00000000
00000000
00000000
00000000
00000000
00000000
00000000
00000000
00000000
00000000
00000000
00000000
00000000
00000000
00000000
00000000
00000000
00000000
00000000
00000000
00000000
00000000
00000000
00000000
00000000
00000000
00000000
00000000
00000000
00000000
00000000
00000000
00000000
00000000
00000000
00000000
00000000
00000000
00000000
00000000
00000000
00000000
00000000
00000000
00000000
00000000
00000000
00000000
00000000
00000000
00000000
00000000
00000000
00000000
00000000
00000000
00000000
00000000
00000000
00000000
00000000
00000000
00000000
00000000
00000000
00000000
00000000
00000000
00000000
00000000
00000000
00000000
00000000
00000000
00000000
00000000
00000000
00000000
00000000
00000000
00000000
00000000
00000000
00000000
00000000
00000000
00000000
00000000
00000000
00000000
00000000
00000000
00000000
00000000
00000000
00000000
00000000
00000000
00000000
00000000
00000000
00000000
00000000
00000000
00000000
00000000
00000000
00000000
00000000
00000000
00000000
00000000
00000000
00000000
00000000
00000000
00000000
00000000
00000000
00000000
00000000
00000000
00000000
00000000
00000000
00000000
00000000
00000000
00000000
00000000
00000000
00000000
00000000
00000000
00000000
00000000
00000000
00000000
00000000
00000000
00000000
00000000
00000000
00000000
00000000
00000000
00000000
00000000
00000000
00000000
00000000
00000000
00000000
00000000
00000000
00000000
00000000
00000000
00000000
00000000
00000000
00000000
00000000
00000000
00000000
00000000
00000000
00000000
00000000
00000000
00000000
00000000
00000000
00000000
00000000
00000000
00000000
00000000
00000000
00000000
00000000
00000000
00000000
00000000
00000000
00000000
00000000
00000000
00000000
00000000
00000000
00000000
00000000
00000000
00000000
00000000
00000000
00000000
00000000
00000000
00000000
00000000
00000000
00000000
00000000
00000000
00000000
00000000
00000000
00000000
00000000
00000000
00000000
00000000
00000000
00000000
00000000
00000000
00000000
00000000
00000000
00000000
00000000
00000000
00000000
00000000
00000000
00000000
00000000
00000000
00000000
00000000
00000000
00000000
00000000
00000000
00000000
00000000
00000000
00000000
00000000
00000000
00000000
00000000
00000000
00000000
00000000
00000000
00000000
00000000
00000000
00000000
00000000
00000000
00000000
00000000
00000000
00000000
00000000
00000000
00000000
00000000
00000000
00000000
00000000
00000000
00000000
00000000
00000000
00000000
00000000
00000000
00000000
00000000
00000000
00000000
00000000
00000000
00000000
00000000
00000000
00000000
00000000
00000000
00000000
00000000
00000000
00000000
00000000
00000000
00000000
00000000
00000000
00000000
00000000
00000000
00000000
00000000
00000000
00000000
00000000
00000000
00000000
00000000
00000000
00000000
00000000
00000000
00000000
00000000
00000000
00000000
00000000
00000000
00000000
00000000
00000000
00000000
00000000
00000000
00000000
00000000
00000000
00000000
00000000
00000000
00000000
00000000
00000000
00000000
00000000
00000000
00000000
00000000
00000000
00000000
00000000
00000000
00000000
00000000
00000000
00000000
00000000
00000000
00000000
00000000
00000000
00000000
00000000
00000000
00000000
00000000
00000000
00000000
00000000
00000000
00000000
00000000
00000000
00000000
00000000
00000000
00000000
00000000
00000000
00000000
00000000
00000000
00000000
00000000
00000000
00000000
00000000
00000000
00000000
00000000
00000000
00000000
00000000
00000000
00000000
00000000
00000000
00000000
00000000
00000000
00000000
00000000
00000000
00000000
00000000
00000000
00000000
00000000
00000000
00000000
00000000
00000000
00000000
00000000
00000000
00000000
00000000
00000000
00000000
00000000
00000000
00000000
00000000
00000000
00000000
00000000
00000000
00000000
00000000
00000000
00000000
00000000
00000000
00000000
00000000
00000000
00000000
00000000
00000000
00000000
00000000
00000000
00000000
00000000
00000000
00000000
00000000
00000000
00000000
00000000
00000000
00000000
00000000
00000000
00000000
00000000
00000000
00000000
00000000
00000000
00000000
00000000
00000000
00000000
00000000
00000000
00000000
00000000
00000000
00000000
00000000
00000000
00000000
00000000
00000000
00000000
00000000
00000000
00000000
00000000
00000000
00000000
00000000
00000000
00000000
00000000
00000000
00000000
00000000
00000000
00000000
00000000
00000000
00000000
00000000
00000000
00000000
00000000
00000000
00000000
00000000
00000000
00000000
00000000
00000000
00000000
00000000
00000000
00000000
00000000
00000000
00000000
00000000
00000000
00000000
00000000
00000000
00000000
00000000
00000000
00000000
00000000
00000000
00000000
00000000
00000000
00000000
00000000
00000000
00000000
00000000
00000000
00000000
00000000
00000000
00000000
00000000
00000000
00000000
00000000
00000000
00000000
00000000
00000000
00000000
00000000
00000000
00000000
00000000
00000000
00000000
00000000
00000000
00000000
00000000
00000000
00000000
00000000
00000000
00000000
00000000
00000000
00000000
00000000
00000000
00000000
00000000
00000000
00000000
00000000
00000000
00000000
00000000
00000000
00000000
00000000
00000000
00000000
00000000
00000000
00000000
00000000
00000000
00000000
00000000
00000000
00000000
00000000
00000000
00000000
00000000
00000000
00000000
00000000
00000000
00000000
00000000
00000000
00000000
00000000
00000000
00000000
00000000
00000000
00000000
00000000
00000000
00000000
00000000
00000000
00000000
00000000
00000000
00000000
00000000
00000000
00000000
00000000
00000000
00000000
00000000
00000000
00000000
00000000
00000000
00000000
00000000
00000000
00000000
00000000
00000000
00000000
00000000
00000000
00000000
00000000
00000000
00000000
00000000
00000000
00000000
00000000
00000000
00000000
00000000
00000000
00000000
00000000
00000000
00000000
00000000
00000000
00000000
00000000
00000000
00000000
00000000
00000000
00000000
00000000
00000000
00000000
00000000
00000000
00000000
00000000
00000000
00000000
00000000
00000000
00000000
00000000
00000000
00000000
00000000
00000000
00000000
00000000
00000000
00000000
00000000
00000000
00000000
00000000
00000000
00000000
00000000
00000000
00000000
00000000
00000000
00000000
00000000
00000000
00000000
00000000
00000000
00000000
00000000
00000000
00000000
00000000
00000000
00000000
00000000
00000000
00000000
00000000
00000000
00000000
00000000
00000000
00000000
00000000
00000000
00000000
00000000
00000000
00000000
00000000
00000000
00000000
00000000
00000000
00000000
00000000
00000000
00000000
00000000
00000000
00000000
00000000
00000000
00000000
00000000
00000000
00000000
00000000
00000000
00000000
00000000
00000000
00000000
00000000
00000000
00000000
00000000
00000000
00000000
00000000
00000000
00000000
00000000
00000000
00000000
00000000
00000000
00000000
00000000
00000000
00000000
00000000
00000000
00000000
00000000
00000000
00000000
00000000
00000000
00000000
00000000
00000000
00000000
00000000
00000000
00000000
00000000
00000000
00000000
00000000
00000000
00000000
00000000
00000000
00000000
00000000
00000000
00000000
00000000
00000000
00000000
00000000
00000000
00000000
00000000
00000000
00000000
00000000
00000000
00000000
00000000
00000000
00000000
00000000
00000000
00000000
00000000
00000000
00000000
00000000
00000000
00000000
00000000
00000000
00000000
00000000
00000000
00000000
00000000
00000000
00000000
00000000
00000000
00000000
00000000
00000000
00000000
00000000
00000000
00000000
00000000
00000000
00000000
00000000
00000000
00000000
00000000
00000000
00000000
00000000
00000000
00000000
00000000
00000000
00000000
00000000
00000000
00000000
00000000
00000000
00000000
00000000
00000000
00000000
00000000
00000000
00000000
00000000
00000000
00000000
00000000
00000000
00000000
00000000
00000000
00000000
00000000
00000000
00000000
00000000
00000000
00000000
00000000
00000000
00000000
00000000
00000000
00000000
00000000
00000000
00000000
00000000
00000000
00000000
00000000
00000000
00000000
00000000
00000000
00000000
00000000
00000000
00000000
00000000
00000000
00000000
00000000
00000000
00000000
00000000
00000000
00000000
00000000
00000000
00000000
00000000
00000000
00000000
00000000
00000000
00000000
00000000
00000000
00000000
00000000
00000000
00000000
00000000
00000000
00000000
00000000
00000000
00000000
00000000
00000000
00000000
00000000
00000000
00000000
00000000
00000000
00000000
00000000
00000000
00000000
00000000
00000000
00000000
00000000
00000000
00000000
00000000
00000000
00000000
00000000
00000000
00000000
00000000
00000000
00000000
00000000
00000000
00000000
00000000
00000000
00000000
00000000
00000000
00000000
00000000
00000000
00000000
00000000
00000000
00000000
00000000
00000000
00000000
00000000
00000000
00000000
00000000
00000000
00000000
00000000
00000000
00000000
00000000
00000000
00000000
00000000
00000000
00000000
00000000
00000000
00000000
00000000
00000000
00000000
00000000
00000000
00000000
00000000
00000000
00000000
00000000
00000000
00000000
00000000
00000000
00000000
00000000
00000000
00000000
00000000
00000000
00000000
00000000
00000000
00000000
00000000
00000000
00000000
00000000
00000000
00000000
00000000
00000000
00000000
00000000
00000000
00000000
00000000
00000000
00000000
00000000
00000000
00000000
00000000
00000000
00000000
00000000
00000000
00000000
00000000
00000000
00000000
00000000
00000000
00000000
00000000
00000000
00000000
00000000
00000000
00000000
00000000
00000000
00000000
00000000
00000000
00000000
00000000
00000000
00000000
00000000
00000000
00000000
00000000
00000000
00000000
00000000
00000000
00000000
00000000
00000000
00000000
00000000
00000000
00000000
00000000
00000000
00000000
00000000
00000000
00000000
00000000
00000000
00000000
00000000
00000000
00000000
00000000
00000000
00000000
00000000
00000000
00000000
00000000
00000000
00000000
00000000
00000000
00000000
00000000
00000000
00000000
00000000
00000000
00000000
00000000
00000000
00000000
00000000
00000000
00000000
00000000
00000000
00000000
00000000
00000000
00000000
00000000
00000000
00000000
00000000
00000000
00000000
00000000
00000000
00000000
00000000
00000000
00000000
00000000
00000000
00000000
00000000
00000000
00000000
00000000
00000000
00000000
00000000
00000000
00000000
00000000
00000000
00000000
00000000
00000000
00000000
00000000
00000000
00000000
00000000
00000000
00000000
00000000
00000000
00000000
00000000
00000000
00000000
00000000
00000000
00000000
00000000
00000000
00000000
00000000
00000000
00000000
00000000
00000000
00000000
00000000
00000000
00000000
00000000
00000000
00000000
00000000
00000000
00000000
00000000
00000000
00000000
00000000
00000000
00000000
00000000
00000000
00000000
00000000
00000000
00000000
00000000
00000000
00000000
00000000
00000000
00000000
00000000
00000000
00000000
00000000
00000000
00000000
00000000
00000000
00000000
00000000
00000000
00000000
00000000
00000000
00000000
00000000
00000000
00000000
00000000
00000000
00000000
00000000
00000000
00000000
00000000
00000000
00000000
00000000
00000000
00000000
00000000
00000000
00000000
00000000
00000000
00000000
00000000
00000000
00000000
00000000
00000000
00000000
00000000
00000000
00000000
00000000
00000000
00000000
00000000
00000000
00000000
00000000
00000000
00000000
00000000
00000000
00000000
00000000
00000000
00000000
00000000
00000000
00000000
00000000
00000000
00000000
00000000
00000000
00000000
00000000
00000000
00000000
00000000
00000000
00000000
00000000
00000000
00000000
00000000
00000000
00000000
00000000
00000000
00000000
00000000
00000000
00000000
00000000
00000000
00000000
00000000
00000000
00000000
00000000
00000000
00000000
00000000
00000000
00000000
00000000
00000000
00000000
00000000
00000000
00000000
00000000
00000000
00000000
00000000
00000000
00000000
00000000
00000000
00000000
00000000
00000000
00000000
00000000
00000000
00000000
00000000
00000000
00000000
00000000
00000000
00000000
00000000
00000000
00000000
00000000
00000000
00000000
00000000
00000000
00000000
00000000
00000000
00000000
00000000
00000000
00000000
00000000
00000000
00000000
00000000
00000000
00000000
00000000
00000000
00000000
00000000
00000000
00000000
00000000
00000000
00000000
00000000
00000000
00000000
00000000
00000000
00000000
00000000
00000000
00000000
00000000
00000000
00000000
00000000
00000000
00000000
00000000
00000000
00000000
00000000
00000000
00000000
00000000
00000000
00000000
00000000
00000000
00000000
00000000
00000000
00000000
00000000
00000000
00000000
00000000
00000000
00000000
00000000
00000000
00000000
00000000
00000000
00000000
00000000
00000000
00000000
00000000
00000000
00000000
00000000
00000000
00000000
00000000
00000000
00000000
00000000
00000000
00000000
00000000
00000000
00000000
00000000
00000000
00000000
00000000
00000000
00000000
00000000
00000000
00000000
00000000
00000000
00000000
00000000
00000000
00000000
00000000
00000000
00000000
00000000
00000000
00000000
00000000
00000000
00000000
00000000
00000000
00000000
00000000
00000000
00000000
00000000
00000000
00000000
00000000
00000000
00000000
00000000
00000000
00000000
00000000
00000000
00000000
00000000
00000000
00000000
00000000
00000000
00000000
00000000
00000000
00000000
00000000
00000000
00000000
00000000
00000000
00000000
00000000
00000000
00000000
00000000
00000000
00000000
00000000
00000000
00000000
00000000
00000000
00000000
00000000
00000000
00000000
00000000
00000000
00000000
00000000
00000000
00000000
00000000
00000000
00000000
00000000
00000000
00000000
00000000
00000000
00000000
00000000
00000000
00000000
00000000
00000000
00000000
00000000
00000000
00000000
00000000
00000000
00000000
00000000
00000000
00000000
00000000
00000000
00000000
00000000
00000000
00000000
00000000
00000000
00000000
00000000
00000000
00000000
00000000
00000000
00000000
00000000
00000000
00000000
00000000
00000000
00000000
00000000
00000000
00000000
00000000
00000000
00000000
00000000
00000000
00000000
00000000
00000000
00000000
00000000
00000000
00000000
00000000
00000000
00000000
00000000
00000000
00000000
00000000
00000000
00000000
00000000
00000000
00000000
00000000
00000000
00000000
00000000
00000000
00000000
00000000
00000000
00000000
00000000
00000000
00000000
00000000
00000000
00000000
00000000
00000000
00000000
00000000
00000000
00000000
00000000
00000000
00000000
00000000
00000000
00000000
00000000
00000000
00000000
00000000
00000000
00000000
00000000
00000000
00000000
00000000
00000000
00000000
00000000
00000000
00000000
00000000
00000000
00000000
00000000
00000000
00000000
00000000
00000000
00000000
00000000
00000000
00000000
00000000
00000000
00000000
00000000
00000000
00000000
00000000
00000000
00000000
00000000
00000000
00000000
00000000
00000000
00000000
00000000
00000000
00000000
00000000
00000000
00000000
00000000
00000000
00000000
00000000
00000000
00000000
00000000
00000000
00000000
00000000
00000000
00000000
00000000
00000000
00000000
00000000
00000000
00000000
00000000
00000000
00000000
00000000
00000000
00000000
00000000
00000000
00000000
00000000
00000000
00000000
00000000
00000000
00000000
00000000
00000000
00000000
00000000
00000000
00000000
00000000
00000000
00000000
00000000
00000000
00000000
00000000
00000000
00000000
00000000
00000000
00000000
00000000
00000000
00000000
00000000
00000000
00000000
00000000
00000000
00000000
00000000
00000000
00000000
00000000
00000000
00000000
00000000
00000000
00000000
00000000
00000000
00000000
00000000
00000000
00000000
00000000
00000000
00000000
00000000
00000000
00000000
00000000
00000000
00000000
00000000
00000000
00000000
00000000
00000000
00000000
00000000
00000000
00000000
00000000
00000000
00000000
00000000
00000000
00000000
00000000
00000000
00000000
00000000
00000000
00000000
00000000
00000000
00000000
00000000
00000000
00000000
00000000
00000000
00000000
00000000
00000000
00000000
00000000
00000000
00000000
00000000
00000000
00000000
00000000
00000000
00000000
00000000
00000000
00000000
00000000
00000000
00000000
00000000
00000000
00000000
00000000
00000000
00000000
00000000
00000000
00000000
00000000
00000000
00000000
00000000
00000000
00000000
00000000
00000000
00000000
00000000
00000000
00000000
00000000
00000000
00000000
00000000
00000000
00000000
00000000
00000000
00000000
00000000
00000000
00000000
00000000
00000000
00000000
00000000
00000000
00000000
00000000
00000000
00000000
00000000
00000000
00000000
00000000
00000000
00000000
00000000
00000000
00000000
00000000
00000000
00000000
00000000
00000000
00000000
00000000
00000000
00000000
00000000
00000000
00000000
00000000
00000000
00000000
00000000
00000000
00000000
00000000
00000000
00000000
00000000
00000000
00000000
00000000
00000000
00000000
00000000
00000000
00000000
00000000
00000000
00000000
00000000
00000000
00000000
00000000
00000000
00000000
00000000
00000000
00000000
00000000
00000000
00000000
00000000
00000000
00000000
00000000
00000000
00000000
00000000
00000000
00000000
00000000
00000000
00000000
00000000
00000000
00000000
00000000
00000000
00000000
00000000
00000000
00000000
00000000
00000000
00000000
00000000
00000000
00000000
00000000
00000000
00000000
00000000
00000000
00000000
00000000
00000000
00000000
00000000
00000000
00000000
00000000
00000000
00000000
00000000
00000000
00000000
00000000
00000000
00000000
00000000
00000000
00000000
00000000
00000000
00000000
00000000
00000000
00000000
00000000
00000000
00000000
00000000
00000000
00000000
00000000
00000000
00000000
00000000
00000000
00000000
00000000
00000000
00000000
00000000
00000000
00000000
00000000
00000000
00000000
00000000
00000000
00000000
00000000
00000000
00000000
00000000
00000000
00000000
00000000
00000000
00000000
00000000
00000000
00000000
00000000
00000000
00000000
00000000
00000000
00000000
00000000
00000000
00000000
00000000
00000000
00000000
00000000
00000000
00000000
00000000
00000000
00000000
00000000
00000000
00000000
00000000
00000000
00000000
00000000
00000000
00000000
00000000
00000000
00000000
00000000
00000000
00000000
00000000
00000000
00000000
00000000
00000000
00000000
00000000
00000000
00000000
00000000
00000000
00000000
00000000
00000000
00000000
00000000
00000000
00000000
00000000
00000000
00000000
00000000
00000000
00000000
00000000
00000000
00000000
00000000
00000000
00000000
00000000
00000000
00000000
00000000
00000000
00000000
00000000
00000000
00000000
00000000
00000000
00000000
00000000
00000000
00000000
00000000
00000000
00000000
00000000
00000000
00000000
00000000
00000000
00000000
00000000
00000000
00000000
00000000
00000000
00000000
00000000
00000000
00000000
00000000
00000000
00000000
00000000
00000000
00000000
00000000
00000000
00000000
00000000
00000000
00000000
00000000
00000000
00000000
00000000
00000000
00000000
00000000
00000000
00000000
00000000
00000000
00000000
00000000
00000000
00000000
00000000
00000000
00000000
00000000
00000000
00000000
00000000
00000000
00000000
00000000
00000000
00000000
00000000
00000000
00000000
00000000
00000000
00000000
00000000
00000000
00000000
00000000
00000000
00000000
00000000
00000000
00000000
00000000
00000000
00000000
00000000
00000000
00000000
00000000
00000000
00000000
00000000
00000000
00000000
00000000
00000000
00000000
00000000
00000000
00000000
00000000
00000000
00000000
00000000
00000000
00000000
00000000
00000000
00000000
00000000
00000000
00000000
00000000
00000000
00000000
00000000
00000000
00000000
00000000
00000000
00000000
00000000
00000000
00000000
00000000
00000000
00000000
00000000
00000000
00000000
00000000
00000000
00000000
00000000
00000000
00000000
00000000
00000000
00000000
00000000
00000000
00000000
00000000
00000000
00000000
00000000
00000000
00000000
00000000
00000000
00000000
00000000
00000000
00000000
00000000
00000000
00000000
00000000
00000000
00000000
00000000
00000000
00000000
00000000
00000000
00000000
00000000
00000000
00000000
00000000
00000000
00000000
00000000
00000000
00000000
00000000
00000000
00000000
00000000
00000000
00000000
00000000
00000000
00000000
00000000
00000000
00000000
00000000
00000000
00000000
00000000
00000000
00000000
00000000
00000000
00000000
00000000
00000000
00000000
00000000
00000000
00000000
00000000
00000000
00000000
00000000
00000000
00000000
00000000
00000000
00000000
00000000
00000000
00000000
00000000
00000000
00000000
00000000
00000000
00000000
00000000
00000000
00000000
00000000
00000000
00000000
00000000
00000000
00000000
00000000
00000000
00000000
00000000
00000000
00000000
00000000
00000000
00000000
00000000
00000000
00000000
00000000
00000000
00000000
00000000
00000000
00000000
00000000
00000000
00000000
00000000
00000000
00000000
00000000
00000000
00000000
00000000
00000000
00000000
00000000
00000000
00000000
00000000
00000000
00000000
00000000
00000000
00000000
00000000
00000000
00000000
00000000
00000000
00000000
00000000
00000000
00000000
00000000
00000000
00000000
00000000
00000000
00000000
00000000
00000000
00000000
00000000
00000000
00000000
00000000
00000000
00000000
00000000
00000000
00000000
00000000
00000000
00000000
00000000
00000000
00000000
00000000
00000000
00000000
00000000
00000000
00000000
00000000
00000000
00000000
00000000
00000000
00000000
00000000
00000000
00000000
00000000
00000000
00000000
00000000
00000000
00000000
00000000
00000000
00000000
00000000
00000000
00000000
00000000
00000000
00000000
00000000
00000000
00000000
00000000
00000000
00000000
00000000
00000000
00000000
00000000
00000000
00000000
00000000
00000000
00000000
00000000
00000000
00000000
00000000
00000000
00000000
00000000
00000000
00000000
00000000
00000000
00000000
00000000
00000000
00000000
00000000
00000000
00000000
00000000
00000000
00000000
00000000
00000000
00000000
00000000
00000000
00000000
00000000
00000000
00000000
00000000
00000000
00000000
00000000
00000000
00000000
00000000
00000000
00000000
00000000
00000000
00000000
00000000
00000000
00000000
00000000
00000000
00000000
00000000
00000000
00000000
00000000
00000000
00000000
00000000
00000000
00000000
00000000
00000000
00000000
00000000
00000000
00000000
00000000
00000000
00000000
00000000
00000000
00000000
00000000
00000000
00000000
00000000
00000000
00000000
00000000
00000000
00000000
00000000
00000000
00000000
00000000
00000000
00000000
00000000
00000000
00000000
00000000
00000000
00000000
00000000
00000000
00000000
00000000
00000000
00000000
00000000
00000000
00000000
00000000
00000000
00000000
00000000
00000000
00000000
00000000
00000000
00000000
00000000
00000000
00000000
00000000
00000000
00000000
00000000
00000000
00000000
00000000
00000000
00000000
00000000
00000000
00000000
00000000
00000000
00000000
00000000
00000000
00000000
00000000
00000000
00000000
00000000
00000000
00000000
00000000
00000000
00000000
00000000
00000000
00000000
00000000
00000000
00000000
00000000
00000000
00000000
00000000
00000000
00000000
00000000
00000000
00000000
00000000
00000000
00000000
00000000
00000000
00000000
00000000
00000000
00000000
00000000
00000000
00000000
00000000
00000000
00000000
00000000
00000000
00000000
00000000
00000000
00000000
00000000
00000000
00000000
00000000
00000000
00000000
00000000
00000000
00000000
00000000
00000000
00000000
00000000
00000000
00000000
00000000
00000000
00000000
00000000
00000000
00000000
00000000
00000000
00000000
00000000
00000000
00000000
00000000
00000000
00000000
00000000
00000000
00000000
00000000
00000000
00000000
00000000
00000000
00000000
00000000
00000000
00000000
00000000
00000000
00000000
00000000
00000000
00000000
00000000
00000000
00000000
00000000
00000000
00000000
00000000
00000000
00000000
00000000
00000000
00000000
00000000
00000000
00000000
00000000
00000000
00000000
00000000
00000000
00000000
00000000
00000000
00000000
00000000
00000000
00000000
00000000
00000000
00000000
00000000
00000000
00000000
00000000
00000000
00000000
00000000
00000000
00000000
00000000
00000000
00000000
00000000
00000000
00000000
00000000
00000000
00000000
00000000
00000000
00000000
00000000
00000000
00000000
00000000
00000000
00000000
00000000
00000000
00000000
00000000
00000000
00000000
00000000
00000000
00000000
00000000
00000000
00000000
00000000
00000000
00000000
00000000
00000000
00000000
00000000
00000000
00000000
00000000
00000000
00000000
00000000
00000000
00000000
00000000
00000000
00000000
00000000
00000000
00000000
00000000
00000000
00000000
00000000
00000000
00000000
00000000
00000000
00000000
00000000
00000000
00000000
00000000
00000000
00000000
00000000
00000000
00000000
00000000
00000000
00000000
00000000
00000000
00000000
00000000
00000000
00000000
00000000
00000000
00000000
00000000
00000000
00000000
00000000
00000000
00000000
00000000
00000000
00000000
00000000
00000000
00000000
00000000
00000000
00000000
00000000
00000000
00000000
00000000
00000000
00000000
00000000
00000000
00000000
00000000
00000000
00000000
00000000
00000000
00000000
00000000
00000000
00000000
00000000
00000000
00000000
00000000
00000000
00000000
00000000
00000000
00000000
00000000
00000000
00000000
00000000
00000000
00000000
00000000
00000000
00000000
00000000
00000000
00000000
00000000
00000000
00000000
00000000
00000000
00000000
00000000
00000000
00000000
00000000
00000000
00000000
00000000
00000000
00000000
00000000
00000000
00000000
00000000
00000000
00000000
00000000
00000000
00000000
00000000
00000000
00000000
00000000
00000000
00000000
00000000
00000000
00000000
00000000
00000000
00000000
00000000
00000000
00000000
00000000
00000000
00000000
00000000
00000000
00000000
00000000
00000000
00000000
00000000
00000000
00000000
00000000
00000000
00000000
00000000
00000000
00000000
00000000
00000000
00000000
00000000
00000000
00000000
00000000
00000000
00000000
00000000
00000000
00000000
00000000
00000000
00000000
00000000
00000000
00000000
00000000
00000000
00000000
00000000
00000000
00000000
00000000
00000000
00000000
00000000
00000000
00000000
00000000
00000000
00000000
00000000
00000000
00000000
00000000
00000000
00000000
00000000
00000000
00000000
00000000
00000000
00000000
00000000
00000000
00000000
00000000
00000000
00000000
00000000
00000000
00000000
00000000
00000000
00000000
00000000
00000000
00000000
00000000
00000000
00000000
00000000
00000000
00000000
00000000
00000000
00000000
00000000
00000000
00000000
00000000
00000000
00000000
00000000
00000000
00000000
00000000
00000000
00000000
00000000
00000000
00000000
00000000
00000000
00000000
00000000
00000000
00000000
00000000
00000000
00000000
00000000
00000000
00000000
00000000
00000000
00000000
00000000
00000000
00000000
00000000
00000000
00000000
00000000
00000000
00000000
00000000
00000000
00000000
00000000
00000000
00000000
00000000
00000000
00000000
00000000
00000000
00000000
00000000
00000000
00000000
00000000
00000000
00000000
00000000
00000000
00000000
00000000
00000000
00000000
00000000
00000000
00000000
00000000
00000000
00000000
00000000
00000000
00000000
00000000
00000000
00000000
00000000
00000000
00000000
00000000
00000000
00000000
00000000
00000000
00000000
00000000
00000000
00000000
00000000
00000000
00000000
00000000
00000000
00000000
00000000
00000000
00000000
00000000
00000000
00000000
00000000
00000000
00000000
00000000
00000000
00000000
00000000
00000000
00000000
00000000
00000000
00000000
00000000
00000000
00000000
00000000
00000000
00000000
00000000
00000000
00000000
00000000
00000000
00000000
00000000
00000000
00000000
00000000
00000000
00000000
00000000
00000000
00000000
00000000
00000000
00000000
00000000
00000000
00000000
00000000
00000000
00000000
00000000
00000000
00000000
00000000
00000000
00000000
00000000
00000000
00000000
00000000
00000000
00000000
00000000
00000000
00000000
00000000
00000000
00000000
00000000
00000000
00000000
00000000
00000000
00000000
00000000
00000000
00000000
00000000
00000000
00000000
00000000
00000000
00000000
00000000
00000000
00000000
00000000
00000000
00000000
00000000
00000000
00000000
00000000
00000000
00000000
00000000
00000000
00000000
00000000
00000000
00000000
00000000
00000000
00000000
00000000
00000000
00000000
00000000
00000000
00000000
00000000
00000000
00000000
00000000
00000000
00000000
00000000
00000000
00000000
00000000
00000000
00000000
00000000
00000000
00000000
00000000
00000000
00000000
00000000
00000000
00000000
00000000
00000000
00000000
00000000
00000000
00000000
00000000
00000000
00000000
00000000
00000000
00000000
00000000
00000000
00000000
00000000
00000000
00000000
00000000
00000000
00000000
00000000
00000000
00000000
00000000
00000000
00000000
00000000
00000000
00000000
00000000
00000000
00000000
00000000
00000000
00000000
00000000
00000000
00000000
00000000
00000000
00000000
00000000
00000000
00000000
00000000
00000000
00000000
00000000
00000000
00000000
00000000
00000000
00000000
00000000
00000000
00000000
00000000
00000000
00000000
00000000
00000000
00000000
00000000
00000000
00000000
00000000
00000000
00000000
00000000
00000000
00000000
00000000
00000000
00000000
00000000
00000000
00000000
00000000
00000000
00000000
00000000
00000000
00000000
00000000
00000000
00000000
00000000
00000000
00000000
00000000
00000000
00000000
00000000
00000000
00000000
00000000
00000000
00000000
00000000
00000000
00000000
00000000
00000000
00000000
00000000
00000000
00000000
00000000
00000000
00000000
00000000
00000000
00000000
00000000
00000000
00000000
00000000
00000000
00000000
00000000
00000000
00000000
00000000
00000000
00000000
00000000
00000000
00000000
00000000
00000000
00000000
00000000
00000000
00000000
00000000
00000000
00000000
00000000
00000000
00000000
00000000
00000000
00000000
00000000
00000000
00000000
00000000
00000000
00000000
00000000
00000000
00000000
00000000
00000000
00000000
00000000
00000000
00000000
00000000
00000000
00000000
00000000
00000000
00000000
00000000
00000000
00000000
00000000
00000000
00000000
00000000
00000000
00000000
00000000
00000000
00000000
00000000
00000000
00000000
00000000
00000000
00000000
00000000
00000000
00000000
00000000
00000000
00000000
00000000
00000000
00000000
00000000
00000000
00000000
00000000
00000000
00000000
00000000
00000000
00000000
00000000
00000000
00000000
00000000
00000000
00000000
00000000
00000000
00000000
00000000
00000000
00000000
00000000
00000000
00000000
00000000
00000000
00000000
00000000
00000000
00000000
00000000
00000000
00000000
00000000
00000000
00000000
00000000
00000000
00000000
00000000
00000000
00000000
00000000
00000000
00000000
00000000
00000000
00000000
00000000
00000000
00000000
00000000
00000000
00000000
00000000
00000000
00000000
00000000
00000000
00000000
00000000
00000000
00000000
00000000
00000000
00000000
00000000
00000000
00000000
00000000
00000000
00000000
00000000
00000000
00000000
00000000
00000000
00000000
00000000
00000000
00000000
00000000
00000000
00000000
00000000
00000000
00000000
00000000
00000000
00000000
00000000
00000000
00000000
00000000
00000000
00000000
00000000
00000000
00000000
00000000
00000000
00000000
00000000
00000000
00000000
00000000
00000000
00000000
00000000
00000000
00000000
00000000
00000000
00000000
00000000
00000000
00000000
00000000
00000000
00000000
00000000
00000000
00000000
00000000
00000000
00000000
00000000
00000000
00000000
00000000
00000000
00000000
00000000
00000000
00000000
00000000
00000000
00000000
00000000
00000000
00000000
00000000
00000000
00000000
00000000
00000000
00000000
00000000
00000000
00000000
00000000
00000000
00000000
00000000
00000000
00000000
00000000
00000000
00000000
00000000
00000000
00000000
00000000
00000000
00000000
00000000
00000000
00000000
00000000
00000000
00000000
00000000
00000000
00000000
00000000
00000000
00000000
00000000
00000000
00000000
00000000
00000000
00000000
00000000
00000000
00000000
00000000
00000000
00000000
00000000
00000000
00000000
00000000
00000000
00000000
00000000
00000000
00000000
00000000
00000000
00000000
00000000
00000000
00000000
00000000
00000000
00000000
00000000
00000000
00000000
00000000
00000000
00000000
00000000
00000000
00000000
00000000
00000000
00000000
00000000
00000000
00000000
00000000
00000000
00000000
00000000
00000000
00000000
00000000
00000000
00000000
00000000
00000000
00000000
00000000
00000000
00000000
00000000
00000000
00000000
00000000
00000000
00000000
00000000
00000000
00000000
00000000
00000000
00000000
00000000
00000000
00000000
00000000
00000000
00000000
00000000
00000000
00000000
00000000
00000000
00000000
00000000
00000000
00000000
00000000
00000000
00000000
00000000
00000000
00000000
00000000
00000000
00000000
00000000
00000000
00000000
00000000
00000000
00000000
00000000
00000000
00000000
00000000
00000000
00000000
00000000
00000000
00000000
00000000
00000000
00000000
00000000
00000000
00000000
00000000
00000000
00000000
00000000
00000000
00000000
00000000
00000000
00000000
00000000
00000000
00000000
00000000
00000000
00000000
00000000
00000000
00000000
00000000
00000000
00000000
00000000
00000000
00000000
00000000
00000000
00000000
00000000
00000000
00000000
00000000
00000000
00000000
00000000
00000000
00000000
00000000
00000000
00000000
00000000
00000000
00000000
00000000
00000000
00000000
00000000
00000000
00000000
00000000
00000000
00000000
00000000
00000000
00000000
00000000
00000000
00000000
00000000
00000000
00000000
00000000
00000000
00000000
00000000
00000000
00000000
00000000
00000000
00000000
00000000
00000000
00000000
00000000
00000000
00000000
00000000
00000000
00000000
00000000
00000000
00000000
00000000
00000000
00000000
00000000
00000000
00000000
00000000
00000000
00000000
00000000
00000000
00000000
00000000
00000000
00000000
00000000
00000000
00000000
00000000
00000000
00000000
00000000
00000000
00000000
00000000
00000000
00000000
00000000
00000000
00000000
00000000
00000000
00000000
00000000
00000000
00000000
00000000
00000000
00000000
00000000
00000000
00000000
00000000
00000000
00000000
00000000
00000000
00000000
00000000
00000000
00000000
00000000
00000000
00000000
00000000
00000000
00000000
00000000
00000000
00000000
00000000
00000000
00000000
00000000
00000000
00000000
00000000
00000000
00000000
00000000
00000000
00000000
00000000
00000000
00000000
00000000
00000000
00000000
00000000
00000000
00000000
00000000
00000000
00000000
00000000
00000000
00000000
00000000
00000000
00000000
00000000
00000000
00000000
00000000
00000000
00000000
00000000
00000000
00000000
00000000
00000000
00000000
00000000
00000000
00000000
00000000
00000000
00000000
00000000
00000000
00000000
00000000
00000000
00000000
00000000
00000000
00000000
00000000
00000000
00000000
00000000
00000000
00000000
00000000
00000000
00000000
00000000
00000000
00000000
00000000
00000000
00000000
00000000
00000000
00000000
00000000
00000000
00000000
00000000
00000000
00000000
00000000
00000000
00000000
00000000
00000000
00000000
00000000
00000000
00000000
00000000
00000000
00000000
00000000
00000000
00000000
00000000
00000000
00000000
00000000
00000000
00000000
00000000
00000000
00000000
00000000
00000000
00000000
00000000
00000000
00000000
00000000
00000000
00000000
00000000
00000000
00000000
00000000
00000000
00000000
00000000
00000000
00000000
00000000
00000000
00000000
00000000
00000000
00000000
00000000
00000000
00000000
00000000
00000000
00000000
00000000
00000000
00000000
00000000
00000000
00000000
00000000
00000000
00000000
00000000
00000000
00000000
00000000
00000000
00000000
00000000
00000000
00000000
00000000
00000000
00000000
00000000
00000000
00000000
00000000
00000000
00000000
00000000
00000000
00000000
00000000
00000000
00000000
00000000
00000000
00000000
00000000
00000000
00000000
00000000
00000000
00000000
00000000
00000000
00000000
00000000
00000000
00000000
00000000
00000000
00000000
00000000
00000000
00000000
00000000
00000000
00000000
00000000
00000000
00000000
00000000
00000000
00000000
00000000
00000000
00000000
00000000
00000000
00000000
00000000
00000000
00000000
00000000
00000000
00000000
00000000
00000000
00000000
00000000
00000000
00000000
00000000
00000000
00000000
00000000
00000000
00000000
00000000
00000000
00000000
00000000
00000000
00000000
00000000
00000000
00000000
00000000
00000000
00000000
00000000
00000000
00000000
00000000
00000000
00000000
00000000
00000000
00000000
00000000
00000000
00000000
00000000
00000000
00000000
00000000
00000000
00000000
00000000
00000000
00000000
00000000
00000000
00000000
00000000
00000000
00000000
00000000
00000000
00000000
00000000
00000000
00000000
00000000
00000000
00000000
00000000
00000000
00000000
00000000
00000000
00000000
00000000
00000000
00000000
00000000
00000000
00000000
00000000
00000000
00000000
00000000
00000000
00000000
