a0e11a7b
eacd080d
f6b28377
a6bd38b1
a4055f40
5e51a803
effc0648
aa2f3764
233c80fc
7d0bdd8f
c8d0dff8
891b9ffa
7876a0bc
abe55f18
748a3bcc
4751c577
21dc84a0
f4a141f7
6e69a6a7
6e84a7f5
b15fab25
ca41ff09
31abd93b
8d7b4a0f
00004f68
00000000
00000000
00000000
09f6929f
040abf0f
f4cca434
3d2dc317
fd9c4bec
bddf6a65
f6fba742
8b203f3e
d8e04409
abdbd968
bde341ff
6e3f817b
d521fc57
43e41e11
dd5e11f1
eb42d111
420d571c
e40902f0
e6c02b38
33fe8497
f3fba81c
84f7fb75
45c99fe2
1cfe10eb
0000e687
00000000
00000000
00000000
cbe66f21
09c07ecd
1967de30
c9013ca7
ff0afaaf
ffe407a7
35fe7375
b7a5e3d8
0f6f82b2
af12c66f
b4521803
41a905d0
75182ba2
b587c32a
a43c0c32
6346a0fb
3fe8ca07
dde00f95
ff3ee495
7ffd5975
43ffc9e0
af8fde56
d9b4c790
403d3f18
00009d33
00000000
00000000
00000000
f97f1efd
0af30c2c
6442b20d
0b31a6cf
1ac591e1
e083b8b0
1b4e7617
71bdf48b
21578ff4
5cdbf06e
f00fe000
9fc0b083
38ff226a
0fbffbf0
50657f2e
577ca671
06839dc0
e77df3cc
06b9c1f4
22f65b83
602696ea
b4a0fef4
6798894d
84e86d84
00009e90
00000000
00000000
00000000
bad11cf4
9bb99dfd
0ae306e1
295c9b20
e98e92d1
de164b27
3af1e39c
60d608d0
6fc0a9b6
fd9501ff
4f66401f
f8fe1903
52317866
1afdc81f
b4eb811e
00d51f49
04c5a9c0
e2aab97c
27a4542b
8d8a9a69
b405eaca
ea1916c9
7b6367fa
e41e5785
00005387
00000000
00000000
00000000
bb491dbe
3e6f83d5
ae4fbca1
2d08d8e9
d31995fb
771f8e80
40e14b6b
a20f01b7
1da7b039
f7fabf07
c0ff2fe4
ff03907f
7fe01b47
97fe0b88
9415fffb
af10a7f9
2db2023e
000ec0a0
1900243e
3576273d
3f229a4a
120daea9
2ecaaaa9
3cd8977c
0000d2f0
00000000
00000000
00000000
d38c948a
12c4cb81
ed2c1ec7
8136e742
6afa761c
bd5b657c
b7ebf068
e25ee638
07f4e00c
db68f201
4fd18240
6e7fa65b
10e39180
88261db1
0948a007
0f4cca00
03891b50
d8115cfb
076cd02b
60dad876
4f0aaeab
f4105110
f7acb4da
e2e6d54b
000048a4
00000000
00000000
00000000
d56e06b2
632a560a
5ab3df36
7f6d19fe
833e279b
063efe28
6381fd08
334d7aca
b8ffbfed
917f7efc
c0127d34
3c00f60f
cfe003e5
4a74103a
e1110384
e7980c18
5fb2c641
f34a9187
ffdde4f7
5fa20f72
37f82b58
763f25c8
00788bf5
dce49b5a
0000426a
00000000
00000000
00000000
493a0986
bc75b758
41497db9
fbf59a7f
2feabef1
9600a3e5
e2f11c0b
dc8f0cf7
25141388
e2b8c038
8ff2ff59
dc3f53ff
2fc1e0bf
e01e05f8
f601e008
89d81400
7ed8c040
efd40a32
fc7e50ef
1f647c8f
ade91cfd
72ffb648
bf850a93
bf1e1c2b
0000e35d
00000000
00000000
00000000
b928a9b6
5410c45f
25cfc3fa
041713ff
fe34300f
1fffe180
57e7a42e
3bff3c41
a187f338
00ba0038
040c3018
700c1183
b782d3f0
bb0c1fb7
1fe801f8
f07f01ff
f92a7c7f
0142b3a5
04315e14
80010500
b006e904
a1dcffe2
a2f487fe
08700bb8
0000474d
00000000
00000000
00000000
f9cc4bed
74bb157e
1f2037c2
c22b70ff
bc80197f
b9c077e7
638402b0
742003ee
f500007b
7d310f07
87f7a1f9
f1fc3d7f
ff1bd297
fff09837
63f67c2c
08bffff0
804deb0c
ce3e03f8
ccf76def
00e0738b
a00c2e60
7d86c010
1d784004
e9792210
00007109
00000000
00000000
00000000
475f1a41
cad772a5
0b24965b
a4a226d3
de05f60f
2fc77b27
4dec3d58
167de045
d93ac64e
3321e00f
81355d00
fd81ddf1
b77e0d6b
38d6390f
143262eb
7db893bc
edcc423f
1c3fd110
5c0625d1
8be0522b
c1d64758
486850cf
8c4b9940
6237f937
00000628
00000000
00000000
00000000
e0e3abbd
e12543c1
3a57a12a
328b26a2
41c28c39
f8fec578
9707ac39
c7eefa50
e7b9efe7
ed1320ff
8ff02403
fd29ef15
19103adc
a575e1fe
3e19ef88
8e3107e1
986cc03a
31935801
8c499bc1
a1dde2e4
b3f8cc99
b95cdcb1
8b215f01
d0ad5f9a
0000ac72
00000000
00000000
00000000
1403dba3
fc60ae7f
cc961e6d
644b86f6
b8057423
b0001007
f94cffc9
f57c7fff
f9ff07ff
07f3f047
c014dc06
07835fc0
c02c425c
be06fc21
73e0bfcc
051f03e0
0106fc14
fa9277f0
7fff8017
1ffff421
ccff7f86
508bfd31
892cff74
4b3f03bf
00008a14
00000000
00000000
00000000
4e24f463
6142c464
b48e0899
c1fdea4a
410e2b29
3c006e65
6cc3e1d9
c68c7dec
0dee03f5
69b8763f
d9391ff0
ce1f31f7
fcde68f6
dff84026
9a7f81b4
9ec844bf
762fb427
06cf0a00
000b5448
8018ac6f
6284721d
a8c1dc7b
e6a3b7fd
000a1eca
0000f2fa
00000000
00000000
00000000
1522cb3d
313cfb8e
5d5707a0
930c8838
1c217740
a2c032f4
0006509d
5329cc7d
ae177fca
afa78bd7
e3f6cded
7c062950
b3d81b50
c2ffc9be
56c690b0
dafe0080
f3e3e63a
09d00440
06221d14
887f23d2
902933e3
53584d90
41a05584
ebf70d85
0000e8a8
00000000
00000000
00000000
b6bef6f3
52eb092e
c58b6a6d
740a989f
862b4203
549fef08
cbfeee89
a03cfbd2
ba0d0743
00d85010
c0072fe8
0f021afe
aefe823f
2c3ffbe2
42e2eb6b
33683c07
12bfcbc1
6032afee
7c58ec16
4102f4d1
d0112455
e940aa31
f5921151
505fb360
0000b5f6
00000000
00000000
00000000
fc479dc4
e2c78fed
f9c6fa66
559fc91e
81bc1b69
50f8de61
250fac97
18fe7adb
5637468d
0029fe40
70070fd0
ffb04af2
addc2c9f
405fe016
da01ffcb
ef624374
ebe2893f
fa492332
cafdf414
a4c9f555
91f80938
cc98f55d
54a29418
7cca47de
0000ce7b
00000000
00000000
00000000
5d792d8e
557522ba
93cb087c
4d6bfdd1
c77071b0
3848a9e0
7e81e270
17e43828
c837f0f4
f59ac47b
1fd22f07
8c3649c0
4bc36877
241825d9
0378c659
c7f0c77c
f5efddf7
f38d5cb7
a2424104
94a7882b
bb03125c
5caf4250
17b42d6f
7a3b8425
00004a66
00000000
00000000
00000000
43805331
488edf79
15b59440
17c38700
e3e021f8
9e0f577f
4080fe0c
a8cc3ff8
7c7ff3f7
01efff9f
e00f1e7c
0383b760
7e0fbcba
03f0ff80
f8da37fa
83ef233f
80e64832
900f4803
3dd84a41
d7b730d9
7fff32b5
06fbc27d
9ca1fc01
90a5739b
00009b61
00000000
00000000
00000000
7d8d232e
39d812b1
8db002f2
6dc64767
d060497a
540629b9
a8e0bea5
dc2001d8
648d007e
fa80db8e
0fb77bcc
6e1df67f
cf209d17
32f601f2
c9aff3ea
96119ffe
d727bf7e
86846ab8
041284cb
32179581
be34b767
2f58c343
e8088cb5
0296ef64
000097c9
00000000
00000000
00000000
3ff3d75c
06cc7b91
103a32bb
4b19a5a2
7ad7abe8
d359eeba
bc6105e8
abef096c
d1ff798f
fa3da3bf
87c8401b
f0010402
1ba81d29
a4eae378
333b3f15
ed18c3fc
fc8aca3f
18c89b91
b7b1d4dd
e7169ed7
c1c9145c
157b7219
8384e67c
e3bb22c1
00003dbd
00000000
00000000
00000000
5ceb825c
aba74da3
b7ffee99
12920d81
774ffaf5
4fcb2c51
0048a8e8
d8600d19
ff4a04c5
ff8afc7f
60badf7f
986732bb
69c775c7
07f67184
2623730b
9e280e0c
82ac0872
3015f286
3f2b2a14
78710f7e
a36815ee
65dff842
2a34bfce
3c103115
0000ca07
00000000
00000000
00000000
f8c50beb
0d28f6ca
f9601cf5
1c3996ae
0065abe1
c7c4f501
663e9eed
50e3f04b
ce40ac23
14961c83
0155a780
7e375f14
0fac1560
f5edc07a
571ab98a
d988e7fe
ef40b1bf
02963e77
41487c94
7419ed5e
6602d9ba
e670690e
d4e9dfb6
6fb35dcd
0000a4dd
00000000
00000000
00000000
27ab123d
d8b05fc7
44addffb
ffbc22fa
bdf40d87
8003e2b0
f2001f27
6fda03f1
dffffc4f
11e7fd02
013dbf80
0116d220
02fe9d80
c80ffff1
ba61f7fe
00c83e6e
147ac0f5
b04ef21b
3bf445e5
b7fb0abd
1ff728eb
29fe8608
1cd8a002
cb44003c
0000abd6
00000000
00000000
00000000
83896105
d310caf9
1f82343c
ebc13555
2f03782b
e57c34f2
d77fe0d7
3b39e168
ad9e8c10
f765f879
fdf3babb
f2ef01fd
8004d90b
0d31d3e4
c45f8c37
140a9802
04b668c0
6abd9b5c
9278e484
211ec078
653e2487
be3fff7b
d8f6f7f9
3eda1cb5
0000f951
00000000
00000000
00000000
e223bcdb
91faffab
e6b59a38
7338f74b
0f307e26
3cdca83e
e9c60390
d55c221b
c06383bd
2bdefcf7
60a92fce
150464f4
6091b9bf
0b8fc63f
778c7ecf
9e01878b
e134007d
f8140d63
5dd1bfc6
ec3f7639
2b9c25e6
2ce0be4f
e5369bdc
d01334e3
000099b7
00000000
00000000
00000000
69a5623b
fdf8980a
ffb7c457
46bb6eda
8594c131
da1a2841
2ce7df8b
d1efbb69
f1a01c09
d236a938
1c936401
c2f7d840
3c68a8b7
f5c75109
33153fd3
041487d2
81738a38
f9104603
ef5fc67d
2fbf325b
c5677c91
9667df3a
e0da77f4
d3e1c7ad
00000dc9
00000000
00000000
00000000
4c397924
136a5f37
e1def70d
910113fe
c1af7df7
c435a56a
1787f922
adde7cce
0524378a
02d0203a
082d3406
87018480
1f7e1948
f30fc171
f7a9fa0b
3d580d85
f0f5cc26
3f5d5289
523681df
41afeb4d
f47b498d
571a57af
2b09aac2
4a245138
00006479
00000000
00000000
00000000
49125ecb
63717080
01306670
304c3116
867e9ef2
f86c3197
0f804819
ceac1f91
f6006087
ef907e0d
1efe07e1
e27f90fe
df13f52e
80703047
54231956
02a03823
f82c2706
0f02f3f0
f0fc61ff
fe0fe353
4fe0f55c
6eac1f96
6c2501e6
550ae17f
00004aae
00000000
00000000
00000000
abde23e1
09df88f4
32716dff
2e7ce8f7
f051f8b1
7601e5ba
80600ad2
187f109f
15eff829
01c4ffc0
7f317346
6ef37fc6
a3e3f4f8
061a1b24
05686078
a96e8001
ffaa0621
57f6dbf3
fa0ba97f
7f423b81
35b60b2d
ed897ff8
d3d5cf64
8605ab95
0000811f
00000000
00000000
00000000
d82a8a67
3a54bc3d
e8b897f5
9ec54ffe
33bb8b1f
011afb40
800959d6
8000285e
3f880119
3bc3c819
e1d745e5
bfe06fff
f9fb05df
afff8071
e3fff805
1ebff803
0b39ef00
00293ff0
83f7ddec
8414eceb
70007fda
53727fec
1824ffae
b3677cee
00004f22
00000000
00000000
00000000
da4826b7
f882b309
a20871f6
1a559f22
43635b26
587c9d49
c7e3ff80
060e19f0
99c01188
ef2c016d
5f62c11f
d2e812f5
fe330a1f
3fe6d8db
e1f34321
13ff4a15
c034ef04
1ee8fa01
01c5a0a0
441729d8
b001dac9
ac1093dd
14d4df9b
619c4fd4
0000e0b0
00000000
00000000
00000000
12347aae
6c31be83
9f14c050
e901080f
3f133643
03c427a8
e4030d30
cbc081d5
ff9bffb6
ff3bebff
c7fb9f5f
96267979
6f3097ef
2c0d808f
2db4700d
b6f0a030
fe841607
1fe4c003
433c574a
0d133074
c2ee6d00
c3be74ec
f15298ef
ad4cbb6b
00009830
00000000
00000000
00000000
08f07270
19085fdd
25e60cd2
2312b803
802188d2
d3800dc0
401807b6
e00400fc
fec8016f
ffe4d41f
fdf88fe7
cfc1f6ff
fcbd04ff
9fa7fe1d
7cfc47bc
fdca40ff
57126001
200380a0
c100591a
3d008a23
59f17215
788f0289
3d2dfe40
48da0295
0000e97d
00000000
00000000
00000000
d92a9080
73c0b1bc
b35a8341
f53fd9af
176646e7
ec3ad223
95819dec
d3941190
b597e627
52e9ff38
3fff1ff3
82fb8378
18e7f3d7
84ce1998
0a52307e
0e457301
8062bf38
0a746861
7e91cbb2
6054af4c
d702882a
6026bee5
511f37f7
10361c57
00008e39
00000000
00000000
00000000
14f52560
93394640
7a07710d
14050e8a
b28860ba
fa73091b
3fde1469
243045a1
e059001a
ef606707
33e761fe
e04f402f
18044c86
11f1a144
a93f1c0c
248b7bc1
052b26e8
f190f9bf
537ca8e0
a9df109d
ef0fdc46
8a55503d
1ab17c24
6d6115c9
0000f6f1
00000000
00000000
00000000
1713bd3c
c68df0f1
4edce651
69ae47fe
c0f7487e
5d2e6e0f
901dc551
c8000133
6e800044
0d40cc01
e2f0df7c
7c2916bf
c7a0ccca
d01e826c
b8a5088e
a1c900f8
ff592c8f
cfc506d3
fef857eb
11ed40c3
5c7a0192
31637e1e
82e8b458
0b78d24e
0000a6f9
00000000
00000000
00000000
80394830
ad379774
e6ad9ffc
78e1b925
c9415818
affc07c7
43f9e849
03839fe0
aeb418f8
4023898b
f60db53c
1941da5b
003c33b6
1a10e257
db909e6f
7f2104e2
ffcfc0ef
fb79649e
5a481ea3
33c1d794
a2a340ae
9b938327
faa5584f
9c21cd46
000036c3
00000000
00000000
00000000
004be347
be69cc19
92ea264b
0d4d5dd8
c87834a7
9fb01e62
5087566b
19400c57
e099c1fb
7f3a7a0b
fdf327ff
c78fcc7f
421f947f
67eec007
9fbac04a
0af8fc02
ce150cd0
779a0add
bcfd7e29
31800af8
40200333
583282ab
79ebb835
c876b86d
00000911
00000000
00000000
00000000
1ed534f2
76e9832a
9f1e500e
9324d754
e07e3953
1f82eb1b
4bc33e34
ea6f3cb5
c9d5f0ad
161d6f86
0427cb38
2000ca11
be1e2ca1
05c9c144
9a3c3240
6aa64380
c8703958
08d78b59
a2d9fed1
3939fd5b
e6b8fd3e
b52529ea
1e55ed61
7688c5e6
0000ac99
00000000
00000000
00000000
cf219f1c
641055ae
57f1447d
614a104b
f1f242af
7e016822
7ff03994
cb9267e2
40ac13ff
fb2f426f
70f7382f
5a005587
b6902f01
f6b24126
32bf760a
ab4827ea
7729102f
51611c44
03ff97e0
45bc3a78
1d5ffeb5
240e285b
13801d1a
4faa8281
00008af8
00000000
00000000
00000000
3797b6b5
0ea676a4
6458db93
f05c0391
2ff8c0d2
da4129f9
86f4cf3d
8f062209
b5d807fd
f5c9003f
0ec18409
7caad343
879e7888
1b51eafe
742fdfcd
0782fcbe
043584c2
6446708c
cabd0709
a0ff0a64
b07e5c97
53ca516c
14f2ab2f
74d9febe
0000bb90
00000000
00000000
00000000
4c4e8e64
669a0830
cf842c1f
82a26e3b
f0382c1f
1f87c601
01d07efe
0c1e07fa
e2fff2fb
d1a7ff33
fc09ffff
01c19f71
39c00403
4fb81444
068b8003
02da0800
40fed080
c41c8900
cefd8de0
7feff0cf
87ffff82
fe67ffec
daca3f38
746b8498
00007c9a
00000000
00000000
00000000
8051209e
08af4b9c
eefdd3a3
a14b3df0
ea22f886
c123afa1
f13e2029
22018350
c1a9981d
167df7c0
3f7b48ff
41ff7086
b0cff7cd
9c917e25
5d6990bb
f7b9dfdb
cf25def6
6e7bae6f
563a3efe
f4c8bf0c
4e8043bb
fc1ed138
47f1fecc
ee895eaa
00002d54
00000000
00000000
00000000
1ad5ba6b
39d38bbb
a57a1ea2
4797aa80
c11fe7ec
fe187a8d
61e30415
3900f027
11c00340
e786000e
1ff16001
feff0c1c
0dc5f5a1
e0ac0e0c
ff03e1e2
6bf247cd
86c3faf0
b8100fa7
f36357ff
fc2a2edf
e78f0d50
bb6c885f
3c93bf0e
b7683c73
0000e4cc
00000000
00000000
00000000
17417c99
bef2037b
ea9c781a
86dba868
a17ecb17
3c1fcff2
1881f89c
7c4c0f02
458701e4
c0406e1f
f80bcff7
7ff81de9
f9fffc7f
ffffdf43
f7ffddff
9dfffdaf
19336bfc
002a3800
00068000
082085a0
00000068
bd00e0ea
88ed124f
35b4a615
00000f08
00000000
00000000
00000000
ba98407b
a5337f08
0f09e7fa
006547f0
181f4807
800bfe78
70002fff
737402e6
d6601e7e
25078fe3
e3c221fe
fc10263f
ffc1836f
9fd90e51
c9f4e003
ef5e16b6
ff6f42ef
feae700f
0ffc2700
402fc2e0
f1002742
a0000279
1e545c2f
a42382f8
000025f8
00000000
00000000
00000000
16b803a2
b90c6f32
4f921a8b
45953f42
402e19b9
080d875b
f23d0284
83000714
953b14a7
bf9009c6
c3a6737e
4eafd73f
0dbaf63f
df37f223
fb219f19
bd5017f6
8077de65
1286a18d
27f32f40
900d6d1c
d4017e12
36faf7e9
75e12c93
04d097b1
00007398
00000000
00000000
00000000
84c7c070
f3d2bd59
ab56ffdb
a4fc83fe
df26a05f
bbe18241
87de0882
dabe23cf
bc43e22f
08ac1e01
c0cc2038
3e3c4981
8fc3e8e8
fd7c7bb7
3b28e7fc
e87e843e
ffffd403
1ff5cfa0
efff5d30
bf1fd187
23e03227
c8d00014
baa34000
0b4ad8fa
0000dc0d
00000000
00000000
00000000
2ba3fbc7
4a4ddf5c
c9d30527
095eafd0
680ecc72
d705f1a4
3e85008b
6ffa2f31
05bfc7c2
f9c2ba7e
4ecd9373
c2f6c7ff
520d4745
1c8026fd
d9d19236
026dfb00
83b2e1ac
5e3c4387
6744b8c9
44fbdcca
8239afe6
5b07f6b7
0018ff1e
c6657d7b
00003184
00000000
00000000
00000000
d75b4170
7f98da05
7178ace7
f6bdd7dc
5fa91b0f
cffe8669
691d9055
53686c1e
1e50018a
15e99113
ecc35835
96c671d4
f3f8db16
777c1635
d07896b0
cf504164
eb924a7a
7fab4af7
cdc1e4ac
4ba4bc33
47eac6ea
f6b5182b
7f073765
e36574e9
0000e1c7
00000000
00000000
00000000
a0cc5a96
ef95f219
bda0b7d4
2638a220
1668eb80
e600df00
3fd013e9
fbfe87e0
07fffe3b
803ffff1
7d007fe7
0f80bf00
20fe0020
901fd012
23a0e197
ffbd0ff0
8c8ad87d
388b8c07
03e08c74
121fcdcc
0300fe42
3a6503f2
f698007f
c2e4800f
00001f71
00000000
00000000
00000000
8832ea16
990c54d9
d3d04571
e3f1171e
42109484
b4fb7149
5ecea9bb
5fde2436
ad2e6604
8d5c0000
56ba2000
d38dce31
3d3e3d83
d5f11579
fb9fc025
69fb7007
966a0fc0
bba32b1b
7bdfd3ef
0cd9bb12
c924f13d
ce2dcde6
ef6e1bb9
43c79ce0
00002267
00000000
00000000
00000000
68b685a4
2e53473f
3be2e67e
216bf7d9
e2aada7f
9e56b69e
ca0779e8
d3804928
fdc8087d
6a7d202f
41fd7b2e
080121fe
f862107f
fd8fc1d3
2ec17c0f
16c001c0
64c2d23a
fdd9459f
9e77fae3
334c91a7
e953be03
44972b67
f2eafd52
54d4375e
00009129
00000000
00000000
00000000
86f31baa
e8a2122f
f9eaa00d
e9ecd77f
7cf8d23f
078fe8c6
9c08fb14
8b81e7a2
12981cf6
006801e0
fa01800e
9fa09818
098e0727
adf820f0
499d871b
f950fc79
3c1b81e7
7e7b9c07
1386a6e0
ffd46b07
13fc1822
449f8089
4898fe09
91689fd6
0000bdb4
00000000
00000000
00000000
5803b731
db204b26
879ca65c
19f89b81
03a30798
2b8fc218
37fa7e37
41efaf9d
f260f0ff
74240787
e00c003e
87000409
1ef00601
40e78010
381e7409
edb0c638
ba741033
3b64b003
c77075b8
fe44024f
2ef82415
c8ffd289
2cf148e9
28124c58
000028d3
00000000
00000000
00000000
338a5ad7
bb4b38c7
01887ffc
70760c5e
0fb1d4f2
07fc29f8
e0ffc4c3
181d5bc1
f4c1c2fd
bef01e07
804281f4
1c0a1c0f
c0e02300
f80fc015
10204f09
084375f0
78161fc7
710703be
9b88b838
ffc8840b
44bf00f1
0f3ebe0a
129cb0f1
82b46767
0000bb9d
00000000
00000000
00000000
626865c2
fcc999a7
7d5ce259
bb389827
b6d08d7f
2c68cff4
15460660
d6ae1212
4a57f005
d0264e3e
3ec4899b
f8ff3804
0e05f855
ca3bfec0
75627f8c
2a200bc1
81b18450
2b1d3b6e
d3cf85bf
08e61bbe
0c0635f5
327c0972
4c049ce9
37575706
0000a18d
00000000
00000000
00000000
7f27d231
9b414671
0736b380
0092d328
7c32c700
3fe10802
a06a3196
a60e0761
f3d0701c
7ef203c2
7ebe680e
fbc4ac44
0e1c0fc1
b1cc02d0
075ee206
fe99723f
3f84c713
91fcec79
181e58a3
6ae042ac
a5c804e7
50b9001b
1657c023
8ca386d1
00008cd8
00000000
00000000
00000000
5641a2ea
2c265657
0690efc0
f83237fe
dc80bdbf
c4d84f1f
6f3d260b
0affbb88
7fbc39fc
f98cb7c9
e98e607e
0f949806
00796300
1003c678
4a003d0c
0d1801c9
e5bcc018
bf945f40
fffef9ff
feef7cef
0fc1f748
7511a624
3a1f8b62
fa989504
0000b013
00000000
00000000
00000000
f556a1db
66a7809e
14e75b71
bd281de5
fc63539f
c787abb8
587d3c8c
94202248
5f936201
65c85e3b
234b2a18
f0388c22
0a27aa40
e8a3fb64
74302f7a
51a3fa19
2c65afcd
e3d5b7cd
ed0e6efa
3b685e5f
d1d98acd
c1270016
040abf1a
10362d9c
0000521d
00000000
00000000
00000000
5e59c3eb
afa50952
96e04560
0dff1127
017d48b6
2c13ee1e
7ff39e92
9a3f7eb6
03aff300
0413a300
106c4810
aad24155
b45fe246
eae7fd75
a2f3b9af
4e27980b
0b91f0c0
f26c28fd
bf56dd7f
09f5800d
ea401374
480bd798
4542539b
8669a7c2
0000a9da
00000000
00000000
00000000
34a9e362
d98d79cd
03cc0048
0776d844
ffc3aa70
51fd1216
ca83d9db
00451a3b
9f0873be
dd09efdf
00101ff0
d100f37e
8d0ca5ac
403f719d
7943bfe3
433e4bfd
5659c01f
871dc800
383d40c0
f32ade4f
b71db99e
c8502202
ed800842
5abc8a9e
0000ca2c
00000000
00000000
00000000
e85fc2ea
d39a60d5
6baf7c10
26ae9e20
f8f2bf7c
031d28e6
58338195
bfae3c92
d07a3182
fc7083d1
ff07ba3e
ea608eff
f8020f5f
bc203e93
bf9be3c5
dc8b2f29
e3f28f7f
36940873
57c09617
030b82a0
7e00d070
4d1020ca
27a4f78d
6d8727fe
0000bb27
00000000
00000000
00000000
5dd04fa0
48eb2030
9cf88874
e69abdfe
34c72b89
bf007d63
88788705
020389c1
3d5d9021
6835f990
963cfe87
509ccfbb
b9bbd426
cfb2f45f
3c794bff
e9f1ba7f
f88fd93f
d7b6affd
0927c3c0
f996ee74
522303fd
73b4c070
80afee63
650e0752
00006984
00000000
00000000
00000000
7dd47f54
2e7c0e9e
007da83c
f494aa77
4e856c87
0dfc2209
ac17c883
fe5e0d01
00b0b089
8cf47781
ffc2eefe
cfdb08f8
566ffaef
38400ff5
7408007e
7cf4cc04
f6621bfc
101d511b
48008a05
8100c29a
72050978
14898770
a167c2be
ffbabc71
0000f14e
00000000
00000000
00000000
32ed49d7
a7c04b84
c3ccfacc
c2f92e0b
d72eff31
76e12fbf
e70400ed
3e1c3266
571043b1
7150005a
e05d82df
bb06fd7d
e4d6991f
7eee037b
0cebc0dc
b3375b3e
fa86cd6f
07d57cf3
8893d47e
480b6007
1c22d0ce
60800c0d
2251a030
08e3f7cc
0000a779
00000000
00000000
00000000
8fe0581a
e0e1df26
f0e2b404
981a5902
1b8117e8
a3fc95b8
fc3fd07f
b3c1f003
0cbc0e01
063fe0e0
f7fd9e8e
df7fc578
7ef3e0ff
23e71f10
e80479fe
7d010707
03c60870
f0684007
1f0672e0
83f01384
5e3e0dca
647f41ff
d0ffd4af
77447605
00007ac9
00000000
00000000
00000000
a9afc42d
3f3d55ca
ef783b02
57c7419d
893e8c04
ed9c4117
addfe318
1e7de663
1e9ffbb6
027fbec3
7017cf0c
87a3a1e0
996fe4e7
d691af4b
8b103fc7
3b528dff
eda12237
050b2141
58c2e984
e19d6e93
500b2933
7d22df82
ff3aa365
af452659
0000293d
00000000
00000000
00000000
3f0e03dc
9f6b647c
dbe136f9
fc507bff
4ff58107
d038ad50
dde381a9
3dbf3c13
05556380
e0e80008
7f070003
0ff8dc80
f0e3e8c4
93110af1
27f30805
06ffe1c0
f04fbfff
fc0681b1
a7ae6650
8a1ffb8b
0802ff3e
4f402ee2
12c400ed
fd2f8a6f
0000750e
00000000
00000000
00000000
aa5348a8
7618d0ae
3fa0eb92
0c8d9f83
81522081
f7d481a3
427d751b
528c7559
e420071f
fffc007f
e39560fa
7601969f
6cd0a2c6
3b7f00c2
ea25e008
6a814400
01473b40
eba81b66
5d7f3adb
ea255ff7
71baf76b
16c908bd
bf91e230
f79c2185
00007c91
00000000
00000000
00000000
46d1a306
234594ab
45b4a1e8
07f37319
17d23b84
f0fccc24
494feb8b
53fc600f
833fa61a
c06ffa40
fc63cfee
67cae829
2ad99a13
2bc77352
f29c23d8
3540e47f
0ed02f06
e04468b2
8e0aac5f
77c21921
2ff7b8a3
692abb1a
c5197cbe
ff7ba132
0000208c
00000000
00000000
00000000
a1404bbb
0e0839a6
066326b3
003c8ba0
0002a77e
f80ff9df
fe83ffc4
27c03ff8
291e07ff
80abc0f2
7c07fc1f
13e08dc0
f47fc3fe
fea1fef7
65fdf1e3
df5ee81e
c91cf6f1
b904877b
60654bf8
1e230b03
423b0412
6911d193
36c40ddb
3d3f42a8
0000afb5
00000000
00000000
00000000
1a511d83
b7201313
e0054932
d267f707
a376c172
74feb33c
83ffd958
84bffe9e
a4e1dfc6
11da7f41
f82547e0
9fe608f6
367f55cf
e5eec50b
2f37314e
905bfe0d
39919f63
123cf4e1
84456780
24185e81
1011fe7e
c3c471b6
9f8da763
0778dbe1
0000db94
00000000
00000000
00000000
a0a8b996
3d189139
016ba27c
474fe1d9
f97013fb
ff8c59cf
25f04b17
793e0f41
83700014
e1242000
7f9a2287
5bff8527
d7fff1b2
c077eaca
1ff3deef
0d57b820
0080cbc2
38220398
4b2c7e0f
2614765f
0cc448a5
d71d0ac0
6b3df23b
3401607d
0000a07c
00000000
00000000
00000000
f4a68ccd
2a900c89
0203ba00
00010ac0
8080e3f8
b3ffc1bf
f71fffda
82a2fff8
ed2fbffc
078c7380
80390798
b603d259
fcffcbf7
c7fff43f
bcffff84
b493ee01
17c4c000
c03c8e40
180387b0
e1001c1c
76a69fdf
90e608ff
dad0646f
2d7de3c5
00007c19
00000000
00000000
00000000
340f060f
f62de46c
0053ad61
208d0681
7c7a9426
0b114c3a
c4187679
d6a00553
b6678fec
ffe07fff
823d9fd9
9c0f7efb
b0b03338
ef83de9d
da4c2e2e
e72621fa
7517443f
ae733341
5f050c00
c3ee868b
147b8adc
fcba0d1d
a2c72376
007c3e2b
000037b4
00000000
00000000
00000000
6e5e3bd7
01ea76ac
798b5d5e
4ef29bc3
8110f6c0
f451055b
d79d8220
71667f38
aae383c0
19e57d1e
d9aa7fe5
aef509b7
9ae7dbe9
211c2ff0
8c35a1f5
78ed4e37
d483e99e
141a300c
00e4df64
21ddc080
03dc974e
e8efc54a
a8216882
27bd1fcf
000097e3
00000000
00000000
00000000
12e35b49
fd83ef61
1bfeda55
30bf9db2
dd985a0b
acce260c
1ff5fd70
73bfcf1a
64f6c2eb
7dde3017
0077e010
1c64de05
50689904
22c382b5
806100e3
eb99b81d
ffcfdf8f
090d8f2d
84a6ffa1
d6f68708
5899188e
8f9ea138
608971db
a91fd1ab
0000449f
00000000
00000000
00000000
6a3ffebf
e5d26515
ff38102d
3f91c007
03df9b00
14d8f870
cf0403ab
1594017a
fc3fc007
ffc9ff1b
fff83fff
3affc1ff
81f16b79
c4be07c9
e67fe016
dfc3fc13
0df66fc3
801745fe
207bd5df
7f001eab
5a4004b3
54080ba7
8dc04006
91b91608
00001642
00000000
00000000
00000000
818ea22e
f7a76621
60456adf
7d9ba657
1fae6f9b
4b0187d0
0e3cefe9
3ddf8e56
24f7b1db
08723f1d
801ab7d0
d913d346
3f6abf7a
84defb2a
c7d7ed0e
321b0459
3406d423
f2bdf61f
ef3b0075
6f22ca49
bf9f857c
49bfd8e4
ca60fa50
854a24b2
0000d468
00000000
00000000
00000000
6598c1a2
eca8cc9f
c28c2107
7dfe6c08
a3fc03d0
043fb886
c873e86e
d1f3fc63
5c7c1f82
806f81fc
f805f01f
0e044b07
82e0a564
34000892
dc01001e
11428d81
81b01cfc
b80373c7
bfbe9518
e5ffe021
cfaff81b
07707584
58d42a06
a25bdc02
00007c74
00000000
00000000
00000000
d8430009
e2e77e01
ab4c5b16
303b8077
ff3a90bb
86dd1c05
51fb2052
3283294f
8c600080
c61e0e02
91f341fd
d490661f
31ff8081
1077fc9c
d6c3bfd9
4b972bdd
0dbe7870
601285be
d407e8b6
18e47b9f
8be899a9
745f23a5
c3a3c421
696b29bf
0000766a
00000000
00000000
00000000
a8d83e5c
f76af4e2
327e53b8
cd470638
32fa922e
af96465c
6dd89e1e
f9f9cb0a
234b9dfa
190ad005
80759760
fd8577bb
4b5f7ab2
d63f7f25
3ecb7af9
eca01bbb
0869b0f0
e0c2809e
fe17f7f3
e9eabc5a
6c7908b3
5355a08c
d6b72a08
dca6421d
00000604
00000000
00000000
00000000
0b5bf2c6
93d4c5ae
e6163766
c4ab9751
28d5757b
7498fad7
4ac04354
bd261855
eeb3f910
e284aff9
e690d61a
004c6fe2
e00036b1
531078c3
5d6297e0
93efc6fc
fb557bf7
510b95df
2df746f3
b6076b61
900cc87f
249e6c5f
99e63ca7
9eb5abf8
00000844
00000000
00000000
00000000
bffdb4c1
649403ac
f04bacb7
ffef049f
387c1a47
0103f700
4028db58
1000edee
cc440ff2
ec07cbff
8e82fffb
b4f2c3ff
460d26be
7800035e
ec8140b3
f5c18ed7
c892a87f
b02ff23f
3802db07
47801e18
82e01882
a9fe07d7
d620703f
389b548b
0000aacc
00000000
00000000
00000000
5a027bd7
aae2f1d0
d9c91cad
090ba624
04a0ba21
fd601e1c
156fa8cb
748dfddd
79a01f20
bdc7a163
a243cf3f
aa0cd494
8518ad30
591c613c
c983bb96
18a03fb8
f09f50fd
5c2b08f3
60446008
2068dba9
a45002c3
b9009aa7
bd3a8b14
5bab7a46
00003519
00000000
00000000
00000000
80f2c3bb
afbf130d
1be9e586
2061bc14
83a194bc
8634419c
0ce7c1cb
682732a7
a13207ef
ff05277f
7fee16cf
02f358ee
80697f87
07278a2a
0861e113
0f018705
80bbd034
940bf4c0
42e4a91b
c48dde65
227b6672
5fd87bd5
f61ede45
58c29cfe
0000f48d
00000000
00000000
00000000
c31d4417
95fe90ff
dd35e244
7f254917
379feaca
d5fb8ef8
e9979fc3
d502b69c
4a500029
81c320b0
73ff9a0f
1f62a589
844cc64e
b8a345bd
8fcc32e6
c40eef7d
9c29de77
e69a1f4f
ed974ebf
85807bcb
f5f7409f
01776c1a
2c0c5eb4
597b8325
00002899
00000000
00000000
00000000
8638e3c4
f179dd20
3dd68a80
0ec20b20
00dfe3f0
d8fc6cef
81cce9ab
82046c46
05700462
00ab87e0
30063e7e
110195fe
e11c006f
be11ff9c
14f0b7f8
f6f50fbf
fca6bc7f
df2cc167
7c480915
c87d0511
8001c04d
e25a3207
d80100e3
adecfc91
0000e794
00000000
00000000
00000000
e8a48da2
84f2f94a
90351336
ff9955af
1fc9fa2f
483d72d1
ba80c58c
a1fc7f9a
4ebfe6dd
cbbdff60
7fed7fef
41ffb5f6
b06fe58d
a847c64f
40002014
66804001
f875046c
7f8aa147
05274780
0ce0e3c0
f89f622f
07c1e460
11198f84
6bc77fd5
000077dd
00000000
00000000
00000000
0084b0a8
b899c045
d47105e4
7e41c47b
47febf22
f87ff49c
8087fb2d
62000615
11a01000
a06da702
0de51fe1
87d9d3fc
6fe3ff7f
ec1f1dd5
dda0787c
f4de8787
dff9fc1c
1fa7f5e1
c14033f8
cc00199f
cc26a150
91407df3
e62283ff
fd204216
00000b6c
00000000
00000000
00000000
4a7cfd1c
53875d1c
36af16c6
e09b511c
9f80ab63
87f434c3
201fd029
b73ff01e
673ffc0d
06efeff0
87f46f02
787fca80
0221bed4
a11307be
53029c1e
4b8475c2
497d34cc
c5b044ae
f05fbb4f
dbe98f1b
39d6037a
8d750159
67d1e9d3
8929ee3d
0000841b
00000000
00000000
00000000
079104d4
06295884
35c647ce
9efe1b21
a3f87692
a47f8200
db70d39e
b36a3f4a
6cc246a3
f3b0000d
ce150da0
028362df
3e7ff78f
d188d44c
584fd6d4
dc54280a
f68d0a02
bae9c24c
bfe294f0
4bef8f7a
b16e0120
62f8c047
a28a7b98
e9209195
000094da
00000000
00000000
00000000
7fdefcad
f585478b
b90907ed
0505cc48
e144fa72
7ed6dc1a
8b4763a3
d9401d06
d9f281b7
0bedf600
3d237d70
21ea6dec
4e8fb13b
3c3f7bd1
0fdf45bc
92c68611
620e5c20
d9636033
b36b60c6
0cc9c8db
b34eb2ce
aaf28d2f
2d1d80ef
3b8ae903
0000faa1
00000000
00000000
00000000
8b12f29b
05164340
279988b6
83b38d35
9b3fd474
bd46ca6a
30fe1d17
5f0f48f3
3b5a3fa9
77ca87e9
80bb4f84
20041cfe
7c3c1152
c74cf4c6
9f117f0d
2ae9ef6e
045d4df0
c13db144
9f1e1949
4bf8cea6
593771b7
3c7666de
6fda675b
636ac38f
0000a354
00000000
00000000
00000000
eea8f9fb
0a89b736
ee8d09a6
fc29c59f
12849724
4cf82a20
37e3e12c
0ffe4a8e
79cff0b6
bfaafcff
61f0270f
d51aa9f8
f73c0f07
97f1809d
8c3f2805
9c57f9c3
fd9e54fe
3e0c28cf
84ec0180
c22e0d5c
8557c372
b994fd01
fdad3d1b
1e262751
0000904a
00000000
00000000
00000000
f7c268f5
f774e71e
6af763da
96e9caff
f0f61cde
5fcff795
a17f9fe7
3607a1ba
3d180803
638e8000
05736100
bec7febf
1dd6b4e7
8dcd0024
177de01a
83d16802
fb50ff00
e3314ffe
d27839d7
4efea445
66c08623
c1b76fcd
bedddfe4
5241cbdf
00003174
00000000
00000000
00000000
243a8f0b
9da00afd
b6c9f602
2a512010
ff9280e0
dc7c0618
4e43c0c0
dffe3821
b03bf389
14528610
70e21e00
23f24bf0
3a5fb01d
01e7fffe
85225ff9
a2402fef
106497fc
804426dc
9e3c3aaf
df3ce1ef
b21c082f
29842c17
ad310010
061a4105
00005658
00000000
00000000
00000000
d09f02e3
4751e5a9
ef0c03fb
80ba43f8
e006563f
788022d7
8f00fe6c
83f00fe5
a15e01fd
0075e0ff
38025c1f
13c017e0
f91ff6fe
fff17f67
87ffb5fc
f8ffba9f
9fa20801
11fc4041
863f9040
1f477bf0
210656cb
9a3fbff9
6a9a81df
2edbf08c
00001e34
00000000
00000000
00000000
3b5961be
42d77d7a
0d267ec5
fea13be0
65c0e35f
183f2541
8187f094
e46c7f00
0da847f8
00618247
1c0bf2e4
63c0313e
061e1774
e0047123
35906796
fa8f07f7
c7ade83f
b02e5af3
fd0e16b7
df32f61f
e484ee67
8fa80071
00caf019
1bf6beb3
00008b6e
00000000
00000000
00000000
1afcc8ee
09b8ab14
276e5252
7f1894be
1d6b57b3
084a321e
5f88e737
879f0a28
06a2e350
edebde3d
9f47c373
88ef885e
b4563b75
06851110
d6399c0f
ddaec67b
7ef8f00f
a2e68ede
e76e4e71
2d4531f4
0abfe488
daa94e2f
65f20a4f
6275338a
00009150
00000000
00000000
00000000
3ea92351
3a4da048
3a3e1def
86125bf1
56f6bfff
7fbf2e9f
fffff817
0bffff0f
0605ff00
30080104
000b8000
28202800
07e08680
317e01be
1537fa81
edbd7a14
7589fbe4
799f3f8b
1ff356ad
51f2c0f1
b4008f35
c400407d
9ff000bf
4c9d24ef
00005b1a
00000000
00000000
00000000
c15d5269
87599a3a
0860c963
eb2b0ebb
7afce6d7
67c90f42
2400579b
3300003f
faefd831
3d0ffaf2
d7efcf1f
f25a95f1
9fd57c3b
6f311ec5
11683b1d
195023fc
fa38e21f
060518c2
f8089264
dc0a5c8d
cea8f2de
4b987daf
77bcf58b
4fb055f0
00003c16
00000000
00000000
00000000
65efd312
df753ab6
28471a0a
91f9ff25
786d2e9f
1fb6fa81
a9f0d9fb
4cf780b4
4f63d87d
eda1c10e
1fc1f001
827ff8fd
fd6bf62f
f3691f47
4dc9e9a9
5293d607
04b820a0
0c0466f6
e2e4cd2a
0570480d
b7dee7ee
c5fea232
f3884b58
419736ab
0000227f
00000000
00000000
00000000
2ce9d177
db0467b4
d964c7f1
ebf945e7
1f136409
49e0dbe3
aec0ee31
c8c03e7f
a70fc239
08adfe10
a30e7ff3
baf026ff
1b300fdf
187c00d8
9aee80da
b61818ff
fe48861f
1ea08800
03f71200
007ca1b0
401fe090
89a3fa03
d9481ed3
c2968162
00004406
00000000
00000000
00000000
bdab3ec9
51563dc1
b28e8121
1916c2f5
f0822efa
7d032a8e
4fe03e15
508c026a
f89800b7
f2fc807e
fddec047
e603d9c0
5aa04b5e
57ce0dab
7b3b201e
13bfe3ff
c08473bf
3e06b581
5f148b61
affd8db1
b2f8bd39
b16bf95a
60225bad
e759ee54
0000822e
00000000
00000000
00000000
14257a19
87c7e8fb
ced7c3f0
df192030
6c4e806b
6e264cb1
9c872392
790e00a3
7e1a5796
f45926bf
49da8cff
da01537b
35f0142b
091e01b4
f8a4f81e
d5844410
ed738906
1f7e26d9
637f6ce4
16aa50dd
03902ef8
ca9d1008
40336219
9a62b281
00005353
00000000
00000000
00000000
4240efff
26d7ecf3
3e227c84
82232fe0
dcf3887e
ffcfe3fb
cfdc7fc0
8000c7ff
2e800007
0343de01
fe2f0ffa
47fed2fd
383ffa8b
4001ffba
922c3fda
12a6e02a
6eb06702
0efb9000
f9c01a30
1f85ee43
63fc3e78
406fcfb5
97bc78f1
aae511e7
00000eb1
00000000
00000000
00000000
b4e71b0c
49a791de
0ed21229
9e0e3f83
a1f39880
301bebdb
2d002ffb
18801ae4
0aa053fd
fdbe7fdf
3f9126f7
e0d887fa
fef008d7
ce63e264
fb99fe15
e6e10020
72e82d01
afcb010c
21bf7bd9
20ebc744
025fc92c
8c6150d8
c1bd4813
dff19449
0000a1d0
00000000
00000000
00000000
cd77fb77
a7d01d2f
1b042d69
31643836
2b249654
d6ef8932
ca3d1ca1
f7ffdd03
d4bbfed6
238a3f03
80b037e0
9f0e517f
1ab83e86
30900334
a70005ed
f6f9b0ff
7abf8947
a1708c64
a520c3c1
bc62017b
df7d60a6
a67e38c8
09ecc058
dcd3a265
00006933
00000000
00000000
00000000
c9de0024
8c3ec0e9
446fe833
3bb11dc6
ebfe30fa
983c2627
01e3ec7f
9c221c0b
6a0021d1
ef94000f
0ffd8170
f0ff284f
f707f3af
43f0ff88
e37f1372
fd61783a
7b6c2387
c272a7dc
e7075fe7
f9ec31f7
57bf8327
69d3bc00
0f9ff701
bee83fff
00003e3f
00000000
00000000
00000000
c1be36f3
06cb5c3d
a167cc04
f598299e
dffc878e
74207119
73800141
49d0e068
1a800785
ef48007f
e7db412f
fe3d9d87
e7e3e3a0
591e0f56
6b4bc1ea
0b76fb1d
f1de7ba0
9c5e3ff8
20d8021b
029b1070
1104ceb9
4e6809b9
f793a819
cf81d14b
0000f0f7
00000000
00000000
00000000
0fd9f6bf
97f61ac0
119688d8
0af7e16d
f0fedad6
67170c8b
1ff3f8b3
d7fe1fc3
146110f0
00230000
7403e01a
c9c17840
fc1f398f
4fc4f547
b4ff1132
187c8902
83931570
f05ff43f
3fdf258f
c2ed3e0a
9e049b1f
dce0b20b
a50819f6
57a84fc2
00002a93
00000000
00000000
00000000
01183ada
3b1c08d9
02eecf7a
880b1d68
e205c75b
9f091b0f
2e40ef20
eed41f07
6b7ff0fe
fc7fffff
aea84eff
00512f13
509c0ec3
a140c14f
5f901215
df3d603e
ff5400cf
d7e6a19d
7e163520
03a277b8
645e8593
512f211e
5ae66811
bd195c01
0000d1fa
00000000
00000000
00000000
dc216128
031bcddb
fe6cf436
0df05fe0
f3ffeafe
7fbe3a0f
a072e827
0780481e
02748400
0037fcc0
000abc80
0d000bd0
80d0097c
7007e101
5640625f
e2b0003e
fd72803f
9ff9fe3b
39ff1c83
007f9ab0
9400bba7
c40001d3
620850b3
ed8cc67b
0000e289
00000000
00000000
00000000
9efa9ec7
0a07b5cc
4c74cd3b
e9b46fe7
57a56d49
98549f78
c3ff76b3
09917fbe
b74c03fc
bffcf01f
050cfe8c
0c056b62
80e7147b
2a85d06d
653a2e89
c27716ff
7f5cdd33
fbcd5992
bf763b4b
b7dc429b
ef7e267d
1997d7e2
cd7b7e7e
5ae047cb
0000f84f
00000000
00000000
00000000
223ba675
fde30e8e
1efc4e5a
c82cff32
40a1bbe5
b9268218
20f0e88e
5083c05b
69b12687
faf86c7d
7fbdefe7
e05966ef
db04add6
c3711487
1ae61c3d
d583f3e0
a01b1f3f
095a4868
88901700
c0ed22a0
ae2d286f
617d3823
37d57d51
04acbe52
0000c0f7
00000000
00000000
00000000
6d1df326
d906b673
900a1c0e
8942e861
d03fb1ca
ae0fa4aa
48fe1f03
320187fe
de00397a
f52687a5
f02103ff
7fe73afd
f35cce94
2fd59f00
597eddc2
c1b72ffe
5131547f
116cee03
0386f3e1
351988e6
60d4212c
3f3cfb79
abdb161c
c892ae6f
00001372
00000000
00000000
00000000
40636b1c
e1a2f846
4a597909
8d077fe0
f48b05bf
5fbe06f7
8ff9f061
ceff8e82
0ac77828
103c0180
1d03a230
ffc4b23f
33fe5f43
f73ffa92
cffdf7d8
7271b33e
104bf730
80bd2ef9
5f3f06e7
7125bfb4
24dc0eaf
330df3dd
dcf5ef09
ad05a8b9
0000cc92
00000000
00000000
00000000
13b2dd18
6d38627d
356d3d49
d7e73f3b
bf3ee99f
13eff678
611e4e78
4ec2c3f6
346e8c17
01d06000
000b7900
ce116858
ddf0857e
6ffe7c0d
bdcb7fb1
122707a8
0210f4b0
f8562833
ffdfa26f
bfca391f
5169af9a
e5983feb
1df52fff
be184b4b
000075ec
00000000
00000000
00000000
a3b6e3bd
b4a18b0f
99681346
e6a443a2
fec26e80
61e1597a
d4070729
01f0c410
08703f80
005717e0
d01bd038
13f61209
f03f7bf4
7801ff89
62f7c0f5
ee5df9af
fe9fd7db
0a7efaf9
00bff804
e68e768d
4e0ec5b2
f5380405
ef9a2006
1709e3cc
00005ef9
00000000
00000000
00000000
0041a5f9
ac25bc75
1fd65b98
3e6a3bf7
417f7dea
d52bfaad
2fc74197
e0e40078
8dc20021
09670007
054a1800
000c778c
e0004a60
3e001a19
9da07b33
107fc0b9
01c5fc00
0147e770
7825f7df
d4c3fdf9
25680ffd
201a3ded
a4d069f5
21608434
00009556
00000000
00000000
00000000
9694ee1a
80f9cb48
ca7053bd
4ba44002
01ae8c00
e07fb2f0
9e03b835
9ffd1bcc
f3fbd1e2
ff97fb1f
9ef07c71
c3ef8ca4
2c1f378f
01c5fb65
59682304
a183c677
a6841c3b
332007c3
f050e83e
c7801b21
287c00b7
6fc1e21a
7ef5ef8d
3d2426f8
0000344b
00000000
00000000
00000000
40111b87
684d9b25
a8ecd52d
c0739009
fe2a0197
20c8121d
0bf20aff
693f8019
0293f809
083503a0
1f90c003
e1fdf200
5217f7a0
702c3e90
a7c37aa3
49c69fd6
a8922b78
194b4feb
790098dd
ff0ae6bb
9742df68
5cf85b11
23998dd1
fa7a4907
0000eebc
00000000
00000000
00000000
851f9c54
36552c08
abb827b6
f5b34ebd
9615b83f
a7a5c0a0
121c50a9
5820ff97
9cf80ffd
029195e1
e0442dfe
df000e1f
873e1534
1c73e90a
f7f30790
bf5fb815
f5ed2b43
5f6de583
200b8e98
1e607729
0d1e49c8
4fda8170
d9a2efff
d3dda5df
0000b670
00000000
00000000
00000000
39553255
c1097542
5ec81cdd
f2a6fdff
000feb0f
00003780
70018ff5
7ff23fa7
c2ffbb8f
048ff1d8
60011f00
82216570
f2f78647
4ecffeca
6accffea
0a48cfe3
cc803f9e
4a8ce5fc
6780701f
06381000
c080819c
d65c1e4b
f9a801ec
470cff62
0000a311
00000000
00000000
00000000
7dfabaac
fb8889db
fb331ab5
f5fae7ff
3ebfa83f
8080665c
a3840040
683bc3ee
f2807e0e
fd4c03c1
cfe7203e
fc08b97f
ffe3ee7f
7f7e1457
27e3f02d
0e3f6600
405a1ecc
000d77c2
c76697ec
3047f285
c34ffd21
e9001fa5
7c004b6e
ec7b3ddf
0000ed85
00000000
00000000
00000000
53a57ad4
5e2a6ac4
702e5c69
e1fb9e98
0740885c
58be2e1c
1f87b084
e1fff339
c0eec00d
06d47805
c03dcae0
820eb4e1
ac441993
99e42b95
d5488349
f657b673
d6ef38ed
7deb9d67
7faff265
1b12cc56
e76953de
cc29d928
b0b494a9
f007bcda
00008712
00000000
00000000
00000000
34c73546
cb71c1e3
f78a2338
902b53d1
82226324
7676f150
33ffa04f
68affd06
8b71f512
17921000
7052ac5e
37235e06
3ee8c292
5da80f18
52bb01f3
f552f0ff
7f5c938f
2f96fda8
05658210
e11b08f5
740523ce
b3bdc6f7
a678bcae
3a064ff5
0000b63b
00000000
00000000
00000000
1baef317
869fd30c
70a091ed
2b4a84d8
bbcc9a79
82f83e42
6487675b
3e06e30c
26d16e79
2bd6c069
fa634004
27ea0425
571ad0e2
b5e7c60b
1e8640f2
eebe7d02
df8847d3
015cb2dc
442aa072
c18d8721
4a2d16b5
684d8a25
a07be5e0
aee57e5a
00000bed
00000000
00000000
00000000
6e103421
858ffdc9
89440be9
ffe9787f
3fd4743f
81fc9190
600ff1cf
28043f51
f3c0c0fd
1e8c0f03
f894e03e
07984000
00118201
ef9c090e
27fdc091
01fe580a
7877fb80
3f8e1fbc
b9f4ddff
5e37c36f
97423001
123cfe03
e31b6c43
1e8e24c6
0000145a
00000000
00000000
00000000
299fc5f3
21d450ea
bb3b561b
bcb866e0
0218ecd8
55129411
a470e503
14fb0e2f
2590f982
08b4018b
f04b701d
074ab080
3a1ee4f4
4fe3e5cf
ea1e5f7f
8ee073f9
74721fff
6513ecef
5aa1a4dd
5d40ed01
fb43f506
4ed80b83
105cace0
2f7fd24d
0000e343
00000000
00000000
00000000
f1f04a87
660066ef
e891a03b
83301b71
21fa1f4c
d4d8ccd8
761fd39a
2b70f409
ca9ff824
0617ff00
873c1ff8
03ff726c
1817fec7
600a17c4
561a70d9
0600f382
e6ac87ba
5c73a3f9
504e9c2e
747a3a8f
5f80ef25
02a85b09
8cf7cbcc
4744cffa
0000e4cd
00000000
00000000
00000000
16874c56
812ac4d2
c0e1cfee
742a8330
ef228cc7
6ffe9cfd
cc03c2ca
2780176d
e12d008c
409db030
3607cae1
eb814a7e
fe765617
4be00124
3bab5639
ae3a750b
1a8d4000
e86ec888
b35e6e12
8d6dcfb6
fa500d44
952237fb
67bc9ecc
7df1ff06
0000d462
00000000
00000000
00000000
cdabd1f9
ced14553
4d4553e5
b0f9ffc0
9c28bf69
3be1935f
957e225f
80b1e12e
cbc10af9
6e7e1087
80e36238
7c04641f
075d1548
0236110e
27d0e6ea
fce09e7d
7d8cd1e7
e7ffba16
bc1b929f
6fed058b
dbec2adc
2d7e8a7a
4f6044a1
08cb3a10
00006c59
00000000
00000000
00000000
9e65a64c
177383cd
26062fed
c4cb477e
3e02897f
07e1cb00
90039ee2
b3fe38f1
f3bff19f
1e02ff01
c82a3fb8
5ff0d023
183f9e20
e3407886
281c03eb
8401e238
b8660733
184f9033
71e01d00
86ad8868
f3fabea5
5bffdfba
3db3fdf8
6ea85eaa
0000aae6
00000000
00000000
00000000
8f9165b1
866acd11
017e0014
03974f40
e05b43fd
e18f797e
b80ec7df
df811977
80f83ff4
90eb87f4
0c41207b
20f8b402
0c071b00
97e03b13
211c0065
fb98a03f
fe64bf0f
07c106f0
7c002fbd
fef00577
570e0079
02fbf802
b097ffc0
fd141cff
00003c27
00000000
00000000
00000000
c4d1fca4
5464cd7d
0826bfcf
e02203ff
fa10e57f
3f403483
6000021a
1c400078
caafe8bf
ff7fdf87
ee398f8b
0711c800
08380ae0
af60a1f2
3c3ec781
85057e78
386c03e7
00090079
70000486
0f11da32
a2f800af
0dbf8fef
ff9ffdf2
e0674466
00009707
00000000
00000000
00000000
c5cfeef5
a6d8c522
a312f83c
0ed2fc11
01f44b01
c03bde48
fe415268
d5f5f6ca
9ebffffa
fee9de3e
1f9703c1
61ecd380
84efc2ac
5d0e2634
f7c06017
b2dff38f
9cb9f838
31b6aeff
0cc148e9
5dbaf49e
d8368f75
2c8cdd07
d0878000
7e5961e5
0000bd4c
00000000
00000000
00000000
425ca29a
2a89029f
70f310ce
84b201cf
18541bc7
d44512f2
8cc23e84
e9e2007c
4b478006
0b9afe12
451bf7fc
5d83a65f
aed8952b
1bbfd142
acaffeba
39ef7fe1
39578346
02f7139c
663e1a4f
4011f4b5
ee04fc4d
f720d990
00518bfe
02f3744d
0000d63f
00000000
00000000
00000000
42b73dcb
e2b843f0
a6db6a27
d3256101
153de1c8
6061621f
3b053daf
4fc026de
9efe0015
c993a082
bf1eb887
03f1e601
273fd17c
2661e56a
ab7fffee
68377fe1
03595b70
b9de2f73
f3e1ecda
75570cd7
fcdfb124
aa3df3bb
5b782900
661e1c45
0000993a
00000000
00000000
00000000
82c3b847
96bba6f8
179b1bf8
ed20eb1c
3f823d59
03f02c25
051fe938
c3edf15e
d26cfe30
40fa4f80
be4341b8
41fba189
b03fdca9
ec043f02
7500aff7
ebff87fe
e827807e
397da917
563ebf6c
35c48f9a
77a6854a
4c8b9278
9f74d016
c492488f
00001c30
00000000
00000000
00000000
7309ca66
80cfba0c
085e77fe
a3227d92
8e1a6cfa
58294685
8dc61fbd
83fcf75a
21dde721
12380021
f098f804
ffb5a147
2fd7fe48
af7e3ce2
eef2e573
45c0073c
28a49000
1d1d6d24
37fada19
0afbac61
e6ffceca
77982989
93000082
8a196442
00009f1f
00000000
00000000
00000000
905717b7
302ffef1
5c44ce00
0f4523c9
14421675
b683f4d8
ff3c07f7
6338140f
55701840
09529de3
ffcee5ff
ffffc23f
7fcfe217
8fe03730
29f80372
e48e0016
ecbbe0e0
ff07731f
0ff023e0
687f5508
45808fcb
a71803f8
8ade101f
f19dbd80
000002a0
00000000
00000000
00000000
878cff25
acf62309
f7c38d99
5adbbd09
34cfb6e5
9f808990
c8b04edd
8a01008a
e834002c
fc81341f
46ff7d55
fa0a987f
fbe1ad5e
1f9fc06b
6cacbc09
196fc281
e0e25a80
8f815bd8
54ed81b6
a8533952
4544fca3
1c70bb9b
f7f53ef5
90d07d59
0000ae5f
00000000
00000000
00000000
80dab33d
07b1f517
50b75c75
4590a8bb
64cdf6bd
2f086ceb
80c00d28
d3800a7e
3442035b
f46aaf7e
1abeac81
a47f3598
5eb5e2fd
a05c0932
96f3d2cb
ceaa2f54
c74f5478
9c33a3f7
49c7b92a
7e200ff4
746444d3
b34c07e9
03802099
ff85cd0e
0000ff51
00000000
00000000
00000000
940d6d3f
4e1f8691
9bef8377
0a9acf0f
2bd1bb2c
a00d991d
3c05d7c5
a500d728
91bc0c17
0bed4fc0
312a5bce
d7e017fe
0dde17bd
e6dbe2ae
39ecf061
59f33f07
c1a1ef18
0f485034
0bd9f589
e093e480
fe3eba83
3c65d4b0
23e106a2
ece6093b
00000c27
00000000
00000000
00000000
c67faf72
b2acc3d3
339515fc
65567823
2013d832
a81e6640
c96ce470
4403ffbd
24043ea8
382ccfc0
100a43fe
00e2c8c7
a002007e
1e03c166
c2e9789e
0abf6dc1
6cd80286
effb381c
4efe568b
c1ab9af8
a22466b7
5a2187eb
ade3c048
57c34641
0000664c
00000000
00000000
00000000
e26e5486
76dccd72
e13ec2c4
35698382
007c1ca0
88294b1c
c1409f61
54021d31
61a013fb
f98b42fe
ff84beff
ffe9957f
e77d2bb7
10b6022d
baa19808
5f2e20e2
febfc99f
1f709b5b
89ff8a46
74aff7d1
5724e3c2
52044022
1900c010
c2db4203
0000962a
00000000
00000000
00000000
8b394cfe
24b0559c
26ed8b8c
e2492fbe
fd1d114f
cfc59cdb
83f83ccd
d25009e7
8521003e
fc14083e
9e1f9839
1c54c557
ff80ed7c
5bf817ed
a0ff831c
a32c3c7c
19427ac3
a3994016
30cbea90
5a4cc8b5
be28e6dc
b26fe174
91ee28ec
9fbcd9f8
00006a70
00000000
00000000
00000000
ac7de13f
52319601
b7df32b9
f8206b6e
98ec3aab
8711f3d7
48db7bd8
6c5c6e55
d0151fcd
910fd6f8
600abff6
cd01379e
b45d081d
bec0ddb4
85f00363
7c39e811
0b14c641
e8534bb8
fb979c3e
d84adbc4
f22dd7c0
95a663a0
d1d78762
83f1d586
00009d91
00000000
00000000
00000000
2299915e
e2867dd1
da6ea46e
520b0c5f
bf6f9423
b04d8480
290107de
69303c2d
ef436383
b9e93f39
027597f0
e000103f
5aa05cca
a4a6c704
41393037
f00e614d
fb2ed3be
7d3b277b
1c8aa4cf
9f232ec6
7fd22db9
0a55664c
3398f513
04bf5244
00005dd5
00000000
00000000
00000000
d22309c5
89e7af9c
b52f382e
c814d629
7bb029be
df002303
6af9e31a
af378aed
4e5d09a1
bcdc3474
bf0c76e7
dcdf593f
6940f7c1
82880fc9
1d2900d6
c9565c7f
f3a3302f
007b3801
c1245900
728506b7
42ddf034
349d3cef
2415ff93
541f5ab3
00008298
00000000
00000000
00000000
023ce564
330fee48
ec5c1068
c4a1ff39
e20eefb3
01195bc1
a4212726
132fd1b5
15d73fb0
2ab0f19c
86f73108
047eba41
6447f18e
900cbf45
c8986fb6
89c4058c
00e65d8c
c4c5dffc
ed1b2a7f
f48e47af
59f616fe
50c7f42a
212041ec
dd682f6b
000041c6
00000000
00000000
00000000
f58ee941
ad119cf2
e0a5f5ff
2cbea400
23a5af02
60fc04c1
401b9034
467c5005
fbd7f081
1fdffd1f
41b7fff0
df15fffc
697c4d31
f057f010
a6127e38
4c3c03c5
c743c03c
1cbcc903
01ffe290
b00ffd1c
ff007fdf
8c7c07f9
02f9f03f
bf748662
00006114
00000000
00000000
00000000
d6270cd7
7a373eed
762c5c71
512a76d7
a9fd9210
0a109b6f
75037801
61381bc7
e660f1c5
ca86bb3e
03b8a0f1
3801ac13
a30093ad
35f44d30
5f381b57
510bf7ee
d010cc3e
0a4fb298
53e950a8
7568490f
67467eb7
d9e8f974
90d39cb2
6159b91e
000026b8
00000000
00000000
00000000
4042eae5
d0e7611f
fcf61b7f
7ffc8683
0fff45e0
c0ffedf0
bc1c1f31
d581c03f
02381e01
c02b01f0
7fb2380f
07ff803c
c48df480
31340f20
2fb10816
e5cf7c7c
c447938f
37461de9
ebe33974
fdff84b5
7d17f82e
137cbe07
fa3ffc01
f37eb77a
0000d8c7
00000000
00000000
00000000
96927bbb
75a7cf37
65acbceb
64093772
fc00529f
60f02e7a
3046a39a
d6c811a1
2fb2c693
ec837ff5
425fcfff
407fba9f
c243f0bc
00003f0c
3c104fc2
824a027e
b4136077
7d268507
f5f5208d
1fdadf4d
21e90134
e6f0adda
b3cc649b
43a8fdef
00003820
00000000
00000000
00000000
a81076a2
f9965638
04ed08e0
7ccdd00f
03c76c80
083c1480
7e43c4a5
41fff805
f7bfbfe1
3445d07f
00509c00
e18127f6
fa14111f
1fe058db
ede471e4
f94667df
da176edd
c4c067dc
0c9de98d
4308f620
5026d1a1
c0827e5b
4aa5d14c
96f8bb00
0000fb13
00000000
00000000
00000000
999fd617
06c93237
b896ee6d
a9fe98c8
b0e4f775
520d2c33
7c0074db
626017d5
59be71fd
feefbb1f
0bd07269
89fb8c15
961eadf6
b6d0df9f
7f330071
c0b9102c
7c55d7c3
7dcd6822
16b966a0
23b624d2
6f844a22
e11d7668
346a1d20
a6fc1df3
000042f9
00000000
00000000
00000000
1dfaad3e
79b37a4d
825a6d8e
6cd45381
b95e6553
0226b569
4b8003cb
064a007b
289ffa0d
02fbbf63
d1788ff3
2f8191cf
67e5b6d4
537f153c
810bf1d2
5956e706
03f800c8
e06802f2
ff15547b
fff214d9
f5fba3b9
c1b5dc5f
03040043
0c03741c
00003561
00000000
00000000
00000000
aca9d1db
dcc50966
783fd3b5
4a73c2fd
ad4d801e
07c54fcc
f04261cc
15202124
98b7c226
2a92be20
f40037e6
9f097519
debad7ad
259cffce
dcfc4ee3
1ba6fc99
639137cb
86c41878
c55a9c5f
c52e6cc0
b0215412
7ff80fab
546a2026
1ea3f26c
00006cf9
00000000
00000000
00000000
747a89c1
93dc7299
a48c9f3d
1a6cd924
e488f2ac
4321c611
e1733cb5
04c1059e
e4d0307e
3fedcfc4
d89af8fc
6e16c21f
84a5fa11
af3e00f6
193bb069
2e876316
c7ea7a3d
32b3bbe7
7b698bf0
84eae243
efe24d98
5a80f55d
7b772b86
5ed2b7d2
0000a42d
00000000
00000000
00000000
18ede1e8
9bb0e3d7
5ec15807
ec91b4bb
e77d6077
bf7db49f
c1f2fe72
16121e2c
01002022
f014078e
9f0cc1f5
68ef5537
410128e1
e690a15e
62a22639
b578023d
fb7fe927
790af107
feb3c7e0
fb151bce
d8922be9
826f7675
241951a6
fa64b872
00003bb1
00000000
00000000
00000000
ec5df24a
66d28915
6b5073b4
6ebd207f
80f3a44f
38017d07
1fc03ff0
80de1dfe
bc8fe197
88f0fe19
1f823ff1
30f1f15f
810f6b20
8c182242
b2eb81ce
29f2f876
70457f87
8f433378
f078631f
ba07f373
a1e06c1e
e5001fab
9cd407d8
c5d818eb
000028f2
00000000
00000000
00000000
3b219ddc
99e1b13d
529c713d
69f208cd
28bae951
2043ae64
7ec23930
ea2638ce
1ed28f8b
d1ec27fe
f38fd47f
7f8a0603
245f0a14
b3f7c76b
34ddb5b7
de993907
dfece118
bde0a9a3
00454e82
24b13370
519d8177
405bc272
56a82b1d
2fe520d4
0000d090
00000000
00000000
00000000
063ff6f0
907bae25
9c774fe9
e8309bff
8e4022ff
fdfc1947
63ffc052
362bd40a
08201ee0
f8ac00ef
5f810003
d0f88200
3c6f08c3
43c460aa
4e089828
21206681
f7240400
5c086201
0bd054c8
c1b40f44
7a44209e
15195c8f
a48d3ffe
bec9f7f5
00004f49
00000000
00000000
00000000
25313c50
f7de5c18
10b00049
017c9500
201f7100
bc0a1544
5be01aea
55ff80fb
1edf1e01
e3dbe1fc
07fd7e03
e027f2fc
efc3992f
9cfd7b3a
fd82ff8e
910a37fc
f71c489f
c836a1e1
c7136c5f
05fc2348
c03b23c8
9f02f747
ef28c1fd
b183dfd0
0000cac6
00000000
00000000
00000000
9f929d89
79278dd0
41e5a258
f07077cc
3fb1510b
00e93f70
1000c0e4
99d70cf5
7f3fbc8b
fad7e7ff
ffdcff9f
b1fed5f8
fea94ebf
0a6f018d
7925f019
04f23c00
4f09ea80
a96b4f2c
c83f8225
a044ebbc
1219d120
1ce3643c
94abea02
58da4311
0000cb51
00000000
00000000
00000000
831ebcf1
e8d099c8
36742c51
03883fe0
a03ef6e8
03c7828c
a01c1b3d
3f00c15e
ff7eee7f
7fb7ff37
01f87fe0
0011e1f2
059b719c
c06fbf1b
bf07f0ec
6fb01e07
0ff000f0
3dfb5d0b
ffdbc8ff
f2fc5c77
ab001dfd
73f00767
121a0035
7477d008
0000c2d9
00000000
00000000
00000000
8483b0cc
cc50f66b
adaecd4a
126d1c6d
d20a02a4
704d878c
d482b7c8
9d8c7ff3
0501f7f8
0c212ffc
74ced01e
6322fe43
058a4f74
425cbcb2
2403ff18
21e40e78
5fa3c086
cdc15a40
d0eb616b
f54bfa6f
f204a195
17a3088d
3250613b
f5d2b58c
00000d9c
00000000
00000000
00000000
6b650a66
b0cdbf2e
022c8701
00c40800
fe0758b6
0ff82b51
98ff809e
5f05f04e
5bd07f02
1f9bc780
0ff83fd0
c3ffcbff
fe7ff91f
3d4f7f97
f9d0e1f7
65b21da3
086903e4
008c1c7c
003ea6c6
6e07effc
2c000a42
09b4b322
de9764b6
7eeaeffc
00001ee9
00000000
00000000
00000000
c3866e4e
15a0b500
629146cf
06650041
23d9b448
fef2d7f0
9ffffffa
fddff772
57cdf204
021dfc80
1c107f80
8190a578
6c5f0f4a
a5b3c1a6
877f5f11
1ca61b90
50cc5020
e0ea0e07
b78d4fa0
ad1a6d86
2217fbfa
87878839
d41c5205
c3b9ee75
0000e6ae
00000000
00000000
00000000
9ff27ad3
6dab38dc
03b32300
803f83e0
fc20c60f
4fc161e0
803c3bc0
1d43e08f
16f88e22
193798e0
70aafe87
43c33c12
043c12b7
57c3c0d0
e4ce3c0e
7e41b3c5
f2bb43be
5c6d7acb
178ac7d4
a9f8185b
9aff8293
6effd03a
8875f1c8
5aa98845
0000b8ff
00000000
00000000
00000000
5f1b7193
e402e4a1
c6a7eed6
0b75e8f7
b61086cd
e5c0f9a8
879c5fc7
98f780c3
21cbf808
00130880
08040280
80910258
995faafa
97c1f52d
06f66ffd
c83fcfde
eb39eff7
f8fd1ba7
1181c03d
cab0038d
cba1c651
f4ffda59
be35effc
e10f15b5
000030be
00000000
00000000
00000000
463eb3a2
1829c7c5
e2febc4c
3fd17f85
e268c558
2f3fe8cf
a030785a
c3020ffe
bbe8f03d
143d8f83
e09ab83e
4f08a980
07f835e0
8e3faf00
4a33de09
c5ef5ff6
09b80eff
2019eb4e
87018308
780523fb
ff891e1f
45b873fa
7c41aff3
0409051e
00009117
00000000
00000000
00000000
408cf49a
3f3c7e30
fee2e631
e9d8b67e
b992b283
c7ce4858
98fef4b4
855fefe5
91d9fd1b
fa09c17d
18dcd903
70b41468
790a4cbb
35d18d8a
c0e8872e
213d4150
f242c006
541ac281
16e0cca0
0854ff95
213fd8b7
ab2fffcf
353baff6
c2b4d364
00000330
00000000
00000000
00000000
381d02d5
9780a01c
fd71d7b5
a7feeb7f
bf002487
67f8127e
e57b81ba
00539cce
7208500f
0fa880d0
a0bbbffc
4c3d9fea
81c124fd
e43e3d19
5b0ffafa
ff617fff
fc2bfdfe
fff26fa7
4affc1ff
2263fa35
990f5c1d
bdea390d
c55a0fa5
9b3f4abf
00002fc8
00000000
00000000
00000000
ed8d6b80
0e351215
369f8493
7cb7732b
ce7ea802
c9ff74b8
2e0fd1be
97e8fade
efd7c740
063cf400
201b4e20
bbf870ea
6787e39e
f84c0485
ae33e0bd
5a25b402
ab2607c0
3bc20ad7
0f912ec7
495338c0
3a57a1cf
aea2adb1
5518885b
6de944cd
000039f4
00000000
00000000
00000000
006ccc7d
3695959e
4783df54
01aca1d0
3867096f
e04d8fbf
0e1cc625
b874d7f9
6b56eff5
09dcce7d
62c3c7e3
809a2e7e
001b81c2
00c67c48
110591ce
1ba03c04
0310c180
241e7e30
7fafc4fc
f7bfedfe
5e7ffff8
c9b8f687
868e2004
d32520a0
00001912
00000000
00000000
00000000
a0a00f72
7a17fa5f
937148f1
04522181
7201c180
002391b7
d6063fd5
a520ed3f
ace08e64
29ec1073
38444587
41e37f10
fa6f8bbc
5ff3ff91
777f87e9
7b7ff807
1b03ffc3
e0f97ffc
0707b500
00f03cb8
e00fc1b1
0f13fa02
36f7ff80
7015fff3
00007dce
00000000
00000000
00000000
8cc16085
5ed146d3
f5d113ff
d68284ff
fee00c0f
03f11544
001ff800
3a087980
54a6e3e8
ff87fc1e
83fb3ef0
183fb793
e50af81c
d9412ec1
f9b87cff
0a06e380
c1d35e1c
841b5761
3c43b1db
45f039d4
5def875b
d327fc34
8c5ff3c3
1e747dfc
0000b52f
00000000
00000000
00000000
58d1f552
deeae745
1560fc01
da086a02
feb667e0
e3ef757e
b81fdef7
d7a1c571
5f3cdc5b
00b3da80
10010f80
c0c3dc78
7c1be447
63e1fdfb
1a7f0076
13825c01
009a00c0
f807001e
7fccf08b
0bfe3118
2cfff01a
7e877709
2a21ffe0
2fbb3b90
00009fb0
00000000
00000000
00000000
e38a30fd
d1e5b337
206ca891
046423a6
b062eb35
dc5556ff
d4c56971
1cb83f86
ee7a27fe
fe3c93f7
c97ec17f
fc022e0f
d7805cb8
de340c34
90fd008c
737bc417
1e13a0e8
c283bce7
0d1e84fc
d6a813d8
5cf342db
6339b075
f1b8c442
5f1657ea
0000c9ec
00000000
00000000
00000000
da6890dd
bbdadb99
30d87901
07ef3f80
c00620f8
7f83e24f
71fc2318
0c0fe1f8
0fac5f09
008bc7f0
f804b80f
1f803d01
30f8059d
1b1d84c5
51dcea8d
fc3a8fdd
03ac48f5
f1f18c67
af0fd968
40f02ca1
54478b84
aa00f80e
1c500fd0
453de150
0000f683
00000000
00000000
00000000
be92ecd2
f378984c
417b7400
0209c7e0
f4a0087f
2ff02d85
807f0494
5b87f04d
41d02f01
9d238378
1ff96563
00fbb607
000ff0a0
02f37fb0
c0ff87fe
e953387f
7987d807
0b8d32a0
c1e074bc
ffba179e
53ce2257
33af83fc
06871bfd
b4531eff
000019a2
00000000
00000000
00000000
291145e5
69ddada2
74691407
01b2fed9
f1c121f9
be2fe6d6
7ae0ff20
3d861fbc
fe3e03f5
1e95c7d7
e0173aff
838130c4
f8380a3e
99c380f7
c7562852
d15a730c
8cb08839
dd53ba0f
2fd8a341
01b15eb4
1f1eabc8
7a52dbaf
11c4e64a
fe49aaad
00009c1c
00000000
00000000
00000000
31cdb98c
baac0ce4
02ca0402
c092880f
8e084f07
68f16390
4f878155
73f07d2d
443e43c0
e0ddbc9c
ce4ad1e9
fce02e1d
0c0f0d80
2848704a
8a850704
63043072
d7f0c80f
3c369f80
e3e037f8
7fd800ff
bbe6a1b7
75ed8004
fe2fbfde
c7bcff92
0000e3a2
00000000
00000000
00000000
635ed7a1
e83295ac
579f4094
40fbd090
72949f22
fe0d6bb4
93f37525
ac6b9e7c
e589dfa3
c26adf8c
01ff7db1
c84fb73e
ba10f8f2
4ac1ae3c
541f4c21
c97a7e2d
026616c0
a02b90c2
00061824
96c3a88d
4f1bcc24
e51beda6
95b87fbf
6997e59e
0000db9b
00000000
00000000
00000000
f30e6a54
41bd5003
a052604f
06c25601
60c1b59a
fa2ad8f8
6ee034d7
127f1d7e
68b7fc22
71f7ffc6
f005affe
17c80660
227b0ea0
811724d7
3dc372d7
c6ef8bf4
e6e0903d
1e2a2703
21e86b70
e00fca4e
ff107ed5
87e103e2
14bfb03a
70dedc70
000054f8
00000000
00000000
00000000
debf2074
3e4987b8
9599b840
fc909fff
fe30445f
3bb34d32
07887b38
707626e9
3840e0b4
e7881f9e
1fb90009
00fd6020
00035724
f8f80423
02bfe094
0cb3ffc0
e1b45dbe
47094dc9
3c00b910
9ff8156a
20ffc9f3
743fffde
8231fff4
51a8d90f
00002da0
00000000
00000000
00000000
8ee73d3e
452f4cbf
8e46cfff
04a817fe
f816b93b
1f0005b1
c0e06818
e81f07c1
77c011ff
17dce00a
f17b8e0e
02c7ede0
fad7f49f
97cc7c08
553be7dd
068ffe08
00733fe0
f81706ff
ff802cad
5f9c17e3
406ac024
71017e35
54400ff9
fe845417
00008551
00000000
00000000
00000000
ff990364
62dce319
561c45f4
98635740
ce4ec75d
f9f90b46
bcef1930
591e7e04
cf9127c9
3b2480f9
e053000c
fe0858d3
cdf89eab
af7fd221
189adf03
0d820000
1676a006
876d2d88
d1df69ac
bbcb2687
d5d5bf75
83ec34a7
20efa6df
fd398b5e
0000022d
00000000
00000000
00000000
84e888b2
5e0beadc
6535eeae
176fccca
00cc02ec
bc2269fe
f80709b6
e8000c0e
e1c00f90
fee0037f
03d8a0e3
6006fd1c
f008077b
4781800a
957ccc43
94b7cef8
3c1a27c7
dbba1ab6
fad9ed7f
c85b77dc
d92cd24e
04b81704
f28f89c4
5567276f
0000203d
00000000
00000000
00000000
6a586935
7dffee20
d02689cd
ba4811bd
e245a399
6c7fca0f
bfe7f801
5df8efe5
bab7e31a
6f06d406
300970b0
7ec1f604
cfc411b2
21e81749
9ad70e50
af45b7f3
82690ffd
6024741f
4e04f618
bd8628b6
36fc2776
3b928247
eb7e6ff3
0e377976
0000da61
00000000
00000000
00000000
02095795
0f37fc7b
9e3dbe72
e1a74b40
7f37ffa8
03f80fb5
4c0e09e5
efb50597
f2df07fc
ff0fc0ff
95f61e0f
084fd5e1
38401e42
b58db57d
c3d1c245
d1b60c71
5972114f
a5eeb4b8
58152d5f
8afdf725
322c73e2
4ef4fec4
853625a9
5a5a8cc7
00002b12
00000000
00000000
00000000
69f7b0ab
7125f083
7239b894
00a43af6
c17f7ebb
6c565ccb
79e3dda7
68673eb3
adbaf0d0
59a50f10
b973e47f
334b639b
9a19ae6c
4bc832b1
843807ac
feb1e17f
f1434c1f
005e12c0
83c2d131
9a702e80
e3aeb40c
9fc5b54b
27adb362
ba769822
0000d7bc
00000000
00000000
00000000
ac6b3758
8961a601
fdf1d1bd
ff31c9ff
07bdbd01
00780592
b70388d3
ad9e789f
3e8773e6
03d87f87
00026c78
183002c2
c5c3c598
fe9ffda7
86229ff3
f89e2caf
9f017041
6bf86f26
8f7d9db8
f843fc9f
c6018d3d
3d600927
36391808
8a530308
0000cdc0
00000000
00000000
00000000
17755c84
3820dc1a
ccd58972
a5422bf9
2b0532c2
c077c276
1a3e8a22
a6e6e428
8c969e07
cfff8334
1fb9e019
5cbf3142
e34bdc76
2d5cf7bb
1ae87805
522a8960
cab05a22
f84409ff
6d66b166
6d905526
53d8b749
4ce7134e
0099fb53
9d8d4952
000007f8
00000000
00000000
00000000
f42d4fa3
d51eb9c4
5a143052
085bc37e
9761f7f4
c8ec0eee
580fd127
74007183
1ae40612
19357e01
f0edefe6
bff36df7
f8ffad9f
3affdd28
c944e314
ac01c403
27c211c0
e7e7000c
73f97e64
a2906441
68288cf3
03606f6e
e01397e0
4d631af4
0000e80a
00000000
00000000
00000000
509b8497
fffb48a1
ffdb704f
27fde780
e0730ef8
ff87e83f
01b8799f
b041cfa9
f002787e
11003fc7
e009e0fe
7000000f
03800200
fc180455
4ff98091
f97d881f
ffbbc08f
1fbd9f00
a6b13338
fd653b05
f57d2d83
2933b8ef
ad800ffa
18fa1dff
000075db
00000000
00000000
00000000
a40124db
8f99285e
ff36909b
fb53a74f
7ed3f837
40ffe480
4257d198
a63a1c92
216ff8a5
11ca7e80
ff414d27
bfff6ae1
7cffc817
c6ccca27
ec04817d
5ac8d039
f1dc042f
1dc7c913
0145ca00
39110604
af078c61
e29f3fe9
c8bab3fa
3af789d7
000051b9
00000000
00000000
00000000
9c971f57
2e35b29f
f81770bf
7ff63683
01dfd9a0
f80ff77f
0ffcf4aa
d0c9cf81
1fffc060
50d8fc01
ff801fe3
bffee3e7
979dfcb2
603c7fde
9c01c7b9
80210e3b
010660a7
038fbe50
7ae85bd7
df9fcb25
d277a46a
04e7efa4
d686beff
79187def
000065eb
00000000
00000000
00000000
c16fb0c2
162ce5bb
015ad063
0068c248
c81be4be
fe8ffa61
ee7e7f33
c902f719
556c0603
033165e0
227efe56
30278afc
473432e6
5859c34d
71e39c06
197f0cc3
f7fce0ef
7ffcefe6
f7ff80fe
ba7de777
1fbbfafe
a70c010b
e74c0010
3bf8b0e7
0000c786
00000000
00000000
00000000
e977fec2
3770c6c4
eaca6a5a
809b3358
fc28dc7b
07801289
403803d2
1d23c23e
f880fe37
2e980ff3
f059030e
ffe4213f
03d05ec1
a77e10a0
03bfb82d
06e3efe8
00987f9e
80022d1c
0408b608
20246044
70044d1b
e8807ad4
951547f3
944298ff
0000941e
00000000
00000000
00000000
f2e59e3d
0e012ab8
d8ff050a
ff009001
1bcfe821
21161020
1f3a0225
1fff0729
c97ff8fa
ff79e1fe
83f59d5b
803b1e78
e1a03d1e
5e88804a
51c00011
73886007
ff9dde0f
67ff7fe2
8e65e1f7
f8f54e7f
7acfe338
1ad7fc0b
1c061a04
e5ff640d
00007279
00000000
00000000
00000000
7d623766
711cdf0c
f13b1b7d
fe58fadb
5f44ae55
0be51c18
a2be8fdc
dc134d1a
0bf2008f
548b5100
cd205f38
013a8c7d
984f711f
3d000738
c24e5161
39dcf416
d2ff173b
7e2884f7
3bdc15ff
12d2d359
b649df08
60ed05de
b035c2df
18c9c8cc
00002184
00000000
00000000
00000000
b9b904c4
d8fa8c33
fb367083
3fee4740
07ffc478
d0fffae7
fd0e07d1
7fc0f00a
007c0f00
f947c07c
3f997803
03ef830c
841efaf4
a0104ebd
07819876
617d1576
f31dd04f
86669fc7
3de6b7ff
f9f28b7e
6fbfaf1b
c0dee905
6317ba00
6257772f
0000e931
00000000
00000000
00000000
a90e4731
1cab4d1b
e6087835
d8a5a993
3af43698
3fff5ede
07f5de58
d8131e6e
09c63873
e4be57c8
367a5ebe
90635922
800a1b08
8b314cff
d75b0783
a2ade0f1
313bc13f
2f78740b
55f634b0
faa9b4a7
217cb1b4
9ecff111
23cc3a29
57f76d79
000093f4
00000000
00000000
00000000
9f5591fd
2a640911
e4bbdd42
7ff6cb5b
eff91bd7
ff971d81
cfd87666
e0cfa671
6f133056
6f127901
5c206e50
830a36f3
edffc956
c857eae7
7d911620
93c5953b
03fcc43e
836dd2b5
a46c663c
3e9de541
3afb6c99
62dcb4f4
fba8237e
c55770df
000078ac
00000000
00000000
00000000
fe395366
9713e0b4
49a9d5ea
78b08b6a
375aa422
208af165
c8080e5e
8150e0ff
308f8eaa
f142fcfc
677eff93
8b3e46db
38f8c3ee
44071734
a30d72db
023a9381
0944f838
c04cc820
fbfa69e2
efdefba4
c45f6cd4
1a99f51a
2e027528
093144a3
0000be98
00000000
00000000
00000000
c6b852a0
458e0ab8
61412b87
67e45dff
fc0a47ff
e5820d8a
3f19091f
b5ffc5a1
abafff86
0ea441c7
801c439a
f8005c4f
1780719c
b1c01fe5
93be03fc
feb3f0ff
fd135eff
fc4007ff
fe481935
74f0090b
87db083c
9f1d6406
dcd80001
75c00001
0000edaf
00000000
00000000
00000000
e69c309e
da1f76f7
0121743a
085d8402
00e38800
d00d09a0
6f817507
8fffda9c
98f7e3f1
30b3380e
00053e00
05c05000
0efe0800
61dffa19
fa0c4844
0700d407
04108a00
400e3680
5001f39e
c40cfcb0
7c217fca
32e86cdb
cc6d8be9
a3ed09f1
0000246d
00000000
00000000
00000000
5d345597
c6a6061f
f1849f5b
0ee5fcb3
407dec48
5e3ec72c
92a79639
06023d10
09aa11ab
83dfa590
f025af7f
f7fabdf9
7fafd53f
13fa1de2
1c0320c5
f181700d
ef7a0218
1edd5181
8bfaf549
54f12040
0b0292a8
cf2dc9a4
a6abf291
a095fb6d
00004554
00000000
00000000
00000000
fcc7d237
e1ac9110
bb197209
e8f2ec5b
3d8ea2c6
41f87540
d805d8c5
27f7a7df
0d46fdd0
f973ddf9
07ab9584
864f2df0
cc63e673
ea46947c
33d42499
30d4081f
e41a8014
5feeb943
c7e39ee9
2b8d4548
f8c06097
e8f63755
fb61e026
32e5acf9
000048ae
00000000
00000000
00000000
396996f6
340ba5cf
19db6a58
bd7988b7
4ff6c5f2
fcf47abc
9fff3f97
7e07fc37
11001c67
801804e0
7d0c0187
fffd2c0c
2fe09bd0
947e03cc
d0eff81e
724bfdf4
67a1ffce
c0028ffc
9045b67f
98000133
791484fd
d9dfba0c
a93603ef
0fb81ff6
000061c3
00000000
00000000
00000000
314df4b3
08778056
91b0ba52
fca31ccd
e1679af8
1e084d43
f6e051f3
a07e024a
ad77c0f4
f86efa1e
fff94317
0f1fe600
c2302908
55cf0159
2a88c00d
8b43dcfc
f06f3fdf
c72123f4
e11256ff
0452b987
48ce0689
7c4a2833
ac626bf3
e973e506
00007c6c
00000000
00000000
00000000
be1b38c6
e030e7f7
fa3c9e27
49c0ea6a
01bbe409
25c3aba8
f43d2623
e375e1fd
fbfbdf7b
feec907d
10788e81
c8921a8a
6d1c7573
87b9c0ff
c9c75e00
0ecbf07a
15b24f81
81b60ae9
49cbd537
c614b138
cb50febb
9ad9d364
147a9bff
eedcef7f
0000ec4d
00000000
00000000
00000000
d83cabbf
a3f6acc6
b83d1f46
278e781f
41fa7a7a
e01f47fd
c5d0f98f
86fe3ea0
2b1ff3c7
e24dfb3c
0ec82051
0029b800
a18047d0
f6810dee
1e1810f2
6bc0b1cc
f06268df
ff1dde5d
5f8fb4b9
bfdb14a9
30fd4569
7967e87d
93801840
04abe605
00001475
00000000
00000000
00000000
a25d79a2
52e19695
c365a568
2f6562c5
1918f7c1
92eed39f
ad1fd395
e120fcf3
1eaf07ff
0551e1ff
f53e37ff
9fc3877d
de940f51
b1bcb08e
d16fe009
99b23f03
0d21d710
19867c70
41b71189
ad2ff6a6
82b01d78
7fd00e74
e0775a35
94737b32
00001d97
00000000
00000000
00000000
8825cca7
60c35360
552f78e6
ac06cb54
813af925
f51a63ee
3bf62dfb
c37f9357
8ddfe0f9
64877e0d
8fd7a3e0
785c4e41
08057220
c91924f4
2c60214f
98411c49
13b700d1
48436db4
7e0354a8
13e9bb87
d36d1408
7a53f571
ca076bf8
38b4f57a
0000c402
00000000
00000000
00000000
0f523ca3
7e6c5405
fba2e41c
ded3b87f
ce21d477
a9c2d491
4a001568
6f461499
3dafc587
fdf9de68
0ef1ffe7
402fe9b1
f000317c
eba80b1f
e1bc02c6
f19e25fe
fb9c6cdf
ef089fe9
8e84052c
172351e1
1f5d697a
4ce79db1
5c026568
42f48730
00006091
00000000
00000000
00000000
9b64f833
1499a18f
83251821
0156c5fe
7d2203fd
4ffc0184
8ffffe60
50edffdf
3a8ed8fe
59085415
3f110201
c7058009
80aad283
423ed052
2331e7eb
56579c7a
2053fe00
00423f80
800013f8
fe01277f
3ffe3f07
772ffffc
7a5dffff
7d69dd9f
0000e0f8
00000000
00000000
00000000
9fdac9be
48972452
0608f3a4
0ee00bf4
f8f0ec86
af9dc76b
b7f798ce
18ed6fff
ec65862c
03141a08
807f8940
40622cbc
7f9b7703
34bbfcb9
0d77bfa5
b1aaf7f6
ef49cfdf
aa991ca8
229100a9
d3df5a56
bebf5493
c8972035
9ccf47dc
2e567e87
00006cee
00000000
00000000
00000000
34d6c79f
ef721b5c
d68b8168
3d68dc16
72a938b8
df83a47f
c570bcbd
6ba114be
bed9f087
0db22300
1facd811
a935db40
5d01ec8c
cd381f4e
d92740f8
e8711db3
f1c8459f
7522d3dd
7d40ef4f
2ecd66fb
26bdd978
980340a6
6639165c
15956cd3
0000cda5
00000000
00000000
00000000
1370d674
1ee60ad5
0dd5584a
f3965511
e2982479
ef755ec7
02e3983a
061a13f9
16a34029
c7f2ef90
3fe8fbff
00f91118
8060d47c
1c050038
6f00d032
c677de07
fe1137f1
bed2893f
fb38198f
fe1d4f7f
61b32362
a88fc162
5d7603a8
4af07ba1
000051f3
00000000
00000000
00000000
ec3d937d
c17bda45
3fd41f57
3f291212
03eb7ad0
d513d458
ba6992d1
d8034d05
97c013d5
dc0b009f
c02b9004
ff053f3f
9f3806e5
f9f382c0
e74f8fb8
f801a0fe
fac33bdf
c1baef1e
f40a6c7f
683028f9
ac511065
a2fa1929
ce0b5320
750899c2
0000c09c
00000000
00000000
00000000
176e57b9
6b946a3c
a23ada9a
3d912873
768891ab
93f21831
6b323002
c0bc05c3
e76381e7
76d2a803
03ea5080
f800ad58
ad306d78
6eaf08c4
c05f8cd9
9973bf72
fc443b17
b4ce6f6f
a5f54bd1
6dd54776
abe68363
9df140cc
90b7ea14
a753001c
00005200
00000000
00000000
00000000
7351e246
cee1d7e8
32370f76
bd77bf21
86b3604a
e03ed4b3
29002eba
b7f0fe9f
d1392fb7
fe927e7d
7fd651ef
167de21e
c0a3a9e6
cb0f8022
a4cc8806
1b0ac420
73ca7e03
1fb28d58
4171ba4a
a0367c20
703dbeb9
08082ecc
43620a8b
b4dbf72c
000088fe
00000000
00000000
00000000
7602783e
1845e5e2
54acf9c5
e106de1d
2f9fe6f3
7cf361fa
9f038145
cae420fe
4da12724
eb164b73
8f5945e9
19bf8f9d
d89298c5
5ecc1861
c237c715
b12c1e7a
06b36063
70dd5882
cf347722
574d902d
f57237bd
06370149
7bf5a6c8
5989ae03
00008dae
00000000
00000000
00000000
efdd3649
577476a7
a408a8d4
0b6e7407
00fba143
108bda7b
de7fc447
debfebed
6d11ff06
00e121c0
e0167c1e
0f12a504
ff790824
d7aff5ab
b6ba34e4
95656036
ffa4ffc3
effbeee8
a56e0b17
513216ce
2287b510
5ac8b4c5
2ed014bc
deffa606
0000c19e
00000000
00000000
00000000
7a7440c0
7e568c0e
fa1bf948
1f9edfe0
f27e647f
379fed82
fc777fba
93ff31ec
f95b7c1f
dfac05e1
82f8082e
e00f8db9
7e01f8f7
67e81fb4
1bff87f4
867fcafc
e01df0bf
3808ff01
82219df0
f9d2d6ff
efc00e1b
1df800b7
d82fbfdf
75f830bf
00005706
00000000
00000000
00000000
6be7ad39
aa37facc
fa90cc7c
37c805c3
e7f79ff8
863f9f36
7803f707
23e61f25
f63afcf2
ff48004f
1ffda001
f0fffa7e
ff83ff9f
67fc00d8
4e5f315b
0451f000
00213f00
f2827feb
8f8f1a7d
d5781d59
e3ff002b
5ebf76d1
40b6efdc
aa323b53
000051a4
00000000
00000000
00000000
1399150e
540e5451
e112d99c
12658455
d2bf0948
358a60c4
5f3d0370
5d89e252
86456e45
0718007e
f3e4cb8f
747c4352
9083f6cd
19001a2b
6efb01b3
1acdcc28
14642a47
4401d2bf
45e059b8
40276626
b486dac5
0a227feb
79d3ffcf
0a1f2e6d
000041e5
00000000
00000000
00000000
e11c635c
c1126d02
44626160
1e4ba908
49ff3457
7fdfffe1
683ffe5e
8e19cfbb
8e8028eb
48c00306
a04720f0
ebc27d3f
cfb7fe09
319bcb00
6aed43e5
f687e009
0bdd0000
c1bf580c
1ba21d10
578fbc61
5efaca65
8c566f50
35770538
78e12135
000059f4
00000000
00000000
00000000
69032050
225e7f60
4e8c2638
3d5e8862
f4ef7226
563e7fff
3edafee1
71ff9c14
27bff87a
0497ce00
3c42c000
81f8d480
e41ef570
0dc17864
8ad981a6
acfe0000
1e90e883
bb760607
bfbe09e8
3d774a8f
adeb5008
e18e3217
04a50400
d1501a04
0000c61c
00000000
00000000
00000000
9b5c125c
c738fcf5
e27333ea
c0be3dfb
183f9bbf
f187dcda
7e187b97
eff107f8
9e2f803f
f82c7907
ffdac5dc
ffff8678
7ffffcfb
e7ff2f63
9e02f279
1fc00201
01ba0038
80388201
121a9280
00019a10
348c8bcf
d0edd9df
19aefff9
46bf9231
0000171e
00000000
00000000
00000000
d57bec22
5e5985a5
89481604
d5f7c88f
421de2fd
b4d31150
fc00584d
1ae0202a
e81bd6e3
f6e07c7e
0bf9cbe9
11ffebf8
00279de2
408bf0c2
864e0fca
a0e4a2dd
b3361fdf
13571701
0093b059
dd23c5d6
8dd038a1
a37a6aa3
6c5bfdcd
75bc07bc
00000bb0
00000000
00000000
00000000
ee922175
85e693df
e6470045
fc22f737
fc061a0f
0f803ac0
627801c4
4d9f8c0d
02997a61
78f506df
06e63800
63dc6fd8
7c7eb9cf
f677f3e1
27973ee7
da7d79f0
7fbe608f
07fef70c
887fa7e4
0f075bd4
404072d9
70001d4a
7b1103cc
d88751d4
00008b73
00000000
00000000
00000000
24bad4f3
3b4ca204
0c91613a
00af0ff4
810184fc
e8c01e0f
9f24069c
e7f8000a
efa7c00c
7ff77801
fffa95f0
7fffaaff
d7bc7e29
87ff93e4
689f7831
be04eff5
ff8e021f
87f6bc18
183d3f1e
9131fb59
fc61871c
6e51007b
7ca55043
c1cda350
000093cf
00000000
00000000
00000000
249df4a9
de50c741
2ab1d47f
90b19b77
dc1bf579
e080ebea
6a60296f
906b8208
40f43e10
880815e0
fd878c5f
f75eeaee
d1a28d95
bf340d0b
7797f057
5c1f3bcb
57b91ddc
533b2c3b
c9d3f9e6
83853218
eb00eb22
c7e0f496
0bf75542
65211644
0000caa4
00000000
00000000
00000000
f67cc8f8
e627014c
5158587f
8d057d00
4e9acb54
c006e738
77c606d2
1489e4a3
536e8612
bbd6b060
3fe9cdc7
c3ffd4ea
201fe63b
8e27f20b
7afe7c3a
61def980
c206fb60
9f9aed27
4d743e3e
53de7f8b
7507e16b
8758381c
72e80c02
0668b308
0000f7e8
00000000
00000000
00000000
706b7062
22d88888
8ee25526
a964a07f
0fc267c0
00e04ef0
da0f0085
ebffe10c
20bffe00
003fffe0
e0043a6e
bf0489cf
63929620
09b9eb84
97451de6
888401fe
ed64c00f
cff5a7f0
b03d6937
6939f6dc
c6e99f9a
0eff6ec5
3c2500ef
75412003
000010e5
00000000
00000000
00000000
e2507d8e
8558bc9f
b1abed8e
fe4a0b5f
9f931d7f
63ff40fd
535bde40
d3bf8f18
b1d39060
35312080
1f9df001
d0d9fb52
170fefa5
8238f9ac
08a1ff75
0bb12802
26c5c040
cf3ac7e8
58fef9e8
080fbecf
761456e0
22210dbc
49e05fe6
a4d6ad01
0000c0c5
00000000
00000000
00000000
ab199dc0
fd4398b3
5bea70db
2cd609ff
eb3f412f
2ffd7a34
77fe7c34
cc01eec7
aaac1835
d3850f80
dc16f1a8
41c663b0
30bd1731
8333c79d
0c093c39
3d3fa761
f4e83012
7f0febf3
fadf9a0b
a5e3877b
b062c979
8f3768fe
80b981d6
138d6da8
0000d2b9
00000000
00000000
00000000
ab606bab
76db92a2
718c11d7
9bd179a6
e1efdcb2
ef1f85bb
5018cbb5
8681843a
150818c2
70b697c0
f01203ef
e392fe2f
bf1890f9
e7b20fa3
31dc03f7
f36bf4ff
7335139f
03a43ce0
048bc013
c56407b3
8d8304aa
91af7507
1b685b78
b84a50e9
0000e302
00000000
00000000
00000000
7297d058
0c8f90f1
f2063538
87d76ef0
f8f92a67
1faff26b
8058fdfc
6820e7cf
2785077c
f3735c3f
1fe35fc3
887fd27b
0047ee9c
dc83fea1
eff83fc1
00bfb200
004ffa21
730fff63
e7f0f7fc
f43fc74f
fa8afffa
7c00117e
f3480c17
e8a70063
00009936
00000000
00000000
00000000
86e1655e
eb6b0c14
6fe3bc75
183a9e30
f402fa81
a29efe21
84117cee
b6038eb8
f9f1befa
2e1ecfce
001027fc
d8008e1d
1ee038ef
b44dc03d
19657f63
072343f1
41ce9a3c
4289c29e
4bff4fda
39bbc1ef
35afddee
51bd1976
42f86879
7c097c64
00004e47
00000000
00000000
00000000
d16704f1
792e9c52
cbe9ab13
41ee5409
cb61ce36
703638da
2bc00295
080600df
9de00000
ffac0097
df940044
fefe7d07
c37bca78
001f12bb
0ac1f05b
e3014f0d
e97d35fd
bd687a4f
fb041f35
fcc287ad
0f10a2fc
8f8c000c
77346001
87f3d106
0000769c
00000000
00000000
00000000
6a138a90
a84ca322
54592584
0311a75a
99852777
1eb78c8e
77ffaf5c
8f1ff403
092a07cb
12bbf1c0
002abdc3
98ad8475
f887bb57
94480024
e9f400a9
e0d98206
c213cc18
7da6db03
eec85f93
0fd7c201
d6dbf197
58954faa
86ec65e5
dc1b0c47
00008b51
00000000
00000000
00000000
45cb590a
a576870f
2977841f
00f79f40
601f7ff8
b6bffc1e
6f03ffeb
bba07ffc
7b98073f
818200f0
3e0f3803
3be0d060
1d8ebe3b
a7b439e3
41f3e1c5
400f1d3d
645ff048
0c006f83
e16c3ff8
fc01037f
d8fc2079
c087fd32
6c458f80
f6d1a232
000028af
00000000
00000000
00000000
e7144f9f
969460ce
d90a2e7c
ffbfa01e
be4a116d
bb3b5737
2a298e8c
16c0aa1c
00e80001
8110c070
7009aa8f
a60626dc
b0902f5f
cc46a3ba
c7e88f4f
c8878f7f
3aba658f
eff63eec
bf7f9013
7fd7e3a4
6057eb62
6137ebb9
38a81782
f8439b51
000064ff
00000000
00000000
00000000
dd645250
2a73c739
8c23cedf
f193f56e
df81d01b
79f00a3f
bbee0280
343fe37a
f680c617
abb00171
feef2007
0f838b06
f0387a76
bf12f2ed
0b741f02
0b6fe1f0
704a7f0f
cf3480f0
7dff701f
08fff465
3c0fff54
371c0703
b211c044
93e0b90e
0000f452
00000000
00000000
00000000
44e938f4
7254707d
07472f12
261aca80
6f2331b1
4171856e
4f3ec916
01eff505
fafd3ff6
9f9ae1fd
0092220f
f0048bf0
861407f4
53f1f375
7a471f9e
b7e43ff5
a709628f
46934a57
01229bc5
08181006
b02c8180
af7f61ac
539f3d9a
08a6913d
0000ee10
00000000
00000000
00000000
608e63fc
3bfb58fd
25bb40cc
0d970fb0
5efd5084
ffde7fde
8f1e2fb3
4ef9e035
35d20c01
20f20000
81142640
17c8d03e
197e8ac3
deb0f4b0
f9db2d62
fc9ec3f6
ff7c787f
9fe1ff63
a17016f6
fc23378f
0426bffd
8944b073
c6c805f3
e9ea531b
0000481b
00000000
00000000
00000000
8da59eb2
a46b6735
0db0ab6f
d733470f
74bc587f
c70328ad
c1b8bfc3
ed3f8eb4
d4e219db
fca701ff
8fac901b
7850b387
f7c05092
4bf90498
5b498000
fee7bb90
fa69dc7e
7b4382c7
a002992b
5a400182
e923e0ae
6cf76699
4d1dd776
9943b5f8
0000879e
00000000
00000000
00000000
213c3a2c
42659858
421a8266
c0fae1f8
c1ae9f2f
b7d016af
fe9f6d7c
17f079c0
c07f07fd
fbbbe43f
c7d9f87d
1e1e7780
8030f678
3c010fbf
31c01878
f47fb087
ef60fccf
27f00ff0
911dc8f2
3c16dacb
e80037b2
4580affd
72759fec
3225a8f7
00001364
00000000
00000000
00000000
19bc30e8
5fc70794
5f1c849a
e57aca52
1d23ebc1
83a20fda
c0c011e1
aa9585fb
f741fc5c
ec8873e3
f675ef9f
86158768
bf20f71f
734a0b12
623e020b
6261fef8
322f1ff9
90cb12ff
b6040f1f
20601e54
0b283eaf
9e838797
5007b733
4ecb5fdf
0000252d
00000000
00000000
00000000
6767c71d
41cf3500
002e3f48
02bec7c0
90070fc0
a0a039bb
3b3e0363
45def239
ff3be7c3
2fe8107a
07fac001
e9f5b457
5e1f59a3
33f0fa8d
61dfffc6
13a173e8
00748380
f01f887e
3fa9dce3
c1fe9ef6
560fb7bc
16a8b0db
197b6e04
9fd59e61
0000d2b8
00000000
00000000
00000000
6d9cb9aa
c0d29b2e
f84884f4
1fa81003
03fee404
037c9cc0
b03fe005
278dfe13
857fbdf0
ee4de28f
1fe73e00
827e33f0
7c02577f
61800115
270044d0
e820063d
5f1fa163
3fc4743f
c9ff9cf3
161cfc81
c080592a
9722413a
33b2b38d
8628bf10
000038d9
00000000
00000000
00000000
893535a5
9deb808e
df34c945
4e7bc086
827a8d25
589ddca2
0d40f77d
a839c209
07f57e63
0a3eefe0
fa49347f
dff15c87
dd7fa6b8
f66bf4dc
91851f33
01c928f9
5bb71689
843a4a64
4604b280
0a1321e2
de0445cb
5c110b59
a877a08c
42d360ad
0000f977
00000000
00000000
00000000
6dd58492
1fa6f04e
79e89c0b
4dd132c0
b6bafed8
581f306b
bc194596
d840784a
46c54341
29ebbe30
62140bea
2764b17d
153956e8
35af5e07
d62e2089
e218303a
f5f4d1df
dde77d09
bdbd82a0
afda1a39
ae7a450e
e79cb00a
d7752dab
734e50dc
0000aa72
00000000
00000000
00000000
cb2c866f
09631ee6
c3600432
e2f7df8e
7e031dd7
0fe07ba1
16030803
6e201026
ed3e8131
6f2bf7eb
47f26fff
a07b3ef0
33e0c891
41080125
7e03e1e4
8d92dfff
4077abfe
00e93f78
fe67f7ee
363478fe
58ac376e
8ab6a286
43814546
906550f3
0000f10c
00000000
00000000
00000000
0e9b30bc
df630230
f90764e5
ff4dd00d
07f6f307
000fe040
5000ffdc
cb038dff
0e753c9e
f147fff0
ff880dbf
9f91e44d
fe3820bc
2eeb019a
464fd803
0648f8c1
f03d0fce
478a4000
3086da00
16803a00
f9e0011c
f3bf02dc
a9abfee9
f207fdc2
000025f0
00000000
00000000
00000000
4484deda
d78502a0
325b4cdc
cba5869b
5b72ba48
9fffb5db
3a7f6862
ac08cb84
f8bc1eb9
db7000f3
f06be01f
5e2d5246
3fd1f850
71f2243f
e521f813
02dd3063
04b8d885
26ce429c
edb3c654
92ab17d3
04ecaa7c
ea5eea52
3a167fa1
28e5eaf2
0000975a
00000000
00000000
00000000
42850786
261bb3c1
6f207bad
805767ee
e70c327e
df7e00d7
85e3f814
8c0e1848
178461c0
205a7600
0206fff0
f86046bf
07ff0a61
201f7080
9e01e748
f630003b
7fc10427
0ff1b0e1
337d8d00
8bb8eb90
00c707f3
6f0cb9bf
d00903fe
3df104ed
0000a56f
00000000
00000000
00000000
ed1e989f
c60ddb19
0b7547b3
3f20250d
cb4579dd
3e381701
1fe10043
88fe3845
5c47e380
fc38e63d
cec0f81b
9c30fff3
f700028e
5c11114d
28418017
ce800db6
fd8cc0ff
3ff5aa87
f9ff15de
9f2ff5ff
0a7bfda2
a0cfe02f
476ffe0e
2a8bdb07
00006fbd
00000000
00000000
00000000
0bda1280
11c3b49b
f5d9a064
bf1db965
27f56e1b
ebdb8b8d
5e82d93a
37e83726
e67fc09c
464fb017
30331c00
23006841
117d5ce1
10b9cee5
0a13e11a
f3d48e35
e9011f67
d9913d57
c33db378
cd09a7a9
bc7a1263
87af5796
ccc9ea21
b19a04a8
000077a3
00000000
00000000
00000000
a068563f
74291090
80b6c140
e4ad6b46
7c1bde94
43dc5a96
873a40ec
6dff8f9f
2e1bf81b
c2730388
8c8d8890
82e1b247
bb7f8cf0
9879eac5
300c2ee3
b0f77578
967399fb
904f6687
58a5b07e
e0a2d483
7bb091a0
03eb4692
9d413d87
e48e1574
00004254
00000000
00000000
00000000
e66f0871
54831d23
1275a48d
a9ac7cdb
d4fb940b
9ac00644
40b8a2cd
d1ef8267
0293b804
df60db94
fff337fb
9fff60dd
c5fbf91b
c2821f87
a1e101b8
b2549007
d0b4ce03
1e723fff
c05ed150
96021bdd
4791024f
315cb01d
b98d10cf
c6cfc5d7
00007323
00000000
00000000
00000000
cac413a1
e06d3ee6
f86fb6fe
756c80d9
f96c1848
65c16ec2
00043d94
ca00048d
84e01dab
c094f3e9
f83d3edf
1d8492d2
aaf4212c
ff0ea82d
d758298c
836a6023
8debfc32
b9e5c6ff
ff28752f
1df9fdf6
215eb6f2
b5cdee1a
0308f634
40dbd21d
00004302
00000000
00000000
00000000
e459cd34
34801624
dac5300f
1f209901
f9f6a5fc
9e37fa63
3d5e5f3f
b96fa7ff
f4cafeff
f72803ff
7675a017
00373f00
0000381c
dd8003fe
75fd81a5
8bebe0c9
e03f3f0f
dfc7c7f0
f9fb70ff
7f7f6f3d
3fffc0ae
097ffe01
10f1f6c0
e21bc810
0000a1a2
00000000
00000000
00000000
538450b9
aa96f187
fe65a004
1f326f83
71f6345f
003fe926
5639ff39
33bb9fae
033178c0
804aa3c0
1f419393
80ff99fc
fc07fb07
7ff82f5e
c3ff07ff
d58df1ff
8f8ffbbf
70440f8f
8304c274
15a00b75
519400d8
4d9f805f
d490fe01
32f355c0
0000a85c
00000000
00000000
00000000
064aac3f
00d267e3
f57fcfa5
43d07ffc
f3d7bf69
2f940fa6
e9e96df3
4d26178c
ce490057
487ec387
401c2b40
0318c3f5
d03cb05c
37d2ee2b
b8ad87eb
e21538ef
03fe9f07
8294b078
b11eba17
30e8f660
0056e7df
0f789d1b
669a364c
4dfc1f1a
00000b78
00000000
00000000
00000000
451f0ccf
7a6ff420
52cec9de
c0f340e1
fc2b00bf
1fc042a3
e4b057d8
100402d4
b76efc7d
67bdfffb
407807fe
40012bf9
3ad803f3
1ea4e068
e06c6798
a0cf0e78
04282803
e052c0a0
7d60ee32
7fc3ead1
63f80f3a
ac5ba7d2
6b0d9d76
63a4013a
0000d24c
00000000
00000000
00000000
78a7dd91
f6b078e3
81340c03
4e5c7441
fb8c6c8a
de1fb253
eafbb314
3a8f9090
0d89fa2e
07096f80
00d3df00
86651f7e
78fab853
c98ff907
2f047f27
4b9c037e
1f40d002
e07a0b4a
e0af3efd
fd7dd2d7
fbfad5b9
77affebf
9254801f
1627409a
000068ae
00000000
00000000
00000000
d2817402
b641d389
5558b317
2e887497
03fc3f00
683ff8a4
3f87ed14
ec687b29
294267fa
03475e78
8017b378
7c00af6f
f76029e8
f781cf63
abd403fe
fd58e0fd
fe7ce01f
e189f500
3ce73f01
f7203e90
6df5d6ae
e13fac58
127b1b0d
ec501123
0000c952
00000000
00000000
00000000
8226f40d
3a48edc8
a15ad64a
c12e473e
fe021aee
f8e167bd
afee3e6f
5038e3db
f822077f
000643ff
c007667e
70002787
460b8a2c
9f60fa33
25ff2ff7
fb4ff23e
17fcf363
39fecf03
3df595b1
6347d2ef
377afe4d
fc3d1008
29c19000
5acfe190
0000cc05
00000000
00000000
00000000
711dd025
2ad4216b
fc0c7392
29f253d3
7d874af8
e8f76e08
a804ddea
0cf050fe
5984c443
41c93fe1
3f16d8c7
00f45004
c4102711
c8a19572
32bfde28
1c69ef80
029bbdb0
9c6eb6f7
b58ccf68
935bf4c5
155fb78b
d341d4cc
3e01473e
acd92a4a
000077b8
00000000
00000000
00000000
090069ea
7924e04d
359c3c19
21ce9c01
01019480
6218a530
cbf7fa78
a8cffc50
6d503f04
9dd9c3f8
79f52c1f
e088e1f7
ef1e0dbf
3f1e7e45
5441f1f6
687e0f8f
8f17d078
30153607
08009c40
e3019cb0
2c33f927
b1f1f1ae
d82fbfff
7b7598fa
00001a47
00000000
00000000
00000000
b250f968
367ff02d
a0f0d6c3
de02bc00
fff0cf8f
47fd5974
7817fa61
d9dff860
05fffff8
000ffff8
e00cbe38
11004627
e89d5541
cae87e7b
b7b007f7
74d00f3f
061ad071
0001bca8
00885b80
4404ca38
c815a949
f963e3fd
27895bf3
46c6b9ef
00001df7
00000000
00000000
00000000
8a7eff93
5b8d52ae
3ec65fed
ebb04db3
e940a168
773c965f
62f968f2
5505dfcf
df401dfb
ff1680be
9fecb003
f87fc4d7
8d83eea8
3e3e3aff
3680f080
0f945381
e8957834
df8dfe06
c05d12f8
d0c6f455
a85273fd
3c243028
a991b7c8
4fbbf5eb
0000231c
00000000
00000000
00000000
2832ee64
25f0b452
70e8110c
002a4c00
d0404800
12c005c0
8e881c18
587c0fc4
f68287ff
ff1251ff
f934067f
3fa0707f
fbff02ff
7feff367
b7fffef4
fabfffef
ff29fcff
001e1fc0
0000cb90
00009720
200201a9
e031800c
32994803
985ab800
0000f14a
00000000
00000000
00000000
5c1d1608
c6763fa1
9e5c4c1b
fee42933
bff9c515
3f859e68
fff03fe1
c21e01a9
7773c70c
c3e4b078
c43a0580
8f0326fb
fe7e127e
7df0416d
b9ff0275
175df01b
4eaf73c0
ff2c1f9f
2fd15988
1c7f9420
62e3ff8d
560817ee
285a0002
4d47f06e
00005ea3
00000000
00000000
00000000
97140d22
b3f7dbd0
e8e70f91
3f4af66d
836c7896
dc2d4b11
9acff386
de12fe9f
3b0c0153
00433c00
7c0f3be0
0ffb8b85
a87fe54e
3a07fe72
f3a2717b
068e8983
80df9d70
fe063c3d
b3ed1462
7b93b1cd
dc01eb91
eca8f788
91958fff
5115c3dc
00008a5a
00000000
00000000
00000000
df6b467c
b71ee5cc
f5dd05b2
e0b872ff
f80fd91f
7c000973
2f80f268
51f003c4
03fe0008
e14de0b4
1ffcfe1f
04ff83e0
f93ff9cf
a381ff28
a01a81f8
f700be3f
1f43cae3
70fb5c6b
f86fc3e7
87b77e3e
bff0e3cf
06e74b9f
e86e207c
fc7e9eef
0000cf8a
00000000
00000000
00000000
1a18aa29
7a86a3e7
409d9c4c
60728a2c
7863963e
f223bf42
dc06d714
bdf8b32d
e5d683d4
fec8522f
3ef96041
63be1d4f
673c8a91
77e2095d
8f57a00e
5dcd7007
fc9baf81
3f238e0f
d91470e4
775986d4
9afc8213
298c02a7
8bf2d3a1
ec566b4a
00006428
00000000
00000000
00000000
439f3aa6
fe618142
4f60059e
6eb37103
719963f0
a00c8645
76009511
8bc1839c
91793c77
e87de9d4
1efc7ab7
41f60fae
818fd6ef
cc307cf7
28208692
8163460d
008ac081
a0c7baac
1ffb58e7
378ff02d
8a196924
13aa8a2f
5f0c5809
f7fd4f40
0000e08f
00000000
00000000
00000000
398db798
9f5d584c
17a16ffd
406c07e0
110a4a9f
f02a0766
8f81bd28
8c3c0082
a1c18004
595c1c01
f933ad9e
ffeb16c5
7fff7944
0fffff75
f87ffff2
7f3efeff
5d888179
00234088
180e77b0
808688b1
8808093f
4fc9daac
540f9fe8
0af65f30
000012c7
00000000
00000000
00000000
da4041fa
fddda62d
a7fbe654
1f7d3049
e86cbc42
5ead0612
72ef7b81
d9d63cc8
c0eb38ea
f674339f
0e648959
206a6600
d2016589
9ec011c6
429905bc
82a08170
2b9060c7
e3fd9c46
7393927b
3fc5f03b
39cef953
0aadded5
4c0affdd
7500a7ba
000066d1
00000000
00000000
00000000
c5a1e843
9f1f453f
2b16bf54
f967d87b
3d1ab65a
220092e0
44f04124
7403828e
85803824
105c37c0
f458ffce
eff095fe
fedfe35f
ffbc7fd2
780667f0
93a457f8
19240e31
9094c172
bf39c58f
e13fe080
2a2ebe49
9fd09e39
14510109
680fe155
00004edc
00000000
00000000
00000000
4aea7b39
c9f3d2e4
856bc090
9c83f288
f9ae10b3
f7016f7c
f7d01dcb
886d83c2
85490043
fecb4005
1f950903
e1eb2677
ed106567
eff38082
9d7f7814
228a3803
9975afb8
7d5fb8f9
5b54f15f
00bd6be9
1b434c9b
eba8e84d
82b01d98
0b69239a
0000399a
00000000
00000000
00000000
fb8a6966
48efc3ba
0111a037
78445eff
1f882ee3
2fe79976
507f58c5
6543e50a
51f63ff5
878083fa
19e4e039
39873c03
338f9382
01197af8
260386c3
d3441875
015c518e
ca4b89bc
fe3f17f7
e789dfff
1ff809b7
281e07e9
baffc1fa
b7fd7c7e
00008992
00000000
00000000
00000000
ade55552
0a06ffd1
996bf042
5fbedd55
31f34dc9
de4f766c
5a71be85
04ab3be0
8dc03ff2
e1b6c2da
8eba6c58
3ea13b9f
32bc28f2
9d2ec161
52b2bd2d
15db85e1
7e45f47f
1e530eac
89dde0c0
70a29d31
84dd3d80
ba67ff5a
3f54d82f
83f92184
0000ad4d
00000000
00000000
00000000
02516cac
568eaff4
b9bde7a6
f9a2c60f
5c22f13d
80d0fe59
e406fecc
53004b78
d8e705ff
e76bf807
4002bf70
670c153c
d13004c2
5cc4058e
4be14713
c984ecf7
ae78fbe5
e2f725fb
80099487
0c881e9f
50a80481
ac628a69
39ee9913
820bbc44
000096ad
00000000
00000000
00000000
3270e9a9
6c759c5b
7d02460b
e56485dc
e91dfe00
5f80c878
b3f9de08
61a7dc13
0ffc3921
012b1201
e06fe5c4
ff01b15f
5d2c0b2b
e17103ce
e296b181
ef6899d7
fd021e1f
86b867c5
bc6dda6f
30cb735a
7a11856e
bb380749
b0c43fd2
a54824c9
0000eea6
00000000
00000000
00000000
a5b78092
93eb7d18
8f450af7
f031117f
fb07e02f
ffe0b26c
8f5c8755
01f0e0df
2686c60e
29c027e1
c01ba03e
7e0fdac3
c7c0e838
7e721f8f
560741f0
d67c7c5f
60e7c383
e57d683c
07b3b501
503f0315
1e20fffa
5f1001f8
65370c0f
d63cdbf8
0000bfc5
00000000
00000000
00000000
7e43f9ae
2f1f16e0
e80b5fc8
f16538ea
a96db9e3
860f1b06
b8013433
0d838dfb
fbdbf9d4
fd928bff
9f52e02b
71da9f04
338083b1
2c1e4c63
f75b2010
40160c01
0d4cfcc0
f65f7e6e
f9796e7d
1f333995
aef7fa8c
49bff110
bdb5689c
c32920f4
0000237f
00000000
00000000
00000000
f5b57c0f
08e6eb60
fd2bdbdc
eee563ff
c0fb4037
0c08f3e9
f1f41ef2
f2303bed
a42403ea
f35ef83f
cfed01ef
1ef4592f
83802314
1caf0071
5559c80a
999ea000
7b0d7f42
f739cff7
8359b652
02d01306
41c8186c
f843fb77
4cc57fbf
263a49d3
0000cf79
00000000
00000000
00000000
a132e4ac
18923c6c
21f2816f
fcebbf04
4f881d70
9c6026ff
3fc78573
13fe3448
80acc3a0
10fc0070
70574087
03cf1e38
738cfa3f
13981fec
d5f88170
eedfc0e7
526dfe0f
0290bdc0
c43587fc
fe3fa5ff
25fffb1d
635fff87
1fa79ffc
f351833c
00003d02
00000000
00000000
00000000
87df0407
07e4050d
ceb5ca26
9ae1ec4d
33b8a8b3
f30bed94
0bfc7d01
dd9defe5
67b01e33
f6d6017f
dfef417f
f82b89bf
8f608c6f
dff6001b
c0e5200e
0bda1200
0bc87800
3ef93805
01154248
1ca37faf
2673ab0e
227cc09a
3d3f051a
b973ce6b
000095f8
00000000
00000000
00000000
e6b0e12d
83bd6c47
0cf350e3
f034c83f
fe012a57
1fc02a26
43f9eebe
c43f87f8
6383f85d
00407f01
010887f0
f01054fe
7f438607
01f4ffd8
f003373a
51802082
fc800f27
397e2077
f3800c1f
7f1f34e3
67c1c03d
c3fe1f8b
da3fc0fe
fcaa6c0f
00004cec
00000000
00000000
00000000
b356986b
ae3f0c62
28f8511d
dd75b5f3
ff3227eb
7dff282e
5f87eca0
fb8e4a75
c97703f5
04b59000
e103fdf0
0f5ed5dd
52ffd0eb
847ffcd1
c21277c7
b8a4a008
2019c801
4122a500
053e3530
7727e84f
cbb58bde
5b997f7c
07a5c778
7f62d471
00007b17
00000000
00000000
00000000
2252a2cf
c4f511c2
4294cb4a
b108de7e
b83dfb2f
8383e452
7018387a
888187b6
ae8e107d
fa2ff10f
ef40ff84
8ff6abfc
583fe49f
b9dfffc7
c803cff7
0240126f
00280105
0080c3e0
4054e054
6403af53
b9c00c70
82011dc2
46143bfa
b763e2f4
000065be
00000000
00000000
00000000
aae05caf
79464f25
499c9db2
ebb52a05
992c6b8a
40e82e98
d80626a0
5b7c51f9
13ef66e7
ff0dd670
79647007
63ffafc0
ac016822
77b03ba4
318c40fe
165dfb80
0069fffc
310353e0
1903b15f
ecb98d3c
d3faffd1
15f95e2d
be452152
19e99dd1
0000b112
00000000
00000000
00000000
35e2dcbe
134f20c0
2200150c
3ec5eb40
05fcf9e0
860eb674
a53dfeab
2d47ed37
79438fe3
b6d7007f
3d6121ef
7289268c
cb210590
56520b2a
e27a21df
e67ff31a
dbc25f39
1c36b24f
4005663b
da880c4f
c6499801
962f45ad
423badd8
a22df0a3
0000ee4b
00000000
00000000
00000000
b6a1144d
116b7931
fe68ff04
9fc72e9e
e03f6595
2787ea65
a03c7f4f
76004d71
538001fc
eb22000f
c202f868
fe115d9b
7be403ff
affe00d7
4dfc400a
52b06c17
3b57d780
e7fabfbc
82f4aa4e
06c11925
4230a344
64878214
ae0bad03
7d92107e
000012fe
00000000
00000000
00000000
782f830e
492c599e
26d4685a
fd4a5032
3f029ee9
a7e07ec0
e0941b20
f801c2a3
4ecac6aa
d4ded47b
ffb11fdf
b0be31e8
c5a6fa6f
37bd7f23
8aee60b8
e77be225
051df701
020ccb40
50236024
401b98ef
3c81dd4b
283a55f4
35308132
8448898e
0000e317
00000000
00000000
00000000
0d550340
128d4074
9c34a51c
9e0a3366
d1af33d5
5f36817f
a9e97b67
e6583999
6fa083f2
cc1c001c
e754a03d
7e01f80f
9bc02462
cedb1104
b5f622d2
cb3f3ff9
6e87581f
06361a36
403fc318
1333d72c
93ec6d1c
8126b9e8
35b26f7c
6c096989
0000b33c
00000000
00000000
00000000
b178e6a1
d8bdbf82
f09adf56
7f3a756f
19a532a5
08c147f0
c2fa3788
9c1fc1d1
8a85fd34
7074db92
07461b80
1fb589d8
ff3e106f
ffb9e92c
5a684ff2
d0141e7f
1f60f2f3
c1944afe
9c056187
f3c0409d
35c17d8b
7e9b5ef0
f6d1f4bf
c38523d6
0000d799
00000000
00000000
00000000
e01d2df0
24e5c8f6
598fbea0
db323d65
9f35d5b7
87f930f9
76ca1355
463962fe
72c246df
5084ac21
e69099eb
c81251ad
bd88d59c
fe5a05a5
54ed6459
670f0814
1e9b7bc1
79dbfd6d
ffcd6441
9fb6abf5
94fd28ac
699bc256
deec58d1
b659732c
00006828
00000000
00000000
00000000
df8fc69c
7419d095
c8e0b784
7073ef63
a51f28b8
edcc44a3
7e0f02d3
425075b5
d7d00748
df70f66e
e3fc06ef
2e070586
c80ff15c
f1217f1e
89949ff9
5a2a0df4
5783a7ae
014cbf00
3d00845f
de1ad89e
2bec0e29
b3789abb
ca6dba49
4c025530
0000465c
00000000
00000000
00000000
ce10ad3b
e1aacd0c
3a80003b
b9670007
478e6351
ff381f1f
7ef38b47
c9ef10fd
f43fffbf
dd5647ff
7fc0602f
07386702
00600390
ef22804c
5805820c
fc286e39
3f100323
39f59033
f1a9b98b
bb196768
26fb45b9
c4ff9d28
2db548e8
099b781e
00002fc7
00000000
00000000
00000000
66db8ba7
fc998ead
f7f55fbf
ffc15c5d
b94eef1d
2e2ff621
010fffa8
f84f1fe4
fb8df9f7
f864e7df
cfdfdbff
4c22c907
00c104f8
e8000064
fb20800b
05a81401
0086cf40
f51fdbf9
fbffd09f
0f816323
29ff7983
e3bfd4cc
d4f7fefd
12fbd802
00002187
00000000
00000000
00000000
9aa12c51
505ea2e4
e58bc03f
ff1de003
01e06180
c40f02d8
7c10f976
93d00f86
cadf8070
7f9bfd87
8371dfc8
f87a07fd
3af60c1e
7100f43b
27c05f4e
457c0be5
3802dcff
e0646e9f
b80c8593
8181ea49
40020e90
c3e3b9fe
52bffff9
5d4d7e13
00007856
00000000
00000000
00000000
1c7918f9
7b2d1b10
bfd32fdd
fede417b
a4a93c3a
000310e9
f88857fb
edd822d1
3efef0d0
2a98fd44
5ad1f6bc
fefa0c7b
177f2af0
302da363
bc5b37ff
d8abc27f
3efa14c7
25f12e67
f8cd34d9
f618b2ab
480029f7
6ebd9015
cdb22fc6
6cabe33d
00005b25
00000000
00000000
00000000
89c7c526
ae1a8e98
1d5d82f8
b28a6275
26a60498
0e3c12f1
d260de6c
01ac3541
f7cbe7cf
ff402c3f
21eab7c1
c090207c
522a3ee7
0167e112
08a37817
43e1ff82
00c34ff0
d0b0c194
d2865151
67b3a1f1
951b72f3
cf3fbac8
e7c5fe1e
bc613dec
00002bd5
00000000
00000000
00000000
a8bcbd8f
1c009ec8
c183630f
2e0ded8a
e2f2e1cf
2f9c23c5
55f07619
b29b77ef
f5006008
00200380
451e8020
9eb2f9fd
ddd5e8f3
30781b6b
1b2ac0ae
f5b5c815
ff33ebff
3e5e4fe3
03ee6db0
ed3f04bf
3370b90d
73653afa
e53c4d5c
28ee95d0
00006bdc
00000000
00000000
00000000
efcece60
a26053b2
a04211d4
a9432cdb
7eaeb9de
a69f1bdb
4102db7f
78000abd
a0c18ef5
26140bf1
c015c87e
5db89daf
73de0808
8c0e720b
5883f164
8ada1fbe
e63876fe
da6af79f
2dc23a27
2b49f840
70f57238
1a1fa90e
77fdac5f
7ec788b1
00001ac6
00000000
00000000
00000000
f62c2294
4683775b
e0c41bc1
9b4a468a
f2216f6e
7f147a51
7c914008
7df5042f
7f58205f
f80b8006
5b8cea02
71fec280
968db52a
2547fea4
b80ee5e6
55ca04df
fad3bf7f
6f4c1cf1
92b7c654
5356a4fd
bbbf9a43
721bfc15
6b9d0526
5610b619
0000794b
00000000
00000000
00000000
b9ae8d27
c107dc30
2e2e5cff
02e20400
f1f6f722
bc3ff7ff
4febbd1b
0003063b
cf8001fd
b3c8061e
3fd00f83
07f66bfc
40ff843c
7c1fd05c
7f60fe00
048e0f80
005ffe18
c01beff0
fe03f37f
6429f81f
6e1fffbe
d0befff8
f195f7ff
62ff17ff
000048a6
00000000
00000000
00000000
0dbd272e
5d551b8a
28fda74b
f441eaf9
5328e29e
0f0a13f9
03e78909
e4ff34bb
cf13f31b
032a3f00
e87df27c
fac7c0df
fe82f71c
1bf02ca8
2c8847f4
e046b02f
3dc65801
30e47c01
2027d110
2fd4cdac
187628de
0cab22fb
4454af15
92ec452c
00002697
00000000
00000000
00000000
ac786565
38a39117
536ec934
8b65fb2c
b0437977
7c06788c
11ea156d
55abfacc
024207f2
14da1946
a044e118
2f0c79b2
053a8c36
6463fadd
97eaefe4
e4f2e3fe
e7335f3f
17b99d6f
8729525d
de4d78a7
a387e413
04d08ea4
d77b9191
b61d3125
00002bb6
00000000
00000000
00000000
b6a31cf5
984b4317
b97f37bf
ffe4c13f
1faf4d0c
3ffe63c0
cefc0874
003f818d
41dbf800
00a7ee00
040a5dc0
804087d8
7f26f2bf
47980fb9
86df011f
dc413804
fe600dec
fe383087
97c82b00
4fff9f90
83e7dc9b
211d3fe1
f58d03fe
c8f9d02f
0000822a
00000000
00000000
00000000
d8cb43ae
97615356
20e0de17
c5373ad7
1f6bdf00
bf1ce9b0
f7f02c03
4d7f80f2
30cf8e15
f3e4f002
1fbafe00
fffe79e2
caff791f
3d7ffee1
6573ff81
86c774e8
20d613e5
f802b11e
2f80e21e
00fc1164
4203a7ec
67003fdb
931c01f4
feb9401f
0000156f
00000000
00000000
00000000
280c4c44
bb8b8e18
4e58ea71
ec0167f7
ffa02dfd
be5a1a7d
7da5e1c7
2b8fad04
11a43ee1
d07003ff
0c00e001
18204000
1fec8240
91780767
a817c2c6
e81c7e3e
076093e3
f051593f
3f820443
03fc0780
a01fc094
7e82fe0f
119807f0
978e1c0b
0000f297
00000000
00000000
00000000
8352e268
439c8ec7
c6838b71
506071f9
498c9228
bf3b4c3a
e67b79cc
af0feaa1
5fc239ef
16e80fc2
c139287f
fe059207
bbc43fe3
cfb80397
5bbbe1ed
707dec0d
04d3bb80
14dfc330
f6400f99
835a5a02
dcd7db6b
a983e5c5
a141ff7a
c2d2162e
00009b67
00000000
00000000
00000000
62e9b987
70f8944b
87d291b8
f84c5180
4b87cbc0
aee4132d
1fd8440f
01b001b5
d45c0039
ffb9e01f
8db84dbf
e80bc63f
9e781ab3
a94680fb
8217c002
f5708507
f96d24ff
fdfef8a7
3e405ca3
7be01df9
7bfe4028
d177c522
af51d62d
ac6d57e8
00005af6
00000000
00000000
00000000
ba58bf47
ef9431cc
24615336
11514d56
04720ae0
28e89d3a
540ed569
8780703d
e1ffce0b
0f3db001
3258bc00
83d3b680
0c3fe29d
d487f4b7
c35edec2
ef6fffff
3e0ff3fb
3221a0fb
019363df
73dab2d7
0e84d392
75bfa8c6
2a85c1c2
bd2f28aa
00004739
00000000
00000000
00000000
c2878fc5
a3476015
833f6132
3a0a6972
a4eedf2b
420b49ad
4c0045db
267e7e63
9567ffcc
82ac1e3e
05bd6010
b835de43
65ab4998
6c4b7c0d
6b00c7e6
9eed3f7f
01e82a43
40e3c79c
407a67be
bebcfcf0
cd142524
854021b2
dd6020bf
eedcaf17
0000b4ba
00000000
00000000
00000000
212cb378
cc70c9e6
2a090e8e
efd84e3f
f7009c8b
53f3000f
3f97e032
47403b80
5eb801e0
0a408400
7f95d183
21f1f08c
c5bfe762
1c3dfd0c
eb23bf7f
6d5f1fe2
4107d9dc
1e191602
71b418e0
b013e36d
e391f794
049ec247
71f94acd
f59edd5f
00006db7
00000000
00000000
00000000
ba1f346d
6aa44677
55053d69
211ae8f8
c00233fc
f819a28e
7be3d87c
90ae18cc
93cfc206
eb8c7d30
b0ebaf83
977809e5
1deecd4f
0de678d3
962cf47f
18320c81
40163f40
8e41c008
27f857e2
81b57148
4413fd19
a97ff716
5180eabf
ac70cfde
0000d4d1
00000000
00000000
00000000
6216c494
970134e1
371c765d
93a0ab3c
ed313d74
4e8f5c34
1289437c
a93024cb
c644040a
100cb021
ac2057e8
cbe15f37
2dffd351
55ecf81e
e697f78a
f7a6def6
b97e207f
c2ba3ad6
5d2eccda
24b0bdcc
5bf011e8
d03f297f
d05c722b
1f5d0221
00003d82
00000000
00000000
00000000
7ecf62b5
8219899e
7eb5063e
1f5b9b41
fff8501f
cfff97bd
2946f0fe
3aee038d
3aafe091
f3c4be07
b7fae03b
f87fca03
3b83fe01
c1dc0795
c61c78f9
04a0218b
803f0018
82fcd040
687ea681
8743c1f8
aa7f77ce
b4fffc7e
a13bfe91
daa73d9b
0000eb2c
00000000
00000000
00000000
5f6db27e
29cacd0e
e046ca42
046c5d01
ee0119f0
87d0dbec
9c180353
37e3c23d
e9780cef
0c260056
802d0000
fe182419
0f71dc56
adfb07e7
2d9f80f5
ce4079fc
fef405ff
fe448057
f7c0353e
fd7809f6
4fc370ef
48fe1201
e0480001
30f24106
00008579
00000000
00000000
00000000
76b7cc31
d7b8c48e
3ac259d4
155cec20
7f17e4c1
95c9e7d5
b9c7580d
50ca3d74
dd46070a
0133d863
f8bb6694
fce3997d
bc47096f
7fe94448
695c801a
75e32605
e7b12ff1
e4312d7e
3c6a0482
c9213e00
364b8cfc
3af57c83
3521adda
69e2a1f6
000060ed
00000000
00000000
00000000
1a21bcc6
1b91c791
a1673bdf
0db815b9
13057262
50ac61b0
840fc0fc
9cb1e02e
788ffe08
0ff7fee0
37f6abe3
6dfea95e
3077e2a2
0087bfb4
a0963809
0e65e301
c98a8380
4dd182f8
79f4071c
7a9e6414
ca86fb9f
61f80f7c
a2efc0a2
19fee2d2
0000a46e
00000000
00000000
00000000
e5001a78
63226fc0
da10a0e3
fffa780f
7fff7271
3ff80274
7ffe0034
ddffc0e9
c53ff000
f044ea05
47077ca4
e61041fc
aef80a9d
203a4026
3a830720
e6b063f1
f63f0f33
85fff0f1
47a0f40f
0ffa0002
403fb16a
e507fdf6
b9807fff
fc748ffd
0000c02e
00000000
00000000
00000000
83c22748
26eb296b
568732aa
5e2d49f9
8774f0cd
287f67c6
c79f014a
0cfef8aa
06bfe79a
00d9fe11
0409c780
fba858be
07b55cd4
ed1dc588
d641e723
570d1134
04aeb420
728b0b62
f3c177f9
fd277296
39f0fd6f
b7f02bd8
3b511664
3368a06a
000024c2
00000000
00000000
00000000
2ac0b52e
3fc37c01
664adf4e
dde4e805
1fd8b5a0
c0cef1ae
fe00f27c
3cf0c760
80bfc438
ac6abe67
844277e1
ffd473fe
73fc0a9f
501fc08a
3a00e00a
8aa08008
fc600e1b
0fe2e060
0c7f5081
055fe5e8
3bff9f32
15effcf6
f58c0047
246a8c0b
000034c6
00000000
00000000
00000000
c88eef2b
239fd3b0
377ce843
3d2dec07
07d78240
95fc0f63
2bfff82a
defffeac
084e1dd0
111ae980
a00e0f9c
e900e1bf
d60c0607
c5e06b12
7d9f03fd
ea2026bf
5fe6cf6f
80f1076f
30055427
8120dde2
7001a468
54c0298c
2302104d
d31b5696
00000ba8
00000000
00000000
00000000
3697e00a
6788896e
c5face53
e4b234c6
31839ac8
ee2e017d
5e03e0cb
51c03e8c
3172c3c4
08acfc19
f06c3f0e
0703b528
7cbe7f97
f0cfb70e
04c0ffa2
e2f06ffc
fa32107f
06426883
ecec25b7
928323da
2e02c389
24e21108
817db8ca
1f973d2a
0000ecf5
00000000
00000000
00000000
778a0289
04659b7d
5e15aa83
0aab68f2
e018d6ef
ff929817
9ffc7878
a17ff64e
6d773ef8
6c8f0487
805604c8
00c02e14
000602c0
c4000bf9
6e1290b8
f71981c7
ef5b15bf
99d07fff
854164ef
6ac3154f
521485cc
5a7bb1ad
aa87e7a3
f04b25fa
000074bb
00000000
00000000
00000000
c4da1c99
56368eb2
d2b45518
de011586
1f88f140
43f21238
27f700f2
f63ee015
22007205
06381f10
00628760
f47fc07e
7e7fb206
c1fbdb10
fb1ffdfa
0d3cf7e1
e19f580d
0fb66702
20288fff
fccdd20f
afc3feea
24f67ff9
5db100db
453398f1
00009f4a
00000000
00000000
00000000
d8e627f0
93d136de
ffe2dfb9
fbc182df
8e7e3158
00ef5328
f23fbf60
7431f7ec
0642ae49
00584e60
d00930f0
38a07fc7
84d2a0bc
2f11fded
2fef0ffd
fbe5dc3f
f84effe7
dc92145f
7658500e
031c5688
20093fcc
c46c0afc
fa144427
13248d1f
00009126
00000000
00000000
00000000
9b656327
480f0ddb
763345e0
974021d4
7098d851
03a5d418
5a89f650
ff640d42
21f7f8ea
c117bf80
ed05cf6c
dff5b3b9
faff24c3
a49ff78e
4b7e8025
f88be22e
3fb46ca1
1a5a3018
22d4e226
a9545ef8
c405bf7c
88bb05c1
018600f8
3017a06a
0000bb87
00000000
00000000
00000000
805f8373
79d7d936
3aab8fc3
ec14a207
0f00cc40
83ec01f0
605f2056
740fc6cb
fca1ee5f
1fa03e40
c03aa3f4
d620e43f
eef00587
831be17c
01216e08
0280d7e0
60220f8e
4e0243f0
cf90481e
21f82e81
ba43ecc9
31962cf5
13f0c521
1c9fbe00
0000891f
00000000
00000000
00000000
65373054
3eab99a2
beec94f5
fbae443f
3f1e2a81
1e12110c
80fcf8e8
b060fda8
fdcf07fe
fb56f8ff
c0283fcc
0000a7d6
c00d0778
9e003cfa
d9c101c3
fd9c0e0e
1f934461
bdffdc27
ff52d992
aff1200d
0ffac111
b87db8ff
90e30dff
1ffb70be
0000e76c
00000000
00000000
00000000
ba2a7739
69db4a4f
84b6db7a
6f128ffe
58bbbfb7
dfed9823
400fbb61
ac807fab
5a4887f7
924dbc7a
fa441fff
7e38c59f
800e0cf8
bcf87ac3
9fc887f5
f7580c3f
ffedf847
0a603e06
004c0230
8f940904
032401f0
9b6b8fa0
e9ec1f79
4f27601d
0000b369
00000000
00000000
00000000
a3194f3d
5a300136
769347ce
3708a4ab
c3ef74f8
9c1efebf
7807ebe3
0bba71a7
2d200101
03a20001
7959b081
c7fc0bcb
6d7a9393
1117fdb1
860cfc07
6bf7e3c3
e5f61b3c
bcd9b393
bbd4d390
7af81e76
b5d72080
bab9fb16
1656f7b1
d7f2b899
00006099
00000000
00000000
00000000
e568cb75
eff94a61
ecc2844b
cf03e307
1eb63146
2afa233a
cb7fbfd7
7357ffdd
f9983f26
be7733fe
80991fff
1802e73a
d19d0940
2331e0f4
3f497e06
2d6407e0
01c71020
23562000
8bdf48a6
ff6edd28
bb95de41
009f92b6
a965fefe
a4ba8cec
0000ade4
00000000
00000000
00000000
dcf11b6d
54c2b415
11220806
0fa279a0
0fc02bf1
d07800ff
ff078687
e7d87873
4adfcf87
8e2e6e78
718cf2e2
02281006
8000cb70
9f01c289
77ff7d0b
fb5ffff7
d7cdfbf9
cd5f26ee
dff358fd
1b7f4c2b
813bf296
b500e34b
25260004
43749f3e
0000d31a
00000000
00000000
00000000
db133a24
318e0f39
3435236c
eb72a83e
7f8db19f
07d86601
80638ea2
942f004b
f88ffb97
dfa5fffb
fff8bfff
3fbfb83b
01e1fb30
041e0727
5fc80079
d3a05038
7ce3becf
40d1df6e
e00de4ad
5e1020d7
2de0133d
923f3719
be395df7
c73b44a7
000094d5
00000000
00000000
00000000
3cec6258
03389ff2
eb4208f3
b5e2d12f
d1e73a2d
793d846d
ac71de9d
6c02cd00
014499d0
c6da01e4
fa1c0a1d
93fdc419
1603eec8
fa024560
78099829
ccefb801
418cc2c4
cf1b793e
9aa7c58a
9338b10e
47d780a7
3326ec02
5b7c7428
48fda38f
000016ba
00000000
00000000
00000000
204a6af1
77a96327
378f649a
be7e6c47
483eee90
b418569c
67e01e24
6bb802a3
9f3bc3bc
af1cea39
1e583bf3
7444422d
d84766df
34a02adc
cdd88393
4f67e02d
10fefc40
61fea684
4e0d3999
b294ba07
a3dfb41a
ebc669a6
36dc01de
7c264993
000028d4
00000000
00000000
00000000
80907743
deb04432
591ed462
e1bff52e
becc5396
dfc03f0a
76781a46
980002a3
bf84008f
f8cdbf93
defa2bff
78d7881f
0bc75c53
883c077e
59b98018
b206fc1c
ff6073e1
f0c6e18f
f574eb86
74860646
676821c1
f097d4fa
6bd4c813
7eab765b
00001920
00000000
00000000
00000000
576f13b6
28c59212
13bcfcaa
b15365ac
00c87937
16125b92
8ff1b3f1
56ffd118
a3cdf8f2
eb3e631f
8043f540
28024c50
b8205103
10437b25
c438075b
ea4721fd
e670465f
e84d2a45
de21bd54
5fde2169
3ed91ec4
f54b2f56
295dbfb7
6d6767f8
0000990c
00000000
00000000
00000000
6e39f457
3c566304
fc2fd368
5f74c001
73fd448e
5f8e6128
c2fcff51
e803e78d
04f40c6c
a001e0c0
3e1b9e0f
f0d267fe
7ba704ef
e730e03c
36c31c03
487c0980
ff9be00e
eff17e08
7e7fe242
af47e35e
1881df7b
8d8c1034
2b38e09f
cd7d5ffc
00004520
00000000
00000000
00000000
00fe7b1f
44b966d1
7aae242e
27b5220e
170b6e00
e8028220
bfc00437
c7fe01b0
213ff800
e2affdf0
ff24bf9f
1ff81001
07bf7f40
243ebaca
5f13cff1
e2253e31
ff4f80f6
3fe29a8f
a0f980b0
3207d595
63701b00
1a004079
1c400007
7bfe000b
0000e7b9
00000000
00000000
00000000
f9c388a4
a2ddbe80
4e0cc048
cd172c7e
be3438ef
3e820191
84fd5aca
10efe004
0cc7fa00
15e0f800
7b4d330a
b7cc78a3
805d65bb
5d83379e
c2c51020
7477b81f
ed85bf81
8d724178
c66f83ff
d3ac0578
2ac00766
ab424fef
5de98f33
d7f3e8ff
0000f564
00000000
00000000
00000000
1a8a0d0b
0278cb7d
60516d2e
daa77cbc
6f4bd833
016ffdf6
74039288
4b183058
4bdff10f
fb7867f3
9edcf6bd
01fd9388
218ff40a
78051f4e
37c1f0e8
3699050b
c28cb148
feb9b787
bdec96a3
75bb3f07
e353a628
c3908528
35b07407
521cad71
000021b8
00000000
00000000
00000000
68b7996c
54416111
04175739
7585d6c3
40f2ac6e
fc496547
b8563182
790000c4
49900004
ee0728a4
fe1b39df
01dc1d78
651f7af8
54b50933
8bdfc073
2906fe0a
d90bd8d0
fff18e9e
10f390a5
003a2d0e
0c800116
6b008377
8989001c
ec8c84a5
00009dec
00000000
00000000
00000000
adcdfeee
636229ae
0f4a4c21
42d23ae1
de0a1db5
bff0d23f
5e9ebf4d
8404601c
ac48c7c2
3243e6f1
20076026
02026b15
76340bdb
3fb7c023
9ff8a092
f207fc05
8aaabfe1
6f5442ff
dfd7553e
bfc41d03
5bfc6a68
55fffab6
45b05109
50952a8b
0000b770
00000000
00000000
00000000
f5fb6c06
691b278b
321f0e01
00d885e1
03800b6c
f03f068b
d703f43e
32104fdb
fa503c3e
071e07e3
f10da03f
10761700
8c1de3f1
61e1bc37
582f0995
1083fe72
89f41e76
5c33c1c7
f3803e5c
ff3056cb
6ffc0a4e
127f8602
255fc060
9816fc09
000080ca
00000000
00000000
00000000
45dcf6c5
0c73dd9a
56ad1cda
795018de
034e9362
540bd1f9
c638d670
aa2fb04e
99dbdefb
b52211d0
0c45e006
1fd02900
f57d5d26
98f2e209
aac02823
8bcb5872
3c73f060
f10681df
ff1050f3
7fc423db
7a7e53b7
64dda47c
8fac6c8f
a52cc5ab
0000f239
00000000
00000000
00000000
77ed6e1a
ec081dfc
f04863fb
97e54e01
1fbf9e41
07fc822c
a0f86064
1c0fbc06
0880fb00
80b00f10
bee3c0f9
78fd8c0f
07d8d268
fe3fb1c7
efe1fa82
c5df0f34
6137f8cb
86023f90
00f00c40
08120014
8443c848
7e202e3b
52d006cb
7b25ab17
00004585
00000000
00000000
00000000
b4e13cdf
08672ea7
baf67fdf
b0d11d63
ba2f23ea
203119d5
ca01f0d0
ac003f95
dd8003f5
f467457f
e0da111f
3c8eefe3
efe56abe
7f1e7fcc
a480efc5
865587fa
c12ac47e
66c35744
0ebc0410
1669ceb4
7bbf48b9
9f87ea2a
66f1ff0d
6d59ddc7
00009243
00000000
00000000
00000000
e9136021
04f7aeb1
b02c7d86
f521e2ca
c3fe9b45
a2d788a0
2207220d
d480fe4c
0fc3078b
4a7c7860
f86a59ff
7c037d47
7997089d
e73eea88
31b2e7a9
44ab433c
08bf4871
78c60fb7
15c6cac0
08462d25
33080a3c
15026117
59ac19f7
6533cbfd
00000d0a
00000000
00000000
00000000
f5a06dfa
13a17e52
0623e69b
81387c89
c8047368
a48972dc
53dc223e
69d5e0c3
10920bfd
f0367af7
f98ec7e7
41b6a89a
1821ee8d
57aa15e0
17caa129
5880aeff
b3542dfa
f262f2ff
2e0c975f
f9e93860
884c0832
eb9b0129
36817a11
87174db4
0000147a
00000000
00000000
00000000
0894fac4
c02d0974
736a243e
aa9aa3d0
1df9f294
e0ef6b21
7e8031a3
4d606b3a
1fe90def
f438418f
80036910
7009f5b3
ef217297
28f7f760
9d01ff5d
04f907f0
814fa0ff
f12a7cca
99018be5
30b5d98c
2257cc51
0f4bb01f
b4e49902
bb4bf65e
0000bdcb
00000000
00000000
00000000
1e9cd503
cd62f2dd
40921819
848ec884
f1007a11
bfc30bb6
8a8e0106
e020020a
015ff055
10fb7f82
fc6adff8
affe0773
7cbfe09f
cce1bfbf
f69838f3
52418107
acdf8c38
7c51a153
56607117
a9e119fe
480f05f3
87f20338
5231940a
c353bc56
00006cc3
00000000
00000000
00000000
894657b1
31e507cf
4c4a5fee
4e4a16ee
4e125966
a8fa616d
0d8fc23c
07fc3902
357fc119
d5920808
8ffc5231
287de760
2983ca8b
a2bfc1d8
42743c2d
0b288780
84802450
ff942c03
dfb62a58
6fbfb49d
a49d54d8
785aeffd
1f31fff7
76233174
0000640a
00000000
00000000
00000000
47286326
39d27a06
f369a768
184c3160
804f8cc2
7c6ea4df
1fd7f3d6
d2a9fc19
bcc407f4
0628038f
407ea124
2405a064
9c671eef
8e427ce6
62a8d06f
90bb0802
876964b0
ba756f4f
7afc5eff
ee1fd21f
534468fe
15da44f1
b51efb80
c8b0b7fd
00005706
00000000
00000000
00000000
24795dd1
f3d6c0b3
f60b1264
e0cc0bfb
ff72e56f
08f8830f
f40dc199
91001fb5
c73c03fb
ff40f679
bfcaff63
21ef03e0
8129c10a
df213cf0
3499c0c3
a4c9d2fc
f8a8178f
5645a3f8
cfee376c
c7f4a612
e75185f1
617c7d24
f04dc070
c7941018
0000838b
00000000
00000000
00000000
2762ba16
77c49a88
6125d1bd
0c241d18
f042d03e
fd8e6067
fe04f173
0fe06033
d4ff0f45
d7f270f2
940363e0
fc003c1f
01f00100
8003c010
64703f6e
c24384f8
3c396447
e3a451ce
03383306
2037cff2
bc08fc2b
efc00fce
372f87b4
da4459f2
0000bbb9
00000000
00000000
00000000
32f05028
ac1c88e6
10cbe2f1
66adc95a
62217c0e
7d3dd45e
86eddb68
c111f651
ae4e87d3
09640020
38633b46
d3dd0470
918fba28
5afa7948
b20affac
00b60df1
035b934b
c07e0f6c
f01ec3ae
9916f600
103d7229
44104940
a90ad2f8
eeb82c80
00003a17
00000000
00000000
00000000
8712f476
f23d653d
de210ffb
0957ed72
f0bffe70
8203679d
7a40ac52
89fc16ff
68bf39ee
bc3f728f
08724000
3838ba83
0c40d420
1f9e1ebc
491e63ae
cb4dbf0e
025d0ed1
f052433c
7fc72269
6fe0ee07
62a8b9eb
57328005
0d4a0053
f2bd6303
000088a3
00000000
00000000
00000000
61eecc0c
809eb8ef
ffafc928
1ffa0603
c3ff9380
7e1dfd87
c4e2ffa8
aa003a12
00d80700
80c7e438
5f035ae1
0fff13c2
9cffe0bc
dbe4ff2f
fd7c06f6
f2dfd03f
5f05fe63
28f5d7a3
18c05bfd
90341c61
a0a340f0
4e000b17
99ca3602
544d0ff3
00009505
00000000
00000000
00000000
863d7e60
81c65c13
a8d782af
943a1b91
22aee23c
7cb5ec87
b6f58fbc
76670ac3
a9d21938
06e40583
d1ba81f9
f808c1df
b7bb7609
e36e81c6
8383de16
02345731
732c3ee2
2084fc8a
0e4dbd04
7076f78a
c2fff3bb
077be906
11321db2
d279beb0
0000532f
00000000
00000000
00000000
892340b2
03fc5566
88f9cc7c
60ee40bf
08072a40
c0bd93ea
9fcf0c8f
f5fff303
fdafffbc
ff98fefd
3ff949ef
60ff500c
0205f520
04102932
f0800801
1a86fbc0
a250e538
7ffb8000
13dfb4c8
effff17c
cffeffb6
7bfffecd
0071ffd0
7d51be30
0000b65c
00000000
00000000
00000000
a5b0570d
6962ab17
952e5d77
7d64abaf
fe359639
81c0e610
2a0819cb
2354038a
f6ffe02e
f1b0f462
1fa4fe03
00fe77e0
f99faeb2
4fd9a1b1
2c7c7002
e8036b03
c6fc7634
ff50a6bf
5cf1ee22
df3f09f9
f62d5915
a257ffc5
eb32ca5b
f7cac58a
0000e1f2
00000000
00000000
00000000
37101e33
4a484d54
08004892
39674300
f2b4e731
1e3fc841
17e1ff28
dfff3fed
e09fe3fc
f840021d
3c44f001
23ca3802
b2109446
429180c4
43c80008
1c4c8001
f2ce700e
c7c86310
46b98f58
fde7e34f
9efff312
f6fffe00
2df3bfc0
1e6b79c0
000079e2
00000000
00000000
00000000
f1e9a84a
eb0828ae
0fed2411
009c3f80
004745d0
5808eb7d
24007dfa
ac020614
ec00c2fc
fe7df47f
7dff3807
07ee4fc0
f23f097f
7fc7fc77
6fff3f82
032ff3f0
c00e007e
00034001
00008c00
46b80a04
00707f08
cdb047fb
bbf3807b
d4a18969
0000fac1
00000000
00000000
00000000
9c04935e
1b1a526e
d9f53a3f
c61b215d
f3e90aca
e47fc042
4c09db9e
b9903c15
f75c02af
3217b41f
41bccde5
f00eb11b
a2810fbf
fcdfe383
bfa29e14
afbd81db
3eba895e
c033f0d0
e08eb0a5
ea7d11c8
25f155ab
f590f60d
8d10404a
39e726a1
00004fa9
00000000
00000000
00000000
78f7668a
7abe84ef
fe785c1c
9f761173
e3fb7c0f
1c1fb6a1
6021f4f0
7603df0f
07b83e48
209b8206
07adbd00
83f977fc
f893dc7f
39af1fb3
879df9e0
24787dce
01734704
0469aff8
e0ffccc6
02d1f984
54040114
4d007ffb
50d22be9
6fa6cf13
00009bc0
00000000
00000000
00000000
a08f4751
3691e5c0
92102ba2
c0ea3bff
7c0e9703
3fe0e8b0
41fc1f10
1007e1f4
7e063f1f
bff00133
0fffdb7b
307fc601
03abf848
20383fd2
260380fa
04b73841
001dff85
de065ff8
f03f7bff
fe07fe5f
13c00ee3
d2bc05c8
f3346fff
f87720ff
00006e00
00000000
00000000
00000000
e87ef979
dc5c9f8d
cecaa891
56ec122c
fdb4f2e6
e84466ab
9d48cd73
627cf8a4
8a570709
0018d078
64591509
beee9de6
f0c3f0cb
a5a1ffdb
51a29bee
6edde84b
47e1d500
ec38d7da
7da5ea23
8ff2c132
d00d2292
592a5c69
0a702020
01a08d08
00006b69
00000000
00000000
00000000
e1aa2f69
34b999ca
df7a7f67
b25b2ebe
0cd8ae52
d8f8b426
ae1d3d7c
c839ec84
c661be47
24a61804
ffec2000
87ed41ad
5eb4fe20
ab003e89
8c5e0df3
2886f0ff
e6cf221f
2a14c269
c200aee8
00d629e3
b19c9fb9
f6782a04
e78dee35
3c08e970
0000395c
00000000
00000000
00000000
c703fbfd
20debd0e
d650b83d
1fffa780
31e9c300
fe1a0cc6
5ff0f05d
4003cf4b
7e981ce3
fd3b63ff
7e72efff
e0c31cff
2f8f079f
c164e0b0
5c817507
d5700700
07df0020
397bcc23
797ba767
cfdfd6fc
4ef8e51a
38edd0e4
5cab801b
7f55ee58
000026f5
00000000
00000000
00000000
985e779e
40175f94
3e7ea003
06f99e00
e086288e
871871e3
82310d94
72771b81
b8fff9e6
ff34ffdf
affd4fdb
df7ea77e
5fe0f7b7
d2ff0590
a4c7f0be
64ba1fa0
004c90fc
0005d00c
e100b302
a484a893
b743c6c3
ed114007
390c2a21
cb744efb
0000eca2
00000000
00000000
00000000
ae24f5f6
02558d2d
e04157c6
a9e6ad39
007c4580
0002bd6e
68129887
7271fb66
82e65f03
c2d148e0
16afb061
b931c0f3
7f8df0db
9db87d9e
3c9f89f8
35b70ff9
90982072
7ae35cf7
9560335e
bf4119e7
b73400ec
32e9ba3f
f9ad0f51
725c9c0f
0000d563
00000000
00000000
00000000
2ab76edf
324b0c0f
40e3d296
284f56f0
0f099d10
58f9141c
bb5fc00b
0cf9f366
c9dffe7d
7f23fed9
02fbffa0
cdbfb0f8
0c75e447
f70f1b84
04054415
0ac23721
13b00ce8
3a47d19c
4cdc6c02
b4ffb28f
0d7f1dd0
ce3daea1
624e5d07
055ebd6a
00007dee
00000000
00000000
00000000
ef571d27
18deb1b9
0ca95122
71111067
250dd7da
8410f87a
6f403e69
4b6f0d27
bf9f73ac
f68f4d98
bc543fc8
73c2513b
3b1f5e23
57edef23
9d4e6e0d
86840693
d0853ecd
c41414b3
81f0f210
d85c93ba
9dfdff32
0d4b7eb8
1a3b20c1
38145934
0000d68a
00000000
00000000
00000000
2d2dc6a6
9eaa79dd
c48298fa
ac03077f
08366348
8c108300
737d3c55
b9afcca9
32fc3800
01376f80
b0415970
a7f4ad40
a97f4d30
1f11fd0d
5c1c0f94
1b04dc7f
3fd27fba
f1c4eaff
3a020403
c320211c
3a0d2c3c
4b6ab955
5e038d8c
dd22d712
000047b4
00000000
00000000
00000000
b29e365b
b2a88b16
18e95819
13b44411
1dbbe881
8081eaf4
fa3bb78b
9de5f38d
f5bfbe85
e7e9d1ce
9fe65b00
0bff50f0
f0fffb3f
d7ae7dfc
efec87ea
e95ff03c
3e1ffe03
60d02fe0
4c08bdf4
1dfdc785
65c661b8
f6702c21
92258000
58e5bf83
000064f3
00000000
00000000
00000000
692766b0
1babbace
f67d3def
1ff6c673
5fcd4195
03e04988
52209923
5891062e
b9d85e0b
e8eed3f8
1e898f27
a2fc95f9
f87f0eb6
be0bc0db
936e3c01
4be7a8c2
6521c144
6fbda0ae
5d7fb1b7
004a9830
c156f8bf
55e9adcc
e4128f26
72fe78ba
00009ba8
00000000
00000000
00000000
d8b20b6b
588ac89d
b578b8ab
7f4e1173
4d9bc721
f1685cf7
cffe3e17
9cfbf07b
e5620cab
fec00026
ef88a06f
fc3f2e9f
64a11480
dc3101da
4c000c1e
89aa8831
f30c7c47
1fee6f41
00ea6c60
9dc7a7db
33f1b27e
224a0d54
4d0bbd47
1501a156
00000ab2
00000000
00000000
00000000
a3d94887
c0ae17f3
733e8ffc
cf3f43a7
3b2136bf
cbefa4b8
1cbeba28
b48789af
7c78a829
0db70503
a2efe008
f80d05b5
c9017f2f
73e88bdb
967ffbc3
6c82ede4
c0811658
e48761c5
43c49c82
2a0e86ae
2789f722
62fef74e
d0f7efef
3d90f6ba
0000ff93
00000000
00000000
00000000
4d574d5b
1d1468bc
3a0dc9a1
7d54784f
0fec3692
c67e5088
cdf50f2d
13c7397f
e1e400a3
3215000f
80718408
6b378107
a279f6d8
4007ea17
d5607c33
897763cb
7033f37f
cfdf67fe
3d6f2879
4f7d8273
8bf7f7e9
2b6fa808
a20c0135
8c5a7ad7
0000cb8f
00000000
00000000
00000000
9ae61f45
0eff4cf7
1a4c5401
bcd4f881
61e6d9ec
e207114f
2f813709
3cd00c3c
eb7de0f0
ff937f7f
fac70f7f
63021e36
16785a85
0d47e079
519dbc3e
0d176005
1e825100
240161c0
49b72600
103e8703
0d29fbe8
7cc04249
e5826007
894e4a06
0000a3d6
00000000
00000000
00000000
b28273ba
db0f592e
4db6fca9
d006e4d1
f8d3fb9d
5fc0323b
44ff7fe4
287f7b19
5ef30297
02e2cf81
80223518
f001ffe6
1f80ffce
10781e14
63778371
b77dbcfe
7f41bcff
82b9c2cc
68ae33b6
63b41043
150d547b
a389aaba
0c9393f4
8048adc6
00007b4f
00000000
00000000
00000000
faff33f1
7d4c4b47
fd8ec7df
dfc1141c
bb6f0787
07d77a68
000c7e3b
6f0047b2
e2d89c3f
26cf9ff3
00763f47
800317e8
ecac185f
bec780cb
96e83846
02af2380
c40f7e18
cf0ad77b
7c3c594f
6c737a04
864afa4c
b7575ddd
cb225ded
84467048
0000d2f2
00000000
00000000
00000000
1645c86b
c362d760
fb2b4f40
dd401cc7
b0029a6a
2b6009cd
50b44676
4858e746
82c51ac6
5b10b73e
03f70b49
4f08bd03
4fe82ecc
80cd5313
f148f8d3
ab86c8fc
4234a750
5652f63e
d0da3bf4
472fec49
2038877c
0ff35ae3
0d5d488c
98279311
0000c609
00000000
00000000
00000000
df271e39
731ac44c
2dfe44b8
0af74055
23b2e6db
ba7dcfc2
e3e3f6c4
c0ef7e6b
1e7078d9
03112938
3856412f
00601315
83075ad1
8313dfc6
b8b1cee4
80407fe3
2061dbfe
9971a727
7c505538
8730557c
1fa38338
0d96e98c
35ecebf7
bbf21fe9
0000c76d
00000000
00000000
00000000
b851722a
4c28004f
30697c85
7b41fb80
47710cbe
3e3ff12a
7677fe7a
f3ff3894
162be18e
c1e03c7c
8e000207
fc60b818
bec11983
878e10ee
d4752f45
1d0033fa
018d6003
60845e23
76019da9
d12053a8
26f77926
04e6bafc
fd2dff79
6aed3825
0000ff72
00000000
00000000
00000000
08263196
133f889a
9d2b4ac4
8ef4a0f6
bd1e4ffa
390f1e8a
eff9e918
069f8d01
c8d5f8fc
0f0de5cc
3b7e4f56
7c1b9ff7
c36026e5
9a12005a
21134012
49104040
790f092e
3f546073
efdf3e0a
8bf9dda0
f7bac78d
ccb13ab8
918fb0ba
362b4f38
0000b5a9
00000000
00000000
00000000
10090029
e3db0cca
bf54fa34
70616c93
b14902d2
0ff009ff
69f33049
bbaf001e
93a97095
7771018c
7ff4680f
8f1fd300
1930052f
f5d8545c
3f2b5f29
90ce1dfc
267201ff
0376d7bc
ee4c38fb
f84dfa79
ea003ce5
caf49c34
5de92ec3
f7eece2b
00004516
00000000
00000000
00000000
d9269927
07626230
f172cb6e
df93a017
efde4400
096fb260
2006fe5d
bf012fb9
d2f9ffeb
100bd7fd
40087e46
008053c0
f00f021e
bf80fe97
7b9c0038
0c75e000
0023cf81
7c0bad2e
4ff866fc
405ff138
5003ffda
4002f7ff
ac5829bc
f1599a90
000034c3
00000000
00000000
00000000
c34c1011
0b607b32
e40739b4
fec786bb
ee0f0e97
151b29ad
504036da
c7f20a6a
c3b3e17a
1f783f8f
e04bfc7e
ca0127df
e87802ae
b5c7805c
500e9077
8223fd02
e3d2478d
35a911be
23d8d8c6
1cb8c204
285e20fa
1524f9b3
b5b1d097
fbd6d300
0000379f
00000000
00000000
00000000
f156e9c0
3fedddf1
dc338c54
73f11c75
054a9b50
a022eeca
923fcdef
23a3fd9c
c29e9fd1
01d3f060
78133804
7ff01004
ddfe2fa8
d2fa4ae5
cfbbc681
e9ac7c3b
fc438587
2f325916
e1e89eb2
7f7d16ca
f277d98d
cf497a0a
d5b22899
057fe88c
00003988
00000000
00000000
00000000
e8824d97
e1de25b0
3e3a6276
53a13837
9fd437a3
3f6a6d59
80fbde3e
a1416cde
77f40f47
0eb9b3f8
c011b57e
fe02497f
37e0041c
75fb4225
5f16703a
1ddb8f03
095c4ed0
00515a9a
bc2d33d9
15086748
320c2ffc
e2c8085f
7421e09f
5a63f38b
0000801f
00000000
00000000
00000000
b288ac51
e3bcddef
c0ab56cd
d9d44000
70f1c001
0100f4b0
d07067c8
d0028cfc
648831e0
d7fbc394
d5bd1f9c
46c3e7c1
ff7b9f3e
3f3cde53
53ff8083
0abffe07
0043ffe0
3007afe6
03c06af0
007e0292
400bf88a
de07df99
cdd0fbbe
95856b7e
0000c72b
00000000
00000000
00000000
429e898a
96a2b995
ca167871
fceb6fbf
81f77888
480b62ca
2400995e
a3801fff
1cdf81bb
f0f9bdfe
fa8e6fcf
13814e14
c23c05d8
5f81c095
2fbc1f1d
fb9f51fc
feacdfdf
43e7442f
00a87781
01b02368
d03de24c
4659fdbb
0d18bfde
92dedaa6
00001a6d
00000000
00000000
00000000
ebc1f4af
90af9606
adac6199
ff4e533f
037f5a50
e1c0f9b7
17140f95
9570c0fb
0dc71c0f
80f479e0
ff07438f
cff07378
f8fb4a43
ffef7c19
dffef3a2
9b9ff73e
331fffb1
8055b6f9
f003d07f
004016a3
0000c11c
5c000c39
52b400f0
2aa0823f
0000cfcc
00000000
00000000
00000000
ce21edca
46addb2d
d41a6f93
c242f5b8
7fc11703
d3c809c2
53f8100f
a89bc586
e8d408fe
3cdf40c7
6288800c
7f80660b
02ae89a8
682af923
5fefdb6a
936bd4e0
06939f61
d0c24ebe
eb63df7f
c00fe4ed
8a153999
d20a8a72
f2721114
d3d0c14f
00004afa
00000000
00000000
00000000
665fdd95
5995e5fe
a1996f1d
671aeecf
638201b5
e7021ddc
5868619e
e66b8b20
ebf0fcfe
ff4707e6
ffffb9fe
5eec7203
c2e0c95e
7ec38027
b3020823
203b61ca
f88faedf
3f9be9ad
4d75604b
482123c8
11005d6f
e47010ed
7e293bd8
164cdfb4
0000f980
00000000
00000000
00000000
0fb43853
b7289fad
7b4396dc
83aebcff
bc0ede2f
01c22d84
8038004a
0e16000c
3940f800
bfbf87f2
83fc3818
1c3ff9d1
a7eff81e
fc7e4733
bb63d879
edb73807
db93ddc1
7bfe6faf
0f17deee
30e01f72
cc0000cd
3af8000a
f47f7e1c
bc4e3ee1
0000f6f9
00000000
00000000
00000000
60031789
086166c0
b4397e0b
ddfbfe17
bbc8db23
effdf5c8
7afefb9f
5e1fc873
63e03837
478b8180
00996018
0a12a300
5d99a693
83c00d8a
e8cea79e
eed7b8b6
ff4fe81f
97edc641
d0070bb1
8c6138f5
3b9f77ec
5dacd444
5f0cfbc8
89053fd9
00005b10
00000000
00000000
00000000
7240e6f3
8a6fa82f
f5ef67ee
3167186b
3f700fe8
63e0df28
b55f0018
1314c222
cc65eeaa
6e10407c
7f73c007
7bbf947c
ba3efc11
a3fba46a
575e5afa
dfcee601
0f8cba09
1019ac60
81a5337f
2c1a38bd
ff805ada
ffb27e8f
ffb36ea0
10a84976
00009e11
00000000
00000000
00000000
c44bfb1d
8622402b
7169541f
2ff250f1
40efe586
a78df260
7e3c109f
63ff0221
1d7ff040
7079fc04
fffc1002
07ffc500
c030fff4
f0080ea7
9a1040f1
01b31fef
4028fbff
f0077ffe
e3ec53ff
3413edd7
b00bf2df
c380ffef
a1581bf6
420c325f
00005a38
00000000
00000000
00000000
655ab244
40e0d9c6
223f7f23
f08280ff
8d22a09c
c02692f5
6fee8874
e2fbe601
789b8e14
0cf3fc01
7f8ac180
17ffa68e
24fdd9ff
987365a6
a62900f5
afa23802
fc1dbdc7
46359e44
ac1c378f
70524ddc
df802983
8e6dcd46
7db3e79c
15edf250
0000a3d5
00000000
00000000
00000000
c8ed1476
2e8bfcfc
04cc0af4
f87a7ea2
e49e0dcb
d051080b
1f4f229f
2fe0f1a0
e45787fa
bdbfdaff
f76a00ff
dc37e697
c0000fc1
4020d40e
9b94c272
d0bb0efe
382412ff
7020b22f
fea17e6f
bc65e77c
c977cbcf
93303528
8631ac53
b72e2e34
00000df6
00000000
00000000
00000000
5a3b951f
4489cc80
cfc72fa0
428db609
e81b90df
bc03e253
810c3f03
ec20f7f7
fada89ff
1723bfc3
e0808d9c
0ff06520
83ffa7c0
203fe71a
fb23fc0b
0d309d80
e025dccc
de1aaf0c
def7117a
7fe02177
01fc217b
22bf0035
dd5f7c00
2a5abffa
0000249a
00000000
00000000
00000000
e7e9ac0b
189c81af
980872df
ae1f3c53
5cf944c3
fbfca6a3
baffc1be
2949f964
2b200838
45281561
aa3ac47e
30443e07
28030642
0c4e7fc4
25f937ce
5428833f
adf98e73
f994425b
7a80e89b
4541a96a
a21cc368
41bdf62d
4507a496
e12fc894
00003669
00000000
00000000
00000000
3c60c345
17f55578
a74a798d
7ad2d5f7
82b9768d
0535ee14
80008d58
5e02005a
bb4cfffc
f12e2efc
06b57be9
b0048369
7007e9fe
2fb91d31
72de43f2
f497f41c
c7a197c2
f35774bc
6ac6755b
25839b42
a858458b
d18782f1
1266c75e
77bf4e3d
00008174
00000000
00000000
00000000
8082d25f
ac7fa069
16d2c043
b9a6bc35
9bda25ad
7c7e741e
b9c50017
9ecc0d06
0a9dc106
0185ee08
d06ca2f1
a7ffa701
897048c1
c0c71baf
bac9b2b2
def2a7f6
ff955dfe
7edfccef
68030777
7fc025c3
e2ed745b
1d613515
5aa44c94
a0d7c357
0000c13a
00000000
00000000
00000000
f40b1cf0
73828677
1dd95eb3
87b04110
6294222d
8e7ca4cc
a9f7f6c6
f47308a1
043b7001
4fc85785
97b87018
805fb201
e61be470
8583c78a
74c03e41
b5e3d993
c64b3918
9ef5e1ef
5325e66c
f667a417
e7e85fcf
e37fec8b
01569a6e
5e4a3b41
0000ed9d
00000000
00000000
00000000
fca20ac6
0f7eda92
f096e8ea
c064c8d0
fd00caee
408264f7
7c00465c
17f023ad
02ef003a
02a59001
3c60fa16
43f25ae7
4607f696
e5b1be4a
c93dd1fa
31055f07
03201ff0
c026217e
3fc451b7
bbbbed9f
0dbf73b8
a82ffed9
2b379c65
a4c12108
0000d61a
00000000
00000000
00000000
3e85d65d
5314fa1a
9fd0193a
947dce1a
752a9eeb
43cbc611
7800c42a
bd100745
d1fc3cf5
ede7eff0
ffd738ff
13677f29
c030f03a
4a03e2fa
8df1f803
35238a02
058365e0
7e2c68bf
ed1b6d57
bba21381
6911f33a
43da07f1
936cdf98
fcd20abb
0000f207
00000000
00000000
00000000
88ad1d30
c2a549d9
32d1600e
03cd4b80
01fb19f8
b07fe9be
be0fffd9
3f80fff1
24d81f27
800f81f0
7c04b807
a3f857a0
2a5f9bb3
7c80fdb6
17d807c9
00fcfc00
f9e7f30a
1e2777d3
39e42d65
08e00879
a6a738a5
d5403fe1
ca5c84ff
d402baab
0000f427
00000000
00000000
00000000
d6039c73
55c8bc96
ecb211e6
fec078ed
ebfab806
df83f641
37fc0fd3
41bf207e
0e7f8181
e000407c
e482f217
fd0031df
7e2011ef
9f8043af
ddd00ef0
eb5820dc
77758387
06633832
0ae87b83
80fe0bb8
fa0ff03b
4a407e02
6d0000ed
b08851ec
000090a8
00000000
00000000
00000000
a9e111ce
e8ba2645
2d1c95f7
f011a3fc
07813da0
e8784a5b
7ff30fb6
f1dd70bd
1def6f0f
00e37ff0
c10343ff
2c080e07
8470c4b0
7861d745
1246dfb7
f2c476ff
3c3c4363
f1fdd01e
021e4300
300bd5f0
7800e97a
60000990
2f3d59bc
31fe0dfe
00008796
00000000
00000000
00000000
33d48009
240dd25f
47d840dd
10641f9f
078126f2
e438151e
5a63834d
93879816
79603f8f
374c01fa
01f41033
f01d3d8e
ff8091db
95fd46c7
e4cfd8cb
fd81ffdf
fb375bfd
1df707f9
d9070839
55d819c4
ce700408
bc9ff652
f8a7fb99
83f37f78
00006aff
00000000
00000000
00000000
a0b90883
89302775
561e75e1
759272c4
16cdcc4c
21f5d2d3
847fc11d
3c11fb62
bb500ffe
5fd0563b
8c1f5efe
80ab832d
9813f61c
e8a03898
67c3d7b8
8e7ae7d2
c4208838
3cfd4801
084a3040
fbb22ca0
db3f015f
aaf8067e
55f90419
556d064a
00005192
00000000
00000000
00000000
d7e52223
9b4a9caf
136e29c9
ccb4267e
b8677a94
37c271e4
43f444ae
07c7cf4e
42bd7d7c
271b4fcb
c4e0e550
fb9289d1
1ddd69eb
ad2df0be
9f4d9506
14c25e00
0a5d1ce0
91e77bbc
88703f7c
938efdca
e106141c
fe650dbb
af2a78f6
a0429b55
000045ba
00000000
00000000
00000000
fbac3d2e
e6bc61ac
b954a212
83b794d0
f00629ef
bf12a45d
fae0aa47
e3e01fe9
a4f801fa
5ea7c1df
183830df
20008820
7b1c1940
8a81d060
b1be1e91
a3a7fffc
7b3e06ff
e368a01f
dd0073cf
ebf0b47d
eb8dcb53
7b0ade3d
ab119617
04565f11
00003c8d
00000000
00000000
00000000
51ad669a
5835f5f2
ac4d9fad
bd9c3600
df7eaea3
cdf889f0
e88fb55c
41466fe5
1713e1e7
0257ff81
301d3ff8
c7d0b9fa
957ab2e7
1acc692c
831ac8a8
f5b24ffd
ec5df77f
091bfefb
00351584
4050f542
4202f3fe
fc887c1a
d4520efe
b206c163
000014fa
00000000
00000000
00000000
38347f55
8c70d7f2
8cb91546
25ec9c92
04a28ce8
bc01fd40
cfc215b8
f1367b8a
e46c07ff
c7efa07f
e41e85c3
a50050ba
18c31187
c28621cc
d60e3383
80f861a6
01589f20
91a2c946
17826a84
05f011e8
45fb2d0d
038b5714
59f7c7a5
50371bd4
0000e30d
00000000
00000000
00000000
c6bf906c
039972ae
b4df092c
e0d76c59
fc0d8f3f
efc0f54a
021c13c8
e8c9c41e
ea4fbc01
f5fb7f53
05a9bfc8
f3fc82f8
3bfa00a7
aebf08e5
123ffce1
49de9ffe
dbc209fd
85ebc808
84fe8f17
cd162a2c
6304ba6f
05ec0ade
1fca00d9
9dff5bf2
0000a555
00000000
00000000
00000000
a0b4f85f
0d1f86df
7e1a1007
8872ab30
bd52e8c0
a3cfd139
022c7aa0
0021efbe
36da79eb
4cff3a9b
8d8acef0
28bf8da9
30814920
ddf1c8b2
76b99948
1a32fdc3
cd0a9cfe
8ddcd3c8
27e165fc
aec66d28
37fae95f
d17ecadb
2bb91e31
59f29d77
0000a22d
00000000
00000000
00000000
d89b3c80
4dde67de
20f2b89a
043f0500
1c0a6b40
c0f8f97f
3803cfb1
fe82dcef
1e3c2877
31174247
870aa077
71703306
07873c74
5878661f
77a71e1c
7efe71c9
ffb7c31d
959e9230
786bc023
638d7ac8
a27d6ec2
270fc019
13507800
4c768780
0000d998
00000000
00000000
00000000
97ef1aea
0c2b05b0
6280b3c7
f849b2ac
b41fbb3e
280b4376
1f804f40
15f617f7
91bff1e9
df4bff0f
0f8e3c40
e0acaa85
020139e4
d0070738
6da0a008
3fc19f0f
ff29a3f0
cec5255c
ee1c6a09
bacaeb9c
43fb86c1
b51ff066
046c58ad
cd7d0fd5
00006435
00000000
00000000
00000000
145ce62c
6e0d9142
979f8733
f0f08ea2
0d100e39
81e0bd7c
54a667b9
c59ff1bd
05baff8d
00ffabe0
f50a4408
5fd02004
107fe5f8
d46bf721
2efb9ed8
97333836
328ae585
436a199c
a021be04
f015c86c
0005eac6
b600666b
cbb010bc
ae2e43a9
0000120b
00000000
00000000
00000000
a42c8e53
ce26ceee
b71e2017
24586d10
7fd75567
c0295824
4ca1a4ae
eb4ab842
e77a70fd
22b997ce
81026b9c
1f888a11
c23a5d71
6abfa9be
2bddffca
21180bfc
216db8ce
aa53ccb8
47623bb1
4b8e92e1
17408cd1
3b1a01f3
7ff703bc
3cc82193
0000d99f
00000000
00000000
00000000
c480293a
eb88f7f8
01ed5eaa
3eeb30af
7e837e22
c38363c6
73bc00ba
fb0bff9e
d356bee0
1c3301c2
d000a90a
3f93e006
257400c0
207f80c6
1f2bb87b
db2ffabd
ff132efb
9febb9f3
ab9c35eb
dd508a47
ff092364
a9bca001
a0dafbcd
e4acbf96
00001e8c
00000000
00000000
00000000
e3a6f2f4
c1d91b44
b38aaeba
90105ef5
f3fd9f6f
4b05b3c1
803d29a5
a4240b36
5a33681d
cd442e03
7ffda5bf
39ffe4bb
ff0f6a1f
95e1df51
15ef860a
2a174802
048a3b01
6168d338
937b921a
021f5ce3
dd563fd7
0c552d5b
06b39bd7
36dedf8f
0000e217
00000000
00000000
00000000
cfe4f8a3
5380fdf3
ce2d87fe
e01c901f
6f00763d
fdfc2f97
9231e035
68000e00
eb8001e8
fc31e09f
e474bd8c
ff020ff8
eff3f45d
7c1fff47
ad837c78
4b8497c6
c3d0187c
3e3ad907
c0f7864c
840bf7fa
94002734
8ac00064
ae1a0007
4c2c6408
0000d83c
00000000
00000000
00000000
2c1da128
30af8487
adcf89d7
ff3c8e14
63fd3501
062a820c
05e120b4
604728f6
946effab
8737023e
ff11e78b
07f695bd
2b6f761d
63426e20
270aad9e
c0d85802
10d4e709
0f74ae79
c9085343
10644cca
e274794c
a0ae89e8
29c51572
e8909f12
0000d22a
00000000
00000000
00000000
526be179
62202ce8
a8dcf88b
3bf1c980
087fc612
e387f23c
3c3cf8c5
63d3cfb9
fa1c0c7f
640700c7
f008800e
7b00c947
0f204764
dde98131
6197ce0c
094e5fe1
f03415ef
3c224047
83001402
011c1550
5c85cc7b
e9881e01
ba94c16e
8318fc90
000079d7
00000000
00000000
00000000
9a920eee
5291a018
004dfe00
02199ff0
f82dc6ff
cfc1bdf9
fdfe7987
27fff4b6
79807e33
07e80070
f437c00b
5740b002
010341c1
47c31a7c
8819e3fe
fe41ba7f
f3740903
0f404560
03e80030
bffd2e08
5dffee95
301ffffe
9b60ffff
24be63bf
0000f14e
00000000
00000000
00000000
e78f8970
1eb35c66
42ce73f0
f04ec87f
de011207
07e21de6
b3fc1bdc
2a37c0f3
0906f802
00886f80
07990ff0
f076d87f
1b48cf07
00f88b38
b0021975
e7003747
bc65ad38
fdd12fe7
ff7683f7
f5efc5bf
3c7f5063
decff241
eb4ffff4
22981be7
00003b11
00000000
00000000
00000000
984c04e7
ac6d5ab6
13f58316
33ea921d
f21a3ebc
124eb2b8
b4007f00
f5ee1fff
d57ff8f9
23e92f8f
e67172bc
f1ccc380
4a3f8375
70935b2f
80a5214d
162cbe2c
556dcf06
3f3e501a
c19a63f5
6e276b4f
88302d93
7ed73207
e7337679
dc83dbd9
0000d5e8
00000000
00000000
00000000
43cac2a8
befe3bc6
5955400a
c26821cb
b1407c3e
06071f0f
ba233d8e
67ca22ef
ffd47ffa
fecf2fff
edfe35fe
1f19be0f
c8380450
9907c05c
f43fa45b
beb0c276
7f5d5ebf
2e931147
030ca121
b25fc176
58eb9336
69490046
ce3c9137
11e1bc2c
000059d0
00000000
00000000
00000000
74254046
b82b7319
f589490d
ff9aaa30
9a0abc61
22c66db2
7c9f94ff
8173f757
c3fb1ffd
fd3a00ff
fff5a00f
72b8af09
cd001515
f8a3a0cc
b52a9413
ff7d1c71
7fc0ed03
0fdb9507
00286350
b410880e
25f5216c
558f4ca5
16dfbca8
1f9c67ee
00006cfa
00000000
00000000
00000000
b74802da
6e21f4c4
8ec86dbb
6e71195d
c3c69cb0
bc07272b
b8c0804d
7c501565
bb8803ff
ee18a03e
3b9b0f77
969593fe
daf41627
339d0071
38840e1d
88c2a0f4
7dafd4df
ef38a304
5e9cbe1a
4dd9526b
03b70578
5313747e
2fdbf9ba
48130ac7
00005797
00000000
00000000
00000000
8f0ded26
83ac519f
0c2ffbfb
e95814ab
fe02128f
ffd0858b
a3fad443
bdbf3bff
fffc415d
e56be90b
ddfd366d
83b09edc
9321aa74
34b00350
d61c301a
7d78e19b
ffc1facf
45101f1c
248f1ff8
abb14655
4afee8ab
0adab1b8
7a6bcf8b
ee25142a
0000c254
00000000
00000000
00000000
f75d4408
844ec685
da39e282
0b49eb00
00721833
400cff64
3fa2d116
f3af1bfc
7f1ffbf5
f84fffff
e3067c1d
0940e561
d91d027b
4defe15f
15ff0fc2
a9630e7a
b9aa700a
18b20c00
01e978b0
613f88c4
319feef7
a7b375d3
ba292c2d
ff18216b
0000d270
00000000
00000000
00000000
a78c23df
c228eb45
442c895f
6fce13ea
43753278
4c0a40a3
89c0122b
d380261c
211207bb
3f34c47f
403fffc7
0407c3ff
b9f0188f
e2860170
0b1d3c1d
21c4e2fc
7aa406ce
6f764e7c
f7c0d837
4dfc8a9d
46bfdf49
565bfe7e
96b4d3b5
fa7ab093
0000ae24
00000000
00000000
00000000
093b72dc
417e5962
3e0cdaa5
00538ab4
1074ed7c
7b87f5d5
158c0ca5
a0c0fd6b
5553df7f
0417aff7
6097dede
04067af3
e2fff917
df8f7f3d
2e68fff5
0a9387fd
003c2682
830d7800
00e3c808
035d36fa
841fa570
bcb0dabf
5718077d
d5af51f7
00000fbc
00000000
00000000
00000000
49617865
a6e76807
7f20b761
e02fbc7e
7e91bd77
c7f6167c
503e0bd4
900000f2
0bc00107
c194e9f8
891d2f9f
f80bcfb9
fb809eff
dffd8448
04fffe01
114effc0
00b8a0e4
e24ab106
9606a47c
7df25c5a
5bfffecf
b9aff1e8
eb2dafff
044d403c
0000047c
00000000
00000000
00000000
0d4e91ad
1da88c57
08aeddeb
57b1428b
439c5255
7c0ef077
6fc3eb5c
f9e356bc
edf679f7
e406bf9f
0541a468
50107c74
1d06d0e3
fd7231e8
9d5f1c33
e1477bfa
def090ff
44e19b2e
08514240
19a07a3d
9bddc29a
4e6e0ff9
a356dba9
7fd5cff6
00008627
00000000
00000000
00000000
0f46adc5
5c818daf
008f4ad3
3fafeaa1
006bf720
c08bca24
887eee17
263fcf7c
2b470ea1
b034b80e
8ffc1990
1cff341f
a5c7fc09
47ebefd1
81b030fb
2c244101
de9e084c
ec49f6e6
861cd19b
80204279
026720d9
09e56c11
e6edaf05
1f6e9c73
00009cff
00000000
00000000
00000000
97b3f252
e9cb8ca3
2d5c9c98
a3326fa7
518a973e
047b309f
baf7c59c
0093fc07
07a07c7c
c8c5801f
01e43140
20338180
460f35f8
c80e3a49
0c7012aa
1256038e
f9a7f635
3f22cf03
a8e751d8
b7270fec
53e059fe
06423409
39da36ce
a8dbb2fb
0000dbe5
00000000
00000000
00000000
ae773ea6
1b884ec0
1b4c3fbb
e13a04e6
45f44f5b
07e0ae02
307e0ee5
5ac7c484
02f9c854
bf8c6f0c
07fdbfe0
117efddd
7519f950
64017462
3516fa58
23a5b617
08a70fe8
a0524b76
e8200b85
d4413660
77a3b88f
30768509
b7a95e82
81afb87b
0000ff3c
00000000
00000000
00000000
78fc0a06
0f63e830
ed57c268
c4051ebf
7d10410f
0bf36401
a0703a90
ba163ff0
21c7e3f5
8117ff18
e807fff8
3dc08381
c13e25b8
c869ffab
cf3b1fca
34c3f8ff
01a9fec1
e07c8b4c
c617c6a8
60a0c84a
b9801a03
f8830061
b2f7920b
a3eaedfb
0000f33e
00000000
00000000
00000000
6f69b0fc
3c59dcec
ebee996c
d8013f6c
41d35ec7
809c2499
59803924
83d81522
d2dbf28a
ffcf042f
df288dd9
d87e203d
c5f96f69
88e81fd2
e666c0de
d809ab30
d9941ff9
3ea0fd73
3900091f
242b40eb
c74030c4
10401019
eb86a593
4f5e7f0a
0000679e
00000000
00000000
00000000
8649f447
8d0ec91a
153f9019
0c72fe00
f5fdacf5
feff17df
fc01f273
3bec7c0d
5b7fc3c0
f583f03c
3f3a7e01
07e5eae0
03ff71a0
183f7aad
0d0399ec
e5002f3c
3002f93e
02075f40
610000fa
fff800bf
7ffff004
ec7ffc1a
927abef9
25e1a2f3
00002d53
00000000
00000000
00000000
72145d9d
74d1c671
275b614e
3b6a97a4
070089c8
363fa190
bef3f3e3
8105a189
22982e04
42e80038
3fe08100
e4ab4f60
7f1bda5e
c7f01d3b
740747d8
8d09f17f
2a7d4f80
004768f4
0074cac0
e385030a
fbf809b3
3cc3c9b9
4fcdddcf
a1236050
00001df0
00000000
00000000
00000000
2950c0ff
c7c7175f
ae5113fa
feea94bf
2adece0b
9fdcb802
20fe902e
30278013
8240382d
73880383
c0759338
9f0bbdf1
1cfdbbcf
a00ff100
ba003e0e
8a3003e8
f09e9c3f
3f497fe3
8176ebff
e0103ebf
840310fa
e6607e1a
81793ffc
3c7c1f7f
00007a19
00000000
00000000
00000000
cedd7507
9f53620f
4c69799b
110c4b41
0010ccd0
8a681abd
5c9fb20f
bb407418
e37606d6
fe7f807f
fbe579ff
e67e8dfe
c2203051
e3c2005b
2c0f3802
e8e12148
fd006abf
3f8ee113
1dcd6f88
7d367c9b
6e05b634
f35e1009
7cdcbd1d
ca4d47d9
00000f5e
00000000
00000000
00000000
c794f928
bc0c97ba
7fe72a78
a13216fe
5f94e75c
1ccf8383
1fdfac74
6579d163
a1a5f1b1
f1079c7d
4be8884b
293843b8
c0406d80
fe841b3c
c231a776
7bbea837
fe29ab42
5ffc4a18
70bf8987
aeddd141
0f07eb42
de2810a0
8c4b477d
7c82b344
00005d98
00000000
00000000
00000000
7788a8f3
7c33e3b0
6139aa85
b851463a
0f46c240
d7e03df2
d47d43df
6701c033
c0b10743
3ce9c07b
20d1b202
a3252818
71bf5dbf
4b87fa44
a7537f9b
f5007bf8
0fb987c0
f0dbfefa
7f5e10bf
a6ef9a3d
cbd9f28f
25fc2f12
6afcc112
26116050
0000bda5
00000000
00000000
00000000
fe480749
4e382d73
0c69239a
0759d298
11bbfbfa
e0e06a8d
d90fe476
6e6f78c6
e8d37fcf
d3a585ff
03f7015f
0c37bd70
4800c4e6
b482a5a2
9dd40c92
ab50007e
ff9efa1f
f17f0bdc
ec4c0bc9
65ca062e
a6b2847d
ac0f951f
d4bf9eb3
638fcd99
0000ec8b
00000000
00000000
00000000
171170bd
c24d74b6
7bb91e57
3ab8189d
d3f796c4
96fb8010
1027e595
e2007e29
04f00180
02780000
7634cafc
bfed517f
ffe7f3f3
023c7ef6
af07f7f0
3e3f0e15
0198ef80
841fe2e8
81f9fcab
742f8342
8480d821
5ce81dd9
ef061491
ec8a7425
00000a87
00000000
00000000
00000000
0b2e234c
23693bb4
ea507e21
ecadc9fe
df56b49e
5cd862d8
e6f13181
42533b70
d92411bb
1a94081b
00170700
614002ea
5e9e04f9
0f61e8fc
83ee9e09
db7ef0f1
0ee9db82
03db5d78
be9c3ddd
233ee9a5
fa8d5eb0
f7449b75
d3b773fb
6dd9a6a6
00006a79
00000000
00000000
00000000
2d141cb2
c93fa7fb
3ef9c570
22b00b81
03be2080
006d1fd0
c0020080
0800306c
1f7fe05c
89b3ffe1
ff2bffff
0fffbffb
803bf87c
c017ff78
da04dfae
876e97fc
36d23aff
80b90ff6
205eb073
0c28e7d9
09cb7bec
fd802c2f
8e6506f1
d238df59
0000cc49
00000000
00000000
00000000
2facb701
3ffef492
701a2f7f
2b4ec700
a7dba650
503ea61b
bc000cd9
d9a00c17
157643f6
fee9a67f
0ffd0a11
7c3ee478
a1f04bff
101fc052
0108fe0e
42d005e8
e8bbe006
efde2b78
797a8c4d
bebfe40f
d67f22ef
c3c95f07
4a76044b
e008fc85
00005ad6
00000000
00000000
00000000
a624f528
92059890
ef328e0e
561e4e53
c1be95df
e82e37e7
ff83fbca
a35c5d5c
5b87a073
85d70807
7e00e000
7ffc6302
c973b520
3c2a105c
df87c030
f9439796
f79cfd5e
bfa47c8d
a3ec64f2
acca9917
d4914e5e
53c03a09
47407fe0
8973b7a0
00009711
00000000
00000000
00000000
3c3e585b
df15eee4
1989573e
82c8ed02
d8cc26bd
5f1eee0e
3ae8ff3a
c1879eb0
9b72912b
61e70800
fdec6001
ffc8c89e
7f4e3b0a
01f86c1a
18768749
da1abc7c
06510d25
600ed79c
5a031247
d9f05f61
6d79f8d7
6177ff6b
d170fd76
0c19970f
00002233
00000000
00000000
00000000
747eaa98
0c325266
fb420261
79781122
41d60e81
407d51ec
d807cae8
dcc07deb
a6fbefeb
dc8abfff
fa346fff
feac776c
81e144af
dc0c032a
8a480a1b
45ae0063
c97d0c0c
0b284340
05f7ce8c
e287a8c5
a5e48bb8
319c8cde
0e07fedc
5586d32c
0000e394
00000000
00000000
00000000
39165d16
3694a26e
6dd80f7e
090a3fea
f8642d79
1f8c89f6
53707a7d
970001ef
e100003f
ffc1800f
bfeecfff
cbdfabfd
fdbeaf6f
2de9c0b6
8d6e7806
0e13ff81
0046a170
b305202b
17efdd82
60d7518e
80014975
1b5825d5
904fcfec
3b94e38e
0000456a
00000000
00000000
00000000
d7c5aa28
56d531db
0f04338d
2015ff60
cf826560
dffcb1fd
8073de6c
86043bc2
e5b8e191
3caf8601
f8777c38
03dfdfc1
7fbff69e
1a77ffe3
f9a77fe8
e66d7fff
839404fc
8dba48dd
dde7e24d
e5f8ffe4
ce1baebd
37f0e612
b48d9004
69df46b0
0000edad
00000000
00000000
00000000
34a65f14
116e365e
0066dee2
746dfe02
e7f033bf
f83b2282
dd0180d9
69f41237
164bf003
902c02e4
3ffe0403
e3ff6c20
be0ff005
dbb57780
a4e6d3f3
098c3fc9
81a86999
18824bd1
efe15e91
4dbfe78f
6cbc9e5a
e8c1f206
e168f500
0edb801a
0000c22b
00000000
00000000
00000000
b0e1b9c0
a002aeb0
f036c7b2
ce12460d
7fd7baf9
8fdcf1e2
70b9f2fb
cb239f84
00b310fa
23624700
bf1a3b7c
fdfe29f3
66aff2bd
9c2c3b5b
1c29f127
41256d06
02362780
c11d117c
fe1b8003
22a7816a
c5e71c7d
c2943648
79624013
b28f125d
00009d48
00000000
00000000
00000000
b164a652
0ac85290
bb4c9223
cf53a01d
fda39d3f
4ffc3b40
c6b81fb4
26e9c0c0
912dbc04
6167fef0
05a73fe3
00230170
8011db42
898417dd
be12b0f7
fb2c7f0d
06c537b1
b080ccba
f7044ace
969bf707
e4b96531
42ee7ae5
67703f8a
ed366ee5
00001db8
00000000
00000000
00000000
13953718
aa3058a5
aea83750
e0956e5e
7c04e5a7
77f5106f
3f7f004f
ba79f2df
12478521
a13c4070
b8350c0f
7dc0400e
ee3d451a
0ef05613
832f97fe
f73a1dfd
f6ee133b
0de1ba0f
f0e7021b
a2b1b915
fd00f926
a68429af
09a5c8e2
4208383f
0000e9cc
00000000
00000000
00000000
eff39b2d
ac058d00
5541f4c8
fbfa1e5e
29d80c5f
683f03fc
6023f4b6
8cc2ff82
c1803e7c
9c100fe3
05f2e19e
c00f8c03
3e007803
83e00f86
dc5d53fe
dba9c3f7
79e81c5f
06bd8bc1
e05a3b5c
fe108217
5fe80b7b
57fe0614
8417c3f5
04567c02
0000a943
00000000
00000000
00000000
7b43cf27
c7e84fa0
f8b37069
bb26fe6b
0fe878eb
701a9392
2412a85b
39dc468c
4c71cd88
80c7121b
0c97f081
3de06fbf
69ffb5f8
385ff0c9
f8c12d35
095a5c7c
5b9c36f5
feccb17f
77fa36cf
302909ee
a04313cf
eac00295
835611a1
32443404
0000bf83
00000000
00000000
00000000
537138b7
09e64c27
e6668354
0c8e95a4
c015d0e7
ecdd6f8b
4bcff905
2e91fd29
228e1d80
877a2ca0
1c080700
c9fe5378
922f9bbb
69aaf066
f12537f5
067247ff
a5345fcc
d85fee59
ffe7dbe0
a02e2456
99f51fa9
baeee44e
ab236a4e
a6a7f706
000064d7
00000000
00000000
00000000
f686ee24
e4cdf65e
6f87c875
9497ed2e
febd0007
01fbe142
c95e361c
e841676f
612c0310
00dcda05
e021c38c
bfc15b41
e0f10b60
e427c383
1dbfd37c
f3997a17
84bf367f
f8f8524f
fb8103ab
ef49015d
6addbb4d
8216916d
f092d171
8f020749
0000de5e
00000000
00000000
00000000
63d080c3
e35074f7
e5eade92
ce6160b7
7712cbd6
6b452eb3
30ae021c
fa01e9fe
e5570f6d
fc88d87d
c89515e4
1d28147f
cbc21210
bb6709aa
5e0e405e
80659a11
91b595e0
7c97253a
270992bc
e2b9ca09
90eef1de
40f225f5
c881d2ef
25bb9697
0000d287
00000000
00000000
00000000
359f381a
e32ac132
27ec1047
08eac0b4
d463b074
7f0e0cb4
bbe17d9b
a3ce6c0b
aceac2e2
0028841e
0074a800
63843920
fc1faab8
dbc5fe0b
5ce6efd6
76ee67ba
3f517fd0
61348ff2
820bf97f
a8283ae6
7c4c9625
4892f34a
3b402b77
50a8956a
0000e7fa
00000000
00000000
00000000
23c6ecf9
466aa777
66db5bb4
c49d0480
b0ab0bda
87c263ee
46183ff9
6e008774
fd4030fd
ff3a3fcf
c3f027fc
687ff7a7
c00b1151
b267bc90
b478bca5
0f4007e6
d980803e
8505b010
7cfd2603
b47fa1bf
4e6d2a72
d68944c7
bc6f8005
c350c392
0000de07
00000000
00000000
00000000
573b3617
bafd54ea
def17fdf
26f8302e
4fcb3636
d1f60b3e
1de7c83e
99a43d8b
aea12402
c33917f0
3feb84e7
0313fbe2
e909c86c
64843516
c811834d
217d78b8
4ea119c9
cd0f3c3c
42563235
10d40c44
c2fbf273
5cb6eb46
364bd150
2e00083a
0000f826
00000000
00000000
00000000
ae711b9b
20cc777e
ed66dfed
bdae671e
251340a5
2f15ad91
c5f8d378
6fdf0d2f
8e19f8fb
e4b7eff4
ffb0b7ff
a57ca84f
44850de8
5d24e516
06128706
95b81079
62c8e48f
d483e3b9
a4457403
8f817988
e84047d1
450a05bd
3c93f778
6401e287
00005744
00000000
00000000
00000000
70385ddb
3ec8f6a8
32ed9208
c01dd0f6
f8055b0f
068446f7
3000fa45
1bff1a84
300ffe2d
0219ffc0
e008bf3c
27996ea0
43ffec9b
654ffbaa
8444e2f1
40094c2b
65142480
e7f74ddc
fece5291
efed6074
eddf527d
4b87e553
16c12055
21fe2007
000029ef
00000000
00000000
00000000
fb46fc4c
8e3d0ddc
e72da497
0718b813
93f8e3ac
e3a782b7
977f37a9
bdcbffae
f8c20dfe
ffac403f
aea85906
d82d780e
6c20029f
4a22e0b6
13b10f41
8c9a03ea
e382a03f
bd11ce83
03e2d600
0163c6e8
402baf49
62b6db21
6854ff78
aaa228c6
0000eeac
00000000
00000000
00000000
21d81e62
fbc3b1fa
c6a2ef65
16a80024
e0f031e6
1ebf1fde
5f1ee3bc
1bd9cd56
261f3874
030ec185
1ee80000
03fbe200
408ff060
aa217ff8
26cdd0a9
0b39f807
151de0e0
76497b5e
fbf005f1
72ebf585
dd3b2c64
945f012f
db339309
bc53fb94
0000abf8
00000000
00000000
00000000
96b3ca64
cee7c9bc
1cc29ccf
60c8a740
84a18140
f4281a3f
5eca445f
b3de32f1
d7c1f752
68e5c8fa
2df588e1
d03f576c
0bcbc425
99e47fbe
d2620d59
949c6196
068290c9
175358c4
a0f90c00
281e8f9b
168fe636
f3b873fe
d83e8ab5
0b89525a
0000c6eb
00000000
00000000
00000000
5c867d84
380daa96
03c8be03
00582ff0
f007f2ff
cfe07d07
b3eb85d8
d1bbfc3e
b61cb3c3
0831e110
e2036b16
878329c6
41200c4a
1c203bf9
d50731d0
eda0701f
fd440407
1ff54040
01fc9500
803e72b8
8e1ff78f
50f1f80e
0d53df28
547ea5fe
0000ffda
00000000
00000000
00000000
497dd6e0
1fcd84f8
6b9d5d99
62d251f5
e7f3eb16
89f6b220
ae17b942
54401a48
3da80128
867a3882
3f33a071
02f438d8
201f6683
55b1fd66
d78e0fec
e12febdc
dcd07bff
4628c85f
a4d48601
39181a59
8b35ade3
9a1dec84
d301fac4
7bd97cb5
00001561
00000000
00000000
00000000
1cf2130d
367a71fd
ec646f21
0defdc01
03430da0
41ffce41
705fe926
6bfdff81
ebfc6fff
ccef87cf
00b850e0
03e1ff84
e0330a74
1f03844f
25981007
1d85e000
01975e80
183caf79
c1dfe943
a46b78a1
38077fa8
807001f8
bd826807
0cbfcf01
0000d09a
00000000
00000000
00000000
93a80377
a995b3a6
aed643f8
f04bbf8f
0d962723
05aa0125
007c7947
e5ff81d6
4b2b3e67
f379d7ff
0f8a2043
002ae50c
d08103f8
0b001bcb
cef40663
f494a2e4
3648e7ef
e3ca5db7
bc1482fd
450e78ec
2cfc155e
3647cf8f
5d0bbf88
e28304fb
0000579a
00000000
00000000
00000000
9a6f5253
70312959
02140e00
54b5ebf5
ae2fc28c
20d7fc6b
7e06ae3f
cf507e3c
131807c8
09404e3e
20054ff3
d3f0a76b
507c43b2
58339b07
392759b2
f1e719ce
ff1bd1df
9fe6ca49
038cc843
bc89c746
64478c9c
eeaa0437
9838000d
8352b950
0000e413
00000000
00000000
00000000
fdd4e0b5
a653ef3d
2eefda9b
97619db7
1ff6e74c
e0e236a4
a80e3fb0
0754e7a1
e41ffe67
f960fff7
000c51e0
a8021ba6
d29c247e
5ebee0e7
f0a9d60e
eafe2000
17578101
39f9278a
28f6bde0
80afd470
72277e3c
860edd7d
203f0004
4f83e630
0000fe78
00000000
00000000
00000000
c5c52bfe
8ba3fb85
37346c9e
e0eac87e
7e035c1b
43f00883
877900a3
d0141159
f77b803d
5f67ff0f
fbf55dff
7fde4be3
c77fe47c
2870e07a
6a238007
09023c02
ffd008e0
fffc980f
83ffe540
e90fbb81
1bf018c4
7fec000f
1e5b0c00
6d76a485
0000ed53
00000000
00000000
00000000
4aa048bc
5e4a932c
bb528c59
75fd4cdf
efefe70d
b8bea95d
fb03d8df
86ec3e43
1d67d39d
1c2de000
fd827000
35ecbb03
90b3ee48
1815bdf1
cfc4fadf
fd11f3cf
109c519d
22069d7d
d8cd25c0
4ae96a11
3d9ee3ea
30208e01
a99a6166
d5dbd730
0000e301
00000000
00000000
00000000
c58face2
5d0a7813
406c1ff1
08aef048
3d09c5f1
f3df723e
ff01ebcf
25fe0bbb
d87ff1fd
04d76f87
f80c683f
bbc04201
1f8b108b
8ff8307c
7cbfa19d
e1cbfc0f
8fdc1000
1df00801
a104d580
00102299
00d0033d
b58b056f
ec38a47f
67732586
00004fed
00000000
00000000
00000000
d3efb60a
7ad7dd49
a24faa8c
0f1c9743
c1f0a57c
fc0fea1f
3fe2bd7f
bff508d4
05c8b0a0
d80f0008
3ec7e001
e358360d
3e18a766
6d4385d8
ed241c20
abace1f5
fd7121df
edeeab4f
0edc24a1
93f032a5
17ff6199
133ff44e
6cb78d8b
4ed9b1a6
00008d30
00000000
00000000
00000000
c4525f8b
4087b5a5
f0ed1883
a864ef1e
f9c05fff
ff3ca85f
4d39e02f
94001808
1c800b80
c18800fc
8083c19f
981c980f
0e7c06c4
2c43eb71
f191cf1e
f94ebfff
e3e5ffff
ff7f07ff
f9a32abf
41981ba3
041bd0af
ef0440d7
4d21c005
eb65ec44
00000fb7
00000000
00000000
00000000
2d8b9f57
a4cef5df
49c7d8ff
76a0052c
1da9295e
10959d51
1683b3a3
fb5c7c96
f2dfffbf
df529f7b
3074ad77
2a09cd0c
04500d26
278281a2
403e5807
ff2c6015
7c899f27
63bd6dff
8e2e5efe
83524981
13e39714
31c3cb27
8315f6f1
0b771aa7
000017d8
00000000
00000000
00000000
0d20dc53
6146bac9
c95fc91c
e1f30404
03836e00
08687720
fbf380ca
23dff818
ea3cffa4
ffc9c0ff
3c067c0f
14c05df7
fd86056f
dfb4782b
bc5d07c9
634a0ffe
0f278060
3840e807
41bd9c44
ec2fd400
5c03fb88
91f03225
8e27849b
d5dd1bb0
00005065
00000000
00000000
00000000
057e95c8
44afa898
f9500c98
03b5a6c1
c87e5ae0
0a87fcb0
20fc7fc2
4a06feb2
70000ffd
e527de3f
8e0673f9
300033bf
818742b8
dbb8781b
43ffafc3
785eb804
0bdeca00
08e61e00
0099d5e0
7135b77c
bbfb1d52
ff32b1e5
e309bf9e
59d745f8
0000c103
00000000
00000000
00000000
da1984d4
c98b550b
6c9b975c
5265f792
827a2576
eaaf163d
7606fdbc
cee43fd7
6c8c01df
09a1e01f
e02ee018
d34343f7
9fb5b369
44ff13a0
f61f02e8
2e55dc2e
feb00b00
ff81781d
cdd16026
c3e06679
212d6668
da3ffa07
7e15b576
2e5040cf
00008185
00000000
00000000
00000000
22a997a5
8f3c866d
d8b88f34
9141c216
ec892a7c
7d1b480f
f5f938b0
49f55dbc
4023dbf5
6697a81f
c5f02658
fc740497
45fff937
d63d46bc
8c411a53
1c051108
c0259029
b03e04e1
f875e719
03f4b1c2
b5bf5215
e0dcf4f9
15e83ffc
ae451fd4
0000a15e
00000000
00000000
00000000
cff0d5c5
070ad848
071cbff3
008a2668
9e056eff
7fcc169f
6be640e2
a04872d8
fa5fe7ff
7fa7ffff
e09a3f2e
0701e3f0
02000124
485c30c9
0802f80e
0b121f80
8da400f8
9fbee085
fcffed06
4ffff0c0
e829ba96
b98d11f6
f84ff59e
6a41bebf
000046ac
00000000
00000000
00000000
0d759ea9
2e4dec15
f8699ff2
db7209bd
81d84746
2f1f9da7
c3ffd1d8
842fff73
97841ffe
9d58ff0f
8015cff0
b8027df7
ee88099f
9361c037
ed280824
cef00861
bbbb0443
f967a007
7eddce43
b5f5be84
e8326f50
d41badd0
4aacfdbd
d09d8bde
0000d59a
00000000
00000000
00000000
117453d0
35c05c45
aa660e66
a5455954
bfcd3ee7
43dff2f7
55f7e80b
62807af7
71700745
01fe0860
f83de03f
d8c18097
3f461cb1
edf8d41b
b7ff83fb
d6a1fc3f
6b33ab43
2129450e
230aa4c0
d3bba74e
af1c4bec
53788d03
e2350c1d
8fd82d73
0000d77b
00000000
00000000
00000000
c3ecab81
17d88c1a
508bd774
95fe7147
175d776a
792e64c0
130c7ade
9720e6fc
b165cfff
ff9c2e07
805c37f4
5e035eff
877ed453
05faf089
612467fe
cf4182fc
329195e7
41c27f24
c60467bc
ab19e6e6
9eea0e42
dc1b1e8d
620ff72f
234e88cc
0000f793
00000000
00000000
00000000
8673d7ec
83c83981
cdc3816e
be4ab279
2c48cc8b
11d23296
f21e1ebb
24e0e3e1
b3644796
8d6a9978
0007559f
403355b9
f66209e7
b7fe330c
4fb7c6eb
c7570b28
2f69e75a
233daeb4
b02735d1
7a89afba
55000f11
52411748
767cf7ea
da695ddb
0000b2cb
00000000
00000000
00000000
832e2526
dff26a18
f39e3eb2
d69e8415
bdd9d5f0
a63b388c
33b9be93
a1b30fc4
28bfb7f6
4153e439
bcbb1f4f
8fa879da
04740ff4
8bc2d4e0
37f80073
f336a030
b6f1eb01
36f13675
7fbbd660
2d7c4be1
a8f2a0f7
ff9dba65
e62acd5e
dd414330
000084ea
00000000
00000000
00000000
4659df14
41cda091
a46923d8
d8aa5e77
0be30c38
49f12822
cc07e268
fa80437e
961a6062
2cabdc08
006b3f00
81e229e0
38bdfacf
bf41fa1f
56863ef2
dfa027e1
0751ce8d
619d8214
1e5c5ac0
80ffb3e8
bc457ac9
7077ffd7
ff1ceb71
9b9c7c00
000082c2
00000000
00000000
00000000
6cdb1f7d
4b8d05d8
c6a8d4db
dcf043ba
062e302a
c1c23840
08fe9a63
ce77fd2a
381c1fa5
90a764eb
fe97ca2e
fff8f707
0dde80c0
e7747ac0
d154074d
4418c03c
fbfc8c03
4bc9d203
80e24fe2
1141b981
dc13a21d
8c9214da
a03ba3e8
218003c7
0000a030
00000000
00000000
00000000
fed609b5
472bef95
efe67cef
0fe987a1
e0f5a97f
3ff7ea1b
41bb7f3d
527e3b63
7123f91e
c4632f00
8ec01038
7c005b83
fba087ce
3f230127
49f11e8b
009f21fa
c812d99e
c4180f9d
0fac2e05
00edf064
e8031cb9
42868756
50d85702
2fc04e80
00008970
00000000
00000000
00000000
e722c37d
f9216146
a2e84b10
69c3642f
a3153fe0
403d9ed7
9643fb4b
462c0bf0
2d5de39f
cce47fb3
6399cfff
140795a3
d04027b9
ebc007c7
367c014d
716243fc
90720dfb
204054b6
4404a300
a1b9faf8
101a5da8
1f9d3d21
039bda4c
e4ccf3c7
00005b67
00000000
00000000
00000000
ff253a8f
7ed0977a
fe3e749c
0b163101
74f18f06
438f2990
fef8f0e0
bfffc7c9
735f0cfd
0ab8c086
0f5b7e0c
f7f4d7fe
dfffc53b
7f30fc85
87df07d6
6d7c300d
3631c320
9c7dfc31
1f2f8403
6397f8e5
17d21fbe
9e8801b7
1ed88003
cdff1aa7
0000e6b1
00000000
00000000
00000000
88afe030
f86e9dc3
b44fd8e7
3fed1bfb
b36b43ad
80033989
5c00c82d
b77b3957
188ebf00
c307d602
fc5504cb
fffc981f
bfd77cb0
bfe03f19
6dfe01f3
3fbe812f
8381e038
f65aac1f
3ef52483
40fed208
6987ff93
b18007fb
3fb0400f
285e7f8f
00000086
00000000
00000000
00000000
4c5d6a8b
68a1abf6
00ba0fc9
700929f8
b700168f
1a4539b1
03e0ffba
c81f0ff9
eb41f83f
02941fc0
f421c0fe
1ec0fa83
f9f50c9f
4fdf1c11
97fffba2
d47ef708
26d02000
c0d9e210
1c0c440f
4b803aa0
74d8a4c6
201b50e1
88680451
e20c84cf
0000b074
00000000
00000000
00000000
1e316c01
6c747ce2
ce9871cc
04e15602
c21b014f
bf22173b
d702d16d
67f82848
571b0287
f857403f
eff9c041
3e3b6527
15f89930
d0dfc6c5
c7195804
c3a80682
480af000
47b3d7c0
ed7ea0b5
3f5ecfff
3bbb9392
4910de1e
3eaf93c5
2ad26e06
0000c7d5
00000000
00000000
00000000
328d6cbf
31032299
b2b2fd38
5d7c71c2
7be491d7
07cabb29
24688da4
e3a4e621
08959e0a
e15c21ff
8386937d
305650d1
c100bb38
e3007008
45a8d7e1
f6ea3e7d
2edbecc7
f3225ede
9aa9ea87
ac034db6
ab40c816
1491a953
dc602ac3
9c31b9a5
00004065
00000000
00000000
00000000
dccc4e66
b1c03f8d
7885f9a3
86e4fe25
fc708dae
6636fd16
1381eac3
13378fd2
2356387c
4e6581cf
12399000
9e4b2a88
7a6b42cb
4803e49e
5266ff05
85a7c9e1
136a80a4
63f5f14a
fff81184
585b5a1d
ad51fac3
f9207bab
3dfd4efb
41c615ba
0000c7a8
00000000
00000000
00000000
9c5968ed
be4a67dc
d993c136
0727f4d4
f580c112
383c5e8f
91ece62e
20043c03
dc50214b
076defc1
f2b1dd7e
2fbefbd4
e0eefd66
7f6a6adf
635c40ad
cc9d641d
f773fa91
3f61f7c3
a757b432
28fd9c6c
97f20d2c
0504af22
9c53720f
f4e42334
000036e6
00000000
00000000
00000000
982b9bac
b1d2c4ae
4c2d0f99
e20dc1e8
7434fd01
67c85640
712053d5
a82fd40b
cf747ea4
724cffff
22d3240c
2c0113f0
d0fff2cf
39197dd2
dbc5f7f5
dd7f0f7d
27f0c133
16f8bf80
e2ffcbf3
b7230616
3720da56
c859001b
07c30750
609e3c45
00006933
00000000
00000000
00000000
7d6293d5
93c92a81
32ed0f93
441dcc02
af3838ff
68f790e3
f687b20f
95a47be0
70eb67d0
89bebff4
f0106c6e
23a05753
607813a8
dc51ace3
d4ea1f3a
6909feeb
72016ba3
0b14d071
a1a6f930
b5448f80
1090ad6d
5c951d9f
1a2a6f49
7773964e
0000666f
00000000
00000000
00000000
df30c8ab
a1acdeb3
d7088084
b97c0828
30818387
f808a410
5fc0e885
1279cfc4
86501efc
ac8c83f7
1800d00f
f180bfde
ff96011f
7cf5007b
3f837095
fc1d339f
ff2d81fd
1f77083d
181e8903
4102ca24
4c000a24
cf900065
0831780f
90e92c10
0000a365
00000000
00000000
00000000
d3fc6734
3f73b5e5
edcde0f6
8ec3c7ff
787403ef
d1c7fe44
0f00eec5
7210ef48
008c40ff
4245ff03
860c3ff8
fd701cfd
3b839227
abf81792
611fc07e
26c0f9e1
fec8010e
0ff0c800
00f7e960
658bf35e
496c3e61
018f8ad8
ee58f8b1
dd688c81
000015e9
00000000
00000000
00000000
e9ea42c3
8b6eeb01
f76edd0d
ff55a1fd
01c8d5a9
38383741
41e3e06c
12071c10
1a3c38c0
9599c7c0
fb97386f
e1bf43fe
03182df8
bc30073d
bfc38ff6
f64e19ff
0731f15f
603c0eed
4a37369b
05fcf321
1c0040af
7d80387f
74d7b0c7
05006fd1
000077d3
00000000
00000000
00000000
b3868a09
36fea3e7
72d3d530
2be85a9d
a9811e76
dc8e1f47
8fe4042d
54feec60
544581f3
cf305007
ac2560fc
53e5993f
3f0d34ef
d9c8172e
73586cf4
30c795c6
109a94f4
f57ce8e7
7bfd090b
5bf9dbfd
96ecd922
aa5f0b58
0c48bc32
a2c9e62b
000078b1
00000000
00000000
00000000
7336a812
9a7af7b8
fd5530bd
3f30cc05
0094d600
a20e8bc0
5ff6ee03
2bff1a23
1c7ff080
11c361c0
e1947c1e
780c17c1
ff306aff
ff79c747
b2fb9cfe
f6de1cff
ff3850df
27e03c04
94041f01
01c016e0
d9ff4191
c09ff10e
ff81bf4a
54b85d3f
000074d8
00000000
00000000
00000000
65088771
4889b78c
8464b545
aafcb61a
801fb729
d8cdc35a
289f3518
3001e5f4
b8b80679
7fbd800f
a1747fd0
9fe52de6
dc18bdef
4fc885c5
58dc65fc
92cdf7bb
15c6a379
31c689c7
0b0144ab
814309c1
63364212
4ebd94ed
0d89731d
3bec6f27
0000a0fc
00000000
00000000
00000000
a582d20d
229cff6b
fd292311
7937243f
c3a2d72e
4c3ec553
13e080b3
e8761bda
76e783a4
0e487a07
e880c7f0
7f804a7f
3f7e0137
7bbfc35a
496f8330
be6ad833
27e9a247
78fa7a03
c86ef0e2
9904b72f
19046224
6acc3046
eee7433f
eb06d46b
000079e6
00000000
00000000
00000000
05564611
591de1d9
c79b89e6
f6c3cae5
1a0eac5b
f883be6c
860803e4
f4f0c04b
a72f8a1d
fbadfceb
df10dff2
31546505
30443b88
c9e05004
66ff0418
54061605
0fbb37c1
d33f5fbf
ed2fbd28
cfdf6192
4c59b043
61c34316
0554c831
39940b8a
00006f19
00000000
00000000
00000000
ac675173
15228507
6814c5d0
e321558f
beee917f
7eb81d0f
e8854e8c
1520c93f
4c888e1f
4f71acf3
160cb1c7
6007e61d
bb01bc31
e7a00ffb
f27f819e
f4703c5e
55a8fbcc
d3fcb874
fbdd47ca
2ef6b86d
deaa6bce
d6dacef9
8569eb5a
baba46c0
00004ab8
00000000
00000000
00000000
f0b78059
43db5a77
bc4e37be
0ffaa779
14fe6bea
001ff9ff
4000bfd2
be00701c
1eea1c00
80dffb20
7fbb7fee
50ffe730
0d49e86c
31f406b6
ec7fa01d
bd07c101
bfdea3bb
ffff4c2f
3bffec07
03bf0700
800de0f0
77c06006
19a18201
70b78a38
0000bb8b
00000000
00000000
00000000
b23c9688
c02d4cee
fa934e1e
3f5bbd80
10ff4df0
3e0875fc
2bf00013
2e2fc007
7fb07c18
fbed0ee7
7297e107
638b2f4c
df0055f0
d6a604f2
b1c240a5
e2c53604
db37c700
1da74e70
e03797e3
af0234d4
6bf0217e
533f0309
2b36fd3f
d1a7dd37
00001446
00000000
00000000
00000000
2bb53d4e
be7c9418
9e4886b5
d96247eb
f080cbdd
8f80856f
d2000035
10f80014
0177f878
589afe07
0e8621d0
a7750e80
116f5e60
801e2d3e
575ae150
fbc5270c
fd91fdff
ddc6c7ff
febfc3df
fd7026ff
b7963818
8c9d01a1
0ca12205
2a2901f0
000076b4
00000000
00000000
00000000
5b6d8eed
b3819e9a
fc070d74
3ffa2907
1ffc3e72
c19fcf94
bc0a2f51
b7e0c5b2
0dfa0c20
80600006
87822000
de7c8001
1ef1ecf0
74ff0ffb
1f8780fe
9019fcaf
f2489fff
3c000643
81c0fc34
a07e189f
db67fc7a
fdc02f81
1e6401f5
cc769517
00004c40
00000000
00000000
00000000
55ab53af
d46f7729
a03ce9b7
f5b986a6
e030135b
fc3374d9
92f6138b
630f869e
fdc01066
7d584083
47ca7713
7c2f13a6
1fea63c1
326fbdf6
7701f81a
00807aca
fac79717
87ec9890
ffefa0ce
da97febf
87779691
dd350882
522da2b0
933c2517
000032f4
00000000
00000000
00000000
a1ccb29b
cebb12b9
da44bf7f
fc0a3fff
eae17dff
f7d0133f
3ffe00df
d897de08
ca001790
3ef0003f
05e78000
ec05a00c
1fe00cc1
f3fc0018
073fe021
34f7e210
007dfb00
37eaefa8
5ff9e7ff
b04e03fd
3c08dc5f
35a7f3e3
47beafb7
3afe480e
00005e0b
00000000
00000000
00000000
f416f852
754b3986
0b74e4e4
be20a0f7
01f4c501
e00fe0b8
dffc784f
effec70c
d1fb843a
3e2be9c3
c7f77e7e
10fec419
470ff500
40e3fca8
66411e02
cd7125f4
f83c80df
e7c31b0c
8c18cf90
3f658bab
bfc07890
162e0f03
44cf5000
60a458ea
0000775a
00000000
00000000
00000000
7b4703a5
f10b49da
ef14881a
a47df940
ec83ef79
b63004b8
7b18004d
6f390005
00f2fba0
f00b1bfe
3f0493ff
39f82d0e
838f8660
9839201b
6e81800e
4fd03c87
12ee07f0
7c4e207f
5a9e1407
07ffe2c0
007f9ea4
e6072ff1
f264e2fe
0b3d8cdf
00008aca
00000000
00000000
00000000
dc0fc537
c7012edf
ed74463a
6f2bbe7f
92faf20b
9ffe0061
307ff529
6d5fff40
7abfe0fd
0044ff04
6027a9a0
27f00d50
083e1cad
d8ed6ae7
b80f6014
f9e91807
ddd39ff3
2ff63cb3
c10011f0
be218ef7
55f70c6e
93afbb23
d6247dc6
2038989a
0000474e
00000000
00000000
00000000
ef807717
f93760d5
64a6579f
dc5f9f78
c383fd3f
3e0c0e1b
83e0705f
805fe3cb
786d9f35
af95f0fc
667e1b8f
0f0f9876
11f44223
a7c7f443
46481ec5
c0f1d1fc
f097fa0f
877c7da8
8467f3f0
f08ed67f
9c01a9af
c6903c4d
fcba03f8
58607fff
0000a58f
00000000
00000000
00000000
92f8ab8f
28e36d35
fe0c94b4
009ef7e3
1aa22198
c1b1979c
c032c9f7
3f42023d
ac00000f
5ea80901
fff48bfc
dff7a83b
3ffffb01
fdff1fc2
f3ff81ff
f5fff00f
1fe3fe00
3dfd8700
87fb4760
90efc39c
b8007b77
c5406ff6
c7cd001f
9ea9000a
00002c29
00000000
00000000
00000000
fc6b0700
4beba4b2
03d68321
408e20fe
42002fdf
fe380ddf
c3a7e097
560e1fc0
286878fe
17e203e3
f83ee01f
43cfb800
500fff60
5401ff69
6c738fc0
3f93f434
13a53fc3
f06773ac
1f076bfb
f9b8009b
2fadc093
6cba3e1b
46c5d3f0
f52327c5
000034e4
00000000
00000000
00000000
7b9e0ed8
e30b17cd
ea1a0f6a
8f8651be
e1e87adb
7e37ae71
8261fd9c
2c923f6b
049c01ff
41fa8a1e
00170d30
300a41c1
c2875ddc
fe008189
2a0c7f55
c95e97f5
cc9598fe
f0104caf
3d613a32
07a13715
8c760f38
b08fffc7
d5c8df55
d3bc28d7
0000f2c3
00000000
00000000
00000000
43ca7a34
bd8a082c
ef96c91a
1fed6f00
60fad1e8
e70ffe7e
15187fb0
79c047fa
38aa0073
e3b7fe06
e207c7ee
2f01180f
0ab01500
80b3e0d0
da3f1e07
00e0f060
007e0100
84386400
b9f96f73
ffdfb95f
8fff7f59
2cafdcbd
e2f3fc22
d82b9432
00004779
00000000
00000000
00000000
8c42d31c
1249d14a
1111e891
4456e9d0
87ff9a28
70f85502
d007d4e0
ed903af3
4b18a5be
e4dc4dfe
5be092ff
a0eef7ff
1c006a0f
59c30da4
43b05963
0aae41e1
806f21fc
4404a001
178041c8
d41dbfd3
ecbdb30f
f8534452
4caff8c2
04f56bf2
00002c0f
00000000
00000000
00000000
1e83cfe5
1b8f0735
98960e51
e82d9a19
cde16d58
acd72807
ae176367
160c022a
1e518431
bacc18fe
40e04d87
80010848
0088fbe9
9ad2f107
2a0adc19
f947040e
fff47cc5
77fc2c87
fb72987e
72161887
19d1a62c
62940c43
8bf28060
78dfc9d8
0000400b
00000000
00000000
00000000
494ca4d0
342e2611
10fdf312
2f944613
71dcccd5
6b14b93b
d7eff460
119939f1
09aef8da
33ea3e03
82f7aa40
d7ac34a0
295cf610
ea37e8a8
f9703a14
1b7d474a
75218fb5
0cf32ba0
d1d832b6
d73e2e0f
5fca7e50
08b20da2
6f588b21
27bf3a75
0000ae74
00000000
00000000
00000000
03b9221f
7983c9d8
0b9e8fdd
00c7d58c
3e6daf18
cde2ff77
0fbf5f73
dffdef0c
a59744dd
8a5a5431
3e4ab103
b5e08b22
9e8cf8e1
e1dc3914
f2484827
c20b6048
75d68a87
3fb4f641
d2c7ca0b
ed8aa54b
77e7e3cd
1d6aaf5a
5906ea3a
dc879046
000057d2
00000000
00000000
00000000
d8aa5807
4133fa6a
3e88182b
8f2a2a06
b81d4679
b003e707
03dc1f80
0280f7f0
94a07e7d
e85b8fe0
1e3665fb
60fde08c
0007cb40
bc0179dd
9f20902b
3e88e002
e25f3300
7f78877b
f9fcf59f
dcebc3fa
9af7fe00
589e501a
23284209
053eab12
0000e275
00000000
00000000
00000000
73151ab0
d72587bd
4647c69b
f86901ff
dc000807
f8000181
1feda147
127ffc04
180104e1
24000006
c6412038
3c7c2807
8303e7f0
fc201fe3
a58281f9
f415f1ff
f3f37fdf
84552efc
88958b1f
01089d61
2000417e
65cc0856
2733f3a0
93fe5def
0000a47c
00000000
00000000
00000000
9628b40f
6862e3a0
2ef8b107
82c14eef
616d1df3
bfbefe28
5ffeef05
04bfaf09
9467f808
1fd55180
8c269f38
006a34e3
1767edbf
cd88fecc
2863b849
6e9a1f84
0199a170
11dbcb41
0b5ae850
0bb46f4a
56087f78
4151fb67
a98dda9b
1719edec
000056ab
00000000
00000000
00000000
9d39a007
ed10ef9e
f32c875d
3faaad67
e01f8eff
bde1fa7d
c07f0fd9
e207f4fc
80e3e021
f81d980f
3b02ff40
80c017f0
f0c019df
565c06cc
62e1d039
096c79c0
f0d60fbe
8f0bb0fc
63906d47
00b02508
001fd709
3f03fe28
09ac7f48
35bc83ec
0000a886
00000000
00000000
00000000
d248982c
6579cf01
8307dd33
0178257c
c7320fe8
fc1ccd6f
2fc28f99
100430fa
1ac04326
028c0000
39288832
a70e09e0
7ecff5ff
afec1f84
035ee062
9dfef70d
fc209ff8
f2c3d20f
3f11c40c
bff808ab
1bffe37c
ee7bf860
70f006e4
e9be7982
0000e9bf
00000000
00000000
00000000
2b15d951
cca43c25
f287b47a
f385610f
0fc20080
1ff814f0
a7ffe0aa
627fc906
e630e70e
ff4f20bf
c2c35809
7e1dfdfd
85f817e3
f833c138
6b060c95
f1ef8076
ffcbfc2f
0b840da5
0005c051
4010e2aa
9c000a0f
b598039a
d56bebf4
a7d99bdd
0000a96a
00000000
00000000
00000000
8dfdce87
e17c671b
36c79bd2
ca392809
7c81228d
ef8f30df
9ff87805
0ecf8f02
baa881fc
ff14001f
ac922020
ff473c31
2f601403
0374193c
a005f700
f3a30ff0
f821003f
312df703
270bfd98
7a8001ef
5bc0a3bb
2ad68a32
90afbad3
cf3dc692
0000ca14
00000000
00000000
00000000
c3849956
ef414224
97333207
1d7fbf81
c17ddd0a
362c1e3f
63f5077a
c87f305f
3153f301
32780520
fff5000b
0fffcc01
01c3fd40
1218077d
b9739a1d
02a3d9c1
c0237dcc
8d0ebf98
c7bfc3f8
986ffaef
780f319b
0e81b004
9ec23fd0
60039f7f
00003e99
00000000
00000000
00000000
b5e90dfa
793c0d56
a08fcc25
2ead6798
6b1f4b94
667212ea
2073a34f
87073c8e
e212b3da
1e9e831f
0b687c00
07b68ea0
d0f7d7e5
310e7fcc
2f86d4fa
e35b788d
1f3fd7c0
41e71dfc
0ae7227f
f93f630d
6d91da79
a3f8301b
4727c899
8243f25a
0000c0b8
00000000
00000000
00000000
da0c7271
256ba0e4
6f78fb9c
3176ffab
c052d46d
c7125a9f
d1196c23
b6000672
06102055
06e507c2
f2f3c6ff
9d5ddcaf
a803bacd
c6821f9b
558ab7a6
2a2547ec
c0941f7a
c006187c
1e285b9f
f9c441fd
52cb009a
e8ee887f
cb3e9050
84fc8f8c
000084c6
00000000
00000000
00000000
b8478c8f
5ec8683b
582921e6
e004703e
7fb0fd47
6ffd5bf3
fc7dc09e
0ff004e9
853f80c2
895ff834
7fd72f87
017fc200
0001f770
a0002f3a
b4001bf6
06c259c1
40ae00ce
e608f81c
be01c3c7
e580c418
fd071bbe
60a83ef2
23e607fd
5b8de64e
000078e8
00000000
00000000
00000000
2c0b5c8f
8e9460ee
09504778
097b79f4
4c3ff40f
fd87faf9
5ffc4f2b
72ffc79b
3a80080b
40500c00
bff481e3
fbffc00f
0253fac3
28cf230a
c402fc01
18e80fc0
60fc14cc
7f374160
e3df335e
de87fb37
af74e767
0de4a918
d44e03b5
f988414f
00006d81
00000000
00000000
00000000
337d6409
cda858c1
cd9515a6
e7ee9596
473aa0db
bf26a09b
7fbd40ec
235ff470
774efe0c
01be49d8
40048930
ae00080e
0a003af0
14001077
049042b4
bf04843c
2f815b1f
bfa714b9
69f2ba2d
73cdef47
5ceb2b83
7eaf5b77
8063a971
b7f61237
0000c2ef
00000000
00000000
00000000
f07d5828
626b6d90
b8b01d7c
4ea41d62
0297094b
06073946
c631c01b
b563bd53
0e84f984
506c3782
878bddf8
88e461f9
d5e7db7a
505ddfce
5183def6
106e0a87
e06d4218
9f0e57c6
01fb07b9
2c8f7d3b
34020637
7f604bb7
26a15669
3e33eac0
0000f4a1
00000000
00000000
00000000
17cb6504
719af46d
50ab1262
4c893828
70452f6b
fe83c698
fffc18a0
e7ffdb81
8f2ec6aa
16e43c35
0097d400
001bb4a0
d21d7b08
1d797852
09d49c25
95557de5
752bfbcd
0f42f07e
5cf7f6af
7a62931e
29082ff3
7bcb36e5
86f04aca
664371fb
00009ca1
00000000
00000000
00000000
9b5cbf4a
54997da9
259b9e08
00c738f0
fc01205f
47bcd207
8ffa833c
81bf7130
d6f7fe0b
18cbe401
620cfc02
14356500
00c1e288
c2742220
f22181f3
88e1083f
fc700007
1f6ee400
0bf61aa0
41fffc00
901f0335
b9c3ff3a
694507b8
462dd179
00004b13
00000000
00000000
00000000
bbeb94c8
949fcc69
0346e970
c03cfa3e
9e007571
37f03c9b
807f1f50
44003374
e48003af
057a04be
500d1581
c1c0efb8
eefbd0b8
bf1f1edb
fdb7f9ed
f41fffcf
c362ffde
000667fc
c000c67c
3e00027b
847c20c4
e7feb0d1
952cbfc2
b24b01f0
00000284
00000000
00000000
00000000
73dffb76
dc64a2be
19bc6606
03eba7c9
f092deba
970f0002
a8a0bdc0
c4031f42
eb8071f7
e3d457ed
bc3fedff
e00ba0af
bc806cd7
4fc01b51
13bfc2da
058bc218
a2e8b63a
bb3a9d63
9b996181
88564862
c88f5646
e30e47b2
7f61ef14
0e1fcd24
0000bd97
00000000
00000000
00000000
9d884eeb
9c994f54
252f060f
f62d2f65
2ffd6703
89c4c487
d0297c51
14d79f5a
d675fce7
9529ffe2
06642ff6
004553dc
7000357c
2e808018
677c260a
3f3c406f
89c4920b
33c01bfb
9466d314
c108425b
c802faec
6a6d7aa9
104e7fda
aad6dead
00004fc9
00000000
00000000
00000000
ce8427c0
9f88c65e
e9134b36
1fbc5104
01eac868
cc722145
1aefe45a
b08f4008
81407658
1b75c303
00fdafe0
c30111fa
dcb82b7f
37c7f96f
da3dff18
807007f9
0f8b8011
b3ea514b
191a3a8b
806f615c
d729f54f
7ad870e5
09e34275
aff6b667
00005730
00000000
00000000
00000000
1b208aa4
aaa92274
9b7b6008
05794801
c0b1f6a2
7f8c0e85
fff86317
47ffc41d
28ffe070
36e53f04
3fc7c4c2
01fe8424
001ffff0
702b0f74
b2c390f9
def55dff
ff7787ff
0d687d1f
f078f7e9
e00ecbff
0c01c237
66c0b028
863a00c3
39ee91e5
00004a25
00000000
00000000
00000000
71d4bed8
e56b310f
f64fa817
5a118d84
4ff4ac41
20e864b8
7f84046a
6bc073a0
fe6f472b
a8f7ff7d
69082bcf
0ab47b0c
c17002d4
1807c024
28cd7805
28d58304
cb793f10
b7f4bafb
8abdefa7
177fb541
b3ddd346
96095eb8
c05fb0e5
86b845a8
000066c7
00000000
00000000
00000000
9f250378
5c263ad5
78f007d9
eadc0993
101c5bf2
52966f1d
ef70bf15
f8711cb0
2393ab5a
e8c705ce
8d86a97f
9a40a42f
c6ad2ed1
e862e385
8f5a8aae
3ccfa183
1d8bdb80
f4a87ca9
61011458
03299b3e
f41a3e60
3bf57173
2bed6299
e1acb81a
00005279
00000000
00000000
00000000
d6f6602f
3b811e70
67a9d6e5
d85d7a11
4f6f8388
c3ec6843
6b3f8c10
c59df259
453c6f84
10b480e5
e201a00c
bfec0619
0177c950
e83c1fc3
9740c7b5
6e3e17fc
f1b6799e
0a1f5e40
70096c79
5739b079
9dc32a13
6a7f6d86
47c3db93
0bfdcbbc
00004af8
00000000
00000000
00000000
6800d452
388d38e7
4de41da4
40cb435e
a47eeadf
7c066a63
4dc02c0a
bade0cee
b26ce0aa
f86a7e0f
1ec20fe1
e1d14ffe
020c3d01
00100184
fe00001a
60603080
f4fbff1f
1fcb37f0
e1f2e7bf
7c0d733f
c7c3e773
456c3e0a
9af01fc0
30d8cbee
0000356a
00000000
00000000
00000000
205acdcb
4caff703
9de5f3ed
f9a6783e
eaffd00f
217ff026
015f8bc0
88307c14
96c003ab
e658001e
07d3d761
e86fd9ff
ff82f71f
8ae0e961
31dc0f0e
0e8de0f0
01f8fe00
8219b9f0
f816fe8f
9fe027bb
51ce0dff
2eabfe53
a9df7fe1
ed43bfff
000095ac
00000000
00000000
00000000
f0eb0fb8
19a885d6
144a6bf5
53d328bb
057230e2
1e1421ef
146372a6
649e1bce
54697199
47d90113
804e4800
860042d0
79e817de
7b5e4984
635c62c6
e73d8f7f
fe5fd77f
b072ffb7
fd40fefb
fe1bc519
f5d6327b
356ee80c
ba12de82
3f7cd81e
000090c1
00000000
00000000
00000000
3091a552
0f2b61cc
b3d1eaed
ef1391ba
afa6909e
a97fd8cd
1ed7bea0
59372cc1
6cc23030
87c83701
c97704fc
8c76e4b7
b08111af
ef84089c
230c4036
1143c581
e8cc0f3c
dd3c11e7
1fb06e02
d36fcd70
d146ecf4
085d5ef9
aee603f8
b46f29d2
0000d2bf
00000000
00000000
00000000
c051eb46
a676373a
ceea3977
2de6b069
692ec364
d7dd920e
081f86e1
476959c8
2eb78381
0654e000
10002401
29dcab02
9f0f21b0
737d8bc3
667fd1fd
b2b6f81f
ff3aefc0
55e067bf
346a54ec
8c301f8e
4d06a141
92838249
a8bc9490
443cb431
0000326c
00000000
00000000
00000000
02909595
2a8b3d3e
e6727c69
dd3f7139
151a8253
e2e4bdf1
b1050703
d1e02409
8b7a00a4
2ebe6055
f6d4beff
3ffa6756
a9d6e3e9
427f2788
b47b90c5
56e06804
09755bc0
1c80a178
8e300f06
e9090e4a
be446784
8643eef0
79c9ec00
34736eb7
00006286
00000000
00000000
00000000
9f918424
1e3159c0
2a97f673
3ec01701
c0012bdc
3c1df657
0701f83e
81fe1ee8
e61ff3fc
fbb7ff3f
e882ffff
80007eff
3aa0011b
98821ccb
388c41fb
6b88be0f
86940038
103e5083
c077fe1c
d68fb532
bafd2da1
cfff77fd
357819fc
759f0893
0000ba28
00000000
00000000
00000000
a3646c00
f8abe888
6d0ae61a
03fcd8c0
e078a57e
3e03f011
20e01f94
e600013c
6ad03703
dfb587f8
eff19dcf
6ffead1f
0fff7d90
40ff4658
ca3ff807
0c6398c1
eae1e0ce
6c0ef70e
10cd4768
b842017f
ba00629a
a0a00011
d3fe2296
74ca507a
0000303f
00000000
00000000
00000000
487d2239
79b7f2e6
3477349d
40ef5e13
7fb0a9d3
5bedae09
7e7e11fd
0a1eb28e
f851e77c
ba383fdb
7c31e07f
1f439e03
49f94aa8
bfffa032
30ef3e0e
cf10e85c
c98c4402
b1e2d683
5ded2a08
08f6818c
e52defc0
43411687
4e4c8177
063cb3bc
0000fda7
00000000
00000000
00000000
a848dd5f
c0c01d7c
40af9b23
1a850da0
a3f1319e
ff1e098b
d3f8fa93
fa279c00
4620000a
f4703808
7fffbfc6
81ffb1fe
c2c7f1bb
3007257d
8b007203
15487104
443305c0
87a2a01c
bb4e4963
eeedd087
955a5c58
3cd2620d
99da4410
09028550
0000a787
00000000
00000000
00000000
e86479a6
5d90f3cf
cc6d405d
bd10401d
e78352a6
173c0d8b
aff9e52c
ecff8117
fc6f9f89
0597705c
01130c00
30003800
b3f7a92a
dfa27cff
f9f0f1ea
11ff7f8e
83275f98
8451bdf0
f459851f
0f0f50b0
f473cfee
571bf67d
ced7efcd
8280d34d
0000b333
00000000
00000000
00000000
e14df4cf
3c7ff58a
c52e0dd7
604c800f
1f01d200
51f01c00
7f07908e
ebfac01d
187fe031
f83ef803
ff813a81
3ffc5c01
816f8500
40739014
50063802
0220f3c0
107c07fc
e08ce0f7
5c01cc06
022bbd78
3004efc8
2c067dd9
fd58fffb
5b3f7ffa
0000299f
00000000
00000000
00000000
e8f50b4f
e76d1eab
6b21dc32
03716fc1
385956a2
c0009f26
ce0e3a7f
cae8e5ff
da94befe
2dd847b7
c0210bc4
2203bdb3
c23047eb
3b61fedd
f2be1ffe
f9cf71df
dbf1cf9c
14734098
9badb750
21f23d82
b28f8e65
aaf28d58
e50cbb34
fc27fb67
0000b5d2
00000000
00000000
00000000
e51bd754
a819e990
c88534c0
d825ee7c
f3c8bdcf
7fdced3f
e5ffe3f7
561f1f6d
4753b0bd
02b18001
f0ac0c08
4fe98180
ac3ff4c8
c83f9dd8
85103a96
1ff9c186
90aedd3c
bce7bee7
0753eac8
fe591d5e
0f37f058
4999f99d
6d801fa5
ca91dcd3
0000f3e4
00000000
00000000
00000000
27bfaceb
4e5ab8bc
cb14db7e
d282e5f3
39b9ce07
801e93e4
fff3f265
095f0e42
0e207880
e2388380
0ffe5879
e0fff1ff
7203ffdf
67004e27
9ef831f3
7339400a
0707c000
f3d83d60
6fafaaf5
f7f1a13d
45ffa355
13efffa3
6eb0a4ef
195d7a47
00002781
00000000
00000000
00000000
8711c2f4
75edc87f
fd157787
09d8e0f0
f0d01cf7
8407cd4d
c300f5d9
cd1e5fe2
e7557ffb
70c803ef
0006b800
a00021a0
5180047d
a728f0bb
8461de0f
80f10efc
1efe8343
e1f5b9fc
383e91af
80c7f8b0
6801ebbc
e5020094
64f7a00c
64bad8c8
0000a5f7
00000000
00000000
00000000
10bd39d1
1a77e9bb
d639bff3
c09ae7fe
0e0d71f7
c1c0a55a
885de082
4024fc20
0de30fc1
0004fc30
00001ff0
f8012bff
5f8c0063
a3f87cb0
e613e7e2
fe441e7f
0de403e2
f1f2407e
1e318307
81e005a0
2404cceb
e783f9f1
fbd1f93b
e306a3ff
00008389
00000000
00000000
00000000
fe8d75f1
bc895514
fc039e45
1fff85f1
f0ff6d3f
0007f900
6000e755
20064745
6c7dfe77
ff31ef33
1ff35f03
21ff9bd0
f283f4df
efa80e1e
daff9c7b
0160f9c0
00b74f04
c58e6938
02bff1c2
10bffe0e
7c7f318c
20b3fe7e
38baffa9
16370d42
00003032
00000000
00000000
00000000
5d844910
924a3836
b59ddeae
0612cfae
2123dc32
920004bc
9060e1b0
95953f89
cc6fef90
fe7b1018
0f7ec460
60bfca91
bf978e17
acef09bb
bc934f75
0965b7d2
851899f9
a12d86fa
ae00a29f
23900e6d
ce40fb4e
6cefd58c
5793f71c
a685ec7c
0000160a
00000000
00000000
00000000
40f4e1ad
3a997e3d
535ac4ba
cc550e77
f8e9947f
7fcfb6ff
b1fefc35
0f8113dc
00580000
323dc980
afff379e
007fd9b8
603ffe9c
500fffb7
f750fffc
bcff07f7
ffcdf47f
9fe4ff63
a3e705ee
de9fa779
aeaf322c
cf8cf863
e4580ed0
21a9c35c
00009a6f
00000000
00000000
00000000
5b845f20
d1642830
5d3d5723
44bb947c
d43f8b3b
a9a84d88
310bf4a8
11687df6
5859e7f8
007c4b3b
85c4d010
7c6b3b53
d943ecc8
77f037b3
18ef8bd5
aca0bc3a
7953ffc7
484a2c10
88457143
8ea9f384
e204004a
54b22c76
2bcf4a2d
751af19f
0000f1c2
00000000
00000000
00000000
ace5f371
2dbdfd94
7b41da1e
0154bb2b
c282463a
0e1ea175
67eb90b0
3f957133
143120aa
483f8000
fa8e5018
7ff8bb83
2fcfc8d4
c37c7b85
5164e05d
f5444c0d
e30909e0
ddc4b9ff
f49ded82
2de276c4
d5fb054a
9b705855
d0021d8b
5a520022
00002b70
00000000
00000000
00000000
db3e9862
f1cd5d72
e8c4d95a
e0fd95ff
5a13d5f6
27a68ad6
3c3ef53b
9849c724
22dd1ca6
2a13f501
07329f5c
0078335d
f10156bd
d10000db
57402727
d86c039b
f9eba8a7
7f767b0f
63c10402
b44e917e
d4001ed5
91d39758
58ad7ca9
f45b02ae
0000da94
00000000
00000000
00000000
31101741
e4969d8a
e4d8ed20
a64ba02b
f01e21fd
ac0fff34
dbe0dc50
d057057c
def7fb31
4033ffc0
f0048abe
ff44e373
6ffac881
8bec7d59
a64507a9
a0daec7e
02dc1647
c01543a0
14412008
08bc9346
ad14062e
15538ed7
67129596
a0ab89f6
0000e3d6
00000000
00000000
00000000
2d4767b5
b5945f7e
46c4c1da
e00404bf
bc2d4173
d387c2be
5ebcfca1
37d7cf0c
8afbfc78
2007f786
02033e30
30703a81
0101c680
50207c60
8a183ffe
216bc3fe
38e9dc7e
ffc87e07
0f4db0e0
00e1fd08
b20ffd5c
1200fff9
9cc65d34
8e0b67ee
00004210
00000000
00000000
00000000
8e8d8723
a983e9e3
cbc97e62
02265fc4
0a4a7ba0
b8022b2e
ce0312fd
e3bc715a
b3706fa5
b14d7a7d
706c3e07
480a1675
5f5c2c63
eca99c9a
105bf6ba
e5c2fbc5
971abdb9
eed51227
5f472081
5dbb9e1a
e9bb36a5
82dbe4d3
37ffaac2
cdf4e843
00007600
00000000
00000000
00000000
56e5ede1
7d52a55d
30caf375
0102d1e1
c0aec975
7e17674d
1f73b149
053fbfdb
133fd3c6
a089080f
f0bfc813
77c8c201
2fce1454
f470a53a
83530fdb
42cb8df2
403b39f6
110d8020
a7b16cb0
0097ad6d
13e88cd3
fa99bf9a
950e711f
ca78c6ef
0000685a
00000000
00000000
00000000
34016957
e3b690ca
bbb60f7d
fc7229b5
fda0d816
e3e84015
5a00033a
bb101056
f82c03df
8fe8c83a
35b8e0f3
5013c18f
7f1819ae
dff385e9
afdffd55
fa0db7f9
f7bdb4ff
faf10e0f
e3d81d2e
dfacd546
9cee0a87
6311b049
64960e21
a7284596
00003cda
00000000
00000000
00000000
9f78f60e
143e926b
20c7c17a
c00fde77
2c00a3fb
bf280233
8df0751e
87c707f9
7ab87fbf
c4cb03f8
fe05701f
01f80700
001f9810
7420fc30
1fd2878c
c27fc836
702ff803
4302ffc0
f9229ef8
e9188f55
e6e2138a
dd083f9c
ecd200bf
5eb9441c
0000f580
00000000
00000000
00000000
482306de
37fd2090
6233825a
0697d331
b2d56684
fda935a6
a1ff08d0
2b04f37b
f3b84ffb
0d550067
60f5753c
c313c310
a4322dce
39c1b31e
db42281a
8f2f9110
8f434031
bf28b063
77d4e205
79dc3f14
5310b733
f8f891df
7b1c6158
af597908
0000a570
00000000
00000000
00000000
48d9ca74
6ffe6476
17a78c00
7f70ccbb
3ffef28c
11fd7fb8
b204ab78
a8a8d15f
328f4600
80f65e60
9ea405ef
747e720f
0080607e
71141c3f
7ff0c3f9
357c027f
787f7e17
f6ff47dd
99ef7ebe
9012b4f1
5441f4b0
6776691a
d99bbd01
562b0433
000061be
00000000
00000000
00000000
ba637ba8
0943dbce
da4734aa
05c29a4a
fa57825f
1a0386bf
55405f2c
362e02f1
d50039f6
5d31038f
000b8010
e0005060
5a3c0aaf
a3464a3b
737ce7dd
f2f55ffd
f7bd44fe
f4b3083f
ff887503
3fe0a830
affb2007
334fe035
1930d402
b8169232
0000118e
00000000
00000000
00000000
a2904266
e36e72fa
b83f9dd1
30678001
819fd000
0079f901
00063efc
5ffc0252
85ffe37f
f00fffec
7f677fff
02fe0ff8
402fa9a4
a013fda4
34801c0b
d9e401e3
fe05843f
1ff33c43
40336bc0
fe31e6dd
d7a01fed
3ffd146b
a3cafe83
96a1b33e
000073b6
00000000
00000000
00000000
128625c9
be10770c
704d8637
3ac613f5
0c25bbd8
08416ed4
20fe3aa4
d31bf012
79249f03
9880bbf8
f8b0f4ff
eeaeed57
ee39766c
2fe5c035
c8931c1c
6d8ac0dc
71906405
c2155b51
08117518
05921288
42385127
ffeb6faa
72df3ffd
6e5ae7eb
00004008
00000000
00000000
00000000
e3654118
1f97ba0a
896a59f2
e111ce97
be2ab687
01f744e1
e40fede4
4bb879d8
f7d1ef7e
20476a7c
8d508e13
9c00d1e1
7030467b
f5ff162d
7e39d0bb
9997cf88
0304dff0
848c04f6
4591c22e
801802c0
5a180d4a
ce209f81
8d834be2
10506545
000079f3
00000000
00000000
00000000
4b111d13
77f26ac7
50abcd04
055f6e30
0a8cb4c5
1a01ca29
fef2207f
c596ff6c
cc0dfff5
2a17e71e
00016db0
61d61941
a71fff4c
7c21ff70
2ec69fd4
7d30e82c
7f533d09
0c8bfdd8
013a3c00
531058df
1d50110a
6f0520d6
10243e8e
f8adc45e
0000c414
00000000
00000000
00000000
13b992a0
0079bf19
0cda91ff
08658a00
21772c40
3a09fed3
efc0edcf
3a7e1edc
2b85e3c1
80b00e10
0ec2efa0
31ed3cbe
fe069e84
b7586f97
7b678738
123ff8e0
e9bfff84
87c0fff8
203787af
4003fdf0
40001fb5
15e0013e
d4ebf001
5a628c9f
00003bb7
00000000
00000000
00000000
b04cdfe7
9bf5c247
202b2a91
2b7aebc4
449f127e
e088ec4b
af0c019b
b4f8c1db
b407c617
4fe41c67
f1ffc0ce
7f8fb00f
057878c0
406d80a4
0a07ee07
a685f2f0
3df9ffe7
20fd46da
834417a4
b0040e6f
71804c62
41de0dc3
abb1ffd6
d5e0ac7b
0000d033
00000000
00000000
00000000
f235eeac
a4b591d7
4f8b43fd
f153087f
1f0811d4
fffc00df
cc3fc037
93d007ab
ad6f80fd
10b77847
e0076f0e
0f002800
01e0cbf0
0426bf23
1c861fe0
253078eb
03148504
3a7abc80
fff48dda
5f15f75f
b5e01fb7
16d410ff
ab989015
acdc050e
0000a4dc
00000000
00000000
00000000
2b0c47e3
04576c17
c5fa5ca0
30ce4600
d4b7ce18
b7327346
deb89cde
68f78806
d363f808
1681c300
03dcb800
00fc4360
99fd043f
e7f7e53b
11f5bca5
41584814
fdf9d595
1fe41bbd
6fbb60d5
f9432d19
a1f35da8
c9fb20a6
24fb0404
8179494b
00008756
00000000
00000000
00000000
9ec1d6ab
f361c5e2
b2507fb2
ff034367
00b47007
40081680
ff917093
8bff883f
3bfffb85
10d7fc1c
0028bf80
0f00d000
03f80dc0
a01fcb7c
c60cfffd
e2604f7e
0d261901
4ae083f2
f1362c3f
36c80b81
422e555c
89ca3c85
27c1bff8
74a23bb7
00000fd3
00000000
00000000
00000000
9440a921
6db3d3e9
30d679f4
519bc971
1b1111a8
60786130
f64e5758
5bd2b65a
9c69fe6c
57a92fe3
54267e1b
bd467383
3ff237cd
7afc06f1
531f40e9
d3685816
552de0b0
b18d1302
9d0ccf05
d320c8f6
90ee038f
a06e0d6b
f4fa12bd
37a154a5
0000edf8
00000000
00000000
00000000
b6034fbf
de8bc8c0
ff86bf13
3e296403
0fe72811
067ff0b0
a0fe93c1
0806d019
0700f903
c0f81f20
df0e41e2
fcfc481f
1fcbc081
c0fe0068
3887e705
0fac1ff8
01df0139
741ce203
faa06a08
04e91760
27f258b0
80be4056
ee38064e
e164984c
0000ca88
00000000
00000000
00000000
749a535f
6a110c35
ccc14b0b
24ff0e53
2e4e4800
20fdff09
29dff9fd
cd01fcd4
9f847f14
0113ff9c
996b8bc1
6ff00e39
65573f7a
e06c1e82
af41c09a
31380e03
932d95e0
078b9b82
8026d7d7
ca42f75e
a3fc5bce
fa5cc69d
01ef562d
bd04d679
0000472d
00000000
00000000
00000000
a8496831
8e921ee5
b997b43b
825f02c1
b8d8a090
4e059ace
d220ecf2
3e2f9fa7
54b3ff7b
04e9bbbb
00339c18
a8355cd1
e52464ff
c767c391
ecbdd863
ee50fe02
9fd77cec
f7f0c037
2fafa79e
5f722cfc
9bda6896
f506561d
6beb3f46
fb758a2a
00008658
00000000
00000000
00000000
a717d520
92e2814d
28fc7b40
fc7ac8bb
5e19143b
81ffed8f
2a017d3b
17c00fdd
915bb8a6
fae67fad
56b51127
d0c0b6a8
134c1689
403bf0c2
7b28df12
61b803e0
011d1081
f14e2c07
9fecaed5
d3dbfc6c
58d5fff5
3e9cdf9a
f5cf68a8
002b1c10
0000a6be
00000000
00000000
00000000
4d30114b
cb270a7f
02978fa4
c090643f
8a025113
d8e80880
ede70606
b59e35f0
c0bce19e
c6030781
e824f03c
1fe1c123
3074b284
e004218a
f1000c01
0ba0f060
fc570fc3
ffe1c2f1
ff3e7d07
ef31f021
2ffd3ab2
38ff020a
a057f000
b8dd5c40
0000eccb
00000000
00000000
00000000
1eb8efdc
2c201b81
fd4c5bf0
21cb1423
051f2c01
000a7000
5c000ff0
bfff02de
0d3ffc02
8057ffe0
7c07ffff
9ff01941
4e7e83d0
6dbfd8fd
5eedc7e0
6b4d3c7f
3e0662e3
1f8bd482
221a1432
1d18eaa4
20cab9f0
b9002ffb
e98401f7
eb7bb3f2
0000ab9a
00000000
00000000
00000000
bdf00a37
d9daf679
a0f3e5e0
2acd43ff
13b1fbbf
04518794
871f464a
1478fc2d
cd99a692
31a32001
85bacf10
1e48b478
ce679b19
a32ffdeb
15017e43
13d807e1
c4e368fc
a60b0c52
e7f4ef34
fe53d8ef
8dc1b169
a2ef8506
2dcd8ffd
68d7d80e
000091f3
00000000
00000000
00000000
3ef65070
7ebbabe7
227b77ac
7efc3d4d
0f9f2301
a5fd4e17
fffea4f2
ff7cf181
46000700
062c087d
0014e000
df0122bc
1f613904
2147983e
39243fc7
6ac267df
077778fc
48d9b8a2
f5044e47
fd548967
52e1b658
6f487fbc
28decb76
14900afb
0000e22c
00000000
00000000
00000000
3dd09800
d919ed9d
09f7c9da
bec37bf6
1ff872f3
bc7ec8de
ded40067
e7fbe004
04737c00
287e3f80
07b501eb
001fbf00
4400fa61
400004c8
f007800f
99007001
1bc603f0
7fb3201e
defbd440
3ffeff5d
0362ef8c
80001b7a
9ca7000f
344b5777
0000f726
00000000
00000000
00000000
67df7f18
e1b66bc1
8d2a0ef3
86699bda
625c9f41
58bd994c
6bf99d47
b8bfcb5a
94819820
05a41404
06b935f0
102f0fdc
c465eecc
a7a31ef4
943c33ff
a70147d2
81fe27f8
61919a61
2751b92a
d0fca4c0
c39f6652
97b079b7
e3b72bfa
680b2f06
00008ab8
00000000
00000000
00000000
7c602461
1cd78e24
15b1111c
ed9adda4
2de2d26b
0f39a775
c572a848
60af8042
037081d0
b3d5641d
3e083240
bff22543
1ffea059
bcffbe3c
4b43fdd9
32477fe9
c0779242
02d09e08
c8b1edf0
f88e3f7f
db036eb7
f34006bc
b12fa10a
ac574aaa
0000b094
00000000
00000000
00000000
0f808dee
52a94431
0737fcc8
00268bcc
c8062dfe
bec075ff
bd6987e7
9fe11c36
0d7f73c1
c057ca7e
3e03bcf3
8d805908
23ec0602
00301c45
78026302
820070fe
fa08079f
95c2007f
63801c0f
007e0d00
801f684e
0407f121
e0407e01
090ecffe
0000679e
00000000
00000000
00000000
8cf553e1
f129e456
d626d7fd
fc043b77
c7f5f23f
c03d22e1
47c1f781
06fe1b9c
06f7f104
102a7e18
2403e380
8a2025f8
f9fbc34c
0acff7aa
0a6fff2a
0529ffc0
c06a7f9c
441d671c
04056148
008cb892
a00bef58
6e026f7a
a3580df5
b6ed63ee
00001679
00000000
00000000
00000000
ea77704a
db20134e
0c2b24fa
480fc62e
40cbf422
f8115357
5dffa1a9
a83cfa46
49804384
0afa0004
c2410050
3d13a417
3304e420
3018176f
28129fde
eed650fe
e72bcc8f
4ff1e6b4
ee9987ff
36786dbd
87202570
def4c58d
25bb4016
6c88c15d
0000fee2
00000000
00000000
00000000
d22b2f3b
905c5e84
80b7cf2a
cd0543a6
1c3044d2
77fc482e
b4bfa5c0
3ccbfe06
6a0be086
aec9fd00
db653f2c
88fe55f7
7683e3a6
0d083f1d
303063fd
353c173d
d0b7a07c
042bc485
20885360
655b1e33
4c1a14d8
9e12e941
c5fa89f8
11f0d196
0000b37d
00000000
00000000
00000000
39222659
a8e6e77d
5dfed600
185ed5e8
ca1ed0ea
61a3a1f7
48041236
8bf0720a
dd3be6fc
5f9f3f7f
77db29ff
443e708e
02002174
dbc1127a
aa1f8527
fe43fcfa
e35657cf
ee8d42c6
c4b41d5c
de4f47be
25775bcb
327a5bb8
1cff00af
ca7d084c
00008ccd
00000000
00000000
00000000
0c2468cb
72d47834
73aa8009
dd102866
443e8a29
46ed2265
e04fe419
1b00fc61
21b2cfe1
90ae08ff
10022083
c1d404a0
089f2d52
d4f4f9db
1ba16f84
d9b84cfd
7f43b0e7
4b9f6dfa
0416a5f2
e022527b
23062434
7119e113
7538bd35
4c3b6cec
0000e6ea
00000000
00000000
00000000
b8ed8d8e
5834c372
959d644a
7fb2e7fd
11f850bc
31dee798
ef9f3a43
63fae3e0
7e07fc3d
f72a0f83
9ff980a8
5cffcc05
5dcc7f42
859e1124
7819c04d
5b45f610
0cfc7ee0
70202e87
7f0045ff
ffe012be
3fc00ca7
499e03fd
c3587c7e
735a17c5
00007e99
00000000
00000000
00000000
2d7176bb
a7d9e9b1
a492d2fb
e8beec0e
cfe07bd0
f878227f
13c72c2f
b0043fb2
e6a003fe
c12a037d
f00de07f
7302441f
fdf00112
3f170049
75f03004
135bc180
c0c0b80c
8e1f8380
cdf5ba79
3d6ff179
99bfff4b
fa379fcd
49701043
7b136f0c
00001b14
00000000
00000000
00000000
a53684c9
3fa8dc00
68288373
0d148c01
7941c447
aebad73d
4b03f463
92801755
cd32037b
ff9642be
5fe4cf37
70fcf00d
9c0df16b
1b5877e8
f2ffe198
7b777bff
a0aeddf3
00bfe6a6
8825dd84
201a0640
03a80aab
a9c9680c
9f4bff26
c1da0209
00008698
00000000
00000000
00000000
725cdfa5
99aa3bc9
4afe0399
88a22dfe
f002f489
1f806863
38f81f1f
e63901f6
f5349c3f
7ffcbcf3
f3fe63df
fe1fa21f
17e07e21
240213fa
b6d0001d
1580e81f
05e335c0
c072abfc
fc25e60f
0bc008fa
97f8000b
16ffc207
cde7f838
e4a31812
00000df7
00000000
00000000
00000000
0a17620f
8ab6ee3c
239e4988
a4c2c6fe
6237898c
1904bb58
89ff20cb
3c7df305
f7df46f6
afb2b47f
01794e02
e405ea01
3cc052ee
cb500771
272ca006
7cc38207
9d64bc1a
7ff815b5
ffc5b577
ef9135ff
e44aafb0
fb0207c7
7d21297f
951216ab
000085d4
00000000
00000000
00000000
ad94f859
4ba292a8
3a9889d3
a202de9e
427037df
7cf997af
d5cffcdf
e4c87dc3
f88601f8
0e3d0003
814232c0
0e00c011
c16c671c
f0471e01
6dc031c4
a0b2c7ff
f8fefcff
c7175d27
d5c2a1d0
7ed822d9
9d1c2acd
c3cbbe29
a98befd9
e755385f
00000eb3
00000000
00000000
00000000
38e8c0b5
d1629b76
e5ddc015
43a4a6f7
ffb093ad
5e3e026f
9ec090ba
73640dfe
e2f6c050
10fba41a
6813f497
e310d938
3fded381
c87c772a
cc33c26e
f0c15a3c
6f957727
56ff1bf7
b7b91397
b96d906b
b7d28302
0868c749
724c5053
0bac2282
00008b8d
00000000
00000000
00000000
52dd1c53
f56e5db1
bd5817ec
e2b7803f
a4e6e803
7078f7e4
80078f00
c03c3ac8
884303f8
c133f81e
07cebff1
a05611ff
f88ddd3e
ca0cd8e9
63e86f07
07bf8100
01123c08
001cb7c0
48077f7f
9f807fde
c56eddc7
b0bafff9
fb79e7f6
81edbbfa
0000ed1e
00000000
00000000
00000000
e42f48c4
2ae9b8b4
33fda57e
d06fdb0d
7caa158f
6bc468b5
ce1f49cf
8ffdc514
2dbfee4a
fd9b500c
0fdfa000
e0fcc5e0
1fc7e2e9
004c7f14
4221c7ea
44a50fff
261de031
5800f236
f93ae7ec
fe84cb9b
a7236469
58ce6d8f
216496a5
dcd943ac
0000b03c
00000000
00000000
00000000
20ceee55
925f379c
9d98d600
fba9f4c1
e3f4cfbb
fffa88f7
7ff3f26f
93b40e00
4c9060a7
d8962400
7f8d21cf
e7ff6e18
0553e5a1
903e7524
8fe2dea9
ce2b2861
0375fa00
09124e40
20efddf0
7025178f
db80b2de
7f781c4c
5b590f54
48455920
0000d959
00000000
00000000
00000000
9da4adaf
d72b6d9c
d0caa333
51054ba7
422cad08
9c5a6bc5
d58fc272
847ab84c
23ac5660
0bb21400
a0af1f4e
fc006c6e
dfc81ff9
788afc87
57e6a9fe
b6d323ff
f9d8827f
250ffb05
c0a75ce5
740c1b2e
bb145e34
5302607e
5aa3fac2
17ddfdb4
00009ba3
00000000
00000000
00000000
5e50d4b5
38f34620
ed91912b
9fec2b23
33f0db94
51fe4529
0c0ff36e
3defff57
b7dafde9
04230f87
0609e8f0
0284170e
0002ecc8
1c03ff84
b7a0bfe6
cecf63fe
00a9c21f
0c50ff20
03ff0b69
c805dbfa
c087a9a6
e988ae4e
98b070bb
a0af7e88
0000aa1b
00000000
00000000
00000000
880c2642
2e467cab
fb286c38
ffed4107
2ffff1e1
05cf0ee0
e6780006
4fa3c00e
9b381e00
df3780fd
1bf12e03
807fcde0
7806fa0f
9de02c8f
b4170025
86e37840
81251dfc
7d0001ef
f7f04cdd
f1fe0658
5f93f8ff
9efeb308
c45379dd
081bd81d
00008c52
00000000
00000000
00000000
20ea040d
8997b2f7
74c4208f
bd150820
613d4e50
020fd088
c4be7782
88ffef16
635bfc83
0073f1c4
601a9904
37801e02
3bfe9920
1a66ff31
39fc27ff
fbeda2ff
102d3a36
40a67ff0
23411ad0
2d3e11f7
bf7aba91
a3ad2b6c
b3b5f7b7
8dc163ff
0000c62f
00000000
00000000
00000000
683c5a57
7d09528b
284ff104
a8ff3c0e
706e20dd
24af598e
70a3f205
47b0f6dc
747d07f7
f0a17c7b
3b34dbe3
a22504f5
e3230a5f
2f63723d
7fe417a2
19c7c005
396bc041
82b66c88
04b1c500
4b1a1de7
8235bdfd
d90ccf93
904067d4
23f12a5d
00006cc1
00000000
00000000
00000000
daec876b
5c4fd7c8
fdcaf320
fbd8f9ff
ffa1d877
f8800b42
cf840091
6c2ffca6
5b407f84
08c409e1
801cc07e
5000d30f
bd00ee7f
bbc01f75
cf9a81f8
ff59f0ff
ffcf9fff
5dee783f
b3f80991
e3dc0c7d
97bd02f3
e8011025
1188000b
6cd93cac
00002656
00000000
00000000
00000000
84cfd056
f4f0f0ae
f37e155e
5d243eaf
1fd9429b
2c6e3020
b273e074
4f8b1d41
8ef9f980
103f2f88
1c0db05e
18d28800
030eabec
7000f7a5
cf03d79a
8b7501fe
fee3c07f
5ee1ae09
605e4b38
4404aa9f
6cb087c2
28583135
85584093
3dfe5dbd
000037f1
00000000
00000000
00000000
a4eddcf8
b719f305
ff239003
07e0e3f8
a1fe01bf
f81fe4df
4f83fe0d
5fe03c6a
031e03f8
006fe070
fc399c37
07fcbfe0
30fffee6
718d7fe0
f7dfc1fe
7e7ffc0f
ef4fbfcc
01ff7379
01067b1b
87380ac0
13f0e5d8
7ffe1711
1c68f008
8dd74218
00005990
00000000
00000000
00000000
1ae09636
e5e9b2a0
7fdb185d
0c67f100
80690780
dc0fd1e2
4aba01eb
ce6bd4b4
7f12bc2e
f71f51c2
c20396bc
ca0081b0
fc200947
1bc14363
0fdc1e58
7229fff6
e1a8495f
920081ef
e076e68a
a616efe2
1805ebdc
c9004f24
f3a408bc
dac2813c
0000d3c8
00000000
00000000
00000000
e55a962f
38e231b5
aea9b036
b8249fff
2874274f
89c7dc30
13803eba
aefdfaf3
e4b5df5d
8a2992ff
566a6993
f848472b
ad5939ea
797640c5
8b41703c
02f68982
9b994308
7ffae007
1300c608
2e039050
c537ce2c
3f3ab17f
c7f2e134
431a3659
0000e28f
00000000
00000000
00000000
7be792f2
f8f0f2e0
f7710da0
f7ad4807
0fffba01
c01bfd08
7e007ddb
ebe001fc
7d3fb50f
83dff1f0
3f1ffd0f
e2f66f7c
b987531f
e7fc3ece
43dfe0c9
7f3a7a0e
c7dfe120
7fb03c21
61fffcf0
181ffd88
2b9d0291
faa1e005
3f7c6700
f221bf3d
00004005
00000000
00000000
00000000
ca9f2de5
1056f9bf
4c6ea1a6
ff47c94c
0de23df1
84255cbe
624019ad
84000228
f2507e23
80e26fd8
7551b58f
a7fe69e0
8b7da1c7
dc7ff405
e828ef8f
89c5ee70
22fc8701
01bbbff6
ecbc2853
2684ed4d
afc3e6b6
890026a7
b0e31488
29a3801b
00005949
00000000
00000000
00000000
ff02f0a2
e3018b9d
ef6a7c10
fd0f31ac
dd68ac8f
e8647c1a
d7c1a5c0
a94007cf
332590a9
e362bf72
3c961f4f
a1eb71ff
19142d5f
ac8deb1a
10ff8fcc
10c453ff
300b01e6
e296f4c5
5a25c1e8
5ff77858
b07d6dd5
ca55e4e7
d9b21de2
c5b56ad9
0000cb06
00000000
00000000
00000000
1c46b77c
30f0f833
eea9dbd4
1cc7a530
f5a6626d
5f594b45
73819eb5
144f072d
1cb5702c
ff4a2b04
0fe145f9
e2ffc0ff
7e50b8df
9e6c113b
3734e018
2d5ccb04
0452b9b0
c97ceee7
8dc7901d
dc43dc69
0091495c
3b28502c
1c87ad6d
a5a7c06a
0000a219
00000000
00000000
00000000
10900c74
fcd21a63
6c83ef62
008f63ec
4401abcf
b8005091
cbe085b3
259c1c17
0c7c33e1
c07bcb7c
bc03de77
c9803cf7
1940095b
01680101
8002016f
c72018fc
7cd4169f
3c8620e1
63dd6907
003ce9c0
701fe148
7f81fc05
85b19b02
e8ebd948
0000ef0f
00000000
00000000
00000000
b8fff284
1c9a3f36
2a24c2d7
783be8ff
078302ec
1c1b3ae1
3fe7eb67
1dff789d
18dfe786
0041fc00
b8384a10
8b857720
7f8eeec6
32947c5d
fe0467ff
bda8873e
1048547f
f08a4a47
ff0d9731
7fb66797
c5fe6bd3
7f03f9ba
f3ab2b72
c99b5236
0000d9df
00000000
00000000
00000000
062d52f2
f74e8918
3fdb779d
fffd1fff
fbeea827
1effe31f
20dd1e22
e4bff0e4
04effe03
07abe700
80bfbffc
e613c1ff
07e05329
813e0348
2800e4f6
ee107e17
fe0ffff9
ffdc7fff
77fc09ff
0fe4d455
bd7e3c13
e03f7927
22e3fd88
89d6ffd5
00006ed6
00000000
00000000
00000000
f6df2c65
165f88b6
b66cc2fc
de6770b7
f38de81f
2e387903
43e1e3bf
90071b08
43c03bd0
fd80f1fb
0098df35
f0106dff
ef9e041f
7f73f003
baebfcaf
fe58399e
ff7fc00f
07feb034
00272f08
804086fa
485f81b8
c99dfe1a
9e7dffee
c9c94cfb
00002766
00000000
00000000
00000000
57e9f04f
1fa3d1ca
6473a967
deef60ad
c1483a27
860611b8
eee0eddf
e1870326
f95970cf
f517ffcf
7eebffdf
cfff77f0
98bbf1af
85fa850a
3dc88610
2b755010
7d744687
1f0e5400
819c0d32
e497c972
bad098a3
7a1cf51c
4218f6d8
b75960b5
0000b406
00000000
00000000
00000000
5bf482ef
5fabbc18
b2b5de78
51f0cc99
64804750
7ef2e60b
4be77d3d
082810af
0fc0c08a
e34d6780
fc6018ff
26a1246f
81d993b8
e105c150
f5857676
89640d71
19d38ca3
2018c092
f067b540
1bf733f9
57d243ca
513361e2
1581163c
40b6c054
0000a071
00000000
00000000
00000000
7a3d6988
314e759f
46b293d3
e15723dd
1ca990d5
5f823666
1f7c46fe
ace9c398
74e10fbc
79a5c00f
c7f17a08
4e16edad
abc008b8
8f5c00c8
a461621b
6d1600f1
fabf7f4f
66ce9df0
d663678e
5612e1d3
3db089a2
0b4ede8b
fad1fbea
1a90eabf
0000c40b
00000000
00000000
00000000
d3768708
be80bb11
6bcd4dec
01cf5fdc
e41f1dba
9fc0fce1
bffc0f6a
3137187b
067f00c3
602de03e
2e055f43
6d80727c
e3e006ce
581c4269
20e31d66
86ae13c8
445e0fa7
9d057071
23aa1687
007e2af8
601f8ae6
3003f100
f9403ff8
969e03ff
0000823d
00000000
00000000
00000000
8e3317c1
35b56d30
53ca9a12
71c6f500
055657b0
c8188132
3d82e035
2a895522
a44f9fda
e881aff9
f27dae5f
2d7e6bc9
054fea7b
be13ff21
70003fe1
9d9c03ff
e852143f
2ec00340
0985dcb0
fffc6a6b
dbbb6be6
95d9fd77
fc515502
1cf69927
00000cad
00000000
00000000
00000000
04f97769
963431a3
f5aae7fe
ffefa9bf
5ff8f80d
1c7e0348
063e0028
76ffe00e
072dfc00
4f05ff80
07d8c1f8
b01dd00f
1600c526
81b80618
e01f0064
eb406002
ff9c05f0
ffff980f
9ff1a283
a6fffd18
aff7dfd7
3bde1bff
577cf00f
0098518a
0000ebdd
00000000
00000000
00000000
01576c92
884ffe4b
dbcab190
b7281fbd
2f0249ef
e977365d
cf4700b0
ed420016
cf500608
ff4de43a
1ffbafd3
42ff05fd
ce83d62f
3848bfa1
104cdfb6
61ce4bf1
4c11a097
08812001
40e84cd4
041555aa
1822ce1e
71b24d07
a997f389
a344b8ab
00009376
00000000
00000000
00000000
23f7bafc
31db7164
ea03ef7f
bfb1fe0f
01fd2fc0
040fb580
60302d8a
4807cfbb
2246bd71
c05883c1
b00b860f
90c02863
f0e60bff
77c3f805
a7ff3fce
633fdc45
0027ff81
f005effe
07c02fe4
007e0350
0007e050
8b027e02
bb303ff0
bc450fff
00001a10
00000000
00000000
00000000
8fd1daa4
72e99f38
ed154887
39980b9f
e3f46058
ffbfc6d9
ffc07a61
57fe03cd
b08fe2f1
78780207
fe0f0020
7780180e
3fd002d0
dfbc1905
539fcfb2
b16c7ffb
42e04197
1c860211
b1ff2c81
fb0fca0e
37792d83
43ff8fb9
07d058f2
737f0c85
00006315
00000000
00000000
00000000
9326f784
1e8cd9e8
1e3c8a65
f92577f7
d8b7dad7
d41ec89e
e7007523
ec280333
23064005
63401a04
901f23e8
cc07eefb
e5f06a5b
9bc287f2
647e76a1
ff3258fd
81fa47fc
e40133de
dfe7a1bf
758944d7
09fe23cf
5461a10c
1c8f8883
fc5a7e5f
0000b354
00000000
00000000
00000000
7712484f
b251cac3
83035c48
398068a4
f2aee7f4
fe3bb9ee
6770e28b
cba41ff4
b1d7402d
ad467981
f73d2f7f
701f3a1f
7d01abb4
0b080028
eadde68b
83dc77ca
0952f03e
5c14c003
9d232c36
8742dd98
84ad1ab0
a4f0a2bf
daf30ffc
a2d01999
00009798
00000000
00000000
00000000
c50ce014
554f99b0
2420fcb6
f49b5fde
8e74e0fe
26e9fa88
68e03e8c
dc3f63e6
29dbfe27
69a2dfc1
86eae6c4
ca505560
05f040b8
059bc71c
fd24380e
075cb781
40d7c5c4
4e153aa8
137d8c88
94b41d26
acb77145
01bdf75e
fe1a1dc3
9e250c34
0000ff6a
00000000
00000000
00000000
c8800798
65a58cda
93947336
1f6f7c91
f30f1646
0290730c
740a4607
6d23c5cb
fe2afeff
6f4bfaef
5bf2dfff
b43bb3b0
6bc026c9
97e614ea
44fe7008
11abef00
64d29529
69059e20
50524039
8c1db68a
a975cf33
ee3bdf6f
4d2ccfae
08da7837
00001711
00000000
00000000
00000000
c210a36f
f6f5fe27
fbb3d2ef
1430aefd
52268090
5e2d260c
15b033e4
8b2500ee
a4877059
50e1890f
9ee967c2
f5ff5395
f303aa41
c6781c6c
230f83bd
bc84bdfe
a40aaafd
c39f71f7
2580d78e
a2000ec6
963168ec
d7aa20b5
0a873ced
e6c31ba2
00009dda
00000000
00000000
00000000
ed407e90
f4fc9414
b50502a5
f4a77bf6
6f8d9ef6
87f49cc5
181fcf18
b4a07f0b
edb80fd4
e7e300f1
4b0eba7f
fc6dcef5
a3803f1c
8d38135b
014987c7
ceec1c7c
7b777847
241c9b00
777898b0
7e0e7819
84f47e0a
46bfbb56
15ca5ab9
2b12913e
0000c4dc
00000000
00000000
00000000
a0298923
d79e067d
4726f187
9beac49c
723fcfbf
b3d0fff1
828fcabc
c8f8617b
576bce4e
54b16c62
366b11b1
5dad29ab
43dd6ea1
d4370f83
bf6090c5
edafc107
c6f170c5
ca6778c1
6fe4a699
ddf0282c
4edb709e
9b03d4db
3580809d
ff2eec84
000051fb
00000000
00000000
00000000
70cbfc49
bd4de7f8
433ddb64
601a72db
c402adb0
37087e62
abfc0c6e
3803b285
31900f06
ff23d1f0
f7fa4fff
10fe87f6
f623e72f
9ce01e11
29e719c5
470c3105
c090279e
15428255
f5024483
85c30060
9ef17a1c
1d783100
c9da6466
667e536a
000076ba
00000000
00000000
00000000
6f225d3d
d3f9562a
49089bb9
fed6555f
0ebf0d00
207f4ee0
e047f79e
1ec7ea38
931d7d5a
8fb569ad
cb930518
3c0317ae
e7d873c8
0fa7e1fd
9ff41c04
c2e4a6da
fc2e7e34
f635f7f5
97aa4dff
217089c3
dc1ed31e
febf4598
868358f0
5a1f2ca9
00007ce9
00000000
00000000
00000000
7db874e1
28e3b151
d872e152
f304d277
7ff0d46f
017e8614
1013e0c4
2b801e02
061a13c0
a0e9e5fc
038f5d8f
9017c3f8
6683e93f
b8fc1e05
add377e6
faaa1f7f
0f4be861
21ea7ea2
50ef95e5
b68ff6ad
9037ff91
338281e6
e28cbe1e
e77baa50
00003482
00000000
00000000
00000000
c180df5a
02e337e7
82042049
787e0c0f
079fb740
f83875c6
7fe38578
1dff3813
086fff81
809075f8
7000c63f
ff80803b
93b80680
b2b38068
2ca21f0e
d02461fa
7e33d80d
03c4e4f0
e07c2559
6803e70f
6608cf33
0d437f9e
47c113f0
b2bd33ca
0000df11
00000000
00000000
00000000
44a64364
3a103fa6
7fdd7cff
3d6ce943
c7fd51f8
fdfe941f
07dfe4a6
50a3a209
05c50030
00961040
4107024c
0e10041c
12f00a80
1d9f00e5
35d16078
c1be8dff
fe22fd5f
cfa667f5
acf6e1af
1007716f
782fd643
dd4ff85f
f9327ff0
e103a8bf
0000570b
00000000
00000000
00000000
5bbc99db
36e9b133
cf614770
08339c45
bc070389
60e450c1
c8007400
08f8f2af
ae5eeff9
08cdffe7
2015ffe2
030108f0
a27e0bde
7013fbb7
0d107fc1
b25097fc
f71800ff
d9730e70
88be5f06
6bf3d5e6
4c8df908
b731d4bc
5c69e095
7216955b
0000205a
00000000
00000000
00000000
6e69d1fe
22018674
604dd096
2d58ce8e
0eb78a81
e2cf18ed
3fd026e5
21ff013b
e944d03a
390beb02
24bcb7dc
c00fd0bc
d00ee1c7
a2c9e2f6
33eafaa4
46539110
095f2010
61ebd433
ff3f9085
bd19449c
b9eacf3a
ef76e455
7e98b51b
3e16d60e
00008d2e
00000000
00000000
00000000
9213252a
31e8909c
fca0667d
1e445d81
807b91cf
380bfd73
b1807eab
38d03fd2
08ff7ffd
596fff7e
00216301
00000e00
00000e80
b007800a
0643fe06
2da8ffe0
f1c21dff
a6aad3ff
ddaff30f
8efbbdd3
92fff125
ff77fda0
971cbbd9
594e50f5
0000a900
00000000
00000000
00000000
921be1a0
0696bd3b
0e363183
b5dfc70e
44ab65c0
73e0a26a
2c5fd4d5
09c8fd42
d0f007b8
ff18007f
35f80267
133e4e1e
81200dbc
28838119
3b161817
74768042
fd25cdc7
0fee7fde
11beb2f9
0038c569
ac826241
aed4021f
ec0b9913
d9c13528
0000433b
00000000
00000000
00000000
0902cb5e
980d51a1
fecdb6ff
fc3b87fb
f7e8ad3f
14032275
f1dd1b35
24170365
3022a006
11e8be00
04460ff0
acf1a1ce
ee5fec0e
1927ff88
a912b869
07414102
c36bb7dc
d085c3fd
3e7cdcef
e3f818a0
120a8dd6
9fa3beda
6126888e
4711b8ab
00005de2
00000000
00000000
00000000
4eb60bf9
0652b41c
912145c5
70a8c20f
17099a00
f8783628
5fe1c1f7
b7fff895
be7ffe85
93dffc1c
2038c001
0f81a600
03743aa0
00478775
5c0eec79
86c0f60d
381c1ce1
a28700ce
b6115016
030ad640
82066fc4
9bb9a9f2
08b78fc1
61d0b7eb
00006194
00000000
00000000
00000000
0ad24ba9
62cff8b1
c58beb74
a7fbed12
b7c1bf09
2d240069
9978c5b1
687fc6b1
087dfc49
7c5d79e0
7ed2b20f
1fe3d8f0
28b59d9c
47473a12
63b120dd
e514b021
ff47f927
76c7600f
1e53bf96
abd0aa40
fb73b889
77617ecc
695a12ca
3569192a
00006d2b
00000000
00000000
00000000
f23deb1a
6613902a
edcb4934
fc8a1607
bc8ea7e5
a9f7c2e2
c8b0bbd9
a6f601b7
283f7896
df03fffd
e629bcff
f80288fb
6fd037ad
1a3c0164
b427b604
0dd08232
14850021
3b704803
b9dc3843
4b6f8c70
08d792b4
1fd3c1a7
aff7208b
1f23baff
00002dc8
00000000
00000000
00000000
4651be51
50d1fbef
011caa88
0023c800
f19f9c06
827ffed0
90e3ffdb
3d0fff71
f85c7e13
3e2be300
07e56d10
eff97df0
7fff861f
477fe0dd
4d07f800
86820200
085e0200
96cc8750
188fb03b
4fa1bfa2
a0ffeb80
62bfede9
8c24e8f7
f3884444
00002233
00000000
00000000
00000000
20dacf4f
dfd929c9
03773229
0da209c9
fc23df9b
dfdbb4ff
4a1004b5
6e6c04f5
eefff8fd
75549b87
42441508
0414b050
0380b243
6143a1b0
f09e3f27
2e43dfc8
043914b8
fc89e28c
fdb6db7d
2f4770cb
076c948d
5c0ddb8d
58b4aedf
43f8e7e2
000076ed
00000000
00000000
00000000
c8cdb926
f50bd5ca
f4b7159d
1fc75b3b
8b78ffd1
f172b2bb
97ce8505
a47c7c8f
0b87c730
e9140800
7f948027
fefdbc17
1ec7c280
70b8179e
a39ec2dc
b2193802
9ad25a40
3b6abf9b
243aa2da
d8115272
b7a22c9a
7b580d83
ea6b19d3
1b58a62d
00000f7e
00000000
00000000
00000000
bb242ce2
e3b5c869
5d8b8a98
02043f90
e000811f
08001110
70020d08
2dfc1acc
e39ff7fe
fa7bf7b7
7d0e220f
c784ac78
8e783112
047f04de
0c03d081
f0221e07
e979f9d8
1c00a6d1
01a6d420
b2321c8a
c0014558
09d906f0
a8af7fdf
bf83ed58
0000a22e
00000000
00000000
00000000
11018185
754c1eef
c605a620
225e6ff4
85031d38
ec3c7bab
ffe1730b
d677fdd7
f3e02ff0
07220401
00360070
f1cc38bf
2bffd342
e0bd6bb2
d60bec7d
29465efe
e07d0bff
7e06418e
87e0df0c
a53c0ba5
0c0cc45f
27e0e891
4fbf0b49
8b3c1341
000021f7
00000000
00000000
00000000
0ed38982
3e5c4196
63a939f7
2e91abc6
775a43e4
ad7ccac7
e6039f8f
ac801a1f
6b5e41d3
e7e3023d
5fddd067
a7e0ddae
ad8146d5
723c60d1
69dee203
48c4ec01
1408f740
9d337d8d
faf6754e
fbebc7c1
56ffcfca
9f5f2155
a6c2bb69
5e8fb555
0000460a
00000000
00000000
00000000
d24931b0
f7212987
259ef059
226ec35b
02f9a587
140ccc02
dbd608a1
b3cabef4
ea7c0bb0
fb7bb0bc
3f679377
a1dbfd58
0924cb65
14c8c14e
fbd55e78
10505940
05152080
90959401
8ffa3894
57d4518e
b1b6b6a6
b1af7baa
129cf98f
181f0e79
00004307
00000000
00000000
00000000
6ffc0e4e
3428e39a
cfb09b29
2f492296
3ecb4b35
6fd7bdb8
54d4386c
8ca0255c
05590009
a3c80c04
bc139223
56f5b41e
27dee484
beefdf16
ebcc74e0
7fdf3f06
81b98f3c
082e8f73
e0406e5f
bf183d0b
4150c29b
9a19285f
0fb30cde
e3816dab
00003613
00000000
00000000
00000000
bcb29437
fc7263a0
c907eefd
26e957fe
65d464f4
de3cc96b
f541a0ad
47e81009
e69a01a8
fe3e800f
fff51015
fffe28a1
8ffe7211
501dd9c2
4280dfcf
be114878
b7446127
7aad92cb
53b01573
1db01117
8da852c6
318f4991
17fe46ed
254ccc01
00009465
00000000
00000000
00000000
f8940d85
175930fa
0f7f6ebd
001c3a64
ce0098e7
f3e00d9f
87e37882
d0fef387
f387076c
3e507028
0e42bff0
6fd00bf7
077e0388
685ff065
b102c207
ff891c3a
7f6008e3
0ff64008
00ef8c00
8065da80
c20b9f32
6c0013ac
93090132
dd170de9
000064cb
00000000
00000000
00000000
e9eb68ec
a08cb495
52e1cbd4
e71b690f
2e097729
75605fbc
7f550169
0de04c0b
017801e0
f0149aff
1f0562ff
dde05f0f
026c0500
b014803b
0d000030
f4e03c2e
3d7e0561
f5d56247
7edeb827
034cc480
c07d50d8
ee03c5a3
47707924
38c64272
00003a10
00000000
00000000
00000000
4d6f922d
f74deb29
f7f9b5f7
ff998f1f
3ff0f703
07e80d10
d83c0016
2501c003
c6301cb0
fc6b81ff
fbc2fa0f
dffc3800
74728487
1241fb10
55063c0a
e27403fe
687b8062
ffe77803
5ff205c4
40ffc1bc
3ab7f3fa
258fe602
66107801
a95a37f4
00003a14
00000000
00000000
00000000
46ad90a2
3b2f3f2a
20afa0a0
c0c0000c
fd0199d3
f8408b2f
63c0057b
a82800d5
e983e291
7606033b
0587e071
6410ac04
3b700d00
85fe4099
ff60e0d2
f5eb7e1c
3fdf5ff3
80b43af6
fe07bbbf
fe783817
1bef1899
c63ff602
75ef1803
caf9f030
0000bf32
00000000
00000000
00000000
e68a4a51
36b63dd7
b8ab185a
58718841
17084060
b8fd4429
190f655d
acfcfafc
d5e66fc8
071c3035
f02a1000
3fba8e04
ef3e8ba0
27e67de2
cd6e7019
5106f205
81629f10
582afbf9
81c0ca83
c4190a1d
800064eb
2fb405be
75ffeea1
8ddd1f77
0000f6f7
00000000
00000000
00000000
02863ac2
ef132763
69f5bf98
ccccad7e
fa64ab23
9025d556
f00021e7
c00000d8
8a000010
b7901220
3f972ee6
60fa30bf
005574b4
b9879d91
e814e0a1
49b2d671
1efe6fe7
c7e44b7e
5d2cace7
2dff9c76
2c7cc93f
89d7fe80
6cee4214
17d38bc4
00007f99
00000000
00000000
00000000
355a477f
f33c8bbd
de791ca5
7fbaf78b
1ff25aa1
00bf4134
9ff6fa8f
faffffe4
37b7ffff
001e21fe
00048003
00083900
1e0583c0
14cc682c
d9a36205
203fbf00
c167f8fc
90e59f2d
cfb678f5
ffb7e8df
cdfd3cad
fa3ef5f7
74e8fffe
f902ffff
00008077
00000000
00000000
00000000
b30c3844
dac1ed69
ab3875e8
00cd1018
fa02f214
0ea78e03
5ebffbe4
a5bffffd
fb0dffff
ffe3bfff
80fd7aff
f807d7bf
7c000d77
c4100000
1c03014a
13380b49
a23882a8
fc30e007
ffff7080
fffff1cf
3ffffc18
9c4fc3d7
f9affe25
7555ffea
00005b62
00000000
00000000
00000000
085e1ac4
94678438
164764b6
5e095b88
c508dfde
fe213fff
ffe0251f
8bdf07f9
7dfff867
015b7de0
f20e23cf
07c08460
8a7a06b1
7d67a029
f8ee3f89
928ed3ed
e4d7e01f
1f1ebe11
20f073a2
f01f0dac
2a00fe5a
621131ea
794c0fb3
3d18396e
00002153
00000000
00000000
00000000
600ce185
4bf652fd
3999ace8
89fc27f0
a8a1ca8e
03a57240
5b60eea5
83df9ffc
ac6ffbfa
105f7fdd
e052bc1c
ff9c77c0
bfffc4ff
3a6dfff5
b3e2cf83
211b2cfe
00d6d180
0285d5b0
0054e813
0401f162
18015ee0
b4342fb7
0f0c407f
1a34df10
0000a916
00000000
00000000
00000000
3bd2fa19
95c4cb6d
d388c00d
9b3785d4
1f801e49
03e03527
733878c7
c137edfa
e2eeff5e
f6fcf7f9
c500addc
182047af
23702066
f2278061
16c8d606
ee497071
3fb3008f
f3a8f68c
bd2fc60b
8acc1dfc
92b4f6f9
3834130b
32d2b018
458424e6
00001c4c
00000000
00000000
00000000
bc344469
06b381e5
fe434afc
fd3c2b7f
fe7c307f
0fe7cd11
805c6e40
f3782358
258fe73e
90313e3f
86063001
3e203e81
87ebe2b0
bc7bf91f
bfa780e1
e0fdb80f
f163fb8f
0f423fd0
c1e179fc
341f93cf
e9463f9d
8f070fd0
fafa3fff
f64801cb
00000ae0
00000000
00000000
00000000
e74b2840
201df85e
162b3b62
e18557bf
d6074378
4800e023
9000035f
1ad009c6
ad3d83ff
2faffcff
8041ded0
00004580
403815c8
282fc5ff
e5df9848
8f247cef
fad3adcf
cfb5399e
fef2574f
2eb6f183
c2beb588
4f860b05
41fa0001
fab5909d
00001bc5
00000000
00000000
00000000
8107d46e
cd3be66f
6d6e32fc
7676068b
9fcd49e0
414f3961
16201b18
ad980076
f3bf805b
f835ff4f
ff871787
3ffa5dff
bbf02e68
7fef83f9
a6a7e007
d4ff7e01
0d70dfc0
07d67d5c
80c48e0d
319da560
01873805
9e100b7b
33410245
d134e053
0000c438
00000000
00000000
00000000
2f581e9d
174a713a
58da8385
920b00d6
4cc83f0b
e07ab00f
be0f964b
0d68fdb7
0ebfa753
010ddce1
f917edfe
51bc9ab5
d03121aa
24010cd2
31c08b8f
13f224be
feeeaa86
fdfa30ce
61010d11
28d39b63
ca3856a8
2c425177
5e8469cc
6efb584e
00007c0c
00000000
00000000
00000000
a9dfa3cc
5eac322d
21cfcb86
b1a930fe
c5aba4ee
0415687b
6be6371c
70e7192f
02bbf14e
0137af90
000adc08
20c00101
1e8f8853
5ff9f95c
42cbbff1
0a9e9bbf
cb2f6338
b8387b21
cffff368
12b2463c
68fe4f0f
3089eec5
2a795fc3
0909a29a
0000491c
00000000
00000000
00000000
3c734f21
2ae25907
1cddbb4d
d4dda7fe
f3e2b8ef
57a61a05
ffd01a9b
b7ffc5ff
132fd026
2fe00000
0f340040
6afdf707
12c1f440
40180e92
48d03031
5decb3cd
d369ff1c
9d7d1ff8
2dc95ef3
dfb8d83e
0edd7b96
6dbff3d2
7da897e1
33de9471
00005d96
00000000
00000000
00000000
3305f67e
a3448aee
bd7dd8f1
e3137efe
a00cdd5f
7c2dc80f
61a7045c
423e1206
8570ffda
988b07f1
fc0bc03f
07e10801
001e3550
1811f1cd
70800e2a
4cae0062
23babb07
4fd093f0
fac4a17d
7df8849f
0fe55028
eef23f02
95478a59
ce6e2c02
00004ccd
00000000
00000000
00000000
138d4c16
968062f8
23863776
96fb3d58
b6180062
5b01ec44
c8a01b13
66ef06fb
2df3f80f
4187ff84
c5145d08
8ffdc9e0
7efff953
08dc7cc7
0ea2f3f5
2d5ac7e1
40451208
84862990
7b57d6b4
bd7adb89
40bfcac7
de5d7654
043e0315
8ff60f99
0000231f
00000000
00000000
00000000
8f170dc7
e689ddf0
4da1a4f9
e340083f
041de800
12e06182
b2e7df1b
a6fe7fe5
7befe3fd
6143fc0f
5e48fe08
0ff02750
b1fbed48
634f7c83
bb686f81
033fa001
0213f861
fcd93fbe
879c89f8
809dfd9f
6a007fb2
4b000df4
5995083c
0e5536c9
0000b43d
00000000
00000000
00000000
f5204368
029cde87
4cf36d7b
0a079500
007f7428
f0b94a4f
abc8a1b3
f1e88043
7950d809
7e6865cb
81d4c831
62ff3587
7f1ee8af
b973c0dc
38db9ea5
56a373e2
e1d6f19c
c763a2dc
c00b9311
00ed1b40
6f27deb9
f07a83fd
c422bca7
8b59a254
0000379f
00000000
00000000
00000000
db8685bb
221c3f5e
38c9c1f6
7f681903
e7e1e9e8
2e7f49e6
0e1ff435
67fc1f64
403dc1fe
861fa007
1e5efc80
03ff13a8
20abff9e
f0003f82
71900171
ddb8237f
ffd7d07f
ffe4ffbf
ffdd01ff
ff18b71f
5ffc5205
1ffe130b
2559f804
0a7c4100
00009b29
00000000
00000000
00000000
509c8c83
63b2db1c
2f565a13
92a09392
a001f865
3d871c4b
cdf85d8f
e57fdbb4
d8ab2837
feebf04f
2f0b7201
8a3fc5f6
57806435
40ca9bd3
f966772f
ffbc897d
1dabc427
87fc9410
bf7c69f5
ae4973d2
edf7aafb
b8ba8e4f
d8d83b21
3a4331dd
0000923f
00000000
00000000
00000000
a165ce83
a345e1f6
326e85f2
f9c99848
ec20af20
87d6b790
e57c7b44
fbdfe88a
231af867
14d10184
c0b76c0c
ff572295
1fcb2d21
00787835
eb5a4fe6
a9d21f7b
39fe14e7
c2fa1a3a
7436d3ff
77a09171
c518b02e
dcfe04a6
f1de932d
3c129432
00002045
00000000
00000000
00000000
108b0ace
d5827e0b
87c0151b
79ebb623
1caaa866
c00d1e50
2c087a3f
37438073
f3fb9fc9
e5eeddff
f6f7a3df
73ba98d3
c2bb6bdd
fcfd7fc3
11bb8fe7
17e6f57d
1129ab02
00a90d30
b06a64d8
c01273a5
d405f7a4
000f6a68
a0642bfc
eeb930e0
00000f5e
00000000
00000000
00000000
ebb86916
74908814
73e5fa9c
2e51ae41
807eb478
fc0fe6bf
e3c01e3b
f00e3f76
22f8f343
018b8f94
e095f138
033d6d81
82fbfdc8
ea3fffae
d8a1fcf9
03a29dcb
4123e8ce
46029fc4
de65c0f8
ffeb3d79
67bfe10f
e5f7fb09
f04e3fff
824251bb
0000442b
00000000
00000000
00000000
b5f48b77
8829a81d
24800ac8
762fc813
7e4c5613
e3f63c01
2e9edf43
8ce1c1b5
49fd06a9
3887ae31
3d6a0783
03cf3d50
cc7b01d6
fd653a90
22be2cb1
3cb20a01
0f60f980
2bfbcf60
c97b37fc
b76feabb
4e05efa9
a18517a9
76cb4f2b
2fde9b00
0000f75b
00000000
00000000
00000000
154fc0db
1d0f100c
607ca5a2
eadcb03c
14e008b1
ffff26d9
22f9fb20
436fde6a
d516983f
dc36e041
4673aa00
3307ad72
b0d0a46d
1707c1e3
7aa45b58
1adec3e8
5c2ca21e
aef1a45b
4fde5835
f2fe4be7
c54ffda9
6461693b
e2620b89
b49ef05b
00001ebd
00000000
00000000
00000000
937158b3
c190bc94
6ce407b1
3ff7c8c8
f0fbed4b
ae0bfea0
8c80bfa7
c2031ce8
7e50f3cf
c6d93ff0
14c50273
7010cd2e
ee200258
0f3c0533
37fde0a3
977f7301
ffb2ebbb
1d1e46fd
b962d776
edcb729d
abefdffa
eec979cd
ed68e135
ff6fbc6e
000088e7
00000000
00000000
00000000
a71e49a5
ec0d5639
4882919b
a182bfe6
ffcbfd7f
067c10a1
bc60025c
6fff0005
08da3900
c05c00fc
3ff7c007
09ffbc02
017faf40
3037fe5a
9873d25e
f2571e26
01b8ffc0
709e3fef
232b15fc
f17e79df
b782890b
fa6031d5
8e5c04b0
07fb463b
00009eb5
00000000
00000000
00000000
17cf5682
41cd3651
a3921a7f
66db1f9b
1ee834a8
00508048
500483ff
9809c058
ae57fe09
e0739ff8
07faefd3
002d3dd4
800156cc
7c071b45
33f06042
ce3f760a
fa0d9fb9
f7c86737
ffb58db7
3fea135f
05fbfae0
6f4eff12
22c4c32b
1b2bfdf9
0000b231
00000000
00000000
00000000
44bf8eec
913560b0
a3620783
451a2750
7008ee9b
fe08256f
7bff452d
8f37bb32
8a0f93c5
216cbf1b
0914e270
6c097267
2e51dd56
7e53f63b
67d4a4f1
8e83d8f8
5dfa2664
443bc360
64cad495
b0275e78
b421ebba
d641ea60
4eec4341
db2b8143
00000b22
00000000
00000000
00000000
b2578572
3406da5c
3d9b9cc6
03f0a8fc
e0ff8c5f
5e03fe69
85e60fde
e27e387e
3887e3c1
f1885f1e
842247f0
6ecf30ff
87eb3547
ddcf3b6c
fdf8f72d
d8af07d9
a6e07890
f8fb678e
0b05b838
f2eb6115
0d067ee2
2ac141e9
f1a19b7e
b8097ffd
0000edb8
00000000
00000000
00000000
76af55c2
1ad258a3
ddcef601
41217e05
1017c020
d6057490
fb0000b5
948a029f
77e76767
ffa9e379
0710a131
4405c97e
8de0ac13
119fa3c6
8109fd39
59b4dfff
849a11f8
588cb53b
7e433947
d741781d
7cf8fdbc
466df971
f5e00514
3dd0e3b4
0000634f
00000000
00000000
00000000
34cff6b6
5c048f89
c86f1844
34dbbe4d
e2f8cef0
d83b4d6c
f743c35d
6adf798b
f4d2ffe5
1d161bfb
3028e806
01844e42
501e02f0
b4c47d07
1aa4cf88
f030c271
0c7fabc5
45bd1d7a
a17deb4b
eb9dd977
1c83fbe8
98e019d6
fc338092
29955731
00003248
00000000
00000000
00000000
abc7cbf7
a95b3635
b9a9c1cf
7ca7999c
f1d6a781
7a3b6283
4807013e
d0107087
54d7d07f
181dfff0
f1fbcff7
24a7d2fe
64086b0f
15f3ee8d
8dbb3f06
e8fca7fd
f9effaff
fff847ff
f86941ff
98027263
5c781688
c8c00196
73410002
0ca23303
00008bcb
00000000
00000000
00000000
ab7edf9a
e6f1c180
e15ba40e
07786070
f02ef0bf
a7c0fe0f
c00e2fe8
4241b075
3196038f
81266f78
7008a0f3
27002607
90e065f4
7e8f0753
95e9e015
9a3b0c81
f99768ca
c788f51c
1401a511
0cbf8eea
e907d8a9
eb343f70
90cc8f10
58381460
0000d1e6
00000000
00000000
00000000
ebe1f39c
3fd6b7f1
9e356ffa
e7165777
fc3c100f
010362d0
4e007c34
427f076b
9b0ff6fb
3db5f80f
000a0b80
d2c05278
1ff7ce11
d2f97f3f
afce05f1
040860f6
e0244e1e
0069ac00
50404440
07879f00
c2ec1f31
8a9385db
53d3fff9
45f90ee7
00003b00
00000000
00000000
00000000
d2f9d6cd
fe77eab1
84f931ec
e06feffe
be08b27f
40e5c700
bb0efe16
1dffffb0
01bdff58
000183e0
02037808
30605e81
3307862a
82607814
b20107e2
dac004fe
fe7e003f
fff7be43
1fd9f670
85fbeacc
5b1fec89
96bbffec
8b2fe6fd
31fb3ee3
0000f576
00000000
00000000
00000000
26c307ef
cec67175
1454f211
884f6c00
c3a09240
e83bd34e
7a82704d
57a6f788
fb37ffaf
ff9fbfff
93e9f8ff
628fa641
482001d0
0882034b
485830e9
f44ab7ed
db7959ff
34d5a901
88218402
4cf1dbc6
9b7ef81f
53cae884
db872100
862b2208
00006786
00000000
00000000
00000000
99afb176
06c94319
6c7c11dc
dc5ef298
00a18b5a
300b7238
f6a008f8
1ff78f2b
46ba3fea
d8d522de
47fb1617
048db406
a3811540
c3fea0e6
0765cccb
8f7e37a8
289740f3
c3c99317
ac4c3c4a
a184cecc
a0b50800
1b5efb06
06040926
882bcbc8
0000753a
00000000
00000000
00000000
d1dcbbbc
aca2c655
2757baa2
1576be80
c11870de
14328ef7
ebe31dcc
fd64343d
7cbf77a1
4f4a807c
00f97205
2c2fe190
e8e039b6
e1ff007a
440ffe0a
04c3f7f0
e8a23fff
870ae1f8
9988ffd9
72ba7c9f
5fde2f50
05afff33
f793dff0
75971fe4
0000bf39
00000000
00000000
00000000
05ae9e26
5aff6775
86e94e1a
fe33700d
ae2d7c13
0ef4a292
5fe7ccc0
00ff2b07
95cc438d
aad80228
0f03a3e1
4a3f986c
d502dab7
4f583e0a
64b7c5f5
d322a87b
9eb2d5db
1f584d80
81aae900
201ae0be
5fc0ede0
db4014b0
2a1a830a
9cd5c258
0000639a
00000000
00000000
00000000
42c7423a
1833fd79
4adac1c9
a2c3e5f8
0402f5f6
c0015cf8
be602824
eb583085
55fa83c1
ccc4fc3f
e7b833c1
ce6eddfc
d8e1f67f
e44f3f91
85a26fe8
e3648ffe
f059e7ff
196bcc21
d1612c4b
4482df74
5681b788
02211624
2212d34a
6a59f5ba
00009786
00000000
00000000
00000000
cb4ab95c
da574b88
3cc17123
68ed4616
268c24e8
b8fa73cd
8c877580
bd003cd0
038001b2
87f10004
7ede6da3
d7fbe474
9f7bf98f
25fe3e1d
94e4fffc
3293d7bc
077146b8
c121bbf0
c501b99b
5e011259
a598e128
8576548c
9c4aef64
d17ea6a1
0000c5ad
00000000
00000000
00000000
6ee01635
32a775fb
56da7676
ff707f7f
5ffed98b
bfffe7ab
e7ffa045
1813000f
17712000
01bfc400
15ab1902
037effc0
001ef3e0
60c06e4a
8c650758
0ff47000
096be700
7c03a907
07f43470
405fc30f
8306ef78
2c403fec
4d6007fa
fc58327f
00003f94
00000000
00000000
00000000
d3743ab9
b598ddf4
d0856816
0fee06c0
e07eb27e
9e3fdf83
1c01dd88
42e0399b
02bffba9
625fff3c
0703dff0
647e562f
2a7ffc00
00837fda
0c009fe4
c8a007ff
85e0143e
1c2e3141
11f88b4d
c11a343c
df1fde1d
74447fea
f6a073f3
fa254803
00001921
00000000
00000000
00000000
8d9a9d9a
becdbd70
1192c2c3
a0c1203e
4f398e03
ffe9f920
fa6faf42
c801f061
15dc0786
fafffc70
7fa09fc7
e7fef3fc
fc33c8df
3fc009f8
33ec0012
f646f401
7ecb6781
47fa9e8c
e03ef9bc
2e35c1af
12fa01ba
98b18009
0b0787a1
17f39ff0
00003a2f
00000000
00000000
00000000
b26ebe27
081ccf71
5565672a
fae26a4e
2f78245a
dfe95158
061f3228
2a1090fb
1791020b
0147f0e0
f01c2fbe
b8e052ff
f65f178f
def9f827
e877165e
2ef65e0c
075205c1
c1322094
5ee94e00
010eece8
00147c9b
598086ae
7f54477e
8fddc126
0000354e
00000000
00000000
00000000
5dd4ba24
4ef657d3
450da932
0014d4cb
c060b0ef
ae37b66b
42c7d9e5
aa777d2f
5e39f0ea
0a5e8f84
005d2070
d1fca007
4fcb712c
d000ffbf
d380dea6
facac14d
d1b3301c
7cd2dfef
fb58ba71
ffea82ae
e1dd2fcf
dc1fd09b
5b5cd362
20cb53d5
000087a3
00000000
00000000
00000000
2b196aa0
d3cc4eee
d095113d
3f46e881
0bf9a600
e00b9b5f
5f800949
5df9c0e9
fa379ef1
f494000e
c5f38000
ce0dc903
eff075fe
5b87fe5d
8d007fa0
0db607c3
0068183c
1c012173
1bc2ba1f
e1de22fc
1e7ff134
5f27ef26
bc787073
be1cf817
00007721
00000000
00000000
00000000
841625f8
1977ec3c
f2a20986
7b6d8ca3
27d2958a
446e39de
d02c5b96
9c3bc77a
06813f0f
c1630808
1c1c8801
f3f87824
253fc324
9847f00e
02a57a26
38f9a618
0503d771
e093e1fb
de2f06bb
7d6cd1fb
3efca569
bc966864
4e5889cb
bd6a6c7e
000003e0
00000000
00000000
00000000
1b44a303
64134745
2e8b13bf
ff48f4fe
38a35896
8be00cce
951c363f
bb41c7a2
fd610ddf
fe9e00cf
cfb920ad
7f5ac20e
019d03c0
4c72e056
d73b8404
fe710833
7fefff81
8e73ff9c
f17d83f8
ba075abf
d30013cd
7f700d10
10d003e5
c978bfa7
00005d75
00000000
00000000
00000000
cafc2615
82ae3865
46d17faa
818a27e1
de1df063
fb6a47af
41c151b1
16802ccb
ca6b87d8
144b04f5
28353017
f4ce47e2
5cffb57d
eceff7d8
31befee0
ebad2c17
56e5c1c6
ed30be3d
272dc714
05dc6932
16835143
8506c51e
3bd20cc0
04a22cc7
000012c9
00000000
00000000
00000000
4bf89765
171b5482
c6f4d763
f88b6c5e
0f01b3b1
f1f81ad6
8017107f
f1000048
ea00e1bf
1fd7df9f
40fcfffc
c001f6f8
e4f0181d
409f9198
4601f80c
02a00f00
8f020070
1fb65003
cffb8644
effbb0fe
9e6ffe5f
3be5dfeb
886b81dc
6c08f408
0000217a
00000000
00000000
00000000
93279372
97ebfe00
220d300f
8932ec10
8c30baa1
f1c142ef
de1e1bf7
b1d7f7cd
ff9f8f7e
7fe1fe8f
fedadc0c
0fbf5cc0
6087f9cc
5bf83d49
89fece0a
0f23f6e0
32b04b63
31e503ff
c1fb802e
197ffa00
50de7e5c
0000070d
32ec0002
3e773f90
0000c0b5
00000000
00000000
00000000
4f8676af
dd496ce8
ce1412a4
0ff60750
e01bda6c
de03a3d1
0420bfd7
373f18fe
053ff102
a0309f94
dc3ee339
07e82344
e09eb310
fea87f3c
65ff9ff4
ecfedabf
8ffc715b
308c4d9e
7e09d2bb
87a0ce49
f44c8b66
4b5ba64c
08f04e80
b907e198
00000169
00000000
00000000
00000000
e0a56b1e
fb23e605
b675bdaf
ff6fd7ff
e9f88b7e
3c1fe063
8181a0b0
58060340
1440201a
f4200103
8fe32078
3ffe3003
03f8ee24
3e020f17
b9f006f5
eeffa27f
ff0dee7f
5bf1afe1
efc07ab9
9ae01783
c3c400b0
444f0472
96191330
9ca4cf4d
0000bdfc
00000000
00000000
00000000
cb2e8c0c
c5d70a79
e3dfb7b4
56d0f643
7f85c141
7dcea007
456f365b
4ee3edb2
1d870f22
0329ea81
5e245ec0
5d81a639
ac831b76
9b3232f5
689801ef
ca2b9027
77616142
eda30790
2dbe7c6c
7de3fbef
2a3cfe5c
92e0bf89
f8e308b2
a3c9768d
00005503
00000000
00000000
00000000
f17e5cb1
456328d7
053471a7
44a5c000
0100792e
40f8c590
3d016b35
93e43c87
cdffffe6
ffdceaff
e1f0642f
5c0c1a71
176709cc
a47dfdc0
4101d3fa
32d81fee
00111498
0b3d888c
81345623
6426a160
3e2ca97c
d1f40168
3448ca28
a09b21fb
000065ec
00000000
00000000
00000000
3ec78c5b
8df7b43c
30112b09
0024e6ff
7cb5f520
f381e1bb
8dfc3783
6451f7b9
f1850bfd
e608003a
1ff88081
79fc700f
07cff2c0
6ff9fa19
b1bf9e09
019ff8c0
232bffc6
f04d0ffe
110041fa
71d0077f
3b5c00da
e5b9fd18
c36cabbc
16e33bd7
000088b3
00000000
00000000
00000000
fa2a9b8c
10d390af
bb7c7003
d998961f
1f01ff38
19f81344
080f87e3
0b68f0fc
cb2f8e0c
1e0020e0
ebfca20e
9e7b3200
11e7f0d1
e14e01d4
a600e007
93af8e18
32b93ef1
e0d3c7df
1e033001
cff08150
77bc2ee7
f4fb47f9
543fe4ff
cb073f76
00008eee
00000000
00000000
00000000
c794b896
7ca1a1f0
896229e0
037a217b
303fae53
1f0f9843
c1f870cc
880f871b
3b013061
70a20502
be6cba5e
98dfb407
fffff3ff
ffff3f83
f7fff3fa
7b67d88f
07724001
c0e60608
141a2c01
31c16932
a878108e
069281f0
85f4a03f
e5ba9a0f
00006cc1
00000000
00000000
00000000
eef3527c
c4daf0dc
091a4cc7
045695ba
b9d2b8b3
fea86e40
65e14584
a9060bd9
a71c310e
1bc87703
c0603dbc
80228d79
f980ca87
f6cc180f
893ba0ff
3844fde1
0f037a4c
e04f6020
82479305
cbb3d908
d5937997
90c926c9
a500de49
e1a131a3
00006efa
00000000
00000000
00000000
686b3aea
9fab56de
dcdc189a
aca747ef
60f0cf9f
7d6c821c
2febecef
974f3ac1
4ec421c4
01b61088
3c030010
9e007401
9cac0d13
2bcfc047
75fae20e
d3b70068
7c0be045
5ff217b3
04afc5aa
81bbdd00
9ec1fc4c
dcc3b5d5
cd4a27e0
81f77200
00001cca
00000000
00000000
00000000
afd42f86
6b7f526d
1c7f0d31
92b01cb2
7433849f
7ba4b551
0a7f0668
81fb3b58
20ac5dc7
29718bc0
c013ff7c
78013e3b
c08101aa
fae02ee2
cf2780bc
7c050007
c895d994
0f1ec711
f99d9452
cf5d6adb
ac53b389
8e3be9fc
76ca9145
3a54cbc4
0000d7b8
00000000
00000000
00000000
38fab1d4
3f611c36
2ad4babe
22e56848
e0005c99
a03c4f0a
79c39955
341f3ee6
f287739d
ffe8e7cd
7fe29f1e
58ff6483
ef33c42e
7dd4e779
252f8c39
63d823eb
0894da4a
c57f748e
0a5f3d08
abf9bdea
bb3fadb6
37e86f18
d9bfbb1c
40010f08
0000bae3
00000000
00000000
00000000
e9994d5c
a225e0a3
930f713c
30f37e50
058160f8
65f806bc
2fdf8049
247ff000
b90bfd80
ffe83cff
1ff781c3
60fe6c8e
200fed5c
40007f73
fc0003ff
51400207
015a5160
100fdfea
d08052de
fe07ecf5
17ee7e4f
5dffffc5
0ff2ffff
9ec84a80
00004362
00000000
00000000
00000000
8e796c47
a0873dc7
17f6ff7d
09d9dfb3
07c5bd84
f03edd34
9c81fc55
22ee1f9d
f30067be
07aa0f04
817e00b8
f80ede57
fb01e771
178f1ff1
613ff0fb
fa337e07
bff43ff1
312b488f
c007ff18
fc00bf7b
bfc02fb5
a1fc0136
031fc803
6c08ac00
00004acd
00000000
00000000
00000000
33ca8487
972da6bd
da143064
40e3c603
8f947bd0
106fff53
c003ff96
44003cd4
647ff85f
d157ffc1
1f1affef
00fb83b9
e00f02be
0c01f940
e8e03f9f
a7dc07fb
f6b1c07f
e019981f
0a05c9e0
dd37ea7c
3dc17b7f
edff0425
239efc01
a87aeffc
0000b0ea
00000000
00000000
00000000
1e9c13e2
b3e8bff9
8b6b8a35
16a85e5f
921302f0
b926f51d
ee0030a7
871030a7
8ef20182
ef5b80e9
fdb5a81f
5ed63092
522211e2
9a6ff906
26317c5c
264085f1
814ac910
8c543cf1
adb3621f
0d6029be
319ea0db
e807f479
c13d1181
30f23000
00008dba
00000000
00000000
00000000
0b47aa09
aa3e84b9
de38401f
312da607
0e149214
20f5cc38
bc07af9f
a070f466
748bff04
0250f3f0
023ba6e1
803e8af8
f1c2edff
fc8625f7
64b06122
8f1ee440
0b415fd0
b8016ff4
f8f6e31f
5faf0b41
037ee716
ef6f4f1a
696b908c
f9fefc92
00002c9b
00000000
00000000
00000000
c69c6640
441bd309
2d68f5a0
76edc006
4379de00
b654c190
ffc01eb8
0bfc013e
e4dfe306
f8c3f03e
1df58881
9efb1200
3e68ccad
43f702af
3ca7b022
3c22f001
ff497af1
7ecdfa4f
cb0110fa
4fab18d9
ed357269
f3b1e1a7
bad69001
98ceac92
0000ad42
00000000
00000000
00000000
8e69369f
b451fadc
f00a79de
b5bdcb78
e3f5c5be
3c376bdf
00cbe781
001e7875
1ce00367
03010600
c03662f8
c607129f
bce50da3
b7843ed3
103e62df
1e7ee201
03087fa0
75f8333c
bbd12d0f
e7a6bd6f
c7d254a6
6550275d
9f5d033a
6068a8a8
000045ed
00000000
00000000
00000000
03c53bf4
8f974f68
46268fb2
85c5baa0
29923c45
30fc5406
7dfffff8
562ff931
02761fbb
09a49396
001958b8
3201964b
ae15775c
50b05ffe
4ed286fe
f187acff
7bc3d277
03c5e2c0
ac0bb794
3f6a4d75
7ef424b2
66b58e50
fc660d62
ad47f11b
00003f5e
00000000
00000000
00000000
f3b011bd
79c8922c
0bd14145
906a8d10
beeef16c
7fdfebbc
5fff481d
a710e0a6
392ace0c
0cc46e60
00448f70
235d407c
2872bf57
c3c7f7d9
ec9e3e46
198a2bf6
10170088
c164800a
103667dc
fe598b1f
6f9dec05
baf6dfc2
06a3803d
5eda4117
0000c9d0
00000000
00000000
00000000
36ed05ad
215c3640
3418663d
0eca7300
f07f89f8
fc6bdcdf
47c40eb1
880472ff
01b8274a
52bdfb70
3f1eeff3
81f77a7d
d41fd80e
43f976dc
ce2b800d
cac1e001
be7e8b00
05f6c0f0
b9cf3460
ffe7f9df
d3ff3d00
b6fff00b
592ffe01
f1bff1d8
0000c60e
00000000
00000000
00000000
b9a013cb
ecadbfb1
d84fc0d0
bf57081d
07f47a00
407c0cc8
3c07e125
d7f9ff11
a5bfefa0
e089407c
000d7001
702021c2
ff03e32c
bdf81f27
f5b68ffa
fc4f21ff
cf737a9f
0c31c5c1
1033dd09
0504cc08
c0000d6c
6f000072
0bb5108f
a3a32200
00006d79
00000000
00000000
00000000
b01c9b77
b028c0b6
9a6b16aa
0014f135
5c1318fa
e3de67c8
7a07f386
41f0cdc8
b739dde7
133934fe
fe4f5026
f9c1546a
a2100701
3edc812e
1ecc1552
d8f422ff
ff82881b
1f4b92a3
20f0c053
ceefdad5
6373bf37
d5863250
9bd00736
2768b60e
0000c60f
00000000
00000000
00000000
ed83657b
c2bbff6f
d04ae11a
a45cc6e8
3c058a3e
abe00ff3
9fff02a6
215ff8d9
e785ffff
0fc507f2
c0be5378
d5016207
10b003b4
e0090408
34040749
09e848e2
000d2982
05fca280
007f7fbd
3647fc04
6203e4e5
43bff3fc
fe90eff4
b4af3eec
00000ba3
00000000
00000000
00000000
8cbc719e
1e498cbd
30e8f904
857d9b38
062e6c48
4f617bd4
1b7c0a16
b7afe37c
630ffc0f
de407fe9
33dd464f
219a2e89
3f159633
efe101c8
89ff82b0
e287a804
34a2bde0
443614a7
7e29e019
4988228e
f5f6e85b
116a87ca
ddeaf18d
571ad01c
00006fe9
00000000
00000000
00000000
403ae945
600b21d2
b1f4b9e6
1ff09f01
80ffe2c0
fe1bdd9f
edc1febf
cf803db0
077803f3
032fbc38
0831df71
00039bc1
190d14ac
0180fc48
6ad807f3
d5800c3e
1d9be043
f7e01f1f
bef129ff
fffc25af
5fff8284
c4f7f802
d3e9bf1c
3f05f770
00008798
00000000
00000000
00000000
eaaf6b1f
a6ed2cac
61b1133e
ef6f8dfb
7f8f302f
27f251ff
d37fe2f4
ce031ab5
6544f039
01000380
a82dc1bc
17f499d3
d09fb96c
0ed813b6
83fa07f0
699cd4bf
fcb9df7f
46ddf61f
108855d1
c1a4ddf1
9e40b9d6
b730877c
1d660ad8
0ce1915f
0000de09
00000000
00000000
00000000
66322230
172cbabf
e27b07a0
8158c50e
f8078357
ffdc859b
a9fd84a0
18070302
7c82f000
f3508b81
bffa9feb
4bff813e
7c21fbdd
8cdc0ff6
680e667e
df51d278
09ba3163
23b03b2b
00107878
feb09ea8
dfd09b82
e11d8571
eaee1b28
0b7b7ae1
00006c2d
00000000
00000000
00000000
30518e89
c217771a
281d1ca7
d8a6a2ea
f12dc6d5
0f80295f
181020f0
74200010
29321c21
a3162ffe
63c9d91b
0207f720
6021eed8
538b4935
0bf51f4b
f1fdfd7f
fc4fffff
77e9cfbf
da9b53ff
d51d0b23
7f83112d
3be250ab
f926d60c
19db2661
0000c75a
00000000
00000000
00000000
b677f4a5
5328c5f4
cc0ec153
f8a065ff
1fecf347
3ff42112
9cbe840f
019bfadf
af3c8003
f8c3c030
2e8ec401
c96d97f8
7aee5d91
7d423707
7ba47ef9
bb60017f
7e756a4f
e6cf1f9a
fc190235
99ea8ad3
e80b4434
5602f627
94213047
b8719552
0000a85f
00000000
00000000
00000000
172a08fe
14f590ba
165f7c1d
01226f80
80d25c00
07fef914
761f7d83
cda1fdfc
fb1e0d17
2bc9f00e
001bdf80
f810017e
3fc084ff
1dfe0067
746ff403
0a102f81
5abc3ef8
2f1db04f
02f7d400
1303fec8
807814b4
45117fe6
d9f8ffbc
1d6eebf3
0000a1f6
00000000
00000000
00000000
f96f263b
8f9ea664
416bd5fc
82680cc9
a4ffde2f
fa340084
cf83e1fc
75fc1c8b
02bfe1fe
05eb7f15
fe1f3fbf
03d03431
110fa043
e2e87bb0
377a002b
69081827
1daa2461
38399202
03a2eec2
67edceeb
1a5c5b09
5447bfc4
c7f409de
108a5187
000023e3
00000000
00000000
00000000
4d5ba9d8
375d458f
28fda9d2
12f6f46f
81e88841
bc164008
11c18743
db7f1b43
54dbe05a
8ae37fa1
f8652f7e
87f50548
20c13e02
df867fcc
413a67e8
1025abaf
31090b70
06e17670
a37c864b
9030be4a
25e4dc1c
56886c9a
6e9e091a
d82d3152
00004250
00000000
00000000
00000000
bf748ee4
b50d1200
0090e3a0
b13c3606
e6293e40
2f305320
76e306f8
affd1a69
f99fe3fc
df10381f
1dfe8381
f0fd3018
3f83d0d1
51e0005f
88cc0016
559ee600
9bfc60e9
20ef2f9f
c005e7fc
f41acd8f
1a01ed81
81f27fd4
b56a9ff8
e3d18941
00007a60
00000000
00000000
00000000
ca662721
e749f094
2071bab0
f087c412
0ee60647
bf9e9e48
e0fad0a8
30979e04
4454f805
c3c87f90
bef7efff
947daded
4ee3f772
36043f78
a5417fe4
07b00fe4
006a4468
c0862240
4220c93a
614da961
8ea64881
cc945cd9
00ea67e8
b43fb1f9
0000c79b
00000000
00000000
00000000
011e34ed
f6837489
cd659add
6f86fe3f
9af06e4f
45a3ea4a
401ffd9a
c9a3f196
97213e18
005b0a00
9c42c360
bcfc0d8f
3fc7cd07
42b41c78
084527f0
cd6e243e
1b44d07f
f09eca0f
3e0bb7a0
ffe01bd3
93f00382
805fdbaf
a79f3ffb
41e3f6dc
0000bc45
00000000
00000000
00000000
bb5eb143
dfc7a851
79f41539
8ad207ac
68a13811
8c0ec8b1
eec80cf1
daa907f6
b7907728
afe87fdf
e165abf4
00169fbf
e4440331
7401dacc
d8985f1d
91c5e1f1
031f8d3b
e6d84155
dcea7811
577427b1
1eafbdd3
3cfc8e1a
62070bff
ff7d2597
00006b9f
00000000
00000000
00000000
7c1777f4
467a83e7
549404dd
808eaa78
fe03cc73
9fe77b6d
899e1277
917c87e7
f284f87e
7f080387
1e84a038
60f00e0e
0fe21bc0
e31c0074
3b21c00d
0861ce01
01e80d20
101f4de0
879ff62e
607ff2fa
e34fff67
1b7c7ffd
0b80c1ee
c54f040d
00009e68
00000000
00000000
00000000
b158d970
66538183
252c661a
852736e0
307b7edf
e50692e0
bbf06a42
501f07ef
738cf83d
ffd7a39f
06fb7e00
80ff85e1
fe0f745f
0ff8f2a1
8c6f8e06
051f04e0
f83a100e
0f452001
03fe1684
382ff59c
b00ccecf
be437720
f53ef402
4b722016
00007c6f
00000000
00000000
00000000
234d9c3d
d2f80854
f8af0070
1f8e4807
1ffcef00
201f9640
ac00fedc
1b9c87f1
f5c7e61f
0fc32fe8
9678783e
b02fadb4
cc12f8db
3ddd2fdb
0fefc3f1
0e7f3c3b
e115f1e6
680d3e06
105fabf0
ff07ff7f
dfe0e57a
69fc0020
751f800b
109ff801
000026ad
00000000
00000000
00000000
21bc6b6d
dbf31dbc
f49e8443
82abe43e
1dc2cf81
03f07801
c0a700ec
f803301b
fd743f88
ff1be7ff
8fbbbfff
ec2197f7
c81c003f
9fc6c073
42e82006
7d971e07
0f2e63f0
f1ff607f
06109807
40f01480
14425198
3800c3f7
085a072e
5e7366fc
0000cee5
00000000
00000000
00000000
c46282aa
b3938d8a
c700a938
bd8133e0
403bb4b1
801ffe2f
bd44546a
11dcf568
d3add381
b1d17e2f
f920d3e7
62c17a5e
34440a03
c37202b7
120b0b44
178400f1
f32f899f
ca8a160f
fefabf83
dcd38417
df5e598a
795d1c36
d37b565e
dc587ff9
00003216
00000000
00000000
00000000
02932973
a60460a9
de6851cb
efec059f
79bb7f83
0e0e4e28
04f0bfcf
5503e5f8
77101f4f
e3ea81fd
ff3e200f
01adc800
a907ff8e
b9e0fc37
9b3f0141
e4b7fc41
060b7ee0
f043d7cf
ff810e79
fbbc157b
7fc06022
cf9e1e8e
21c518f1
213e2084
00001d78
00000000
00000000
00000000
41eb956d
4c3e1386
c9ca5fdb
f1a35a53
bf82c8f7
01807220
6033048c
5b03fc6e
c47fff0e
f055fff0
bfba5ff7
01ff5f37
103feb9a
40c31b68
483e00da
26c1fe01
1c4207c1
e19978cc
ee3fca1c
2afff593
56c35ef9
3ab827b4
414e8518
73952fcf
00002da6
00000000
00000000
00000000
de1272c0
b97c2620
596a87c8
1360606b
c0671ac5
7e17a427
a3ffc206
f91ef9eb
33b653f0
024a0a0d
80c98078
6fc85407
87cdc274
b77a372d
8c5180a7
f9de900e
f747ed1e
1f2567d1
82a75d40
44326397
2bfa081d
de338879
db1f873d
56bd377a
00005e8a
00000000
00000000
00000000
8aae7354
0e23a4c1
c40d10a3
d4268001
4ae11b94
ebeeab08
c6ffb94a
8c278cc7
04eff88e
8c56f7c0
fdc89fbf
c37da9e1
181479eb
02e11bc1
60ea1f6a
f44883ec
e1064a7e
0a83a089
18009c64
22c05694
172b083c
ed52acc9
25f9fb77
285cb085
0000f376
00000000
00000000
00000000
b620d67b
2928b488
4f7f1a12
144c9ff7
e0c9248b
062f01c1
0097b536
3e133d29
3787f9d9
00c6ff80
ec513ff8
26ff9eef
80abfa18
c0297ed7
e64138fd
19770106
83995c98
dc23f728
0be2cf7b
cd8bfe69
60763b93
80413b72
2e3ebfd8
ddb03b6c
00001e4b
00000000
00000000
00000000
f428d8ea
3990a963
42f460bf
7fe26ad9
8d7152cc
4aff46fd
c42dcee0
220ce338
79530ac8
413dde00
1813e130
78fe83b2
3b77e7de
3ee9765c
859b8853
2c5ba800
f93eff80
ee5fdf2e
ab10ac0b
5a582682
f505c684
3170cff6
6916765a
27a38085
00009317
00000000
00000000
00000000
ff2d33cf
b9dc2b41
897c531f
7d0ae710
4b69a9e8
a0fae528
3c07cc83
c4d81de2
7741afd1
b656017b
02cd8381
5b214380
1f9cb1c0
627daab3
f8777fdf
e559bfbf
97a1e7fd
f83fc3df
78008c83
14093130
b15642d4
70518001
d116fe20
c453d5de
0000cfaa
00000000
00000000
00000000
3dfe21ee
1ce4c861
03d0fc08
200e7f84
810cc788
fc26f0fa
7e20df67
efef8138
3edfdc83
4bc683f0
e8b9440e
df13b600
2b29688d
c5f803bc
1a5781f3
fd443c3e
be2801f3
7fc6700f
01fe0400
be0383c8
47f80131
807f0014
13400401
d470e420
0000f45e
00000000
00000000
00000000
8588e60a
610d103b
fa234138
90e9fced
160027b8
717233bc
91e76014
b298180b
410c03c9
ff6dc09d
8bfe4f99
dc37bbdd
ff40dc8e
361befaa
01631e01
f1809ff6
60d946fd
203a904c
0504d390
c06c00d1
35e22803
4e4dfd8d
654fefdf
d09f851b
0000ffde
00000000
00000000
00000000
5bb07217
d3811e7f
5fbb468d
298ddd80
c07f61f0
7c07f603
1bf03ef8
39f782fd
027f3c03
80dbf1f0
3c00f40f
e7307d3d
ebf4d38e
8fb977a8
d008efdc
e9892e3e
0f8c1461
c0ec4170
e03ed40b
8023d0e0
4002bf83
a9a03fe9
709801fd
4ff4201d
0000fc19
00000000
00000000
00000000
d9947da4
cca01fea
fd8ec07d
ffec280f
03e3dd20
e41fe104
1013fdd2
70000e0c
d90b01f1
eed7fe0f
17dcbfe0
f878bbff
dce2933f
bc0f4cbf
1fe87ec3
013c0fe8
d831b0fe
6060849f
3c06fa03
0282ec28
600001ca
2cea2ffc
cab6dfff
230ecaff
00005854
00000000
00000000
00000000
9640c15a
61ac5a04
00bfc38b
f7638ffc
c03b1de9
7c81143f
43dc115f
927c46d0
6913e0f3
e38ffe27
fcfd8a8f
076fdf00
13007060
23080608
581e9340
0ec1e1f0
8072b3ce
c60d2cdc
fe9463bf
d1c0cd38
750003a7
adfb18cc
f249fbf4
3f3468ff
00007d8e
00000000
00000000
00000000
42d18ffc
045737fb
1fb87572
fc174abf
fff72717
3fde51c3
50c4f46c
9300067c
17c001e1
00c7c01d
0f0c5e01
8471cef8
fc47ce7f
b7d41e31
90de63f7
fc9d77fe
ff5ff27f
1fed9c23
fcf83b95
df91921d
577b80b6
840180d5
530e90f5
287843a4
000045e1
00000000
00000000
00000000
95d3c834
1959a99c
175bd6a4
3587ba57
7b9538ca
87036fb7
f0083c2e
a08187f0
891fbeec
3ee1e6c7
30295c00
3781bbf0
e7feb407
9ffff82b
5fbbde00
761f5e20
08af3b00
cbccfc38
0c9fa66e
0d23d859
a26fc23f
5d151110
0560f040
44069926
0000d93d
00000000
00000000
00000000
452986d6
745fa36d
2162700b
0c4137c0
e07060fc
3ec5d07f
e7fe7fba
b808f7e1
1560077c
e06c0022
1c07f063
20408f83
000107d4
9b403ac7
5cf827b1
fd4c0378
044b803b
b235a107
fffbaaf7
fdffe38e
bfa8deb2
410ca1f6
41685077
0bf6f4fb
0000e706
00000000
00000000
00000000
487d8270
d7cd1186
e2ef970f
994af2df
05a29e69
58fe3b72
2bc7f82d
62e67d07
81debfa7
d766d1e9
7ee35c17
9af9b780
9037578d
db43eb5a
ee801e06
0c16816a
10d07814
afb32a41
5f7b0090
ffd7fe8e
95fdde1e
c6163ed5
969cf7ca
fd888845
000016b0
00000000
00000000
00000000
8fcb0965
3b82c5b1
8fe43960
776087b9
0e7fb66f
6f78ce85
0ece9bfd
74ee7174
9f62805b
002e0040
7dae2546
cfc4253c
c85b2641
12e2e59a
7e303f0d
1c1bd861
119a2c40
c5ed976e
8eedfaad
749ec1ee
cc093c0e
d8e07da7
971cd7fa
58c7f314
000016f6
00000000
00000000
00000000
29bfdf08
13785c54
50155220
6be13733
379c0304
33a0728f
75097cfb
63a850ae
17dde009
d61c71c4
76d7cb3f
b6a6f32a
69ca5228
6b93b692
835ad203
80acea7b
fd96b7b7
1b806c27
9ad19573
60c08c92
68320576
8f4fb846
e4d72545
3e113acb
00005bb8
00000000
00000000
00000000
6d527fb6
797ac8d7
1ac7f509
c1aeabf1
d38bbae7
b8e0a39f
7f8607c0
17f20239
87ff0223
79a7e0ff
fff27e1f
077fdbc0
f173fa7e
9f030f98
51fe10fb
f8cdfc0f
0fecfbc0
07f28e82
9d2fdaf4
761de63f
f333f56c
b963dfe1
52e51fd1
c9a82086
0000d8ec
00000000
00000000
00000000
cfb396ec
91412d87
48fda487
59daa2dc
f2b56439
173de00e
382654ca
7dc03827
27131018
a0752d10
81045bf9
f8b2be3f
23f73503
0a5579e2
035f9fff
ca50d1cb
01975600
05075fb0
0333f53b
50df709d
8401723d
45caf7a7
328a5725
75e01036
0000a55e
00000000
00000000
00000000
431a3a71
16aa40bd
36688f18
0a84cefc
b08e769e
2901aec0
43000a4f
472809fe
6ee9fc8b
6fc78fc7
e0fea03c
e99f4203
2f7b1447
a26ff334
de1afc1d
1f011fc5
e0900052
7fef6873
71d82a07
f7c81d7a
9a640147
36ff0458
66f1f07a
57fa6c6c
00000363
00000000
00000000
00000000
a964d098
2fa00513
dcb197d1
33ecbfc3
e47ebbfe
05f76f1e
800c7162
66008791
8c600478
3a6e7e67
713b43c7
f1c0a37c
0f0e0370
a6667cd0
62b7e3d5
f51d5f1e
1171fff0
38091cbf
4003edaf
00101d8e
f7002cdf
692010d8
9b93dfbf
3d0d6fe0
00008a86
00000000
00000000
00000000
cf327041
43b90c17
332ebd8a
0009f800
a000ac20
98000712
1000fe7f
5c303ffd
f3da07ff
bf9480ff
f8722c1f
2fc3a7e2
f27f00fd
ff87f8b7
37fbf793
13ffbbed
004bfc0a
23b4cf40
010e5c08
1c2c35c1
c0047f54
f204840c
2b3ec001
f169bc00
0000aa5e
00000000
00000000
00000000
249c6b41
a0d57601
2fdaa784
205c3cfa
0f1c9aa4
a0e22d05
7dfe255a
c6eda6f6
4c3ff827
2f1ff585
d6addc3c
08fec434
83c7f2a3
437c30f8
340df9fe
cda11e82
01f98300
ecab412c
f8573f07
4f7efca0
f2fccf90
f71de51b
08c9fc2f
e515bbd9
00001967
00000000
00000000
00000000
70f0abd9
5f5231e6
04d0ffe5
f04c47fd
6840f2f3
4780ec1c
cf7c0180
75f7e825
0a579fe2
f0e830ff
2f0a13a7
9cf1d42c
7ca03380
241843c0
34010c77
c2e4084b
f089000f
ff955e01
bff7bdf9
27d3fa42
080dc5a0
c9818450
71b017ff
00c293fb
00007779
00000000
00000000
00000000
0ad60509
55f128fc
732c8554
6b7b1deb
9583ddfe
b7d1cb0d
ffdff5c5
6efc718e
d596c7b4
0762003f
3148b403
f244f313
068d1f21
009871e2
7193c729
c82e0b7c
1bfbf033
30d66e83
e588e6d3
fd1f4dad
cfe83d10
3abf3f0d
49cff369
64c6e93f
0000fc6b
00000000
00000000
00000000
1a64785a
6728b933
4aaed0f2
c436e52f
be2103db
4fe41a39
c73f1539
2003f362
15c7782e
01ccdf80
01069238
d3f1be38
c71fdbb5
f0f9ff41
502bfebb
65ddde01
35966080
4a353a08
e3fdfdee
7307f8af
4b802d8c
7ae850d5
a7f5ad57
6b125cde
0000d535
00000000
00000000
00000000
cad32b21
e4ced71e
03cccfdd
1a01b33b
36815c9e
c2e82160
24150308
a35c44f4
32aec589
7d143c39
8ef523f1
40365c16
1e1b7abb
c9febfe5
12d5d87f
5e29fb3e
dd7423fb
0417e074
258067c8
6644d31d
490046c5
e318a0c6
ed53f41b
543f7939
000095b3
00000000
00000000
00000000
703cf165
03f8d9f2
88c10bf5
1b0743e3
9c94aae0
7d5facbb
95f40a7f
2c27927a
4f4d4304
da28321c
19dc3000
c67aba82
081bf63d
6aab2d1b
0ffc99ea
d79cc3d9
f650f39c
0f724fb8
ec7f36ff
122870cd
a3ff8421
ee7b522b
050629ad
726ca032
000094ce
00000000
00000000
00000000
12de3f62
72a22e70
4be9eb48
269a1e89
e188eaaa
ffd911ff
fc9a4503
ba1104c3
13100010
7f680000
77e8a203
f3ffdc9c
9f13fee7
e7d51f32
b377f8ba
6f65f7c0
800999bc
380cf2db
71211b5f
a034c2f7
8a853a34
57546dc2
e079ffd6
596e7597
0000b779
00000000
00000000
00000000
3be92eec
f2e534c1
903bce05
6d220e83
7fdc4935
1431e81a
fc81a7e4
0ca01a3f
b6dfefc5
f3833efa
467f77ff
740f55be
57c098e0
04329963
3b901037
4aa00002
d33ef800
cffa2b0c
beab56ff
f628ee23
3dff0c8f
2c038cf9
c39dee46
c77d7ddc
00006de0
00000000
00000000
00000000
51ce517e
62f6fc07
7b71215d
0fe18440
78bb484a
01d3e880
c8be3e1f
daafef6e
7511fc37
c7e707ee
dbed383e
17ff5d83
c757fba0
de2aff2f
b1f803f9
f907801f
beb61603
07cfbd22
00004630
fee00960
8ffe61fa
533fa00d
9dbffe80
1dd6f48a
000098cd
00000000
00000000
00000000
284704ea
a6c4c27b
cad7385e
c27b16a8
8d14f3bb
bc7a640d
47ea96ad
77bf1bbe
26d1fdb3
0cd49f07
00149860
fb1eb76c
0f7f325a
e134fa09
7767a72e
53478a22
0aaadb00
11d1dd53
9564169b
9d2cf719
1b7f43ac
935453a3
20771403
aa97e238
0000d098
00000000
00000000
00000000
ec29cf70
679c12df
d2d4d358
16ef0781
817fe38c
0017f1fa
48040249
50766001
7201ff00
de300a7c
434361f3
fc3fe44f
dd813fe2
069e1a47
6ade21f6
e506cf9b
81b47fff
100695f7
f6018dbf
b8580251
bec2215f
c4f5a103
ae7777fd
7cdbfe79
00002e1b
00000000
00000000
00000000
ebde2b73
710aa456
465d4d9f
215bf351
70ae256b
41f7bfc7
4a0dfc4d
25f0f50e
276f1ee9
358d7ce5
058e1f2f
30311001
00083080
400184ab
ae1d9810
23dc1c49
7b276183
7eb0f20c
fdfdcee7
412f589f
d0faa0b1
a113e613
bdf7a7a2
a92e8d9f
0000ac0c
00000000
00000000
00000000
7e6ac654
c94983d6
38d8ccfb
7d0cc6e0
acdb0d5a
37eb5cb0
27fc147d
c047c337
d206be37
5bd5f4f7
0233fd46
bc0abe26
e7400f45
d7fc008c
a060e625
297a7200
3f74c4e0
5e2bbcff
9d2d5f56
b1e3a799
2cb8c73d
f54316ac
42951dfb
decdcd57
000024c8
00000000
00000000
00000000
aa7ed10d
811a21ab
5fa04244
26ffeb02
07adf260
fc671a91
c9672a7b
4ede7cd5
3a9de7f3
19e9447e
f039880e
6f006e16
0f5c1890
e3bc4082
80ebe702
f645173e
1d2a5233
2959b0d1
2058b5f2
7b27c546
a2135346
99aba5ab
eb23fce5
4e4870d0
0000f21b
00000000
00000000
00000000
5de7e917
c1df6ac1
e1fb5257
49e085f7
e5f889d3
b78e49f2
99ffba97
e2a0fd5f
6e510dfe
03b6800b
c0234800
e6421ba2
aec1030a
d60e0572
cfb02023
1dcfa40a
cf49ae79
7f1f5c63
dd89559e
be1034f2
4100557e
2c265cf2
82c63738
05d5b2c1
00008146
00000000
00000000
00000000
ac57f76b
1675d9d5
8820cc50
014bf000
032f3640
f7d85e34
2bbbc7f6
2e091e37
f21003f0
ff5ffc1f
07fcbfc0
863fb7f8
f8e3d35f
d7df0c05
fbf07804
c47e0780
ef5f6038
ce31350a
8009f268
de1bd118
2423fdcf
df247ff8
6f4807fb
fc091015
00005ac5
00000000
00000000
00000000
9f8af064
4b404819
ad253fbc
bd0cf20b
0fc6f5b9
84fe7c41
1aefac4c
e4f9f342
dbef8f8a
20c90072
c05e8404
3f20898f
e7d331b8
f61ffcc5
61303fe8
848687f8
0255b612
91564b40
d84af60b
1d4f5a14
2d3eadad
d522e215
81dfd5d7
aaf7573e
000052e0
00000000
00000000
00000000
4dcc411b
20ac20c2
7adcedab
29493d18
c224b7dc
cc53bb5e
2f87e6bf
d0967d52
adf881cd
ef3d00ba
7df5c00b
c3605c02
bfd83aa3
d3fc83e0
3fe9e100
471fec80
7795d5c8
422a494c
8e401fe2
4cd065a3
ad5e477a
5c0268f3
3608015c
198c5b55
0000e173
00000000
00000000
00000000
6f05518b
0e9d5868
ff01d884
0fe59a00
80ff58f0
7417fad3
7443ffe1
b200f9fb
1cc00fa7
e3e00038
3ff3a003
f1fe3a85
5d0691f4
7fb001ef
47fcc07a
217e4783
c001f078
ee00ae07
39f02ae7
fc6216ef
7fc9006b
2c8880e5
cf000001
e0b5e000
000071a7
00000000
00000000
00000000
38894389
ca62bf6b
c2dd3f2f
6fcf05eb
81f9858d
0e3f85d2
10e0f4f4
6b6e1fe2
17f871f8
f067ff01
fe097c7f
73e2d7a7
1e0f8cb8
a05c6c23
66204793
37712f33
00c54030
301e9239
71ffaa80
cfd7bc02
cc1c7f15
2fa3e5e2
26a6fffd
cb15ab90
0000fdfa
00000000
00000000
00000000
60b5aa58
e24e76d0
774c2380
1af136b6
06d7190c
d83f03de
a341cbe9
00895cf0
7b320f09
fcbf21fd
178c7541
c27f99b0
81634809
f82a852d
76e9702f
18f00941
f4d3e038
7d934e11
dd7e2ad0
3fc8b067
b6f5dd3f
40b5e91b
e5c1994e
7ada3179
0000bf18
00000000
00000000
00000000
bab02305
a4b8859d
ea48c087
2addb9d0
00ba3770
840aecc8
31873353
536c001a
a8f787e1
cf8dfc7f
40ff2ff0
6f99477a
9a6e5aae
3346c683
2e2e7bc0
42df8e7c
35e5de42
c0623ae0
a1149cbd
806620d9
0034871c
27f9d663
6c4a3f31
a5a86cde
000014c5
00000000
00000000
00000000
79047b15
a38b3948
771101fb
40474fff
a003cbef
9c0053a3
30200b60
24020335
5fc00969
3cd60b9a
c4062178
3e1a2107
13cae6be
de353d1a
32b5c3cf
d4d1d96f
a1c70bff
fe941b55
3de1bc9f
01ad37d9
a68008fb
018a419e
ea2e09ea
6bb820d5
0000cb7a
00000000
00000000
00000000
5fa05201
53ab0e70
0b928601
08356bf0
83fcd83f
bc07d722
9fc0ec7c
ee7e000e
03ff7000
e1b3be00
1f9fefe1
20fbbf74
3a07f4b7
42c04b54
93010016
1bf00001
00975000
0c5e3fc0
507fb1ce
fe81f9fa
f9d01bc8
2be85922
a8720767
454da16c
00005e60
00000000
00000000
00000000
6063fe1d
db91d9a3
9aa737b5
5cc36e95
7dc2b1f1
ffa3406a
863841a3
41c98e2b
6e2810f4
f59d400f
0fd8b200
81fdc920
ed0ddec7
4499f44e
35768d3b
7b4a4c32
7ba1b9c6
8fa5993e
6b76cec7
8053e88a
541424bc
621a18d2
950c7a6d
7f20802e
00008a46
00000000
00000000
00000000
15871b15
9799d5f0
72f631e1
b837ac86
e7811ffa
8c185dff
bfd380a8
29ff3c09
0d0fc3c0
01401838
3163c7a7
e03fce7d
ff07ea9f
1cf07feb
71f703f7
fb1ff81f
1ffff240
20ec5be6
c62d7ffc
fd5196ef
57bf90ac
ce6de019
47449f92
f4033907
00005824
00000000
00000000
00000000
26c1aa38
c629e558
ef94fea8
f659a7b8
2074f55f
bc0fe59b
81e07e0a
500607e2
e880707f
b4aa0f1b
f807a27d
7f801f2f
c7f90410
3f73f041
57f33808
31ffb9c4
c2e5ff9c
081e0f99
110033b8
40071952
501eaf82
de83807e
dbca1f6f
adeaccff
00003c13
00000000
00000000
00000000
e4bfb134
9f62c8f3
eafc0cc9
d8208c1d
3ec124e1
c3e0137e
be3f806a
7be1bca0
f14e09e7
2561f19f
e015f71c
1c00b821
800004fc
9d387ce3
fff18fee
952bf9ff
059eae03
30b7be00
27fd95f4
677ff5af
01ff5f16
fd8bf128
ba85bb91
4f1f1c90
00007502
00000000
00000000
00000000
ab4bc6ef
50b6d1c5
f429febd
0fea28f1
005c9807
008802e0
e80ead08
efc9ff87
643e3f08
a23bf0f0
1fc13f01
b1f2a1f3
d6dfc44f
582efc1a
87c070e8
29fe0784
ea6bf03c
9e84f7e1
0fe11447
003fa0c0
6000f9a0
b7000d03
d28e7a89
47109eb9
00007b33
00000000
00000000
00000000
3b995a4d
40917efd
eb992d7e
d7ae56af
cfef38fe
bcea9b89
014fa659
7800fda7
65e80410
04c76601
3d3033e7
5bede5fe
243fab0b
58b5e678
15dc5594
334e0082
f373ff16
259f2785
afeecea0
2c119f7e
359e6216
195b7d88
acaf6ff4
98ef055d
00009f94
00000000
00000000
00000000
8b447669
28ded1f5
85080f7f
002973c0
380b2a7f
c3cb479c
401edfe7
eb0bf17e
f338ff1f
3c97fffb
03e43fa3
00715af1
70470167
c7ce3858
a00cf080
6380c609
ee360600
1fe93021
49c85e10
ae974280
49f6f1ea
36fdff00
d8a7f7f9
ec215030
0000d9a0
00000000
00000000
00000000
5078922c
f9ff6f0f
0610944b
02038623
e17c42be
be06da6f
bff05926
79bf39bc
9ed6a7ef
3f6b485f
c08dffd4
ec000dbe
2fe00aa7
e21e8116
4d45f105
3967860b
68bb8da8
e4f2a806
de2a665f
7278438e
6b36159f
d693fc6a
0d524727
b787a216
0000382f
00000000
00000000
00000000
fe524b2a
21fe9f07
0e6e3e81
0b8f4f3d
4a5285c2
df93172e
ff6929e0
bbbd8161
109ef000
9d25ff42
7ff74eff
3bfebd8b
a68ffb4f
0f401be9
c0d701f8
cea570ec
6aa05482
2e674b10
02a4f22c
b2fc0815
891c5bc0
83f59eb9
2f3dd796
4a698360
0000e181
00000000
00000000
00000000
be3db1e4
85fbba92
2791fffa
e0e35fff
d67f237f
4a4feaeb
8ff3fc13
b2ffff06
103dfff8
00801a20
0026f000
00000b80
03060410
00007010
28001241
cd600b32
33bcd7f3
f2dcdffe
fefbcdff
fed6bc16
bff39e87
d1d6effb
82403fff
eab1b3ff
0000807d
00000000
00000000
00000000
9d2089d8
7990f04b
e73ca045
997dd445
7e829ded
7bc12a99
ae711c0f
a6f50f45
b08450ce
df915381
1f57c53b
407d42b4
f804b4a1
90d0eec0
585e0002
0174bc07
07fe1940
c2ca744e
4df61d01
bd97d77f
2f7d6fcd
de1fda34
b0c71e87
8a28b112
0000ebc7
00000000
00000000
00000000
0604d54b
242f93a9
f1658641
4fbba77f
e37f9cfc
241fcc80
23658f19
251f512d
1d01f807
007d81c0
600150f8
7610c407
5670178d
eab20066
55d7900f
c81909ce
f59ac79f
ceb6a36b
fdf53a27
abe96c51
78c41be2
6d3aa457
191a12f9
c49e34bc
00005582
00000000
00000000
00000000
fc0de1d4
063f7441
05f96292
b0021004
0cb90c01
1805226c
3fe00557
f3bf8095
14bffe04
f110b9ff
3fc3d507
a8ff1268
a8fab5a6
84cff337
0481ffe6
81c8b778
0214ffc7
a01e6ed4
6f8374f0
7abc7641
e2dbf30e
18203f8d
7c8000ff
3d74000f
0000f5c5
00000000
00000000
00000000
cb71f93d
0d59a7d0
4e2cb3a5
2ca00e28
9080a100
ca0e9591
afdc3adc
03fecc5e
e0c7cef0
ff72b07f
f5b67303
9d017e23
2f34668d
4ba1f095
6ea33f03
1a7b23e9
80dbcc78
78990a86
03824294
41af1098
41934ada
c1fec2f3
942f8f61
e599f3b2
00000e85
00000000
00000000
00000000
2d0a757a
c1a46c63
ff7549e6
7e3b8a00
fde81bff
bfefc257
4edef449
80727e98
ec8cc2fc
86d01f3f
3b810083
032c4808
103d1c21
780f287b
33c0f6b5
13bf07a0
005ff818
801cffe1
fe00b3ff
7bfaa82f
3dbffe65
a01fbffd
518dfffe
a435873f
0000f30a
00000000
00000000
00000000
0883e5a8
991aa280
4684359d
f76d191f
1f907d03
80d028e0
80005b20
6fa07bce
fe1f87bf
fff1fc7f
8f921c81
5876e9a1
86e16640
ba7f80cd
5a0dd80d
0c781fe0
f8c7e0ff
bf897d5b
7ed0d454
6ac00b40
caf7f806
022d6436
1cc60000
c2b6980c
0000a6b3
00000000
00000000
00000000
660b8609
2da56b31
b6a3648e
fdac9e5d
bbad9227
40e1a8a1
b80156b4
fc681254
0f4fb983
eed862fa
9f0b0917
786f37db
7f009503
057c4813
4d1d8fd1
a0da03fa
11c58a07
e18ac500
fdba38cb
05dcb4d1
41ff82d1
be0fbcc3
b104cfa5
b0421c64
0000dab3
00000000
00000000
00000000
1ca7137d
5f18e986
c084fe57
0330ff81
a0232cdc
830fae40
8ffdde5b
c37fcfe3
fa4ff8ff
5f1cee0f
00772f20
f00034ff
7f801c53
07b78022
4001790c
01181f00
003e0480
f06e208c
3f7fc40c
c3e9f950
5fffdf2f
09fff438
dc77ea60
ff0b9dcd
00005679
00000000
00000000
00000000
28a051c3
65af90b9
014298e9
62890507
55edaede
7cbff8ce
f3e57816
1a2cf47a
92a02121
d77b2c43
fd9a6ce1
ffd3528e
8d7ec550
02fdc4ed
089bfa9e
11824a00
4a1d7f8a
04fd9640
80fc9400
e1bb9c7a
d6c1dfec
86d0fefe
cce90fd4
41d35e38
00006d1b
00000000
00000000
00000000
d4890010
316b36ac
b7623cdb
03c9160c
e30c9840
8ae5f8a7
00040ea8
700000d9
d2e8005b
ffdffe01
fff8ffff
8fffcfff
f01fbfff
feb3e032
e4f49ec3
1e3f87e0
080bfd04
3de2bc68
020d97e2
81efe933
38ecc9a3
d9c19f08
01de0000
ce3fa028
0000ce3a
00000000
00000000
00000000
80c42c32
7d341982
cfb58f9e
a7f82f8f
86994414
40a37e80
90016eff
f8f0f8d8
fb9d8f7e
42a3fffa
00143fa3
20618ff1
78843012
aba0170e
a47e01ff
f34ec7ef
fea16f7f
c77472cf
a0080a0c
12a84bb7
a0085c16
34e0f9ac
46d3bdeb
191220ad
0000de2c
00000000
00000000
00000000
911efc48
5171038d
f22d47fe
f791c93f
f7d0202f
5fa4ba01
ea7960bd
1a241e63
7e80a0e8
02ec2309
f8618786
0fc22db7
35fa659b
119ef93b
9918ee67
1878d0a4
6e59cc82
5dfbf4be
67cf0b7f
88effad1
a615b294
fb6d14c1
b1587e13
2bbf58a8
0000c0ad
00000000
00000000
00000000
fc7f2669
addac429
5fe19100
710a8501
07edf780
e07c1814
7fe3e0bb
16c7d015
0cb01e80
bac820e0
3ff71d07
81ff71f8
fa01d8df
dfe7026c
d3d7bc06
146071c1
7e7bdf88
8fe57c7c
187dec83
0107ccc8
501fc146
5913f84a
0eadb4cf
5639fff9
0000f680
00000000
00000000
00000000
634009ef
94b67a09
60ef8c8e
0482ac01
50a393e8
6f3d8e8f
18f0f056
bf05c18a
f3f01c34
ff6580ff
3ffab807
29ff7d87
eab7e0d1
a838f88e
04b1f7d0
4e71af80
046d47e0
1451848a
81f917a4
d20b63d8
ff2ff4e6
c2acda4e
91884034
9276500b
00008c6f
00000000
00000000
00000000
24b4e817
8176e706
1663b388
e00e7bff
ff80619f
ff3805e7
57f1c017
800f1c04
01a83184
f03c5bb8
ac3467fb
080fa6bf
043fae41
00c3f9a2
ee17ffdd
f8c0fc3e
3fe18763
73fdb8f3
f7278fff
9f9847cf
3f9800bc
bffd028f
fc1fa036
bafd3d07
0000abf4
00000000
00000000
00000000
6f835df1
1c103ed1
8fe80018
69247971
00e01314
f008e937
3401ee93
32980287
c227f0ed
31715f87
f82f51fe
dfe3c8ef
d7fc665f
3662f49a
5d3fd7f8
1b6874ff
b7d5c5fb
139a15cd
007fda90
20bc3545
c010c27f
74f2845e
ea01af80
9207214a
00002468
00000000
00000000
00000000
4607cb8e
8edc0cb3
d3a08864
b392a58b
fe95d103
08c39002
8f0f5a42
46d3f3f5
bcefffca
a0be93f3
c134a18b
e0017300
aa862470
3be87fd4
37d687d0
6b0e333a
10485fec
02f56b10
56061abc
7f9ca970
196ad76f
1b626dba
fd99ff92
8b46def9
0000d568
00000000
00000000
00000000
e3af7d36
7ed8958c
72ee317b
038a96f8
b80fac7f
47c1c28e
ec7e0968
df57f2f9
786a9f9f
207911bf
80072018
0c105a03
00020ce0
cc027ef2
fbb1bfd0
01a2320b
01327f00
941f6ff0
fbc545f7
6fdbec76
43fa3e4a
7917cfdc
f8866330
37d390da
00002710
00000000
00000000
00000000
6acb30bc
5ac24df7
0caa7f14
00024de0
01e0f1d8
f03f994f
1c03fc91
f05867e6
f3c11f9e
8f8b11e0
81f8001e
183bd603
790d3dda
97e1d1e6
fdfe80f5
0ba3e400
e0d71cd8
7e0699c7
c38c71f8
fff0291f
9fe80fe7
f7f801f6
08f70247
60abb012
0000d173
00000000
00000000
00000000
94136577
5c9c02e3
d34a0f5c
da86dc34
18293c4c
7e66222d
ffe05cc4
c7ff03a0
a477f102
f3945ffe
bdc21adf
7dade64f
1b0b9b0d
4e11cd8d
e1d11ba3
df4fd003
81934870
d0475ac3
53011952
f0ca8818
0112eb3d
81056734
b8368fbd
f8715963
00008e3e
00000000
00000000
00000000
4106bb8f
29b2896b
27070055
58939ed5
48953d8e
df819100
83f82e7a
3c1fc249
4b041040
809acf80
cf7ef578
fffff16f
e303f67e
3b600fd3
af7e81fb
a37e3c1f
7c188dc7
623ccdfc
10448808
4a081427
1609010d
1aa18287
52021c38
1a743b6e
00004f17
00000000
00000000
00000000
95c9921c
8df1e461
3237d5b9
d53da174
b8daa19f
ff832cad
bdf84a5a
b883cffd
b97018f8
fe568187
0fef801c
20e09aec
38180ba8
c44181e5
b54a8407
5f2804e2
ff41c58f
5fa76c9f
2ecc3101
ebe6fc16
bc70b52c
e2abc811
b6b4ac19
11b380bf
00000805
00000000
00000000
00000000
3e77846f
592cc92a
e55d4960
822074f7
6ead0a5c
016b9e12
a0057536
f930f901
e482bcf2
fb18039f
c7a78068
7e38cc07
dfa244dc
effea6a9
d54f33cf
e920bbfb
e1dd7fff
1e90441f
f8f27122
23435461
732c8187
b3858054
3ac9f01c
e87c1818
00007830
00000000
00000000
00000000
8657725f
9743fb59
311420a1
98ed2929
5e806c18
d23f6235
730f2252
e140b7fe
e591073c
f6fc3c16
1f8fc38b
35bf46ef
1128df0f
83b32507
4f451172
1db13716
d0d3fb78
ea3f795e
6c0236d7
ab003121
72fca328
37de0a86
3d0b0cbb
ee4cb973
000078f3
00000000
00000000
00000000
83a1341e
3b6a0b31
9a887b53
9ca3bf02
f13293d0
3f87445a
08d474fe
c304406d
fdb3f45f
7f4bff46
71f57f8e
03c7b7e0
183f685f
c0e077ea
e41e07f6
1ac9703b
0a700642
20cb5000
7260ddc0
7e633d1b
17c82e5d
d9fd1078
f84aec8f
3c67356f
0000aee2
00000000
00000000
00000000
2cb881e1
907847a1
51c8011b
0320ea80
f03c3ffe
ddc366bf
3dfe32cb
dd89e3c8
f8f81e3c
7e15cc47
1ffcfe88
49fe9b9e
406ff44d
ca0e7f53
92a46777
e89144f6
7a0801e7
e663791e
8e68d2db
3d67d657
0cf4e003
6dee1e35
143ae780
299598ce
000097c5
00000000
00000000
00000000
0737ca9a
9cb7383d
c5ea804a
141b9b81
29a71ffc
97ffc3fe
c1fffa6b
1405ff37
e6f0007e
0c541c03
004461e0
00c15800
501015b6
7ea1c007
07f0181e
5b472803
83c705c0
785db04f
ffdedf02
1dfff0b0
bdd34c3e
c11fa0d3
36d1ff03
c28e0c67
0000a853
00000000
00000000
00000000
86cf016d
e172c255
e97741b7
66c3cd6e
baee692a
5ff86ea7
bb7fe89c
9163fd41
384e8184
075fc080
d0407407
9ec2a3e0
770c2175
8251d739
7cca0434
1e11c1a7
fbfcc09f
dfc7bb03
3de19231
1f9487a0
31747526
bb4bf0b2
44c27eb3
9941aa6b
000062c6
00000000
00000000
00000000
7c11d895
1b1fcdf5
1434b979
33a881f1
f9ba5cd2
b13c84f6
3eafb1ae
b6f3fcd5
888fae04
00c2ef00
401e9dc6
0740d22a
00ff7938
8207c646
6fef3a58
62a3b58f
f79b5fd5
1fde7987
82e5a4a8
d22e90d8
0047a9c5
12635e5b
22c04f0f
51dd6fc4
000006f0
00000000
00000000
00000000
6821b467
beded111
52a581ef
cfe4b9c7
ce2504e8
b0f7c985
aa07afd9
a5007a13
3049f305
0103afe1
f0031edf
1683300d
821b0816
0e6c9811
2d7c3e3d
fae6b7f0
d1c57dae
814f7a5c
ecdffe33
b29cd0f8
1a708f20
0f91faab
2e2c6687
59a41008
0000042e
00000000
00000000
00000000
0749c0a3
a57ec36d
1b0271ed
304fdf3f
45573860
c039fca5
ff07fe55
0ff878a8
019fc786
80187c30
1d05d7c1
20e43086
00077360
58382aa8
57ffc77b
3cdff836
5c07fbc7
87c6377c
fc3ff7ff
be89f83f
2904bf27
010087e0
dff200bb
1fa417be
0000ed62
00000000
00000000
00000000
7cc40928
7ee329f3
4e53c6f5
609e884f
4dc080af
10c82d04
ab5e396f
6913c11f
a0182812
c2d15bf1
1d917dc3
c1f97c30
be2e620e
9e505dce
1c823785
81de0ff1
114a9771
60e79c9b
df2a0069
7fc499da
937570c6
ce9a7559
f2f2527b
18c969b9
0000d25e
00000000
00000000
00000000
1c3ca73a
44046afc
04c1388b
61ff21bc
7e030bd3
15e81448
d215012b
15ec2500
f1cffc3c
6fea7def
fbfe6bbf
fdafc037
1f9f5ce3
61f6286c
2a034287
d3e33b05
01680a10
f1a488a2
2c3fc086
02f70b81
a6a497df
47afa55d
181bd7d2
a9dc515e
0000a373
00000000
00000000
00000000
59493e62
ca6c626e
bbbffa0e
6fe53626
37eea19b
01cfee31
030c1f0c
46008bf9
b5cf8c2f
03f87c00
07d44f80
9276bdf0
5dd6cca1
2bf793c0
feeff876
38a6f301
e806bfb8
1cb48ad1
c7e4b611
814cd8b8
871fadec
c4237daa
1f3d8a79
1f8e82df
00000c72
00000000
00000000
00000000
a8135a99
b64cce0a
16de572c
6426f2f0
1c1728a1
8b8384da
26be786f
cabde1e0
f1c80e3f
fe84005f
b7e95803
be2d9611
dbf8a7af
9747c19a
3a2c3f1d
091176f1
081119e6
408c500a
67aad748
ef1b71bb
7dc5e564
c9db4e0d
0f140c86
c6c4c175
00001730
00000000
00000000
00000000
2d8132e8
a535cd10
9648bd03
83254001
70c1bbcc
0550bb88
d472166e
3b00827b
9dd2fe73
7d8b1fa2
813c8ff0
761f7b6f
23c5f39d
5f4a3fc5
266668f2
ed4b8f9e
3acdabf1
d26f8ae2
a401c182
0f60bc0d
1f461c83
1eac05a0
b237da7a
10d0376f
0000b652
00000000
00000000
00000000
63130fe0
edcdc6c8
e014b23c
bd064c07
46f680c0
b1ff7c31
c1dfff7a
ba03fcf5
a7200435
025f8000
0002c000
02404700
f03f08dc
5b81f807
1ffc0c03
0076e080
003a3780
f802a17e
17f4137e
a49fc379
8e03fba0
0d204fa7
c06a5ff1
6a37277f
0000bde8
00000000
00000000
00000000
07922b79
0d04640c
4901d597
e405e09d
fed72725
c0982e4d
7f0110f6
37f5ff87
001f4fd5
00aee070
be07b003
f5c0b23c
1fce9601
d03c5a44
e14141c0
fbe89e3e
768bd877
d4fdde87
f6a361b7
7fc51e3f
bdff19c7
54bff8d1
fed91564
5dc42a82
000007ed
00000000
00000000
00000000
da739b31
8d7fa70b
2d9d3fcf
c090b3ff
de10f9f9
d1f034df
f10f130e
850030e6
fdeff107
0d45ff81
000b75f0
6080e3a3
478e0300
a37cfcaa
eabfffca
8b007b78
11e60333
f0fc88be
fffe8037
03ffea96
0ff7fe2d
25ff82bc
f0eff800
21d13fc4
000097dd
00000000
00000000
00000000
9b18acf6
f0a46cbd
3a1867ef
385a5388
405ba8a5
8c13b3b1
93015a22
0e963e3b
8e5bf9fd
20e79fc3
e00c08fc
2bc0d606
4e3e2189
7ac5e2a9
7cbcc3a7
f89bcc3e
7ffc45c7
c3b5fadc
3444c42d
01208917
e80422fa
fa0b0399
217e71d4
9c115e60
000095f8
00000000
00000000
00000000
50723c9c
7b14b5ac
a3db8545
4cba9b1b
70651411
248a6c18
f526d152
94b103a3
d8f17eec
daf9f7ff
e7302cce
d60671f2
107c16c6
dc87812f
d9f0a401
cabc0022
fd55e82b
7ff60fcf
4b7f2fce
d114c6fa
ef24744d
d268257d
dc362900
ad744735
0000aaba
00000000
00000000
00000000
132dba45
8b20e9d1
f2dd5a7f
fdbcd47f
3d6f8e9f
23ffb0e1
8001f7a6
211c97db
3933fffd
f1ffffff
7f8f7bff
0002bd9c
c00038bc
dd012267
2cf0cf8d
006d03e0
00cf6c00
b002607c
18af167b
0e7ff564
c0bf3e6e
f7081fd3
6ab411fd
29466523
0000fc82
00000000
00000000
00000000
d68b1ae8
18648710
b1f0c007
0fc81f02
e0f725f8
7c15f09f
17c1e097
5de11f41
a15e29f4
c42fc394
f822783f
0fe62f81
027ef6b8
e00a7fd6
f7fec3fc
fabff81f
1e8bef81
03f83ef8
e1f913ef
f60e0610
87c050d9
ac8e1b3e
15d00100
4992c000
0000a703
00000000
00000000
00000000
eda534ae
c032728d
4cfb8d46
862383e4
a87ad2fd
fe264ef9
4bfee447
ee086fdc
aeda4a55
00309f81
fa8893de
0b3e7723
f173fb9c
bb0667a5
7af77096
73d2ef80
e3f78059
be693a7b
a39ea465
1d1ff313
2acc45ea
72404d54
9ba60023
3d4800aa
00006c8a
00000000
00000000
00000000
da791a5c
a424238b
979309de
f3534c7b
1a951b99
9e9acc3b
00574361
2e0c3b85
b9442308
46a1520c
321f5017
6d40fccb
71e4943b
c37e0794
115f1f1a
ddc4efc6
3f9226d5
7bbe96fc
7af5a095
475efe3a
c4fe5801
82acdcc6
5c3bda03
32a2daf0
00001adf
00000000
00000000
00000000
5c2e6b02
bf9a3286
4d541e23
b6795408
1fe64e0b
25ed90e4
400035ab
24000565
9f5807c7
fc5a20ff
dfc023ff
795ddf4f
a7a82bcc
7cb9e535
d4f5c3a4
cbbf1c2e
13fbfac7
47d27f14
40f65b40
a84733a2
78b917fe
071400ab
62f9de12
4495de8c
0000c152
00000000
00000000
00000000
912b8188
57450af6
cde99235
22447df6
84976d56
fb82587f
2bba5865
492627f5
c7e43b79
32b2e387
808794b0
3adfe121
1ddbe182
f7bbae28
345fe0bf
f5e44e00
f5fb97b8
7d7398d7
33d30304
2c621570
ecc8f7a8
8dc12372
dc846823
7d674d0c
00005827
00000000
00000000
00000000
06f4dc57
03d95a31
09fae052
d3c46e22
0387c580
3b7e53e1
42f3f30e
0d0f0865
f3e5b146
ff1fff9f
0efbdff8
08a307fb
d83f1f5c
cf87f815
a2d87f84
f1b3663f
3fcfc463
e3fd2c7e
ff4ddf1c
28600551
66c2f290
3e343a3b
b16b8061
2a516e91
000027f4
00000000
00000000
00000000
a36ce92a
2382ce47
c8c3095f
07734301
f0f9f679
2f1fee08
4051f0f8
a9c15d3e
28bffce5
fb83ee0f
1edb5a03
21ff3fc0
1e07fe04
e1e07f2c
ea0e07fd
c4a9e0fc
3129a667
3089af13
19e8bdb1
9ddece68
56e2fe90
dcf71eee
6f91f06a
42e65f17
00008d12
00000000
00000000
00000000
9b8108a5
aa2b9fc7
01bd00a8
16730648
7ba8b720
2f0cbc57
9c110b82
7502053a
2d1014af
0f5f21fc
21360fdf
0c2707b7
91453c0f
6fdf8a3d
3c6cfed5
2403f656
18bc7f86
c1ad777e
5a6edd9f
2fec9d96
8d0b67c2
4a44bef0
5d81d099
8b4a84ca
0000662c
00000000
00000000
00000000
40d0260d
804b96d5
21fe33db
136178f5
00760dbc
440f92ff
9408d437
7fbb1d73
bbb61fb5
41a0005f
90160800
b98346a1
bfcc0bd4
7d6fc24e
8dd9d730
e61287fa
fcc002f3
ecc12b4b
3f38fdd5
2f7dfd3a
98bfca00
6e00d224
c6a803a3
30f707e3
000071e3
00000000
00000000
00000000
91ebd0b1
fd4c0fd5
72bfad22
a180bc51
f7174bf0
72013070
03a0051b
f6fdf0d5
ae29df4f
9fd1507a
ff18f007
5686f83c
537a0e30
a28e0447
671a4015
0667f040
69345f96
1f7d9eff
a3e69dde
552af0df
230eeed9
d46a9ee6
831c3dff
04307b1a
00006ce1
00000000
00000000
00000000
c42464dc
ad955230
08f9e020
0079ffc0
e0020bfe
ff801fff
7f1e03ab
2df86111
aab7c7b2
3e763e07
97f280f8
3f7f1a07
00781500
8003c09c
1c043e05
9603e8f3
be4c17cf
83ae23dc
8050430d
e7d30be3
bef2f73f
c4fe07fd
b14300f3
9a53ca65
00001165
00000000
00000000
00000000
ef2b47f6
d6678ac6
e3309fcc
40e9ab63
c9007b7f
6d0006a7
3af80894
a281a249
a0ae0582
fcaf003d
9fda6989
6efe555f
103b6280
b97f1fcf
c4897eff
7b7caf8a
572755b7
6934be7c
2131857f
ca09dd87
10645cdd
bb90dae0
bc68c472
bcd0ab4e
0000d18b
00000000
00000000
00000000
5249075a
4d3b51bb
8642c97d
f81912b7
78b495d1
cffc12fe
91fdf0ef
a103c411
0b2004a4
d2d985f0
fe35a6bf
698f3f77
ea05f15b
88f05fcc
cb9307f0
8b8183f5
105c843f
708cb2c3
d6804491
21d10aa1
4e3e9126
3f39bbc4
17e3fef4
afb73270
00005e9d
00000000
00000000
00000000
c66fa523
a4e3296a
4a600357
bf705740
61a3ca0b
1fad6922
83f6c640
5ede760e
6b2eff9b
ffe5fffe
e11ebfcf
0003faf8
80000580
d50721d8
7f4235b0
12c1afa0
04439264
00863a22
c0a94322
94122e2d
f82a6b23
74003d0d
cd1fbff9
16755ff9
00003d42
00000000
00000000
00000000
a6fd9fd6
2904ada1
8269f541
99be8085
b0b06f27
8783653f
a47832fb
66e786d3
71801cec
ff8a007f
74e471c7
431c691e
d0703594
e5a3810f
766f3e07
4e13e070
007b7b00
0eb35bf8
42f542bc
fc1efd5f
ed10f807
8c2ad966
d31f458c
30237902
0000574c
00000000
00000000
00000000
a860b6ac
5a0373e2
feb651a5
b16c45f7
7e968628
be84b470
08f98182
689ff5d2
d386fff7
8e7c40ff
c7fbb800
0804b1c0
80c5ff8c
4c003b0b
f9d883e0
0b174684
02196870
50372577
7ff1fe01
5d2bc548
575fd732
b6eae486
f5da2ca9
69b0bf76
0000cd75
00000000
00000000
00000000
77e97bc2
6a6942bb
f7b85f61
eedff5bf
f9eb2a7f
5f0d6556
05f97a23
3bc3dfcd
10d109d4
e6fa980f
88445d00
1c022b7f
32d805e1
a0aa889a
97f1565b
6cbc0c34
754728e7
fbe0a60e
752f1060
cfe0184e
7ffe3bef
147bbf19
5524c57c
6cab8830
0000d0a6
00000000
00000000
00000000
4b514250
39c5327f
98b2483b
711f0333
318e7000
9e1aafc1
a0f9151f
5a420c59
482681cc
abf2913c
f4fb17f9
9b5e96bd
5fb7715b
75da8f39
d976efeb
2b10bb80
82ba0df8
200ee54f
10033f34
aa981af5
7d015f22
64b00d09
a0364eb2
3b96c838
0000ad20
00000000
00000000
00000000
aa01422d
d89e42e9
48084131
44d3a06c
e3b13378
6e04645f
53c05076
980802b5
f8e00032
fe7f680f
07ee3ef0
80da34ff
e9f02a8e
edf6804e
fa2af019
6fb69e00
ff2980fa
ff05dfaf
de74e4e5
5e11e93d
35bcf8ad
1f3c50b6
17b41907
92b34ab4
0000cd09
00000000
00000000
00000000
91a209ba
ce23fc7d
eee29239
fdb8b97f
cf80a5fd
f87c851f
d5174e23
7ffa1788
05b0dc0a
2d3e09e0
f2bea18f
0c08c000
00cc2840
061be128
6017881a
3531c881
e5da8dcc
1a2ef9e3
0fe4248a
005e93b1
100db0a3
5400c623
6d9659f1
498ad782
00007e44
00000000
00000000
00000000
b819e473
85cd7585
99610d38
c11cbeef
f2b882f4
ae09ad50
40febdcc
0ffff3b4
eff3dff6
d7326077
0039e000
c102ea00
05301a34
702516a6
f7407cb5
e67b67ee
b7a0c9bc
fae3afcf
e6258dde
fff07fb7
1ed97453
2dfff01a
671d724a
9f0ae4aa
00007447
00000000
00000000
00000000
0bdfeb55
7e1bd74f
1681cffc
106b8b89
e10955ee
7f033035
9dfd67ee
2eff7ba8
9f1242e1
28804401
e008b040
8781d686
7e3ed658
e7d57be7
71785f9b
4c75447c
38c89522
8013757c
4cfb8a75
90843f6f
400927c9
26a506d9
9a869bf3
7da550d0
0000d55e
00000000
00000000
00000000
74f20d2f
66c17265
d8344d42
e68f1512
ea0eea6d
fa016977
869010e4
970281ea
3bb4a873
792b0781
7fae999c
3fb83508
83f2c9f8
4c3f2e13
12f0f83c
284f3882
f23afb8e
7f94f7fc
fe5959df
d26dfaaa
87df2200
109aac4f
c7b82362
de97f302
0000d92a
00000000
00000000
00000000
d7b1999f
3d548c43
1bbe9001
fb439503
c3a3c188
983a2983
dc43c26f
91fc1dee
a59ff1ec
fe83f3cf
7834d80f
238366c0
be0f21f4
f1e03f10
3e5e01d4
ff91f037
92970f80
f13d1aff
7f1f7bdb
d7fe4c8f
654a029d
9671003a
01e75441
07f77f94
000026f4
00000000
00000000
00000000
3eb37b6f
09060ba7
c5c03d82
f5a58259
7018d746
2002a237
60404a08
e552825d
3847e4a5
4925ad22
1fba4dc3
b2c6ce0f
5f198905
62b8f7a3
ac7787fd
e8ca7e7d
b163b36f
11b376e6
f449ff31
040b280f
eb008de8
561e6418
e9069da7
617337ec
0000baac
00000000
00000000
00000000
2e802d09
f33fa568
b40b5881
655d34ca
44dd8383
0304806d
a3313b99
46bf049f
1703f977
eb8f7798
868eee31
19fd0076
bb475616
ef6a06e5
25bb1bff
04447ce1
0a716df0
f000a17c
0512663b
f8c03712
0586ad5c
46740e8e
4afa3f61
0ed4308d
000024c2
00000000
00000000
00000000
f1b72982
a61d1859
03027e8f
211253bf
4e8d8270
ccfc8f14
6c0fe008
57f47d39
937d8774
ad2df016
7fb4ac87
dfac58a0
2fe778ad
33e91cef
92f902ed
c04d980a
c1093c0f
9e94a1ec
70e8200c
070adaad
b64c0985
61734512
522bc143
232e52d3
00001fce
00000000
00000000
00000000
c60cecf9
51f379dc
5d35941a
0b76fb55
f0264e1a
6f07497f
b760af9e
9c200ff1
2c8000db
14748003
3053103e
f981e4b3
ffce8677
9ff8e0cf
7dffec02
cfd77a08
3c862280
f7aeba9f
2bde4330
0f37f08c
e05c393f
4c83f08c
27b07a4d
854ee62d
00009c18
00000000
00000000
00000000
a5747143
4edb429b
c50d398a
1fe61780
27daca58
0f1e8610
4071eca8
14013ce4
29f013c6
8567803e
fc0aff03
7f0f17e0
fffeeafe
afffcedf
4027ffe2
80c43938
10306380
8107c438
78038427
4f805a42
7ef07fd2
decf03fb
d37601ff
fe3bb07f
00006b64
00000000
00000000
00000000
7349ba2b
68a4c56f
0c9cd9f9
c77f42f9
d658e9de
97f4100f
495ff79f
e3dee901
f106ee1a
0bbe7840
10ca0780
f11b9a6b
aba8a102
e5f0c0cc
3fb7da0b
4198fcd1
d1f11b5b
f759aa19
74ceeaf5
e16dcf63
1a07cc8c
d56183fd
0463df6c
b18835ab
000041c5
00000000
00000000
00000000
3acb1439
5abdbb86
78f3aaee
bfb85fdf
e3b494fd
2e3fe447
c041bc84
d8040d14
b30003f2
3cb01e1f
800bf2f0
fc00209f
87ce0388
b07c70d2
2b9d4309
fd11bc3e
3fc1efc3
43f7ae96
16072db9
1148210b
d01c0001
3cf38e11
91f9ff20
1511af57
0000ed1a
00000000
00000000
00000000
60f86186
78c49b0a
f131077f
fd9e6fef
dfdc407d
f3bf21e7
bf6e6001
69c7778f
0947e014
4c407e04
c08283ee
7801dc1f
c0801651
0c0310ea
be0dac1b
7911b192
77d80d02
07e28000
002a0300
10feeb50
f1bfeb82
707ffc60
8b3fdffc
ab3c4fff
00000412
00000000
00000000
00000000
22decf71
372a1c22
87cc6f65
e6139f7d
fb6f2cea
b71e8937
8170eaa3
ec0883c8
29080958
c14840ce
ff740b1f
3d70cb47
c1e78c30
38061915
63c03947
fbc81523
ec03fedf
ffe009ff
eeb25cbf
ad487e99
d946dbd6
880a5822
fc6d0a28
bd186654
0000e55a
00000000
00000000
00000000
98a1d961
996abf19
888d43fe
a81effff
88420bed
3fc003df
20f506ea
f821b05a
09bf0042
18dfffe8
c2c6fffc
e03cc3ff
4703fd88
2808ffd0
b8000fe0
d78003ff
c1e0007f
f00b011f
fccc2a43
0f912980
807c05a6
f31fe8ff
453001fe
9fdf40e4
00001603
00000000
00000000
00000000
d6cec37b
edcce069
5d39c5e6
cdbf3394
ff15a5c7
43fb5af1
e00e3aff
c9003ba6
e8200029
cb8905c0
ff8800bf
4bff078d
757fe424
86bbbdd7
70dbbb64
635aff05
015969e0
420a43d6
00c0ac94
f40cee00
a2268795
ede8830e
ccb120af
b2389020
0000ad8b
00000000
00000000
00000000
64ae858a
04a3d079
9ce5ff4d
19637fd0
f0ed0ff6
3e3f74e9
c083f91c
26841fcb
6c1191e5
05b96f01
3c230f78
c0ee38f7
fc1fe32f
e388ffb3
40ba70e0
12106602
8190a270
f00a008f
46f8142b
e3a36546
ff16ac2b
695867c8
3fc14403
c138ddb6
00006fcd
00000000
00000000
00000000
ba7f401f
d1aaaf35
2cdf906e
ff650d6f
ef32850b
33f0d8eb
f8890317
ce6401e7
582203af
ff80087f
5fbc1a67
fc39516e
6b402657
cf745040
eadfe8cd
00b0be81
044c41e0
b801831f
efc2980d
92cf2b19
7008bc64
038237e8
8440fbae
3c7adf1b
00005837
00000000
00000000
00000000
47c59d9a
e0ce9fd7
34919e77
fe4115d6
7e024837
6be147c4
18fe6ce7
3cffc07f
2fb28a09
dca30060
3fbd6c07
f9fe5025
4787fffd
c2782c97
790312e2
9d3f6a8a
f0e47efe
ce0a0bed
ba00b838
69002ca1
7080d5b2
bc049773
86adcff8
c118e6b5
00004c0b
00000000
00000000
00000000
f9747cc7
e5e6fd32
2fa2a594
ffabe223
231883ff
c051b070
3643c2d7
96fc3ef1
8927e1b8
fc33871f
1f028013
c0f05c00
6e028d06
04600edf
9804c001
0a00dbc7
e0f01ffe
1e0c5193
b7e1d91c
01fc1611
007f0192
857de03a
07e7f805
2ea92f01
00008473
00000000
00000000
00000000
32799551
5e6aaefb
c0ff1aa1
f72ba654
bc38cea5
8646201a
f1be626b
f801c1c5
9d28186b
f0da04bb
8b8c1011
5c783381
07c706a0
1838564b
fb878104
e9d87c7f
3e3286c3
e1f05c7e
7f0e8987
07f83450
c07f8058
080ffc04
03f0efc0
305b8fff
0000ebe5
00000000
00000000
00000000
4ccef52e
428dffb1
3e609436
7f135123
e5fc713b
3c03d217
c1e01e24
cc0605fa
ffc0305f
db3903de
19046035
0b007201
f4e007fc
ffa64277
8fffe7ce
fe3f787d
7d91f2e3
f397bf66
ff0fccbf
1fe0d8cb
83181e4a
2e0003bb
eb28001b
06be006d
00003ce3
00000000
00000000
00000000
209a6d12
cbec622c
04bcf68a
0033affa
c0219e78
38002ac0
01f308cc
a8173c5f
744031c1
ffe3f70e
eefd42ff
cc3f83f7
fea1f5ff
b3d806eb
cdbfcc07
0adbfcc0
61f3ffa7
f10c4faf
83cefa7a
00bef18a
e8006d9e
b40002fa
79e8c3ae
4dc664fc
0000b539
00000000
00000000
00000000
8f47528e
65271d10
2ac88f94
e07631bd
df13553b
006b851d
44081be8
9862f1fc
58ac7806
03bda0d0
911a62b0
70f31e23
674f0d20
d0b60942
5f2f7833
16a80f85
87ac4810
5da728b5
ebff98bf
dfb2f382
d97f173d
bf5fa63a
4188361f
4c0c2701
00009aac
00000000
00000000
00000000
b9f7ed23
d841cefd
9fb5ae09
9531b418
1ca04686
fffed883
4a38b78f
95db05d4
18ab8464
c0b48c0a
19e68d21
33e6db00
973fe190
8c5efdf5
c17395c3
71ce9e1f
a5e4ba83
b15d8a43
30221144
c7f93538
391f83be
1e4ccead
38e26044
6e7a7288
000072c2
00000000
00000000
00000000
6ba54bca
f5b93c3a
1ec35fe3
ab067d7e
c078feef
5ca43b5f
1f038780
9df919fb
cafe03bf
7edbe07f
e2fefe1e
070b6dc1
e0b07c3e
ee0387d5
8cf00839
152980cb
3a90be47
c3c9a6f8
fadf0507
bf19f3ab
3be0d73c
e47e3fc0
0b77e370
3307fcf8
0000f238
00000000
00000000
00000000
138b5cf0
274ed437
bfd5a3b5
c5e77aca
402a15fd
1f870dd5
7bfd9875
5e5042c6
a2fd042a
0022bc07
e006f7f0
fb808e3f
99f989e9
068fa121
1668f560
9d72e203
83279f31
00850de8
01433586
92239e4c
1f82f4b9
d9bc995d
68479be8
d21d45f2
000047a7
00000000
00000000
00000000
62d5a0c2
f682416c
e87a2e9f
9db0d3b2
5ef3494b
443efa54
7603453a
40f5015f
978fff71
ebcd9fdb
f0c007ff
5828280f
dbc5e6c7
df01660c
bf3e00dd
0b77d00e
0ba17f80
281ef7d7
eb13a7ba
b4f15063
bb7f0ddc
4bdf7ba7
ff5a6aac
cfe86663
00008d8f
00000000
00000000
00000000
fc526568
cab99ceb
282602cd
005dab3a
d83c8ce9
ff8de3bf
6bf81fb9
409f0509
3e000000
4dda8103
1fff8990
8c5f1ffd
7ce0dda7
718e03d2
d628c026
222b1e11
f892e7f2
ffc4267f
ff5f987f
bfd10277
5bec6cec
48d740dc
6abc000d
5df3f889
00001272
00000000
00000000
00000000
d74ee7f8
ea0b7a30
40d902e7
3f7f8d5e
441911d4
a0f9ea9d
1407ff48
b9a07f9d
403fa3e7
86a5eff0
781c7fbf
7380e159
318e1cb7
13dc7459
a7c2c2db
eae72a3b
bf1cc8f7
83b7a60a
001b1050
6acbd121
97959ebe
37910bdd
9c92541d
a2eb8a5e
00003bb0
00000000
00000000
00000000
dfdffe3c
dd48fb3e
8b129e84
9b4d8f30
1e5bcdc4
90d3b73d
67cf2887
beedea50
cff52e0c
de223c75
f66d7507
57198ac8
70785cd0
886f8176
98bacfb0
cc5fd8fe
0a8ddb87
6b149be6
6119eeb7
08100d1d
8301ee53
e23cee9a
3c5bb7ae
fbef787c
0000c81a
00000000
00000000
00000000
e6eb9592
5b47cf7b
7a366e5c
33376031
4138688e
680a39bd
0bb03b0b
10f63d2e
b66ff3a9
0675ff1f
c61c7fe0
9fb36b7d
dc7d8577
b187c3e0
392e3876
7a361a00
f6ede092
3ffc9601
c3812cc3
a901116d
2cc3d745
42177b5f
a754bacd
481272ff
000015d8
00000000
00000000
00000000
6d8f3ea8
8fbfb592
2e5cd976
defe1636
06989288
4cfbdb0f
8e8ff061
24fc7a44
1f0786a9
8a186800
f85f5403
3b7020d0
5da3843b
89d9829e
af778c1e
a1bafcc2
f5ee5bcd
75d7d1dd
e5426349
c0315b31
a8048a10
52ac97b9
6bbd1768
fa2b0fe3
0000bbb4
00000000
00000000
00000000
1e9873ee
2ba1c150
79107f45
c6775bcb
f41ce27f
270024ad
607ee00e
c903db58
1e881df9
715e00ef
ff8d0007
d478a800
3c0fc841
cb48fcac
289d8f1a
bd983840
0fd89862
707cba37
3f038f02
73fc0d15
eb6fc03e
d89f7e00
3b6af7e0
a17cbfff
0000dfac
00000000
00000000
00000000
e3edc811
affe3750
d0ba8b77
f01dbfff
deb2b01e
08c0140e
2e100166
f3e40130
98ffe007
fbb3ffdf
fffbbfff
1fffd04b
53befe41
a5fabf90
720f8df7
f8107dff
fe2001ff
3fde880f
8030e510
8801cc0c
5bca02a7
cce7510b
3ed37004
388db840
0000064b
00000000
00000000
00000000
9e9b134a
62f78398
ff9fe02c
07d55df3
53fe24a4
83d3e28e
e01c6b77
7860e739
21130808
7ae83fc0
ff080fff
fff81a4f
d77e5f17
a1e5e46a
871546f3
0451ea01
7c5d4281
0cc06443
80b075a0
106617bb
d507fd07
584572c1
f6a92b95
2f4c31a5
00007a09
00000000
00000000
00000000
393e7db6
8b8ead97
e7baba0d
3e7b0003
012fe2e0
c57df93e
63bfffbd
fe01fea2
93c00cf0
c02f0207
04861138
002c6796
408045b4
f80408fb
b9a02009
2ffe0000
009df800
002625c0
41ff937b
32057959
0b2d2fe1
afc49df2
16aaabbf
e3ca17ca
0000adf9
00000000
00000000
00000000
c36ca3c6
34191be8
129d5f84
5765fbdf
427dcf79
c82eeb28
d407fe74
4cee3afa
1e0663e0
8817bf28
7c0f3807
4bd4aa04
507e29d2
d9a1ff19
d9fc01bb
ba8ec82b
7db0ab03
6f8c9f40
4dabb6c0
13f33858
4a1fd469
1bf0ffa1
98bbce49
2c455e91
00006c86
00000000
00000000
00000000
8aa5c141
430fdc81
2f5fa5d5
846835be
e020037f
1f1214c0
40e23bee
a0003075
0b50031e
0317ef30
fff97f9f
8e5fe7f0
7ca3bb7f
b18c077e
0d87c837
d4129ff7
f93bfeff
9808bfb3
c0069fe8
b603146b
ce2034d5
d5fc43d0
74e6b7ff
e801117b
00008c0e
00000000
00000000
00000000
f7aca72c
bed07dc3
06567a8e
000a9f60
e404817f
278fe9d0
4030fbc9
de071163
13bc790b
076bffb0
9e3cbf30
21fc8fb3
0a8fdd00
60781d62
f18bd0b1
e4087f01
fe21879e
0fc43800
71e07e0c
c7b9491c
e8ff3cce
c7bff330
9717dbfb
ac6b01da
0000387a
00000000
00000000
00000000
27949222
43f5432e
8e00260c
fe17f00e
4f853cbf
81f9b377
7f0f26b8
2bf9ff23
ee1edeec
0c0a29c0
d6ede400
06bfde80
c01f98c2
32151fc3
c0b113dd
96bd97b4
d3d9b93e
700324bf
2e82bf59
ade697d8
3df07916
24fafe1c
0a0120a1
1cb3c1c9
0000c7c1
00000000
00000000
00000000
e676fa31
db143c0a
979fee55
8623f1e0
fc3335b5
11083648
dea02a14
df7782d0
d5b8fcfe
f58687ff
3fffd003
01ffe700
8a13f7f0
2b23f099
04f47e27
4d67e7e2
03800fb0
3b2b1b7b
439f0abf
fc357e43
d75e8b3c
fa6adda5
8ec3d836
7d65d284
0000758d
00000000
00000000
00000000
4e7e7fed
10811451
332d0037
1f754900
83ff6970
bfcf5c23
408e5ffb
21fc27e1
e3afe3ff
f3367e0f
0e67e3d0
04707c38
306c15c0
8385d0d4
66280703
8323c678
106c6133
f00e6373
d5898bdd
ff3f4a3f
9ffffe83
a527fff1
f768bff5
be8b9836
0000b909
00000000
00000000
00000000
aa13cf8c
0e0553a8
770a3fc5
cbfcfcf9
2153f922
f21974bf
5bfff200
e0cf7a4e
75b513f9
90a7121f
4c15cc04
d714f5c2
320b42d1
3de2ee86
368e606e
743fa811
cece8380
4e7aa08d
18738880
d18715be
83f60841
05b1230f
fa55adc3
47e7e96d
00003dce
00000000
00000000
00000000
25c31467
7c736a6a
e0e36a4b
43fc9a8e
01aa5890
b41755f9
c8e15dd2
14bfbd0b
07d0ffa1
e0ba37fd
f08fd07f
fe54619f
f76a8f6c
5d22f100
caf857a0
55972180
56eb9d48
8cf171dc
0890982b
02024e80
d82298f5
810f84ec
48c4b530
4d3b47ef
0000cbfd
00000000
00000000
00000000
6aa4a4cf
047d2683
bbf882d1
d325f091
a6707ef3
cdabac1a
ccffa52f
1c7cfe80
aa0387ed
9520ec66
d753a200
7e45ef2f
41e02aa9
00870ab2
0ca480bb
df84467f
7f325e5f
428af730
c8290df9
bb00aabf
10dd6afa
d0d0de3f
292601fb
1823d38b
0000393a
00000000
00000000
00000000
9b34d562
6609c40c
8d220c0f
559830d2
81c03520
2a178a07
bbdb9773
43c8eead
fb371dfd
effffe4b
36662fa1
f2bf4775
6e2de5ee
61622d19
0c331c7f
3377c0c7
eac5e416
e11779a1
f7cb085e
3febd1ae
eff7a95a
021f9f32
f817dce9
ddfb9e89
00002ff6
00000000
00000000
00000000
26d4392c
2b6943f5
a93e5609
24f073fe
0a2ede0b
b041aced
8a070e0c
179661be
e805ff16
ff8affff
c057ff5c
221fcf4a
bc482813
5344f275
42464e9a
ea21803f
7f7b266b
6bc23c4a
fc93b21c
d7ec4b33
ee69a803
02ee051c
6359834d
1f4e12d6
0000f15b
00000000
00000000
00000000
c638eb64
84119bc3
685b584c
e2b10e34
bf423973
7cf1e9e4
5f044514
a2fdf2ab
62dfe60f
fab7f470
1fe2d803
60fe2470
8201ed41
22084fd2
b101b031
5e048fc2
8054d8bf
fc818bcf
7db0c83d
df63e343
adfdb455
1a9ff806
2c5df41e
8f27a300
000016d1
00000000
00000000
00000000
da6bb9fb
9df7e831
2d9ed846
04a00e60
7ee3c17e
ffffc36f
6ffe7bc1
8101e3ee
80e40077
00201180
781083de
c380e43f
007082a7
3f038c8a
a5f5f809
0e5efdd8
fcfdd3ee
a1533e13
ff38e1d8
fff1a2ff
bbffaef7
00ddffb4
4458003f
3e225006
00000777
00000000
00000000
00000000
64eca320
3089a4ac
0e63160b
41397692
6069e0f3
f8221f7f
9fe12df3
53ef03aa
377fb053
6df3ff8e
fbd98b7f
27ff473a
9a0b7da0
ef61d730
dd1e086e
0815e1f3
f575781e
420b811a
b44e49a7
8872c91b
f27fdc84
b0eef198
d4c63905
38a332ad
00008c24
00000000
00000000
00000000
76e677ba
54963993
af333a0c
42862054
b0b6c5b6
df6e7f28
e5f38fad
ddfa7fcc
3aada1eb
041eff24
e07efffc
1eaadaf8
e80c7ff2
216070d6
960c04c0
6923f05d
1ed76843
00edf902
80066c64
59a313a9
1f0684cd
7f10b20d
d84cdf7e
a64ad3c4
0000eef1
00000000
00000000
00000000
0d5a1f06
d3ba6a1f
989867c8
390e7806
62fb0580
c700d8a6
be1002fc
0fe1011a
dade0086
7d20680f
fff3001c
dffaf08b
ce7be341
0cf7d677
4b4ffec0
a0f87620
f8d6c073
7da7260f
de409198
60ef1cb1
853aff11
282220d8
e0ec0a19
2d94c2ec
0000df5f
00000000
00000000
00000000
9093d81d
32ea78b6
273db823
0b61261d
05699247
88f95372
e7b78fc5
1937d887
16966f08
aaba9370
f40408af
13005e18
44851509
da70029e
e75ab41e
c0dae734
c76ae7fb
3dcb607f
4161096e
42919c99
d58ccbd6
a00a1558
5cfc4e47
ed78b33d
0000b984
00000000
00000000
00000000
9c3b7f0b
1563b135
639b8c14
a7cf5237
413383a5
ae018fda
4bc02320
e80c0093
9f870735
f7660ebc
87bf21f0
a027820f
2fa46e9c
ddf90b77
07bfc054
e846d606
de93baf8
ec91fbf7
58741a0b
499127b2
d8265ba2
081f07c7
d148af78
a9c52845
000094e7
00000000
00000000
00000000
3b393fe3
1655e386
a3e331e9
74892f7f
8edd6eff
f03d2c0c
c7c7f74f
ab7e39b7
a867c312
c9700830
9f91601b
b8bc4017
f5e09a80
ba5c42bf
a0b1381e
4fc09102
fbe008d8
ff457d03
ede1c315
2374f081
28f8ef3f
e38fc515
f8a34fe1
711dc5a8
0000bb33
00000000
00000000
00000000
0b93ef6b
f6425de6
cf728715
25a4478d
d1fe6bf4
b80bab85
03e15a54
fc751d5f
518a60a6
1d767fe9
81bea7ff
a0457c7f
3f8411fb
9ff90058
117ea6f9
258a34ed
f38e3206
e2258aa7
fed7e42e
c1e16358
9e7bcac1
02cbd934
165dbd3e
ffc95637
0000b05b
00000000
00000000
00000000
1973f579
d1a6577c
01b7bf69
f85f5f7e
1f0e58c0
c0f01d2c
be0e0465
b7f44592
9d8302f7
e1dc000f
c37b2000
efaf5c38
9ffe7a03
837efb36
425cfff7
9757f73c
30ce3f31
c007d3f1
fc0043ff
dfc0049b
9ffc05d4
1eeb6edd
00f7fd5c
3219e22f
00005dae
00000000
00000000
00000000
3efdb8de
66151797
10470a2b
a3f44209
cf5acf80
f170b72f
7bd70f90
d4be786c
39e0f102
4176eff0
c31bf9fe
20091c00
1a43b52a
c8593e1e
81c061f1
f0f6876f
bc9559ff
3b5f5727
d0a137b3
2f80f1e7
443285a1
dc478087
19192133
35ed9a56
000084a9
00000000
00000000
00000000
22de3000
940eb40a
e1b7340c
008d9300
3f10adf4
fffe9f1a
3ffffbc7
987fffc7
f9001fff
071c0007
00134400
f400cfbc
dfe60e19
43cf185a
18da7202
099fffc0
07800f78
30e428ab
3f7cf21f
418fbefc
3794eec7
42fff1f2
0337ff13
457c7fa0
0000f9e5
00000000
00000000
00000000
9db922f8
834f9eb9
e0e79694
ecb29042
22b0e513
22fb681b
161ffc26
fd61bfda
c0ee7fbd
faa2ebfe
5afb15f7
ee6e9d9f
a80428da
f89085dc
f0aa0008
b8523035
f3b36519
1fa7a861
215b01d0
8004c0d6
3d71da1d
4ff2fc68
4e42f7b3
e1392e8a
0000059d
00000000
00000000
00000000
592a9345
a5c0b2c9
128b0fdb
b14451f9
3f3df9e6
c8c6c81a
901d145c
02008107
c6fc0046
fb6a4861
9ff6d2f9
f8ec6fbf
f78c4dcb
a339a79f
e4db9cf1
8a19577c
0112bcf1
c0340967
6400da13
15caf641
2b99a111
111fed74
bcc79ffb
6a3f9dba
000021f6
00000000
00000000
00000000
e6c7446a
0c20f9b3
5f9886d7
6eaa2a27
03b4aa82
aa0bc82c
b7e171c8
a8d7768a
e91c3fc9
7adcc0eb
1ccda606
9209b0e8
c90cb916
a86d449b
2f81d303
96bc258c
f1d8c077
7fae9fac
99ba1c30
517ef48e
2831f280
1d24e2c0
f7ffd514
097006a1
00001949
00000000
00000000
00000000
a0b5d85c
161b0b80
d966410e
f9877bea
03976a4f
60796195
fe8e3102
af5d7326
dd57fe37
7cd2ffe5
6ff823be
5f1d310d
6fb4faa8
9401082b
c883f80c
7c409fe2
8814117e
70743d67
8e04e902
8535df2c
2e1e95e9
53ff3f40
717af6a7
cfc5a3d8
000001ea
00000000
00000000
00000000
e7f47438
306e13a8
0a04413c
bf0a93ed
07ff69a7
7f9e2d85
6ebc6b88
5f4697a4
5a4041a0
809b3fd0
fed3947e
14edde5f
f443bf0b
1500973d
5de985de
55ca4037
3de2e1c7
7792b3c0
ee1b8248
80424aa4
e2b1e6c0
c50d57cd
0fbbf1c1
6392b869
000094cd
00000000
00000000
00000000
046b757a
19945988
fc4e0087
bd279e0f
44842c45
bd50038b
c2068338
979c7ca5
416563ac
d6da9ba4
f27ab35c
070414a0
927f76b0
825ff4bb
0ca77e51
bde61f77
808d0ff0
380002f2
a0c1de2d
8430716f
0980fbe0
c0042318
8b11a730
a861b49e
0000a4fa
00000000
00000000
00000000
1c318dbf
349bb16a
d180f11e
5ffa2013
f8fc0c1f
03bfff40
c46bff5c
1185ffe5
e8101d7e
3fd02203
01fee390
f80ff6f8
fe80f95f
57a2ffc7
6ff8dff8
de1f81f2
6d13f806
0b901781
c1732bfc
fe713bbf
5ff00f47
fcff87b5
1d7ffe19
623977c6
0000ee86
00000000
00000000
00000000
6d068d8f
a4c70d73
fe3e3433
3f4b3e61
e1f844a6
3f0ff4a3
6079f058
2e801a08
2b5e01c0
f237fc1c
7f91dfe7
83fae7fa
1817cefc
60c3bd2b
fa80c2fe
16601c03
019bc1e0
a4955a0e
e2ffffe0
7e87fc3f
aa997ffc
3624dbf8
030c37d5
ca2f982c
0000b0bb
00000000
00000000
00000000
5170dbae
136b74d9
c41746b8
17d34fa1
22ed84e1
747d7e91
5aeaa6ba
823ff74e
ef22777f
f8f3603f
8b7587c0
bc03701f
3e2409e3
61a0d969
73ff3885
f3c87912
0addc6f4
68966597
d11394a8
9f0802cc
8e204892
f0eda0d6
7d1977c0
5a7836aa
00003653
00000000
00000000
00000000
0ec9c822
e869131c
77bb239a
6e5bb500
24794f68
d1fc2141
400f9aed
50c0fc16
12cc87bb
025afc60
f031b9ff
70207fef
cb876d78
bf307f75
9d1723f6
e7eb33cf
c10dde7d
101eb641
23d919cb
c4722723
f80fffac
89586fc9
69d06fcc
fa43a179
000071a5
00000000
00000000
00000000
fd659440
97937c69
09e8c20a
de6dbdfe
7eee1ddf
b7d3986e
3d0c3f29
c9f8c531
0b014417
8b480060
7ffd8187
db1fb81c
1501fa53
d19a03fc
25fc3c26
a48bf0c1
f06cfb8f
df0e3fdb
f9c025ff
ffc0046f
3ffc00d9
8abfd055
e5708c60
b0a3c27f
0000938e
00000000
00000000
00000000
cf10bdf2
206d42ff
836fe2eb
7d32f879
73f65a1b
2095d705
7e20ef2b
787c001e
b957e105
7d0a7c12
3f2ce603
47ff8f00
4fdbd7f1
f7efde83
83deffc4
0da7f1c2
48d9eb0e
4311ffe0
b7a19830
747e2d31
5286d908
50c27c11
655079ff
c59239c7
0000c9c7
00000000
00000000
00000000
3f9d81ea
ed891c59
406d94ab
fe8b4ef7
b3f0950d
3f193567
80f0f8dc
541f048b
07400088
e1ee011c
ffc7385f
0e4ecd81
8023eff8
f8003ee3
17f003f4
7c3f84c6
0185f878
301d37e7
6741f7fb
00713d32
64021fd2
850001fa
38fa42ff
6d0e465c
00003c32
00000000
00000000
00000000
9873b757
8277cdc1
241e5e06
80ccafe8
fc10c13f
07e30400
80380910
e6078055
2ac07803
003e07c0
f004afbe
ff804d3f
a7f80b03
183f8393
d6a3f81c
73e03f87
e3f60fdc
0849585c
000fe202
e000c2b2
a4143056
2adf1718
b8543822
e9888462
0000bc18
00000000
00000000
00000000
76afa1b5
9afc8fca
61517137
037a3412
609c6e40
be02ff3c
87f81fb3
5c81e07b
24f4030a
c463fc38
0c0f7ef0
0dc09b67
e0fc367e
fc11c317
b7a0dca3
aabc1f61
0f7be0e0
bbf0f60e
87849c78
3c0ac4a7
39e07e36
960283fa
f3680e2f
045fc173
00008a0c
00000000
00000000
00000000
3a21d341
c5aeb0d7
80285157
c3e3101f
5cf22ce5
b7828b50
fe7ce08e
84a3d721
4ef803c9
d66f6800
84c12430
ddfe0d79
9771a94b
747ddf37
60f1783f
f0340e86
83279020
f9e09302
27af7dfd
9ddcaade
a7e59789
815cc008
39d24340
09971398
0000eb8e
00000000
00000000
00000000
20cc24e9
5d9d6721
dbe03a5b
3b2f0f2d
79ff9d2b
c21ef5c9
fe0adf64
5ee9dfd7
aa7def9b
01377fef
221b38e7
002401c6
820008d8
78022003
e8604006
a7a6e011
7fbf8903
77d29f67
4f728ed7
3c2ae2fc
0053fdbe
9077f20d
5c7c1a59
44fda880
0000b55f
00000000
00000000
00000000
b7d069a3
f52edfbc
0646fbcb
87207e14
ac0155b6
06e0bbc0
b00c3d97
2a22c308
fee5f997
1d04ffc5
c9d699f8
7fea7153
e6ff1f87
6ae9b643
ebbdefe4
942acebf
15ea1733
6022b283
7700ee14
025015a5
fc90798f
ea4a24a6
2d2e5d50
81a3bdcf
00004c86
00000000
00000000
00000000
4b5b7716
badc8193
182d5aee
eaa70904
f3d07a4d
8f20dbbb
f5f904f5
2406034a
fc6010fa
fe2c018f
fff7405f
e79f971c
57ec4613
68dfe147
07abc613
ea0bbc30
1b847460
3363be36
ca5d43cc
cc1b5d07
1ae55554
bdb662a5
845ce649
0b142148
000039e4
00000000
00000000
00000000
96e4bac0
01b06693
9db4bae9
7e89c7ea
0e04dff9
05f65dba
94ff7489
850ff848
43700f00
07eb8070
b7fae907
ff3fa301
9fdff001
e0b87f31
06811fe7
44850bf8
1210f0e2
c2454100
f76fa578
7d1fd875
4da02a4c
6b5f757c
f47fb7f9
8a5b262b
0000e189
00000000
00000000
00000000
9a94c472
e066ba4c
a83bebb1
e93685ff
1e242a07
01c02648
3fcd0188
7efbc38c
da87007e
fc4c008f
cf0141cc
ff80323f
07c804f0
a33c0033
bb03cf1c
fd103ff8
13a4e373
38f78e33
510b36b6
d301ef2d
8cc06c94
8dcc07da
8601f81e
c55ebc35
0000acf9
00000000
00000000
00000000
d82aab25
0208494c
346be14f
0e05dfc4
e07c47ff
af87d20f
847c388c
f8610fb3
8c0001fa
116f2dbf
e017a3fe
4000d20c
00600740
080b80c1
68b15a9b
e8a3cfff
e7e039ff
1f3eff93
f7f2263e
be380eff
fff9e083
c9cff043
e1a057ff
c7a2d05f
0000eaca
00000000
00000000
00000000
3b31e7ba
76308ea8
ae1a83db
bfd07456
bfe10bed
f87fe8e7
7b03fa35
07f875ab
427fc705
84effc34
1fb3b1a1
c3ff9407
9a18ecf0
20c6a0d7
7d80343d
42f17f60
baf61820
bb4dbcbe
03fc18a0
3ffc74ce
0d7e961e
8849fadf
1db9ae33
817a0e1e
000099d0
00000000
00000000
00000000
2cb2ff84
3f06e9a3
cb595c8b
c0d55bdd
3dffcafb
dfef9038
5cbe7151
810b87b6
7769187f
6ea033c7
82f1f738
9c20e5b3
20e146cf
41069100
cc082013
a6c007bb
e064003e
3f000003
ffea34a0
7f7f833b
7bfbf3f7
a41d6d00
01cf0228
74bc6f20
0000e145
00000000
00000000
00000000
253e33ee
7203ad67
96425f6e
fd0c9dff
ffc3f83f
43fe9227
f00fc1b3
c2007f80
d08081fc
1b801f03
f37880fe
0788e002
000101c1
3d9c1083
49f84006
0dab0988
30c87b40
720d0f7c
ffbbdcff
1ffbf0bf
af407094
3a1c404d
0023fc01
e893ffc0
00009e1d
00000000
00000000
00000000
53546bc7
75345e01
023e83e1
f007203e
1f817101
19f896a0
230f8514
63007818
81de0780
82e7f838
387c6ca3
3bc3724b
3e3c0455
c0f3c7d4
5c5e3c14
3c00e3c1
da8ed67c
f8eb1933
fe06a0dd
cda0172a
9c69d0d7
19bb60a5
be5381ec
45422fc3
0000891c
00000000
00000000
00000000
603c67a7
b5b9bf02
16c181a0
f7e4c03e
4fffa816
00dbfd67
84cfffea
f3d67fe3
e153467f
1f7529c1
01faffee
200f97fc
ff00f87f
ff2e0fcf
97f253f7
f8bf823f
f913f805
8e805f80
81e079f8
7c50360f
5fb04492
cef88186
261d3d99
0d9d326c
0000b91a
00000000
00000000
00000000
b93fa2ec
eabcb846
16f420a7
01e35000
003ecc40
fc07fd4e
cbf07fc7
8507c0fa
097c1f03
61e7c0fc
073e7f80
e047fffe
ff873fef
b7c8c3e7
49888e73
f61c07fd
de1860ff
7fc48087
00500808
03c00840
00700070
0103e010
d2a7df9a
d2f52879
00004df6
00000000
00000000
00000000
619b1679
63dc6fcc
75d1a1c5
bc1764a7
83e22ae5
923eaaee
9bc7ee8e
cdfffc18
125fe344
12fbfe01
7cc42fa0
8bff6cec
a8dff75a
d3c1ff78
37585ef1
7a80dc70
111cc0e0
6166b90e
c4238ccf
3a03425b
d900f2e7
aa027cd4
5ac095da
4e9bfbbd
00000475
00000000
00000000
00000000
ecb60bcd
c943b23b
da61b1c5
fbd6133f
c7f8660d
1c3f5d43
3ce1c0fa
03ff1e69
253ff3e0
d0637f1e
7e04784f
00a0da80
000385e0
00283c22
962607d0
f09df87f
1fabefa7
70fa8fee
c78fe9bc
601ec48f
be03ccba
6c002efe
53cc82f2
d7eda4d7
0000fa59
00000000
00000000
00000000
91e52b6c
8d69ed0f
2db39790
08b40e01
200cadc6
5a840d77
82f81e34
d7cbc750
e1d55c2d
bbd3a3cf
c61f9c5c
07f816c2
047f7300
2a594acd
08fee349
b76f8c05
3361d821
8d3faae2
6c73a3cc
614ad4b7
98017a89
637687e8
303af67a
e6ca36ff
0000cbbe
00000000
00000000
00000000
cfd95e7e
dd7c8ec7
404926de
13ba8898
63b990ac
8833ed55
3c833aec
e7fe2170
e78ff68e
393d3fbc
cbbeeffd
7c6fb7f5
bf632275
cab80a4b
16ea8067
ee06801a
3ece1603
0b47a402
028ad2a0
3eb47697
f58a58df
3eaba5a6
999c6c51
2a96b7d2
0000b83c
00000000
00000000
00000000
8f4ba69a
0f8d4b00
4e2ec4bc
6bb15288
0dc6baa3
94daee48
a0ffd9c4
a9cfc12e
66bffc94
44da73c0
cecf6889
2fbf2e00
2dfef2cb
10179f65
7b29f8fc
27be1b86
0a00f810
900e5159
f0e575ff
f6073ffe
bdb5a527
e75e007f
5301de73
4d1db172
0000b655
00000000
00000000
00000000
16ab6c73
9a2fb93e
050a0675
61ffda6f
c7d0b918
d83935ee
8f413055
15fe0881
0ee7f006
34f07e00
279aebe0
bcceb3e1
1fc3c157
08d51f2f
f20332b0
06e4e300
01c71118
dc579d20
67f4125e
f5e91be5
99f9a771
f9a777dd
fea6e0d0
c87755b6
000058c2
00000000
00000000
00000000
2a8aa7df
cabf0c5f
fd3a3a91
ffe9b605
5bf127bb
047e918a
4e07db73
8e10e959
fe591ff6
d20512ff
04c88861
e0ad28ee
16e3d7f7
a8fbc8f0
35e07e1c
37fa03c8
8975687c
bf857603
1db4c7fd
f62d5cc6
4a93e7a8
7a1cc6b1
383f142a
47ab8330
000059dc
00000000
00000000
00000000
fed262f8
bd99fc9f
d762d104
2d9bc720
b1fce0d8
c007e3a7
df001f8f
adfc4b77
f0ffe177
605dbe0f
04056050
2a082d20
4073b7a0
2cc7f412
9ff4707c
087cf401
208661c0
ffbd529e
bf5fd0f7
ffede3e7
fbfa8d31
ca32d91e
6d0c0002
70e72200
0000bcce
00000000
00000000
00000000
9e46fb1e
716be62c
2af59e3c
57be19d9
5f7f16d8
741b912d
8cc9fbbe
7acac054
de8bfcc5
aa241cd7
b9a5d49c
13bf6fa1
84ed3539
c374ee72
ba599b49
84b99e9e
38839af2
18f9bb13
684b9148
571c3d65
ad982472
baef2513
3a469193
89321129
c5da5874
d7241d0b
96320a48
84ed39db
66651383
6b33ae2b
c1f8c95b
2e186d67
c7f1aadd
3938be99
58497522
2a224a01
1f217e59
ad338c81
646b6d98
24601b7c
a771cb27
d1ac99ea
f1359a25
8cc1e2fe
7d91d153
525b6aed
a73458d5
139009f1
6d511482
9e39dc4f
e827c7f2
200b2286
0e3edc92
c2e8848d
63794ef4
581eb59d
bbd20000
1459dbb2
27f63966
c24b08c5
bc59e98e
9a669803
5c632a38
d76a5cd9
ca2bf193
ad755db7
726629d2
91d4b2f6
7ba76db1
e684da8f
2b9525bf
608b35bc
33935a9f
c9d27dfa
3e38b36c
98a27b80
60bcf16e
0ecf648a
0d87c297
e1a3a42e
e9f1645e
848501a6
af0ea030
519e0844
ad9c8a05
21362795
ff254235
b3a0b37f
61568143
9138f16b
10c54b49
875f5a9f
86c17a34
7b6b3f22
5bc427c0
727940b1
372170ff
5f6a3712
49cea36c
2742dc2f
e260466a
6be7ae64
0173e8ff
55052cb6
55216891
dc4c87a0
bbf53850
7576b037
e05cdee2
6ce5bfa9
7a1510cb
9f3773c1
8837506f
6ed692f3
77653f12
52a90ac2
93abf909
b281c10e
c2199afb
7ede72ef
30d9f10a
675d75c6
bafa3051
357faae5
52586723
d96979c2
58816387
e12f26f6
6fee3e17
96497414
1df48b63
37485d08
7c2a5241
02b91125
af8293dd
b77ec8cc
9b4c41d2
066a04c5
c4b1ded5
d88f69cf
097e0da7
6f3c8fc1
c652f1c9
df5efc93
838c6068
53d769a8
f9f675dd
9f086e72
52c66829
06dd2d7a
413c27cb
e4db4a0a
3271fe5e
3651ce5f
c4ee084d
56620762
600c833f
601dcea8
a493b3e7
c78f9032
98917f61
5b6be2f1
c7998e9c
8fe72ae4
44f5699f
0adae931
005fa24e
bd6a5b37
3bac6517
837f57e5
f65bd7f9
1f6f19b0
31b4c05a
172fba59
e8e38b0d
caf4e7ad
373480d8
56f5bcf5
5b1bf2df
da2da143
71d7ac8d
1d0d103b
11006dea
31a6028c
6c9e73f4
e5674c22
7cafc0ec
7ff3cc89
ebaf40a4
16f7bf2c
68c028d2
426acb7c
d96ebb5e
f9b02af0
d26511e4
a20408f7
00338abb
3e33f5fd
6b0b5ebd
2ec47dc5
95b08144
874d48c4
c4257195
97993385
35a04900
5e9d77a9
09b918cc
fc9a9927
0fb60493
d2ac80f2
9553dd98
2d198029
0fc3dac2
f32b298d
d2057cb8
cd379fba
4c8847ec
9f0bb32b
e106fc82
c37c8c98
7c52ab23
3fd89ac8
5e281cb8
782bc24a
5cbe83f1
9d1b49c3
a5a9f67e
27bcf741
9c74e377
d40978fd
67e8c8c7
9657524f
3631e146
bc021a9c
0bec711b
b071876d
35fc44c8
6d75f902
e8d91669
3c3341be
17f7c130
ce620cbc
51796ff9
cd3e0827
fdcb9a8f
eba0f76f
95b7c18d
42cfb39a
cd902ffa
2a3e3875
78a0c53f
cae61a3f
842eee09
b4c1d38d
dfbeb464
befa6206
5d6a3987
83de8ad2
fe1630f1
b868b840
86ab83e2
b4afd1e5
dbcebdbd
0c30729c
e2f37690
1e88484b
f0b503ed
a4f775e5
98fa4159
2e2dc38a
c781432f
eb3b5dfb
13539e58
e66dc5ab
13184dbc
3d9e0f7f
df4137c5
e14f1cc8
e2d5c6a1
4261f242
477d3277
1b7a279a
a1a8331e
777b07ff
f61e1306
32dc5716
9f9dcd72
fa519c55
421657b3
6a25dc55
78617b51
d14fec46
27420d3c
4bee6e3c
d89176e9
49acd794
20cc4e9c
5edefc6c
504229e0
b116183d
42450b59
8a5f9e22
3c6488a2
65c51241
9be9c3ed
98707e82
0df030c8
6a5b7c34
6118b255
3d23fe66
1366e72a
1f284489
43bbcef3
eeae8a3a
ff877be6
2cf0868a
7e5c1649
7a5f5f5f
f92efc1a
208fd111
6a3db10e
4906c4d1
0c05bcf4
382cb844
6d47ed88
16a2c3ea
13b5e03d
4894c19e
d6cf9f83
4d285a08
7dd3acd0
be7cfa6e
96d8cd78
962e38e9
6d88b2a1
a25fd108
d9416d14
a7b1b80f
3814b72e
70b261e9
42383218
fd84e406
7af7c811
1620b185
01715e7e
386c50d3
b1549b94
b2e43433
71d51ba4
f117fd08
072b8621
9ecb3ba0
7090cfb2
23cd4c9e
7a6f35f5
5081e301
83172d92
683d841c
d9dcac61
8b54de17
3f4c2f2f
90dec045
dccb9bb3
297543d5
1c2bf7c7
f37f9ca8
24008e86
29c3a473
bce9d6f5
d6a49113
ff627e54
5feda8de
43984b51
d1f3c0d6
f642ca51
1d14e715
457dc8cf
009e64bd
b552354c
67a2a403
0391043f
8896c8dc
119f775b
3aa9daf1
9ea2c616
b46c5bfc
6d81e031
24c09d76
3676ac74
bdb49fac
9cd46dd5
c2df1036
71020ed7
c24882ed
932d1326
e1b996c1
44aae13b
634b094a
d0d4cbcd
7291cc9e
17976024
724fcdb6
01ef5393
d90e5474
0386aa97
aeae7fe6
17d99069
66e6b99e
3178c68a
3220bf20
c8351be6
e945e952
cccae8b1
82c6264f
13c5717d
62bb02f2
f98a6919
6dd9b074
8e807b6e
6f9469de
8573c2e2
1551dfdd
c4dddbd6
24f8e318
c3456ac9
a081a736
98c2f43e
5b1f6ba0
e871ad70
c4623b68
a8201118
706647b7
34b74e8a
7094f817
71525c8d
6d2d9a0f
9cc9a84a
29a61bcc
94c020e6
25705802
2e00f5d5
2f496ccf
4d0a4272
e4e4f89f
62386193
a5a1c06d
252e047a
1be1aeef
62192d9f
cacc1cf0
7a5b6bc1
456fc0bd
4b30652a
53c2a06e
dc2e6071
b1e285b7
903ccfdc
7b930f6b
60134389
1685ebf6
d51eb13b
ba10b1ed
1746cba2
494b6431
de1aa79d
385870a9
86569802
00d6d4cf
38702377
0f4a8812
d056e7a1
b21920a7
3788200d
74b204da
7fdc1157
75aae31f
e09d066e
6a31eddc
211cf187
8e85c0cd
a3f61662
abfa40e4
e60bd9e5
6f90a67f
b086c5ce
011d47bd
d184cff1
16f234bf
150ce5e1
8101212c
de255667
75b9bd26
01e9aaa1
1e4d9f5c
e833822d
facac97d
3aa2a888
fbe7eb16
d353eec4
d5762e4b
20c39b8e
8103f528
b3a831d9
43d41928
8c4cfea8
ca4ff8e8
eb3f13fb
f2a7d43a
820e8a5f
319fcd81
b4b9015d
328fa665
4aa81b88
402b976c
563a325f
95f1c157
cecea51a
8487433a
9bbbe520
f3438af6
82d63567
40beaaf0
b26953de
69032e67
dcdc9dce
e830bd19
03664448
821b3f8d
d86fb3cf
60d83b67
cae1a5d3
20b676c7
96a43515
8f1716c0
3390a908
7f0de111
36a59887
6105804a
de981a84
318a7b0e
3896c114
09b5ef0a
e6c4c027
a187f821
0a57d921
b6d5dffd
bd0caa19
a2ff6ed6
74e9d001
50ce1b6b
7a8f50d3
3beb83f6
9adc52f3
63523670
d2e818cb
c6b0f1da
6d383f25
cee08206
9ec8ef88
5f55f6b5
e64c10fe
42d9f3b1
ee4e1017
48327ec1
c2dc6127
2ec5226a
c7bd9362
5afc4235
b2f23023
a8748d78
f68d5eec
075097a7
2f26163d
854cc968
73c6ca2f
0e8d2495
1640cd79
dda76e8e
f47c80ae
66123fca
ca3a704a
cc1fb39f
a2f2c373
fc9de307
4801cd07
e2a70434
0d917ab1
0dfa03bc
36191935
5aca6a67
23875d45
6a6b6966
6d5eb663
f2d585ea
9a5c3896
d5bf673f
0d76c844
72f6e340
c40287ff
6b627fa5
42a5e09b
37245309
8a002cdc
484dbbbb
db48c2b1
8764ce9f
b1d8b335
8365bef7
73ea38ac
f3ac9a46
0f30a0e6
7f9be76e
5f70902c
2bf87b06
06aaf596
6819080a
7ea39f1b
9122ca83
53dca37e
6af556b1
432e72fa
5043d155
30a1b7f3
8bb208b2
d34d9e72
a57f4cd8
25ae1ac6
6ba6ee90
da2ce6b9
2597e0e7
2208870e
e400667e
b591794e
ce41b276
0090b657
fddb9fc3
1962d92a
d8c57597
459df0b1
1f165e63
1a2a2435
d11c4a14
03ced5bc
b8dc5a0a
57b29e2d
1c8b1300
06b672d6
42b72d74
22bfc11b
4e7e0b65
1f2ea1f5
3c54da7f
c4acbd2f
ff75c992
dbfc2548
43ed3095
08ef7499
9ce4ab4e
6588e055
c4012bc4
70cc3591
c4a25451
563294cd
fa1e9918
4d4fda71
a7818911
8cf78ead
f3e5b3f0
79b72a1d
7b4f3f68
3854d2f1
299d0222
bbf5a95d
ba57a949
61ac8365
6b361aed
24ba2965
8534bcc0
40d8d7d7
6f442448
5729859d
1a012f80
31d429e0
86c13714
b5eea615
46f8c35a
b7b3d93f
bcafd962
cbb6283b
8a691663
9cabedb6
05dbe53d
1c7ac8e6
b3e9e613
903b60bd
c442dc6f
7cda410b
b6ee3885
1b71711b
c93f60a7
d57d58a2
e6abbde9
ccf9e2f5
f0440eac
f0ffbf05
aed324b4
1cec4db7
2179f59f
adcda91c
801a055e
c9b4e3d7
7393562f
d25d8217
4b871691
f09fa871
59a76dee
27a9d4cc
2b7aef83
96878f0e
ce93466f
55326882
794bfc78
4f508773
55e70836
3832127e
4ec6be23
adbc82a8
cb6e668d
f2582db4
75b72f22
6c032dac
f00dce00
4b27023c
622a84fb
609721a4
aa38e96b
c412dea9
b6955fdd
86915d3e
d6cc670e
210f35ea
c59f628a
fa157274
f2d68063
30fc483b
24aa8216
16ebfef9
b63f911b
80179ba9
f36c2472
bad0d185
36d576bd
f7eb7a98
0ea0f951
ea8884da
dff37b5c
f1912578
c4f8ed50
2fc282d1
839c218d
196efce9
a15cec88
de5c2ad7
12e7567b
00bf947c
2515dbe0
a563240f
c18928d0
265b41a3
a25158ee
ed5b75c7
44f0f541
83fea8d1
fd28e37f
a3bd32c8
0b4894c8
54fd838c
43aab592
7ef50125
38d78db7
960d3bc6
a35e4582
0d96eb53
0bc15766
4e2b57d7
0509aac1
4a1d49f1
47f0630a
3c7201ba
cbe4f9c7
0275a338
e34c9153
9e0e8497
725ea217
e5d11b10
948771aa
ee1dfc53
a861e841
3f48e1d8
49eb7c3f
bdcc2f4d
39dfaeec
94ee0b09
b79f5f50
ecfbf169
02251a6a
b07a1eef
340618f0
da29ab7f
048523b4
80a65b52
c77d6f17
09ffcd51
37f0a2e8
fa7c398d
f81ec6a5
3a56b536
1694f9b8
2cd11f09
cd4846eb
12a6783f
de582544
eb9a2fdd
ca0722c5
9258d61a
d12acd0c
ea8e18d1
936757a3
98996b36
fefee5cd
86f33687
92895c2e
855429de
718f9e23
2abadfa3
cf27109f
a2272d07
474e7657
7fcb9332
ad182d38
56abbf24
e7536d99
eac41e2e
65f5f4f7
ba43d212
ce02adfb
75876bd3
4a942f28
50915655
dc8c6a03
e3d2f182
2c5e046b
a68a3584
e0fc62c1
27724d0a
bd28dcb5
9b235244
37098982
8cc6b643
e438618f
36e4903a
4b50fb9e
2c1fee11
d1851430
1a984485
e5249e1c
54a31c9a
3caeeabe
7bb4fd28
8de74b1a
fa29c17a
09c9aa64
62fe0f31
e2a2877b
b71ac66a
ede0902b
e3019c08
9a1a1435
9e4d3298
01cd239c
e5c9eae7
ad993a5b
6323322e
32e75bd2
b125ad13
1004de80
9832710e
57ec1bd7
3b659893
49091c60
4ad95ffc
a4dbb9c4
03aff5c5
c8674176
ec4f7c13
c5854728
692dd932
c524ab0a
724574c8
8e953cc5
3531d3d9
777c9cec
37716c1e
1f606709
4f3f82f6
7d78fdab
2c8a0bbb
0542eb45
2ea835c0
9ac6549b
990d22f0
2e1499e6
8ed2c4f6
d82bf662
be1968b1
3dd8a62d
8627d5ee
c379fed9
2c21587c
5eb3fa42
c8a2b71c
bc5b55cd
bfacfd7a
878c6e1d
d06f67d2
a8b81d57
7698ecfe
9ee79a1d
7d0d613a
769c8432
242491cd
bc52204d
bdd174ee
a70187e9
9f0d3fd0
80b73b82
5c2fd3ed
ff042d10
291dbc7e
4b5d0d1b
06c748e6
9c6d5cc4
5255ef5c
c300b886
2261e427
859f8877
a86e5d19
dcbbab6e
d9c59507
c8bd5aff
a0613dca
7141f5b1
eafa8baa
b29cefff
f9675598
baa09b1f
5fe05455
cc8100ae
177a9b1e
e6b78b40
710ccc7b
53496acb
64d1ac56
61b5bbc8
44b0e19c
61e2af77
a17a19e3
99e367f3
c97d06ec
33b126a4
ee4e0f86
a84ccf22
e693d906
f5568a3f
ed272421
5fb23fe6
54d42985
be4a44e1
7a320a9b
c503a312
6cae8927
d79ae27b
1969e8e0
f36cf46a
c6f6750a
dfb70cd7
352e9bb6
9b96c63e
af554668
cce8924e
9f100eaf
ba6e76f6
5d687b9e
2efe2642
efdef020
fb0abc08
982b8d92
ac3bbb75
534f3475
4c21f0ae
cf725583
9f4160cc
74994a3c
a6fb05e5
18e44153
2609db8a
edd9830d
1a21c972
1677057a
f6d667ae
d2104e4d
3b0e0dca
d74346cd
f14b11d8
aec1c243
5205c543
eaff0b54
13737a0f
b02bf73f
5133039a
f2619904
b298781a
dfdd651c
fb749960
d9f7e797
b4957404
2a4d9b7f
17701437
0b2a67f2
a60c8804
ce483601
2b5ee024
b94c36bf
02e63276
c83b8904
786c6b3d
55f5b1cd
77711ab5
3ff643ee
5303aae1
1f8b44ab
3643edcb
f347d5a0
1e8a23b5
b4db3a7a
df6f0471
ef81eb17
df93311c
6b1f0f6a
32eee31f
5025e9cd
bfdf8f9b
4904a724
ebbcafcb
a3fbf425
e83fb12b
13a2d42e
93858776
fc43b933
58e9f924
ace32724
69945a2b
1c6cffec
e2f3a8d4
307a26e5
220351dd
5ebddc44
b9886217
4fe6642a
b1b30083
75501fee
c3474607
52dc3bd9
e30fcd31
cc4e1728
a50952e4
115af237
76f93d5c
d27e23a8
fc6eb18f
fedc41a6
3e8ce3f4
67d6100d
db16dbb6
2ff13ca0
72403e2d
531ca631
882ef0c1
60f0c483
6225c8fd
5953f557
90cbc7e6
468215cd
ebe7e73e
9c895003
518adf59
265f9a50
f9bbfee7
5a6b21eb
f8c080e0
ce9bcdea
996f84b2
32cede46
25d54232
e8edef51
35c8b3a8
22653eb8
c31528b6
7dd2a953
ed0669f6
5757aa8b
afe0a291
8e3634e0
c8f6863d
ecc8896c
369c8e2a
1ac79565
8c565e37
794aa44e
2f8272d1
935f7098
59d926c7
4fc4ebbd
5234581a
f87dd89e
9691dd80
15d292fd
250b9550
d3403eec
027d1142
e0b23e55
ca4f7d83
487a6855
24c9e9b0
eff59987
d2ce9bb6
398dceaf
3491e194
c5153750
1acb2bbf
8419ffb3
b6b75ccd
2a67d6fe
3d1b9e6f
b2325c3a
d7d94b8b
406fd38b
f621c9e5
9e59dd25
e209a296
c0a32de1
c15bd56a
cbb4935d
30209bc0
94c597ed
b9052895
a53f6563
2f0b92de
36406f98
6114f10c
e7b7b745
417d42c8
28a00b87
43f278f6
55575321
749e7910
cdfc722c
720ac225
ca8766a4
39bc495f
2058fdb0
f5d9b3df
27813bce
d6bbfc98
d72f7a44
3b01b376
b0d9c7ae
50ca7685
a7c3498a
2371029f
f6ba2183
be92bdd6
fd7c1aba
3043cc4a
a8e94ca4
03de6905
432ab849
eaa9f924
5bcd1995
a2675c51
993c2546
1b69b7f9
1af7cc27
db7bddcf
4310d009
8861d5bd
e34073a9
92145538
fc15d7a8
69058d1b
98efb71c
0227d404
e00cae11
8f559c24
bb5edde2
03134e54
7ceb5071
3a16211e
6fcfbb05
dad21fcc
dc7fc359
5218540b
ae41c1a7
f8a68b2e
679154dd
dbf3ecdc
2b0005ce
72628815
5a2f9881
8a35ea6f
03b748b7
79fec92e
eb716f1e
6b793d2e
e1e31c38
cd19ec7b
be4fa7a8
55e056d2
bfcabe51
9092b430
3b800910
449c9e75
e81dfcca
ac8d5963
875bdb7c
71bc238b
ba14bec2
dd6f4e84
2be07a2b
6da01cfc
339bcd96
5700c46c
77103546
2d10de9a
28f2fab6
dab79115
42914eb1
e0151cf9
3f50d52d
828cf363
015976e9
c3877722
5822bb74
68ea8805
6c16748e
7a3c0813
9663543f
d413c4a8
3bfd1c93
2000887c
ad5e7636
52efa90b
926238d3
5e4c01e8
878698d3
dd20f7b9
526a684b
d63de1b3
8a7fc64d
75805169
0d3e1786
a71e229f
75e92f1b
78d7fa95
17197c72
5e163511
44190662
04541cb3
f82de52f
2431d9fc
4347a302
e932c7d9
4c50baf0
b1a89fb5
648a60cd
ee02eef6
bd5ac061
52293062
8f9e0924
b9856ba3
296b51cd
d280a2fa
e09e3ed4
5662cc9e
c91886e1
f170b994
800e540f
63a49be4
39b78bbb
224816f8
5f92dd9b
f388fd92
753fed41
fbf4d695
a07517b9
1038efb3
ef5fc5c9
d87d233f
49af7660
a16d1a73
ba172664
85ee1d99
17eba029
d65b35de
8e30604b
59f2431b
9245e986
8cd96740
902ee32b
e76ba1c2
50e869f3
20a30012
96f2dc56
668b51cb
c828775f
63656b56
f654bf05
9c746380
61688722
c64005a9
4e8701c6
db275eda
da375938
2ec68167
e495058b
be4a052c
3035ec83
25e14142
46d294dd
d51bbba8
8824161f
752cc8a9
e303c185
c20915b1
c0540792
ad405687
75f938c9
e94d03f7
c24e5db0
44226f24
b0900228
dfbfc6e2
02fe3d59
7557adef
e2c5cf03
21ed38f2
dc226e48
293006a8
62e99898
495bf2dc
963e6b05
f5e5090f
62f6a3ba
88a61b78
1547a614
6d7db75f
d0562b61
b81b0b42
551fbe18
65ce8359
2ea5d09f
3d6bb671
6e37c22d
3516671a
25f5c633
e4678a10
53a6088c
283e3fe0
235f15e9
6f109829
1d5f9a38
bf58f4c5
20dc8610
4ca599c8
2536fcac
bc118b03
218e9b3e
17c89a33
b79a12a2
35474e09
9eb14a13
7642297b
8b6b9a8b
3836047a
c78baf79
a8c984ef
2f51ca2c
a3ea0889
e5c358fc
c963b834
3a8b4c0c
5cd9fa8f
99737d08
c3c884cd
fd782583
94a0b812
1ded50d0
5775cf3f
b871ec10
839e3849
59e4f4a8
664a8386
dadd1250
b349d9bb
813c4bc6
7dc9dfb5
480d04bc
1871d5b9
e89b1008
a72e3334
675135ac
17d30c70
87831bd8
a7564dda
25d40f22
336cccc0
55dfde61
0a079b5d
07368a8f
1fe0537c
7d397a7f
c0e7b060
f9d32126
99131f08
559b48b6
ce20c893
ad5b5be7
a4ea84ad
ccbca4a3
4e774adf
3c70beb1
a67a7f16
adb9a86a
569a9f02
cb8df131
9a8da99a
9637c4c1
ff1bc63d
38d928f7
5ace1669
67ad51b6
68e5c14e
568f14eb
75e94dc6
47fb9b41
edfb2288
a8767925
4951a584
6e6d35ca
df364e40
d3d25a13
24bfa16c
7d75a4b9
725aa3ca
1bfbeef8
35d62212
507f3a47
58641370
ddc9564c
0098ea62
eb17b885
cb9b3072
9f797a05
2d8b90af
05e01df3
c1c944e8
5724ea95
52f206e4
9ce67f5e
96dd4f31
174917c3
96682e67
a8d699e5
7e95e907
647c24bb
df5c1b5a
14e5e7d0
6d6ec3e7
556ae5c2
4b2ee730
cae3b15e
45ef5e25
e9ed629b
2934e698
26eaac44
408888af
553c41f4
a565b916
f92df3e0
ccdd5b83
6ed37e31
5995c83d
9991295e
0d81a323
7f3a4cc1
f4069487
cd122316
5d8c2a1c
7b0b1440
41ce0b12
5a35a1c8
3dbbaaae
e24eb9f1
e821b6bb
db50e677
4ff6787a
ced19d6c
89a6b5c1
822fea3e
42ce63b4
f3418dcc
061c3a7b
e6b5b29e
28ee7dd3
e0b4751d
09cc9584
47d231ac
9a3476f4
af55d101
0120fe60
47d916ec
3ff1b3ce
b3a2f1d6
956541b4
25efcf33
c7850d69
84a7363f
a9d354bf
88aa4572
f2ae9d13
78cadf32
ac1fa43a
e03d1ab9
3288f0b7
f5ada997
385b5acc
68f355d5
d11ba73d
79c6342e
64090a27
e8540728
27383e51
55722b00
6f618fba
597486c3
170a2a76
14ca143f
2333b35f
e9ada65c
63eb3fb9
e4be05ac
3f7b49b7
7621a079
d04ca8ae
421cb1ac
caa3ba48
801821c4
b8bc8fc6
beda52a0
3c20649f
4fe37666
05ecae3e
f6886013
49f62770
cf90193d
21474f5b
701d50b7
7296a437
12cca0d2
7a4887e4
40137a04
03fd07f3
7abede62
db17d276
d8085e77
b9d20101
b0e4f049
1b70b83e
6992ad7b
f0dfd16e
500484e1
21ce20e9
437ac819
31debb37
dcf61697
468b9862
4548861a
ed5ef2fb
a27cc8ee
7da920da
a7310f50
0341a8f6
59a1961a
904dc3b3
68884731
730f54bb
f89a55d2
18aa4c79
980fe1ba
cf55375d
11a56505
66e4b8a4
b5684ba4
bc7ebcee
d4aae292
ddcdcc66
ac91012b
291ad506
24f1e30b
117220c0
2086ba79
3c09d378
342c768f
9ac13a93
ed08b8ad
54d22676
73ec2b60
6f05994c
dcd228e5
92f288db
a6f445f7
d08b149b
25f9edad
33864fc6
94d32279
47a9cc51
7ffd233f
faf4d016
6a38649b
d3175053
7ada3c1e
dff2d7fa
7b518911
b2cc107d
1e8f1edb
7bfcc993
12467ea7
2faf6943
22d0877d
1e4665e5
a5a42322
009b65f2
4a2e0eb7
56c3f432
efbfdf2d
f083a396
c3860cc8
d0b1c572
38dff41d
fd1a658d
f8eb4665
a20a0b4e
19187d30
963a6256
eb9301f2
49610f70
28d5d5c5
6a06b8e1
23b020b9
775090cd
68592c43
0a145359
7541ce0c
9f40cdb6
38872ba8
15388d35
bffc8682
fe9276bf
38a4f816
3e409843
e29772ad
d028d277
10144979
b5fbb52d
b7108aea
c26af689
95655877
4502df32
c2ab66ca
ee7a33b9
29407d12
e0e70c13
76785c7b
bdd7954a
9d3c745c
bae63224
61341a6f
dab47a1f
e1df15a9
b60c4768
d7c2d5f2
feb2a6ae
251f24d5
078f35fe
b6ac040a
b1c9c211
237b7a56
bedc8a62
d15717f6
71379f6d
b27437c4
7a580010
f6de0017
cebd5fb8
dabc01ca
c2ff4edc
e9874235
c5de0810
572dbee4
f894828e
b87dcc1e
4d915dd7
3e2b47c9
bdd592e1
c3897922
65eb18da
945fe8a0
5b2a1b69
87deeeb9
df0e4df2
b11a77d5
444c802b
fb0b2762
c73a904a
6221e65f
8630d030
2ca86034
f25033c5
33cdee9b
35dd924d
04068e8a
efbebe87
1736fae5
842a7cc8
e251417d
df136368
9da16a43
5acb657a
635e2e3d
9bf8a530
c9d09b89
f70d3a85
e2b60ada
00961431
b6c7303a
f296455d
ffa626e8
82d15a76
081eea94
a133ea32
7270c8c4
8facda21
19b1118d
ed030ac7
85d30fca
3f52eedc
665d8437
cac44f48
4695893f
d57cce80
5c0fab88
65f0969c
766656a0
a0664975
05a6b6b1
b4a7687a
e455cff9
fd387076
97113837
f648f099
de3caee2
b5a862ce
02ebdbbc
08605e5f
b8b8d3c8
035aecf5
0963bb42
4cb9e6de
75f93ccb
589074b2
1cd5189b
1cc22663
ceb911f2
a74d4e3c
3dddcdac
42898f23
02bc3991
5b27b54d
68a076f7
02d45c01
15094c6a
1d82f516
1c6c23a9
34cb8d85
79f7b3ba
405d6784
11f2dc07
4c049465
dd081af6
d86a8035
8092446d
cef3b905
5a5383f1
c868f6f2
550e9a7c
c16293bb
45866a62
e6fe8a17
29467386
238fdf73
560d9c38
24935d58
d579c8ce
fa3d6354
45bd0825
3918f417
c975fe96
cd02745e
c400e36b
27188c27
ed5abf6a
36de53f9
ccd0a2e4
0688b706
69e98299
091e669b
a104fd33
f516d2de
7f613467
085157d4
f4ed8e77
82955ba1
379377d8
0f4f7e16
bd4aa872
501f0d9c
72410bc3
29012100
ca36473c
ef02bf9b
41aef0ba
9868372a
d289fc96
45afa465
111895fc
b34285f1
c2914c71
78ab79ac
c811c797
b7c3ea48
489bf7cf
099b2517
4071d3d2
54dee5ef
f024c389
a19757b5
9b3d54fa
6a944e2c
80951e3d
6940dd76
e8faab6b
5aea683d
66619930
7af74b3b
6077b787
cc77c8a1
a084ef4d
b846bd34
ffa02dfa
8e1a2327
8c0b98e5
1ca0b72b
4bad06d7
9fa4d812
81c3677a
b7d0e2ec
2045616a
378c6bc2
5b259af0
7e3ca87e
cafaef89
b86f40d4
2fa97902
b2b6525a
9aedb002
544b06ab
def759a7
4fa88be2
ad169677
cc0bf1a6
abae9e59
08742ec9
9085791c
3e112089
e31ac152
2eaee114
af687098
9d752a7f
73e8fd48
b3235661
51544ba3
721bd9aa
66c13c99
2cdd6d3d
b8d4734c
f93ccd15
e66a4196
7123098f
f50a09b3
24926884
2ade17df
f624c61b
73e10490
f04bedb0
619d5791
7ae7737f
7a28044d
5908dfd1
280e1416
e57efc4d
7e5fdae8
78a69a09
6d136f4a
92dfc412
194e27e6
2d110617
a021d3d7
055d9f23
294cdb18
01b1b935
3998b573
4c45d6b8
3a6fcb6e
0ea26df1
452bac20
a3b68ef8
6a8c5d3f
2a5d494b
1a85164d
c85fdf51
f0c6568f
4d9d68ed
676eb08a
84121dea
ac647162
0028a522
9a207246
ad10d64e
ffa81970
0113a34d
45137bec
1ca6bd02
5cbc2c63
e5b4d76e
fe4f1c80
fb525da6
c51e3477
3d8bdb5a
8ee26d25
206a620e
a0a48fa5
05f6e03e
8f5a0078
eae3f6c5
bcff9025
cac9ff43
9761d83b
2abaa383
81405b12
82043176
c4973e5b
a90062f8
9a1fd56f
bded34ae
a9f2bb30
27486074
60ad0af1
407577da
7428a7f7
7824a903
52921a99
d982f939
955d6447
378a60c6
21b16080
0a2107fd
25e2218f
6b6fcac3
5fdb5a42
7c74c8eb
35fc5d4e
7354f7c4
347067ab
484a41b3
58cf9f0d
76493463
a5a1f683
d05ba0a8
59880c3a
3b12db34
c02c7baf
fe0f0351
6481ee68
221e2e33
9b8698a6
346c008a
6dd6ca49
e009714c
bdd9dffe
66058559
4d3bf760
e901f040
4a42da89
dc2ad55f
d7586055
f6cb834c
8fff76d3
b778815a
18400aad
3f583261
3a1bb264
581b7cf1
625a1910
4dfa0b9c
b9f6bde3
ce6dd5bb
a19b4f4d
988ee068
dd53b9cf
efd8ab82
651ceca6
529fb1ad
c46fcefb
d5890d21
d580a772
859d82ee
bc1d6584
b7abaaa2
bc5575e0
a11563b0
bb43f684
62c0bc29
a7cc6711
860698e1
28ec8701
13ad5391
898c03c4
b671dd84
202dbb83
13a5a943
70a8748b
cf0c749b
7df949c4
fc447783
a68a14c9
f98ed685
1ec64d60
1c01d832
4eda8dd6
8e692a14
51ad7b7f
1c9e3711
602f6f28
3ff783ff
6e283de2
4c2b2f3d
dd8a0627
c63f0ac5
b172f68d
fafa0776
c2b8d6e2
eea44fbf
32c39ad1
c0c5d596
24c4361f
fbe6ec3a
fdc454d9
90a6d671
244a0d4e
50f4f24f
064a71b8
bb668a3d
41771bca
8be00c5b
1dcef2e2
6587b0a7
b7aa491f
2b4edbc0
28cc1273
0370c8a4
d51a835c
fd2db2b2
5f35933e
31a42281
5d1c0927
dcf676a8
ee0e6f6c
64cfcc1f
57a6a6c8
a8d69f74
8b484c46
abad6293
92b1e242
21cc1c0a
7be5d68f
4cc70766
7cf0f9fb
b2791c98
22d5a304
33bc9b3f
176663b2
c079e491
c47f391a
55a7be83
d2ac882f
63489d7c
0c3842fc
32ca3960
3ba7468c
9c323d15
a809f970
d0f9724b
0b7b0166
94ef7e56
8770715c
09b6e9df
4165b6b4
885a9cca
4a6c5852
a2228f19
826f1b79
69118143
ceb80cc8
3eff86ce
95496e81
d62ed1c4
8c5acf7e
7d8fa25b
4913be4c
193b384c
037bde42
5b96fd03
549888d1
f22f8655
ffc47f3b
0e92d71c
0e268f3d
70d0af75
1956343b
367b2c99
51619c9a
3d941b19
db235485
d676d9a5
90afd2ea
388e8868
8eda54d2
b7d42da7
b61a9ecb
a6c8bd0f
5fcc0655
d4fe5832
5101e51a
ad15cefd
040c11ae
3580e3ab
e8a942bb
996eea5f
b0a34511
f6a907f3
80caa515
6aa367c7
e5986ab7
7e26f1ba
f4a733a9
fc6bcce5
31ccb6a1
aa120e2c
d137da70
432bc3ae
bbf5b7d5
ce77ce48
10f11b8e
26e25b2c
81cb3607
0e65578b
dd4a98f5
18c014a1
886bdf81
d3718993
aded8645
5fe3eb35
20c1d6e8
fb87ff83
d5c51709
f1995dea
df1cac8c
4c3ac319
4202a5cf
7abe31f6
cc328758
40abd427
d27c6912
be9b858b
b5a12f08
9ceba562
d886b6af
a918f9a1
ef6fa377
f8f65fa6
5cb4f8d8
4975ce5e
c3cdb3fe
ec6397a0
112894c9
c59d1e88
5b02c3be
10c54d51
42a41f25
ec0640b3
ed75bfda
b20140dc
b3471160
8c43ca21
6670b754
db46f993
a17e6d18
982c7d1a
17b0da0d
cafe5c55
2af41356
0c04ef1b
7b612993
b0d17ba5
f7ce5881
6aae37a1
fd9271a9
598c8cc9
99079dfe
4fec78ba
c02c33c6
48a06dbe
515371cd
8105d4b6
75f9c5d2
4911c4d6
8c4cb681
694995f4
e65f5192
32301a80
7d90e735
751f516e
5724eeb6
005fc279
3921e129
79754244
a77969a4
1cc39aea
5fd5b828
587ee6e2
f4c796ef
588de9d8
bf59bdba
a44f8e41
f11838d1
0b55d2f1
096f4081
796677cf
3bf09386
db2c58c1
471d0d50
0033ec92
8a943c88
877b8e01
3313a7f3
b19a7514
da34bc01
388e541e
265f2826
4809d846
0ebd1249
abbab38f
3f1a80ca
515b7fcc
4ea24137
84fc3e27
88e26cdb
36ba00c7
916f05d3
2871564c
5c11d24c
c6d39054
6a1a483a
f761eb0e
94c7b89a
16866e63
29df4e0c
c2431df4
a5f74501
7b3cb5d4
03c0fc87
f8945a65
15583c4f
7c4c6ed4
6d417180
71cfd12d
5d33e3f9
f9bbc387
ed82d8d0
ae159dc1
15cb32e4
97475504
08e25d1f
3f73b13c
4d0b1ef2
969d7632
ca2ef16f
2917898c
e1f466e8
583a4098
8d3c729c
c3b90b62
1e494368
e2da9ceb
bdb8b7d3
0aae3262
23a81f7d
8bc1c1d1
2b03f564
b8bda7e5
cb47140e
7be6ee62
1f524bf1
12247f14
267ec19c
d575c881
7f4525ba
ad304265
4e02b386
b58b91ff
0cb5f6f6
0dbe5d43
9eb9cecf
a173bec5
995d3ad5
20a9d3bc
c41e2a59
7187acf7
8ea7d425
8062ece9
acdf8052
24382566
b57b6632
e188a053
ff7dfcf8
c8511050
dfb6aefa
7ee5a29b
c2fa6b68
df27e51c
f8022971
630b469b
60e67e1b
609496b7
c5931a7c
d0ecc6c8
381cc5ad
18be75c1
6d61a708
c15b0239
6ff5690e
fbb4a96e
c5d8d826
3b841aef
8b0cb96e
1873fc47
86531171
09c9700e
545ce074
5a2aba32
57fa862b
75db4a0d
c5a277f4
7055c464
51fef785
8d3821d1
2ea914cc
ef9f1cb6
399a107a
243e2391
66b24b37
0e1e4d86
783ae88e
a14c8f27
b784a090
6defe0ed
df293897
6b71cbaf
3e30f10a
d5e31fb8
3b132a2a
7090877d
e7dca489
99534825
135e868b
893322cd
52509c36
e765254c
192a6abf
93afd24e
f260d61b
7978ab37
edbb2757
212c63f8
6d992f57
644460f4
2e59056d
61d2cd4b
7f08198c
9106746e
0fc70464
3196c9c9
69740ff2
4e733807
a167ee91
a933a7e3
3c9484cb
e9dfbceb
65517048
d6c71ab9
2514a853
fd6ecd08
13856ea9
c17db251
3727b183
abc27e67
209fccf1
60124145
955c7edd
60113295
0aa79881
f2f79bc4
b18cc88b
21bffedc
c321a648
4564bec0
9cfebdfb
ca3279d0
2d4ddeb2
3f870849
3990c0ec
d59010be
6fe50e58
3432ab3b
f7d44f70
29e7ebb3
7584d2d2
cb59b1fa
764a67c7
7acc9423
6ed05c51
98d6fd3d
c02ecb67
f654ef0e
a9ed03a5
073c0c05
b19b8f8a
1b6e3afe
c9cbe018
69144dbf
2a045ea8
168d97ec
02c2da38
bb689da7
43c7dbf7
c329f6be
33e05caf
043cf288
edcadcac
913f3318
f30da0b6
2f9de65f
c7842af4
2ed6aa77
f7880c1d
6a620a1d
58eb30a3
19fc9f4b
94c2448b
3523178e
41a882d4
d950df50
a8251d29
34e5d70c
fc7aa7ae
e5e86d2f
18fed7c3
c8226b09
76ba3dd2
e6460c00
2458e32d
fff9e42f
8150952a
26c1a3c7
6b713bcc
c6df429c
ff063147
db81d093
51ad6a74
6577e250
f11553a3
295f678f
72f47668
c0bee17f
840c529f
23fd43bf
7b24f825
05d80a64
947c9b65
4926014a
e981329c
bd56632e
1e8640c7
c0b4ea0c
24c897c1
217fb84e
a32eecae
ee6aa160
a2f62e0c
c35c0263
886ce19e
4557f86c
dbf928f3
e70c0a77
470d0b1c
64a42aa2
2575f79a
30394370
3d9af24c
d49cb986
730529e6
c44edeec
acdd4606
20092387
c7532296
d8e7ccdd
8490302a
f32cdb83
d0fb3800
332b5849
301b3e50
c71fd424
29c16d6a
8b4721e0
8213a9dd
965b1658
bcad1402
edfb8820
30c00070
c9b790e7
5c07342b
667c789e
b6117cfd
95c35c6a
1f68ec9c
bcebaf46
57b3ca66
2d3f1182
0ee78a40
0f25afc8
0bae953e
e5c6eb50
bc9b9300
a945258e
257fb11d
4fa341f9
0d92e814
bc48ec71
39e6fe7f
0a97d746
a127c0c3
a2ddf1dc
de54769f
36fdcc84
8c882c46
1fba464e
9a629b94
04b977e8
9f2dc6ff
227ec9e2
3a775ec9
49835094
946ccd7f
7e261760
4aecb43f
34414801
a6e50d0b
0aa6a799
f811893e
a0c3081b
4fb4f02c
45a46b64
b1a0ef09
2fd4536b
5876a51a
6868654b
4d049757
8e84e060
e8e72395
d7b3f1e2
a0745e1d
72cdf10a
d254cb93
439af78b
d1074b82
33f022ef
cac7861e
519edc0e
76d9573e
b69d8d0e
9dab1cb8
fc83357d
a047beaf
ad5c9fe1
f5fb8227
c8945fee
fecdd9a8
4c61c862
d5d82f9e
f26cbbbb
d98074c9
af972e9d
914ba5b4
85d52c73
d2a41eb3
ac238c11
627f3fc6
3099527a
af418d34
c8e1df02
4abcf84d
fd84f9b3
a0732512
732c2fd8
d4f06d6d
883e5445
cc5f2487
763644e7
fe544533
7bb8a02c
b940abb6
18ab5b88
1f1839c4
65e9a73c
7f6fbef3
ca50c693
1effde67
780542ec
9eb57eba
4344035c
93673fea
8eae2310
594d2e77
018e0e39
69b7604f
d8a619c4
84baeffe
2e87f645
fb4e85cf
af066106
07f1b957
46c0d063
50124a59
9f0254f3
0555974d
6821bb9a
f90359b0
1555819f
5cce240d
d47598d7
4b2cc636
947cee1a
fb42fae4
909f6792
f3ae6b22
6d2b23e8
fb8fb0b9
c8870039
af76967e
c8b474fb
4fea3e45
8ee9b840
8341af6f
cffd8bfe
d4e1ac2a
682e8bab
6720e3cf
41861be2
e4b67539
3f829563
28f587a9
e5c0c057
3f619511
7f81b662
06d1963d
f4149eea
1a069887
0a29f1da
daa5eaa7
211d15ad
cb966654
d192ca08
08f2064e
3e6fda8e
2c716b27
8452185c
1c5c7fdd
3cf55464
c694f24e
cb681998
8029f5cb
7ced84b7
59c0bd05
0db16a60
76b343fc
0b8ba3bd
cd6f01d8
a03f294b
f6d3f800
969f7e78
bc90e204
b7481250
1b71a937
1a13d056
63459326
6da89bfa
6ebc5d1b
002afba7
b139f516
b66fedc0
32936a07
505f1fa6
b3d29b58
e6bdee71
35feca0b
e45b0cf2
c0e16105
b2585bf1
328c65b7
b43523a3
d8857597
0a51fc61
69119891
176b3fa3
78f660c9
f122c3af
eb9544fd
be659bb4
9ffca0b6
a234b191
1c3fcd8c
ad738aab
d2445806
20c7a63a
9bff078e
31ad5929
c0f1730b
bb36deca
18ae511f
dbfd9f54
b5ebca2b
21f6e509
86c1087f
e8c28f27
c368bf73
a450923a
d2593e04
4bd129b8
a88650ad
c64b0505
494dfb70
c4c7e454
c9993b6e
af1bfe73
8c3837df
b7b5a008
6da1ccb2
4d23f3b3
03661ae8
b87959ed
ad731861
40923ad5
edefa9ee
ad9b03fb
cac7eb0d
3e48f562
77eb686b
4ce03cb3
8c6275b4
b2fdb4f5
040214ea
19198fcb
5c06e6f2
4bbc6d17
efb7a980
3142d5aa
dbf7118a
88c82044
2fde3053
1ae05bed
8e5e1d98
052f0700
29b0f3a8
af9dc679
bb204ea3
42abcbe5
d0efcea4
6fce50d9
9898bbc7
2db42758
7ef1c89f
c71625d3
1d5f960a
e6458c7f
bab78766
3be87a5b
0e117360
a437c3c2
c02060e8
0d1f736d
7075cc7e
e0cf4a88
c67bb9c6
cc09a329
6f718154
77966e82
78e36853
43fc9c74
9a59c404
18a6f2c5
5a815a13
d79a7953
a2836598
af69f92b
1048241f
6c96d97f
38e119e6
b7d6ca65
52af7ba7
ae0718b0
98695bd8
8f792fe3
ff7c1b83
e657b251
383b9e19
96c26b37
0d771248
04610155
b9805770
e158f150
f226f97a
bf99f1ae
4aafc849
cfebca88
efa24048
95ad4361
ab7a392d
ca5e9f21
ae153d3a
831ae959
d1476f6e
fd5f8f49
50546da1
44a2d649
9059e038
043a76e2
0038e167
ae44c542
da2d5f73
2b177814
ecb05a55
9e99e5c5
f8bcd4f7
ddf54889
221411bc
9e367391
e4da0313
5663649e
7d371e14
d8d128f8
9e6b8b3a
4f88a7f5
4c1d5996
7e9b783d
0411d510
7686c91c
52a44111
9f6c59e5
5d7d4332
9bade419
468db345
e25b566e
0b931142
647c3079
2a0e5d06
af14a0e7
8c31ccc6
ed59ea79
c19dbb50
6cf05f0c
e725cae9
88058436
decc357a
1836af84
e875c934
9441726c
a8a28210
d1498df1
142b6880
f0999232
4256d98d
ef6c9a2b
bc4bcb4a
ea3abb89
b5c160d2
8964596c
5f2ef135
ee0eb38e
47209790
c9e39a36
2340d197
71f5f429
febd017b
3be58fed
1e25b6ea
3097275e
91e426d5
35ea7f31
9a2c4693
8e63e6fa
2137b785
79500748
18f44266
5947fc87
d00c3b91
bac3656f
88425279
3f9d28d0
35191bd6
73bdd5f0
9a325537
5d92d5e1
f82d2984
35537fb3
8700461b
aef9207a
9dadcd70
7e9afc15
70efa132
d60b8270
50762b32
b25b1fae
1771f596
fa7a94d2
b93df3ae
4df7ab04
63c3e16b
ab03d84a
0fadcdf6
fea982c6
0d57d6a8
197e77f6
55f85ac2
90a45fd4
756ecfa8
109ecd3e
5fccb8e4
3dd54a34
476346ac
581396fc
20ab37e4
a9f35160
5ca99566
dd281ac2
800abe7f
2273e3a5
613ea279
798cd5fe
c606dfa6
9c244a79
8d1353c8
8438be6f
9f520bc5
7adc8d03
76d6f8d8
5414d89f
4e2e78bb
35807333
d6338c7d
001d54a8
54b9b1e8
3e108eee
10097343
ac71568d
4a78ddca
751f4298
0cad639e
3bbeb51c
610aed27
2844254c
95030101
6b5dee31
58ce33ab
06d1b582
4554c2f7
14658e73
29246487
378aef7c
3e152a34
9ea6e508
1d3f4055
d4e5db93
c1823ac1
8187eb72
525564ea
8d82548d
4d7597f5
5d261a7f
245a8d10
4eb5bbfc
a25703db
21ec84c8
70301bdc
6a7c23e5
ccf3460c
531d6fc9
1f43dab7
5d220ddd
c4af94c5
fdc11d80
9c4a0acd
8301f678
2cf5a61a
fb19e425
0828a5fa
884bab9c
dc6257e6
c04cfd74
c5131b24
3f455631
cc6180d7
ebc2fa6b
b3cf337d
5921688f
8c9be4bd
4eab47a2
8f44e68b
0764371c
0dbf31b5
f192b601
a9aa345e
288fd4c9
3724b8b4
1cf328f2
16058481
9f0f80e2
e64489f1
21ba56f9
69b31618
8e29e4e8
20d0aa34
5386f564
0348b15e
0987144b
5cbc4380
277762b1
0f9d71f0
0e4d91e6
6cc00f72
5bfbf49e
ed806fae
3993aa8e
4017ee1e
f74e5124
5fe54368
804000be
a9f2db1e
1fad3961
4962cbed
6755d7f1
2fad78f3
723914a1
5cafc288
7c61b612
ef67baff
51bf4822
98962da9
f23d94a9
cec7f387
4e18d827
cef9d084
6600b464
d711f124
2ff1538b
e43dab44
5abf7636
154bf343
ad51a828
e5512b19
76af5b83
82863fb1
eca27f0e
d36a7d64
155243b8
b41eaa9e
b7aa245d
6f1f70d6
cc0d894c
e09ce3fc
774da100
23974378
a9eb09a2
add6a926
ab0232c9
b14d8418
ee0dfde7
79821de0
fa8aa9cc
60939535
2f15842d
f821995f
09ff7146
596a4d58
1c7577f7
4c6ee034
9c82b7d3
bf541db1
8fe4c681
8ae49b3c
5b1782fd
dd39e200
56ffbfe9
6a08b851
cb7f36f9
8e3eeeef
faffcc03
e26f4c6f
bea2e633
ef6a5109
0ee43cef
60bab504
6293992e
8232945e
3b92cc14
30a2d3b6
91987c47
daa12b33
fbf59ec4
99acb2fc
5d2aef10
32828a31
b20f08fe
6003573e
02d5138d
dd44dd77
f0606337
b91a6e1c
06c62e6d
01183cda
c7687340
01f78909
ff13ba7f
f17df6ac
7c2b30d9
98d76039
6bf7773f
a56a960e
329f71b5
cbccfe4c
b602f430
ddae5c47
beab2c9e
43f5516b
8da9dde0
180eeecf
72380f75
14e287bb
43be17bf
c4b78f67
b489a1c3
2291633a
92438667
b428e429
103ba724
dcf7295d
c00a3b4a
c528627d
f2bd7b54
1e681761
a273068e
5ef6f95a
9ac18394
4ac4703e
b1730c7b
7d22f96c
df3be38b
975ddba1
ec570439
c5360aaf
8e41fa2f
593bd83e
2691eb56
c47f2508
b52a648f
76eaa9de
26d4c1fd
c6df1145
d0bdfcaf
ad5595f6
6264d9ac
565ef02d
4d41908d
08aad51a
ad000461
67857190
9cc8c0a9
2060dc7d
9df8bc90
9935476d
c2950715
2f4e0eb8
5a1ea8c2
96080520
f0cfc404
bbd09028
369c043e
66b3dcf6
7554c13b
3c622e07
18c8ee56
838be671
a0f47d19
0d6a81ec
84714ac8
b686d058
de32dd5b
5c35f879
00d7eaca
bac7cb42
639d93c2
5a7b56e5
48f892f8
bc209f3b
d6f9aba7
e66abf97
60e7ec4e
aaeb48b6
dad70dab
c56eaa4b
409f6b51
6881e6fe
4bac4926
30e73901
eb6f7e66
d966afe5
f5241fbd
203aa717
a1ac260a
16cefcae
4d41f047
9d0d30bc
336abb24
c522b16e
9b33e32e
72a32ccf
490d1661
a24ae3d1
87ba08dc
357314c6
fd6041f1
ca8b47ff
7b41e4ea
7a541fd5
111e97a4
4f945836
14ca92eb
1b1e0abe
7d2897da
bf9517b9
7edc6295
45825c84
399bc257
f4579571
4e182c00
e3f26895
05cd48f0
1961fdec
ed503abb
1f2ff611
d5e3ac61
02bc320c
405a9097
c16fa4a2
c0a81b9e
8cc1b986
b3fba2b4
7f8bf139
d96dfc89
93a292f7
89359b4f
9d5519d7
691bf394
eb28be46
a8c79c6a
4b8ba8f7
8936e341
7ee7d0f1
9f89baaa
d3a592e1
49819a9a
2293df9b
10a0cc92
0236d5e0
5613165c
c641078b
909c4b91
c25cee5e
c1e10bf2
ac66cdef
d986f379
b7f09b4b
faf0703b
124ce1da
704371c5
f98b6a09
9723d923
3fe33658
745d2150
678bb3d4
f9a4abda
47296ad6
19ed7334
630b11e0
984e4459
21dcea18
20bca03d
26cc15c9
c6f69064
31441642
8f8fff84
5766b74a
d3de1948
4f1415b2
f4ba1607
b41c69ff
ed07f08c
13fe2af4
1f21b32a
ad22b224
dd4108c0
c8bd353d
f472dd52
b3b0c752
1ccd1e28
ed51a6d5
e55e1c17
d5f26f11
ede70e9e
8308692b
f4fd025a
94cbdc88
f72b4ccf
04a94c9a
e6a73f7b
beadfd05
755d61bb
4272cb88
684232e0
fd7c2816
f920b009
77e12ba5
f3775ea3
8fb9cd9d
5be41a5b
28af58e2
5a97280c
0112d8b5
bdff8b81
e5da7255
c99002d6
84766861
4ef902fe
83c1d990
962d2a86
13db32e5
0eb71538
8bf9c5a3
fa69bedb
955b1004
ab98d77e
8a50a992
f3d545b3
9fe6b5be
f2745895
e12e5b71
d84b1e09
ef6a98ae
2dfecf09
d036acfa
3fd9a28c
7777b3a4
65a4a458
4d890e61
4a62ceeb
1eeb920e
a1a8f788
5ae48b91
621558d5
7b1fef15
44c7eb8c
2f3b9baf
60b82a7e
c8ed5a77
d0941ee2
860698b5
4691ba38
eb9a096c
e1a4c3af
c924dc84
93d233f4
89089e83
bbaa1572
b83a758b
58bf66bd
4fef67f4
1eb46312
0af5e4ce
cc382e4c
1c6211ee
cf00494e
aa5d0242
ba3b668e
01f1fbbf
18cdb740
0f10413a
677f8117
85a2f3df
11caef32
3b8e41a0
a72798e1
20360659
2e1e9c2d
05c26da4
a8105585
7f105e0e
5ecd59cc
69112b85
95255705
31ff2248
5e9b43b7
35803a7e
1d90d902
09d614e5
f24de666
83ce6729
fcdba03c
0e0b9ee4
f26a30dd
de8dfa37
4883d5e2
e7da0268
5faa022d
a526690e
603a6cc5
7ef87539
7e9a3789
5cb8659d
377cfaad
c19b0c11
0c399890
84a11f0f
fc9661b6
419c604c
8541cac9
ac517972
e1bd8b08
c18f8add
222c9d3b
0e773556
4b84bf2a
eb079034
550a23b8
b38e84bc
36e9edf4
aa8ad200
701f513a
14678ba6
ee6f1800
05b6f13a
0be8cfcc
57fb3054
99741ce5
1b60560f
fde985e3
174452f0
96bdb82e
0dd8f6b7
6d26a0bd
342517a9
14ca45ee
c99661ca
54fca72c
666c319a
4f9238cc
3b4f6f39
844b99b5
9dad9d08
ad310774
e9a110d1
6fb4fffc
a6bb8007
9b8b3d27
f138b17c
4d642b17
fb490938
d5489f8e
436b2582
b19f2c6a
7f142711
bd083f41
9e69f6c6
6e21aa99
a7b13853
5bdd575b
5602c724
3d49841a
5cb2e8ba
089a7094
835a2795
12a6ae41
04a085cd
e27ecd47
86b0b842
691bf6c4
23f96db6
0ebbc0af
2640bcf1
0559486c
1d74f4f6
65b01dbb
3b627afb
554b88b0
57591d7f
79a941bd
9af5d608
ae633cb7
2c64de90
2ee22824
31ea1d95
3772725f
d10684c7
2b6bdac4
84db82b5
18e0fb9c
ea3ac4aa
92709d26
394d2bd5
ce8ddb47
0963fabb
47c43890
250492e4
76f53643
dfab0338
b63116f3
5c2a6982
06f1ca38
925c5fd0
61b620cd
db35c73c
9359141f
77b2ffe8
34e35dbe
cd57387d
0d4d948e
c330f8d3
f27b75a6
712bc4c8
6fa12909
4eb31c85
cf236df9
935833c7
e99b59ff
95e40235
f8a28823
402ff7cb
82885291
4e4acf95
40c2c756
9b0dd56e
d92a1b8b
baf0c58b
50a6291c
80022f09
b459151d
dcd4e5f3
be591a18
85d495f0
0e8e1577
15d6c2dd
0a1de203
ccf2a64b
675a942c
c092e44c
1cbed8b1
3e5e5ea7
d810d551
56802701
23396ae5
916f28f2
8f21e2ca
3f4f009d
4c0a99dd
970a1b88
e492a5cc
cd232778
a6519167
3815f629
55b7ed5a
f2822619
70df3e88
6758acf8
18fd7fbd
9d7d7905
654943e1
7ba11ba9
62c24c06
b6c28492
77e07a4c
17c7a48b
77a4dffe
6251c576
828a606d
99723976
0e7d06f2
f77b595e
230b3870
6766ba03
6016c848
9832825a
44944cd4
46bba642
5ab1a563
2a2b84b5
4dbb591e
653d1925
54799093
1084655d
ad34beaa
08547106
b7da4204
cd8fffb3
d3ab57d2
53a3b95a
8f2d4254
90531cb9
103a9dff
30161c3b
c9c39c99
d253c6d8
93009dba
9c29c82f
c5e79335
845233b3
42f9c8dd
913c8d76
c319d111
9281f60c
aa96b297
06a8b945
f560e25c
3c738761
1d5c3ab8
f3c849a7
012b9703
14e7ddee
f2e45c06
6d80dd4e
99a7fc7d
15b830d5
13165732
d1522eaa
2ee6fe78
f80b5dc1
26826971
f73c69fa
a77d8910
5c10aaa0
94c66e43
f97fcdff
4d651b63
f308c5d3
4b697212
5cb8caa1
09bfd1c6
dee0e63e
55dbbfb2
f6d8837e
9a0faadb
97870cd1
9c81e337
9ec5f283
a482f385
6fe947db
2c96bbec
c5e5cca0
6b6d58ce
8099e66c
ea654b90
53a042d9
87ddae98
f90eee9c
c4e41f56
61890919
ea829477
a1bd858c
b24dc290
1f653771
0073328a
8698ea24
dbc64133
e366ed40
b16954a1
dfdc996c
0eef6245
b1b326e8
e56a33e4
848f0301
630d3318
5cfcfbfb
20418527
274b1b6c
ef66a663
b199fd55
0b616d3c
6af5de91
95ebe1cb
2d60af37
271253af
eaf40125
3e652caf
08da5eaa
736364d8
d057c4e0
8d0685d9
f8e6c1b4
ef0b5a6a
a6a8179b
c3950aab
d4e2638d
bfd2e4c3
128b203b
5a334dd4
8dea4fe2
a629aacd
2ea8928d
2a68cf27
87d6b2be
3c47ec74
0eea4e73
d2311dd0
402f339a
220c252f
7c8bbe28
f10669a9
d98f730d
6c9a1ac6
a4b03dd0
c8a9678d
65a8e9d5
7a81e315
cfce7028
0875c6a4
803061a5
76c2e794
73e154a8
4d0c2435
48c96e6b
7e05096c
5008ffbf
585f2d61
6c980276
7fb7831f
961db16f
159ccb93
ae9a427d
8b1c273e
022030ef
683ce108
4ea9c5c1
d2214a1f
3ef27473
b0e8e76a
12407876
afc0ee16
b93f10e5
430b9c7e
26ff493a
fa2fea70
526a5766
eccc82df
d29762ee
a9ed54d7
521ee6d3
cdbb02ba
9ddc8579
0d4997a9
668c09f6
02e06c50
dc101133
a5d4e5e7
6d158424
a76ea4a5
392fb81b
e2f5a153
ae733646
94cd9766
8c5e3a4c
49087670
dbc6daa4
a9dd2212
93ac2188
cc94b972
7364900a
fed815dd
72b99800
86079355
2afd85d1
6af8a3ee
cd567313
a81cf1fa
0e72b42d
dcc8f59b
2eeafd59
ef5c734b
f80c5ffa
10e4e344
0b38066e
8208662a
374677b9
2cca604f
846b0416
5be9b2d7
98b94019
81efd773
51b51301
a562a0db
88c16050
0b14c9f4
81633c90
b2af806f
f2439740
feeb3136
83df8e82
2c007c26
1bad4856
e7739977
a57cbf79
16938db1
8971e12e
f456dc95
9285bedf
69bcbf5e
64804781
c19e77b5
3199a9eb
e08dc4f7
39ca42ce
af05c146
1cd3fbc1
130c8b67
9ac91278
1f393607
ae6a2fc4
386dfac8
e1069a17
1d911148
4392c0aa
96236619
8cba293f
26e88219
33c767ed
6276ca6b
a3f291fc
9a78ea46
96d71233
c6c97be4
969801f7
597d4670
4ee53935
82ad0929
d0acfef7
27b6404d
74ab9def
3e4b354c
42e0c385
17592dc9
611ad93b
635fe2e2
55620c4d
7852e00b
4119b03c
f55f6dbd
d15b54ce
8f949623
9df87af0
4d15564e
30333e93
b981aa17
747c482c
7f8df81a
6ebfa432
94ee2909
20f286b5
0bfe1e88
2f7cbcba
ae9f4189
8341bd1c
d8f59df0
72bcd2c2
c568c455
26f6a99c
861aeea2
d8c667b5
a4361514
bdc44dd6
49d019ce
41220b45
96277f37
49643b30
3e34770c
4e54d79a
5e4fc531
9f0da8dc
3050a14a
ac578402
a65c5479
16c022ed
dabf000b
d1d46731
33839a2a
efa0436f
7a89b00a
3ae65313
5dfdb798
e13b3705
2ba7bf48
219b392d
92198e54
9744b39c
30ddbd64
76fc6ad4
0c9a9455
6ce0c900
86058ff1
5ade6729
1c785880
de43fd36
8cd019ce
e97227c5
9f2b6db5
69a49d10
f6dce3af
ec548da9
8c4a9bac
b4cd7cd6
0938a95a
5c4a6721
0fd92223
cfc84bec
5623644a
3af4c6a2
dd815a2a
c690d329
5b8f902a
908e1a09
49717bec
f67f3f70
3b80b06b
f6da31df
1e2aeb3c
00227ac7
f22cdf13
bd60fcfe
f8bc86b3
e7e41588
5bc66fba
4dd7efe1
900c7c78
6e5e1a29
4026d1a1
5d4823ee
a1750a15
428af6a1
88a3f5a6
148d5eba
4efe9cd5
b981f4f3
82b9f847
4f993b36
631a7386
e28cab1b
7d8ce9e2
577fdf36
d1206658
0bd39452
4c803868
c5f29f1d
b569a8ce
18dfb48c
da4f5444
fbbc3932
1f993d51
b4dad5f8
af41649a
758194d0
2351cd85
36bc205d
7b5cb47b
62a02642
9a00cf33
20641a76
57ddee54
74dd29b0
11249945
3c60a2ca
83bb020f
098f4eb1
6c995362
6a8a6b67
1b5196a1
bc682d6b
bef88118
21038e56
2671eafb
38a5f806
d13aa752
611e28fa
fc772bb9
ac5920b6
62396c41
ee7ac0f8
acda1446
cb78fccd
5efbbb16
6df3c5e1
0428abca
59dfd789
2d07d8be
28e7456a
3f518ce9
67c162b0
4e70b385
85682824
3b5cc7c9
c1400a8e
8550e997
e348c5b4
67761fa8
823e20f6
70c2c4d3
8b76e290
96b53956
e842ced9
335f91de
09949754
957efcda
a29d1971
46f53f45
a04b1b9b
b11bfcb7
a7133860
68e5ac57
4d9f239b
80b6a8e9
cffd6b33
db62fe49
04dc0617
061c310a
ce60a72a
94fabe0a
f688c77e
bc8f8a22
9e074969
c9c9acfe
99cbe19d
938c13f9
65eb8657
c89d737e
ce2c5920
4e6d8ede
25998adc
8375fed2
88684581
37d826d9
f1c1cbb2
40044edb
dcf55dbd
be0709f3
61d97e58
b8dee068
bf75a425
c977df60
f6fd8ee8
d70a23ae
ba47e336
bb6f0c2e
94e5e744
48fe2575
5373587e
7e73de88
781bf480
c28ec245
8727089b
0f37b4c8
cdc0772f
4014fc2d
3e3cdc28
cff3d85f
540039af
23e7803d
85ef7798
a88106d2
20cff112
2263b34b
49436134
04f88d74
fc4a5c7c
26775b05
a2193ec0
ab2af1fa
eb4dd32f
71c95943
4baa6cd2
f1e69aed
8f1d7a56
85fb1793
1649c05d
6a077ff2
098e5c1e
9f13ba70
95e7314c
15db6d64
9b5e1b27
c3341c5d
916bf8f8
843091a5
080eee18
f276244e
d731e0c5
0cc73092
edb3f657
dad977e3
65e4a005
65218bef
eb559d1f
dc06be87
557e9923
45250499
5866e5c0
dd080758
8e49dea6
37bb2d49
a89c28d0
c1921428
f07c0224
5fab431b
423ccc15
df7e5bf1
2a788732
3ba8a69b
341121cd
d32cbc6e
11aeb0ec
4d26ed00
3082ca33
b2150caa
6881157e
00955745
dd40bd33
93606325
47067e1e
c59e2c6d
81190df2
c7707348
29e388a9
fd159b7d
c56ff08c
fdae24d9
18807a31
abe737ee
a56ab686
af9f61b5
ca6cdc7f
bac2e631
dc8f5c07
aeab2c86
41f11166
0ab3ffc0
aa6ce6de
f2280661
16e29290
43bc163f
ccb33f27
b4c9b182
54925fb2
86b4176b
11e5f5dc
e60e9d6d
b4d9e3bf
ffd3b0ac
1c107ca9
828db6b7
24fab71e
fdd8dd5c
74cf3929
1880886d
f1c1ae8c
894f44a9
bb1497f6
7444ccf2
35ea50de
ac56d4c4
3f200b63
a358ae34
c62a90a6
82f9a69b
698fd374
fcfd6c13
61c66abf
fa77238e
2e006f2a
20624645
d7401eb9
a99b1e87
bd6af6c4
2e7e32b7
f26d3381
9060564c
ab70a796
d6d6283b
13b6d496
69bf7140
ef5a93e1
5b68f010
f555aae9
62e67ac6
e3a6f628
22d3fe81
d25aef5d
a660a9f0
0333e484
3d8bc0f7
a50dbfd3
55a84907
a230533e
64d8fc02
a64fed22
388e10e8
1d86f622
d00c6c52
a5088be6
4091c258
c6ae9319
ace065cc
1a2909f4
ae8f51a9
f15a46d6
361b5749
588cc650
793f8ee5
7b90709b
12c8ba55
580040fc
968338bd
9e2d0dd8
f8293912
f1bd88c8
c1ed5beb
dd22415f
0e6e7232
ea9d0812
cde87d8f
ead48aac
ca262de5
eaf630b2
cc0d110b
458f397a
c3a53fc1
329bd407
91f64805
f7da1177
2a251663
1a150580
9d8a84b7
dc9fd9bf
55fc747c
449a71f4
51eb0b72
c0257649
300cdfe7
e291c3fa
43666030
33c1d5c5
cf238ce5
052414bd
6b78b45e
7d409550
8c10d50d
77639e4e
5d599e8c
f54aabb5
15e2c304
376fa298
c293772f
998328d4
1c82c823
3d965379
99625761
9c425b21
705ba22d
014a8ec6
5223b299
846cda95
d933a5da
c49fae6e
f0b615bc
a5467966
e35a4891
7ef020c9
9ad29d0f
1afc74b2
3c71b824
93a6abc2
c1d933c6
b3df5a9c
a45ca044
11314ddf
2f5b90b7
5e4523c8
a4770e36
4f322aa7
6b5d3bce
8bda2fb7
91e24b04
3b68a04e
de785134
a8db82cf
3e8efe84
41a06aa8
bd423ee4
3b4f8568
58cc5581
a44ec4a0
cfa132fd
130851ae
78e63e5a
7cb48e64
d5459808
d163d878
a04565dd
6f2feab1
bda10f61
7c706bbc
7975c61e
bcdf6110
26ddb4e2
22dc09ca
ca063849
bf78b9f9
1479196f
0c29bd9e
fc5dc394
5805d6c9
4bd795df
b582dc11
93e96b85
3bfda838
58004b9d
b3a9899f
0d07ad46
60da2270
9acb643b
8c03662d
3dd7af23
0c611ace
022b5a59
a4307a1f
5893d34e
5292b764
aea7985e
48ae2819
45b87395
a87987a3
1aa7ed8f
46a025d7
7236df4f
354ae0b9
eb03e88f
91c8f7ed
6da3aaa8
9a31114c
59e636d4
e7f1c36e
30cc1b4d
5f3ca668
544baf12
1bc7a970
aadfd61d
af0faefe
72fec039
0483bd75
08b64522
4db061e7
d9b8d428
d58c7fec
80f3f98a
412f1ce9
24d6d27f
84167534
a0b5d042
1194b0d8
a0d00dd7
9b43c581
a31095b8
dd105eca
4040f0bc
5c0bfbba
9ec3bc26
cab7e77a
cbc75ba0
36475089
a83ca55c
ff85a7de
2d09ae09
f698d5e7
010ad7b0
216f5bee
7bd78b09
64d25ba0
03a95d34
848eff8e
f9d62a59
e5feaae4
36d1a148
c2ff4b81
18705fcc
4022c33a
7a5998cc
748de775
ffaa8590
6a71af8c
857f6ec1
f8795bf0
79f6539b
a59516b8
d0bedfb2
2ee1f86d
10d039ea
e215e731
ab7fe7d6
afd239db
eac764cc
76b58bd0
4af15a39
c0a5c6ff
6834918d
04c81427
de0e7d4b
9470158c
1596d4d4
a0852999
86f53fa1
01b9eaad
1328ce09
6bf935c6
1840c876
151644a4
154365b4
8843c4c8
9f63c174
88fe8fc0
515e55dd
a00a9fc5
641b8a21
ed38ef5e
ddff6c1f
20cd6092
5f9acd48
a3aa256f
a31e2c51
876403e7
3b28884e
8b95d379
10c7d2f5
6190a43b
3bc54041
e734954f
8799fe85
909224af
395d9b3b
733485ef
e97397e3
355de1f4
4de6d6e9
9f631b97
40ce5616
456df250
80ba6f2c
6cfdda6b
0fdd7d6e
8de8b0df
7958eefb
191c0259
5a996023
76bc8d16
8e279b6e
401e07ea
f85fc0be
91667260
8a876195
5dba2db5
4ce0dc9f
8862f6ad
1408b78a
54479151
fc71867a
fce4659c
35da94fb
cb3b266e
55b1b7ce
2ac1da08
c496c9ec
e60801d8
46002332
25672fe4
751f0201
1ebdaadc
14e7a0a2
03e8287f
52f3caee
0d88cca3
fcf883ff
8dd5d1ef
648df31b
4ce7b03d
7cecb9ab
55f5af0c
696ddee8
98ccd5fb
242c40b7
819030ae
ab96a0b4
55de76cb
d6197055
9e7ab00a
a80d162b
d6e2c392
d08eb82b
b3a470f8
4e929d64
cbbb068f
06e95e8d
83e0f6ec
e8940bae
04f335d0
a7650610
d6d7e179
93a7bf0f
9e7dca1a
50c60bcc
5f801c18
12329dc3
18e372a5
b9871c62
dc2fe617
3c97325e
07b13e96
c4bf21c3
c3db090f
6126d4e7
f4af97bc
e70851b2
b4b6f5ba
883a72b7
165a13cb
62a55507
d7eb0161
08d3b66d
4813185f
7d9edf1b
5cf02f29
348ead2b
5a0fa02d
bf057a8e
75cedad5
1ed63b0e
f5f0d1b0
054f0ab7
4f2d61f5
724d1276
4584d793
8f3fe0a1
b69c1a75
fa33a489
da779452
91ee1be6
9eecba96
01b141be
9bf5f38b
e0aebce7
428f8718
e089deb8
3ef440c7
5cc8e34a
be08e4ae
f0275aa3
99423164
87cf3410
e9efeca0
8139f8da
c6f75c99
450eb2c4
12eb5e36
6eeb005a
9c6ea52e
a849e0a1
1444ce14
b4178bf0
7a06efed
a652b76c
c7839c36
2b567b2c
4171a9a8
6b2ecdf6
b2cef2b7
924d06ce
5fc81226
7331254c
91449683
9a79fee5
b3e56864
14ac9757
aac210af
312d3723
7c315c49
8929fe0d
2ea088fd
c5d72016
e5c9accd
40464b76
84f51ad7
15b2abda
a285049c
662c7494
b6e11dca
6e8702e6
d3887439
2bd77e4e
2870a1b8
f5df8bd9
77cd6bba
72bec565
5c469530
4bbeda18
eb35bb1d
91aa66f5
3bbef094
83c8bee8
a9d992ab
24152313
88a79286
727ba2d8
083c7364
243dc2a8
16601a76
b9391665
1968ac42
f815e6aa
94543a3a
ac8efb40
4ff100b7
45d68ce1
b074039d
1174f2bb
0ac103d4
c6ae31c4
fcf794d3
3d590705
b9281656
2ffba122
9f6fb158
9d317426
ad0ef02e
ccaefb6b
650bac35
fbe65af9
92b4ddae
8a9f8765
957fe092
5defb643
840860df
e97f2755
ef50d0ff
60c00ba7
69ffee67
9c6de2a1
7f8c17ca
9aa5add2
dfa68e74
e1a1972e
52a0b40c
a5db348e
5ea4b1b0
b74d2e7d
f6ab6310
a935d133
607cd7f3
871d4599
39cb2e70
f181df3a
23c8275d
ea6fb4df
3d184ad3
93aa1677
391c21de
fee7a866
1f6a5bca
3465816e
2cd3f3c3
e2bd1c37
28fecce5
ad94d4b5
aeb61a7d
1d4ab3bd
38ec0851
97633914
fb919057
d175a472
1163d938
64de2b89
c916e82a
a0b778bc
642829ee
1c8f0e2f
5285164d
c45a0671
f976fee6
6cb9a012
9cba3da4
1df3425d
6b993154
0276e25b
50f50cdd
b212264a
01d250b0
e17e0b69
17782c39
3efeea9e
31e3652d
2784c0fc
1f1fd992
6ca38623
876f5145
cf1e2976
53194f92
194e2c7d
4bf384eb
dc000515
e1641990
259da845
b4348400
22ed8994
65f3f136
e6e2e707
323e66ba
236ec95b
7360c514
102136e6
9ab7ccfb
cf7d53ed
720838f9
9363c05f
2da0a5ab
5c3dc6c9
e176d187
19b567de
55223be6
d84cc949
1c92cdb1
9b032c15
5dc525e0
3ff54675
1f6b06e3
808bc86c
50a1b4a4
0cb16467
f5fcd8e8
5441329d
48cb99f5
ea24e6ac
4234fee1
15c65c26
db4ed782
e42ac2ba
9cca775c
22b0ee4e
190ee445
f2b4c020
e6d4d042
00da509f
5ca7b39a
0f801b00
04bc1ea7
23946630
16f8e72a
b5f88d4a
f689b376
ec892a4c
dc069cfb
d3d3ceb7
345e49d9
f2ce035d
15d9cfd1
04cfa15c
c1751b2c
61652ea3
87bc6b5c
d345efdb
3579638b
b6cd941b
eca266b6
d6214e7c
d16f5b3d
42999d31
f1d5f849
02dfe649
5f7ca4c9
c9777b59
300e48e8
138c23b3
43c09767
702c4632
bf65e5c4
41eaa575
5c11791f
98dc9a3d
86deb8b4
4304eb58
633728c8
561e0317
cd1d44a3
236a33e5
edf3615c
c1986e8f
56657b50
90f3a2fa
a30be659
a98dea84
5e60988c
9e64325d
a84b884d
f2067422
1398db68
69660d4b
df3f8dce
74cb48d8
e6b917d0
6cb8da3e
fc91d5a6
017843f3
b9ae33e9
9d47e5a4
c72bdd13
bde1f547
2285e3f8
24d56a64
6a3d85f6
9b6c587f
e2d4838d
963b45fc
cfec0d96
392ebe73
21b65c63
5fc01b55
5dba668c
181acd8f
e1dd82c1
a1ff9696
49cf53f4
56a8de62
57d2e6b2
7aa674d2
4bac3c48
fb39f794
82893930
a366e6dc
49b88695
75554c58
c97aff77
d310869e
b53c1f30
fb18cca2
16db8d57
e74c9023
d891181f
48dab0ae
754d1c32
1fcd4b67
680810de
c68aaa38
b1df5796
e22b8ad3
5f3b14c5
fb7d14b1
1bb1b354
e4dcf8a5
6ec64e48
f520c7dc
67670aa3
3975c524
bb04fdec
385a9bb2
89f96aec
6b2d254b
b6add29e
b52245d7
15063a3b
0e77c32c
28a18ede
506ff1c9
c2289a04
3a75ef81
094a3e88
503606fe
a4942880
cdef0c03
396ba1e9
42d9c846
ef51e5d7
694eab53
bc1fe464
c972a972
df6403aa
4f035aa1
a53d8259
556452e5
94616f1a
3c0ccb70
cd218a70
49343c3b
2c126b62
c1e12360
26012408
5c324535
74a4b939
1b0fb746
e12224a7
1288744f
d52d78fd
b5da972d
3d73a6e4
3a8386dc
0c38783e
726f7b77
f09193d6
b42a56fa
34b5f924
eb30613d
bc79cc93
96e20907
5d2c9659
74d0dcd4
639a019a
09afb7da
58a1c207
449fbcfb
94e162ae
7049f5cb
33a5c256
94a56b9d
94c4fef4
a655a427
45014d7a
27c6bb64
6d97c480
f90a4166
818da6e7
6a3a9f86
bbe8deaa
e29cd6a9
991d9881
adb7b57f
4765085d
754c9e8c
98f1d3af
f13ed221
de29321b
917a57ca
230c7039
c3f6427e
49434a2b
b0fb65d1
4e3e8845
8ce09a5f
293b437b
99d5127d
f99f3d09
e48272f5
8ecd47f0
4cf2dcc4
95d0afc3
06d0a05a
6389324a
6c58ed38
43bbc312
2c892852
a897c97c
dc83192a
f10a3fd6
72d437f4
ed5fd122
d4264877
9834cc62
f56b36cc
4f0b44f3
81a99d46
e7026895
7a40d38e
3841c1d5
ce0857c3
237a5851
0ae22c5b
35591fb4
1ee02a1e
845f5366
c92e668f
070b4b64
17b80ad5
282e89a2
4f308566
0f25e3bf
56f9ab14
8df9d402
700ffc57
293ba7d5
0a825d05
3239323c
0882457d
a7daf829
d6c31d53
0202be6b
48bfcf1f
f5ef96b4
f5e3d749
ddff0066
cccf3137
4b6f7af7
7e2a2aab
46859b4f
d9326e18
ac913077
e8a0f208
7a52900e
e3941d3a
d9e405ab
f7f64d8d
814b7ce5
2e38d3c3
fda2bf6e
1bcbbbb8
a71fc3ab
8b1731ed
9e378eec
282aa81d
04d16d02
76d67c04
dba2d404
b7519696
0a04378f
77917735
1b9056f4
5a92d14d
fa834059
16aa593a
2b367431
fa964efa
9b57ddc5
f00e8129
2247dec6
523b7cc9
af0c2ed1
c27e93a2
8ccac74a
ffc2952f
01b74875
e232cc93
dbf26372
9e90a88e
04f82098
7760fdce
d4c1cb94
512e09e7
5de7d69e
d51fd476
07561ebd
33568593
3fdf3fa4
1c4a3179
e849f2a7
a939db63
6823a2af
8056feac
3e8b72e9
d051dd56
95cda5e0
6afe182c
d92495d9
858e1bfc
915df898
a6dd1d87
c2881c40
fd224295
067e3f94
592029b0
87410f34
50429288
ebf9b364
f5e4252b
a9ebed98
fb37109d
d6d0bcbf
8ffb5a09
2db3e284
c2af88c7
ff72e937
d8ad628c
dbd49a47
13db43d0
1b31472c
1e986bbc
67c753a8
5753ec30
5e4594e8
4d742c68
cf1b7c39
b62a0f3c
1fa9b7fd
13e67b06
fde1a7ee
99295242
85aa3edd
68ebe66a
b13532d1
0d86cbe4
b3705d14
ff27705a
37f174e3
8941b65a
a2e80e06
af144492
b82fcf82
d8c1c9fa
1f34b972
4a822c45
09b6718d
b9a38466
563bbdfa
dd39e141
85c3a7ae
19425a21
6a4cd17c
e7b33dd0
a47151f0
2feb6b5e
4cb8c894
39d2607f
4b1a5c40
f1530681
7b4a3df8
84532a8f
ec5d5dc2
870a5859
de1a1478
2509c29c
b85bb268
75b10dcd
c6263b80
997593ad
aad04075
dd89c158
33c2508d
481612b6
2ab1372c
67007da5
741eb598
1906f01a
f41bfcb4
3e5f6e0e
109bf48b
291492f5
5da26b50
815e618b
2430194b
6ca2f986
ad6e74d4
4df2a694
86d818e3
02ba8f2d
b1c6ac56
87b03309
6ee12592
b917aac7
a00e7164
8836dc60
cf2d6a69
0464bb46
90113104
ca746ebb
8b7ef91b
cd767da5
da60cb96
3dad0d5e
21f0bd90
80949e49
5e770cf5
e4ee7265
9152481f
b87f9e9e
91627393
d4989f28
72e6ca50
355eecf7
7012729d
c69d9b37
dea5b9b3
98e8eea0
cfc73a36
6af219ef
a435d4e7
c9066629
f42d6d1b
6e8878f3
c94ee2aa
25f5dfc6
1081698d
65c78e46
6fc9f6ab
65493021
35d23563
5e61f73b
53b5e402
f7f25c5b
e3841521
be4c0a20
d4b42638
08706695
efee75c1
e7af8f6e
3b82562e
aefe7f9c
8e94957a
136963d6
28dfa0b5
0aa0d777
5a6438f9
52996510
48396318
86575d33
32403e2e
d09af7ae
92f10360
345dc049
559ae38f
e31558a7
6ec29095
5d845826
3990e949
77f0adb4
2dc14179
5af73852
2b030ac2
4c367e2a
197686ad
4f908388
4cbfeafa
4297e01a
383db887
21449751
f11a0871
c4c3164a
e19529dd
f3382a36
d686abd9
6c70f24f
c7144196
af560236
aca33add
163e45b5
4b11666a
e87deec8
fb0fc502
28761714
bc323877
599a7da0
63bc35bd
89d520a3
bb471d58
9270a9ec
657b64a5
38f90c52
fd0ac42c
1f661b68
2df0b18a
6ca2dbdb
cf7a346d
8a615db6
d2b28678
eda8d005
5885f204
a918d9e8
557ed7b1
22c6b708
73687703
435dd1b5
9e7702c0
ef54459c
f0fe569b
8a146ebe
4dc078e2
615ef9e4
fcb79b6d
8e575eff
19ab1e12
6c6fbc44
cc58c11a
b45dbb63
12ddc35d
5a984660
91b211c6
14d1b22e
44b2a2b8
3da48139
ba31c318
65f26f24
1cb3533a
252d2d3b
69f4e1fa
6f009fc0
43ea3df4
c27bf8ab
f78d7398
a68fd279
e6f5d137
6cbafec9
bbf9389b
239c0031
7677e326
03fc1e7a
3a5624a5
430a176b
01bbbbf9
be3efcca
059729a3
a6c4fac6
1c40e666
7ec77227
383ceba3
9499c3c5
34fba69a
3f117289
6492f890
ec6f91d1
131e3263
6fc54013
9c456b5d
fd1a063c
7c0b532a
f68f60c7
d44df7e1
0302f2fd
e8cc834c
7a9e518e
87225312
d26b89f3
f660cb7a
ca8efc11
7f81905c
5aff1f47
79382656
0f9019b9
3fa5d76c
ad5d2acb
e5e0c16b
a9285f73
146f44d3
6ccc308e
031fd908
4d05081a
8100e595
24943e66
27375210
420afbaf
257c3a71
f1fb8078
158844a1
b8bd1788
49146894
614b8e9d
f9a69b93
339c8ced
b7452b95
8ca3c476
bd817a91
9e796df7
2b8c0043
b1d7c0be
1610761f
596cb83b
872d0330
1c171342
b4e2e9e0
cf4b8133
72d590e1
0ab1b2a9
898ce767
517f15dd
69600f5a
9ddc4bd9
43378ef1
b772f40d
7e5746a8
095aa949
aaf56e9c
2bc217f8
458a3d92
0c8ed902
248c3a65
9905e664
108de0f5
dce6bd0e
33374c5a
2149df9b
7053712d
82b01842
db84ff7b
b4b2245f
9d29305a
26342851
a40a4eff
fa504569
4e788cdf
3ef06e7c
d613ffa5
723cd8ee
255f8494
4a849516
336e2af3
519c55dc
fa614334
0572c134
68cc6b74
6af6ffed
3ec612ed
2b5e04f8
92baa9ad
ba5450f6
8b4e888a
2f845ba6
7e09ebdf
2738b840
aee377ff
1d50eb52
aea2675e
1de7da90
086eb822
558c1395
64b214ee
22ac802c
0861a985
2c742751
c43f5afd
c6535642
f9f2d193
5390b9f1
5b981c27
09931d34
3256d753
c598877e
0e74268a
4d0bc007
2a5cfd1c
20d9b334
62fd144d
6a91cb61
a63a422e
fd10c35b
b2cab908
4b547479
928d98b8
19db2dc8
324f15d8
853e82db
28ac80e2
fcac58ce
8f4b6cd2
8d382eda
650bc8e1
9f60f71c
634f0466
52eb2bf8
db171ade
6219a9de
38a0bde6
15300a3e
af1baf10
fde1f8d0
9d02aea5
f5d13c91
5d64f04f
60a2b7b5
9b38615d
8447181c
cbadef56
3be7ae50
c2953aa3
8a8c0f77
b6a5de57
662bad4a
e921e536
7c0d2772
2dd58158
27574dc8
f5c329f1
7414a4b1
65aaa521
9ec21856
168b5d2a
0b07bf01
11516c17
3dbe532b
421436bc
844f613a
14db28a9
5c3d11f5
e87fd3bd
16e5232b
94400bc4
c0fb27a6
5c3eb3c0
24500da0
155707d0
5a7c0acc
3b355600
684dd2c8
7dcabd03
ed6985a4
40260bf7
49e89228
b3b7ec86
8a375649
c09a7169
5a24d66f
41832456
094bbfef
18211451
626b398a
a94f5071
e9e4384f
a34d5e98
0f56291c
57fc4154
efebeffc
7853c605
2b853347
d0bed886
e31c8b0a
d827e2d5
047e119b
e97690a2
85acbbc6
9c714369
f8d3f4b6
970a721b
e267c33b
fc9d7980
a21c0a3f
2b3ad71d
bd6380bf
d0a1eb5b
3bdc375c
a7b11c57
1667af3a
49d8518d
f724ccc7
e0b84141
de58df9d
ee2e2d98
7e9e6df9
7a0ec7c3
9f0508d5
d655dfa7
ae809150
b89463e9
371e06b6
5d086f37
abb79be9
d2bc1e93
1e02d560
e1674b36
77b9a6ef
22d1444e
e15d4714
2a742454
9e541ff8
b935c880
b06ef680
67244016
fbbe5e7d
fe37346b
5b6c3ee8
09b7292c
cd2c7b2b
355408c0
b684e7a7
d6be605c
ee3f76a3
118c0b64
abf9d174
8409c0e5
f84cf1cb
223859bf
a10202aa
70763597
57c17f98
4a75e233
92a6d47d
98d2b6a7
e72086b5
77041116
3f5bdcbc
bc56fa0f
7eef7a7b
43654600
805f553d
7a135f90
68170ee1
565fbcc0
c388ee54
9bd4e16d
c60346fb
b6ac5e8b
979fa31c
eacd2ef8
60edef23
b642e151
261a85c2
fc40b99f
fe102587
6b1b5bc0
ca2ddba0
e04b11d5
0c9c6209
a5a58509
f5e4dbc3
67f8cd11
8e51db95
9be350dd
f2dd5f37
03227716
4922beeb
9ecd1b70
bef18674
a0674713
90e0418b
67464501
cad9bf9c
ecf9daf0
45ee6798
f45cf484
4bcb71d7
ef3c06c0
415c01c3
1179337e
97a6d33d
5797330d
4d67f63e
56d4e3f8
41cae54b
b1885d89
b3b88f65
ae2a0433
3b59cf38
6792fb5a
5338d10d
c4c118f9
8fb3e82d
b935954c
c82e6a9a
4840d842
9b7f3b9a
5528f37c
6e7a2ec8
13aeaba2
059f2618
46de84db
8492ec32
a02a1ece
a480ac94
6dbc8f83
16dfbfe4
60fca56b
01d16909
3ef1cb42
00f4126c
1ae821a4
97fd0498
0bc0628b
31344fb3
9e55583d
27ac049b
9a79996c
d9c39a58
4344b031
1389b3e9
2648dd5e
ffb83737
38b73845
99fb36fb
c23f71e0
5ea161d3
e71f0f46
6acd321c
38a6bb98
2e0545d6
ddaba8c7
6927dfe6
c671f1d4
2dbe61b6
10f100df
6ab26df5
e373a4f3
92e3ed58
45a8eaa4
118ee6e5
78bc309d
a1ac3346
e22e4323
5c8f0f8a
557608dc
7b3346a3
61a569f8
0580ce60
cdb655d6
9ff7b019
56127a27
febb53fe
3bb8900c
8debe799
9ea7fbfe
53178aac
79300527
5a8af963
d8bd57d7
7669cc81
107e37c8
76f3eaf7
125c353b
81fdb81e
a9b3b2e0
026f56f8
dd46b00c
35c40e6c
10caeac7
936a4ff4
b21ad5fd
c634a46e
f5a1c3de
79b8f01b
e08eae57
3b60772f
65ef34a5
db772f49
ffd1153b
9ee19089
1ed4c2a6
ba593b09
99d602b4
3ceee8eb
1aa0bfec
aef6f6f9
9939e6b4
19d62b0d
c01bdbbd
ce1354b1
a8f9fd51
d3fc689c
e6fe33f6
f9d2b928
f001d71a
f2044c80
a00252f1
2799bf9c
1e196c2b
a77f7a2f
116c1a5e
8c863f00
da8cfa7f
f67f6e84
e88bc508
ae63b2e1
931aa9e5
09eb8243
bf3730f7
87655031
61194c96
cfa3b603
28147490
65bda718
4138a6c3
c26968db
82ec1694
825fc5ea
d00c9f86
a2ac71e9
f3965d1d
c21a05cb
e799cdf7
ac56f8b7
8a6d5b0d
39577df1
870f336e
9bfaabae
3fc1f546
a1bca83d
86d5a26c
06efcb4e
e221e5f3
79b27207
e0018fcc
7f823754
c3494779
ee302efd
25c92d95
c1c045f0
b0cb8756
2f7fd075
1c3d091f
2e8032a7
bcf2d05f
c405929f
337a20ee
a5a93963
4ea09799
441f4bff
80e1bc02
049fc981
4e8af355
d325d4b7
933b58d2
92162ad1
10eed6c8
b0c9d9e3
bc52d6fb
063b4b92
0c5b6348
5ff8bbb8
9100c21b
3c3a70d6
046fca8c
c4aad685
dcf95f7f
d38d6119
a953af0f
1b6739aa
6bcc9e64
f0b37111
f6d180e1
b32b8e5e
6fc869a8
6f928fd9
4a379d7d
f0d2a6d9
3b74242a
2553ae97
45e99fce
0d041a41
daabb639
976edab5
98fbf36c
40fb0e46
efca979a
31340d2d
a770285d
ebc89cdb
5cca475d
60cf7a4a
0205a509
a9174ab5
458a912f
1d80a1a9
6a512fee
2ad67864
35ff75ad
cb88f16c
0d158956
3f3cbcc8
6acd57ad
eed471e2
753ddf10
416aca97
98dd9b12
bac9c90c
1592c2e8
51d1676d
6e70b135
d84a2cda
4f370327
b5492420
8b6663a4
3fe18344
1e4bdbea
a6ff4cfb
e0ac9b17
b51b936e
75b88e4e
bfba791c
8d132d40
ce1ddac1
7e7c971b
7ec1349a
d5effad8
587acbab
8a7efe2c
52ead2bc
4fde3135
5bb45319
5be60e8e
3fe269b7
1676a5cc
5653b67c
8d657ce1
6a097961
1b15c636
097b1244
021f39e9
149fda5f
82c3a39d
0fae66a6
8f7d746d
41442ec7
93f4f4ac
7b1f74ca
82dd2714
178609e9
23d226a7
7211a25d
30675cf0
5b88d42f
08f4404e
bdd174d7
2aba28cf
0ae96d16
5f8bdabc
1e125602
5dae2ae7
417a496e
ef26e522
1bbcff0d
6b069a57
54a7c92b
ff3b7bcb
6b68656a
f57b803d
17ae02f6
b9ae25c4
ccf74655
438a3b11
2e811ea8
e759bb0a
11a34a62
20714d71
88c7042e
43337f7e
79866f1a
e99a7e05
bb826835
6d09f481
ceb244cc
e507c5f4
77700b17
d1f3b7cf
68305681
bc1cd2bc
56093495
0901e7a0
fb791185
528456c2
68884d9a
2a0175f3
58b80bad
0bc94ef7
440e6ff8
a6547fbf
e314db2f
ef103b86
ed7ad8ee
44ca8bab
e07b9cf9
f3f7b5d8
aad54ebc
318cd719
a1d6641c
8d93137b
d1617b03
a0fe51b7
27a0303c
97c9d0cc
b135ba95
6fabd90b
e3abd552
6db5067b
c28f30f5
bca8481b
ca9c2e61
72703ddf
ba577f5b
81e57043
98b7c9b9
4a444c40
6047dde7
97948b76
1849eb32
fba23ec6
01cb2b1a
d2818190
85dbd8ec
bedfd2f2
866a807d
5ba6e6fa
fc9b1e78
00df4dab
880caec6
006b123d
407f6293
57d1b974
3eb5f98d
66b7724d
4025cc87
d1d46d09
0d9fd1e6
f35284a2
a7eda081
995eb9d1
01e4f465
c0c896d5
37d33453
d086af4c
15d56a04
b7d70672
2b81af61
df0f6d0d
d6dab2e6
fe786b7e
5c2c681c
ff0890a8
ac88cb08
8f2f9122
1d7b202a
ba95f3c1
aa950be9
d7b8987f
ce8277fa
406e2939
1c76cf66
d24dcb0b
d36aafbc
53f9bc4a
4c7ea6ca
cfb0642f
894c1cc3
e8e47521
3de1094e
2bf625ed
fa8de2a6
b461173d
cb41cc00
52e6023d
bf1e91cc
b0e63d84
b0286257
04d9cba5
911097c3
2e99545f
0b6379f5
83899eab
88e74a66
844dc994
5f4e0929
6e05b6ff
6fc8314f
da8bbc21
1556d6ad
f3cb7756
ba54db33
e9475a6b
00925a99
7be0bf85
c89df6bd
f5723df4
7bb55125
712b074a
002299a3
3130878c
a52cd578
4a6002d3
be12079d
eeb769c6
a7fef8a6
3e3fe2c3
6de3da62
7b06c2a0
4772f10c
52bc7cd3
16bdcd7b
31b7ab3c
9e71723c
bcd7db0d
6254db2b
128de9b1
94399045
0a3ae314
2d4718f3
d2a8984f
5fc10694
8ca45c03
126fb596
b5c3c087
71684fcb
7373c045
7e40ea4d
9b166b89
7ae34d99
4cce4d42
df26caca
88b7d8a6
869b2958
85fe10e6
67d90b83
40086918
94d7db82
26ae78a1
9223df30
e50b6e3a
e575ac17
25532485
c0689e2f
feea54a4
839e7987
4393de45
eba1b603
6c80d698
73654df5
4c5c9682
b36586ab
5f37ffa7
dd6bcd89
e3185583
f3e1f507
6860e548
865c7f79
643116b0
2d4ead53
f8660115
4aaaf605
6320ad00
1e657c56
d459db6b
8319657f
25c8f86d
4214a276
ca4dec83
dad71d8c
fd635a78
e43dac0d
bd094137
59b88daa
7da16e7e
53eefc5c
d097e74b
4666a331
569ab05b
6fe398ad
3bea48c7
227502f3
e9125e34
2bc5b60e
6b723e9c
ebbd7ecd
75528b75
bd7e204d
9488267e
db9e0296
d6adedc5
fe8a0326
e3504bd9
1129f8ee
91983a63
13bdb69b
57285e84
57203493
bcc95369
fa34c2ef
24f45b56
6b1dafca
f2cf3a10
6b246f9c
bc3270bb
2efa488b
69166190
68627e35
842900cb
57d16574
5a1dfdb1
c4bee420
3b263775
e6a008bf
50388640
459c7961
64efc68d
2f4bf5cd
fc042b4d
2d12df57
d462583b
b2895ec3
e546bcca
b7fddb60
c88f6595
fc5fcd38
dbfb4108
f60b1a04
2b1a0ade
0c236a48
2b6d96e2
1ee88deb
84927c65
7c20123f
38821b44
bcd658f2
29d55661
ce22fa4d
829cf4be
b97e31d7
d687d635
b828428f
0f0b3eb0
b112e51a
8c94717c
cc13e49a
2d5ed335
d79fa353
f3fc5ad1
f44b7865
d27c6277
26bdbc9e
41325e8f
35555452
adda3e44
e55d06d4
d4ad8609
05748794
e3e4ade2
46f56b74
5f9b143a
e4e27137
18b3a1a2
fb4f09a5
7871192e
e0df2bb1
5e795ab9
a445ff2a
410fdc10
ed4212f6
bd1fdfe0
65fd37ee
ca8087c2
c3ea7aed
73a06973
a9d70306
dd710359
92fc6dc4
45a549f4
bd92ed10
58e6c97b
3e72f6a6
12174373
afa09e9c
338fb08e
21045f12
6d4f3440
aaf3f3f7
8c5b70e7
9870c442
935b556c
8c278a11
482eb60d
48230eaa
9240a4c8
a4eaeaf5
70cbad74
6e849bc1
9d562e47
74809858
7241912b
1eb5fe35
45b61a56
0bd0fec0
e7a0650e
445efb9a
13de1b86
aaea38dd
acbce283
862f0bc1
e845c73b
ea3d83e4
c675f584
0ffd5105
e0bc7bd5
cfa3bf7b
a0f10d14
5e982203
5a115d0e
060c3bc4
a44f22b4
82b95073
7c0a4f02
b425b26e
3cf2f57a
a27cdfdb
c9fd7b52
87bd57fd
e6725404
14a83afb
c69252d9
c5316ded
8632df37
fba6ce89
95c81e63
729e9fe6
24cdde97
a61c4ed3
cc72fa6f
146ac7be
ed9cd62e
69e72ed2
3aa6f7ab
b3af9af7
90dc5bb2
55af246b
32bec053
6a3e9ada
ea1f7db6
a56fb650
5cb217a2
e67e649d
d60989ae
28f95181
6a2b5cb2
02a25ade
7bb4213f
edc29d26
6ad1a563
b45e6c87
3be5d213
c9f5eb50
3fdd97fd
16c5b72c
80179500
e04d46fc
e347fd22
8dcd05da
810583e6
1bba48a7
52059f9d
d782de70
6587149d
ae311e8d
3d736477
62863d7d
71c7964e
8d7d5935
1c35a91d
34c71b76
1cd752b8
d6418255
e9dc2f0e
a3a29ae2
4dbff789
8bd54fdd
90adf510
945b2a84
64889797
f42b54b5
0b2f9996
18160fbd
8de304e5
79ead3a5
3c94c685
908e42b1
0859f93a
ffe8be92
11a078bd
1c1a5bd2
901abdd2
aedc737a
35fa69d2
6deb046e
d788495d
80442efb
8c12b1e4
562ece93
193cd36e
17dff6d4
cf7c3025
aa04e7e4
c9eb36ab
e09ce458
4efa7ace
218f6e76
1f3ee2bc
314fd7a9
2e5706b3
9b15db16
5f8b036f
455f3462
30e18f87
30032243
cc347c6b
52b3c77c
e9365f33
048f6f52
e94b84c9
df840c49
4b52ffa7
083cd37c
464dcb82
79a88843
efb6f5ab
5e36c2c7
0e07154e
3bbbaa48
03d0e407
68187caa
65e3aca8
5d4beab2
f94f2cac
f3f60e44
1f2f027c
00f31888
bce315f7
66e9a0f0
9ee35fa8
a037064f
81b15fde
307f23dd
de4536df
f52ff0a5
8747c216
f268d8f4
9a5fcbd6
047cf142
b542fc5c
a897a295
565071a9
dec4f4d3
5eebad99
1115fb63
d6358b2b
199a1647
4eacccd2
1829e328
0750751a
ce5eb07e
be4020bb
654e57f7
64d83bce
9c1d4b42
e8474990
f04315d8
80ede97c
fcf0891f
e5a52c8c
659cd1cb
cbabb59c
bdc35987
f4309d67
e757a538
02700d62
dc0f45db
50de6720
ddaccc80
ac7859b2
45f95bb2
a52f47b0
f761a1f7
39d4dba0
fee2a544
9085e496
4479ed70
5587db71
f447eb40
d0e64078
a5d6d4ed
c7fb2f84
7c93f7c2
b8f3c9a8
a8b5492c
660111bc
06929734
295381a4
705a0e50
0f7528b4
59f386b4
07433816
46b4bac0
1508ba76
b05ce1de
9cc755ff
610d913b
c367722d
78aca1aa
4df58f26
45ef46f0
c6c94fdb
2d2cb229
138df134
f9c0a479
75c0b6c5
9252537c
0e6eb0d2
8100122a
0355cd4f
eb7e1907
fe371184
cfc4f262
87a729b4
cf48a845
2997ae66
afa337c5
20f45e18
98a3e73d
5d8ae326
1058ca7e
8d940080
7ec14ec3
b51187d6
7d0a1078
b74a0808
d3c90b16
5e11c420
34ecae43
843992c6
f1f9ca85
d579c91f
6b839f75
500d8aff
f997a2c9
9b41b05a
994c997f
817c53ee
c2a738f8
5c4aa998
28768b04
b501bce1
dedbb4c1
fc66834f
e97c57c5
d1715a06
10e243cb
3f2bd962
7d69aec0
c3e0e892
d0311511
a4929c48
47332547
ae110cd2
7e0ad8a9
4b87f16b
9eec6f46
b26074ca
2362f6fc
4c382846
88dec58a
c8767921
76c9896f
0d1045ac
396af242
9ae07786
47e07d46
5aad1251
9b714dc4
8015c6da
f5e840f0
489a023a
55453e14
fdcb7def
a93721af
29f57afa
ecd7a84f
f5ccc3f2
18f3055d
8f37a80a
f101e0bd
6071b4a9
feaeedab
a8b3bc02
80dfc705
fa33b65c
e310c9f6
1085b8f2
8c603e4f
eb6e85e6
d80f54d8
f723f9d0
add6852d
2af48cd0
230bcafb
0b3a4dfd
e86ea51c
b32be514
a9a10eeb
bbc7c4f7
a196f9c5
9174ae33
e6664cb5
4d72e4c5
c8c6ef8f
bf63e37d
a0310fd9
433d15f7
892200d8
2ddfc8a0
021e9ae0
d1f8b33f
bfd1df70
ce4069c4
0c20433d
b02d6fd0
9b32a7ea
e48b45e0
ae0e37d4
beb752b1
3c0e0313
9723453a
328aea85
7eb58c01
8d48113f
ec6f48bf
d647cd57
51df4076
3c5ab287
33bef128
10be55a6
d3f59e70
de671a6c
5b3b3102
0cc0ad21
ff431f4c
7ecaae35
6ade6b97
50b19fe0
9d8ad8da
f6bcafd6
2f4fcfa6
57ff1b9b
df140df5
8a615120
e8577000
81c10aeb
5402765a
f4397053
4e98e97d
f8ec2eae
d6a52408
927db3e4
2c83d5dd
4cff3167
cbaffe15
13517dc7
86b024cc
ac6e4cee
435ca96c
c0e81cf4
b50442e1
aa8ca0fc
c1dcdaf8
7179732e
b2aaf154
a2c1f012
0942787b
4acf83cc
257270e7
f37789c1
b9d31ca4
71bea4cb
d61082e7
a5a7f02f
7b695b21
2d637b7b
4fb3d7b1
c6f7e0c1
36ef2775
a8fe5ff9
66d49bc5
43780e39
9291eab8
acb655a4
8350a6f3
f94d93e0
ef16616f
1b038d1b
0b244cc9
6bc41465
0c96d50b
f56d8232
e2d8249e
7e742835
d467fa96
ab534916
e0ea0c9c
e72d108c
cc88cc8b
447abc1c
34785a5f
fba24f96
8bdfc574
9d99e76f
592db68f
e8976ed3
4d0b98cb
d8ab008b
58fcf580
fe29eaa9
5ba12f77
2cf78286
c5de8bcd
d94fd5ac
13a76401
0fb1345d
24490177
7bbf5190
0a81d83f
70b6d9dc
503f5b19
209eb47a
10aca750
85c0e882
a0d0b859
82a44458
ea79c565
5e4c9163
6b019b40
004d6ce1
810c80d1
0b811af9
9e5c7da6
03dc2ea2
4b546803
4aea5b42
a2cc51bb
04460f73
df382df3
f1692eec
69172eea
293e55bb
f4209a60
c5af7dfd
ee8ae12e
ce896dc2
91ad59bc
49441b07
e7813518
765fe433
028e4b34
a7132a77
3c3823d2
6b337ed5
29387cf9
5c21f01d
e275f224
8730bbda
4bacb104
4fb0e7d6
bc699927
9aaeef9b
e1874697
eadc55d4
b9a64550
c5032b2a
0ae27ece
88751bf8
f02cb0e4
f3641477
4e6b4c5c
9dc706dd
d173bfae
f2d1b69e
88a59192
877aa102
e1410cc4
60fe33ae
92b9e3f1
7f19596c
e3363179
7a1346f9
377ffefb
5edf91db
2d68cbe6
5e5cd218
36493171
4bfb36e3
62c26388
e27f05cb
37fca020
483e6115
cde54cf2
31f98973
2e7ce356
ee646c8e
3b77a989
4cb6651f
ed43dd43
90ba4225
7c8c151b
ed47426a
dcea243a
83449759
c24a0fe0
b23a88e9
a52ae2a2
873c3b41
9867984c
cb2d1668
6448a2d0
8114f7c2
bf28d96b
a4dca635
66e162e2
de00ff28
0b3c2c78
f205c61c
c1f56d25
ac079651
00ad9eae
d50bc61a
94c2f73c
7fa8633d
e23c647c
462c7474
7eebae45
c781afb7
7b0d590a
eb02ccc9
d501de5e
eef7824b
09124ccb
09740e4c
a3f04b65
4094d6a8
467d92b1
5ce9ac9b
635659bc
ae19ae01
91d74687
354c2cc0
2f376646
3a732cff
4eb35e14
25bd9100
94c50e9f
807de190
70bc2109
bdcce01c
07631e5d
db5dfd44
29451fdf
634b0acf
853f1483
66aca806
f570a157
80d2d2a2
192f1a19
91a70032
dc696909
e6187724
46f6c99a
93f7aa95
bff1cb1b
889450d0
490aa945
ed6f8c72
5931f021
b882bfe5
fe143a5e
083b14cf
6eb130bc
e7294a66
5af493de
d3759a21
8e2fb4dd
f33f8661
258a133f
d948983f
ca3bef87
04718a63
f9acc5ca
848c2094
6d2c3c6d
67401f13
7c43ce47
9a9210c2
f3d4bb76
b1c227e2
5a982b0d
76311739
609ac7a1
682d989d
ef097647
9c44e2f7
238634ae
59c643fa
7a45712b
16929610
04ddcb39
e0bcfdb9
3a464aea
6d7ce07a
b61a9dff
82bea41c
380a724c
61c2733f
f4afa0c5
6cb03b4b
aee9db98
67f4f094
a7012150
d066dd84
d336b819
8ffc7fb1
8b63b089
a119bff0
8fc99fa1
26e4902f
95aef6d2
a9734878
31cebc32
ac811b94
7cfbd0cd
636ec817
fb90c686
18e54aa3
8aa301e5
5bce67f4
3bf51262
9b56db8b
16cb9522
555ab6bb
15c4a4eb
e9b448a8
c66ad891
60a29bf3
10a9f654
69b4409c
19cd9f6f
a3705a37
0daafffc
62f0b79e
c12420d1
510a3eea
9e468305
ed2ae0d2
377fb25e
0098fc43
99eb16e6
8fe79863
c66f50f3
7adb55ae
59e4b43b
cf839f14
2d5cae60
7af7c21a
798cf8f8
b0dae437
be57970f
15f4d8ca
1206a29b
7cb11888
f690ac94
c9b162f3
bf041d35
f6423e90
3e89b8ec
e145ff66
4ee651f4
7a5b6367
d0db6802
45928207
95cc5015
d34d19f8
2e0e92d8
65f3fdc9
d4d6b847
7f65f0f3
18df9f90
7b1ca1ed
e997a6a1
fbad87ca
f25cd2a9
5549ae34
b648499d
e9dd2245
265eeb57
bc2ebe9a
bc145a0b
f7db0fa7
e3e32b4b
2afdc24f
f276130b
d082eb83
2c180583
10e806f6
248b55eb
15c798f5
2ae7c2a0
a0c30ec1
af29483b
2c37d3a6
972d818b
10d34ea5
5040b68d
371043fe
6474d241
2f491fff
95cbcb22
756c4630
8db66216
20268478
5dd86c94
e1f78a1c
27ab044d
943c7513
b577dc48
2beed6e5
51459570
39e26dd3
fa175af8
dcbd3cdb
a591713f
cd7888cf
d0e594b9
95bc7246
4aa16e35
b45f3ad8
93e643c8
366268a3
4ad8a160
78986769
04d27762
2c1af591
71f6f817
96db53f6
e0649e8d
a5ba60b7
9c1a9146
c745fc0f
35810adc
f3bf98cb
86a15f43
23e61c5e
3fe8d581
23e38dad
75ad585d
9ba88b3c
ec723eb4
f80cf87b
17f13203
afc49418
dee369ae
7d3ce4ed
da107ace
7ca73ed0
de44109b
f8006c2a
240f481f
5d945e80
111292ea
c7fd6eb5
3fbc568a
febe3a71
91c8c2af
254b8f15
482d4ee7
2f1014e2
3401f176
226dc080
41ce251f
21f0e2a7
ec59ea59
f73bc2c0
acf28519
ad64a2d8
01c5a273
9fd6259e
e8b8324f
6f4ed183
597cfb9a
268766ef
3930eb3d
4c828aea
6254afae
3df930bb
ad54b307
014c4fdf
23cc7e22
cacd3628
c219e819
84a58c30
73d16bc2
9954277b
6b8e0227
9e02b27d
158454ff
68a469bd
10472497
e7fcf04f
3992da1c
621cb4a9
2224352a
51ccb466
48110d14
60bdfcdc
a1db5785
87e824e3
371ea5ad
09ff5c0f
39260e93
ad8c61f9
4d350ace
3f856de0
c8224c52
c28bfa78
52890a98
775239d6
00f39d93
143519b1
dda5755a
5552ebaf
98356b4d
2ef695fc
adcd0d36
bfe73463
b0304d6f
69dc9a80
b34859c9
c586feb7
c67f8c05
f0a2fd3c
43aac4fa
19274e30
08effef4
32a16af1
3752897f
0aec833b
d28ce9e1
4f87dc3f
4db27d9c
ad6280d1
7ac187af
77d2073f
a531c5f4
a736c1da
c9fe5721
5679675d
4e5bea17
d0e8c31a
f4cfda94
a0c34dd3
bfa7ab17
274ba4d5
f8c4337b
e6a672e7
c4347643
eeede5fa
6ca5df2f
024ced74
d87a8dca
9b4d7bbd
6e04899c
0e827b98
f3cf9090
8fa67cf0
f9f40d33
98958566
519ba6b9
aada4026
31555027
03c5b666
2a3d16b5
16acb36c
892f8234
91ac0ff0
b1d2dc4e
ca9b05d4
2b4403fd
4ee87250
b27f1dd1
9aa1828d
c88add03
6ab3441f
48623bba
9c0234bb
83bf6c3a
fd949d1b
f673cfe8
1d8e7427
38e42bd3
02f7eeb5
723a09f4
ed0aba69
f03e00cb
0c8fb1d0
2a54bb72
3bb124b1
d0847771
b043c8b8
a242aa48
ae814e6e
bb07d8a0
9097c428
a74cae8a
2cdb070d
f2b6676e
59798a5b
afcac7f3
a9967d72
d2394866
6e24f08c
3e08a589
559f758c
e7416d96
729bc8bc
25a4d5f4
cc992032
3e4b11e9
b77fcee7
97ca4ba9
c11e9cec
d67d2bd4
6187accc
b4bb1c94
38aa48d4
343c3f70
bf04460b
db9ffcc4
12799ea7
4cbc2add
483a1ebd
a5ed1e34
2198297c
95fec20d
2755969f
92208b08
5cbae39b
d308eba6
9481e221
ac2ae035
9a81abf6
a4901992
0240fa31
b6e2687c
c23581f7
83752454
134c05e1
fdfdfb5e
8984cf09
5157c14f
b17afd7e
f48f82a0
152a7264
3348ed4f
68fc47b6
2dced8de
a084fd4f
c9984e01
3156f25f
eccf7525
fe709127
18691e52
7877abbc
30a8d0ba
51ff516a
e5a2b177
3d6a2918
456def36
64a6065b
567d8e8d
8653eef3
bab0341a
22b401b5
2a203a2a
cb002243
ab84a28f
2e8f8dda
ed735b89
fdedb236
ae641164
d2007d33
47789885
862d88b3
8135ece8
a1e02614
ecd64650
866da111
027f578f
7ca77482
2300096a
bf551166
cfccff46
4173b388
48bc91fb
44a9111e
865a159f
3015745f
05e4bc0a
105f7970
57d89259
257d98f6
0e2024a8
e8509ec5
702d6ab8
4734abb3
55bf66c3
0da281b8
1730a36f
6b55ddac
9af423e2
33c958c9
d060c0dc
3c6dc0a8
83213321
ebd4c7b9
1bbb564e
c13178fc
f043ec47
0fa21b98
13856ab9
93113484
4b4025ed
e6de8aef
815bab2f
78b9fe57
8e75ef23
139b7d9d
c83d79e7
4f0ff814
7bc9f18a
84454c46
6bf5743e
97d24f8f
e5aa10bf
b44f693e
088ba551
22836ce4
37b6f52d
93fb8f52
1262b041
c2f894e7
26e42332
f624d0e8
9f6c2bbd
e30b9272
20da7e17
7cd1bba0
f5a88a54
d929104b
548ce482
6ff74182
52874fc5
cdb45b8f
fb9e696f
c75ee6d0
24802872
3389545e
57184d16
d6a03d17
c83d4935
d48bfa98
52d133be
0d376bf0
b9b37708
fb042fd5
a86f18a0
46ea150e
49f5bf91
c67e1c54
efe6944b
86f7251c
f0535f01
c1c76a65
3df13df1
e54edca1
36b29818
43b3feb7
4803c05d
3fa3d4af
e8eccf18
1a87e3cc
a0e13b68
ed024670
8696c492
ea9b5f4f
22509475
1a6df6a4
39dc8a49
cd3e889b
addb9346
51358727
f90409f1
c2c3158a
cbac281d
f6f7249f
363e065a
724fde4f
4a028a30
b03b8c5a
330cee84
69a6eedf
fbe60dd0
2dc0b46c
eefd1ab7
62b53010
2de4c2e5
0124112d
acd12dd8
3d3eadc5
94540270
3794f6d4
aeb2d895
9912ef99
29c40807
884c6d72
3928302b
231bcf8f
6e5e1e01
d3ae012c
b6775471
9c7fec5b
0bc916e8
a9396a58
8b683952
0f191101
ed1977a0
b7e70c1b
4bab4bf8
07d00b09
60aa2577
25962abc
2022838e
f3a9a3e6
5b62663b
31e28708
99068a56
b94f8d9f
e82a7fc1
70af4bee
f5de5b4b
3d40ec4c
d20fc075
8c113903
a523bccf
c937641a
0e179d51
9f32b1ae
d8664148
7d799205
c2a58cae
4d8ffbc3
34cafb6b
c10d50d9
73d771f9
9582f142
7e5c5fe9
0dcddeb6
8c01d537
e42cbf74
f3c8d18b
9169e176
58893432
bf3e4f81
30ef2363
2e88bfb0
42bc0686
039e07a6
1667d70f
dcee2902
7ec80f28
d6dd08b0
9cbd14db
e8d32b3c
20c77eaa
ea7c8fe8
57cb833b
cddc787e
d6becd40
4ee50cfb
00afcefe
e3692989
90a05459
9795a65d
f360a130
50c3de76
9bed3d31
6035ce91
e2191853
9eb4f1d6
b3651604
c1617fda
7ed06a8e
47de23de
8af32d37
590c6eb3
65fff8e1
08c21575
3b26badc
71b21243
5837912e
2d04920a
5c03d82f
84775ec2
5f700936
c83fafe7
12e6d878
ac84cc13
933d0e58
e568e35a
cdb37f30
7c9530f3
a778a4fe
719f2211
15979483
c1360334
b7e964ae
fc9dfcbd
b66b4456
b56076c4
ff43d08f
9e97ff63
21f5b81b
1e8b63d9
a5764e0e
0bfd867d
18e89d2a
db8c00d3
d4a7bb87
fd0018d0
c1f44940
01378f41
3158b2a1
ad1e489d
228e76e9
970a9e91
fa4d769d
6dbc34ac
a5ecd84e
a8c94a68
e0a26dd4
c735b95b
bc239764
2c96482b
19340029
76c2afdd
e90fd69f
5a961ad3
fc6dea98
650c04f1
acc0d15e
dbb3be83
b65558e8
d870b2d9
83b5d4bf
fc4a71a1
9f16dd98
c47f2bbd
f9932046
12a18361
313173a1
f3ef1cb6
93f6e292
58bd83f0
666e1030
28984625
5b201b09
c7cf4bbe
ab31546b
26d13734
2065a5f0
e914baea
d5f70568
cde8db80
f70d565a
9e5c214c
4e15eda8
e7862756
d03d7d87
c828a253
a7200835
a4d66c17
26f2f562
2cf186ab
0d9f781c
6567d452
577795bd
a9c8b1e2
bb948a98
2916fd85
2b2cba91
bbe5fe61
176ed270
44d1970d
1eb778a0
e31fd0c6
4be2c434
146957e4
d3781157
09b0e18a
c4361b83
8e1de20b
2ace740a
5badc2b1
becc4f39
20ca0c74
473b5a9e
328d1641
25c6e675
83e3c06a
13f8f68d
8a7e54e0
81944075
01dca909
29b5f3af
20d479d7
6545d6af
3488e462
79c6bb70
c6c04455
a6da8d35
b85afcc0
75f606d6
bd4901a3
d9c1f2a2
0f51901c
7e7a4905
7ba5cd74
59d6c140
78cfe680
ef6b5e2c
b99c0bc8
da63dbc1
75fbfbc4
4ecec6d1
a0964009
9c0aa3fe
fcf54e15
4c8cac6b
98a1d6d6
168236ae
c0b96215
3cf5bc9c
44bc79a3
ae5e9565
21245996
5db6fa1d
89ae6dc4
9f0e953e
2bdd6e07
adb618ea
6b24aad2
adb607b7
b3f5b03a
1a065cff
99dff1ac
d9a6d233
8f97b9d1
1a562d07
b0fb8000
3ab97cf1
668c880d
9a70a9f9
85ff9468
bd38ef37
bf2577be
4aabc9a8
5faf6bb3
37cdd877
f8cba597
8ee41e16
8720654e
47a1bab2
deee0fa0
d2f69f39
5573a42e
17bcac4e
2fc52e18
14381d1e
66d34ac3
ec47c1b3
fa224c44
7ee0f3d4
9fd1c886
d4923835
f39497bc
397893f6
1a2e7f8a
f023db70
93dd56cd
499aa028
6cddcb3e
be154527
f0e86727
15557056
dfb8d204
e09f2287
c3cb5d6c
a729a0c4
f5521134
be7cb530
7a2651ed
d61f2fea
e94301f3
a434cb51
17761ac5
6587035f
e0476b1b
2baa0197
e5382106
b41ab299
e8c90e2d
1231a516
e4e4ddd7
59a182f7
c0a012f3
7014c585
b31015c9
2447d65d
4747dfa8
8b34c683
27d435b8
fdb76489
85dba571
128e21a7
4c477239
8970ab69
156f4bc9
51a1a91e
2d549782
dbe8d3f8
8d36b69d
a4055d91
05af7fb0
b5e97571
26002764
faaff9bd
0c4f4dcb
c886293e
b026ca3e
9c05fd7e
efc0bd6f
822f246e
08682bde
a69c28da
3a6ffff5
42eaf110
562a84fb
c9f72913
47a23492
b07344b7
d667e89c
0190365b
c491ec86
62a5d13b
5be54c0c
b8741d00
02c3ed5f
0423bf2d
42772fec
88c102f3
22bae8c7
17c846cb
0bc2fa74
1c2303e5
b026f34c
7c8c2ba5
9864b67c
3544e405
f0917459
eb0754a3
d5a05907
614c55be
c4f10ac5
eb51e55d
d869dc04
de3ad207
d7a5831d
e35ad4fe
2ddec3ca
598d7def
c6fdff32
42551e7d
6ad7f1f9
b5ce6753
069a5893
398c55a0
3a8fb247
68f9747b
e8a0546b
d0309894
bd6ce8a2
93f6a60d
026409ae
a01d67f2
f840c159
cf1bbe3f
219fdad1
7ef8078a
85a3827c
41bfbef1
40e04c62
25b0a147
4349c6ce
fa95469c
187bfbc0
ab2c2687
4f81c0c7
c0c195a5
ea7444e0
67a0295e
dc5478de
456500ea
8286aa82
24079cd7
c9a9292b
5dbecb51
c65623b4
50b2d7bb
c0a243d9
f7d430fd
e810a4a6
2715ef79
7f51b6fd
c4c5624b
88144f8c
25633fe6
5f7cebe5
515f21bd
39c4a475
77ce4308
595751e5
1c0058de
21999dc2
8e17623b
0d0d0647
b1ddff34
f57b9294
1c0acaca
f739ba81
b525f871
b2bd557d
f9b607eb
fc5f8ad7
1d63f92a
68f6a89d
df583d99
8e549262
297a0039
1cf9b91f
9faa041f
ddd853d0
1e9e2f33
f78c4d5b
513268bc
fdbdf894
28a6e798
e3ff6f18
77946e51
d18c0077
86fd5517
f217b393
40bb8dc8
d1f7f6a3
32f618d6
f252beed
a5930ce1
30cda786
09ea8b52
85297974
9a291293
6be70e2b
10c1f4ed
2bb2846f
7f586c02
9cb3611a
6c447c1b
f54794f2
4aecc22d
68858736
a9b543ac
433be6f2
a7832410
1ff37fd6
38ad0e0f
648f057a
54dbe3fe
e039b46d
a48ffa12
94bd69df
d100fbf8
a5068635
8a01363b
3222afa4
0db6e7e9
d953f17b
a34c03b5
7a7998fd
d6209828
62f9d7bd
195fc88b
8d278a65
e2e5d233
614c9424
a0e9e7b7
f13405a1
5d132ad3
9ea2278d
660811df
d3c6981a
c0c24a2d
22dea5b9
d23c8a4f
b12cd8d9
0e60620c
593f9a74
ef02e0fd
bb51826e
16769507
ed9ff822
f53f7ce4
c4d37938
677db4a0
82034287
df5d3f3c
aa305e4d
0280ba3a
c72b9b7c
9f6ba4df
06f80083
917124f2
896b8ec6
cf3ec3fe
22dc52e0
94572ebd
71b7b1e5
755e142e
6fa0a0d8
bcac8bed
2e84b067
1c02520e
f3d2f4d2
2eda298d
4bc01f80
5a1e61b9
5417a621
b1a5a805
0cdbb1aa
27ee620c
6f3608cd
3b30a1fb
95501471
0d78a95a
edf5a319
cd0182cd
f7bc35c5
a4c39c13
03faef04
b328a930
75904b2d
b58de9f8
3f6aaf46
48842aa0
f3332662
110aec20
becde00a
ae6bcee6
0f222a59
a8217947
2a231c6a
70b47325
baeb8c1c
d9c2e590
8e306895
c466cea7
96eb868f
0638a3d5
fe70e5ce
f978aa6e
a3183620
5a6b5522
21c2bda9
2b0c7577
ce6ced37
8d46e4ef
85c5aa3b
da70c2be
5edc9bc8
d5ef4bc2
49fe8134
f2703e13
7be8a820
39bb1a19
4c150d05
18347703
7a7377fc
9a00253b
696b55cf
3d5bea65
1a1a239e
459949dc
08fb92c2
6140e1ae
21aead78
9de7ed60
8243a5cd
dfad4ca7
ad3f2806
40523da0
6f677a1d
d3438952
59e0cd60
3a1f53e6
cf8730e5
06772cb9
3710919d
40d11e14
7cd45d05
7f03878e
0fdcf2f5
7c032ba5
f5eb1ea5
1ecfc30c
48956ebb
2be1b09c
86a39803
11b732fd
c1e60977
984e576e
bd79333d
0a408ec8
f0297cc9
d764da5e
4123919a
e7928378
b62f869f
4906e926
e9e80099
267c6169
aa968f8d
2eb0155b
6239f060
0d859700
0fabb16e
070dd29b
f57739cf
3f7cc92c
ade84962
a3fbe928
0eb87944
47ca0e85
995edb41
e85ff5a5
c1d6a6b6
33d6dcfe
769f8c07
2d15e09b
810c4e4b
ae5748f6
db525e66
e656b5b9
9afcf2c0
a40b164e
3277c4cf
872f1f4e
9e0ed476
a18d9a4f
416c8086
f723a9ea
e6d8a498
692d3031
30258ced
1cff7f51
b464c6dc
b022941a
8ecb7483
38a97d6f
3902630d
807e5df3
8f6efe48
39721400
570d3913
9b0b9d4e
e5e4cb32
d6ae82d7
ba21e6cc
59ef24d2
11ba9124
2735ec97
c51b549d
1b36b613
dccc05a5
affe8e0a
9779c898
5f83c7c7
e4f794f0
5e07c5ea
fad28572
1e8d8c0b
7ed271b6
613be532
db3fb363
7d79dd55
29b812a6
2177f989
d6bad171
e56c1868
4506637f
7e2deada
dde3d184
f937974b
f8bab879
aadfdab9
5a804fee
c73e8037
b4d66bfc
4d468fa9
ddfe82fb
f51d6a9c
63ebce26
47fcc672
d9a65867
5de5d3fe
f7399efa
6af13151
413801c8
c52e1cf9
78260c67
cd6591bf
8be3c249
d0abfc39
1f7a1511
bb60b25c
0179a456
3eda6e48
5c2ab6df
be252dc8
90483078
3f033511
475519c1
d7f2d466
2d1cf20d
cb38f368
5127e5e8
5e1b9aaa
10c9b00d
433abb60
5e82ada8
b3963ee3
f3fcd743
cfb82ec6
2af2fde0
661b3cb6
df4deef8
b5da2961
ec6ab3a4
6c320fe6
4ce4b51a
93664869
0bcc637a
10f6efe5
4ce986ca
4210fd3b
88162297
c36910e2
ad93bd0d
b5bfd6c7
d599c068
bea55f32
97ae0e1f
a5c75058
2d7775e8
308b9e92
0344915e
bc8cef44
d02c8031
262f863a
d70722a1
cb9bb007
f6c905f4
a1f35d57
933ba566
21e0088a
7dc09aa3
1a37c841
ff1d7f6f
081a4b5b
13a7bff0
ea240c8b
9c0b8ee4
89d24c27
cbfb4529
a8a53586
089e9485
ca907926
f93751a9
7acf8c28
56061c0c
eeadc2d0
154c0a6e
e4402a45
e166ce86
4a5091fe
4b254e62
2f455dd5
cac4fbc5
05b419b9
463cbcd4
35d439f7
1ad45e45
3f21cf6e
f8fffa97
1c742389
bc13c385
34f990a5
88de6a0b
20529582
2d8b1921
941f555d
e360cf21
08997c95
45fb6125
8e1a024a
f338fafd
dc43fa07
d503bb51
4f8fa269
e672f3bd
210efa52
49eb5e39
7e7f1178
089edbc3
a3f4183e
b8797324
2f9bafd2
501831ec
d672bb50
f462123f
f348428f
9762ea89
0ac8bfa0
2472f7b4
f0fa21d1
cea7974d
44ab6605
4c4453fd
5e5ea571
d7c879d1
32b09c5a
fa036698
a7a64b2d
f490d438
dc5a2668
0c185693
829d8acc
1f67155b
bf98fcda
1f5deff2
2216e962
8ce7ca0c
6c7749b3
ee624d71
96748354
77a24f1a
c8c49524
6ff4b2a7
9d01711a
d17fae6a
19346ac8
7b3aa174
1cf14299
d60a1fe7
04c89358
3c09cbc8
dc3ba2c6
cdd5118d
a9b33e57
d3087d97
eb1c34b7
bc9ccb6b
d54dc9ea
9808e987
4c13442f
930b646b
258d5f2c
0cd97301
1ef8eee2
3fc14e1d
da3a6b16
7cf3fe77
60c28420
76a8176e
7ae6ed29
8f396de5
f8d3fd75
472ba10b
e591e66d
87c6778e
20bad49d
bba3c227
54233f72
85e9ed31
85e3a726
784e1023
6acc1c6c
e0b3f1f3
b6f860e4
b7f384de
4ef8fc88
2b0283bd
4b465c49
f15b82d9
7f643fea
24156285
5cf9dfc7
8f2f59e0
ce0a34e8
870d42ee
9cdbf060
e1a9177f
ee268f82
b1a5450d
6ef42134
5fc06ab7
7342461d
410fdb26
2825bf24
e3504f34
710eb4ae
4d04f003
7067263a
85d6282b
df86b3e3
7f98e42e
7f5d98b5
d232f475
7a5e6a0c
7b607d67
d0a6bfa1
ea3a1331
98391160
d4f6c29d
5e42468f
f018175a
bc622941
1fe4064b
28212639
c4603fe8
139ff0d5
cefc5140
8759305f
c54aa40e
9c559015
7ff29dd0
68e0c108
1e40dcc1
d2173bcc
f8325de2
6f6009de
e880f39a
1338c975
3b339922
842e1eb4
949c33ef
56f69c32
005bf976
5edcf0d2
c89f1d10
b0be40f4
fb7b8afb
b24e71f8
da58c160
a2dcdc74
8b3ea0c3
986d4d17
e1ac103e
57fe0505
11cd7383
2fa0e1e2
7a7a34b0
fe90e4da
6a04abdb
186ced27
0df595aa
383191fe
247e36a9
7c54fd22
49751f58
12bb4a60
0e0bf15c
7d820af1
440c826a
9573fbd1
6a70857f
64785fb7
6e061b87
e519f467
bd6bc37c
ee840d24
6be42256
7b52d41d
13b3121b
26f4103a
d4ab8e53
734d49ba
a454d27a
005c47fa
abd6b4c8
141bee46
249960ad
7b2cc75f
8cbcdba9
ae1138d2
4075ec8e
f393e717
c1cebda4
63ca8f6c
3f7ceb91
8b6dbc9b
e0757f7e
ab491e9f
36d9bc53
1984f45c
8113486e
bf4ffe32
cd828810
bf3d58fc
49ee46ea
291f9e88
f99535fc
e4290ec6
b67788f5
c2495f9f
5ab47c81
dfc2b445
9e610508
246472db
035fa4f2
bc4a7f81
b63ef28d
3306f620
b8d2ca08
60da3090
7c3ab3d9
5de6dcbb
a51ab679
8ac11cdc
93335648
174f7a70
408552a9
a03e28d1
5bfb60b6
e93abe43
41e44636
75ad6e7a
4b3351ac
b6d7a315
b9eca955
68787b14
f8b0cc99
daa4ec28
de2ebe85
228d4d27
843e57c4
99c76911
680513e6
203387ea
01b0fa9b
1b667952
3a99fd97
b187bab7
be323308
99214d45
93227b3f
c3ef389d
88ddd837
d50d7a97
876c844e
55b09381
d92cd991
d3b56579
38377efb
0ccfd372
22eafcd0
a3ce5271
59bf5372
b177d612
91c4f5ba
41d71a54
8a9504c2
7324a9c6
5428d149
bf3071a6
5f919904
03f79766
2f1277d8
c4d06265
0eb0cdcc
a732c71f
6f70cb13
59c3a1be
37547ebb
9e77e231
98727b29
0a01b5b8
41f33c55
5dbd1629
a2af985b
3a5d3f14
2258d2ed
f45cfaf0
d4fe28de
8f72db19
bf2bf05c
21f3414d
5fc8fc47
3d034b58
4cad2098
5fc039cb
5e8278eb
0caf22d2
1688df01
3cfe3d8c
a60c7260
8afee81b
84a9ef6f
33f9b09a
48f1c25f
5b3c6e57
416923f8
925a8c91
89a8bfe1
3771f8d3
f296950f
c0f42bae
56862226
333caa42
3dbd0ec5
f70acf13
a958069d
6a148166
4aa4ff51
9634a178
6a413f62
18f94679
67cfdb2e
3c312c43
c9b40808
441a2556
97425564
54088d04
e168d762
a30575c1
35c5bd87
e313877b
c9452e1b
ddb58ce8
9505001f
c67589c1
94fc0d65
e65d519f
a9605442
680d7d9a
6f2ee119
f06eab8d
fb067bfc
f6c23ff3
f9ee6e33
9609d49e
0389403c
b033c1e5
3cedff1a
993095af
52b1ab9e
180279c4
9dfa86e4
67a45263
cfd1d617
01432668
ceb1ed8b
2cee575a
ac4a4855
bd4b89ba
b1fa3c97
f8326d61
8cd60969
9aaa7460
3a25d5d8
5326a4b3
0968ea87
b734be25
8bef0bd3
b8604d83
2989ede0
684d0013
43c7d6db
be0ca7ea
e531261d
e6014a0e
d796055b
55803258
95b6730d
65c4e897
0aa2781e
d9b17ede
62ddb722
b33ea458
1e87e7bc
6e54dc26
ad36725e
5dbbfb88
e7e49662
da782c74
a43c1a97
d7c61af3
6fc54ce2
1b8b4512
45d52fb4
d9737e81
dcb3480d
924717e0
6024df8c
06ab95b0
658dfc05
f13fe162
aaa1d154
3d9e3dfe
c9977950
7fb16ce6
40c9b36c
29dd85e5
740ca32b
45593c0f
be0588a8
0bee110c
c6d7f9fd
ff382642
fdbc25e6
94445952
ab4e194f
f80bf79b
d8a54232
8c281aa9
13655cf7
2083d609
c33621bd
b72f6f06
93ed46c4
0cc35644
f2fa9f58
91bb688d
dfcad647
869b0b7a
5fbdc21b
d103b52e
4b29718a
0a4cce74
b0b25393
b6f960e1
27ab075c
6ef8ccfa
0f92430c
4b0f9c54
f17bc659
5f66643b
a4032acd
7dfd9fcf
87221a0d
9c89b4ec
972f5ed4
906bf36a
79b10e1f
ceee9f94
397425a5
3f3e0d75
fcc9488f
7642663d
a0ce1a00
2aadbf27
e7104b24
443ab8ae
05027982
40b64a84
abb87374
3ef5c76e
f7e88d0a
7648977e
8e092a70
dc8f2cf9
b453a33c
907e71cb
f6c80345
35ebc653
7cdc13ec
05a451a0
4e750ee8
95db6b78
db610be1
9f0843c1
97d4269d
9de2afa6
16e54ed1
c1ed5e35
aea58831
e11dea49
1a4fc0f8
747c3664
c1567f88
7250cb6c
db862138
23e88f47
392c6e72
9ceda745
009a1175
2dfc7677
ae187a38
32be2920
23e009c9
f8a9e2c6
8c8d7a4c
c824d1fb
e393ce96
357e4959
9ac607de
93d95d51
268fa159
81748f2c
27ed0ea1
2a3e5954
9305e7db
27c96922
3670a403
fe8026f6
d523eefc
f13ffb3f
42d99d71
f581e0d9
86dfe61f
7c3c1489
ed756b7f
300e48eb
161b5bf6
5e101667
60484676
ad655744
601ea4f4
8054cb75
506fbaf0
1ecf3510
aeac9a86
d5b227c9
7b429675
4723bd40
34c7eb31
8df130de
78433500
0eccaaeb
00a7e8f8
01fd0b36
91e3fb27
e06cefa4
40e9b82c
1cae881c
71b652e4
fe377aff
f85d5ebf
79cbca18
6e7670fc
99652ce7
2aa16480
80c6ce99
8aff5b31
09caba48
73054c8f
97d16e85
1f50535d
c332397a
35edf7d9
d113f3fe
797a2b73
6a0491e4
3e12b069
8773a9fb
fe2af0b5
01543f24
4ef4514c
6d235e04
0c477094
a9772335
b0c37445
358dd264
06110b6f
31b19095
1e26b97a
00b778a1
c0e8ce67
937d4ded
b55a010d
4e429aca
f32834bb
b40f7202
4943d35f
40ae837e
761e820d
ed22f10b
c3114c91
2460bdb9
fea29c89
5cb96118
717c756e
8b110c44
fcf83b48
105c5c78
b1a2a73d
128e37bd
ae2ac415
b8d61151
02d33ebe
e5776185
eb1c52e2
23bb722d
0ad9e443
855fad46
7fdf198a
4b31e272
e758abf0
b0474511
ab2c8cda
b78da18a
b1d944c0
fecb4ba2
b6fa88d3
2db92cd1
da9114d5
90954bbc
d4ed4196
a6248e98
96479fbc
c899a50c
ff6d3ba3
acbb6904
8d6fde9f
d303ad70
5d679acf
cd139ed5
4b6770fc
08576a91
7172f593
63c83a06
4d6b1543
c9b88614
8db17ce3
ca26330e
b4304e82
3a1b6ed5
d892d157
f846b643
3eaf122f
c8a6bc5f
4c3f4be4
971f1149
88ce7903
2e9024c2
bd726614
1e2e17fe
ff10091f
84834b2c
36889825
c96d8317
afd15c25
e5cf7898
9793b39c
42925abb
fe755a8b
15f89def
046a278c
845ab685
cfb66b5b
36c97030
ed4bd8a6
0855f5f9
fa4db133
a26b6917
92798a11
635af716
cfcd90ea
d32e5006
2f8b1cf1
dab96092
f2554bbc
b27e84e9
2fd326d8
dbf4a94a
704c977a
4f15db27
92bb25ba
a0392e82
34bdf09e
bc5e85cf
38f1f302
0667e1ca
568beb82
09c56946
45223c1d
7c78eaa0
01720265
5b182816
188c9c4f
3f648a27
7c6c6996
cd1ac42c
3fa50fc3
09c635c6
f8e4a948
9f9f4f8a
6e0e185b
61029997
ebc47687
4b38ec71
d425e35f
14b736ef
c1e7addb
1cf99689
3018f947
51e61ca6
204ad5ee
58ccf320
b4458156
26da72f4
b8397c2d
17c00629
9ae82d42
d3be935d
f5bbc0f0
3ac1bd95
0394e09b
5c07bb72
1483d1c3
5ed76871
b101cafa
3cf545f6
d9dfc0fb
057231e3
5638235c
6461dece
329e594c
575822d8
442e3216
3de632ef
31162bbd
549b8ac5
c14b6af3
2aea786d
1833d3ec
451bc0f5
f4605f0b
09f853ee
f601231f
3d3eb258
7cacf20c
d024a30a
49e9dfc9
41ba14f6
8ca82217
2b8068a1
a467ecfb
5ede5578
26115c31
db721c8b
ad8b3328
ae47549b
ce4085f7
8a6cee15
59d596d3
e6d87645
50ff07f0
8c3482ca
d0af6eb9
d348b880
b6aa9d6b
3e246dc0
675da049
d4ec9d29
2eeac18a
d54bec4a
b36cf73f
a5e0ddd5
3999f932
bbc214fb
9526d82e
09f125f5
090f9324
1bf21451
a26c6390
1315342f
0947dc5b
0e8a3db5
cdd0720d
30ca96f1
b9b54678
31c09e8e
65819ebf
f699d3b2
0924cd2a
11e510af
cf832ce5
a78b176b
4f40fef6
3d50548f
c4945e15
37d18adc
5fdcdff8
2c1709a9
9d5fe135
b4d1a5c8
989e6efd
9809a1b6
e7115ac1
f5cf36b1
d218c163
a8487fba
7659b00d
2589aac2
f23a6eda
4713f863
15ffbff3
4b83c2e0
b43f03b9
ad2ee972
0efc2a18
dec8a759
a8d2db2b
89723e52
dee8fbf0
106dce04
73691ff4
41f4429b
84f44bc7
9971c964
52d7f35e
b12b31c5
ba222f2e
73eeecb1
4a358e3a
9fca0612
65d0951b
327cba72
337d4bf5
43426d68
54a4f044
91dd1c25
944aae2d
359f255c
cd6e8d42
30b6a889
5693377a
b178d549
4decec4e
4cc39bd5
8b041ec2
4238f281
fa07a29b
fb9e6a92
3199c5c3
3df506fb
57c3640b
34725d7f
46f84a64
e89a6bb2
93476e0c
bec46011
e89cbbcd
153e1083
79f9556f
5a2fc88d
3dc9c69c
9eec7be3
7a198382
1cdad1d0
e375fd3a
6ae2b500
de0234bd
0723b53c
105fb5b3
aa9a7edb
81a21955
fd844809
ec084965
efcca7c8
0b0a001b
82126ca8
4c576b17
44be38a6
7241d27a
d01ac934
f9526799
a1c406cf
7a9dcaf7
866f5a95
dcaad405
16b9537b
5db3c45b
d1133d1f
5bc372ac
0a88e674
f0b263ba
b6fd41c1
27cb0646
765addb9
2b825e5d
5a27987f
718bbe55
1f645608
b762aad9
54eb97c7
85803c05
1ca8b76c
f63d7ed5
98fb332e
08bb0eca
12c69dd2
3b750560
a73eae7d
e5c9108a
5446665d
e8ce1a80
94adb7c5
e9175f94
07aa9887
0914a0b3
64fccfeb
0205441c
41d97629
31ead7dd
f8c44b90
69662846
3b32463b
9f8fda73
3a4ec01e
12bac554
535eb36b
30dc807f
cb67678c
9a41d4b8
012f26e4
6c9720a7
be32c3dd
6f89b7b1
6fb808f2
4020e888
71130db1
e5dec972
6de7c7aa
94b84391
88fdf88a
2217dab2
3f3b82e8
1654bc63
df811e40
e91b1c75
f16fd908
05d9629c
87f4a784
25ad5b6a
5d25824e
e5d5ffa2
8d7eb464
443ad7f6
3fb250b4
3b878dfc
431d859d
73b415fa
c06780a1
d5876979
f3704153
5ec6d17f
8d68b80e
c7c5a467
fe081eda
3a0d19ed
3d6b93e8
245806d7
5f6f557d
5dd14124
f07d7ca9
d5a7fadb
58365ca0
3155657e
de9d3630
33b42bb6
7ef6bd25
fa7ffa2b
744c600e
0eebd8d1
99f6799b
15fde6ac
8ac903cf
dd179138
12752cf0
d692c4cd
2acecf78
560b3d03
dd0923ed
26d952e5
e0ad5253
db2f7387
493aa481
0618bf55
6f72fe05
5e9acea6
4b371e54
c4248bda
bbd961eb
dc5d6291
8783eaee
fae9ed70
428011f0
6e99bb26
ae5a4d3e
798d5a2e
db2fe597
187717a0
e91af737
57a982c1
62e376cc
f82898b9
1b19a90d
f89c14c7
7e90b9ed
ff56e748
5369b037
ce1aeee8
00375069
2e45398e
623661f1
d304a801
9bba5e56
1a5d1c0f
efa07256
0f87793d
6a149791
8fee43d0
fd771291
ef8a066a
d5bdabfe
6bdd17c8
de37cb2a
22da018f
cc1d047c
4255ae27
3413d98e
82a559a0
a4607213
d44359f5
cb307f42
31e5b1cb
545df9f9
57553c77
5c9ef99f
51003f90
91f274fa
50ac58c3
3b7f3d30
ee763082
7cf0e47a
8b0beb50
eea20cb7
7adaf8eb
219ac836
a7df0848
fa6c1d98
c9b60592
078df6f2
82067502
a14b1377
8e5fa46b
fc841013
2a81d430
8e1964b5
86f642f3
ca1a902e
9a6bbf93
5374435b
03151210
8ed5d63c
4f180145
7d62eda3
a6595b36
5dc3fef2
c0f7b83e
712b76d8
8714a90a
bf4ce345
286aabc9
bc00986d
547311d0
a9faef82
6ec9a21a
5f2ea31b
5de335f8
bba27947
07bfcf1b
96e40a36
9ee8df2f
4681bbb7
7fb9f13c
74729537
ac44ebad
b61bad7d
d4469bca
e33f04a5
cd90827b
6deb2a50
cc7ed667
14e1f91d
e99091f9
a59bd551
d23312ad
931ccf82
f064f0ca
67b13b5c
76741c3f
0c119fde
0d544700
987d3040
a6c09f1d
2e8136b2
872996d4
32905869
279d1127
1cd87d5b
a749aaba
92745357
b61ef9b6
888d4fd0
9f116c91
f1148b95
b55b955b
7b13922b
84b08925
e3034fb0
b5612b54
add1c148
affc2ed0
880738d9
5a843f3d
494eef02
5dff99ac
5312b9f2
857e983d
a17c2533
6163b06e
73e9ffc5
f8ea1f4d
215bf6b9
47b5edde
9d03fec9
f0a9ce31
e42a5049
b2c5aa9c
f742f6b9
338a8143
989a2ab4
f6bc710b
63f214f0
b744224b
005219c9
447ee9d5
c38a38e7
3b1dc125
cebd412d
f78b7fcc
e2dd9cd3
8aab50dc
fbc26477
b6493034
4e613f8d
a85bccc7
8a255c8b
1fcf46f4
7f2ec3a9
5245e96d
d5ac6d28
e51a307f
d9cf55c0
85c8db3d
fcc8dfbc
bf43168f
af287174
135119c9
5e39126b
13765b7c
08d74b4a
b458a7a7
90621f82
256f0eea
82b7dad1
96d87987
0752a297
64d0999a
df1bd043
084a95f4
cb742b16
51ea9904
73377930
0a49a0a2
5bc6556a
c8052876
57b894f1
4ed2888b
123bf09b
3b4e4574
991f129b
227d5822
2eb4702e
88d1c9d4
14c7f0ba
058c842d
1228919e
5025336a
dd9640e8
c0b4f157
c2f79bb9
a3c695e2
291e5ce8
fe43f844
3ae1b1f8
200107cc
c3a157c3
60698187
9de2893f
c092c987
f3f80248
d64acac5
9bee9528
fb0537e0
9754c2e4
4ef19a4d
926dfea3
e67bd347
1b2c0414
25470baf
9ee45774
b11d217e
5ed5620c
8d134a9b
bb8f78ac
2eb70d84
7bcc3b5d
21c55da0
83e3b03a
3189d477
22c4267a
e6a263f3
c846c971
2d89a511
213757a0
b6f6dd54
be07ee6f
30ba6c5e
0ce983e0
718e6aa5
7b59fbe0
7315c39f
43e09005
8d8d5fe0
1d18930a
b76989dd
58f3d429
1b4a33c2
09bec218
71155250
b424c6a0
ddb1984f
31744c2a
dae4602e
92ba33d7
9639a3ca
3b393bbc
0e943289
7c30110f
542aa923
e4131c61
da9a34cd
0ad81e2f
17e2df28
d25cfac0
8d52ca8e
132fc9d3
371f82f3
12bc5b93
86b370b2
06f3de5b
d099afea
e8317936
96282cd5
fb68bfad
5f5c4da2
42523332
229cf198
4b938103
c9678ccb
3be44116
aad36a43
09db24c9
9fc1680a
b45d340d
61d5ef9b
1ebb039d
9ff15b68
b1270256
c42c626a
f201a54c
d58e1c1c
c7102737
e232a622
af37b2fb
8a320bf2
948df91f
fe1aa498
d73b2627
719c786c
aecba926
b3bd5810
64612f86
cca1171e
268cd31e
8c371ce6
651f9274
1f1aa06a
b561c849
2db3adc6
f7f1afb2
76dc734a
a49b4e0c
d41bc157
797b6180
e60595ff
6d3492b5
51de5807
573b7342
d4842a87
971df840
7b642798
decde1a4
1b673929
3be91255
16863411
5c48daa0
f4e0def8
68597432
a6159533
74b72d3b
1667066b
19137509
5a341a69
e388bf44
bee9a052
66cef3e0
fedd15f6
d0da6fd3
e2ece156
3d56f10d
5f5c97a9
47ed191b
83c868f9
d50a5556
93d06c57
66a1e4ad
5cd59cab
d6654108
ba97ede1
b44d29f3
ce655f0e
9b22cb3a
db89acde
bec8eead
d32c4c44
6fd77447
b005f0f0
1018e75b
5b4facf2
d71673c2
63fb431a
e273b499
b32ae062
2144e995
f3483127
e9daf674
193c0878
c0d740fa
4923a1e0
91987689
fe7c5493
c605c018
e4579dcb
39f091ae
6b0bc276
7191ff17
578a1ce1
79751f0b
b77c208d
c0891663
f8341b10
147d1df4
be462fcf
41c0c31e
ef885d27
b9cd65ad
e10610ba
c0fe8022
71135375
b6a17c32
719c4f6f
1c707376
de09aab7
04acfcc2
8687471f
32bde30b
b48282b6
ba694133
341aa17f
75b34cc8
31757926
a0d97565
6832410d
55f2e038
9a736dec
55fe61f9
04a50d26
7dcb0313
eb347a6f
bda7a08d
814f839a
5f10ebb9
fc3f2915
98d0c6b3
c3c53433
dcfeec50
1871b35c
cf3c954e
9fea2217
20cb92eb
ff074fc7
99a9cc6b
70796229
cd8be120
6baeb9fa
55ea3cc5
9d2a79b5
3e71d672
16e7de9e
385963b8
319504fd
0bc127b1
e39f87d5
4776b6d7
bcb3a418
3b70f157
63d146a1
016e5dff
cafbd0b5
e88402eb
b48b34ea
e686aea8
804bed8d
339c28d9
fc32720f
05a4712f
db8f96e3
24d7a569
20d85ed0
af4fbd0b
9705b023
aec3c54a
22255935
b803154c
4b822b65
2dbb0cd1
473e0d2d
7dfc0d9e
8ad84f49
3bf3916a
c432fdd6
1c0d6ba9
7042c121
bff6f3ac
829d4648
15421814
ad90f467
9f1773fc
f1f2c437
3da74f34
f673dc2d
25138ae8
c12072ec
860cda36
433a9b1a
4b9fe3f8
f42ec2bd
85e2ec14
2af8a053
2473147b
4c56dc62
83b0861a
f3f96034
c5bc0c02
117a17a4
e697101a
e66af156
7ecfebf9
84fb1d1f
8daf9955
7bbbb0af
89876b57
25200072
e6b51c17
8efa2fda
a843811f
6d241fcf
f2742199
d658df98
a64e0bc4
643d6dfb
d2c7a00a
8bae0eda
97c3709e
8db01f4b
3bfb0d42
bfbd2ff4
be50b987
d9414093
3a081ad2
1107962e
c9a56296
d52fa36b
b6c58b4c
b07415dc
0145dc19
0caa838b
b4371fc4
b841b1f7
a7a3bea5
3f2aeef8
245679e9
9a641cb5
854d3814
f1fc1033
a86778cd
05c4ec62
f0dc55d1
5d96a019
01121060
a6182095
1aa260a5
f29339c7
6d638a5a
f55a149d
4fd291cf
d2689884
1f3d1965
123156bd
120cd33f
3cdbff86
b11c4fda
4a750a0e
f4e42d4f
0cb18b7a
3cde7511
b6ec1e49
24196c1b
d176939b
c83cba87
023e7f8d
3b4e75e1
d6d0160c
b2dd51ba
b2540f05
1ef3bc9c
6ddc2dcc
23e354d9
d57d39da
745d973b
1c225014
1b8ec06d
a78e61fa
e1c36b6c
549a103b
c6c5f831
444005df
b6d0bd2c
aff4bb8e
5d14d551
73d3bd4f
da9a9218
1e0b8bb1
acd4db3b
007c6469
40185edb
ae23e1ce
bed0d525
c39895ee
47d04bf7
0e1e4f8e
795ae8bf
a3140faf
948ca392
eccdec69
df3918b7
e531c2af
6498b10a
d5f7973d
7af2b87a
6804d3fc
e7dee498
d9b34875
13560b0b
9d3722cd
5249cc32
ef26264d
693a0ca6
5bae9e4c
9a74d73b
79bead1f
edbfcf67
212d6ae0
ed490fd3
057443c5
2609e16d
79d2cf8f
7e47d908
91063626
4fd72445
a135dbcb
722cd226
b21f1f97
17b8f661
955a672a
764378ac
eb8beacb
220ea221
41ffa6a2
34f870b2
af2da8b2
dbec6d6f
e4a4c4d3
9886daf3
8d7fb711
50147141
e1fd0bff
53f99d13
acb11bfe
ad85298e
002228d8
53f2519d
c4d165c6
b0ef9990
e444ccbc
b87d1a96
4c11cbe5
5f4256da
b945bae4
890b7b00
c108712a
1b9eeb31
251c5731
69d90631
47192e79
f67ca64f
f50cf5f3
65e9c6b3
61ee3b4a
ffb3602b
a30cf32d
951363f9
24cc8590
eee3fce1
4e889b24
9b417277
f91cdc18
53c27d2f
29edfd8a
aae4aae4
aa6ff3a8
2dae9577
c78b22da
5ee64d2a
4341bfe8
112f55d1
4ada60e9
f3ff168a
f555acc3
88198c56
79379651
9f45cc12
2d2acfe3
9248bdea
91b60bff
9a912673
603b6e24
20919e93
475c924e
3bb2bcf9
df057c1d
fe1cdcfc
29170b3b
6a6ce2b6
9e4dee56
e6fcfdad
b7f2c5ba
fa41c48a
598756be
8dfc4332
b5c9f18c
d50f5254
5da74fbc
0841c6f2
e61dbb52
a7538746
f8782381
f05b531a
1eb595d3
c9938839
dcbfb99c
bea772b8
c0ac8e14
ddfb87f5
2efb1766
ea6ab8cd
3b77973c
b290e938
82d39365
6c28c429
0459e724
b5f5293d
80423f4a
9d2a667d
7abf9bd6
1a480364
32f306ca
5ee6f852
ca8183d4
cf46f036
b3530c62
7d207fab
7072e58e
521e1ba0
7b570021
c4260eaf
9e01da0f
597bc8fe
269b0f56
5d7b250c
b12a6c8d
f4ec219e
2ef4e1d7
47771355
989dfca6
2d5194b3
6264f8ac
424ef02d
8d431acd
14f25489
4505d2c0
b78356f3
18a98197
292abd64
eee6c290
78c76558
88165b11
c204416e
329afbcc
61dcf5b4
2b64884d
c97d89a8
5ebe82fa
0f97f6d4
e3955582
3dc5f247
f72837e8
fa4414fb
cadbd1a8
819b6e6d
966494fe
fbc7c02a
921f9ad8
8f744a6b
f93d711d
03657aae
68dc2044
4fbcac65
e25406f2
beecbd31
55e2a963
51088cd2
5c20c3d3
f9207612
bc4cc6e4
6783f6ae
ddb4e67a
fc464177
533472fc
26dde533
f96d4bf9
d16f90ec
b1c44007
de4c3618
8d4fd8a6
4020426f
a7f6b1d4
10915c5f
2cd95ad6
310df1be
f2d873da
56986150
d4f07de4
42a9d548
d7a5f29f
a14755e7
8619f1e1
bf45d568
f3e9298f
cabcf4d8
d94153c3
bc6f3358
258f3da1
a3eff311
ede3a3f8
5eaf8ba1
4725b4b2
4d3e6641
320891eb
f5c6bf6a
5506c4dd
d5018126
2fd81fee
a8a27582
c5ab63a7
25f39d81
6e32b39c
db50e90d
bd09de67
85107302
5ed7b9d8
a0cdfbfb
6cc8f0fb
488ffac5
de5a7908
5d4e7aa3
11dabc0d
eeb8062a
3b3a17b8
87bc20ab
9d74e24f
9ea2ad6c
863e0663
2da213a6
22efc108
29472448
c6ba9da5
ac18c835
59e04ace
d14b9846
05cd7740
cf2cbbb6
b969ea80
c7f56871
a4a30bab
1ed8f46e
6a32fdc8
8a30be3c
2c61ba42
f667cd3f
cbeebfe8
7709aaa2
0a722214
599e20d5
c36cbecb
907f753b
2d93cf22
28d61715
2b7c04e9
94dbb051
4788e645
5a681671
3d2374e0
031e98a7
5881d3c0
51ba4b62
95110f5c
2b6c14ec
d7034eb6
7d3b9ed6
d449133c
efa6a74d
4a6c3f4b
866e10d4
d1669df7
b172a3f5
e2230b4b
49276eca
239cfa27
04c6866d
5b52e8c6
01bc6468
19fbf60c
9d187c1d
eb5f9bb1
1ef635f8
c2be4c84
68be403d
5857b560
07e3b308
39dda4e3
352b146e
eaa4b5c7
884a1f4e
34a1c22d
ab87266e
351548dd
f05ebc06
bd8dd8bb
cc4b746f
d69844cf
ce182a13
12a84c78
981acbde
84817720
9e2c48cb
e37bcab6
72ef65d2
21a658f6
5424cc73
30010528
48ee335b
dc3d8ae6
a2ee050d
4d75b735
7ec37b13
1fe1690b
1f9c0016
c7b47810
74b96d9d
2dc53126
485ae5c0
664f699b
ed253ee1
ce81c132
c0b59605
95325ff5
805fd634
574dd342
d3435f6f
e398869c
9b06211c
dc738a25
b360856f
7f844b6d
9b528210
85b1428d
df3df552
af5db5ac
63b797e8
2d11b199
ff8ad276
c3d11c08
a37e223a
54a53765
c6a819fb
d1f60386
1c611828
08b84e6e
25a60567
aac0ae59
056f26b4
03b98f8b
a2a849b5
ea3df826
b6d1fed7
46694060
e8e380d4
e28b5194
e1255dce
5ac5fd18
51bf29b1
5e50de0f
5bc00e5a
01110ad3
3ae711ea
0e169083
28033e9b
7f1a8092
6dd6e471
469492a4
e64064dd
5d5d7a5a
c89253ae
13e4ee26
ad8e2682
64673c13
411e4a90
f18109c1
1313f6af
4387c253
6f09ef80
36c97285
2e008f66
b3bc148f
ebbf5932
d0ebf453
e4ce4f8a
d7faa9bc
09269b62
a06f8fdd
fc1332c6
ee27114a
5dfba6d9
9761433e
28a8dd35
482ff036
1f93c00f
85f6350f
4dd749e0
5e1d27c0
0908ad76
0c1f6185
56005d29
27a636a3
4a43967f
6d95195c
c6443a8f
9516cafe
281fb7c9
39bd2b9d
df2d4da3
b3e61d96
41c5afbe
36f3ccf9
fd2593c9
55eeb0f6
7c239f1f
e20dcf80
3f79bb57
f465c45a
c41860d8
31a71e60
5f4f01ce
9c5c4da5
420d6bde
4580c65b
b52681bc
23db6320
239f71c6
2f23104d
123029b9
2f30b465
05889c54
a4d6e32d
1d212b26
f818e794
b8f58e31
11a83c4d
bdbc63a8
689f4d98
efbd79f1
8e0ead02
0bce7b21
b703267c
1c54e823
bdcea619
82694ee4
622b3ed9
a1385897
5a13134a
c4846e6c
dba7512a
d9a3c012
cf1a0491
e5302fa3
1eda2c8b
4eb921dd
7274e246
955431cd
bdf8bcff
aa4e21a5
5b0e5a1e
bb2f41c9
1407278d
4d2557ee
ec4461cc
9d176dd0
2dd431c6
e8b3e2c5
d539751c
3fa1a011
47b57bc6
10788948
836bdfe6
2c277aa1
58f0a96a
3477f72f
3f993471
bec02fcd
73134f58
73642af1
e8135c6e
f2d3c77c
3ca80e0a
a0dac15b
1d1a65fd
abdf1f01
feafafe9
a2d10045
421f4fcb
b6d94d63
b75df6f5
c7c94ed9
dae37ed5
47fe0d82
78ea61a9
a09fa64b
3fc898b8
dbf90581
037972fc
e042d3d5
18df3af5
340ea05f
07ee960d
1ae79b09
8a70dd24
ae285bfc
4af07ce7
5a1f5b51
d24297c2
78d5aba5
5d14893a
42002f78
6130089e
6e8e47c4
f554dc14
6abda0d5
34a2c889
eb3fe0d4
5475fb0d
277048d2
421b4f29
71908cac
a183677e
24bff6a5
a892d163
8d6badcb
6c4480a8
23e592f2
fc924371
17f0e2fc
a061a715
2ee32d93
1511f3af
191444c0
2093990f
1a36b679
288a32a7
637612e0
928338da
aecece5f
beb9b68d
0f01468e
f0fa04c8
ceaa2a55
b5df95ae
50c801c8
301e509c
b9836dd5
468e7eb1
71f8e57b
c856ec41
05fcb6dd
42288b9e
fbf2ad45
671692f3
e3c539a5
4cecfead
a18d3ad1
3fd60ac9
db72a22c
7d588e0a
6fd0169d
7945ddcb
f34aa060
026a5e92
87b732ac
5bea0151
b48cb2fe
10c11982
ba8b6787
d13fec53
d0197537
e0fab1cf
143ee4c8
4fa1e2b1
bafe4227
f8249e46
238254f1
2e21254d
bdd01ebc
2baa319c
29ed8ed7
014e1493
5cbfe9f1
d551b590
ee08319b
9f034296
6c3312f9
023347f0
c8e557b3
db683933
01331c61
38b83533
a1ed1b2f
5572ef2a
83659bba
374ecee1
fa56cb03
6306b46f
9833eee5
f5159b3a
be0d1244
43903394
da436818
6abf89f5
af80c374
e07ae80e
d373c4cb
57fd5dd0
60152c2a
d65d6a89
b02a1dde
20ae2e51
48a9e2f8
407f2757
865a68a4
9bf299fd
120eacd6
fbbf9243
ac24b5ad
9f80ec6e
c58395b7
bf91e3de
24f27a65
6b786bea
27f21c21
8547c019
3f4fa27e
b2535e18
8efc12b2
9163e501
0af43455
66b68050
9afdd4d8
893d5263
0389da3c
30f5639d
d01eb119
748a64a5
ce77cd0e
ed25cc8f
addf99dd
4298f261
1752e614
fb5b5cf6
114a7bcd
df017c9c
dfaf6498
671e3021
9d5f71d8
49cde729
5fe523b8
52b778dc
48ff708e
12d09a84
3e90b3ec
b50e0f5f
dbcf3ef4
167db145
e0a37c54
8acf3d8a
597a61b7
24afe582
eea13d4e
32fcbf3a
79ecc7af
28c4bd97
8495b710
9a913db7
dd9cb5b2
a64f1dcc
2a62d4a6
a5dbc603
1227d43d
977b4f03
04e7fbc8
7621a3e5
44f17463
fa2ba394
c2b8bdf3
8b6b95be
d88a1ad2
55a19970
a648c61f
c9d10d74
bf17e3fd
41e1099b
1eaddb48
22d9f758
664bbb5e
647e9dce
868a5425
09235629
4764f929
824a7c40
8ecec87c
47a15945
f953eb87
f743ee4e
e794f4c5
ba4f1c12
1e9da366
38acf28b
aaa86016
9fa45f6c
50b633f7
5d415166
68f7a9ae
2980c796
26e98ec5
9643222a
2900fb5e
3453e0ea
093a7b04
fdb29687
5636ff6b
94fecb3a
72ced4ae
bdc3da00
be3e482d
618ba222
a2f26b99
a1f152fb
cb69a856
cc96167a
df173d52
6f27b839
d634825b
e2f42fd9
f3fd0580
0f7d1ace
c6afa292
a08c5ce2
fdb57111
9ef48d86
23bf1446
3824eeff
3705111f
01615842
2fd486d1
3b5e39ae
89aff515
11ad23b6
7403cab1
0dc7cec9
c3e0ae61
997d4e85
ab1b2ced
815cd752
563eace8
f42da71d
6b1a55ed
6bbb5c54
fe19014f
0e8c4b42
48fccbd9
a420d1a5
45db0207
0e7f7cbb
4344694c
3e2d8825
f834ede1
ad528995
a6f3858b
8776368e
f692350d
fd997d5c
1d11e75b
21dd109c
28f143fa
3dea93a2
34a558cf
794a4cbe
3f4db349
bd193231
c2626850
2dec880f
27194bbf
3d0542fc
4d412f56
c5cdd6d3
afeccae9
f945ee24
108867a2
abe62ea5
9699d2c1
f38b2416
11cfc299
e590c10b
0077b757
8ab5ed21
2abeadce
6bb366fa
bc884912
97f07607
dfc11840
2c24588f
68181b8d
f91cdd67
8a766ecc
27b8caeb
c4b00f91
d0362c17
772026ab
36d5d8cb
3f3ee15d
d86af04f
a6e5169e
28ee56fd
82fd953a
8d2998c3
516555d4
08d308a1
238ea61b
3d360dbe
42c88f7a
4af4fb48
2d4f0b04
dafc9af1
da4026a8
35985875
37e8b67b
8b8f06bd
0ec700f2
308890e9
9509f8d3
fc3a9663
2a8dd6b3
b379903c
428dbec6
552df3ad
52ae6832
ade99751
4f6f2ffe
a72a001d
cf0ce32e
6a226a10
6ea2aaf0
e4968a78
2f7210d3
20f0f97b
4d1c4c84
40dcb3b9
9e5a9e14
449ced9f
55c0f21d
d38f86a3
9633cb6d
18af227b
a25ebb12
a8a9cbea
e3a98d6a
cc14a3da
e9931d6a
5d4e109b
911c482a
27300dbd
fe515f52
2c1a3cea
6fa1a4b8
229e17db
757be51e
8dc0de9e
79ad6ff0
fbecf831
bd6512a1
0dcd4ee0
36e95fe0
0062b39e
9902a495
756d233e
cb55e7ad
89f70dc2
672e400f
13b985e6
80566506
fd826309
daf7a1e2
07d103c8
6aa9675e
6f9b98ca
62b0e7db
8196a739
ff074e75
ed5d7cda
db7c5c71
a5ac3f22
e6eeb4d9
52a6b211
36d5a8a4
ecbf690a
82ad9cd5
4a36ecca
a325e7aa
2dbe5ace
839e204c
2be539d6
97effb5a
6fa4dd48
ccc3a787
ef9195f0
a1083787
1865e98b
e4cfdbf3
d582074b
f2cb6184
4acc312e
d4de7250
d6692bc0
aa91ba93
89614933
bb44b395
1d619397
85a1d200
c1a743ae
bcb1fe21
e6725c9d
339a1eae
211c1962
637d6439
3f825249
8e76a2a4
4692021b
7c006e83
83678c59
9080546b
8a19da14
fd0a39d4
77dc3f3a
edc7a841
81817b7d
a925a18c
8b593451
1a22dbe0
85d38728
0f751056
52968540
5dbe2e04
985eb5f7
c63a2354
95fcc71e
ffecfb20
a491013b
4202abf8
ff6ba6ba
c89a6571
f08310f9
a3a0d456
da7a2d6a
80f43967
276c8ace
02576d29
d37de79c
225cad50
7c7c45cc
e79f231b
888d4cd3
befe6d37
0f821951
edf125c1
b6dfe628
3ac07986
2b405f50
d2ea0a49
1f037bae
89afa716
1728aa74
2201e7e4
5d12c41c
2ed010b1
279162ba
60cdc4c1
64d3b707
fe602811
4d04a5fe
89b8afc3
96265eb7
18c95ae4
97ab788e
56a02c29
3156a53f
9ced67f7
a15b72a2
09dbdff7
27ce7254
99965750
c6608724
0794dcc1
c6b6c0b6
727c4e1c
6bcee3e0
24ef474c
e18b62ab
4a085a43
9c566865
cca16cd6
4f18ac79
f5b9452c
e47d0861
2fd4b648
df8a62fb
6e094cb0
e3595c1c
1dc3cc07
56e1d738
e1dc3097
4296165a
ff39134b
3ded3f3b
414938f2
78bf95bb
750898cb
8e48cd82
ec58ffb7
b8843906
363b55ac
2c046107
ea4fa37b
58c3f60b
eca40269
d7e7ea3b
fc6205b8
cbd09e70
38e6b48d
6e1821c5
8f24f887
e1d7d688
aace9ebd
6eef7b77
93a51e75
806d4775
20d495af
c0c5149c
5747aa3e
f1fb0a42
aa2db7e8
fa821ac1
8c17692b
3f7a808c
457b6d95
6a5459c8
9d69dec5
99e548d4
d1072b85
93d97f77
328773e8
fc034bae
3150145b
21a3a993
5c327631
81a08c4e
11eaabd5
bd5a72ad
95494289
f3274c4b
a61dc8b8
cc409e7e
a095405c
5248018e
0d667f46
c08202b3
363d79ea
f9ac330b
583c4cf9
366ccde3
83bf6702
d671f366
c2ae8f52
b27cfd94
f038fcd5
d091d92f
ebbe1940
7bdbe864
b989502d
257214e6
8abf74d3
8d2213ab
41aaf105
6c68d086
ebd7ea08
d7682fbe
32197c88
ce8f7b8a
efdcd083
551c0e73
96d37417
0a3c5c69
e1b435ab
62dc4c38
9e08703d
ff2d5b3d
c0ac8b6b
3444dc46
b032a63c
07f96302
84ea866f
fe8a15f9
fed70d10
6fce212c
a58d4bab
ee15392a
99618551
134b59c5
5298cdd6
67d38b93
5806014a
016aa5a4
c6964d10
0d99cd04
a371057f
32c87640
6b2999b1
ce0d6d20
6c4abfd4
9a07e739
bc17ef40
9d67d80f
1b2f8ee8
096c029d
ac001809
c91f3f22
56e8ec00
e04606ea
9fc879ee
ef961240
c74b8ba3
04b6ed69
27a4d997
90f0e906
ca484dc7
2128c213
a9a93493
2b4e27c6
8b4234d9
6f5aee70
f4d1e4c3
ca94db55
6767876c
e919c86d
115d873c
75545280
f5863b58
803245b5
1da932f4
629920d7
f2bb5445
406c1b42
80fc99b3
72d95598
260b2b48
b4e5c6a4
d762d964
7634b45e
03c504e7
9a0a10b5
15446d58
2bfc2c5e
5edc74d1
00160374
1d7ed190
17e2323b
1ac7d079
3fbccf58
fdc78734
355c449f
4532f6e8
54923ff5
74d5d291
9056490f
55015250
4c4e22f6
9d6642c5
333e0be1
5ca12cc1
73fbaaf3
a2d4c84e
aa659ee5
838db0fe
e27c531b
295bd18e
95e0309d
d3842073
7ae8306a
0204ff2e
69c14fa1
c4e847eb
a72862b3
aa0c7035
9923ff7d
47ee170d
659a7757
a876382b
858c122a
a048a650
d2636d74
c02a8f06
800b9639
252d385c
01da7758
b3a99a9b
29e8f6df
516d3871
91770fb4
0584fd5b
df5fe558
2291bc71
a0521c59
f722e958
2451a636
46976d62
3c33f8a8
3f35712c
7d848836
b2cf0fd4
598043a0
de20b394
a0fca4c8
630fb360
221b975a
f29b0087
1cfcd910
9236eecb
2e5b7d88
b116d886
8b8b9041
7646f31c
865a2f60
2ee64aaa
e5131810
f4ac8981
8e501bc1
30aae16f
3d640bcb
de81b547
0a61d680
ed91b811
132f9ba3
b8f541d2
73f0c3a5
ef11155d
b8369f9a
195c10b6
e331b488
d51fef86
df08a8f9
c264dcac
46db137a
88c14de3
958adaa2
c0f4791b
7b36dd47
1abec33d
58714b55
75795b02
f7f4e009
46e132c7
16e29fe7
f097c679
6d0175a5
04a19eaa
0d1746cf
195c60fd
8b512e8a
243962e2
f7ef8d69
5408c12f
68f797b0
1b48fc76
5b828a1a
6706b4ac
f1d23037
bd6fa091
16d1e205
6ebc2105
19120a54
ac47f173
c26df204
213e993e
1e30c337
0c2e38c6
d45f34ad
b032cd89
ecdd9c65
4ed5cca1
8d9c780c
4dddfc99
cc62a88d
486e36f1
056373a7
db81a2db
500983ba
941e9a96
374ffdb8
e6aefe44
b226971b
d4df01eb
50e630d8
8ddb103d
a47c3be9
cc3734d7
c1a26332
68f29d65
fd3af8ce
d938998d
7551bf75
02077b37
53a3fbd2
3ac9fb92
3ddb31f6
cfc37157
db59fd12
77b97a5d
cad45e17
8534d4a9
fbcf87bd
b3bcda2b
0c662b3e
9ba66358
b639ab66
2bc592a2
adaa7c08
9ebf2bb9
5e82b787
eed2af47
e6e70214
f360d8b8
32b10ef1
4dae38e7
fcd4d100
54af6c8a
ec73baae
88b1b288
9aa26995
cab87c56
e6f59ba2
5a3c9d7b
a8afabb7
7e2b4e53
0e2b24e5
d6ebe366
5ac821b0
c2f7392f
73695f3b
aa2b7342
0a111cb5
2344d31c
eaf49f37
cac10318
86944bf1
276f970d
aba536a4
499800bc
2bb650ab
df11838a
d7215be0
72b017d5
040f98d9
4ac4ab29
58ae5a39
6c06bfff
9f34f0a5
6c5efc4f
486cafce
c1041189
b7e8c2ef
3331e30c
78be750f
cf2642e2
708da839
1624f9d9
d256d3b0
0f735f1e
38ee7129
e8c71447
c26ef3f8
136e6bbf
03119a8b
0daafaad
fb4b953a
8b33290e
4370c014
12cbeae2
165a8754
dfc03859
a3bc5356
3c70d469
77358919
9b162e43
bc0aeeb8
6e665380
10c547d9
d820e4eb
b32c8266
d5dd4869
05e93cb1
3562e8c3
6612f34a
e6f58f31
b638a0d6
b108258c
2d567b15
e1fb2935
04b73903
f49fbbb6
04e46dce
62e26597
c8812f40
4e738140
2f6468d7
8627b381
ee98c4ec
c7dd0eb1
0cf0bb2e
d9b35e16
f1fd4961
70573f23
af8a2ef0
f84d8ec6
a9885f18
ebdfb681
4e24f311
03bf31a1
556696cc
747d61f7
334a5419
f5aeec58
904dbaa0
9a644b9b
376db333
b84bc2f1
af31b15d
024c2990
744af133
d526df6e
64a5c355
67929838
46f2b117
0a981a68
817d59a1
94fe001a
acd771ac
453e468b
34de75a3
8956d183
d9bef72a
4d7efb7b
36b39dc1
e93347d9
d38cffaf
609456b2
8d4dd0c3
0fe1326e
6cd93193
a6ceb463
6a472ef3
d241e4f8
97564abc
0e34c92e
327cf389
47ca9dbd
0956285e
c575c9aa
a37ac8ab
048b565c
23c5c78e
27e97357
d730b842
b2c87830
3279a2ca
3d13efdc
44e593d2
92e60010
823d9399
cddc3519
037d2e5d
8949aad4
07ec2014
c6808c47
34414863
bffba153
58806373
b6cd7090
a3a5c967
7b858b04
4b362ca3
00a64729
557f07dc
59fedd2b
9b85dff1
300c986d
844b5da9
5db84cc1
45ce3b74
481cad39
ef0bb0af
0c2ca5a7
c58db9e1
3c3afd36
5870fc50
a7eb5cd9
623f54ae
eb4b8408
f449fa1e
a8c6a2c8
9dcf0c81
f0ad2ee1
28af8cb5
9467f224
55fa2e2e
274912a4
ccd88862
8a5e1bf3
9e896bd7
ff0b2019
76d15dd5
9c1e0ea0
43046079
51756895
b569fc8d
208a9206
737c514b
53816e58
79036c37
bcf6f559
926e97d3
3e3a2e58
f430f311
3a143427
2cba34bd
00b2acd5
682b5780
51af090b
8dc6c93f
82a79482
8bc0626c
38d31565
ed9204c4
c28a6a06
9e989de7
580e041b
f157dce1
085fd6a1
ece7a78f
1a8456ac
f73fefee
6c5a8ade
2b860207
6d4374fd
b6ebe706
f748170c
7be4aa92
90a66685
1bd9df29
2ed5dc98
97fbcb3b
534ce33a
a4565274
d4135af8
5a8787db
16cbbed5
4eeb12ca
bf2d8155
856cd6c4
a3b40b15
02f59e94
db180299
e5cee466
0065876c
b020e9c3
3cc23859
01b3b372
29530f57
f4593cc2
b855db48
8d1c7992
dbcef5b6
8c72ba52
a0c53dba
adb55611
423f538e
0190e9ff
c8a8db12
d62512e7
7fc3742b
91a4c375
dddeff5d
ebf84c29
a8317bc7
e626f922
af3a110d
e6b0e8fc
2b78e23a
bd44cfb5
a18266d5
d7a8fb1d
6647a093
868e385d
779a8c32
925f9a82
629b5456
b9905633
f3615481
11cf5dbd
76fd029b
8e37af3e
8f1f2d5f
4b64a3de
82f022e6
0ccee99f
5cb743e1
dd5b5a87
a6bf767e
a398972b
1acdab77
ee083031
45adbc57
94f3531f
3e30f122
b4c3e2d4
1b686b1b
3458876c
35a5c4cc
2f75382e
e05c467d
fc724bbc
597e3178
ca732fb8
5f08eadd
cfb44d65
f9435a1d
e339b46f
949fed8d
42cf93b2
cf960ff1
601e393e
188167bf
0bf65731
c62e4248
b4dd5349
c788814e
3cbb7b06
6a919430
f62d1064
d66783a0
4259d382
51387fd7
c9dc593a
58a7d878
f72b2bc7
e3ce1c31
f01ef444
877c75a9
0600b810
ac31dc7a
1b6d9495
cb477cca
958cfe62
1e88714b
50766fa0
5be9d631
dd635f65
c3bf160f
6f491e6b
3b784770
25f12ad8
c7c83a21
ef27971e
42e7b26e
b003df5a
eb8502a4
06d44eb5
fea2c636
1ba432d4
b8c3b248
6e7134a4
638c4f04
63675a89
d83db97b
007d3191
d0a1af3e
d478e135
5b05e265
13d33497
a4874d93
57977925
b5382997
52e86be7
656f08dd
dd4cf762
009c76a7
7b7a6628
bd0ac377
dd48b035
a87f9de5
3ecb527b
bcc86195
8b9a4aee
4092b968
f917141f
a8eda913
8e3b6d88
31ad0ff3
4edfef67
0e320bcf
527dec2c
4d725047
bbc9f785
1ed829cc
b98650c9
0f0a0d0d
6f101864
024b6aaa
f45b29cf
5773a55e
83734ca8
69659b47
3d5f4a0e
0f8c6771
a455ebd2
afc940e9
7b29e70c
c0d32835
5e3d08fd
5d0eedef
dffc57eb
63b8fdb5
106a356c
8290244c
fdcfefd4
82d864c6
00686e8a
916ef4c9
e92e027b
cbf3f904
6445544b
4261211a
051bfddb
587e03f1
ef006b79
a5650ad6
21df5a0f
3de8060c
fe04bca6
568cccd2
06c36e8c
ee3f5622
fc52caf2
82086dbe
8960dc54
37472ccf
88f75c24
d9752972
71b9e27d
6d7464d7
5bc3b6ec
253c6ad4
80fccda5
eacc9791
5d6c8eaf
f3a2a89e
2ab33eb2
8a0301f9
89d33677
49c0cfd0
70834c9d
dca4ec81
14e30b76
cf6eda70
3c23579b
091e9dc4
5c5e97d1
3c7c289e
14de518f
937b9862
96a366ba
93f3a210
4d1b78b4
b0c45af0
a1146233
8c45da49
2d574cf2
178a3bf3
a5230507
9acee045
dabe52b4
a719fde2
9d1888cb
3c5ed2dd
e93c875f
a7273685
7d461880
b8551548
af005528
1f333659
01a9d2ca
00981927
77e473f2
5027ee65
34eb7574
4fd6d181
dc11b980
c57e0447
fdbc6105
b32baa4a
4bfc655b
c560de06
32102f4d
8107140e
3f7724e7
957de97f
f4bf3039
2071cbc7
550c73b6
f8dc16e1
a779ff9e
ee766631
b9b8ca11
adde85e4
7fa02a1a
19e629c1
47d58a50
e11e5ac1
129a2c64
2a8aa7eb
c01c082c
1f50eb07
d36f8d25
2f813551
dbf210bb
7ad6ee23
7aeaf7d3
d213cacc
00aedd98
2b13fc6c
675f9c6b
8ead2761
969ee26d
9812ddab
8b48a3db
632fda7e
4f9c45c3
62223021
799755b3
3f81b1cc
feabc628
13aa6807
3600d150
7a03e463
c4e4ea50
663aadd6
416b1bb1
0e87cd4d
a507348f
be7451ba
03d62eda
1d3e8469
7c28083d
17f96154
6ee5e1eb
6820be5f
f703bc27
a60f567a
dd207430
db94862e
25c1e567
93967bfe
47172c7c
ff204ae1
dfdbed92
f2c368c4
2e0a285d
42b757d5
4578ed55
c8c4eeb5
92d7ca56
6314fc14
ab8aedfb
08e2cd4f
b15d2040
e957d64f
1dccdecb
aa245d8e
cf1efb99
c1fd6c8a
9d3d50a9
625be8ad
fcaa86bb
1f0837ce
72d993ae
237d4f38
929ef704
ee6848f8
7c041da4
28c83310
479ba1b0
e217fd7e
843790ab
49bdc00b
d329d69d
33e8a85c
30cdd5de
63f2161e
ba9b4a00
38970061
d80b8fd2
c75edbce
f9e9c8ec
126251fa
2a2a3853
4e51d1d9
2a5ad894
d4f740c2
c3e8b992
ead9f0c7
19441bd5
5dec128b
05bc6feb
eb667106
7050f521
77c7cfa5
626c8ef8
bf67b03f
c15136b9
3e29ceae
f348e044
da8f78bc
e07b8172
d706e463
09c60306
ecfe9ff1
ec727919
87bb549a
2315c64d
721539c9
4357e674
20a15193
3e875ead
4e15113a
90bcce3f
28fe77aa
564f81b8
b35d97c4
4dd4260c
88b1c030
241a3575
214a8ae6
0ee502df
ae30eb51
86f48413
ae69454b
e31d5723
d580fd13
c99fe650
4b23af9e
c1db52ad
84496dba
0489661d
d626435f
353f09f0
696388c4
67e476bc
26643196
af588bd3
1eaf10ac
887c5423
a5a408b5
176f5f61
33e425e7
eb641310
0ad71e2a
1f6cdd0a
74ca230c
902fa0d7
f66fe0d2
86abe288
35845795
ec659126
1d9976c7
a425f046
1e99e93c
23a2b3fa
577795b9
647516c2
4a47c436
c125dcdd
bcf4739a
6f5c6ef6
f50f310c
687beefc
7e1dd88b
6866d9d1
5fa89ab3
485bd777
ee78f8f9
6785e214
47c287bf
50abfeb3
6759b52d
528f6192
3cfd5f4b
b32200d3
3aa2c803
debe75cc
cb1a7bcb
317a90f8
902c7da9
f3589c93
444d73db
6859458e
eac81879
0358b470
31652613
9ca5585d
32d6bb49
0dc4ba7c
e718f5ff
b4cd098a
40913ac1
98671459
c8c9cc69
c6738991
f7b4dea5
bcd7c9e9
99a435a2
73be718c
d2f046aa
edd3f837
531ef5d9
44cd87f7
c3f400c3
738314bb
c23c9e00
a9e47cff
b83c8e41
b333c2f1
5822ceae
4fdd9129
4290ba82
b32da639
2cf190f1
a4185309
7a3b5ff1
4e9cd2c0
1201d2e1
e3b90a56
573c313e
7379c322
9c08928d
3f7100c5
e3783c90
65f3801c
f7dd0974
90856a55
b68499ad
b9cbd9d0
709c71ca
3fcdeb3c
659483c6
0922b1aa
e435c0bf
ac7b89e6
aaa89dde
6dfa0620
f7db0528
2dacb8fc
a92ab5a5
b53c5d08
210806aa
4de42e76
a284502e
0f0268fe
d58be2ba
37c8a148
be685c29
a9b92aff
6231ebbf
625a828b
a576ed6c
371bd389
6b786b33
502ddc64
bb3596b4
79689681
b7b11b6a
8590a20e
848de892
1b3000a3
46f9a870
adc71559
0a5d4e85
bcbfd69d
5f028059
104e47b2
4aad711e
808a4b18
9e39813d
a7a38fe2
aa96521b
c326f0e1
be3af066
ec271a6a
47f07c4b
0dcd2ac7
f74c6788
c365e7b4
8a5b1d06
4957314a
ff2e009a
c2a66c52
7f24413f
0ebdab24
71f32780
b96e62fb
3d657033
e9a50260
7e999af4
1b0bfb2c
c3465294
916ed79a
2763aea6
401d0db4
1a2239f6
fd8c02f2
701f81d1
93e47187
c2b0f18b
c4c0c4d9
2a1cef95
7bf41d8f
93b2452b
d26bbaf2
c408bab5
bf543064
9ae8aac1
765042e3
af545971
a08a7635
c3a3b4c8
8ea87d77
098e4dc8
fdf95164
072402c6
c7f03613
8ed36248
a6e17551
8dd74f4b
6e286327
2e827106
e16f0bc2
3877fb3a
58c5b5b8
ffdcd38b
820ff094
b9376b94
5bfbfced
6cec0a8e
231418cd
6c3dc9cb
042b5943
0801a2fe
757ce19c
d12127d0
065625a5
a4a41447
1f216f83
ff2ca805
3c10ef4d
f321280b
5a6cdf04
4dbe2aaa
7217283b
cc77e617
8dcb8523
9af6c8ec
1a89fa49
9c5a7b95
3a9e1d6a
d48bd5da
de6f48d7
49afb013
5431faba
e57d1fb7
76a2e3c9
42f313df
c319458f
ceeaf9ff
31db4636
d5b82a53
d2bcb973
504d1ab7
90dd093b
5399deec
f6d96660
f29e03a8
e8ca3070
b86eceff
324e04ec
54aeb3e4
a469182a
e24c360d
ea621aa7
7311acda
3ed34a66
790c7455
19240f31
c6873aaf
2a536333
f13f8e04
a4302144
08e78164
8480b257
bcb3759d
97850798
db656bbc
de49b708
59c9c0e0
843850e8
1baed2f5
f808b71a
53a4ef1d
14b8f963
e2921e7f
ef8de092
3b0f1749
81c9d1f2
25fa5ea6
535d506d
2c694343
7c6040ef
794a8a06
a60289c7
5edb7ef8
e50b2a30
e0a38109
38eef6fe
c988a12a
774e3a0c
1ce32733
c29b64c6
0d55f451
b7ea6a4b
d718f023
58fc1929
9cf04c62
bf0ba2dc
9c343693
cb4bda1d
fe4c9de4
65fb5489
8d154817
79e5df99
c082bdfb
1a65a7af
418a56ef
553fc602
9bc50a5b
8baa7f26
71366bb9
d11f0325
1aefe4e4
cec038da
8f4db725
95f3ac48
17ca5f26
6658bc7c
db93ee2d
9ce48a53
a080f37e
60a42456
d7b42c72
b3986a87
fcfaf819
e13fac4d
bf4b93eb
45e9e7c0
a745a080
362ee439
c81466b7
905b0f55
0b4c8d69
a18d201a
34eec383
0faaaa3a
5ea5e3ae
c45fbda2
e7800e2e
13de1afc
bfa52d66
b9940b37
04cbb7da
cb6cc600
6ed30bb9
0d23785f
bff5c118
d0ef1edf
078cac7b
a37399ca
58e056d9
b1959053
91a8e91f
72b69134
c3e714dc
491d1ad7
02195e0b
61a470f0
972dd6ba
e06e5ec2
3d98ddac
e03ac25e
52da518b
687d4fb1
973a9167
28c31363
0e76b22f
978dcf05
5e92643f
34eee0ab
c47bb2ae
10ecef58
213de62b
e2ca6af2
d1fc17ab
a18650a9
373586ea
2cc9e893
482dbe7d
e522b0a0
7f0a3d6d
c87153fd
1b81e1da
85775ca7
58c6f3d4
9f9625f6
e1343d1b
b146fce2
62ce83db
ad40e628
292d3096
6201dc70
de189bd9
5bfb3fe2
a40b4b7c
6b645185
65c5e42a
cd1e280b
9c9721a7
d3760943
8743519b
32a26103
3b040838
96a8171d
9d187b2f
6c9f9c5a
2c977c7f
0efd02a0
23efc244
34ea00be
94a1969b
35654a36
1ffebfa3
9602318b
8a4da029
6d326e73
ad09474a
11c97e50
8394b5c1
c695d111
f046949a
800af705
dc7cf07c
f6e18833
0293e80d
521a9cbb
41141928
5e24b258
51247f69
d4537cbc
883e0e26
32dbc627
5248aa10
13ca7b1b
50df6684
90bd2bb3
a1ba9339
777785bf
b1fc11f1
2022267e
9ea9665b
790d0beb
c00adfad
3be4ecc2
5ce8d84a
497446fd
bd688a9e
07c469f4
6afb140c
5a262ed6
bb95f033
8ddf1f54
7f3605b0
abdf2816
307d3d30
e4c56e72
5e9bb0bf
5545d73b
83838355
813f4370
f181816f
688b0587
d845bf7e
95d76e7a
9a2e2dc8
ce841c74
0547b3f2
16109ecd
e6489fbf
6e444cdc
d953aecf
0e72329c
2553cb45
dff33fc5
3059c183
9c1d2784
79d58dbe
2c06bb67
40d79270
90790c2b
ac29c45d
7c5e273d
5ca36b58
f2e94333
8c2de892
0d13f97b
42878360
16ae52bd
e4b47f19
89fa5bb1
36299529
52adfba9
15b2dfcf
ce5bd12e
4b4a28ce
15acec67
af252334
be3b5061
4d17842e
39b96bab
24c9fd98
4c486948
7f31b929
86471a57
fc1663bc
79735e2d
1f612ef1
1083e965
4c615a59
ba622c72
39f7bca7
88d84467
137f5fdf
a8dc8793
c2ccaa6b
301eb4e9
4e50dfce
eb0aa4fe
165b8151
96a0a646
4146f015
f1f844ca
00b26f05
0fc0f219
4db5137b
16017bcb
8c466188
74bd8920
ef027418
abe628f5
3a1a0b90
84a54d7b
dae0e79b
299bd694
ea141b9c
ad1094e2
368260bc
89e23411
fe269d1f
cc055bd1
2dc6483e
80cfd74b
01a31845
4083a827
6563b479
bf003b36
3d903a70
3b73e789
93d1781a
51e27172
648212e5
fc6da9bb
22c1ca58
e5eab596
2a60cc99
1b74e7aa
a443969a
12b6b3c4
48304637
1d9a1d22
734c182e
64a83b7d
0da88735
0404e749
85ede9a7
efd5830f
9cb7c74a
8cb2ea98
3d29c5d3
d494f7a7
a5ccbd25
d63c570f
1b6532db
014bc56f
047a90d6
df380931
43064ab4
c4a415ad
08ec5260
e865a6dc
8e8f8879
aa4f593d
295c2204
2baab4ee
8b8c2256
41ba742c
3376fc37
12f7e25a
1210d24e
148befc5
3a78fbd3
8db18fdb
1de17de1
9d387683
c0cd3949
ab58fff0
b335bcb7
93ace219
0fb41c32
b5e0fe9b
bd9a79cc
add5ca20
86174891
93b90273
1b8c06d6
ac65df72
d555a478
910e9870
6315359d
e2724294
5d3ad6f1
caf8b0ff
fc3fefd3
3642e051
40e5007f
a6981361
c3902362
06b988c5
b181344a
c3c05c11
dd8e0406
b4c46001
825e0ea5
d3f5323e
e29fb8f2
a672a769
9058b037
ece1c012
282a08b9
02fb92b7
60e6b3a2
a78ed0fd
beaf9e3c
a04b190a
c945d1d6
2719118c
6e5ae314
1f50bb9e
66520e5e
08790738
5396c041
1ab6cb50
b469832b
2ee50921
44412dfc
b01c290d
17042d18
af01b39a
0ea012e9
f159d0a3
383d6d36
05a82fbf
a331dd24
f371d42c
f63b66cb
1a075484
6b529851
e2a8cb06
ef721d80
0aba7f93
0cc08fb6
f7e34d11
7883ba0d
7a97a6e7
f999aeb9
23fd4c40
8831a645
e127df93
8eee9924
c2e1669d
093ce959
1d9675e8
f67a5696
4a33f82d
431b2e47
a5e78912
c3649200
b219cb1a
358b4bd8
673e6a97
2271ebb5
94639561
66bb7c14
fff1709e
50c5fb3e
83083b53
61b511fb
6f2ce97a
2a55e284
297318f2
a624400d
7a1039c4
21c05850
9a8c489c
1520893f
15d87d4e
49302b8b
9d2d318d
3a35ecca
ce8630a5
4d8fe8a2
7d058127
00c2566f
ef7205e9
b87e7fbb
fc5be03d
66d7d6f4
533cf57d
d2a27ad7
44d99387
e1ff44f8
b25f5f17
b15d35bf
82706d15
c499655b
9ada019b
ee163cd7
3b8ef053
91a71cdc
5e6a5ccc
38db7394
b63d9a26
06b49832
96bd6532
d5fc3159
28584039
b955cbef
f7406ba5
d9fc4bdc
7a56c738
009f1a8c
2259a868
78844b07
5419b595
5a45b71a
59f28721
5d32f65d
1f67a10e
7ab1ddbb
2e786aa9
9847af50
2e2d9791
e623091e
d0f6f7b1
407421c5
e8edd969
e95de902
7d55b6df
662db579
cecc0149
b47e95b3
09fd3333
72cb90b2
82d6b943
3bb83cf9
d75f9007
8a99ca98
cd532e1d
61faad57
6ff8d478
bb98c428
8b4889f0
a3ede96c
1b281d1d
3c0d48b3
d00f5daa
c4024bb6
eb3bd608
be958651
3d6fb923
0c6104e6
236546d9
610119a3
9fbdbd17
704faca0
3107918e
bee2a8d2
ed0a831d
df5f54ef
ac7386b1
22e6294c
d8717a94
5d2eb28c
6530190e
3826b165
3418c52a
9900d668
873717ce
df2059b0
8297a441
84327a68
9c84880a
083d2c00
e514e75e
cffb37a5
f99065f6
b71ce4e2
351b3652
98db5c07
280a031c
a4e82e3f
05f76ebc
ce6a467a
e2eae645
eeff9235
aec9df7f
91710c39
1aaa23dd
87403f47
01683772
14e43f0f
c90840f2
d0a7d7af
fd9534c2
8dfb0102
e4413138
b6baf253
26304379
ba2eed20
e889c2bd
1809250c
833ba1ae
f3f56457
72a1a044
cfa9de36
776c70db
907cb95f
53269f0c
465bd81a
9113e640
195a0b85
1fa937e2
eaf490c3
7bacccc8
9dc37f7e
5be51b4b
5299084b
2fcf37f2
733bcce3
21cdcdd8
8c733a7e
ae5a2354
e1b0aec0
ddb12603
6d52d6c0
d02300f2
9ef0ce06
b41dcbad
0585c0b1
2cd21d36
3e7f0c5d
bcaedf90
d5d4d8c4
caff504a
6b429bc6
c85882e0
97af2137
e3298cc0
5618e49f
4f6d897a
c8ddfe1b
f6d4c4be
1b876826
78fe897a
41e5c793
fa4c62f0
23c7ee8e
8ca6f7e2
17b9900d
44ccb9da
1479ced8
7824bb73
cab599e6
ff05add2
50ca6091
86c6a48b
16e56931
723f02e0
fa079098
4aa2c661
dddcbc91
f1950b01
06b71d23
c0be8e99
f6ea0dd6
59b4d12d
2fe31c7e
8d7141fb
e7230ba7
a5e512f8
49ddc131
32449a1a
d1ed1559
4e1e821d
890d947f
931d0727
2f6a9c1f
1dd49578
12e257d9
41bdc2bb
634fdf2b
c74ad5d3
55cc8968
630eb9ea
2ca01a0d
a339ae5b
b9cbaa38
8902bec8
d97d449f
f71ad1c7
1fc5f3fc
ea26b04b
385c6e2c
3d3dbe93
4c26d428
495c2fc2
8061db8b
3ba0ce25
d70d3409
9c340fa1
c414bcc2
c5972616
22449733
d812f86c
6d02674a
3a1bb134
aa0f436a
3474d3cb
e375dfb4
61da20f9
7632b949
1da06b5e
4928e1a9
3f65fede
83f3538a
b01bafa0
fb5f6479
2c748cfc
94ee7eda
bc3b54d7
3e1d115a
abcadf4e
f7eef865
3f1bf36f
89a06f2e
a3f23c92
d41fd224
800a17ff
229bdaa6
5d448ac8
d7119065
a76b3494
e994f443
4d33ad0d
ac0264c1
44d84ab3
e9893c4f
b9755bd6
c8e71c32
432684dc
510c6bdd
970f1b70
cc0bd50a
6adb176d
0c2bf5dc
d4fa562d
c4d05530
9f460845
d04bc0ac
d85558e6
d7465833
cf4ac0a4
5a76274e
75ee6f8e
5622619f
18148e42
fb0c6a27
7f28dc69
80373214
15081edc
07fde1a3
2a8cac4c
95aeba6e
444d1986
94e87bc1
6eb99604
2eb1a3d5
5f426b9e
6c453c6f
b1e6bb71
15830a17
45b1151b
68a635fd
758662de
fc61b018
f8a7e8ca
97dfe41c
c40f46f9
0b8be203
7ecf23cb
9b5cb407
c11ba2fa
1c3e0f1f
22ccd420
71949769
308db664
623a0c06
aa6041ba
70399157
cf6fe95a
3b7007f8
19e22c06
993d4145
e097c537
20ce0389
72fda729
136c013b
e48c02c2
d098517f
f9e4b648
53af66b2
5253c079
9b82901d
b4d857ad
86f21b3a
2137ddd8
18742297
8c945cf6
75029a01
1a0ba51d
3daeea0e
28f37342
6f6617d2
778ab61a
08d1020b
8098659e
2405db90
b2811050
f1f3c3df
c9e92ad0
24b554e2
ef069061
0d5025db
ff78dc89
29505e16
e47511f9
4d61684d
b0d1d184
2cd44ba9
105a8507
baa1e014
3b6b5b4b
f9bff8b1
9e8a2a6a
a52e7fc5
3d21a668
28c30c61
bc6d850d
b95b8ace
b17b2789
b4af5854
23029d8a
f4aeefdd
7effd08c
3563f510
ca088815
e93ce93b
2cb3b85b
557835dc
da70bb51
2209ac10
43fb2f7c
e08c9c9d
f4830382
37c53f9a
afc5cc5b
d0d65de5
d4a22770
23420a85
1a869aeb
1a498736
c0c4888a
ee23d61a
0c47f351
84354484
f6dab5e2
f6964454
a07d52eb
76b8b92a
234db880
258b8064
85ede683
956939f5
53a97837
d72ffa1d
3993b1e5
3d78b6b0
2f1aa1ce
08e1f0b5
a9aab3a0
68bef629
80736bce
7fa37b8a
dc03b10e
b0ad02da
2413917d
db15ab07
68da72d5
aaa2e380
380e8b8e
8ae1389d
82014440
c396e45a
6b36473f
195d5d9a
d2038146
3ea3745a
9a3294ca
18c872b7
c8ca15c4
e48ea7c7
18c5d191
cab54a1d
5cce0173
76de9542
a10fc6b3
138dffa3
6885744d
d4bbca7d
d4f9b003
55da626e
f695440a
9e5fb145
1f81a642
da93e7b3
bf1756ac
13074d39
c0700743
74883896
de146421
8aae3462
03bf776a
7ac54825
0fae9ae4
567b2425
be11432d
4abf18ca
084d4041
2b773e31
dfb22c2b
2d162063
1dd2a7a3
61202529
4cda7b56
a81a1a02
2462f563
1c2bd60a
782e8529
71056cd0
f8978b2c
6e418efe
b20c63c3
59101550
630c3a22
ff82f23c
6078e0bf
9dfb3869
9bf94274
17ba3feb
5794083b
5088e028
f40df88c
1c5ae195
f01fc113
16316e5b
76d321a4
92f1d755
3b29700b
416a8997
75e5c355
02521445
c04e6d9d
799e2a58
458066b4
fdc72640
5faf7454
93890b02
93903c3b
90abbc6d
2d9baaa2
5038601b
8cbf4912
085e4489
da4f9df1
5f390075
47208f67
a9721bc5
522aa6e2
97e84bb0
a3e47c47
7159b4bf
c7563b09
3115957f
b03fc935
471c9f14
e176de17
b0c7b7de
f4a9e643
049c4829
2561d5ad
1ebd239f
438f93d1
0ffe8f57
3ddd2879
a9ff1a88
c1b1e7a7
f10ceeb1
5a607b57
02ad8331
7415c6c6
ba853507
75030c29
c544a315
0479678c
aac315b1
d876b3ca
416599e5
60b147f5
5220bcc6
bd798bc6
fcfcdfb5
6e0561d7
4b07156e
49391b9f
a5b7bcbe
284febbd
d4be4fce
6c9737f5
cb4e9a87
70ee9662
0b4dd622
5bf79840
f23ecefe
9a8a4e18
b9edeff3
01cd9519
28e6f6c7
37801e94
739eeaf1
986e9906
a425a5fa
19c963df
9f022096
01e651a0
9b5ceb40
2651be4d
48eca1ac
c8e20216
80a5acef
35d4981a
60b4dfdb
0270d9f4
b4b28762
aa0ff4f7
0460a01a
4b595918
be5c2b49
300c1993
9170cdcd
b62ec3ff
50841457
727c3fe7
13a1a385
0ba8a5e5
ed67453a
705e455c
e8636b6d
0291fb3c
8c40c329
3b40b670
f965f901
99237ffb
79c69fd2
16526fd9
30c1f47f
2acb1218
4c12eeba
e0734a87
81dd2865
0d22a731
e7c542fd
88fe2f17
e6a2d06c
6276e757
24d53820
f6d372e7
6ec8e436
5359e32a
df38ca02
00ed3939
932ec368
b7f388a3
18689771
3e0aa477
36bddc5b
6b3ffa48
cb73cbb3
5bd88fc6
b265e1c1
89fdee1a
15682b62
a77736ac
ddb2266c
cca2eee6
d8f7f839
0d960d5c
bd5ea681
ab1dc0eb
9a14e9d8
65e5f577
1cd29e9b
2d4f9460
06071e86
c589e886
a31f69e7
5181ac17
42dfeacb
dbcdea2f
8f66e5ed
582ac7a5
516c0012
29923b99
1d21dfa0
e2ced85f
16e613e3
9f8bcad5
14e7c4f9
6c41ceb8
7e7f56bd
334dad6c
50adb494
0fa610a2
efcca7f2
8d12fd24
988e755c
04347b2e
3fab13a9
0c96e974
ba42cd1a
e6256701
26258cf8
aca089fb
1adfc895
f29274b2
185b0f6d
3e13db18
dba32977
52d8f3d1
c6c45ee7
923d50dc
eefb2c33
d260471b
66d13516
9bbb6334
993d49f3
c3925d73
368ec823
1caf806e
3e7ad9f0
60c40e7f
4bf58bad
804106da
3b5a272e
13e766f5
8cf7bfd4
acd39d3b
7decc665
d6744862
704e5507
a4262634
eba2a689
936d4579
15702c67
4285e801
2e808a8c
5ff5d363
22381a34
401edf43
b1707287
299880aa
4e95b8a4
9aa36ee7
fff964f9
d9f9094a
d671179b
39daa919
27a69024
c29bf964
3875c1a8
5317e04c
53ccfd3c
305718ec
1b2732aa
208bcb76
4ecff6f1
99aa003b
23f48cea
0d6967bc
c1b276d5
d0eee997
6074aaa1
20d18427
3046c7a2
a56a48b0
15c1ef5b
83d47e43
8851e055
f08d58c3
4616d8c4
d58e748d
ceabd258
4d762053
5450bbd4
867eda9b
8870c5ba
50e884cf
c9539a04
9fca6730
bb529b2b
1848ea40
3edcc68f
d9eaf302
3f6e216a
ec3d143d
9ab6745b
90d10526
750def3f
07a6f161
d1ad4fe7
886a1f2a
4600df1e
20fd228b
e30415b9
9399f562
5f1ddf7a
adabce79
0bb2f3c3
c198b270
dc222ba4
b855ebea
d4741c58
e8935426
ebc6f128
648e74a0
0a6a56af
be2d4c99
e825dd50
a5cbe626
63874577
b9f7ea52
66a51077
abe23a99
a2ddc4b0
8731e400
1a2f26e8
eb2d92de
0cf56efa
927f3610
1c7a5734
d05c06ed
86b96dbf
6ef7fb81
029d91c7
d1b31c95
e3f421bf
e0008cf2
14eaa7aa
e46cc8cc
2a8df8a7
e1d49c7c
f6530a9a
3a81344e
b3e65a8d
6d535f53
f017ec2a
a30b083a
b0466254
e9f260bb
01e71a21
e1c0fdf4
849fe3d3
7479dc89
85f5ca80
f62712f3
60a1128c
f71ddd1d
a525502b
560b9bab
719a8b02
d1995ede
3be07119
ba5054b7
c762c96b
47c29f35
db8c46b1
7ff50c33
98220622
847d5318
0cac6b57
610d5078
dbfa2d3a
7f5f729a
c5229bc8
48a64a13
fd302fbb
ea13957d
e38d458d
a76abe4e
5cb70205
96eae1cc
0da9c99b
4f0d824c
dc468924
055b617c
07e1975c
4a133511
7265c1af
022324be
1686760e
97cf66fc
c90053f1
b9a51708
5677f989
194292b2
0a762c56
ea14cd3d
8615764d
0de68288
b55164ed
29692c9c
65740d83
2a132b41
3f4c2b05
b9e879ef
0a7394d5
5fe7722b
f17a29aa
9623097b
5c2ff39e
b001bc58
35760c1d
dfdbf64f
ce2e083e
5efd431a
f6dfeac2
b09d4b0e
c3e713d0
b7fbb026
d0a850d3
22030671
96a57656
cab872c2
40965dd7
b1a09fc7
fa44ac0f
da7ceebd
4ac52112
6a2679bc
6336925e
c9265fc2
d0b5f029
0d8e0d74
6fc405a2
a3dc0020
34747804
27ccfe4e
5a9806c5
f8a7df22
8381aa36
91ede059
e381156f
0384a7b8
d9b13f5c
7fefa661
d78d8abe
2b870a87
44a1fd0f
00ef69a0
0e42a5b6
dd6f5b37
5b284437
805b76e5
a1dbc6fa
9f6c52c0
89e08018
4483a2f9
8beba31d
cc3c269d
7914b0ba
6bd716b8
537ef4c6
f80c2df1
e365ec6f
1d4bba3a
f9807fee
39a64aac
69f77f63
45445de8
ce1fecec
ffa0cc5d
fbea41b2
17fd172f
48e12897
12c2c952
64785cb7
ea16179b
51f2f451
a4e8f7a6
71903fbe
e9f5ae5e
7836e42b
1b0d8ebb
25881a52
d4aef529
37cd60e8
742c90ca
f60fc7ca
fbbf5496
4d0a4666
65f732d4
9e80e57f
2c6bf7a8
a4ac28d2
c2e67c7e
d73a4517
8fc4a4b3
70ffc53d
b7ee6cd1
5145be8b
20f76bf0
7a080f9a
b65d2f67
95155259
c86e5e6a
fbc7ce43
edf67694
95b6a682
43327c9c
c01586f8
82dc7d4e
38f43acb
dcc13cb7
6e1f82b9
9384d28d
c04c3c26
fc7fed47
33b22027
86caa497
1a37b118
6ef538e0
d3b21021
2c4cd4c5
9cbe69ef
6069f4b1
273dc168
f3901e52
b8b84582
df114a11
05b9ac3b
11e6d422
b7b6981e
60b5dea0
7e0a84b9
2a72a385
2c799205
0da91eb4
f9398605
685d54ff
8419e0b8
9ad1cf22
b3471a06
50d88863
884ae9a2
f609631b
0515ada2
f784aa33
f0242f73
a2e27998
b8e3c687
13aef016
c4e4c4cf
eb6d21e4
8676910d
e10f778f
9658a17a
5765ed1d
a858479e
8d466466
98cdba67
82273730
f62ee63d
90112f98
d215c863
9809e497
e271901d
9bfa4f75
62952a45
6338efa1
49e0e443
8b9e68b4
931b3d97
dab014e0
73f2d8cf
c56e1068
5ff4211c
f6b2dc84
f81291bd
e076111e
ecdb3f9e
49d83ac3
4420430d
86647722
d12d68d4
7f356707
4f76141a
d54b8db9
9f8ea0dc
38706067
a63ba403
a0dc3035
1460134e
cab70c8b
b1bd7655
33833217
7360c02f
18e1ba8a
0aa67356
479e839c
71393709
23228fdc
25803805
96708e5c
95c7b3b8
593e63b8
873c1fcf
80941faa
27df29d7
9611b585
07cb87d4
1d6f261b
3131b95f
1701c064
94a5762f
f268e8fd
b4798712
211549fc
737cc9e5
f810c778
18c5450a
e382427e
13252de0
9e1e2665
8c91dbc8
d3324f3f
b8bb75d1
63579ba6
621358ab
dd5baea1
4d7a8439
444e0aa5
af494b78
27efbf37
faf100ad
736aecbc
2c46de4d
4507fa1e
8c272533
8885ceb3
e40b9967
535d6372
87786c5a
3b48ef81
7f310841
9083450c
92878ab2
fd7f885b
271ab7a9
11ebb8e8
a001db45
4e342286
60356903
72c31f98
594c5afd
ffa503d8
fb1fe8ff
358a7360
0c428f0d
e064d1ee
2f9b39d6
c71e463d
f55d8ab5
b4417c6b
e4acc8fc
ec577407
e23c87ff
cd8f79a9
b5ea683e
61f64578
16d2fe2b
41e8ddb6
045a39f6
b06898f6
39064a9a
91eeec71
b8793051
a09904e5
89f558cb
9e23f38a
c8b3c9e1
7c388940
e365188d
3d1abf8a
f37294f8
add7579d
5ffd454b
d6115c70
98c9d330
8e985c31
2583fbcd
f2da8325
f340a420
929bc997
68cc7fd9
122e4f69
a882ea33
ed38ec76
c553b64d
ebee00d6
11f37967
06c2d63a
634e45e9
be73be2a
813e6c44
8656544d
5ed3926a
cdd57f06
5e6fef4b
b656f374
4eb29ee8
5d5f2036
f3b1b46e
262ffb17
27148248
1d4a6e29
0cf80439
7460ef1e
aa5e482e
fa5c55e3
4dc4608f
f823c525
9ea2f14f
e90b1905
34dc0e74
11865efa
07995124
773977d3
637f2e49
6142b459
0067f651
845e0605
10484292
790c5f18
32af1a75
f1ccef12
2cdb4c2d
df06c7c5
b8d475e1
d3281d45
37d7cf5f
24ac78cd
e07049cc
ea420467
4cda098b
1177f62e
b87c6606
6311b3a9
fdaf11f1
e6983b43
2cc03f38
a73371f4
dd9073eb
d87c2c12
724fa8d1
2609cf95
913ec9a3
d91ac2be
299cd98b
a1ef2a3b
0299bd59
681fd7f0
015fc630
ecad5000
02b4ab5a
595e8cbe
8ff4f52e
7dc73d06
8bf6d7ea
078a1ffa
d2bde9a8
00b452dc
21e222e0
498b5339
1d0e9cfb
52a61638
6e40e261
de5899c2
148b05aa
44ff1b8b
94611632
a8326a4a
af8bf3f5
76de1bab
33632a4c
752c9ea4
244228aa
dc68d775
32de9370
650000f1
01e13c71
adb9d59c
fa96bb99
7a40c99c
46c2893b
11d8f502
8eb924f2
63455f77
63a59411
c0529e86
20381ed7
d1efa43a
482945c3
eb545b7d
6bae480a
cdcef5ef
375202b0
92629de1
16bff3ec
80185203
806aceb4
656c7c02
1701b36c
8549f403
9d8d487f
7ee5bb07
24180666
45f46ab1
d047d135
422a6b51
4987aef6
b1161c63
fc8158da
ea28aa53
6e1b5ef1
9ede5443
9ba042db
6e9943fc
6e7cd2ca
ee004e47
397bd1eb
06ed6729
2b901600
6b927fda
dad6702f
090709c3
9ee8c179
37a2ea4a
1e4fedf8
6cc0047e
07033ef2
b2cd44c8
2e1b7cd2
ed271223
da63c64f
8debc719
1ebb38ce
46e4c01c
a11a915b
ad9f8572
ee9e8700
d2cc2785
a76aaa59
5acc7172
b6931f47
dadad72a
5413bf79
49d94e48
aa36fa87
f1bd0908
9f874cb8
04db363b
80af3223
c3921b50
36fc2a11
861890a5
80accf92
86df4899
dbe5befe
49d1cf54
84b18017
128bfde3
b02cd915
76404f57
e3758d99
360907a2
4e66619a
d6b3243c
e4b24359
9c54bc61
1e61d4a2
4ab9fb18
c09178d5
319e1b7a
e6574214
f5afd4aa
6aac61b0
8fa9e377
e9394573
33aaa767
c131a34d
d26ac57e
fb26a199
e52eaf50
b044da46
ee941ab6
a7a479a9
15769f65
967917aa
5840ce48
c542219e
c2501fc9
25a12dc1
4922ac71
b682bd68
dc1e29f2
59a10659
b3c1afe6
1a9bc784
7103d25e
e4f9fcb8
3f9f146d
16ea21fa
fb72e7ce
1db179cb
dffb5edd
cf9351a4
5f2f98a2
e3f4ee3a
06fb201d
1fc5b0eb
baf1a776
3bbad45b
bcefdee6
46fb4c8a
0e2d0b07
306135dd
ec510726
aa91264a
fb55647a
e3d0540c
0baadb31
667d912c
dd7ecf8c
7d5e4ba8
edd498cd
765e4f5c
835f2673
545f76b2
25d14d01
a62e4bed
91215e23
20885bf2
e3e1b21c
0d312560
6878cac7
2b1fd056
dde9f711
4f2eba3b
417f9bbd
af528fd2
44bd364d
7605d5df
8cd3dc02
b76fea12
9df1ca1c
23ba5ac4
ea0633b4
c68df580
69745200
a117dbfb
15d14404
74a56f52
81d92a3b
6b0eb7a1
ca8f9416
d686c42e
6c8e5c62
3bee9d2e
88d817f1
b42548b6
4bfc2418
e547b9e4
193f4e37
edcdc0bd
45388913
20f4fcc4
05669fc4
b0603162
4a658976
de833c5d
6ba0fee9
7fc03aae
6cb75192
93e4108e
74e74352
01ac2ab3
b8544598
92930292
efa98160
a78755c5
8df0a8c0
a330257f
17f51c78
cf74dd8e
ccf05bb8
676536a4
8b78e78c
36534b28
01629005
b2fda78c
fa561cb8
1aa45013
21c78b41
ecaf6ba1
81300a53
880945f5
3e77f30f
252b6fce
212d3ad9
4c6a7814
53371357
4db79ed4
a06f8890
3dd2c9a8
28b02890
865998d3
9ad25897
01ba275b
54f27bfd
c3f48f73
2f235ffe
30e1a09d
ec82bb65
388c371b
288da415
cc3944a8
449fdaed
3113af0e
dbb6df76
1b0942a5
7104426c
350fc28a
6b3545f3
514a7a54
0d81504d
a12c0335
3d7e4dfd
146701a6
50017b83
230487c0
4d4ae435
d53ecf67
1482aa47
51094ae1
18b64d71
2af5afe6
31d90c9b
fcca22fc
df16ab6f
a85786d4
be1ac250
7dcdee6a
81daef9f
d232e569
8100e884
1c35b2f1
95001ec7
bd38da17
0604ccf4
52624170
6d065cb1
30b1dbc1
1ee40da5
b01931d7
65142e97
95aab9b7
db897986
4c20029a
c0ee9421
53e64817
85000f1a
6e23045b
2ec0cc76
74855f0c
0f0a7299
d69b11c4
0eb35252
b9a4e091
53a947ef
31585717
b328b1a8
11396add
82db573c
9ee5a5f5
2643f41d
57ce0f1a
43791cd8
55ed63d9
009a1533
aca483ba
b41eccef
d81c44e7
f12a37fd
e682dac3
497e7d88
28b9290f
407c97a6
f3e654a8
8d4dfe24
2d68ebaf
1b53b538
b00c5759
8f035f71
38740968
0e41d36a
bdd02efb
b09a656a
d218e670
17e5040e
d88da16d
17e2c9f1
c68147f7
32dec687
e1421747
c99863b6
7c81caea
aaee4a33
bd0a6887
8cdfc4e1
4bd03bc6
01c27f56
ae39eeaf
dad98fa5
1c6994d1
bfa7cc91
7f5d7169
247f9048
fa79d17f
902e9332
63abb4d3
ad855410
31d6da55
80229201
9e89485f
84b5b84e
aa248c42
4ca59f22
0192d308
2334c929
7d04fec2
2896acd1
33dec0c6
a1b2fa6a
d28c5cd7
bd536090
d22e8bd3
de81e29d
01118dd8
fc7297d8
74f1998b
241ed1cd
136b3972
840a16cb
a5212108
657fa3d4
e888097c
a2b0bf73
1f458a55
0fd6afea
97061ab8
f57e45c7
bf0f6053
96b953ec
a7ebb641
3d1b08fb
9c8ec1db
a19781c5
2ca69426
0c648201
ff771580
bbac14f8
3432108d
2069c481
00902015
1796d1bc
d15ffe83
5464acfd
c250b1a1
cc502d02
b0974f08
a928d189
10e9deff
0c4b10f2
269c852e
c2512fc2
30e0cb98
94868a7f
3e44ca6e
f078f581
4fc21ca8
0b07b83c
dc6d6dad
c1de0e86
09a673d7
63d5b384
73c8b3ce
771c9a44
acc59093
c2f1fe53
2ff1c17a
047c0786
9862118e
a11f1701
7d31352b
80ff7cc9
298d28e0
c6aca844
65e3a442
7477cae4
df6a18d7
01a20256
822c7276
89b04ec2
1d03dc3c
3118a818
9b23eff0
f63eca5e
75fdeb09
588af8be
0fa0f25d
3c6df140
e532c70e
a7baa30a
91bf2661
27ca9a7a
28f2d0fe
52797ddc
0b87d7f5
f484fb5b
ae241eaf
b4728634
fd8b1e4a
ce6fac0c
cc4b1196
8214f785
8f84999c
317b3f8d
45fb71a0
f5ce7ccd
c1d0e5cb
60558db6
855f2c1d
ce65c00a
684928d3
44363989
c394d2cc
a7062659
5b18d8d8
f672a7d4
73a30083
9d0d7e08
cf068d9a
d92c6822
a1073b2f
8456bf72
b81903f4
4e8cf75c
8bb9a233
aaea0d7d
8123b6ba
b8f8961b
7335eb01
faf22511
e6bf4f8e
8a5e8ac1
2c89585f
6fd8eaf0
9102de99
8973b4ae
d58c8ff2
0ce944ed
d70ae15e
9caff0fb
8ce3190a
b6f12f3e
44ee7078
786dfaf5
653347d4
4e5f18eb
c4727fef
781995cc
66cac3d4
4642440f
d7025c1d
535f7624
cd576ea7
45bf1c3c
23aac994
10b79bf1
34eba945
4afad827
933ef073
28f421ca
45fb69c6
490ea3bb
e9878b0b
b144b20a
33ba368c
6a819aae
afd84dfd
5c44dc6d
91877397
fbf00115
ddb5c063
9ae1a523
41558139
b325e99a
bffeb810
d6c4b0bf
12166212
1479f478
fa741864
10f7a53b
8daf1934
fd07a56b
1980a483
b00786dd
729d8034
8cff5f50
03fce03f
68239359
1647ad5d
ddb46e1a
1070386a
2d5fe5a8
872d5467
58a7af80
316527bf
2c97352f
feba2781
ba5b4e6e
b6d8fa1e
6f143562
74ba92a7
d711ddc2
30e2c8ed
530929de
db82cbad
4b17c62f
2d37cf33
a3fa2403
259df5ad
8b3ac258
1ce8fb79
2b50a4c7
2f4e7936
52413169
3d2c2a05
fa69c6a1
4bbc731f
ac998fc6
bd0a16b5
27fad54f
adb3ad17
6eda782a
2fb60e43
1c8606bc
97a7adc3
cef2a588
7337cce1
824f602f
6c2f397d
141f8109
98df6889
b9b3f9a0
136dd6b3
d61cf2ae
29756d2a
a4aa0dbf
485f689d
ba645c7c
cb1a6291
72eee9fa
9b240f0e
7c5f51e7
eb7f022d
12a86b97
66f1c7de
3c08ec4c
562303ba
69561569
458683c2
5df56235
463c0dcb
d8d66fb3
968d09ea
98a7a121
69b56221
0690316e
bccf572d
40db84b5
e0adb2fb
168e7424
aa5ef71f
60dbf6be
278b17e2
17818e4e
419fed87
c4f045a1
20fe1faf
62abc49f
d5b7bf93
c58462c9
407b0c05
dc1a95b4
c659a933
74ba6b1a
5ecbec24
8c8d073e
963fe171
65fbb036
f0bc71f9
a44702f0
9fe9c456
6a167b7a
c199d535
e56cbdd6
fe5c2309
d36846bc
df6ba190
6eb60988
f3b28282
c2a45cc2
d1bdf529
ac818d04
1bd325c3
245425e3
bf6f5d03
4109fdc2
2e9099c9
1e8651aa
89a6f904
8525fa98
b2d16304
801ead54
a5f75f2e
c45064a4
24db2130
9355f74b
d29caaf4
e838bc19
21882b4d
f3fb84b3
1a741107
7203e2f4
befdfe05
b08c8942
48ea7bc7
57f54cd2
ff7efd41
ee514a8e
165c0e43
7bc685b8
5ad60243
dda48d6a
4863c797
6f776861
d8130681
40db0720
7a71e83b
b19fc103
166aab39
9285c462
c5028368
edfc2ee1
e105b085
807e0a96
d5832dd6
30e9bcb0
224c8296
4a5718f1
98ff03c8
04281579
cfd1cf1e
e74670c0
c98986e5
02d4377f
a4a35e83
53ef6bc0
fd40e928
7c106bd7
d9c900ba
960d8f22
04172aa4
78152477
1547f411
ad4d2723
2ee09bc2
7e53bb18
23587ada
1b9b7722
60b20230
7cce4e2a
e48ac908
0a344b95
e77d0f97
36f6aa9d
603201c3
683a6d8f
77e39b72
9d2a7584
e1999bc5
9f4e520c
2dcb844d
6a00f4a7
565ef35d
14b430eb
ff10f866
d6754880
49bb2b16
7bfdbef6
393223da
8587d15f
e09f0435
b418c833
324c96eb
1b3abbe4
9a559802
fa2f50b1
4be5d795
d0aa458a
062e1eba
2a148883
aa844e5f
fa795d25
836ac8e2
1f0740c2
57a8256a
8f98a8cd
1c1f3ebc
9366f253
529d048d
793e88ee
ed34b4fb
1d98a627
1b47ac66
9fdbcc38
bc7f75f1
6eb1a92e
27d6bb98
0bbb1371
9358a636
69f412e8
df4e9c3c
88079c2d
16693a53
41ea2aee
7fadee93
acad0c67
cfacb16e
e08e1083
8432ba8c
eca20185
27f7008c
de25dcf3
bf551153
4c09b367
7f469340
f9837897
19dc3891
dd20b2c4
1e7718b1
9511dee1
a6d9d410
4c955797
d8442e0a
e16e4ad9
69e67ca0
c2f003fa
b9094f03
93cba717
b5cf2293
4ab6f1ee
80399de2
5d06fbca
e97afd8f
abec4406
844e61cc
ae5f26ad
ef89c7de
0e82bbb5
bd6cc0ba
8f011970
13e5043a
cac1e306
799ad105
bbf878a2
9a3065af
e94ff523
6e1f66ba
c364b96d
93c747d7
a37f6ff7
b1e0b7e5
c1ef4093
7c3e8e96
ab08a60b
5cb8ae64
18f9c5d2
73435c94
38b877f3
11a7254d
8499bcf8
6bbf6251
d97c2db3
950e8216
a7e4bc05
4da9f66d
bcecf3a2
dd15effa
4af537e5
e5c58c56
8e7e948d
2b10589f
c143d2e0
221fb0a1
9fdf90e4
7e21df14
62e4c341
62600bf5
eb95109c
63090deb
86628183
1345f982
d97f6a1a
77d8d7b4
25d7139e
eb34d75b
960b75f7
ea63f21c
1c2fc23c
fa80df71
629f2df2
d3ff0974
8763d475
ac4ef326
78fffd8b
695a0a94
14790445
2644dea6
aa69b78d
5d2fc2e1
d1ec7a2a
ba10f97c
0c31a3f8
f6517431
c960e583
e0de69db
d110c83e
ea2c86b3
dedcadc3
84373bc4
6255346c
b66b8727
3fde2709
3184b218
8a58ead0
3ddaedb6
a91c69b9
4f2a2597
d6be6f34
520609a1
936e3e0d
f9814993
afba8b3d
32beb637
6be124aa
e1b35511
af534a7e
b219396e
b4e41287
1bdd465c
e71131d1
5b500b10
d5aa4ebd
c2158578
c8ee4d6b
533a570c
202a0a21
fc2cd685
c3973cb9
af95eff9
df5429ee
b2c68ad4
77400332
76465ddf
385a5e99
3a58732d
1aaa3618
889566b8
b01fd8a8
7167f9bc
ba1b6d43
3fec496a
64bba745
9961aad9
ba6bb441
247afcb6
9cac5389
ddaafc2d
36311c06
0080fbc6
54c1677c
b1e176d4
341341cf
afb166d1
bc23c52c
4d761532
4b1316fc
5117ad8d
ab5af2b9
2c65cb1a
129fd51e
dc1f75f5
d01bc489
508063db
b2db5ec1
013331b3
5b4ec2a4
3d54c70b
e9a8b9bb
5a375398
9760f726
d1795921
d3388b76
51727843
19a0458d
bdff1b04
94f1dba4
3b53cca3
165aa01c
f0e728aa
69f63529
71b936f0
de2d9847
999e3d2d
fae601b1
c5033fe4
8be8e13b
6dfd0533
5f7e44c3
c73ab07a
c885dcee
6a792816
86d47ebb
dca27a27
81fb7edf
1ed9702d
caa59034
f8c62231
29939fed
85bc585a
20f42f24
5d4ab7fb
13869722
b9069df0
066328e7
2607546e
42abe48e
7e019e77
f90df19f
72b3f892
ba96c61b
36146072
a9a9a2e7
5e6cf9ae
7100c103
ba337a84
f245a5ec
e49557da
75df01bb
5a89766f
dbfd1c94
d2d7e2fd
12b6c10f
205fa78a
a0648317
644c5ef6
88d8a987
a54f484d
b292cb49
287c1444
3c0aac90
2ceb2710
68b68982
472eea4c
3ab1c2ff
9b05530a
d9771cc8
ef441416
a0b61726
136b3df1
b434cd9f
35713843
0d28d348
1463ae41
2c0d7998
8827e06d
ae5ae7b5
d5b74af0
27d86185
b0599ddb
37c8b133
95f31434
2f87d273
171448f1
24506b41
8ceaf0cc
9f613707
39075186
4f21b474
e800a5fe
564e43b8
45a74390
087882bc
066a5dbd
fec3b292
41e0978c
e47c8f7c
dc2cfe60
5539eff8
6be38362
54ff6da1
5d463341
706009f3
1d67ce7e
5f28618c
5776b175
6545338c
ccbd2cc5
d90b77e4
27201c22
1cad4d61
562378ed
3bb4936b
08288ca3
f20a2642
605334ec
b51a41b4
4de6b94f
1e816679
8e6e8ff8
67c2f74e
92d8476b
d6007d50
0b612945
c15d2aed
341cbe31
2f6a2b89
4c11efe2
c48e5008
4656b65f
fc7fbaf6
0f7910e7
896030a7
3080ad44
f9fad7d2
db8d188e
79292e7a
a827b561
99745126
35120f6b
72ca642d
067d78e8
f6ac0cb4
8120e7e1
6d8c0196
c58c60e9
512bc442
574d7aff
6bf5edc5
3944cda0
c312bbcd
513d815f
f6678632
c37f363e
ec293cda
c510551d
754ca1e9
763e4c2e
84e87199
eb626e2c
c5867794
9f15727e
49df9a62
2637914e
9832004d
3c23b973
af515425
fcd63530
4d1131a2
ec732e0b
882012d0
b939a335
87136e27
93fc867c
4eb2f7c5
e7754019
1399cdc2
337d363a
ff2a0c5f
9713e2c1
3bda03c1
0c6476ac
3e293cdd
e61d0ca7
4438dd7a
9a86c775
0be1b06e
11f34b02
491291d6
f9726c97
7ea02c5b
56392391
7676e547
6f33dbe1
6331964e
6cdfc723
23f186b3
4e733825
c04346c4
197e1980
161f819a
d664b2db
45a9e6b0
0a74ead0
2d0861df
f8f06ff1
77968c4a
4226ed1b
4b139f41
d34a5547
c7200594
2af01b9b
defdd0be
fbed0402
fbe4e742
5427412c
0d4ffaeb
13a99081
1a1e67df
4d7b6573
986f9567
55ec4176
d9900060
cee7f206
39802690
999ba33a
19bb68a1
ae9cd3dd
df04b268
1a13adb9
df30d49c
05c93e94
64947526
67313a1c
1f4581d4
d8cf210d
a05a6e86
b7adaa37
3ce32b4d
aa55389d
d0a2b87a
61bff893
a0b68b3e
0f53e454
bd5fa105
0cc39fc8
f03b2c89
cff53a46
6b9297aa
a4984fed
7e0b218e
bc22f202
e8a6c099
675875ab
eed2ad5b
672939f9
126c3a63
edc8cee5
22ae706e
557aea0c
7f788d01
c2ad12f5
c8cea237
557a9aa7
a33ad3e3
96036ed8
158b4324
feea4ece
14f1a5cc
d1d49532
69ac8f3e
d623a602
bb513fb1
e73ccf13
bd4080b4
9ea1ae3c
f72c8226
711fef2e
049e5f31
3616fc7b
6cbee2f1
11182df2
a2d689fe
5c529161
8513b219
37394976
831f3665
c559c48a
e5480a61
aa53316f
b6714e5d
048b5cb0
93aa440f
00a0e9b5
dc2dac7c
a51e432f
e20b7c6f
3eb47146
536349a4
42ef7985
fa19939a
65b7d2e7
f37d719e
fbb284c4
a85082b5
192e4bf3
6b7043f4
594b20c0
17912055
5583df59
962b7923
5437ef58
ec5785ae
5dbfcf02
3c1e60b0
6e375681
92cfdb6a
645270a0
b3be95c9
bb546e85
4279eb76
f957f679
98527e46
fec04baa
75ec7e73
c6ebc9c3
38a4ab8c
873aebe7
578fd54e
9918950e
798f33f5
e9287644
f29b4377
88926853
7fb9ee1f
67147d4f
ef3516ed
93443353
2f4f45ba
c79629d4
09825dda
6ab5c413
3e466073
5c25a7f9
b9db6bae
11c8430e
b683c000
de5cf2d5
911655e4
897d0338
0bace5b8
2887778f
c02f65b2
1b84b9f3
cd0adab0
03539cf0
846da466
55eb5317
1ae6f55e
74cc3581
7962631d
a43e5aed
3e3ecc0c
e934276e
932172ac
3aaf022c
d8639074
106027f2
bcb915d5
6684c4ab
014617f3
6d589990
227fb6ef
694fa55f
96ba77c3
ffa9977f
472304cf
a14d0699
dc99fd17
8305259e
e2c1f2ce
48c93889
22dadcaa
f314468a
7c8154fd
310f77c6
d666ae99
cd2747ad
9863540b
a34d5a8e
23f61be8
ffc399df
740884e8
c1ca3914
4f6d1d8b
c6942acc
dae50c5a
6e584633
8cd28850
d98d6f22
16918392
e0804da7
4989b0fd
845d7b60
314afa98
d876bdf7
1fe3addc
aaf87bbe
da7fcf5e
a2675104
f6798ff0
676fcd09
0ce0a8b7
88c53682
a26a5cb5
f5cffca1
e9c49499
bd2b791d
16a93d6f
9038ea70
00f7b2f9
79adcfa5
a3724137
d50f6854
1a572cc9
82a8c969
bbce17fd
c8835529
cc3b3329
2762da1a
432f42e2
044bb108
8d6a88eb
e0fc3156
cb928cec
8f4da355
e877c970
8aa50c6b
0f5e2219
6aea0de3
a1948a84
db967fdd
d541eaf8
cebba6ff
f08e766d
a6074144
5e8860db
f00884a6
3d75fe54
bcea2da6
0e1d2e65
7cc70922
e1123524
18748833
067e3cd4
05ad89ac
0416c890
3ff59b95
299fae56
de8eda2b
b2d18584
98d035ca
41d02bb9
3fd33934
ce013d62
08920515
bb5a8414
a47cc7ce
4c603c37
1a521674
2bd56aab
8406995d
da1af1aa
43808d76
bf73fa0c
f436461c
2e00d0e1
9e79d9b7
07d27ab1
979bc007
7270c25c
3daf7265
0e9dc48a
d04c744f
7f467684
02dbd493
309a5be4
dbb01f2b
770858e2
dc57427a
2c901816
9a93f8c1
5972ec21
ea9b45b5
34689fa5
85a9e098
9f263f00
1ed8a459
adfed3dd
b997f875
f8780b6b
4c933d20
4a43e501
2a03d312
e9e842e9
87c087a5
86c99e43
8aad80f3
063bd559
577b5a06
19ac06b4
ddf3ab1a
469d6182
afdd3279
8440cc19
33fd78a1
bbd409c9
8c86f487
45e07a5c
487ef1ff
c3304a94
6ff94d58
52ff4d7e
14805c46
924b2011
f33a88bf
b6aa64a9
3e361005
99c46c7f
2c13e916
7a725165
a7f83662
fb1a70ae
9d0be3ea
9b7dbf38
1e8ae049
edbbadaf
4ebeccae
ed3c2dfd
3dcbc48b
24798aec
5c10b2e7
6f579664
ea0727d2
5501a1b8
9dee420e
81e2b254
55405435
e285ce1f
b04594f2
ebf9fdb4
afa7c81c
c6c0b76f
4806b632
d54503a9
ee0bd69e
f1f4a54c
9ee26dad
f5719f39
eaf24bf1
f299e76f
363d9643
c3f69d5a
fb9134ae
eec083c9
c5fb768e
954bc4cc
653161c9
62961978
9ce35875
17a0326c
ac3a1904
9b818c19
ecc4c7da
86096a43
05bf6709
b01c81e6
3e05315b
6bb23655
d781defb
8de3b867
85614906
d42b5bc1
748cb55b
489ee99e
6aca4c11
0748d6fc
37c8f7b4
3a445bf1
89b45a78
40bc1a99
17a1ff94
c015a5a0
352614ee
cbfc5727
73bb64c2
f46799b3
91218e85
a52c116c
d2059b3a
b6b3879e
5a06d9c1
436c7d83
3637e6ca
2dc39ceb
d3dee0a1
d670700f
4dec7a95
35f3c953
9f413459
b6037d19
b3bf1c91
bfa421bb
18b36611
4df8f514
685cd33a
6321dcc0
6db80950
5877685e
92b43800
324b1091
333aa2df
b69271a1
be675c21
91d4743d
2c572936
78625965
e7f1146b
eb8b608c
3c27a1aa
9bfcf34c
9faa0161
cdf32faf
c0aac8ee
f78d00b5
fd2624db
247bdeec
1d587ab5
06d6934d
ae8d0f93
753cc3ca
dd43692d
b47bb677
dede2102
627af95d
997deb10
84ea1d1c
98afa926
ef79ee6c
f9ab3553
eb222494
b484d616
439b2785
49b0305e
7de16b47
e3e59db9
986e8fca
a35c8962
cb6fe438
d5af2657
0d042f61
962ecea3
2f8b4763
ed196c8c
7a4ee42e
f2c8e154
4fe54253
c0b0b014
df1853e1
39709bb7
7aace78b
da80cbc6
f254d4ce
42381623
c72e1395
d401b4dd
b5cce78e
6ac39484
ebdce61e
762e5041
03833bb7
22de0939
90abe67a
5b6f2f78
ec34909a
828743ca
81469692
325ef663
609d70bc
7261ac7e
ae8c5be5
aade88da
50765fda
6b144137
ed54c5c6
f76f862e
877ca197
197d989b
a19079e1
36599eee
31d99662
9a86645c
0d53ca56
f7d76d30
cd810a01
a8cf7fed
c44c67bc
d87be1c9
d4739c2c
3ac7ff42
029b00ee
fa38d31c
6f1ae8a3
68c03097
0252f1a5
d73a7e34
fd7b985b
0012641a
4bc92ba4
681eb8d8
16047a02
e24f337d
c79e604a
b88dd54b
f8e9ea7a
a2116d5c
40a20df9
297c996b
2ec8bbd6
526f8aed
21c4d28b
9463d86c
0c543dc1
e5e90a63
b5d07aa2
24dff595
ebb62cf2
1c09528c
e0dc8981
de179760
d39ce091
8b33b8a6
7f737ae2
3beca615
9b403703
4ef464d1
00596289
65d6f959
8bcbf1db
baf829f4
3eeef208
9cb4ec09
f2e6afbb
c1dbf7cf
8eacb203
dfbcacd8
57c8e575
97fb1939
82b706c3
2ac7d189
2b7cdf9c
86eef70f
e7599a88
cd00d618
ec0eec95
263e3f07
2d014196
5b295c21
41f5b43f
e7712772
3e7aba7f
7a698b0e
22539d32
d698e2af
e009beff
c41f1ae3
f4ae00af
9119b968
f7660e36
0aaa76ea
58a4afe4
65b3e040
a067fc7d
a24a0b8b
7c71c87d
92164820
73815d84
735b6b8c
1d230acf
f8e4920b
7958bd3c
076d6ed1
21a46824
b8016cb0
1ca264c5
7b8a0986
53c67a3e
c6990a4c
03b29479
e5ae804c
392043cb
a6bd9cdd
8fa56a34
3c8355a4
cb111847
8b4d07b2
395cb005
6943ac3c
4c944911
3022cea7
51588f1e
4add6f9c
a3ce9a54
371ed30c
eace6429
ec345753
089a5a41
2b6e63e0
f95fc734
92654c68
3879e53e
a10dcae2
603cf2e7
ab283aa6
e59b9f88
69882c4a
11d2576d
3541fdd6
671e2611
5cfb2b87
6cd02c84
5df91475
1e72d33b
a5a4f279
8edb343a
f7faea13
63731a19
5a39abd5
c0529909
3a2f8f2a
b727a7bf
d8287105
e8b23570
a4b07c83
52ab6f02
a1f4781e
6d64566d
cc26c97b
9e447f2e
50584922
3b42e4f8
e5b562e3
de086d7b
bceb5d76
1b931339
a8b17fb3
6ada66a8
7c196fa0
3dd75511
c0b7a0b8
9706e58d
e5078672
96eaaf27
ec7210c5
a87e66be
957ce81a
0581b213
95e462ce
54cf59d0
eb7f4c21
d2421e8f
2ed0e62e
5b068c48
9fd31e5e
627c4997
4882891f
6b5f3976
740a35d2
26a44582
26ac5df9
aa12604a
b3f643af
1499c90f
a5853519
0594d5f4
1f9527b4
42df48c8
965a9a15
b4dbe797
13c44a99
1c0f4691
bdef4b24
066d2269
4bf92c2a
2a73ebd8
f64ed2ee
4e832123
383abfd1
f921b888
ef8265e1
e7b5ad5f
36790236
60de5757
2811399f
8a70e7f2
7e6d231a
d74ce8a2
3f3825d3
148a90f5
ecf28c5a
02e6c44d
899d46f6
cfa10bb0
5211c945
cdcf78ad
ef8c3a9f
22ee04dd
c59a7cad
9270f3bf
4787d0e9
30b82608
abd562aa
aa41e963
6192b567
df0e8430
bcf2335a
f1d854e3
e802a838
4efe801c
ddcb5381
571db1a5
fa5ae832
dc37c879
7f66f2ab
50cb4b3e
5da5e5dc
6c3fbd2e
8267fbf1
808a25fb
5eb0c754
43693e9a
c8450833
0e7cbe84
aaa9c17b
cf0ec300
2a696d6e
542c692e
848e304e
cb740de8
a3a7f107
098f2b0a
7a5224ed
ff5c0e83
3f51f987
6640054b
d68abad5
8b89d0a6
22a462c7
95674c81
8482cf16
ef80ad9f
a9715050
16cf7736
95c22b36
516c504d
dafcdfd0
02c3003d
720da00c
baef959a
fa02606b
af58bde4
e77e9e15
05e82122
28e40d09
751c2eab
dfdd2f8b
1b4dbd98
ab098210
6f28b5a9
a1cae211
afc35b6f
21a65625
102502f9
ba007bda
745e73d3
e6c608a4
26071629
6ab94031
7111cb0d
e9bf4663
735c2b83
24041a06
e62d4436
62836dfe
5ac2e0e7
98e525c7
7f39526c
cd7608a4
1bb137c3
c1e09ec2
3754c9e8
5c26f7b0
1103a517
75c4edb9
3ff75a2d
5b6f86bd
225287e4
77c2fd90
caa72031
33781e5a
9de87115
80f2fef4
0c23ebad
40246e73
35c7606e
ee868707
a43b4c8a
7eaaf7da
eea09e4d
adcbe195
cfb557e3
664c1b07
40577585
4db4f293
13946162
f835903b
822545f2
66e518a1
29432356
2366718c
63592f97
2bc58a98
4a365f91
599596df
407ef45e
7842c1a1
7466eb2d
3355c229
ea5e695f
a8acd113
a093057d
f516c20f
9461c12a
bbe7db74
4ce2b517
29b8867c
91205a40
d5aebb83
0a8a93f9
5fdcf2f9
091efbb5
9886da22
20edac31
5e3285cd
4f165bc1
e1cfd1df
349bd3ae
e148b8ff
7ba3484a
210730ec
f48055c2
2c0e1adb
bc3df4fc
b5520e2f
c8157959
a4bbae4e
1d6d49d0
6df930ac
e2dd8025
3a6f2387
fc4fad4f
c5b1be83
aea2c9e1
f7ffd56a
3e42d232
a7ec8938
350835fd
6952d6d2
b3b475f7
c6afde16
7461d95d
e01ec5df
3efa72aa
2d04ef22
ca790dcd
7c3e3d61
f99ab829
999cb070
3e7c631a
fe1ef3ad
625a3876
d5d7264e
827f017c
cb7e926d
d7768a21
92a325ab
ed3d2d3d
48a918bb
26c58770
93058363
a29a85ff
aa109128
71c656ef
7997e812
98462a47
e308dd63
bb8efe1b
0a87697e
3021dfbd
ab2f5496
6b3e168f
a4801cb4
eb91ecd4
9128630a
f8339cf6
98557870
809af646
8479cf5e
b5c84096
07edd767
d7f17f25
42506636
593d4c4a
861251d0
30aaede3
368a549f
fcb8e616
8c1200ed
c0ec606c
279e189e
f7ff2ac7
556b8864
702d029c
3eb7348a
962590ae
01768385
b4b73052
21eba1a5
69eb57d3
23c8079c
67db71e6
ddd97399
fbf27d23
5163c51e
a6a0457f
79770271
4f1da8b7
6823f268
f44ea2ad
3e557c18
cbcd3a6a
197fe960
457d1a89
f94389d0
5d6388e7
c9439cdf
5015f7b4
057e0c99
7372b59b
2bd92e84
0d693549
ea31f2a6
89b9f8a3
ea36220c
8871dea4
be9b6c57
d090d14e
58c9bceb
2eb3122c
4d64bd7f
c50b5be4
931dd149
afdc7907
2ed0b4c2
fd6e2396
1e6e3bfe
73140b07
a1c35f26
96889a02
cff9b735
6be24d37
a82fe9b8
bf953b9c
12d2d87a
ee795adf
4f4f8020
25b256be
bce75935
5b899318
c98ed2c2
ff1a575c
abf3a8fd
0ad7fcb9
6736950b
7cd681dd
2865b0aa
29412482
414503e0
113c5088
e32ee635
bd929e61
3271beef
7935be51
e08c3ebc
c7fa6a74
f733c359
d059edb7
f83fc8be
d03c8964
afe7ea27
9d26f86b
d408498b
e325a510
c24167d8
fb547db1
9eec70c9
f00bc106
7bd50e04
99feb3c3
ca17d5ad
1f8a6a05
1dd39b6f
2f61f8c4
145ac81c
4df51d8e
afb1e008
996cea32
e98c9b2e
efdabe96
9f1204d4
65c36b49
ae9f40f5
528a09fb
1167de21
ac3ac6ca
80176d04
a8ed95dd
8c175682
e1eb0cc3
e75d0b51
7727bed6
32efc919
44b950e7
9743db50
f311c099
7d30bb22
fca13052
1c1d6378
d7635643
6db177df
7dc00e00
703a3f07
d7b20fdf
0f861920
451f97da
877a3ea7
36444f53
98cb1d0a
34e7ab98
08d324c3
c78bf1bf
55391e93
de3ca031
670edf46
68d732db
e4273e36
4f3a18aa
f5b6bcb7
4729a2bd
7c3a4942
fe80145a
4d2ee834
951bd19b
397f50c9
caffcc85
512e5439
177d2bb7
973cda35
f70a716d
09055ee1
e78f9f39
db076a3d
1f9e9caa
d33a401f
bf4c58a8
dbfe2a2c
04d7435f
33a93d64
6d7baf0e
e289c4d9
05f29659
5192566c
db6d6e08
ae71a807
971e3fa7
8682fdbe
06ff6f0a
22e98fc6
d31f686a
120f724d
7005cc43
ae362c2a
0a6f2e99
abd85137
a2f45068
1445b386
86a4cc53
47b21e5c
cf32e486
9f90fcce
d3a9c8d6
410ea69a
51d7fca6
078bcc47
de019713
5c01ddef
fca88786
00cff76d
5bea6ee2
aa607607
c89d1e92
e6e258b1
e3e8f418
521f7bfa
eddecefa
8297c67a
b9e321d1
700e369e
72fb25b9
b1a39bbc
a7b81bef
c34e99ce
f2b41258
e2a0b19c
e4deb4a6
574b8dc8
3964529d
292d325d
2d08b6ee
4f540c76
8cf4db6f
b2a7b96c
cdf49502
f6ceb36a
2dc1acc8
d583a9ce
09cca862
3f6c4be9
cfa618c5
03739df9
3e1294c5
05d8cea6
48044dc8
77018d2e
9fecd2dc
ed5a2387
91d25605
3ecea208
5cd36fbb
c0d533f1
14aa584a
31f71269
b8eb0573
185a4f19
745ba339
8e0b0ee9
f2392899
842ddaaf
4112d27b
c4930758
de6bd28b
8d3ef84e
cb780891
747b2168
7ebabf0b
1df43199
737cb826
19d9beef
b3c26da4
d01ad4f8
c324b4cf
71819b96
69bcf109
eb2e2c17
3b607e67
2cfe34b4
dbff89c9
7f799939
84e95049
1ed5c60a
42fd9e89
db145a07
3cf67eeb
42c4a5fd
8f7f77f9
9db9f546
f8d265ba
c2725e9d
56c304b1
6c1cdf19
dee66c9e
c2fe8fb6
e111d930
b237c71e
7b184585
b8225370
1b1b1f16
0a0b7d06
e47f1834
a34505de
72ee89df
fa07948f
c21572e6
01775c99
53f6c58a
20d12b2c
ec3829c9
c1a13ca7
cd35b8e1
6c26a226
51627eb6
7a8b32d0
9a12c357
59c1b890
2e89ba24
d18c94ec
48af1b77
825bd908
27dcf181
0e0434e0
bd32628e
0e6e7f76
f1011f7e
a3838f26
d688cc60
b325b716
25e085f8
a0fb69b8
bbf3b919
42b92ab9
ce3c580a
354b337e
8f20cb48
6f4ea1ad
6d235ccf
4313104a
7b66ffc4
db5eb42f
9f0064c8
1d3fbf01
dd2458a3
290623c1
45dd5257
0e8325a4
f69b83b9
7711faf2
9b12197a
c257557b
54aad22c
187d9fd5
315bc4ac
6e0493c3
718c68ea
e76dcf07
402296f8
a129d41b
125a1554
8bda2766
ddab8cb9
14f97592
b48a188e
1ce76010
16a754c2
0d6807b7
bbe8d61f
2a35911d
9f168cb6
828ed62e
7b0e6eba
2a55c263
5b005f95
254d573d
5758a5cb
594fa1a9
ec5a362d
56bb26ef
a0cf1812
1de1a464
31f192f1
52b668c1
1ca49956
45687fb5
75d862b7
6f909341
f0bae4eb
12af9a64
8d268371
2176caf2
981e39ba
3d4a66e2
e80d86d3
581e3a4d
b9529bdb
b8ac7389
57e97253
2a4c57d2
462e640f
ebc76214
386f3718
fb89de49
2bf66fa3
73831950
9d2adce5
eec4d824
a92efc89
e6d40a8c
6cbbce74
2260b7b8
0a99bed4
a53be08a
19f9ae6e
868dbe9e
09feb1d0
aa41721d
caf0ab91
e896ebc9
0853d9e0
2b88de62
9a5c8bf1
aaa7a86d
6754965d
97238b7f
1eda2708
53a7c11e
099f8ac0
b0cbd97e
fb05a9b1
41791dc3
eed952d5
645bae79
94eae70e
d2c95708
f9cdabb3
f137b145
13ab9696
aade2553
f18de34b
56781c6e
ac9a90da
cc08811e
ad2f945b
527ea6a3
c27e4ebc
be609f5c
1c78ff88
e7bd8693
09a64cd5
5594f91d
cd9c8520
b1f78568
08fcee20
9764399f
0355f36a
3e990f6a
1e85df9e
bba0134c
01292afc
ad45c824
8c6380f1
e7a0c3fb
5d407e85
8bcd9101
0f131369
cf27b64f
2f32ed86
6644edbd
c44a75d9
e638bc57
5cf9cb45
89626181
87676a36
1a8f62ec
8937a6dc
b1f8e9e1
33d59264
b73be549
21d43b71
196358f9
518ba1ac
69898ee1
f26a58dc
872e12ad
901391a3
0abb47c9
dabf05ac
57d8a466
486fa619
5ae0a4ac
6ed289dd
b7f83b95
3e39ca11
88295103
74992e19
d9cc1276
d0722b73
84c366f8
8788e41b
2411ebdb
2f9abe14
810d58e6
6499756d
14ee41da
e026c275
f18ffb8a
e91d30bf
c4b8b534
83cff17d
6a2d8801
9182eb53
b7e50579
0b351015
08e070de
953fb088
97588c1c
af62dd57
e88602bf
c3af05b7
8c96599a
aa28aed8
1de72cce
c21cc2a6
7b3e905c
1d34abc0
418a5fe3
5e3841a8
f6b96c4b
147ac533
8d8e5d31
ac19fcf8
9e3bd83b
e23e6693
0bcf564f
682d63e6
0cb8d863
f08e0316
cda29cbb
b5731f37
3d522b20
af8939ab
ce2abb04
76d9a5a0
eccc8930
c7324a78
7c531297
dfe6cd38
2c77b388
94a3ada3
df226407
4cb240b1
6a6221a1
cbe61819
5cc8f43d
031bb37f
831116ac
006a05b7
9d27d0f8
973fa18d
84e74cbc
ba905602
a0abba11
a53571a9
e2c3bf9e
0f35f2e8
6720b027
a56fc085
5efcfc74
616a8d1b
2aa78549
275beeb0
cd3a745d
2cb11f07
6bed5366
c707af56
b80867bd
ff7b2372
c6a7d49e
547a57ed
2a6b75fa
e7e41754
ccff9d3a
dd0dfae5
802bfcbc
0a6519e2
fe7651a2
ff471064
fee386d9
716c973d
eee68313
07a479bd
f4c9f2d6
a3c7a896
eaad0d04
334f1945
4f892bde
d2c25713
10da48b3
77eea447
26dee883
6d1cc978
640249f9
3ab68656
a1cfc984
a189d4d5
0208ef68
2b22d301
767d8af1
df30cfbc
a19f9cdf
8867f256
148ebaa2
d35b4f94
c32abe30
2c775d5b
e8df7ca5
6bd42e5b
96dc08bc
25d2cf65
93d45827
2c8383b8
7fe831f7
556c2974
715e31f4
3a0d8215
9b28c350
35b7c805
d69a312c
6c79a10e
c33b5173
7ec0ea5a
a3fe5606
c27c54c2
c3702f59
0d217af0
6742c03a
d1657d79
1445c079
f647e7e9
7e307f6a
5bac1f0b
b8167205
8b8496eb
b5446ee1
4ef85f5e
a3c86c3b
8f452e34
a642196a
1d524695
b18c13c5
9281706e
add9d5b6
733e1c1b
e98e823a
15bc238c
96191b51
2f45797b
94e1e5a0
fe23cc9b
26831adc
7467a08b
91653b01
17052a22
a8e5f91e
137baf12
9d004087
3dcf2e9d
fed18d41
da482af5
41b25881
7485e1f8
5881cc48
d80e9cf1
53951334
a379590f
a6d02491
f81786bc
9c384e92
3beb5887
6710c8e1
10c6d8bd
4310ea26
b43ca06c
cc212bee
00e6dfdb
acc32b68
86ff3238
d6da5812
63d75451
d4fdebb6
a6589009
26abaf0a
af6746f3
f8adf473
b2912784
66bfde53
188bad87
a9f0a95c
7f884e35
db76091b
9944ffa8
265a038a
cb5424ac
de1684e1
dd820e4e
7a775322
6e150b81
bd2d27fa
a2de4620
74546186
de57c98a
4ab98022
1607db54
eb710f33
116ea7ab
f1c2ab45
647c4674
bd9a53d0
ac49bcbd
77a4e305
6eb59239
f8e9e88f
506b11e3
44ab6d8e
fe6b013a
c222e078
2e2224f0
0b941e00
897b2daa
e82d2932
1798bdcf
e60eb96b
5c1a6b06
c304bcd2
d29a20e8
4d11ac43
89fced6b
18f6a80b
0ec64edd
4ed009db
5e135648
964af816
f3e5cd4b
d2e99e8d
d3031514
10ae81b6
b4e5e0ac
269ab0be
e2406f0e
76e8f2d6
c52566ca
30cd9e7f
bab885e9
26809534
2d6109c9
e124b7d2
d4c12291
e9277d27
85708328
efd7dff3
4c3ac49e
f31a6194
ead0d2b1
bdd944cf
6250f385
1fa97492
fd9fd101
178195b1
d38a41af
32ef0dc2
0b3395d3
aeba7ac6
26e0b545
1d48e529
7670b704
65055ada
eb93b753
be47ae0b
8bfe7ba4
0d6479f0
18f02f47
6b903c7d
2b797755
c8591f43
b3a946d5
50e0f14b
e903e173
4b4fb399
176bf489
dca0c87f
b0b679bf
2d7ed642
605c0de8
400077e5
ad18f763
e07ba4e4
4d9c6625
a2d89966
467a6bbc
6e520ec8
c341c58b
4b1ace49
b9c2e534
fd21a6dd
9e11a50d
29156844
97f3ee7b
c36b3213
37c59f6a
a3a4ec6d
951c305e
6855ff8c
9f2c6810
8e622427
be34c99d
5902ed33
136cafaf
1f06067c
55afef0a
bdb90abf
4b8afc72
313ec8b8
c1bf037d
9afeace4
ce94124c
c55bbea5
a5f58c10
4f4e9b0a
c075fc57
00632789
28c70f4b
615cb273
f3862554
35a4be33
b3406825
4da3bc3d
a0162c4d
ef0b85f3
fc61a315
a6558ce3
341acee9
1d5e12b8
fc4917f0
0938eeeb
a11d00da
98f4139e
88cc2463
27d43026
6ac11aed
0c2ab4a8
44475f28
0974c9aa
a7dd8e9d
0e370f2a
4e26ebdf
70858c87
6fc66b45
d178b0af
30bd06b1
1ff35c9e
934eb553
2d5b1206
3fc10433
b4373624
3ffa353a
1f59736a
223543d2
c20a7055
087fdd61
793ce8e8
f6cb649e
86b7bab4
cfbba3a9
6f7591e6
4016eac6
d820fb32
549af15e
ac95cbb2
45014f1b
2881decd
c191def0
a78f4c55
731366fb
26d0bd93
1e045f95
5e41a2ce
d7fcdd24
29c761a8
bdc5c135
3ed7ed88
9896648b
ad0aede6
ad94b625
fd0f557d
1128f201
8bcd5dbc
e775838d
4b42ce5c
c065f3b8
5c07d17a
90b43b98
4b273223
b21ec5ad
312d2cba
22e52d61
d6dbb048
ccd79c65
9dee44cf
1feadb30
58bb878b
cb3c92c9
4b043137
36c847a6
2858d875
8c8d6733
e7857727
bca9b758
efc74efb
8882ad2b
b7cad172
6a308cd0
cb1ecfb2
8544949c
cf711f17
c5feae88
a2688923
e8eafb0f
e884f6af
08617e02
575a351b
27d515f3
7c958512
db3424af
b253ffe1
23553271
4a2c0e66
c98dfbbe
136a31c4
0905697c
0c86a422
05f29481
38af9c4c
c4957366
05cdc920
6200b998
34b0cd70
cc4b2566
7d4f3660
03aecb47
906b7640
aa75a53d
84065c50
048c9f2e
90df50a0
6660f1b4
7311d887
575b85f2
ca9e1424
77bb969d
708c0fca
0e64cd05
091881a4
8b498a10
d001da4a
19509b31
895d1a8b
729f3bbd
5b739368
063d17e8
81e15424
e92cc06d
33e56184
ab2d48d8
5ae41202
286cb327
f74bd1f7
6c45025c
dc9c3b2d
05d64f0c
bded651c
eeda836e
e3e33cb9
074eb009
d30d4c37
29b64ef4
9a0cf834
b7063d3d
1ead69dd
82ca8b3a
f5c97920
99122843
eea1d3a7
5abff7e3
b1ef24a0
2ca50390
bad80891
3a211ec6
37641fde
61cd9dc1
b4931a61
6c85d7a8
5bb62996
5e804398
346e6b99
52971579
19fe7509
f4cab145
c4e04b9c
110539bf
dd4ecb60
20e91d31
f3679b98
7d7f84c4
c2917737
aa341f79
ebb2c414
c113674a
2558dd3c
5c50c9d6
c66fc938
065d5616
0060bc11
c31cdeca
75d034f1
39ce0e76
acf4f1e7
5b48137c
3bfa6fef
fc8cf2c6
baf0d130
af659f5b
52ad083f
9d3863cc
8da66bf7
b2686fb5
beaba567
bc471c11
fd76a1f1
15d1811a
35e6a3c0
2a7855e1
ba782962
f429b654
9cd42038
a021a3e8
812a75a6
4c507968
20a40fa5
d16c3c26
35ab2286
efaf7e80
47825cdc
8708c1c0
849c6621
cc69e6de
3870cb6b
7d89461a
3f563853
5ba9fac9
50f56b3d
40cbdeca
5a8d96ba
9a1f46b6
a1f07822
291a279d
a49c3a36
52e81843
cf62a6c0
c66e161e
bafeb7d3
3e6a4a92
600534eb
6e50356e
ea527ddf
0399a031
fc3c2315
be7ee38e
3b9e0da2
070ea916
51b87f3d
b232194d
028ae62b
090593c2
92df8cf0
132c4809
b383453f
1b646c47
0168c222
96d4a3fd
10411ad1
c535692b
c2ecd24a
0702c1ca
74978f6e
3d30e9fb
e8f8175b
e03e0cba
88f75da9
bf94bc8b
af45e701
a17f9096
a1b40e23
0a53c422
2bfa6866
dec0fd4b
36216312
46471dfb
1b38c5ce
2311052a
794de112
58fb5e1a
e6f12aaa
c039cc35
fec3d847
ef00cbc0
6812b2fd
d13b5bb4
0a5715b8
c652c257
9a0e4af9
e52b584e
f8c3623d
e1338669
8635b46e
35496bfc
25b44046
6827e1c7
28c20ff0
af895216
ae208b52
e9eac139
f30823df
6e93fa64
3d364622
9e9c589f
23aefb4d
632fa421
cdd29181
ad9047c8
36d9c6db
53d83103
c768df4b
15845244
37f6c6b5
207557ff
1862b6cb
f754cda5
aa76f7f4
2b4146b8
9a3e1784
2d75db1a
40e744e0
57316899
b34b23c0
ee7dcb2a
04bfc61d
9110593f
150416e5
fadae325
7589465e
09185770
e2059d59
269f7c90
dde101c9
1e1adf2a
9d69baa9
93db8652
469eb5eb
4eb6dcc5
20b52bbf
f66880ce
334c043c
be1333b2
07fa340d
d6d137d0
bfeb8bf5
094b305b
fe0d0a02
25fa078f
4e246e45
f6a6bb89
f3fe69ef
87816e46
bca8e568
f58ec55a
c35b1cb2
d6a02e83
c0bd4999
e1e6bfb8
547e179e
019f4c02
b8f2e60e
ea3e4995
a46c26e3
6720391f
ce6a98a1
c2711616
8997c486
50b89e64
44f5a83b
7f5cf14f
1f512539
860998b1
8c688180
e4d3857e
e1a7dedd
2bdbf3f0
97e9ca36
3b487b3e
9794b93c
c136196f
3e7a03c8
93cbaa00
6b535580
d9804d6a
27140408
54ad8c41
13a973e4
68758a19
b75e28d7
3a133792
5706086d
3d209b8a
70d0f8d5
841af091
cbfd67b1
5e24b20c
83c1e755
c432c3db
76059566
a8e19e21
67caa084
b6f70d09
0cabd090
fe1eaee1
8387e2c7
742a3c94
8d089faa
096452a2
905692c5
220ddeb7
30bfe07b
f46432b4
e0c00246
48779914
912df18d
71cae954
0377cfb8
822b03d6
7fc4658b
4443fff6
419d2f5a
510d9179
9b2345bc
154661e0
7d28a0d9
ac59d8b7
c69fcc1f
c754f441
e2b9405b
4a8edbf3
6ae49c76
bd65b7bb
31a1abd0
b0db5ba3
f24e1088
0a8e07a6
ff3641ad
d5828cf8
ba12d5be
6fac78a9
210423c6
a1a51c3e
514234c1
8185c497
57fbcf43
ed115042
804e5363
0b458d6d
26c51b74
03111cf0
7a95e775
554cc536
54348eb5
545b8e51
19c1497b
d0245874
a27979ed
17699768
ddf53a2c
da3e6eb9
7557d296
6e8860d9
f3b15481
aa30378f
cce6e375
e104af59
1eb0f3ff
c3e08913
6db7c8ca
9893b767
c15cdb04
58d4f7e1
0bef931a
9ecaa353
b6e28afc
6ad4157d
1825a824
d7897d79
ea00c85d
7fabe071
d6324fea
d84cdd09
a5320d22
a38e92fd
51cf7dc9
a6c8b6b2
95b6d3a1
e1175c81
80eb9d34
531d8efd
75e76ce2
1ded424d
fc440aac
dc605796
e82ccff7
de128f60
903bb802
a95c57a5
2fa7a725
d62d0277
566d8d4b
0c81332f
9cbed052
add0b2b9
2f8079de
9db0837e
3ebe9ccf
eb70170f
900cf67a
e9bb6329
977330d1
da3a286a
eface8bf
c5acc46c
72d24f4d
a866931b
dd9f2812
a2c651be
8e9e13c1
610c9565
bb810651
4bf6593f
2d36e646
93d1fb6c
07de1a72
2ca115c5
36b012d8
0f8bb043
41e8940e
2dc232c1
1618b06c
69e7b8e0
34f000d8
cc813a3b
4d409fe0
d67d9fa1
8d578232
91459a43
b26cc03c
46a6127d
96a37cf3
53f53106
370c41e1
ff93366a
aa932ab1
70f1dd2b
012fafce
05bfd497
04a0751e
1a333c10
79962d5f
4455757c
57b94ca4
2f92f8d6
fdc03dca
d444b81a
3e696152
52e4777d
da075390
b628648b
ebcf5716
5222140b
3bc926bc
fe1aac30
95838b38
e472c4d9
2ec0570e
7f6798c5
b2deb22c
aaa3c545
7f72278a
30ef1888
3bf54b53
9ac1baba
4c955ed3
2d90b401
bb61e701
d5ea1875
9ef13f87
d035112f
2ad1dabc
713f05a4
e637ebf3
66574005
74efc524
cc06eb15
c75d1388
a8eb8ad3
3cf0d9e1
6974c11b
c2ee90e7
d350cc54
d7f00701
ea784f3e
b487f83a
a61d454b
e9acc32c
96ee20bd
fa280cd7
d4c302fc
a77094f1
dba52fe9
400dcc85
a7abaf69
e658632c
78284ee6
c4f190ef
7f41f492
640329e7
370b182a
6810a821
769783c2
dc53b23b
b0af65ee
f47ba13b
e79e5571
729b384d
95d981bc
0f3e7984
e60f926a
da974ee7
4a0b9204
7c7cc841
22cbaac6
779824aa
bf99a24d
fcc1880e
49e5f642
44223de4
d4cb3a3a
06ba83bb
f9438729
d3ddb636
23f71cd2
022b42b6
7b9a9f6c
a4b7777b
8afc0810
fa78bfa2
cf2634f8
55928f5e
68af8eca
4b35ceaf
25de05fd
ec100d23
222cac4e
bc063f9a
48f19d41
56317e47
31d035c5
b95349c6
a0a1498e
47abeb72
1142ae52
7091efde
99acc5c8
1d7654e4
19c02037
89574f08
161742d9
d4408627
80d47fc8
554d7529
0b647bbe
bc64e3d5
77b53c3e
d97ec4d1
b91a6a0d
31c6332c
35d3b0b5
cf9f63b0
ceb85903
30467d26
a4b322ed
3f002ad2
d03cadd6
da65fa7e
a6b333bf
4c7fd34c
97ea6ab7
3d515f77
8cef293a
575b3517
ca16f59a
19f5769b
a88ac128
6e547966
abc021f6
e6cc2d84
03ff3129
99c983e2
96724842
a2ac28de
c55d8bcb
da993052
a581b409
dbcee21c
87383dd4
bc03eab5
b0cea362
25b137fb
08534fc2
eb22b663
d987684d
a5832f11
8d2afe1e
006709ec
0e9aa10f
eba60e60
801abec7
1e8aa158
be0ab44f
c1cf676d
4ed7dbcb
2040436a
144dc887
24e6b63e
5be0c446
287ea0c0
6c22601c
0a072593
425fe282
e79c1f59
9ae2e1a7
de6558b5
3cf8ef0d
6a5e54d0
3f2ef7e2
8f5ecca9
cef26794
462f12ec
c027dce0
4fd884f2
3584aa53
900ccdc1
f96b092c
b48a117f
73e1e911
220857f5
3c3b286d
33eceea7
feb309d4
53e2ad3a
04131f8b
c5ac79de
2903ab62
566f5ddd
e8f02075
5776c4a0
3c9d145b
50ae4291
79209719
e34b34ed
af147a94
b61e7ce7
3e202c96
baed729f
7286279c
66d39f0f
ee5d1808
800804ad
baca8297
12ba3f3a
05937781
8dc70ad1
1008b82b
b2abe429
3082384f
86446d1a
b4de11ad
0d9027c8
b17c0ac5
67365259
f6719d7d
bdc6d7a9
194d33e1
60b4cae2
08352a14
1cfc7cce
8af56c9c
8f779bf1
85dd9deb
bfe8da39
2506bf6f
485342c0
437bdb9c
7eee5243
39be5d61
7aa38ff0
5196dd89
e64df75e
88366f4d
80d1e581
9158a1f3
58e34cc9
b694c43c
9a3c0787
1e9d19a2
ce08b58f
7c7079b0
a151168b
a9cf83bf
45d4f9cf
e366abb2
b2a35bea
a5cb6e8c
9e26c421
f4a69668
1c243d0e
5a3de26e
12c2d183
ee7e4825
ecfe5c0b
8992c4bc
f4ffc7e3
ef734bba
cdabc97e
11efd40d
bbd9331e
f22938df
d6e87247
1602c0bf
1278b1c0
f843a11c
99ba6ead
3479817c
25660e88
0974b966
68dcbd60
7c33e03e
d2666978
18c8e428
dd5d6b45
45f5cc35
f9c11f4f
c968ff3f
88b38d8d
62dbcb92
ca0329fb
3e3619b1
6de5443b
81c61e39
c49e4e49
b4595f5c
8dce846d
29aa629a
227a1c9f
9ccbfa10
2479fcff
ddd87581
66caf54e
c42f7279
f20955dd
4bf37462
3bf01358
2bde595e
75420ead
f00813b3
4444c342
cf5c4d0b
1cdf2349
d0c16665
13a87370
f64a623b
deba3694
0ce39a06
0d02b30e
c4330eed
9c278e99
d65aebb9
8db45454
7c8afcfa
2f914319
427f1ab2
08054625
22a8dc2a
36e59e6c
5712f635
22954b2a
e260abc2
a0073362
98f378cc
b8665574
226a7955
ae8fb26d
86341a57
324f4f25
ef248fa6
9884e09a
0309fc41
1bf3fe99
37ac87ff
7a01449e
0685353c
422f5239
1328c868
c0ea2693
b00bf67e
0153375d
8519e6c2
9aa610bd
5f1ca9a4
3a4ec15f
0f2a7796
abad6b58
c2ab2485
f767ee37
e290bcb1
0cc456ea
18b6851a
5093f7a6
5916f4c4
882983e1
70fae5de
5d059f46
f479ba12
1a9759fe
4a482952
d68b1854
8d9ba277
6f0c45ea
8c8c154e
a4e55429
3630989d
5b8dc83e
69b90af2
8cc3e95b
cb983446
beb4b679
fe4b8daf
b5d04ef9
42ad7df8
49daff8b
315832a6
e47e9966
1d46896e
3ce0ed2b
5c4cce44
55fb47eb
93e55e8c
70cee60e
241f05b9
3dd2ba81
d04f3664
dcb8af4b
ff38bcb6
5233fbe0
1549d045
9e7f8767
d8631a65
5609f1d3
d0038c02
1bd3ec5e
c8a1e4f9
e7d337b3
cd6ca547
548df41b
c2f2df3d
18398dc1
866994dc
6eb76a96
4a4b2dae
f916c52a
aa5ce604
501d6ded
cb42febc
845193ad
03705770
587792cc
f8114ee0
a65adf64
e4835d0f
1f2d8aa9
bc6c3f20
7fdc9b60
46a43e42
61ed770c
a88971e8
e9773d21
7b44b4df
e3c38094
14a0224d
8e598ee7
7ab5c727
80d17692
9fd2eece
35e33787
bba2a5b8
058d3584
79d5fc2c
00007291
fe26d1e9
c4bdef30
e06ce4ad
1335d947
d1dd7c38
751a5f23
c551b2de
89401298
e51a7cc6
076bfebe
e334c61c
5dc2656a
c0916981
784490d2
18e0c463
ccc49975
ab635898
e193bcd0
4bce28d6
02be9d1e
7544e860
7ac19e9b
8376df89
288e8f94
ff1057af
bd4505bc
7e68a210
34bfcbce
819b165e
95c11080
25c85241
9c2648ed
d1e1be04
89095ff8
ac77ab2e
98132276
f42157b0
91c5f03a
2ea4a85b
c912e9db
841293b7
38577e2c
aac92c57
565cc8dd
597c1fee
29cc7cfd
cafc3b11
4f2aa689
b8c9955d
98628b44
7e1bc8dc
ef76c74e
03b90fd9
d5edfbde
7e1cf8ec
ac1ba930
e596173a
7d5268cc
411778d0
16153a0b
a4a68215
d0865028
43e7706f
c1c51ea5
c5ac5a5a
35e9b6b4
20de34aa
81ac3d7b
10ed5dfc
ab684181
4e307a42
0f87d348
0208bf40
cd87d4ad
e7b0a5c3
878d21a3
5ac2e9c8
dacf1f73
65837ca3
7f1da9fa
37cb71b3
5c3fc997
1cf51c6a
44561ea6
4e63c597
f8532e5b
1590ab83
4e1518e1
ae88b1a6
65eafa3d
8e59a75e
5c798d41
c80363ef
3c2e4291
b2c16de9
664201b7
8ef7cc17
aa6af2cb
f769840f
680668ad
1f5871e0
5efb677e
5000117d
c0d639be
6a013dc7
531a9067
e216998f
b9870ec8
c6bc9521
ecd3d793
09679ea5
80ded7ff
a67d5b9f
a329bd79
b6c83f37
25cc6b96
ff9ff77e
eb1c16bd
8360f66f
a56ca43d
70afb10d
7cf9ffed
7e738bb9
0e73b4dd
03295c91
c0124dd4
e530f6cb
bd1c6a63
46c7e792
64e813bc
b6e22b36
77124c03
f2fb3723
7837e378
e3fe09f8
4bfba172
eadf7ab5
f6615198
b24db646
04169694
c33a37f2
fb72c28d
a9fc58bc
20ba0327
1ad85560
bbc15ae7
96e57d3b
54b57d3a
2c30f8ae
77ee3a18
58c36417
2212ee3c
1edd8276
e2f0338d
d74c0336
c54edee1
ff7ef2c1
93f2e453
3c98497d
e6a67cd2
77368bc4
907f9e88
c07ff0a1
898633d2
d8de048d
dbf13b52
8c400683
bc050f0f
9b13bd29
53467566
7fdacdc1
d3dba04a
1615aa85
2c454a09
936c8b64
1576d0e4
f1bb908f
f39ed43f
c51e38db
ff9856f1
fd9c7f18
73f1917c
8e830ebc
65daed2a
08bdb20b
83cab429
1cdc38cf
d747c394
4a22be5b
296dbab2
1880919c
f4a5f657
a9bde7fa
94d0fa03
087e6f56
7145a983
15a1a9a8
10d2347c
347c8ae0
8c33ef09
ad452024
b5354e2a
2ee6a399
578a74ce
9c4f0ad5
095a8062
7b0432b2
ea548d53
04253cbb
b9ed6094
bc432b6a
fe8c1641
0ba62735
df3291ab
0d20ccec
e907df3c
c92cf92b
22152ba7
64f41c64
3508d28f
0a95dcf6
49eb12d2
0808dc44
8c079214
383a85db
a1755315
ca701b01
2094e7d9
2c5ed8a4
25008ef6
d4db8a71
39312a7a
b8048464
87b9bbb5
1ef81b4b
dbd689dc
11dfe6ca
b0d71bd6
fe19c9f8
3c93b2ab
586dbf8c
fe8b79ba
42f909e3
50511109
57ebc54c
70b1620b
c3a5ff7f
22ebeba8
f2f3c63f
1afb25d0
0d2e309d
55e91a84
6a7c2ce5
37369670
11df1327
5c2075c6
0ec45e98
04e80595
62db5215
403c0c32
36c46047
c82ee9a2
844e2dc6
0821bb9b
ee230d5b
92f30bd3
335849a7
ac22ccfa
f4bf7e99
8b4b669b
eb4074c4
adebf53c
0560f978
bce2ebb6
014f90b5
e476d720
223d014c
c5f2d64e
1300d001
dc19b337
56563fcf
8c85e183
45ae67b1
443b49ad
f21aa3fa
dd80588c
fd31d8ed
cca04085
324371f5
8a7d7bb1
4d4ad0bf
41ff3b5b
770d676a
32c6de9f
459aae08
e3c2477a
925e8f1a
19dd2d37
1837c458
36e241c1
3e1a42a4
29823647
248d4410
466a5267
f2144adf
4c12a877
b5eee70f
ec1b4542
d99163ce
9b274267
03dab4ce
bcfe5d59
e0a7003c
12ecc4e3
6e3d18f2
c0174cd7
abafb050
2236d768
42f5e230
aaa1f158
67d65b89
20f03b8e
43a76cde
71946135
edc4cd62
52c68758
a45c299f
1b39189b
ad18e073
a6dc07ef
34c5be63
d097d05c
444c51c4
f3c5df26
818f1500
e09e9581
c35a39a8
41b2ebc6
99a1d15c
9e414a46
e2696d72
d1fce562
9eedbeab
cab5f655
4e4dfd48
d108c8ca
e885d44d
9fde98dc
ef146fd8
545400da
7dfa7d30
5aa9d59e
48fc5666
52a3ffa5
c8ecd28b
023fdd77
a46d64fd
bf801dab
b639ddd7
1ac1dd21
9b7733fd
dfd3e64e
6786fcae
a0e7b842
7a8511fa
56abcf21
d3c3ced5
0b2db325
db89e867
43a6ca3a
55ff1f96
fc4e7cea
38b4bf39
e3aed905
35cee83e
98cb63cc
34375949
60331c57
d5a0667f
41e31af3
30abe297
1375532a
7f75c6d7
7ff14858
266737e8
5fccf21f
d39e0af3
ead67b1b
35854025
d2c0a7a2
a749aa28
b4c00377
76205f32
289c534f
9d47cfc2
9aa0a444
1fcc23ec
fa12e8ee
4b0c1afa
755eea91
7e39a82b
ab0e6c7c
fe3ef4e1
f3d4d36e
51f57fd6
b3297d22
970d8f48
4c595411
7d623d21
55843c7a
4f556289
ee393cfe
6eeaf944
12872fdf
1dad773b
41e8bafd
4b6b367e
1fad9a7f
2088e05a
fe7ced23
43db73ff
3d755520
f632dc6f
b4933455
c2841c71
c9ec7278
d5af6984
bd3d9eda
d86948b8
1819d6fa
16c4368e
997ea1ff
58d52226
6aee91ed
6e38b401
967289d3
be50f4ad
4dfa2892
ce9178ac
6f71be7c
3a43ea56
319d6f2c
206b5e85
1fa92258
00935375
6dd318f2
16a7bc42
0cd3bacd
f420c6f6
11144145
68c8db0d
0c45c2f4
5f792acd
b5c4f866
65339202
57dec8fc
9c38333d
d5201752
f98b4091
0c7e55ad
9ac0b15f
cf2d7f9c
1e73dbc3
9d687b5a
bbe9ea62
bac4c3d3
0b47bed1
24f78609
703c15c7
2bd38ecc
fa145144
1f59554e
1cd56fbc
ecc73281
912a3805
254220c1
97b2a83e
40815d5e
2e76c165
0107fa87
522cfb76
98d9575f
3c5be53d
d69a9ecf
f1273eea
9fa8fb3d
41931e18
c4cbdfca
9e6a4ca9
990d64df
697408d3
547d03b8
b6db8dc1
7c86103e
c282bb61
da43a8bc
5a315fdc
bd590fb5
56ec455b
417178b1
10b0ff95
60c8f297
f67e5003
9525524a
6ca35874
16667115
3237c3a7
54bbaed1
d03de3d3
22d22107
b9a31aa7
55b696f1
41c45320
4d6f934a
97f11995
d2981003
f8ee702a
82469f9c
ff0005f4
81c84962
068a80be
4e04719f
f847dcf9
14ea4b0d
2a95ff93
f2a85a3f
021dda22
4c6cb4dd
c0501e85
d5963d15
61f689c4
3f091330
c5c79b01
e935b90f
e2c10abc
e88ec1f3
edaef0ff
bdcc887a
8c4aa24a
e825996c
76282699
9b0d62fc
824b1bbd
44912752
cafcb65b
f62ca2b3
29e66f06
b7fe3580
2be78395
6b174569
1bbc6f71
6e40b3f7
8c444a18
5c882eea
a77ed355
375ef084
896e4a3c
b9fac180
1cb0d5b5
4af859df
8c2c708c
fe0af9c3
b8c0e52a
abd39c10
bdcd24f4
d9585725
c399169e
27fe8788
faacaaf2
573b23e4
64ec912f
84c79759
b1002436
b6262091
c98346c0
fc4b9ad7
d1e58b05
6a6f7a6c
2365de54
fc30a749
fcb7a7c5
27fca22b
1064db75
016bdcfd
cb40fafc
7d44fb8c
23d5342d
2807794c
a19278b2
3de7e614
799c38b8
b9a03afc
5f6aa641
909f8a98
af078af4
48a1112f
02d71380
196acd7e
9c367337
8fa25417
c04c66ed
87db7fd3
87286242
29f5c018
d4879a7d
df21e08d
fa2625b9
6994b0ba
cbf49c70
bf7af49e
f89fa5fb
a226cc64
1443a622
d9065d8f
3ba654ac
6cff752c
4701dde8
a48ee4cc
3fbd8c55
3be381a3
53bc7d5f
c0b23b87
6ac5cf56
abd851d2
41e4a871
39474be5
6b2772c5
881516cb
6331a7c7
2fc81cc2
988c469d
5739ce0e
dd9cff9e
0d552981
15102635
384e61c0
0b926753
48885972
38034963
8d123679
92ead53f
185c19dd
3de891ac
754d0be1
f30cfea8
068dfa6d
057352f3
4699e6ff
ba7a26df
a966fb16
6df8085b
7cd9a84b
8e9a0ce8
7ee4d43b
76e6c00a
a5461f25
a4db37b6
446a0218
a176791c
5dd3f800
80df1a2b
a3a6fe39
77efa01f
89e57151
26252477
87b554db
d228bdca
c0100d43
7f70385f
eb4e510b
e259dabc
45374168
729b41bc
f1d56a8b
8f055efe
99675935
aacc9b7f
d9b325c4
bfd95b16
3c783c27
fdf7db93
faba18a9
5c66df6f
41b78517
b57fe72d
a2420204
eaa98cef
e0dcc9b3
60879b60
d432f462
499cebf7
2db60767
d1ed0757
476c5c4a
32b13b67
88bf8492
add1ef32
1469a9f3
155da272
a696d8f6
ab3c0727
d400fe28
a12f5539
df7ba458
92f2587b
cfb2daff
66b4c40f
41ae514d
2109deb7
fd922981
a2ed79fb
dfd4b795
a88e1df2
b691b7d2
a3b6747f
3b366a52
9570792c
031e4b1a
aec33d85
25dff1db
23c3ec42
3df943e1
6153bd34
cc4e373d
222139c9
851a7e9a
b216cd59
18d1d48c
36c65614
ad85fa82
30cf45a5
15ad12e9
50990ced
d0c239ea
9963f001
380616c1
c35b45b0
1946df2e
1d41d33d
48591ac3
b289e47c
c244fe87
0c1b888b
438b28d8
d3ba121d
ac926307
f5ab46b3
5e610f3d
6a1afeb9
ceb2f3d7
723bf1d3
b65f7ccd
647b63f8
8d33c5a9
c9a2680a
035b3d1e
9232186e
44c8b25d
451aa4e3
61c82895
6b4d9105
e7326e15
fb6e395a
cc724732
0cc609c0
a19bff10
56d0b41a
e2a7497d
c095f22f
9c04ab4a
1c31cf19
9413bdf6
9eaa3c8d
22f8380b
ce5ec5f6
8283b811
952fdb91
6d76fd28
a8445cd5
e1e8d753
e6e9dcbf
a5eff6b1
e9d50472
0ebe57be
5137cdd8
86622cdc
fa4c469e
a3ae62ae
5edf4668
bd1d40d3
43707a04
61084a08
c50d9808
15f8e5fc
ab64424d
9a6bdd17
877b30da
320c9e1c
a3c58575
bfd54e77
aa1c6b43
6fee5336
229231ee
f691345a
f126e5a2
40abf108
c9e871d5
e15e54ee
a82e22f2
ef74c1aa
ed4d3f77
8a9db4dc
8257d536
99c7d049
e18b70da
e6f9c5d6
0c214cf1
0ac55484
8ac598e6
21ff7ff3
336e0d7d
e1d14e7a
96d45715
572cca04
e57ef526
ac4523a8
956eb920
fedbcf20
8ad814be
a8aad514
2d05553b
940e7aca
b006db3b
18eaf679
ade19127
23008248
097bfaa8
9f447853
09ae5972
c11ae6e2
bebeab89
296fe9a2
6aae2c19
67150ad1
ced7c9fd
afc80c53
f2fd9a55
0e504c3f
7f1e4c17
e807104c
37ae6f13
250b74dc
8210eff4
2a106c67
eb3e4fd3
1bcb95da
672f62d7
d77a69c1
6606930b
d0afe3cf
d39124d2
f9dc5941
ac13b235
f13bf15d
75e31935
2b620816
c7f1790c
41814559
e8b1fd6a
d00eb785
07828d3b
cb4c2860
28dfc3ce
d01b1795
d6f9bf70
b3438510
c91d5e71
a794d646
e99a8934
c39cae5f
d09606b6
33d959d0
d922000d
bc32ecb8
2e1dada4
2c5aa514
86d2559c
2ff5152f
4a78ba5f
3969eeb4
75c6df34
5986f238
885709b6
0c740af5
3423a0c3
f26f9731
f6aac97e
f2daf58f
bdb91151
1590be68
d1ba3893
8b74eae0
263abb5a
25fbc98b
3f6c0932
7b46cd4a
e0cc60b9
42506935
ff8430e9
f5863d71
b03959a9
787b0071
9bf829a5
d31588d2
e9f19048
d655b8f7
57d2cd93
76242790
e8ee2136
3ee0cc59
9c0a6f24
34164c14
e8005e3a
dac60998
d6ed5291
ceaaa4a5
06b47c13
6269f56c
99ada6dd
c579c9b9
ce3e9827
f38283b0
7127c700
ac5495b2
89d9b917
154f1c45
74811a6f
34f31ffc
e6551957
c9efeb00
5ce02096
151d4dfa
a816026a
62543452
2880baf8
99c555a4
a0e549d0
0460545d
87561d77
bc6c54b3
8d6c6e4d
0b030f2e
1d0c593b
614606c8
868eecb6
a9ba53e8
ceb867f3
a980a3d6
39cdd537
a62a10a1
7adcd02f
22191938
2551a20a
be70a6d9
a64ff7d4
2b6572b7
d031dc08
c901e22c
df3036ad
532cb18a
051987fe
9e41d10e
3a6fa19b
f22d6b9a
ac7450f9
3210ef08
b6538f6f
6d28a029
405b7d20
bd77295c
c0ce3a6a
cfa86e6d
7eff9b46
185813c5
226306ce
56a67042
ca818bd7
4a5af42e
bb081152
f902ff0f
f237e59a
5f0f3f2e
e15f40a9
ccbe0eaf
df4afa0e
0b72c8be
269e2b56
453f8504
312e648b
75e86396
6ee093d6
56b31175
d428faf2
8c21d412
862674ad
72fe782c
0fc1928d
2c80fcf3
a3446e42
70b17ec2
00675ee1
22ee1521
737e55db
21526c1f
1344c7d1
1c4d4a5e
d2f2fe9a
88c14ba0
052de1a5
bcffa7c9
f2bac425
048acec6
2d13d53f
be74785e
1ff3f990
a8e358b9
2ff7d42d
410802e6
f644beb2
d007c329
878bfab0
49f0729a
c2bf5cf5
cd3f35e2
0b6fa463
7597c278
c4db4c61
dfd7d206
fac2e830
18c5629b
8fb945f6
b83b236b
172b304a
fc87a1b2
50a49829
c63b07bb
cb71ba26
37abe741
b3c3389e
f7925d94
7ff8f645
97b72f43
8ad3d00a
4f7d68d2
8f697775
05ad6090
f3efa750
b70ff3bf
a9276c6a
e83c79a3
4017267f
ea2e261d
15f86a7f
961a53a1
2a643870
01126029
47dbf781
90f9b8f7
5d6f391b
31f14651
038df9b3
b560f97b
6ad1e971
e96766b0
6a5510a1
dc328659
fe30f18b
695a6cd2
c2406523
dd329c2c
c797c106
61112184
37690045
3fc5a2c4
77da817f
ea211e9f
3cb51513
0b3636de
f5c64eee
1950ee95
b549c138
a8074e68
f31862f9
9daa4cf4
00139a18
e69c4eda
9e72dd0d
b167f096
a37bc8c1
ee3301a0
96d28d03
47ac0079
7b73e80f
6506e139
94518c67
c8562e02
92add4fb
f1f8ea07
10ad434a
932fd7ab
706a6e6a
9cc940d9
6ab23ca3
bd21bc40
44a36748
eeb83cc3
de38f051
15a3b84c
2b3d6fd4
f718699f
237e30df
329c93b6
458179a8
e9f67d31
3ed9b73a
bcdbf5aa
6652ea29
c650b7b7
63c08460
eaed9219
d7f67de5
0c169b74
e2ef626b
92120d2f
ee8d3e9c
04f3fa28
8611606a
27c8ef68
31e8a189
7408f548
e42033c5
c03ad177
1382c691
1f3c43d9
3aef035c
f1804cd4
2a89014d
c17518a7
3dec8adc
7c7ef656
934761cb
2ccf5b34
1f5234bc
edf00467
df23787c
19daeb6f
0edcf17a
d449cdd4
25db6a43
4c7c78e9
a8bf3017
8c7f0a78
925a1be5
673d9541
ec08fa62
b84eb22e
158aa7a7
e6ede8aa
572ef334
c53b4dff
9261999f
72f734ce
2a64a16b
fcfa1d7d
a4ca55d0
f1805b56
f6e903d2
3ab14fc4
bdeb137c
89c2de0b
16ff3eb0
f9968d00
f5e6e972
a200efcb
0f950bb8
98d1f8f9
d0293ab0
5b8d2f6f
92b0cc0d
a652a594
89413a91
425d492e
499ecb24
af7d486e
2cc40e62
70ecac2a
c511be54
ae047c25
f36ff400
4a74909e
9616689f
112165d8
90c95623
f7cc1891
caaa678a
ba220429
cb0a04ef
999a9d5e
4f28780b
612423c5
30e51fbf
15fb36c9
cbb5c482
77dc5ec2
8d37d4d3
cd4ae227
09499d69
2accb194
83b03ed0
7b10f371
f45dc026
7235cf35
f0028775
9bc1282a
d8054030
a63079a5
174fbf6b
ddd49a0c
484ea7f9
f1f1d644
541c7018
c69ede33
ad794a0d
b4eb7e76
1bcead52
380de711
a34db55b
e11ad84d
12169197
c65e8252
b2e2eecf
3eac4954
9e8d868e
4133ca36
3c5e8258
a256274b
b75bdd9a
22c8cca0
59528214
8ce19483
94671bdc
c5e2d43e
e8f9ef35
7d4da540
45d81563
6ca2b8bf
3bbfbbba
e0707baa
86fcfb2a
3acfb615
2d1c9669
a62ec0ef
4cefa432
ddcb3624
9c3a3838
e374b889
cf82b10d
1afd6bd8
9465dd6d
142da30e
75b9238a
499a2701
814421e6
cfa7c50e
4b1ea7cb
eeeba51f
4ff13a76
b6750a59
18caafef
40d32a40
b8f7ee3a
0c2f6331
f8558f52
9d631e4e
c32a6e1b
21813859
0ab7730e
c018e7b4
672a099e
ecd27902
43ba49ad
ed4ec3b7
12aa8309
46008d40
f67464d6
c3b2c9c6
75100163
234515de
6e93aa65
2886ac3d
7f57bc37
61c34ccc
68d57134
2b27da2d
f6d1ca78
5b5d2724
34525884
318ce068
50037a7f
6d59c0f3
5148a853
73874840
d72eaaf7
12bab8b1
38fac2d1
254122cc
e5acb0d9
a766a857
42239953
2ed48a52
19a23306
65346fd2
63d8a09d
63f3a4a1
5ad00650
4df83d90
3e70eb53
c1d3edeb
38ae60ae
c301cf98
d7c3aff6
55cb7e9f
acb8a41d
65c1feb6
15164d66
f80a87cd
a3bf1371
ff3bd53e
1a81432c
2bd31c3d
6d502977
fbfeaa6b
302a18ab
66a5959c
5bd64f7b
8145b611
945f0225
4ca87255
b00fee35
af3a19de
911e2b8f
00438ce5
d4e09b21
fa46e6ab
82945d83
a9c32170
df56afbe
1818646b
b712ead9
069905ae
3726aefd
e089a4d9
38ffdaa4
82772440
7e17ff7d
5bd38898
231402db
75b63fac
9131d683
417dada6
0144b62c
027b52e0
00ef9fa0
7cfbba70
0db83c76
6b8dc8e3
122e7feb
395ddd5f
755e8004
a3c3be51
563cba9c
3f20ad1b
c262ba34
8f4fb9dd
e9303b2a
a3736d8f
f2810a0a
85c00ed6
9af733e2
5b7175bf
562a21dd
2ddf0f39
ecdb7434
96ab6a1e
26eb251a
d8cbed14
a28d1928
880b333e
f467ac77
d8902017
02cc0752
83f51c53
caa9ad72
c06ccd53
31a4eee2
efd04169
fa55ea9d
8e4a8100
d79ff99c
ece7a422
9a0448f5
e3c45735
2c13d15c
3bdaa591
0edc4b83
bd397d28
9dc5df18
028f9aed
5768f332
c3858636
007f6366
f551d567
c80e4885
1cdfb131
9c7f9c10
eb096a3f
ce98a8e0
3b0f3035
d059dff1
108caf88
d6a38a2a
b46ab373
b39bae1f
061200a9
dbbc67da
bfa3448d
5d609c2f
b2fd08d1
6a1db040
d8c0a52c
cc27ac52
1953ceed
8ec1c00e
ac3b0d2b
52f72b84
81627654
c546e5d7
5991a042
77b80eab
1eec6227
a6c5666c
755e3a7d
c85573fa
d53bdc71
8bf3e63a
8727e43b
5053d39a
4a8b5e40
9586c2f9
62b163c4
c6020656
2ebd2b5b
73fe8f51
926f6a4d
e2652ab1
84e7454b
d6d4b0eb
f4bb8b0b
fb44befa
8c4e2f8e
e2def7b4
f4834f0b
4e941b11
23c0eb32
c7d7717a
05820c52
fb21ba14
49f33119
97a45d7d
8ee552b1
c1bf8dbb
799dc2cb
8ef4797e
a71ff68f
ed3dc3df
ab475185
3cc9c5b4
26b05520
eb6c198b
419790a2
880c6ed7
63f584e3
5b45de5a
d9c57832
42f0b2f7
20d51610
1689e429
7b0277aa
ed309001
b2d9afca
226a7448
150966b6
25c8d015
bab9a27f
9b2752b7
bc25d9f7
6ff5a17b
a16f60c0
0873708e
92042875
09a4ebec
0d4fe9df
a15eb5f3
e1c97b32
213f664f
2cc3c8c6
89924481
e1c4be52
9ef51605
c0c5e901
7cc590af
053b2d4e
5c7d091d
dcda964c
62971b01
dc87793a
4d5788e6
e8f24483
e8a76650
c235d555
7b7a30e9
d1b88125
854db554
f261d0a8
03e8284a
43697e97
9f9e28e5
7723b187
182b4bf3
32cd61a9
294d497c
a21a0480
7c10a5e5
16d4f934
01e0fe4a
f8ceafe5
3544d4cd
99fbe6dd
c3904f8c
664b8b32
7d82cfa3
88a557f3
abd73586
e61b1c32
616c134b
3bc8b0d2
c8e0d0a6
90b7b5e8
7f5bb21f
520e6e6a
01afd4d8
b2ff5e78
188a858b
a177a32e
848838ad
ebb7a6b6
7b154d91
33122166
a74e75b5
d80c80cb
5a24cd64
9961d5a4
6b430b43
a9352cb0
05950783
5538afb7
29779dab
3c9d3468
b5559775
813f5938
ede92271
b13f7cac
da710997
101ad617
23da9eb3
8b29038d
8d84b943
e476b144
97e5047d
698dd6ec
40d7bc3e
a100ac90
581902d4
390f0355
f78c1aeb
27dbe820
373b1bea
ffac0f6e
4d04c10c
15ff71c4
d10d59a7
24dd62ba
a0631a45
7d93b231
21afe4ae
95e6231e
178cdd02
31eb0606
a549eff5
2dd25a76
9ad7b9aa
cedbbac6
33608970
8a7d08b5
ac4b77a1
534d3b04
15928aca
4f3e69cf
7eba9b1a
d533922b
f698d82e
bc6b0b24
0fd12dec
a3bc2d96
ff352a10
a9aed616
80fb0847
47713276
2e258a5d
82f182fe
83ed0b19
01b529a9
cbde6ece
5f0e938f
318e0753
6f97fba0
3290c893
2e754ffc
10f1ba9e
b2e7450e
1ec15205
4055c301
9d274987
796c2bc7
ffab9a1a
48951e38
155df556
47fff849
7087ff04
17b247f2
84f1a8b5
4433bf44
7cc662c5
cefa65c0
884feb02
562088b5
a2c256a4
831aedbc
69365af9
09965da9
d39381ec
06e6d4c8
4eb454c7
5868b2e6
93ee44ca
599e3387
228dd3b5
c3ad0e75
1fcea869
5f9dc52e
898e8cea
3b8d5b47
5d289752
c4dc7e7f
f0f91cf3
9de8ca74
f6d01047
cffc8c6a
9ec7a833
040591d3
0eb66d59
a1d3a0f5
10206467
d3901c35
b47fe92c
351c69a5
0c616ffd
6127c024
0ccad0c8
39579365
f45ec09d
40817888
021970d5
a69786d1
9c509943
79310575
98710a8a
ab320f25
13f9111a
e70b05c5
b25a710f
dcc4d42c
9002dd69
4cdd6b67
1436a3fc
d13d3783
d758745b
768ad85d
441cb68b
9b9ebd09
8f38501c
45fa441d
d45db595
d73b0a3e
75d0291f
7288f876
c4dd8000
ff27a078
45cb347a
e960a187
a2b40b78
a37a945e
4efc3cdb
e40c9d4f
7d6af871
9f5ee3fd
13bc4b8c
f36c8500
4fb12ec8
f7b4a2f2
c8906cd2
b4e5e52a
2c550417
69b92551
3c8c8ef7
bf741c83
e9c5eca3
64ddc2c2
369bf3ae
c9e6b886
556ca776
375d8f45
8d758c1c
4f5d4a2f
706ede8b
9921ff3a
957e2bfb
008e8546
dc9ea40a
b79d2a23
f90be64a
b6ffb9af
b1e511ac
28ea24de
eff536de
828d3314
81633c7c
83509e08
117aa1e8
d2ebe836
0ca32ccb
e7f0b38a
368e631b
859c6718
f09fc057
4c3b0903
a127c9ec
ff3d80f7
5aede443
9753a7e3
deeea2ce
f496f198
7b6d07d0
0f4b69c1
9d090839
b0e9d1b0
c8441723
23f491d8
1b43f281
6d700749
5a1d1c60
ddc3c42c
b2501d07
c34cce7c
5ebf1769
a961c58e
035c5840
01e2d9c4
bad9d811
058b55de
8b8dedef
251adb6f
ca5933cc
7e9012d5
2d29e5b0
29662ede
f1adc694
e4069973
beca0e82
4df45219
5eaf9e64
b955e8d4
5318ae16
35fd720b
42f7925d
53784d1a
1562b451
208bc6e2
e0926360
ab6f301b
ee0f6bcd
95769439
efd4adbf
0d82d696
8e2d6338
6c459ef7
712bd210
7bd69026
39538210
93473eca
41c709f7
12cbb773
d6930100
0af3165b
9b09066b
a8502f7f
18e9d308
371b8ad2
2d2fd7a7
ec45d0b6
5b2b9df6
4116a35d
2334083f
bf528544
ad9c4b93
5c489d88
52413558
c93bd5f1
1e7bf9d3
b5a2999a
a3e06222
23af5668
a7b112a9
5891d31e
7958b401
21ca4ebc
dca94e3b
1b34eeef
de918447
c00d2104
91b7dd07
316de2a0
715fcf3d
063156d3
bd1acc22
49965a48
7f0246c4
b963ec23
cdd9f1a9
0bcfc8cb
361b025b
fc475efd
5093a8aa
ec9c6ca9
d757250f
fb7e2a52
4b2ec6d0
76da2aa8
22b218c5
1d3871dc
3f6ce227
ad74213a
90eeb23d
37dd8e53
be832345
fff749c8
f8073689
27fa210c
84bc8d28
b0a0c03a
658603f0
2a979737
15ae0700
91fd7d83
f465898f
7f6b086b
5c25a9ed
c3deb326
932699ff
996e941d
b00be7f5
2c0ffe60
d49a75e2
eed01dd1
e8eee3a2
34539c52
754f5923
b0e465ac
de2b45b8
447fe260
46464f54
a417c0c8
f204daee
c1dd89e3
0b857af0
84572853
d99cfadf
3dec34b0
fc049c37
ccdc3cc0
0684f515
383fe26f
d852fbfe
09894aa7
951840f4
77fa0def
e8f14527
c86ee937
61ad7c77
673c8455
775367ec
a75430b9
23fbcda5
f9499641
7b709efc
e422c6dc
0eab2833
d81205e9
80fe295d
2b81aa84
21c744d9
eeb42cf0
9f112b7e
4b181ed1
14925b59
0e167625
b23cde5f
dbe86e37
14fcc69b
5364d806
808a7372
d62b8aa3
712bbe6a
dadc70d1
4ca311b7
76f8d06f
6aa003aa
4e6c1352
cc75a4d7
c1848369
df3d97ac
d1ed5d77
084c37ab
e53bf9ce
cb806fd1
f2b3f117
5e8d3566
495ff788
ef6b447d
b577b087
a1f18371
d69b947d
ff04fdee
1c4c5e10
692977e1
e217ff63
059d54bd
ee6c5397
638e7c0f
4b4f5053
bb296e24
ee8e9e12
33c73fb3
539c9b53
19607c05
5eb5f622
d8fbfc8e
ec4219a9
f8f3c4f1
106927cd
8a94b62c
8537d4b8
2992b65f
1161f2de
8eeeff10
6b20fe34
53f03837
e2ddef69
9051d1e2
6a82de3a
4e5dcb53
8217a96d
43578d6c
cf2b8ffe
7ef92e4b
f221812e
099f7ba6
7fdfdf7e
7faf993d
e670d630
2c4590bb
2de9724e
fccb51f2
f25eac28
52465e9e
8ed3c66c
c69f0e98
82119f5b
426c580f
80a6e68e
71972c76
f50ba9c1
8cc6fc36
24cb5dfb
6b11d052
3bf64323
b401890f
a6c439f9
0791b6de
3f152370
5568ca4e
12422825
600bd371
1bd17c19
900f2ed1
eff838a0
066fa26f
cffdad4f
e877c170
f57692ee
4e806763
9de91fe4
ac9a3d94
b43f5e12
c0e09b1a
f4c5747c
fc01b896
62133469
deaf39bb
f8acfd5c
b7f532ca
aae97b3c
140a2be7
04b3d102
43c1b8a4
77514225
f7584e86
27165944
a6f40ff8
ae78e389
d88943f1
5edad201
cf5acc19
e9732ee2
1d57a6c5
9ceb49b8
92ff738e
e20c57cb
375444d4
d98ca300
a26caf6b
b8562465
216c5024
26dd5ce2
8e05651b
bebf680d
816d5fe3
019d539c
a94675e2
3bb9682f
d38ecec3
1eda016f
3186b48c
161c6db0
be83c3ed
b8ae83fd
ca8c0401
29203d92
ae16d65c
d8c24bd5
7ac61525
e3d60e3f
df329829
79688044
c81b4368
b8effaaa
144f65b9
c0612eef
6eb6309d
cdfa2fa2
c7a7ce28
245adabc
8c5fdc75
51eac02f
06fda9c5
c1a7828e
19fd7588
163dc602
83ec3c7f
5c29fef0
9418cc87
c61fc3f1
f7a721e9
91cc6347
2abd1156
84b11c5f
9e8aeb8e
a1704917
75ec3e4f
bb5c0a4c
d64a3fa4
16a24c99
188321b8
77a7e442
9e160d61
b4fb853a
9ac0ab09
2db93dd3
3e9f5aa5
f4724d22
71cf19a9
0ad84a61
9e268334
e32e6237
6f2ca27e
22b202ed
c36e1dc7
dd01357b
18fb2a18
ca1e98f2
c63e39d4
5add6292
bc58d82f
3b3bbb08
3f39602a
c1a365c7
da3fece5
aff1bc4f
da4bff0b
bcc249ea
77c02b45
ab15042e
bf285fa8
c7fec03c
4e6d45be
fc3c65c9
cf8e0963
bc5b96a4
a2ea2f99
69bd2fbd
2303140c
f0d80636
3fe299ab
4e69f542
4a265ddc
c926ce21
b7abab2d
4961a04c
ea7efc27
ffa50779
84f23309
23ddbb80
e063bcf1
7c70c185
aa6894e5
245227c9
574c0727
c0c3fe4c
9e585d48
e0b62391
872bf147
79f0e954
ef12eb9e
c1b18dfe
691ccdeb
671621ef
7a38d6ec
2b936d02
ec49b4bb
57ff88ec
53453e4d
01597be8
14139a57
eac8f521
d9733d8e
912ed932
86356c1c
c7b96b3b
a42005ef
dc80264d
b2667cbf
b4c65900
0a471777
fe147d9a
a3837546
c2b834a8
1f771b0d
bd28a1dc
ad8399d7
027f3d8f
0489fe10
269ab795
3a93c269
f2f7b810
db1052f4
2cbb9288
e3d304e6
a91c0faa
c3038523
89800438
0da28c8e
91a1e640
452113be
6c2a610b
a2abb7a2
56685bcc
df2388be
422f52ee
6443e51f
d2b1abaa
f8940e8a
0f850716
01e56cc5
367aa1d6
a9b48e01
4289213f
dfe24208
8fa61843
4869e464
8e79eabe
808ef5be
7cba878e
a8af5ebf
9d0af6cf
ba8d4c14
d81f0d87
ec1fc5d1
1297b5cf
f83d706d
e15fd6a1
aeebe907
2dd6948d
87a57428
1514e7eb
31179d2a
c55ab704
b9132357
bf580166
4c40b944
abb59015
31c73deb
a13bdf0d
fe03d78a
317562fa
45198d6a
26d916c1
a71298c9
3103f4ca
6ef28b2a
b6d87040
ccf39c04
4be8f944
1f73ba30
a5f6f97b
7fb88cc3
366d982a
485acd7a
a39e961c
af3f4576
16866430
37c5233a
fb6b273b
5aa29422
a7a72a71
6bb6b4bb
847be2ce
a4f64ff7
5c9f100a
d62dcf67
3a36be02
60f5d9c8
a745ccf2
0ee121a7
cd1f288d
90e588ba
3879e8dc
db5088cd
9106b97a
07df31e0
24fc20a2
6736396c
bfa18a5c
b608b88d
9535acdc
de554266
5d012f46
9b5426c5
ed99b215
557f7345
37f66926
6efb5bcd
a6010179
d222ad42
0faa7220
737366d4
1d114141
8d0f9c6a
b2691fe4
6e6b1ae9
a8e15895
02db911e
c69825e8
bc3b5817
7982e120
a9a26485
0d7be323
3686a80f
06bb11d5
b0726727
59092b9e
9c3d9be1
0322b9d6
3c8e516f
1656eaff
dd81e211
ad6e70f5
2c9931fa
6ea4b403
2d2cd0c1
97794e76
40521ebe
d3dcca1c
1dc57f0f
1456e47b
56e9b1b8
36714cc6
e821aefe
4d89a787
b00946d3
d4402731
06e104a7
e2e9449f
e2b5f856
3a79972a
d4050a71
b2479258
bcd2b0c4
fb2c7dd5
67e19f1b
f85d7930
cb755eac
0e69368f
f7575696
3d3a2479
d0fad73b
3787159e
dcaee2b9
9b3fa2a5
a3c9c56a
28dc787a
58436acf
577e446d
f0661725
44bfe83b
e9cf98ce
275a97a4
48b826da
9809f76e
4c418fe6
53c9030e
81a27bd6
c898021f
fce5a437
6859a788
e363e4df
29f58af7
4f846a27
5652dafc
79daf3ef
b64c762d
7a04f302
cabbc3c0
617f13e1
9213ad70
310fe602
4fc33ab3
45f5dcbb
7755089a
f82d0b04
ae0e86dc
59ad4d65
e92b85ce
164dee60
3c9ff981
91e7ce5b
67fb4045
27b94aad
5b81112c
ae78d36e
1155ecf0
cf6d4594
7d66210a
dde9348c
701321a2
5f09df6e
b196e6b4
f915486c
c07a0592
adedadbf
96a55595
a14f4947
de03886c
62da1fe8
8aa010cb
b67a616a
3b9ac708
692a3907
e01d16f7
ac27c3b4
4d31c64f
53fdcc8c
ea158826
a97099ae
fb758454
053cb890
6e0b292d
4390ba35
a41cf628
db4876b9
4d068490
3cc34ced
0aea2fb4
0026db60
894b16d5
f41af2d8
0e0cbbea
da2ecec9
af4ab817
f79e5c16
acfe1adf
fe48bcee
a1138773
08ad801e
09bd6a9f
4d1497cc
32572e3d
60e40859
a09d4422
06c16099
7e29927a
405d5c2a
58dcf832
e94fb512
ee830aea
d1f7a775
49ce6a15
72aaef7f
e68ecd33
f86e8f58
e979d1b8
092c4070
357fc751
5446f88c
fe00ed86
98fab515
cee70479
15aa8c70
3d6ac27e
0a295b2a
05628b13
b59e17ba
7f3e39a7
cdf7d299
f62b01fc
3553df28
d7018095
459aa265
237a8f84
813429da
b6628680
9342a9a3
a5f63f8b
a469fc8d
7037758b
5058c34f
da0fac8f
549cc5dc
1f37052c
4374c90d
25281ae3
31333b5b
9583e2d3
ad2e660b
d4a308ac
1606b970
21b83974
6f11519a
0aca333c
ab6a57fe
8aa7af9d
d5e06783
c2ecb0fd
682d95e0
32d915dc
d8047d82
3afdd92b
07604602
10887efd
ce5ef085
7eb6b5da
77c2f74d
706208da
47889e48
24ffe4d8
fd128225
07058700
2f70342c
3579d5cc
0cf6dabf
3c27c7c0
a574dd95
3f22af21
01e3de25
a99ce148
c4b24a94
e95d5af8
014f09cf
1a6bd200
90204b7e
b8b28421
e4718d11
0660d510
8ee9dec9
0a9500ca
8627f773
e00a17c9
a08053db
8d922d60
87f290f0
98db5ad9
78c43149
ade01634
1fdad335
601893ba
29aa8308
a3899df1
be9ca587
2652d65e
ff34ee5e
2c5e55dd
4ae09654
2f52ea8e
f94dcbc1
03480bae
b5698256
3b53c1c0
ce377cb9
1c3aca77
669220f7
da8b565b
370b9ae7
267cbc92
e2fdc08e
af11f59c
d37de491
b3ef795a
7e65ba33
2b5f9f2f
a81b01a0
2f46edea
e3cba41e
cfe8b4dd
bc929667
9daef639
3b6fca21
11fcea26
16758f6b
9a52ca3f
ef9c4561
a71fe5af
852a73ef
c6f136ba
ecc0dacc
b7fcb309
074429b1
99cec598
5d503e7e
a512ca93
34233bb0
bdad590a
7e319e19
51affe6f
98547923
08ddfb00
74131e97
61a03dbd
53cad174
56d3af49
a34be731
586af51d
2729ffc3
069cefb0
997856fb
3c26926d
52e07fbb
9ea6d466
008b41ba
86dfdeb6
ad254e98
288f1444
a3908fa6
218b169f
ff1cfcfe
a9d0dcc5
5a745e31
251e1206
d9efd624
1e5c25a8
b3838209
72f78fc8
a9d7007d
01f685f2
25913801
d73e46db
f1407f05
abec59f8
93753014
770b9152
c461f3af
d127f81e
a7a7bd51
490f0872
fc3ea1b5
2d666dea
62590843
461855d8
2ade9cc7
8bfe9ed8
777ffa34
ee6092f9
690e4372
b34dd6a6
8e0190fe
a3670f63
2b369474
b9d0164e
cc117779
2f6ad437
de94e5f8
38dc06a9
0520ac65
330b80c1
1a37689e
e93a5cf7
35876863
8dab7467
e201f341
7ce85679
b578b485
31d759c3
917887f8
b6e85ac5
c7b11276
c39b8dba
988b3461
a133403e
0069861f
76c6d1c2
c2d25b5d
eef21818
57b0d231
b893a9f8
4b2a6160
33ddd5c7
6f3618ed
a730785b
7f11b4d5
68c0ee92
8444c310
5701bf3e
985d7b96
8dc42ba5
175be904
35e4c690
7c56280f
a8c1a053
3a032073
6c864bd9
b3224f77
91717db1
3d5bf12d
2a4b9ee2
1b2ab299
806159d7
4f3393e2
c49b436e
b6be228d
8d6fe136
ec3b4891
653c0feb
86db91cb
dff831d9
33f6ea2a
86d50607
9479707d
e4bbdf03
41bf315f
824cbef9
c5746067
2a1d3094
d2f198a3
de2a326c
d7b0c754
02e85747
1cfb858f
f869b3d9
61607321
ba56c470
1d19861c
600b8bf8
0a28a738
9c6200d1
1d45ba4e
180ad122
cf64db13
b8638163
9d9663f3
623c6c1c
61778ed8
d2a205fa
44ff5384
40198916
2c75427e
6578ce85
c2ac6f5f
f517280c
0094b2b1
25f71048
6c003341
9cc6c9a8
17724bcc
8069b1ae
6c5d020e
c8f79ab8
295cb518
9754c423
0bdd6cbb
f32c9d71
558a4783
900874b9
832c2f2d
438333a3
c0bb4873
b4869614
6ec8fd2f
1c79feec
22bedbc4
8f9028d6
7a6177f3
3ca3d146
ae48ac4a
9ca46a14
8da9a2cc
b558719f
16c6e95c
87acc153
96907f2e
ce254eb4
06f2bfef
11061513
a190a807
ee6f9813
a9d7d937
1d22b361
d45dbb54
6885cec0
ff32d9a8
9c0c952a
f3a2848d
6212780a
bf330cf0
ab84a377
dde68ff5
cc55888e
7bac00b5
c9ccac83
b70c4bcb
896f2fcd
807104dc
9e8518b4
9ebc9022
3000a800
4584974d
572c8d43
f2ed4a41
fe3ce1f9
93d40b62
2a716139
4df5ca9c
1ce21694
f69f01cd
57dabc74
28ec4e05
9128f980
af43a188
57aea135
9e69c448
2b731042
e302c296
9493f61b
80b285ec
80603f3c
8141998f
a6659c99
c2b69762
5598382a
4318c616
70478fa4
807c387d
65014e0c
b643a927
38c7314f
6193a928
49a46dd8
bf1ed315
5e7d99fc
2f1c5431
c452e96a
c46cc698
fc97208c
6e207c94
2907cf88
21a52cab
e6069169
e130aff6
18fe9b24
d84efbdd
8b0b8fa5
af891502
cb0ed20e
efd179f7
7eaebb05
b1012317
10a269e0
1731c00a
f3acbb59
7a113bee
1050b440
dfa4adfe
301e0a42
8149d425
13a98600
d554f5e3
592e2752
2f06bcbd
d3aedb5d
57d6fbc4
6205626c
f2a0189f
51d69932
ffa2fb2e
95d17694
fc770e0f
d61bdf23
543d5793
ce1418f0
1d0446c5
2b807599
d7f44f50
bd357c1f
63dd7396
21cc9be9
c1c2f41a
3758a378
6806d20b
c2ddbf5b
922837a6
206ec689
84d6b7d9
74a3e930
81adda07
a2a58237
26b33b60
b718e5c2
a9f74b8b
21797024
f9a4d5f1
4007b3e3
616f28eb
70c32e72
ede03a3c
8276d6d4
f121db79
6165d231
8c982eb7
70af42f2
0a8e7076
016191ea
e7296162
a091dcc5
9b4a0668
0e365268
30a98f59
62d35361
93dfa6fd
72cd9669
72e2d809
cb875861
6fd81b6b
7267ad41
c1e6864f
772fd181
d20cd8b4
b8130bc5
9775ad9d
3a6ac4ab
c414a564
8b142e9d
7949b8b2
558adbbe
a01c5f44
873fa280
f14e372c
7d0b7764
c9d8d183
5b719b8f
11866f74
260b458d
c1a6ba33
6681d4a7
4d4203a8
b64735f5
ebc4f9e8
4174840e
c8b1eb14
abb04720
231faac5
cf4e3827
e0661004
da4f7718
1d670f99
1acb1e91
c77b28a9
0b77fec5
e2984f63
ab28b6c6
3289cb4f
032b666c
28e46cc9
497cda33
df267951
5da34e52
2029c99c
bd6395ac
98d9e8b5
2b68bcce
9882c404
4fef3d59
5624b15f
229dced7
0b2c5f19
2c7bf6c1
346a84b2
00c35d8d
074ec17e
fb6117bb
49f8f347
25ce0246
9d6c3942
74c35bea
3186ca2c
5e7fdd58
8a5c30a4
39008cce
e5d373b5
dd8bc7f2
e4485b13
86ad1ebb
66b061ff
739aa574
8aa5ce80
126fd980
21e075d9
876616e3
217e02fb
279cc47e
08f4da7f
12b836dd
8e735d74
bbc49c12
8d8f2182
91d93859
95cd85f7
5b73c276
2c174087
f55d5d49
61e21dd3
c0c3d798
be0aeef0
78216e37
6e2a7566
83d79a16
51ba5c10
e160be8e
4caca237
c9e8757f
9395aa07
2820f55a
3314c652
64555075
0a49c547
20ecee5b
1f0257b9
1fc04eb7
f02d26f4
d4015d6b
a4057c20
c5fda160
701545c1
1c85cca1
369d823c
0a031bfb
5ab0f893
cbe6e105
128b8f73
be624a3a
b0e1e1b5
de743211
31e72b7b
3a8489fe
bd6bcee6
f90f16e2
8b167f7b
f79dd4c3
43be22ed
4fbd6c6a
cf11cda3
d7834bed
0fed534e
98d1e807
004ed6f3
651e53be
5b084eeb
14647135
6f43b8f4
fed1c7e2
17ea6414
7a90b034
ca841660
b2cc976f
772cc9cd
20875eed
e2cd49bd
7c825426
e705d6a4
3e6dde2a
06571399
635fbadc
806eed9c
71dc63d0
e2e58431
b8aa7371
1de387b3
80ccef52
b27874ea
c3e31601
160489ca
e4a0590b
cf6c2d44
599fc701
7b4c57a5
1e28619d
6e16f4a9
b4798089
cfa67969
3db9c115
8f76ca20
78a970cc
b1b38b22
4b267cb1
f9536af8
7c080798
16069f0d
c44127dc
61fb0ffb
cb4e8f25
c9ed4286
7773aa83
3a74e771
3a865c8d
09cf028d
91a2a82c
7eb9ec4c
411c4cd0
a883dcf8
4e1dc978
57138e0a
4694996c
127504d4
456173e8
17ea75f1
0f2792d1
88279509
7d6a04f6
18557b97
1ab50b6d
3ae09809
5733a32c
84d47f4d
fe568124
a034d0da
df4eb8c7
983787df
a5b14b33
024c38a3
358e5269
8071e7c8
0a1db052
5701d229
86a116df
ff25d11d
bccb4f98
f4c4ccf2
608e2706
7a80227a
78e29095
189a1df2
76fc4e1e
90658a6a
d77e60c5
a732203a
19ffa6e3
cdefb292
98ef4668
71d4e0dd
938df04d
1234fbd1
fbe8539a
c38970f6
6580b953
556d5968
c3eab360
4cfe0c90
8dee11e9
7f3e2d2d
b3ae4aca
36782fda
4a83e061
6f5bd275
a6f47273
ab8d2893
8fee11d6
81b423b8
02065789
9e8237a4
c837b59b
7325be10
ba924d1b
39740f41
31b68eab
c96dd4a2
bf24dc8f
7ca8a09b
fcfce6c4
56c0a28c
19294e96
86f09915
aee682e7
d6ec54b3
3eceee18
364184cd
2fc88938
72d29631
14015679
8be96259
a07cd380
8186ad93
13397891
47df5980
7f3a5117
3db359d9
39ed565a
adcc6cff
b9b6a644
ab7aa50e
f38a1be5
0d10586f
d3707a68
d1c8dab1
66ae8b16
b7ada9ff
0eac704a
34dcaf89
7bca6c59
aa9ff946
eb425676
7c56f423
ec20bd55
53eca783
f00ceb44
782ae868
948ea8c5
da268b7a
027fcda1
41bc8fe8
9f325c74
ae7ae06e
99f9bd9b
cdc11d8c
0a295004
9f02c4c4
dbffdc93
61a1ab74
44ec2b91
f423ef3f
072e070f
9d9a1286
4433bf3b
9d2ce71f
78ceeee6
a0874a22
7e5e72b0
71f3b56a
acf6d1f9
a2310253
8bf85756
ea703eba
088f55e6
2565b22a
d274238b
c3f8e4de
dd658d0f
2d3c4bcc
c679b3c2
c24d08c0
ddb5713d
bdcc0d94
ee3724ca
fe44a626
bf6f5c16
06c8f9e5
d7601add
1c47daae
09b6690e
d82922b4
1503ef2d
95060458
6fd359f1
479c6605
79d5afaa
c3f33ae1
459db104
4c23e84d
5c7af392
958c89db
de305287
c6e870b3
e179ea4a
bb0683d2
d85445d1
0c9a8861
3277195e
c8153ec5
c12f9756
e38005b5
78360d86
d669d0fd
eb1d5406
f08cbd50
c52dc9e6
8c4f1ab9
69190d47
455a56dc
0ffaa861
dcf30973
ffe0c164
9d366a26
02d07a4f
7486cf99
4e9a47b3
e2055cdf
d5ab765e
02ebcf37
38b97409
4bef47d2
ffb453db
338feef3
7e4e0278
78af17a4
1fe3c4e2
be4c80ba
cd76cc2b
906ea2c0
393afc26
6ddd0e1d
fa085ffc
1ccd33a5
6ea032d6
c2b3ee9a
f9f61137
4d99dc64
742b9f28
ab942781
db20389f
8833cef0
14d906a7
0fddfe7a
12899645
8d1f5a7c
e7628467
8d80013d
f3ae500e
8d838676
d06b3d5a
c5f9e911
84a32726
696f982b
4c4c1bc9
e0f3ad50
b439e0a5
a6e3825c
4afee88a
b1018afd
49577e48
99d382d9
7bf637ea
d45fa687
c2f91fc7
87255be2
9c1a1268
a54d5aa6
195bb277
f7f985fc
c6062f98
99ee35a5
afcc4d35
3f6463ff
f342467d
639fda3e
3ff52f2c
6318bf24
351ea42e
0926f003
2b6f5b38
ec0a85c5
7ff1980f
49ca2e48
c76cd908
7a6663fc
d57d4f54
d535d7dd
4a455654
56d7e485
7207f22a
5d85f0cb
1e89f6f1
d66298c5
1421e25e
0ae3d00b
1fc759ea
5718dca1
cc8fa85d
b6239d9d
601cc088
a26663ee
1e45cbaf
3f2c6547
5178b70a
6e1e8e48
576c5b34
05f504a6
d7110d78
70e6e5a0
28967fbf
dac0663c
5b151352
44392038
2e4d9914
af5022ce
84b0cdc2
cd5feb79
d00dbb91
2dfd5b0c
e72cdbe0
880de612
965c2d6a
0a26af87
12f4c93c
aa035e6c
a92b0010
d04a86f1
1d3f7880
f1b91232
7a56cda9
ed6c9a0b
bc59cb5a
aa3eab89
37e160d2
0b64517a
7a2fb735
ef6eb28e
45201bf0
a6c39a3e
0240d397
79f7f421
e7ed0039
7be59ded
6df40209
9c7bb7f4
f65a19be
fa154118
f8cba4f0
94d34003
41bb92b8
25b33130
c8bfb881
26728278
cfe3355f
cf107e1a
8188c847
a76279db
b2ecb069
c85dea9e
62f93e01
e93829df
479980c2
8b0caef2
a0f7f13e
0c6ac994
1a5a14ca
39551990
1f781516
ad01eced
56ca8ef1
bfe152f8
cbb3380e
51a1eb0a
87c52245
3002ef88
c2018b2e
5936df14
a695d5c8
fd963b24
05b325cd
163472cd
2858f6d6
795c48cd
3eb3ac58
857e4626
153734a9
e9541bbf
940f848d
d9116070
01e01a98
2e32a8c4
b1cf16a5
d8ed0967
0cbd97d6
36d53790
0a8c3ed0
f5ae6194
471ca94e
28029ff6
0fcfdfd6
ddaa5fe3
89987e5f
f8f918ab
1dcb6b6f
7614d72f
46651a5a
969fde41
ac54f0de
a660ec48
1a584af4
636b3f93
4d6dda99
30c61bd2
bd09dd27
1a2ccad7
5e498617
b31755ad
e804bac1
48f71335
c4a67c2b
d811cbdf
a049faea
ce63b641
c980f21f
435e9521
70ab144e
9543780f
6bd80de1
7e46876a
1bccdb53
349903a1
52ba66e0
f1770d0e
ccffc96f
ccf5cb29
366e5771
42dfdefd
4062c96f
609881d6
60f0ac07
328bc843
ae40a41c
b89dc72b
eb429331
6bde7ad0
57ba28e9
836cdeee
0e6e2ecb
fb463599
55c381e3
2d455e65
4fb373e8
c0afc1de
a58bb1f4
6ff70466
34f9606d
2f7974b5
048a7f56
21d25e1c
627f0b8f
2593e177
654ad62f
722aee57
22b6bef0
c091886e
97c68f4e
f138ad89
360e5454
5a0878db
888eb0ba
44ddb240
2e964417
76494987
9cea4a52
505b4769
ee172d83
02a52b58
0e8cf3c6
113e546b
36ca7ae8
878b7cbc
1f54cef9
f7ff16c8
412c810d
a08ca7a0
26eefc0a
0ca9c219
b5dffce9
85f97935
b8c8d09f
0f34ca8e
e08d24d7
add5893c
9a82a636
eb01c91a
85d2bcc6
48a4ae5a
a8a92ccd
3ef5b322
38cbd259
3897f181
e5c37f9f
039a6b59
4bee361d
394891b6
bf4b528a
5b2fca7a
e6a6fba6
34c54734
55cb87b4
e792bcba
ab5dbbf5
c2c03b4f
8be54744
a31e5962
554a1025
5a469544
420cd94a
64058cd6
062507d1
ef9029ce
50c0d1ea
74a86fe3
b4a5a7dd
9d0c95c6
caf61b07
3b849b75
29c950b4
cd2c5c21
961decbf
9a6079ba
ab8fa68c
ca698092
45ebc4f1
820717d9
c2d2efa2
302ffa77
1a4b63d2
d0e7bd92
b7c72e97
f2900c3d
a2b1ded4
2f9edd52
f8d594cf
a9795b56
4c47432c
9b9322b4
18d4c1fb
80c38e97
988cc36f
0975102f
e6a5f5df
1713e8c2
9a457218
161b1245
c5992e8d
7477999e
ea68b652
111c210d
c45702f4
790c3e0c
7cd2ab04
56ec62d2
6ac720e9
8e57abb0
bb4cf89f
6b50e975
e5017923
912c0100
a0395a46
481d0aee
a1c10a72
a0354b22
03c8f22d
809781c0
959ae152
eb5131bc
6b87cdea
e493a5e5
e324b2c8
4e1698f4
edd30f0f
58870f83
d50c87f9
cdf6b52f
7c2eafe3
8aed2910
cc48b8bd
82c4e8dd
df3f8b9d
2b8dc2cc
1eccab89
70c55be3
4f406758
63a9ca62
1b95b07a
5cbeaec7
e4d0c5e2
d47c4b30
b530137b
b136acb1
2b4054a1
a293edca
fd824f5c
881b78ca
9bcd9daa
060610c1
e3e5f87c
b6732e6a
9151e68e
e5fe3102
e7e89bb4
995e92e6
cf905e1e
2006b9f8
3990cd92
6ce0fa6c
8de80eff
f974f444
75d2d45c
9505819f
a7023729
4752788e
e2f597be
35cb096c
40f57e57
2eb5e03e
97553243
d67355e7
e44dc06e
f74e6593
46fcd7a6
ee2156c5
bd83fcf5
99d9e722
f5000406
ebfceb32
7eef3051
0aab1efb
22de173b
9709c613
5b5963ba
283c945f
c007cb6a
8bcf9470
2ebbf6d5
69b150b3
b741dd74
afd55be5
aa4e08ea
c3a3d8b0
71150035
c4f785b4
7344a720
0020a1d1
3d6d287a
6150fb30
3d0a16ee
33c49213
5a8f6848
48525d54
399c68b0
1ee18a71
fd6e128c
1b0b2b66
504fabd9
6729310f
d6288f60
a8c234b9
beaaac08
1ec7f51f
ce069643
b71fae69
82159910
8172c6cd
b12a284a
439a8312
f58d615d
03ad7c8a
80702805
896da6e8
9a7de121
9898dcc7
636e0ef7
462952c8
331ad7bd
181ca581
5fd80d3a
9f419130
8081db4c
e0024ad1
ff86afab
67c52e96
82180fb5
e072ae17
6a37ebd8
46537a34
98cd7ab5
6484672b
8417db99
898f2b1b
defc1836
2436df38
18a8b06f
0e879689
fa23c94e
b0c185ad
9b921ac6
b3635744
eb15b7e6
88f6a86d
feb6381f
91f95619
eff5d65d
0774381d
a111f9bc
f4868d68
dc7eae8a
b6e343ce
bec2efed
de86808b
1873aadd
d69c1cf2
11619a2c
6f73ebd0
f893b2ee
45940cf4
529a7481
2d215b1b
0d00d2f7
461ee1b9
ce107d6b
33f731eb
89c78e59
a66e3554
c1ed4ed5
705f561e
1db62c3a
cd536019
2c3f9406
98adb225
8d89fa84
2fdda7af
f235c86c
9916fc84
c641507d
53219a8f
bbf92bcd
061d6eae
98382603
afd2d826
47d41f2b
2e13e680
0df2529c
af04fe18
187727c1
03adce95
1b49d8fe
9f39de4b
42b6d7f2
29e3a333
3304b4c8
8ab31da6
a2ffa92b
0612cdf8
a8d0653d
4e172fec
29f215be
0d70dda8
902b21a8
5d63aea2
b5cdc2c0
c5061986
cd804bf9
85145185
932762f1
8383885f
8c4efb1e
38b9935b
250025d4
d3217891
91654911
d127d218
dd5b33b4
154748e0
a197fda6
cba0eb95
8fda486b
90e23d8b
8ffab091
6af0d674
4697d3f2
df2dcc49
39cf56e4
6e80b5e7
addb2f39
7f1a6f95
71d57eab
8a845685
3a895d18
10fec236
5d4b23a9
345f12a5
9dff9fb9
c215a899
984b14d4
a883882d
3d8fe3ce
84ca99b6
8952451c
357032a4
61089248
d07e78b2
a026fb2a
80c113db
4d2fced0
f2cae29e
892ee1a6
c3f9951b
537a4339
ac93dfd1
a8a8fa9a
f39c7261
c3056ce2
d9328190
fc263d98
88a4ee86
1920663b
0fda2e34
914d00ce
e9a05b0a
24645293
c47cbceb
c15fc9ff
d9c17498
26d61011
9a475866
9e8d449a
26a63964
e539a4c1
39ff52e3
c1a4fa7c
6190134b
061da45c
0b4302b7
3155d94f
d9d29ddf
cc1b61f3
0083b378
ed01ebb8
ef266e97
be0c54dd
87ebb3b6
430cd730
996efcdd
fd36f0f8
94333278
f2649601
23c654d7
3099ecfb
f612d827
6264673e
341304e1
d1637946
2e313b5b
aebb584f
99aae9b5
27e478a2
47f2e9e3
a255a960
5ec9fd25
e2b1ec08
37d6e5d8
a957ebda
ed1944c9
a4839cd7
beb3c359
bd2d6ab3
33b61468
d6f31ba6
d21755b9
25ac9d10
92afc695
ecd4eeb8
fe4faf51
aa388365
a16c572c
7942395e
8dda2064
7ed40167
af2e3361
8c61c920
26001cc0
21322cf6
2e317cac
dc6b3b73
0f152011
a494df03
369f65f7
80820be7
a6b16d48
ae971bdf
5c6aaf38
2bd6323b
1e87802b
fc170f45
ec5484b9
5a6e1baf
43de2d54
f6520a94
08119602
1a89ef98
2ecb5ac6
923eb007
5475d6e2
3d33d926
7e25f8f9
5695d3fe
fa54ef2f
f854f93e
8195b073
0f0cf4d1
9820ff96
c2d7a67a
c95c1515
8f907c00
9bff2259
6a905bfa
f3ded7ff
5cde092f
a86ff8c5
dffe4938
dcaf5acc
eb414e5a
4549d9f4
d3a1aec2
091cda36
368c3a7e
22395f53
7e74846b
663dd2c5
506f6516
0d3e35d0
3d06f3e4
c0fb5681
9d73aac4
48aad084
5e03bdcc
93c7d154
d12830e4
5a97c477
dfc2684d
b1c9fc7c
c4c8014d
755799eb
db7aa27a
00f8a5bc
c19b2a9c
adf6edb6
6925e3a1
811206f2
b1aba236
f36d7d31
7fc47a7e
202d0767
9f6e9039
db683e23
0b75062a
bf912c4e
510f6455
bbdf1f47
0674f6ad
689327a1
2d0544b3
fa58004a
769382f6
ec80d603
50b1a10d
470839d1
aa2f0dfc
92eddfaa
e60e155d
5613a5c9
61109327
f903eaf3
3bce3aa2
bec1d7db
00cb4f2f
ff88e2c9
94503bd5
40000dc1
bce5bf9c
cb49204d
0570559b
b65d001c
7991c3a5
4fef23b2
f2a461bd
61be5eb9
6a87cd1d
c42419d6
19a4fef9
b44311f4
4f0f93db
b7381091
ee2bb854
f2dd1fd7
dbebc869
1aab7aab
2b514d08
0a7d4849
69e32935
f8a93150
99ece678
1808e0f0
24197c53
244add3b
0de82e56
6563efa1
f9775e40
a0ff037d
fa8bfeb3
9d5c9e7f
4fc64b28
d82cb89b
f107c4b1
5d36b3ed
8a3cc518
3306f3f7
04afc659
9f85063b
2eb02924
023abacb
86ea5bb7
2128abff
52966459
4884cf77
2fd8470d
827ac646
7508b2e7
a6101e7d
d1822a85
5f35ad10
9ec213d7
0ed471af
a895651b
4d433024
9bafeb70
76f10965
e61bb3da
994c8ecc
80ec432b
3cac1fc0
c5fd25b2
f2832f53
45ce0c23
b10067a2
8843e918
96971196
d25615be
208cb1c5
d867fd5a
08e253ed
f76cff24
81935eb1
3cb3da58
afd03ddd
a68a0f24
00519d0c
7d7435cd
d7323b58
5e1277bd
9c11e6fc
9f1d0789
528a9b2b
25d297c0
84a955c8
a5e61442
15eda5b6
422ac046
ffc699ed
3fb88fff
1cd9602d
9d02be6f
6f8dec0a
9cc201cc
d9120940
7d27dfec
af0a410d
121fed3e
746512f0
0dc963bc
8ab39d79
a6b5aad3
033b88b1
08edf432
79a78365
4ae53dc4
b292c6d5
9890f233
91e6a007
7f6e98af
afe78dee
1e7b1add
5e20d566
35320517
3ddc92a2
48ea43f5
8690d01b
4e6e7a11
37130b33
62d38b64
b63e4c6c
b83aecb5
a3158627
94842b16
69ffe979
d12f7c35
fa71e2af
3630d123
15820774
5f73b020
f020d6fd
87dce689
1b53aa2d
13468203
4de58eec
da10f832
e3774679
5978d8ef
fb6eaa0a
f066d64a
79bbb7bb
f5bf4740
41ac2988
ed992f57
6c14a965
9f102677
f992dd1b
a60e13dc
95865467
2f812405
3152ca89
9b33ad68
c4470438
e11e38d1
1f3453b5
991e7c00
eda96607
0878602c
033b9482
6bbd4010
70b36c56
92b4bc10
3f0b1419
326bb25f
3a929505
da729c20
17923651
48568d3e
0c636362
6ee71163
f98af450
0e9bf022
9bf02162
d6be2929
6fe3afaf
62abc96b
768d48d6
99634473
a41bdd95
fd993af4
45929a03
cc4a1232
f625a992
18f5c738
ca28310d
26b62e66
4ce603cf
a9dc90b2
c5f36ebd
10342137
8519ad1b
475b818a
ba6eb6e5
dcd3acc8
4e1c9158
a4633b9a
61841534
56267276
86c6b330
1d599ab5
9cf9a03d
ad8eff45
5f03cc59
83211047
82f6da92
24804244
1b5bd338
61105d74
e4eb38d7
49a40aba
21d37a01
74134d71
69f76972
bb6ec068
40951bb3
95ee3c3c
14fabdfc
ca2e0b26
776c611a
550ec3e2
b093812f
be9eb374
372ba49a
d3a53135
26012981
edbef456
cba96e83
09681d53
4528ba61
f2d4e979
9f78098e
a25cbd82
e6ad51e8
f75bb5eb
0b8e16d2
d8e77992
16124c0f
3f9135e3
fedc429c
a379552f
3fc0ee42
c26a90eb
d8421be6
cba4a107
b32c2aff
62c10de7
85477c88
1f679f0f
d359fc2a
7e938e90
8617fcfe
70ec6a93
fdf6e832
7f0f022c
1aeb33e3
8f2dd867
b7617667
ec5f383d
5ce28ca4
7b4b2850
676bc877
c37fea11
febcdf0c
b13c288e
636426f4
dc3cea62
090a2659
6c5fcd27
771b168b
70f1ff00
3d1f2a08
c65e2935
9f72c303
7a2a51f6
fb88ec8c
ed7148f0
83280e44
7f3208bc
347c2e0d
e56d6156
49c2a601
e8211ea9
eec43bed
80e95ba8
8539167e
4ad4f61e
59215b3c
1d20e676
07397931
400609df
3ef5f716
1d086608
ecac005f
d4051fe5
8e9e5b4a
748bfce3
423235f4
67ee6d19
21df832e
291f49e4
9096f20a
bb5f1b76
8843041b
130bd049
5b1317d3
7b3d7848
90700e66
39a872a0
3a3e2ceb
4ea38e20
42d1bd18
2c7c0c43
e70a0238
a6b13173
6a646b98
b32de773
91fb422c
9d25955a
a37ba76e
019709d9
d62c8771
97cd9c3a
469c125a
929d997a
21ae7e09
16a94a99
9391a6f8
07ea8480
b49f562e
ce98d3f2
7037cbde
997fbd1c
6ff45ee1
e3813003
2acef7de
1d0efa86
ad616fdf
2c022cd2
269b9512
4ed4d2ea
10e76616
a567c381
f05314e6
7ec972b4
150f6f03
5aa96039
12069d3b
86c1e1a5
7ce2dc35
c8a0bc9d
9f1ddc11
6b4f3ecb
3f669bac
504ba910
b1e0c4c7
d3d3e8d4
e2c32db2
b003c383
da512493
5644d5e3
1a41e6a8
03e89edd
994f603c
d45d9abf
7828378a
a2dfd85c
7a22d652
c09e22c7
571a8ba5
e4457f47
696e0eb8
f72100f0
fadc5527
aa0422b0
703191b0
776ef10b
c463f658
e19a3063
086262eb
3824e8e0
49cf4310
2b24a30e
8339e702
0ba64c31
5327a496
929cfc68
7f7a20a9
a22c87dd
bd943717
4ea7d893
1c1c677c
1478002e
48a03462
67b79067
aba4d9fb
1c77f52e
0bd47342
d58340ab
f7eb7327
e23af84a
2a45ac57
d7e3273a
4633b74f
ff365aea
00c7472f
6d978242
f7858cfc
22120e66
a64c4107
bf14ddce
b5e9414f
4c61a5a4
6a6a6951
24d2f8fd
8aca147b
1da445da
57e2c247
0acf31df
31615a17
416e0a96
5576fa49
e4043636
6df3aafb
583bb0e7
bca583b4
8ffcbb95
807ce0d5
694c4b0f
b4ff7562
b24fb636
ab1b8580
097eee4f
3b7aa465
a5111ed3
b8c0942b
0642b0c9
1831f0c9
8eaf789b
31ad9203
6a54d356
1c027c18
7be16cdf
b0e35f37
d6cad400
6aaf7fa1
fd1239e1
596a8ccd
b9069d36
6d64587a
4034234c
7aa68f2e
417373dd
8315d0f6
75dac3c2
cd51d4d7
8c2496d1
786c95ed
e25f51b1
02303a90
7cc0e35f
445fc176
5766afb2
105dca71
29218039
7b30a105
460d5abc
1c8b9a6a
dbd4b80c
d96ee6a1
b1e756ee
3d8fd9d9
2e6adca1
e6c447df
d4e8ec3f
34f967be
f1dc5664
69ef6b22
af2dc279
bd4b9ebb
d8dc13b2
62860665
738aac7a
6bb700da
c2be7faf
30fed616
54bf7ee7
4275c6dc
bfe0d559
0f477688
efa7d8f3
4a27d9ce
d3346937
0c44bf36
79c6a52c
96fce6a2
3977bc83
a9747e51
20d98ce5
1224f349
41858ed5
054844f5
1346fd2f
cc822c9e
42cac689
dc0fd6b7
758b5b33
f6eb421a
68ee64ad
8b8f02b3
8db6f31b
c5b3ad7e
90dec3fb
a2a2127f
1ec1c058
ab570bfa
c15d192d
9766a0d0
dfe6c08c
8b5d82b8
6d49330c
9dde1ba9
42ca9216
0ae658c6
51b47071
bc94c856
72d6832c
8ac521e3
1f54da61
3189550e
0ebc86f5
1becf33b
93e74f47
6175c3be
c25bc876
8c810dd0
a6fc56a2
e8111c90
d0571c10
c167edd1
30894e11
c6d68025
fc9db759
1953161f
29ce4094
61ccbe67
2678d44b
c42ef1ab
7978b94e
5f6c3617
386a602a
0749d7b5
948afa84
629cb311
6aa284bb
8fb25b73
3ee95576
8b77a7ac
71c139d3
3dec9f13
4b7436a7
d15f8db8
4689c9b8
03affb0f
d2a106d4
29fa0f70
a3d29605
e2ec0cfd
c3912e37
5adb5ff0
7059b8c1
cfa2abc4
88ad355b
8e05803f
4e7c7573
cb59f6b7
a0bf8f7f
9bf2f1cd
65284fb5
f40873e8
0019930c
cf18677f
156f90b4
448e4924
a25e831c
722a6c3f
a496429a
ae055d0f
1018cf58
89a37f91
f52fe063
b7a0b307
490428e5
97209ffa
03003ada
35b9039b
baa3dcbc
1b35bb4c
e355a6de
9e1ee355
b45190f1
234c2ef3
c627a5be
e6e97f96
f5dc079d
2a8e4bba
ed938d4f
fca01af0
0a1b0412
dbf0ffe0
f5e342bb
01a8f9d8
ffffe00e
b91f0a22
d8c55fa8
93802125
bd88d6eb
b752d441
f52e5954
3be91ba6
91fd34e0
0d50923a
9329577e
777126a4
f6c6627f
07364e38
d2132029
ef09be94
ae7d9ced
56e9aed3
82fe7487
542213fc
9a9e339a
f1c8caf4
0e4f796e
5ea4be22
b49777ac
36da0011
94f85ee4
aad6c040
7a03dd8a
817ad09d
be3b027c
f1cbf20d
fac167f3
43f18812
cad81bdd
d2749aea
2bb777d9
85a50b57
b8407310
d66910b1
05812bd9
72226bfb
d13ca28c
c2da835c
55e306f0
78cda29f
9061cc47
8aed4ff3
eeae93b0
4b0292a9
f280a449
461bb2a2
870852df
532fcff7
5f25efbe
d49be872
c5a7663e
daccc8ab
6fafbe04
65d23978
e4cabcad
8ec336e1
7ee7a33e
a9907f66
6f9e4f28
f27b9ce3
adcc3ce8
eaefca88
989ff5c3
a130c99c
93c9c39c
ac8f59a6
51e41693
1c252acc
227e8782
b54081c0
97dc0f71
1300f48a
6ad01b45
f7f418e2
baa7eea8
ca73c194
929cedbf
8f1b710b
f56ae92d
abdbdacf
ce0a634e
4aa07d9a
d753e0a8
92424fcd
049cdef6
32d7c313
d2f90bd1
27d1243c
a8e376de
099be18e
6dda2cc1
75e03b10
38001dae
6a76493f
78a61f26
1683d81e
51af3f54
9f3fbf4c
de3881a8
7bba5a4e
04f228d4
651a7235
3a387099
baee6cd3
79534ae1
8854dba0
20640d7e
eca3c194
051edcae
12c36eae
70d0db40
29499081
0ee1f6cf
2c89d1d2
04feb76c
5045e3c2
c440c9d2
940eda55
1e44866e
30fcb581
cfc3c690
4f1fe91c
ec3deda1
19eecc0c
a4aaf1c7
6255a505
39ea7a47
07159214
bcc5bcf3
d6f5f54a
23d1897a
2ccce356
10721106
209ffa01
4d79744b
c8bf3ccf
c93b82a0
c6ad2044
c7878c52
f55548e5
766a3bdf
0fe02716
9a10b19c
5dfe8370
a51cf5e9
8e14a4c5
121513fe
1f6f9c9d
95f914bc
ca547118
6fe19f2d
cf550691
794d22a4
11c2584d
37abd238
16cb4a10
4b1112b9
2692b952
93b746c1
a0e38646
5a2be174
b458a328
0c239ed2
733a6ed9
e465583f
71a2f17c
cecf8376
1fee6027
31157042
ea0a6499
2c5ef2fb
e682940b
1d2809d9
be78b252
d4416d07
3ef7569c
645e683b
177a7712
3ea9e184
c4cf5a0c
ba39807f
71db82b6
b0fe5033
08a6c13e
f6ae58d1
52299dcb
a89d9b4f
ecec2386
467cd888
d759ff75
abeba2b6
5d993535
e6230620
b7204d52
3ee8f55e
abd6fe06
999520c0
bd14cf08
6162b9e5
49ed727b
7cd20eab
14b99c7a
a3051755
496a6e7e
b6011746
d89fa5d4
7da73ad9
4f20e781
3597c4b3
ab254ae5
4001992f
08574be0
5c665d93
142a7b23
1a46cc35
f5dee4ec
875ca9f2
9364c3d0
09e4db3c
de1f9279
a7abe2bc
ddbc27a5
391491d2
cbf616bc
b772f48a
f8d7e4bb
c3ef6c67
3dc0e633
d92dd787
af2ba699
69331562
467b7f6d
0a2aee5e
fb8dce51
30ea41a0
d99c344e
c8b33d93
7788e810
aaf703fe
1a86706d
62b351b4
c2710b26
b14625ff
2e7bb5be
c9409b18
ef93d99b
67a1a49f
5c3eaade
96088134
f0ed18f1
156c43ac
61910e19
3efa6891
41c58020
0ebce279
54f10f5f
18c8e4f4
7deaab36
011996cb
ed255eab
f626c21f
59bb836a
4ebb8a77
5c70eb1b
5462e98e
615c1413
3ce764e9
4a543e4b
9c2a795f
5373a25a
e7862c6a
22b4d04b
42525176
468f6800
75796340
83d64f0e
4ef1cbba
f59b7b8b
269e80c1
c27ae73a
0a91b4a6
f10690e1
87037e8f
a37a51ee
b7cc253e
08cd1597
6e5dce52
d317bc90
5c0e54c7
fac1b549
f1e6665a
6168b2ff
ee9285c7
1521631a
fd3793dd
a4e5ae5a
28328896
666cd392
6e8e29c6
124ea73d
36c044c6
bcb0e4d7
1fdfb888
a065f034
cd9061f3
da5fe5d2
d75379e2
23f35301
2bb23698
b88adc76
e1422cbd
330f1163
e8776635
0b7e0891
c87257fa
09cba1f0
c7a86594
967c9c94
e30587cc
a407c4de
08f19388
3b4b8e72
173dff33
579ad8e2
717017a7
9dfaa68d
d269cc2e
fe150b10
1477d9ac
fc0dadc3
c8e9899b
ef88ddb4
f93d698b
f3461078
eac805ed
43c660ef
dadca77d
4aa1289a
3398033b
fc4d023b
e3d457fb
c29a0ff0
0dc7ee3a
8d6dd53a
6f90a523
485d5bc2
e625d9b7
d5e06ae3
a0fd69da
21b01bdd
2328ea2f
46cc8d39
04640217
8dd177b4
ce7bcf75
716c9200
ec286bde
2f6935c0
f2e7af1e
49625c88
f438f3ba
3aad7074
92fa09da
eee28bb0
b3ab6a5d
911a4533
62d450c9
27075d8b
9139f6bf
68790d84
46de5593
cbc80300
e549c7b6
b33ae21a
20c6a913
b1f23d63
f3cb8cbc
b167ad80
b235cd0d
a8621c93
6efb9f02
114d33b8
61b6a5db
fa6b3f0c
fcdc30e6
64a25047
051ddb67
cb79873d
e8dbfa8f
b1ed1372
6a6da163
6d748e46
83dcf9f8
acdc2036
92f15ec5
1dd215bb
6add1657
1fb99210
b8a7b44d
e059a416
c82aaeea
6698e438
1cfcc8f3
e04870e5
6a3c8b3c
e5211bf2
63eca0f1
5081ccaa
ad7f6150
82b9c403
a3c6d1d6
f5a0050d
6db56dcd
69384f86
75260b8d
5a4864b0
bf1e28d5
cdaefa7a
d0db1926
029d0500
5801359e
685fc6ce
1fbd750d
c8531bc5
c2491f93
f3c63528
28b986b7
98e88d60
32bb5e6e
7fe7ce1c
f160aa88
643e724a
6cdd9b24
770b37d4
05685abd
06282659
8c5c0fcf
3d814489
98051ef6
e5a00807
4880cc0f
0283a90a
ee3f72d4
df682095
e330dbf3
82099b2d
d076470b
85b667fc
e0b78a26
37cfb2bf
0ef0d080
da4a43c0
58fcb703
4c55593e
90eb0c0f
fe9f77fe
d31b38c9
800d0599
a43d4f10
1a0b39ff
461c7305
fc28b2af
ba3825f5
db83f0d3
e55d2cb3
c5632ac7
668ebe1b
79dda589
e2d702a9
5198e432
a51db625
e88e515f
cfc32f29
b17cbd9c
697f66ee
3f689602
8550d8da
d0efcd8e
422c14c0
820b7fd6
5b0af4d5
6a6d7272
cc26296b
74cb276d
b0e9f1c9
a79f5789
d7714ef9
6345e451
0ec948a7
2bab435e
69779565
c21a0663
b95466ea
78eaa554
cdc4e3bd
5579fc11
42bebf2a
546487d7
a88acee6
c52b4708
c7484b23
ac3f6910
b86c59ea
428400fc
26f72cc1
9b8ce332
c9a99f21
7d1554d3
bb7df52d
f527ffe1
5e11f090
ac1a0b37
e7aa34c2
6f84586a
14abf562
b2ecf792
5943c28b
8ebd5ff9
fbf3d1a0
74ec93f8
229586a1
98377432
2e5895fc
1a7956e6
533dd6ab
4d9d551e
c11b920b
6e486cf3
1f784c3b
61e9ce45
83430118
2e8565a3
2bc4539b
451d9456
5e6efb3e
6ddfdfd1
eaa0405e
990e7122
a89cd86f
d5014440
ef3909c2
93e1ead1
19b99077
f48f0141
8cc660fb
942ec851
1ad12c30
b38312f9
bd98979b
9834c777
ab48a680
32ed9bfb
fb395eb3
7883578d
37b5ba8d
5c0cd4ec
13833149
aedfcf88
3bb75628
d32c62a6
01aff127
89fe85b9
63bcbcac
76e0a5ba
1aff070e
22dc3550
b759c3f9
06a20aa8
39caed56
699acfeb
7c312f7f
330acf03
53d62555
c21376c5
4594a42e
25ad7f68
4cd21a7f
cba59614
4b273c92
529090c2
d2aef5e8
3bd19fed
a1359a91
f197863c
bab22804
744ccb94
053382ae
4566a563
cf730636
e64c91a5
92f11586
c5295967
95f2465c
574cc737
716afe5e
17b7f11b
0ce1f3d0
ddfbfc20
e914c2f1
31d234f6
fe63b7e5
fa7a7ab0
d671685b
c804f163
8acbaf2a
d0feb6d3
302558ee
85452b16
60bb3247
83447e31
e9c5373f
3a214f39
48c314b6
bfc98210
4062bc60
f7319e08
c88d9c1d
7a645c8a
e1e684b4
1a094ff3
2ba01d7b
6f181363
a4e15df9
801130b9
21361cb5
67637e69
3c822bba
668f25bc
39f0df9a
82834b69
49c30c0c
c27f8d5d
331d20a9
3b7783ad
3b7d4d49
dbfd55f6
8447422e
81745415
b83aa243
12365c66
e988461d
9f79b132
a251cc99
6f627a31
daa4ff43
a4670906
5b9c2f41
259c0d7e
8472ae3c
d83966d3
d776e0f5
2a970f43
dd33df46
97f0c9fb
72d3b7ee
e6de4f37
77bf51a9
4af8024b
99793b3f
9d5ebcc1
2e9d42a4
2bd70d91
5efd9478
1f938d54
32594737
bedd9b14
91edc2fa
71dd2d2d
6fd28951
281a5cdb
30362245
9b6846a9
8706668c
da61ca11
1b33c6ac
e97e08e9
614783df
b1c1a589
787fa9dc
2d53689d
92626bcc
884fd1b9
8d55c912
f888343d
7458f0dc
d1718b67
426a8fa6
fda4ca2f
de1034d1
9eb8c536
8ad31716
5f05cbbc
475cf645
81d2fbe8
a0b686a0
c8a7d8f1
707bc9ee
bec49e98
5e109711
a93b2064
13505ece
60f22255
fdeded0b
a4b54b0f
0fa83656
e1fb77ce
d581b348
f56d28d3
17cfe82c
2774c81d
2b3e87f7
41eca008
ef42f79a
abea9ab2
105afd9d
bb82dbc9
d1f5f7b9
299d19f1
af894457
a87d9871
cf04ce05
8409fc3e
b0cc6395
ccb1fc32
354185e0
c126963e
47ef651e
6612c80d
36c6b504
0f499c84
93afa108
104a7096
dbe656e1
daf0a1cf
f2bcc6ad
9b2dbe14
e62840a9
7a0a17a2
61430422
0721f6ea
0a33fcba
c874340a
908cbcd8
ba67e4f1
6f61b04b
ef933de7
e6bd6ae2
6ac928e7
a7dea61d
8873711f
b5a1f6de
1155c072
1b6a004a
436018fd
a279923f
346dfb38
0ceff9a2
a2edf464
db09361c
46537f9d
d58aa302
5dcf5dad
afb8b444
bc394139
80e9046f
aafb9f46
65b106e3
1548066f
048f5c25
3c4a7066
6576283a
3acd766b
0dbdc364
51a15e2f
f6001774
1aac0430
c3a7f92c
89326d89
5c299e85
dbcd84bf
cdaac086
46b1896c
a290cc52
0ea6f61d
50c51d1c
4dc768ef
07d2662d
43604fda
28e8cbd0
96971a51
23865e50
6059aeb7
9a07fcfb
3f00b893
df51aca5
d9d62453
1aa45cf6
d258b4c5
cb9f9b8f
0498db73
08df93c2
d5b9f4f5
0bb42172
14ec678e
96a2307c
397f3ea7
1c41798b
e48ce4e8
af1c48e0
87cfd868
49d267f7
8c92e924
82761a7f
84846618
b9ddda72
ac05cf09
a7cdfc2c
2cd18bd9
ac8ed7e9
43446a7c
ce52c4f2
a7049a95
465c4f4c
16ed8616
15dc7c98
9f09a05b
b05730a7
3eaa20f9
3833d347
11946cd3
3d17eb86
33b2f910
b4f53e68
ff6bf4be
995be9ca
96ecbbd8
1d1a19e5
8dffb783
c4bef89b
f13e3fd5
096d4aa9
a4b90065
5780b0f7
6550c0e5
b87cbdf2
3de0a3ba
b7b1b47d
3b51271a
a69aa085
0ed2cce7
42bc6075
d41884d1
3c3b619f
a64c0b7e
1174bb1d
5d192fa0
94691756
5438710a
f58a8297
6f647827
668b4f75
daa4594c
fc96e131
77c36032
71a789e6
ee0f7158
67200c12
56826939
1031705d
c40b92de
585fd3a0
18976883
28f7f4a0
cf71b5f5
ed5adc70
de6ad50b
887cb7d1
b67e0e56
f1ef0940
29caaf60
d2fdc34f
ec151115
fa69caa0
236c5847
56ca289e
7cc3a411
d2b27a64
87548593
80b0d583
85f9fb72
a9534581
7f8eae51
cb3089b6
785a45a6
8b429220
3a1de4f9
1c472ae9
cd89a5cb
18efd6e8
525e4408
af141bbf
2f9996a5
9058940e
310ab6ee
d3392acb
0e03c416
55c3e723
b6b1a83f
36b03867
fa45ed36
368093d0
0ba12f73
30c5d7e0
af53b061
25312599
7b6090c5
3052847c
da945fd5
37730e4c
d57dcc06
495523a9
21889305
37e4c1a0
109ee5b9
28bb76f6
3c199073
8b8e5aab
f201d791
18774c90
be7be2b9
4b0a87d2
c348e0de
c6257aed
4fabf6d3
4a8be6db
3efa0fbc
215e711f
23990e5f
7699476a
0db61843
eb9c7c9f
bbe5da45
7ba0fbf5
e9a38d58
0cf63aad
be1790b5
8437dda4
3f1086d9
97583c31
dce05a4c
dd91835d
de5d1921
a8a6a38d
cff770f6
6e411ee5
7c3aebed
9112aa9f
6322716f
d28740b9
97859a53
394fffb3
274b34ed
6c8a3a70
f772dd94
3fff78ff
dae756df
e1ebd600
bf0be5e4
47377812
42feabdf
ddefa58b
0bf6996a
0aee327b
b6caef0a
2e5357f7
8b2ccf18
5b6bcf4c
10c7de37
edce4401
4b676b4f
68ca5a83
98045e05
9709cf1e
d7355caf
642069c2
03108235
6cc3e190
92bc9478
3924ee66
f8901065
98b4679d
7f8d71b6
80ee5d0a
c6b940bd
539c934b
fb0ce614
152ffed9
05332a69
babb930f
dcbeefbc
ef2bedd7
c22d5a33
d7ddec5d
c5d373bd
3b56963b
e08d69d8
66bbd681
63ff5317
35a2b4f5
83289763
9d808856
ebecc812
392c2465
4af91b37
66de34a1
1b83c7de
5a588d29
28a181cd
dbc7beee
33db5058
34a6f435
25bd541a
9318e8cf
a965b684
cfae4b37
c8f29d8e
937bc43e
c0ebe2a7
e4e3c409
032ce50f
3d44aadb
615239bd
40111776
e2d87603
3e2c74e5
e8559c06
1f8faaae
49739a35
8a7b21e2
bd8d5775
41c3b790
cc6415d3
eadc4efd
c68d9ca7
145c9834
50645955
07496e4a
ce4dc768
d6a34e82
b308f58b
c093835f
cb2bf81e
e0604ee8
a5e0fd81
0b8923df
c1d07b14
88ae5dc8
1ed17e3b
4e488383
82e17618
133ce768
75c3fa37
576ffe69
038b51ba
faaf7910
adb58654
d7af57ad
2599f7ae
d2cdf4f5
8e1e2f10
9db2529f
1342ba29
60ecefba
833dfac3
d2ba5f79
b0cdf925
0fa6a844
67ebc14a
ea6b76b8
ffee04fa
ca8ca43d
ca204b85
c1a96256
c3a3d140
627f39fb
8955e77b
3d60ccc6
4dc324e6
075ea643
beaedde6
78cdb0a3
2ed56d3f
798067d9
d446a812
27028941
8f000f6b
c0e1f898
5286599c
ef91ec21
1a40ada4
9ea01a2c
4576632c
3fab3944
fe9eb0cf
4e0fa5ec
cb9baaa4
76f09966
b8eeb045
3f2e214e
dbc5099a
5143d4a5
532bbe90
e9c68216
c3fa8347
8fbb9e96
7033bb51
0009f3fb
df7bfff8
0fe87e80
fd0c46c4
d2dccc37
e8c09e02
4577f426
67c800fb
21d05d53
eec18278
9cd2ff10
0f500a66
cd08b375
c1030882
bdd07d8e
c42d0492
052863b0
5367ff45
06ad7fa7
16795095
ffe84573
f2f8c722
554ea9b6
d2a12337
d93051c1
2031fecc
3e449b1a
ecafb849
195eac61
32060ce4
10c1836a
206ddff6
25d659f3
4bf3d647
952c5f4d
cfde7732
202022a6
43e26b06
72a11a83
2884e82b
4640af08
131ce1d2
c548e9ea
8215b333
e822b90f
31cfb6ef
4c164c4c
78d67d62
bb9ccae6
4d99b051
f4f68892
636e9b40
c38856bc
c927caa7
ebb015e9
53c353d6
14d1d1f6
f0df2fb9
28902bba
4958a6eb
8b5a23f6
87647a48
f33c902e
eaf2dcd0
9485cb9a
25b09d7e
9ca872ef
8371f663
aec93b26
3bddf650
32be7564
2f1152b0
071c50ed
92e1da26
1bf673a9
c0a1fc71
3ff5d188
613d6095
8691afc1
7a84094b
cb6a0dbb
068b75c8
695eb92b
5e162353
19443645
a924b217
14878a39
ab247c00
e3036dec
4949e3ef
3b631e03
6ded346e
3ab33c86
f828d65f
2af57fa8
440d4d11
d615f5f5
f67f7c02
82b6eb10
abdce615
5c2b1262
7c599f9c
8a6624c5
22eeb4fb
1e0e181b
6ccbdf1a
c05b4f4e
2fe1a47d
805eceb6
fed91142
7c408137
fa57348a
46fef75b
bd7ceaa3
117c540e
ffd95d0e
7eca380e
86c0e0f5
227352f6
6c8c25c8
edbe6b02
63a8f4e5
a7fed4a5
49077179
96de1f6f
4b9a1acf
193350ef
9169b7a6
76638b91
cc99bd51
c870ab1b
21276681
dd662067
0abc298b
51d26b1c
4dd691e1
78b3fff4
cec4d5ee
f7e0bdd3
68144192
48501778
f000be8b
a3370b1d
8b096326
d2129cd9
9e5525f4
8bad0f3c
316eb563
402ea627
51448cb3
7ea87a3f
e08f296b
593b0aa1
5d2fe417
f1ec69df
87c25cf8
adafe253
faaa6eca
79118443
d3b0b103
50f8266b
48249a84
7e0f7d1e
46ce8db8
385aa491
c80c4c46
f4c45151
cfb3e972
58adc5c2
fd6e0805
ef024c35
75d4f3cb
7a9ab615
df56b960
eaadecb6
19ac3407
63405ea4
dc8fd498
ba45263d
c53d5c98
ee9abe25
815cd430
281c6927
9438af40
c22582bf
8780167d
954cf590
70917928
dce3e9c9
96f9a342
64c7abc1
578c6889
635c4064
e35ae3b5
a84a799e
7083cb94
fc7549c0
c4a11969
853b800b
96daee30
a83fe6d8
61d6ecb9
4eff5490
611f05a7
ab19a6a2
bf6ef366
e0273204
b949f740
9bd358ec
a9ad448f
9eaabda6
86c85aba
9ee14154
e3c9e9ba
317f2a19
12052b3d
f9b97109
88fcdc04
79891ae6
2bb61b6d
34826883
258ec5a1
3ce8351a
582d2726
3d490f88
0f6a964b
208278fd
525dad2b
18dad074
3f453b77
6b69357a
4b73fa6a
5844f619
198a415c
4140c2e4
adae8319
c0967e76
46dcaa38
2e6612cd
4a9e5f3f
29b2d0c6
4ab883f0
02de1eb7
36215c95
fd83e4f7
d0d9cf2b
c4811416
49e56e42
1bb5d075
8a003cf3
3a7e04bb
55afca79
5a5e2bf8
ec4e0c78
5a5f96ab
81ad86db
5d7a5386
6df342bd
fae0ddff
aced5981
dafa12be
02e64b94
6119211b
8cde65e6
7de59c0c
b62ae9d0
09762ad2
a0d56177
fe470f8e
b6cdb72a
449bd02c
481e5e7c
cb1edc1a
29990a38
cdf5dffb
806b5755
cfd1939a
b39d96fd
2cdc3726
fa0a9c0e
7f12b871
d20255b9
b7443dff
7601532c
6b3b879d
23a797ce
37e87b83
01a1b0fd
ddd1a845
7fd2cc50
137e477b
ffd1b5b9
b3dae9e1
7f281394
6f0bdfb8
d02addb8
100ffe22
3c0e8d09
482f4f79
debefdbc
3191e1e2
9868af89
7ce1717c
4b9a2731
554be18d
f07a405a
2d77396d
d25bb457
cf9e092e
5f8b3309
d8758820
109a2302
052eeb2e
2f1f0148
9e2195f3
00932634
1f85d656
32896fca
83c466f3
35549b47
c2273de1
df3fc51c
4f78b132
47c120b8
f1176e45
cba6eeda
ea255ba9
25cab964
ec5207c3
bc4ac22a
10c97ac2
a6806c47
80990067
57019de1
e13fd922
40ede49a
428363ef
5681f46e
70971aa0
8bd0abea
00528639
19fb867c
20c344ca
669350cb
ffec9011
b0b4aaaf
2d6672b7
2092473f
97ba1f1a
465df312
b04499a9
9fe22713
8088736f
dc0b632d
ff2da759
e71e29b5
f8e28693
c865e47f
af4999c1
4820ee1b
d2be0d2d
061bffc3
8fed3620
80a35594
8ae5d8a7
88481932
eb961f46
948a182c
8564cf03
a7aa6410
5b93718d
7207f840
212e47f3
55e980a7
4922fc67
e8a16344
78c63558
185ec9ca
62e4da74
b68a9ac4
3554a5bc
33445ac1
48351fec
6b1e81ea
05e3f4da
01b704c2
be000466
c97d57e6
24d815ef
78dfd0b5
c10b266d
34e421ff
7ad7c52c
c26daacb
db041e5b
512c3b4f
85716636
f85e85c5
658e6d44
e248106b
9f2cb9f3
3d52b01b
524d3c6a
fb2f5c0c
cdb0ddd5
b814a683
a38a8fe6
59ba7e38
d86540df
eb3678fe
37fc45f9
402f6882
5f6ccfec
689d3a5a
44941ef3
a05f9ab4
2e31178d
46fe2233
ddeded5d
8d945bc4
f2fadbdd
e0f3239c
e1642184
81b229e0
024e850c
8e24625d
8dbf9457
0418afe7
1fd2961b
e2e595f2
561e1447
e8c4d9c0
f14dfcd9
b10b2361
98d9fd8e
cc6ccb71
f9488513
4465b1b4
d4d8bc80
51c757bd
b681a6da
a8f4c097
c57801a6
ef45f689
860eaeaa
01a2ca64
a27bad1a
8c7ffa4a
0fe75b3c
6140bf85
ddc8eab5
4e07607a
99dbd37d
7800a366
0005add6
1d535ea8
22dc42c8
49fa31dd
539a3734
b6453531
a00537fb
822aaa96
bc018ebc
cadc7443
f7eaaebb
efa2bf9d
6d3f2987
36d11245
7e995108
d6a3726b
8d3189b2
fc39e465
55b63235
cd0125a2
377d84aa
3807c034
64388b0f
b2d90d4f
189e33d0
f4d70bc2
27b53273
98278871
13d3b741
eac246b8
198b8fee
d273dd49
d80dceab
a0f720f1
a62586d7
c40ae57e
3806c9cf
b6d2f9ae
f4731577
dbcef7f0
6268a92d
3984b4a7
553573cc
127d8a3b
f49a2f6c
abd56064
1fad6143
c3471b3b
99398b75
007b116c
00b85b86
ff56cc87
da8d04ea
2e0fb434
0cb4dfd3
3e8bbfc4
e137e655
83d02750
7ee5398d
0a17c634
284a837a
51dec12d
ddc20d3c
dc26bc27
126b44ec
2e095a5a
690eab9f
879b2f87
47922c06
bf42badc
42ba1b1d
4730d733
2376c737
3afae8dc
c3e0d6cf
6a190c5e
a7edc41c
87416626
d7c2870c
0f5d48aa
3f258cb5
2043352c
c4d0777a
349a91db
5048f4e5
065206fe
cc85ec93
4d3bb3f0
25d5c925
e9f2b6f2
eae1a58a
985dfc5c
2cb44c43
35c27152
004ed665
dc8db569
91e60c67
4a5a0f2a
42142dd1
cdce1ec8
ddba6944
b1b69e23
a4fc0095
a3bb8401
e674c1e3
067ac5d5
0ada131f
33f46967
b4e35b67
a068207f
ccc349bd
7802a36f
fd436085
bcbc4b0a
82d2f484
4e3955cf
6e8e9445
d13f4082
9a95d432
0eb784b4
d6c2762a
92733f7d
f3f9ba27
fe63e84c
068c8b82
73a14da5
41f2aee3
ea67db3d
c934322c
08f4d8fe
30a455c8
050b042f
9f5b8b18
cab4fb25
30298083
d4534dd2
68af738c
756dc362
5127621c
631304fb
c2dd0cf3
e3c34715
905ffddb
82e54977
0c0ca486
433f2e5d
a860517b
13c6d4f7
144ec49a
1cfefe16
6c7769d9
fe07a13b
f1159b4f
c39c46d0
2cbcf682
6344f48d
3ecf5bd6
5ff4f934
b8e4003a
df713997
7b98415c
e8347e2e
c102fa43
bfdf2f31
470eeaea
e07e2899
e92d4aba
06fdbe6b
478d027e
6db7db78
20c26086
eeb8abb2
b92e51b8
fe0c65ff
cb6f4f14
500d5408
3a58beb2
f8906cf6
35960970
94c8e4d9
7e64d2e6
5c42b9dd
a8dad60e
afebc454
69623ddb
a0efd828
fc7fc583
dacda237
4c355ccb
2b00f380
3a75b911
99fec8f1
d8c5332b
10741a6a
3e80d6fe
78df85bf
ba31e8c9
2655be0d
446d80cd
6e03a799
67342182
a94b8ad3
59fecfe3
4135419a
aac2a940
4b352c83
eff3ab81
23b575e4
b0112e3e
41b93842
77348228
b91276be
5046a026
b064cd26
ba98dcea
b7a388d8
372ac3c8
688f9a37
faadef61
8aa33b2d
54804eb9
a942d637
8d1c084f
b9ea99f6
425c4dc7
5e1fa7b4
7cc0e315
e56cfe8a
ee9b27b6
0a04387e
06a1411b
7f80831d
fdcb9fe2
8c993b23
51f719f9
29507bab
5271c0c6
e929d93b
d520e7b4
5cb584e6
65fa94ac
7fe68baa
55472559
00d53dd4
266abe77
9b585f8b
d75d81a0
45ec1670
5fbdebe8
a9e6d7ee
810efa28
0cb0837e
2d68366d
8b93f753
9a4fbb79
607be6eb
01d4b46c
547a5ad4
b352c82f
002431f5
bfe69c70
2905d7ee
e5bdff64
a9a92493
2ec77ce3
cf1041d2
5fc6163b
1ad3fb29
5b09af8f
7489cfd1
aeaaa996
e6ce3f68
09b64866
d1092c8a
ed7b0643
9a8b8fc0
dd5b414c
054076f0
d6477a30
f33aa4fa
0893c259
44e92d81
220bded5
8ac9395d
7a07a19a
10e8a606
1e4cb2a9
062750c8
16b02129
367bcd81
7ec2d5ef
54a5f879
7ea3b01a
85beb88e
31786403
d8774a6a
f022d4ea
fef6afba
31a7ed8e
611c94d2
d79f7c2d
dc7c77a4
d3bf434b
c74f015b
53de7b68
a0d25815
3c275b8c
efa38463
d941d15f
f51e1043
c5a97e41
52cf7976
09600a1b
657079d5
db5d6910
dfc8bead
76484948
249f72f8
df2387ca
4c02cf49
9c6314eb
8e4b7538
390e29e0
bc97a380
07106a2b
4b91c810
0cfa4dad
17e25764
c125a7f6
1fa8ae13
e44b07ac
902de462
baa7da61
630afedb
3af76a28
7535fd3f
223ca667
fe2eb336
de8c3ecf
d5fc6301
5918ab4c
ed61178d
e85163c3
dba02152
34bee92d
5378ce3b
a189660c
2b056d41
fea44f0b
bfa18b17
78c147e9
54cc3803
4910df57
84c2cb37
5765e8b9
a6d28fe8
8833b639
15235396
877cbbc9
49e23e44
d7b89453
d17a70a7
7e7b9b2d
1e89bd05
380d42b0
572a96d7
fd164715
8c444ec4
a6aa2ca5
d0f50bd2
cfade24f
9d7b068f
044cc140
0824dc39
5fe06668
870f365a
e2209d37
a16cb3d0
70aa7488
97cd0b70
6303787e
25a4b938
a1ba9857
07b45ffa
a2a36452
88e38356
53ac0004
c57c4f71
9f213365
e9459cf3
65d81d3c
20f0373f
d3bed6dc
2cb5c7f1
b3d50f72
a9803c30
fad9212f
6f5dc491
41e75d57
abc6296e
019046b8
dd76a46a
6c979211
da15de6c
758c61e3
ddd79c1d
1b2e6da1
c271a1ed
fb1d4baf
237c3f78
3ed9c8d6
9b9097f6
262a11ab
0473ce2c
9bc90971
c912fc46
b8b40d0b
e9f5280c
e0239f30
c42a3d39
c302dbea
cf510417
2956dcbe
739964e1
7d475275
bd7dbbef
dd84c00b
ad3e82fa
53af608c
29b398d0
9e381f6b
f3d8e592
81db62a6
a543dae9
aa0cb242
70edfb9c
94bdc0d1
af81a376
6c71f44f
5b0779ea
cb133c40
d4324148
a3743d2a
ed7f8793
d5fb9f86
c00d780f
4d8ea842
250d9774
dde9f324
f3a9874d
9ecf3190
b3305425
7b406117
ceaac3d9
67024619
c04ffaee
0a4d2f8e
6521a734
392ad0ed
05c0f667
ec66fab8
8607e656
158b84f0
c47857d3
fe8f6607
fad46fde
0afbbaac
1a168eb9
dea0000b
f63ac73e
e1f358aa
d33ba028
249557d3
502ee299
b146c561
fe746fad
b56c117e
17463f80
a8497999
8f10d4f3
e8058413
d21afb4c
5a8bbdbc
d06deca2
51653b93
52ba5e20
abefa09c
8e63005b
a3ae1b70
c4db4122
57eefa4e
8a886a34
05a02807
10da9446
085a3207
4760a160
cc864fc2
01e746db
ab396d21
f17d9803
958e6d0f
23ac2fb9
6d6590d0
67966fb3
a80cd330
ff28b3f9
11a0d68c
2f4479c4
aa4b9715
e66c585b
59c20f27
7f43024a
073e6448
84cf6454
cd5c0661
9154786d
41d89606
e400e5ee
929832dd
9f7c322e
395b917e
e8b4c0c2
3015e30f
56defce4
eb0c7973
8203b6a0
41962287
004d2ad3
f5d440c1
31ec096f
20f18bfc
3f2f3ace
c0065537
23b5b154
ae84bfc3
c5bf2942
b0f14c81
19b0a71a
f92000ec
388cc104
c104f966
d024b1d0
f64d7795
ce55e7df
239794e0
09d776cc
2bb81df3
bc96eea2
24927087
3b848c6d
159b2d6b
8e64fc4c
efe760f6
92bf6491
f6a213ea
e9806f58
b419d7f4
adf347ba
b1435780
a310bd58
28b17f5e
f746c447
7657259b
934fb77b
0fd66a44
7d48c40a
28f77b42
94a9ed5b
af8aa8c0
3e3e30bd
35190912
b41815b7
e01ec1ab
76a28281
fc258af8
165a215a
af834d58
97226688
14317058
25fa9e9d
c1ef33bf
317f29b1
952f4de2
82abaa6c
f50e26fa
edfb8420
06644644
aeee6e64
9966b796
b4be8078
c6a21153
7d662977
3267f253
84099d29
4a350ad8
2d77a33c
e01762ce
29d073ce
263a946f
db0b7f1d
edc9813a
ce7868e2
99c4c398
134bffcb
0c879f46
5030465e
27954221
2e583921
96babff2
1ef0c399
299d60bf
ba7adf72
ca031335
f0a90110
bec5cf6a
8438ec9c
af2ea185
07efae26
2392d6cc
c47ad59e
6f2cb1df
39a88afa
3da4f5c9
ba3ebce6
ad039deb
7f70eed6
67520ce7
ca407f4c
477bbd3d
ddc858cb
610e2bad
58614215
7ff322f0
c08329bf
454481f2
dcb2995b
8dd425af
a81306cf
35237dbc
30db2009
444f924f
930830c5
9f155a1d
5462dc6c
e39943fa
5c1a3684
a5647f06
e963808d
7e69fbc1
ca38b59b
5dc43bd1
2f5e594b
c001a2f0
161b24e4
1b7fdd81
ef9ae040
bf369715
ee6008f5
5470cd1d
6764b149
7dc1c4c6
2f59fd97
fd14091d
b0c7c727
50404830
dc095f87
e507b0d6
f7dffb02
00bf7595
f05be518
db7e49f0
d4639a0d
2a4a82e4
2c226848
236d3ad0
1e819de3
1cd66f45
f5ab91bf
68821f24
aede5ab2
357db667
4d23f80d
02e03fbc
9e7e73c7
fde5a830
8d8b6928
206a6284
08d71ad5
c37b6320
242a5de5
45eb0faa
36645ccd
5db531c5
7f510c80
08953283
d1372db5
31f82240
1d0dc68b
69032d76
ff07d145
c6965a01
f846e5de
5458df3d
ffca822b
3e67cacd
53b95a6b
94e36b1f
46dbf27a
64f267da
d7aa49af
03f9614a
c22f0f95
f72def4b
227ba301
041c10cc
f66f77a7
ffa83a38
b0dbba5a
38face49
3741709a
e86fc3e3
102d0b6c
54d22322
70261887
dde9a03c
aef0111f
e8a61ed3
49996713
dcc841a1
9eaaf144
49d0974b
6b0a27cf
cf321a1c
be904bbc
7a44fc13
8d8f039f
3cf6b5a1
f608045a
67d43a67
c3d70666
a1581492
726ade68
63ac882b
1767c97f
8be34562
26bbe02e
60a08ace
828fdda4
112efc45
dadc3fa5
7d266a18
f5ade52c
5c55398c
e0856f83
2d8a3951
d94f29ee
b982d7a2
c0a618fb
9130dc5e
dc865e8f
ea8c1e7f
8e61f5f2
d75511ea
4f7cf690
f464a0fc
8e47de9e
e094232e
08644fc2
d6b56131
2dcd1524
69dcacb8
3f10681b
b375ba67
c3409e5a
58bd93b5
df0251cc
90071907
216d2ffc
d20f8725
c5170cc9
5adf2035
15d614ec
fafae84e
1d8c1118
aa6b804a
8693497a
9418b018
e58f8c4a
b85371cb
20921a58
75b0dad7
a2d57df6
108a1919
45447fc6
324c610b
83488ef8
10c71620
c2bf09bf
66e40122
5d946feb
ffc16b87
bac5b950
e794a309
3e5cafe3
3301c675
e7804648
48d28a59
15bb3731
a3adff17
722ae7ae
0475d344
dc88218a
76a1621d
c8f032b2
0d9ef48f
b79891ae
371c508a
8efb7238
d33ea486
377926ea
a9e92d71
e9322b43
1667a456
4a567e1a
d6ba5ba6
6d615218
d7b75d3d
c2ec1bd8
52586c6a
78910043
7712a1e8
7185b94b
9f67280e
25bf3902
f015303d
7c343471
ff7d93b7
68c14192
3071d188
ba2efea4
6a2d9197
54a0619a
441a2b81
94f1541c
ba8084fe
89a56e78
b545dfc0
ed15c5b7
2633049d
6f0cecb7
26d21c41
40647f51
27299cb6
d04dde2c
984c2ba9
b580c281
7f4ff792
ee9bc038
0dd96dd6
74909065
91bb7ca5
7128cf43
1958dfa9
b4fa3329
0f4a80db
f63a76fa
1629d13e
4da1fc5b
65ffc8b1
d0fea280
c926f3ca
a1aceed7
4efa18d0
01939fd9
ebd4181b
27f9f1b9
310ba925
289a4a9f
c0a17689
8420ae76
3773d04a
8240def8
9f602766
9a7c94c1
3d586aac
04bb4911
4eee5718
894e29f2
b0bafcb9
07541711
182a195e
3e83a143
9e410cb8
db674601
f5c1059a
02d540a0
2f2a85f0
b1d6e4b6
ec379244
b1665bb5
5d5355ad
82d86667
0859d336
b03ce939
64d62043
ede4b4d5
141add78
93aeec03
ab7e53f8
2b1728a8
73025be1
a154a8be
1688ce10
bf7edcc7
ec7760bb
6571a688
c829f7bc
e658d7d3
cc9c0780
15e7a30e
b5c1c6c4
27886414
95a128b1
f15a9bc4
4656ec01
fac18e53
09346ce3
bf49800c
35269562
532a578d
4d4558bb
4c779705
eb1b1111
7c7f77a9
e54569b0
6c376916
170628a0
d6e19402
0ee819e4
917eccfc
9dff05b0
8dbf387c
03191b70
a0759457
f41c21f3
e0efd137
c6beaf58
85db751b
a3e2a82f
62fbb1ec
aeb8c53d
80a9afab
01edb969
638d39d7
ef73e36b
d541ee44
98198cc1
12126fe8
ea4aa7c1
5f296863
accb973d
4a3d576a
f1912fb3
fd4bad52
6c682fa4
1f275a3a
c083adbb
3c14d653
8ba46221
2b1e0671
230048ac
687281df
856bae1d
5960558d
45b10770
6474ecfa
81c66593
503eaec2
28230031
f0f28b75
f7de92de
11ae42ff
b6013e97
3cad3203
6bbfd309
bbedaf76
ce770d4a
bd5dc597
24917e8f
29f58d57
c0cd8354
7a123674
938eb107
944c9742
e653b0b0
b1293486
edd8a923
4c0fe0ea
da502ac3
3e7892ca
c24e033d
4b65860c
b5982a7a
483962e9
7d6e79af
078b6d63
686ee070
4261bf31
ee958793
28378935
d39e1fc9
4a4874c7
9f7710a3
97c9408c
c4b04aaa
ca6b3755
28f6d543
22099ec8
cdfb9d2c
6e0c9d12
7a1265de
f6c6c491
9aa07c3d
5d420f1a
fad9e7dd
eb1f98e8
e540ee31
4ed2485a
e7eba7b4
33521b3e
d1ef8f0e
48202713
32289136
abb95941
259be53e
6abfe8c5
6cfa8e61
0f85da1f
8ca9254b
eee1e7f3
f453cbef
596c63f7
c3ff6dd0
ddc9ee03
17ac48db
b28ee5b5
bb0903fa
793b80d9
264af5eb
13cbb05c
3082f4c0
7d74600d
7a807982
03ec0e9c
49ce5afc
d3a59dc8
5b1f0039
69c2fb66
5d810b44
ce05a29c
8d8d7445
ec407e7e
d5514ef1
b7c93d62
1686ca7e
85bd7922
b75c473e
eec572b0
bd7b7f7d
6ae7f062
51a7e741
e7dbb78b
cc9327e5
12f22dd9
944c5e60
15aa59dd
106cd68e
c7024da7
bca5b5db
81057f6f
60144038
252eda6e
910beeef
3b074d46
93c45f03
fe4434ad
1db9487c
5505feaa
72b60d97
15404c56
8e4c5688
5d8a382a
a1ca875f
b8329f1b
a812176d
56b1ea49
a4a6cdb9
bedb4837
bed5974e
0e4c3637
1b466ba1
305b87d2
0d5c6a9f
c2cc4e50
ee896f91
b74448b5
81ab6bc5
ea5d47a7
9a9117cb
aa9469e5
e62ad24d
d251f573
f1e1f548
d4c49ba7
0c80084c
9c66cb8d
3ae89fb3
cc9e5891
1d8ea00c
3d733dd1
4e29b3b8
a9b7bf5b
58c34ddf
318ad710
e7846320
6f323a2e
fcbaef38
6622101f
4201c3cc
a2ecfe2e
e5f2c147
46df9503
265379a6
4e346997
eabde6ba
d7caf72a
5db870be
daf3b61a
7b2d2dbb
d3ab1fa7
1dca0952
b68eee30
d7fc3869
723881fb
e03a149e
912593b1
e77fbde4
af3c6719
e1624ccf
2c40d699
479c203b
86646d54
fb6a510c
0e45b30d
5c13b584
618ccea9
ca54b9a8
c55748e1
5e4b87b5
97c31965
e072107c
88ae5ee9
b313822d
69fe0cfc
803d746d
7afec317
b24aa647
d34af399
4aa65298
95272e1b
8fffaaca
6f96ac47
dbc02bb5
2c67b0c2
79e72c52
2ec3276e
377ee4d1
758dfe95
d0af916f
afefbd12
9df27ec5
fa9ecc05
87a84c39
fdb26fe2
7cfb940b
7cefc42e
0ec5b59d
b216fcb4
969c475c
60f4e4e3
8fbe5613
4f2cd636
0c81381b
84a8e33a
038e7f40
d81817fe
9cda5154
03d888f5
9afc556c
ca567ef0
c6d240fe
066493f4
06172a6b
ab56c974
1b3988ef
6414e44e
f8431589
9f4d7081
9bbac022
4ec4cae1
8cc57f17
a92c88a9
faa052a1
54a2b213
b5c70825
6283367c
13ee19a9
1b572e93
a000ed7e
a2873410
c6dcf1b8
8f152c69
48cf780b
b391dafd
5b3dd6f9
7af1fcd4
ba2009aa
7cd2c62d
f300b53c
618401bd
61fb5ff2
8a7d4485
da5751c8
cbc32769
5cb72388
08b45a11
e5f7f32d
fa82c668
5a056726
9dfc52d1
cb08c176
4d935279
a4212075
8019a043
52281b5c
793a5e5a
11f65518
4c3fbd1f
8d624bce
f3268b90
902ee519
2b498dd3
239cbc7b
de4fc682
e7159873
6bdcc83e
1cbf045a
96913a8d
b5ecb8ff
fb39f4c5
82dbcc81
e63535db
465e6c5b
c5e9c48e
76d0b256
c1cb4a72
fa2cc90a
a1bbee72
20cf62b1
f8bea76b
1e5a9872
686299b8
e28dfd4a
6068142e
13efc2b2
4a9c27ce
ec69c9cc
8841bc14
40bdc271
dbe47e49
b03f6533
0bd09b93
9cb7c15e
aaec6711
4157bf05
2d111a60
fac96a60
6e94ba44
c42f828e
40e746f6
082a3fe5
c9f526b4
7cbd2d41
2b4aa18f
4341f52d
0c7d3bc8
9a8d82ca
01c25968
a7d188ce
5f5182cb
ccf3a228
172fa711
3bcc6e3b
4bd12948
86caf065
e0c29d5a
87a934d3
3999699e
2bf4df21
ef1f766c
54717b7e
78438d8e
096f2eea
0194dd95
6f0030c7
847825c4
9c6fbfd0
81794dc1
816be0ea
e632a005
0dd45cd3
d4916091
1e70a7d2
f6c43094
0b44109e
20acb655
72443891
6ad58ab6
4d9a44a8
5bc78b06
8924ad2a
e98d2fd0
afa74e3f
469ccc63
74019de2
cd866093
fb69b137
d2aec6d7
12234886
81dc1bd5
ad589cc6
6809f1d7
a1a3d42c
f29ea1e8
1dbc6570
34554282
630c5678
b921542d
3f7fd423
ddc9c5c8
1798ba94
f5b9a24c
7e71b1f6
4ba6a0d3
6a134bdb
45c195fc
d1bb6d81
41e39d0b
7c49b669
67e6899d
313e0679
c5632350
b15da680
19ceab9f
5f0f4d7f
c56967ed
598f8958
edd29b57
3fe813bf
f17d60de
5dcb2e52
58cc4446
24a9dee5
d560d425
c0e3ea92
eecc7710
4fbed9c8
1c08faad
56bb5157
bfa558c8
bc12b71f
361b3ced
0b12b77e
c2d41835
95d4dceb
ceb00251
011a9d28
d2f946bd
274def3e
aadf372f
fe266679
9a1e654f
cd198d96
7896f002
172e08d9
fd8b0902
f0aaba9d
460d365b
44e04b5b
9cddd79e
7ba24a7a
d0edc4fc
f2759bf3
de56fbb9
732c9eec
aef1a598
ceb68813
16905dbd
d8bcd13d
cfc28460
00dbc3a0
a70b8af3
e35a6d05
67d2e84a
5e1d45d9
504b5ba7
6235bd2e
698afb16
c691cb24
516730bf
680c470e
6404788d
ca414eb5
3141673c
cd4edcc8
a8b63eed
759399c3
19a8cd4d
db078ee6
492698df
cc967d06
eab1cd96
29717d9d
9a09e830
e5fc8582
d25b84b7
50051619
7a0cbb90
e3459cb1
8670bae1
5cccd33b
285ec16c
2a2af6e6
aa5c0315
ae21c869
6378ab8d
c62d0ae5
5c40b3aa
5b56f10b
b9dda2f8
32af766f
512f89e9
8728b437
f8339e30
32b93997
79ff199b
63f21442
d3e032e6
490461c9
ef1b3d97
ab8d200e
6e5535a6
460a33ec
176b6b16
464c747c
c956ff83
9e1c6b05
cd67b745
417ea93d
698d7f8b
7cb727ce
0fb1f950
87998310
d994cd98
42061e2d
e79991b9
13b173ff
f4ab276b
4edfc63b
bf0949fa
dc7b7f3c
8f7325dd
a2d5589d
fa825c56
067e4c87
524f58a7
8d604572
19c8152e
6e0786ae
5bbe6b30
d98cb24f
c2d2dcfa
28df1ba8
9e23c07d
576aa268
bb4414b8
527df7a9
811d9582
06eafe0c
c5b73055
bba1a66f
8de95d27
40a236fd
62757f96
f39523b9
0df579b7
42e6bd02
c76b2bd3
4fadaef7
e6a8ea7a
fc523f94
70c8be03
84f61afc
22d75f88
a326fc32
4a9d82d8
b52f25cc
6957aeac
cac62a45
bd4b3074
d1fbd300
00bb1be4
557b5b56
378fb00c
ca33fd87
873617b1
c1b19645
8fbd2ee3
c0ffe443
fef8eb05
5b0d71e8
db2cff3c
fd955826
f69e04ee
26607ff4
c98cfc8b
10a5a9b7
0fd8c91c
2bd635c5
a65a8e47
91e0330e
1de57f6e
d5e99703
dbb3419d
b9a2e52e
af2ae10f
569e0d27
92443dae
e9ef7254
77cdb074
5be04d74
6bb5b988
d1562d7c
23fd3928
d5d43eb8
7d5acd28
f930f9a4
fa5e9654
6c8e0cb4
dfe35a24
173aa83d
622f4f21
6fe2787c
98a94206
9a2c086f
b342a668
5ed574ed
8a5ae233
00ed3ee5
391d937d
bb80d7ba
f3eb2a22
7e980a42
72403e58
f0c52b1d
e9a3e491
06dc06c1
4616cdbc
b8becc7b
58156202
4e0c87d5
9b23ce83
7d8294f3
148eccb6
ec2058e6
bbb5ff52
f31efae5
4a85be6e
2ff4eb2a
9c2aa863
516aa6e8
f4ac8045
1ea652cb
785f90c8
089ea767
e6b7d59d
95b5d47e
6d48dbf6
6ba9bebf
22d703be
67943a11
75cf24e6
92c5c5a8
c063e886
a9ed3dc3
4ad07340
81291686
f145a546
b8ca7888
09d3b55c
dbb5fa18
3f8d10b9
540093c6
8dbc0b98
aae3516d
0578dfc0
10d012db
fd74bed4
60b26c25
c9ec6ed6
231ac707
17d4ca13
48aa3b6b
16e39115
b596f680
555b6694
403e2cf2
755fe770
a4bf1baf
e08c1413
aca30db0
b73b341c
6f70c01a
e6aeecc3
10e9527d
5827be3d
c8f261aa
5dfac0b5
7f144802
0f6f0abc
3248d058
e3ef9d21
7e9d0898
d878161f
264bfa1d
7a6bcc47
4fa0a4a5
5c99c7eb
c116906d
39f76fc2
b74873a3
d80ccf60
3f5f1990
5f2ff491
7148b9a0
69a6526d
0eac56da
d09f86f3
0587b756
0cb57a4a
fca8b7e5
8d585640
81a7b97c
207361be
50369e39
758600e2
c9c6d72c
542ae459
f182b6d3
4e10be66
d546f75e
fd9cb189
96fbdccd
48d95d34
d9eebf32
079dba10
ae569674
d5c649d1
6db6c003
18b9c5c7
e4aa6e47
701dfa4d
b8ddbd55
3fe27327
537472a5
7d41834e
74e8e8d7
3908e59c
3ee69371
9253fe0d
555c9428
6e407c01
d35861a0
60a5f7d9
d8042f61
1fe344e1
df79b197
dde15561
61c38493
c1d667bc
8e7e91df
d1df3996
7ce9870b
c807ae6c
69e7141b
49119ae9
bae05eed
e5af0d9b
26949952
ed27ae5d
8da91c41
8a17a3c4
1c8885e4
8345c82f
3e6f31b7
00b2c28a
afb64ba8
9061e100
d81fcf3e
a900ae5e
33373b33
020b573a
3a3ecb65
715107a5
96eb19ff
bbab9334
b0373f43
b8310181
3f069028
8839f5ca
066542ed
91793927
d80becd7
6c7f41bf
15015eca
2683c689
fc90f49f
05b1d875
e3a5d6c0
8904eea9
1347be4e
36add78a
fcc8b35d
66632583
c089c7fb
2de7e989
ab13e3a5
d95fc0c1
6190815f
33a7754d
7f3fc630
61be1e2d
82697338
7b4be1dd
0f5f12c5
0e50dc82
a2c91bae
675c9693
d8cb4720
397a3b9a
17244ffc
05d32174
884ddf7d
f934786c
2964acae
9f75c436
9236323c
ff582384
17cb9bbd
649c86a1
2ca3a5c7
c67caae6
be6735ba
864c659f
4fc56f94
10a55c8b
d248fafa
2892388a
30920b5c
954ac7dd
7f4433b5
564619cd
e4d27c85
ea8b8d05
496120df
306fcc32
ed3945c7
f3d4a69e
6ca5466f
08c1b714
305cb541
9ad879f5
e5d0a9f3
16711f69
0a6cf7fe
e1ff8637
d233a8e1
de151209
0c6dc8ed
2e278991
46fd0020
ea2b8ad3
fcbcfce1
693dc1be
2b6b9d27
2666d76e
a91303dc
ad4fb70c
1ed21db2
39d4a4c7
a3dd33e1
4c0be53f
3754d308
5d5ee490
de4ca08a
b71cb311
0813b6e8
997b403f
ac1a0243
5d315849
df4d4b95
b12c9926
4251dfb5
56b41a99
712cb219
f4a2f87e
06e6add2
51ee018c
45828864
3ea27143
b1227be7
81409c0a
558d3f0e
4a913441
0fbf257d
d46cb3b3
2ecff3b6
f2414c3d
afa40613
83f9e663
c1700717
00df63d0
a9213f8f
f71ecb63
18cb52d8
06e2f4bf
f645a4c1
7c8799c1
42c9769f
8048b147
74ce0ccc
09b2243a
66e0b9da
e0717029
41d692ff
0db7ff2e
ba6c644f
0c15fa60
5850c786
efca65d8
4cb5bb73
4eb62449
c8cfa297
7ef6d133
a2415a7c
055fd694
e1128f96
609f2365
93ef5808
0c8ff58f
564df5ca
a48d6b2c
7238e674
98f0c03a
ec4e1afc
3143907f
8ad70440
f0fcf57f
ee9af62f
ebfed9fb
57536bab
b1ec0752
dc440082
a3852cdc
78247ab9
6a942bf0
3bd69051
1f2cf945
1f143b52
0c6a5bbd
f212185c
d18e9761
9f57f631
eb9417af
d1a84900
2cfa921b
4893ecf9
45d58f33
a03e1cbf
8f3441da
421883e6
dd27785c
ac2b50d8
b890e04e
ca1235d9
2f9be03e
e2c056f4
ca7e586c
2317efca
dffb83f3
5f5b252f
f9505a3c
17a33090
80c70c7a
aff20bbe
23d29861
bdf34bda
a92f0f4b
0b6e5345
b06f35a7
0603fbd5
90a980dc
276c9153
6aa48577
1df28d74
d8086909
b056e8ec
68d88c80
d351b0b0
7293b9f8
4cace598
9c13f201
acde72c5
bf405c1f
10604d2d
e26795c2
25bc3071
073b3dc1
99a98b4f
b34ccf84
d178915e
f9a3cd9d
2c987561
191a33c5
f265996d
53822ed5
174f49db
14477d64
5336615f
1142242b
69412ef3
5edc2c24
bd5a0e62
7ee5bbfb
7d766c08
091a7130
55383134
3e07e12c
84c40c57
802afa05
3b4a17f1
463dcb25
fbc2d2e2
f47872f6
87e8e67f
9c7e3581
2a3834d5
a13184dc
171684b3
67f27999
0a967527
cadd1d2a
f32174ff
cea7db7b
265ee38d
6974c2ac
099e4db8
c372bb9b
baa2916e
ac6842a0
a8d61c82
cd821a6f
79ed4c40
3adb50e7
6ea80f40
19971eb3
d24362c5
2e2851a4
5e8b0aee
4f02527d
467eba7d
d5fac6af
0a186d79
1d009bad
00438c5e
726ae063
df4e6bef
705a494e
af32a537
1b7c1937
c926d656
969fe829
df1d1beb
6b6ae928
f47ba83d
36af504c
2dae261c
ccf556cd
40c8b51b
ad812b60
e755ba0a
132b2b42
08ff6471
ab6b6cee
637b756e
588e621a
c4987f0c
bba64877
2d4db081
848240ee
e61dc5f4
5fe81a13
94f39345
6533f28b
bc5cf820
d72c3657
188fefe1
b95999c1
dc87e3ef
7d79c5f4
73e20451
7f120816
896f1115
063f53c0
cee8ba3e
2878e906
f8b94bda
46fbf09d
5c125ce0
70217f08
52b5d90d
a4202b26
fee649ac
0127a777
29a77d90
30d9c83f
526457fc
6dc07a74
bdc82640
5ee76fdb
b2acf01f
b7eed149
4e96bd60
1e4ce84a
c4c7a9a5
e3aab6b0
3670d3dd
72d6fe49
3374364f
e29b003d
95c72a38
38dd77f4
4ed2a829
23b67158
1abdfbab
a411880b
9c30f21a
276fa2b3
c8193643
13332556
82b8fe43
120aedea
112a5b27
357d7377
f07a0107
9609ff8c
8d5c4c28
3b17ace8
7ff70043
98247fe0
1acd56a6
27c8911a
20522df9
3bdb4b2a
7830e9b8
99c74502
10b8b8d9
101275bc
e8694a32
572ca62f
02718785
c43eee96
d6c52c78
60b440b6
b8e31109
c9d0521a
0f8fa800
75332022
c7495c1e
f4869eff
d88e21af
064e8625
a8f1689e
9ad7efce
1a5c4641
7df6680b
64f8c144
fb5a8e3c
7522127c
f58cad9f
d3ba6ace
0ff58e55
abe14776
52febf5c
947b720d
991a8778
83f8e920
9daa7b95
643d388d
1fc380f0
9a131806
73007ef8
86e172c0
a51f7882
3874b302
4f32412e
1c24e4e5
6c669ec2
4c11d337
cd1432df
f3e06d13
ca506b5c
0c3ea5df
976ec55d
4f4d2da9
385092c5
b376a29c
729581a8
1587daf2
d6a2c46a
183a5167
e1ec16a5
29eddb6e
bf99e112
225e4a50
b13ae2f5
c410d877
42e1d0c6
6ececefe
16b6233e
5d0e6c06
eac8885f
34d21578
1b507888
0f8e755a
a751faa6
ba93007b
db7b55f4
269d87b4
8b1ca06f
50b06f76
f918e01d
6c0ef654
1653713b
737c61e4
9243a646
9ffd2d3c
312a9b4b
15e6c2a7
676bdaff
aef33215
d8ba2c6d
3032e8ee
e1776b90
93d9c0c2
dc3ff9e5
81279a5f
79283e29
b0a48501
c98786aa
9cdedfed
7b363925
341ff092
f00e1453
648068a5
65519544
8f282c9d
b37da63f
2244382f
de8eb5df
cd58e34c
b5bd6a02
cee7d468
69a63be4
42260ce3
d171049a
95735133
32260858
41906fde
3f7d345b
c06a3fc5
9ce63ab0
2d9596bf
8b79f07c
efed1ff5
3498110a
f0451a93
b2b2c8dd
5a272139
c9579053
aea6ae3d
e558eee4
9eca3a0a
29f860f4
4591e187
1f3d35ea
8fb0710e
946870bd
b54fc6ae
d180bc77
3e0add26
8aa65129
7f584b8e
87158ef5
ab74ac8e
db566e9c
6aeb8bf3
e80d5ecd
542f9f93
ae61963d
c8069028
6e4c97bd
a6e70de0
81d0d66d
1629b5f6
3a965541
23ebbc78
a929dca4
aa997e5c
4e609b9e
e92c9b8f
e13d0f8e
0208b914
27139cbe
2c8aec16
a45264ee
ffcb7d3a
ee4c584b
70cbd019
f69f8c85
01dc6df0
52770951
c5b3e5a9
e93990ed
c4e305ae
4e8495ca
137430fe
955914de
6ca1420a
84b5c318
5081aba8
38933f73
1cd68667
1b1eeaae
f74a3dbe
fd766dff
fa0de833
3ea22384
edf88b41
7e11007a
1435a1fb
154fc316
ad663da4
7fa49a15
9c763cce
713932a9
71331099
8cc942db
49c16811
c7c4f4b0
cc3ffcd3
f66285ef
525230d1
9540271f
56edca8a
a193b1cb
95d79412
a0b88707
beeecd59
1cc0483a
d8bdc97c
0e5332aa
acda830a
b37dc348
b7159f38
6550b8bb
d400d3aa
254a3a1b
f46a8ef0
f19177c0
7efc62ff
3e91e808
761163cb
3ae51bca
22346c94
9d65ffdf
19453d88
66fcbfd2
0867be38
21516bf4
f429a090
8ee03d14
d9985981
8c2362e6
247647b4
ebf28717
b1578493
4d31b681
d96f4f8e
0b03314d
debf3ff9
07021ce1
38c0b75a
eed6885d
7653e7f4
2f5c1df7
0d17dd95
554135a7
3cb77de5
c9b0f4e7
bdd1c9e9
1a209dee
0db730fb
560a196b
559a858c
3e9b6b87
02cba6e8
0a7f389d
877c5bb0
579ff590
561ae61c
5f0e9401
418c3db9
aefa641d
f8ff6fbb
7fb3a899
06902456
c81b6b0f
a0e8cfaa
6d2e1d81
b44970e5
6e4639c9
0af9a579
454af0bc
a1f1969c
e4f3831f
68b9adf9
eaf5c623
9e076b38
3f1e9b36
b33c8a74
d25c76ac
a72a1314
a2011bcd
4f8f62a0
b5330a3f
72e4ca53
bc75945b
27198dd2
98341ada
b134181a
ab5c1332
7596bb0d
a4cb4999
4d25aa90
a0ba3e53
f25346d6
79f69960
3fc60c5b
f2faaf50
4c87e4af
96504e43
792223d0
979a0da4
35019414
cdfd70fb
bd125a35
72aac313
3e4e02d1
f1c601a6
37be897f
3088879d
6b1a3d9e
0c73b18a
7ee52eaa
e5f7aa2e
12639b7d
a9fa0e37
63e2c38d
8ca4481d
7d92c49d
fd97616f
50afc540
95222d1a
605bacc7
25d3c116
ea2c1746
e11dbead
b46cbdb1
aca5966e
906cadb1
a83c5195
89c6a01c
35112f65
6aac482d
6734986f
0117a934
b638c88d
2a4f2a44
66776698
d7a9b691
0ec722b4
8431d205
1259ef16
3d22ed45
eeb9fb43
e6d1091e
9f40ee21
48a22c02
9487443a
9fd1e441
9d2bbde1
18778bbb
afda3a19
9c902e91
edd39b6a
f2db014d
77ab10fb
0a4ce1c3
4907d6a3
833c6f3b
ba21fb85
c6e5338c
92258f9f
e94d23d1
4bb23089
8ffe47ce
fb2702c9
e98bd20a
127b06f6
63719182
1d207ea9
cfbdc93a
c9be7d33
ad42cfc9
5e77ed3a
b2741bd0
840ca695
0b2f2032
2deb3b7d
ed2bc7bb
8cb0124b
bf21a85c
66f2a70f
ae30d568
514498a1
a8805f56
c9954e75
cb13b450
814b94bf
95e9ec2b
0cfa40ad
d01f574e
bd3bc9f4
acdb89d2
bdd0753e
eda42881
11bbb1a5
466ec08d
080581a8
d9d5f236
31c98930
37ac253c
6413037a
ea93bbab
8b153750
6f8dde32
49ff5c56
f3e2e854
4bca5dab
d6c102ff
91d47a0a
f35d64cb
3313b25b
4b1ef635
f8ce97eb
1164b6a4
3c110add
aa7c24f4
523cf102
3e53d147
4c009f4e
7fb1a362
ad1240dd
e97fa882
18e1ac4f
26980251
dc427f4d
31e87c6c
8a41a08d
c812ffcc
2bc5eb67
4cb5d1a4
417b6d35
0022eb23
312d2f87
5e25c511
d82afc90
9392f945
87d7ffa9
0a37d787
259839d6
ec113471
8b8a7c9d
715e8c12
5ee6ebd6
e046c83d
5b6407ca
e015a50b
885ce902
4bcaa2ae
b90e60ee
21d06b4d
40324e60
2bbd3217
df769523
f81e283a
9455e51c
6026075a
a8012d5b
b9014972
eaf0791f
38d6d9ce
867c276b
590e3a94
f93bd8b7
3a0797b3
90e8e799
091c435b
1a88f2a6
4cf7b8bb
72115be1
d48b3a0b
f26fbaf1
2e3007b7
eff2ee2c
2d8fc811
266c1788
8c66afaf
05aeaebf
6a3898b1
97c220ae
c49fea0c
03c00cf2
94e36997
08d736ac
c40395f8
af385f2d
33d75609
8dd27d6f
32d999e7
6aef2644
d838f9aa
8080b60b
4bc4303b
f6e25b81
29515c37
ff669dc6
9d78092f
eb8ccfd0
eb778a6a
78aedadb
a05ca0b4
3dcf67d0
6abb57fc
7085658b
84797df2
45131712
c5d9050f
841844e3
26a62f39
279910bc
df781de0
3375aad7
0611f02c
1c2bedf3
5325c0d5
928b0792
49e64f04
872da2e7
3c61bdbc
4a7c0a3b
d967d3e2
5cd101c4
d4da2b54
10145164
30a321e5
6d002a40
ac13b799
07094c4d
00f94734
6753c558
32b3f009
489ba2df
5eca8034
37bd5a84
51e9c169
60cd6641
36c95976
020aba31
a96b0206
b418692a
da70365c
ddf2bf47
b25d7bde
acbc48ef
9e2000ba
ab151317
1faa8f46
7f68696c
acd229dc
228a98b0
b950ef8b
7ac2e894
77f3f033
4012d3a3
72a30b0e
60882568
ea3d406a
db4c04b2
cdd3652e
6b1a01bd
04d797b4
7cee5c86
9706f72f
9ed83868
481477b8
9917de54
703af87b
c693ae51
92ae0449
c923dc45
f313ccec
f8c46afb
2b6b9a8a
7a48b4e5
708c129f
a15f98a0
b75c4bb5
d7252755
9f918acf
e609fc38
cd9140da
7e51e0ce
59fb02aa
a3902fe9
08ded597
962dd750
65a93a4a
4f483e9e
b597d7fe
9879e21e
5d8d9de6
f96a82a2
203e9964
5c03285f
ebf49a20
96c96a73
eb51261e
e4762f5a
1842d3a5
2f13d52c
c738e771
593a488d
c144c0cb
a9a361dc
f2f9e9af
c8dcc3bb
f3adcf8f
908e88ac
a78127f8
125d2cef
2ec9789f
01d2f58b
324c7a63
150b307b
5bac28ac
f1a101d7
0f156fa1
9d77ddab
0dd070dd
80d661f4
9b3aec74
181dc622
e6d18582
02335082
d02c1549
7e4b2633
247f3bb0
b5b2aa8f
b2f42ca2
08e97878
97ecd3a7
6dd4138f
77aec53a
1113fc18
a392ef2f
78f884f3
6f9cbf98
2368645e
63634a5d
47d3c8ab
8c35f3ed
d6df21b1
cf22ea35
28b02454
54fc03b6
2f1fb35a
8a66a6d8
951c5974
e0bb67e1
38709d53
8f5f6d3f
50e6dbdb
5a11ff72
137d2fff
0f0e46c6
5087c70a
bfbd08a3
b902ebac
b4bcb92d
70e2032c
39cb66f6
cff42ad4
c3ddbebd
a1f39c78
1f7cdfa9
202225d0
c3e9c62a
aea505cb
b3f0d30f
288e2016
d594770a
b19c9916
ecf98027
a13f200c
ff0993ff
56ece541
b75530f7
d02ae2ed
e49661b8
ba0d07d7
093dc8c9
3d0909d9
f9a841b3
f103aa75
c33e604a
991dca78
3f6a58a6
d2380a76
54cc1c5a
04a4257e
da6efaa0
e45818b2
a0d029cf
9e61e9da
7de284c7
ac261d2a
d020ef2a
d079033d
5c57641b
99827b6c
3134b85d
838e842d
a8dbb48a
ba3d9f42
77be00b8
86cb859b
962b53d1
348a3fd9
2fe9cdc1
18e1dcfb
e834e403
9afb797f
c75e58b2
ed875598
4498b3b7
f514471f
8f8b3d71
b4a8e73a
1f44065c
ff85eaae
7ddebc65
6aa0ba94
2efd9086
1ccb5869
737823bc
bec542cd
56c912db
0cfb484e
1592fea6
64f310d9
9af1df59
ac6e97ae
479c2de6
838a40b4
5d93e3b9
f7b8e072
4d67d765
c062ac95
afa4086f
16d5ebb4
fc40c7de
b1cb88ae
9c1c3d0c
eb0212f3
d82edfb1
b15d58e4
cd9e1ad2
04c2f964
60672a9e
3ab539da
861bc6a2
031b112d
97d10eca
f4f20d46
d15a2ba7
0b6c563c
c0813a83
f76e2d01
80d2f163
8f20f8ec
9dc9ea08
a10b54db
6a231a11
b627793b
3b567758
7df81ef2
90d4fafa
853c3c5e
67623ad2
9f991b16
c2120f44
d00e4d9e
a3eca8ad
442d2b3b
f0a108b5
9a9f841b
f4808057
ea8cc1ce
c44454f6
8fad53a3
ac06f456
499a99cc
3da0de99
cdf6f831
fa21d279
00b97e3a
6769cb78
9dbef7c9
f35f9e3c
4024c66d
ff4c37dc
8b475513
0501bbd6
81c47d03
e42f0fc9
0b798e77
743d24f5
b27bbd22
af238a44
62e58fbb
97f141f6
7768754b
e187a2f6
0995a947
4cd0ea74
ac9ee29d
2f41dffd
38400f3b
c95acf18
767398bd
3a07eae1
43be5139
e766e605
fabaf4cc
cb59a4df
94689575
803bfb5f
a6b18ebb
1181a2b2
f01fbf79
e4f54a6e
1e89f3bc
bfb67dfa
eb50536f
d685abb6
db4b4b61
7e6a0562
635527a6
bd55e276
fd7d8a6e
6574a2e6
0e908bd5
a03de0db
94e768a0
f5af0983
d4501683
3ed8e178
d5226591
0060bf9a
20c90b1e
74e1d4c5
a4f4925d
e168f582
d4c7d96a
28206658
d5d9d5b0
eb729669
fab337d7
a3904e08
3296efc8
35f551d4
3a130d46
44850989
15150405
465b829e
f8475786
6d845c6a
9623407a
1ac87e25
5848f5cb
ccc8553d
6ddb4214
22b32372
5f9f48c3
835fee16
43c8eed3
96dab215
f801261f
94185b36
927c629b
0c90ff49
aad0f973
bf8ed22e
eb0f322d
4ea6ccfe
7fe07745
ebcbdd16
56d63852
956e8ab6
2e1e9dfb
93ebbcc0
c5e2fa19
e82014e5
f633a6c6
f266feaa
fbc299e4
9ad7a7c8
d5a9cecc
8ab9f1a1
bc6b98a7
23b93882
fdaf2fe1
d2d205ce
19704fcf
f7ddfab3
7969f1f1
ef68b252
fb0380ae
8bcdadcc
956adc2d
64a54d9b
d9c3340a
64098b4b
25f2bad3
a49ce89d
58b1c1c9
91da347f
a4c0b0b8
76289a52
64ffea99
787c6249
c0c1066d
b78aab19
53bbe3b3
cd812895
63b1a4e6
a6859dcd
96fee2a3
e90ab846
ef765278
423b8849
5b4eefa4
dd7c4384
3d7bf29a
d536f741
efa9d9c8
afbf6116
0e511bb3
14b90dc0
bcd41c6a
277cb623
43708ee8
2edb64f2
3e34dbbe
840782d4
07e4d7fe
a010c143
cfc10a85
65932f3c
21e25b22
a1900429
3e6667fc
6c52d782
2432130b
20517289
b6e7b840
a21c086c
27af713b
f0f7fc10
e0ef3750
c3ce1491
6030c1f9
7890b44d
f63b2692
bbd19c7b
deadaccc
e16bfe8a
38a5d9f2
0cffde99
93f85461
990f3df5
99636e1d
99819517
bfa85d68
4ba3d1ad
1f28fb33
a04aefcb
3285295d
cb0ba8f2
62d1f7cf
f468dc68
03e2a889
99302eaf
eb1915c3
8cfc0b0a
51735660
9c752557
f964874d
55494793
0badf421
1c43e3d9
95ffefda
bc923985
9ed251e0
5c0b7d83
28196b0c
e58e9014
10937029
86930c90
9575f50a
a82911cc
841ee3d0
54fa79c2
ed24d6a8
24b5f18b
ad9f9ec7
5be8fad0
8ead2375
555fd0a6
e473c130
365eb3ca
f4863c94
667c5920
465a1648
5490f94b
ad106348
bbedb5f0
84d9824c
dd25c123
f6eda322
a9d6e6b9
b7808d70
33e98473
44ebf55a
b6f9c636
6a245fc3
563f73c1
c34a518c
ff7a8d00
28a6a49d
d7252c62
48a6ffdf
19675d14
6bd1ddd7
b11504cd
aa8f72ea
1151fab1
8991c1d3
5890a2e2
16d7b375
1b76fb56
1c2e4432
e563ab44
f7e29746
d743fa62
49b0fa91
a2909af8
13ef4dc9
42151cf9
7c64c61f
57876237
4c3a74cd
d7b66a1a
b98c4b61
5d3fd246
18ebd51a
393c9fd8
0725a6a4
0d304548
003a1cfd
9a334b92
526c39b8
21449299
57b220fd
e60c3a40
d4838c91
26b9e6fb
f20ddc06
a08218ff
a80a7da9
11250b6e
186cedae
c9a20579
d86baa68
fedf5925
967dea10
9df0c16f
82272012
9d77c159
abf022f0
ef84e739
4ae23e81
881fcdda
c1cb60d2
eafb1f6b
53863f39
25092309
4eec6475
307528b5
d33b52bf
026e1fc9
ab043c8f
e2046ce9
fdf36749
2585be24
c3c93358
60112c49
029a7f79
8f385fc8
de3daa81
9781a7f6
ab34a6c2
3cf94e11
3e09b3c8
fdb440fb
9786c4d1
7f151bec
5f3119ea
44681b03
716d9591
1410c4bb
10fc6e87
2b9b5e95
fbdb63b2
b3902095
a1092b3e
2dc65af2
79b7f8e3
7fcaa1f9
706e06c8
d63fbf3a
0963b497
13c63f0b
95adf4d1
9da5765c
c4f9b863
939851de
73a13602
f7206404
8c20a1a7
61cdd530
ee2665c9
ad3f92f7
4d10a271
ccccebcc
36489bdf
10107885
4f4e5b76
4bc39972
699519a1
1ed76cef
d3b3472a
b06ec5e9
6770a55d
74252af9
cd21b93d
8bae9ae5
cb833417
7768e3cc
f82ba3d2
fbff62aa
129816a7
9176f812
7c940341
23970f5f
9c92fc6a
0b42575e
1f4922b1
5b7d46a2
70cb093d
e4b98aad
fa2a590b
ae29d70d
1b5bee8c
3d894e9d
cf7061ad
844ca69c
ba8c8f9f
0c463548
2c0cd63b
5823e204
236d0034
5908a016
3dc99ac7
23648a75
7e3c3bda
6910c428
bfe57f93
3dc22de6
e4d8a97c
a78fcd4e
0e06095a
e1809597
8bc56e45
673af039
b632f93d
964557ef
d1eea493
1cf53c09
b91bf9c6
43cf3534
318845b0
48debee4
313400d4
b7d356f5
7a31f42a
95c4d361
daa92c50
59a4d351
e1798890
1fd17885
4ae4e29b
de369b72
1483c1c3
1112a558
f36e95e4
e78485b4
1e512256
77669bc7
38886326
66c8b370
288320ce
8e29d403
02130211
235eaf5c
a9661657
0b4153e4
0eb1108b
4ac6c5d9
43f86c53
cd755dee
81b57a4c
fbf8f56d
3a1c6093
81d674fc
719c408b
13843525
8f550aec
bafc3bda
af89946d
80d3f6ab
b95e90da
c486b8e2
1a056397
de9b15bb
1315b933
c2c39543
743d50d7
f052d51f
97222b50
09078e77
87ea28b4
f1fc393f
a5170c35
f14b0401
08e5c7da
378f841c
b35c47ce
b0438b68
51737691
0d647c08
94fb38ee
3d5b34e6
bc812d77
f3834255
0fc1ee0a
09a847fe
e8b35feb
55122240
e1964f9b
7e0ac348
61c94026
b0960e6a
44b8f462
5114663a
14b5e9d6
04b845f1
99308e03
56b8f17e
4304f841
52d56fc2
68658bc1
c40b9467
3bd637cc
e4dfb7a2
05eecb5b
b653d1a7
7d1a8e7a
8d462dbb
25c7407d
5e8d45c3
82f7c63d
50d1b9c2
1885c227
49c85773
b36a51c1
985b3e9d
48cbe3a7
c0cf2aef
102cecf6
e71edae3
5f1a0ef2
43d046db
983c3d56
a3db68df
25a86e59
34cca048
4694601f
6cb4fcdb
0e874a5b
9290bec7
3dfb6f76
37441fc9
5ea20e05
19a9665f
ece0b328
e19755ef
6ac76260
09bf6620
6ff0d50e
ec1cd8e9
97dc32a5
f0e400be
8e7d0bed
f80d57c8
e4e33740
3ebb65e5
92aac867
878f13bc
a38b710d
09f8a3a2
0625ea3b
930feb7b
a1b3511b
860e84e2
c12d891f
8a860288
8ec8cbd5
b68a0e43
3a695e8e
ad496291
a59f7d9e
e10b055e
c018ba6e
72155dda
8c427b1a
c9d7e2c8
d9a3f8bc
b541e784
c77c8708
eebb0869
a8679893
eedf92e6
e944de15
8eeea118
33bab331
32b116d2
c2e58cdc
3bb6bf1d
e1a81c26
0afaa6a4
70609f86
861e1a98
fda73480
ae993258
59216310
20d5eb1f
0308bee6
73401053
6392c9b3
597e9cc6
eba24189
43a86c13
36442fd8
c604cbc4
6822a9ac
e941c19d
9c5b7794
af4f1ec2
29f211ab
c3581e6a
0da4a8ed
c808b2a5
cba5dd49
e10c22aa
c9f0cebc
8691626e
8c1e7056
df29a1b2
3f9b92c2
8b44df15
b51e7b4f
2e51138e
b0d2cb8b
7ef4f6a5
944f81dc
4f5e6bf6
522c7c15
a2e79f6c
e7aa9ee8
87b99578
47c0e20e
80c9f980
bf8f40b8
56cffc73
a9c41149
1ff8e64a
b9ff9190
12b640e8
ea479c42
5979e098
6ad11701
c22cd764
a629273b
0a610ccd
eb3f2c7b
7becb42b
c65c606b
820ef86a
bf4690f4
56fadcad
abaec60b
084c2922
3ca7c2f9
f8139048
1015e7e2
0c2ff078
15432d75
2a1dcf81
5e20370f
10fc86cb
a9b1c565
7a38f95f
3c7de3dc
4f22730d
3fcfc4d1
fa144056
fe5d5a8c
6a71b579
8c5712d3
9eaabc90
e27b98f1
b88cb903
c0ce77f2
e364e50e
992cefb7
44a0900b
55adfc1c
280f0361
042ce77a
333366f0
a69b4086
759ff3ef
ed67f51c
ce2eaeb7
09b0e631
853c0f9b
2a8f8925
866a4c70
27df8272
7c704f47
b7336d5f
c3d8f995
89e33398
b045676b
8dd9556d
1d7754f7
69e2ed73
4eafbef6
cef0f51f
4ada5683
e5a40b9c
11d3fe93
90e7ec2e
259b3611
dff6c033
7ef41411
890b9831
20d85a38
e57cd96a
7a7a5b2c
24648a5a
f55bcc88
8bbe74b2
7df8c380
309182d5
6a9fcff5
41b0bb45
aac4b1aa
1333798c
ab9809da
c46de784
22829038
0775ad91
8f272abb
4c953038
2ec48fea
2cdd1e0e
cac2e14d
c5571e53
a15dfd09
0cf0a858
dcfaf820
31d3c34b
06b46e2b
f7d63dd2
945e6ae1
944982f1
221ccc82
7f458a68
5fb1d2c1
a62a63b6
89beb45b
f952af8b
e4fb0c60
7548523b
a0d1b44f
24244194
4bf3c422
c322cc5a
518d07d9
962f1b2e
4d4b880a
63aef76d
0dabd1c7
d4eeb71d
dfd94733
9d4a6b25
c882e089
c1455966
d66af812
b425372d
5e6e064c
76ea77a6
08f9062d
04e6eb98
8852ae3c
16ad4e0b
d6c8dfc7
8bcb4bc2
d24a285e
276e0fbc
e2e99012
148caf0b
0d460ef3
51f4187e
8616421c
596ab82e
e6e07ceb
42b4e739
cd686755
ac925d9d
aba2dd7c
1387c3ce
d0966cd9
28828140
63542668
ad90ecc8
a5711896
1a19eca8
99683be1
342971b3
52a0eed9
e42b467e
bc5789ac
c9d12925
3550c97c
e3c22257
25cd15c8
670f91e8
c5d95b6f
6b56bc46
3333e6c5
dd851771
1e1b8ab4
d514e783
098df09a
864ac744
603336b0
7dfacdf9
6712de91
b81c563c
c8709248
4f6e56c0
d78aaba4
f077c5ab
fb36cf30
43888c45
95771fea
0c179a91
13b6e38e
709e3df7
2528e5a1
fd43c961
64310c42
c06c84df
5c0ea404
7666357e
4dc0aeee
7f66c83c
4ce227b6
f04d6632
4d4f8c09
40e86348
68a0e5f6
1d2ef8e9
36e6f453
a97f0426
114ebdd0
2eae561d
107773b9
6852983c
d3e387e8
fb7635e9
04c967e7
80fb92d6
efa19386
97317583
d2fc77a6
3e11a068
1f70cdc2
ff6262f9
29f9b1c2
6984a651
98360e27
3459c973
e4f79a78
ab727987
169dc123
21890425
afc0df35
01e55e40
0987355e
a4ed4933
1992347b
df468293
3b3d5396
aaedc655
e3309c37
59f0753e
3e14b303
939ee5c4
ad8db2fa
715b7815
d70418d4
27d01b64
2c95ed67
b696ffc4
0f93a079
4e8921e2
af31cc4f
0b5fb37a
614dd82e
f761b461
50c1cc42
bb5fb4a5
169da9f4
8ceba20b
1b7f5258
2874c0ee
ce186352
15a2e919
a7d68256
7da00328
82453da5
ba079998
e28b4680
c61a90e7
644ab40c
0cb210a8
8c522ccb
258148d0
a86d4715
0fddeb76
819bc1b3
ad70765c
883e6039
f25d03f3
bfab8599
9fbf915f
0afc7498
074809b0
03c1704d
d1998dd6
ca5338f6
4e7d3efd
9a52c50d
6acebbaf
71ddf08b
c243d27c
9bc0694a
3525224b
d7f867bc
a085b5ea
5a2e1086
7db297d5
7524c57f
190c7626
5166bce6
3fe0cb0e
fdc75e64
0d333d2a
25876daa
0351804a
5358022c
a1545ab6
5f479272
158b94c2
1ff5cff4
e1b01cda
97797592
89fd63cf
18199936
60fd46c6
d49773bb
b4bdc0af
f60cce1b
e2250074
9c259bd3
6168fa67
5f52972e
b9cdd2da
2e57b996
35073dd0
59f9edb9
090393d9
e42bd0b3
5b71b516
918718ef
23cd813d
5e774c9a
695bbc7d
28e5ffa3
afa65fbd
bb9ce97e
9faee8b6
1e41e191
b6c6d9a5
bdb6814c
7c3c862e
4182e074
298d1de3
969ac7e9
5ceef9a9
1c85e015
c4d42832
38c0821c
0a5dfe8b
3456da6c
cb364b23
5d8a34e0
37fef1b7
aa046a98
f287d43b
4a71624e
7b7e6b7b
ff128585
e75a703c
865a7a83
f6cfdb9f
5b304578
deeae623
a9c70313
16b76b36
f9b5fba6
e85cdf49
2599d1b8
215a14bf
354e807e
78b6162c
4397579d
c87980e6
6d88366e
8ea73096
8dbbb3c9
8178fc07
73855035
66a15b33
74206f19
4d86db75
406cc5f6
116a4790
4a4686ff
6c242278
92d6a716
484c78a2
37429f09
e8577301
d569a44a
4d9523b2
6d8b17d4
dcfa0eb9
f63f1de1
428c380f
23a4799a
06488849
d85367db
4bf005f6
b3fff60d
1194624e
a6784e5f
56087187
90dc9134
cc582e09
c15c2f11
a7892a33
90b2681d
dcd2a4f2
dc5af123
7d3e27c5
9c41b98e
d2291a18
559c8851
fb929cac
244a9d24
bfbd2da7
6b66f55a
4e6f4335
113fb227
3b391eb7
04c9a4eb
a0b1cdf9
a017f4ec
83dc6e0d
22abecab
e26d4742
1079f990
d840b064
2b30d46d
b3bb5b03
5efa54f6
bea2d485
ba9dab30
ae8ddf05
2c1870fa
41d9670b
ff781917
0b0156ec
5a5a238d
1a5106ad
9bbb45c8
5fb0a955
ac6b9f98
22046a73
2c2d8773
198e07ab
db886c8d
cfb6408c
e44a3298
1f1e9430
e7725865
493e963f
e446ccc7
767de896
aca6f179
85da3767
74f08aab
c3369178
d0f49b6c
006f1d22
272c0b60
7cf34177
5a657077
bc52a696
aca3f60b
917b3fc2
cfe1aa34
058db367
96aff5d3
8c6cd123
3f38eae8
290ec49c
dd928075
4d528d2e
aba71eee
67cfca2a
b156142d
b19664a8
6e787cdf
80d265d9
42999305
5fbcf71b
f226c90a
1689f999
7080415c
ca206744
c95aa4c1
9fb52e26
557802f3
f0688d01
73211285
3ea5ec1f
e28b1417
653bf2ee
bca7a711
2da0d8fd
3527d376
ecb105e1
bcab3581
ced76393
073718fa
3c767c3e
8e7d746d
07e74f8c
63a6b35d
b90770c2
c2da7317
b3ca642d
3f8f05e2
ca10ea06
4f850ac5
6ab0369c
72b4a64b
f1cb7fca
2749036d
120d3266
d31dd664
dd1defae
3df6fa69
0b2da0bb
0caa0a2d
a385e7b2
5caca205
04520e63
121ed8d7
02c5030a
daa8e133
868502b2
9a205dd2
eb896496
eb001ba7
276e42d6
e22b774f
3cf2bb9d
41740606
27f692e1
73a63ea7
e925d1ff
a4e6d812
019ce594
b5aa0927
64c7639d
2420718a
01c87cd5
babb0431
16bdf9e0
b3944576
912de57b
4707236e
7d843f76
fb3e63b1
d745ae6d
c307e62a
186d5c5a
34705aa6
508c0ae6
77cc1c5b
3ee0247e
dc6cb2a2
4c491ab9
a0d13bde
9ceb645b
6f52c4a3
2ca69d6a
d8a56d63
d074923f
58956cda
bba372e8
2730fb59
838e81a7
d8f9baa7
d2115f6e
2ab812bc
4cdf8dbb
86337111
6f5d3f51
3fedc581
6e66faf3
f824b412
802929d9
579e7ea0
e9871199
0709561f
59b5dae3
85085462
9c30ee72
689fcd02
07ba46a2
e0dc7307
64523f28
a0e75d09
c1e501b1
12e9e567
95f80ec2
d29e9773
a75a1209
2a148c09
9258e3bb
11adec8e
6ca08a5b
e2c9f611
7eda30ca
11923282
9870dde2
97ee3548
e56456fb
3e3bd3df
678ca0c0
3f575183
ea1ed3af
803f3086
9501d5d4
208a91a9
998f8e78
bdeeac64
97edaf7d
4662eedf
07cf4db4
72d1be97
b09819aa
53cf8889
31d3c481
cb0b7054
aa1424f6
882474cb
4c2b3de3
7ad02c1b
8edcda1d
d8389d29
177d5b4c
7afcda0a
707e4038
a3f74559
ef994823
15fb6a8f
52503ea9
4e366ff0
63deff87
eac737a3
3be28432
0acd4b22
0b144f10
aaa32b14
acb8c369
b2969e2f
e21e2ba5
b0f2af2c
ffaadd77
a0fb7af7
773c0098
608e277f
2e9a21fd
7fe4a2b6
0ad0bc87
8c2df4bf
e66d54f5
48c51489
0f363180
3dc5128d
b32ff239
c44120e9
a849f0f7
663d2497
5a35b310
3968fc3c
2c377480
20d5a5cf
696ae5e8
93164ed0
63f64c92
8e9687e9
a2cab53c
9b5e8f5b
c4f3364f
a68a670b
9015f808
9b1d28d8
32897a23
36315e6d
aad500d5
5ddafe6b
91aa37c9
7dc04906
e945f2ca
222ea067
73ed20b3
94385713
baa5a232
c3ebd955
3229c1de
e8a702c7
af377d09
613477e7
786c459d
425285b6
cee9119c
521a0892
c27293ba
f339c83b
87989567
44cf81ac
94532cbf
08e9388f
085771c6
3f6b92f3
5e015de5
c507f90e
f52f31af
70452d64
31e95e77
bef277b0
ad0db0f1
fafae44c
ccb5aca4
b9f46010
116f5567
cba19986
ffc8ea49
435a4be6
c072944a
b4973c8b
85dbab40
e6182948
68dc5351
c687291b
8d073dde
b2126b24
a7664666
f7974ef7
8e0ff917
af2e0862
2a2743dd
28d0593c
f46e5c49
76943370
242677e8
e2e5ff32
06b0e10c
b46c9a97
20664371
2a529e2e
aaf46dce
7bb4c7f2
6c206222
20dd04c7
62a51869
333d80b3
e640bcd0
c470852e
9a1c4b48
77731a28
ff70cd91
e49ba7ac
b5498365
36562ecc
539b8e69
25ab4eb3
8d17e563
805a4a67
c85b8664
ac826e27
7c5193bf
2a6982f4
4369f2d9
142d783f
560bb87c
6189ea4a
1a362cba
81049db0
03990911
f34949e9
02d6190b
0da2b218
7e72fb66
eefe56a1
6261c5b5
d06b6f32
71fbafba
68dc5e55
c0a34b72
acb4dadb
33eac333
d0cc42f3
62be556e
c6f3c45a
8bae8bc8
4c39fdaf
814c1454
3c5ceea8
2155571f
af09db9d
1759bf89
a1e130b9
4b055836
f9ba397f
0c54cf66
708394c8
81d86381
0336f0b9
a8f5af5e
cca808a1
27cc726c
a28697fd
25534af4
b146cc06
4d9921f7
d31b2d29
5aabe0a4
d8934f3e
7407a6fc
5e93f3ee
683ba81c
a40bdb92
1696dda7
f438a091
a19706d5
8ef77d5b
28828a2e
0d042f2d
7b56997f
885ea06b
3a2a389d
42e799b8
c9921bfa
917fd4c7
8c7f4465
aaa46046
b8c9dc3d
9f6a1dca
925a2103
3c9b8c23
b4ee918d
628004bb
9a865813
e3c36f50
de51a6bd
a0142d4d
312c288b
08757ff1
8647a1e7
c176f09c
1a2bd2a5
aa0db3c2
42d01b72
d741210e
2e2093f6
48feb136
aad39788
7b598ab9
8d7b144b
b7464027
2a0a11a4
dc0fe779
74846921
566c635d
8b30fa5a
b6a5746d
3aaee78e
253aedce
d111be9e
2ebe0927
56ed7393
c0a793fd
620c18f5
35f7c762
08b43305
f51e34c2
b67258d8
45cefcd2
f9c54d9e
e65e419f
bcd574af
97196f7f
d1dd0f5f
cd5ffc04
129ea199
4897b30d
e95bd962
f88894e3
a41b3ab5
db6cd496
e27c1ea8
50c33a4f
c320cf52
f9a8a79e
c3e8179e
4a33940c
814e1f8e
f157b48e
0e177b02
51913435
189f457a
6032b2d2
795680b4
db8c2f07
41e49803
c771ab15
f38f722b
2bdde233
2614e7ac
2678696f
4a2fc46a
ddbc4202
a116f234
bbb792db
854c7258
3f070974
24d213c7
91868bad
21019dec
8d547bed
6eb533c5
8189900e
82756a6a
8e49c919
9eaf5d95
f50d77cd
e35bbfda
b164d106
c52c6b9f
93b0a3e6
f7cf40d7
8fe1bf32
5bb2d8d4
05607b3a
18957e25
3a2613aa
97695e69
e3f8ddb1
105b278e
b18fa7c6
faa32efe
ca34fe45
815a55eb
703a52fd
7b37f8e8
b2043f8c
491658e7
0d82b669
574a2fcb
7c7949b0
aa587408
9543ef6c
8b55f9b2
0042678f
c5e1ea77
b57de878
7a467c93
8d090c95
200391f3
fd116043
7c12f062
ddc339b1
2559f2ee
afcd09c8
931d8e9c
f6b9727f
5d11d2a5
aaba53a8
704eb6a2
49703b12
ef6a02ad
bdf961ca
3ee0e899
e4df53fa
23c3cd5e
24db9ea3
a25c449f
3d82747f
35e0e72a
52503914
f9f4e272
9eaad07b
92893b3f
2ade37b2
b18ac0a7
53da837a
729190ea
ca6c5aae
18ec1448
26b52f77
d8ad4498
f780affd
8dc51781
c7aca8be
c2754e12
f925451f
85d6c477
45b9872c
34046a93
0d453a9b
c0d1bbc0
e658bc96
bfc79d6b
7982984c
c16c5424
fb0dfd29
01d13294
7a24bd79
fb4464c9
469cca2b
2df92690
79c951e9
115977e3
c91a8fa5
b6c784d3
dc295c56
fc4a6da7
c4ac3dd5
8be5539f
a9b46ae6
3c3ca945
5c15a0a6
79ffbfbb
e3d8dc19
4b5f35bd
f45f9ea7
91556dc2
4ec0fd8d
fad3475a
dd5a6ee3
a49b72a1
0ee8f7e6
46d6d12e
833c52fd
9e489a27
1029a36c
e3bc0dae
d02fb837
9a889e3a
f1eef154
afe9b07a
b3ab20ef
e8d138cc
9564f222
fd0979a1
9b233c84
07cfe75d
192a8551
f697fc5d
a48d56b0
98ce81ed
b1e809a2
2daf5b4c
84fb1534
ab48dac8
0ac490e8
e94dc4a9
7b0deced
1d189f1f
cd7c02b3
624620fb
b3a6d695
62032688
77c0aa1e
82074224
2029a094
374bc6f9
1c2c0e10
2bfae2b3
ff72da2e
7a66d8b6
28bc5e41
8a05679a
d4e27617
90696f92
f08e5684
49cf4b5b
7214c05b
1386967f
08de751e
5ceaf56b
4a4b11db
ef64b07b
a846ddcf
bb8eb098
4c8e7186
611dc296
bedcd07d
0a3ef995
e4c03092
03214cde
7194a17d
d525f77c
dbda8b8b
97fe6b81
096738a3
211e5ce0
fa8f1eec
35e56e2e
d98726cc
c55f4374
ec46de26
0f8b4991
8207148d
7bf78c75
f45ccff0
953006e6
33e68dcc
aebc7539
5c0fe25f
bb36987a
274cd669
e61702a7
5d7a426c
b023502d
1fe43b47
82459c62
9cfc11b5
46f7b0e3
5bc982c9
c1618b03
1f72924e
608572a2
c356391d
fda075af
79ded72a
0f26285f
92ed9051
e264ba66
4a02b0af
f9c51dd2
040c3661
6b0fdf20
bbfa50f9
351bb4b9
9de5a848
53dbb864
779c8b25
4a7438d9
9d348979
0429599d
4571695a
e65fc96e
d923e6c8
214235f4
948d9417
018b6f05
a22c203c
72001bbf
afc9b999
5e64ffd0
1dd3fae0
5082243a
5ffec775
3d0fbf63
006e08e4
2ebf1ed9
8f544491
2b53516a
1490e7c0
e620dc4a
00b23105
cbb251b8
297b0be3
79ace583
6621015f
52019fc4
c9913574
99f0eb7a
a3a99ec8
a58e49b3
04fb74f8
f632c4ff
4cd267e7
04c67415
9d49df8c
0d4c4886
48b45184
d5056f35
416342a1
0caded9f
64986f44
661a25e3
19975300
5cef4157
3ac51f20
361b0094
4d809bce
f33a344e
45b5eaf6
c5d3ba15
438342f2
b9ba41ad
413471ab
09f80197
0768613d
77fb39ee
283c4518
aa2ef962
1b03666f
f099d69a
cc422f5b
be7a0d17
4cce708d
84b846ff
727a6173
666cfcce
9ed56433
2e81407a
3721c85c
f833265a
4c9cae93
8721e8f2
d35cfe8f
4f7483a0
2dc39147
2ecb59ce
616cb19f
639773f4
d590711b
fbd01514
8a71e469
aa14645d
a0675223
034968e3
4e8512ab
97713fae
8829f76d
0ba8d341
32dd77a0
878e1693
0b326218
54e7f297
46608246
38edc019
fbeea626
7aaf0ba2
78ce5df8
14d3a1c0
e25cf6e2
80974bcf
5e00669e
eba44c40
66d9fc4c
d767d564
9343f4fb
42a15e93
021504eb
896ddf1e
1f1f945f
230dd6b1
e3a46ae3
056d14ee
12ac8635
c961c463
bfd714dd
dfe0f448
5380566f
7dd134d6
aaa6fc85
33c00d48
d6be983a
1581f049
4e180f0d
10977c47
14bb0a33
f209575a
deefdcc6
aaa36b33
d28e73f4
f8db0daa
e2a20163
a2039060
43701057
2ef4043e
001fd06e
8185afd2
cfdbb389
f2dea69c
7b6d8cc2
26bd3b98
e9709308
7a2b0af0
f094b135
bd959d54
238a8eac
7a240dbe
b87d9a84
7965dd6a
76b889ef
fdc7976a
19cca16d
57516660
f257f3a5
49049991
ade4be71
96157dcc
3ee28a63
53cf4ef3
74dccb44
80807b93
5636e0fb
3b2b8c05
dec87e3f
960d1601
43b45f5a
76997d63
6df8dbf1
5e3cb9d7
625c24aa
ac5cd3bc
425e2532
67dc1188
89df148a
9f9becca
d1a45917
764a3574
76d2a6a2
6682caaf
aa684d09
13f3f796
223d0a95
17f3377a
d7ae0420
1549e476
520dfecf
ed882508
c74c6ac6
75c26d29
9ee56884
0dbb08dc
8d199823
51f9574a
52e1bbfe
d474cecc
5f1682f9
ad269c17
9dd63cb0
3edf2c05
caac0d3d
8848eee2
5548fcff
bbf2b555
bdc1e57c
f4ded11e
9ac83b34
e806ceaf
d5a7ea49
359c1ed0
66c27631
826da8f7
96038366
0621be1b
c91e7705
03b045fa
336e37e3
1c1d4c81
bf9a0977
39911062
663c96bd
b77f565b
47af56e3
b09c44ba
6990fec3
f887e24b
72be70e3
fb63bcfb
006a6b83
0aad680a
3f69b3cc
683df4fa
1e52c4a3
b66efca8
7234a745
6ccac5b8
dc56f017
28a6b399
cea54992
c5b659d4
d31a5531
c65af442
50db81f8
a605602d
a52cba8b
2b9f4185
7f3c17e3
94cf7d6e
800d7e5e
e92c392e
eecb0325
a98d2e27
3d5c8645
9b76c00b
1c2720a0
53efff43
08cde945
00bc21e9
b30ee7e7
b7ebb7e7
5e76981a
9a436ebe
1322f3c2
f6f485c0
8be42783
82097fc0
0faa37c0
8e2bc795
fbdbc7e6
727177a9
ac106e4e
0fa46e9a
d169401d
a1567c40
954b814e
444b6daa
b4eeff9f
0bd6e2d1
d88a582f
db975964
28305813
595ef5cc
17078aa2
c0d9b088
4b02224e
84ae913d
6278b545
7d005a1f
b5bf2c1b
cdf369fc
85482ec1
e7555b04
6bd355ee
49bad1b2
5249c837
e211729c
ba30d67e
39250f48
5c20bb7f
99e15d9a
62f32921
e03d2d77
e7d81716
20fdb272
fe78238d
a0983981
a53e3fe3
5969611f
95a38555
e6296a2c
4553cf3f
e11cffab
1f79d39d
724d7ee8
706bb458
47165c5f
171b6581
71879940
5da4c670
54ebb4f2
cf72be65
dae27b07
38c23448
2b5e6148
e2e6caf4
e38a5bdc
6504a9b4
3146424d
2e276ffd
f09ea5e2
078dfcea
03a305c2
b7f9d366
18581ee2
a6c0398f
6ad950b6
cbae2e75
1ff462c6
6ed7c72c
90ada4d3
938492d3
16201753
d5f07437
a9bc0cd5
5d82e705
ea50006e
cb2e99f2
ddd2808a
a1423473
687cbee0
36f5a68c
40a28dd1
ea090259
577906d9
afb0ba2e
10dd694c
e1c58e78
62d4b77f
571252b9
06973283
3b212973
15a66ce0
cd9898f0
040893e5
ceefe42c
44833cd7
f0bfa24b
3fa6361f
26be9998
e85cbad5
8977f376
fbdf0c46
d1729e5a
da001196
d18b3929
d72ec2fc
f302cc53
aec78ee1
e7fa458e
c189213a
a559e523
8e40e9fc
a5ea62d1
d2fb75d5
e7fc20d0
7b98e13f
e09ff6c9
37c0409c
7d191786
933233e0
6c87f4c5
1b973aa4
3a0d20cf
837a8f0c
58c75901
8e605f6f
ee686ffc
3ec974c3
580c9bd0
4342034b
78543b99
4a1fe13b
00b82e74
6178809e
7e0a44c4
e9d49404
fa89b0d1
b5b24988
e79766d1
25738b08
2758607a
447b272d
64b7aa1f
10d0825e
49cb0ea8
1f234936
6d379c2b
4b3bdad2
22c873e6
7764bc94
0775682b
07fd5ff2
2d1a83da
b761c69a
531f5072
a18cc194
50002ada
62896c97
25e3a2b7
8cc5581a
2905953e
569bb4a1
46802330
b0a41916
cc36b245
de08f357
2d73c966
198c1488
cdb5f6c9
15e8f3a2
1b23a803
72654705
48a57ae1
46c70972
a0d68ce0
cfd3e18a
2efa5645
6d09d399
fa189ac3
631127f6
9352cf58
16e4b49d
8e54cb68
5928ef8a
4c354589
45fba567
90e88ba7
6f44df4c
e4abe0a5
3f12cd72
af72590b
de2092dd
a681ee71
4ff0e49a
3ee36960
57c1e942
89602a1d
46d5f254
0c28f5b8
209f10d9
c96a1f33
9eae650c
402e175f
2ca9c921
bda39304
7fc4be06
0e3e1282
beba8ee7
2664213e
26d4991d
fcaba1b6
92ae18b8
b4afe478
6ed663bc
b5dfbf6b
874e8679
c1c1cc3e
07df2d56
45c5c138
2169eeaa
a4680359
d364c39e
365d66a7
b285e40b
0c00665c
6d62aefe
f32717bd
40e91d99
67402e35
c007a618
99eef3d7
53607f5f
309c01c5
7a0e72f3
6a215b07
3aaabc91
076580ed
08129149
9da8e5f0
c767f2b2
239aaa43
04313093
f1aee84d
38def391
5bcb0f6b
5d2eb225
04ca8345
7618252d
61cd1950
18f076cd
666dd288
e3aeda5b
d7c378eb
7c2dc2cc
bdf834b7
647ff8c0
e5892aed
2015cc93
0136ec01
6784560a
9bb1dc6c
e054169a
b1d7d393
2173fc22
1cd9c82b
e75509ce
3e97e2e6
557c0636
b4dba0f7
17f2d55f
1b29a056
fbf80dc3
2ba45a24
7dacf899
7968873c
b7c51df3
56e14de6
ccc0111d
82dfca3e
ed040cd8
8900839d
91917645
67243a29
f6aad52f
35655e6a
79ebe12b
18b07ca9
3988b362
c3cf6c55
21dae5b5
58e6b080
33452ccc
aec61e95
ca969b2a
9d82d3c9
9e2c2c77
3b8c4613
21fe40be
1ed27ea5
c261a059
c4bc8f72
1c124343
16745b96
90834dda
72df1cdd
7783208e
a2862fdd
1b0f3e39
a18a3ab3
8ad47fc1
b52bf784
0d6050e7
24297deb
71491511
178d9bfd
6857d15a
3fc85470
b0a8b865
968bf9de
bdfed115
bedceb3b
df605924
54816e48
f57f21a3
d1c4bb32
5daf43fd
461f8e62
1bce6016
a0028b6d
e695380a
5ac8e251
02d67773
abe82543
470e99a8
4c4be891
b64becc7
b91ce32c
5d595226
ce771824
3b832bdb
02824ae6
0c3c6dc8
1ec1bd60
8f0333b5
5114c6f1
7af15435
0e8526d7
8199a145
6fc77c49
8e773243
31e90472
83f7442d
59457c75
c302ddb2
62246e39
399e7176
4e468606
c20ae0c2
1eb002dc
46809054
c977891d
7bd650e2
1958d938
02887081
5abe7bbb
5111d223
f3f8f19a
67c1b962
72ce3006
432bb827
877025d9
714895e6
55b33e8a
bc56e719
c9079edf
fdb9fddc
e8863181
c1986925
2d711d48
da364db7
a92babfe
2b530c67
0c1e1179
536ac6f6
3f1c0bb1
2dd8dc3c
0c6b85d7
5a394259
8464601e
38b39f02
5607642d
90120e8c
c6642324
c73acf9c
3ee70cbb
9b780ae7
db60866e
b673cbcc
6ecb5a67
6b2d6345
c38dddf9
d364a242
4801dcf6
ed1eea30
789e1ee7
18d87d57
6feee4bd
dcebc2e8
335e052c
b22493db
c96093ff
02cd92f8
aff39786
41cc2c33
3802d55f
e266e304
33f8a640
da7459a0
c19bc6dd
b1ad85fd
ed2290b2
ce562f8d
69cc0e27
f3deb9a7
b563f2ca
60c39d41
5e44d0e4
491592c0
143d6cbd
37b8e9f9
37e08b32
ad994388
a299f7a9
a3a495d0
1681d8fb
fe10f0e7
2b5ebc25
9b653693
91a03a55
b969c886
68f47f4f
1221e10f
793a06c2
059d70ac
ed90e673
fc5ef9b4
92361234
e56fc698
db714fa3
bf1f809e
9f9ad5da
d32876db
95b159d2
54969e3d
c45c29aa
1e5e61b9
7d2f24ba
462d0c77
468d9a38
fd3e9797
3e34e48d
b96f1c27
48040a41
ccd22b08
e2125827
7b268179
14c1d2df
ac7fc855
912b8c41
47eb3526
a160cac5
0b79f07a
caf79d4e
9eb8bfbe
3476c9a4
3f583e39
b2b48021
de4a1f50
ca100314
693e40cb
ffa32422
44f70bc9
bff7e52e
8a3e8885
f5cb2159
d3fd9ffe
ba051f85
45d1d0b8
37379cd2
153371ac
7a0eb804
fde0802e
333b8bfd
507d8c57
120ad2d6
c6289fd0
7267986e
bd1006b0
07c6e726
5dd74a48
dbf5ed8a
fdbb00da
a1c72990
47f0a0a9
172e5ce9
ee6c1a5a
d2978cfb
166e3c25
8f448d39
e3d92ad9
cfc56adc
8c960256
e5abb25c
3a7aa740
e4286d54
ddb92986
58694405
e6ef38bd
aaef9342
2b4d4674
b3dd8272
5e77acde
e8b731b2
0970b426
b5f1fc31
9d4724da
43930967
322a8b45
5aa0d7c7
921f9afe
c9535445
73fe675a
68efcec1
78dc7e67
0fbbafb8
d102c4aa
394f232c
e8b14a74
cec7a204
cb16f0eb
30a2d155
cde2d8bb
388591d9
10b45827
09c25b54
06dca584
85962849
550aeeef
d40c8f2f
1f105c5e
25cce3de
be888c88
a0070f13
91f3d9b8
aaba8f7b
3a8bcd86
7bec381b
3687f2e8
c700088a
49ba1c49
8e8d9300
7cd2b168
ba09b67b
b6718a29
09ec877e
658397b3
022fede9
057d0bf6
9d37f258
5eeabfcf
9bc1dd35
64608d78
9e3fa413
12183d9a
4c071f8b
bd851c13
d08b2ebf
d7168a2f
2e4d57ee
b0699ac9
8ae730db
f9815567
ae01cc06
5fef6cab
e8d29848
c8eed956
880af4c2
6c24ed9b
3632bff4
1374fda4
712cc404
6bde1681
6f38e954
bd39e3ec
9f50d2ee
e9e09a0b
97299018
71f9a3ae
e9b62342
fa09af19
da9a9e3e
78e0f658
9ee0d746
9d0b7d58
b6ad2d97
81eb4dba
eff01a44
2e2bf4fd
ef162e65
69aecfca
367fddbe
094bc1d5
27c8247f
363c60d3
bc45bc83
a1107df1
f15a8754
271af6c6
4990f697
dca9aa6e
5c8dcf71
d940bfcb
805d0dfb
2bd14c78
0e73f4c6
d87cc900
01f05d73
b725c436
57491433
03f0f530
d94dea6e
b9fef99e
7de84ba5
6eda44d4
76d9c86d
0ec06d23
e05eeb37
a5c96b2e
f73fcd50
373862fe
8f5468e9
6772820f
3d0a1352
eb31fed5
ff3dc2b1
1ce0a10d
20332454
cafb8bfe
2b412982
278545c3
e231bc94
9d113978
e9446598
c51a19bd
968f68bb
e9922a57
dc67d929
21fa97b5
fd21751f
88ff849b
b6973aac
62e1a6c3
29be68f8
12b0eff6
d15c612a
ce615cb8
97fe6266
9a12efdf
ef74ae47
8a472c7e
a7bc88eb
19364d2c
efae35f1
c0ce5c16
bc5e2727
33dd7b03
e6e53cb1
072520af
8ec4c9ad
3472dd7f
cc5d38d6
9a9f689d
5979cf27
9fa527b5
613fee4d
7830b100
3ef3ea4c
2bdfe092
8a52fd04
eb2c77c9
8f577122
1d3c2ec5
1f789ece
eac0d3cb
5e591d49
178bf715
b99689d3
17bfb3b8
20cbba95
7ef00bc9
72a495e3
aa236b47
f22e9298
76ec9237
df970f96
4fe3e358
5e2b4eac
d2c8c261
843f7545
ec7a9f71
6fe24686
fbdac652
3377f13b
c6996ab4
44701b6a
940164b9
4f61a2a9
7cfe864e
f1782772
ffcd6610
214b9c11
87469c99
7d9843d5
e075923d
d5e90e09
51c09f01
9b3f4240
9baca6b7
a0731cd1
980ab113
65c3e946
b5ecfe2e
eadc642e
7d15d7ab
de7efe82
4b02be88
b6adea79
558c722a
7dea194e
df749f4e
2d2b70e5
cfde308c
433421a0
305f29bd
74798de0
82656e74
ce178572
cb7b3367
38188449
906d3f85
40ead433
8a254a86
b533d9bf
9d79e70e
c8142547
7bdb2b72
7e479674
57839d4b
227af779
9083867b
13c82ab8
79b41876
c61b4eb3
33e68ecc
460a2707
6195609a
da690c4e
ed017f88
c73918ee
60edc0de
71ada16f
3156d1ac
9ff68580
ade0a3e1
9daef8d7
68153e71
1d4906e7
bbd3363b
dd9c2c6d
495050c4
bf4ebbfb
3782e202
63d1e298
328b96c3
51773478
beb2a0f1
ecad4582
7fef66db
c9745fbf
a3d5d842
6e072e08
40ba8ade
f09f4239
e6fd8c53
de15c74a
7bca2663
112edfbe
2cd65ba7
f1fb156f
cd31ba17
7c0c58b6
e263309a
9eca2c7e
41dd9480
ca2eccd2
dd217731
a4ed0e23
e82c44ee
f01bbcb1
4569b149
dc7f9d74
c147f075
2f02de3a
cd8349b7
78ee1048
1d94f9dd
3ae80f04
77cd618d
2072d6e0
40675b75
b8cce993
8e44c212
71b55053
424622fc
9b16f4d5
f33861d1
d0732569
b3ea7290
ba4455ce
c06d3f95
4b9338b3
c24ef00a
390e78dd
9d359c74
fbc4a1d3
3be01e4a
0a84d163
5bf247b0
c5cb7147
272d26fc
c94c489d
e5717d60
4ae04baf
2cd7f347
9325766b
55882616
908f2e41
fb6b41f4
e591d5f0
cd3da0c9
0b21dfde
1ff9f012
21e0afd0
0a007d1b
7ce660b5
901ba7c5
ddc79d35
a2df9080
9a255b3e
de787308
9c99f224
32feec29
2aa3bd7c
1ef6fa6b
95a0f6d3
08d1e923
04baa96c
86865239
a843d1ce
ab7a9d8a
c6feba6d
8199992a
c005d6d9
fc957cc4
00bee4f3
a5899e86
9a287d3b
f5fd3235
da56ffdf
bd3ddaa0
82828d0e
68c00285
af77b499
073b55f7
cce1e7a6
adf4cf40
688bd675
cf5edc96
3402ddbd
bbef7e18
b72cac0d
b46c6b31
7ce878b8
81cf9f45
2593f8b1
e0e0a057
c1c21614
2ed31f65
ac783ada
3a613bbf
20a6e812
6b6bff32
4eb286e7
d68e825b
29c2e834
8aaea49b
276097b5
c256fe2b
9a48fadb
ca1ba199
666acea7
c33a1a9f
4492f43b
95e8f70e
dbcce246
f9ef6b4a
b7b7e0e5
3b9b2362
aace5c3a
9101a003
52ef3273
2cbc88fa
883e27f7
93479e48
7236ee45
61f666b0
934dd55e
8ee8fbd8
d23ca8c7
c2e64ec2
dbbdf11b
ec849de6
21f385e8
ed6c6ab1
3d659816
29d0fbe2
d65894e7
3cc59b6f
db86314d
996041ac
4747eb60
c2870ca1
438ae9db
7da9db57
d7e1c39e
dc9f98a9
83ab840a
2bff6754
e47357a8
03905aca
62215d8d
c0a0a6cb
fdc62ae2
235e2a10
08053afd
f0fbbad9
2548903d
afa2a883
b8d9da22
e9931354
14e2d7cc
62b05398
e1ada2ea
3dd275a0
4656470f
e9cb5262
17bed6da
10c884c7
97556a0f
9bf9b5d0
1dcbd92e
64d07795
9e37bd13
fe823b18
1ecc2a82
51cea117
f26e9c99
986a00a5
78181d9d
08917b23
4944d1ec
a1dc4e29
3ae0071a
417a90dd
11ff79b8
e16a1479
134ecf6c
a0db0e54
4ee3ba99
05b50cc2
2f4193fb
cdc04c45
291cf37f
30e3eb32
732d37e1
75f573f0
7c45de0a
0f6a6951
5c5caef6
6c24f1d6
d65deb2d
6ab6ac59
503089b9
ae92f035
d9f86570
4738303e
744e48e4
4c362bb9
9d61cde0
9843fc8c
b7493cc6
d9f252ce
ce28b6db
45198263
63ea3195
6f2c9721
d21e6c3a
aaf49f5a
8097011a
88c62c70
f9962b32
469ca658
c686cb21
e68ff22d
2eb59bfe
b621ca7a
f431fdb4
0dee8cad
51e9395e
327e67b4
832b3c05
e57197e9
6f40ede8
8cc29c77
8cc09b92
edeb5cf6
1747e6f1
ebe514f9
c5d8479f
2a880274
c02b2459
93e8d179
fe9b123c
c0f80ee9
d99fd06e
26993bfc
48b2e3e4
ac1f9455
ce1f9d63
3fc657d0
4ee9e536
9d85f41c
44dcc86a
8e685642
85298f05
5898423b
04e7c02a
05a85b53
df7d111c
281f8aa5
21316a46
b6bd68f7
1d2c86b0
d0a496b8
fe90ad5c
82929534
82d5af45
4aa0fb35
21722066
a8db17dd
363de1b8
86d2cc7a
2573b37e
5aec4d62
45f7c464
0bf2ad4f
a09e9e70
27914117
4dc12d01
ddafd3d5
7a2887a6
adfad258
f207fa71
00bb0f45
ba8cbdfe
30935bcb
6b354cba
25d62eaf
ccb4d744
07b9691c
1234315b
13bcd9d3
942efa0c
65fe94e6
323337be
7597646d
4283a748
9f643d48
a8f00d8c
f2a2262c
381c775b
fc544b30
6f232c4c
d7da07d6
c6b125ab
cfae000a
93fb8016
34b16eec
2f3bef44
65d910a8
f4e1b148
a7648013
db55c975
bedd122e
5fdc2445
66404305
ab152a7b
da632e1f
37b3851a
a537895e
17e78604
902a4e99
dd85628d
dd95384f
47cda71b
f50b227f
16886a45
c6e04065
5c1655db
9b2ad1b1
9315bb1d
f667ca9b
81a16391
c216857b
c19b6a01
40fa986d
aededd24
6e34a454
0d33cff7
357df84f
409dbb52
acfc7b0c
fd2c6a49
b1838723
dedbdc39
9e72e7c1
eaf5db35
fe623b68
b827801c
70ee8fbd
73b3bad0
f4be7a96
8b12ee9d
ed6f822f
947b084e
bba39b8d
e7c1704a
0ba45922
ce1ef7c4
6d6abf8f
75069213
ecb1589e
320a43d7
34c5b72d
888d695b
87658fe5
c0880708
7437179b
d67a1813
54cc6c1f
3088739e
9485c73e
8a3d9a51
65efa2a2
a08e72c3
e0903279
32f8485f
e82ab5aa
f079895e
bf04306d
1b5c858e
7759ab9c
d6c3ae82
4cb96a0b
6f6b8062
06945e46
d7f37516
ab612f06
79bba1c1
7bfc5d15
3b7191b5
83cd93a0
7e9486fa
e0577b2c
0104be94
b57fa774
e17beb65
849d15df
e49160f7
625efc34
fb5747ad
868b6a7b
01e39135
511201cc
35987b1f
b7d4d731
5aeb24ed
3cd29c35
3c1ed2d5
7a2795d9
88e35ed9
f81863d3
f664fd05
0f2d7816
21eab169
96d40539
e592ccfe
5f90db7d
5d080f4a
a28fd47a
4ca22899
284e2d52
4310f052
9cfa5b1e
04bf7585
5eaadc35
401b4422
8a73f49d
2154f407
fed9057e
f9396233
914fa965
4077e802
194ddaf4
2df61c27
41ac0a73
53ed14eb
2fe03776
9c2ed022
085a3abb
296029df
9569a0d3
74c3d0e7
e6241529
d9a1f769
f02c6735
d775e4da
d23a68fc
37b0fc9d
8a8fc4a8
616efc0e
db489e96
f7920080
16c909b3
9af457d9
3088bfc5
37c98fc1
29b3d86b
e934b052
9f73797c
131e501a
85835d8d
b1c77529
82d32f5f
ed8c4782
2262649d
70291adf
843a9c55
78b0dfc7
3c067629
592dc4f2
087235fd
a0b1ec0d
1324f10d
2bb10b07
5cf19c02
4670182c
3cebad67
6834558a
4a47a674
f75121b1
8755e431
ae5a5ca6
3b193279
e5887fc1
d79b3eae
cccc07f0
9546140b
7c3f2451
ee1ac8b9
e765952f
a8ebb222
043a264f
f03c468c
8a7974ed
b6b5530d
df4bbcda
74da474e
f104f954
d83df6c1
c40652c7
0697dde9
26be9072
c40e42be
9efcd97e
b02a933c
0535b899
00d89cc6
f2d23016
879be2cd
9aec635a
f0e3af81
50e6a479
4c2749ae
6813b83f
fdb7d1e8
156f870a
e24dc491
856c299e
6a95e9bf
525b461a
b55bdc22
428a974c
e501f629
fb4ec064
258d8e3b
2afddef4
4a6dc8d7
93a3c5de
79993289
c566156f
7bdff754
75d7d20c
dc04cfe9
3715d527
53578f47
59d827aa
bff70a64
13f073ac
20c3cce0
578f3cf3
1cab4c79
53bc5ee9
f371d6e0
c1e5bedf
60e9a3af
413f2a69
349ad4f5
162ed70e
b46aaa88
329a8eda
07f12645
8d424f66
759fc043
46dc18c9
c0927cc1
5fbcf87b
5741f08b
256d9db0
0bc1cfdd
64cfc7e4
dadbd7ca
cc6784af
6b73badf
61d67ffc
1904196d
1da2fcad
342d0630
5942a992
a95d14ef
050b82d7
62f38de9
c29bb0c1
e8b44015
ad2cd65b
7933b3bc
1a7c99c7
d276c3ba
c244ca93
d5cb5868
fe22be8d
2557808c
b87aecde
7152f6d2
291cc5c7
d6c5c262
6481694a
1c1f109c
6daf2c3b
97a7092b
2f8f2d55
260ab228
5baceafe
68336088
c8139335
58f09156
50cb61d2
9dc8ab38
c203a0c9
91f87d50
c8409988
2f01c464
7ab251b8
d382cfbb
f4af6ad6
3b8f340b
df20cc47
907d54f0
0cafaf6f
5e4ac49d
00c504c0
6d61cadd
862e5c77
1868d027
b523b80c
9f063f4f
f5eef892
2ca087dd
f0abc1e8
949e0c9f
c402351b
9942798c
aad75c41
4807e585
d0604a57
c0454fde
7dded28d
8081132a
fb01934a
b52fc977
984d00d2
62be3d7f
ce3494d1
4106797a
615b79ab
fcf484f2
d94c2f2e
6b55b609
ec49f86e
0f40f969
ebd59213
1b417c45
78d47175
4dd3533c
5902f7c8
369d6d81
43f0bd20
aee41c78
f28d8c9d
3eb59f69
4ac51eb5
445e4b79
f0c15627
ec8ea5f6
13409372
edb921ea
2e9fdb45
cd6618ba
a0934adf
b722c4cd
43d5ff39
0c568085
d5506c4d
1e196846
8967778f
45ebfbc1
b4b2a8f1
d6047e77
2d16a206
368989f7
ec97cbfc
76e40bd6
1247c9a0
255b6021
07c113c4
f028eb99
826130f4
0fd0bf24
ca5e123e
f2fe29af
692a77aa
ce220d71
86aa675a
eeb38dc3
20cc1d3d
f06c3a37
7c400584
5987a8cd
1183d26d
a64383f2
c94a440c
51073b4e
a0e70c85
0e124c4c
d482d77f
f5acbd68
14458b5c
06543f35
04137255
227ac439
83a57c63
6871f43e
634aa243
9f177bd1
b58d7c4f
63a39d38
70a5b6fc
37668742
97517e22
f0cc0ca1
36f113ce
2e09cec1
85ef3a5b
361c81a0
9ef0bec2
f047e0bc
b649be32
d5929b1a
2c941d6f
221c1e9f
9d17bcfd
d3f1cf22
bedce09e
9fddc684
b0f9729d
c157167b
108eac98
d4bbe100
fa5a636a
2cdb8c6a
7c5076c7
24f9a407
78f58f85
d5c873bc
fa05148a
9ff9f511
4b39cdd3
62206c5a
d83649b9
8e4db237
4cb79448
e75efa49
2b0b3093
c05a78cc
6e423e82
f2239722
e316d25a
95765e22
a5656a0a
49d590b0
69c103be
d1321f18
28bfa825
155c706b
0253d8a0
ad2f7eed
1412aa3f
b97fb5f4
e1233b5c
430700b1
0ab70146
96316ea2
8eb870f5
bd15cd3a
95505716
5196a3dd
d8d64caa
6c807cc5
f267e723
269667b8
7b390c90
ff2a6144
253be97d
aafb5a4f
2f5ef89b
7eca28ca
5b7c06c3
7abff5e6
a96f7019
c1b5977f
200d4264
f58f478f
e9fd2cad
95fd37d2
8f7d754b
c1a4ef04
22d9cd38
0e47904c
cc0d71c6
b10d9990
d7932489
f1e3d6de
e518c1bd
8e53eb3b
11e04159
c7d981a1
4c17aee0
2664938b
e96aa1c0
a37c160a
f9162a64
d60729ea
06e1af2c
90cf9d10
2802446c
148d5341
681c0345
c3d68816
613be431
f98ad308
4f59bc01
59a17de7
31ae5ed8
51589167
dca8fa22
155bc32f
07a4343e
ff92dd52
a44fde65
dc6c0bb1
339dcd85
438dc302
6ba3d0c7
842b70d4
83bc317d
797b05c9
70bac04c
6ccd1a0a
e9d974cf
32b45196
33f5f432
c37acdb6
51a467dd
fe2d096a
67cb2882
e0e677f6
17a99560
4ee495d9
4ceddf70
33493833
d8a3cafc
6b51b9c0
9662e9fc
86813201
dffa175a
7e1c35a6
2f47c258
465fbb31
0db4fabb
028518bb
4d872907
075c5069
d650772e
3f263be9
7f21bd8f
91518490
3c93b8b1
d7f7dfe2
e347c299
3b7241e6
ed051f4d
da5e9602
485e6d20
2ba1b419
511fe7cb
fe05223e
b1558cde
328b63d8
087d258d
71f65dee
3299313d
553e94fd
689db1fd
b8656d65
fdfbc9b3
f556e50d
c2a125e7
c1c39f8d
5176ab95
38ca99c2
e3aa2d67
f90622c4
c7b7982a
2d4f174a
65e08446
4cc4e4cc
c737f1e0
f835280e
61951c9f
c7d468b4
bf2564f0
ee9b6575
822578bb
c2ea435e
08b54f18
c20ae4ce
a42578b5
b859b7ed
de356fa1
178adcaf
afd952b6
d071765b
3ab2d71b
4628f556
49c72008
a73069c5
056231c2
3e8c799a
5e0db630
14447d86
a535d7f1
8831c500
e2ef9281
2716dde1
2cac0bdd
f413d4cc
f741720d
15dc74d4
0a825a74
b1f9ff5e
2cf84b99
854aa1db
31c7d802
3e3a02c1
7d07c912
3010fb23
62873306
5e1764d6
d30eed41
7f68c175
9d4350f6
c2f96e91
648b7857
02fd37de
6b2b472c
f87fc2b1
5bf97968
02ab2f3d
aeef2ed7
b77a0c5c
e79af4a5
e0fc9835
b2bc45f0
c8a72eb1
d4e354ee
a2e1e68f
749821f7
4b73e24e
2b2e9d23
b88a3eb7
038c33ba
f1b4863f
267b35ea
50ced92a
bb173fc0
8b64245c
0aba5434
6c48e4fd
f3028aee
0ce50365
8c90ea50
a7f4dc15
b434513a
831dd7a7
cca26d1c
c99fe250
4f272887
04dbc5ec
a7cd6cba
618ba60d
d62707de
b5fb0df4
7d394c2d
0be0e41e
90307f5e
3c6ce211
421c8a98
ffc79bde
659f1dbf
5bef2d20
016e41a7
ffbd4eb2
aaa85c1b
c17f42f5
a35bd29f
914920d0
5bd8e41f
44a3a259
3be90fe8
c235a695
51159a12
53951d35
97f3345e
fb093ef1
76b5ffa7
350cbf72
d3027ffb
3ca76c3c
6cf25be4
75044d68
6c3ecdcd
79798add
396881ac
16863726
49e12a12
4210cbd1
ddb681f6
9950348a
fe5a2cba
83367f6c
1761bc96
9518fc95
13973893
0f845416
7c2f0f49
3a231397
cacdc6a7
388fc924
1aedb397
e021c681
2714afcf
736f9fab
5483f4d1
ecee04fb
d99aa5a4
cd4eaa75
1dc91704
b39e813b
e08ca1d7
aa066bf9
6c0927f4
364b510f
cc923e49
d1ea90ba
277db232
5f0c76e1
d5f49857
a03d1060
9e2797d6
aa3a570b
ab81179d
6462146a
1a81f799
fed8b80c
b903cb7c
dc5641d9
65d1178d
5f259545
f6def628
e6e6cf2d
da646708
10af88d0
2fdd0bd2
18d2988a
c8865aa7
2dc5b603
b86f6340
1d722b5f
9e510ee2
9cf421ad
097dffde
697f972c
e52fe8bb
e6174009
60764d38
ce4eab14
44cd178d
e0ce96d5
dcefa9e1
6974a262
e3fe3bf3
b5838b50
9d3346a1
a9ecdf77
738593b7
f14d5865
4c4b1be2
d7063b12
5aae8915
7f693884
dcf8791e
ed073485
b4860547
08e64290
db6dad48
6d57c2ad
1ad11b0d
b0e6451b
e493659a
340c974d
ac8a515c
1eea177d
4e514b48
f94bab97
07892b01
543e8b5a
e7ceeed1
50ee48e7
2afb54f9
2754917c
6f14ca7e
835e4060
7d045aaa
559a7118
7c382239
b21cebf9
ce4bd94a
0608c361
a0672919
5972a217
98c37ad7
66440ac1
4bb7189f
927109fe
05d85e29
8f0489dc
c77ce31b
5152869e
82778614
5d9ed19b
786d8f13
b74a4df8
c4f07cb2
d021ed23
2f21be39
836afd94
a82b8201
73caa0f5
e3123d8c
d2380334
92287315
1d983253
80f3fb4d
f41f2d51
494ae441
133282f5
97926b7f
10fe5c6b
d6d012be
f2bfda8a
54c5d992
50553ce0
9fef60fb
0ee468f2
55736163
6c056196
9d4f3153
2c307382
bdcc0678
47f7a7f0
951957f3
0d6565ae
c038e46d
539e9fb6
f292a319
2f88b9c2
ffd9807a
0c79e4cf
b5216bef
ce219985
bad7238b
f957a4cd
943fdf0b
a42991e8
803a9b91
05d536aa
074cb206
97cacf72
2996e661
f0dabff3
e431838e
7eae91b5
d3debe45
88f0768d
8ff3378c
df49580e
e0d4338b
b6ab3545
1ce6c3e3
0e89bb88
05335e38
7c7b9952
9ae24e6c
f664d697
d391de2c
67d3123a
dedfabcb
a31d3def
53d9e621
4220e877
cf8c8276
da623397
f122770e
613b07d2
6601b37d
ab195803
d78dc13e
2edfd2ad
4ac5668b
53d7728d
8960c3d4
beb3e84a
dd178b3c
39bb7dfa
84ca0bfe
0dbadd61
9f68982c
e4ef5184
1d55853e
2e1b03b4
00525b1d
8035eda6
ae512397
67fcb263
6faff35f
8fe76a91
12ad9c26
44a24035
c09d8f3d
b5dcd132
2fb8bc77
114c6c16
b05d49f6
c888997f
33519d9e
d2f0dcc3
954dec5a
ce413bd4
d8cf47fa
1a003bba
063590be
14a8db8a
f94172d3
bc0f7d34
a283d4a0
df2f87de
fc573109
409639e4
ac7f1fad
3f4c1b6b
616823aa
ed54267e
f51fc539
caf7e4bb
1d1eca68
23d3905b
f8eb7cf9
f88f1943
1a509f3a
629e87f5
54c8b2d1
f9268cb2
c73f8a29
5960cff3
8e6706f1
796ec372
771473ee
e5ee263b
3ccbe90c
4e1038fd
fbede07a
e88bb8c1
009ef866
01ab702c
0aa8d6d1
d6d6abd5
105b5e3c
df95403c
a5c0c1bf
6a7d5708
4481e21d
6862d336
9721f70c
a45a98bd
b70496b4
4c19265c
bcdbf7ad
965a6517
3d219bbf
89f56e57
a1960000
03362d0c
ac09d0c2
04730b7e
f8c1f594
2d234102
6140867a
b7de3a00
7e1ee6fb
dd8fc8ac
1c58dbb4
845d9fc7
2aa4c79b
75fcb2c4
959370ab
c747fd28
266da231
32737fd4
10b8aef3
02dfbbc8
c429110b
78a8efe4
391c75ee
6d5f7305
c7a8950c
d6426511
0bacf22d
9e2d8c19
8becdb9d
1e6cf05c
94dcaf8f
2072d676
c564d44f
e7884c36
fce96c55
6b01373b
4dfcf299
e1a9014d
56b2037b
de295e11
f086fd30
3a5d68ff
1c7d90fe
0a1c9d7f
391dc10e
4a7832ec
5e880841
af1c65ce
128ea9fc
44a20a63
b8cae441
0cbfc704
4f3558e5
e0152a95
1d0ae720
03a6be90
08666ce7
1699198f
d6e92b18
32b60447
0ceebc29
fcf4d00f
0ec33cfe
c3a5009c
e3cfc7cf
b632e94e
5ade560c
68e8e157
904b9265
e2925067
8c9a1fc8
0024aae4
8c69e146
89179d23
7058d8f1
9cba2200
757794ff
27db1131
8392c6c8
d45af2b4
2be1616e
d8be816a
29ebda08
477d40ff
5b7c6738
329ee178
407aabc1
925ecf02
cfb7d302
0bd36ef7
43026d49
2621e3d7
ff14c144
0ef7cb29
517b624c
f02e2b46
e019994a
09777b5b
68747de4
944fe38c
68f829b8
91615104
35cb80fe
68a81fff
b9beeb10
47b0794a
b0d67f4e
1ed5ecc0
a45fbc8a
c4013477
a241cef3
8fc46b1a
531ad6e1
800396e4
66591fd5
7a3ee686
e4581c97
1cccdb79
48f24662
51f9ef84
505d39a0
90a981af
7d37c6ca
32de8eb9
dc72de86
7c16e0e1
16a4715d
63e3b4b0
435d6ed3
c07df48d
aa4a8de3
da60393b
01a9d95d
dae3c338
418e0aa2
b6df18bd
6cf5e1a2
00e18c35
d6bbc658
051b9d6e
9f65fe16
6fe27b2e
06be15a4
d9eb16f0
f31f1287
2707718f
05a779aa
7c31908c
7ddbd2a8
204854be
ca270a4c
7d2d22f4
8cdadc9e
15ae7036
09bfa8b7
c532baf9
fa7c8740
da12499d
2aef3308
fc93610f
af58f751
040e11f1
5883f743
9d64a9eb
8f122e92
3993db22
a65a0493
7c798882
2d0d88cb
495e0d06
4afdead1
22b7abe1
e423ca1b
51f6e92a
bde53c4c
97dbb657
c6a4ad2e
0cb82b59
5af58aec
90d0c92b
22abb11e
ad79a38a
cabf20e3
c313a4b1
0f949656
4cb13dca
ca3a6216
35c08761
e2b3a43f
8aec65b8
5b7caa2a
3e7766d9
e7bba445
ca048d6b
a0ae4527
2f9e2d57
6c9004b0
2f9f60ae
72caf114
8b64cc42
529f1111
5e1055e1
a119d1b2
5069ed86
460a4be5
525234cd
b4574d40
e64b7c7e
0ecd426b
7566a954
7cdb46ba
b6a84758
fdc7e4c3
fcfe0e7e
1c3762e3
622978ce
51367c97
c4eb0588
1e6cbd66
7d75b428
d87d410d
40e1805c
9fc90291
50673170
4ff59699
825c4ef6
ecdf282f
8e578955
a31085f8
6258e309
1625dd9c
82d16b56
8487c357
f4db93d5
6386be29
719d2bc7
b6c677d0
8ddfa4b8
252e99f5
a9af8b68
b91566e1
6a33fce1
ccbd9383
706617ef
1d723e8b
b44049c4
dca1ed96
c9cc5d10
e5953b83
15af6b05
a90a44b5
1a82c1a5
4d21debe
08029167
a9d49f27
d60b9404
b95c593d
255bf43c
8a1d4ac8
76cdfb53
e34ef367
400bd0f5
4382405a
1cbe952c
e19d7145
4e200d29
f7f38362
aebe50db
8653599e
fae4fdef
e98762e1
b23a760b
c8601638
7274cfb8
5368daf3
ed5dd376
cb334a48
f3c98e50
522878b7
de2437e3
24bf98e5
40aaac2a
6ebc964c
0f6808b1
dae8cffd
f8d5f3ac
4ca855e2
f64e3630
f97549b3
250a6f4e
3156d922
3b181a47
c8774769
fed8e8fd
ee739219
811d4eb4
07cd8da8
9fe1692c
ec7f9785
996e52eb
4d16530e
e16c1dbe
77d7d398
45df12c2
2cfdd8e8
ec3311c2
d4c9e907
a27854f9
d7443724
b43d8aab
ce80f767
b748fc82
65919839
076fadad
bbd641c2
f0025b27
809d3475
3a1719c2
dffc02b6
f2313498
dc058e8f
29db83ea
0351d55c
61bf97dd
aedd62af
55e551a7
10b47b19
8d1eddc7
19c2f39a
28e18156
e4a9cd2f
e132e1eb
f69b81d4
1ce29f27
bd86e920
accb23e8
a0be3204
eb773950
bc5ba1c0
3071184d
57e0af9c
b6f7a49f
da357515
211d66c4
8da5dc93
07d9a786
f12ac837
5f2e4a19
fa31792f
5a486f73
c7566640
569fe034
dad57dc1
9f31ceeb
08fb89e2
8b9b5bd8
d68c28d1
03d193ac
56cae5b8
7a4f8f99
11af9873
042f1154
eb23e377
26faa8e9
045e0fce
f0e26f3e
4202b4b4
0833d5c7
a7109690
90548eb7
649a3ce7
7def7766
bbe605e9
9a91f3b2
67c65832
cd0ce8e9
1f56d6e9
f006dca8
5a0f1b4d
4c4f7490
1e1a6655
e4fdb6f3
3f9bdaef
ac359a47
dea8d33e
a3e434fa
f7dea519
a57ca580
11d7f704
ebacfc95
8dee93ca
8188a4ec
ce2d96ba
f9ecac3e
173bbc15
adcf5953
d96a5a90
40953334
c9a66a2b
59f8499f
4b00f53f
127cff8f
5b26066e
5487e908
ff390aeb
6b0ae46a
617f88fd
63be035d
b9aea4fe
ceb5525d
47dabb3d
e5a11c78
77e2bbca
537a25c6
28f30f21
bae3a66f
c7f87376
620e6402
8dbbbf0a
bf826835
e951a003
603a844c
fe1b04f7
4c642359
f2558b61
fc32f0a5
8c5c9cb0
d6291297
0dacafe0
a11f01d9
48a88132
c9810620
67c770d0
bee1c02d
0875dd3d
8d68a6b4
9015d564
85951f55
0f435ee2
513cc8da
b60d9b20
bc0bc407
bb20fdba
564c463e
6eb394d4
278768ab
3c631e0e
9968ca16
828ba471
9434fadb
0d4a00cc
843562c8
1e067048
dcb3db6b
0534f86a
6097e08a
92afead2
2a9191c2
5b3358e5
09f092d8
74621f3c
5ef1bf35
7e8213c4
73651151
7ff5d4a2
b9750262
9e611977
6abfe920
386da190
e839ec46
6e227c2e
5c08d4a0
13ce29b0
b3681295
1aac43c8
831f9f42
84f3e290
8fffb402
a75c7857
c3feb765
877056ef
7871d9ab
e2572e7d
b484f4a2
f344932a
8b478188
6decaf7e
4f10b34d
8311b33e
ed09b4d9
b5c2d1ad
92dd3407
dfef7f91
63b59031
3574d9a6
886e6b45
0c0a216e
dc406dc0
57599ac9
c940ba8d
83578570
8fcdd6fd
0af22572
8f2a2fc5
d28473de
3537b579
ebd2eef5
05eb4f9c
7223f225
6a332972
45703227
8a9b848c
b8135f7d
f017fe34
5872e59c
059f9f5e
0d898877
2836b386
91a2ef98
0b93537f
97bc0003
019fa4b8
42f2e92a
3d20e417
d7678315
f4135608
03b2436c
f66d4f44
804185cb
baf0d4d5
8fd3dcfe
05b7bd18
5c0a73bd
abe649ca
3f6066d4
f20b2b05
c46080f8
68e9d0bd
d620f2c0
f9f67eef
eeb980b9
e133a5b1
8c07f462
947503d2
f1bd2656
92e50124
651c4e3b
b523c4c0
a54bdf50
2a2947cf
89e108de
e6c8de04
8d68ff7e
85dc1ee5
24ed5d85
2a319f28
77c67e03
6619b2f3
9f280e42
d49495a5
d25a0a12
52364f14
facbff86
86cb4b2f
da078131
71fba4be
a29d6391
e9a0c133
fe285c5e
ca7db582
c8791927
8f403cec
ba4ca38a
62497f9d
e7c7878d
0ebe9bbb
e7269430
09004ec2
9ee2f121
8b071f06
6fb8a44a
bebc7575
b6053624
6f88ad83
6bc81a69
1ce0f2ce
8987f15d
f52d623e
b5e24225
ec9f15cd
9db8f861
35f7eb0f
81e4ec3e
b296ad43
b4ce5a55
bd2513b9
3ba5bc02
0f2592c8
67b17ad5
802ae7c6
9f9c3071
39728d09
28e3c46b
674dd6b8
a081746f
a6b51bde
a7f1e036
c727cc96
108d41fd
9f2f1b62
e73bcc9a
4a7c17e5
2ccb55cf
c6feff34
ccfb3ff3
23493b51
88a3e4b8
4a5519e6
5f4258f2
bc4712e5
5ef2175e
7d6ea52e
61e21240
cda8ba4c
b89f4bab
3d176978
fd4797ca
292b02a5
55cffddd
48f784d6
c1227cda
82dd027a
6109f18a
2fdf0e72
499a8541
cfe7afef
03f56247
7b168457
d3a77784
f29c09de
fb56ddca
f86e86d5
6acff2bf
f14e9c96
c7a22e5f
8c059d80
bf41009f
19a85d6d
d7784967
502688b4
8b8d618a
7e952195
05ff2d18
b5028cc1
0d426f07
72dab3ff
ccb2423a
967d3552
f7dde206
91cd0323
17b3eb3c
2d6ba6ea
cbd833b3
b18017a1
f7b4f656
cabe3b7b
4c942877
6d6c9421
d72d2b4b
cbfccf8c
bb682e72
427f62c8
cf80e066
ca8e4ec2
71b47539
2dd4c9a2
2b1e2788
2f7c202c
be78f4a7
c3517540
c2f930f9
5942f344
e99e8bb2
142867a6
56836f65
c8460d4f
1ae1d1fa
03304f1a
ae8fbcb1
22e296d1
231c5aff
ff39f8b5
3938bef7
9a04d739
7dc24e4f
f7fbfe27
d06f23a8
b6608565
7dfbf2c8
51f504fd
199203d4
ad95f123
1e96d6db
ef62d702
886e0a98
dd732910
4f0bcdd6
c770c76f
500dd03c
f6b6e211
c9bf623e
d6d7d39c
ec74eda6
cb4a0a25
c64b9068
499a3ecb
587a3a8c
cf78da34
28b08c78
2911468b
cd43d665
24bce5f2
6cc86ced
ea56aa72
fad55c27
5aaa4f1b
025a8add
fc5e4dc3
4b8d18e2
f54481ef
2e6373e5
29139598
90a8e666
779d029c
d234df25
a86a3991
be45ec83
a0fdd0b3
271b814e
806ee466
12ebe2ac
51f0dcad
6553fcc3
14f75be2
074a5bf6
89cca02e
756cfcd8
a49714e8
f93cf870
cdc880d5
136dc509
c47d955d
06f23287
eb8826b2
c9cad3a5
c3b52536
887786c3
5671ae84
32e74563
42fecc1a
f009bc54
d04f8553
aa4b4f28
ff1c2126
048fc11d
c3047b61
ed026f0a
37caec27
e1d3c3d3
1c03882b
0556b4f0
8e810318
fad0c93f
313c7be5
64c1f865
a961f67a
bb3df1c9
2c09352c
be2598b6
46ad46ca
d7a2fb27
4e5894bd
a183f562
8da93253
894cdb0e
0ca28a20
6edd91b5
fdffe1b3
70dff7ac
fe2d4614
6a3c4be5
4f21991c
390d02cb
cd7195fb
2a473aac
5e3c52f4
c7a663b1
4bcc9d72
744523e5
d9f83a26
ac748101
3264be13
53f26d46
3a8f7347
7bd9429f
fc271f66
7799a005
e8a50224
baad3359
7410343e
1771058d
d2b40cc7
38206930
455325b1
7c1f658b
767b24f9
ed2dc78d
18eb4c4b
a37fe8ae
82181be8
94c63a5e
6458055e
58c83850
6e051008
c6b277cc
faf97d1e
4d624773
04f68952
fbd9e961
d910a29a
54a3584b
61913833
9868fbe8
24da8879
9ce3bcf6
9b242d0b
bab8dbba
e65bc5aa
06239909
566fbbd0
6d6e4d4b
046efbb3
a0295717
6aeb7cdd
c5c7d4a5
e1c50192
5512e97a
1303cc52
f9e5e3c8
e953c2f1
c0821669
6b76b7f4
5d523eef
d8045c05
9f17e14f
577d5c0e
69862b80
97076035
27276289
88a3f231
0581f0e2
3fbb9047
30b67cef
bb55fae2
9dc95d3e
735b529f
e64c8ec9
7309f02a
927dd73e
d033d8e7
cf9bc2e3
983a1734
816de80f
c3a96799
3eab7319
87121803
f87e71ba
0feb78c3
6793abec
aef69c98
89997c66
0fb27f3e
9ded20ba
ec4d92d8
33d97834
ebe5a8f9
4ac02b2f
3078e205
5894782b
feabada6
b19fe6c4
a3bb0020
72139f15
af52114e
c21786a2
6de06481
5c258af4
8265b55d
5f31d582
ebd8db97
88396171
c1e75f2c
082aa81f
245fc3a4
7f53a110
4b1f7ac5
a57589b3
f7e3bdd7
47e02a44
b1654ffc
bbb3e1e8
45fba73a
3b1b39c3
22107c35
b279a8f3
a41b9487
8d898f0c
2f774082
d8212d74
0c13705c
a4b58c11
167b21ad
a0b0ad1c
7ef12fc9
fbf5889b
9f143bd4
78160b0b
d2fc2c7c
7b13c441
5d8c0b63
8e43ce57
3ba09a5b
acb178db
0b93513d
c412c7bc
9dee5188
e277e031
8a0a7fb5
287aa7b3
77aa032b
c260a0cd
827edc76
eca86486
159a118f
6a053565
5c40b35e
bf0c43fb
cf85211c
8f292dc8
cbfbf470
01faaf4b
622cc1c9
96dd0e3e
92c9205c
869cd36e
c68c1c5a
94672bf1
e0ba2512
60b44549
d70fa6e5
e360fa74
3a9ded40
2f6deff6
1f651b87
f4014a51
5e722484
61fe905c
94404545
e5d68ff8
26af688e
c87fe4ec
4ea98096
390cdac0
7f17e1d5
bc3c3c0d
b05c969f
c1622a32
38ed48ba
79ccc302
108b4f4a
ff27d08b
f52b872a
889e7b1b
e0223479
83f2d457
ce3f78da
cd2e3d6f
cf6ebc54
d4ac47a9
c23c56bd
46784d16
4e937b88
e768b20b
828e4cf2
d3f46017
49c31706
3bd207c9
fed96281
b253f521
81c5ee53
3a9d8afd
5ee7f42e
98e6dad4
40696bfc
e14790e3
e9820580
ed972682
a2c3648d
1611ac8c
43377d8e
18e13b9b
00c1900c
2438e60e
b9015587
3cf91c4e
be57b6f0
46d25a9f
83ca88cc
1bff4c0a
b0f1335b
f43c87c1
3250513d
6f1c49e1
8adf9ea9
9f727901
1e04fe6d
81f1d6a7
12797a12
e9babcdc
3166e1ac
d012e9b4
dcf7432b
380ec6dd
9b1ce809
a86707b1
0cfe2396
431aeac5
e038d29f
14c5f966
8673492a
c1f661a1
e643615d
8f6e3d79
f97fb751
3c119a6f
bc2cdd55
5f7d04cd
1e3adce7
55cb9990
326f4dad
92213bcb
12ff6f44
77933584
0ea95142
1c92091d
9443f444
7d860ee6
0f40ab3c
fd0b8a6e
a6da706a
d080f7ee
0f2b6f6d
e2aa6879
f4126735
816f116f
855b86c3
764491b1
7217eca7
5d18795f
627d492c
2e775cdf
7626d79d
38ad53a2
52d76879
00da3866
b3e00777
1bcb973a
2f26d86b
da941910
25a2dc3e
4a4562d4
787f0f9c
ad1a2d4b
31388c54
c91ae601
6551c431
b52792d3
d2841948
f8639858
03e51589
9005937c
c9c7dd46
0e0593a2
9456cd30
b875b847
631ece19
bfc2850c
1ea6576b
f3768414
431f5d80
355b0f02
7d886382
fbfc3899
e45b2afb
7a5f4aa3
c3417fe7
92dcc030
21f9d813
40360967
1a6928cb
99a0b51a
7681bead
e7df6690
89b45183
919e3801
cb3c012c
79eaafc0
4d884e4f
9c026a06
534167e0
784887f8
5d14de08
389c5823
4ab51a59
d44a69f5
6c90e970
ef993ca2
7ee196d4
c752f2f7
b13ce9d5
62f0a052
bd129d83
3ae4cb1f
2376b034
1e1c10d8
5180ce5d
2919405e
9aa85541
c53ac908
3dbdcfeb
f18187ed
4250740c
a84797e0
b5871391
71403b25
bc125ca4
16fd62a5
d7930964
29f31723
c965c691
ea85baab
4859d9ef
78954dce
f3f62a9c
fa94da8d
f46db1e7
a67fc79e
b25148b2
872bdedb
6e96f22a
8b1634dd
68a7d1ab
000bf30e
b8bcdbce
83d9599a
130a5931
3647b0bc
f42d89ea
04466e55
057f7af1
caca4845
40c523bf
ca31db12
3efcc147
dc288730
20ba7621
be593ce9
716d0921
ea08de69
3adace68
afe0fc2c
21aff617
a250be1b
31bc1360
580af4ab
0fa4f56b
43e1a648
6ca692ba
0caec363
25b165dc
2571ba5e
03679774
8bcda227
e3ebe420
58d7c0b4
aad240ea
3557a96f
30935182
2b296699
71a2c57a
8d32a5cd
5d05f2fc
ed7725e9
531907d1
f0c150ee
e4d44c88
6f128d28
01b06192
1d47e1c8
ff946a3e
dfe34695
b2320d04
018e76ec
b1866231
31ef5233
00bd3957
ea437cb6
b671b4ad
c08c3e58
95bf5082
df02bb47
ab29f6dd
b0ebd247
cf4cbddf
411ef903
4ce42f3a
fecfb1b3
299278cd
77b93afa
768c3672
c946201c
59dea86c
123c4ba8
3bf6f87c
cc17e3a1
060013a5
661afa18
6c3e35aa
dda334cf
86832bb0
ada4f047
539f6516
0960d457
6d91eb8a
fbd12b89
9a284ff4
735f370a
be360dff
dd52a60c
fd0c06cb
c6e77e01
f7935d0c
e6303ed3
2c1bd3ae
b6cb4504
5f69dc0d
53c6e403
557bdbf0
b1b9a137
fba6a04b
44a125f4
8b0e05c0
58f80234
4dcd5271
51ed2892
a19d93cf
5c2cedbc
de4ce0ba
048ce5c0
8ec76e1f
6eb75662
f45aeafc
17892f3f
0c1287c1
33fb2cce
a1f574a2
08e5cd76
f06e7875
55fda4ce
ba606766
673662d9
83b405a5
6a488301
e835dea7
a103849d
1ae087b0
5c0227f1
a7db3458
0c800a90
b057c44b
ff3628c0
08e5bf56
db541a6e
15abef1c
a6f0c558
e6616149
5581579b
67e752f1
21bc6681
7b33b558
a9c0472e
9e86cfd1
5419c17e
75baef0e
8b467981
0574ab45
b532fe99
83fec61c
280fd404
18196c3e
ae1a4ac3
3bc29b3d
b8ddd9a9
de53f83d
09c38fe2
167e7238
9c623b4c
97df3b80
cc3e69a9
f63f3419
98ad08a0
001da251
e78916f2
84560358
a666d8ff
27a86b36
77379ba8
e4199608
4c58a767
36e1a683
6e73b825
804346c6
197e6900
1a1f819a
9674c25b
62a0e312
0a76a9d2
3508314f
48b23fe1
bf968c4f
442aec5a
47131650
df53f903
4728019c
2ae45bfd
defcd6ce
daaf2043
59c67d62
5d85d520
0ccffef7
891d9389
021f26df
4d607e21
98ee8763
15efa37e
c39c2042
eee7b28c
7bc0a294
bbd349c0
4496be00
495e6fa2
4af32ea5
4fadb0e4
2405ea62
5e7ab79a
3d489a50
d2a1da87
c7d87eb3
6531ea48
bb36eaf2
f8004d93
1f8aa962
326f994a
cb141fc5
e0099776
c388619c
78361d87
986950ff
8f0d6406
9a6ca959
c39d59ea
9d2b9ab3
63834507
2d7896de
19eaa875
c0f22d77
ffe9e926
95166266
22d00c4e
87878d99
683e6687
3202e5a5
dc636348
5e60631c
e8cf4733
22870b50
d8d595db
f942cc56
bcd7dc2b
af8f93fe
4e7a0f9e
effd6071
5415cd79
826d8e93
7849feaa
1925601b
b2a9775d
969e6946
b2e07730
ca4056a5
f1d93bfd
d925dd72
f628b2d3
8e5ba1d0
26e7ccc5
7f6dcf5c
d5caca65
5ffe731a
3b943557
0addeb94
2dcefe5a
4a9b6171
79681de5
c76aa32e
e42eb1d1
2b7dfab4
db0806c6
79f34324
dbf9011e
6843a72a
c1f3d4b1
c51de65b
b3dd25aa
c7bc56ca
87c9d251
6da21e09
5fa9790b
f1a4293b
d9dc8cf9
f28f726f
8e3bfb7e
793e8f99
a034f681
a90648b4
ef90386b
1e617ecc
3acbf616
8d61cf53
b653f5ea
7112c61d
ab9c13d2
96a34516
0c00ee90
e2451cd4
ed95280d
1c760404
4fd080a3
c96cc710
d1216cf3
a8195eaa
1953d4f3
aa69027c
059a30f7
fd07cb2a
76fd35f4
accc44ff
0727982f
baa5c19c
64af5ae4
2bbb5113
8c90c455
0bec61ba
a2f128ae
c9ceea2e
ff2b9a0d
9799a8f7
1333839e
85c47060
84799494
11fdae13
2c6b9503
a60d8dde
3eb394e3
79087106
918039b1
754b9e65
300c378c
3fd88ad3
4e250c8c
896c5d06
24e40ab7
165e0f78
37ed9cf6
f8a45fd0
0e859f2a
8d7d5fa3
78524348
90a7eea7
f7ded4f4
c4cbeaa2
b980479f
69e51937
e7a1f6e3
5204d025
06095b5c
a260ab23
f3368090
64505f94
c965c436
8424d09d
8df63396
cf686eed
5f8cb185
69e5def8
4a6d592e
286ef594
f3b8b8bb
08d4557d
e587288f
13cbb1ec
063d416a
9eb6806c
1a7789ab
172c5189
04e8bad6
6c1b49ec
7e276fb9
4e810212
e993af16
9b313d94
0754e605
6453637f
e1a03d31
0a2dea5d
4d9decc2
81b128eb
94ea3254
4aef82eb
f22deef8
74f6189d
a6742e05
46a281fa
34df4a5d
1cec1945
38246607
1ed8d198
22f0fbef
3a07b52b
086d239a
94004529
4e9fec4e
33425acf
fc90e866
58d1c34f
cb479c37
3bae7fd2
187af4f6
cf0ed828
7ef684b8
9fafc012
731a6346
be9d4cfc
52f773a7
a04f8112
56f73fe6
d8b7700d
3da5b55b
ac4d8ee0
d0be9ac7
4a1345b5
e23f23ad
a4836466
ee2ed7a6
c600687d
3c68a85b
42f0fa56
5077074d
f79997a3
733fd048
d8445d1a
f99dfb3b
0d098b2a
f39d8732
6d89f1e4
c147b64e
b4d5b5d2
2b9b4a50
0735006f
c361de48
44719c9f
6be1ad41
25683e33
9f30f941
837afa7e
0994ecb3
6724fac6
cea6ec68
2e4e23bf
da5b605e
6aa73975
a655bff8
d9f8847a
6eb764da
9f4afd90
f9883956
92bd7195
b8332a80
e22ec8ed
2fad04f3
c6d3ff3e
d0a18d9e
04a1c0e5
62f72965
e90d40d0
76d8f1f5
9a6a4b9a
bb818a04
aa5a96b4
b4076aa3
3b72b3dd
4f6c943a
af885834
8fc91c69
7762acd7
19c967c2
24d40075
51ce44b0
10e3f044
4d856ab5
f334c016
d005406b
fb47d7e6
304ca9ac
9797a437
ed348f19
5d883579
ed81f7f7
c2178c16
4189d1cb
217a3e61
352fffde
6fe06032
fe6c686a
948875d7
dfd3c07f
3fca5519
e489481d
702489e9
7ad0dbc8
88d6f8eb
29339228
05471bcd
7ba8a242
287c8bc4
42431754
4edc1ce8
b7862beb
c48ccbec
a5f59a3d
3ada2de1
2e20cc0e
1791fd49
0c8fbe00
50bec85a
a5a6b5a7
2516b77d
8c62886c
50eeabc8
136e9062
2c6fd452
e72f92e3
da6eaee9
a1d87f4a
61f5e4b5
c46e70d2
fae0cf6e
06a5997b
8dd00ce5
a6811e99
780ace35
abe41d9f
3c896145
63470cb4
19e53f90
f4a1af4a
844d8e70
3faf93da
5a9ee23b
1f4a913d
7156da79
7b0f0619
6ac7dcf0
1445500e
0eb33100
b0e1706f
7af27042
e0935897
72dd7ff0
530720f8
0cee93a6
8670dd36
9d6b7d3f
9f9b5e69
8ea4f672
9dd4ea46
eeb45ad6
75db3ac8
00d75e95
2cfa93f2
089347a2
dcb09f26
b05dcb3f
8585f039
bcd27f76
347fded5
bdce7f98
b5dfccd4
caffc106
6b2292c7
8441c2e4
9b2c10b7
e17a06c9
6d88e4ed
4f4d5908
c0d97e1d
76f4c59a
13f77032
c37e8d76
63ed47b7
fa6c1070
47cf2883
aca677e6
53bb804d
46f6bb99
34e8defa
3349bb26
c8a382f8
ef45b9d2
5cea6095
86843689
d6f37b78
725d02e2
f7374cae
b8fbb1b8
3f4b402e
12d891f0
6d7e0e08
61a43733
ccb9ade3
7f0a877e
1f1dcfec
2b344b68
db85f4ba
0d93abbd
9350b217
a9ba3568
2cf23bfd
8d7ad150
0a503b05
704e06fc
37e7db7a
22ee2806
fb341faf
1e5e530d
47a9314a
9e3c3efe
33b1f38d
cfb301bf
0f8de115
0cefeded
8a5a5312
1c37a6ed
aa7c810a
4361f26b
f907a36e
9bd8a860
e28dd7a5
4b3738e1
2f30acc9
571094e5
85dadfc6
2474212d
4733af8d
7f5d9a92
88c66b8d
078b6705
b5ea08f4
7ea2eb0d
6931f953
be42dd6a
09f63ec1
fe8a6772
1a164c28
e55ca401
0aff9ee0
f9aa7f89
8e107ad5
4b939608
fcda675c
9edb950f
0927b250
ebb24095
0d7b2823
1e92b807
3d38009c
f2765f4b
f840135c
cc1abd44
ce4959b4
4d947d73
13b1650c
8134db83
47d780d0
565a3ccc
0de3bc74
0059225e
4482fa0e
8639ab03
0843e065
1acbbb8f
4ba72fd4
f8f8e6f9
6e66f423
5686184a
d3298010
40eb8077
dd7d9624
4c109dc1
87906e51
5cf956f3
8d9b47f4
ff6ed2d5
bb5d384e
e849ff1d
b3e323c3
ee8091bd
479e1ac6
cdb3b40c
bae7d1a8
20c9606e
71de70d2
4371d866
0e7f38c2
45760390
e93073a8
8f8dde71
7c0c6ae7
523afba5
f5f79e60
37ce08c9
98d9fbdb
4b9d2254
4aabc8de
cf4c3fc3
a8099f5e
4447e413
28b7962f
5ae63b5a
04017f60
0495cbf2
1164c068
4d58d3e5
6271cc6e
e09fca08
9273b9a4
cc31b741
e97981f6
9d9256e2
7872619b
eae8be7c
0a4af9f7
32df4fff
4d4465e5
d4daff27
c7db93b1
77beadff
639a8add
0cc074c0
26f89602
cdc37897
f877e26d
b8f71c95
9e8246e2
9e89e8c8
68f18ffb
ecb25927
b785fffe
c66ccba6
18916e0c
3d702726
6680129b
c05325eb
326487be
5d50e910
8cd6ab7c
1206b274
c9a54344
7be55ffb
b22d352c
aa4bf980
b389dc3a
2b1cee39
8ad7229f
31a0edb6
31d70b3b
36b04517
084395bf
22af2538
49d49f35
627add62
bfa4c394
831f3ad6
ed69cde5
726f198c
55cf922b
f161833a
f7f2394d
cb63a6f9
e8377001
71f3e91b
7962568e
579b60d6
57d1b3df
fda37c38
fa88be3a
cadb29ca
4dac4c74
578cea1c
648e70ad
b9e5bfa2
6339ac7d
cadfbfe9
15f4f657
f319c2b3
4e37b99b
972d5a9f
68ad8491
9097d8fb
c2b45603
52a777fc
9d1f3845
aac87869
aaf65a63
a9e61d29
1e7f27d6
6884103f
c692bed8
a3468c29
0de91c48
25ec7343
50f9ecce
16e0b8d2
71faf30c
e2a725d6
d72c9857
30b7a39a
97b5f530
1a63caf9
b19f11f7
c8142d34
7995dc69
3767e25f
5cfebcd7
69d28071
2c5f822b
1f8f41b8
2acfcbd1
d50c15ad
e4c6f169
a7f5c6da
725a2d1a
cdb879f3
652b9978
09a1f62a
5c4ff09e
11ef7722
8ee60bb6
43d3a7d8
b85b4fce
c028b5f8
d17eefe9
6e64cbea
e46034d5
a0e6b4f9
96b17f62
53c94aba
2d82aae6
453d85b5
be739295
6629d045
cce3632d
da2cbfca
388279e5
6da8a0de
85467125
37982498
142c2880
4c594e82
4c25b2b3
9f41a15b
af27a683
39ccb28b
893aa649
7fd6b815
a7276301
c603eac9
0fe17970
dea7c896
d31c8a35
ee211187
d00d3bfc
47069d81
df977d23
3294ebc6
e5dc438b
e3120ec5
28fb6395
b868e160
7cbed779
9301bd36
0037c3b2
93ac1c12
c280101b
838dc36c
03f2bb19
1b81a3a0
0b1be4c9
4612a375
326ceeb7
cfdd7b19
115fd79e
bf4744db
68b877d8
87ccb9a1
2113b080
974559dd
c9c7d4b2
f257f674
c7f1d463
a63dd50a
c7792a49
2bc48d05
54863c7b
6cc93f74
ed46c16d
1efc8a16
27f9be20
e941318b
43cc788e
5964849e
0025ef53
172e941a
1e07d8f9
877745fd
d8d731d7
4e148aa9
c026b08a
69cb8626
58f3c440
1c32b2a2
605b30df
6de1e33a
06ef7da8
1605b5a7
a7c7fa3a
a0b4592c
acf6992c
e5257df6
7095bc0a
a0714b7c
43bf8937
b2d676cc
a277f3fc
9a990eed
5dafd8e7
2dbf1b29
1541b1bb
2d6b1fb3
373b1999
ba2beb0f
8454c7c2
c604955f
01ed86f1
b4f2c320
dbe331d5
8c4f85cf
35c470fa
461b467b
416285ea
016bcc24
be2e5d49
4eb22ae1
831f0e95
f122ce13
8b2271d9
3f9b5240
f2ba2f99
88ddea78
77cf45dd
c573c24e
0d6bfbf9
e63fb798
6f695eb9
6bdf4dc1
e692b0a8
7d395115
35ab05dd
3c7b5ce6
64284ef1
5ae5cbe8
01c8a46d
999cf126
e02a8ad2
26ae748d
19f5a7c6
a7b72ab3
3edf204b
cef40897
8338192b
767e1719
54343fb7
9f8b9b77
7320604b
b556bb22
ee29c720
be3e1336
d4989b8c
caf8235a
d509a3c0
be88ddca
01396bd6
5be2b585
5a22bb3c
61b0b60b
b8f1ec6a
3a85da10
67ce5edf
0990b2d1
0ddb7e2a
a02fd8c1
5c6eb141
76e6cd7e
337ad0f9
c4f72206
aaf9f08c
d7ea80f9
35da57ef
c41dbcc3
29f42982
41debed0
05619287
a0a4b7bb
334e3dec
8780a6f9
06747863
729bfa44
586283c1
63bc5e62
1ab19c05
2cb841fe
42d4986d
a7992432
293f98d6
f516feed
fc55c03e
328e5875
7473cfb3
49b9a402
999567a0
53d2cdfb
497b1f1d
66bc99f6
a579eb26
8430bb9b
ece9161f
b4ef3634
1bc29aa9
62ae0532
8130eb23
46eafe40
e0a3448f
9e6a6a0e
e247a974
0b9f3c35
e9807ac6
f079b646
60dcbf51
0dbb8e17
08bf5bf1
47f48c88
a127b483
e269d15e
fa30b5c0
3d86bb03
0f3b2071
4cc1b2d3
eb8f2511
b1f420d3
bc60c18c
0f8c5cdd
b55999b3
efbe50f8
21f02ebb
1e577085
4bea4a0d
8195a0e4
f31553ce
c48e157d
73c36074
9773b268
cf5bd6de
c3105c78
b2ed33e2
568bb62a
ac1091bf
9b95fdb4
5b165685
dd02439b
c05308b1
215505fb
b6295140
89a9b1fa
939d261e
a808db4b
10d2b764
b89506dc
f36120dd
0e7cc109
9738b3c0
1699128d
98665ff1
864c06ab
5ffa07e6
a6244a5c
0b156460
604af77d
c9d57b9e
b5da9636
6e401448
2ab04b1c
f198552b
5cfba01d
d2d38256
aa384de5
97609e5f
14339933
4dce6f9e
588cfda7
d7f87a7a
bbe8d7f5
5698eae6
dd0a0096
d38b35ed
b1b21a55
c10e0cc1
f669e8f4
57171d33
ce481370
acfe9597
daaca4a9
5b50d19c
53d6d3b0
40cc4652
b5b34ced
59f6f066
c29a4fd9
9441e67a
f8a07de4
b7444e10
91930632
67d7f726
68333936
84e31839
ef2e4acc
f3a1e114
2fc507ce
e058e0c3
c8c09a4e
7075dff5
6e6d6941
3b05583a
a132335a
772a4140
d94fa8c4
c4ffc4f7
ba090dbd
882443f0
52a14589
f4bf447d
5db0209c
80d1527d
3ca3bc30
dace3275
c670abd1
5f86c84e
2baa2734
4231e61e
9c05dab3
5d1cc241
9315a49e
004a0732
26587409
cd1bb6c0
835f4dd4
1d04be25
d2b987d3
1aca180a
a21a6199
4d8919f5
10eeaf99
4eeaa173
b1dd5963
92bfce2d
ebc33a50
0b053abf
f6576f55
1070cef1
2f2a7ecf
f507e773
0657dee6
ca91fe73
64b67bcd
754a9a1d
b757c3d3
eff16172
13203a78
150a5e53
96dd2612
c83830d3
feff2219
7c3a53f0
1f568f29
e0f3a4d1
b53a2ba4
f53d3534
f6a9c19d
50c4ebe8
aed0aa39
083f7d4e
b06faad0
14738a27
a9412791
991fc568
03b8311c
ae2f9253
137722ae
6b33d7c5
57ba03ab
2e0933a9
12afb89b
ff7c4161
85b9f8d9
a4da3ffc
00d745b4
cf3404e1
6e6b72ac
5c2b7ed0
5cbb2227
5df72d8b
e7d07621
8511d818
e2588819
2a7e6147
61f5f31b
961247af
6742abb1
ab632468
ae44b712
debabe23
10e6aa95
20682024
8c7caa84
7e9f6d5c
e02edbfe
89ce3eef
8eb6ec93
05e573b4
ca8ae734
10c10fec
bd266305
ee417897
647fd566
c7f18b87
24da9895
3b263f2e
9f8e9979
adfddb70
9a852c22
1e9d93e9
3a2e58d0
e2af2bd7
d1df9431
82933962
a89817b9
e8e4846f
1bd84585
33653214
b2125d43
a1f825a1
40ef298b
9e171720
99981f03
820d082c
2dab53dd
7d999a38
4f8b4b70
ade1cdef
87f313a8
a600541b
2b735a39
6f777145
a6d90b4d
98afcc32
b83b419b
ddfe4a71
fadcc631
e862afb7
06f111f5
ddd4198d
ae2a6660
7291f6ca
95caa6b6
b4348145
31195eeb
ac42b5e6
f7168f90
ccf68651
bc2c670e
b6cd842c
1b4115b8
421ecc41
2b9240c7
744e457d
1d92079c
6f0a8d74
bac45a20
5eb87fce
7d1aae60
f95ddf8b
4cc42043
ca462f26
84f6582e
b0a05bef
89661472
a65e3c5f
18880ed7
6bfdb89d
ab51e673
ed757e96
e8ab64a2
9642a870
e640c7df
b4978bc2
a76b3e85
10f0e4ff
0443887d
14d19c05
ffe6940f
c0217dc8
1edc41c6
3cbf689d
c88c9c46
359cf3b7
f8a99530
bbe2e916
1a125260
ec47711f
38f2ad5b
6bae4152
e3954f12
e896c366
b98d0f6c
d7f916c9
25136b8f
c120bcc2
01a12377
5b8d7ee6
1749b085
a668ba00
3a31e8fa
2cd73e9c
1809372b
aa3db110
dfc92657
510a5951
9ba07b8f
d12da3a7
f066172d
73a69b22
6964a4e9
4a49179f
801d2820
db91289b
8bbf85c5
d7ba2136
57dc22fd
ffc8011c
af0dbbc3
004574e3
4ef16bfb
a56f38a2
42c9596e
e37d1a2a
9c99288c
ef2af69d
ee5ab1f9
0b3a5702
d061976c
33346a84
4de2b9e8
14e17a20
c101dbfb
9ad0b290
ab302d8c
7573158d
624d5741
ce968697
be866984
90e4156e
2e25fa5b
fd2ac3d1
9037cf2d
5236dbd2
de123def
ccbf89c4
625cb684
2f055a46
b32d5041
a1a8c0d4
7247efc4
5693e6f1
f220b827
22d78c44
bcf7b1e5
d899a8f3
e23b30d3
83ade930
7c6205d6
96982eae
6178f623
89a8192f
03f9b8ed
77856b38
627203a3
6a58eaa9
430fe37d
39918078
71370b6a
dd5afcd3
f0190e35
afd946f5
da3ff06a
08443bc6
99f7a505
d796d679
7df50b0c
f18b5ba2
49723767
0a9b9b1c
bfaf885f
c476c912
7217fa89
585f215c
987293c5
7916d9ab
af2f7798
991be61c
750b00a7
00b62a5a
83b53735
4deaff9a
c5a0b2bf
cac94e65
3423fb5c
1f44488c
a99d17ac
46edb7ec
46d75ef5
5e802a72
c16fa363
29a98413
2dd07109
38a2c3f3
c7fa5343
6f388b0f
278606f9
66d344e2
55012b54
2766ef17
646c448d
eb30164d
2c43243a
5af4942e
b91c2a98
850b9370
0148b395
58fae152
c376dd7c
9075fe15
0ed878df
d70a4e12
20a04553
458e41d5
4d6c2cc3
ed470125
20d64f88
fd57c956
3d651190
42c055c8
472a0cf3
15406166
956d97aa
64afba43
2979936c
8b6b83cb
65ef0194
8e8b2481
bec40731
52bf25ac
54293e40
b3e25df6
4fca613c
04abba65
ddf8f359
92643787
61953712
136c1947
390a927c
6dfec2ea
4f145977
cfff3f78
0a56523c
996c5347
234daaeb
cde9edd6
95edbbd3
15c777f7
ee7e2b10
9401c963
81bdd288
d4d014cf
bd2090d9
78505269
2cd25213
262e99b1
e1ec62ff
154642de
2d023f02
cff43a7a
0e92c75c
e154608e
d890a329
459381fd
eb8f9dc9
b9fbdc7c
eac2ab6c
a56b1c82
12f93de2
f5a29a76
f83965f3
ca5c24e5
f754cf55
d0c8276d
fac06726
41d860b7
3b2e80fb
018a36b5
a265d55c
58d8e567
4e5838fe
b6280e3a
0c9f63ff
96270a6e
e7db1ef5
63de468f
3778b2e9
6260784d
b5fb8140
4c87771a
77b26362
08cc3f99
43d11858
5f7e6b00
caa79099
d141b77d
de4c4098
ea28987b
896e6bc4
06d113e6
b296aad4
08ca0a24
a4c8ee30
57e1428d
296590df
4b6d9480
4397647b
38c3a8f4
92c67c7b
859a9d2b
fa531c98
65777794
e9ecc78c
43e01680
5b14474a
2a1a4e31
588d7cf3
0a9b4e27
4ef7f717
4932bf8c
aeaa2ec1
386e0f48
eb9d6e2d
51af3900
8b757df9
80f1cd32
5292fcb1
f8459a56
f06672b4
0e0c54e2
0986d2fb
21b5a87f
ea00d904
5a934be2
c4dd64cc
98d19596
a4dec8ff
9a02c803
e49d230f
c30f5d18
2cac4b66
b7e22056
2ad1ec74
8265811c
6da19eaf
21ab3998
6a474289
0c67ca71
eadda535
ae785e9c
0e84a271
f016c658
af634f7a
1ab74fd4
4571f320
d1384117
ed13d236
ef4987fe
abc8a0a4
67719b06
03650b92
6d0af306
e8311606
58ae8d81
4e096c63
9aebaef2
c5f37a25
08217d0d
63b10244
8971e8d2
34c5f79a
89c021eb
4435631f
394e071f
0e98e264
6dbfefbe
0c326459
c7df414f
fbbafa40
3208da3a
41cfd9d4
2ce5e2e7
ba6bb2e8
de0c7090
c32392b2
f7036e0d
a1d09685
223cb18a
969cd030
2278850d
3b20a227
27b9b2f9
c47377b9
c9e2ad4d
3dcb7140
1cb03ee9
2a52b21a
021ebc3f
2d3b2b28
3a583b50
423a1bb9
1fff873d
13f9b98c
44c1c61a
aa196485
c97cc757
fc2ffb06
9aa3ed8e
343b806a
ac5f5c54
bfb867ea
60c181cb
4502cd01
7a165424
637fd6cd
890a3c57
bd63c70c
6d415d3d
36edb6d3
0f7c32ba
4a68ac45
26bf7c42
8d2dfe22
c8973913
7de2f538
ba233461
8964b455
571ef941
13b6eafc
c5aa79ff
940c85f1
dcb6cdb6
2d68ba80
90eeeca2
439430f5
95e9e5f6
26248fdd
c2056fbe
72a28746
458273d0
03f5f2a6
319ca819
70ebe456
791f3906
2d8ffc30
c85e9a85
f6403206
1c7aa431
fa485bab
69f183d7
99d510ee
148de021
33f43602
f254152d
373c6a43
abe94689
a89b08a4
b98f273b
7c1276ad
ca2c69d4
126fc9a2
664756fb
42c2bbfc
74b73642
e7152a40
b12d7c5e
48af3a14
c97a0b07
65116fdf
01228705
100a19f7
9477786d
cf2bb99d
0745ee98
f2ebaba8
4cf043a5
ec1f36f1
f1b13c77
dad1271a
41facbb6
8da711e2
1c5c7dd7
9bc5d93e
8db49861
06566053
d861e559
bdd62c71
b3b2ea70
4207873d
5895ee48
c80b1162
3240c6f5
f02a5a8a
69193fb3
7914716c
70986471
fad6325b
f591e27d
5a406cc4
4f5a2705
a3ba5d89
071c62c3
75a9953a
15cc67be
165330dd
b65c5933
80deef51
fe72d590
7428cecd
cd556b09
4cf1c797
24ad9314
3dbe04ff
270ddbda
8ead7f69
eb866ef9
0b38096e
86bcc0b0
99323f79
c98e5414
70f6a670
1e4565f5
0f77936a
ad292e93
5dad4c8c
d59a8506
9e314fba
bd5c549e
c886a2f7
1d1c57b1
dc72111f
c1eed5f2
942cc84f
3137c668
aee63bb1
4902d053
fa495f26
94adc736
d809e1bc
06c116fa
5fc90718
d360737b
78c2b228
dc05f1dd
f18d8376
89622e92
59a0ab52
2fb187bf
08dba212
eb58aea8
7891fac9
c7aea1b9
8cb5c469
91bae0e1
5363ed10
a43b9f8b
1ceb5aeb
92ee95a8
da795ddf
7f69af4e
7e00c858
767acf0f
e265ad46
05d914e1
1adcccf5
821787a3
f34cb34d
3804a384
e4a1331c
f8b66129
1af62a20
6f2e5670
fd2b6652
7ca0c95b
26bba21f
0913bd03
44293099
35be594c
4b9daa7a
b3c7adb4
bdec64e5
678a80af
571c11ac
88bc642a
563c68c7
b08f0b4a
58ba99e5
db945c70
a9cb10e9
e75898c5
c274337d
12e39daa
56d86a6c
a3be7a31
81fe8e9c
7a5b9323
002654af
07a87bb3
a37fc702
6a498d21
aa9ee7bf
8e3c656b
16a13248
aa03a019
13ae055c
c1c4d7d8
7b39da16
f0187623
047f441f
4b17ccd3
6ccb3251
0257131b
9ae5fa2d
db10a087
68e7774a
09a2c5f1
2b726ea0
e1cd878d
92bd83c4
5f28c555
38874652
5d7e18c8
a976516e
2b8e06bc
0b4e2be3
1f2dc64d
d77d8b6e
79fdb7fd
ade79fd6
5b933ff9
d2e63de4
1a04c157
68cf787b
f3a18b92
26e86c11
6d37aa2b
faa61a33
e0f5ff71
9e85eae6
335c999d
8a675c80
6a1fcd81
11599021
46278462
abc5b498
71cda53d
1bbd28a6
360406c0
d8033f53
19f833a3
cd496a8e
d88c3f6b
992a3340
19279b29
478f03e1
51c9a731
6af35742
2fe10777
d14597dc
b35b4d9b
ef476dd6
6bf94141
805fc31c
1df3e0a8
be3f091b
c6debf2a
91c30657
7dbaa583
fc84bb48
876aee78
7a8098d5
319c6f48
d211ac45
cb41c0b8
fc038014
97c6a6f6
9b68d724
47007afc
6a84b08d
d9a2a4ef
b9a7ab67
48e7d1aa
f3be87e0
a557c890
eb4bd121
6a875882
bf2634ab
d5fd3376
0b89736b
6c1801c5
d3298b0c
14b1ee37
26e5b9e4
ab3824f5
925b43e9
f790c9a0
199179f5
d2bc26de
2ce0b6ac
49ff1661
1d4d53d8
891fa75c
55d4f89d
e35ce9e9
2078a80f
627597fa
bdfa77d0
f1be5da2
7c0538c3
eb38dbf7
ec6309e0
5e756f69
04bdb790
077b939e
96dde0ed
a3e5ef5e
666d76fa
9fec6ae8
cdefcd2b
4bf175fe
fc65e8c6
00e142b3
e977963f
c1c17907
68e87006
d9d45c2f
4d9f984e
b32aeead
63528241
a0d389f6
4ec383ae
682ab0dd
4498c667
612245b6
8953a989
1f33d59f
6a3dd902
d917aaef
efbdf848
b47fa9bb
a81e538a
6e2d99ce
c2df46a6
c87871ee
26c94707
57e3468f
fa73c172
3b54710e
286a648d
e67d93ea
20eec7eb
99807b92
b87bd4e2
0e464eae
5b3731d2
17dc2fd7
f1674e57
2cfec324
0fb3b356
513c2178
0357c548
f9fe0724
6b922ad0
e8323734
13dd3c15
2894713b
4a79fe5a
57b8dcb5
aea665e3
971ef991
07343aec
8b29abe0
7b37b812
8a1ca314
d36618db
04861635
aa586ca4
6f04406b
2e1ccf59
7c02e739
afbde104
e04931fa
eb230a6f
886a5af4
b1ffaaf9
02ff959b
c447908b
eff0b3be
29381ce4
13011afe
916a2ab6
2664b38f
287b35e3
3ef9d740
fe2c1dcf
64c095c8
c6acf400
055f73f0
376742cf
ed689e87
8e4c653e
5d59b8af
8e1d2605
c70d8ad0
7da9eb45
879f59c1
0c646653
5ca393f4
15f582b8
82283a71
81d765f5
8ce6b08b
895bab3c
5d984d9a
b53dee0d
9b376fee
0c7a819b
49cd7d58
41223cbf
5838cca0
3475a08e
c0589ffb
506d1b4a
4f5270b4
8df6d49a
76bf766b
c81d765e
6460a1c4
613abd84
d71b29af
457e9655
fb27c482
6585e0e5
0d4050ec
8684fb6c
9fecc79f
a2eb0c65
2a3f7980
ad71ca5b
cfab45b5
0ec88285
4f065a44
2763546c
70ad2959
4812dbec
d8ea6a57
b1608cf6
61568844
0824a7d0
e81fad51
1cbce023
d8f5b760
27e0a8ab
9403c6bc
55aede6f
4b905b5c
49c5fd8e
515a46b7
624fc121
58733bb7
25db5436
5fd703bb
f2379df0
fe25dc6e
fa86eff1
f8a6c04d
4373fa4a
e80d9ba7
20862c98
aa63a3e2
b5f310bf
b3300eb8
02615b23
6a1f184f
2969900e
03d88d3e
196f2b9f
0f130f54
82c0aa18
d719eeb5
d9f0c2d9
70d6a3c0
043006f7
bbd94028
12fc2d3e
35e8485b
49769ca2
402d3a64
10c00ff1
8e8f4566
2619e2c3
e0616ef8
c4c24185
5dc672d4
476a0266
92a89231
2d3dc427
79133b0b
b60a364b
0df91c3e
50950b1f
19524000
68f92769
8ceaeb5d
fce25518
5b2bbe79
30b6a468
94289482
0fe7c79c
ac502e95
b40e23e2
97a5673e
650ac7e1
df6d8e08
4da8ffe7
29b6d22c
20462807
fdf33778
b2e73fd8
4b9e18f1
64ae9e94
4ada506a
d92ab75e
107347c0
c7bb1605
93322e58
01631213
07eda003
cbb044bc
1dd0726e
26eeef68
3e7072ff
87f26954
09b75b10
edb6bf4f
489be1f2
0dcfa00c
7e388664
ab63c470
2ea8e19a
a4c5a4e4
6fb0dfcf
f32c8da5
a0f6eb35
ac5891f1
71eb1721
e4a264df
d967fba2
74a0b486
d6c354eb
1924e3af
0d4c3ff0
8c01be68
1311e000
782f9a3c
956f7667
1e596e90
dc90a673
988ee278
0855e11f
13ccedcb
30be8c5e
61269802
9cee625c
319241ba
9fd88dfa
1b8c55ab
118b3ad8
d31607d8
01e6dade
ff23d0dd
b0c21738
adaf8a28
51449aca
4910301f
ba990862
5aac7d79
eae06ae1
b2533480
3f59660d
0a78f4bd
048901e5
0167b1c1
bcec0486
dc353bd1
045dde2b
46057a6f
f257e3cd
4154bb49
4643b498
2707abfd
35ca4877
4966ee2f
4fc9dda3
0acba650
6bf09edf
7e510a66
a4963931
ac5bcb7f
d0abd18e
4f58c0c9
9472a073
1275f078
17b39ac3
cf8e7779
9cbaed1d
946fadfd
35022e5f
a027cdd2
926f60ca
9aa2a437
7165ede9
b545aeb8
c94a8fa8
36f881d1
83cc7cde
878cd148
adff078e
731378f4
734e704f
64ccb638
b243501a
ffeb767a
10f54a71
9f9c71fa
97ed626d
bdfa653b
ce3ddbc0
811c1a81
808067e6
c6c75d50
b1b81f58
369ef1a1
6d6cc84c
84a708ee
f84ecb23
61f3131f
8c2ac93f
c48b0b8c
7de91dd5
d271588d
ca4f3046
c518986e
cb0b9bf8
1ef01eee
1641e61e
547608ca
eed7d6ba
a2f3346e
11a6bede
b963da9b
3f040730
f97827e8
f5b1873f
9c9f1919
aad4af8e
d8939aa1
8edcc26a
30dec953
36367b65
48bb5683
1f89df3b
3ed6d0c2
3e1830d1
0832b766
38d45182
5703560a
b3efef31
ddda71e9
c6f55a4e
53c7d4d7
55b30cda
32ac1474
231268f7
d9a7d370
72000c8b
0b410be5
af55f2d2
07116076
d831ae47
5d6d6867
8a8143f1
9f92632d
0662f367
9d56139e
50d16b4b
68a55d32
6530d097
51d646c8
0716560c
7f256bc7
ee00bb34
4f13ab3d
06b4c155
50c75d89
d1c2cd4e
2a5f397c
a407c0f1
27ee4476
ecd9ac2e
9417cf5c
87d2be86
992d10f3
adf887cc
11f4f4a7
b85a6302
9154c79f
0629dcf7
a704f9be
d61f02be
a3bba228
ec44ca97
ecf47e6c
571a2b89
31d6c90e
98186e27
0a9c7f77
8dc19b95
caf3a040
31786704
68773fe8
663efe13
e376d02f
c57a050f
7c1f9cab
9e20e7b0
735670d1
340c9602
53704aa7
2b5caa89
c4de11aa
40eaec33
bfdd8185
6f1b0703
02e2532e
d2ea0dd3
20cdabc4
7d9170d8
3648caa3
bba212c4
2b1f0a19
bf3be01d
8dd5522e
a235e366
759f0d3d
79304639
6f2a05ac
e0dd206e
65d26bdb
5f982c98
9055c9f2
d51bec72
d53d2a8e
c8bf776f
5f59e390
af489210
150bcd19
02be4ab2
65d6961b
16ce4332
056126a5
cc7204fc
96552fb2
9aecb426
589c85d1
0d20ace9
616c8045
7e8bf35b
220fb76d
ebf7af20
0b50d4e2
2e52084c
f299a7f7
44cb3bcb
316e1747
eb110116
4a5fdfa2
09f7f489
b3e75f73
0bfb5990
616839a2
b6069e14
c61ae00d
7b17a2a7
943231dc
14e0a26f
b05fd84f
bc5df92d
b76e422e
338d3f48
1cce7a34
a984b448
7288f3d6
578e752c
78b19c6f
7a60c85e
47ea582b
43757ec7
5ba39e7b
ebd7efab
7fa00309
7e061164
1c17ca38
b2b121db
a6ff25af
152262d2
75295573
1dc172b6
9a81b0c7
7a4c593e
1d10b4fa
025c55fb
a2c7e74e
6a5e59fa
67338db5
194afea7
58136c56
434badb7
d2613275
ca3c8f74
1f18aa27
59161933
24701318
416645c0
17601d38
3129941b
1efc79b4
d75ff600
c07f17f7
a98ae72d
d77ec55e
3c423586
2c34f592
39edc1c2
a399aade
917a9874
fabbade0
1b889df8
9677081c
6f441f98
89fddf06
74cdbcbb
032506db
4eb79134
3e89a80c
802ef657
17057cd7
5194ec14
f861284a
5fbb29f8
923ab66f
1095ae64
3d659c2c
0304bbd7
a30e85e0
484333ba
f19f2523
c31c558e
9e997b7d
712b4af7
a0c0b2c7
4dcdcdf1
46c2b4da
6a024886
0cd80491
6f8a1102
b2a389c1
2272a38d
3b756db4
7dcf8c6b
5651c3fc
2871cb77
c3b9f4e1
e022a985
2642ce90
f9160f3b
7e4f6830
c8ee8213
de8c5dfc
31558568
fa29d891
e6872cd4
e9f39491
10c89804
98dcf7a3
d421b43c
3b40d1f2
b7315a22
e82167a3
24a83f97
f8267483
8808df76
7180ef5a
12042d31
66bf6a56
741a6c24
a3962d42
6c308843
87fb0f28
da12f255
ab5d123a
3d233901
fa55c8f4
bc67875f
bbdecf59
0ab2d236
de2683ca
923d506e
c6093b48
6b7ae73a
47457f3d
f2c86456
6e320d2f
ff634e63
f4272251
e371bff8
4b407d2e
9ab73b76
67c4135b
4dfac176
2f1efbf9
2c602c07
1250b3c4
9759d687
adbe167b
3bc4d017
272ba423
efb23afc
1b4512b8
63fcc129
93172ad4
347ccd89
037184eb
cc4007f5
02be9791
b0985d7b
45edfb5c
0c6d1a36
0cde142c
d42af0b1
336b11af
24eb3287
547749da
7bd81170
9e615b83
b5ec2e60
f24ecd09
ccc3044a
62921f6f
a181bba8
e2a7e0b4
186ce7ea
68d317e2
bc566ef7
c9ad9729
377962b4
9530ce9b
bbf79cc7
83b560f5
64a71521
1baddc8c
e90b3704
c24549a7
35f0d8c7
239427f4
e0b000e0
6f98ef48
f3a8e8aa
3b467280
f4942fa0
01d0a791
8997cf24
98f74f3e
75f4866f
b8944d38
237ece5b
cb899fda
321e2784
e9815cac
b8cc4005
bc2ef3a0
c421a0af
123e05dc
b57d4472
d02d3936
7284f194
db0c8407
fbdbaff0
b6d2a608
339fbcb7
69b71b97
09792d29
5a8c3977
c700db75
f7ed57ba
269d3d5f
29070c1e
9fb31842
ff954caa
31a5e789
b8170a31
40a06763
4c1d00a0
626ede6d
423d447c
f9e798ac
b53f5870
5c97ec0b
2c7ccf37
fe1f10bf
bb79f74d
0f292784
f7028fc8
b93ab3a5
6423fe5c
374caf30
2d5d5a83
c74281b4
ba59263b
dc2ebfe3
6b3adf95
36b720e9
a5f2eaa8
df8a1cbd
a9719599
5cfd2c87
35d38e47
3078eee0
a7a1a753
fed329bb
cf2de2e4
6987433b
3a0bc47d
b7bff326
a8416eca
7998a690
9aa87c49
5c104e38
4bc7a097
946d7d66
836266cc
8f6159ac
1a6d985a
a35b5f17
2a34056d
852b5b99
041bfe41
4ab37cf5
20b0b6d5
b2ce417d
7af65fd5
30b5c15f
7ef7fee2
e9e7749f
d00464f0
6f1d1b18
22d196d0
9a286ffd
cfbcd7e4
adedf3d1
1243e7f5
18f364ae
c668f9be
b1ca9907
25b97baa
e549a9dc
ab71e0a6
bb40be93
df6c3ca7
9758a2ad
7c96ec36
e1518a03
637fc1cd
73294a02
aa018cfb
48818413
16614086
0e8961ca
b486eac1
6d69ec60
52c5f9c6
6addf580
fd93de20
5350849d
2628223e
cf670e50
d3064858
837d42a3
cedb7db5
9289ea65
26c817fc
0b7410e3
5e3dcb3d
3fe8aaa3
e40a556f
59dfb55a
3277690b
54236b08
bc8d8c3e
98059dcb
e03876cb
90d546c0
46bf5cb3
764e0b53
ff2a122f
0bf68ffe
ece41cac
99053c29
83912d73
b4dd6653
84dfff57
92c6e9a8
0b62f02b
f35b32e9
6e83a3e7
b1a7154b
f04d81d4
1ba3640e
5988baed
87ed51f1
8eaf465d
34e3343b
d7c6e1ae
73124aad
c460b568
2e28baa1
1dba1eea
3f0ec6f7
fe025ad9
75012fbb
3456d881
4d2ece22
1bd1a47e
20e0990b
8ca7c9a0
b69582ec
425b1cfa
fa9614d8
35bcc09c
27737202
7f1e3ceb
48ada3ed
130a2cba
23380ee4
73686b87
fb5f97a2
a05dd8ae
8be8c7bf
277ebcc3
0037a54f
6ac7229f
583b58b8
19be3a5d
8813d8cd
95615323
57ed0dca
1189545d
f974b20b
db90dee3
61e1e3cb
77d2459f
5ac8ec34
bf301820
9f6085a8
f255b50e
bef0998e
b21639b2
f1554c16
85191526
be9eef43
188a9523
5b8b065b
f2274055
8b2ae2df
f4054208
11ff2014
7807ef48
1cdf7725
ffa203e4
b836ef98
563c4c29
6d6e3406
5932f074
28ce12da
9b91026e
4d3f5e8d
eb7dda9c
30ec44cd
757d19e3
af14b6b1
d5a113f2
39103b9a
125f3a18
0ddd2e8f
68aeebf7
c7912926
e29461b6
a3e4a7e3
bff483dc
a8266f84
2c095be8
2186fd9c
cb55994f
c1498987
1474be88
a422f2fb
e3398381
a7f4b670
a8433610
9e9eeb87
b935561c
0a16da74
b3956947
592f3cf2
4dc27ad6
ab789629
d9cfe008
53164ec3
750a70dd
0f785336
3b7dac19
30f24505
7cf37457
78f31e3d
3127866b
2f6b7eda
bb44cf77
6fc19a97
83a433e2
fb0faac6
d70a79cd
bd63040b
b5969b16
94f0aee1
3a37d97b
39fbe805
f176abae
a0a65fc8
a5faeb21
696df453
73a6f317
8694773d
d80397ef
5bb56b9a
731f8a65
5c7b68ca
32e5e73d
a6d71bb3
e0db081c
ec14624b
6daa80a1
857e02d6
8c26500f
14fdd017
6d24d6aa
e74b7172
51908a8f
f3f44645
2def4e66
079ca957
940403a6
c1f32b72
18c7954c
82150a08
28b7d2e5
70521519
fa70c99f
24bd18ee
e415b2c8
84e492eb
2c74f4e2
83cd7223
c8ee9ed9
c4bded33
74c4c14f
c51029fc
445074c7
614d9f26
17c92a02
319cbc36
5ad83c3e
cf2ccfe8
97b3ab01
980187c8
08d344b6
f6676778
1ceeddc4
9647b610
535d32d1
7965d749
d7997a6b
725976de
07cb4a02
c56e7d15
635f134f
65819176
8f73843d
f9e9db27
2edfb2d0
6abcebec
c06c686c
6d3f3e31
4529f265
4f8e3bac
5ea8d5a8
fd322667
8056a178
4c76b3c3
725327b5
06607dce
d46da911
0a36c94e
b932fa98
0d4ce51d
3830f435
cc629f7c
a295a3b0
87dd55bb
22685bdf
cd567c44
0f40fbec
7548352d
0dacfb71
688b8b87
45d768b9
e57544cc
856bd91f
dc9c72a3
427e6161
0fa16667
25893cd7
86a51b7b
842f1f2b
0f9ed567
0d877331
95ca98da
4a53b520
f59f0a44
9edf562a
95721737
93680b9f
3fb78319
95fb9301
5c761470
1e2cb48c
1109f836
3f640c9e
15ea9afc
98e0282c
79ec081c
178f5c03
d58802e1
a70adf5e
ffcdb270
90fe1953
3d284886
7ac420e1
a91fdfc1
4ad45247
faa25b81
b0e66bc9
35684bd6
9ae689de
10a56c63
1dac7804
dd597bc8
9235c8d5
cda39254
f387e8a4
53dc7316
4c3ed3c8
267548d6
595e1567
6829f226
ded577a1
8655f77d
5d8a74a7
182f245f
b43f25b5
b1dfdc99
24a65bf2
f2bbbe67
064e1d61
f923badf
87b0ba8b
65f2b487
b84ed8f7
5ffaed91
c16c96a0
114e8ab0
a140f185
21d22a0f
8cbb5d06
0879e929
2a1a5cfb
3df16809
166b86e4
5a031ef8
afbe7346
7f48e4a2
108180f6
3f865f17
f02a30ea
52496095
01d39bef
cb2f6378
34f1971f
65d6af10
7ea85e67
af1638c5
4eb43264
38453a0d
df244155
37af4343
1dad502a
ccd7138f
153d8afe
a3ff5499
b9f482ee
316bd793
02885584
ac4962e0
2d89fd1e
63271b03
0e17f2a4
bafcab37
7607598b
939103c4
560ceb76
b9f82480
b9dad0d4
ca222000
af50dae6
dff14dc4
81f5ff4a
b233141b
87b00cb9
a24f14f2
c21546f7
d5f66122
cb88f246
98a93671
c616e8cb
ac015247
14560c19
b028c286
c875f799
4653987e
7bec313b
f626cf75
d68bd799
664b146c
1ae51f98
13c0465b
0ce263a8
4623f76c
0dcc6719
bb3e7380
19a23f54
aeda2bde
aa435373
f3f8a318
d80ef3a9
14d7d5a7
e5e906e9
a43b48dd
8b7fefdd
672734a9
194542fb
ad843093
e908019b
7838e1b4
3606a3aa
d779c7a2
b8ffed32
24c59531
c30cbef3
adc78de9
a24bc711
3b0ce69c
ee1e73a8
818953b5
ce459b8b
084371d7
df1db22e
9b597b2a
1ee70119
18cb974a
519324d4
314893bc
4ac6ca68
a7926333
ea21e8c6
9b4f19d0
85c17f25
cc52c8e6
23eebaa7
675720e1
0b554677
baad98ca
8625775c
a7835d31
d70855b6
57f58728
20f5bf9c
e360cb01
f5a6cbff
628c2670
5f38c672
32ecc27b
d8506827
64c8e07e
2ba87ce0
23db1a91
90f0953e
cc7cdb65
6452f3a6
76701e45
10c310e9
808ba7fe
19e8208a
08e0766a
4b3b494f
d3c5d06e
24c365da
396a8e87
74111df1
fa4c7c93
292ccbb7
e28f70d3
c17f04ae
b3957cd2
d55f0471
6ab353e9
f9bcb7a2
b7a1204b
6d85870a
77727beb
073cf447
1adb4e08
1c4aa56b
92cef000
0d92e872
35b506d3
1f5c27c5
1eba08dd
709c1628
f65ffb7b
65d94b35
cdbe3ee1
c22a2920
365a205c
17e65a0b
c427ac47
8510f3b7
df557ee6
12c3af91
495bce10
12ed19dd
2079dfb7
e57e7a0b
522ba89e
35ed3222
4fa276e3
f62577dc
90b8a08c
26ee8b24
7ea326ce
79258e5c
47463940
5e41a077
97cb015e
c45a1e4a
64da8146
6f9f0495
c3756d85
15ab853f
c1f8cddf
7bc6da34
89ab2d92
1551d3f4
06c0f477
b8f9e272
9cdc7414
48671180
13aec2c9
a1e981fd
e05f9125
3a94f382
05ac87ed
38171a14
3ac48a20
8a484086
ffd5a9ac
69755c7a
5a7806f2
60adc79a
f43f93e5
68625b51
1fec144a
4faf9b2f
1b204657
54e0d1a8
122b0c83
073942a7
7fb5c183
f848f637
3f0fe8b0
3ccf2057
b2bcc91e
c42d3009
046190fa
90fa5559
bc1047ed
3cd25371
764f5dba
17d7062e
9174e3c6
b148aae1
7f383b90
8e0a6536
ecd80bea
b85a760e
d0bff9ca
979f9c59
5463e64c
6ffcac89
f759b668
194967ea
bcea9c6d
bb0d5dba
45bd1ac5
5a4e9b92
567a660f
e96023cc
5d473b39
c42cd1e5
0050a5f3
97c27798
1c0cad79
4a9832dc
953522eb
e84eea40
0b553e33
e6215bf6
9b5e84c0
bcb4862b
bce751db
23c56219
608324c1
1718c9dc
99c07507
05db0ffb
66f4a275
f9b9872b
201c864e
a5c53b3b
6e50411a
2d20215f
45c84ae0
5f29ef9c
b82349db
04b116e3
1701ea57
442ca1ca
ecc61697
767a73bb
dd9945de
31329f37
d365e951
c9abf8b2
4ce77a2b
50250c27
2bb8bada
ab45eef6
ef778e90
612b3762
933e8236
e51e352d
3a15672b
ce893aaf
d07842b1
567d48e9
7dfca889
c1bb0caf
cd063f7b
0ef8bc91
fd5988b4
1893c3f6
8b8b0d33
f981ae46
9bab8856
92c7386e
f029c4db
74c996e6
48e7a3f3
c8eb4f55
f6b5a098
05aaeed1
a4933f82
b82a0c2c
1232f053
0d77f623
84075ec1
5fb98cf2
560d0c7e
e20139b9
8b7a9168
b94cbbdf
f03d268f
867a8223
ec4d99cb
1780230b
ec49c26e
868bba23
7bf36e38
c406f077
b75939a1
4927d60c
5cf783ea
cd3234e8
b943c3d4
8370bb34
bccb50e4
4db4d076
49e2e3a6
c6fc0495
4d805ec6
24a6ea6c
8d4adbca
bb477283
f143a73b
09b089e2
a6604c8d
fb1ca398
81d350ca
2c9d2b16
bae9c78a
a5ac5ca9
1357b47b
c678161b
9e990960
ff8c8df8
5802d9ae
4d9d9066
8effa7c0
f9a8d672
4a206605
429a239b
e97e6e88
91fe135b
a274b56e
a76255da
7039b3ec
6077e5bf
dd2fbea1
e99445f9
3fc63f0c
776db908
b4a9cc1a
771e2e32
50d5b6b8
3be8fbee
b00f1151
d974ec99
8f89b332
476b3385
568e224b
b6944acc
fa88c981
d72a8029
57fc357f
c250449b
33f10106
cd92ac20
1c737ff9
6df27220
3ef716de
e54e1232
0b806b9c
2193a0d0
9477cd7d
91f98242
223d9131
4e243d7b
50a9b5f4
55f42297
d55d1ee0
ab8846f0
02969fc6
4439e861
3470c649
42043f3d
45d7b7da
18d8e93c
21de6595
0a30c394
abdc4b11
552640d4
d69228e9
3ae54b24
ddd7bccb
e84cb699
cfc43885
aa996471
54281b51
92ce0423
4beea5eb
89f5b1c9
38682dac
23f25dff
204c4481
668a64b0
f76a4cec
bc543995
64443285
4b23ffb7
5fd494d2
48e45ef6
a98fb1f4
d11e5e81
b73bcd0a
11ecc4db
9a311621
ffa0f30c
50e0e3d0
3daaa27f
ff9339c0
bdd4b009
f6efc013
591086bf
cd396b45
dd010dc4
e110ad91
2dddd434
85e9238f
8d287940
aff83e06
e3e07fa3
9a3fcd09
e3a56f18
2845ed1f
bad9147c
20521440
72725398
2e4d226d
4af40ad7
55754955
5ad7c338
6244b5c3
f97ea7f3
caf71e6c
4c412457
eb0c0cdc
271956ee
b8f1ac9b
5ac56825
7da62bb5
81e3a6d1
265d5597
82907264
5550cb35
4006aa17
60702b72
c35ee5ad
35acfa02
e0e0cb63
0f49ef81
848bf2e5
d484b9c6
b656b2dd
2c58ce92
2a1c53c7
21685b81
284c1ccb
bc69a0cf
1426e64e
82afc60f
1e9a2301
ba8ffcfc
33a99817
08c57725
7c0647c6
53baa99a
57626ee1
784f5738
79528265
ceaeef1a
f6cb4624
b20e3434
6856dc88
9a7e1f11
0a5371e1
f76d4cd6
71afd167
1111789e
924eb13b
ab324990
47919edc
041b0c98
5cd74a33
610471d1
4ffb0278
eedc57bc
f08485f3
59e32d7c
e39efe5a
4402c5d0
a85c9ad2
37ed6226
633818e0
7c398678
ec606da4
23020cc3
a4f39833
3f6d5a23
1efe8d1e
aebfa991
affc1b54
fb3c9d02
94d39b08
4bd0504a
c73a4c8b
ba58ee2e
ab2e862a
7aa9e06d
ee541465
76aba28d
e5cec4bb
ddd46754
31d1d252
4b194a90
a002a9e5
8864e0f0
a207ba06
afbb3694
9a79df87
4b0f4251
74d081fc
801645ed
3b25932d
b500f4f9
7549df70
be81d2d5
a18f21b7
569d0729
74a81b87
88b8e73d
2c5bbe4c
d45fbc0f
6bb63314
5f3f5081
1ace740b
dbadacb2
4fd6d264
af3e4901
c8fd2e3d
7ab5764d
9ca42fee
16539482
7596234b
65c7599a
b2aa7575
a0922d6a
43952215
3a80f0bc
6c379003
95fe1859
cb60595f
c406274b
67546a5a
684d5f4c
94ba209c
ba1ee633
35ea6336
b6b14512
2d320129
2bb218eb
90d55937
7f505e2a
a0b794d5
f73e943b
2edab681
984ecee6
814119b4
50d366f1
b20ea973
9f3421ba
15b42d3d
564e6912
90ffd513
6cab5521
f1bca245
c7936d84
b844cb85
0fb94ea2
fbdd8c77
bef45b79
eeba10c8
7d33bfdd
61d2f7b9
08865851
1330c9b8
a9a38501
d466a4da
8d8cc01a
3966e595
247cf6a5
a2d32697
42ce6dfd
e5b8051e
314a8c37
82792e85
c1011045
f8c15bf0
ec7c094a
6491b942
c480a702
16e0cf45
fb4827a4
55285e2c
f6e3fa09
cd25be62
e22b8e2d
3a6604c9
8d471959
379e439f
229e2246
c0b539db
0bbc802f
0a9558b3
a656d5e0
ec7f8c92
398eea0f
56256e19
6739b368
0c2bad24
b9affd66
8aab6c67
f6eecfec
b061eee5
102056af
3c13e11d
0a687f05
bddac99e
e3e9a837
82ee8a45
b68a7e13
405f3cda
4983bbf4
459dd71d
f18791c3
5c24a945
6dbc0ffe
badfa49c
aee2d8e5
77f75727
e5c2a9cd
69fe8031
af6a2a15
8d411223
8fa79a95
8e8ace3a
be5d0a1e
5bd14fba
02860f14
4c39498a
c8711827
97e636e8
36fe46da
736896c3
fe1d4464
68004e9f
f614e726
f0e261d7
232fa15f
475622ed
e61fd05d
1b922375
a0d82182
dcfb7262
94b45988
7fde5d68
968b0b87
3f2d4e7e
38fb1350
a1814226
01c3c3db
527b0c5b
987f46af
170e222b
ba24cd86
221c0f75
fa3803f5
b7325a63
c0392fc9
8fd73fa1
cc6935b5
3e1b7fea
801f175c
22c22c10
51477dc3
a9d961e1
243bc6ba
3f3ccae6
fabb1ce8
ad0a7a0e
c18cf67e
dfe26045
0be106c2
d72edd51
d2325655
b08bdaad
735ab026
48b62203
37f46976
15701121
317c1816
5378d6d4
6d2365a0
50e102c0
4c4c28d9
3f5e2bb5
95b76924
ffb426b8
0daac2bd
fab0c838
90db27f9
e88239b1
e63e68d2
d59b70fe
a321b0c4
80935dd8
08ecbe38
1b14c9c1
2651ae64
91483f86
af0b2fa3
e011fcb7
d12f17af
5370ff06
30df02e9
44cbc3ac
d1082f23
fdf94a3d
6fc2c9fe
a5cfc347
c6d6231a
c81d0d38
eafae115
6b1d5a90
c47dcfe4
7184460f
4a52693c
023736e2
be03e23e
7144a1df
39b7dc4d
306bcfd6
2da1de43
107c8e9e
130e13c7
9d8936c0
79458e7c
1af54946
299de341
d3da310d
82db2f0a
d8663624
6046e82e
3221d081
e480eed4
b1e59c80
6a529ca3
a93652b6
3e4b10fd
2a8443bc
cc0ea522
97d1ccf2
417acde9
4ed37dc6
dbda17bc
c660dfec
da94556b
2237bd81
480b72df
0ebc24a7
831bcae6
5e10ae9c
20e88d4f
1117c5f1
e5ccc241
76300c4a
3f50f2e0
7be77364
31ef6542
1e41fb81
cb9f79d1
6397fe49
4c65819e
15390caf
98513f8f
bba793a1
15b35b3e
15db8424
2dc7e4f6
e44af9d4
0afeaf50
e8252c0d
5a2ba997
39b3fb2d
07d43d5c
cdb47121
1ac2ca49
7cb988c2
2f017b97
4638dd2d
4fc45365
dab402ce
8e59f699
d2209809
52214dc8
365df645
364b9a63
13660694
9779fe3d
7a2b9d60
18b737bf
8ca54625
52bf63ca
1c801619
c8c35915
53b58c65
e1fd4c7d
42b6505c
ece66917
cb30316b
cf29736d
d831045c
e4746268
2f29329a
4faf9f3e
d3848290
08a397f7
2478b2e4
125deeff
b0214be2
beda75b2
0261792c
5c270ca0
399d42a4
9435af7e
2a3acb30
06ff3553
fe3b0eb0
3b53caac
e1a5fd18
581e4d95
fdb1f6c0
59009bc7
57429fba
6159a4b0
db24c1de
23207f1f
a5694788
cb6b1a0a
888ff1d7
dfde9fa6
4844cfd6
1d080693
4dea9323
56bbff8f
e0018f74
43c648e9
2a712027
b6400bea
497e6352
2ad20954
4b924488
ec370735
d4478c83
f262762f
abed72a7
41c3751d
df044dc5
314f1fec
b3a0e358
eff2937e
eaa08d1e
29a08911
32cd468b
09845f6f
e2abee16
ba7df88e
f669492d
2e2e30ff
81f8fe0b
8d47db55
ba0fdf40
7765e514
6f49b864
d6059ad6
beb3e3d2
5cb68bb5
d59081f1
efe84ac2
0df1ae7f
d10afebe
d70c9d8d
ac0427e8
c728db0f
41c22187
dee55d94
75c10a8d
f4fcd563
e3008cc6
9c019be5
8291d820
07e596a4
b300f819
127d30a1
629e7e09
0f680dc7
242d846d
c4a59287
275d76f0
2a6dec63
f7485223
c3aa6b6d
c044fd88
c58c21cf
d6e6971f
d5cf9e60
37f6f8b9
ad021423
5c318e5a
f206a202
b443f75d
c15daddc
8b20b383
abf7fda7
01aea657
f01e239c
1ee7eabd
ab4f365c
30a57a6e
8e86e7ae
404324cd
8236784c
ff0208be
11779445
bf800e17
8bb7867d
ad695435
860e7f1e
3e172397
a0bacb0d
db935b21
ed3baf4e
4dbe09d0
36e1f8c8
da7fdc61
3f448269
3eff6b8b
838b08bf
54f2e273
9e65cd12
e3c755c7
3574eca6
d4edbfb2
b1092877
04eabcf4
c2e2dca5
82c3c6ac
2fab5256
600c1766
0160feee
8c5945bc
1589c420
d0df836e
44d8dffd
218c7a2d
ff37dcb8
04d95829
83512f53
de3faa49
d5bde321
8aded2bc
75cb8fd9
6d33c0f6
58b24a4a
12302ba5
55717fab
217212f0
13482d82
45783e2b
6ce0529d
aeee29ab
e48a72c6
1aab6947
ec7f94f5
75740667
0d7a4a7f
2a9b2378
229ab371
3f4bab2a
8bfd40d5
e2bae47b
765644ce
e9336505
26c667d0
0932ae9b
b3022ff0
85f5d082
8f4b2a16
3578b0d4
5a4857b5
f39f0a8d
d47794fc
c4a2388c
9e2df02d
5d81979c
9908de05
ae81b250
b2f66ea6
5a841785
70bb816f
81468e3a
83d98a84
6c0d1b81
1bc2525c
4c0f92f2
73bf32cc
c2ae9d38
4d744ecc
a9b5b985
83c7443f
3c3cc60c
ec6699f6
73970f7f
be16638f
17abb6c9
9947b81d
3da4c114
5d5ca1a8
c36ab1bd
ea817d9f
5337c939
cca0bffa
987c20a2
f829ccc4
b763e3ed
4a2af3c4
d7e1bd3d
3fcae196
7a3fe0b5
5b24efc6
81cfc58b
7416802b
3a59791a
b52f63a9
ec8dd265
49c4d5f6
2d129cd0
9ad26532
0223e960
d8bf46e0
e69542c5
bcdb92c0
45d9d883
23de66e3
5bbdc44f
dd89227b
2019ae08
7188f374
9164187e
e6c12813
e88e88a6
7410bfa4
863fa6fa
1e5a9862
70371999
d1902530
b999a1a0
155f9278
ff571e0e
52ac76b5
2491b2e6
8c1a4159
acbb853f
d5202420
9dd4caa9
1996c8b9
bc66a454
0ae3c2a7
00b2c2f4
732b7b46
61bd5472
1ad9aa58
ed85870b
afaf4fb8
4d8d3597
51e63b17
14e379e4
8466892f
b3c35a55
a10cf23f
96e754ce
aa5f90dc
97605cdc
074dac10
a39582c2
43647e71
8cff9e7f
56a828a6
b7a0e721
4653e326
17bef9c6
96dd9eaf
179be14c
0c6009da
d2d0b248
63892321
1142d2e3
1f9f9df1
6499a647
f12dec52
ee0f1d9e
5176bc54
67cee395
ea429a26
616047e1
bb7eff88
0dd83dec
3d66222f
80517e56
93685a64
722a5475
6695c38e
8c0156ea
f213fb8f
63944dd4
168d56fe
636cab5d
085b3b01
5320f8be
a8f3dc83
a36c326a
ac1b3797
cc5edbd1
62221a66
79fe2152
25e03dea
d7e08cec
20662fd3
613f9f47
9e2ce281
29efd9db
3d5cf1db
a55ce263
b6674fd3
dd52345a
db1d7043
bb342d51
f8d193a4
99d861cc
b2771b83
f3a82b81
8de8cec0
a6a29e8b
9d6fd00d
153f746f
1ffec159
e0391558
c9a0aca9
abd67f08
8fde7733
fedb543a
004e5752
278246c0
ad8b23db
a9c27eaa
60fcc8f5
6321c1b5
6d4be27b
787887cd
40c57066
20d7d46f
75273f36
2aa4e2b7
56ece43c
d0010bf8
5c340d00
a3f1da9f
a07273aa
8e0b636b
5646ac14
2e97c242
4e90c48d
d76ca2bf
95614442
7b412e27
eb6fee6b
7b94bb1c
2766ac34
98d71583
4369594c
c8b18ba3
02827f35
6480c0ef
97dde2be
2c46934b
14ff2920
fda23f41
342fb490
f5ea8fa8
0e403696
0ad72476
1e391631
a67be5cd
d9ef5815
9c738485
934fac19
f7b65068
94cb0898
6a8f3ec0
f52c4001
03ae0118
028d6125
74ad6598
5c05f0fd
8095e54f
1905947d
0f9671e1
cac25cc8
1cb08f04
fbf2343c
8990658f
1ce1c41b
ecdb17a1
74f4e4a2
04e41146
fffece8d
354aeb9b
48affba5
d4298251
7f078195
c93b22e7
1a4c1034
c65772cf
0a0ec852
a2d34bf8
c00bc60f
5b035793
e27016b4
4f5c255e
8484f1c9
f98969a8
9e9089c7
979867a8
48d61a2e
d66fea3b
a8d7f2b5
e8e9d109
216f3d93
22927533
47e18ab1
d977ecb5
486a9c8c
30ae952c
3eaf0cbb
7a1331bb
43955add
f65064c4
7b3a421b
14a00a51
ba214d4d
9524f139
a63bbcf0
d05859d3
a2b04ff2
d3574a45
5586d9a7
0df184f7
5542f157
c6bd715c
94e284f5
6c8065c3
47ee2241
2bb21220
dbf573fd
ae3add49
9f689f42
35317278
4f09bd7c
e67d2852
1be50073
768f3236
5b6d0e66
0b683995
eca00be4
c57f1c36
55b8e49d
deb1b6ed
6490caff
6d686034
6addfcaa
fdf81c8b
30b0ae0e
8dae3a95
0e6215be
7b495860
d085e6b0
42446132
aa192db6
74132899
a6db1bcf
5799c9ec
b7e1de58
5af43875
58b2f49c
8a9d1412
3681ad33
88409666
27b01077
d436363c
3e616cec
86d3b92d
8ff884f9
c533a8df
7280ef20
fd1bdc5c
979e38b1
a5f8eac5
fabaf294
55261bc1
246bf5d1
82aeb81e
05b4d905
f155fd1b
c5b5b394
71dca52f
b990e855
6a1c2a96
f29f5e3a
dafe09a2
493cb88e
bb43e63f
80e35739
7e2c821d
69389aab
450c48b0
4eea7a30
7c445128
2cdee5b5
9b845719
0d532c87
3536c3e3
095e7fa7
0ed7a12f
ff7321d9
74c2fdab
f1a31c3b
24cd65a0
f1f5220f
6720b385
b39a60b7
e352e736
0506504c
19fa7161
606a94e0
24dc1ccf
dd954085
3dcbfec9
df15dc25
259c884b
fa02c85e
744e736f
75f51ba4
01ff5c57
301ade6a
7d3adefa
3007f9d8
621f4869
979eae72
a8941ba9
6b13b7f8
231726cb
c64b2acb
268aa4c3
6e142fda
7e876911
472da06d
f3ebcfdd
f1ad9ef3
12d33117
2753c345
3d5151b9
22ab4235
07817616
9954c4ec
d788ebcd
06a2ec6e
a32345ce
072c830e
0c870b42
adfcda3c
43ea0e90
0ed956a5
9edded69
20ff7e4e
fc6e0395
d3b35793
ca31b111
b1376e3f
b4c13c67
897cb0a2
33c20761
35f05fca
4638472a
379cef76
53e59ebd
bc6fe81d
33d3f609
34f01c0a
9fa43644
20e538d6
7f927e82
4089c365
2c46a272
c72a4f04
8e9ce2d4
3a6f5a9d
ce05b923
d61114ea
85483d63
73bd3c2d
9aac76c0
2d650377
af505289
a3ba18b7
a284370a
d52a163b
59200219
9cdad706
c31de48b
42a39be3
8fcf7cdb
6de5d9f4
452edd70
4cb91ead
54f88b94
53351130
5eacd51b
88e2083b
860f3885
b5778f4f
a7bbc79f
b41d3319
8167c06f
f2781d58
58f0e462
d898abe0
3df06d6a
d93fdf4c
be9f690c
55051096
cfac229c
010ac2b2
9659e70d
38c0a235
24fc6d8d
a62207fb
09fb1df8
74647a30
9fb7dcef
1013a6f0
933e38b7
280c4848
2e986303
db123a72
54c5f71e
8b7765ac
f6191e51
7499a1f7
8f00bb83
a164031d
1bc8c7eb
787b689e
1603046f
403a7ae9
a0975362
7915c87d
aade7d2b
62ed9690
89485848
4ca98e09
900ee99c
81b5fa24
590902d3
a6473ed2
f85da965
d22df0da
0535c770
dc7871b0
ea6860d6
8f9b6b70
4c385028
fd60e055
3df82654
cd6de3f9
0e03d90d
190de884
e6d8f168
c129faeb
4794157a
62d42c1c
6215b5fa
5f92b294
a4f213c2
0d238c91
52659f0b
1733f15e
bc94775c
fa0a67c9
8b4be008
c589e8cf
bfeac984
6a7f3c02
57417268
ac863462
43d9e7fe
cff9b3ef
efb15c6a
23119c82
d9abef9a
779b896e
5da132b1
ded20329
a29bba0a
b9379b23
6dc57da7
275acdc1
cf46e82b
2bf77b52
72cac091
90b94a9c
99b98203
79ed98fc
ac908ec2
32de9794
dae0cd27
272bf26c
744018b1
2913ec7a
98263fc8
c313627f
c22d0f31
5763b4c5
8daf0d67
c62bff40
fd6053b3
bfd46a4c
b6702164
077bbb6b
319a19d3
a794b0b1
4251bb59
6e561321
77732056
89bd461f
8089b221
f951c8dd
263be015
648ffeff
aa0227d4
0c25d770
99cef197
1727348f
806d1ab6
83659749
7751060e
7dcce827
86fd19d1
8dbe9d17
b8b12e72
130a4cb1
02c5f366
fd418c1e
dade06fd
4cb832ba
2765fb1c
9da9c6f2
b486c658
7d042a55
3d1f055d
65dae831
f5f88383
da23e9ec
079e0767
9ccb2069
c977e07a
ab2c6409
fe5d8fbc
2a1d7f27
cdc207e9
ea090b4b
0fd0713e
60d1ba98
456f064e
d27de95e
5356d0f3
e6e2f8ac
a305ad6b
b7e14888
936cb933
c6151481
3ca0dc34
94806621
93de26dc
41b85ccf
7cc790ca
912e6df8
6ef7e0d7
997d1637
d60143bd
700d0125
4f8a2614
3542e63f
610f5f9d
ad778609
b5b7459c
251cbbca
d8a8b120
52ffe11e
d448dd4e
be112bbf
30ec24de
b8ffe9f9
51a7b9b8
e6537960
e64686b9
81d8843e
a0b7d8b1
9fa780c9
8ec47b9d
83ad811f
e3c477f8
126d4b78
04624365
1c8ac6b4
476e4f78
a43900fe
3cdf8778
c926b862
139bb49e
4d7d993c
7a9fdcbd
d137220d
8bf75c3e
50992da1
6a37d2c0
4121274a
b31d3933
2e6d5d3b
52323e21
9b7de5b2
45f27e61
8ecd5316
344c0113
45dba2ad
2acadf4d
bc76c2f3
1aecee60
05e14a0b
01ef86e0
3105d17c
fed98b4e
af6e6459
aa9f7713
7e1f4faf
5bf088c4
691e35a8
e05f9079
0fbdb510
73a287f1
b217863a
c09d48aa
41b5dae1
8406125b
a97fd1d0
7d17d328
344e47db
8975cdbe
5359e4f3
35fe8fee
b50d356c
d0ba149a
5c337ea1
19d6b4e1
96073f68
0e7c9c3e
025b81d2
87caa96a
83847523
b85af16b
5375303c
239213cb
9873b8b2
c39ae995
351795c2
d73c6b13
c8bea823
d2867b39
dcf77852
5f80b98f
9244582c
687c75bc
5dfcc28d
a76e9184
1e614434
4f992ab2
666e385a
00e03c3e
8ff08c0e
ce231242
8dba5349
daa25c20
32f7be91
fa545b00
a6a7df49
7f530212
e3ee6d6f
7bf1c4e0
96921fcb
4deda26f
c08fba89
ee9e1771
9d8c19d7
ec61f8be
cc0b2a24
bda31c7d
caef8df1
629fb4e2
fc355999
77286e43
b146bfe0
ce417695
87366285
1157aed7
7651020c
c9e124c6
4d3997b5
b120c9c3
ca2699a1
b83b49cb
72b7c45e
f90ec6eb
975d3215
09a69c64
7291b0a5
a1c5520c
d83e90fc
1876c990
e762d62a
f05b5d3c
b83341d0
a5cfdaf8
83b20276
5a9c7674
20cf84c0
fce323c7
24355aec
c7d5acd5
05ed1566
79011e2e
0a32ba30
ec242b6c
c941ef1b
48109500
ff5e6319
93b041ad
3ee1841e
239c52c5
abc125b3
37bcaec4
41eb3fbb
a0de432d
6ff5143e
42518297
5046f8e9
15e138fd
80d69f55
6906e7f1
ab048720
f50362b9
920fd84e
64bdb9a2
a6384992
c2cc1d7c
02f0c8e1
8bbb9fc6
a6cb9717
b6960269
ed78be81
996c546c
e3c29a24
3fa4ebe0
a42b356b
6d5ca79f
2f66d619
afb79e36
585979b8
2198ba4f
c887cd78
d5562b68
42affda9
56261610
f570e41d
46cbe7c7
391a16e1
1ec5a46d
9b150595
b358fae6
b91f4f36
e244999f
493a10b2
8207bebd
25469ec0
1295a1d7
68a65bca
a2086d99
11b53e7d
9841b9d0
ecf7833d
f39417da
aef93777
b800a250
7b5d2627
ad21c2c5
33e34e81
b819abc0
62d58be3
7c0419b5
5a2a4cf2
157fdfe6
bea1ddba
43709d8d
bdfcc034
1bc6a3b9
d9dd4f0d
a087044d
f3a86911
b628c05e
10e2c492
353da4d9
e9d9aa91
9fcee222
082b8f76
1bb0a6ce
04597b9e
de8b41ef
32fe8211
65be52bb
3cd6d700
3dd7f854
1edbf261
bd00dc3a
74c01cb8
3049356e
ecc7e7a5
cbef1450
a32fc4ff
fe17473f
0f802004
70f9102a
51b4179c
1ee4f89a
f82ddefc
05607017
c275c61c
6f1faddb
74492784
4a191ad0
ba0cf067
29b1a216
20d28638
03d6f823
386c1c19
911233ac
92b9810d
0fa6447b
b73489d1
0f679d64
ea332b8a
ff7b5a3e
262341a0
ba2f8713
8df5875a
d826b0e5
9e4552e5
0cd8a5bb
e26189ad
f994ba56
b0f37bd3
c55873d4
a4c0c288
2cb2d39a
ae32d10a
76716fb8
ba95d0fd
06214df7
b94c80c9
ee708a73
e227c56c
e643702c
0a5fc480
a14e835b
3dd8b642
b8b350ac
31599b76
b6ce89d1
73d1c50e
b1e0f6f0
5accc911
d76fb6c5
f968bc1c
9b2ca6ab
6f8f2f53
79f3027c
63781f01
6ef97f8e
156b2c02
9ec2d23c
8d473176
15f40ec2
f2ea6180
ad105632
90dca2ea
03d9d3ab
42013ead
7e7b476c
66d1b883
4508f347
f33eb7d4
1d7938d8
335068bd
94495785
86b0e713
448a2765
1fb7b338
d90bb106
45cee71c
bab7e259
b8bb1fa6
fdf81294
bb3d2b47
dc591cb8
9a6d6624
afa653aa
8d53d589
babeae69
96f44eae
f051f28d
21081a94
e7497830
11e839da
a68e5c7e
2c10dbd8
573f78c7
e4d017f6
99c11e82
c1646627
b00e8d64
811c0857
70f7ca3b
8ab05f85
10707561
325acd58
b902f1c5
b13aad8c
d90e7cdf
c5b39290
6a2870c8
188dfbe6
33ce1321
d8268d1e
1199899e
c6d5c67f
e7fb61e5
73f5a494
e017f709
f4bc0045
16a6d96c
35ba2685
221f06ce
15883c05
d5b15814
392724e7
e81572e4
95b0c8dc
30d33a71
1239bffb
4697c16f
4be2b7de
05aead25
651077d2
407aee51
b807af61
a9a413e1
93b72237
fcdd5ff4
117ddd25
7133d934
ef22a9fd
810707c0
d5b41d98
65296816
1f39ac75
068a486a
80ec6825
efc2ca4a
8722f164
2a23dfdf
996855c8
1f6dc01f
8329ac27
f5189554
e0abf193
c747bdeb
07548dcc
c9307593
075c9651
b1549f90
a334eb5e
a8bb234d
98a6e1f1
85295193
5bd7d245
292c0961
3636d7d2
b96823ec
fb24c874
86622a95
6c1d1493
47777e0d
5bc265d3
d9962310
e3cac92d
50e11ecc
c5fb549d
6ab3102e
14c48661
a5cc5bbd
46296d5f
372a36eb
0aa3267e
0252f9f1
a2a0e504
02d40091
56e888a0
c50ac091
249959c2
f625c5d3
63e3f3ba
c441519f
75aa38ee
67a2aaee
67c8cb34
245b976e
6732f38c
e0f208d1
804e1a24
f9f1c664
84584895
a6d7bbac
a927f99c
44110edb
e77a19dd
ab622fce
651ff4f3
2f6a9096
f210362f
14a53a87
5e44f2e7
ed7c7f6b
0fadb6ca
9a9e5f3a
e0796cde
0b0de9a7
7a013c04
66fbdff9
c0d3e1a9
a890551f
fe1d2dd8
a57b66e8
216ffb5c
3004a244
391f0e70
557f3a3a
e4aaae51
8b9f8d34
9002db66
8d7ca6f1
84267969
8c177809
41dea087
598515cc
f397315a
a6f50e3e
af4b75c3
27ed3311
c63a1fd9
19e86512
58b233cc
0d5414a8
3d9b2eab
1a0e04e3
2183cba6
33a3580c
5e4c6c78
3c9fd52b
4b4fa050
15419d07
736550c5
8bc62f81
01681f46
babf161b
4a72a289
952fa7d3
da676c5c
7f389e4a
bea3d31a
a448eb03
7edbe648
72705388
9c615281
032beb9e
1b40a7a3
e36fa15c
ce441758
f34486ec
ba6f0582
6e7956fd
f2f875f5
29f0c1d3
e8d71d23
3d005464
78e8c54b
842792f0
4509022b
fe3de842
5e99f9a5
8f289fa4
d0f01b00
b2eb9c79
b963689c
cdfc1f1f
d6d4e9ac
792eaa8e
39aaf051
4231d905
2503772e
22c4f16b
c1ded78f
bbc295aa
c51d7827
9d1b60bb
803c9d34
f3df1135
70b32637
2b071642
11420fe0
c6973f2a
c51f0b1b
81111122
5f488d9b
9c280ab5
ba69f396
9c2a1702
81c20bbb
ac3cabdb
7c5fd02f
5ca26d1a
ab76245c
0155b89c
62223a16
34688a81
7823d642
ec4859d2
79b9201f
66c5244c
54b3c380
2e08ff32
4f969b4a
42b8a1cf
d7fe344f
8420c81f
55492ede
5d8d0422
4e13ed46
07f7a761
7c06a241
4327cbba
5dfdb507
3e371802
8788db7f
488abd49
561bdb6d
a54e28b1
97a71884
5994ef88
47e2d430
1db63ca1
8a0b990d
10674ad4
9654661a
4a2a8011
a1197c72
213bd3c3
628dc5be
cd1804e8
e2302b44
3a502fef
09c7f97e
71e2aa42
27bbdaf0
a5540f69
860efd92
558fa1d2
910e7fe6
ac7d2c16
7729df69
3caf3741
d1532507
dccf156e
76f6b171
02f32d2d
436cf487
2380b7d2
fc241548
20fb1917
71183f14
ce4acf49
b8b1c1e2
317498c2
4aa2c210
e752bc97
d3287d2e
500fc464
0a79e284
51156f57
2a2935be
cc8abd85
51ebd342
fd3b50dd
4067aa9f
0ba2ab88
74747c18
5b9fdb3d
1a5db9ba
cad1ca51
cc8b99e2
c1fdad1d
e6721cbb
dea6acca
0599013f
e12d0c69
f81ed6d2
af4de42f
9a841492
3341c609
ab2e2f06
36c03982
758cc4ab
da6c9eef
c4b39d8a
9875ba83
09ea426a
4189f720
fed4682c
01d2a8ac
8afb0bd0
67c04849
8add284e
ad390157
4e96eee0
d0bb8a62
f78b0c6f
c781f4d1
adf8cc73
8dd19f93
e2cf4963
f84f8760
b51e118d
7bd1834a
fabc5bce
2860ff2f
02b7c9eb
59cf898c
d079264c
c42b1e7e
04321a44
7c2c606d
829b9ed3
67c44b2b
f52f6516
382b8354
911c41ed
c269e532
15b5cf4c
aef73d30
65a21a23
ef35561c
3e36accc
21957e8c
73980c09
32acc342
09a841fb
cbdf393c
d728a63e
fb8fc1c2
e7e6b088
4f82e597
dec32cca
7501d2fe
f88accb9
10d4c5bd
3f7ff7a6
83e7781c
d44a90e6
a6bd3fe0
8fd815ed
de25241b
d913a407
69d6c4e6
f9abfaee
1dbff5ad
71739e10
62a9ffd3
7ed53fa3
ed1d17f6
79540453
b4fd72e2
f2b42222
e59202eb
bb6e91c8
ca7d9319
d3f7e19d
2df77294
b084f312
ded4af11
7ca27bfd
c4a95ff8
97d0530b
f8db74d2
7875760c
bd09454a
7bf780db
f585dbbb
1ad100fe
df59102a
2e2c582c
825c3ef3
eab1a9a6
e0035a14
24e6d262
d812e9f6
30d5fb96
d64d1ce5
a7ef0eda
204bd09e
7404a796
69ebf2e8
b4394dd8
b67cf0f2
30eabdd2
29705a35
b51e1d37
8eb1b466
c70aae7e
17246aee
f8185865
0cdcc281
77115c62
0362b015
284e1bd7
f9267d97
e08c64a0
c03ef066
5358a7cd
5469d0f5
703bdb4c
81f0b8b1
b5530df5
5477c9a7
b6e45302
b8d934b8
1af5e7b5
7fcb2282
97afe3a4
cedc4336
783c6068
105229dc
372d9360
e50a598d
25bee612
98377155
43167e36
f43cf451
531f7475
29b2c889
8b1f68da
82f01f55
50c33bb6
55bb1b80
094ab003
cf7e0b4b
582a21dc
56a69876
3e3b1596
03fc5db7
58e172d8
bd297584
4f9a6083
011ea053
2d08ab36
1c99f575
98d49e51
ead9e2e0
f37ccce8
04b7fe82
f4506608
6d65c07a
05872ac1
e6261cbc
20e9800b
e500356a
e80f62b2
8358acef
bb0791b5
8c495c67
08c5a169
4a86ee7d
164c63e4
02d2a5ee
c04d9d01
553ad623
6cd2b4b1
4a658891
6cbd4528
f674fa7a
a474d871
57cb3877
d31229f3
98b6c18f
17b3da13
1cfe0095
4d51e6f0
bb9c3bc9
c20a859b
bdd7cf32
2220e497
31708b1a
266b1b7b
27320a7e
91f17d96
884dbde1
d2962fb0
bfd8eab0
02199a83
0ea38311
e760bc16
f25738f4
4a9724af
db041a58
816adcf9
2689c301
4d9040d3
0177492a
01208cb8
5650d46a
153df06e
d26704fc
268bee8b
a82b1d2a
654aca7f
33693606
85394f34
ede123b5
06a323e1
f20033fe
ae18fa7c
dc5f1bf7
06745e3d
55cf494b
1788d9f9
596a3433
326521f8
0d11bbc4
cabe72f8
8bda4c5e
4409f555
550312a5
262fe5fa
7c4c115b
9a3e3e2e
40dbdb43
0ffbe6cf
4c903de8
563e5dc9
290e31a2
cb8cd6e8
6e253663
0b0a9263
f44cdd63
3beadf0d
d4df0dcf
42387310
fb70e6fe
3dc5a979
948c579a
0944aec1
78e6cef8
b4634e14
aa71aaf4
53f000c9
005b1f79
ee8f03c9
cd24d66a
8334a4c0
6643ea1e
e667a7ec
4bca6d70
efc44b8f
fe71de9d
f00cdec6
8f7ecc3f
e9c3bd3f
d95cc232
ff64d28e
20938f3e
4be2dfcc
222edebd
84509e3b
71265a9c
f360c32d
dce582a2
c61c6b76
f5013091
94efa163
e1c825af
7bd0d0a9
08f883d6
8fdfcd7e
6ceff06f
264e09fb
18e38f1b
f586c091
a5245c07
595da7b7
a31c447d
4974cb23
68f93e7e
69d350d2
7c11d97c
9280fef0
7d2c1b12
f1abf90c
0cd36bbb
34a6b2df
c286714e
f7b22c4d
d1f3f294
5dfbf627
cbad6a14
d210069a
51a680df
e2bf5a73
8749157f
a74b18db
891db98d
e3405624
ee663db9
5d6f1c5d
1a77720a
4f5ae112
73cde54b
5111ca88
7f91cca9
b17e1b6a
ab59f31f
5d09489a
76e8aaed
6b642c6e
a5674e25
dadb4feb
1bfe8b80
36ec87f3
3452f6f7
da72a20e
095c4baf
296ecf42
869c2f91
ec35f039
15cd4813
89b8600a
b96574ff
5fd34616
751722a5
5d0025cf
db3b9e95
aa82c9c8
87a7bb3b
89acad79
519571cc
c8607c62
ce79ae77
7076b264
21fb853e
72714aea
013c8227
cf3e40b9
cd7cea39
a58560ae
c13121ff
5ee627f4
b6232994
9b076bc2
01f52747
170ebcf6
70c2f05e
2aab7835
c2c50564
23d103e4
b37b4e0e
0b11ea19
f7afe804
1fb66778
fb990f35
d242ec57
0dee682c
21a1cd65
9ec81e87
862f7564
1cc6a473
00479686
83c14e62
3a26c2ed
1dace25d
97cb882d
fcbca98f
d16fac6c
731e82c3
3e20f769
93db4c6f
018e77b5
a0c7461a
fbab8e98
d8164311
dfbc9bc2
5613bb24
b9170b27
06ffb24f
07e300f2
9c9e8d27
7f659211
d4389a4a
2eaa00e0
933c1cb9
056d7dfb
658756ac
cc8eb971
63daa64e
3f9b6f63
15c48e70
8beb2f03
fc279d31
c004ef2e
8a3e4cd2
1f0e3967
a8ee8a0f
c90a0032
5889d066
72774579
01713e2f
1e1a0c80
b09d4462
ec036a7b
28ec7b32
74affcc8
01dc2a19
6773462b
c7447c17
3aa3c84a
c7932488
7f237d5c
a38c4c99
f97122f8
d488554b
55658f95
ec9c9fc0
75a527db
962d31e9
98fab129
0adc987f
86c4d1f9
9f84964a
480d6b27
ac1e1037
d7c857b4
aee6e593
fce2d40d
30e0290e
c64825b4
96af3309
ca7fd5ab
4bfd3d39
820b45c4
f8381761
57fbf197
02308c97
caf2ec4d
bde7927f
79fa9d53
a34dd9c2
c23feecb
b0b76efb
1287eb4b
6cfa291a
493031c7
a0a1a5c4
1b2e2d58
881f5604
8cd9cdfe
7bb60bd2
a5c5e346
d57e54fb
f953c9b1
ab592796
ae087185
b6bd58a7
14f5c40a
0f036b57
dc9470cc
ac147e5a
7e724d3d
4d2a21a4
021bc745
b0b38124
f5c6a44f
32ff941d
13e68ef5
f2866b74
581a575f
3826a5cc
3665e2a2
600b3876
f3c4d742
a57e28aa
e879fbd0
7424422f
ccfb4cd9
4d473a37
804213d1
32f7e2de
1de07a3e
9ec51c7f
34653b7b
17ed0a48
792d46e1
507cbd7d
a6239db7
92cf1581
d270f66a
a2263419
f3a29241
0c861b4b
03517a95
1cff5d6a
f586e810
bbfb6710
b032c713
3338c263
acfe31b8
fa21367e
2029e023
16925e25
bc9718d4
b7320613
658c73ad
ae7190cd
fc7dfa8a
9bcf5cd1
0de1b875
0c997778
cb701141
c5384b57
29ed5815
22273857
bc7684ac
fe9281dd
0fe61041
e58c3829
5f6252ba
c8c5c572
cb820968
9b7b9b99
3061797a
4397a240
154f1443
c329618c
d98492e1
c980e76d
eadd7622
bbe4be6f
b12c4d4a
58ba2b89
dcfa7feb
8e11be2d
20094fb2
2f462f3f
4edb5b13
06c8fdf1
4b84391e
fed20506
a34997fc
8c28f7dd
6c67e0cd
6d2e3910
e65e0904
dc37c93e
74ff4025
f154c7b0
b8c70f18
ad924297
b9c9d889
90717cd8
2adf81c5
d4a055f5
d35071a6
37d07e98
ce28cd2d
86e1c95f
aeec0066
d4a4824d
589eeb24
dae6584c
11d7cdd5
34cfe1ec
4624800f
e875645f
04796d08
dc679783
fa406502
b58c4402
c287d681
3530c72e
9d5a9dc8
c372fcf1
6c3a41c8
bae2e4ee
f046d96f
f858adbb
7e9379ce
1077c54e
dcbf3a6f
d24004ce
04cd85c1
225f5d36
7347c65f
b8cc5336
ab658c74
fd7179e1
3ec622e3
aee24ad0
04a88d6c
48130c03
c511e662
cf8f3186
1cf4c7e9
f46a3c67
25dde9e8
c4483a4b
a3cf08bf
22087853
340ce825
c3a6042c
9122d99d
d9fcf4fc
1aa6a891
9836d3aa
c22d86b5
c28157ff
d2653fd6
e44a341c
8920f9d4
90435525
d29ce1f3
90f83b80
076e5987
3075772f
4ce01308
0e053197
a399c194
0520df49
2acabfaf
bc9e0118
46624a5d
d276e2f3
5d7c126c
5ef3e863
bacc5631
82657868
02ad80e3
fe10a019
9a961145
52aacfee
93c046dd
a4941264
7d3da4b5
872c076d
26da2953
3d82cd62
5766f855
f224847f
bead7c8d
2406fa79
86b81ec6
2532ac5c
7de262ec
198acc41
4a9e6364
2166d929
9946eb5f
6393d9e8
49bdac74
c6d2316e
4f0ee0c4
f2b74966
8b803f22
f20c0c36
abcc88e7
f8d93d3a
7278d294
b69424b8
0590e101
c3d6de1d
d8836513
3c857500
d5c97da8
6de66e70
3bbe27a2
3b22198b
a9a05c4b
7f0f5790
70779fb6
6c16d66d
2dd16646
a2c4e01c
64988382
d0840472
13a9552d
341f9067
dc38ffd6
a2ba640d
28e1d382
9b70fce0
41b72ceb
9426f78e
811baba7
b9e77b52
96c7bb11
27d58134
d27c30dd
95337fc6
ae6f57ad
8505d0de
8619fd41
5554cf6a
8fde6446
afd8a3c8
897e2ad9
22cbbff4
11a38382
1ee949ba
f1e53347
3e1ee03c
602a5af9
82db2ffc
2fd540dc
0c2cd50e
ed6b969d
04380a71
3d1bad6c
56bd5b68
05788fb4
c0ff1e9d
63204bba
0fd7491c
6da88d69
60066119
c953f655
1c7717b7
5382beb2
a87bcb61
1a7c09ce
86087f91
d64d03b8
ef22a273
81ae799b
8ceddbe0
d1da8dd7
37faeafe
46989b59
9142eb27
80158af6
837ec9d9
53aff85b
811d01a0
2fe63b29
c3199939
7fdeb8dc
c4f37dd6
0b788e4b
d7762bce
a8d36fb1
ada3df34
bdb5daf5
9cb413b3
beef0150
bb33cbec
1eedf2b0
94b64c81
f3d4597d
5d01f547
d3b6b6c8
9e4cc769
537bd1e7
3f1cd6eb
98d450b6
4285f1f4
5c27d226
3218a53e
63d8d78c
452b18fe
4bc6037f
4adc5dc3
c3bd6e55
e810f701
76ee9d78
6f605f92
774e1e6e
b1e15a5d
d980c863
36f1cd95
f4162d45
053c52d6
7a2b832e
18c5c8f8
a5b5eaf6
18961614
e165637b
12edeca7
12a29904
8048e7a1
5f16d5ef
ac9aa32f
56c7eb3b
6f372ee6
4d7c2346
a11256f7
6f77e134
6e110269
9cd076ce
0a9a8d62
b1f58512
0971c498
737b93a7
b2736a20
8c27b93a
5e5fa4d4
441eb0ab
497a6a06
66d6247e
9048fb87
7d22c272
630b37e9
0e4786cc
89d17d25
8a607856
c9024295
ff29d0cf
be40694e
7ae3e60f
80833341
fa72049d
3b790456
ae6e99c8
e6e11d9e
cd75d34e
7729d0ce
a552763e
cfebe0d8
939f8435
55865de0
f23883f9
fd6c8bd3
e74fd96d
5a85d84f
b9240589
903c0beb
8fd53084
113dde41
cd56473d
44f6b0ef
6c2aa64f
9c26f4b9
c608dda9
f190b88f
30da72de
9cbd1e06
7d9d6b4c
b53c1674
77afe468
f436b3f3
79dc504f
6aea436e
158ca080
077b5db7
b4864e94
f4d53ea7
f9f82df4
3af61cc2
4838ed8b
6cabe9e5
f28676f9
4ceaaf60
783779d6
bedca426
399ede48
49456d02
72ce559f
464a3097
721a76b8
dfdd844d
75857f1b
58ab806b
8f1c66ce
42d26dd3
325d4ef2
3db9d658
abcc9d1f
92e3c777
de3e631b
f1767269
5bc0875a
bc614ed9
3cd286e3
9dea3fbb
ff8dc24c
a8d79c52
3de53a45
bfa673b2
e7daa3b9
b47d8899
f8b64e48
43a25d13
c69ba5f9
1178cadc
73edbf41
343dbeae
d56edff0
a6a41630
9e49748c
fa71a445
fb34a440
02e8c68d
c1543582
458e0d31
279cf5c4
c6d41da3
d3a1214d
1f008592
44403820
6c33b0c4
ed51a626
e1cc5997
0e4eb721
266f8b82
d30a2877
503185fb
fc923b65
647970e6
1a5fd84b
b8877722
22f3e386
c84a5d6f
86dfd8e7
6f7589be
6ebbaf42
77a3a193
d9f0399b
6365d04f
9f497564
97c749a6
1688ddba
7797b061
feb23330
82c3d9ea
d913a2ac
3647625e
9225e80d
a7027a44
0993c656
486b082f
1b04ce71
4ed07492
520f462d
ee762c7d
0f7de71f
bdae850d
414f38db
543afe68
e6bbaeaf
c4b38d3f
2638727c
12cd0baa
9e919801
8dbe7836
be98d991
32aa6bc1
1f6cd157
21391e37
8340b9b0
8ea09b62
b0bc330b
3fc8efbf
c517ae1a
47b243f4
aa916b9f
70f9b895
0498ea15
bcaef057
5afd07f6
fd8cf338
7c9e084c
2a784f04
995ce5f8
c57455d1
fd44f29d
9f49c083
c3b88d68
b340116a
fdb1f429
a0851ffe
95f0519d
ba58ca24
3e3d5c69
036c770e
4ad2e685
5d47af2a
94123723
fb74687a
1b71ca46
b28a8dc1
ecec40b6
a097bfeb
57f6acd3
8faddad9
30d97d7a
fd0d7049
5f8f4f03
cd51dbfd
25d0890e
86897c98
52e8e40a
b9f3da02
d913f202
a2958a03
7e65659a
4a5d3fc9
41b239d9
bcb75f65
be56bc3f
4dfad4ff
6ec7a194
78325b98
929b6da3
dc3e8d42
e79b7b7e
15cb989a
4b3c5eab
2ce1fbb4
d3bbe9f4
4621dfa1
df2f4d04
a7055a8e
06051517
626722b7
c97ef3ce
75b16a49
24c75859
8138c5ac
b8d6e1e8
b9818094
f0318953
b750fc86
29032962
d5dc182d
4e55e2b1
eebde05a
e190f41f
0f2c94c0
30234f4f
4838d1f4
2aba29f2
69095093
70c573d5
edab4d31
ce9278a1
29f86dfa
17a94d65
350d6447
0cfd7031
e0f64c20
9b5ff490
cd9bbb06
f29f9294
e545ac62
45850449
72f271b7
dab1d76a
db09d732
402ccd4c
4d03be0a
3eb5e17a
72b9f0b2
4290b831
f6017015
fc0465d7
c09beef2
709279be
17fd5519
8fecb6a0
131a8498
721e7f29
14e64765
0ebcabd3
9e988d21
8048b0f0
cb1b62ee
619abcca
183e91c6
4125c8e2
bccddb0f
920387f3
4054ce48
7344d9a3
11c62f7a
cd3a51cc
c9a340db
7bac0081
2256b72b
8d0336ea
840cba65
2a7ce0f8
363a0991
43fb653e
3d7151d6
c059be78
cb860a49
7966f9ec
2697d387
050c0556
1ab82d80
9ca72079
a3925512
485139b5
3580f7bc
39fb635f
14978851
3a9564f1
d037fbb6
feb49457
36bae5d4
812f3f15
1fdd6da6
1586f5ba
fee9863a
1e9738cb
13cae5fb
e5fd7fa8
9c8883b1
fcf10a4d
8bc90882
fa9dd9e9
a5ddb9eb
4801119b
af680790
7eb6792a
19b1c3f6
81f7ae88
ba1e61f9
32cef0ef
06820287
d312b9d6
de31c3fc
35180a96
bce80fb9
c42f335a
23075d6f
b8dc95b9
45b970c8
bdb1cc27
74645b5d
7eab5d2a
c37bf0f4
573d73cc
c6a7461e
4dd978a1
41d87881
6a20e488
67144b76
8f6868e3
1a7992fd
a9da71be
d783b1a7
709d9695
8ce40b90
44fc8fc4
bcc15e3d
6158f698
07d0e182
ee3edb17
e099ba60
b5d6cd75
7fc6fb4e
aa5b7ad5
0d2b8257
f56c4602
87f65b52
f4bd9da9
6e89cb31
9437f345
6cb95619
42d09789
9729519c
0b084fe1
9039cbf2
02c669aa
0702d38b
a49ce833
c4fd0f11
2decc60b
91d2a50d
49af08f5
4019687c
64dd408d
06cabf0a
b7fa39e3
2f12dd01
942511a3
3bb5686e
fd10c1a6
a5b8e20a
22d97083
ff6d6ebb
e7b2369e
5c42de7a
a024d659
e268bf80
2219310f
26f0ffe2
1e330ca7
ff6761f2
35692b82
1d333d0a
67dad68a
4a91617b
a9b97de4
0cfd804a
9963a112
b1b414e3
21d216bb
d65ebb2e
4fa5d0d2
4a201521
c82e8058
59ff7bd6
45e6748c
8affd209
bfccac62
3c90db54
515d1da2
25b25898
fe83d672
24e8d9a8
a18fe524
1a082193
6662c791
8416b254
620267ab
5c1effd6
499528b9
403a266b
508e42e8
943fe174
fb9e2355
cdea7d3b
32f7d2d0
f7c49ed1
8aac8fdb
843e3686
f131ae84
1465e79a
769e5878
e0ddc1a0
d235d8da
00625f75
fc635309
0d494cd2
8aa0f985
fe966fa5
113ceb82
9d8a0bde
aa2b3b87
f1624d55
a4c8979b
2bcb3829
e143aea7
26d82970
377873de
074e35b8
77db6670
e5a4fdae
01b79c97
a2c90589
e72d71dc
279ab860
65f5ddd6
255c4ce3
dde942a1
7d28dbd8
f1af200c
78c9ffc6
1bb2f897
07061388
80891ed8
0ef34bc4
21397b53
b1f553b7
c579f839
7e6924e8
24e530c3
c5fb9461
5f5623d9
29822f80
45bda61e
6fd42a42
6101a3ad
8d75c723
0b22f38b
21580710
b796a569
81cfd143
a619d241
33eb6094
275dc666
f501616d
83c48f49
7f280487
d907d78f
cff04269
2afb4596
f1c1b575
1e6423fa
8b1c2a88
4e4f8b6a
23b4a9d5
eca47664
1ea0a347
f0487f7a
ccdb800b
d1de44e4
7b4667f0
6b2d04c7
331b4793
7c36f08f
e2b71e00
fb610185
d9bdfef0
ebdcd1bb
c1199f68
9654074e
d732f0f7
45c24b22
7e3a146b
a08a37a0
775cc774
7cb2315e
b5c0ebb8
4db630a4
770009b5
7bfa718f
f2e55ae3
1ebebaea
6c0ee5d9
71229ea5
2688aa0c
90af6df2
1b26c4d4
bb5f8673
7ff885b5
e8bd60c7
3c268cf8
43613b79
7cc0d874
7df944aa
5ed49dab
4c97beea
2fa7be02
58d51f01
80f6c850
2973ca0c
fe4daed5
6ffb92d8
6944d043
33f961d2
ed6ab16e
a3e5eb60
c9d0b4fe
6cc1100f
51798046
7e9b8a6f
8d14da69
8036c376
edcf0152
b9213879
1941335b
240f6558
67838080
8538d5b0
6182214f
c691fb5a
67671551
1832b331
2909422c
8f905e4f
1218b38f
310f3d88
f11b188e
4b237094
041d4781
f72fb3d2
72b663c5
c76feb50
05ee30b0
b989e9b9
7da2eb04
e25bbc28
f3bfd021
cd041e80
677bde37
fc885faf
45288acd
52ec5495
54f77d6f
51641063
ce51707a
c22ec83f
2ebee5d4
9578f8ff
320b4a1f
345e8445
022b00cf
725a30c8
aadd31a0
51672202
86b6376c
5e520cea
ddb0cde0
38c83375
2d53f2da
78fe6ec9
db1eb4ff
067e72e3
27e881c0
52193220
5fe64eb1
7dce861d
8a0039ba
90dde17c
444413ff
8deb4883
b4ca8c99
628633c6
9243a91a
737cede1
92da7afe
232b8fd2
839e8594
a55af3df
890bd194
ad2b9e3d
21f01d5f
f16694e0
787b38ed
90a99537
875d3d5b
ae771225
a9bea9e5
a6a219dc
fdf28514
7dc7a498
5cf419c3
23c47438
b72eb357
01e99add
c552d5b9
5e2036e5
dade3ce1
38192484
f96ec555
dedbdac2
ad62f7c7
e6a17d03
515b752b
4cbbb2fe
a3e44d28
883c8309
7458d7c2
f31e0e0a
b1414ffb
5ef9230a
ba297932
67cca486
a9480992
3a052b71
6e243675
2bd6a43d
c473e2d1
d9d68f78
8bdeecb6
3bd8945d
6c544250
8b7702ec
f5801e67
8b0c6082
77423f30
ba0550fb
d7cd6732
6e0fb6f3
61cb660b
076a7117
e8636175
494a85da
44b1bcac
e12b3792
74d09050
2233394c
546034a2
dcc7526e
6dead594
1ee1ac4e
329af42d
4f810ddd
a19d60d6
744d6bb8
47055930
fa68b6e8
3216775f
9a39ba65
d60cbb87
2eda4cb8
594a144f
124bbf06
8e0e71aa
bbaf198e
6ea5a290
7233bc44
f2d543e9
98f77de2
b6fc9bbf
19ee40d6
2d984231
b7af0393
4b69d9e8
fbf79437
dbe68efd
ae974278
24b4e0e1
1d054df9
e8e59398
9f68d657
e5a1f1d1
586f554a
8f2c6948
2ee0f58d
1dac33e8
5bc00726
d7f92d0a
7a858f95
03c74bfd
e6d114f6
9bf8383a
007cf0a7
6d6cb509
d99f94fa
1d2ae5fc
4564edf5
f65df185
b024c3a4
f884fb72
e64c06f5
2bfd78ca
d073be9d
10611e55
bc542346
3158f7f5
b576ced5
812c6125
a6958948
5dcecfb0
f5dd517e
266dffbd
d6804f45
239b268b
9bad5c0b
3c20796a
cd086555
38289ef1
841be5db
b3485488
94ae1fb6
9fdbd392
4da8a248
e9f380db
67c07a5a
55b0242b
2a3dfb08
707c80f0
7bc1f7d4
9c202e6a
c287e428
b49e5ec1
1f61777a
7402ba6b
e2afc2c2
48455a1b
dad1d50c
f3f2ef85
c177c980
429d1632
b6e85958
f2c8b968
ba057789
a7ef02c1
323badcb
c80b8e74
7b05b1b1
6eaa6535
1ce7c357
402f37a8
46964eaa
a0e44858
e7b3eeff
f403e113
cfed1df2
605054e0
f26148e1
6864a62c
cfcf41a4
13455cea
ac2c4847
dbd99931
0a02ba07
51197697
463857c3
2103b037
d9eea1df
a1a1e9f0
2db9fd43
2a4d380c
78166234
513ea25c
0ed46a65
82ebe295
2b699cbd
89027b68
9af5a852
bcb9da97
5d271704
d84463f9
1ced3215
252139a3
40836482
bdbc4e40
36299fac
b9ded41d
bcee8824
7589a0b6
3fbf51ce
08a64c7a
b1de0295
6314d446
279c92f8
28f64214
2b552c0e
5b69d2f5
d8425a72
5a7c7954
18dfecf1
b498969a
9c25cb97
e3a4ed6e
1fb23d92
7136bca9
e56a4efe
2488b41c
acab3c8f
573bfa95
3f6b0561
4edaf258
8da57539
e023a952
3504845d
a939e27f
8237cf30
a4835706
59cb0fa3
592c10fe
6871a203
bf8e4e4a
cfa56ed7
4dbb45ee
423c89f9
6d863bb9
75b96d13
ec5810a1
1120107b
c77a4ff1
4d7fc458
3c4ac92c
6206e3bd
1a073099
52c5cd6a
b0b7a75d
f6afa3d0
c016367b
e26af76e
99f8c8cb
8689f76c
f31b61c8
bb459335
bf830911
dfb8d1b6
5dd06c8f
98e1a1c2
0db17307
b4e4f1f1
0e263096
c9f74dec
00fdf909
11a621d9
8f49e19e
1806ede0
30242e6c
d2403ab6
7acd49b8
c9a71a93
fb4266f1
a47a85c6
da43b69a
88e63ac2
647c7d53
5d9d573b
2e91a6a2
dd5099c5
1e6a2258
00b47b39
31226245
d9ce4a6f
3c358742
301b2483
2874ce20
29a0073b
7e73d278
38d2a919
64d17dfb
3dcf7c17
1f295c16
9c443765
bf391db4
3ec526f0
a66386b4
0837866d
09169174
ecca352d
0596e337
1e60e775
885220d8
8f5d83cc
a9489fa1
d8bb9993
04e538e7
823fd829
906e5515
8f485fdd
69c9b846
c0028c52
6733aa95
e07980c4
5d8b2ee8
a05637c6
d6500986
46da7a68
08f3d462
4be8cfe1
9bc4720c
c0bbfbbe
f12ea68e
733fcbab
96d4d9ff
72d42adf
b071058f
a3990bd2
dcb3a53d
16f92944
4a067b05
ce7cb8d9
f3bc7e75
b5627e02
8949547f
22766151
47da43a0
9856f00f
4cd1e60b
90e390a8
6e5ecace
28520683
d5cc60c7
38b42e4f
690bf998
51270085
305dfbd4
652e24ac
8fa7540c
92a9a60d
0f45a031
9b9817ef
01fef3cf
ae9724d1
2fc60736
a75d3db4
40b364ac
a430bd26
fb9d7467
57186308
574baf78
3d883f01
2fe639e6
0c93d6f2
ebe80ffc
04cde7aa
73e18a0e
ccf5aa1e
9efb1363
32390137
eda5256b
041efc06
3e8210c6
2b0727dc
9fef7452
bc8f461f
a70c4850
9ad75775
2ed01350
4f92105b
c43ce9e2
c397c40c
410ba3c8
02c66e89
49a4b93d
5db93fb9
63b9f689
f8996d6a
7b9f2509
fe601eca
523e4f86
cd53616c
a306982a
41d61089
67e5a66c
7349f0c1
31797687
810531e6
884ba1b6
cc4aa8eb
58a73724
e0c55c13
309d2c61
01eb130a
14ab5d18
f795760f
95d3482f
df7793a0
a30b2d5d
6e0d7b2c
6d73db05
2a1852b8
d561c81e
b79e4eab
df728bdd
e8fce43f
855de436
b32e52c9
e302bf27
8edc07b2
2e45e7c7
7becf1a8
200faed4
820acc7b
a8b0d4a1
06c60512
a1560dde
1ab29088
f7bddeeb
80d850f6
e6de55e3
e035e303
6e34d49e
8d3a8043
7385b500
4f903b9c
46704265
3ea1c221
ad328e89
7d5ce14f
5b5c4b0a
44a64ded
89dfa383
edaf144f
387c1766
1d60ed8f
d70c8342
a9a11ade
48b3c4df
feaee943
8061e704
99cc6345
17e97d10
1814756e
bb690f02
88c309b0
a773ad88
eded914b
615434ba
cb907732
4df74e13
e89eabfd
f1b694ad
d140b698
601c9002
edffec23
fd5c7665
441d5c4a
5e4678a2
274f4212
e9aa5cc4
b880b894
cdf2ed15
4801a0a4
4de35fd6
d08dd1c2
dd5b2628
634ef108
be4b93c9
97e90851
a3939dd5
b8e94be1
816d7af0
7ee886cd
4367ff2c
7de36425
c9e17f50
3a289f31
a432d5df
695970b4
eb7d6682
71639ac6
7b6082e6
8dc6945a
d26f5350
ec40e165
ff5558cf
a7ca5e25
4ccae38a
a79c5ea3
65452b33
dc53a9f2
2f704f52
ed88e303
3d9fbda5
432c8392
26ac4d32
86de6c59
fd86aa95
7c645400
6c8b3f6d
1ce460d2
68288a9c
c308252f
4c6e7c82
076bdf5f
7149d511
e063c13c
ef7160bf
d673f289
3040be1c
fa65db26
aa3a3a27
85337b2b
4c1ebf95
07f6cbb5
7a510e06
00b7617f
86678b0c
d791b504
c6f16d27
87e3df0e
1dc6f845
b4cb82ce
9dbf71e4
35205e87
79fb8138
8b4f0b4b
97bef42b
8adf84a4
a1831941
6bc7df8a
a5039399
a657445e
03880dc9
85cfbaa1
4e6ad114
f342d69f
8d819b0c
a472de6d
5bd1ab3a
7a3775ec
c7993bcb
2f491c8c
84633fcf
4e358641
6f44fb1f
acaffde3
97a21865
c0656084
8bc1d28d
1105853d
8fcd4cac
27fdacff
4a871a5b
222a9be0
4866d875
6188be95
38339112
4567e101
1cb1fd51
5e56771e
591765e7
e1d9c8d0
bd4e2688
b342a3b1
7f115a26
dbf41cb4
98e4f785
88a370c2
d0966dbf
58eb31eb
32b63c52
99585cea
2d92616f
b6ff84f2
a5c9a5ec
1023e8f1
a79db6ef
ab765a26
97cf478c
ec8bc6c2
787286be
e436e005
de09106d
a8a46347
f2a93e9a
78f5e86b
cba0a7f9
3eeb9369
8f0b1f38
860a504d
32e07854
bde356ba
ef35aa94
b4f72ce9
129738ea
dad46319
5a1c2537
5f36355c
86b12969
1ca7add8
6af4a9cd
42b1ace0
a2be614a
1f4b6aaf
93bc9bfb
ae733ece
8f8dc312
7b9690cc
082406fe
0a790736
a75e76f2
06ab819e
6a2b83fc
677fc08f
c39349ee
c8970040
67f8931e
10bde4ab
c0b2e935
f6f1dfdf
229f6628
78501144
34abb079
bb55c22d
0bf8ec9e
972567eb
0a10b887
0fc1d881
6f0dde13
7f423848
1487bd3a
9e1c1cc4
097428de
6849b9dc
1a0a7d75
444d904a
5c8fc8c6
d7b7370c
1905b77e
6702d985
bfa9b096
c3891ff2
30d54fb6
f32e09bc
7071ca16
ec7e6f6a
63afc11f
38e318e6
407e6713
72e85520
de1551b9
ad431f58
b6bb51db
c4473c81
eaa98200
a74b65f2
3e88a883
182021c1
94a3a959
12fd39d9
0f195f64
598d366a
0573d219
ceb4176f
c78117b8
b1ccd540
1261b380
f4166789
81751551
6dc098f7
e4ed47d5
dafd148e
7e38718a
a78ed45a
8624d5aa
1979a1c3
de97f446
0556f24c
03c605e0
56bedfc9
82413928
73c2f0cd
1752d06e
dea369ec
875c81e4
9586f9a3
8df73bc2
2a4e2f8c
71b68831
7b5386ef
e8a19dde
95606b1b
732507cd
3b6524c8
942ada1c
898a6cf7
01ace559
f16da275
47518864
5c6d05a1
a3a54b2f
08a9d3e5
33647e2f
0a4ce9f6
fa7b8da4
ee8cce4a
fcf36f99
fc7beb48
faa97a4a
adbe5a7b
5ac47c67
756dd47f
9865f5ea
46927b53
bce1f3a3
c2ee0350
119cfd51
d2dbe1a5
8c4cc2c6
e2ddb1d0
fb44e2a7
dd34698f
3d29c17f
d6ac84b4
d3c38cdb
e6e983c3
987736e4
d1364c37
a3964c87
d94fd47e
47815fa3
a8408577
2b6b56e7
f71b237e
2b3b1d88
8dbdeb7b
a793e9cd
14e5a7da
e5a01d39
5e592b9e
dcee5642
d77f2af9
8f3ca5aa
1a5683e3
9ee7fd61
d74e6d5a
36cf365a
23dcd648
18769c91
602fa5bc
4ff66fd6
d567f74b
b5ce7a84
1c3e5a1c
eace2166
53a45b43
7aa2561e
ddc6019c
4d21d178
1bad7914
662652a0
281a43a5
e35b9e2d
26ef36f8
2620d1d5
787415e6
cd04f514
e8703669
4fc380f5
42d67311
0e168d85
3f68d154
5f6b039c
80743189
c995ad3e
aa263e34
d4be897c
13b879d9
c0997fd2
c1d3991e
43208133
ba2fa005
9d380e48
fad011b4
f204809c
31737159
60324d38
5e9e822c
745d237a
745ccd9f
21e87bcb
7db9e9aa
ee625e8d
abce8959
c717ce65
415976d6
aa571bf9
0fdabeb9
3ed6c126
0174597e
80741b5c
577d4489
f67baad1
2bce227a
47ffde65
9bf2e61c
30a08ec2
865f7bd9
64a2d707
b917e5a4
12fb8ea2
ace281af
691eaaf2
fe98dd36
48d56ba8
ca591445
6236c86c
6ec74558
f2fda5e2
eb365950
6f886e61
070b8f4b
5495d665
e875f296
b01cc6c5
99ab3856
745ab236
d5d084f7
67f60dc0
0ad617b2
3488ced8
50a6e220
3d31cc9a
c121c3cb
68ec9cb3
dac6613f
0ce2b1f6
b850d36a
59997241
824e7abd
cfc36a5b
f6c67577
e1bb7a8f
72fb0252
5ea30c7d
a52c0ad0
8621b183
e4b841db
7e5264f0
2d28acf2
debde55b
bfc0c2e5
ebe2619e
67b61881
9bfd3890
b5131cba
50813a02
e707a234
5f653551
1251a48c
afae7259
384ea636
742b4533
3d14925c
d5cb59de
5966d626
95f39175
5be27c6b
5fea45c0
aeb51198
b947949b
ba4750de
ec6f5a50
8b0285f2
e7367e48
4fcc9a98
d9fe161d
5617d66b
5ce54b86
98269a1e
118d9466
e08e48ce
f40bbed7
bad0df5c
4687b30f
b6e58a0d
c677ae88
461648fb
62ba9c3c
14be7ba0
68a17450
5043d9f6
b432f7b1
bdaa5f2e
b065556e
530b8de4
0146f898
9f206a7c
fc0c763b
c3785717
2a741d7a
3eb1d67a
dfd1229f
1e257686
8ebd34e8
9550226c
b442f702
b8192610
5b0ab4bf
cc601397
a92f9944
41df950a
f5bcf71e
0ba518bf
d5b53dc7
fc79bea8
6771fdd7
b6c04c84
50e56f87
42508928
def4bb93
ffd17909
2828aa1d
83c0485f
aca3b50d
07ba6916
96e2873c
7c2caf07
92068468
831d1694
29047e60
b812ae30
65223519
0fb269ab
7101228b
7a1379dc
1634beee
e06b6ca1
29b90700
f7f7f67c
786e13ba
69c8240e
a2e0c189
257e7a23
94231530
356299d5
d5989952
ec3b4d63
d1b310df
a7ee5461
8d07c3a4
d754a245
a8215130
e056b02d
5bf946fd
d46d05b5
c5ebcdca
4e95720e
7ad77ca9
06171736
7be6c803
ac87876b
51f89734
74f5264d
1427f800
e9ec8d3a
d8447fed
3c48f693
1bd6ab00
ea277370
1efdac25
0a82a6c0
fc21e04b
174fa4e2
0bb74f15
50e2e946
b40f1842
214cfb32
fbfc7677
8f944b36
b3d443e4
c906ea47
792e07af
44c06508
3259a8f2
32ab0baf
e8cc379d
7918bb63
acfb8f7e
7d29a837
8ede4aa4
eef34c8f
40fcab01
c4aab5dc
7677ea47
bab9a08a
1a771af0
0f3a19cc
c2dbf907
cbc5c26d
0cfbf8d5
c10a2d7b
6d8884cb
52d0aae9
c2d683a0
4be835c5
16cc3de0
1fa4f199
41da9b7d
cd59e5a4
ea3634ae
ef173007
681b6a1e
de7dfb87
160bcb28
2f65bc11
dbe74fec
27e41f38
3be0b236
26104af8
8c4cb3e9
d6e4cb10
ee529ad8
14a46a35
ec44a00e
6592ed0a
9f493b5c
0054dc1c
a47e458e
e7888395
0ea90143
a5a3b374
a8e6f8a3
dc34b688
25f09b92
beb20dfc
c6814076
6a332c30
1538fa67
b41800f1
6226a378
3b614e79
54baa83d
18a9adf3
a0244a20
7d25a105
8dcefa91
0052f61e
6411c816
89072e4f
151463c5
b58d3ae7
dda1fc5b
d3f41e32
e4dc5b82
6afcf9db
809fb35f
b7be1458
a9e67033
273df7cc
a65809d9
e919f329
4700d82e
2f17d3e5
eea3bd75
22f13b98
d23cb4c4
a91deee4
6c50d6c7
43cf7be4
865ca7e7
572733e0
f7e67230
0c87b2ef
5ad1ee00
10b604ac
16b7c46a
2eb86e5a
0ae39b01
751cab83
007e2ef6
260cee3b
951c91bf
69a6b9a0
154dbea5
72a6376d
811b197c
36cf19a0
02e6ef0f
ad094fcd
c97a2816
551f2089
db044f84
499d34e1
2c547053
414bf1e8
8172e545
bf320d69
e4aa10ef
9bcff6d4
fba21b97
54d3038a
67553df2
13e705c7
5ebd3103
8f61baa5
b1ac41db
60864330
992baf13
90b337f3
6391c517
b8639672
cf5890d1
7e6956d9
130eff09
158b047d
e165d127
1acd71c8
3400c7fd
10053372
37e99ee0
2ae440a7
ced60f88
e87f587a
5a387ff0
ebcef99b
ee371077
4c775210
f468ac43
cbba9b0e
baa1c693
3770538c
b7e24c9b
dfa375a6
7efce116
f803d2bb
ff0fed8b
38660247
2cc2b8e2
dd5c14cf
1594e3cb
3f03ab8b
120b892e
858849ab
d116a30b
93b0af1a
53615a3a
20c2a076
14f7c397
eda0bbac
7ff07b2d
c00765a5
d82e995b
059d995b
64bb3721
472f35fd
7f177b45
d97b78e8
6092c210
3f8805b3
20f45db6
34c5008c
ed417936
aa937bb6
2d0ec79f
7ccc899a
ac97dd25
029c95d9
f08454ca
df80f810
f1d1c1a5
bd944a34
57dec06d
f25b4259
92b16628
9803a8a2
acd42a72
ab57d6b6
b396f19f
69e48521
6ee53a90
1b0ec193
a8a2a60a
1d10722c
87aa3ce7
22793fcc
308c17f5
5e41823f
c1181f36
8d220cb2
2a1617fb
b93259c0
305c69ea
e74c1c32
a252de31
23e88bc2
e2a67e47
5f13dea4
4b83a2b1
a12a0d12
1c48ad12
b6976bda
4e50aef3
96ca206c
c386852d
7f273f29
4fab181c
8d86297b
b99d4f5d
b8af7b52
4a4bdfa6
51085536
5746d796
009247dd
70f5ecc9
605ed4fd
fa203b1e
fc99a14a
6a7931f1
dfc131a6
5315156e
f5630c75
87a6c60b
7e894442
9fd1af0b
6bc0f00d
3661f395
89b96d86
b0d2385b
745ae7e9
07948011
0b1a23b9
5d00a02b
df0544bd
1c86864d
715c6991
122e0627
caccbe95
f7cebafd
fe4037ce
6d14a0ea
aa4c7f13
c00eb0cd
45083ac5
19e4afc0
d1f85b76
7b14a875
abb58d9b
9fc6bed7
ec1d09d8
2ddef602
b73c41b0
4536ef90
6334b32f
87108c30
21979b3f
8f1317a4
176e6c2c
168d0c6d
33efc23c
b58be09d
98075dbb
43f70dff
42ebf204
4eba31ea
46b3a4d5
5246ab18
384a3043
4bbf7e27
3dd9aa77
af8e9301
fe00bbf2
c313a859
062c5fd5
64172095
c1b2a485
1d1d3de9
14af7dee
a23da6e4
43b5cca8
2547b68b
860e2495
cc12d98e
7f9e6011
1f06c67c
842dc640
41059989
49c33338
9601af84
211645ee
9e8da1cf
9cefa38c
e38bb89a
7db57e01
1f730fd3
5db52eff
0e6ff1ac
f97aa7bd
3925f8cd
aeec84e3
3d78ff85
a065ba63
110ebcc2
f300b4cf
f5568cef
439f707f
0068cbfd
0a3dc86a
dda26829
53e34327
040a1f58
446a4b60
ed499c67
30bbb5d6
eecc5b10
dda76e6e
995d2156
79b5f82c
ee45e6b9
1fb4de44
98d77a59
41186b19
65b71f42
6d08a488
fd3b7c8c
29a7665e
35bb6507
29a617b2
62d73bdb
dac58216
9a9c9d43
8dec6ac3
b1a1addd
5b440c8b
a14e758e
4fea56df
c7a3b58d
1bcf465d
7f410a90
eaabbbbd
20377490
480039b4
b1597bb6
40ace6bd
7f68a895
94c7947a
0f22ffc4
2aeef855
b5093905
0a8c8ce4
7ac6cba8
c5a84f27
6854642d
7467a8b4
b4c55736
e72cabe3
78ccbbf3
9254eb3e
477e3d7f
a64eb59c
f63aed30
75c844d2
291a23e4
3bf5ff5b
f813b003
5c96a27c
60a04129
18e94292
1d0a3b85
c638e5aa
21bab208
17b9678f
620a5b3f
8d3ddac0
2185e013
f35ea5d4
cb4c9224
537ca084
7a1c3cd8
a1e70a52
abd8a07a
f953ab83
f673b2c1
a1636b6f
2e6c1944
89b39990
d92b996e
47c88b13
92fa77e6
1eb44171
12b46aaa
fa98f864
2765e563
2f2377a7
cdf6bedb
ee55100c
dc1a262a
f0284583
fe2ab632
6f2eedfa
746e8cfa
29b05362
d2419495
e2c89132
8b17942e
4fbb66cc
a505b77a
7ca4ee6c
e3f9a8f5
1eedaba6
27e18e4f
fc93aa13
59dfa048
63a1a2bb
4bd4be14
366f8c13
da326320
651aa82b
04a743a2
413ece52
23eb18c3
d40df898
4c597bf2
01719c16
923f3a72
d8963c49
183a5a7b
de0ae53e
20e4d2cf
d25b6c8f
566a278c
230409b7
11200c0e
81e1e756
474100ae
022227a0
3f154b9c
2ae2af8d
7f3f7b31
04305f2f
4eb23db9
049dc1d9
d563fa73
97453ce9
f6575881
b58e5b7f
a5ea470b
bf69e409
efa678c7
a936eba6
66edf2fb
b09af06a
246c9975
66f3e98a
a74524ae
36e4ce44
c2c85e73
4364d04c
b12b2bbb
bac4975d
4ab35600
9c17fe7d
a0e17ab9
5cfbb3de
3c6dbd40
346000a2
832ed9ca
573de66d
a7c992fb
2cbcdce1
3609a013
5b0ad8c4
5efcda60
195f4385
fe17bcc5
a9ff0cbb
9284cbba
1b4c8d0e
de493ead
a1422b6f
218f99d1
0df5e597
59b07164
778499a3
c635d050
8fdc0275
37aa00be
c81438e9
a929e941
e5f77447
85f7c398
2e81ff09
80d61668
76d1bb98
71e1da4a
fc058ab8
ab4f4272
1e5bf43c
47bf538f
59ee90e6
6ebec7fe
1f87411b
aa22e49c
21cb4b42
15ca2914
50070dde
c1a905a9
5cc04d64
89b89c66
e0a35271
1b0cb3d4
282618a6
b3da98a2
0e072a4b
db4c2fc4
79561e5c
a0ef5a15
2917f7c1
8f566bc6
c1655b87
d2186964
bc277324
16717eea
c2c593ca
7a526190
eaa9b0eb
b71a32f2
25db3595
2da506c2
e6f6e5b5
bf41f03c
3223cd6f
761ae2fd
8e380d4e
56ae392b
24cbba66
5d6a6583
139d92b7
63477a79
4ac51cff
3b4bc190
6c600ca8
cd89e925
93a4b52c
cc06662a
08a9dfdb
c4900b74
84bed841
6230ca44
3de4dceb
51f9f6ef
7a3b99a7
cf197932
4fb1fed2
4d9544de
e8e4d8ad
1c63a007
e9b19136
d2912bed
14ed7191
01682e97
ac8466d1
b47e301b
cbb14868
ac160e02
85de04b8
86efce36
fc603da4
96f3dde5
2b7bf605
a68ff247
c99110fb
50e64577
a87829c2
a013b56c
d951b804
608df57b
fb838f7b
ee003b86
3c46f663
47477dde
3e8a6432
b15160c7
1d61083a
69a16a35
cae136c0
0f4123c0
04c4f308
399e6e20
d896fdb8
cbe0d43d
dcb9adba
ba37f2ec
040c1f90
6e174702
79f5c7fe
86529869
d8875e80
9584a70e
3bd8d4e6
3440ea53
29644997
ef4737ab
e8a547b6
0a9e7fb2
62ed8603
0b8d08b0
48b29370
ac6bf7d2
b8b9050e
4613f08d
476d832b
720f7d8c
9bb1662a
b9e98241
1bdec623
00f9c345
773e47d7
13820eed
304eea01
acb61e33
419be936
6d8d3955
c229dd20
c2c21ee9
e2a57ada
58be0199
e755636f
c556a06a
f15fadd3
6c2aa4f1
d46ad5b0
b72ce643
3b4d0007
5b1434ea
25691132
0a068238
9b8c4d57
af79ac87
09c7da13
d28b7e21
41faf299
f9738116
146a1077
ab837612
625a7b7d
91a0e119
397b3a6f
06ff52b5
f9b30ed3
ac2f29b2
55e29a15
0d0e1d33
3ac94c9f
3f948a59
8e8d7c3a
ce53eaad
8d71dbdb
223e9b98
fc2780c9
ebb810e3
3f3a13ef
cba0823d
d9464ddd
a504c09c
f0192f27
fc85f7a0
5f9ac13f
7791cddf
c04e230e
fdb78cf1
1bf26323
11e8d3f1
46d64a3a
26b18a0e
ac7151ea
9b7e7279
e62f2933
b823b807
cf40d4fa
7aa4a102
fc2302d5
ae90c613
7538d020
935cbe6d
20034910
5766bd74
931ebaac
a8d4021e
bb135827
c3c3f169
28003026
3b019e42
d5d1a471
30d37e98
e130661e
a0e5856d
ac8eafdb
8da13111
d475bea5
96c4be48
56747b30
8d6e8232
1f6b88c4
64528453
cb51064f
7f4d9525
5ae93c1c
1081a9cd
6515b5e0
c9574d46
64237506
b40a0ea8
de87cb4e
6677e57a
15448020
f9e3a78b
11532d0d
33709b4a
8000993e
911ba613
576a6774
9fafa7c5
50ef1583
cac5eba9
536b0227
4d8ba7ce
0553fb08
15a3196f
290cfd5f
e49d2f35
7a4f9969
de4ec7d6
d4336ebb
4504b5c2
ba3221d3
cf8c8f22
360d1d67
c11f4e8d
ab7bca10
21fea395
17e3e5f6
89c807be
f5ed0196
ba507373
523e73ea
d992a016
a7768cc8
d0d1f31d
b3b6368b
5d7cd8f0
89448255
0f01ae72
1b153571
dbd99f62
9a225136
9273365a
aa67c935
50821729
b01ab261
e4c728d5
09dc8328
1e2a7b69
73e3bf67
fc09ad22
5ebf7273
8b28a73e
3e1624b5
a4549e80
82641923
8d762321
9b5e41c3
8f7e589f
dc7445ac
b0adcede
80b5912a
956a3a83
a11c39de
343438ee
4b76377b
9b8c0600
996223cc
a20bc449
588a4c1f
7677c0e8
3a786a91
47e85b6c
aa7eab8a
34880ef1
39a1bdac
4d859a64
426e0199
c8070129
f19f7132
0f14c5b7
13190f24
b04d6957
8855ee6c
c991efb4
a9a3a58a
0ab74e64
15fe5ef1
07a2a884
cea9dbc5
33caa27e
c3d93d53
70c6343a
1e1040fd
e9a4bc2d
5f28dca7
c2d755ea
c4e0630f
3a030395
98578aee
c34155a9
7cf711d1
a86bd714
41914787
67e12770
7ab4dafc
c702b7f9
8ed16cac
c7079173
ec24517e
5f067cd5
7bc5fa97
bb576ac0
a36c54ea
e0b1e1dd
6ec904cd
7293d6df
f26c3cc2
7bfd0891
59a9d0a0
1f529b7c
be30c3cb
e7c30ef0
be06932d
5765e03a
cc958430
60148085
316c5726
1eebdb1d
1d11270f
962011d8
7e757c0a
07a144ed
7143bb1e
30982e32
6c49a8c7
bf51797c
48ae26a0
2625ee5e
9dbc5045
878616db
06889135
0cc7111b
5c19e1e4
d5bd14d5
bedfda25
2a12375d
6bc20b63
33ec3071
984ae85c
5ffe95e6
938e3ac0
42b9f847
ca21cc46
fc2dadcb
6bdf18bc
6ddb26ab
12592b8b
fdd00c9b
8fdff32c
f3702fd7
abd1ad90
1fa38c32
bc7d97f6
7b84f6c9
acbb7412
5914b5bf
ffb4b18b
0226764a
a939dc3d
197d31c1
f1ffc3b9
4f45e7af
138a15e7
a531623f
ca736ab6
77c57bac
fda6133e
63d6ecbc
efb88784
79099a79
8ab3521f
bd5d7f99
cefab64b
16925e62
2d4f11c9
2f1e4fd0
01b6245a
b5edfa4a
990bae23
9fade37a
762a26e7
bb99a40a
2be05947
ef2d4995
4d03eab2
ea6fc412
d746d30c
2ed1a3b5
9e77becb
21339a47
05b211ec
90fd7862
bbbdd10b
c7a514ba
1aec0383
ae75f2a3
db9b3616
5bcdc907
dd805cb5
9baac994
7fbb36a9
540d625b
6e93b3b8
6cbe2473
cf887b51
b73cd469
2d7bd024
c9226049
72e96bde
1e398750
244ef96f
dd275b64
3fceacf3
653e9680
adc5f94b
b00924d8
65696a63
c36ae612
11d86605
37653944
8e11304e
d549c962
06c2d442
06608b43
4b087f8d
8e1b7e6a
a6f86762
fd1f3b86
bdae8477
82eb864e
cc5c660c
9ab3b386
eecaf379
048d7d56
463cad01
0556690b
827a6291
70ec80de
610eb069
55edc9c8
0be9ceec
b533f656
56152fb6
321f58a8
c579f808
019e6bac
728071ac
e8dffe3f
031ae27d
7eb09059
b62d8872
37dec863
a21d7cfa
9616ad09
d9dae35e
6b60aa58
72cf8ad0
02b4a2e2
be1ac5fa
860472e5
635f0705
2d463eb8
922e985f
81bceeb2
0bfa4413
0f39b81c
8ad68b93
cd8ac244
3dee6565
3dbba8a6
36e30aaf
1b654a48
8fa1013c
5c9100bc
197f2433
8860ec58
7e5f64cd
687cf10c
31197cce
caf5e57b
e3902aed
830dd091
711a58ee
1a43ae53
f2605d6b
c103edf6
003500e1
5aff2de3
15577063
e3a62f7b
84812234
2683d87a
15d05aa7
f968b501
5ad07709
57664376
a1c28bdf
938d3093
7ba3aa94
1703ac04
71d358e4
ad0f9d47
3f3810a7
61abc29c
803d146a
7fc10699
14ea8246
0d9f3f8a
9d5283ad
f0e0dfdf
e7899c96
85491e99
bb4b4fc3
ac8d4bce
6f89a393
dd08abcb
cf53f064
a0c43cb5
3aaa1eed
89862480
80acc140
bb5105c8
f42c8933
16ad21dc
26802c54
cf6aeb29
8d408e46
7e611d57
ad5f12b4
62daedef
b60576c9
d1151ba1
40cc9d0e
08d55304
259e2d11
b9b2f6d2
f79847a2
1678cbcb
c84acb85
f583d422
7a58790a
1d77ac1c
220f6862
15a49a7b
e00a7db1
8daeb8e4
b20e3ea6
0af3ae34
080e7823
6013c10f
ddec11d5
39de38c4
d1bfd67a
3198570f
f29d49f6
b6e5ce4a
a41e116b
3ca8b70a
d8aa37e4
d88c8675
8894be63
4b6e1aea
2ad3ca66
7d0a4e44
76635a66
753e8d64
c349b6e4
b567f51d
576b57a0
cdcb9f93
176e575e
fe7331da
9ad7a9c7
77dd437c
39748fa0
0c6b3804
c2a81f56
f9a5e6b9
1a537c72
4d3a426b
0647e682
84162f1d
d1c104a8
c9e3616a
77de2e09
28aea6b6
90ac630a
274388b4
fa7701a8
8e96c320
fab25d6a
a498649e
a0f6d706
fb2990de
9cc72309
e84dfa3d
6d285ee7
989eef8c
7ce904e8
8d2148a1
0c727d3d
9a6907da
2da7603a
2bd017c9
90f73ce8
f7ad49fa
ea45fa04
79906d86
121e5752
a390d773
baf34602
d77f7974
d467c5f1
b3868a91
8541816a
a33ba931
1a4c512a
b7acc6ad
591a5674
ab8dfaa5
ca6640a6
cfd6efe1
61ad1863
126a463a
3499f7c8
557d179f
ab172a01
a9ac3e08
67a9198d
3121c753
3462d58e
b2bb54f3
cf136ea6
786ac88f
9281dd37
9353ef98
32ef21bf
01333624
b854d843
f9839b80
8d063ce6
dc36a3c2
6e3e3844
98350cb2
b47bd8f4
1a0cff1b
a0dfd898
1d254462
35f7894e
4228f419
5d168986
2ce95847
b3aa6697
6fce4d0c
5bb1590e
1ab8c2d0
57dc73c4
7d47ec01
99a36be9
c69c6761
fda73604
cab79646
476fcd64
da6e16e6
18334524
bceabe0f
b966c8ea
2447f7d6
be2b2deb
a6fb096f
1c1c8f88
e01e427a
1a78809c
46c04e1b
3da3fe3a
ebc7d329
4c674b3b
47374cd4
956833e4
e7d872fa
e8811a93
92f0c035
e31031b8
57260716
ad750d79
a03b88d6
22df7561
e61f1fa9
6e486e53
3caebc00
e76b51f2
2d09ad05
8827e7a3
36da683b
b1da11ab
6e1c8932
8f3ab1d5
0c82afbe
d6926fcd
d8b4abf4
6b925e81
dbdb463d
98aaa925
f2f814e0
5f78cbc7
3ca544af
58f1d352
0ec83b22
f3fea2ee
0034e808
0fa4bb62
b966497f
e3776e7f
3f79c081
70e0b74e
918b9055
f3c71464
4e5cf050
a3a89d35
357cc433
80ac238c
e1001f71
8a416311
a58c52c5
cc82eeaa
32acdf4a
bc71f957
8dc7b1ea
f39625f4
13ee94fd
d564f925
e950b36b
a40a1e8d
1dce6a13
e2c2e825
0ec881b3
c4547355
33911965
8447d6da
a27260c7
75e830ac
3c14f4d9
3ba4dd34
5d1ed8e7
36be4733
53eea638
94477755
b3c6b896
0a46817c
00ce4660
5dbbd947
4bbacd53
8efe2783
671bbd90
38742055
bd7d0062
5be94f2b
061b7fdc
10e6f47c
2ff20313
15cc3f89
03d168f2
556a6f7f
974575b9
90f23951
113bec72
725672b0
fb4740a2
8335bf07
f9b6bdbb
92162d02
dad98417
591ce8b7
1c3c9617
28e718e7
5cbc552d
756f6037
9228e05a
b50e9a1e
1582f05b
5203876c
688cc713
52a94214
d122675c
388e4ae8
f2579572
f953900c
e94f8ea2
6bb23b6c
0e0c9e6f
b9e7c058
26346c93
36f9508c
46c58cc1
152da97e
7c005822
18e6bb01
e1df34d2
636afb2c
e7b803e5
91f17d1f
a64b9742
c5e45ac5
121d97ab
237370e7
2c35b369
8fb71d19
47cd4bcd
7405856b
b2736003
debcf32c
072d6053
946f5ede
ffd44e0f
660b15fc
3866e4d5
216069de
1c10f9dc
7c443f7e
fff41c0d
dfb18dbd
639d18f0
35e2db35
b21e1f1f
44d74dae
05c6e64c
b64573d7
659f78c7
ba72a8a7
62d96323
06876b76
8021864c
b1e0ff0f
6a95de38
7333febc
a6801473
b8434c5e
739f7ad9
8c84a7c7
9e285276
fe29da4d
7d95f2d5
cbabe66b
8de69de1
b4ba4d28
583aa937
3f1ea504
a7122589
084441ef
b1e6368e
8a03196d
8e1e5534
83507f8f
c70d652b
bb7f59a8
24f0fced
6e9b57e2
cbdb15e8
8228d910
7c92d31f
ee3ef213
f90f4984
37f3f080
9f83081b
455404f5
2cf118ea
abe3d8e2
9be8b348
0060b613
5e3f0c51
6f18535f
4664d9ed
4b9d8de8
7226e545
6d6dee21
a65c1aa5
5c414eb6
23500be5
056509fa
d943fe67
5421fd95
9c358cf3
c7ae321f
006aa721
cd49a2de
29e33130
1ff206fb
83af69f0
a9b60e3d
fe2ec05d
dc98ca6b
8fe784c7
f71b4464
b619867e
42af906c
863ea675
38bab814
808a7d6b
30fbc202
8d1b0c98
9fe28ca2
18963601
097daa12
107fdfb8
36deb97a
035d8096
5a29e19c
97339793
a66b532d
4875f2f2
83b98bc5
a6940568
e97c9208
3250b10b
804e23e3
b699e8ce
2cc7f3c4
9f5ae19e
98e96937
a39157b0
baf85bb9
12cfafbf
c7df8c90
4e74b191
61e3b459
9e70fc3d
d4a994fb
55d4a5cc
9948d748
be3eedae
6206ae5f
e22ec697
550ce55e
07d1fef8
08622fd1
fd831e10
c5a1631e
f67b1abf
000b621f
5cf2052e
a6a3bef8
38fb6d3c
d33fad3d
a70bb3c6
b8b8c6f1
6bfc769f
9d4d94b1
b7d537b7
9a222605
ad6c6f8a
d825a5e4
98e4ccb9
c17fedd9
48dea5f6
c2a43d84
9ec63289
8009f0aa
95c5ba86
64441c25
cb5e4304
19eff04b
f93bb766
ce069c85
4776866f
2b17f998
a2ceee04
b0071df2
5cbb4ca6
95fad2a6
4b2ccc29
1395dcc1
3cfc286e
9082954f
19c7419e
f721c85c
28612fd8
08e88e2a
42077b1c
5ab61404
63dc8abb
77c34e4b
019259e5
b975d9dc
86246641
7e3dfd9a
aa9aa385
4546ada3
5b9580b3
d6442b25
dfc5c3c2
a49d6ca1
a5e94edb
84d68452
b0912492
eae1a2ab
4829133b
ad9813ae
3214ab9b
670f4c66
2faca7d5
a60727f8
94e2444c
945ea256
b1dce401
027fc4cc
f7bc1741
e9ef46e3
69863edb
6ce5ba92
2844948b
f96c3b75
287cd338
770ebb27
c052c617
36e497ce
dabe2a75
f8b8ff1f
2275e0c6
ad29f75a
f70a6532
7e6b2936
900d1e8c
21b89d57
c6941bf4
cfcd5277
621e57b1
47ec87d5
e5a1bdbd
86c388e9
c8f8ee6e
63fbeb6e
f09df8cd
a461feff
214d1922
d2e6c0f5
7a6567f6
c7d7fa14
9f3a6867
2db63ac5
0b4df135
8bb2c6c6
61d84c85
45e90eca
75a16a7d
d1eac2ad
d0d1382c
67ba3fdb
3a002f2e
12503434
56b0fa2d
1e595ce4
e9f3b1a0
c7c486c3
1c806130
45a7e6a2
bffbdd2c
7052831c
5ff5f96e
ed27a868
6d7afc82
3e3e9916
5f87ffcb
fda93450
42874794
bfcc7005
9f05c03e
a9dad708
91e688b0
7a5929b2
fcdc1f80
bb231365
1c06af33
ef090c58
e12d03b3
1837337a
93ca6334
227c0ce3
858d6469
bee1cf3c
a0ebe7ef
48856ca1
59518dfd
a225cfb6
5a90eef1
7ca361ab
558fed56
16a3bc11
878fb54c
94652d5b
51c0f802
a3066a64
2a1eec33
f2505974
cf1bebf1
d0a910e0
e75e6dc9
3d1d9003
658f145c
4b1ac304
2e8300f3
393f066e
14b197bc
5045ebb1
c2cc3fca
6424e930
8d75b41d
1b42a0d3
6f0ecbe2
9b0f7e38
b9564d10
81769e1c
40609741
c983b6e9
a8df2d86
e07c814f
dc9e25eb
bedff947
3eda466e
c899c528
1663ecea
c27c14bb
9d4ad5ac
7565f388
d7ae5ce5
a051534f
e79ae1c6
83d94345
42161b76
479739ee
2723fd18
16a8a31c
330de702
266a23a0
23d30cec
78000211
8c04868b
e0159153
fe3ea2c6
23c382f2
5768a775
bdbf6544
dd583dd9
30ee6be5
5cb46ba6
d2291160
3e38408e
df97680f
6ead073f
13830677
5f183c2d
70738cd6
ba005d95
7d006867
c22ed86f
63eda797
969b0054
e423eeb9
f5607323
363ce90e
2010395b
9dfc5e67
0ca01193
8f5bc480
da6b3e39
1bd1e205
8a54d007
ae3a4f59
e98a8999
d1484644
6e1b44a9
a2b656df
5be6a2a7
a9b90ac1
149a793c
8d390ed3
5eeee7dc
6f733973
74fa0efd
7a9ec86a
8c6d7327
0b3bb751
11d37cd4
bfe3a3f6
3964ec95
a1e13322
5a6f8d62
e304d979
c6d00aba
7c923f77
b4605fff
7edf58ab
3df47ceb
b13b8de4
55a61c8e
c4b7e190
ea145846
3385c837
6b9d7921
f58d809e
9bbfcb17
d64da17e
41f1ce48
1ae5df6d
f3b60bd8
6ce02060
330790a8
6eba983d
6b38604a
c64b6921
14fd6245
1d252676
2d055413
1b608428
cc548b36
52b98f0d
82bd347b
58d8925d
0ef05e6f
5eff4ea2
3f803f05
cd70476b
ff8ffd04
71813615
8736cef2
8b0d3619
83fde056
3244c01c
85ab4f2c
e64d17cc
2c31fcec
a7cd3c5c
e76a9f2e
d673bbd2
10be1daa
ab6b793a
9819e796
160739f2
7cf8f6dc
fac18722
0eaf95b1
2cc783a1
895c86eb
9650add1
57f4ca71
64477500
7993e468
71565bf3
f66119b7
a68ca384
fd7697a0
764ba743
c1736c27
5d6c62bf
bdb8779d
e84118e5
d886f41e
f467a41c
1992edd7
94428226
85c6cce5
0bbd8ad9
bc96a614
70b50dc1
ecd6ebd9
68155a81
7862f254
384593e1
024a755f
4a0e6c68
8eaf46ed
334fb0d0
04252e8d
d51d79fe
c3721fa0
51660787
53555f59
cc1fbba2
ea26f430
861e237b
8559c3d8
5466074a
5163d5ba
630a7b3d
66c064e7
df3f657f
8b6541fc
ac46bb42
79a583d0
1cf0e13c
fb1b1a8c
045d6629
0ed339a6
509de2c8
e4b14b65
53bcadb0
6ee94fc7
bbda4f62
59e437b1
986c0c69
d4f4451c
075a2c26
484d560d
abcd79a0
0df4dcf3
e147f4fe
adc195e0
d6ebcbc9
f6c456e4
00e0f174
c3cece02
253b7873
43f7bbfe
860e9532
db0eb866
c34456af
7ca89c46
ff029867
51692933
f05014b2
589794ed
571c0058
64763fbb
cdaae757
e7a50996
c78dc249
89a3b20e
fc8ab154
5d3452cc
c439477b
741610f5
3509ff39
5c36a253
ee0e384b
256f6ddd
3b9ee024
b84d7d43
07336ca8
cb257585
55ed9946
134f337e
842190d2
ab022986
69c34650
2b9b2d84
7a6defa6
51b4fa41
9ec1d782
673712e5
b8105efa
92169e13
179659cc
11d23d20
b72ea247
8900a679
3d59bdf7
3ab41407
c1865536
3fde7f1c
e8890f5e
085c8c94
74f7b00f
525d116d
3ba372ff
82cdf560
7be1904b
15009728
66d31845
d62d69ca
1031236e
ff315058
d98e0477
e4759a9c
b44b27c5
31ad41ac
42389dbf
207dd530
1a377267
b7a510c8
136d72bd
dd9cb373
61c31610
fd8dd2f8
89baef88
545d3a51
2504f5be
b7ae9bb6
16f4e974
b32907f4
c86fd64a
290c62e4
c3c408f5
9fd4e514
fbd46c69
7e9ed51f
cbb9f873
01009fcf
bdfa1019
90caf6d4
21a8a462
5b94a015
1ef4a0ff
265c5531
c2897d16
871c4da4
835bfabe
01e5dc04
7d081f4f
10f8e6dd
01e44382
eb3e0c72
755a2315
5b665ef3
17204d45
fdf18973
b67f2601
3dc883f8
24f9ad47
51175bc0
4f67fb15
4ec2c306
7ea3acb8
1e3a1c43
84d5f37d
14429a0c
fe9677b7
3560d954
d40ca598
b837bc8e
a137f19c
e16fa538
7014b241
f92dee9a
eb76c2a2
04d1cdea
0464590f
aad77ce8
8929ff24
6f2b7765
d9f75c5a
be4aa5d9
1246534f
f3547c4e
0356d6d5
f76e7fb2
8b116355
9ff18c33
724f1803
aeaaa3db
ee398407
343a5b88
04a28e1a
58ca992b
7b859b75
59f66755
d708589c
24f242d6
91cf2079
c40b5d1a
f0602cef
e5879988
8645cac2
3bbfff5d
84b85828
d8a5e6a9
44e4fe9f
056bfcf9
f4a5f9ea
580e3556
4afd729c
e239677d
0584ce44
3c7b632a
14c1dc4e
a7f5d43c
792fbb16
0784dc82
7607877c
c71708fb
a4c5a2b7
0e0f6672
7bfd906d
7d19b346
8903ea6f
05eab961
146937b9
b5ff0395
b702cb0c
1ffceeda
62c77018
231cbff0
bb030981
727bfe2f
a7655c87
9eac3712
eac318c0
847bc6f5
bb59eea3
6ddd9ff9
c6e81fb5
deded552
e486f3d1
7f00e61b
2b34bc53
7ee0be87
c0d220a4
d535b2f1
54574682
1b094a33
0640dcec
290c9153
81a015b8
5dafd86f
b7b74063
a79a07eb
bf90cb04
3ca6eae3
922b76b5
30c69e33
d8b859f1
d1c48a1b
fec34dc9
54799888
7b12cabe
fc0e41b8
8e8c507f
13ac352c
692b5440
5f604dd5
6c8103d5
53634e91
25257da6
b30d7491
8e93b310
50d5ae0e
36d74643
291a0c00
0c1d0b29
55d7bcde
671af9e4
fdf0ee22
619c548f
a65504b5
51e9d3bc
90b7c504
9c8af7c8
95c96d6d
c644bdc3
4656f63d
cb0ecd95
8839f90f
4cda530e
c4cedd08
15f2628b
98357cd1
bb8f7cf3
9bb2a53c
df92ad00
6f3a59de
8c4a2f2a
0bd22aed
301357d3
c76ffa89
733ec0c7
2d816de5
70983009
cc202bea
29e212c6
2b82380e
6f47bb75
86e8c81f
9db9d9c7
ec037d04
3431cefb
5b9b7b73
1632710b
66999d6d
97ec3988
a68e77c2
50475e73
b149ed91
11437cb7
b63b34c8
2d3ff833
5d44613f
10cefb4f
8f2f8605
84a2029c
fe25b501
949cfce4
d932a966
7d5ad077
bbf29d40
783b4379
3bfec515
7ad903e3
a2e71c7b
6177c6ed
34867e62
168a7237
92740b2b
65be8c3f
36efbb0c
b32b4c6e
2db04eee
0a7c8f17
729fef73
f1b3f75f
0bab4e9c
5193ceed
23a7f2c4
4debe67e
20243bfc
7d6d5b03
5708bf8f
b719fdd3
1eeca46a
5736a296
03a18957
86cef2ff
7622849d
9c69cbc1
0857a1cc
57591efb
b068de3a
29755d20
3dd0830a
3f2d30e4
c3013dde
ddfacfd5
4c3ad824
042ce84f
725c57de
41c66e48
a15b2d74
27549a95
688accc6
0c030e24
7df9046d
9c2aa252
1745de98
8b59b80d
4e9f3a42
ce62db29
dfb2c98b
1fc8ed79
e5700203
3fe5fcd0
9ec0b00f
aa6ba4be
0ea040b7
f47cad13
aa061937
283a1e37
f5dc7983
a304a882
79ecfa26
8d8f9ea6
081f85ff
227bf91c
e70053d1
4741d0d8
6ce330a0
4b426f1f
5f2c2032
ba1837dd
64896dcb
7c83a992
33510f78
e08d29bb
3aace6b2
e7c26bcb
237cfeb9
0fb219e7
46a1c011
124f1c8c
cd69cae8
19477186
2746dfeb
033ac447
bb650978
2230f48c
649be6d2
8ad72815
95c8e4e6
3c87b6f2
f081d0e1
f68f474b
c3498d24
4862666b
96c2102d
bb9d6a28
83ec8cd0
1dc16db1
5984a0f0
c1f68189
0c6435bc
f79eb75b
913593c4
908ac7f3
56abc1f8
71a4e56b
ca57909e
5ae3f7c2
3a8d2f55
aa8666f1
66287193
f545ee00
194c4516
976ab17a
7c9403c8
aba559e2
5ab95178
c9964d51
2b36a352
3a5490b4
c5ba1eb8
bf11d5e7
ef13e4d3
2da1e0ca
8a008fc2
6e87f08f
0a1225fc
668320cc
622d244e
13934ec2
d3fa09c1
1a3b1959
be852b64
78d02bb0
0d3a5153
3cf3865c
c5dc33b0
4e82faa3
1836b0ca
b3fcffde
9537c455
affddad1
88fc9513
da1541f6
cc682e5f
ce7e7985
3f0c70c6
8c571a3f
637f22b3
a852c543
89c9f817
263e6450
45a24726
2dc69880
1100c188
ce1bf153
f6dc611e
ff6a494f
52f0801f
5a53d274
e4b5eb8b
2b0395a9
90da4021
86a86404
24a631ed
07c965ce
f8a73b0a
55141cbd
e38c057e
f1a6ba3c
8e5b37bb
c0c137e0
dfe09df8
12ab26e0
2fc38820
b4f0ff0d
9787b595
17239b1e
486fcf4d
0a7aa9ed
4ef1b5eb
551f2fec
3d9555d1
9fe7206b
83a58b9f
bb2e7ef7
5f5d6dac
70ff88df
05843e6d
8bdff699
d47bd7bd
43a4ee57
bb4934d6
9c58a9d6
6df1ac9e
3a1464a9
223e637c
0bd0aeb2
249ba9a7
f451d9b2
959ecf4c
2eb7fba0
903e7a4e
f5fc44a5
9b57aa07
335b3190
3ef9ad7f
dade20b2
a315e7be
f036285e
29c09a96
7d445187
c3ac96ea
09e218c3
1d2f115c
405fd996
d05b0bb1
8eeb3828
0e439128
704d26a8
57d250c7
fd9b09e3
a3d3e187
4515004e
5a79479f
4feba3d7
ef07a046
2a4d6e83
ae9fb760
0af189f0
e69235f5
3de4f999
a5a4c855
e4db0a02
45ee11e8
03bac22a
f9fd97ce
6a6668ba
656e2876
c98c9da0
2401b7a8
4b551507
6e551cfe
eb84353f
b3d2a3a5
694cbac8
57b4ebb8
0899d68d
4a00ca4d
00d38fa9
4c4022e8
7193b22e
a74a39d8
57159e28
b63ef104
d382ffe4
87ef23c1
95f1c7b1
ceb7ffd0
86171488
cd3da04a
f5aa62d2
bc1b477a
938811df
2b575960
a5eeea5e
7f65c42c
48cc55e2
ba3cc62c
6ea9ceff
5ce8f6df
c6a352d1
ccf59b33
a2642b29
374a7b3b
a135dce7
f2157dda
2aeb71bb
19d796fd
5a5f1f23
ea760150
d491a213
aa231b33
eaf73a66
be5043d1
7b8afced
0b9fbbb5
f75bd16f
ba3ee645
e145f925
2fcfbe0c
2eb4f30b
060ff069
969f695c
22c3a913
70f4778e
74570e10
3ab4ed80
a08a5b66
8d17f029
8718ef27
85ea3abf
54e94cf1
075304f1
40739790
9ac0725b
6829f867
72ab1569
29070ad0
3bb2a332
8aa6766a
22fc9fb4
10c29947
25fe2040
f4cbe886
13386fb7
4ca9e9d5
b9821cba
a15c1f12
065b8795
94e7f25c
cf55e0ad
592754a4
dbba3ebd
82ea52c7
a0f74ac5
3030359d
00f5e7c3
6f4d6fd2
d988c6cc
9448b6ee
5fc6eabb
3a0653f9
c06a0e76
7b7aa986
7ca7660f
43f7a120
6a7dc0fd
43246850
8b7f580e
647379bc
77d0e8de
51c8f43a
db591cfd
b3b5d7cf
2512b00f
6ac8faba
6c942963
5b0620e2
4ec0e3fc
d0d274ba
4daefa8d
831c7bd5
46dd1d02
cd8abf9b
922785db
8a2a868b
708326a1
0831f5a0
31db4307
4a000d31
ca550607
ebf16dae
4605012d
222d2329
ef3cb02e
db2f7ede
4611cb27
4a9affdf
2bb0c427
ba9c82e8
504d95e9
f3f1e94d
09eae163
f40f7f8f
4665a5ec
63cf8ef0
22d07f05
6b298906
f2aecc74
60e2e1c5
64b7cc91
08644490
7456f7eb
f79303f0
6f32fb24
db02c782
6e98e1b8
13060768
4f962191
bff0f5a1
d8811ae2
e729a925
41311820
600e1c17
d5a21067
83a202c6
e6c6f3bb
d9f8c4ad
7282e600
30828b06
ad3a79ef
15e980ec
dc633cb8
8368bea7
7144c1fb
b01c3d36
226a9132
21bb3b48
f77d684e
e5e0a9af
527a7e88
ca024e47
4ca78fe0
ad411bd3
b188599e
10f42095
fc862852
cad4b218
fd5d4c05
1772f099
e867e9ec
e506163e
83f615df
ac373f2a
f5a0642d
638d74af
27dd69ef
068165ae
f0696dae
40879ba2
2e28967e
64386cc3
38657397
c50f07c1
47b26ced
68a37716
ea2bd5dc
fb0f4fcd
d1907605
fac491ea
4c2f32c9
0022ff45
4a1a924b
ce57e400
fe212a10
92ad601e
bcf50466
c3e23a05
d58d7ed3
753c7233
78cdfa73
ff71b980
22088767
7e06be32
303a4823
e0b38c0a
b9f82aec
7040ab7f
069b1c9a
9cac8526
f6eb2b0f
cf83bb52
94bfcb5c
3f44d848
9a912633
db8ecd26
3a838947
d5b2a01c
2e1f798f
541342f6
9eb3878c
83fcb447
e19399d9
a587de4f
6d07402d
687bbb6e
52ba7431
b0f4dd0f
7d67606e
860f5cdd
d08c86b7
edfac592
ec26832b
f7594aef
8299f2a2
72158fb3
b417c835
1f5bc487
a475652e
be1b67bd
4a6d0755
ad650281
1712c3cd
8d3744e8
7c441236
82fc41a4
6467adee
b7ec397c
b1c6f71f
0222fea2
769d72f2
18312d0d
014a893c
91acf4d2
714a3e65
81d6ae71
7b02e60e
ac2b6f91
fdf4aa5f
5b16539d
1535a212
039d3184
d77b6bcc
bc8ab924
dfd0b2db
c73b921b
9ac3e60b
851fffec
4d983997
6af07d19
567ca834
cf9bb2bc
90a8b724
b7f506f7
ce69566d
080c591f
6a038ccf
4ada3812
c2baf7eb
fdf4e792
f733e5c8
368f88d4
9e383a2a
c4d411b8
de923c16
ededb97c
1fcf4fa5
3f1e1f9d
fbe15550
4124bdaf
f1ed97b1
6ef6ac65
f657abe1
34c6ee95
7d7471cb
cf474d3a
7237cd10
de837736
d7dad717
e7e44faf
18e193c6
28ef12e1
8b65c0b8
291e5acf
0ba22b03
67105db1
b93ddd53
2039a362
381d0f0c
0087ea08
e95c7735
f50dd240
0e2f48f9
1d72c673
892a444b
c731bd1f
ca277a75
8cc91304
1b48cef8
f9ac2e7c
17f0528f
fb27ee23
5d4e4283
78b20eab
90e91fd0
9bc593fb
261e3103
14b7a67d
b11f0018
2797a1b3
23d6e7f9
04f4a9e0
896cc8d6
0ce55f05
7363e1db
cebdab73
71caa3fa
de793ce3
30dd4471
d37a8403
489b1aad
2d80a91c
8d15310e
1c6235a5
ac0e8c16
5624df8b
a0d67bc4
d94bf23b
6a4a011e
9beaafdd
85b63a36
756f3574
7d11e1a9
39a8615f
f4447e02
429681dc
8abf582b
4705653c
3f83879d
cbd414b3
54afe961
82be5a33
6dbaec1c
a4d97aee
59a5edba
05fc1f68
39e1889b
faf99ef7
67d07771
fe700a30
40bff98c
a8cbb956
2f03e5ee
4d23f1d3
675e5d42
8e6712e3
9745f69b
cf235262
249e3805
49b2fc3e
c5c5c8a7
f6624747
1460ea3f
4070a2d9
20009a0f
28f0b42c
7fbfcc6b
cbdd69af
da714214
fa682234
4bf78c59
995255b1
9dc3321e
5a394394
5dd7544d
1831764b
1df3e019
22047d70
ebd4c7d2
83e083f6
06044f19
4322565c
4958aaee
056fc087
31d3890e
58f660d3
1bdbd2a4
f706b0ed
ab42848e
3397137f
964c6fcc
8de3df6e
d15c4c01
a6ed003a
2cc2e2e8
3d71aa09
c7945163
aeb82bbe
7b76d72c
302cd06b
ae94b4ba
8604875f
25d17f9a
77e240cb
b65ba673
53ccfdc9
e74456a3
95162640
a53a2bc1
6981bc4e
cfb5b645
1cf1237d
aad890d2
599d5659
008243fc
db7a6e6d
6c06471d
ef4265ad
45e3adda
dcafa445
3983b862
9dd018c1
2e574a7d
3d6a510a
1fecd479
21869b13
46042ead
aefeeeb0
3b4c6c24
5dad8a43
8787a7fb
24ebf5c0
7d2a2f4a
e19f3f7b
90d14bf4
93f9eb30
c3376f9d
d0c9f397
b444628c
5e516e08
1ec3b257
d72d3477
bd57e0cf
3b60d9e2
56678881
0a8fd633
29254707
dc330319
b4564b1b
58ef3061
6086a45d
1496dc69
feb79945
7dce65d0
b6ce396b
fb229b76
9a416c36
db9cb258
a79d165d
162be7e1
8376585e
0828c843
e94caae4
ecd816e9
d56f9737
3dc4bbfb
a2de7916
d842c7c7
9db0389d
b4be2478
3f72e61b
25f178ad
ddcd5730
1629f545
74416901
01268046
bd2776c1
86517b39
2fcd33fa
055ea488
3bda6d90
41bf9b76
1f7270cd
d960acfc
0ee99fcc
7a96b767
b35d8f7a
2aecb17b
6349d1e6
933ad0ba
032e1278
78c209c6
a842e4ae
8bb40f97
3aab80b9
6c40c8e7
f6124585
5234a1ca
6fd279f8
37483022
3ab83772
08f40ab2
e4004f67
863e0ae1
7761075f
54c83846
73f3082d
2d70aff3
0f79bfd8
391291ea
90348d75
f7b63ac1
e76b2e1e
803687cf
97ea36b0
6b495a53
0d9fb0dd
0e8a4b50
e44ad3d7
554841c2
85d7b611
38b2c54d
301bdac8
a69e8405
75833c3f
6962e17a
f0f87e6b
91702db9
686632e5
44c77a1d
87b394ae
cdad4e15
33ac80a4
60fd0868
c59801b7
41e521e3
e06922f8
993f3cdf
95dd51c0
c41e9847
8573625d
5d712028
55974fb2
f97ba3a1
386b8a78
205d3648
a6782c09
d6789a51
094537d2
4722d464
5c2d8e5c
9e320ad1
67ef9300
f3b823ad
400adc81
ef6ecec8
25d2aad7
4d862524
f6f60337
b574c94c
69239e17
aff713e6
fcca8e50
a55e09d9
22cebd9b
341a4c21
b87c8a73
e4e144ed
5afe4411
0ea00df4
c6ec7da7
5ab77b4e
85d8ebbf
a62abdff
e05e55c9
52e13efe
99500ca8
3f6e261a
da4fb5e6
879d0ba3
78ab1c80
23c62c8c
d7e7ce07
e0e60c83
97a35fda
e0193139
93f5f2bc
15c04bc6
4d695fb0
6fd62a7d
ccb1f432
b9881a0b
495a4038
012986dc
ab9e77ec
dc586e50
a8864e76
66ec9f83
e14cc7a0
aff42763
71a1b63e
80c39efc
98a61287
7de85019
cf1cddcb
4c939c08
ed57a353
8acf9285
a75abac6
fd545a7e
28ff2b12
dad5cdac
6c5fd302
a46029f9
1a5c493e
aa03af33
1ed01ed6
9cdd2383
ffe4b1a6
7227eff9
440789d7
1d01194c
010c5125
95ce4a1f
aa2f60bb
c8435eb8
0c31ddaa
0104cd03
21b5f5de
4c7a93c8
658ab546
d740ef70
b74db3cc
fe8de237
501434ce
2b21c107
0a2404b5
c2d310c5
9a5cb406
c5b724fe
cc8f3a34
e8bad403
5a9a97a4
b4b5af11
fd885254
49fc67db
ef6bfc7a
f56d18fb
3906a9a6
054f14c3
12601e60
111d6d5d
18c098b4
a4748913
d95b36e4
2d3edf80
94a6db3f
f85b3d13
e683bb66
b65d0ab2
b1b1806e
de6876d7
207772a5
65dcd4ce
6721534e
1f4075b5
16334c2d
df3d0a7c
d62a48db
d63306c8
5b24b904
57167898
b2e13f95
4d45f98d
5b060034
bb1c5823
c23b2f3d
3b1e4063
bedf894d
f6ce57d9
9e65ec85
731023b2
e8f46358
8cabddeb
142999eb
fa639cbe
cfee6c30
b268e718
5a0c247d
eeb5a3ac
aba3f210
094d32c9
336180e6
4d0fb911
0528bc26
27eea7f2
a7237add
aea53e48
7ec4fb54
f5514125
e2d1604c
50528c6d
50e46986
7e8b7b74
2f28acf5
29194a39
ecde6e87
f651b527
a186b702
11be0251
1672c11f
464befb7
65e2f772
02b7cf35
d479ea89
f93639af
27094c91
f104a53e
26830103
d7f47f4a
0a3f78b6
6d2b5784
91f9852b
b970256e
2076f9d2
bda8ca81
4207e625
62e4fbe1
5653571e
b1fddaf1
d24d5b9b
cb243ffb
967e942e
951d3005
1c6c7b2d
a881b3d7
37d4e314
aa98a2d3
babf0605
1a96c937
708413b8
5144a81b
4bc8674e
f4157643
29a643d4
64ef9480
94ec01af
013e052a
5e0112d5
49efac42
955f0b46
ff663e8e
ace489b3
c0877958
b9caa155
1504f991
aaf4775c
05dbcdcf
be4fe47f
18c1f0fa
15fd7d8d
9b3c183f
c377c163
032cd62a
f75c1185
626da802
6027258b
0d0bef88
b4536997
00a39ee6
a0c77a06
35d48844
fcc91ea9
782235b6
afd31db9
67675abd
5de687e4
6f29d252
770f3e5a
ec93e550
a32de4a4
3f2b705a
1bbaa008
e373ade1
24ec66cf
a8b152bf
b1d79a29
f464a73c
c6f215d0
612ab210
3a6e950b
4648c95d
28983d5e
5a77514d
e7c2e6b9
5f6f7c9e
bce13f80
46d78a59
4851b5ae
6ac1c1dc
dae0c1ef
ccfdb202
d2894572
fce479a1
efde9975
be6bd69c
8ab60c68
fcd59732
a4b8216f
9e6cad47
ff869df6
e531d35e
ebfd1f20
23568071
8da1a5a2
2bbb9669
d6da8324
d7eee76e
f5ed70db
d3568c56
35ab1057
91778bc8
02281423
5e7fb7f2
914ed6a7
d56497b3
cb601127
55795be7
88fd8027
9889b928
e011e678
c5731e2b
07e06f77
7681412d
cea6b369
05b89937
d1e7f94d
9cc4f340
35278978
445ef79c
34399e52
9db66f99
6b6d7820
fbfcce84
5092fc54
5d1accc9
21c5f3e3
623cf581
10abfb87
33d3162f
44b8920a
ae12a9f8
1d6dbcba
8715b66c
b8333b3f
4d7e452f
29ba7896
2756339d
4ef0fd2a
fda727ee
51c2a3b0
3257d7d9
39b8fbec
4dc4b975
9a7669bd
4329b157
0e77b906
df343ca2
17136528
aa43c15d
1c0f29c7
99be4013
039b9cea
c8110dac
19a9dd8e
232ad8e6
b6bfc737
13b7b5dd
fda86027
3e08a94d
77d14791
d334c0bf
5d106635
170be615
3b0119a0
e8e5b429
20b6e054
59908328
f20faa62
6459cc16
4c757bdc
379ef4fd
45a10513
ff87c3a9
ddbec02b
7c02e4db
879f0e51
019a05b0
10153b04
f8973218
f22fc37d
538a8eb1
87c2199b
bc47b40d
1a128858
15baee10
afb16b45
013ff1d0
1aff407c
2eac1585
0da341b8
6ddc7d95
116be576
9f087542
46f6b97c
f9bc2c80
7ad0dbdf
be069132
bbf7a474
65c96941
2cf3b2c8
a38c7fcc
eee27f89
dc2e45c8
ff767b9e
f4332c7a
0e3d7bf1
da4d96e6
fa2079a1
4d645acb
ba4e6025
e6167ad7
08a01fd9
f85fe13d
91562d03
45e95a7c
241d1d4d
6788774d
30e5ee8c
d0011839
8d976163
0bc65956
bb34650e
707f0452
0edd96ed
ebe5ecfb
6509b67f
8b2fcd8c
f5d2ca01
9fd9ea9b
37f5ce40
b9807e88
8cb55539
ad44bbea
a576919c
3a483a00
66854ccd
033065c0
6d1fa580
a4ea845d
d91c4e56
29bddcc2
6af2e6f6
bede03ec
71ebd6f2
bb45df53
d21ca1db
d1253a27
1aa01619
72ed3448
43841d35
ea024f70
3ce0cbc6
73b06f45
6d6c773f
be64f852
d867811a
5b8fcc4a
b87363f6
2a64bef3
8e453c3f
c74f8b9c
cad62d68
f01a8eae
b1023cbf
50b0029b
f8533f76
6ef1c7ee
f454c5dd
7f33c6cf
666221a5
37271abe
2542a9c1
7c71915c
0bbd9dd2
b2819593
5670a72f
6841e90b
f91b987c
8adf41e7
3dd1b4b4
7bd6f119
b0da3c3c
f31260ba
8d84bad8
f2fa291e
61298b3b
be50fa10
4b9da44f
238d8d5f
53e849b8
e9059196
e6ebf570
b9800e14
80210fa0
b8240675
78d4e24d
7ba888a9
a9b6d178
85e19dd0
3c004e1c
809db0d2
eff0d1c9
2e9d972b
e9207f03
2e4c86f7
3c9ee157
8b77777e
4bd67a95
ba252da4
22951622
089c7b3c
a2bdadae
c1d5fcda
aa9117d2
24d79c41
358673c1
7fd4aebe
9d420d94
d9354648
f44b3930
45ef9a3a
2b25724d
5ceb347e
8147c3d7
ba995c83
fa0ef72d
446e03cd
33e701d7
4e31e4e7
c8b168bc
bdc07c30
ce92ef38
60931d3c
b0f56b04
15a4fb84
463df8b8
d9068814
69ecb196
ef15401b
8ab798e7
b9eb29d0
03375b4c
7ed165c0
bbb20654
58761187
00caaddb
23b84803
d7bf0117
de7ea9ee
b1961815
b638a66b
ee4af826
287dbd1e
4f659cb7
b214bb17
8677279a
f53132da
99a8fec8
7911da08
edc4e4d7
dec22110
537db207
1b79a41c
706e1864
e7ac4e50
efa195a4
1a657aff
22d2c491
4c8aa1f8
dbacb3fe
b9ecc185
fa11c128
23231b0f
e3ce7168
6bf45f2f
3f2c6c06
ab4c6dc8
2b8b054b
42138b72
9adb419c
c4378697
df918cc7
ee083cf7
f2526501
db04c72a
7f6173b9
7a572f17
3c162108
40b7166a
b5d1639f
a1e1bb99
f7071d9a
56122c15
c4618f50
f31f9cbd
fb9733b5
207d4e41
3da41c4f
6a9790b4
6ee5c92b
82a467d6
c4482701
9d222eae
b71ee131
ce7adf28
e12d25d0
1d5d2c76
ce5ac8e4
955bc99c
92330bbc
b9cfb207
b3c1c53e
b123c193
52f9705d
5f41bbd8
92b0d655
f664a92d
e872c901
d79df7d8
ffc7fbe6
994bdf9b
0444a260
b6258cd2
f948d977
554d47d2
69477674
57d939f7
4aad08bb
06a035a7
6de1e126
c5af558f
a53adf67
fad184cb
00ac966b
dbdc9b11
795c8d6e
4992a1d9
d804e67f
e865df95
5cc59500
b39d6399
fe496308
3885576b
7c9c434c
cdf1c311
ba9fac27
3a35ea47
a0ad9937
7f970477
b2fc6bfa
eb697748
eb7457f8
cbc8cc52
e2b04cd5
47f1e43e
5661281a
fc54f79d
67539d8e
04a9da37
7299f96a
033ed048
2abe190b
90b02452
9d6e6b40
919a07b1
6a511683
74218acd
c599107a
396253b2
be89988c
c7518aaa
32605ab4
5c18ca7c
cdec0c98
f800e6fe
f3d79155
c83df61d
b8a82b98
c96144cf
d79c3bbc
c9c8eb3c
fd03926c
ca9a3927
9ec4dd63
3dab9b99
02eb19ed
0f5754c8
4bacfbcf
bb8cd8f1
5254475d
f3595aed
2e76203a
a59c7cb1
dc291c06
490a3196
64e69e59
7c1d9481
36f780b0
f3568315
1f41aedb
e529e914
86c8531e
e7a3ef32
95c627d5
b825bc85
b83bb2ea
ce8f8701
0492db23
607bfbae
27ab6978
fbf4a64f
aee238f4
a393de1b
732addaa
d4d7df5a
133501de
a15983a1
25119217
b05ebcec
3092301e
dec22443
e23102ff
1c6c1164
5418e2b3
5a7b0c23
f96a2075
b5b8e07e
c7794f2b
8bf3ace7
299bc02a
e40e7734
fd627242
def44a03
d5f35715
f23913b8
5b1f7b18
8c3e0fa6
83e615f2
59af13d6
00c46318
90a2337d
a79f1502
900b6076
f9bce4a6
6ce13b68
103f9d6b
1c7f43f6
ce01e1b5
8d57b564
a13d4e7e
7ff11d3c
24c1706a
ebb5695b
c7edb3f9
1e76c712
c94b5012
abfd1277
bac380ba
9343aaa8
8c7161bb
418b646b
5b449cfa
fd9598c4
3fd0f6d7
b5bb1e6a
d8be5379
36e0af3f
082888c5
da99eab0
a0382b74
a3d3a3a6
e0f66b7e
58cf09f9
2e34dceb
ca011380
d581df9a
d9b0a562
dc004126
ee4e817a
168e3909
26859378
19b8f29c
49d07b8d
1da10f90
8f8a7105
de770f62
e397480e
bdc0a686
c3df93fd
8d4d5eba
345ca2c5
7b310099
048e43e5
f55b4368
9879aef2
8f6bfa9d
64ecdf23
1d4c7f52
8cde35ad
c14f69ec
78489c46
9e6afaf7
ac5b69fc
e9fb15cf
8e91ae3d
ba84ad8b
4a5a8fab
b61c5104
59ec8e84
ee0272a7
0569cfde
1f22f10c
4986046b
3a5a7af8
0589d986
f59588a1
061fc9f9
4b5a1110
eef67b4f
b8b4c066
a26a17ae
9b9057a2
62ef81b8
02c73562
2039573b
5f3f34af
fd6a9a87
59c160b2
836395a4
037b8c12
34b71ee4
254d9920
3d32df60
2b434f6d
efe220a7
bbf0bc98
cb1a7583
3ad7eac7
8e00a340
85179e06
f618aed1
adf268a4
48837675
52884023
b654be22
9244de0d
dda6a019
743cf912
94f0c673
d9c42fc4
a69cae17
880d3a9b
bdd76014
d13fed26
fdb5c307
5caab1ad
11ca6463
f1881211
a155e71a
ae11dd0c
3472ca52
d014abe4
6db96316
db827bd8
291d9a75
30cb6cd3
a6bf8ef3
b5efe837
cd689572
a02c1f05
b780acf9
ef21683c
e4dc1f60
98539635
bbcff5dc
a44202d7
7b681a8f
620f942b
901085f6
c71c69b5
db86b376
f45eb777
d3e19d61
32d7c08f
679d6ded
2ff0a5c7
7dab1f68
a4c85713
fa45c008
09a4d043
56e1932d
5158df4b
b06b0859
a0363fbf
c5277a43
54c084a6
9274fb10
c21a653c
0824b733
7fa202c0
49f5fa09
a831aa57
fc3f6840
e8254573
708f6b54
d2296be8
1f93ea4d
62d2dbb5
7ad1e0b4
c6287505
30929506
8059a7dc
2c7dee12
405b9cd4
a48c2e0d
7d0b0c76
d9cd61ed
f2e7a779
4e17c55e
97904220
00b228f6
4127033d
0587fc3b
d63f1d50
d8beacd3
6c0355a2
7e4354c3
d876d8e3
f85f3889
87d31a10
bbafb5fe
43e72690
9c773b4d
1d273ee0
a640ae87
256b5f3f
fb5d7d81
0626b3a3
d6d18f7d
1e9cf50c
d492647f
1e5d469f
a7c54d0f
7ebd83ec
f4dadd50
2b42ca13
f3970b5c
758e3356
a6e9f737
c8593652
76dcc346
bb06ec7c
13fb43b6
e4494a78
45615ed2
3e69ee90
1d2437ad
efc76d7a
36169dcb
8c1a30f4
ffb9cb57
274268c4
2358ff48
f84bb562
a457c56f
d9cdd683
ef9f27ec
96536f4d
b562e8e3
6e2239cf
def27320
8cc1a052
491b2190
76a0524d
7a44709c
7ccc32d7
cbe33283
9e6a25b7
53e90cae
da841d2a
c2a9ed5c
a9fd2b26
5020108c
2ce29f2d
4cd7184f
4283b665
ce4fdd75
42bb92f8
3e3b285e
8cf8dfa7
edc57821
b62415a0
806c651a
9ddbad93
f03e1773
86b49515
4deddcf1
8b0abb3b
dc6f64fc
84ae5f21
7e5af8e5
72dc7277
6dc4fbdf
c4740707
69d0269c
640aac0a
7447969e
e3003923
b522029a
7157727e
7bd16d36
4e2ed49b
6e03d721
1cc380a6
cf235f09
05968b67
ffb09cd8
4192b8fb
e3b0832d
566e7a7b
1bd37b0f
6729ba3e
1fe542b4
1fd0f438
cdc4647b
c74c4e0f
d934c7a4
540cc708
4d6a47cb
81a9f967
b93ec257
84206f0f
50d7e66c
58d94b1a
d2995c77
8babcadb
c84c958e
fbceaf6d
1587f8c8
22443fcc
74efe2b1
601cdbcf
0d1b8ac2
a0ae0ec4
13056f92
dfa5d73d
7b461f45
7615c7c9
4fe7b97e
838b4868
30390339
a7542a9f
91523720
592ad620
f94867bf
7f49ed78
6693dc3a
624c5501
360e910f
a2e11d04
b7a7ee35
eb61afe3
86d5ada4
b21ca189
56d05e00
0a393225
00f1fb30
d79583d6
c47aa68f
b1ef124d
5d36f1e8
0b1e1d1e
011ee4f3
333b4736
b7e9e269
38c9a703
ff8e179a
9de28246
6397a3c1
a4df626c
5ddb7dc4
00b8b4e8
403de535
368dd364
2d2d6c90
94887efb
deee123a
da12058e
83fe471e
0b4d389f
7aad1f9b
f06f5932
85648671
958be797
6bd107e9
826d4340
b49459ac
8029fb06
92155e4a
1746205a
6d0acae5
19e34e81
a183a948
bfc28b6d
a98b9117
0bf59887
4313faa5
c60e91fd
6afe1de0
c1619178
9ec52e0b
ab611f9a
eed2ea46
6f0cf577
b98307b4
99f2b5b6
dc52168a
98439672
b735f359
ef23443c
b6dbe4fa
27882bb6
38e076f1
3c619f95
d7bbdd05
e9cce152
19254817
d4386c38
e34487e1
86816785
9d5eb4dd
e1e9485b
aca4b683
4c649ccc
6aeca81f
090612e9
37302d7c
bdf4bd20
6c73c88e
a1ab9cc5
d8a1044d
e2cb7bb9
fa723870
907210b4
fe34407a
d29a559d
32c144f6
c8e13db0
f69f60a7
24e6d384
8acbed00
3cbdd7d1
a625c0db
46270c45
01a0d972
6c927100
990fce98
54508c0f
057c6c1d
1b80ab34
ad6b4741
c181cde0
342e2b73
68e0e63d
070b3624
55515189
85e58d88
9ebf1e24
92cd9835
0196a5e0
2c04daef
acc2bb7a
d99c1dd8
7877d61e
c2d70738
e2d5e48f
a1ff2230
42e20f76
1d872d28
3bc88978
b599fe64
e192a7aa
f73f0c20
a20a3d07
e330a528
9efbe39e
e7be6fe2
a097177c
388c7b51
61c8086b
02186bf8
ea9c36b3
b776e9a1
d2e10e5f
89db4178
e25f8ca1
51eacc31
62fd8634
13a53efb
3e3c16b8
e4b5b00f
4fe4e1df
ac2601db
2bbadeab
7c92ec01
17ce2852
7746c092
9ca23f1f
b73cb83a
b0465e11
3f4eed66
2a0d92ee
8772443e
2fe15d5c
9830a024
99862af1
50289535
5d52be91
6717e7ec
3e507507
65451cbe
8df02575
7438626f
cd6b343f
e5477fc2
92dd0dd7
9697226a
48295e34
c6656471
fe4f081d
b5cf4d29
5eea4358
f9d7889d
eb884db8
b40eb692
7569bac4
f9e6a357
d1bb6e70
b3fda1e6
72bb28cc
13fb7f54
b0ca1648
090cfafa
038c9449
6f158e78
9525f5ac
66ca3f30
891969a6
1969902c
c4e19f13
4fda57c0
e3d9770a
ae0518f1
162e4ef4
2599b7f9
b34264c0
4768bfee
82849421
0ba65a5b
fee860aa
9d39a9bd
e9d36b1a
099769de
a59bec8d
860bf515
0a506d66
c2b750fe
673c74dd
5c883562
cdebc9c2
ae4bac2a
ff597b20
cb45c007
d6649d5f
a91e1fe3
80472d34
0bda5daa
96ef57f4
32e56ba9
a870e65b
39d7ea98
8cdeb672
1540793b
6af2e481
1f8e2b94
a6b4c924
c48d4bd3
6b890a27
962885fd
4f994ce4
6a75c070
78215905
a5a6e06a
70f42c7c
d3c1c23f
8e9d3c0b
be5d72d3
6dac887e
04c24e8e
a926e381
7e12b0a6
9aaa3379
7af9a86b
1ab69dce
0149e1cf
fb38b75a
60186ebf
7a2350b1
3e13d6c8
05353e3b
38b39df1
102f21ab
bc98fbf6
224feb7a
0f7babaf
1bfdb78a
f00b0dfb
9c8dc1e0
8e0f2a46
4b247320
9b888df5
e6dc4306
12007428
95aae2f2
744b87db
e6ce9304
b5672418
056e474d
8003dec7
97dba46f
b9518dbb
0e812da1
e880d35b
01b8ab57
4d373881
44309f5a
ddd71584
7dd2a059
7926d45c
3210a715
bd32801b
418d7ab4
fb10cfc2
96289d81
9bf4c755
c01a80f4
dcac97fd
060860cb
15b0a66f
958eb8e0
66c6aeb8
d5689903
5fce3329
0a20baf4
72f6da3c
d799632a
12c450dc
d14a1049
176b172a
13107c77
e86ce14e
9d83605d
c9e987e6
10652be3
fa85be76
aa89cf94
b57f78f6
6c28a5f9
c977f567
278ca35a
c93022fe
af77e245
a4a7d100
95216f39
84a8e884
b53d9491
6577ddc6
883371f6
21ef5bf0
c0a3a5ba
70c6e123
e2f8cfcb
c2018daa
367fd81d
5b1c2e75
cf39d304
bfd04f67
649a0b70
c44abcfc
628b1a35
9ba469b6
fb7a0620
2d6bb625
f768377d
7d83851d
2b5f2398
8e2ab0b6
b6148d51
bc770661
59acca5c
a6819316
f7e41c91
336b1074
047f70a7
4c323d2e
3e5e979e
0d78a4d0
adee43ed
d919ff1d
d14287aa
0fec5fa5
5feee64b
a9bed224
21a26970
0cb8e57e
b8a15f5c
404a5e72
e0ef8ebc
ad406849
b5ccf0d6
539a2ebc
009bf53c
65d5a1f6
a1aadde0
bcab2c81
b05a3e3e
841ff7a0
469450c0
c618df49
1f5fd9c7
6b1e2242
b5b95b35
c6085d84
33216886
2fec3e05
4063bb1b
58d4f582
79401582
bae289e3
63fac02b
9ba5b63b
ab21a86b
0cb46c1e
51385aaf
2bfd7f7d
08f52c13
8e69a802
a5adea13
29d90d18
779f4587
a5298596
71c69a11
5b211a26
7a82d571
c3ddedc5
cacb8622
66fbf35d
900f52a2
98af6b99
8d1a513f
012715c6
6ec4329a
b465863e
f2453322
ef0d6a57
a80a7527
03eba7b6
e17d7672
905e95ef
23ab7301
016594f2
44af43fa
e169ae7b
c7884b30
2d35c5ae
05d29928
82986d9f
ec2b289f
59684140
8c5bb775
5a37846a
304f20a3
146a71b2
5fc214a6
f1765a3d
01de1c7d
24fde4c8
c5253dfc
bfb2161e
227b4c37
5f97d439
28f2734a
067ce276
3a9149a5
2a2ef847
4dc05f3f
37685d55
075c1ba3
074117a0
1a6925a2
94495680
1256c29f
27852149
f6e792eb
5203b944
b441898d
d8473044
c59b5a7f
00b1bfa8
080fa225
b963830f
febba289
48198c68
7deb45ee
17e63cef
9a447bcb
a8a13e96
7b89226e
572ba01b
42c54157
bbb22316
c4aa44ce
a578f174
963ed879
f031f857
dee6af6e
5eaa19f4
4e005497
4cd73032
40a29ca5
b3dde61a
c78499d0
f808c05f
11e9c38b
79a979fc
9bf5d504
c37dd379
958a000d
b3aa5050
87068587
16765fd6
87681d73
31b95cfb
79b7617f
20f93a19
454cb5ab
f9efe195
f2602600
1b682586
b8573754
d461b9b7
eecd353a
661d29d2
0dd2f6a9
887c10c2
55e7ddb6
a40e0847
098e86b0
4065a7bc
d4484730
3ac61828
4022d366
78ddf9d1
f0e0dec3
bb0a8d3f
15a749c2
c57fb45d
5b15084d
1fbd2ec2
5af21266
d490f67a
18d80134
92302bdb
02427593
42b75a86
c18a15f7
1285a4bb
bab6310a
8a70c395
ce19fc8c
c367207f
4136c6d2
5c810822
9eae18e8
a26a7deb
9f901734
8a5b4449
39271246
8ed7f206
a592039a
1b760da9
91b81b6d
a4c1816b
d5012aca
51b009e0
7174f5a6
cf5fdfa6
c78ed8b2
119c17d1
1f0cf1f7
22313cfb
df170b43
ffc38e4f
5a50758e
05c379b3
30c4f998
89c20b57
61204181
ba962bb5
3c6042ba
ab35cdba
06c1f890
9ada3584
7c9a5f13
d9b17ef1
9eb74c38
a91cbf90
f33012cd
176488be
a1a9948d
229f09bf
0b07c1f1
8150a74f
7c968262
2f99d4c8
0963f856
e06ea1ec
65eaa8a9
c4a55ed2
1601784c
b49db507
7b306274
c88db17b
e3b38a43
cba09f2f
9ed45512
5efc2695
f954f45d
6c2bc596
f0d01f3e
79a6871a
6e5550ca
f1858b1d
93ef8a56
57b2da5e
580c1432
86514005
dfeb8314
ef0a953c
021bb378
7b03c000
7defbb16
6229c910
c88cf2b9
3efd4441
72a65576
ee60328b
88d673d4
70f659c8
685de318
3e29d9ef
56a7fe4b
a7049204
677d070e
ebec27ac
5747d5ef
586ba614
8b6a0550
a834c8b3
8920a0c4
4ff9a771
c25f1394
9bffe924
e3d35b49
08e3d61c
cf9aed30
67458fe8
416a81c9
524e9072
d1066d21
38de4c1f
911f1d17
c26934b3
a84411c2
fddf9048
445bc79d
a3fe1ebc
0c6cdf19
f68351a7
e7bcef7b
15e8b918
7348aa24
1f197cc6
d3206979
97b4c35c
76b9f4cb
af35fb61
e368771a
5efe8f95
a0c72f0c
9c0feb2d
42d1c4ee
afcccf90
23e42900
16da7d9d
506cc1d0
28b2f22c
369e586f
10df647e
86ca6090
244e5d46
4359828f
c483fb70
0ed72a3e
bdd094f7
7f563ba3
940caffd
f33cff78
37d21874
eecf3cb0
42ae7747
0db886cd
c8f23812
82c65b88
69042be3
baef36c1
8d4a79c3
a105bdf8
f1d32d04
8637046a
744e7c7f
a137aef1
252bfe54
c572a6be
60570da0
5161d943
9ec17da2
4dafbf84
4057fe0a
101c4efa
94eeb066
9ec52f02
d85f9623
5402c3cc
f1b3ead6
edabbbcd
34484309
190f9db6
7caf085e
7233f01e
955d2e2a
da549dc0
05fef54b
b19881c8
0cff453f
770795f5
7c16aa18
c70e5b2b
f13256e2
1b32d803
4bf2d4d5
dfba574e
829fe6cb
a879ecb4
a8cb309d
300d81fd
244e05a6
23afb79a
52e8343b
c219b96f
88ab673d
1edc6695
b5e3da3c
03dc561f
f6e4658e
bb366c38
f437fe9a
ff1ed13d
ce9fd9db
7037b6bd
8bcf03fa
d6d3e8a7
79a3a28e
cd211e6c
337814cf
164c3d8b
bb3b0db0
1ac8a96a
84f55f0e
ed2c2c9c
bebea076
fdb662a1
ed68efe7
c134dbfe
b4476e44
7557579e
2177ef6e
74c0bd01
3c23a33b
8a266814
6d96e00e
34134c23
7e8ac892
df399239
f766a379
c3f91b9b
b1e9227a
a9360da1
5bdd35af
a9b89c2e
704333d6
41c6d7d2
8b38e701
07d241d0
f1da0f69
782a7a69
3648d184
6f7d0bfb
b1fb85c4
10e6b2bb
564dbfae
85fa2afb
abb627c1
7718c4a8
b471c659
cf0c4e65
1b4732e8
2852fdd6
6d890303
3f8ab99b
6c525950
27c744c0
fb26ed26
10b54842
0181d6a9
f0fce5ab
2058b2c5
c6c8db83
5c5b3a28
7047434b
f0616d33
d5d7e04e
907d21c1
2eb25d7d
519b2f07
4fd78bdd
987f4836
f56eae2e
de32c894
73b1e98d
f6c52275
426d9ceb
68e8719c
37ff8dbd
fec8f263
f834e47f
48e5d29a
ec25973a
6aca3f30
462a48d2
8e197c80
ee56c7ea
73ac74eb
716765da
0f8c78de
c1ec3bba
4b8bbd60
9e331f3f
8d9184ec
9c47648b
c312b395
60cadd25
c7820742
c7531c61
ab2895c9
102399e5
e11bd435
31c2b13a
97cb5e47
eb0004d6
422bf9cb
e10ac49b
eee26fe6
21a17cac
b7b76015
73f4c5a5
da19bc0f
7aad6ef9
56a56c90
cb80fef2
69caf79e
ba3f2ad3
f05ad9ee
63bf51d5
dbef13f7
2c34d2f9
65328a8e
7a858b1e
af9ac0cd
302e0985
66055fe0
20fc4eb1
c7440ec1
f25a0248
615fe360
21e8b089
10ba0109
856d9cf4
9d81000a
451f27f3
8c7b67ab
bac1ff46
b4af1e46
f81a1d6c
98b29073
70690888
421275ad
ff214e42
b32a135e
021d6378
e50b205a
6200417c
93fa5d1b
08d664f4
82d642c1
07d236de
e08bf183
4549c59f
bdeb14c6
242ab2e2
4b88e61f
3bd5dfe4
2e512d87
81d96de6
56f796c3
e44df70e
02bfc2e7
412b28ec
8128e6d7
0d651846
9df2506f
f1be8213
662fc69f
b411ab75
b4a39095
682e2a15
309c7a17
fb9d8af8
d2004616
66d3bd29
740314c9
5866c3f1
76efa2b0
9b956007
5fbe6c85
4a77daa0
68ee4d5f
a2b730ab
11884e97
45aca9f3
5d4535cb
4cd7babb
223600b5
641bc2bc
543e6b68
2819cbf2
248f0827
7124ff3a
5d549a09
32bf8a32
502f9595
91b2e788
19e201cb
c21b7eb0
7ed98cf0
33fb609c
3475db04
e47f3dab
e729826e
a4fd38d7
9ef5bf2c
04bbfb16
2580a650
45aeba63
e332b9fc
540ef4e6
8c6678cb
0e11b2cb
8e89582c
048e1b29
500a3114
4b517409
afa30706
0fae87cd
5bedfbc3
f6d661f3
39694888
c1d8bdaa
b06283a4
9313cc3d
9329a822
9a77b77f
43f98e66
d69dd45b
672f7201
48f1c4ad
01871cce
840cee40
6c49a0fe
40e290f6
abd89bb5
52c4cb4e
01e529c3
1ff615b7
cac7c653
57cd9407
946670b1
9365f346
8233b39a
6f0c4ed8
753ef4c8
8e9f8d2a
99a24057
5c3d86bf
46d74881
d18d4008
d2d14f23
8c2c8598
e2dc47f9
20f3d3da
8aa84831
61f93321
962a1fad
5184041a
c1fbf464
afe66776
4b07f2f9
68985e90
da570d20
09745214
c51a9fa6
cd5f87e8
3b63125e
05426d14
4dbbb76d
eb96305d
a1a202c2
e739d593
1b72cfa5
247faac7
cacb2444
4b1e66a3
0186ed6e
895c81eb
41855b29
661b5e9d
6f3f4cf1
6505d664
b5d4fd83
b6e5fab7
8bda788d
e6a704ab
77459704
eb0cfd37
8621bf0e
7764513f
6fc11021
fa818539
8e8020e7
fa408487
88875d5d
858a6653
7a847433
72b9a84a
f78fa389
73c1a292
59df3bc2
2cc573fd
f1e7c85e
5ca5e455
5bc67cb1
c24c6624
68845e4f
5fba896c
392cca21
46fff042
196b7a15
bcee3d63
9a062aea
709149c4
aba0bc5e
abdb28f4
fc324886
a589ea67
d30e57fa
741d5f7d
f716f68a
c966102e
0d0c0951
d2ddcd62
d9a4fce8
1472542d
66064d64
167e8b5c
3e39aea0
990b1d96
8fcff72b
07280163
d1bac9d4
0986eb16
d9490694
60962a0e
84addc81
5d89d644
9e9f1740
574baf37
7bae53ad
92bb5d3a
d7ebc684
0de357bf
44f75a06
14c1b762
3e20da49
d40dd4a4
77fdb7cf
63c28349
5c4fa3d8
e702d821
d2766aba
913c793d
f66be4b1
e8eb0106
7bfd8786
b44a0217
241a5f69
cdf20b18
a2ed8d00
3d828dda
18b3ab11
d3d5bb70
5761144b
dcb0ebf3
b6ae479d
5edcf4cb
b7150bfe
d7636339
35d68fbb
e149afac
55a69f2d
ae71d68d
8dd8c7c3
77a4c3cd
3f8675d5
5a614186
a3402bd2
aacb7f94
49b91825
bff581f5
d1e5cf83
8eced1c2
4ed9699c
91eef592
86164402
871458ff
1c8260ef
816f55bb
f1e484dc
d302edf6
a48552ae
dbd07216
33cfe5dc
e0320c7f
7a28ca32
20ab8b8a
f50b9344
0bd0331e
c0cc51a2
6adc7024
cc30a67a
57dc4360
4f1c7042
b05c0978
f4706217
998274a6
1cf5c708
744626fb
ca0e51ee
a9fb4a77
9db459c4
910c1a1a
96597ba6
08b7e6fb
c561a38d
73cf74d7
3ae8d83f
a6cfc89e
c29fd3c9
2d6ed97a
f7552498
aca23a36
e61b3e8d
4ffcfa97
75ea74d4
f8fb0028
fb1c18d4
cddb96c9
5a5edff4
a7f80d91
38ffaffa
cd430dea
2e1389b2
2faa4345
7fcc66b2
b02a4a6f
d9e4c720
844fec9e
730b3509
360e921e
2c9a6438
4db523a4
ac6f9924
e6976f55
d1c7862e
142b6be2
987cca42
d8581ddc
be0e7c43
f13031ba
39a8459a
50ff2966
6e0c8228
538a6f68
27c5c0a3
791a7ea5
4996752f
9b1f51e9
84e46ffb
933d5f89
5277a58d
3a8332f8
4b8b8386
02bd2c12
85bf7d3b
3ef3ca88
747dffad
d0395c3f
fa00adbc
b96263b7
661c73cf
968aa8cf
15513f69
a0e66373
ee8a9a93
79616425
cb27d447
20575316
778bdc14
0c2a2da4
7d30f36d
7e9fb9fe
f0622572
fa7cf86d
48a9d193
07df81e1
c8fbf658
c3ded435
4bcf6102
27915b78
f9be6852
e9e58986
6809e259
c0a742f3
f36fbcb5
ade055b2
8b3dd055
dc1b8a85
5e36f59a
17155b70
97b68cab
2cd1f93b
400d1be6
270ab575
c5ef55cb
f1f787b1
6e29aa23
ce9bf17c
63d9516b
88adcc30
26a1754b
1af5a5aa
ae3e5cd0
be7d516f
f302d408
aedf69aa
1e8b20b6
3c92b895
e6fbee46
70514996
eaceccf5
c8e2cf07
ca852bfd
fbcddfc5
0b01110f
e266c79d
de38c27b
e9cb7d87
4ba08899
0d9e1391
0f510204
d52c2013
3064d819
1f90a8bf
81a5c09b
9387240c
57953a8b
38d26ef7
db8a2e91
61a8a665
6c26a776
a72f4a84
377ac827
4c165bf7
7f3d906d
3a18d0cd
14811da1
b2342865
ff233664
e7a9aa33
2a540ad6
fa5f7497
86d4891e
5d8a0193
c3d0a89e
d2e3480f
f417c594
6fd2bba8
278797a8
0ccd8dff
7827607b
6f0514cd
9973e49c
9abb2f15
3da9e509
28a22cef
c9a77deb
393eceb9
0f986a0f
32c07260
2af829b4
e61767f7
57c5bad3
f64d0396
dee9eab7
e2489b95
118e781d
575504b8
5da4f1e4
55a6cf48
8d02c6c0
3f35f665
a0aac29f
c3163e25
52df701b
d8aa0078
103c6df1
d4658c00
43733c95
48332a3b
902a7616
9b3b660b
0c9fed05
74f384a9
6ca31c14
e0f346ef
1d223f9b
39687f2a
201735df
62e3a44f
0c5b3c75
9adcf9ea
7a67290a
ed8dfa87
b5f68de4
4ba48354
c6a6c1ea
dabe2aaa
71a8a5eb
323d6e4a
d18352fb
f1fd6f2a
30bf71a9
64e2eb9a
90afa513
a9d23180
bacc66ab
3e822dfc
45571415
cc65c708
64817f21
9db47db8
75c4905f
e8bd81a8
2f8d2f30
629913b3
18c5d918
842b7c6d
1a8ebd0b
da6cd89b
2ad71c14
d502bef3
16ceff7b
c6862da9
22f8d5ce
1e26280c
d740ff28
8e1648d6
30b600d2
6d580544
0799db27
2c8936c1
becf6f3a
dbefe325
819ee29f
44ca1b3e
1f878144
7ba49a48
18cf5fc1
733f8d49
b5c8a619
f2454b73
5eccba83
993410cf
d8dd4444
134a2641
a13d9e80
d262d178
693bdf33
9507a2aa
4f0cacab
876ea321
fc1889df
801970ec
0af3c499
6e1e752c
362f0d6d
62536113
c2cf9b44
f51edaa4
90918fc8
ac04ba58
4cbf43ff
351861b5
f3ceae0e
1603d6f2
43fb5e6e
c78f4112
b3ae7f33
5d20146a
d1f2349e
51472439
8fc55de6
473b9073
24aca7c3
1fc9c0b8
ef927595
26625e6b
e7463805
3a85fcfd
b89a4508
5291876a
4b51abf2
27fd4d4a
7438218a
4f24c824
30f718f2
d38e60a8
96e58464
d8588adb
719a3a7b
72dc9119
4a1b0b3f
6bb16fa1
28dc20b0
dbc6fe42
be23aa39
c4c28999
fe73caf3
3a9a608f
952fb7b6
9d6e93c8
2c3874d2
0bca33f8
eb9b9a2f
c15c65f2
8282cd54
c11c84be
2c118d17
d147852a
a3e3488d
e03fab4f
4a4444b1
a7cefa8a
a15d9aa9
5b13d414
0834a65b
c3409416
c25109d8
46edf458
e30fed79
1e63937b
0a3c7756
bbff2829
488ab5cd
ea9f983b
5303a7a4
f7dde21b
831f29f3
0b891ad2
e26a5e34
09f09892
e9049397
d6462622
6e7808f4
2c5efd07
44dd7aa6
0fe2fd55
83fc0f2d
66cd273d
87e1b68d
7c23d083
5062b8bc
bc06b56f
73c39f62
98f80265
fdb34b1e
9ed81401
0e73e22f
77314596
a70c146a
47ece8e3
8d330f83
8c0bd5ef
852f9d9d
59eeb686
b177310b
18a867e4
48dc2768
e2d09d2c
d916080b
e6692e0f
1c8c4ba1
3b7a59b4
fa45268a
bbeee893
125ee72a
80972ded
a5e52955
9e624d44
e883c303
f5d137a6
6645389f
7db4e38a
c13f0b74
c73fcf71
0d8dfa24
d4627f5e
36e6bd7d
3cf354b9
0f4fffff
4e0d85f3
bf46d55f
ed593b4c
4b53adcf
f652a259
e8073d0c
c4c4c3fb
48911b15
cdc9206c
e0575ed4
f1aac2d0
b6516c1b
4fc0f46a
43e32c1c
b4d05cac
79ea2f89
26a571a5
97e2696c
4645e6d5
059c2b6a
6db61ecf
8d99cee9
95e88faf
3524db78
a5c5d695
a169913a
25a96762
3c3eee47
ca24eb0e
f578aa17
36a6672f
8ecb773a
cd80308c
8f2b9cdc
8a59e9db
c0280ed2
bc8a4c61
841a0911
0de27495
82ccb7e9
3d91c282
387895a8
7ad55bda
01660e8e
0840fbb1
e4723ee6
82f89c87
7d3faba3
e6ded357
32215cc7
c14672ea
e2b37844
e134e2ae
8b82cd5c
e6299da8
53647d41
50e9b3a1
3cc2927c
a5286d83
73de7c9a
ba78da45
c76a4a75
2e5be08d
26a7ae71
837154f0
883415ed
d7b8b49f
433ce36b
7f82454a
e37b6bca
69b869ef
105491f9
7b86231b
dae13f9e
4a467e55
b615a7f9
6f917bac
d8fc7840
ca2824db
4b21e3ba
b6c0c65a
572277e8
22f47b12
a4e3fa20
b3f8667c
b89ce15d
e58d3562
0d80dafd
71dab1c2
5c4192c7
ac32f3e3
570afc6a
65329a73
c398682f
9ed8eac4
012aeef0
fb4d46c8
a3d531a4
19c15e2c
2e3247c8
cdd054bf
66142017
57e5f5c7
6204b722
1aef3c74
fbca3b31
56b7cf08
f59b727d
434d6f44
f79e5118
e2102710
751b8560
1743a695
f338f0c1
a8501a4d
e02fd53f
1d3bad95
8329eb13
815cbc14
1f81fb45
b489f79d
c771b438
a78c53b3
9ae4f4f2
8ada1977
779ce0a9
9e911eec
11392075
8d2f4fd3
8557366a
e10cbec2
1afa6e84
e16acf24
bc7e0880
deac776b
8e6251ab
abc56008
c064d2c2
2371ee90
1df4a199
a5d28b32
f87818a5
f1fea68b
d91da644
a1ccfd98
c2454432
0f30c99b
fce3c8cc
de60fb5e
128a4e11
ae9527fa
382073d5
6c6de5d3
4cadbe90
553de59f
4d4414bc
e042df10
35bed728
dda35c35
c12ebaf6
40409e1b
554dba84
b8f95aca
f5240e67
24c6e6f2
a81f98d4
c754c307
0c6da1d8
70e63801
fc79ec33
96555089
508f58e9
00dc9ae1
006f1d2f
076161b1
f65cc277
b7ad9bb6
6beb1327
4ccc393b
42c3b947
01dca45e
05174eae
059d8e37
1063099b
c1590665
d37639fb
7da0f40d
d5834186
f4e36031
727bdb47
7cd6b68e
88eb17e5
81bc8620
a10d022a
1933c96c
d677f97b
62f46c70
49f814c3
6269875c
88575715
55ed94e1
9096291d
f5f2fb7d
fe67fbb1
627fa852
885e8275
2be1f4bd
12d16f7f
9f784709
9058d4e7
ac7f63b5
e3e0dba9
736ebf42
3e493db5
4609eba4
6eeb15e4
31aaea28
6d6e0908
1692b187
c61b247e
b33843ee
d28b01fc
43fb20c7
2d21d2d9
4db72425
0fb354cb
e9723a29
3fdedba7
6efbac30
9f082355
92e7317b
0b672f8f
fdeb71b0
2478e7c0
673d5c8f
38c6588d
27dfe4fb
c6eeaeaf
3450c8f6
e4054a11
137ac436
d3c784d1
68d50642
1b9fbdb6
ba9586c2
3d294af9
7a9086f8
1a68f679
6ded904f
7a40aada
76bebce7
32804e00
b8dc0e7d
5072f812
6995042e
adb96787
d04d0fd4
34234626
59598f20
6106946e
8b7adddf
16bdcb50
37eba456
f1dd2f9f
b247945f
7ebf48be
5f01f33b
afc137f9
a27237a9
085c098e
ddcf90fe
c7e8a6c8
227ae767
da429da2
e4ebe38a
b676d82d
a4ceab9a
76e407dc
93ea65c1
83176a66
9c3decb2
3414e803
e80dd040
952506d8
7ab18270
7ce7d11c
33444226
484062a5
a0114cc6
70880a3a
513c4d7a
94845b6c
c4bfdf75
67cf01eb
1576b63a
a08cfa4c
4fdec930
74a325c0
bf746384
781a037a
a0d0bd72
f6f6bb55
0b6b4dd8
8034bbec
bc777009
2f226472
25b969f0
569133ac
eabac7df
33ba688a
e7e8ef7a
4ad3a2d5
1032ddbb
806e85eb
20a17a7f
409cabea
777c6a61
b507a73b
0ad13ecc
c3e21702
c9f58c78
e22a8edc
d56dd909
37fc717a
6a72151b
52883788
cd9e19b3
09281d1c
07d35633
5ed78762
58a04133
cad8a268
67122699
38f22e6b
20d77eb4
6360d15c
3f25eb5b
d578b5ed
eec7e8b3
443df7a0
3962c9f0
38e620a8
77e8ade2
1351ed40
e366342b
b47343c8
e2fcb39a
f615784d
6318cec8
ed18f150
731bb6dc
7eb28050
526142c8
86994d6b
c5af27f4
d46993d6
a2ae5184
78655bef
6aea23df
1266bfcb
1fe7c19c
0dc86919
2a04bb96
cb36ddb4
e7236b5f
c6de4052
f0a90e1b
cdfe9587
f5e004f8
cb24d275
2e66dcce
7e64ecc5
c1a8c8cd
d4c217c2
d95927d1
78cc691e
c14a80b5
b74f1668
06e0b57b
08c8fba0
916082fd
b472b43c
ffe29d95
e98ebae0
684518e6
44a1706f
564e04a5
6ffd8a34
6202d28e
5ab6a3aa
30207d6a
3ff122cb
cb684c36
a216181f
51b9a1c9
7c8144fb
322a4f2c
0b9dc324
5d3f529e
059484f1
23840430
6d57ff33
1e128cbd
1dd066d0
5e4746ce
c8e1c332
dbe34399
c2b3a536
f5a30885
0e2f962d
9ef7fbb3
95e1c6ac
f3c33b4e
fdb027ab
af6cfa6c
ecd03dd3
96128579
6c6880c1
6cb84bac
32479d79
66512c73
acbe9f31
250248b1
b09dc42e
918bd930
24fe0f6f
a19a7232
39dd7b8c
631349b1
b1f65f4e
8a3de4bc
36757fb3
2c2c8b7b
ed7b043b
35da661c
18d67be9
906409b7
9d98cb4b
07eb8c50
a8d2995e
d12ba67c
d4d618c2
121feebd
c4596290
591f86cf
02554310
19b6145a
62275616
8f2d8c22
a19ec15b
bf8b7357
54c138cc
c28454b2
1b2ee8d0
e360d767
0f8b3f63
47311216
c9719b89
f4ba8107
08f76d2e
51cd2171
adfb2cff
e430f305
719af167
f4c9bc79
99ab3b5c
f85bee09
87ce7e81
11455970
832413a7
1638be36
62b6ee20
4e754bfc
64eca6bb
6866201c
4871e9d3
43e9e3e0
4f51cfd4
6521bf1f
9d5f37de
aadb994c
a4fc16bf
2739b82e
055774a8
99df5576
c6f1069d
61a33864
66b00ced
0ed0ed83
14b7c4da
d577667f
726db773
e0028cd9
ac73aa23
2082649e
0406e3cb
0254efa2
1b08526e
8700dba2
ba99206e
21e19a5e
c3e94929
ca7ebd53
de89868f
28f690f6
0080292f
961e8ff7
3a8562f4
e340ed75
16f95a7d
cf14c4e8
6da1e565
5b504f98
13f9a04b
223e99e4
11fe693f
65283150
d5ceb085
a60c4e66
a13220ea
da6cd89a
3836f98d
61862047
1c47f9aa
36d77170
a77de4ce
728025f1
21c5e64d
9d1f25d8
e1f27732
d5837c0d
037ea779
f1a6b3aa
823e328f
0a72fa1e
f35393f7
d6347f1d
ec3d5d4a
495b265c
98e6fc51
a01bd086
0854b5d0
51e10312
346f1169
58f7aab5
4314b29e
bdd409f3
5d552d82
a84dbca0
550e80d0
e11cedaf
4b9649ef
fcbf3f16
506964fa
465ecd09
5c3ad805
61ab20a6
442f3e3d
071210c5
ff280c77
1b94a9f7
07df13bf
5060e44b
98b1a8d3
31f1d87c
74ab4add
56f1ef61
b526c689
63f60525
e537a126
06b0ee99
01427118
c5bdec0e
11e0fa51
6d3d56e3
23573b2a
1d39c442
b7724f99
a5621588
2cb29298
a514aa71
e5f16f06
e1ed3469
114bb504
0c7331ae
cf5342b5
769540bd
c7a874cf
0cc5d5c1
0baf06c9
7c944310
62758ebd
7175c0a6
479b12c8
41db1bde
885b14eb
be9ac591
1d2735eb
4649f48a
06eecdba
46733192
87e0538e
05e8c4c7
56255056
e5450139
7c6b5854
ec9ede0f
156900cf
bda66306
b31d0e56
bc913b40
2937e49b
07c8137e
5774b1b4
e76c27e1
72eb3e44
e2016677
df58dd52
a12282a7
059db63c
7c9be853
23172bbf
6ad460cb
7c8a8b77
dfc7f3a9
f8e83a6e
b2a14f89
ec55c6a2
4d230063
8c3f9890
1e2eaf78
1bb5a19a
3b30d550
f6a4ca29
dd72c886
25e5b27b
1379b489
6b93eea5
396adfa2
d4c42517
2ab56758
865a2a32
245a10ca
05b353e9
1b437629
68665f93
0dc00785
5eeb0764
3a488311
1b920d90
bc4def8a
71eed6bd
eaf1dfe0
252db244
7f7e6e79
5c53c6af
e6ac4b59
98ae21d6
838efd44
ad70a990
19f0d4e2
4edc8bf6
5f877670
8e43276d
5056c18b
de2dd84c
8933c7ff
70ed9e67
07594501
a4150faf
6848dc90
0992d645
c8f99c6a
dc4e99fa
d453911b
19819255
f9feaaca
62317c5f
29971849
85102f8d
0b2664a2
3f5b896a
4e6dd505
a377da37
4b4856a7
1e4d782f
e24bf4a6
5cf3d503
6388e26e
30bccdc4
eedf8019
3901ff85
d67a9bab
8795f9c7
b24d3543
abbc0768
3b803274
80e292c9
f27e9f66
c279c703
bf0dc4cf
af0c7ab4
f6196595
b6b0e4e9
f1a87331
b32e57d9
ff68fcaa
1158ba92
c2087ed7
374d3042
0ee3da26
6f71377f
85d8b4c9
8a349adb
3db9c1a4
8bd118c4
4707648c
e6e3250c
bd30eb60
77574c28
d2c0e83d
932f2079
600b8323
58e404c1
871d810c
571e08d0
5fb11247
cca9ab6b
ca83c6c4
90857606
4d7a502c
2e5f3e30
10f89e73
bab6e3ca
c96dd232
f7a37f74
fa363c1e
e3d6c7d2
3c2dc389
b3269178
7472cbda
4de0f2a0
ca9b6b20
a04d5111
8b359c4b
263f2955
f1840597
c78f8b49
ec467393
b179a77d
1b9e9320
b69a13fb
8836775a
b4fb3ec5
f1d07439
d9d8746b
e3d5a533
ba043e1f
091e488e
9f59dafa
b2636c2c
48727e1f
48c0f248
635230c1
6ba58ff5
a88b09c5
c1519957
9574c8dd
ba27696a
2efcbb4c
1724a24a
da37d2c9
bda735cb
af6bc454
a1c10c07
92434bc5
de37d96a
c7592a24
a4c8b163
43890fb0
7aa19263
162d3deb
ab09bca3
cc962b0a
2dbdbaff
3de03aa4
537a2215
f1b9db08
e03f8c23
17add595
055a9cee
abe3e2e3
9bb74f16
0279d828
e08b9e3c
9efac701
fde1a0f3
490b9686
261451d9
18288e16
2337f9cc
f41be92c
ce21309a
b0e9d2d9
586c980b
5b12cc18
585213dd
7f31ce86
192ac55e
0fd119ae
f82c2f35
3cb7d6f9
fb31762d
96d6591c
015bb77f
d9cedda1
1aadc3c8
54bbdd79
7a31a860
6c492509
176a6061
5afc31dc
9b4c1489
0947991d
ab532840
5bbe57f7
a9d1eb64
d866eb75
2563b2f2
ca461fb7
a666f704
7cd01b71
8e0d71b6
61c8d222
5e867bf9
48a8329b
ac986e4e
3b6cf30e
7e931b38
c2070af8
265404f2
12fdb6a1
a954fa7d
567346c7
b8b7ecec
c9ac7bb5
ecde1f8f
71e2f93c
b7a5ae09
8fde4aae
3b14bdea
30a20c44
eb2c3e9c
7dbbe604
b52fbeca
f31f6f54
b925cdca
48bf2d87
ea05bbd9
71eda145
10c31ca5
b9cd8776
5c72be78
8c9ac54e
c0ffd16d
316ffec5
b5c13a16
5bfaf084
fc6523cd
1c33a782
84131d9d
d312a4d6
f427fb95
1ae8e722
b06e180c
90e4402e
3f76324c
dead9e7b
be1698d7
7ccd1017
7382edc6
e5dcf589
dbb1ccf2
6a504d10
4c41fe6b
428755ed
38e68d59
baaea590
32b51c07
b0339be0
beef5518
17e278d5
38cd5ded
fc698890
716941bf
1e1ce8f1
90e3291f
e5fa4d80
bead60a5
a568bbfc
e4fb5f01
78102730
c864f2aa
7b8c1b5b
63e39137
94d8449d
5fc559e2
0e83531c
2402c29b
45df855a
75e9326a
23f938ab
1154b6f8
8ba10a49
e975d2ca
18583e06
316090da
0e2a98db
f9597a1a
4bfdba71
c21efd5c
80f54695
2e4273e6
9c1055b1
a146ff17
a77ef3c4
c1e215d3
319f705b
fe050324
3a3bcf93
fd0ec24f
9e52a6da
b57bc368
6c734df0
ab423f30
4d220ba8
0545d36d
31ba6613
ce8fb7b1
6caabe2a
00503f3f
d7564f6c
1d9ea309
c9c6cbad
edb62cbc
f5f11855
9c64376e
98ce60ee
7b933054
ab761b5a
850e5914
169d545c
af2824ed
c865468b
3080ee7a
c12ec921
cef086da
cb4b65ea
a0b7eb90
de59bde4
ecff7be2
879d4396
e4f03b00
ab730c8d
5454dda8
9250190e
aabefc79
dfe0970f
37d99396
420b970a
00fbcc7c
8b62d121
835a22d6
21a5a4c8
90c01615
fa4074da
6bd5ccd6
97c5aded
ccd3de77
f15b5c9f
4f11659e
bc273544
3ee97fed
938c98f1
7231ff5d
95f00e73
6f5497ba
3e712c2a
65443571
bafb480b
e8e1fe76
12cba981
78114362
2e06bb1b
0431615a
d80c7648
9a69790b
2850db4e
15494ccd
d91b88a0
7836db4f
6759fce4
c4cca0d7
a2d2d3ba
2cac76ad
cd023c7d
ae0631d1
c883c113
052bd9ee
6db0b08c
7bf74cc4
62afb304
23fdb8b8
8af7df35
270bcd49
d6c688b3
93a61f75
9218e885
e23d1e5c
6e3a9a47
89bd8de4
0b1d9ea2
a6d6e328
74e0acc7
250bf94e
2ae6193e
033550df
133e877f
1bcf6e93
0d0dcd2f
75732f06
45520224
06072972
47919ae4
b557b6c6
02ef9af3
dd283b6e
2cb4f8b0
eacdb989
490d3792
8e842791
0f313886
278a3280
6ff7a92f
1b7ca0d9
009e6935
870e91f2
10b28944
94da9bee
8ec85067
e3b700de
c128e797
a6a942a4
691287d9
9299b64d
be66e11e
61f7c031
3c876e21
1297abb0
3e663037
5c55988e
3ba43f5b
382768d8
bd75e842
63982ed9
2a866143
b10f2a09
bdd21ed6
9366c81c
5a808104
d50da0ab
13f7d0ae
036b3d1c
c01e7837
17028eee
74dec732
d32788ce
cbdb2028
d8821245
58b8258d
95ce62a8
3f9b4a44
b5c10c4f
dbeb5aaa
e0942745
f593bcac
ffeb6c25
a6989111
161f3e91
6afc32b1
964460c2
6904b504
3f44fc4d
6e8a8c29
198f2803
aa36c6dc
946daa58
57710aa8
c223ee68
b6fdda19
dbe85fa7
8ca49bd2
06e59cfd
4d4c8dfe
81afc002
d70cf58f
260849ee
fe194398
2aadf6e5
6694cff1
f5b2ec51
57d522bf
9c8810e5
4f1281ac
d4011fab
c76c9d38
4511d675
7e01ac28
ca5144a9
6328e713
1181ce01
963fc104
99bbea1c
362b7179
5af8415c
86c144db
68cde252
ae8ff790
096e8782
bf3f9c02
396ca7d1
0766cb35
4b855511
83752763
d305b62c
1386cf1f
84631fd8
183306f0
2bfe6fb0
7f443de0
796ea772
a7349fa5
812e1084
c698bdc4
a72d0cb1
a9fb77fb
d24d67a2
6484c835
5e45caef
28408db4
d61ed9c8
36a4af1b
2cee3b4c
a811713f
dec3d252
ab888e80
d0881e6f
5b3c529a
4fe44c4f
884097f6
8edf6674
73d1fd76
ae40bb68
a3f01e3f
ad686f66
af037894
24a64e0e
d936e822
4bf1fa90
fb0d6d6d
0f558f7a
bc3be1d9
a5f90b14
dfb16083
b4f5465c
b8d5973f
7923e7f5
adbedf29
ecac91e7
0c31aa6a
d0e6ab4a
d36c767c
eaab3830
ae879866
3f6055c0
06f05a23
e4e2b168
53773389
e408bc5a
ba8f6288
a80ad300
e08c3aa6
94b83e3c
39f10e8d
556d4054
5a7840cb
59061e26
197b3e79
933e68ae
e9a96e33
c79c506a
55b675e8
64a6eb65
ea2a5844
d585746f
3014b539
46cbca1c
8a53bb90
156f2607
aec53911
d4a7cea0
b207be25
0cda429d
6f5b6981
1e85010a
8ef8a546
c9eeacdd
83b82698
a0ed5a00
59bbde32
9f131477
e085c9b5
caf5e608
f6f6590d
10ad90e0
202ec59d
75ded83d
5094dde3
06be51d2
9e6087d8
d3a61db3
b17c4e4a
e8e20537
fa8e5da5
6914807a
7ad80e76
cf378887
cb7f16cb
69b65a57
28a9f2e8
7ae68fd3
70b38f44
2c7f05bd
abbd2b9e
b14c7244
56b3d805
bdc3c2f3
10ab8431
fc5f274f
80ca53a4
9bd7eb1f
f8b87785
5f51872f
13406cad
59f9f1db
a349f990
1db5018f
17ec89b4
566c6e0a
07a813f1
89f08cef
45a3e206
cd92f45a
c86be400
71ccc8a5
2605d2e1
a652c682
6883f79a
7bddf60e
978955c8
9b3d65cb
56dd1a51
608ce3dc
88e1834f
ae129b03
5b682d24
6c2ed75d
973fe03c
fa1f5cb1
a95483b2
f67056ba
9686c894
9aed6f5f
c3fd4149
bc53e0c4
fa1124e2
7a45212b
1827ecae
c9e51656
24c5715f
aa8c1d75
6f7346dd
8a3467fd
2fc70a5b
3c08d487
27befb2e
9644bf4e
95b720f1
4e798c83
86d95ed7
db1a4831
c9e97e0b
323cb5db
abb4739b
ff0f0310
c762c2a0
6a3ca3c2
370f6ed9
5e804086
44088b80
0343b306
9f5a6e5b
c4ac32a5
2120666e
12a2bf72
6841bb92
81ab2644
c7c7d9bd
40694746
e2fe6627
741522f4
a1a4c15d
9fb72e0a
b807a193
f9fc4f66
0318c3d2
de2ac42d
0cb29ebb
90e94c15
bed6ee76
0b0c4e48
36ca6bd5
801f9944
65595752
88676a29
f7afac87
389273fe
1f3efc2a
c727082d
a4f8fef0
49f27bd2
922024fe
d36c6d2e
a04513ec
0a8ab569
b9a65877
d637a2ef
5c5ae681
80a3438e
fc4460ec
114a03cd
01a67062
b55a663f
b761ab3f
8a801810
68800f10
8970256e
3c922bc9
2566730d
c9f375e8
7ad1a35d
d9e5ec71
5e868734
6788e0d8
f1c5e2ea
c23ad52a
99391547
e6f7c5c0
a62123c6
778c0e00
0914e90b
2dffa521
a19c858a
a0e074bb
f0a57b9e
304e1a50
8cc4bb56
4f1cefce
25b6791d
e95b607d
b610af5a
22c1bb5c
d117f97e
7c71e4e6
425adf07
c7934fed
54888130
a2d03f6e
ff8df0e2
06825549
cd0a7716
25facda6
231d41ff
add02780
d2d4d5b7
082a9d2e
34193d33
26651228
1a57c904
d54e3652
2694701d
475388ac
2070923c
a72b5851
8fb50cfa
e88de882
d494676e
b7902b70
35526332
92d634a9
d3c70a9f
7e2fe230
9ed7b43a
4c8851ef
2c972dd2
9e70052c
ac9eaaa1
bcaee488
cf17eb1f
5418ca33
2abbb98f
8561e9a5
72c2f0a9
d920de12
c208fa84
d34e78c6
871d0423
a90d083e
ff50760f
51b14936
a9f52c36
ead9584e
90dde9b3
439369d3
c5718fab
d6527474
06063217
f04b3879
dada702c
8b6885c1
7df42e9b
65ec11e2
d3d6bcb0
14284013
bba1e58f
de22566b
162f2240
60757e93
95b26bf2
276c6e5b
1b041aba
65ba3c89
1124ad4d
8101cb1d
975c3a6d
9ad7fdcf
23a66986
475d5aec
0b854e16
01b702d2
03ab7bed
012c643c
f9217899
499cce2f
31806387
92836240
cf2fa982
dbfb3b69
c5a5ddf1
beb892cb
871215b3
9b7cfe7d
334d5b00
9a3759f0
8b23338d
f4da3251
7f55320f
f590418f
4cad1c1a
e955b5c6
39e7a6e8
b74a1314
5a09eb93
e716b29e
6d93a2dd
1f9de94c
a402e8a9
5dfac127
0061b04c
715d64fd
2774cc2c
f2219f2f
b8b61239
33889c1c
bb5900d7
afaddf89
9bf061e5
9bc27361
8b7a8996
932e3fff
066ee491
ced7d8ae
a31005e0
7508c3b0
64f071c2
28408368
639b3ccb
b290f24d
17c5e630
005cc990
577bb38f
cd6536a4
4a43ae7f
7dd9a5fc
ebf43716
048afad1
e9f03e7a
af767bf3
23c55311
5eaa2701
8dc2c391
1cf93e1f
0647a2a8
4e70eb6b
fda27eca
290ae01a
a71e9ef2
75364dfe
8063d2bc
015cb47e
cb03a24f
91e4e9f5
aab98254
5996edfa
f2bb9749
b2ea793f
211bd54e
3eee1ef1
ee6b1529
724d2901
16be8dbb
2ef1697f
d8fb0d6b
00f52fd9
829167f8
820f3dd4
1012c13f
7270ba58
e38a6b78
3449d474
e5f9c089
918156cf
31bb3ba7
0c165b8d
75677b02
ed671763
cb87dcdd
1fb09130
df49639f
821b5a2e
11464ea0
0a55948a
7dbd19bc
43907d12
a212fd2e
29465b26
38b51fb5
0044a7fa
f55c4ce3
66f77034
9418bbfa
f04591e2
20f9e5cc
d3530fee
110e5817
6aa7c222
d1e1e81d
ffd94120
caa7ff01
7b664e17
36a3886c
c1173882
2dde65dc
cd82d1b3
7ccb9859
1c205c6c
97a293c9
becd8a43
24931de4
6bc0c64b
d944dddc
19b6ebf6
9c6584ef
cd68b8d9
a20b6807
08a19fa4
7d84f4d7
a04394fd
67251544
c41011c0
cd50de88
8b133280
21c681b0
0fb67a26
ff11f0b5
9a919099
9ca8b9b8
07f327e9
f28a31e0
2a9ee012
897bcd9d
51219ce9
4ba653f0
7fc5c36d
1aae1cb2
6018f6b0
d04dad96
3e9dd1b8
5e120abb
7bcc643c
e8b0a94c
5b05b7cc
eba62a32
4578c253
4f9e656e
52a38b12
35ffc1aa
2f501154
1850764e
b064fa03
19987022
3de98372
f4732c7b
0425512f
5d9b506e
a0aef67e
706753dc
c8cf4e98
6527cc3e
b7201426
b4558f47
e79f9cad
02313211
fef2cbf0
bf89af6d
91373853
09fb6b4c
973ae32a
1c5d1f81
ea62ba0f
8e2c3d6d
c55b2988
9ab43ddd
1ed08cf0
c49eb31d
384371ef
3832f3b4
7dfc7d3e
a79dd023
f93be7a0
0c05f064
3d0fb7ea
ce7f20c9
859e7377
252ad522
56255337
1798906e
b256b6fd
a62d486f
a6cf6cee
0577aacf
1f0cfa03
983a8d04
4701b267
266b3788
c7fee394
fb295906
f43638c5
adf2074d
5a63d325
6fd440a0
e268044f
a719e9dd
1fe1ca60
30dcbc1f
95eac56a
850aa74e
d9f30315
a518f0e8
eecfa4a6
cf1dbcfb
30648622
a19d9c01
5d922d3d
9e73f010
ac4a146b
4157ddac
8657ad61
ccc363dc
25837208
5c62dd89
2a49ff1a
3e8c389c
7df1515c
d36e04b7
6f4bbcca
f0c5bb06
a3a91eb0
88a811ae
dbecf14c
9bb734ab
dbf1d4c9
c986c7da
b8adc588
4b1e4419
7d55d193
5dc3156b
e88cbab0
ee900c01
95eddb5c
fe9285b4
25620aae
8ae98fcc
ba4bf237
88c3faf1
8a212e7a
e65797e4
1ea0aa80
b9247253
ad5d97dd
94ce9e4b
c189d4d5
f9c0df28
2c2a64c6
2be086c5
d949b7a9
e1816667
b07169a8
0e04cff7
22405fbf
ef01f3fa
5e5e1dce
20a83482
7f1b9488
bfd1aecb
933368e1
e46664a7
29d7d804
cc99477c
8df05d96
74791d1e
8415fb9b
474dc7e1
8870b3af
b21c2593
4d143de5
7b14ccab
4225c851
a6128d51
9806afd6
e1d95df6
5c766750
5562d757
f11874b8
73499b18
824870b8
eb866611
5963c39e
0e27d4f0
23f2cf1d
ccc2156e
522a754a
5b617b02
8fd7a0e8
e1e6ed1c
7c8b12d7
0eb6b3e8
0cb06885
5df5e6c8
bf47c275
c7793723
7d2fca0a
2e09999c
2988bffb
9ffe91b2
df469797
a01351b6
532ae711
df36fbb2
f363fcdf
94117876
52d28bc9
ab51b4ed
9f79e8c7
a8e173bc
bd780724
c91f35b1
3fd1a1a7
cac3242a
3bd6a983
69b332c2
00ee21c9
b9cf48f5
ec58d98f
f4962393
5d68874f
158080d4
30eaf4a5
212afade
b5d44fec
f98144d6
29b885b5
30fd2f41
e0133fc1
187428bf
7558ec42
5a834150
5382db2c
48d220f4
da3a6405
a740288e
56094290
f168b176
11b169e1
d8fa380f
207330ed
90e9f0fb
558c39c4
aaa68066
4b2e10d1
03fa465f
26689b19
7285fa0a
e0d8776e
8e7bee5c
351e4c05
e2a01cd4
7bd15ae4
3eb3ecc3
ee0c0b0b
bfe6a412
c752667b
a82e6c56
afd319d4
9d24854f
fbf96a2c
a5ac962c
45013ae7
50a2abd5
bb50c88b
b4bbff3f
cb0f39b8
7f060112
1727f23b
1a109a69
8763b6f5
07b9865f
b1af824a
182e2a79
a41ed863
7ce28317
ebcd4bd3
0ef88342
cb373891
278baf8a
303e1b45
81433a06
9803fc53
910f7838
7d70c502
bbbcd9e6
04fe2ac4
d5207719
a827ca43
af37ab84
87ecd77f
a1f45249
3d1a3892
68227b7b
0548c25e
62cac7df
4e5dad29
cadfa8b4
3ec45d63
da5635f5
20413f36
93ce3204
783a961b
664ab4c9
704497db
a8867108
301e4059
18ba93ea
2655456e
ef7f1f82
eabd9879
1a696a00
5443094b
6dcccb87
6e10ae05
a6dd52d3
3209b8f3
035dbb45
85e9435b
6546cbab
d37d16ce
0a71e8b3
c5f839ec
d6cef748
94982276
594f2a64
bc08934a
2c20b349
d88fec3c
59635886
2d70bb11
82054415
02102cdd
a70cb389
eac1772b
c190e341
082e43ac
452f142c
02de177b
80ded43d
348031ec
b9311c3a
6566300e
a7399753
c69781e1
59baf640
0f5c7e16
e79aadd3
9312c486
6d84bb19
90159129
5e44798a
cb3188d1
976abd36
184e7ee3
9d4ef994
a4f604bf
8a6eb861
9baa2ac8
1c24ab56
be63b2d9
35ded4fe
e3a037e4
d58dc11b
8e4641fd
abb9a24b
e490e8d6
f4fb4f70
8bd9ce4e
203b9514
264fed76
001b1830
32dc31c1
b67a07a2
7dabe15b
8fa25081
187e3395
59379987
d99d282a
320f215b
1ada4448
5a6cbe72
b7c4bec0
b42b2bcc
86b90c5b
c94a224a
08bcbcaa
5274420a
b738b650
093d825a
b9eaac11
d310565b
b4fdcc67
6aefa090
825445df
4f7006a7
071169d2
45ea990b
7c2b3a65
aec3bf66
666dd065
0709436e
c26d52d8
c557344e
752b2488
030b3fb5
8b6f8a42
f40c2d2e
d7490ba3
8a4f3391
07408631
79598947
44965ba1
6d4a5f2c
538e59cc
0d4e5769
cc6aa40f
22dbe105
870e96cf
142334b6
24aae3da
d40eb5ab
912294f5
b07d39cc
a36ed0af
e0236aab
b06d9123
fbd18b90
2842bdbb
56720b14
89d47fa1
8d03d1f2
abac8117
3e75e19b
c007227f
a4a21835
0f502f17
b4584287
98ecfd01
a637d821
757140fe
59123fe5
80246823
7f3d7d08
6a7f0de2
6a538591
aca2cb9b
965130b1
fdb420ba
6c04092c
08d839a7
e7e9abc3
2a2ffa82
4c6ac387
71007d1c
76b170dc
c7edf50f
b817f005
b8ede657
ee5f0c9f
640f2f17
37d0fbd3
336a1256
c1cceb3b
c7aab605
69f62cce
ca216896
8de83bc2
c57fc035
3252a38f
7488c7e0
e4a4faef
b5e9d82e
92ed9ddb
f44f68e3
0abcd32f
7c4c5ffd
27ac91e6
7ccb3e6f
db97a605
11f7e50a
5811e7fc
a1742815
9395e3a0
572bf7d4
65612eac
9a77296d
baa82663
f60fcd0a
d31728d4
acead40d
500568e2
d3321413
64d343a3
f42b3e3e
8180bac9
1ba9656b
283aa754
5ef91b82
21fd9d77
22f450f5
36e12342
907e92b4
862205f9
19063e97
8f8bbebe
2158add4
b8ee9a12
7c3c80a2
72907741
00b796be
a15b6194
c81eda74
a82f87ac
9c4a2fbb
e0fcb5c5
e85932f4
88227b07
5acb197e
2fb692bd
f61d77b6
67454c23
ee6ce526
5b14458a
113a86ef
c5eb3dab
29847c46
e276b741
bee4d685
ca8c501d
54258265
3cf2ef59
fad847db
7ece04ab
41b38f9f
95c1871b
a466ba0a
25c0aa64
bf489e95
4a9797f8
4b59cd59
9ec27cc9
179a79af
4f2cd2cd
257872d3
274383f9
f3d7fe68
4b399063
0df539e5
d90985fb
cef17511
a759ca67
62c9d38e
9ab72f36
b69f30ab
0c14a188
c70c9be6
0311af9d
d47888a7
d24131f1
864219ae
872ea629
b71c7078
bc4d5899
47985268
7ba23c71
a1373bdc
d1a9a230
fefbd06e
52ec7ac2
a77f1b56
cb883aa4
6dd43805
e3a61dae
4c0133d2
77f7eb7a
cf724bcc
aec835df
ff41366c
c015fdfd
b3dce20b
87b944fd
e3801e94
3d81fbd8
bdf122ec
bf00f713
ae49acae
7b0aac03
ef5e692a
cad72a59
88b6ca55
3b144c05
1a0e269d
0632d3cf
2a126551
f946adcd
c032d6ac
18f285df
060ff3cc
866a9c70
7f21da34
de2a36ef
f3a18f5b
7b695e7f
8e997fe2
436c68f9
ca4659b0
d095b7d7
981f70f2
1aa80492
2889f9a8
69a2a0d0
efc150e7
867b41b1
f5419c56
bca4179e
280c7846
ef065e43
96299ffe
bd78c204
d4fbef48
469832ad
3de6c244
ee89db23
873e4587
a4773c09
d92b598e
63360231
c5d07b32
cdf3cd69
758a9bed
946354e9
fa3fd44b
e7fd41bc
866cc0a3
4ad710c1
0b8a24cf
bd568255
e408da7f
4241d607
3ec228c5
c461537b
c302f5ae
3720f39f
8c27b7bf
061c7a29
e3ef8d89
e42ed4e0
91c0bbf2
35e4d44f
277e0496
5d70737d
99e2e84f
dc9e587b
0ce7aa63
f7924740
61a07697
baa8b001
9ba6cd15
c000a36d
ffe78cd5
27984560
542f80e2
20a68ee6
a6364597
d2530aca
2aa06f57
575bd05d
33909206
33560176
86962e1c
a6590c51
d3774016
eb9473da
13c1a7b1
54f609fe
e6693634
a8663223
eb5ffbb7
68b966b5
e217c488
17ed706c
d1bd8fa7
3d287fa3
b65dacfe
adc02035
eea49aeb
3c700321
c8b517b9
d76a611d
53b7226c
3847cac9
ec0b760e
9da09dbb
0ec59d59
01d9864b
c65b4170
d29cee92
26c8ff58
6ec0398d
304579f4
88e10dee
5a71e9b8
05eb935a
8360b7f4
a2f63f3b
e621b8ed
91bc8c3c
2dd667db
a4ed2ce9
c744ed26
5da0899c
3ed103dc
df9eb7af
e60ee8a6
80e6982d
3f8a027e
ce9f4019
6222c2ce
f95d44ed
92e14563
56ac130d
4617467c
a159dbfe
aaad63ed
29e762a2
0ea91358
1fe28623
c5976992
b755f2ab
4e40ebb8
6cd999f9
3272c1f2
e9f85f3e
11696ff1
056838b9
bb281e4d
024be11b
4df33725
7908e757
0b908f74
e42833db
d9d16d5d
a55288fb
dfdb27e4
44206d87
e081e4a8
232e9044
551f872b
bed7de11
a17633e9
6fef4748
0d5546cf
e27a39ad
8e6dc9f5
64b73176
f5a915d9
16658473
db20a81b
15a261b2
2c7c8685
0bd9dcaa
7c0376ec
c0df08b3
a1c7adb6
5c349103
376ac9ba
4148c39f
86154e75
04d3cdeb
88ac3ef1
24e77c91
7913603a
915d9d7d
6738ca13
fd718e2d
e84063f8
7742e057
ae141082
520e466e
3087ea92
2d6d80af
69751c7e
86b52ee2
813d8785
ad71d189
d11e227d
5cb0bb99
2700ed10
ef8dad78
5adce74c
de113b21
6f87839a
55a3d001
c313828e
29cc37b2
554045af
2a088905
e47513a0
083ae65f
11b3b39d
d4e54e9b
03e93f60
6c70c478
147f97a9
481ac933
520a562a
a3eb4068
b4f1580c
f1f28bb8
4ab12cd7
3aef8ca5
6fc1e3d5
545d01d6
57a8e6ac
75626b38
029c50c9
b7d1813b
b036edf7
c19b5859
06d04861
b058c3f2
0583510c
c3881466
39bb3268
f436aca3
f784893a
59c9247b
6fd6245f
2e976b34
90ed39e8
4dfbd2cc
80a97e32
406909df
ff649aa3
3a329062
381e7872
3d290aa7
2dea94ca
9804fe08
0e76780a
08281fe1
67ed0e43
ca468dec
6ccc8727
012b5a16
1a420f5b
04c43486
f1b65384
e457f689
4fc8c7d9
61b0db2a
581109da
b9affd61
8d4631aa
3bd75694
8af168a8
fef949fb
43681ac2
a95b62a1
c80f25bd
4c9feb03
ef3930a1
2b61dac7
56dc16c9
6d600693
0b053de7
b33857d3
3fa72842
b18d2dc3
230dabf3
6a8f563f
f9c3ab3e
57b8c903
8ea93f94
1fc8b228
1ae1c291
c997c696
8c89c4f0
7eb44c88
ff61c2df
c0bbb9ac
f7f4246b
dd7a2e92
50909609
fe9484b2
df1bc96f
2dbf52a0
28b6d79e
79680c05
3dd23e91
c54ba3fa
ae51a5ef
3386d880
1687d5b3
c3293cf9
40b9c7f1
7c700684
ab8c5d63
a5c51273
a834ba12
48790141
44b8bd88
63512354
b0715b02
c8f92d5c
06444a55
c532f7a6
07942bd4
f5680753
14ecef15
9caa30c8
891afb99
fec440e7
0bc2ce8a
238e0c61
9f25b0f2
c9165c25
e24b9a47
786ab437
6b719933
9eaf05d8
a63c8d4d
2db082a5
1f225c99
8c20d345
f8e400e4
6194bb72
3b800909
79e56647
408f909c
cb6c56fe
417fd1c3
56f5de80
8d76f343
4b6b1e4a
89b5c6e3
1dac0588
75b6cb51
5f9be328
df3df057
88a339ef
1dc77089
94904b02
1c7532b1
91e6cf3d
9c127526
1a76714c
01a97cb9
4c8bfc9e
4c53e5d9
46df0cf3
9eb4345e
134ffb58
b36ceefc
a8b799a6
17209996
0b1f99db
c832f4a9
4b2e0306
221f4193
0fbdc923
b29f8877
b28de8c5
eca9c582
eaa7417f
67f95484
858060f1
d5a0d011
842f0bfb
8a60cb2a
8876737d
b294207d
aad62efd
c664c573
d1e06edd
f0cbb56b
4fc2ac53
1da9ba02
1ee3b30b
634ee648
5c9aed96
9a38b5e8
625e6d14
dfcd5c30
e42129ef
30dd70b3
3ff07e26
f2a9d9d9
c2e348cc
d9bef860
f08f0752
85ecc5a2
7321bfb8
e469225d
2bf75164
638d71fe
fcf3751d
b355908e
b6811939
47a941ff
a7571b98
9c71d8a1
094bd0b7
bc672c2d
92d7bf39
52b8abf1
b7f87023
783197c4
4c07fe7a
0f84a701
bcd74c29
c2dc1f83
640439bb
1df2e33f
c8cafa55
7c015228
1e5f4e56
07e68f2d
51349de4
77055b9e
0a1e84e0
bb00bbf9
1fd58be6
6602251e
ae50805e
11bb8cda
60a1a09e
de22851e
72e09c33
5ab60cc9
5521bb6c
251ec990
27149863
08c91a68
46237e6f
76eec281
aa33a460
c8b3e350
9299dd5f
31610983
7f06f788
3c918db0
6493df32
21b45dc0
8cb35675
4f78d28e
7a4330ef
146a015f
d53f50f8
c7499d89
869f418b
a36de53e
35c1f331
b3f4b68b
28419ca6
2d988904
84d7dc86
51a87438
6a9c195c
fb700338
6b653a48
6e2d47a1
dd2eb3e0
5fc47e6e
1f40c6d3
0a70182a
596bd22d
3ff5d120
9dbad4f6
77a354c8
f4f30f82
f58060d3
b8c1d515
f9b158b6
d973c237
b6b4cf8f
9ca984d8
93d75ffc
18e635ab
841eacc8
d334dd6c
81b088cf
7326c0f8
99ecc7cb
b0502896
a5717e99
c9db7fa7
06cdcff4
e1809ab6
7a0c0dfc
8c70ecc6
5b1b1853
b9d733e6
3e79e942
70e73e54
43938f1b
2d56813f
7bec5ad2
24a6315a
f1e03803
f98a30af
51e9c9c4
324327a1
04e46c38
3731c427
2c7e5e2b
a3bca15c
31e7ad5c
030d1ce0
3bfe4403
261b29ba
e61651bd
bddce65a
dcc63e20
1376ad4e
2526fb21
0515f4ea
01655bf8
45786d25
7a431a26
3312495f
d1ecceb1
94a24895
8069a778
f2b39372
adaadad4
112d35fe
b9bea00f
7df3daab
12b95a1c
be5f540f
db16178e
6f695abf
4b3937d0
0b8f8e4d
6f0f5e0c
7cf828f4
3e64daa9
a1805bd2
a6bf8cf8
614d2e4c
05b4895b
9c82b645
6ec923f3
08da8d64
0e26505a
f9be8a93
10506f3d
7da9ee1a
e2bd4194
89f4ef42
abd3190b
95b83ef0
0dc68707
d5550a8b
5553fc2d
6a775d06
70b2e76a
ca72578f
d7e90337
4fd1b455
e5e04418
a0105818
87289908
6921aba9
9c9648c5
c63cf773
96ebbb01
c5870d43
eb399589
7a20b048
8620c746
fd8a2357
0bc51700
e04fdf77
ef49fa2e
80c68522
40fbe89e
b019500f
74341cc9
6a93f2c0
ef330df9
45abd3dd
14b8b98b
d68339a1
f94dc194
676a207a
40fed90d
1fa53531
2bf4ddc8
bfe53945
fd099527
b901fd60
f59aa3dd
96a7e699
cdc58ed3
86d5f907
1c43ac56
f5a0f095
315850d3
ba6256ad
ce78deb4
61df72f5
58b12771
84ef604b
b43ba10b
47d05488
34602158
fbf95cb8
2d7a7f08
a2868cf9
906aee68
b41ca494
355dd8d4
6a6caab7
eb157241
ede198fe
4bb56bfe
6bbdb4c8
c74370c6
91c5d4fd
d4adb950
79918051
88913a69
6f54ec4b
5b901404
a05e3176
103348d4
3decb06b
283520d4
50fd0eaa
7f0a623e
8fc42ec8
fa969b8b
a4c04fe3
cd1632f4
01e36251
1b28526d
eaf7f921
f7d97ea7
dedab508
92f4c8e2
f97b7825
601e082e
b7ef2209
74685485
c6fc9440
63353f36
504ee7a8
454b0859
0c798005
17e74f6d
97c37f8f
fcf39b55
48450392
fd817fbc
bd8d8674
11a5d352
9406b203
f52f631a
069d9db7
e8524ced
cd93c487
8756c0c7
ebfaa8a4
d6d408e5
a7961ff1
d58d2e55
f25a76c2
f158094f
df98f1e0
1066fa41
912ddd55
58cc50ab
051726b8
0afb276a
538b23e7
a3a94a5c
9097bd59
fddcf06e
44399240
00a69c7c
528557aa
f8203506
287c6201
6cc0cd98
6f59504f
52ed87d7
6b66fcc4
cf883c87
5ae654f9
410a5bd2
41e51716
90b7799e
8005b060
abd78260
c9d11288
f3cc357c
61d46864
7b7cf681
32332998
b3dedcb7
ed07ce1e
3cb57d5f
23e4e576
5e86d6e2
a06606af
820eaa35
8dc05b97
54fbc9a7
2764c821
c97a0e18
7f53a242
c1d6ff32
89cf9593
0a04b433
42509d18
58a275d5
113a38be
2f7ee7d7
8171e8e6
8136398a
09978c8d
0bc55af3
11fd329b
dabd5edd
b45fa7fa
972747ed
e9e49b89
cd220782
bd6bcec9
bb3167cb
e8f1d4c8
16077100
0b74e7f8
3b5c3946
c685dcc8
431db1b6
8c34f54d
5aa1e00b
79488245
5a9204c1
51c3e234
378d63d0
4efd4522
b27bac57
3189a9a8
6b579f95
99141de0
83adecfb
6ad984ae
58b137ff
84528bba
93ecb6b1
6d42aada
75e97efc
80c75d35
f95ce458
f2be3950
d17c89f9
3e857a4a
0f12413e
5d0b929b
ab04e1a5
fd97ff3e
13011214
8a16d9d8
eb1bc72c
000226c4
634a2b0a
1334b042
f2a5b13a
eb44c441
29c97379
868d555e
dcf029b0
f5a13109
3f6eb335
883861d1
a83eb410
0fab50ff
0fdb2080
16526b88
1d099675
2ad789c8
4568ff97
78ef0a99
4d218555
b29cd4c5
76ba813a
69c6e361
b2bd677e
56977a54
f0bbe78b
b4c04dce
99e562cd
3e21cb84
c3bd9ee7
aa3aa59d
5717688d
5c2c23d4
ab6777d4
fead7d65
8f99a181
415e3b4d
989ef935
5d4d2201
ad4dfea5
932dd0b4
ad0cee70
6ad72aca
c92c3236
89325807
d05fce74
261752a2
669dd745
9555c1e4
ed23bb2f
e8471cf1
68d60df9
92a38db4
b900f357
ec1f7bf1
1336e296
2a21502c
80ef027a
cbd0e5b4
288b8da7
b1037960
b7546285
c520feab
0c265a5f
55de4135
f025fb25
934633fa
5a778f3a
3b430880
31a1a7c8
8d390baf
e4a8b49f
51dc7128
c9c65723
a1aedfd1
8d05b25e
602e91d9
ce8b7352
96d81e58
20c1b889
6167bcb4
cadf010d
c8738687
08c50396
1513219f
b7ad0761
cbb2aae7
aadcbf57
1e0a6bd2
b3373dda
58e28bca
2d5fc5ca
49182f06
fd3030e9
c41c2c16
e3136f66
e8a73715
6785c3fa
ddb83105
3db951f4
6a386bec
4a64d7f9
e48a2ef8
09e9319e
3eea6921
244158cc
07e4db25
34f664ea
25ab0649
7af706f5
33750cfd
1def1c39
fa8987cc
1d74f4ad
0863a8b9
2fe61f7f
d619ad89
f4968096
f7d3d993
9257a525
4d8b91c3
d0a2d76e
1b49599e
8ec4d69f
08a93a44
67e77e75
2d468613
e70ffc19
f526b617
669952dd
9a9dd359
f931a0c5
53bd830d
10d2df9f
8d721de8
f539dc8e
323ba3d8
bd163e26
c7f9fbb9
b27c9386
af7e5886
c62804cc
8a4ca8a8
6a5cacdc
e875050e
c9e5bbf3
a059e885
ec0d27be
a692bbad
7440e5e6
6a57f08d
0e5ced28
07946425
ff73152c
63decf1d
b5f4c0ea
973528be
d47f1a03
b81dd67e
cb972701
44c93117
8bd1cb42
d81c420b
60a1c409
084a7a48
90a624b3
04690fba
24cb09bc
b24bc783
de506ee2
79577d10
182d1f8f
59275ab8
d4ab5980
ae3c6bc1
eb3ff63a
7aef9e8c
f16fbbe1
19b35394
2d0f37bb
94297fcf
1bd807c6
3c8a600b
1184ee02
69e48126
4ce165a5
679fe185
da86a085
84072b9a
90d5e6d6
72331ad7
1c0c4e27
d96b8d57
1d9a90e4
76e74453
f2a2a7c8
ffcbbb67
14aa6c7d
0b33720d
45dfd133
f3895ae1
ca54665c
1552bea1
5f6f167f
5b77c196
0abe9802
aab41122
769c45d2
53c104a4
a9662683
4e455b87
c70234d4
7522e9aa
3d547edd
1ea6b943
5cb732f1
5d3c4801
e52eed35
98893b98
e1ab878f
4e8aa9fa
a3500ded
469a7e28
d20f4a6e
dd5e3772
348c6abe
792ed8c2
c7289b2a
065005bc
026599b7
8f2700c3
1d5c7586
8b05bcf9
22c98504
e4cca7e5
21a8c739
47cb4b6b
1723f887
12d37460
608079a7
ecb91f32
e6d999db
efee9638
0f8293b7
42d6e0a1
ce7c88e4
d7f54701
80019996
8f5e394b
e138f0d6
78cc5c68
e4387a6f
7be22115
3d4631c8
d9a5e72a
a9e1c93a
7665cf90
82c83639
aa98b0f3
0f561e2b
49e415c4
fc33a748
bcda88cb
f77a0ee4
e9e66497
62dd3bcf
2c66fa65
0cd2701a
d53c45c7
c0f4b2db
61d18df8
2c60024d
e3026ba3
04d047ae
66c6e2dd
a6bd7065
5a9c54c5
dff2e1df
a9e87f22
c68e3979
e6f7fef7
9d80cb93
5f0396aa
9132f53c
9af0695f
ee4ef32a
313e912d
3bc98ca8
8a4191db
10c3f158
b9e8cd2f
7ca41ecb
f03c9264
e8279c4c
52e2b5d2
36bd5b18
d3a1e066
0cbb2390
bed26fac
e3b6c6de
fea25f30
323548fb
7a0859d4
9ab5ef64
c7c80304
9177c321
56cde829
b9ba6419
fe8ffca8
a3cf5b3c
f1a44b7a
40d4d276
0f9c504f
c26e65df
0203abc9
2a5a0a14
374e8f45
98683697
ef244e76
4d71daea
7e07b743
af9a2233
0899bd15
2d123c37
ef79ea5a
cace51fa
2d33edc8
40782c67
b3c4257c
1ee55309
722d0dba
3ebe6940
5669ac44
5b0392a4
af2843a7
f5cca1e7
8b322693
f12794af
ae9fbfe4
4fc18fac
366a3dd1
2b523084
8b54d9c8
6ffb5e1e
7a283b22
78d4ebfd
611badb4
1a872692
b163a6a1
668ca293
52ad7c6e
b4486233
e7bf45bd
596ce1ab
d5472839
f7122f13
2db39a75
375779ee
4550bb04
f6412471
95896a47
02a2ab23
f4ed8b91
3e7a4663
10d39a77
a51bc493
80739b19
dbce8d43
773ef8b3
baab3e4a
0eee1039
515ef195
4da57472
04815b09
86368da6
17a4079a
ff1a6a7c
e6f8330e
9bef4d8b
15616fbc
90468e3c
eaebd6dc
15ffb3a7
838092c1
6827da03
e97107c8
a189b552
c3608585
f1a6baec
7cd5606b
e0813c49
9ce64f60
bcfca21d
b7040659
e209103e
d0ba37ac
9fd003ad
405ecb62
63b04e94
1ebc742b
dd4a8ef2
aa2cda0b
78a04acc
2e60a44c
d66a7be1
b2ed1f6a
ee1a67b3
46ecd034
840973ef
174fa0ca
56605fc9
da6e4e7a
1518be25
f468c25b
15bc0504
c7d1c266
244d36b0
9ba93655
2700a654
ef5a5a3d
64a1c33d
5e87c9e4
bf9285f8
84f8f30b
12b1edb8
675110cb
7343657f
02b8ebfe
376c8d63
d354ee95
660332a8
93dc07e5
c32f7f50
e9d3aba3
160bc9b5
0e8e2da4
32aef398
59521ec5
0278da8e
3c4c848e
022e11a1
848f0c6b
ec178b74
c1979fe5
ce21fb7a
7b7e4228
9ca9daa2
608670dd
791672a4
fce3c8c9
3186f8fa
65d5a4d4
9b003dec
3201f712
c75c508a
e16b2fba
b41f6c0a
8e5edf2f
dbd3a11b
bb7e8887
09eec2f9
d2ba98d7
79396943
325238c2
31453a09
dbc10c8e
0937204a
4a93a102
6f564a0d
07b9af4b
bdea8f69
854ea60a
a95a39c8
89120e61
fd9c6ff1
89c3ba71
cefbc76e
f882e4f3
9c76f2c8
1026c2c1
9d021f65
78d981f3
e5d8041b
f674bfea
56aeee03
19beaa26
f81a5b2d
05aeb12f
4599c2f5
206a462f
4e23eb28
60539ee5
591b7642
1ede0029
f3344755
c21cff16
49616c8c
6f02f586
ca0a5a92
c07695a4
a7de476e
7a29f872
cb80beed
989e3665
503e0c43
4916ae33
1b6697d8
a8aee30f
5ca61a9e
e7f41369
0a8ecfc2
4096d1c2
01ccfbf3
51eeadf5
a938dd70
7640ab51
f2b1a8e0
5c6d3e5f
bc8d545a
6a1f5b83
cc251f89
3613f027
caa9be4e
c1c05ca1
e4b36fc6
c0d0aaac
31b2d282
b621c3a4
99c72d3f
7fdbb07a
a8a42f0c
623c8861
cadfc89c
4424a15b
a5618439
77114c98
b17bab30
a454cd35
ac10456d
325b0281
d2e1d02c
12aab79f
95e435ec
dee526db
b3995c9c
eb891909
030bca99
847acab3
3da287b3
f61c056e
3b45cc97
f6cfc65c
c85b434e
41a174be
36cffb5f
82a05f7e
ca9cb6c0
c7c9f25b
c9cd8713
69f42bba
1dbee235
0ed03a06
ad2caf4b
52fdf248
1d67f43e
6d3187a7
d0350f16
54e436ae
5f51da12
5eaef425
3fda643c
aab0f25b
68bf3d58
1639efe8
5a9d1baa
02a6b98e
cf976ebb
520897b1
e8ea9fed
5109c2dd
3b8ee4ae
9d512ea8
187051b7
4b5df092
a6aa402a
2381a67a
db7f1b82
c0ebe309
e9a241df
ad99c480
91c5d17a
70006134
c67d95db
f3035ba0
f9221b1c
b0e03ae9
afdf3ea1
e97cac38
b9a16c55
a3e6b761
88a4e1d1
7c9946a2
d4444d10
17133279
0cdd56c8
442d3bf5
075a4ccf
99580a09
864bebf6
c0048197
0a74f96e
c72093d2
3271662b
d8e75643
81880568
ddd40e60
712b9f19
af487898
50d6172f
74097a17
1f516069
d28ce2c6
35c82bf7
483e9b3c
ba273204
7f38e4ab
3a96f1d6
0e74afee
4c5af5ef
e1329504
eb51b527
5078ee01
e60a2aa0
03eb9bcd
a7ead183
3756a38c
d5148d33
2d9d2cfe
49799737
cb69a6ab
08678053
eea28ae2
12d30214
a0a62e8a
c5b6e27e
2080e174
56a1ef7a
48a10510
d376fad6
8cb09c03
070e0773
711c34ef
f803d150
c53ddfeb
6e4e2219
e57e7649
00562e1c
98e98b7b
126bcd96
6e58f5a3
9563e343
bb427f73
58624b26
26dd787f
5890d172
eaebab92
5220b50e
bac6584d
5647a782
f2a76cf6
286f4890
093c2061
1f6ebf5f
f80bad1e
baf6094d
763cc000
7ede4dce
9acb5a8f
3a474924
ec0e5637
b60f4249
ea3a8b30
cff8f68d
c54bca77
a046336c
da3f98f6
0dfbef82
82bfb417
d421182b
79afd334
3bbb78e1
16efa4ee
45e49fef
060c550e
89d3bc15
a3cdf61c
16a4d729
e3c6b531
4676c8cc
5aa506fc
cabeea6b
e857adbe
ff9812ed
cbfbd04b
302ecd5b
383d9214
b21082fa
f550c88a
62f8fe50
172a2873
70efed49
556cd9d0
4f43d816
a4d9bd02
62be5ab3
b84410cf
9a9cf1d1
0a1cc690
533e1c78
c059660d
4ef71dfa
aa4d1111
fe74c88e
689538cb
85af3fde
bfcc2905
4ac27560
ef381f70
857fd3c6
83894f8e
84e08022
a7644012
efb2fb07
d7263bc8
1c788015
7b413c95
d6d4a05a
05c35c8d
69219826
290b1300
e1788e0b
fb64d448
f5d7d932
3230a739
a438f5a6
8d1f5953
53f44cd4
ed37099b
b7a326b9
f675a297
d142abe2
6e9f171a
0f960111
99acf4ee
53b78f27
bd6dcf5f
9aead959
ae0bbb8b
b3ffcd46
4aa534a0
1b4000b5
95a54425
cef162a9
9f8a885d
d098e9b2
39768d6b
2eb76848
2c8656b7
db0e5139
791de2a1
37eb57a7
b0621fee
be9c09a1
385f8daa
3b0e69d6
81cbe106
7383e8a9
01adca34
e25c4464
9e0277a0
5993ad28
b9fb1dcb
b3854517
c210480d
1f23e4ac
fc73a605
74f3dc51
ce418ad1
558490ef
04b9266e
9205ef8d
90b55859
f483267f
49da5493
fd66ac66
5ebc2c6c
b94639dd
c6be5a12
cd440ebe
f11df5eb
6aaa2963
7849cd2a
7b0fceef
502b7f16
d5f55bdd
7c0b4892
68b15804
bf5a5f49
fd8305c5
15ed9afa
cff40ee6
4d271c08
d5e0e9ac
dcc71c32
3c2f8101
7bf525ba
c0de08e2
5b6d7e06
1e8dc161
3c7fbc36
1d2ce65b
a58d777d
50dcbf98
9a0d1b12
6a5e4199
d0e678cc
529bf1bf
37b0c839
555d4b91
053ef510
403b8b62
01510283
c33d198e
66272bbe
6e48191b
2e6de122
ca87a940
05f77138
dc4690c0
e22180f0
82accb87
94fc4efb
49e9344a
a12ab708
c5045aee
f6ba52fc
addfd6f8
eff97403
f1a2086f
b3c993c4
fe84ebba
dfc47f30
8b6f0a3d
5838e29f
1ab6a346
2f645829
7a208f5a
b86807da
a018f2a5
15320036
154b7615
3f68aa33
9616216d
05c9a5a7
f6b5ffde
57d3c394
5dac090d
b21718c0
c5a8423b
54ba5d76
7df2b835
4b34966c
0f7766e5
cf0a09c8
aaff7997
553a71b7
d2488d1f
6dd68cb6
2d7d84da
911f6533
30ba68d3
b57ee0d0
78da64c3
1202c4a9
15eb08e2
4d88510b
8396fd76
4b804cfb
eb4d31ad
5c426c71
26bfd277
f0b90b05
12755029
ceae086b
c9c744a8
0cbc6183
6f7dda38
79bc8aa3
009a4bb3
784f8bb7
143869c6
366c91d8
5046adb6
36067671
a1018472
59a2e4f7
d7e649d5
167bb25c
fa25c72d
40889dbb
44d9873a
b1f22bf3
74f234db
4243714c
97846336
d246d2ef
596642ce
46297845
4ecc0e38
ce9229a0
1155ac10
dd8f9d33
b9573e5d
38818bef
9aa3dd32
2158cabf
c8d9129b
368e40d4
4900cdce
cc0bd17a
f9dff583
5d81e7db
90dea8b8
3115a449
a3041d87
439f6194
d628021b
62a3c5f6
aa037b49
6f9d8250
d8a722a6
3a59de33
e3fb4366
4421830a
b6619f7a
03086ee1
7f8b6029
38649253
df1bf42c
b5a8e5ce
7c9308f1
ca8ac11b
8235e509
7636967a
387fa3d8
e4a16b6d
dcdbc660
26edd1a4
0934114b
07077744
1deab6f2
425d5e1a
2d5253d3
535544ca
b38fb247
91b7c340
b733f46c
f1a120d1
d1d6eee9
2adef62b
befe15b8
1f54bd35
403d7120
44184fbb
3e540a3a
01fafe4b
93e97820
f7d0a60f
19739d86
8d5bfda0
f2105d19
d2ece818
e82a7118
3495663c
6402e026
e85f453f
e732667f
55b3ad49
201fbd30
43be2c03
8e3a6fda
ea1e04e5
f913a1a8
ceb15210
12274b63
c28ad904
afc2243a
94a1d9b7
651e4d17
214b2497
3a955e2b
89cccc70
ce3869d4
057107ed
99a6a34e
378a6d0c
29bb0931
650fa9c0
164b88cd
263f77da
88795b1c
fdcb0f8f
2da510bb
eef57b33
1686c761
642a6fbd
d07556ac
ae94f225
7835ad9f
9bc02cab
68af8cf0
fc14240c
a7fa6eb2
20be04ca
579c6aef
7fd60670
5033afba
e42080c7
b0877daf
80430a9b
286f5906
6b0ed2cf
afaad10f
7aa726fc
26343504
f3db0d22
c9f76090
8978c7ad
2ca8ce80
d0906b79
bdc307af
2b42627e
7dde1f66
b45c08ef
efda2071
e3fce17d
9a660fc9
338aee85
c1bcd138
a557b570
d910fc53
7fa120d5
4e1610ba
30d7c1eb
d7fc4fb3
98a6dc88
75ad0997
99cab224
3693a4da
4055e7e9
5a89fcc2
82f3e34b
fb093279
e8844edb
74100a55
f376dfa2
e5298ee0
0b481544
683c19f1
9b79df69
46e41860
46f288f6
a269e584
9b182a99
f986f6b4
22d488a6
3122250f
fe3c46fc
caad3299
2355c2c6
a13e3d2d
65551777
1913a7d3
9281983d
9a4e2928
8756430b
adf9bf88
b8862048
4dc3c861
fdf31e8a
47da07d8
81c88dfb
fbc1d8c0
b7bf301f
c321635e
299ef3d2
501ac8be
2aaafc7a
04f479e8
8556124e
2a392905
fb58e820
5b830070
7e420b61
a17f3990
d25b1add
5a46b6e8
270da195
85800196
14a02c01
9430292d
323a02c1
2d1f2420
860e6a6e
0bb79cf3
aaeebd5b
162dd822
49b70438
dab2d8ca
48276253
c11077b6
5ec658ec
72d3fcb0
0ff4afd4
daa4c4bf
a359f737
fe736418
df30be9e
215f2b3e
8e70dea1
c96a979e
8eea88f9
66dafb67
ae2318cf
6d21c976
cbe52025
1ad5e22b
f69229a6
61ba0c6d
43dda912
2b175604
a17ac0b0
17178629
85205da9
9042eb1b
3e287097
fa90300f
d551537f
29f100c1
a0ab5386
539265e0
3b684be8
56c9db8a
226e2bfb
edc85ae7
848591e6
5c0f6a2b
d857ac03
6ad7de24
931cc4d5
06555c13
a92396a7
347283d5
c1e35b13
d478748b
515c14fa
7cbcb1ce
3bf3a23b
c5a01d8b
ba390374
4fe8ff4f
50a2f8a9
ec959631
ad8883c4
b94c7644
c53a51f1
ebf1dffa
ad12f785
4d2ed8c9
123064ba
0af97455
9ecb1794
7bbd8587
3b406626
8ac15c89
e1f2e039
8b5db582
05452551
a973e25e
68fb286c
72d6fa10
1fad65d5
ae609b47
e4abba98
ba504a1e
429dc15e
f43c0f06
96fd02fb
c808fbc7
0b510fd4
87360d06
dfeda82d
ac28c004
93a9ce2c
9cc29780
71078a1c
b6e07140
5c8b36b8
5749da77
c9a42a16
b863332f
479f957c
13bc98ff
4b924f8d
46fe4a1f
7875abfa
fa3c7af8
d9428773
b43038e6
510d9a74
c636b9ff
db24f1fe
8cac9a22
6658639f
27257d11
2e732b18
184e3a65
0bf3eb68
f683bc98
b212a675
10e08214
e781e01a
d58fe30f
2657ccfa
65692e7c
f3e08278
1a154ae5
44ec9de1
5b54cc5f
759296c7
e16ee56f
c516e8d4
eee46263
ac0b1175
37d4a151
2b6debb9
7fb47ca2
8078793c
b3d75dff
34b5356f
a07a0bfa
a9477f7b
362dd1a2
6c19aada
948adbc2
4e716c4e
6c65bf1e
f0ad3048
20ca573e
63e9eca1
06f885ad
4cb7f808
eccfb01f
de62c9e8
2b88b48d
d2cd2ac4
079c8b1d
b1296004
49df604b
22f31a0f
951584ba
0d361ee3
8050841e
0b3fd652
bc52b38f
c06b5c69
6499b465
5622ebb4
1e9ad5e3
0e6c22f2
6a7adde8
f783d3a0
ca2e73f5
858098ff
be8d21b0
d7d87e5f
990cfab7
f24c54d0
632d820e
b8a15130
d0cfc842
c431595b
59112ca7
f564cf43
42e3a817
3080d31c
a4a8c572
0b5a7584
3378f0c8
56c0ba53
4bd2b1fa
71fce6d3
df652beb
e3e47b1e
36d0eec7
5d0a2b99
47ee8ca2
4014eba2
89327fa5
9c6cb8f1
1a6c843e
d7019ff3
3236b5fa
0203c9cb
f9cd9f0f
3f2f10d7
6d79da63
e8647810
1fca3d02
d3d8a72c
38c1a543
1e0c2b1a
6db71396
6545a5df
95b73f6e
31952c43
c83bd8bc
430f6e44
6c94c90d
51e2e9ec
7b1b2158
9c64455d
ee2b7afb
c35b14bc
fb63cd8c
117b3f76
21d53d56
c890bb91
5b0b6ba7
a575ca33
6367f244
abd41494
a649ebcd
93a03d77
4a7c0c1f
b003786d
df3dd825
b4add182
0f5f1095
edf1ea86
918a13b5
060ff716
53981ca4
b1104050
1d50b94c
c059e629
88932310
2d0fada6
bcda21c3
319d3528
ac195ac5
db65d808
f9893c75
51ffa64b
98c1c13a
828957a0
3922bb89
e6a46b7b
45058591
b4c3d199
3b6e1d4f
7ee55b1b
7c354c94
c871da12
3102a196
af97384a
004c2742
6a1c9a13
7fbbea7f
96b4e391
45b39348
0db75952
68ea1389
7d545ed4
1ba04c85
24784cd4
8cbd8f27
c2a619f7
da6309c2
a6cd3d5c
11a681e4
0f8ebe7c
d4df1dca
89bebf69
a19f8cd7
7dcf86e9
f6eeed25
5bc8949a
66837b0f
ee5a9366
dc5b7ad7
a5aa8dc9
394655c9
870ee57a
7f9cdd2d
57d193b9
01bc4376
c34929e2
c8cf2aa5
de6f77d5
8f5973ae
eb743a4c
a2b4b3d9
5d0c25f9
e49e845b
603255b1
d313224c
fd6b1184
645e84a4
d0e64522
dcb845de
5d153c8c
dc126d88
94d60eab
99273304
6c4c82b7
d3bbae84
6bee3d39
d6d68781
fd52c6ef
77104857
1e34becb
65c52e9b
d906733e
5ab3b5ba
a80af026
c711fd75
573c20c9
26173f32
4f433e24
e03fd5f4
67cd434c
5a989083
d8227ccb
071f3dd4
fb4441e2
3f1e8d77
08eaa1b7
fde32d6f
82333808
c3289db0
3faf4041
64ffcdbb
20a203c1
2a762d1e
49d3c898
f10dcadc
b7a64e97
39abbbf2
28cec152
121801fe
187fa33c
d14ce93f
b88057b2
d5d4f719
64e0b4c4
d0d4900c
19507c9c
7aeb444f
d96e932e
a7a7e4f4
2570dc2c
6eaefa0a
6fcaba97
adc98ec4
e757c023
507e837b
cd4bfd4d
6ae4d834
435440cd
826015fa
2e21bc42
291b3196
2ed3615a
94085c01
deac07dd
f070c0e2
ccd2260f
842ac9d7
7b9b4b66
0dcaad1d
3464f87f
8f96c0fc
63c0ed4e
ae245c36
8ce30de5
5919070d
7236757d
9e15e89e
e1d049a9
6ce53b7a
1c0b9ef5
e8330ca0
4336ce5a
4d8a3304
67077335
cf49de91
09fdc116
fa8d6cbf
11c77bf3
4e736fad
347a20cd
a35fb1ad
3d1f9ead
b1829a91
09b833cb
c03d685a
85c9a53f
35afb7b0
d459b154
ead859af
9f1bc3f1
b0bd5f88
e84510eb
e25509c8
1ae8cfac
e622797e
487b9214
14af144f
04aee36c
3b836619
e44d9c66
31411f83
cf608a60
7822aa48
fd6985b8
7dcea724
a6168ff1
5b34ff6b
43953ff0
eaa73d88
4763d7f9
95a80660
047034be
a74ff3b4
4f4d5b47
91b2741b
00f4ee76
665bc0d8
55622d4f
9153d87c
ac4f3047
f9b5f10e
71eea153
beb18098
cd880fa0
c2d805dd
f2283824
c97bddc7
6e0f2868
4a1ebaa5
c4ac8a61
fb61195d
3fde3379
48f8f6d2
fa87e8ba
71b949f0
b43ee4d4
1de2baa0
b8c5523c
43bba97a
f0d9a232
fa7f3999
12ee070c
bc5723f9
c076cafa
23ad0278
7f4bce71
5c26f36e
d6900406
ea30426c
e749715c
49d9e430
11f82755
92edaf2e
d306dde3
90009bf4
449dae2f
bf46709d
01a4fcf6
8af49d81
aa435faf
cf82439a
6c7312d0
79f1958c
95005819
5eef9541
ab2cf9aa
7ba52395
896872da
3ecd7b1a
a37e833e
ebe26895
4ceac964
adea7a3e
c9771d32
58f5cf35
a70722f9
8ad7440a
f83395c9
24a83ed6
14a1752c
d3390cfb
806c0ebd
a0fd92a5
81703f0d
2f041d6f
ce8d1476
c72a9812
15a3dafd
bc9cdafd
e394ec28
e6f15420
054120c5
f0cdfe02
cf11df00
6ff3a466
f7323441
53e038e1
fcef2b7f
98ef0b94
20e083c0
0f3dcb7f
f810cdc8
a50aeb8c
32620fc7
9d3b5894
fa08340e
fac6dc92
56cfd522
c07b182b
d3cd00da
34c672cc
ee03cb51
74c4beae
ba05a851
68e2c11a
6124d9a4
57aa5073
0bbc5428
5f62641e
b3f74041
7d18ec3e
4dbb1743
19e5869d
6beb6996
3d16a2d5
ad14b628
c0d72da6
2dc6fa1e
813b5dee
b6443a07
6224eb45
ef0fe5f9
daffe598
4681e1aa
3dc10cc5
d53a5e30
76b9773e
a72d8558
4d634783
de039d2e
14a4311e
c8fe811c
a4e2c5d6
3cbeaf9d
d78edab6
d2137a5a
80d1437a
c07668a9
6ff8d869
4578c466
5af36e7b
5bf26a89
1b275666
252f09e5
1558cd36
a9232b42
29574862
2f0a8f15
05602264
2fd5b136
821dbe46
fb516850
6879fde9
7bbe8bc1
ae5a157a
1434ed09
ba255b0d
c20cb48f
df940731
3ee50a95
b9bb6ab6
fe85b326
5d1e4ce3
d932ab15
745be90e
c8553c5c
3bf73beb
5a9f7a98
53de291b
e48ebd38
6f5b44a4
d0eda04e
c4d14e1b
3bae7c48
aca2337a
50833837
bf22aa5b
a55880b1
b8f10559
30a51357
49dce223
e1492974
6bc180e7
f908a149
d899b3a7
ba40c6a0
6f257fb8
924ca96e
9e6034da
00cd2743
28f354a4
cd364f58
d292b470
274bc375
881b03bf
ae7b19e3
7a79c79c
b8a9d41e
ee001d87
52e8aa93
d387d2fd
0d79f2c0
5cd43386
8bc39957
bcc8e23a
60e6149f
2103be8a
176f6cb7
3f6bf16a
5fde6c04
7cfefa64
b9c3cfbb
82071fa5
0bf78910
b734aa2a
26bf18fa
4e05d954
e2a583b7
7439b449
d9f70008
b0ad0c05
64831583
65e51702
361c2478
e8f968b0
cbdda913
b09ebe8a
47b88357
e741be8d
ee53e921
7697922f
dffecdbd
4426cde6
b10ffd4c
2db18efd
d17cb3b4
bb6b784d
9ae3755c
6da25ca3
4a4f549c
1a4384cb
970dc5cf
fdf8c4b5
c74013cc
0674cd52
75c02ca4
ccea23ea
72c4bb26
2f94b7bc
9a00b19b
514f5824
8b80224d
e0576790
047ee58a
3d8c5661
32d39cc8
3973b87c
8cf50461
ed639e7e
c1e2f407
b27da3d0
b13694ed
da4c0857
ce8cbaa2
ca5fed24
e0739ec7
6bfa8f6a
79eb3735
f442bc9e
65aa68d5
a1a55b4a
388a44cd
fef73934
e5d7a6db
eb48a6a0
cbf08d85
e073dbb5
307c8380
aea4f669
2487658b
c3cc6201
20e07057
f9774947
1cc601af
051a46ba
22d24f7e
f96c3645
fd7d2a66
f2e2a93c
a745c35b
c5624a6b
d1812428
f4467e98
af09cdf1
7df5dee2
0bb82ecb
696de553
6146ff98
716eb539
df88674c
5540f462
8017c9c6
1daeb0aa
0687716f
40700c0a
7861ce71
c404148e
c25f2149
31786643
327002fe
2526dc9a
996f3052
f22e8735
6ed543f6
3aa59492
3001da14
17f28ee5
8d1acad4
c49e6b5b
4c80d1b0
770888d5
025d8160
fadccf76
60793f0c
4f98a39b
c9d2f407
185e8d26
8ff60704
81fe9e0c
3e6d58c1
2be63e6a
052bee03
91f7bd91
d2e06ed4
826488c3
0e84366c
90e050d8
6c7b0844
eb39db6c
22091542
76216fd4
afedfd9f
6146cb39
79a2e4c3
20234965
e9013129
ca86a24f
08d64fae
1c345517
268a0eb1
67ae8ee0
b9c2c766
acc72da5
1b5b662a
8fa0ba04
f7defb38
52d44dd6
e468b41d
36aef1c0
1cd2f625
254ac0c4
6b8e4570
e019b04f
59f79f2c
e2451c1c
cdc557b8
05b51bc1
104336f8
875bab6c
f023abcc
376d7385
ef1df438
9634237a
02e3942d
4b84620c
5194a5cc
fa3a59a2
f77d9db4
b3f05227
302777ce
dd0245c7
81d912fe
43ccec33
19a0325b
d07d4b2b
bd1e3aed
6d215f1f
49efc6a7
f1a75a5b
06f8da2b
13f180b3
01605731
e7ce0a32
31d4799c
6bfb25cc
23cd88d1
ef0d3c8d
7cfdbd5c
b61ff362
19b4c7d1
17947029
50ef38f7
c9c76a56
68b3ad93
9d4c7f2f
8e0e7215
57e7a59d
9f19a812
108ca49d
4d7859e9
169a7a19
e574c9d8
93ad490e
702d9b66
2fbbbcf9
d912c0e6
7af1f426
8a0fe602
0fa2575f
f8fcaa54
3caa4b0d
4babe39e
91f7ce7c
99a68785
a5c7e5a9
5c9e6b96
cf9b00e7
9cf98d7c
c1fe6c14
91bbfeed
da3c7637
84a939a8
8761949b
f70f4003
208bbca0
0ad2c821
46d7c875
16f404c5
e67307e8
84d5dc42
27e33882
b0ae1a43
55dc879a
19d318c4
51d6257b
06d0a701
f972ea57
b1d5c220
03497c05
ff842049
999dd21f
08dc2db8
0534ca8d
df133b82
4b1612eb
f2086e33
6743e933
bb8f3e7f
54e1486d
c3dd1206
ceac0231
56e11b98
cde37a36
c0a5560b
ba8ba72d
5a5f48f5
c1e7cdab
905be76d
5c3d4d0a
53fc2d2a
1a35443a
7ca850e6
d592249e
ae86f002
92f03efc
f881c8f9
a97b8933
a655e517
71ccc18f
061e8376
194d7c9d
3cfa6079
87cc7366
3ce32fa2
b8089ac5
88f16255
e89a68c6
9fd95e4e
e9a08de4
d0cb1346
96d5055f
3e570972
fb985572
93d883e9
ad6c0208
0eb07309
102e3eab
354c38cf
7d561162
b9bf3e04
811f6a64
86ef8e44
a52dcd05
31b1bc2e
567d1cf2
408114ff
b27e51ec
d429e02d
94358eed
fe037c15
aff245e0
ab249251
5f4c4b17
72049b0e
91ab7212
00b8899d
4e16789f
130143bb
65b3875d
c527e0f9
8185aa98
01067083
66b5446b
982dac8a
97f36716
5764d94c
2c381c76
2aeb791b
df2e8f75
c9fd2388
61b8acdf
8a0c88d4
0bccecf7
254d1bd5
4bf3128d
422e73bc
5bdf79db
c0c0f17c
73325f0f
0060bdde
607c7c98
35ec1e3f
320128e5
db5562d2
9cb39bf4
cf0a786a
24619bfc
4333d8eb
b5f6b541
0c9b6b04
851c8652
c655e84e
f189d308
71d5bbf4
8c9e6313
b1491816
1c78e747
619fd860
2cdf02c3
573f3a39
834595e8
08a86cfb
53b01228
7cc5d221
3f3636dd
f7b1148b
38b779a0
82338abb
a5a3ebb2
16368c14
69b5ee08
3b502e50
11aea9b3
d5858213
791360c9
0472b25b
786f4d35
6d0ee4f2
af05d8ff
6699af33
34694a86
6191031c
8aa37864
5ec808fc
01deb971
5a22c239
e5e35fd3
12dc6f3c
2f142900
72da88bf
ef13363c
ef34a065
9e9e3429
75612ca3
3e77a70a
baf24f00
47d2e9c3
71c53e60
31593d15
54a72cf3
747ef45c
e8317279
7e51cc2e
c5811c45
e66e6163
65af249e
65471324
69325a20
1145e3b7
9ad59053
e0001c3a
c2e86d5d
f2eab582
5d07e8a5
b046fed0
d20705ef
adb22f3b
d50f4198
5550c0d5
62a762da
1a16102e
f0c978ba
7d3318ef
8ff1529d
4f136d84
5c7170e0
5f39b4aa
bcef7237
4a3bb2ce
f6a208eb
30ebdd86
c09d4752
ebb08797
3b82c5a0
063fa67a
3324235c
bcca2be7
9f1e305e
2757712a
98fa0139
2d08e880
7807d445
a2f318f8
bf9d1a12
63f45504
bd9bc5fa
e14d219b
a9760d16
b4e5fd4b
915179b0
91db6c5a
2ef94177
32e2b61e
a91c182c
2731a2b9
7e842f3e
13d35567
729c77b4
caf3c039
1c2d9325
fe3177dc
18c06e7b
38a97d90
64b5e5a8
a6b3e0f9
9ea610d4
a72f6adb
2f328e33
0de32bad
95ace2a5
531fddcf
8c49e87b
0a7818a4
e31e7ecf
8ea4810f
a9e16eb3
b54d3207
e8db33b8
8b734072
ab991eb6
b582e7cc
5820c21b
e46b9bab
beb71e34
bae87b0f
f3dd0a3c
9b5b48fd
6e70cd21
71744ceb
d4922bb2
cc70ac5d
0faac506
99c89248
adadca8f
6e8278c6
03f199ac
d3ab8cd1
aeb65942
d9e3af47
a00c519b
ccf8b4bd
f058e04c
7a3b10e8
4a255629
d38337c1
f5d77fdb
4a089910
36dfe57d
81aeb526
429e1f4c
c5902943
73f86355
76f9f68c
57029b8d
8d61d324
47d4f827
ace056ae
24793639
e2914729
3368a247
bfb5118b
69006808
2827cfe1
eedfcebe
863d9f75
dce69854
8737faea
1d3fa4b2
0e6beb0c
ce96c2e9
11f93508
fcc239a6
7136ea43
fb3fa2c0
4db84e1d
35996adc
246f46b5
47dd210e
ba8c6ddf
cd9a8ef7
a65b940c
d769c0d4
3ac2d251
e96be8ed
252dfeb5
e1ad659e
75e18009
30beae62
eb2d1958
b9b6058b
49ed386a
29d337b9
88be8d01
9b97cb1e
0f1bf440
e0de58fa
615529f0
1fe5b465
8c7dd3cf
956d49ef
806b1e7a
fd1287b7
fdaf8cf0
519500e1
d2088887
1a134658
5f6b43e5
25e10f5e
c71a55fd
81dc2324
fa49282e
aabff1e0
b1c223bb
084ed7a4
45c5f368
177009a8
ff7f6f38
5e9dec6b
42018615
9127ba93
42579deb
e6f649d2
3124b653
49411914
02dac059
5af5b5ca
1bb4615f
db17044f
18412b89
6d2ae36a
3593b89d
8c08a120
2420fc43
73c10ef8
904e3483
a2f34391
0cb0530e
cf085c4f
8653a192
5c7f8db1
90b79f5e
6cea8f92
f4db985c
faa32280
4cabe161
d3dd5f4b
451ed5c8
a6c74a1d
b7a7065e
72b369a9
831b4494
92389643
650dd5bf
99da7693
529841b4
3b74a1ae
4d75f2cf
05f68ae5
8e51ee69
cdea9786
0a07a866
be7d666a
69c679f8
45f29381
73eb3b96
1058a81a
68ddc2a6
80b0dc45
58fec684
69aedc0b
0763e4de
eb1d95fb
5d9ca210
6bf3b58b
60bdde73
b91cb740
6c733e8e
d8b7c67d
3526f113
0ace259b
13b43b1d
79d5ebf1
a9acb2d7
b55e8ae6
516a866b
ba2fa1c5
64b235e8
4971b420
e9680f17
b621e629
16c66e31
e14aa58c
e179e8cf
f675f67c
c00a1964
db71a297
8f4ab61f
378fe653
ac6204c0
eb691299
f10a422f
1a82864f
84da8a19
86bf9971
13179efa
2dc88f2d
575a1361
7560ce92
f8a3b2b2
761c3ab8
f962e1fa
538e9510
37356417
753e27ec
f9461714
8436e645
4f53e1f7
c9577dc2
91e561d6
f59c211c
d0f27116
656b36d9
584beecf
6105fe93
4d019ff6
684fb93f
03df6817
b4c50979
32efde22
385199e0
0e1aee6c
8ab419fa
b3a87986
28815baa
0979e0d6
ff047a8d
c4fde226
4b92231e
e6945516
7bdb0bc4
94063fce
fbbbca9f
77958e8e
93128e9a
2874d9fe
e5b0d10b
960d518f
de1f2686
f313413f
40e3c02c
7a94f170
20b75a45
c304cdd4
22e16751
1ebaf7d6
1aca7e4c
e964079a
50cc6fae
361c24d5
020e13f2
c90f8445
0843d82b
19b98711
e2c55a5a
aa682925
8392aaeb
d48b5224
00370948
66e11078
1a13415f
b23572b2
edc0a29c
d48d1e2c
bdd26e78
93f9b2c0
c357a07c
71960c73
455839a3
99fe7849
7cadd13b
12f9a82f
03e1e59a
86141a25
970c620d
b8a9ddad
dcc5a304
18035fd8
2e3262af
ba26f79c
e3b4c278
d48d1917
7d377205
a000653d
738737b7
90a610c0
064b1b0b
d935952b
480ff40b
8bcb9361
1dd3e043
d0d59f6f
979e0595
0e1cd5d4
ed2aa3af
ed284db3
c87f1409
c116394f
403866d8
2acdc3d1
85adf462
88d398be
4b241ae5
fb9b348d
08124d99
d6a291e5
1b7cc783
65bbfd62
68013c2f
8b443fd6
4aa92a96
7fad3bec
2b47f74b
64c737dc
18762ab6
146d0ea5
a998aded
3677399e
10c8d195
99e51b24
2080f164
cf0aa1ca
5db3ca8a
029ae935
76d4502b
a68b1b28
a1f6c254
b1ee5bce
eb51c78e
8ae36279
537ea77f
b49f70af
f81d90f8
bcaf84d7
f275b820
174f0521
93bf0eeb
eebf4bae
2c8d120c
a1ffb545
32f42624
421ee0b8
b2bf4575
59cf969c
b2863fdd
38faf330
4a17ea58
49ae0bc0
38ae8a12
6504bb96
b8fc6970
f57aee32
fefdc0c0
faa601ea
12c7ef2c
fd743248
e025f2d2
a38ed9c4
27a7a479
538f7507
5a9a1306
ea643b27
dd787aef
5498f7a6
743a9fc1
c245e93e
5f1181ed
83c0bde3
435c86e9
b78eadf9
71bcd443
98509e07
740aa9f3
71c60828
48a1e13c
e26c6ab7
5b0de396
91a46e17
6acfc7e8
d54ed005
66871f63
9fd3b7a5
31e321a4
57f97b87
cff98107
17eec031
f220de9e
d6e476f7
66e837e3
22546f9c
d4c81067
85889257
2ecbad3e
46cbb006
a1020ecd
b8c9f5c0
4dc630d3
188f266d
80c543ee
1925ef38
0596418f
4697489c
272321e7
83398d09
4d6c909e
f36e3ca9
95f4ff62
8e31beb3
dd4b1596
89c8b133
f727259b
bdb4d933
98f9ccaa
3793c96c
1cdad42d
804b03da
7bee3f9f
975851a5
e678c682
9e02d7da
a728864a
49533252
908ffb6b
09c027aa
30cae075
64c8e406
b0827d48
dd6c920e
42f239a4
19a23c1b
96436556
b468cf15
04d1fb16
59dda0ca
683f68d5
938905bc
0c9b797b
0e268fda
d40a26cd
d55f65cd
ebf1cd6f
7101499e
152524c7
b4402f3f
e78f066b
764423d0
271d4bfb
39b53e65
c83ad013
675e321c
1883d5cf
36017b25
60452e81
9e6a0f91
e5886728
2b0f3b12
16ec3e6d
b84390f7
54db521e
1fab25a9
e29bb94b
d0b28c1a
c5be8a43
de7be5b3
1f4816af
c6bd1f7c
d45c6206
4daef8a8
3d900424
4b217472
1a0f1249
e10aafb3
0017e821
e7d5b706
711ba7a9
64a67c03
99f0bc76
65ac80f1
59240738
7494a600
8d9f8342
d90fb27e
0ed746df
a89d600c
f3a3b815
e5b88bd4
9f6b843d
f253488a
234d963f
2f67e956
707608b5
224b6b31
498d2467
f26fa289
85e350c1
8414c3c9
5edaf5a4
ce69b38a
57430a16
e10aa2f3
2bd69a0f
631e1b60
8067e9fb
640a57a1
6f2f3e27
3364370d
26ac1cc2
c68dbc65
816911af
a330abe0
59a95083
f17c4915
ad733cf4
66e0b702
330297ce
c5871a78
ce780e62
9db4e951
55aca04d
065bbb35
6508c5d0
46ad9616
fc32f7b5
e9750db8
9fdfcd15
02abb4d1
a987de8c
538a2bf7
c11f57e5
2d605349
89db53b7
8798955a
34f1bca8
90c3d11f
8d39c781
792ab00d
593bd1f8
058b7cd7
6e11e903
64682fc5
1f51412a
ba62dc03
63c487d5
7c3170af
53243a2d
678e5083
489391b0
508fe146
d4155592
df369650
e28b6294
5524a4a1
4a8df16b
fa429c7c
82269e6b
9e8f5543
b1b178cb
88afddaa
632fe293
6cf7bbf6
7c4dd6a8
d690876c
308cee5c
c9f97327
1764768d
e154c2e2
3f743a84
4219afa3
f81b9ef4
b15c78ab
af556dab
54d1facd
3870ef31
b2d6dc28
7c61c406
05f286e7
c40b3e5e
6dcaa4c0
fd71f082
5296da36
ea14ad2c
edf10a9b
c9830996
bc5035ef
de716502
71c1bdc9
9a86b90a
d1a8103a
ab855008
471234f7
b7465054
76520b1a
d77ad814
4d2ca46b
c45556ee
15688788
f47d86f3
575c423c
448e2d27
50951554
8886fdd7
f614eeb6
44d042eb
0eba69ab
ec1f8296
517f1470
1c094962
563e7291
229da446
4a15469f
2373c110
df32755b
ae37bcbb
f9822943
385c7fa6
5e006b3a
26bfd366
d6be8366
d71b050e
90ba3c55
52eaf17f
ea44b408
f7d53656
34fa27cc
c900c92c
3faee257
b0601ba3
0562618f
b4396deb
4cf03031
cb301495
5e0b69cc
79c0dce8
9e8fe838
73521ed3
064c53fd
6397bec8
5847911e
a2668a96
3ef8f164
62a4f11c
381f884f
4db5b020
00854ce7
d4ce5198
c3c18f77
ac45a4dc
b1e2e465
66a505c4
9be321d0
876c9f6b
36df5e84
ddb0ea14
fd6f13de
77ab846b
1b839e6e
3a370808
c2490df5
f94cc5c9
f26f6357
d701930c
9f5d9bdf
9720e9c8
74230ac0
233fddb2
ffc4b247
c2a315fc
0fcaf005
59e1d53e
186c98b2
55042542
0918b187
7f4b3f9b
e16f4e33
f8f7e045
9da6a27a
f0bbd949
694d67f4
3e137a0d
9a4f096e
c4ee54f6
16b85568
ce7532ab
f2528599
3d2d9f9b
8b3c25c5
d914aad1
8c64e19d
06efd654
32c0a941
3593de43
86b57170
7cb2b27c
44b39b6f
b8b52425
5e4ce62c
cf2eac2d
1711991f
759b0ec4
b22d0f09
fd7b50b0
97b1a3bf
f41f9aaf
99f95e4d
6e895b71
43a495d4
5975efc1
cfacbb92
df33c4ba
96006b98
ed576a41
1f21eea4
76b5ccc7
64a6acc2
6c8274f6
a0a71597
b6bfa1af
ed03be55
115c985e
c7576661
d88a2f09
0ed02f25
6c64d8e3
0f34853f
b3b5cadc
fae9b105
637d3bf0
02455db3
591f1176
aee086a9
cdaaf59e
01e8328f
0050e3d7
39bf4863
1da62dc6
06cb429a
1dfb4c5a
503ce327
b68160a0
9f8ea47a
b8b3776c
656fb46e
1ef0db4f
e1ef236b
2640d474
1fe8df07
2531788b
5752981f
007717d3
78f62d18
f89c62c5
5b7c918c
23f45b41
7126c2c2
d7473dfb
02c50272
98e85ff0
c37381cf
ec88f093
1e196aac
16f97b7d
4ceb2051
6887d9e8
f2e1e1d9
bce811da
82b76b7b
830a573f
287bc9ef
0b0080c1
d843d189
59353ed8
1040c635
9a15d2c9
a3c914eb
2bd1447c
1d5f8145
72916831
d1314fe9
9c0cf6ca
d8ebb0f2
f2037be4
861e8fbf
fe9c44fa
58b4b769
743c106a
9e59e678
acbd8991
bd04566a
a1b2caae
d8577a6e
cc5d8068
498d82fb
1c1a1ecf
55461c3f
674b4bf2
8c616e0d
d0f03d68
9bbd6321
b569dec3
de92e289
6b4ee234
cf1f05ec
8b0d4986
361a9a1a
27925ee5
a2b88b27
f1df54c9
4d5b3bde
b9e9c2ea
d68b4409
efb7770b
4c4abedb
8a257bc1
d8f2dc92
63891749
f2f9c721
8dab4ac4
5b1fd7cc
02841529
bab0dcf1
56a9a3bd
552f5437
253d7c78
c9bff2d9
3b9ebbb8
db042930
6e7bccaf
232cdc5d
c40fd441
7171b643
798588ec
75826c1f
12249bd6
7f3522bc
9319dc88
ff2d60ea
85322324
d53764e4
ad64dd43
97290874
9cefa6d2
5fe2cbbb
2813cee5
5dcb0ef9
fedaf3a1
327fe915
736e02e2
0777d736
eac12935
c7be8ffa
f59dc9ea
3abc2c27
58e6b1f6
97669f1f
0f33759c
3f87ed4a
6a12ea5a
6d9b7d1f
c0970d63
7c6bcafe
6bf1adf4
6e0e1136
e659b3f7
4ee1d1ec
b9853a6c
0f988ce8
dc82dd29
1b20c8f7
55c75b90
e3de59fd
a045835a
dcd4fb6b
ebff52a1
9a02ac2a
48c59d00
bae55659
5aa281cf
f320c318
5aaa9699
ff9b879f
ae9e34ed
e653837a
3f9c82cd
0fc0736d
c68d9198
d76f4bdb
9199b3c8
bf43dbaa
61394fe0
1df0e045
6a8b5308
8db22201
38f133f6
92275fb4
665cb6bd
e9d95cb3
14ff3c19
2879bda2
cc0e0b8d
f7cd8e73
f37016f5
e5e672e7
3bd3594d
8175c335
a3c8e156
9418e4a6
10f4f053
5154efb6
e963aada
fd2ca923
db1a0bae
666ee429
6528e224
66100e4d
5ef6c7d5
43d55cc6
2c382ccb
2df39c01
5d149c25
f8b6fbb2
01fb9ff5
af917d72
b2b9a93d
8e03dddb
662ff016
fd31719f
96754dcf
f11af5c8
560ddefa
83cfccd7
23014ac2
de086f07
b2522ba6
49832626
8bbb76a6
871655cb
b9042d97
44b683ec
0d4b25ef
b596090b
fae0b85e
fee147e8
67df0890
481f3944
fb12eb14
5a1e6e1c
43b9e237
bf03ce3d
e90a6a3b
cb4df080
b5c25b95
24b08da7
b87c4db6
786a9624
c0a3d876
d394877d
a3f01806
1a604dcb
58854951
e741cb97
b6c611d2
f971db08
ff56b429
00fcb0ba
96f26335
230c326a
0d581546
44b055e7
da720732
f7a277bf
8b243f2e
dc042c93
c20f0660
7fe03b6c
bc1e5c69
12c4d333
172ff3c8
af65e106
46a672d7
cedb2e46
6d286662
2a80a362
78c86aa2
e200f2a4
b7e7fe41
765d664e
d19ea843
7a1f1eed
09ac25cf
93fe2198
bc59ede9
156d0e2d
a896a330
d6f16764
81b63e95
f9a71805
479ef43f
37a88c5c
030c6019
f85fb70d
f1591076
c97763bb
6caeed4f
30bf65ad
978fa468
67471c3d
19f1adb2
097d6293
d164a7ee
b567f5e7
eb871754
aaeab571
8331e7dc
f975ad01
fd0bf987
a9522ff1
3980ac81
bad28743
ff7d0d61
d1b914f1
98c4e40a
8de7cdb7
d8aac161
84f6d7b9
064dc7ab
3f5b20e4
ffd13ed6
ebbbd046
11965fd0
f4b14007
602c44f7
5a9dfeab
524d9cb2
2a315a40
925db639
62f97870
78a222fc
6a408418
8ec31341
24422eec
176170d2
f50d31ea
f969c1f6
3ad73a87
a30cc60f
28bdf825
a85d3ee2
a5950930
51e515b1
9253c208
cae08d23
778cf1f0
a8be115f
b16e0c36
71e439a8
e15ee553
51d244ac
b3d78303
b7b79260
d3040e4d
20d61462
78fa16d1
4a88943b
391c84e9
777a9c94
0a69e3ef
43fad068
db49db32
a3ae053c
33c0e218
2f533297
e9da19ad
008a6b87
71a85343
ff77145c
a06eb8f6
31174ede
fb69d424
faedbba7
201c1876
b2892087
c677b023
0d6ea5cb
49cee4e1
84f49703
3bd2d8b8
d815dec0
02076990
57e2ecf1
dc6e1993
2048a001
6952de56
83543261
8135d857
404e3dff
59edbcda
7303c4ee
d3ed9f7e
7338cc30
7883d922
10d063ad
27e6e8b7
7e89495a
e59c2919
1492d2dd
69ac00fe
c3a514f9
d87d0da6
a3739e03
b5e99453
57d973de
e4415382
a96f6fa0
9dd2c207
34e2592c
47d8610c
4969cdaa
3a2d8c17
70fd71a2
abc8552f
fc631f2e
a42e1a27
ed436de1
fdafbc7b
a4f94361
4966a370
361b514f
0e889f64
fbb46004
1559bcc9
c3f5e55b
5f54eede
ddcc5efd
e9aea324
d50f8c91
a66c9efc
a46aff06
548bf740
5713777e
4dc5f8ea
85cf1365
7bea7ec0
1922ca91
786e9d7d
29ac66ad
4ef08259
a79615b8
9bcfc799
0002de42
95125c69
417c55d3
e3fc7bba
f545a915
9a20e8e7
7ff9fed6
aa9650f5
679f41e3
6c32dfdb
f141eb5f
6774fa0e
c089d878
a7b40fea
ec4d0ba9
d8bed887
151142f7
85ba3b8b
f78534c8
8d080e8c
71b8cc21
fadbe8b9
3fe5ee4b
f51124db
46245c2c
c4120efb
365933dd
a487c5c8
5b370c7e
15682b93
6dc52c26
dd35261f
3f7937f1
6a4d9a32
8dbb5218
a8628b5f
1d1258d5
a5aad30c
cf926964
5de3ba5d
01f53a7c
3be98b64
ecd32bc7
7a737aff
f1527108
ba6ddd5b
11f7c577
10643d9e
040dff6a
03002ad6
25afdeb5
6fb2b3dc
45807ca9
626c9f86
e4d33077
c2ac58c4
e85665d0
a7d43ad8
8d992756
d1670064
ae0ac4e7
40a8519d
5850f9ba
f4af20a1
c86c0f56
368ab322
c1b984b4
8a21260a
fd98574b
f36d51c1
f94dfa29
b6fb681b
297bfb26
57a170c6
ebab5939
730f9747
4bbbc74e
0c9d07bc
69b641b7
dad2445d
e81bc8cb
a8b46321
c000a28e
70341e24
0ba647f3
ea8068c6
ecb3a40c
c625c711
7ae4c2f7
a5b90489
64d6f267
5dfea6e6
c7a003b8
2eca8cfb
beef4f95
c7a14b9a
08245e1c
69466a9e
1cebe8b3
e6e26e98
d477a8a6
52b6f5c8
13bbd84c
9f373078
49b7dc2c
2f582abb
1e5fa7e1
9cf587cf
a9debd08
caf5076b
2b285e9d
30e82365
74f367d1
6b551e84
31954dfb
28297a91
e1f4ffa6
a7244b2c
7e28283a
1cadaa69
2358ae99
6b2e64a8
c016247f
8d1bf296
f3abbc27
9659f238
34144efa
a7855c91
a8aed497
c1505440
f8a2a689
d69674b8
6a75e5cf
73c430f1
b1867be2
f73673de
a1e8b4be
d5ce3810
822e37ab
ee1d4bc8
3466937c
490a98c9
a92a205b
b26f5b73
98f091f7
58632aa0
72d73ad5
a1a54b8b
45990194
5599a747
912d43fa
0a53a8e5
0b4c4f0c
2dfaf164
e488324c
c7ca0df3
6860d104
0206a7ac
efc4d206
4251e5eb
b684caa5
5acc3141
1ed31f96
9b1f079a
49b4e42a
41a1bb17
22cb9a4d
02743412
1c39c4b5
59d4ddd9
1516f9ac
9a921ef5
2e2201ec
f83bfada
68625d6b
8e593cf3
20f60c9f
1af52133
c8e66591
0b8440ee
8e0ddd44
f1e57bc5
86ee5068
6cdeb5e6
f0927566
92999320
b4cbc5c1
da497289
c610a438
76c5495a
17f07f50
6c5ab0df
aba47a3a
66e4a5be
8dcb23af
3c4b754b
7e42251d
9386f62a
11abb0a2
60040449
dc6542ce
d97310ea
a34fed9f
f4615bab
d5d0d0b5
9ca475ea
3afd7804
9b81c28a
46380c29
1ef5937a
81b8f8d7
ad1d688f
5152249a
964e83d9
d54047de
360a7a32
0906eea3
7314baa8
38751136
e1d27674
34a2a579
a01d1982
ac7ba623
e6672db8
9cb64d4d
9536d136
da59bee1
92e74460
a9aa863b
d753c15d
01db9326
0b084a25
f0dda4b7
1720d320
c8e627f2
5aa13d99
af33bd6f
4952c036
d40acf58
12f04723
a12db8fd
11d51848
36652798
13ff06ea
595812d0
792990a7
80315a6e
8a6baed9
f09d9da6
5727ca4a
e197ca4f
5ca04f8b
c06ef408
69a68837
2a2f7998
6e3d4e23
db5bd576
b2d927d8
e257f73a
4f095de7
ca9d38e7
23a9b8c9
58197fa9
a4bccf33
423339a2
8fc0b0e4
de5bb10d
5f592b7c
12fe6640
a5caa676
82c243ed
a434acec
7bd74978
aead1bef
55958422
4e698d1c
39e28d0d
9e17645c
cebec152
e748c647
74d3257c
336c8c70
3a25a213
30c554ec
8897aff1
6d2dcb72
962c54c5
a6766f13
c11729bf
8c70a358
5ddb3d68
5597bc48
5215b225
e329ff8f
ace94702
1c593d29
c352700e
9addabb2
ed7e81bd
4430a907
b60cb5d9
2cc3cbae
c972eb55
1cebc3be
8d8725cb
c5c3a756
93d38261
0cd108b7
dfdf83c6
deb50ae9
e82f9909
7c4fc599
289e3478
59172e68
3eb5821f
ba8f240f
6de2aa3f
85513c4e
1c1864a1
aa53dd27
e71e3461
cc0f3618
b5c69b64
1e27b82f
36965257
a6a6449a
0fe6cab3
94564680
3c741ea7
be285708
ca0e4b18
19e08b85
b8c26b26
cb86f891
5e7f8adc
2aa1153f
61bb2820
fda58097
cf2381ec
2cff0425
fd28aebb
df9594a9
edb08425
096eff3b
4ddc3161
30d718da
cab29896
5d0df7e4
0967d195
474b479d
af7a8ad5
8e61afa2
a5208767
92d6edaa
74401849
3f7db80f
dd8951a6
e63d1497
597be23d
d9e93f15
6b1df423
87890df9
aa40c312
9e566206
f13352cf
84830ec2
36f71add
b98d41db
e32ab88a
853f4a57
a6aa824e
f2a37635
9539ecab
3ed8dff2
a5ed5059
8573bd03
cf7f2b3f
0e1bf0ec
518ed43e
0560b6b4
4b0ed2b4
c126bd63
d27256c9
801f2d1d
d265c8b6
44ada777
bb97d538
1718047b
304ce986
469fe9c1
f968a9fd
abd196f2
08614e94
56432387
c51be942
84426a2a
e1f74897
a694254e
f0b3c81d
4699bd71
7ee883c1
0dcd320d
895a3db8
5d589e7e
ac40c602
45c8826d
c3aa69c5
e79342c0
7f3bae93
af20dcc8
44f43964
d4cc2caf
105780a6
c14f5781
340664c6
59ac7805
096686d3
d93307b0
bcb17ca2
b7e50483
4bc76aeb
1696bddc
20969238
dc319e8d
f9f4a23e
e002e07d
2ae71bbb
9b474f71
b83332ab
665bd9f4
b7335c1e
77bb9e27
cb3f3c7b
6267e02c
712bced1
4ffcd050
76d7fed3
e565c542
703d05bd
8c84ed73
a26b3775
44b1b7da
ca302d8a
c4e900ef
c81e5bfe
41f1ca87
a5cc3c71
9c77454e
5bc98e6a
96356639
42b8bd11
8c387e24
93277867
ed3fea4d
dc4ceb43
7dff7403
7f33aa05
a8046c7c
1c33c308
f4bcf05f
fcebc937
b6ef9646
5a462b8d
8d4a95f2
e49f5d30
24b4023b
b56da1a0
daf71f42
7aa14d2e
ae566cb0
c8cf5239
e530d76c
66000e92
975b58b4
a4967740
e3f08655
4b719505
7d4d7569
027beb2f
b43c6cdb
eedbcb9e
797d5633
b04bd598
72772135
95ffa809
585007a7
2ebc4ea2
671a7d9e
7ccbb784
e5a018d3
1acaef32
9fbbd0d2
6729c33a
46afd9ea
326385f0
63aafb27
7021c124
0a54d84a
f25d0308
31ada6ab
1680f9d5
2538bf77
237d442d
ed7a232f
faae4736
553c639e
c425436b
559b805c
0b89584b
2dfdcbb0
1268b868
edefc57b
cf8f6c8a
a330a294
0644525e
0d503f1b
b17381d0
c1746109
842247cc
7c5522b9
0f398aec
a6d37657
95db37a5
1fbd3dd4
2be2070e
e718719c
a1f1c915
2042f18a
2edbeaa0
d55e915f
c0968ffc
a88ee15a
68cc112d
de9e5cdd
0c6cc524
6b2b5476
9f17bab1
11bff3c3
2a060ff7
a01689b0
43887a45
8a301062
c5fd520e
9ea91fb5
0c164c73
ddb33ccc
1f23084c
f7066df3
21dc3aa3
7fa0f6cc
65549314
c91e5c58
a3156938
d72723c4
55fac9d8
19a09fac
ede1ddee
9ad62963
e900dc15
415a8b38
c7087b40
d6fc9687
81c5ac4d
210e5656
f72049ca
b30bd531
2e9359c8
7c6dcdda
188b783c
c61999ae
820e737d
617a7c76
6a7e0c76
3922d87b
379fc3eb
68a22342
e701e4a2
3afda798
110ecabd
aef00d6b
b21ec874
452f0c19
62a8cd80
b5753e81
0a45b0da
8e8c6a94
d5a68b14
7b54a89f
07fba308
04eacdb5
48e3c55d
7caaa61c
ff6601ba
058ebcf7
11cac4de
a5500c48
d6fa795c
2ab71a04
c4755685
15cad6b2
5f2abf75
b6fa4f5e
8cf9e29c
a1277fc6
9b55594a
17de2de5
201e7ba3
f23d2084
bf7dbfe6
76f55508
a676fd0d
0cf171ad
55ee737b
6cf68364
4945e1f2
21b69fa1
8670e2fc
9b4fafb4
e9c94157
ba220385
d11bb3b5
b730b60f
cf071ee1
4f6a0fc4
c8182f6c
fc1453c6
c5aa871c
b37ffe5f
ccb0ac97
0414927f
9e88242b
d2591d4c
209722a9
0ed26d37
4d85de14
5f77222c
51c5fa19
98199cb4
48b0ac0e
027c58fb
62be74b7
b45900c8
cdc385eb
19b6d324
8e29b2ec
6752d4cf
b04c30ae
7a3b5e36
868c6f9f
5faa8db6
105a4c9b
d4340f0f
736d0e1f
59976a67
11ee9e32
15b65c4c
8b01c142
85ed53ec
3a706b4f
6ac51c17
78b28ade
fb75e47e
0639e28a
3f9e2107
73dfe253
23733ae4
bade4a35
e5fef1b5
9bb4b295
b455b788
3730e247
de0edbb7
b084482b
1d6c8417
998a2120
51b6e50b
4987e5e9
f7018706
36cf841e
33015b9c
b5c6462b
d302c67c
d350e552
68568daa
5267b70c
5843e249
319e5fdb
0fe00b52
e40e2458
72cb5ae0
e8e72fd7
c02b3da4
ce420d84
51aa9ffb
91c57351
00fab927
097c4558
692c87b4
e6c4c879
4078c775
dbc42c03
c279f72a
2704dcdf
f7cb5581
3c8e48db
1392eed9
982034e7
f61e2e1b
3bd384b3
91a10f74
37592e6e
dc5f7db1
3e509455
85ed236a
1d7edda3
90892816
8360aae3
67fdf226
3e79e17e
6577e2e9
c05cce5e
4f46bc3f
35545ffc
9f5c3c32
d4a6090c
7da1b84e
2c6f3d30
b2da8420
39cc1b82
3af0fda5
eb11fe34
07f131b7
0fbd1751
d723f9f0
261f740d
ceda1fd8
c81e1911
97975289
c44ab084
70c6ef82
232f9761
5cb234b4
b6508ac6
0f5c0c17
565798b5
add31a46
91e4e934
74fe4b1d
2a39871b
a4f397f0
264a6cfb
79f3e587
5166b1b5
5db20c43
e3935c2e
0c16134d
52e7ca19
09110c62
ed2789eb
f95b064e
5bc94725
c5171316
717cc6d6
d9570247
de3dc320
e30f86e1
f8bc3559
d3d5bc67
b66344c9
3c4e20d8
a6072d30
5327a8ad
c60831c9
1ed32425
ce32b9c2
6cb49ec0
f5c32f8d
12f39b56
98257152
12d11837
cce7bc86
5d4939ea
99b09660
966ad338
82520138
aa5ec4be
230dc025
36658db3
4d2e33a3
09a1b72a
34b06604
b48ae14c
13ce9c9b
bafd8b46
5b378e7b
2602b970
e90eb666
b158a2c5
5da962cd
6cc2bb62
5cd1ac3d
0b3bc83f
b09fc0ae
e685ffb2
287b3f97
ce2032a4
70001331
d49eb606
3fb19c2a
f14c32d7
00e0b984
eaaec4d6
0e134e3e
4488ae60
9572bd91
d572f228
51f7d914
1f1c7415
4c905498
3ebc213c
d4e9f353
69144242
a1b77188
09648c2e
d0bb0b1b
3cbe1156
29263948
9e250ed7
aecee3dd
df20bb2e
a9583e3a
e633ff18
7d07d41d
855b3547
710d15f7
9b35fe0b
9a3cb7e4
a37f27ef
15c59e1b
f5a4444a
9422252f
3c036780
471e312e
a462a80b
791ca74d
6d9f6b60
8eca6dce
065202b4
8b5ca428
a8c903fc
c514d411
6fa946a5
483f1d51
d2adf801
be2eed0b
e47ec223
9edb07d2
061d324e
133e4c6d
99961fb8
c30b6870
8ba33939
65c177cc
86bcb603
420b9872
e776678c
874e4cd3
c9907dab
06473557
8b3d5997
6f58fbdf
94594f33
7a69b6d8
a1422ea3
df39bca9
081b989f
21ee04d5
46b89728
ea28550d
d52c87b9
d6e069f6
bd248d9f
27c68872
6990cc22
e934614a
da116c09
c5f3c4b2
7f494d64
f4e1bba2
60a31a51
af1fe1bc
0e9336a3
a801bd50
01969d8e
17310ad0
44f65c9f
df9533ad
578cd23d
1729e0ff
61ccdf6d
9638f21a
00d3a9b3
e3bbf850
0a625265
d3cc9990
6ae40a00
58e0802f
5094f6cf
f0ca5811
0a119620
fca7a42a
22afa07c
d83993d5
02eab689
9e9bede4
83ab3f5d
3a5b365c
f817f437
da44ea56
79345fbc
80b75078
9788afd3
f4589ace
a4eb8141
0c4e4936
3d6cb68d
08abfac5
b318c716
e7e92ca5
1eebaa48
d992e0fd
3fb1c946
99fa5062
85e80a2e
dea30024
aecf52a1
e73b7f6d
ab27a359
94258085
da1f4895
69ba4e3e
f4456f2a
42757c2d
413ccf93
461c4600
b6bcf34f
cd308176
858a5933
76ab2d3d
9a615b19
ea567c4c
a092dd22
8bfd019f
089a5108
e596c46a
795f6179
68c08f8b
eba519ac
9f9fd5f8
8040b149
d227fa04
b5b2e613
67641fa7
0e03d0f1
aafde54a
337118cb
36a9936c
f643362a
60220cdb
ad4b709e
572d15a0
83128551
0ffd2689
6f2a0a19
1eb9eb9d
924b89bf
fbe0318a
ddf6518a
de4821ab
eb197440
9f89034e
84189040
ba3aa936
36224567
16be7472
692c4b76
5848e990
46244767
f64e2227
5074628d
94053c92
9699812e
a9ed9371
82b4aa5e
fc47451c
b2380c47
35371920
e5beab38
934147c9
25e82090
8a5f4e56
03293635
d54e8a1c
a2b75fce
64d844e0
d596ea22
2b567125
3c3fd4ff
533da5da
6515b8af
d13b96fe
2cb87301
10e18d7d
0fa89e24
825b1883
030a9e6d
c875ac84
27f4b7c5
f29cd523
80fdf5fe
6ddf0ad1
9017031d
fed7808a
a2794d51
0eac47de
7e46c39f
950a215c
ae3e18e6
d71e49e7
f2c7b4fc
f4bd8f7e
40595aae
7b5ea9a6
b25309ea
a524c54f
76568598
ac4d8d2c
42f4975d
72050aa1
8eb8e29a
9742c929
dd9f0337
7661f99d
4a0b79d3
ffc77442
0f7003b3
c421e1af
c6afdcf9
9f002e6e
294a9c74
e2abc83d
e46db7fa
de4eb65e
2626926e
c7957283
74f25890
5a8b68ce
91b82baa
d4c07d61
f416e774
41f5e0ea
00bbd57d
6701d0b9
3d4d2e81
a044e791
e32a2f40
85486622
1cc3a40f
041983f0
52120b00
39a8bd64
4c971b51
9d1ed466
f0c80616
6ae65fe8
b5189668
25c10f08
a73c7e95
8f9d5aa6
74c3131d
485d4573
57204bc6
62ced558
8cb2bb55
11f65d94
e5530248
fd80f430
95043d75
9706c3fc
20671395
8006bdc7
b0992d9e
6db636fd
22ac7fa5
2b75b759
075f99af
a1a9bcac
bacc379e
4d2ac920
09356b47
b554d931
5f6bb25f
0c6b9d89
9937f680
fffe9b5f
6e38b0c5
2cd9b8b8
80797256
c870a54b
829217e1
6ad367e1
817fce48
9e0c9016
3e8d4247
d1eeda4f
65cd9900
195fbd16
8904fd27
66c1d48e
053f5955
7f5345e9
f8cd31f1
3ebbe5ee
5550405c
ffde7efe
817d0e6b
f348c13d
e5b497da
24e03331
f7ceb9e4
d765b08a
4ccb0130
82d42e6d
1e69ecc2
90b32745
f3066271
27c61fa9
7363adf8
19c7ee81
103d8ff3
e8c33504
16291910
36462749
926cc06c
121db2e0
9f75ec8f
7993e693
9f5dee09
5a33bc9a
15924c85
9f310ff4
2a10aced
0fd17a66
2e289cd7
752f1ef1
4d605446
9ba05afc
afc325d5
d89e35ac
53bce9e7
ec1fc78b
cf2547f0
a1ebc15a
8a8592e2
77c5fe52
9a04fc59
be879a78
0adb7916
eb130893
eaaf8690
b670aacd
2f7dfe90
2c9334f2
72190528
fc20e832
4365f9b0
2ec03a2d
863a2feb
c24f517c
adebd44b
b87e17fc
111669c5
45e7a72a
09bc293c
cc71d43e
fa713e14
9e136e14
a1ab8a37
47fa3b92
87bb60cd
5406c583
95a88d58
7c6bf446
0208fab9
a5b7800f
0f422a26
13804c22
d48dedd3
0b436fbc
9166e296
a05df1e8
bb9dbe77
8891a735
7034832c
00983c28
13fe6c4d
0da855df
4748fc1c
b06fe94d
6f963d6d
12226c5e
3cf3b616
bda80353
d446eed4
0d924099
4d0dbe73
b526399f
24052965
c3fcee33
5408f77f
68d496bf
9a6a44ad
03ce97b5
bd3ef9d9
69f0f292
cb863181
d5d8d561
6174542b
d946c130
3a3b69a9
bc1994f4
3e30b22c
d6fc570f
f1db6ad8
ebec96dd
42d798c6
690d0fc7
f589ee84
bcf8a204
e21bb997
5c037226
2c05e325
b6d4293c
0136ec77
5ce78ee8
f73dd962
69172e92
b0700e30
fa076967
7578765c
1ecbe729
b2766a6b
a72fd926
a4c1b11a
a745df22
6e5e63a2
ab022c13
be90f1c2
821ceff0
abb1351f
a52923f5
c5c39ab9
ba2258d5
a82f2f71
c67f0086
6d2744bb
56f7363e
26477b38
b8542d1f
4fe010bb
02a570f1
9ca28417
59f929ff
71c5ad0f
aa3ace04
5df1783c
e3c07c99
58e1554c
cf7a2b85
186572a2
ab9e4b00
9751ef6e
270e10df
0c2d9b82
fb25a326
9b5751d0
497846ac
184870b5
535798c8
05aa0b62
609c8d30
fcc2bf0b
7f2bb7fa
83726228
15495950
89f996ae
6a02601e
1700ca9f
c6f02d46
127c6215
537ac80a
9c97d2ff
cf31a9ab
2b162fb9
badb1fcf
95398548
030f196e
91e007b9
2bc96ce4
bff2bd67
39c8b5c8
f2f26340
73633932
c7b66319
c7f90364
0e1999c4
34ce1c64
e3f094dd
7a210715
cc524ea3
b72ba4e2
0dc32b22
5c5dfb27
78188a54
90ee0f0f
26dcb6e4
a8d02a14
8c7ffaaf
86c169e7
d60c033f
b542f974
e5c2b57e
bfa7f30a
9a173ad9
ce23869a
efa04c7c
56757e6e
5e5d6023
4d54b937
27d3198e
3dc68f0e
44246de0
d337decf
996b281f
66860eef
d891b71b
ddfa6614
74e2ef44
b118c875
9cb6ff19
b3410c2a
472c0d32
2f4cf301
bb18abca
559cef51
618c03be
c29702a4
b9c7c295
d87630ed
fd3a98d5
470c4737
0477c69b
ccfee67a
d1ed1f39
3a581f2a
2f6bb631
cb901e20
1ca20cf7
2684f1b1
474c73b5
d9abef8d
fed0b46b
db756f1c
8d96f950
be7dbce7
eb5e4c12
ff11c34d
52f566d8
cf62895a
12ea2bd3
6d0b9287
a5a63a1d
8dce24b2
4970b8d3
1250deb1
1e5fc70e
6487afce
06b0e23f
6ce592a5
d7e76a2f
59fec761
37ad53b1
bdeb011c
02a98e2f
16b62196
00f9bb54
9dfa7c83
e5ffa764
7185a907
f100257b
f237797a
95c19bc6
7950fb9c
926ecb6f
876f7d4a
15a9995f
8946b33b
646a6764
6fc1e02a
ae71fa78
66ee73b4
6ce1ef4f
e7833837
0daf523c
cf14a465
25d4f0b3
9a1cf58d
aab61bc3
2717405a
21fd4fbd
dbebe723
d4e62fda
6c45efcf
0d87e0b0
331ccabc
9cba0933
78e8ea38
26b46a17
d9b7547d
9e7a7eac
8cd6f289
5f99cfdd
5190561b
e73b297f
38db33dc
07a25581
337b6296
8f7c64ed
77848db7
55a6364d
e8dd9a38
32496195
21db290a
6d92aff0
e3960fb5
6554f705
c76a590f
7ea5a41a
3ee88650
5cf530ba
8e33b103
ff113bba
7674cd0b
424ded95
62e3c26a
d3369ad4
0c462791
dc49b936
e4bfc491
7157d59e
6a74583a
49d48d8a
d7e7ed71
ab455b52
0cd27871
5b213368
da2eb233
9d5e321e
69a6c76b
643d8a5a
5c92ec13
6019ea9b
37bee0af
1ab7a2be
bc4b93d6
7cb79c2c
acbbf371
cf4bfdee
148e9310
5d7c7b34
095c529b
378a1d90
54ce43f5
b2f508c6
77f363bc
c936d03c
38ebcb1c
91ef33fe
5d1db03d
f7b9928f
eaeeec2a
a9853ba5
de0e2ebc
4f769e79
22605d1c
8d02bdab
fb75cfce
6f43daf5
aa490a8b
008ff446
5d21fbd0
7b376bc2
8e6b7c66
e14d1326
6f3d3959
56b792d8
b2b370ed
fe65444b
d60e752a
bca03622
ddf280a9
4ab7402d
8be18d0c
127124d2
0daaeb11
2bd8be85
eb0d993b
b8675b16
72aefeb1
c76b17b9
001efd9b
2738caf4
8166e10b
c9f14a1f
bd63efd9
a4adc2ab
8edb3a71
2c82b976
ad39c91d
b7a91bb5
d4e998fe
0516c7b1
3c344f26
f36276e3
0f2df787
f73e365d
f54350c3
d57351b6
0e75a52d
a655833b
1ddf043e
51bc3b27
26c9a7cf
47c23259
a9fa1c41
c54ca6bf
4538f62b
66c94970
272637b4
561dca57
468bb191
e262a96d
e45f3f01
0952f004
1c147c07
bdf8c1fd
4822f981
d166ff1a
9cc715e6
220f01e2
494274d8
f7f1aa72
5d5e3b84
e324fd60
b40f9d34
d512e49d
3619245f
14839a96
ace871a9
1a9048a8
78f66d67
f13a29ed
caa23c6d
2f7f38c5
fc21dce4
3991efb7
8b8edb2a
c8b3044b
d99bcbd6
89de20ff
e351641b
1590effb
5ca7d949
74fd9f66
0ba6a159
078c8001
96c73780
67677e71
15edf247
69e626f3
accb1faf
1f688430
05b9d816
ecae5a4f
76d0d4d8
022052c1
474e7c52
7555c355
17ed19d7
a0618667
5d716d6d
4afc32b0
229a1b72
b2aded4e
02be1c70
45674603
5fa739a4
6ee19f78
74682043
08c725e8
151c1b02
32d329bc
8c725b11
764cbd46
2e86b67e
317d97ac
6c5c9c85
5916e081
f433b06c
371beff1
659fc5b9
766d9982
ced35b29
0dcdf658
79db5c89
f276852d
dac123b0
06b70875
1be01daf
a6ed20e9
aba8af33
f1f624ca
2474579b
0bd8c8a8
997cc646
479e0bd9
87c68fea
1ca924d6
b761706f
4870db87
475cf464
68405f7a
4386c733
9eab72d8
cd5b4549
d980c514
e6f11199
c1dcb410
1dc1f3f3
0d102a5f
7a9c08d8
11886f27
d431f0d2
692032fe
69ed189e
14a40406
f161e1c8
eb44a075
4263ec9b
056fda11
1659ed50
ddf9a65c
8f23790f
a9b9d21b
b2a9eb03
132dc98e
550c402b
edfbaaf1
f095c452
9c42d204
a7a614ff
12ddebee
d27db6b1
715425ee
e72ce23e
b48d778a
155e094f
8ff7422f
dbc63001
559d8416
1a23badf
2370d931
9fbc23b4
666e4fc1
73e6c29f
81250e0e
cbe13a1e
72ca1d28
47d3642e
73a24f34
1cf52d20
049f6917
f687a79b
901d9e3e
b9f4c652
ce3a5ab4
261e6503
792f017a
bd77c488
366e000f
cb2ca209
5f876e78
06a8b82d
180e3bb5
95dfdb12
ff3c97dc
4162eef8
bf5f1c89
582f3b01
3bc7f91d
ed9a4292
37f25a39
a0ac5441
7361d6cc
06f57413
05093cd8
d895bdf1
05ef55e6
5d5c5067
94e7a2e1
0bd6480c
90eafa5c
fbf99513
82e73b9a
7418d4a2
b749f623
b5d489b5
522477b9
cbccd833
91829093
3f668395
f5d7cf02
e80d5bba
d32146f2
81ff1455
41938559
d100d195
da57ccf8
f32dc55d
6c1646a2
e3469748
f932409a
6a6bba71
5b17ab6c
7dba9250
d4de6f60
88790ff1
554354c8
e9536b9d
83e3de6a
389039b2
51eb35d0
2d28e80d
ebe30da5
be61f2b2
4673a8e6
39810237
c047060a
71718447
17e2b3c7
8c60609b
31044d4e
1d380d6c
13f6e217
03aba4b8
7d123a53
9283483d
59009a24
b0c5ee5f
d7ba8155
201aac95
5b5453c3
48495754
bb40508d
b5df45ba
5aee1774
bbbedf66
47ece008
0b315fdd
b33651d9
5403dee3
f164e3b2
905d7933
104fb05a
ca7311b4
784f884a
726a9937
fd2d1cdc
62bfc585
c8e14b6c
e847fb18
f288dda4
d7d37c46
ffb2ac79
0712c8b8
23355e21
ae1cc5e0
67be88ed
7c2d7fcb
7fe30015
575bd2f0
a2aae113
de359c3a
5708b8d4
c9fb44c6
a4dc1fce
cad89d97
e8a451f9
05f119e8
ac12d1eb
7f3e0e64
d009dc3b
4a21c448
0b9f7250
2dab0d5b
b008cf96
89024d01
ed1e9ca1
94590fce
029d9573
91e11c16
e87657a2
7ecbb5f2
3ffa531e
98ca3147
21a25ec7
afb89305
03c2a3bb
e45f042c
f44ebe31
a5b864b7
4652bec8
3de81448
0de4e8b3
5d38156e
7358149b
1b62b25f
98381322
91cc97cb
ce74b769
a946ceb8
497a6c2e
8ce656f7
a8f297ab
c7aef9d2
c56a3cdb
5d9714f4
767e2388
6092eb2b
ce9a86b0
8175758a
2157de8c
ddd682ba
b31268b4
759fcc9b
bf2ed65f
52013de5
14a39011
6bd1ba76
b0db642c
d30b6f0f
adb9366b
828725b3
0fad9acb
f1f80331
f2e0f6b3
4430f609
17c07db2
26f4b808
d8f389f6
ce77d633
1a436803
16e64617
337c1f7c
30f5a4b1
cf959e68
691157ff
87e71797
f8c01779
d8164114
23cdf264
73d62a36
def4c191
c11d2f85
1ee6adcf
14147c50
93346012
ad461cfe
3c24e14b
78ab89a1
bc6ac6c3
b1e6c175
198b8089
5ddcd349
92c3a418
5a19d2bd
d095e930
5f2ad6dd
2196cf1c
562a15ab
6d3bf852
5b4220aa
9ebfcd89
a3c23d18
b71c8db3
4161b674
f72b2215
33530eef
8b1596d1
316bc96f
950c798d
9c33b365
d6c1523c
4a8a5e60
16506d85
058099e4
965f5387
1ae00647
d30817fa
3bb623c6
90181c5d
3b5d3a79
9c9ed03e
146a083e
76758351
7836a38b
8ca3d812
b4d63699
8a2ffc4a
ab20e02d
64a8609d
b8875604
4048e39e
9dc576eb
a874f397
e150f5f7
243d9f31
15192d9b
d80cc07c
67043d4b
b461ae39
ffa01294
891e3ce2
42a89726
63457257
e8516d22
ee4a7384
42cd6646
9f469747
4647779a
732446a2
8f7d83c5
bce8670f
ba2d9d86
fd74b9ef
d0774405
f5ba80bb
bc186776
18cf8446
5aa0c874
55ddeb36
fe3c0cc8
b042a19c
a48113a8
681bfcd2
f913e1e0
017e594a
bf912c54
12afefe9
61132c04
38a038cf
f2446f93
529f3ce0
256eb33e
7b515216
8236ba16
a640267e
411f3be1
b7f7e070
3d2582dc
19af344f
4ebce788
46044abd
4da9c9a3
b8aee684
518a2b86
59e82f7d
973a0f52
8cd5a893
b3efcd8a
81e24930
ed9112e8
0d27fc62
820ce3fd
77314a58
ae1d2c67
e39a8602
a9f0320a
a9705dcf
d118c7ac
671f1f19
8bcb7fc2
08c780b3
6414fd96
e740272c
e3ed7511
437c95a8
08ed943b
5d5f978f
d053581e
043c6377
def3aae9
85ca2bd9
4bc2d493
b41cd5fc
5a83486a
28ee1dec
03cadb15
73218a72
a85e1cc9
8462b96a
d96f1897
0ed70266
3a9073ef
869e69da
87dc94c2
e7210876
76a7bda5
2fbaf7ff
0bbd57e6
bbc7ab2e
659f982a
b841c30a
c3a464dd
8a477750
5c546b5d
a5d79022
3a1fe461
1a68a023
4180a53a
c01c9ea6
de640cda
019710d8
ba0c3349
c03a264a
8d922d2f
f4850fe8
1b986b7d
d7d1ef76
8a466a82
e61e9735
0950f3c6
84ef196d
46a5a8bd
ce23c511
4d88dbfb
303a99dd
66e37b6b
66f158c4
3eb98d7d
26b4e23f
b5d88d3f
f1e5420a
298366d4
ced2d2af
d336113e
e4cdb079
06a1ef05
448b7a32
269ac0c4
95ac8cf3
59d95858
26b20c2e
58b86ead
6407b471
b956a3dc
a8db76cd
46e56658
25fff000
b3dc88e2
3cbee582
55d93a46
54715bfc
f696bf12
9cd9c0b2
d36c418a
9387bf23
f56d788d
24317cee
2f277f99
269ac769
e939c705
b18036d1
a22b7245
64821785
a9b9c3f4
8268d09c
99e7a497
a259dd70
c7fa1489
44d0bd6b
b7d894d9
c8b4b571
89f29693
29c83c2f
41655852
f8130983
fb24edef
23579785
22ddb61d
cdb4cad0
be029fb0
39306a73
9655f9e9
844728e2
fcfd3f66
f30590a7
964281c3
c9afa612
bbc35524
420cc617
878219d5
e824ab91
c65b3746
6e1bf539
c1b76e7d
661fbe6e
01b4a1da
09a85956
872d5821
02aaedb8
82d31651
b7799caa
fa99f8ab
05b1f896
0707bff7
f3f4c479
057f31ae
67db40f5
c9feefd2
00b17213
58da6025
be5a7204
a40f836c
002d878a
5185a4e0
97477b1a
664f54bb
eaff06a6
51c7b460
103519b6
38352cea
66cb91d8
cc747b63
d248f501
b32eeccc
0502e8b2
c21c550d
2fc62d11
e2dbf37e
7be6efb6
fbf620f6
88903099
3ed0a9e2
0aba4ab2
b1c6b1af
257b64b3
762d9387
74193e2a
03d7f973
4ae81894
cc865fa4
d64f528e
35fc9015
4c57d8a6
eaeba5e7
cd4157b6
3296ee09
9cf6649d
f6e12c4e
93863bd0
c522689a
4c516ca2
99c0b230
935ec913
223401fa
36e9419c
c3610384
c0bb6432
f4f04604
bb94cb37
48afd4a5
b32c7f36
ed3bc18b
c421ceba
02b83741
f7ecbe7d
5aa84c35
6297daec
9d1c94d1
f86f3ebf
dbedfed7
c7a81e86
5cc75861
c17f2e87
1af2e207
026475fc
75a1caca
34e04336
26356fce
7d680c83
80e0ff7e
f3d87842
92ec7c84
6d183669
eafa8391
e66e504e
211de6eb
779f61d7
1138196e
7ad0e88f
85ec668a
94554c87
55abfa84
d6b3c5ca
b51f2107
b0cb4cb0
64d26b3c
d3ae3078
6e17ae70
6ab39d39
57a48447
4764a258
2faf4e50
275f457b
62053812
27f7a964
f3128aac
42dd8a27
682ddd64
8717c9e3
99ab9526
3dcca541
16853152
461f175c
c28cea43
a1fe29e8
8e0679fb
dcb0913e
d0a63371
50ba260c
bf86ee30
4e2e1bc9
292ea029
648a3a8a
33246c2a
b9bc8546
e0fde6a0
79793311
81b1768f
69189f06
05e8a55f
704f38a8
4013b09d
3c18b0d3
be43222a
11cf215c
e829feea
660b9672
f50e99ff
60b661ee
363abb36
fa791670
fc9141a2
570daa0c
e7b343e6
6ba63ffc
afd20d80
fd50f58d
65b585fa
a7e081bb
72413a3b
f8bf59c4
5603e077
039c64da
7488b49f
fea61431
76b74449
ac6140c6
e8bdeb88
405e3740
c4a1c368
a813c111
3e59a607
07762225
5320cd56
c4a219fe
8dce3ddf
759b9ec1
df088f6a
462b72bd
1daa90bf
7a659f29
cdf0a579
d3712304
fa18eb0f
c7fbdb7b
0d9158f6
29547bc3
e8797dac
7a010b10
ffc4f64a
5b7bddf8
895ca8ae
efe17107
797bf76f
e1ea6512
84ed277a
373594f4
dd91e8a0
a0e2ef01
df0ea1a3
840dde74
30d2e43c
37a0cb2d
ced76889
a5eace96
3b6547c2
f42391f8
9d4e284a
f5bdb05b
fba5850a
c53fceec
2bb039b7
19a137c8
bd8dc55f
e7e9a86c
a4e4fa81
925d3e75
69a11eac
c36c18a8
a8fda09f
da60fd66
dcbb936b
183ac787
a24ceb05
feedb1cc
7eebda7d
a9fe4a8b
f5d8dce5
c114736c
5d06aef9
83c013df
ca91fb76
61488177
b211d253
ecd6236f
b653cc1d
b1fea287
15294e66
320d3ca2
8dd20d5f
88936510
3d4f77cd
6beec8dc
498dddd3
47334219
7e6f2c97
e7e57168
3eafb7cf
76646792
9db0bd46
d88cb864
2688a4d8
5b7f9997
4b9f9892
131769b7
a3a20342
e535a990
745d98ae
6cff6585
dab60566
39355944
91bdcdaf
5d305240
f7af8357
87f4f7ac
4ca11871
3aa11478
be59a431
8308a605
17dc4635
a26425ba
11402910
1d809b13
18d836bc
11849efb
cc951930
783fa63c
c40fd8b3
9216c15e
11e1dc1d
7ded2037
dafe048a
c12ca20d
12c4d898
36688ccd
b2093a97
bf8dfda4
d33acb33
e26a87b2
b5e5e1cd
c8d50036
b8c64b6b
c5484d4b
dfd26044
9c124b21
ff4d4bbe
9fe90e3d
9e291f4f
383ab014
d9988227
5320a6b6
70b729a7
03a898bc
77a40d39
6f144e7c
0972e711
23a6cf46
383b1a1e
1cd41729
a976d1b8
64a6c065
ded23af2
f4c54aa4
91c95bc3
16fd7697
a6a3b8d1
f92bb57f
97047fba
1a0cbf8f
6fbfff36
e7098627
489c9815
36d947fb
c4df798b
18cafdc7
b0d0f000
d60bc9a3
97a99554
461d29c0
2c3aa92d
1011b128
9e144294
c074c573
4a805def
84fb3fd6
ea1d4299
9f941002
9e679e7c
6826e63b
caa4397c
0b755f88
9be3bb91
662e3f0e
d3891292
8c3fd165
8d49369a
ceedc50d
1af8618b
2e0b24ff
f29fbdcc
1fbded93
41d2d88c
5f277408
7dad4b0c
617c3238
85f36b23
d79826eb
52ba6ae5
c6a24ec4
e4ee9f5c
d342a0c1
54997db1
bb3934cd
86d4d734
726be43b
f0502055
1e38cf89
1675053d
559d854f
1fd635d8
2c91a32f
c449f896
c5ddac36
bc3b1fa7
9f9fd935
e4e60429
630eda6a
589571cd
9e2e449f
0e013933
32e28d2b
5e0160c6
1df33bac
f0af2a88
4a5ed773
838f00b9
c9f5bab1
1b4eb878
54f795a8
92927a2d
9352016f
bbc14a94
f635ca5f
ae2539fd
4edd38d6
765b2347
58f50c74
bf1f6144
e734cb5c
bf9eb2b0
e35885ec
e1764d12
f8750682
b8f4b6e0
f3a0f7af
05bc740f
20dc30c5
138c4c32
ca04abc0
a08f82d0
7edf646e
9d03fe15
b1a60c53
19409ec9
cdbc126c
d4cd38ee
1350d5ea
b45b62d0
8138361d
98582b5f
e23daad9
df45d65d
50d547b1
2644aa72
299f4632
4b6aeebd
a02649d1
d1ad1f4b
fd4f50f2
f49d389c
c7662ad5
0a72fdcf
ac1f7525
195be175
a388fd57
0cf7724a
291f7375
a8c12d90
8c7e8298
e3ba6b6f
71780c0c
c9241bb2
40fcd0a5
b21671c3
c947128a
837b52a5
6a075eef
24395f80
92ed497c
3926d943
c773d93d
05d81e53
adeacf7d
18a4c2bd
450178a4
8d379583
ab8f7cda
fdf22c26
d3373e6e
6e901c60
c26d808d
6be2a551
6e26bb4a
1535d24a
aa1451ec
d8232ec8
e84add5c
f599289d
8d32ed85
96301c03
7749182e
b4a81184
c69d77d2
4d39b5c5
08211c29
0b0648e2
599fa77d
1fbfb0ee
65b13ea1
d6637230
728f9b22
701f2eab
29cdd995
654cf58d
a84232db
83ec5b3c
49e86001
b2ab0c38
dd30b201
19a7cdc3
cec585c5
365b3762
30f44b30
0333fbcc
cc121119
1e8f2a53
3051ac99
c1a4dfa4
c82f4b96
33e477c7
c94b3001
0a41e744
7ff9dc75
76f9370b
a7a92df5
18a17f2c
273e3151
49797e38
d881d00b
d7fbdd31
9fb3931c
bdb639cd
067c8bcc
5b63551c
f25c6784
b4cb665b
db96e54c
e117ca9b
7ebe5e15
3c24194b
88e7b8e6
452dff20
f87d2779
ca674920
4a033e0d
ed06de66
1f910dd9
7a732560
ed0e6a23
6ad2ebb7
c8884661
f9eb02bc
08ff8918
d0de3fc8
f8be15cb
e7b7d9cc
03edc548
465f5dc8
de2587a3
f7fec5c1
b3217642
63777c37
3b5684a6
08715887
00cacab1
aa324094
247b2c7d
23b242ef
ec4b62b3
4ce3a716
40b2505e
54065c83
9a57784e
cf363539
366d5a0d
59147ee6
ed6b88af
710e07d1
d8c618a8
c85c8a53
5538cd47
7cc6cd2b
2e0f7d7b
4bf0648d
234e3d9d
6f86c0e3
84e05aee
52d76e88
753584ff
a4a19896
6b7d5957
1a2ac1c6
ca61deb0
fed1a172
233ac6c2
29d377ff
347f5920
c3c7f5c4
cdc240d5
84fd3f4a
e5c1c2bd
d9d1f4da
1162e2ce
9ea8adc7
0a4eb7fe
135ee32b
b2fc122f
9a963230
e33fd612
4be5443b
8dd38194
26473d99
9797bf2a
1c98c438
8dc9ef07
ae9fbd32
26f47b2c
22155ffb
5a172a44
6d578101
c69f8d8c
eb5f96b2
0f6ca5fd
7b88c185
a60d561d
a4185f76
14e9918f
f0c92c07
0b8356a5
4596cc1a
244f8509
64aa2234
b188a13b
f2e83e63
8460409d
fae1c568
56074d83
6f95627e
69230910
ae5ff091
99378015
ffc74d65
abfeff30
c9b5d8ee
ac58f091
30493e4e
f140447a
724d8345
a2a310b6
97412184
1fc8b1eb
1a250884
e61f4e39
a9658427
9ebe0018
15177220
59b3cc27
70a4c0dd
3895f055
731b1638
a11800d3
a52a8de8
4021f6db
db007579
8dbd028b
8af975e3
ae8de623
822854b8
ed29ffe1
5c9aa181
4076c6f9
d4a7253a
f49c1f3b
e667f9ba
9e1e9db6
96e41399
51028054
da977d09
6e205629
5b855ddf
350489dd
f3cb67eb
1ff978ec
084adb26
4626bb1e
2a4072ce
96697b7d
e20b11c6
4df2917d
0014c4de
596dc0e5
cf659662
2bafbd8c
63c5b6e1
b4c4d853
a04c6dff
d80cc0d2
92ec004a
2b71ca9f
99849b6e
2242e811
dbd5a7da
eb8fd073
e212a74d
fba4edb5
ff9c78c2
71ae4331
23ada5e1
b2d50e2e
24be4035
1d952b11
96633328
d56e767a
8d920fd2
e01e4b8d
131ff2cc
f9abe189
d486cef0
8edbe761
54a23f4e
37346eb1
3c6c5894
4743a24d
ac0eac1a
4f3867bc
10481795
9a7aa86e
86cbeb85
ea0a606d
454dfcb2
48e6f6df
66687acf
62ce00fc
9188703f
7423592d
6da05a97
83a35567
aa5b85f0
ba4f8841
30ab0d50
4e1dbf71
7e096c97
69dc65b3
58ef7282
315ddf34
7cea0c8a
1026b581
918abf54
9c8d84d8
3104da58
29d58132
5a1d90e1
96eecaf6
adaf01ad
9077c452
0c1dd69d
fd304e70
6bdc75cb
eb303578
c8394279
9ef9b9a7
0343cacc
bf086516
917bed41
7a5fedbd
35f8408a
075d9d7f
70df7949
92f69202
264abc9f
4cf88cc2
610f6d2c
70ee6b63
297ea5f5
d4ba0427
d4600cf0
6214ce5f
9797fb53
a406525a
4136e705
7fa0336c
534bcdb3
05fbccbf
f287a49e
244db310
3f5d53de
c673bcee
b011f826
4b4efce3
6e49bdd2
a1a88776
6b88e3d4
0292a65c
6518cd72
04e5f0c5
50c3acc1
4352511c
81a2354b
e65d0936
695e82d8
a8692c21
12f80509
d15602a6
bbceda70
b9477f23
64265f77
ff7ea374
ae36f6a1
284473ee
b3b20569
702a4207
bf195dcf
1cc165e7
a34b2ff2
f2708af3
d1f20e8a
a75cea30
b7c12eba
82cae552
c191306e
8da56078
b65cff9c
3249c6a7
25a40f8a
4c307255
e92ba138
f5f6b6b0
14e8bf09
4b522488
2728fe43
35e9d105
dda99ae1
28e7f556
fa900c73
8616c72c
cd95529d
560b337c
bbf09118
99e050f9
1cd973e0
33f6db95
b97267c6
138e94dc
5dce2235
6bdcd6bc
6fd6f712
e474c009
18d6f37a
848b85f3
b9460d4d
b1af76fc
9fd48985
aea43c6b
553aaca1
bbb634bf
e90c28fe
101c42ed
a6003b54
2e68ce15
caf42324
f6b28733
f9a4ca99
0dc6bee6
f4e69598
58800442
aadb71a8
1d45ac53
74281ba0
f385fc7b
2307f1f1
82dead06
d7006fe6
7f3a42ae
d42fbc0a
449f8b15
0dbe9434
1d972d87
11e71050
3a3c3eec
3a460de7
b77806b9
8e3a6dfb
d8a32732
71b8ba1c
87deaa71
887b5b60
a476df0a
6dd7fa9b
8ceac926
ea2b1874
81bdbdcd
206fee54
75ccabc1
b1995eed
ce5a1791
23e92bde
9f733764
92eaa2fb
bf8bc7b4
bfec60a4
d5ca03f0
a7771ed3
58b06ddb
9eafd060
65ce33a6
29f5c29d
8a16fe5f
694a5893
ee0ba359
605685f9
f47384ca
f5c76e2f
80dbbcf6
00649cec
0915884c
6fd7c8b2
51f89e63
88e12210
3b203d97
bb7c00b7
c4f93801
6b157b6b
6075b750
05f687fe
df3d2bb5
bec8f28d
a1b4f2a2
85a74b53
7c48c829
2e1a3262
a540c398
d456360d
db322147
3dfefa89
5d51d02a
f88abc23
3b5823c9
195ab699
077b69de
c5251d90
2349fed9
a95210ab
b440473d
78012992
ebbf9872
a301e7ce
dcf445c4
d9e7884e
72d53620
28c96ee1
30d4badb
39192d91
bd4d90d0
5bc76917
b8d0c3b9
89d44990
76c911c7
e0e5b1b6
ea085a81
f6dfa78b
3940a847
b54871fd
8ce2b6c0
515e5b1b
4d35a155
9b2ca58b
a123d956
ddc6875d
2816031c
231aedd9
27488ad6
b0669803
11e6f7c7
59bd127c
136193fa
bb052cd0
cfe71c5f
888e014d
15cc6996
519f599d
3345c39d
c79d106b
cdd7f7de
3729d568
017415cb
8fdf7000
d6018065
e83d2c7c
26bba415
15694784
ec128cf1
42d38bf9
14606571
8191b111
f5872d2c
ba0a6f67
78c90e8d
754924b5
6086ffb7
4ab7f617
400b12cf
51598808
4e7367c0
3548063e
091315e9
0004e5fa
76fb0762
55c332b6
84951272
9aea3e04
cb9d8820
07fd5f0e
24bc2c27
5a263796
95011f99
7f91bfb9
32077bd4
51af339d
9d8b131c
65157a71
61a23ada
7bae6c59
51af3e27
a1e30ffa
002943f3
ad81ecb6
127d63aa
13e0e682
cbacec3b
7bf7da5c
4dc9b229
7587b972
32964cf8
52c643a4
101e7112
a7dce33f
f6eaf7ff
8c6d8999
34a480f3
315ae0be
b4c42e46
9a294886
695c608b
976889e6
81938676
85dac006
3b974ce1
cff10096
90cbdf04
44f4e322
ace10a72
8eee6322
f64b4580
5ca92f0f
7eccf03c
b7d32ef3
473883bb
3c5a07bd
20c81e2e
0d9cefa1
20ae3e70
ff57d318
94ee710f
2ab0bd78
b2f077ec
918ac818
489e34d8
9fd26f46
f9e8c73c
445a8990
ccf8aae3
baa6f1b8
043ca375
a7ea0b48
826ac6eb
2bb4a11f
7611d121
42653975
86a2e496
a6c977c5
08f028cd
7415f8c7
4ffc512d
f59fbd83
a253f5e2
e5da9a2f
0516232c
1b5f8085
842ab7f2
d09084a5
f3dcc512
353feaa5
3737c47a
33b64b90
a0b4de0b
aa5f6a22
e1141e69
613fff58
ea8fe197
0d609206
aa9f8b06
f78f33d8
c4d8e46c
53502b33
b4f48f62
ff6d0569
e5aa9194
f1ef2595
5e565cae
031040d3
855e3ef5
095b49e9
7e087f63
ce534103
5e416667
4be9e8e8
4e586791
d9db24cc
cf0b2b42
9587b311
97a6eae9
b27321cb
af088c51
b30985d2
84f62edf
a3401d52
264f5e96
a752276f
7a895d65
0523966d
41591f31
409801c0
49c5d44e
a50de272
80d70eaf
2d313764
73b6af53
cf8384f9
60f21a70
f8d76778
dc78118a
f4851474
3e5891a6
173dbf20
26f6f0ff
f204e07a
df5ccf35
18863070
3c1fabdf
32a2abcf
e659dff2
70a85b5f
38431929
4e9490fc
be2bc321
09bcf98c
2212e67b
1a10c05c
28d179bd
6ae3f2a0
a7459da0
e709c410
43a78c5e
ede32395
a63746f8
69cc1350
ab78c040
dbc3bf1d
92e637b7
f65f6f59
44a8f6fc
0ff3e308
2e3e7626
179d1e18
045e3244
ae5f40ac
75287c16
0748d2e2
06ee8d3b
e36745da
391de1e9
73f0269a
c810b5a8
925a3b0d
7870ab63
600f3265
b346905a
847edfd6
472844ce
fa8dc841
676f56b6
4dc4d30d
b945bd69
71a0a044
b9610ae0
02e508e3
00f28453
6d31113e
2ddb7bf8
e9e48f25
fdafb1ec
9380c2eb
d9ab5d4c
cde33d9d
2c279885
0011e226
c79ef21c
157d553a
9e755ad2
4768cdd7
a750060b
e33eeff0
ad44fd8b
a5a0eb9c
c7776c55
52c69f49
f5def266
b1547184
95034982
bce2e69c
3db3bc9c
41d84037
4ed05806
89bd3977
6bab3529
d4147452
d7e304c2
47574008
47134b23
8b9445c3
f12b0598
d5581b30
6d596e4b
5362c8b7
b69016e1
ac525ba6
11061d66
a0ee0b96
bb659918
0ccdfb6f
23ae7e50
e662e9ac
30e32266
26309c3b
53be084a
198a6769
5f7d4802
a8d7ec53
c9a38f74
79cf47a2
1e56ac9a
3ae19017
dbb49a61
ef03b174
e5cbd12f
2a068f9f
6dd255fd
92fcda77
3056cbf6
7bca53f3
3d0b34f9
52bcb4d7
8f3dfdaa
a2532990
97909b82
b80b6b4e
c35e5592
4f81ce19
9ae1c58d
3d6ef12a
f4f9b379
21d88980
72020784
38b3c24f
89e9792f
aa2c923a
3ac97a17
0a0bbf96
8e103168
19d1478d
da72c93b
17c2e447
dfa90881
702d0b4f
4a9e8867
586e3d72
6d297323
14fbb2d5
641ff5e5
a8a6a882
98803ddc
1f9a6f2f
f108b9e4
0ae518f8
33dda2a1
7300a4b0
5c1bdee3
d9ca5135
8a1758e6
85155b55
2b768935
ca424e46
d403ea4e
67482759
d900713d
85c5f584
aa0a0044
2c8dec47
56db09d4
3b106474
107cae74
0cdf3ea1
42b78d79
255eb785
90dbbd70
0c95d2d3
f133770e
1cce5bca
a76fcf6a
ed82ab1e
485a55dc
520c5b2d
6f8ba87a
94ceb256
17795579
18f0ff2d
95101418
6bfe962c
5e19f35f
87ae27ea
99f99fba
d77ca70d
e52fbac2
107f44be
5fac0abf
0d8f06d3
75e7922c
a05570b2
98edcd53
91a953e8
f9b0cffd
7a6fe8dd
6be69d0c
c69af7cd
9a8ee794
33dac101
19949d59
e46b45c4
6091d025
c3f1ed8c
4ceead69
30d967d7
98022532
0222bc6f
89015f14
64040e67
f5e2ae61
5a7e5045
d7935f4f
bb4052f3
1cd7c9fb
04012a86
69981799
582da79d
e393a959
26694821
42521ad9
d52aecfa
a31454bf
bb5dbc13
cacbd95f
47b405a4
a864436f
ed39be8b
6d40ba8f
0011b173
29df3339
8725b729
edab71a4
2643154f
ce1aedf2
ddd83fde
cfee807b
93e72a48
0d4d3ced
61a441b1
c20cdf9b
c83c7dae
c00a9c02
ed0410cb
ecf3b735
7dbd19b0
e229e292
694b6da2
5a6b19e3
6c1f2f8a
d151ec95
e07d659d
14b223e8
916e2abd
1449e704
bcfeeb10
d5243a9e
7daa80f7
24d57924
c8806895
d478384a
c6df3cb2
8ebeb37c
3f1f560d
05c01e95
3ec5f0c1
5d22ac1e
184eb505
f245d027
4c34787f
0a5c81bb
842abe50
887fb8bf
f7bb95f9
d62baded
02865642
28e90539
60606bc5
a505801c
4796cdda
3a788fbe
4cac6ba5
42d6fd7c
4ff90389
3f7f1a01
10cdcf0b
6e399cb8
2ed23be8
c3a3403f
07c29f6d
dbcb205d
04c15e52
87615fd8
038cda07
01b565e2
1ad20899
6cc1342a
18d82ce3
18210d91
40e10d64
093f81a5
456f7347
298934e0
aef50b6e
c5695027
363a6ba9
15f7ece0
d670590e
b8223967
4eea2da7
4f39cad7
84cdd233
2f5c4e0b
093ae46c
0de100d9
7d2ac1cf
5dc3611d
a6b3c730
a45712e7
3c98d6f1
7f9e514a
66972cff
d47198e0
01507104
d471de3b
1e5ad2b9
0a633697
075586eb
cb0b8715
21b28fde
b6b240ca
92803a82
2a07d3d4
b7ca47cd
aaedb990
4c0d7707
33f1ac6b
90e61597
65729900
1ca57328
1673543c
a28a4a50
dcff5d00
a6b78f7d
3da19c19
796ae39d
74dc1885
7ec4856b
5a5df543
664dedf3
f7d6db7a
a7685e6c
ce1f0cfd
6828a654
49baba15
a9058b95
4d772df5
f08055fa
72021ea4
a18ab9d4
e8805936
d0d092d1
32ea3e86
f70d984d
3a646d5c
38e6a605
6ba49d0f
d1a500d7
8f5c3ad2
2e806fe8
4ada05fa
09f84c2c
a578c0c1
f8ae574e
da9724b0
71d9c621
0f067f40
0a569182
ed5188d6
e17429cd
4182cbe8
bce057b9
83cd977e
454acae5
d00c0ed4
ff4a1b9f
b896be2a
b034967f
d7f99c69
ba6f1b7d
001adf96
7cc15728
e8ecb068
168d34d2
e125baee
95498b09
e84fcc62
dd009e87
88f0dddc
ff081d25
f311a8a4
8447b345
d6a9d199
5bf0db03
9eb850c8
2b47fe58
f16d465a
969f11ea
34eb12b2
df7e7615
fe0bd28a
0dbd3ab6
79ee409b
67cb5f2c
45d28b86
c17c41b7
54eccd5b
812f4bd8
3936dcb5
0063d435
ecaa0f5d
5620f70d
3d0edfc2
357ec3b8
3ccab090
7f61cdff
ada6dc2b
6e0d6679
49aeadc0
b11ab96e
ca3c6058
385d9c78
4e1b2032
5473c4e9
97eb78e1
ff093589
1aa31fbe
6edaf4a2
bb357fa8
ec174b13
c3aab18f
d41b3452
88f362c0
3e2c3c3e
369fe713
478fd5c7
db833f52
abd5495d
3c5751e2
390f4230
c6008c18
39f54a1b
580c1910
4e186893
8fffa7f6
d7a4c785
4cd2657a
069ed020
11f65b3c
039ed37c
d9d4bb68
99310cf8
6c1332db
723b4a17
e607f3ed
259cb68f
4e0d6e5c
9f53cfd7
b81ea3a5
40a52349
206c792f
07630ebb
da282399
9ede6f06
859a9dea
cb4f2097
b9860a1b
9daa82d9
194bbb7c
2054f9a6
04e7fee8
466c9ab3
8d689cee
7cc9324f
7bd42b69
bbb09801
4c93ceee
7edb4df4
dd34d1d6
ae428c36
0f42c99d
e3a64329
9612aca2
899c186d
2006b956
35595577
df591a29
1e0744ec
270ac881
c92186e5
30825e9a
cc271a02
6cf8ac9e
61b8b972
76879129
f469ae3a
a98919d6
768d0f7c
721fc313
75b1b5d6
c9d529da
ce163a30
8585d6d7
478a1e5c
a5aab60d
ab978231
5da84003
d8ad1dee
b603464b
d8456282
a56beada
a14b9820
19cba996
e554c7b2
f97d82a2
8afce661
b68247bf
23f6620a
8058e60b
a51e49c7
9dd805cd
2343c3bb
7ff30eee
d9370236
e73dc4ec
82f68d5e
c7d4e15b
45f242db
d0e9c9aa
be7e4e58
0809ff97
33b48eca
21802a42
696fa572
f0766690
1338bf4d
cec30c14
3102c014
c0edd152
6922d0be
360b71f5
04b00ce2
ba104415
33adc3df
c8b8a1cb
96c26c51
6704f036
65d5234d
08e8be55
76a2fa05
c769fbe2
6736beac
626a9546
98ecbc4c
a22a6073
882d361b
c9f35340
57d26404
ae14a449
81eb5e33
6f3c634b
b079fa5d
6b1be798
6446ed0e
3722ec57
1a61308b
e824c802
e5afcdc7
44a2a86e
2fb56b12
8d796fcf
0a9d11af
6e9ed278
626fd3b9
220f3aec
c02f8542
7ba63e91
9a0e32fd
cff7b58f
8a802c1e
e0e5abac
82e73cd1
f40bc960
7dfdcb6a
d5b755e9
cd091dc8
796c806d
eab15ce9
5a9926aa
f9800862
a6127b02
5e3e0f70
612b8977
8131ce5d
1aeadfc5
4f90207c
b600fb8c
d083ad9d
def591bd
b49fbb78
3aa5cf24
63186005
3fa7705f
668b686c
2f79e195
58ffe2d1
c2ace72c
1d87d5b5
71cbe28f
e53fa40f
185096ac
8514cc60
afdc2446
1558777d
e78f1463
18098482
2ec266fe
d04a466f
328f44df
2592bb0e
04dbe969
46392c5b
e0a1b7bd
d65d7fcd
96b60e0a
1c2bf5b2
21240e3a
3902c81d
293fe50a
33350b73
ac34df94
a876c240
5d65e81f
c3e9b1e6
2c832dc4
f1a691d7
37542297
5eef6bc2
91f226e3
f24ab820
bb6f3f05
e0260bb4
fd2fa432
aea6c5a8
92c5f59d
ebf6d63a
e042ac88
97524c7d
8cb1f187
27cacaba
60c0eef4
f1e322e3
72155e2e
92e73eb2
8a946b3e
edbae253
bcf93872
6e49eb9f
5249ce03
66841ffa
5431a861
6865d0f5
55c466f8
76feaf0b
070a6b8c
651af645
97add153
29239068
2fabff06
f8f10e01
9a47b269
1a56ce53
9f13ae06
bf4ced8f
4c1eabfd
3c8cbc84
a1b5eb48
f8af69d8
a3206a3c
1c8c39cd
159add16
7bb09e04
75099acb
2213d0ec
5f5eb8ec
93aa59d3
8146e99b
ff9a90b8
6df1409c
6a9be82e
7dc961ea
afe205be
0e15dcd6
a8e1247a
0e09c991
af9bd788
fdacbc7f
900d7ce9
3077bcab
52501931
9c2cfec1
5d34b00f
a80b1dc0
c5fb5b56
851189cd
9b428ac2
c37d5c8e
4de8975f
0a273999
b1cea14c
e3f9eb1a
fa057bb9
c0ba98bc
c1d8fab6
a6711824
40b227c4
7b5db63a
ffeba458
9368fb40
2963fd1f
3e3fd9cf
df411726
52902efc
858d0fdd
95943d95
c508fbc0
be47472b
ad322fe3
b45dd76a
1466e767
a335a529
cade0c15
a4f2a58c
f04d5542
666eb850
cb3f607a
26d0b3c6
bbe5e701
f63a88f1
1054438d
a73ca3b6
8fc829ac
05f8efb4
00e50d87
3c79505d
b06c1335
3d715c09
56965586
5da255dc
a88e88fd
58e4e246
7b84df69
7adca01d
c26f9820
6508ff30
1200cddb
ba674165
0389417d
f09f7581
f035ba24
511ac1c9
ec8b26a9
01091ea6
618a65fe
780035e9
0441b2b7
71914a24
b3bbbafb
f2e1bddd
a3acc720
9d7734e2
7569f61d
694f76f6
f53bc637
89e03f1d
ecd42804
b938400b
c47fae58
051e61c5
6546d33f
1e9295a5
6cf3c2d1
d9a4e04d
ba55aa40
9cc22a11
7bc3badf
5d62a8dc
167d9be9
30c63575
40052e2d
ca5dbc27
0706b4c1
e0e6ba86
4352f6fe
61c667aa
3d694b43
0b5b7f99
4c169eee
e1076d53
e64fbe2c
9b41ac80
d45dd985
e1cca5b1
e3c1dd1a
3bab6c1b
e44b331c
4d951b31
4fde319c
b021b02d
dd56518c
8cb283c3
1895e243
b0d6db34
ee5369b0
fed291f4
adda571f
10798d90
9750ffe9
18a6a980
91430b47
40352de3
f3bdaf3f
cfb4ad66
27663cb9
a4e4a9e6
a951dd2c
f6502a78
bf31fe2a
39956341
7a26c1ac
829491d3
847c0abd
e7d7106a
5d7d9358
1d8b4d9e
ebb02df9
1765210c
b7cf3273
d6eb743c
540fdba1
2701cfc6
8043b2d9
234e6df8
09b0019b
f210f91e
1e7cc24a
c17a8fe4
676a6be2
695194e6
55cb5ffa
8df6c57e
55dcbdd5
52d11991
c2689f5a
a7c363e4
a34e734e
ca447c23
bee59888
cb40fb55
0f97c00d
916cab18
d5f44882
f5b7c580
fdd26e89
5f2b2179
26997732
61c156a2
bbfdb96b
77889541
8858f6c2
d6cb59f2
7f57548a
e3f5184b
ca55f1c1
00ab24ed
d5c16b66
6c384296
087cf627
53c19acc
5559100e
db181f6e
fb76521a
b26d135d
087da187
3eaed363
ee381318
4dc1e201
67c20893
0e377f92
2d4dac63
3e71e082
bc90e20a
78b349bb
3f736e38
262b501d
9376cef7
ed7396e0
df85166e
23d0338d
060691f7
1e432635
5d49cccd
3cc09964
d6ab7325
3fff88d6
6bd8c063
302021b4
aaa5ddd8
273b7b12
0e319490
96a67772
d3b15e85
1b132a58
4fbd1236
f0df63fa
3fd552e9
26df9ba2
362f0b20
0b0907cc
75cfde38
85efe065
135df68d
a03d1da9
ea7f8924
53ccdde2
5d752415
54237a9b
c642a337
b74c7089
6621deaa
1b17a818
b71ee971
e93b884f
ed301a15
fb397d9d
5c459198
cbe9722b
b18287a7
dba71dec
8c3c6329
a684e9e9
55ad9c5a
d4ad9f2c
73e0e573
1f7fb556
a843423f
b7f6a604
dac27c79
67a515d3
42707cce
c896eee1
36c946e4
01a61d41
1e57f379
0d2b619b
4b225d1e
f29fdd65
dae04b04
47afce10
2a72a2bc
2c0d197f
2dba6ad0
2ccace05
80594bea
0864eca4
041fb850
c497a417
f9fa1312
875d84cc
32877499
a1965d05
fad129c0
33f00f7c
fb39258e
e9b08616
3d9b6105
cada7fe9
b13a3533
3c453b67
48cac019
a70b45e6
af73247d
5f6b2909
d96d54dc
15aa31c5
102907ef
ea43bfc6
7484870b
8f796e87
c932a9df
68b3f37d
0714059f
6ca0955a
7dd9e509
2970ed9e
751d7ddd
eaf5cc52
c670ee47
e7f9c9b7
68a4a683
a70f5a91
c83d5145
dd9679cc
06813438
ddfa2dc2
3f29d5d5
3d9794a0
f3200fcd
b9284e4b
a04b4d31
19e71c72
c933880f
ff3f0e64
afac770c
a31a09ff
b1268864
9ba59a41
6c3da8e1
4b8c84fe
02da4bca
b6444641
6f1ff284
d8a3ca79
ce0c11b9
46fd726e
3b76995b
f5ea626d
29eced71
3a65fb2f
d3bae662
94f5d528
098e6f90
aa7a6bf4
4013c8d8
dedfa891
88f9acaf
414a45a5
1557a0e8
152bc2e5
27d76aac
3c9fb629
1a4948f6
32aa04f6
873dcc66
6e511c25
3536bef8
4edbfb97
b822612a
77ca89b6
28968ea7
22478baa
87987080
6df4ad8e
4cf85f48
4e5c0c36
4809be29
c2961162
7912ac1c
46f9643f
40fd3702
9b188d19
5fcbe9e9
9c268f54
997ebef6
5df79f38
356e5b18
28ddc2e1
3ac3ccfa
922ab752
ec72772d
d434e2fe
0b872744
b794e7a8
79c4718f
17d0905c
a05b2a3c
8349b29c
349cb099
88dae15f
c06127b7
075efd7a
60ce3aea
02dfa5ff
331f3699
0d3c97f7
613e96ef
9c16e728
81c3db62
1a598ea0
a3835f4d
637c7764
0e64ae58
b9334cd6
c2f4e79b
9bc0e54a
0821bfa7
c99bdd1a
573d8b5f
0c8ee297
fc0abb7e
95737775
ead8b031
d9166a46
afd07e2a
35630a6b
f67e9b8f
f47f9319
b2960f30
8cd9c0e1
78e6175c
d9888e3a
c8003701
f0ce07ee
d2b07634
e0d346c6
d0e98c6b
8662fe4c
1d6c002d
19fd7e51
70ba1136
dcc7b8ad
c19dacf6
dcb704b7
857ddf28
516aec92
7aefbb4f
c0d140ff
631874ce
19b69921
b00e2c51
7abeeaf2
adac5f14
253bb1f6
76586194
2252824a
34b64f43
c87223fe
9e694e5c
8c0be289
70d3b29e
33337b5e
19079b3a
d9eca55a
34a8745b
0df85e44
c6303c27
55c6f3d6
19e38687
039973e1
8bca8fc2
2c4144a0
4f9cd6a0
06d6a621
4a9214ff
19ae066d
2a25acfa
5bf7140e
11d0c8f1
1c9e6604
bd5efaa8
3af6037f
f0c28b98
5bdccbb7
9d2274aa
90002fec
2d440f81
8e51e4d6
2634c812
3fb147b3
677038d7
0092a4d3
e8c71b2c
1161ddd4
54fde2da
995032db
b753b3bf
0b9d7dee
c27a576a
d749a82a
9ffca674
a1acf303
5c540c91
bc9c5631
8fb17ea6
d9fa16a5
fa963cec
7d0702bb
221dd93b
a711b2e2
4bd9ed6f
9d9ab08c
f441936f
2ddd74b0
24738c6e
ba1eb0e1
91b4f96f
17d3eb79
0ffa5b2d
ca26df64
0f2bc3b7
ca960b0b
9b4b8804
80a13ad3
eae765be
e6fc4274
f4bbf55d
35a9f744
5ef4c29a
2b85f8e8
b2acfb5b
2d312fbc
2be87779
615c3473
9f20dd8a
53f2e902
3eb082d2
25cfb07c
902428d9
8842bc66
ab0acfa4
c0310681
ad1ffc1c
df1b3c67
e1af91f5
a3f1fd4b
b9083641
c828576b
6a5f6f52
b08290fa
be9f9b5b
f1f80588
5c5f62b8
c63afc01
4a7476f3
860c90b7
1d7f80a1
0dd2af08
027e1d45
a2ef059d
8a6b3828
c533b2c1
8d5baed3
6a9495c5
c6e37582
ba5a0d9a
b2e6f96f
90c54776
c893d756
3461399e
e38a424d
ea5d65b8
71715c77
674e5b3f
9c0ff4cc
613d732d
be5668bb
d2a8ac3f
5ae8dd64
9ad27a94
e451c75b
9d0321cd
4ee96a24
7ff0da44
0f98bd40
bc78c3d9
4da16e35
d77bb60f
c2a6a61e
af661eff
a02593c5
eb1d2d21
1f03d0c6
f520d6ea
84da676a
39eb1f8b
9a690b75
ee4e5f36
0a639576
3febd66d
8ba0bbf5
7ac2ed52
e183d405
782515d4
328d3a93
91860819
4612e28c
3d4002a9
84652925
914791c7
afe5180d
ef1c5980
f73e6534
1479983d
d18bc428
582df0e4
ede9525e
fa708b16
488ef827
e6285d7f
ac163b02
565f5cc0
59aee204
d4973858
52bd98b2
64346a4f
cad65ed5
996abe37
16c3b726
f090e89b
3c55b793
ff8071d9
e9c8c7a3
6aed0a00
fef61781
9fb0878e
9aceb580
2108332e
93f795fe
3b8fb89f
0147dca1
68b1e5cd
24c093be
876475ca
a07e48a0
96cfab5b
0a6130ef
36c7884c
c1f916b8
7a7530ad
246aa44f
db4ff7ef
af342b77
eb30eaf1
4ee09507
64331ea9
7a723dfc
ff7176d5
3de8faad
3fe44433
cec7f8fc
11eca256
29716324
706b4d86
ef21972d
52e7e37c
c3f35fdd
f2d02c1c
d12db9f0
901406ae
dd3e0e57
f7872267
2559f2c7
2e0dc632
d94345b8
aa8a9eb9
0547661d
32680983
0560df3a
99e090c5
b7e9302e
d0acf662
f5303ed2
2654a2d4
5c0ec858
5e82eb9a
22354e0f
45564e75
2150089e
51ed5713
9a739935
0e9c49db
39b742cb
6f984a3b
721e491c
447e3e71
1011c74f
aabddf25
19a575bc
edcefd09
45199dc6
0bd5ec48
b834ae58
6dad6ee6
fa93b71c
d185b055
79f07d6f
f21499a6
2b4f08ba
d0524713
8c3c3320
6e68c6ba
8fab7550
c7e10a04
f4b19c67
13d36d58
05e38e7a
4823c80d
98f751f4
1f2f38e7
8c9b6cb5
a0ddbee8
da914b07
155ab52f
2edf0268
82afdc7f
47d5c495
7cb97a3d
bc90b4cf
7955f42b
3e57b4a4
96518666
b5285c9f
3015a2cd
6f512752
b4f5c0ad
f0548416
d728e3d5
e8482439
506069bd
a7943de5
11b835b9
158ae866
c3a03bef
b160aae0
599592a3
8d307b89
b1144e71
2f57c532
62723801
67ff8e1c
bdea68c2
45adfada
2001b29f
9c51f859
21998264
0da09ee6
2ed54b90
e42c08ff
3d7acd04
bea97c76
247b18ca
e38e0123
5754b8a4
c56676a9
4dad7253
ab4c9426
cff1e577
82830506
0f851428
36858658
7a1a05db
4de69b02
a6e7ed65
74c72a79
81a02539
f5523cb9
5e66960f
b2e990b2
38363d07
715e9b86
14d72108
77734c13
3dfd77a0
28866450
88feb3db
b3595fd8
ad63c593
142fab9b
598b5c91
4ec3f19c
4a0d902d
867b8def
84df107c
eb632a0c
bc2f38d8
470459c5
c007df4b
23806a65
7c51bc2e
4a1eff96
9a8ef690
e5a3af57
cd5f1882
aef248fe
dd46858f
f72fbf58
bd39724b
172aaba8
6dcfba89
0547f426
1188ecc6
b5cddd2d
c8967f9e
b4463ff2
04ff3134
ab89a657
a017d6e5
204a8b58
2101befd
67f53801
44fc709a
c5b1fe38
83d4af95
39febc45
0d14db22
48c503b2
6bbdf843
aec7f6a8
dcdcdd5d
4cfa1aa2
b0be6e07
fd9f9c3b
d4a5192a
f34cf1f8
bbc9862f
52688484
25080a77
f90f5727
df9cf587
4c02cedf
4b1813bd
8f8f308b
016fb682
45b73304
bb489cf8
47e4913b
28a15560
2fdd4f44
4e83391b
65aa4629
1e6d5946
0c507ebe
ffe78ae8
b27206cb
9580cb02
2d2fa232
2178dadf
608d11c4
3354b6c4
a3222e7b
416d1406
7978f13d
eb994af3
108f9505
ea4452c5
17d32515
689e2daf
c5ccc27f
e0daf555
3cef8efb
81a21511
dbf52ade
1c449582
39fef7be
9c6ea44a
792feb41
7db7fc61
4a717c25
46cece6b
60e2087c
5d600fd1
3241c35d
0a5bef80
912e3b5a
9ac75e27
142a7110
de885df0
d1fd651f
7ef136d0
f7d986af
69b16898
1eef8128
1427d329
64d107d5
df7daf1e
5a956ed9
af134fbd
65d36aa4
316be105
d1bb1b7e
dc453104
3850ec90
825594c5
8ef8de4a
b5d5d7bc
3e962cd6
21e98442
b65c4e0c
3aac9bad
24dcf7f0
b770e2e6
4d26957b
4758387e
968a341c
d1a07a68
8e1df825
ac98ee0b
eabd4f56
4dcee0c5
b07adb29
014e7762
3b772153
1680a839
fe92fd7a
ca700b6f
31cd54ea
98f600d4
1188c966
dcf53d80
a30b61fb
9c6d8e18
52085ca3
378c7828
e106e1ff
89c2cff3
de87c7ca
239956ba
f05fbae0
b1779bce
1a684123
c758b44a
6e9d1309
9953631d
d1cf77b0
7a491add
86c8948c
661882d5
41c3b5ce
f738ee68
d4e5223d
a45d57f0
dc50811f
1c8002d7
d9fb482c
db515e6e
3fe91481
91059709
f98181d7
6fc8f4b8
3e574fdb
a63e3ad9
2e088ec6
3643f082
a4ba0249
4e24907d
02eddab7
f255e6e8
aef31b9e
f9853812
baef4bd6
17d94f37
b7584dd7
5de4956a
ecaaf3d9
b7f3a26d
c5a217af
426144ba
c93eff51
336afa3d
eadf3ebc
0b988324
f5e45f56
945a9dbc
dedac6ec
b525e05b
3fe7104b
840b5558
3faa4871
5f909b68
05b0e41a
666b3076
f844ebd8
022dbb35
4e495bce
06ed1b36
00b5adad
cb5c11f2
d5cce74a
b32275c4
a6f5628e
bf3f9848
6ed67475
88a4493d
a6dd3ced
1ac128c6
74f8ccf8
97c29ae2
9e9eb1f7
9303f072
b2609c12
cb12783d
da188458
6eb6eeac
b7ad4cfc
605d3cfa
8854203e
7c820011
3a54278f
6898c04b
5895389a
6dd4c3d1
c4fceab0
9a144454
ca8c6b89
730e8eb3
fa76faa4
f720d347
324f6ded
da27be9b
235de836
ab4f63a7
872d05df
33092874
7dd7fe8c
c4f36c43
8b832056
15185406
19a137ee
f0317177
b527d597
82e7913e
ba2a701d
5695382c
de1f1425
4968a6fb
1d587739
ecbeb54c
15d2ead2
0f10b29b
5e6bdb4a
4f6eecb6
ef922b17
45f6f751
000f7f25
4bbb50bc
b4c336c5
369168b0
3c68f12f
623551e9
caafc706
7cec9ed6
979856e0
71f99db6
d01ee9b8
af4d088d
138db925
54c7c08f
6f9226e8
f5f60714
029f76d4
f60c0c98
c803cbf8
b8e594a5
9ee76480
68280f1f
865d9f31
f58a83de
732afb31
d54d4f5f
f37bead1
8a6220ca
c0f8cd15
3cf561d3
42f97615
5e2f55d1
ca06d7cb
45abcd55
312112f1
4939f272
cb54a05a
08df83e6
31209703
04b39a62
a6d270b1
c8f5a668
a8dbddc7
a4eca931
72301d9a
4730b4b8
ae247b07
9a098b2e
c52582f8
18cd0ff5
825209d7
ddddeaba
4a3c6332
e17b87ff
a120e102
af3f537b
a63337ea
c79ea7cb
e185505b
9d88c74d
86c684dd
87c0bc2b
68251e65
5012d115
20665a6b
499ef689
15d9025c
daaaef48
181d5e02
9b86e0c4
83bb5fc8
2bc5fed9
dd9956ae
496b920b
f31d23f4
11562bf9
6ebbe99a
451c2221
c627cb70
3bc9d41e
ca492cf7
4d8c8707
6c54cab3
adece7fa
76376465
ff270b01
cb79fecc
77d29e72
bf36db45
26905414
8c16f50f
245901d9
3d23520f
31816c89
1ec81896
cb13658f
13f123e4
87748217
ba4d1f01
fac8c636
0c5bd5b7
4c60686a
b91eb42c
18d6a869
1ba4ec5a
0124c154
eb82a050
e799dd50
481ac871
7240f572
9249253b
7e5d586a
c3b0cc95
2050bea9
fc7a49d2
3f2e17a5
57b6fce1
29ec22be
5243a65d
f854a5cd
dae17180
780934e4
4dc03a5f
998d7413
9cce30cd
cb8fa629
06896d9d
6d594238
e0ce49d9
177413aa
b6bdaf69
f0f817f5
fcaa1ee4
3ea8d8e3
8a5e4d8b
4972c11d
c2a993a7
371c69b2
1a04d529
2a51e891
79ec9a6d
c0dbc845
91e7adad
c6f7dffc
b4c72f07
759968c3
a4b7df6f
363ed93b
a4e7e315
75f58e3b
1a578e2d
0a30bfbd
9545dcfd
ba8213e2
04bcb6d8
91276a59
7b61157b
47194649
2fb9cc33
ab41dd1d
5ee78e00
57abe778
fff77265
427f82d5
aa99dbe3
f16c35a1
caff0cd8
5c5ca344
9e5e4363
563bb0c6
0ce3e64e
1711d0ad
6dccadd5
13d6a93d
e7e977d5
cba112c7
a88ec7f9
48e3f056
ac00cf53
1bdcc4a2
f7c4857c
cbbbcb2f
8edd04c9
e3bba96b
73314d6d
d617c765
cb999e08
72db027e
3ff2dd19
1d7051c9
3cd453a0
2d81e95d
e7bd6453
19de3cd4
49ef2e17
1bc68276
eb4a3570
c37de9fa
304665be
ddff1555
d125b279
6d2b60c9
e776bc45
e51f55a4
a563f6f9
bb82bc26
897c7476
a0315f6e
1e044a45
b36957a6
c3e72922
6b5579e5
1edacd85
41499fe3
93031314
985ca23b
e2b87944
7caf748e
092e9d76
1664cb32
6467caed
72612e30
8928bf21
ff96d29b
934559cb
f573ae39
80c31443
801be908
73b5af49
6a339b88
d8127bc5
ad3d32db
05ff852c
c3c1a06e
115fe5f3
091a96b1
21b264b7
487870aa
17fd2383
806190d9
25cc4843
3a5f1691
1ca9fddc
27d8efd8
59fb6827
fb4bc524
c1fdad56
261336eb
81eb6509
7a05c9a4
951c701f
b4fcd668
fa57739b
d2194c4d
5cd835f9
732f2f6c
0f800709
1046e2d2
75c6ee90
0a00ee73
0b12b4da
0551a880
5086518b
d5be11ae
6c44eee9
542048dc
8be0b0d1
a6ef3ead
fe7ad7f0
05e099d0
84682408
b1a1e127
3672dc6e
6dfb938d
d3ca6bb6
d749e3a3
4396abf2
82c332e2
2316b9d8
7c68e815
cebd7144
c46c4b67
2b952ca9
ae3b1f7b
df12237a
a09007c5
0a6b6266
6f677e83
36044a2d
9d5bff36
c2271162
67ff1b8e
a90d3152
ead8b6f3
7dcab235
8637e5a8
3a2b576e
f12d28a4
ab581b42
1723b424
dc9469f9
80edb174
232301c1
40985032
433bdafc
0dd9feb0
083ce7c6
e9cec365
898658ba
cfa45f80
961ee380
695180f9
b01f49f7
dfa826cc
a8c3ca05
5d98fb20
bdc898f0
dbccb8f5
cafa110a
7f70053c
41dab2c8
90aec014
095c494d
199be1c5
c53fb4d3
bf6086ad
7307a1a6
3d0c26bc
d0854086
3a9fefb2
6019965b
b010aafa
3b83a848
5d611d03
0bf563cc
91694fa9
d3de1a40
68121e0c
cffbc995
7f4930d2
000c5840
d66d4a06
99017332
18afad0b
fadb2cf3
58d37636
1910e4eb
fad0d526
1433fece
91c6bbbb
6443a71a
187ee203
e806ac97
212c9ea9
5f4426dc
fb7893d2
99b7ad0f
e297f946
5e9a4cb8
9c93bf62
45600895
1a0f4273
8f901360
b8baa1b9
593193ca
e84356ed
e153e184
87e719c4
0ca46183
fa3fc0f9
d03394c7
f266de10
4aef39fc
f0d996a8
4f29a3f2
2ef834ac
056eb759
205949a8
1d060439
a6579f69
e5da417f
38c559dc
dd232daa
d311184b
ce5cce19
e607e7b1
f559f35e
af8c7f3e
188a6f83
e12fa1f4
29784b49
97519fb5
46680f92
a77a9185
a3cafae3
9d8936e8
3cf8f39d
b6fd03b7
c6fe9b3c
e5aa982c
903e8b86
3cf52238
06c6df7f
b70a7d24
42f1aa1d
fc46036a
af3c80cc
a809a6fb
b612472e
b8c1af9c
8b6cb451
fd815f03
5fcf1708
ca0d6ffb
7aecc39a
4b45bde9
b3af26e3
8fb29ed6
ab020bb8
25af19da
8a2dd65c
e270a22d
72ab28a4
7fadeac5
c2bed5d1
9a05cde6
452445c1
2e45a0fd
6dd1cd6d
c6f391c0
ce9076f9
f95d509d
58f1b39d
9a904735
fc650b24
6f9fcd69
44e20cd2
32631c23
b65b5ba0
38f2e893
bbfc30a5
cd5f39c2
ed0d29d0
daf6ff73
83bc906d
d61c7486
7dafa789
ba8bbbf0
a1c245b1
f294e3dc
7a3bfc79
06be7b89
213a4cbe
72a3b358
77a510c7
32f47ae5
23ffb38c
21de940d
59ced07e
c1ae1370
e4d762b8
50be035f
36e3da84
6710e558
4469b1f2
65868d47
e7ae986f
052e6a3a
7c6b9cbc
5a1dca0f
49b4c25b
1cf1171c
03f61c01
b108555f
f0c48c70
d9f0a935
a93e2e76
56dd91e9
e625aa60
7628b1c3
33e63a85
9424a983
0f7b4cb9
f87929c5
846fe103
1fc08778
1467c207
358c04c3
da542cb5
4f97d40b
58b09f17
302a0977
84f3fa6e
4c0b91c7
90844b15
8cec611b
e98dd494
fa06eee9
35dc55f7
bb40128e
df32dd2f
72a74852
dd2540ff
2dcf5f46
1dabb172
fd6f327e
990f4872
e73d7d66
84446908
12351719
8672cc9c
722fabc0
4997e1f8
16742a9e
a6faebdc
2cc04f53
73bb493a
82d1a092
9812dd2f
d257f4c3
2a2633a5
797358d8
8aca090c
6765635b
fcbfba4f
f89af864
83504383
69b9c42d
9e821a60
628a3739
81fa0069
2d0d1e8a
044092a8
e18dd0ac
7fe45057
3e06546f
1862b572
0ca26438
15167025
d857682c
e497fb7f
15a7bdbb
252f98fe
5f50c4b2
002d8d53
4206c0ed
c57c6359
19af1fce
d12fef6a
95a3d882
0de7954d
80710753
14745b00
c24a14b7
1bcf2823
8c82e7f9
4db9d39f
9c230e25
c9f3a36e
53abac35
006534df
a83fa184
0feb0eeb
0e34d7f6
fd853066
d9822b88
7d672823
45a53c04
1eaa8c13
36354f74
549d2ea5
367f7f7a
015199b5
fabc274c
9935797a
bf1ad6ae
0346fa13
669fbd9b
f590f3c5
0afefe76
57da4fb3
af72c454
98f2bf2a
3619734b
2d50298b
9e70100c
1f6db3b2
1df6df68
acb85ad6
acdca5b6
6dafeaaf
44c9237d
583fdde8
59f4f7ed
6460631b
67906f2e
7114fe20
6a9dc91c
af238a45
a83701d3
fa3b4758
aa66a7a5
8cd4c855
57012106
d8ee0608
ca49c74b
3a8a6854
82799558
4bf1e6ba
13177ad2
992aabd3
47ac2276
8ab0d0a0
4a4c811d
fb7ba59b
caa17ade
88bf6f6a
dca755ac
67089d2c
e45bf714
afb284af
63f41d44
a7912558
755ccff7
fb98cec6
d1129bc8
bd77d3da
5695d839
7a2ceee7
ad288e7d
a6d0f964
f828ace5
f8087117
46775feb
dd13b7a9
b07016f8
54f7530f
b0d03d9b
1dbb6d3b
f6e7905e
53ae447e
364c92f2
66006fc1
4ffce7fd
c042adf6
5c3e89c4
4ca32e3c
44ee85d0
7551dbe8
b06bced0
2fe55ad2
669d1ec1
79b3b17d
0df0af6a
fb396d40
e0f195bc
a51186b9
266aea8a
84e46d2b
763234e2
973c97b5
62c230b8
9faba000
2bd4a759
4eb454c4
7465c13e
963ef06f
b27c26ca
2326a185
825f5d40
7356ea4d
414496c4
0f41cf76
7df9bb68
16042342
2aa49a32
9a48484d
c2321872
4c69924a
cb8741e3
3ebbed49
4c223267
2bfff169
dd67b3cf
b7206fbb
a2f86839
172de428
f987e214
b060dad8
dcff854f
fb80f609
9525d5f9
ed4bb481
699a1ff9
62613ddd
a89a76a0
8b14d2d8
d020218b
67555314
7f3d9d24
9838ea7a
27ea9e13
ce9f18b2
ae5c0d7d
4e57fbe9
66ae6000
bdb165c8
86ad31eb
3f03f4c1
e06c966a
129a80c7
264dba85
fd364796
8399bbb2
4459640b
c923df2d
10e79298
982523fb
6fef6bc1
230bb819
b5c37f78
1773a926
aa4b9558
1f0c14ca
9caf033d
7aba2b47
3e16407d
6a3587a4
bd620639
d7bba3de
29fc0e50
d9214b23
4b62baf3
85edea63
aec75308
f0939bc9
bcd0f98b
a0be8f57
35385d3f
55450406
4fd510d3
b3cc45e8
b37c51c1
27101ef4
a09e7d96
3ec4f7a2
6cb057bf
caa8fa3c
a8455083
4c1d3282
23a303f1
c6e93d5a
43b19037
8d12d584
2c77cd20
fe406997
3ebc1f2b
31a14112
18582bef
187b8697
3d9e26dd
d64ecd73
c02851ac
a0d833de
de574e8e
5a80448d
08c16598
eec0bdc6
491e86bd
97ae490a
30002e72
eba4fa30
09d2e030
d5f0a1dc
39105e3c
9b872d19
6a54b75c
31bfcec4
76a69539
6d647e4c
57834061
d8f21c99
996d20e6
68fc0b94
1b1c5a4a
ab69d736
e166f1ae
f26bc66d
4694f6ad
694820ad
d161bbc8
3850a1ab
a0ef712c
7e1cba35
521b5afe
5206f227
bdcab247
6d1fb041
254ef39e
dbf662f5
a041cb63
f1a781ad
b50fa247
b5ddc076
5021dc2b
91593bb7
2a4529fb
0c8a2b37
8eae5688
18fb5a37
b2843f40
7694c809
f1c69d2b
51ee6b9d
2496e13d
97b3dab7
369d2fc8
299f68c8
e1a33854
ad90f24d
020f0ddd
acc2bde0
5213c3dc
7f2a335b
cdc0be1d
9a5028e5
026083b4
dfa65c37
bfb7773b
1a888fd9
dcbae92a
feb3626d
508af3e2
068e025e
d961cc1f
59519459
594bb3f2
1de8e1ff
bb9c3c9d
e47c9c8d
f3171146
c784c9bc
7f204a2a
fbab8cfc
77ba9f4b
ebe7a6bb
ab921ae3
2548c0e9
ca8e6020
b613825a
be591fd2
a3d23cd5
3c287978
ba609183
b91de02c
71258327
734a0a8b
d5c62b5a
3bf11dc2
db23ed04
4582a966
80e4c022
82450f46
8b9540a1
687a59f2
c3aa18c9
339c857c
1511048d
deb4f326
5824d4af
97c80a46
a9e04615
b2b51e16
5f8f8533
d80a0162
d332a9d9
0c60cf84
6f1d988d
1ad672ae
0c3e819a
73ca2788
d90eb544
2cdd1684
f2f267cc
39052452
3e3a4cd7
dc694db7
ef835f31
37f7a94d
a17ec977
d7bf0d4e
c2548bb6
e42f2162
c85de39c
b16b160d
d2337305
a541710c
03b6270d
d4dc2cb4
692cab24
1e67dd01
5a0210c8
b945ea2d
72ce2237
f3e79d35
09fc384c
14786337
8ea38f5c
b85a4edf
7de030a1
c017b2fb
0e401a67
a9082280
cfe6434e
4b37eb6a
1a2ef89b
d595a089
500d5519
91ce510c
5502739f
c2e79044
0840bc20
0b26575b
8e3e2f03
fd01e26f
a32af667
35895c97
5e3bc355
5a096fe8
476b28ac
ae9823cb
51e2fc63
d9bc3f8f
578cfb36
6a95259a
dc03bbc0
d7af7f86
850d51b2
06b12570
633d4abc
5890f3ad
cadfcce6
0ec39cbf
1c42073c
35f01dc3
4808b9c2
cb175615
37a3d39e
04673241
984f1e5c
5e9d6b71
8974bc17
8db8c543
e9c7b68c
a3597673
5b60be81
852478e3
780eb7d0
a74e5197
4b11efcb
3b9f936f
9049e5e7
0cdcc829
d98d992d
9138c266
e26a5df9
acfba705
6c3dd822
d8b68773
738deb15
5c1762e1
306f631a
69abf22d
d52ce51a
5dd8d620
3f74333b
5f523b44
f405867a
2fbcb234
648d1e47
d076f91a
d5756106
4d2aa39a
35133fc8
97308bef
926e5bed
99f01b8f
9a9003c3
18b213ae
ce515f0d
68f71191
12a351e8
a9d12487
d7d87034
0603cbae
63360791
cec96b86
4446b1d1
70576729
5f1a48ad
72fae7b7
3204cac5
2f678666
61275937
e4705596
ecdb5007
b42c6c1f
b7cc9821
60808fde
d252ebd0
c4828d0f
664b5af2
3f069e1d
31fdf239
bad0367d
295c8cf8
b9c04eda
d8a5968e
d4da8eab
45ae106b
58b00568
c30b879a
ff946c79
6ab6a9cd
5f991a22
fe7967e8
d01a59b1
f25d2666
a3d30680
8c667e98
4ef239c1
6e5881f4
1eb1ab7b
7bf9a980
f9f1a0bb
a2cbd789
167485bc
a5ec68d0
34dcc59d
29626ffb
77222e1a
87f311d0
f2be67d6
b2c33607
fd91fa7a
6a56cb53
1ed60050
08b9c019
9d5d4608
4cd173b6
16c6b98b
3f1ee933
3ff9305e
1f888e6f
28bde920
bb35c47a
8afbced3
069e0aea
28576ecb
af923ef8
7f3ffccd
ff21e2c6
b3d7bdcd
8d191ce8
08500926
86446b8b
aa101e16
f2df6e3a
db1aa3cd
c49fc91e
aac63185
65794a3a
1c8d2094
9382b257
95fd8b37
46f14428
cb4d9014
39fdc28e
cf1c20f3
49f8ef44
3d014415
1492869d
179a3403
bc3f0ac8
244031ee
66637a2e
6a9ddbbc
138f23e8
4e88005f
cbf5946a
e98323d4
cf98e151
4fd6facb
27b8981c
5d1fbb18
da2cc90b
28795c5d
828b4994
3fbcd5d6
1b03fc55
5d778643
3232eb73
d843fc84
690d52f3
222ef97a
a6e75f9e
4c308d4d
635d3a7d
760332d3
d720bb2b
be610159
b40a8cd2
080b4b69
3521799b
b450f7ec
2e99c999
8750f1ee
53527f16
b3394071
5e2b7d22
5005b02c
fb7962e9
3a1bc598
e602302c
1d1ae7c6
a52764ea
6c4cf344
eb2ce10c
5861fdb7
d6c1b959
d053452e
8aad7990
f6e42ddd
bc372781
13e6d63e
b3cfb043
175f5f1f
4b56b278
641848cd
6a7457cc
0ad36722
f8e7e01f
6cb3326b
cf5f1e31
ede34844
95e5adbc
cc130cc4
f513e287
bb4986cc
a225c81d
a8043d27
f6cd61d8
16ac35bc
fe598185
c535f787
b19f44ae
e730f4f0
5a138656
30e68acd
dccc46fe
c2085fef
c842f3c7
0c4aa794
b513da42
60a2f823
b9cce414
3a026289
bdab7844
ff182b80
e5748add
b7cdf7f9
295e483d
faf8d4ac
9893aa42
faeb2a8c
de54ac37
ba791992
da9dabe4
dcc9dcdd
21a2a202
9b4b50c8
a258f73b
3a8a98de
8c9e9b18
f78d24f9
fb9744c4
c8a6ab13
26ebde94
4f60b7c4
ad7190df
ba7ae9fc
5ea0a217
98ba5cfa
89ad7fba
cb14b920
2475569c
f5fa806e
eda69b15
a4b46ce2
310dd43e
d6c6898e
963357e5
a8ffc794
d344d429
ace9e498
29e6227b
e6d30d0c
1b70a589
3b197b8b
608c8491
601d46ad
22f6da7d
40fbad30
028fb2b2
f71a1ae3
a6b1a6ef
8c90be5a
f816df3f
d9156782
b80fcbe1
1213c0b9
7bfe1fbb
268c08f6
b75ddb55
0e153bfa
2ca0843f
7ce326a8
52b2fe65
41f92658
9768e551
069aa9e0
6632f414
ab6d1460
2f6419b1
7297b440
8999009c
6f0391bb
ec9c19c4
39f646c2
87255a2a
8fae8c28
3b915aa9
9a207a0b
2ac847c3
c0f35a8e
ba330539
04ede44b
12ef9962
479f82be
8568fd64
562dde5a
eed6d291
e8634b45
7bde7830
ec32de3f
49121d72
7acfdaa5
6a548269
2677105e
301b08c1
3b6bb6d6
7ce149d9
d369f532
85d48773
24fee9b7
b3d363cb
5c1015a3
5a55113c
28ce8309
77cb66ec
49b5f8eb
4c0c18ce
0b197fda
75592fdf
355ca601
f3a6fa7e
4893f1b1
c1fab7e9
ffa55db8
1c354928
56a179bb
fc8f5944
dd91e46e
d744d4a8
65cbdf9b
e6659ea4
0bbc8992
a2106a41
cd3f24a3
4e7a1f82
a9eb2c5a
52b5536d
6d96c64d
39ff2fff
66ae9b28
18136dbf
c8b6a34f
6ef2d9d7
df771b17
6304229c
090f1e35
9b690b17
7e5584f9
00b78b5c
fb1907f1
be5be5ff
86d05091
99b3350e
3e2dde08
7f81c2a8
889dc9f2
9d70f939
9c48f0d5
6787c2d2
28410540
471bf0b7
e9c794c6
9989c30c
b1190d2d
fb8c3c5f
501c42e7
d98ce3a8
5fe38d2f
3263ff58
178a6ea1
88e73d23
9a121871
4a0d7dd8
de84782f
68806ac2
fc69df42
83b37f2d
bdeff8f7
2effa080
d242b72d
d80cc4a5
f6826199
2e20b58e
1fc177ca
f896a75b
b90dff89
862af522
d18dad57
b901ed71
d21edc28
67c1062a
d42aa0c7
43fff731
ad38168f
88b85c38
83126cc0
dcc6d7c7
eb8bca7f
00f3338b
f54c10f8
71b17b00
7573043a
3bc5d553
4516cd50
d7e68e31
07bd630f
5aaaa8f0
a3afca28
8e2bda43
28c98cb6
09813e94
061a31fd
9e308492
071df060
1c413ab3
cc5f9934
439e2f74
1e7195bd
6bfe2bdf
1fb2582a
7e12c1f8
16ad2d33
64af784a
a9d96ec9
18dc17e0
a71a5dfb
b46cbba4
1ae2fc8c
2319ebe6
cc1d9893
8233f3af
8a7422a3
2471bae4
15f6ff57
bde3c545
44d89f3d
c6e01bd4
59acba4d
f6414816
941f3b9b
865573fe
21dca02a
7232290d
7b12c084
246b8398
13840c3f
1dc9550b
94ac7b48
4af17ad5
c0317d1e
6ce56698
64c52389
dae25536
0e9020c1
95d08ab4
2633df27
81c643f6
0e99e1e9
09d9fe83
a70c33b0
297a7250
ac977a65
d4fe18ef
46437d77
f1adcd22
91654b13
d150f31f
da47d83e
c1f386cc
bb74f213
f75d4717
a9982816
f1e9a7d4
0fdc3cd2
f1b7dc76
6014a1ca
c86c4992
819032f0
1e42223d
122c217a
063cd761
5f7b671e
cfdec65d
126366ca
7d14ca11
c9ad29a1
10a6f2cf
f18927d4
954b7898
352dbd1b
29f0a016
73a804bd
83dabb66
a423678c
193cea5a
0ba731bc
97a4a2e9
d8f98a04
3d70ac5c
853bb845
c5e3327e
b9c0bea9
de7c1167
a3e1f447
5e1b882e
5832128d
a44595fc
679cce45
e37c31d0
4fafb477
cd360586
32260fdf
9e8a4a30
58b7e533
ea887665
1ec1e348
00c31f34
d8c7eae0
a0369496
8f577e1b
013f64b7
aaf5f8c3
ae78f423
da1f71a7
d94de2c2
e14555b4
7206c6e6
a5804009
32430bbd
592c8688
55a3de0e
253c4647
c61a6f5e
b5e1c29f
fb1be1e1
d631e893
8685d4c6
2bf46263
b724806f
1ad1a6ed
272dec58
af40b79f
9c9e61fe
7a754e42
7d21f694
f0f0db3e
1e9fa229
20e57518
df04eca3
57b50ca9
8cd68e4d
224b5d0f
04316962
7427238a
7c8be208
a117d9fc
509578ac
7b5bc3d7
76dcd645
52854cc0
8139e5b3
e4ef4701
f129df09
a9d552d8
0e7dd7f9
268c6c41
5b31eb95
2cb8da51
faa503d2
e3f5b164
3a7ae26c
b9171422
f9ba6345
72066e95
31343b22
817569e7
6e82fa25
4e8b7d6d
4e6a0b9f
19ed54d7
b772e223
3e93f9ed
59ff9536
f6dd7c0c
50ed5d63
98697f06
c40cde24
0f0301a5
d854ee8e
2bed4426
4e1d25e3
06a9c801
33a1099c
46db4b8e
78906b5e
be96f6b5
5e889abb
00aab79b
c0bbe088
9e9ec2db
f35bc21e
ed26c829
b0b7f00d
fa5c1224
2f65b779
455dc712
79963e88
7fe43a42
9913d814
82b72c66
cedfacc2
f72df88d
db350243
6c67185b
5c3d86fd
06d840aa
55204c61
1624ea07
a3061ec2
27b79d24
3e6012e1
2f4a7a17
935e812a
89981d8e
d3c448d6
f30d7d15
5f1bcf79
6787c7ca
5c460cca
ad8fb5a8
d09798ac
6618ccad
fafdc0ce
d1e15f21
bf666248
593f0eef
2db37378
53fbc705
52cd0875
480f550d
54acb767
5f7e2fd6
82aa683f
14f3064a
d2cff841
62c9e9aa
143e3156
9131ebe5
ad369310
b6de5812
7d788170
fbcdf4ad
9472935a
fe5a0d8c
196258ea
223e7108
b4006eed
2118f0cf
a1982b3a
811f22de
0b839f4e
bde284c2
8fd95157
938b2c17
d75284bc
414024b3
c752acae
4359ea7c
ed3818e2
85c79609
5fc770d8
eb1bbf2d
32d6fee2
20bdfba5
30ba0dbb
802e80bb
cffb82fb
6f95ae71
8c6cb8f7
e7bbcd7a
79c2fa4d
36faaffc
f6038a63
548cb16d
362b3925
045298ef
0e000858
9a838e2a
d0acc573
4c91ffd8
b5cb64a3
b1859c5b
84a34efa
7029d830
1257aa80
7508b8cf
ab0d4252
12364b3b
464858a0
0dec9052
8109155e
1ac88e12
a78927d8
3ae2bfb1
3f2a5a31
fbba83f7
d0a44ccb
88a96432
ab1a793b
7f823081
068c9c1e
8d39585e
10c46d8c
93b70699
0661e7d8
9446f892
34786ed3
f34c6a17
97cd5fbc
f18e020a
718c6635
b6c2c248
514b96e7
cba372ab
29fce7c3
d4855f14
82b3871a
46ef0323
0b786314
23cc6279
306eb254
998b5462
2aa58ee4
fa6f2527
5ef618a4
38b70fca
a5059afe
67362e0f
9942d16e
61308dcd
d6ac93e5
4859bd26
d5438ea2
84b330b5
12050afa
18993d8e
193e3e71
86531209
c3e0db97
4f9ad5a3
e33010d2
54712cbe
a0add2ae
3249817e
4ce55fd3
154ffe9f
b6a294b4
a4211d9e
2d46e834
54325e61
342de20b
3a9102cd
6ad7f5d2
76c5f316
ec544695
cdf5f081
b5f195d0
fe461d56
89be4e7d
432f6b83
8bf9c566
d05e36d5
a7d7ea06
0343d665
a5c6fff3
2e34d0de
3aca544c
2e6813e7
cd991eff
de8eff46
fdc9afb0
b720d01f
33a38191
542c2b3d
50d0bf94
ae119cd8
4e574e4b
54bbe8c8
eb66621b
178b7ab3
9184c1be
13838419
055bd0f6
20d94a42
d9189770
40e6a982
80f31327
3d4aba4a
df63c35d
742c66c2
84e058db
03869ec1
f4560604
e14c06ef
06c69ad2
4563127d
49c93d21
9eeb15b7
3df72843
72980418
3ffb7c4b
ccf54e14
e0c3ed4d
fd99bd59
2ca13c68
fdccff29
96be584f
557167fb
ae0e7cfe
145def5b
72477f55
cb0a4585
82ccfc25
790cf004
00bfbc53
76ffadcc
8a94ddb5
40e6fd0e
bc9f51ed
8c529108
5a8bdc0d
8e0bc025
65742efc
a7c91841
d56e81b0
b3042b2d
d3e5c67e
c9091e7d
d2595969
888384d0
7b31142e
d4d30775
167b7f3a
4ce52638
b63165d5
cd868afb
acba6333
fa4ae518
07519c87
4d7a20f7
83fc6806
16c9f5b7
e1526dbb
ff475e21
77e6376c
18e5ac08
dd1afbe1
26b5becb
aa14a715
73e36500
501a10a5
d46d8842
f655c963
d4ba4e19
166bb2d3
997e0f1a
b961691d
4ade7713
5f65e9e2
93ab27df
07ced45e
7908bfc6
2e78c2f3
aac60570
187481cf
78d4ea59
dee211e0
c382a2e9
4cfa66d0
7ec7c878
e7bd17e7
0fb978ab
74ec9b88
fa5c6198
b65dc347
2a6b1914
54db27ed
9b75e50e
999525a9
7c98c3b8
81d3a4f2
f26411dd
f718a49f
20f13838
3d6d8238
62060cec
b0da60d9
f7a23b97
a8356c1d
b07f0265
bde2d417
1db784f3
9c987ad8
b3812b06
38e53a77
3165c35b
6250f8bb
105ca719
8a62153c
cf7caf08
82c5084c
a5a46b6b
00e6a9a7
b6dd1991
49010caa
78524006
3953da7c
7da5d6f1
bbfff660
620da093
f1b27988
e50a10d8
c00effa2
0f223961
6f4c4aeb
acaeb66c
f89d1bbf
8f1a054b
a32e235d
9a8a833a
2d4a72ae
5bb8cde1
e7405bc9
f7b4471b
f3f37c2a
cab1774c
e75dd234
2c5859eb
a2f09a64
c3fe6189
7a504b2f
ede07e6a
3e200ec6
80c26c6e
c573b124
4de63f16
369e0028
e7881f96
b891b48e
1968928a
e150237c
bd86c193
85d2e2ee
a5a0ec7c
5eb3016e
cad06e49
09ee878d
63384420
792c0f10
6f096158
19214a74
e15faa31
e327c123
a8e192a2
08bf0e42
6a02190c
931e08c3
add2b343
e91181d9
5a3cfe09
ce9378b0
cbef2466
24b9128a
dead5549
d82fe53d
ea93f798
d77cfb6c
00aaa889
6a4e3c95
a64ca2d1
1f720647
1f525ab2
c33c1029
55baa218
2175cbca
74357265
ecf4dd86
5b7bdfcc
bc2e07c6
95e27893
d90f2b58
3b76eaf1
1ee33f12
828c1ff6
5dc6bf90
a21f1bce
c26e64f1
0e541fa5
c60e51cd
e37191cd
189924ae
f76d2a04
a00e8464
de242616
21a5cedc
a0f244b5
8e84af2e
f010dc23
4a72e29d
aad1d18d
f907be1f
aac75b05
900ee179
59fe7db9
901f2c90
54cf8c09
8133cfd6
d1354b0f
fd73f50f
dd234026
ae533fb9
3cfab83f
2e3f0bfb
ce00e291
f508300c
fc7804e8
7f21c43c
4ee22c78
6e24d44f
e58c03b6
ce37e64a
9e79469a
a2d12391
8d4343a7
4cac9637
2039e86d
570d9071
724c7412
4d295f9b
a290f826
fffbc6ec
b6a8d91c
14e7866e
beb21a47
73b830ba
55b29bd7
0af207b1
edf59db2
ce178268
9c2dfb09
dfe1e06e
de2e743d
ac32cc6d
36c44411
41aae35e
6e90ea80
e3ce907e
2235ed5d
9ee1f224
87170aa4
80ec6ae2
ee187e66
d33f838d
f1299555
82e157d8
f85c4009
17812488
6dce4a2d
01bb6989
7a220dce
75fa23bc
f2e57759
0c649faa
3ec585f9
bb04324d
5b0699ee
271f40ca
1a364443
bc8daeaa
78d392e4
807aaac1
7e958dea
2e07ad81
90a2bf0f
315c0569
36eaf963
5d9336ee
7b733941
88da1f82
896e4fa7
d47d1ea2
344ab01b
d4cd70d7
dec0628d
39e097c7
4d37598f
bd28c51d
f5ff4918
b5d371a3
d53278d1
bfcae281
00dabb98
3014d744
900444e1
df6361f9
b571ccc7
bc0b444e
d89133f0
a6668ce5
c4c6bc90
740ce890
1ea6f661
1740712a
263e7b5e
f1b0322f
29a3c6bd
6f1f5da3
c62a1ec5
138bc71e
f3ffbe30
9ad94138
e0d9c370
fbe13991
804a92a8
91abbad7
b4393a16
ac1e6dc5
2d929d05
1952360f
9507a039
511b64ee
3da1eb32
21e0ea81
6c244e51
509d064c
f9a974c9
889edcb2
9e744e39
b24091a7
7ade82dd
9e5266ea
4b083f6f
e29cf534
2441c161
19235a84
12110fce
c15b5b82
756be642
8acb7d90
0ef6b3c6
0420aa67
452f8ed2
e554481b
b779a3c1
ac269368
371e8baf
b867b79c
b9684c38
0b4b1928
eefa2dab
f82fb23a
66717eec
dc5df96a
0a67a465
ec9dd182
aa205d5b
b8322383
b1cae539
85cb803d
53b5d6a4
8c9cdc24
1beaf4cc
72c6289c
8610e9fc
cd3efdf4
b9a39f6d
93cca172
1b9d9948
ee1e6fed
4a8b6a21
d88925cf
574a0a41
eb56975d
b9020fdf
a21222ce
a429f180
8026ed26
e1d26395
31e413c5
3608b005
6949cb21
bc258116
51b94c2d
4b25b544
8f7234da
8b82f354
dddf0f26
94b291ed
d1eba368
58646424
e4b8d9cc
a90d8321
ec7c5fb5
673de4d5
5047b238
125912b3
0a0d4d11
3a9a70f0
b0358985
e08dcfe3
6ffe8f85
a040f940
f61e7777
a977b110
40894fab
4c10d3bf
12dff17e
2599143d
d6f0373c
913369e0
e86d9a4a
7a599f7f
6e8fa06b
71f673b5
2e672f39
bcc24c9a
262aa026
cc85137d
3228f18e
26640f8a
3b6b1ab0
97f5bbef
04905f6e
8e05561f
10ae8de5
9dcfd34c
0b2b6f7e
b00c87ec
cd54d629
6776020e
5020d67e
20479a08
7b0e5b88
fbea4aca
c6104858
b27a4d06
863f8b93
183152cb
74fe8ae9
3dde543c
68e8552a
93af8add
65cb13a0
5e778838
fff89fa6
99ec2fc4
c437d988
98c5dde0
c91d51c5
2b291733
ecd8abfb
55eca12e
caeb1a3a
c1a431e9
669bcc6d
0ab0161f
8fa56f70
c48be1d7
56aae71d
25f0e5cf
1cf56136
ca8c3ddb
c5adc4f6
4cd14f6a
e7285528
921e9550
2aa3f287
6b8a5b16
1eaa6072
17a41ea0
5e4c3027
3860484e
19a49f9b
202f8cd0
89f304e7
873c2d9d
a60eb581
09c6af92
3db277f2
55770f5c
251da304
3591198e
91bf4054
792e64b4
3954531f
3fafcb74
755ee458
fae2c985
f9080df0
daf7638a
68383447
00fb6878
3aad0fac
877d893e
6638e7b9
e4bd7168
3a9936af
afe6c8bd
e658bb83
52e238ab
6490723a
c40996b6
82fb759c
d3485c8c
d27f026a
1d28b953
e718d6fa
e55c4e57
63e5f83e
4ec7a39a
7e5d3b5d
3938ef24
2c9fba83
6dbf9649
c94aadc3
47f33e58
30217ea9
3276b525
e461480b
1d768034
f19042d4
dab52427
a415a9bd
b16370c7
f47d36e0
c41bd5ef
1ca2c0bb
0d119502
fb9da6af
e2aa3110
641cd34a
c2b55cb0
f5af87c7
72e9ace5
bfb46a38
042e56f1
63dcf2b6
bfec17a4
2a9fb349
00f01043
609b0843
117ad9d9
d0bbf943
e315f4b9
1060053f
f331e3a0
3725c272
8c8b3112
02f88116
78fdfe62
c8d8f822
bf63f686
b82d2832
66883619
9820dc08
c55bb890
084554a1
5edcab99
d10959c8
e40a6f5c
49b3f342
3cd5d686
39ab9572
703e8691
bc9896c3
8758080b
f16696cb
d97dd549
ac0abcd8
8d8e5c39
22fe972d
21b3c417
5ef9e2aa
0024d4d2
a2fcc7c2
2883b68c
8d6d1ca8
28b54da2
fe71c98c
7c88b14a
1c38bb8c
e8483253
334bf04b
37da7cfe
35a6e67f
57dc9c7d
4545b32a
5e2aec0b
78c2aade
a93ccb3e
a34d3555
ca8de207
89d95953
0ad11200
bcb0a852
95084040
ce40b2b5
44530141
3f550d04
9f2c086a
db639fa1
18865879
4650cddc
33cdbb98
4aebe5c9
80c18ff3
9cb37895
73c234e6
895cca9d
c5f6acc5
9aaf40ec
f9c18c7b
00cf5b1c
7eaf50c4
a22f8a9c
45dec76c
5004ff32
7bf4bd18
1b348290
f5e60b7e
f71083b5
ec47e398
50d14b0f
4729a761
ad7032f1
9e62c47d
92b4f015
71342971
9120f185
aed51b43
fbf1cf8d
8247c860
19309096
85120c67
7ce71fa6
101cf11e
cfc11b71
3685409e
e2a9d5e9
aec921e5
17a35f2c
ad397756
ef955078
4398e8d6
dbc7ab3c
d5f7a9a7
c95ff01d
305744f3
f46f5259
5480e55c
46e7f448
6b362f56
0f079f2e
0e089688
3d670517
d14b977a
3f6a5a13
b8aa5b2e
714f2309
70dc6108
75e93bb5
09433f5b
ea820f92
5a016bad
2cc1d4af
14ef7745
dae84e24
f456ec89
d5844dfe
06766bba
c0de81af
fbe51c6d
832c9342
d65309b5
d9df3660
217891b5
9a4cf086
021646f1
f34062bb
6449c6c7
5e21e6af
c3d673c8
98aec6d7
29d4b680
30289968
bf915083
eff3de08
22c95b56
16e336ea
3e133232
61b1f4b8
aff6b507
a621cff4
c99f471c
d2a5326b
faf1a45b
d3806f89
4cd15101
3220037c
7be1002a
0c76f90c
c92eeb72
6b182334
4adab5ba
3c508bda
4acdfcea
54ee292b
75618069
d922caf9
82e2a578
f46995e4
4679deb3
13aa30f1
ca7d6cbf
d1909ffc
2be89735
89c83aef
a954299a
d38b2823
8ac695b6
02ca5af6
b3918b05
9024e3ea
c4c9714e
07ca21c8
834b3ed7
4c811b8e
dd2ae141
2f44a720
2be61eb4
4bb310e8
94d7aa98
dfd50c39
b1d511c5
5079b493
1b0ddd11
d3a18228
81fad1a9
6fdffc50
c1cfcad8
16ec2e32
a83809f8
0e52c1f6
1443f305
495547ad
6f83c74f
1887b371
684b3142
1906b1d7
a54e4ac9
15792c3e
feaf4d1c
3efd441d
dc316536
b3f926db
7888e09b
a1b09cd4
8079ab49
ca2972d6
d99db4a1
063877f5
0adcf209
b82e2d00
f38261a3
34f0925e
33e64c35
a474db7d
ce2fb699
5c702f69
92476084
48d7a22c
faa29244
b99ffeda
ed2859a9
f387c8b7
f26ca86a
7299f095
00787dd3
9f9d0c5a
caba0255
c8a019b0
d39a6365
f30b4441
7e94c5f4
838e78d1
011323f6
1f7de8ce
8d24307e
e54dcfcc
f505988d
a11df47f
dc543ad8
17d1f7de
ca870bea
c0f4e5b5
777b307b
330f1d04
bd4381d2
8253e3a9
8d96749b
6dd0e5ba
d20cfb43
b3d777d6
4d2436ee
b5e2b3d8
5559eed5
8bf036e3
9137d671
bd7490ab
484f5945
924b4078
e31d0b69
94733f4b
5bee0fec
0b6a4edf
ad5ba2f4
6d09b9c1
9180ed8f
9568eb3e
7eda62d2
78424275
e88d2169
4beb2d6f
91d7a87a
533fca58
a51e5f7a
f7ab038f
d1f03a12
48250f07
32f67a74
f868b125
77024827
bdd03e3e
1cf725a4
b2b6e820
aa001afa
b8147fac
32c2d007
9da8f373
d58a52e8
0269e00f
f9e980a3
e2032e73
48e1a44c
c0c5e070
26752669
78af2eb6
89261e59
08d6bacd
6d874250
a2e743ea
da001bd8
47a7ca81
a82e0620
41f69370
fd1eed53
9fb1b651
9c9ca02a
8ff3e30a
a5acffd8
209ee21f
bd2688f5
1c4c21ae
378e80f3
ed78a40c
fb5770e4
a2b74eda
f91b1aed
6cb740cf
fbc28b11
a9cabe70
66c12aa8
233c1432
0a6d29a9
9109b840
e6107c75
8950c6a3
a1f9b0d4
5bde5f55
036e81cb
2212bbd5
75e22553
fa6c67ae
d447296d
c54ac10a
3dad8265
80d14cfd
a5200372
3d352e76
d76e866a
30cb9063
6f43d404
e543d339
3ae11024
cee398ce
61d4c151
70f604ea
44ae4317
27941517
16f63498
c8e0b148
54c27a5d
4702958e
c8065fb9
05769502
5e3ed721
f136a998
eb39698f
516dc78a
58ccf034
a8752359
a91943d7
2deec783
70aa630f
960f7811
6637b936
ae9610a4
cf693799
4725c548
585119ab
a43a6c7e
79fa7879
9e413f9d
7bf3c75b
7a6934ee
92566f38
a605bb5a
2dc0d8d4
6afdf817
c26c3d9c
4948f3eb
a6e4f1cb
7e60efca
0bc9276b
6e033260
b14d4827
1998c2f0
c5b83490
a891f465
70eddfa0
2452ab02
9e02a9f3
f2c7bc64
4eccb26f
a07e703c
aa9e161d
49f68673
7ffc4490
fe8c633f
0d934201
86d3a72c
739f849f
9cc4502f
ac255e32
e6fc7826
ce5c20ff
7f97ce5d
fd85b2b7
4f4e6bfb
fe9c7277
68b1e001
3909070f
02bfb1c0
0a4f260c
805b8ead
3a28c6fd
5f1225fe
e1ea0fd0
237c9720
cb025398
6579c27c
837d44e2
2d1ca774
b1f71f5a
4db683af
fcb354cd
a8539def
a26c8960
9218aa1c
f00a7301
8f71c2dd
2a38a2ad
d7bf747b
ab946697
08b1ac41
e2115aea
d53e4f69
e56bdc63
50be31cb
e51c1194
40edffac
b48e31f1
cc70a57e
db099582
a1e97772
cc0d0f6a
0dabb0b6
f1fe2245
417e75a0
8797e7f1
3e1633d2
416ea1c3
b58a0629
7e3a0f03
6971b9c2
03d92e50
bfd62fc5
a847babb
6ade1983
3112c903
573c0a82
9c7ea331
3105820d
22bc98a0
957d686a
0cd978f0
a4efaa35
c61866e8
931eac98
ed589de0
a0967405
f1880047
1957d904
161eb5d1
0f75c45b
f211d9b7
b79caecd
873e226d
05b06d02
752b71ac
4b4a17a0
cf68cb22
39641423
2a07fbf2
765a66e5
d6501a7b
f5fdac73
61f1e0cc
f70a6b03
f48751db
8b04ab94
61ae2143
126766f6
4642a1e7
8921cdc6
7fa81b39
15bfc36b
15df1e5a
85e1ca46
be19ce30
22dad765
9d281069
9a1fda8f
51e09755
23d92f69
c882f7f9
b2f4a6e9
d189f333
b1eecb6a
a5391ecb
d9f900e0
f855ac81
c5009fe7
242faa31
8b469fb3
4b2b016f
7c3bbb60
a23b5576
e7c33742
58faae64
8b417785
daf183df
2987b194
9518054a
9ffcebba
7aee6128
f0943a5b
ff1078ff
866bf6d5
af8c87af
37670d7c
77c32915
ec2e4657
4c0c836e
b190128a
6242677c
b8e645f4
68743a84
f0ff5fa3
e699ffc3
ffc7a830
9c11d827
d6713a6e
74373afd
b7dbdb8b
00fda8e9
96d3ffcc
96097dae
5da11477
127ae282
d97620ad
d58b3eb7
d5ff2c18
eff72540
0289f8ae
7a163642
d53c6ede
dd484a35
489b33bc
0416f6ae
0833c700
7970ea9e
85d1f559
4abf3d1c
05f6ea40
ae03ac98
cb26aabc
5702f2d8
06ea673a
5b775ee7
54a182e1
7adb09af
88533259
284c1025
7357f2a6
ae2f400e
b17b27b2
0aebd481
54ebacd5
cb5719bf
bce9998e
8cabb3c5
60825853
a66783d7
3365b6a0
4afd4716
f8939e79
ba96e224
84a4c75a
7bf765a1
e68b9952
866dbdc3
b1900cd8
7966d662
a45e5e40
0ff8a3c5
0f041bbd
97cbc245
e7e9fd58
42880f6b
a03f7537
2fd85c9c
9dfc7f06
c176da34
ea3584b3
cef2c4d9
1f355964
60d4e139
2e073844
66436f64
4682c428
f7bd16b3
1655231f
d81efcf9
4af19e41
fdac7361
99139424
256aab3f
0335f37a
8603f80c
d25a8e37
ff005afa
9c6c15be
1cae044e
61afd94e
7c43d0b9
ea1fdc1e
5b3469bf
071c798d
4c586b51
578bf868
dc3a3627
823b371a
6c09fbee
269f5921
8ae0b9be
ff118316
d589d362
bf29bdbb
aee726b6
cedd33af
42616df5
03e6e483
26fff60a
c6c322c5
2934d78d
57d731e2
fdb1c99f
c441afa6
4125c15c
3aa0bb0a
ee512c04
e57baa71
7994c76d
fed39728
9f347849
07e305da
79c88348
f0726aa8
ee94e528
41245f99
62194512
8fe7e4c4
ac01bae1
2657ce04
6cc02115
2ff47a65
50f2676b
09e405ba
fe9252fa
126b3ee0
0366a6f5
fc3293b1
96a53df2
a8bc8af6
a62f158a
ee359dff
3937f1c0
73dc0711
d4d9e7d8
24b3c7a5
acea899e
1924e879
d61116ec
b1a6ae93
d62ae33e
25217cba
c2f597fb
e8e0c1d4
6e56f6a0
84782d2e
11ed905d
78e70d37
3ee44087
19d96be2
7a1e5d1f
c69b5258
eaf9afc4
4d6778d3
2c4d7190
d856d4ae
33c0df06
b75d8251
c2655b62
b9610b56
d4ef29ad
da9b7368
b354559a
27e79c5b
bd9e9512
28397f62
350068d7
2283fc62
2f66a508
f0e76428
2a9022bb
6fd556e0
cbc47f6c
2a7d575a
06b5611f
3411046e
1ed739cb
0eb04d7f
054b99dc
f8dd8235
144d9f26
bf748a70
6caea7e1
628daad9
9c645505
1c2e15ea
0e087904
9ae24903
7c0ee2e4
796938e5
fbdfcfb4
0b4e1597
499c37ea
ebf698ae
d92bc18c
28f6d41b
3bc13ce8
733ab027
aa0540e0
39edae4f
3edf0b9d
6e8016fa
765227d9
145c24a4
8507f1ac
9790c18b
26bb683d
15ce347e
74f6d992
32a1d522
ca0d7b28
22b99704
814e9d51
33870791
41869183
076782a2
cc1734da
5b5d4679
13150b70
15d64baa
dc0e4dca
10b1a1ac
74427218
1244b6af
1082f07a
120c335c
6a3ac0d1
ce8afb9a
e3106639
cbe0b4f5
39d2eb6c
69597151
0cf18ac1
cac97191
e58b69cf
bec8090a
f2ba21a6
5136cf4f
bd2c903c
9451e6f8
84d34330
71440794
a565a7ab
cc0ad266
5017d524
414903f9
7ed1d575
2ead876f
3415e47b
7bba060a
cdf4ba15
219acd12
7e466ebd
37b0b045
18eafc22
c05a3c86
4b76779a
1c7f30c8
314eaa9a
a403df5a
4e6d106a
6c4f37a2
483a7029
c5fc73d4
df716e5d
4d3bfbc0
09a01342
11c73654
64b7e8a0
c5b19791
ba30234a
900aa458
3b2561f1
45794983
09d73297
f7c8bf05
a214b5c3
b16169fa
efab5c25
e3bd42a6
0a951081
e7ce1f4c
a34351c6
5897d362
da9dc9ef
30aea8ee
4475018c
e2015367
c8f4ab63
ff1f7613
245cbc26
6e06bb48
8e863771
29602911
9b226125
c300744d
f16accc2
6284ccd4
549d59df
f061c2fd
6191f30a
ee59a704
2cd974a4
a51e5d68
3b233752
a2e6f1b2
c30a6a7c
29d10828
c47add21
c387d181
c9e900e6
b639f960
7f14d223
f90017f8
031d1e40
3765661b
ff36137a
d9e089a2
5d08fa20
06e8d766
0905d9bb
a7162741
6ed66acd
0e6af983
16082e34
0626f46d
8a694f88
c4bc36c9
f44549d7
69850143
860a619c
5bffe973
72d3a1c3
454c91cc
b35494db
8306bfd8
278c35a2
432ac710
c7c877ef
6d6f29a9
8c241843
c4f134e4
ee53d0ad
e6354ce6
e85933c9
9bee5c08
e767bb75
fc59fb70
3795a8fe
ffe9287b
4d713a77
d3e9b86d
c7f8c23b
097e4a75
0759efc4
d346bc61
da20c14a
31714074
292272a1
4c131686
888d4e55
40387952
3c1b8e07
dc730e7b
e729ced0
b2845b2f
02693ac0
65a78d30
99c70f08
68d84d0f
4aacb65a
1e15ab9b
87b2e6b3
88148502
7697ec3d
2cda9c79
a04b38b6
2d61c610
31b994db
d49f9c03
82e372b5
a304d44f
8e45d24f
ea69d25f
0fecf14f
060866b6
aef56f56
e47c6a0c
fcc682ae
c13914ab
95efa193
3a068ca6
808008a4
52f92e59
aa4437b0
a12fd83f
600d3c09
20ba3267
08068bcb
ce153e3f
9aa4f3ee
a29ff7e1
651dcc57
abbb40bd
062a4d49
c7fb36b6
deb5a20e
95db2043
19311d0c
25a05b61
0a0908a8
5918fb04
e4b61eb3
4329419e
b78b7f44
d257c136
d3c98e26
e3c1cc9f
05f2cca7
50833a87
05a311d1
642a40ba
828d42a5
dae8f17c
077f2752
d95ab538
0a164ae1
c5fd9912
c949def5
73c8875f
3bab8581
832f2c29
43788a55
fe85d2c7
ee04bef2
129aa0d0
c743bb59
84beb99d
75a61505
19742d8d
94af72b9
787c846d
b3f03c83
33c19ebf
8c265cf8
a5aa4517
79107ed9
97d45de4
81b99662
835cbc6b
0aaba269
08fa1a2d
43708b2c
968fa8cb
38efeebc
fe803099
3ad94687
c25929f2
19dddd84
1e696933
a4f3a9a3
83d658d4
ec67938f
74894281
ab18aceb
2a2b7d3b
13d1511f
0de735c3
3af1a4c7
b9c18762
c2e97e9b
e312e7b1
ed794de6
1de9ce43
4d038a5e
1d97b52c
02c3f564
fb47e3d4
2157de16
23831aef
b2f8a864
fca16b94
997cf452
2ac628a3
71da97cd
8971a371
a61448cf
23f2ad62
2d68a941
b2ee4aaf
ed9490a6
e95532f1
afcd72c8
e856b578
c4e2fa63
07b8739b
3fc46948
822ece3c
4f9059f5
eddbd33d
1d6cae34
7b496f34
a025b774
83510ff8
6b70b64c
30581bdd
82a8dcbd
4bbb61f2
b4978f7a
04bad992
f629fc89
6f6960ca
65f84aa6
78ac58b3
979a4c44
e674fafc
baeb37f4
0fbd05fc
e89b8940
4d90dca1
cdd9f09b
adfa976d
c6db4dd1
9b4ac145
bdbd5bf3
fe37c713
3e1e6519
543c856b
7e38fbd9
e9905291
fc835728
8faf93e5
273f7052
cf277392
d14906a5
a74a6f32
280756b3
647ce549
9bcf0f41
06b27b16
8610054e
6de316c0
584c7e34
8ec69d62
f874f7b0
063e1977
0a6c3964
39cac48a
a70c7829
8bf0a425
b8eee26c
0f442511
cd4fe9a3
cb1611c6
971c7700
f07caa90
601e7ad8
eb8e149a
10f0a062
4aa85e9f
1866e97e
afa4da41
1361a20a
0bef9501
4f8242ed
b38f9aab
83b6ae8a
5691c158
9a255f41
37792323
9d886735
d5785f9c
ca8a9389
a9980e11
d5a70dfa
1c105401
29679c20
641d8aa5
25be53bf
782d8b3c
ec5c1188
0a2aab28
ad3e4155
0ccbbd76
3b34dc1c
9d33e572
b4981bc6
5fc319c2
bf1761b5
87d68bde
fde83578
f7bd037d
8ec44a7b
05120bc6
a720f206
beec07ec
15007967
510f5b59
073c0aeb
426828ef
c97dfa83
31ce0fcc
0320571d
eae50489
4e220274
be7312a4
d84ea211
033fbc24
14b18063
1cdab338
d221df2e
25d7dd22
98839191
a2f5c262
cf3ec562
2bfd8f73
afaa86da
6c1ac1dd
a699b69c
01544b7b
810a7b72
f4be9fff
4737e34e
43271d7c
3bac877d
456ec66a
cdb2bd25
d225f3dc
88543c13
6e53e066
d49367ce
621386a3
6cc03989
85187f96
63e67d9f
713537ca
ad5c5112
1329a5a2
0f6b70ba
45015a60
c217b196
9de4e1a9
048e8e6a
5b822fb7
012afd83
fd700954
f40d3b5b
c10e8864
29698e02
fa21914b
5e5dc004
413a8a2d
fdd44763
8fb84b56
96a9fbce
f400b3cc
2363d400
747064c6
3efb42d1
0e035fb4
f98b956f
3ff13e9b
b6a55c4b
a622d018
ccdc837b
b54a7552
2d637f56
fdba03f0
4ef1d335
d3a02959
2cf0b5ca
fdab9ecb
3a72af18
3b360a4d
b53c5454
72bc3c61
c75b1bbb
495c9e5e
57102d07
996d9be7
cb5a8f60
b9a1c728
a42af909
82ca4e49
acea554a
bb663a0a
20ed4e76
897d5f90
c1820621
be2e85a4
86388a75
2e75e2ba
9eef3e44
d8c17daf
8ab25d1d
99ff18a7
d6b9ef6e
cb0a3e6d
6c297775
7b393caa
d3b1a013
469d7703
79b0eee3
4338809c
c2a9678c
4f1542d4
7e97cfec
9be76e59
50036e7f
1ca4c784
1e096aed
1478d39e
91897628
56ef7913
6de0d236
e39b5a19
ddc0840f
fe9f8b35
033ace88
f497666d
1de1dc99
66d0428d
2ce55218
94633725
5b386661
87175c16
edcda6c7
cab1167d
cb5d9473
63dda1a5
3bb8cb2b
91f3f3c9
b66b57e8
c17336da
3783e114
2ef21fa5
372c09b0
000c34da
af786962
7c68a90e
327ed190
c2fef657
cad535da
a003f865
24a6bef9
09452fb8
d6c81b81
14368e08
6c7f33c1
0677bdbd
5d16f9ce
2ebf401d
9e81206d
0a5bd1fe
7b91180e
f39fd820
e636ef19
57abb9f4
e68ca69b
53694bdd
1a21994e
05a13924
2a133d9a
5c45ef59
d40d2b97
7179cb8e
ba3c71f0
eb794aa9
72ede426
bde7ea6b
67930525
2bb2a14d
14e33af0
a7a831bc
a20bcf41
7b60bd5f
dce91c4b
1dc7bc3d
4296ca3d
db35ee0e
27f7c661
a8553a70
e218fa42
28e32c93
e06e5ab4
915e6a66
2eacc703
0122558f
ebe42103
b46cd24a
1bb37bd1
dde96495
a733ab30
31f19b41
f175e689
dc7542d4
97e49698
2304c633
87364362
a5abe280
f72efe4e
2418cfdd
a4b516d6
78206b8d
4817c1a2
ccae3698
55993f3b
61122528
e148d407
14a1d73a
8d2efcbd
64aa5a5a
cae89e9c
b0f0a10b
98fcafca
aa205e83
aa88ed40
3808f9d0
7dcd71c7
3984dcee
06894e47
f933a33d
3cd4b161
235bfbea
257db8a2
8216ec51
abdfc461
a5120617
5bd761c2
9e28e80e
8222e2a5
4d0a1b85
655f8c47
9d055d4b
a6ba0110
fdf8bbfc
6a8b5715
09f5c861
0611f5b3
fde2e30c
7b52c996
4ff6e8a7
008237b3
e27a5bbd
2bbcfbef
d1e2bb69
b19b4bf7
494b7d97
41cd9a21
f817d994
2e469383
a71c60a3
9de998ec
715d37c1
32a39889
58b67177
f760690c
7603b325
6822a727
f7c1a610
fab74dc5
1815752a
eb12dcca
5cfc2ad3
a1ecf0ec
ca0fe4b4
3fc772c5
560c9667
20b8f6da
942f6e47
8f6a918d
1d45bc69
b7e62820
a824bf61
fc61fe02
1397b3ff
c9540337
f7e06585
ee5d0781
76eae33c
8f56c964
261a1a74
33ff0206
ea410f47
1af6ff0a
79fbbf44
4285c808
681a806a
cef17970
41f3461a
6598b264
f527502e
02d6a940
7c91bf67
7c6bd19b
a28f6329
45c7ba5f
59066618
2916e2d8
d8fc993a
510053d8
ea657561
56202847
1976f092
bdb419da
bf006f88
e00273ad
db5f3af5
2c06f4ad
0ecefaea
5f7e88b0
dab5fc2e
a2e2d9e3
fd271b96
f73aad78
f6ffa669
ab7c4c3a
ece3d1cc
46fb14d5
146afc63
914b78ea
5027f99d
073635c7
7f29c025
8b3ba20a
2ba96baf
1482fc29
7939c795
6dfddda8
684f2373
20bec607
7b40d598
4f670065
b4d7c413
9276b92d
7c8e13fd
5fc31de0
a0c907a4
7d458887
30388afa
196a0732
175480cb
680dc92e
e2473d64
a7594231
a80e1fe5
917a7729
33396e6a
1994186a
14fc94ef
537add80
dcabd942
6143eb91
74d74ef7
5e737693
a7089f27
4c69215b
2379a243
65eb2cf6
8b941ded
19c9a2d2
25124d97
2708e66d
c6f27ea1
6638aa2d
d376e9e3
5326340d
d41b5250
cae40aba
e386c103
4db49257
842f1d47
85658676
5a43b660
0809b57a
92bcc66c
4e44f9df
e09f85c1
2540074c
663464e4
0a01eb5b
b136232d
c5383624
1db78f7d
9fa91b5d
043478f2
8bb5f8fb
057eab19
acac6b18
01737c1a
a20baff4
86702324
2191fdae
46eac424
a6229009
0513bf6d
9c1871a1
ac1fe005
a3b9f88e
ac12db06
53572ab1
871517bb
33d7cd4c
04347633
854bbf09
825f0f58
cf5c8352
a731d9cf
9f2316b0
865c46f2
dbe09305
91e71b58
53d9031c
d349694e
8e093f6e
e3b5f59d
cd013d9e
dbf855f3
90787ac2
fd3c0e76
85cbe4fb
2ea0d5e4
256dbf7b
a72330c7
84791e46
90fec2f0
84bd0e16
23d5e917
ed29c9d6
93ce9712
ff907bdf
d8c091a2
46c2ab03
a3300f3d
a211481c
156aaca8
fb844cdc
0a367f6a
beaca84c
cb5692b6
ba3f4d85
7c0faa56
9d41393e
eb8d2dbc
aee8019a
31a7dd39
82cc009c
8f69ff33
7de5d540
4646ad68
84e64e6b
b8c5b61c
32d66a74
07543aae
8922efe2
e7fe432f
a7822562
442df2ab
65e65132
a43369f7
1ac9c5ff
b68eca18
3155a053
72681f01
c8456de9
18dc112f
5da936ff
69f4cb7f
486de96c
46c57d67
0c030420
da468a2a
6258d0ff
e684aacc
a72f89ba
a1907e5f
c45a485c
fb0f206d
d452e61a
af69f748
16134ea2
7a2ef316
e560a77d
0029ad9e
7e685d83
e2731595
b7dc370f
447ce766
2c57a2df
988e2329
9da6dab1
e51a367d
bd71f5d3
d9e57124
3711ced3
e0a2c23c
5805800e
1980710b
ebb42a51
24034fc2
f50fcd0a
8a2232b3
41e73dcf
0914a533
1fe8791c
098bda5d
4a9a5c11
c631ed5c
11decbf3
283ed980
412d6e98
15669759
686379eb
e040d943
d25e7cac
cf09fa4d
b8ab6757
d605e3f6
2b1cd78e
af6bcb35
f8f233ec
e2ca4692
e2f14118
1390e106
11d1d85a
8a93c0cb
8cd14737
330cedf9
5306a6b4
96f6282d
3ed300ed
e77ca009
d1e904e1
9757e9de
47e6dc64
3bc3ec83
e79ac662
8734fdb2
886207bf
acaff453
1d636257
d08b1317
63be158a
4b44150e
92b7ccc8
d1126403
4929b7e2
aea154b1
176e3536
8f92d13d
fd26976d
bd1a96fe
b671c419
7f4309c4
4138c86f
74cdc129
7219ea26
da54863f
9188638b
2036a360
1c3b245e
c8f7c036
9fb31936
af5b5868
f68e66fe
212c0809
7381e50a
6a048d95
630af0f1
e2d4a676
65517676
88337833
940ef8b3
573fcded
5ed5919f
72670ac0
99bfae6f
ab10e47a
2e5371f7
f59adabd
d62c7834
f01c9f87
42ae89eb
80e80bae
b36eb34a
975674e3
fc5e9a9b
dfcf3e5a
d3ef1897
5392fdcc
2709c814
faa22644
dffd276d
cbee8c19
6112abca
b0afd5c4
05f6864b
c1453131
8dd03e57
dbaa0787
56251c4d
e124c1ae
0bd58b8f
284e9e84
c06b059c
d3e13ca0
0a2d1c5f
05e6251e
69ac1d6d
042d7350
0d6f7b6c
df9e306b
d3dae884
f2cc6d21
6ba9d54c
2c2d0111
5a6c742e
579db60d
bf124799
a0dcb7b0
019217dc
bc0f065b
cfa2d9ad
5c229533
5471ec02
fbe9a6ae
e6e89dec
f5d6fecf
7eee7269
e06f0722
eb39d5c3
2abdffe8
05579420
8d18bd80
f0e53855
fe8e779c
22fb6533
f4816522
da72e21a
215a9388
2cdd6a0c
2e2f58b5
e088360d
ef492f9d
1279cf11
9a601480
8558ea0f
040b0068
bee0235e
a19fc31d
c7b0ba8f
9b087014
4d3ba458
55657664
3e9acb1f
f711d8f8
7e420e1f
7afd500a
ec90668c
1bc76a1e
f35e4f11
c8b71bf9
9d39504f
17814d58
3a8ccfba
e33a52bf
1dec04b7
9065b13c
a9802178
c7d38efe
82b973c9
872d2635
0f819a87
63f65977
e3f938ef
ce5dbbcd
9ce3c763
6272bafc
acf439de
6e45d927
fa86d216
a8d2ceef
c4b817ef
b4b01fe7
e50fd0a9
33c1bb2a
9cb2dfd7
bad194b8
fd3c8d0d
b8ebe339
ea1678c4
ee26c9e2
6331463a
11caf8d4
bad4f6c6
8d61bf80
8168a661
350fa030
8602158f
f9b28ed2
9331b1a6
9c5058b9
32f559da
bdac1541
95eee046
458a5f6e
3cdd1a27
fbfc707e
3abee9e7
1a955524
74b2de53
3ba64a1d
4deda5e3
ec05502d
19b1c681
81469c33
6bc31b67
80148f2d
35b51e48
f834268b
a5876289
723f7294
59a3e5a7
d94b1162
1bd1a13d
a97d98c6
af8ff658
a42668de
9a696033
db6ec692
5aaf9678
0ba2bd8d
55873674
8e6d7ba4
2a1ec266
bf8e19e9
a141e5f6
67fd9fdd
b6cca8a0
7aae6679
93b03e5b
d5e9f92f
68ecea52
568b7d45
0f0a4161
52c2910c
d4794962
c73d56e8
7099aa39
1653b377
21b6b43e
5bfc2a45
14acd9da
2ee8f725
1e1d6814
7de826b4
11744f81
fe6657ad
8bacdd1a
3879b19f
d9f262d3
8d79c09e
b8f3fa15
77ebd233
0e8a1088
77285b35
3f6e9bb9
a72ffb10
4ee8b145
a99eb498
b1463f61
c14fe1d0
6eb1f5ec
15f0aad9
d263df7f
6a01fdd4
1038e11a
cf3c3801
a61469db
fcde4a40
8fef1480
51fab75b
9b54786a
d2697723
beb70a15
7ddae88e
b0bbcca2
794846e1
687f736f
439d4545
7fa3c0aa
e267b5e9
e2900637
b8c025a4
852df867
44ad2293
e434914d
5bd9a4b3
66b56563
2f8ccb8d
329906eb
52023c6d
05439a7f
b6be3110
56719f0f
59a3b26c
b97060b3
cbe2d7ea
3426a29b
873def31
562fa1f8
36167eb2
223c0d4a
c4546f9b
100cdc77
7da0bada
6d91ba52
49dc69cc
4d2632c2
408f3a8e
e0cac172
1d40c945
a4a73a24
a0c3bbeb
20180772
d2311aa4
e17b57f9
f8ecda47
8d5fd51f
eb5935a5
e79e4537
4fc17ace
d60cc31b
049665cb
ed973a07
b7d059a5
2d714c88
71e3a44d
34677a36
00acdc2a
9ce45911
a964bf88
3a5bea9b
2baa230b
4a2ce08c
8d7ff740
5172ac3a
59601a98
fee48a24
8a2061d2
0d218113
1c9b34ef
ae1759de
7adbaef5
649c7634
12d7e5e6
2cf9b97a
22ce196e
743828b1
9912f779
8ee87a58
10f6f64d
21c2e35a
3bcfe759
67420efe
2ebfb824
cff1649e
0179f72b
a5294d0b
0370e4fe
93a020bc
c58e1203
5145226e
17a2a615
4acdad39
8c725e95
8b38bea4
a7e601a0
3175faf7
629a2fbc
53d3f9f4
33cf29d3
1ff66849
c0780f38
dad58405
87d56d23
2b067770
4e234f81
e6e1f827
f4c5eec1
327987de
af1dc842
34450ba2
b5ae6f83
13382e5f
b84bd175
b765ca4c
1035e1e2
3747c22e
8ccbda41
90bf6fa5
b295620e
b6a75549
06a60a95
c76b4204
6e791e3e
883263ab
ca4f23ad
0d8017a1
66bc1518
5e73cc39
58e6b206
4f6134a6
90e70eb8
d5a7bbb2
8d4f74fb
20ebb743
2cd4b49d
0e42fdff
9b3e4d3a
ac02e475
8dae9722
a5175970
fcfa0c08
ce4eb819
f68bf96f
a1b3757c
357dcca3
3af4b9c2
c90c1f6f
864859e6
3639dbdf
ee244b87
9ee991be
f89b704b
0925fb8f
1d8b9ee9
12efe317
44d299f1
e343f7b8
37ba2251
8d9748e8
c01f0c1c
d7dda848
11453718
be475941
6ad44276
48a34194
13b1cfa1
5e27b245
7cbb75ff
22c5806c
c3cbbe3c
237e9c86
6504270d
7de7ac03
e41e4824
f5413565
d2f5b6d4
1fd7ae75
5f31d855
66567a27
4ff785cd
907b3f98
a40dbaf9
2138a423
3bb1274c
4e889ba4
34372a71
8e884faa
040aad22
260216fd
a07166b8
8e5e39fc
d323f445
4c08c8c2
88f7d68b
0298b5ef
7e96c958
eba81ce0
8319dee8
bb9d498a
334cf1f7
6eb8be23
05f14013
a5f836f9
00f3f7bc
abdec074
46bed9a0
3d1e0b51
9113702f
c601b146
c896f9de
d4a4e7f7
22cb1ffc
07564ad9
29590b14
0f1d1067
9a9dc72b
5ab80666
70f880c8
74285975
014372d2
f2a89636
209b71fc
874c10be
1ccf1a4a
8a6ab554
c03c2337
9020e0a7
09ea8865
28fa1aaa
871b1b4a
75b98a9a
222dffa8
4437066a
2ab73252
c09a9f91
a01badfa
ac31020a
15c038b2
04261303
993663d1
19cf3bac
738287b1
73dfce0d
1659fcd1
2408b32d
cf3b236c
89b390a3
5cc5580d
82ce3f22
ddb9f131
2b40113d
616ec9a2
41c343ff
1aaa5c66
1b63f8f5
41efb270
b7004987
ef374cf5
87908194
6115a217
b1390592
07dfaad9
f35d91a7
63cfe466
3b525b07
e7c635ed
c8c18d46
675f930d
634c8a2c
183ffc88
4d86f127
c379141e
f4243d41
bcbd50eb
57a71419
231c2736
e98986e1
d7292917
738a89a6
dc8cd01d
422cebf9
f602de9e
417fe905
4586e321
83341e21
37a76d5f
a2e0b920
bf2f19e3
d8a5e71a
24fb0082
3a61b2d8
7c8c232f
42bb42e9
4f7fa016
664a8096
2f0864a8
564cdd7d
0e7b64b2
9ecbac31
e30109fa
c03843bf
a9e45f22
848e000f
3134e2b5
9e2423e4
258305b1
9f72eeeb
fa17c0d1
3439231f
7c6154cb
08630edb
bce46a32
80ced5ea
ea5d9e1a
8e6aaf4c
4038f360
5773dd79
5b4f242c
a9e6c0a6
1271f064
03d51303
7556909c
47dac301
29d6029e
5e75220d
81d486bc
453e0215
222e494a
96c62ce3
c0be1631
a21b0ce3
3772b3c7
b989c982
1db1ef61
2860852d
335a6f18
d989b263
8748ec18
39573ca3
36a99690
157ac71e
af5f9b39
c722be67
00002685
c87a9965
6cd0fc5f
25104d1a
6529e7a5
fea324a5
a43aa2c6
d3ddf5ec
41343cd1
5d5d2f94
b95a05ca
e4db5fac
1d757212
e6f37d4f
c1589f06
16e9782d
500282fc
7a4ad722
e071aaae
02a71d4f
7047c246
4dcec202
a6256ce2
21246ae5
3ed4b31f
f4201b13
5c370805
1513d256
fe02e4cb
9fbb5f89
6d723b85
4f5fd237
3e210385
11622bb1
437e12c3
cd315302
c166a1ea
266af62f
28bf61e5
cc2d3145
9597325b
e339936a
7f8910d7
f687b6ee
09fb916b
286852e0
c9c6b55b
97de6b88
717003b0
fb02d9b6
da18f234
1a946dbf
cca374b8
dc377f40
7d9633a9
368eb1cc
b1b8598f
398dcd24
5377e6c9
4e44c2bf
18f0cdb7
a4395eb1
e04f1837
b6dfc798
4128ceab
fac8a574
75aef444
511b99df
a9b36b8a
efcd6f03
5194767f
8281b708
2d4c99f5
2b8553d0
5ca0672b
b236f002
dd995237
3aa18bf6
728e2f5b
1609a630
031c0fe6
c0368c61
d0a7b9d7
4edfb2e3
5452138e
e6b1e4d1
f63e6c6c
edbf0281
194623c7
1cab9c3e
b0e57a3d
e6d99be1
03ff08ee
90cebfc9
ed8d6be9
adb8f03f
2abd73d4
b718c95c
6503eced
f8028e67
ee569332
1f539d04
207c5ba1
23be050e
bbbde4c4
1886bbcd
db291ec4
275985aa
22eb6f95
fe765bb3
c59ab1ab
8915eac2
eb08aea0
8bd78e95
e07bd272
905ca400
9e2c7661
0643678b
a38c7080
a0e0b607
5337c947
1df234cf
015bc372
717b6d77
f96fe365
f9158082
f0e78919
c60fd45b
65500247
d190a448
b77eabd8
9049c4c1
75f5efde
36acef0b
6955c523
6cf53e90
40fc3ac9
e41c6254
556edc85
008ed112
1d20d0aa
828b79df
48150cb4
1737dac1
b5c2a53b
6f4ebf8d
486ff7e8
750aa0f4
b5187975
4cf665bf
6ece981c
d6f1a6ea
22fec889
3820162a
05bb64ec
b92f3abe
05cd63b6
e854d92d
4281a262
82883f98
dc616af3
33d51848
6844357f
7fefe3cd
5798e453
ec46dc71
dbbd2470
7d72818e
5c90786d
8ef62f1e
68a5a873
bb67d007
3fba88e7
cfcb6160
5fd1c49c
9da33657
717e2462
c907ae3d
e1e51a60
e04f8ea6
7324e357
2ac470bd
4e491e2e
708138ff
a25c00c8
9c9d944d
16f49804
4ea37e61
67b9c223
fa0ddafd
8f933ab3
0af2911b
fc0afe56
973ee814
66479b9f
e5776325
26b7d7ec
a612b9fc
741e82a8
88069dda
5db33a3d
74c48008
862b7135
b5a1d501
4a647ab3
232f318b
f9a88d17
6c1d0a88
07985235
b5c79c7c
269703f4
23ef8287
c722d8b2
563926ec
77d79e18
ccbe844b
a1b96203
1da3836b
b1132993
25d38d72
bb207889
3670cf44
8d7a433a
aa799e9e
01c7bb0b
5ef97d2c
60a882de
0c8086a9
658fa389
9c035946
dc21e65e
9e555186
64f3fa4b
929a3b3c
551c2046
c5511163
7b3c728d
cbbf7f93
15c3843b
9153f99d
fc77c713
d943f88d
e78f9de8
b876afe8
df16d9ff
ccf754fe
ef54f214
f3c19ce1
6061108f
bec4d5c1
5f5b85ce
ee0b5d9f
25767f0c
7f88806f
7980a772
35bf3301
7cdafe4e
c5153958
a2e13b77
72af219d
3ff09f55
397d6873
f25c1466
2f242e52
fc544378
30b9ab2f
71c79974
3ce9e90d
9a279feb
9c0be428
780d4b48
2f3bf0cf
a352ff67
8ff29c84
9fa1bd61
11769362
d2049d9f
5d70a697
ea0ab9fd
82e8c08f
606d18fd
78b8bdc5
1dbe6604
12a59d8c
96832d85
ff8f8805
a3be807f
5095f782
fb044408
60d04b5f
81917828
e02ddd98
7892f44d
019fa468
7ee51c17
70018895
e36d4660
12e43813
319739cd
7b3840d7
156f816e
32d5be73
d842b0d5
83f25fe3
c565d50b
aa387380
fe7ecd4f
9501639e
5aed70cb
2d273dcb
1bb4e184
01d801a8
1ecc4f0e
666c33f3
c8b14dc5
926a0914
c4476b0d
cc372415
5af0d2a7
3615b6ec
8b4583d6
388fb44c
5e16929c
b4c3706a
921c3d3e
826c05a9
f982bee2
1bd1b3ec
dc2085c3
6e035bac
9b3cac6a
356040b8
9ed90af4
c984873c
2dcd7724
8fbea6d1
4bdd1fd3
df998b14
d940af92
43dddc95
0ef837dc
ded47fac
8de78dd8
386c7a94
6bec1b38
f15814c3
496cd430
d6d5a683
5ab4a1b1
6a30aa6d
ca8ab2b4
8c9c71d3
4085d7b0
e61be97c
7cbe736f
575bd13c
69852f90
3718a1d7
54dac5c7
57bbb283
eef1bfa4
0b073627
9ac01fbb
7171ac60
e65d4ba4
36f6e06a
a7613e89
708149fb
550984a0
04462b39
03fbdcfe
1df56e4e
c9273d3a
6ad256da
961f0c14
d68fe7ad
753977d9
2bb967fb
1b926bfd
e8bba3f7
eda67e2f
3535e59c
2c425f0a
4722b5b4
9679b73b
142a3fea
1f1afd95
bfac21ed
a6cf9ba6
b41b377c
692dc9d6
59762ee3
25cc9b0f
e1ed983c
6fd17668
9ad9516a
8bfeee48
ae65c89a
7e4e45b6
1c35623a
7d28a8b1
4e5e5a3a
001766fe
95b68b5b
b5312dba
b6faceae
ba322851
c89e74af
ed59f71a
9cbc2386
d257496a
5c279006
6c23299c
a2000b44
4c4137b3
ef51281f
368779ff
85668636
32ae0416
b739ac39
e9b2fb5c
1a3a1dd7
1551efee
105e183a
5675862f
2a6373ae
56695c6e
7a0931dd
2da184e2
e8e9106e
5d6b864b
0d5f3881
20f5e843
e8297c07
60aaf527
0a0eb156
930f9f06
d6eca667
da749ebb
c5109425
1a72c539
5532e9a9
dc245f01
590a167f
877d32b7
bb154670
1315e726
2bddab1a
fd0805c7
8a3089d9
f18c7e8e
c5136e3d
63829b5a
6066efa2
ac825b23
11a7a1da
7e2fd447
b6f0279a
bfe50242
bff66252
49d90e7a
89ef1431
f9fbef77
c34acf18
ebb933a1
7453dbed
6095dbf2
927501d2
8761762a
25aafe03
e903d226
aa975481
2d9d4040
cfb419a8
80de8672
2b5b05cf
7589a246
b4ec5450
657e78fc
e8b29075
ed77a403
c15a976b
c97a1199
903e911b
3b1c8339
d42ff30a
67749dd5
d17cb7b8
297e1a9a
8c7c7c05
6914acc9
cc784181
e564195b
d08b525e
ec1e21ca
e5cd9fc0
a9b3095b
220b67d8
fcacf9f1
a25947c4
9dc9339f
6c6d9525
acc5a012
fde98834
26e0c423
86315a59
4bc514ab
cef21cfa
a201b915
4f7657f6
f7e7e0ef
9dfb22c8
e8d53725
a2c97aae
483efd33
a1cc61e1
6429e4e5
e0062eb0
2607efab
fad338cc
0b36a5d5
f74ccd93
ad7ec1d4
c3074851
241dd9d9
5af700ed
e92d7b1e
21b2eb47
ba651335
6df02d3f
c6206240
2c25d64a
1fcfcb98
a098f7c2
6b58c06d
c349f02d
b6b99c43
f66a5c1e
0bb1130e
f3906745
a76a4673
79c6c8c9
f1c2d390
1b641693
4808cd91
a5cccb1b
e8f095a0
5e24d6ee
2ea82738
69f65123
b95229dc
a48adf8e
8b240ff9
d0a3c45f
dd2b7692
45846007
44ec6ddf
75a593aa
76cee013
fb598948
5f0d34b1
e5248e7c
3e371ad3
44d5f831
ec372ffa
dd38fae8
e73cdbc3
6a0e695f
f1aa23f5
f83f6886
f5c6f492
d674855b
1b0200ed
368d9213
f7393578
fda399a3
95be7fe7
5f12bfe6
45c62203
382630c3
481b233b
9c4974c5
4f05595b
5f5f2519
20fd6f6c
0a8e3c8b
559f658a
c9da1b47
b54b6958
1e26e7ae
b86a02d1
5149b6d7
f964a0f7
39509995
0a6a6020
f32f84a0
e25435df
0cbb8b2a
06df1ff6
98683ae9
18f74d3e
9ded0548
d73ee647
afa83c1d
cf70deb5
fa015c0e
ca95b9d7
d3ce510f
7184d0ee
62b9289b
a91c3d28
790545e5
1ae4f639
38657261
47841b53
e1b41fa9
4a27fcb4
50e95619
952f10c5
4a6b4452
65e90f23
da535ed2
d095a30b
29b23882
68719ae6
b93e7a01
279970e7
a26e8cf4
e5379884
d71ca2c6
e27ad8dc
6f39f1bf
8635c0bf
c048d049
9e74788e
1487d6d0
a77198b3
3c5c6a3a
415e6b87
0a54a50f
300b57b3
81ca285c
b16af686
7b33ce79
6686a76c
7f5f315a
35ecb3d5
89862157
249d8e89
53229a80
f29b6536
3e38fa0e
4d74e8b3
21375b36
177ec4f5
547bc2b0
994940cb
95e05d05
2f580b3c
e46fb531
312db636
00a7908f
4c5fff21
dc0987e5
9174f642
93fd1f21
6a5cd98b
1a36ff0c
8685e9d4
322b1732
2f742027
f61b0e2a
14a66421
808a9b77
b442bc42
2c74ef22
474c94d7
3b63db74
d3d93826
f65181b3
f5a15278
f6ee1a80
afb11fbc
fa93dc1b
7b1372d6
81e16995
47f9b8fe
d734d59b
e4e6c2df
dba09989
4716ab25
af309462
a70d1def
f56b1d62
9e5cf53d
f7516d39
be7c50ed
82316008
5a44708f
da8e1518
ec513665
ee6dccca
08fd9f36
96daa388
7c6b201b
d1f4d144
f8d0ec9d
1d356a02
57cbf4bb
5ca7c563
176e1118
9007718f
0c120024
6c77de9e
8ad7d33e
3e72d103
3cfdab62
1e5b07b9
75c66b40
9d136927
498482c4
43e0fbd4
4088c0d0
bcc5e720
38033dee
ad914591
587d4b97
540f4aa5
5c8b91f8
fac53cdb
7b37f72e
0512029f
a10b4a1c
8ce47094
fe5916f6
9af7e311
da8c056d
d9544692
b75018b2
652c01fe
7a92897f
36cbc12e
af47c949
d08de654
4ad3bfc2
7ca70f6d
53bd227a
d8f28be8
b2af211a
9c16922a
7086526d
f3e897c2
adf32e89
94e04151
cf9292ed
20fa503c
e0d5f2cc
8fc890a8
3dc61268
fae0f26b
7b6e6123
6463b818
227423de
defb283c
d089e5d4
ee57ff5b
a5fcc992
6d44a4c4
d51e4256
3283c074
20b965c8
1a1a593c
ae2d3d91
9eea78c1
50b14fa0
4ac1af81
52b224c3
cb141986
f7060c77
53064ed3
c892fa39
4827e2fa
9b35122b
2b4252d0
792a89aa
08e5bef9
c6146f36
199613e5
b16536e9
b64a4492
36b6da85
bc203337
b37cc58d
fd0d8108
54d68ad5
edba4f36
95280a14
b0323354
1d4bc0a5
e7019070
15075a8b
9be0e668
d2ed0ed0
26296490
1a0feaeb
41331d89
24336e5f
8b6ea4a0
44022ebb
2b3d07da
82ca6635
b0976194
79a3b61e
625b7ad0
48de8f4c
bf2de54e
5931e98c
a79b86df
3b835f3e
35e98bfe
cdfba88c
b7cd7c57
e44bc594
730128f4
d6a1aecc
45becf58
4ed9615a
737f802a
d847bb5d
dba2d532
0b86a505
bd5e1ac0
b0f218c5
55633dc7
07058428
232cb991
ebe5bc7c
3061997e
0ab576d8
7f5d6637
10ee85fc
1cdaef7e
5f82a223
f803e22b
f64f7ec0
89040976
2efefb16
7bf390d6
e87ed9ab
73e5def6
8efbcbf2
1b0b0843
d0f051b3
78834f5a
47d6f58b
80f89752
4f16d8ea
5c2e65e8
a20320f9
ef424efd
be181df4
e211c6ad
9c22c75f
cafa1f62
e9583beb
80c1d068
5b0414e9
3bd9f0c5
66e9e7a0
4750a830
e877ba46
20c1523b
63aaa085
a619551a
86f87e4d
c7a96357
7993d68b
23b3255a
13500e04
349d30fa
5b41c75f
ed263014
bc2ab94c
41abf37f
1897d85d
435e6cf1
627fe9bb
73a1b7ba
8e0e3a78
f043fff1
9a359a6e
0700db05
cffe399b
4f06c818
e198a397
97057dbb
9fa31fc4
71a30ad0
e150eb84
cf91c5e0
c3e244ab
fcd67bdd
219066dd
960b210d
a4995315
c73ae969
8f0b5442
393c9cec
ea54a035
4e34811e
59b1d4c7
ae343132
95e0d356
daaadf9a
71c35eee
a71f730a
2d31bf97
7ccedda4
fc44e054
cfd99b36
06b1329a
a7ba64d9
bbfd3c4f
61933311
e5e29a7f
5d0f641a
68d38420
d75c8f24
aa037ba2
ec2d61df
2d300f14
d1fb404b
f5826fb3
d6278caf
25098993
4f2c860a
47228d2f
acfe9dfc
07413575
3cf1366e
ee6a5634
e247fca8
65edddb6
d629ab04
88a33770
b1b9e0bf
cb27c3d5
9c70d3be
4952178e
eca476d7
d46dd5df
f61def61
62209597
ae0b0b81
471fd899
279a9a55
59019f2b
f1e77ddd
8f4f1d80
4fe7a7b9
1f695f61
2d583654
4725041c
456a5c6a
9a7f28ca
278f5738
ac3fa1e2
ca0b4e0e
d1242dd2
3e754e6b
eb6f1645
d87b553e
23ec0f4b
0c00dfd8
ecfeb230
ea3e2bdf
213861db
4e869e24
1bfbfd7d
a6b85c71
4af9720c
6bdb9d5c
5e92fbeb
3416b10c
b7d1ff0b
123d4d19
89adffab
3959b195
7bca30d7
5d21021e
88485a85
1f1df2e7
807c961a
23bbe2f4
7070114b
84d97cff
07cc0385
e13ae06e
bcc6a090
d030c1ce
b807dba7
d301792e
dcd26728
d5bc1a0e
2ed69a31
02fde762
a7b9a41f
e6b51ba7
9c2b6b4f
2720627f
fecf8dba
6cd969ee
3de789fd
dac83738
8abf4879
436b5688
ef1173d5
a71b1bf4
8b90dcaa
bc403f75
e3e4f88d
d92913e3
ad635653
df79b0e6
8dd1ff06
2e15502b
db638ed4
01fe8c70
a6c95454
6e80b4e7
2544b582
adc299f9
9da6c91b
765ed1e6
4d5e887a
9d78537c
faddaac4
0c268454
af39457f
4d6dcf18
65885320
e1e64278
0382c252
83668100
83008a66
2eaeea5a
d93df90e
63833373
d8481443
12fb2566
ff19f07a
25d65f1e
03686352
30952d74
f41e3bca
f0b197b4
d8c16fa8
547077c4
68a3e5f0
1d0cbfa0
5c4be873
ebcac7f1
ea086c57
9fdcd5ea
71d7e2b8
d566f943
ed41b5bf
0801cfd2
4023351e
784e6c5d
fc57f818
978fafcd
73fcffd0
5b028e13
5908d677
8381f207
aee416cc
161eb3d9
134ed7bb
0406c1c3
8110cd4d
507c3d85
567df0a0
3469a40a
7203ecc1
b909d6dd
e08754f6
3bc64986
60335497
631170bf
8f5dd348
4b1f16b3
2db22284
88a922a9
54daf012
57b105d8
3ded1569
ff484698
382c3e2b
b27c8056
fcd148af
5b2feef9
b113269f
fcbc709f
745c8e60
f024ff1c
462304d4
a51de8ac
f2f4e802
47742fa5
0df5b0a7
71169cee
6f0b5fc7
d5e340f1
140a13f6
bfc0f4ae
bc1add4f
6f7e274c
3be755f5
26b87c0d
464d6832
f700a0e4
051c304e
887f9702
c0f34e77
90bc5491
05f05392
2cb69f5a
1bde2339
dc59fd0f
7cb08e5f
38fa614c
e2373fbc
0d37d8d6
b3fb8edd
56327667
492557fe
9a693084
f652e10c
b2d6b09b
645536ca
39116212
da17ed87
858c97e7
8eca2708
74352e53
526e4a4d
1f93f154
c61e85ea
98ce3f50
40742925
ee56f233
0716cf95
e1e8aa7c
1584c1d1
c153caac
c916d189
d043d3d6
1df60180
569c79d0
e0395c2f
f33ae7a2
734f32c7
570b3eba
0fab57ea
63e850e6
8147b605
e2f487a1
8d327ddb
739e937c
9b8b8efb
60d974b9
7fab0d7e
42a69f0c
32b26d33
ff23dd2c
efd5f2c7
c3876a3f
aa105fe1
fb7c3944
c3eb64ae
c93083da
ce4a0aa3
307104e0
284e7dba
86f17f67
e608ae95
32fc055d
85bd3dac
2b00d02f
0dfcc8c0
53f16921
eeb803db
eb11c5b6
2d11dd0d
a991207b
9297e8c0
c364e368
7fa84585
9ad9bf44
9d40f27a
e52a17cc
d8007fca
471adff8
69821e55
38a3a3a1
08402604
43d98abc
38cd85f3
26e1d699
a9611266
445c5afc
ca40fbf3
48e21d36
b082ebea
1db5df96
ff13a3c0
6765da0a
be640260
52fef394
3e28349a
d8f5adc2
9f8e2941
6e8bd6ad
988bc138
59ebef1f
a0a188cc
8b92b495
86c57d38
5c548388
c9b17bd7
46ee6477
18c2daa4
ef48c526
fab4f01f
bde4977f
1837b87e
6adbe627
3d68a892
320e2643
f188b616
1c51ec97
72f6871f
39a0c2ef
3cc86c2e
91d85ce1
30107701
80c47bb7
323bdf9e
6ca2afd8
7c8329ab
64379669
d9b26a84
39f9bef4
d6cd643c
f72e07a7
b4cd034a
8f342cf7
e66f7160
188ab8b8
dde686ea
96d0b2cd
92632833
e3feb81d
e0f37757
fb097a87
7a8d3440
580bea23
54d6074d
37ff0b94
92a4b3f0
a8600df6
cce8dc75
b11f6d8d
a8a5924c
5ec41ffa
b7553c90
6ddf5cf8
a083d27e
d8ce5f13
d412c0dc
eb1f481d
88cccb28
e105fd84
5b74b5e0
ae7dbaf2
fb915675
b3a203ed
ab3d39d8
de1a2d93
a2e844f6
c2a9f485
3583d57b
1a9736bc
4300b3ab
9acbc3d2
94a95aac
475e976d
6658081a
d4a02566
bd80c8b0
044c1bba
77ff735c
522fc542
e9601526
6a89fe83
c09b42f8
d85bef5a
f8c8432d
24e05d30
1f14215b
dcf08ff9
7571b6d6
cdb53765
659fa5b3
33bc3167
1f29a92d
e6285c71
524f5c62
8441d633
20502b3e
c1107357
17208b8d
4bda8997
f128e940
f75649aa
726143ea
eab4d2ac
ca0671e3
7a57b901
f8072f8b
db0b8907
72e5cf51
e496a007
3b9eebd9
3dd2b2c9
7ae860a2
b856f613
142f6564
1a8067e4
76ed0989
3fce85fb
f961bda2
2e8cf76b
ccd4fcb7
8898ef57
d3c14a08
50d64c3a
ad652f47
f28cc8c7
019c4a29
9e2a0cc0
b11f4124
66c94205
ba8ce16e
353810c6
73c903a2
1262b4fb
17623637
b47f2d31
558515ea
4095c4bd
959edc43
e71ab8b1
38b72a1e
0bc310f3
7e630805
29d647a3
2ad52336
578ae3b2
ca75e904
c2ace0d5
0d8b267d
eb5600a6
44fef829
1551f1f9
2ae87438
3604f773
daa1c7e6
8e66067e
c2efbf7e
5e984c05
570d9f8b
8568706a
8f868bdf
222ed108
0147df8b
2809e229
0ab16a45
63cdc96f
52ff7d84
0caea416
4bc53a52
0f8ebd28
3c2a65b2
23ce8d80
3b003e6c
1017caac
a24cd850
da273adb
ddd395f8
b095c003
3874966e
7984373d
eaf83887
2271660d
a2b91c63
a88cd58e
dd333d11
0d83ce14
269daca1
4c6da8d1
27f6eafb
5fdb856d
8ba72574
c695f807
8bc5cae8
d934c01d
d0313ce0
8b6a1701
2adec36d
7a37e2d9
73f68b91
39fca177
3b286880
6b9fde32
445837b7
a6a49a55
c3a37f8e
3a7ee128
12a7f9d0
e496811e
c138ee8f
d5c7adaa
7235ffa2
23a8a5a3
531bb8f5
206d76dc
a35b3407
ea8c1a9a
4c804086
125f13e9
84cf8642
22cc1caa
45daf3a6
d90aa9ae
918aa100
3a03818a
79ff0055
3bd9645a
38b1183f
727c9153
9d9946f1
4cf56f76
ad3ecf8f
badc9745
97ae49cf
f33b5cdd
072905a2
286f4730
09e8168f
d140939c
2ca2c129
cbe9ab30
5298e7ea
03501fe3
a8419a87
79d33da5
8a35a230
7d1c3b57
acc2d5b2
0aa02346
806621ec
dfc73ac4
fbb3b556
96fceaf3
0589e74b
41a434b7
d123b0cd
dec6503d
3c048b57
6416c434
601c1911
1b21d55d
fe1f1a90
e463e883
29fdccb6
123cf963
d55f14a1
61eb66d8
a21488cf
5d67bb3a
851efc28
a37f488f
2553d275
d7912e25
28248042
ebd8961b
f5532307
9ca32b7e
2df3ae6e
818ff95b
3497cb7a
d0b3112c
5b68f00a
5d3cc7ca
eebb10b0
16b632e0
bbf3d14a
985ceb40
7f1c102d
54568fdf
b3f41f88
70619b79
c2e9e82f
889e43ca
87a1d34f
50043ba6
de614a2a
8eeec52a
95aa2199
34ff6579
fc7ddcdb
9dc05749
6cded37b
5e6d574d
15c42648
1946bcc6
09cf3fe0
4f98bf7d
8e1355fe
d3f18af9
508ec2ab
c5ca8530
f4948769
9d78e6ec
aee7b12d
3c9bd4a3
72f9f270
37e29e28
fb7d4448
87997e2c
2f4d6b3d
f2f986ca
d35233ea
a85069a3
cdaebd87
419da5b3
97cf7500
5adc8be3
c27d78c0
d733a3f0
4956da13
2e59b72e
beb4e90a
d872ac65
34b1b79a
1c47c946
f96b4f85
72cbb089
9429d487
734eea7d
53b40694
9b55db0d
7a54ca33
1d8f9804
c1486642
0e9e7152
78acdfe6
93a08540
97494b68
de528ff8
b3d4ba07
f18cdf00
d4c973f2
8f859165
d176bae4
075f90c5
fe474dc1
6895b5d5
e16033c6
51a55b79
4ba4b6fb
5aa034a9
8c70861f
8d85e567
6c30a328
333a05b9
22caf549
12e4816d
e1b02e08
ccf95602
081b5b17
77edb23c
7b4bdff6
5df29a53
c4da61df
d234647a
392df3ce
a10e78c0
87af56bb
a68500e1
ff1b54d5
1ef11bce
7914a48f
0aa75406
3d818c34
2050b9fc
df0466d3
b69927ee
8d6c3f4f
d6ca7875
2b9636f6
6d30a26c
0b447ea8
4386e35e
27313709
486f925c
e475e7df
34e1f9cc
e71dcd6c
674c4443
141edd16
4307d87b
d90084d4
aeafa206
9f4e3320
802fa5c9
a156be2a
23ce19c0
4038594e
8cb09f90
5bd0b7c5
9900b6ea
f7fe3c71
0e753535
1847988e
c3cb3efa
2e237679
b22d9d10
59ea4a50
4879d589
b113ea9a
ea87a7d5
f1ef371a
9c8046b5
b6ba7a90
29135d0b
976667ff
1e321690
e0f54363
537012fa
ed4638b5
6713a75b
586f62df
4a50f4d1
6901017d
ebab4931
2b20cdcc
6e06af8c
fff06273
3a32a4b8
6fe1fac2
d909e0e8
1ce8c153
d4e69890
0b8fc1ff
cd7ea0a1
d06778b0
12e511d7
dd66b9a6
4f122651
3139af6a
6abaf65e
a7758005
95707aed
19e6c257
051448dd
74833ed2
9801f3e6
5a4af407
8fb6b68f
48a9cb78
407fcb59
0509bf92
13df105d
480561c1
b75a56c5
5d05b669
b61d9e39
e9cf91cf
7c2a1bc0
b9a0bf5b
0b91780a
72a4454c
b55eb8ce
ed0f3baf
91928ee3
20de1de7
a66a29e9
c8c7dd63
54470d80
3ad7bc22
c56920f5
4cf80c2b
88af37ed
5fb7476f
ee656af5
1166a067
5d298b92
daab09c6
156e9bd9
3bf65376
6228267c
2c25e459
c61eb691
a5ebfa09
cfcc8ec7
56f14b2e
47af86aa
7f1dc258
e242891a
f124a5ab
bb823dd2
43bc1b80
c010ff31
150f29a5
5d9c94a7
98d0ad7c
00e5b523
faf28b90
253c539d
84af89dc
6180cdf9
eea5230a
15a0eb04
d90ddcf1
87feb9cb
6f2c0232
b15afd63
641a2798
abd941f3
4da0feaa
8018a9f6
dcf102c9
65114406
b8cf0788
c059dbaf
6c82a88a
299b5d18
b55e04e1
c7a73c16
686cae66
66762774
af1032ee
3b41a2ae
32ef20bc
cf997871
b38b475b
f1e7d1e6
47dc0dd1
a72d399e
0203f929
42b41e52
ada57538
720c3a94
5b8944e5
f400de10
89ef91ae
c2c8d1f3
94018ba3
ab70063c
e2549d90
3778e15b
32d479ff
e2f81b88
c7ef7557
1580eac4
3b0f4663
a40f6c60
4ef4428f
a7a3bdac
27aa506d
63c15886
2e0d8f6b
04f0bcc3
4310b9bc
ed793200
7179fbc4
69070ad0
9ce7d6d2
0e685774
c1d5b7d7
6e1b3104
9192b266
65c0cf24
86d97ff0
cbe5af66
5519b9bf
a6530e1d
de3433d7
01de95ec
9462e727
b3690e7a
ca5d1a01
669ed441
797c1ca6
4ab8d424
472f680f
d07f83f8
0005e08e
e30a391e
2349ba4d
a64130a7
eb120d05
67f97579
784a27c2
334fdade
5908af4c
349238c0
6434477c
5ec7417d
276fbd59
3022882a
9e647948
94059100
cab403ba
32e6c449
f77acde9
09b63f85
005ca59b
415cc9b9
9b997eae
84a9b6a1
bd35babd
c85d1da1
2634b3dd
699a3909
49c0d276
c18e4339
e2039b92
48e9fd37
95d13cfe
b165a008
30173c3a
b0f2ea03
1555515a
8b8493e3
c1db3699
daa17dc8
d24f1f06
380ea3e3
1f8ef41c
23d29a59
2110e43d
fd4d371d
97051860
143e4638
352cb605
54209fae
dda71b9a
badbd82e
e88fd575
9b58a5be
21701092
f4a75599
5b59a32b
559da5f4
997ffb1f
dcee761d
2d6204f6
af6774aa
d3fd0c20
6fe2c792
51b420fa
147fab82
2af7c913
32e00683
58d963aa
880e2145
164e4b2a
fa8dd0cf
152a5ba0
6096dc10
44273407
41a5b5b8
ed524185
45dc7a69
7f7f476e
269effa2
a0b2b790
34e9c7a9
15cf078d
2acfd900
d51465df
9b8c65ea
fcfadf0b
4c3f99ff
0ac9f756
d4afcc0e
18965ed2
e637d8aa
f6a31eb7
ef425fef
d1c69e9a
2fb17096
386d4b49
da2078a9
caf3f0cf
34a799d1
3bd543d7
2b606bc8
de4cc94c
43a278b1
4f6cb52c
7a4da0ab
59982737
dbd26c17
68c1ce44
b88e6be0
e4d551c6
202d6e54
4f95f580
fe3b1ca9
ba640cfa
f2fdcab2
c6d7ecdc
303b461f
9f70dde6
b2f6d9b5
7f14defc
70f46ced
90865de7
f5d084f4
34087b1c
fdd69950
e41b09df
61086cda
c6499863
041fd7c4
f342564d
da49db75
147fd32e
f3c10f7b
12c28547
605c71e1
8ad19766
b6eb5d3a
e3a8be32
68d0ad3a
ffbb874b
48eb2b25
f4e3feb8
171af90c
2d50a833
450cfecf
360d87ff
ccb6ea73
4b5d4063
75dc9c09
09a8b09c
e029ee57
77d58afe
2ba96507
50efef9f
d1d731c6
67bcfbaa
7083f650
4ac79743
9f514b94
0f6e178f
1526bb42
b71426c4
31730827
b9ccc8b9
b2045633
f094096c
c0a95d3a
537683e6
3415888e
b6932cd0
4aceacc0
bba5117f
dcdcfb2e
7b2e4fda
a11dcad9
263ff50a
d017f6e9
3987d8ad
a32697b1
1d982c6b
b6061dc8
452e1119
2ac564db
554bb63d
6e37982e
b62a38be
75149a55
1b733bb9
6bc25863
feb043ee
407033cc
8736d0a6
56621a62
f56d8309
d68b9ab2
067c240e
65514db1
3e7cf2dd
c2637272
974cc83a
cdbe58d2
4c8c3770
81b221c9
6c75ffad
8a2ab46d
0455285b
9288b2ea
017984df
85382813
f66cbdc5
2c760cc1
843fafcb
d8eeadd2
402ef0f3
b476f250
2aebe95a
8114e5c9
1d2c131b
e20f102f
41b2f63e
868baf38
0e39f352
f306b348
9f0111cb
621fc48c
0f185b6c
0e8190e1
522f2977
5b372fa5
a402b396
53efbd3e
1ff9f666
579d5297
a398fa4a
4f93bbcf
b48a1ed9
ccbb49be
be88eba1
b4cb1bc1
18c80536
80d48c14
8c26331d
4d56dd0e
0b1d6dbd
975edc52
b829d7f8
d43f8f3f
bd5de6d1
ac763d7f
e244d70c
d34ec71c
6953f2b5
2789bf19
a3e2aa63
ea73aada
86c36164
a8507ea0
067bf2db
cccdf4a6
4e7f706f
59481269
12be58ac
84b3cc43
a5fc0b4f
b4062fb7
949b9f23
faabd6d8
82d2b725
ca87a979
41589a07
d1a60b97
f8bac69c
fa3b6411
b4749cf4
b4a671e3
98347751
8d1f4d52
753a5889
09d64d4c
914e4a3a
a0e6f417
7fbf60af
cd4f313e
01fc97ca
5b914920
f0bd9f54
4e2854db
e15be746
3445ee94
a6f9a64f
dc08ad25
9ff2e7fd
3b5942a1
2fdc499c
b247091c
8a0822c9
75c18454
f2d25213
d3e11a95
5277c2a7
5ece38a4
52dc56fe
2b6bb1dc
fe4a3d4a
5d025475
9540d677
ffcf0a19
de45b695
1a9e9911
128e99ef
ae76f8f2
fa9f8179
d2b2c4dd
c05a7424
8e6382c4
e5fd53b3
a6991de0
9c7e239f
453f334f
5a8295ca
ab28535c
5da849f1
3e419d7c
63b66613
76e904f4
724cea25
a2badf1a
6b905bce
58f11926
48fba5b8
cf280989
87d9f17b
1833c5e1
06f5a79f
ffb7f9aa
30d6e97f
39cc657e
e7dd5d30
716503b7
7d9a82ea
0f628321
8fb225ef
8387b2aa
1c72e96e
e2ca287f
bad1c455
623ce2b3
dbb046d8
1c38714b
6b95b4f9
c7a132f3
d848754e
8c2f9ace
289015f3
adb30f0c
5d1da2e4
0fdb1795
4ede1a20
ad1106a4
654d025d
d708c5c6
ccfb58b9
e2b9da4b
72a7ea65
931b713c
381f5160
d34a2954
fbba503a
34560e44
c4451367
f6692021
db37d557
d10c9b35
051013d1
656fff3a
1c859103
9e263792
d8dde8e0
aac9d02c
cf3d4385
35f2e039
f1d05da3
38415681
a7d172c7
964682db
5019b6ca
18f5ca93
153ff09f
09ac3729
2ccf8da3
f8bfb8c9
10ae262f
ceb8a08e
b518f361
18970428
32a5dbad
04c4781f
7239d478
298625dd
e3188721
49715709
b8771113
f9beee8b
868d0f3a
4e2e2f25
39f13c7c
7bf02a09
eab151f0
e1953cf2
7128a3ab
d1843924
821fb9ab
8698cb25
0e85110f
767ff2ea
59a5fb19
89486d25
0ccad6e0
c89d3108
26699922
172fccac
f5493395
624d63b0
49813251
01d1e44b
cb790cae
04f38bb3
2c294569
50a036e7
afd03100
f65b7e24
1432d551
a6dc3f25
0b3b2811
ebe29094
22689137
9bc15165
90d8570e
dc7b8739
6a13a9c6
cb081f9b
a21ea9c4
fa54a88b
a033e057
12707273
d53f2f8e
02c940e3
e35f750e
180a305c
617ce155
9847e606
a1d2231d
ed70c4e6
b6e73be5
bec65b9c
12fb0d6e
1ab23b71
a562d33d
d1b2198d
64e68a79
b014de44
12968b30
ee15891a
0a258ee4
56a26741
f300dc34
49d60f14
297f8453
343ee3f1
e29df0b3
5868eef6
bb52f2d6
2483beeb
1f218a61
82c47fca
43b5dde4
7aab3cb0
064419df
8a3ab614
1c29780f
28f9efd9
2885c89c
28d16294
f648cff4
67adc73a
7e06260b
06cb2275
1df41d67
9c88f080
8e96a5cd
4d06e062
08abaf87
a20647b6
1f20ca23
212d6ad4
af26c646
f4976a40
bac25c8e
647c099c
b5da068b
028b5051
ff8b130f
fbf0ad6f
81eb1e74
1a2904bd
8ed380f0
4768aeb5
5bbd75ed
861d2633
499ade15
000e9326
5dc0c2df
1cbd688d
4cfe7708
f9d1d3c8
3dae88a2
a4bec10c
c963ba36
bdac0871
87a23e12
fa74e290
73738cc9
928f62b7
ca9e2258
e86c71da
ab989c7d
2ff506b4
d15be7ae
49989885
ca440b2e
4f71d47f
419ada08
62b94631
e957710e
1f435023
040cf1cf
62021db8
d3069da0
5664d426
c63d32ed
7c056075
7010b020
7efcae3a
41357e35
f7c69b8b
82096aaa
0c184c57
30784c9f
b7be3b59
c53b35cb
3ca54cac
12a6e124
6b8c8182
879f220a
b4a02674
312c27b5
29cf8f13
932d5dc1
04b20fb2
a7e407c0
e84728b7
6be2a2a2
a23b03c7
87fd3e08
532e6508
61e750f8
7bf9929d
174b5e7f
ff8f3588
1d69cceb
49b83ba7
1403a905
310c92c0
2228ca21
0954ffd6
014451b7
7aaf9f9a
f18af8d0
7c9ee5bb
c3b77810
786ce6aa
c716d9dd
fcefc648
057a0094
ad198b2e
e50379b2
7a2ca5c3
fd48cddb
7a5f84c7
fcc75cd1
41c1684b
da7df375
afeb4b63
0acb65a4
550787ed
7c4ca43b
76f3795d
79a76fe1
ba4505bc
24dc5175
574eb9e5
4d90a28b
b8203a74
9d4c02a9
19491d11
761cf0d6
8efedff8
63b38535
84a32dff
31291482
fcce1472
8a5d7e08
8283b5b1
435223e0
d7ac3c0b
e8988b20
b9b8f673
a5e43607
15eceb55
05716d55
67649648
11e6770a
97994d1b
2602f9a6
aac9cf06
49c78103
ed92cb8d
162bc9ea
562f4dde
0e05d6eb
65627ea9
a16f865a
bc72f4cd
76247698
60d36e7b
6fc3007e
818d7bc2
5c323cc5
d9eefb71
ffc1219b
1106ae71
5c81ff7c
7a5d7065
759c6ef2
64f72d25
5c9df3ae
98c25ece
dbbb8ecc
68725a7e
7a626bf6
da533a9d
ad85d1d2
77640c0f
688430b6
c341cb0f
044adb70
3881cf20
2d790598
485452d8
3c44c0bf
24b621ac
60033bc1
5799695d
2da3cf6a
0f26b43b
a9b58572
7df15350
1cd080cf
935505e4
396166ce
6abfddd3
5f79db52
aa684497
1b7d16a7
4dfffd20
8727c092
f693e33b
42115522
455a7d09
d60dc04c
0fb608c3
e9d3c690
ed42116c
f040b3f1
e2d1822a
ecf54aad
21c405e8
56a8ae5a
7db6db59
e20cce88
3722bf19
7999452e
4e099c61
dd000dd5
b3337190
3bda056a
7e4386b3
f814d865
dfe39a2a
2ff54734
7f257285
b442a963
ab6f6c92
c35032e7
323ea0e6
81146c3b
cc1a02ae
08a07e57
e4f0cd2f
5654d938
f80bfc65
d5f38986
378f5fff
6cd224c0
eb2d28d0
69a8e996
7fc80fa7
f67cd8f7
c1e10095
405196f5
e0c1e7ff
31b7bc8e
37674829
acf73052
a5a0c8f5
1caa9eff
93ff36d8
43dd767d
7323fa00
6d3324b3
405d771b
9119c0c8
40e532c7
232504c6
e81b12a3
0bcb3d43
d30fe673
00e92647
4c525fc8
1af33f42
f67895f0
df7d2f38
c97e5542
c82b8e44
0cace596
4b414044
9bd6366e
739cec54
4e86fe7a
eb52450f
a06921bd
b22fd6e7
53507afb
3de2e64a
81cd2ca8
044dfa8b
7ab74e8b
2f15598c
e272e03e
2ceeaeb5
126287c8
ed7cb2a7
723710f4
271ce403
d5b5c084
a92eeaa5
674d3fe2
a4c7dc30
d73e1072
d66ad623
19cbab1f
71a27265
90789e8f
31fb9927
98c73988
e2c3c3f2
74566c8a
5c616667
26fdacd1
a497b2d8
73b3eb53
f548e4ce
855e3185
f4e738f6
49725424
77b8f6cf
d590389b
6718e91f
0a76d6ef
327278b0
f94b6289
42ac92c9
e35a7b57
21a46a5b
30177eb2
089980bc
2a8dba98
8360c1ad
ab955432
bdd3723a
0ffabe4f
48927511
60d3ad99
41cd7a9a
244687ca
45ea58f2
25726f29
260b90f2
f0edaecf
b28631a4
f551830b
a917c0fe
2c8775eb
ccc00b2b
faa977b5
872857a0
15efd623
4070a420
5b3891a0
ff9a1a6a
5752f191
e24313e0
130f05cb
ae62a1cf
6543fa11
659bc6ff
10a5884c
118828d7
6605bec0
14352cce
8a974649
f9a9fe8b
4c6ac860
254bd80f
d8c567f5
f6709c52
c7d17e66
b00eb0d5
a223b7e5
4f79f60f
2b257d3e
0bddd483
dca3e307
64beafff
74ab36a8
d3f3e808
f8a9fac8
f13d02a1
bfffd8db
060e84b5
ce477bc9
22ff683b
b0ebc819
81bdca44
c23086c1
493dd8b6
2c8d2ec0
76d8d5e4
3e7c6fbb
c3fcf0e0
516ea908
3f46acb0
0f5cbe0c
ce822516
86a4a992
90367e94
3bf52a45
3a0a78ab
fb9e2431
c5260045
1451328e
7bef348a
4f23db2d
1bfc2280
181c50ec
a5075e1e
d8b7bd9b
5f175784
995ce808
6a9ee8ab
e6170fb9
3b9fb365
9242aed2
fb9547ff
831429c9
b1dff098
258fa14b
6d4ffe15
3d528953
379eb9c0
3873cd27
c27c810d
d5e341ed
3a9cf8a1
24463c6e
431ad9b4
53f41191
b66736ea
492c505b
c99f927b
f8163bdd
871067df
ec51f8e0
d00ecbf9
bb7287d1
38704a48
b6004f5c
164a6aa1
d609064c
205f67bf
47047cea
335665d7
27000db7
a33eb2ca
25c95aee
e442f57e
4c4d16c8
75f46eeb
a45b51a6
aab22d4a
51b7695d
c92f9416
47f33217
741e8c74
d77bdc1b
f5ba3bda
72e396c8
e305c281
162777e2
6178d78d
eb437663
0d762305
0de9cdfd
e62e2b17
b929c538
acf48e76
f91b1952
64745f77
5fab99fe
07fbe6d9
14e99469
9f672025
353a1086
bded3824
4872d066
d67df725
6836e04c
b374b9d4
0f5f8627
39a268a1
cc3ab129
961cecbe
4440e5e9
00603d87
5a421096
069cf83c
b40c53ee
d056671f
3a914294
3e194aec
ae3068ef
4ce7d049
7b92b3d0
9dd5a092
edc86fb2
16a6ded8
26406293
2f0de9ad
1fa9e0c6
584ba05c
581ef43d
49f6e284
3f54ced4
abcada1e
f3c3a87f
b4b7c6c6
6591f215
d01044a3
c68dfd30
3598a3a9
11d092d8
a710c1d3
f7376fac
a11ae532
90e95ab8
de963ee0
22a0a46f
f39d563e
ce32994a
dceea5d2
a5022fde
1bc10801
2a4c5496
3be0434f
d3041f3d
c78b232c
7149f7c8
fac30fb6
21095c15
e8d8dbd6
eed01831
20a03277
7a254e56
adcefaca
776bd54c
c87cf01e
b567900f
8fcee36c
429c61ee
86f976c1
0065f43d
e041ebd1
94e65f6b
ecfe7d47
c994ffe4
44028917
21385d2e
b249f190
75c2ec83
f0d55fd2
659b94fa
5419ce1c
e47812cf
c950d58f
b6405a98
adb71b1e
731c8147
f1a3601e
1544022d
7eaf1ac3
3dd34639
47ebc875
cd539284
ddf281ca
459fcff3
2ef887a9
41f26a57
275571e7
3065f6ce
90af283d
c4224f58
919ccd6a
8bac09fc
fe4b0856
a04fdba1
f26a1754
0a1e2a57
9e82b8ef
42ffe8ed
95e77b5b
6ecc0ce2
58e03c4a
05d06a75
2a825166
aa581994
0765f766
f5c54b23
40498684
1cd1dae3
ce72a8ad
95bcc80b
8e442a8f
1971e077
70758a46
9c1be030
9fe32a49
1ceee2a2
cbc71ab4
1b5ff63e
861a5545
ad686959
07a8fb0c
e2115552
cb6673de
94efa2ed
0183e699
440d4c5b
2d11b0b1
b179c760
ba243dc7
7523aeb8
a767b3a2
2b081a84
0247bcc3
d88b2dd4
73f5c3da
38b7d432
1e2e3477
889ae451
4adf0294
70343541
b880dca2
1986768e
37787b3e
90716cac
6f64bd80
eac1b0e2
5b9038e7
4d380e43
ac3f7015
aa5c78cb
859e0870
7bb9b1ff
b463a201
7abbc73c
668a3779
e52ad957
1185ceea
2bb2f0a4
ad3d5b13
830bf450
cab62cf0
94e3027e
4a5fa6f9
c171e648
6712b777
2e2b3220
0ef8796b
e457c2f8
ade4a98c
1c2ea2e8
150c8d25
3062256a
abbf6e25
fcfd566e
5a18fb04
5ac6f282
e7230cb7
c273780d
8ffee98e
c512dd9f
673d9f5b
1038163f
174aef84
248b710f
4714542f
01c8e9a5
11ccb55f
679263bd
b1530bb1
84d71984
e919ae52
00067786
70cff95b
215a7e58
5ff91c52
4c6513cf
5fe8dd38
f9946722
708f9b40
3e51dd24
02bcdc77
f2c559f1
506157c8
7b23b822
1ceb02cb
298ee64d
9fd52acc
dd1c39db
f5aecf33
3bfde146
930d7f16
118b66e7
cb7b6f25
b71d5c5b
ac87c9b1
5d6247f1
c959108a
7c0196ee
aa730ae2
3f2b313c
d0c6b3e0
22bf7f4b
3eddac35
2b6232e2
ad9863ad
17f58faf
95a07dea
961f1d6d
640abed5
02b9c892
5f029108
25cde96e
2439681b
04310a8d
f11f7860
b3b3c3de
f10c983b
76b76cae
2d20e730
6768cf3b
1f93b4f1
c376c556
2d539759
b3ba532f
45507c3a
d1621cdd
3457b55b
862d9ce6
33b2a151
bf669fcd
59f8c269
9bf3b520
061383ae
7b60018f
9ac9eb74
4bc11380
7239f1c3
4f4be3d6
035c0652
f7a8ed7e
7cba4802
0edd57ec
cf29b438
04e781e9
347057cc
b7e10839
24bbbc73
c2c739ca
6d85047c
3f4de1a0
1e036a83
6e2ec658
0c43e9f6
91128933
24abcb7c
41fa6dc4
6c55bbf8
b161b6fd
a257d00a
e6e59f8c
01bdb2d6
b79a09c5
93689422
05049a34
146ba097
1e43b399
a3c23d57
db5616b4
ca4098d5
071392ed
f7aec684
050c8b34
c4d054d2
12d4b24d
111eb23f
45662732
7cce2643
db1e9a87
5404b6d1
50bf6613
eb982cc5
3878a851
c9eb9975
7dfa6d9f
70738438
9a552c3d
be1c6cb0
01b259d6
abbea8d9
a8f56d1f
7b37f070
af9c2b9c
33275eaa
f7ccdefa
594490a2
09522264
72887524
7b9cddfb
a9c1ea10
7d0b55d1
c49989a7
465aade7
056ae700
98183e2e
8678bacb
1fb68697
683cf569
36dc3e7d
819418f1
ee5e31e5
f768138b
e2c863fc
04e99378
a460a9e9
e3786f25
99b0da61
2018c892
dc7b2f14
fee8a4c1
e32ae3a6
1f5fa119
af20ac6f
28586ae0
0bee58a2
c3a578d0
b740fb20
054c8e54
d70252e7
6c3aea7a
7a5d3583
13926015
a81e7dd6
72be4f8e
c6107fd4
0d51ec8e
826b5ac9
05e59fd4
65a19480
b9586252
070dfbe3
c93e7af2
275ab7b5
a3caf1a1
fb5c8109
18e8bb03
6ce95824
f331dcce
21b7054a
e4127690
024b5cf8
daa961f7
6559dad3
d70fcbeb
87fb8b12
4dcaa22a
1aa573ae
b9f139b6
b59b4f21
25cde6d5
7833b519
45c2f419
127260c2
73986501
169c49d8
fc9a286b
657d7900
19dde08f
6af701f5
1dec8692
926fa30e
0e930452
1f1ed26e
f90eb6c8
e665d812
fd082a04
76b23bb4
043b9f14
eb9b58e0
ac4e9577
878f0d62
1c61b44d
96881448
63046727
31886e1c
87bf8d5a
71f185b0
f77967e9
a5cbd80a
0e16a120
95c510d5
04db5ba8
8e422973
867e0158
429ccd31
e36992ac
e5a986d7
1359a891
6ba62547
b65d1b68
1a5ac1e6
33c36969
470accd4
e108483c
a7d65074
db9e33d1
7ba195eb
ac8465a0
8bf8c19a
538f76b0
a826404c
bd8e8db2
3d574a01
851ac4f1
f55da778
fa9854f5
02d2c988
cb242558
a4bee6eb
77b0d674
a8a8ff30
72258f23
af5e1a4a
29494851
b358271a
7ec4627b
70e31e67
a9c56bac
ff910601
703edec8
c4df8193
65ed234a
d93c6fb8
5a393813
4d4d7cb0
9bc5d14e
5e3b3603
3811b3ee
0ca07079
0ef98059
59607181
d0a32090
1c740688
6f726e7b
454ef87d
ad3608ce
4ea08395
5ede709f
cb33f60d
4862f834
524d44ee
82bd097f
f9b9a275
5b0688c6
52c3599e
ead53d2a
439c09bd
d1939681
88a28a8b
97b89997
afcc2636
9c104c69
3422c87d
8f182826
02fdd6c8
a7743599
32ed7a3e
44cb52a1
6fcc4932
444ed44e
d2ae9368
2634ed32
6e75ac3f
25eecf35
5e960c3f
c9d83b69
1ca2ac78
962aaa4c
50388876
5579532d
2768800f
3b2c0e18
af1e5337
bb12edfe
0d1acf91
7d797297
54f106b5
99d2cae8
b3bfc5e4
70939ac4
6fbdc77d
b6c93a9f
a5e6ea3a
839b2b39
b21d2dea
9be63eb5
cf4c1667
98958cf7
85f8b498
f27cce78
633a66d2
895e5a33
860148c4
d6fd368d
17a81730
03fb18b2
29c08086
3309d96c
e5dca440
ec4513c8
c1e1677b
100165f7
660e2224
ef9abada
a7f5c265
e0e8da4f
b069caf4
cdb8ca43
45cbdf77
71743c5a
b770e3ab
65d1bb7b
d48558bf
253fac06
afdd7103
97048ba4
84a6d243
185b192c
37eb4b38
eef8b7d4
d696df59
182dc995
566d8d09
45ad2c03
a3d3804a
1a3b27d6
341f2eb6
91c80933
2abe059f
8d7cf24a
5939241f
d19283f4
893fd466
10ec533c
860f145a
994870c8
78e5f3a5
3d16d54c
87f61909
d4e9852d
78549ccc
f902ab0c
4d6c5a35
761b5f2e
5486cfe9
1fcdefcc
bbaae00f
650ea1db
2f992ae6
d5ec6452
6e129cdf
b0fe34b0
a4f136f2
4954449d
dd1c5021
9bdcbb5a
cc8a7c19
78d33dc0
3a510f48
14af2f83
286e9a0a
8dc77a9f
b16086b8
ef6a19cc
02e99916
d2e894d9
5f353a8b
a3396ea7
65164ffe
a21d4b37
3b1540b6
a40ca02c
44c1eca1
86e10c6f
3ee19d74
18b7f0a7
3332c0c1
eefb3517
17db1ce2
41a4449e
550d202b
0ad0e2e8
43788165
73840e65
ea74ce2f
4c8abe65
f6f4d17d
06a32c85
5fb604e3
f510afd0
616aa454
65141166
e72b78bf
dd11a2a0
3f60b4b3
39c0c8f9
6fd75649
047a3229
81e0f301
5f34b6a8
9138a64a
9b5ca9c9
9dd69666
391a519b
337e15a4
c66a807c
2792e554
01583acc
6f4ff568
3a67aaa0
04f78781
c6b9cdb1
094855fa
13ac8f1c
a2ca1f87
886ef944
ab41c64d
de5f4df7
78d69f9a
7edcd614
f2803d66
112f95c8
bbad65d7
aeae3656
4e181582
1d30a5b1
cd3ad43e
d0e1e7b0
1ba482f5
91e38601
a275e682
5ad9db2b
9fd2a3b7
ff75e482
8cdc0a3a
cf76e88c
98bba4fb
1ba6ab58
519b35ac
1b315fdc
b460c68a
a957a151
449664dd
15f66ad4
03de42f6
49a29d8b
46a3f856
4c54a65c
838a128c
034dff03
17a51dae
51e7146c
e781fae2
caaa483e
865b3a1c
71d845d8
b2a1e630
f21fcc1a
fe339deb
368dfaa6
b5607934
5cf59cad
282030fa
c9f4cae2
43f3d787
50cfec1f
5523fad7
6ede7c36
4a7c8474
7c8f3587
5c8bd211
6ec27908
e6d3e699
3dbc29bd
43020133
ce146e5f
2f6cc334
be0bc028
8e97e86e
733080f8
dc03f520
9fc43447
db91e498
59603acd
4551d30c
3f91bd14
4fb6fc04
d85d03f7
f38549be
ce44b5c9
a3bdac34
3dad536f
97add24e
29442f0e
4cfb3c3a
138bd404
5596dbb4
da0ec9f1
ad770bd0
8f3db667
eb87be4c
dbe7713d
414d5a2f
b4863a97
503a266c
ef59db92
413cf2f9
5c634b05
1f2034bc
d24deb6d
1c04ae90
7b127815
25c770d9
abd63b66
79fb9c83
0219eca7
c41bb542
e3412c47
0d91c823
f6195d9b
e0d817e7
4a3440b9
5083b88a
5b7ee78e
95833e2e
2e12f497
fc58b0d8
4a31d896
2b958f23
fd200b4a
d1f600de
a7cbc4c3
d979cf8b
10a3f54e
9ff677a9
1ee00322
cca20934
553a98b5
f3a1004a
90212607
f1b150c2
5d1f94bf
42f93cc6
971fa8a8
d8781b07
252e0857
efd9b6c1
06649462
51655b48
217ad8fb
07b1269f
ad0e4b3e
80c905e0
623d6ab1
a9afd097
dae9e84d
68066d3b
ca951e6b
e0f6e71b
a9b60210
6e0e190a
00dff905
4d963983
3ae36b4c
c8c026e9
8b477c29
7ef7a314
4c0b6fac
61772d78
03b78237
18e2d9fc
6c362753
5d9d17f2
dbbf5641
89276e2d
94d07c11
ca5d2bc3
5dc51730
e927d913
bd4a50bc
b4a5c6ba
de8a6c78
2e9846bd
c64a34f3
1696978a
e18b9d6e
f69a04e7
9b2e34c0
04adc57d
998aa998
2431ac78
90384ce2
4bdd75a8
73bbc43e
b0f7cd31
8f85e207
50dd2d06
78b74b24
c369e392
6a952a3a
55037214
f55f975e
17bd29ef
c25f6b29
7864a2d5
db9284ad
1b7ce7e7
78fe2aa1
8cf3c17a
809d8e0d
66a62678
9c5c4e9e
a1e14369
18e9f24a
522e5de1
293587d0
230fd9de
ed6fa3c5
c65f6213
4bc5931a
f754a4a1
33409f1e
07b73b26
8c6321cc
b83a40f1
0779b11c
2f283f25
f2867419
92b43238
cd4e3887
8b48bce6
3601a7c1
4d5a7e22
a8772dc4
899ff72f
a1bec0bc
2fc325bf
c6176948
37bcae61
261e3371
e62c5bed
c7c5b58f
88aaa4d3
b9da478c
94216a8b
9befb4d3
d3ad157e
b1860395
2941a3b4
46a44f4a
e250b657
2f708dcc
9d4f69d2
0ccdcf2f
dc2eb539
28f1fd67
9b0e66c5
22785892
6b15986e
5095005d
9da3e930
946d4cc7
4ac56cc0
69d8a5be
dd720be2
953c5f03
f7540fe2
60f48907
732cd07e
e89ffc4d
a74ce497
63ad5daa
9b7c4954
f63d2430
646067fc
c5d355b0
505401d6
ce74426a
fa841dd3
65f09455
a86c5acf
37a349d0
0e8e288a
0642e0db
1846a538
fd81c32d
2188dc6a
1051b6dc
7df91e61
78dafe2a
1c2654e8
d2c32459
0e0ab200
db1853fa
08dd39a3
c7749955
0046a7a3
067e39ce
7894772d
90b6a9ec
8689fbd4
d5a9b2d3
5b4a6794
7437193e
7813beaa
70544330
0b266e36
1fda392b
3803d14f
c297a506
a0370b34
9ef2cc91
a86298d1
f799c82a
143329e7
fd26b6c6
d500ffee
4fc27490
7874548a
1806c186
9f174f87
423d588a
b02402d4
21951789
c3cd5f1c
b3c73d1f
4022e69b
3dc6617a
41a39980
a48908ed
d6140910
7937199a
f24498c5
4a9782f6
4d3b904a
135c08b7
fc4c15ba
de0acf98
870cf65c
dc46981b
8e6b4628
5ba018fb
a42e7bf9
098e8570
7e4301e0
94a0ea01
22af0e1d
6840de9c
47743bc4
296f388b
cb4d9b40
c7d3d95a
e67bf5f1
0ed6fa9a
7e0711ef
f86f907d
09e2e3f6
e49c65a9
68a101b6
51a696c6
6ce3d3f0
d488d7ff
ae46ecba
ad9adf4e
01a67938
9e192245
8b3cedae
f7e04f0b
0b3436d4
34c3aef3
1d3c0aae
8606acb6
c25f8516
e1373e09
5e749819
06331c48
dc21c3bd
a635d44e
95b9e56f
f6bd9923
ef027ed6
27ee64a5
3f2962b1
a57f7c27
625e073b
041b1bf7
5bdc01b0
70efcd9f
f8696197
26f69ee3
9602abc3
bda0debc
0c97c00f
149e8831
ef1a3446
d7752f75
993fda58
4811e863
ec3310eb
17fe8c99
ce461be2
c64e611d
351cb25b
5e6c8948
2f1b6fae
dbaab9e9
f2b937a8
979ce530
764be7f4
f8e67f32
a3b6ee78
2bc11fe5
a5c41aa7
eb3d51fc
ce34bde7
8fc4e3cb
fa23d5e9
8a71e79a
3f077a2d
e5f4bbfc
14d6e295
859d25c4
345124cc
69d4f7b6
77f3e367
fea6bfb7
861ac468
d5689e74
e684e049
ba106a59
8370a485
7151479f
1fea5c95
b1fbda2d
986f3db3
46b1d960
53713d17
a0fb30ab
20a10f1b
d7ce1790
94687a9c
abbd4829
2f357f41
638b67f1
6f634e78
9c959850
2630f897
716cb207
625eac41
c0725ae6
987d363d
e2ed5a92
9f096474
f2e9dedb
182d99fb
6098e527
b941bb85
2d8e5ab3
6f47499e
2370fa0c
5367fa97
29fa92f6
ae4d6cc0
141c0e2a
05057269
f9e5cfa3
4a49b195
6613fcc7
38369e71
744bc341
60736427
a17534a5
2df4924d
a8230995
fdc8b92f
746fe757
fd97e7dc
35442375
07fa3caf
1897c4c5
ddd64548
fa1b5050
69a62bd0
0609dae2
c76955d6
bb5741bf
459f6cf1
0ef13461
920c47bb
48f1eaf0
df2b0b0f
1e6f5aff
065c5ef6
41aaf7ba
1a905ad1
44b3b250
6bc7e675
71c28d21
99cdf6b0
646d2807
b4868a7f
f60e692e
69764e22
3d165c97
b03c8143
98c51ce2
985ec129
b0afe36f
95abeb4b
5cd3fb5a
828220a6
1931084d
11cd471b
dea08478
78d42f1c
86b65020
403b350c
f996a046
357e34e2
ba852815
4e2cad49
1353ec94
29275c1d
72dd7ec5
aa1f14e0
056de5ff
33c035d3
129fb96f
6bf3ea50
61f04127
2cd86783
c153bae6
5db6a645
c457f2d8
7f548407
ca1773fc
1858b709
208c0d74
1cf331c2
f4fe025c
b5b3e76b
b416eb34
a2b65475
68b7af94
8bd5fc04
722dd0d4
c3846a13
0dffb0a0
e06b7ee7
5926a1d1
2b7f38d1
b66a6d6b
5e8f7639
614164a4
59bb7f9b
c41b7db3
d122ae97
65e6c327
13dd5900
86aeb802
adc9c74e
6dae9ff7
b3f05eda
05c59983
b366aa42
a35a163f
01cf9812
3b57f36d
45d9a5f5
d422a0b5
5db7f84f
b350a53f
f5f21ef9
ecec5b70
6dfabdb1
d686bc69
bce01771
505fabd9
dd88d808
6b9c1ff8
b0761ec4
346ce7b9
4316dfff
c7630861
5bcf5f46
1a3a6080
a8a5ae17
1299c684
e8df6dc6
34e94b8f
134f5c7a
4e73d3da
8b2c8b54
3db35591
458db4fe
7086ae11
64408146
e10ece66
f78c22d3
473d7c25
eb83be05
81ac9074
87937cec
3c9d926a
7d29748b
a2cafa61
70de1d8e
ad0a30eb
91bbb990
dd433de8
13701e49
e4c87eb8
bb3699e4
4a0a91e0
7c3b90ba
b26e2952
aa55c4b5
8b5968bc
01bac2c5
b4c1d7a3
ac9635d7
34ac4796
d0d32123
3887e9ef
9729ca1d
60ec4773
ea645c36
3bae8ffa
7b44c63f
0445270a
4a2cc497
01f60ca8
11823457
e90a0844
38791ac8
b2a8054e
480b05e4
3a26fa0b
b5f75464
16ea3175
c4bf794e
7d329495
53162274
5a7d4665
63987c25
eba84b72
e01ccdb5
f7507881
fe8de787
753f2f31
bdad0e99
6b537bf9
04369789
a0625f3f
199d5589
80bf302f
95f55cd1
77f4dad7
3ef09bd5
25b3924e
05db2bf1
3288301f
95fe87db
ee4303ad
f4f44dd0
775047bf
4224adaf
62ba6b85
e207ad17
2dfc341b
661ae0d2
5d07663e
ea600e68
b8fb51fa
3f1dd01e
faf43ac5
37abe7f3
1e8c9381
7567f551
45e1d11c
01614ba8
16b8d1c7
d72c46fe
a0222a56
f4606ac5
084bb9ec
a63ebaed
3239c5dd
ab2b7b74
88bed814
30e1d0d6
47f1c60a
77b058b9
56fce20a
4503388a
dff6e6dd
08949752
1892e49b
5a781f74
a1938d78
6277a2c2
b52bda4a
00e4d52d
3c6c9a28
f7579355
e0baff56
5f6404d4
9bdd005f
565a10dc
c95e3b2f
a6f62cc4
385ecc00
d2dfd269
54f44027
89b03672
060e2330
a10662ff
e9efca65
b40bf9ba
2ca33986
3294326b
c04271c6
0a838085
dccbbc6d
2362ecbf
24b34c5d
6672e4e6
007e6ed3
8334132e
9e1d2ef9
b5205115
3abd9f04
c9a4b104
464579ef
c9d290b9
6b8ab125
a346f5bb
13b052bf
22578998
9ffdc746
75d34be7
f8d65de1
6c57422e
b1fc37f3
d59b28fe
8fab1547
c2e4deec
27095c4b
b67d06ae
ded40474
e8acdd60
9145b51f
84be55ef
9050af9e
cc32f595
7bd29d2e
7f3040dd
6afd71c1
98847712
4ef583fc
9b48717c
260dcfd8
037d4fd0
4f286ced
4baa3097
3c143509
5e5218cc
18dfd886
a74620e9
22c682c7
7345ad12
14561b46
efdbe057
d6605c63
0bec051a
9ca0a7ce
cc210386
c70041f7
ffa41d2e
1d4ec040
36ad5a3a
ded25abc
4910e6fe
2fc57da8
6873799c
e06457ce
0a4e203a
a4fb3e95
668848d2
d3ebcddf
9949ef6a
d0174448
6b97d7e1
f3f7e55d
9383bbbd
283aee4f
938629dd
e540e67a
a8fb1b51
4d7866a7
be68acc4
2bc940ba
68cc9278
a9cc8f11
9e685d53
ea0ae11f
fe0adcdf
b5aa43a6
a91b19d2
7314fd49
c578764a
eabd0fba
5f829add
278e1a6e
0d97583e
2163cc3a
1d965896
f26ea7b9
18762ea6
463663b3
bf1135bd
e6e5c563
8be58b5a
f387b5fb
acd0e415
4b5fd8f9
5cc64a63
609f46f2
854aac4a
15e974b4
a104f43f
1376bab6
4f1deae9
e113cc46
c0ff7c31
1ba025d9
d7616aa6
91b9b5a0
f6183cb1
48b0ce2e
f8e162e2
170efe03
f28c718c
52ea1f72
957af883
7d313cae
ebf519c7
1a410472
f710f154
91d221df
ed21e681
fd637888
8d20cb52
3ac45705
73efe955
0467b39c
0f61ae3e
32471d02
02d9b35d
6de03227
c6ec58bc
8a01df72
dec2e8de
c2b3834e
11b65df0
ff561a69
205d0857
8b778d6b
d70fd888
f8301504
9bddbef1
aed30269
6baa3f1d
b9125b98
097ef3d5
eebdcbf5
8972e492
b44fc17b
9694cc43
e9007bf4
7d662b8a
2b515bc5
ff05bd24
4f9a2377
cee0bcc7
9ae3e080
eb79f389
e6b17c88
781ef185
d75c5438
60c8c0e0
180f9b8b
7b05c400
9615c4a5
3351feda
98666526
ba5c3ea6
e5788086
4a68a4bf
13627e87
ab5bbbeb
23c62bbc
d4ebd551
ddaaffa6
48836110
3546c6bf
9a464f5c
baca7241
d6257251
1d10e02e
0f7d8f14
f38a0d77
88808127
541e8d0c
5217467e
dcb49ad9
e8d073db
1afb0ba0
b7e7d4a0
6f406151
d387598c
21acb252
07e28a96
cb0d3413
27dca000
53d3491e
909affe5
867a7f79
186100da
8b4f3b49
cf6e5f2f
0daeeb99
a45cb457
894f58c8
9a19cc1e
1b5594ee
bcdadf8e
83d9077a
04f1afe1
1d81eb8d
0f8f95fc
9213cd51
7220c990
602e7a3b
17a898ce
e959d27f
848d4fd3
49457ba2
462a3691
61ce3545
b3e8c74a
898ca6e0
0470bff2
8f5ddcce
7106fe05
82ea28d2
93d63e3d
ee7155c6
69675e65
849693c3
c36de84e
e844e417
2bdb1802
066ea56c
46da4a98
26ddcd31
14d6decb
718ad041
6861c833
eb2a3f93
66467890
20c4d217
96705211
1d931e97
a9bf5d02
0ff08680
de41c2c3
7ba04fda
97776c79
e9ec6730
1d57a310
94104ecb
2ee4cdce
641fb902
3059bb84
617ba163
d6bb5682
339cff86
59e58c49
ebf97744
21d051a3
bf2f0cda
8f26ed13
cc24a337
1ff438e9
ce00ace1
210bc7d0
1ccacf36
35967490
61573e40
e9d4aefa
7a75fcdc
ab701fc1
60775ce4
ea555785
53ab3de9
17fc31cb
58350abf
893a0b86
3ab2beda
7e223630
58987777
6c507631
12fbb60c
02d6d5b1
0ad0d3f1
8002ad48
e33bd96f
620abda1
6ead7e86
a5e88337
7b590df2
6619c280
ca4346a5
3a0788e6
e433194a
232ec2b9
0eac9580
5e0d11f7
e0973a9c
b828a299
b7daa75b
7b9a119e
4d92590f
ce497786
294d1604
f6f5e24f
bcdd80e3
8fbdce8a
317eb7ff
01a031a5
a1e158d9
8c901903
589afbfe
acd143fd
48f7e310
36154764
a6e665a0
b114e56a
13bd6b3c
247cbdd9
48a79aaf
4b2de347
321b69d4
ca0fbacb
63676215
ff4cc6eb
23a5064a
aad822fb
9023a6c7
62035e29
a3515bec
bf8d9416
9188d6d0
59b2e8eb
2ea285f3
4ff00be4
26e02705
14e8e07a
8a10dc7a
e729ba37
23fe3589
8fd9254c
3a71325b
76e80c06
663da0b3
b28f3ff1
5009342e
9ff646e4
54e85990
99bcbc38
86bc32de
99921b41
3f29a8c7
58d6220d
4988a68a
0300d237
cd21de3c
4cb0a72c
483a629b
e7972a5c
6a878b1f
1e800d06
3bfae46e
dff76484
5ceb45a0
94eea907
bd6067b7
fa6e9ff2
8cbefc79
63fa2f7f
455a64c7
48e2c793
2c130429
fa35f210
450e0a2f
a9dbb8b1
1bcd81a2
7753598d
247085d3
f7b369d2
bf30e10c
45dfefcf
b4937b89
bfbdeaa2
efd3aff2
ac158590
5240e696
e696053a
65f8b07a
43e31b00
573168d0
cd586170
461899ca
895001ff
ee7de2f6
d9a211fd
f13cc8a0
7a064409
35e9ed9e
48b8d121
35c53090
3c2600e8
6357d8c9
5d965537
688fe0ba
99cbd3d0
2b3d4d90
39dce633
5497d1c1
13f718dc
d2dc763f
8d687a72
afb23e84
ef1960a3
ce18423f
1fd16811
77a18458
c0bb3b33
70612470
2b88a472
bc26cac5
e6fb04eb
78b5b0bf
e81168f4
559349a7
72187cf3
81e8365e
6d9d005b
d8f9c3d2
0bfd284f
98da6c84
30931880
2ffee0a2
1989b9e6
6b444003
2777c36f
b520f51c
8881b2b6
253f403e
116ccb79
4864d762
60e1d12e
ea759e52
33b2bffa
337e3abf
e0186890
5600cb49
19dcaab7
55b602de
d2e81e64
a6550f4c
ce9dce98
25848188
243534d5
eed4f273
39da412f
95362897
3edfea02
5fff1f01
4de01e3a
990487fc
066bf5ff
8253a4ed
4e5e6a8b
764540f2
161b8db4
91c7d807
22c499cb
b7621f5f
dc3c80e7
cc445ce8
cc9fd3af
b52b07ca
caed4eae
26946f22
69b1c49d
0348c747
55774bc3
a087e4eb
79f980a6
c97fd570
bae64c3b
1436d21f
ac076257
dc13af4d
070530b2
95dc2a1a
590927e3
1f407886
c5a5035f
d2e767a1
bb26f6c4
660928c3
7d00992a
29f515b0
1a1aa6f8
f31bcca0
34e0acb8
8b4fe098
497925ef
7303f0cc
e4e304b7
8c5096cd
a4a8919c
08b1f208
c0daa534
eeed3547
a52697d4
c34e02fa
f4f2a068
504ed969
7df67b31
cd2a44c8
7680a166
e7ad6bea
d65898f4
49a4a79b
a446dcd5
6e79e766
1bd2450b
29f669d2
ee4eeee0
0ff9d725
2d51c0f0
670d2efc
5cac9496
825695c9
6cee689f
40b1a072
47db0830
3eddf814
a23ddd87
ba600a6a
c065345b
fb70d82f
348b948a
c7fa06db
229e7fd1
3a1d550e
6f76f064
458ae948
fe929eea
d0446c9a
4dfa5564
cb613f64
fa1b54df
cba582ea
077a4ccd
e464e6be
8c52b86b
ca596b64
6b47720d
418df81a
06dd069a
3874bf69
2fbbf217
efee2efa
6c87ec66
bee41efb
2e66dd36
b88bc003
6ff10a63
7ef0689b
ed9901c7
681a0b3b
b01fd40c
c7059591
edd88b23
3b051338
4de0c60f
bef00cf3
d3737a56
bb9cbfd7
29d9e79b
849bd768
bafdea92
f7374a5c
e0c98410
9165e9bf
898d372d
bd3f8863
e5fd4e11
63d8ecbd
fb9146b1
56ab09c3
d998a97f
64e68482
8b1e5596
a2fb8097
4f605153
854b5e9c
0c1a2058
f2642cb1
09c62d2f
db45c088
5e0e6e0f
a164f5de
f1f866a1
2ba9a90a
15afbf88
40d99f17
70e6f166
e6ed3d5f
51245972
d3143cbb
e6109130
5034d1ae
4fd23103
41a8daf2
4ac8f96e
f6451c95
ea837feb
7506c315
c747c09b
74156066
8a4860e6
13168813
3352c586
846ebfbf
4b8b8ea9
bbbeec8f
4b8b64f2
b7f4a6e9
5eaeb069
495a0862
2298c078
21c9d816
a36a9a65
bdc81af8
a458426d
8e4017f8
cc8ff72f
2b05471a
90fd025c
24850fab
03b5c758
0240d24f
5c744150
2219c729
fbf8ea96
597c1b64
002fff67
25b65117
29059b8f
9c93ad01
a6dd53fc
f4a4209b
9bca4782
9f7d59df
6907e3ae
fde5541a
bbce92ac
06fa04ad
3d633138
03413689
de9e624b
df19ccf1
62d2ad2f
89caf30c
4c6d172f
71491ac0
00000000
00000000
00000000
00000000
00000000
00000000
00000000
00000000
00000000
00000000
00000000
00000000
00000000
00000000
00000000
00000000
00000000
00000000
00000000
00000000
00000000
00000000
00000000
00000000
00000000
00000000
00000000
00000000
00000000
00000000
00000000
00000000
00000000
00000000
00000000
00000000
00000000
00000000
00000000
00000000
00000000
00000000
00000000
00000000
00000000
00000000
00000000
00000000
00000000
00000000
00000000
00000000
00000000
00000000
00000000
00000000
00000000
00000000
00000000
00000000
00000000
00000000
00000000
00000000
00000000
00000000
00000000
00000000
00000000
00000000
00000000
00000000
00000000
00000000
00000000
00000000
00000000
00000000
00000000
00000000
00000000
00000000
00000000
00000000
00000000
00000000
00000000
00000000
00000000
00000000
00000000
00000000
00000000
00000000
00000000
00000000
00000000
00000000
00000000
00000000
00000000
00000000
00000000
00000000
00000000
00000000
00000000
00000000
00000000
00000000
00000000
00000000
00000000
00000000
00000000
00000000
00000000
00000000
00000000
00000000
00000000
00000000
00000000
00000000
00000000
00000000
00000000
00000000
00000000
00000000
00000000
00000000
00000000
00000000
00000000
00000000
00000000
00000000
00000000
00000000
00000000
00000000
00000000
00000000
00000000
00000000
00000000
00000000
00000000
00000000
00000000
00000000
00000000
00000000
00000000
00000000
00000000
00000000
00000000
00000000
00000000
00000000
00000000
00000000
00000000
00000000
00000000
00000000
00000000
00000000
00000000
00000000
00000000
00000000
00000000
00000000
00000000
00000000
00000000
00000000
00000000
00000000
00000000
00000000
00000000
00000000
00000000
00000000
00000000
00000000
00000000
00000000
00000000
00000000
00000000
00000000
00000000
00000000
00000000
00000000
00000000
00000000
00000000
00000000
00000000
00000000
00000000
00000000
00000000
00000000
00000000
00000000
00000000
00000000
00000000
00000000
00000000
00000000
00000000
00000000
00000000
00000000
00000000
00000000
00000000
00000000
00000000
00000000
00000000
00000000
00000000
00000000
00000000
00000000
00000000
00000000
00000000
00000000
00000000
00000000
00000000
00000000
00000000
00000000
00000000
00000000
00000000
00000000
00000000
00000000
00000000
00000000
00000000
00000000
00000000
00000000
00000000
00000000
00000000
00000000
00000000
00000000
00000000
00000000
00000000
00000000
00000000
00000000
00000000
00000000
00000000
00000000
00000000
00000000
00000000
00000000
00000000
00000000
00000000
00000000
00000000
00000000
00000000
00000000
00000000
00000000
00000000
00000000
00000000
00000000
00000000
00000000
00000000
00000000
00000000
00000000
00000000
00000000
00000000
00000000
00000000
00000000
00000000
00000000
00000000
00000000
00000000
00000000
00000000
00000000
00000000
00000000
00000000
00000000
00000000
00000000
00000000
00000000
00000000
00000000
00000000
00000000
00000000
00000000
00000000
00000000
00000000
00000000
00000000
00000000
00000000
00000000
00000000
00000000
00000000
00000000
00000000
00000000
00000000
00000000
00000000
00000000
00000000
00000000
00000000
00000000
00000000
00000000
00000000
00000000
00000000
00000000
00000000
00000000
00000000
00000000
00000000
00000000
00000000
00000000
00000000
00000000
00000000
00000000
00000000
00000000
00000000
00000000
00000000
00000000
00000000
00000000
00000000
00000000
00000000
00000000
00000000
00000000
00000000
00000000
00000000
00000000
00000000
00000000
00000000
00000000
00000000
00000000
00000000
00000000
00000000
00000000
00000000
00000000
00000000
00000000
00000000
00000000
00000000
00000000
00000000
00000000
00000000
00000000
00000000
00000000
00000000
00000000
00000000
00000000
00000000
00000000
00000000
00000000
00000000
00000000
00000000
00000000
00000000
00000000
00000000
00000000
00000000
00000000
00000000
00000000
00000000
00000000
00000000
00000000
00000000
00000000
00000000
00000000
00000000
00000000
00000000
00000000
00000000
00000000
00000000
00000000
00000000
00000000
00000000
00000000
00000000
00000000
00000000
00000000
00000000
00000000
00000000
00000000
00000000
00000000
00000000
00000000
00000000
00000000
00000000
00000000
00000000
00000000
00000000
00000000
00000000
00000000
00000000
00000000
00000000
00000000
00000000
00000000
00000000
00000000
00000000
00000000
00000000
00000000
00000000
00000000
00000000
00000000
00000000
00000000
00000000
00000000
00000000
00000000
00000000
00000000
00000000
00000000
00000000
00000000
00000000
00000000
00000000
00000000
00000000
00000000
00000000
00000000
00000000
00000000
00000000
00000000
00000000
00000000
00000000
00000000
00000000
00000000
00000000
00000000
00000000
00000000
00000000
00000000
00000000
00000000
00000000
00000000
00000000
00000000
00000000
00000000
00000000
00000000
00000000
00000000
00000000
00000000
00000000
00000000
00000000
00000000
00000000
00000000
00000000
00000000
00000000
00000000
00000000
00000000
00000000
00000000
00000000
00000000
00000000
00000000
00000000
00000000
00000000
00000000
00000000
00000000
00000000
00000000
00000000
00000000
00000000
00000000
00000000
00000000
00000000
00000000
00000000
00000000
00000000
00000000
00000000
00000000
00000000
00000000
00000000
00000000
00000000
00000000
00000000
00000000
00000000
00000000
00000000
00000000
00000000
00000000
00000000
00000000
00000000
00000000
00000000
00000000
00000000
00000000
00000000
00000000
00000000
00000000
00000000
00000000
00000000
00000000
00000000
00000000
00000000
00000000
00000000
00000000
00000000
00000000
00000000
00000000
00000000
00000000
00000000
00000000
00000000
00000000
00000000
00000000
00000000
00000000
00000000
00000000
00000000
00000000
00000000
00000000
00000000
00000000
00000000
00000000
00000000
00000000
00000000
00000000
00000000
00000000
00000000
00000000
00000000
00000000
00000000
00000000
00000000
00000000
00000000
00000000
00000000
00000000
00000000
00000000
00000000
00000000
00000000
00000000
00000000
00000000
00000000
00000000
00000000
00000000
00000000
00000000
00000000
00000000
00000000
00000000
00000000
00000000
00000000
00000000
00000000
00000000
00000000
00000000
00000000
00000000
00000000
00000000
00000000
00000000
00000000
00000000
00000000
00000000
00000000
00000000
00000000
00000000
00000000
00000000
00000000
00000000
00000000
00000000
00000000
00000000
00000000
00000000
00000000
00000000
00000000
00000000
00000000
00000000
00000000
00000000
00000000
00000000
00000000
00000000
00000000
00000000
00000000
00000000
00000000
00000000
00000000
00000000
00000000
00000000
00000000
00000000
00000000
00000000
00000000
00000000
00000000
00000000
00000000
00000000
00000000
00000000
00000000
00000000
00000000
00000000
00000000
00000000
00000000
00000000
00000000
00000000
00000000
00000000
00000000
00000000
00000000
00000000
00000000
00000000
00000000
00000000
00000000
00000000
00000000
00000000
00000000
00000000
00000000
00000000
00000000
00000000
00000000
00000000
00000000
00000000
00000000
00000000
00000000
00000000
00000000
00000000
00000000
00000000
00000000
00000000
00000000
00000000
00000000
00000000
00000000
00000000
00000000
00000000
00000000
00000000
00000000
00000000
00000000
00000000
00000000
00000000
00000000
00000000
00000000
00000000
00000000
00000000
00000000
00000000
00000000
00000000
00000000
00000000
00000000
00000000
00000000
00000000
00000000
00000000
00000000
00000000
00000000
00000000
00000000
00000000
00000000
00000000
00000000
00000000
00000000
00000000
00000000
00000000
00000000
00000000
00000000
00000000
00000000
00000000
00000000
00000000
00000000
00000000
00000000
00000000
00000000
00000000
00000000
00000000
00000000
00000000
00000000
00000000
00000000
00000000
00000000
00000000
00000000
00000000
00000000
00000000
00000000
00000000
00000000
00000000
00000000
00000000
00000000
00000000
00000000
00000000
00000000
00000000
00000000
00000000
00000000
00000000
00000000
00000000
00000000
00000000
00000000
00000000
00000000
00000000
00000000
00000000
00000000
00000000
00000000
00000000
00000000
00000000
00000000
00000000
00000000
00000000
00000000
00000000
00000000
00000000
00000000
00000000
00000000
00000000
00000000
00000000
00000000
00000000
00000000
00000000
00000000
00000000
00000000
00000000
00000000
00000000
00000000
00000000
00000000
00000000
00000000
00000000
00000000
00000000
00000000
00000000
00000000
00000000
00000000
00000000
00000000
00000000
00000000
00000000
00000000
00000000
00000000
00000000
00000000
00000000
00000000
00000000
00000000
00000000
00000000
00000000
00000000
00000000
00000000
00000000
00000000
00000000
00000000
00000000
00000000
00000000
00000000
00000000
00000000
00000000
00000000
00000000
00000000
00000000
00000000
00000000
00000000
00000000
00000000
00000000
00000000
00000000
00000000
00000000
00000000
00000000
00000000
00000000
00000000
00000000
00000000
00000000
00000000
00000000
00000000
00000000
00000000
00000000
00000000
00000000
00000000
00000000
00000000
00000000
00000000
00000000
00000000
00000000
00000000
00000000
00000000
00000000
00000000
00000000
00000000
00000000
00000000
00000000
00000000
00000000
00000000
00000000
00000000
00000000
00000000
00000000
00000000
00000000
00000000
00000000
00000000
00000000
00000000
00000000
00000000
00000000
00000000
00000000
00000000
00000000
00000000
00000000
00000000
00000000
00000000
00000000
00000000
00000000
00000000
00000000
00000000
00000000
00000000
00000000
00000000
00000000
00000000
00000000
00000000
00000000
00000000
00000000
00000000
00000000
00000000
00000000
00000000
00000000
00000000
00000000
00000000
00000000
00000000
00000000
00000000
00000000
00000000
00000000
00000000
00000000
00000000
00000000
00000000
00000000
00000000
00000000
00000000
00000000
00000000
00000000
00000000
00000000
00000000
00000000
00000000
00000000
00000000
00000000
00000000
00000000
00000000
00000000
00000000
00000000
00000000
00000000
00000000
00000000
00000000
00000000
00000000
00000000
00000000
00000000
00000000
00000000
00000000
00000000
00000000
00000000
00000000
00000000
00000000
00000000
00000000
00000000
00000000
00000000
00000000
00000000
00000000
00000000
00000000
00000000
00000000
00000000
00000000
00000000
00000000
00000000
00000000
00000000
00000000
00000000
00000000
00000000
00000000
00000000
00000000
00000000
00000000
00000000
00000000
00000000
00000000
00000000
00000000
00000000
00000000
00000000
00000000
00000000
00000000
00000000
00000000
00000000
00000000
00000000
00000000
00000000
00000000
00000000
00000000
00000000
00000000
00000000
00000000
00000000
00000000
00000000
00000000
00000000
00000000
00000000
00000000
00000000
00000000
00000000
00000000
00000000
00000000
00000000
00000000
00000000
00000000
00000000
00000000
00000000
00000000
00000000
00000000
00000000
00000000
00000000
00000000
00000000
00000000
00000000
00000000
00000000
00000000
00000000
00000000
00000000
00000000
00000000
00000000
00000000
00000000
00000000
00000000
00000000
00000000
00000000
00000000
00000000
00000000
00000000
00000000
00000000
00000000
00000000
00000000
00000000
00000000
00000000
00000000
00000000
00000000
00000000
00000000
00000000
00000000
00000000
00000000
00000000
00000000
00000000
00000000
00000000
00000000
00000000
00000000
00000000
00000000
00000000
00000000
00000000
00000000
00000000
00000000
00000000
00000000
00000000
00000000
00000000
00000000
00000000
00000000
00000000
00000000
00000000
00000000
00000000
00000000
00000000
00000000
00000000
00000000
00000000
00000000
00000000
00000000
00000000
00000000
00000000
00000000
00000000
00000000
00000000
00000000
00000000
00000000
00000000
00000000
00000000
00000000
00000000
00000000
00000000
00000000
00000000
00000000
00000000
00000000
00000000
00000000
00000000
00000000
00000000
00000000
00000000
00000000
00000000
00000000
00000000
00000000
00000000
00000000
00000000
00000000
00000000
00000000
00000000
00000000
00000000
00000000
00000000
00000000
00000000
00000000
00000000
00000000
00000000
00000000
00000000
00000000
00000000
00000000
00000000
00000000
00000000
00000000
00000000
00000000
00000000
00000000
00000000
00000000
00000000
00000000
00000000
00000000
00000000
00000000
00000000
00000000
00000000
00000000
00000000
00000000
00000000
00000000
00000000
00000000
00000000
00000000
00000000
00000000
00000000
00000000
00000000
00000000
00000000
00000000
00000000
00000000
00000000
00000000
00000000
00000000
00000000
00000000
00000000
00000000
00000000
00000000
00000000
00000000
00000000
00000000
00000000
00000000
00000000
00000000
00000000
00000000
00000000
00000000
00000000
00000000
00000000
00000000
00000000
00000000
00000000
00000000
00000000
00000000
00000000
00000000
00000000
00000000
00000000
00000000
00000000
00000000
00000000
00000000
00000000
00000000
00000000
00000000
00000000
00000000
00000000
00000000
00000000
00000000
00000000
00000000
00000000
00000000
00000000
00000000
00000000
00000000
00000000
00000000
00000000
00000000
00000000
00000000
00000000
00000000
00000000
00000000
00000000
00000000
00000000
00000000
00000000
00000000
00000000
00000000
00000000
00000000
00000000
00000000
00000000
00000000
00000000
00000000
00000000
00000000
00000000
00000000
00000000
00000000
00000000
00000000
00000000
00000000
00000000
00000000
00000000
00000000
00000000
00000000
00000000
00000000
00000000
00000000
00000000
00000000
00000000
00000000
00000000
00000000
00000000
00000000
00000000
00000000
00000000
00000000
00000000
00000000
00000000
00000000
00000000
00000000
00000000
00000000
00000000
00000000
00000000
00000000
00000000
00000000
00000000
00000000
00000000
00000000
00000000
00000000
00000000
00000000
00000000
00000000
00000000
00000000
00000000
00000000
00000000
00000000
00000000
00000000
00000000
00000000
00000000
00000000
00000000
00000000
00000000
00000000
00000000
00000000
00000000
00000000
00000000
00000000
00000000
00000000
00000000
00000000
00000000
00000000
00000000
00000000
00000000
00000000
00000000
00000000
00000000
00000000
00000000
00000000
00000000
00000000
00000000
00000000
00000000
00000000
00000000
00000000
00000000
00000000
00000000
00000000
00000000
00000000
00000000
00000000
00000000
00000000
00000000
00000000
00000000
00000000
00000000
00000000
00000000
00000000
00000000
00000000
00000000
00000000
00000000
00000000
00000000
00000000
00000000
00000000
00000000
00000000
00000000
00000000
00000000
00000000
00000000
00000000
00000000
00000000
00000000
00000000
00000000
00000000
00000000
00000000
00000000
00000000
00000000
00000000
00000000
00000000
00000000
00000000
00000000
00000000
00000000
00000000
00000000
00000000
00000000
00000000
00000000
00000000
00000000
00000000
00000000
00000000
00000000
00000000
00000000
00000000
00000000
00000000
00000000
00000000
00000000
00000000
00000000
00000000
00000000
00000000
00000000
00000000
00000000
00000000
00000000
00000000
00000000
00000000
00000000
00000000
00000000
00000000
00000000
00000000
00000000
00000000
00000000
00000000
00000000
00000000
00000000
00000000
00000000
00000000
00000000
00000000
00000000
00000000
00000000
00000000
00000000
00000000
00000000
00000000
00000000
00000000
00000000
00000000
00000000
00000000
00000000
00000000
00000000
00000000
00000000
00000000
00000000
00000000
00000000
00000000
00000000
00000000
00000000
00000000
00000000
00000000
00000000
00000000
00000000
00000000
00000000
00000000
00000000
00000000
00000000
00000000
00000000
00000000
00000000
00000000
00000000
00000000
00000000
00000000
00000000
00000000
00000000
00000000
00000000
00000000
00000000
00000000
00000000
00000000
00000000
00000000
00000000
00000000
00000000
00000000
00000000
00000000
00000000
00000000
00000000
00000000
00000000
00000000
00000000
00000000
00000000
00000000
00000000
00000000
00000000
00000000
00000000
00000000
00000000
00000000
00000000
00000000
00000000
00000000
00000000
00000000
00000000
00000000
00000000
00000000
00000000
00000000
00000000
00000000
00000000
00000000
00000000
00000000
00000000
00000000
00000000
00000000
00000000
00000000
00000000
00000000
00000000
00000000
00000000
00000000
00000000
00000000
00000000
00000000
00000000
00000000
00000000
00000000
00000000
00000000
00000000
00000000
00000000
00000000
00000000
00000000
00000000
00000000
00000000
00000000
00000000
00000000
00000000
00000000
00000000
00000000
00000000
00000000
00000000
00000000
00000000
00000000
00000000
00000000
00000000
00000000
00000000
00000000
00000000
00000000
00000000
00000000
00000000
00000000
00000000
00000000
00000000
00000000
00000000
00000000
00000000
00000000
00000000
00000000
00000000
00000000
00000000
00000000
00000000
00000000
00000000
00000000
00000000
00000000
00000000
00000000
00000000
00000000
00000000
00000000
00000000
00000000
00000000
00000000
00000000
00000000
00000000
00000000
00000000
00000000
00000000
00000000
00000000
00000000
00000000
00000000
00000000
00000000
00000000
00000000
00000000
00000000
00000000
00000000
00000000
00000000
00000000
00000000
00000000
00000000
00000000
00000000
00000000
00000000
00000000
00000000
00000000
00000000
00000000
00000000
00000000
00000000
00000000
00000000
00000000
00000000
00000000
00000000
00000000
00000000
00000000
00000000
00000000
00000000
00000000
00000000
00000000
00000000
00000000
00000000
00000000
00000000
00000000
00000000
00000000
00000000
00000000
00000000
00000000
00000000
00000000
00000000
00000000
00000000
00000000
00000000
00000000
00000000
00000000
00000000
00000000
00000000
00000000
00000000
00000000
00000000
00000000
00000000
00000000
00000000
00000000
00000000
00000000
00000000
00000000
00000000
00000000
00000000
00000000
00000000
00000000
00000000
00000000
00000000
00000000
00000000
00000000
00000000
00000000
00000000
00000000
00000000
00000000
00000000
00000000
00000000
00000000
00000000
00000000
00000000
00000000
00000000
00000000
00000000
00000000
00000000
00000000
00000000
00000000
00000000
00000000
00000000
00000000
00000000
00000000
00000000
00000000
00000000
00000000
00000000
00000000
00000000
00000000
00000000
00000000
00000000
00000000
00000000
00000000
00000000
00000000
00000000
00000000
00000000
00000000
00000000
00000000
00000000
00000000
00000000
00000000
00000000
00000000
00000000
00000000
00000000
00000000
00000000
00000000
00000000
00000000
00000000
00000000
00000000
00000000
00000000
00000000
00000000
00000000
00000000
00000000
00000000
00000000
00000000
00000000
00000000
00000000
00000000
00000000
00000000
00000000
00000000
00000000
00000000
00000000
00000000
00000000
00000000
00000000
00000000
00000000
00000000
00000000
00000000
00000000
00000000
00000000
00000000
00000000
00000000
00000000
00000000
00000000
00000000
00000000
00000000
00000000
00000000
00000000
00000000
00000000
00000000
00000000
00000000
00000000
00000000
00000000
00000000
00000000
00000000
00000000
00000000
00000000
00000000
00000000
00000000
00000000
00000000
00000000
00000000
00000000
00000000
00000000
00000000
00000000
00000000
00000000
00000000
00000000
00000000
00000000
00000000
00000000
00000000
00000000
00000000
00000000
00000000
00000000
00000000
00000000
00000000
00000000
00000000
00000000
00000000
00000000
00000000
00000000
00000000
00000000
00000000
00000000
00000000
00000000
00000000
00000000
00000000
00000000
00000000
00000000
00000000
00000000
00000000
00000000
00000000
00000000
00000000
00000000
00000000
00000000
00000000
00000000
00000000
00000000
00000000
00000000
00000000
00000000
00000000
00000000
00000000
00000000
00000000
00000000
00000000
00000000
00000000
00000000
00000000
00000000
00000000
00000000
00000000
00000000
00000000
00000000
00000000
00000000
00000000
00000000
00000000
00000000
00000000
00000000
00000000
00000000
00000000
00000000
00000000
00000000
00000000
00000000
00000000
00000000
00000000
00000000
00000000
00000000
00000000
00000000
00000000
00000000
00000000
00000000
00000000
00000000
00000000
00000000
00000000
00000000
00000000
00000000
00000000
00000000
00000000
00000000
00000000
00000000
00000000
00000000
00000000
00000000
00000000
00000000
00000000
00000000
00000000
00000000
00000000
00000000
00000000
00000000
00000000
00000000
00000000
00000000
00000000
00000000
00000000
00000000
00000000
00000000
00000000
00000000
00000000
00000000
00000000
00000000
00000000
00000000
00000000
00000000
00000000
00000000
00000000
00000000
00000000
00000000
00000000
00000000
00000000
00000000
00000000
00000000
00000000
00000000
00000000
00000000
00000000
00000000
00000000
00000000
00000000
00000000
00000000
00000000
00000000
00000000
00000000
00000000
00000000
00000000
00000000
00000000
00000000
00000000
00000000
00000000
00000000
00000000
00000000
00000000
00000000
00000000
00000000
00000000
00000000
00000000
00000000
00000000
00000000
00000000
00000000
00000000
00000000
00000000
00000000
00000000
00000000
00000000
00000000
00000000
00000000
00000000
00000000
00000000
00000000
00000000
00000000
00000000
00000000
00000000
00000000
00000000
00000000
00000000
00000000
00000000
00000000
00000000
00000000
00000000
00000000
00000000
00000000
00000000
00000000
00000000
00000000
00000000
00000000
00000000
00000000
00000000
00000000
00000000
00000000
00000000
00000000
00000000
00000000
00000000
00000000
00000000
00000000
00000000
00000000
00000000
00000000
00000000
00000000
00000000
00000000
00000000
00000000
00000000
00000000
00000000
00000000
00000000
00000000
00000000
00000000
00000000
00000000
00000000
00000000
00000000
00000000
00000000
00000000
00000000
00000000
00000000
00000000
00000000
00000000
00000000
00000000
00000000
00000000
00000000
00000000
00000000
00000000
00000000
00000000
00000000
00000000
00000000
00000000
00000000
00000000
00000000
00000000
00000000
00000000
00000000
00000000
00000000
00000000
00000000
00000000
00000000
00000000
00000000
00000000
00000000
00000000
00000000
00000000
00000000
00000000
00000000
00000000
00000000
00000000
00000000
00000000
00000000
00000000
00000000
00000000
00000000
00000000
00000000
00000000
00000000
00000000
00000000
00000000
00000000
00000000
00000000
00000000
00000000
00000000
00000000
00000000
00000000
00000000
00000000
00000000
00000000
00000000
00000000
00000000
00000000
00000000
00000000
00000000
00000000
00000000
00000000
00000000
00000000
00000000
00000000
00000000
00000000
00000000
00000000
00000000
00000000
00000000
00000000
00000000
00000000
00000000
00000000
00000000
00000000
00000000
00000000
00000000
00000000
00000000
00000000
00000000
00000000
00000000
00000000
00000000
00000000
00000000
00000000
00000000
00000000
00000000
00000000
00000000
00000000
00000000
00000000
00000000
00000000
00000000
00000000
00000000
00000000
00000000
00000000
00000000
00000000
00000000
00000000
00000000
00000000
00000000
00000000
00000000
00000000
00000000
00000000
00000000
00000000
00000000
00000000
00000000
00000000
00000000
00000000
00000000
00000000
00000000
00000000
00000000
00000000
00000000
00000000
00000000
00000000
00000000
00000000
00000000
00000000
00000000
00000000
00000000
00000000
00000000
00000000
00000000
00000000
00000000
00000000
00000000
00000000
00000000
00000000
00000000
00000000
00000000
00000000
00000000
00000000
00000000
00000000
00000000
00000000
00000000
00000000
00000000
00000000
00000000
00000000
00000000
00000000
00000000
00000000
00000000
00000000
00000000
00000000
00000000
00000000
00000000
00000000
00000000
00000000
00000000
00000000
00000000
00000000
00000000
00000000
00000000
00000000
00000000
00000000
00000000
00000000
00000000
00000000
00000000
00000000
00000000
00000000
00000000
00000000
00000000
00000000
00000000
00000000
00000000
00000000
00000000
00000000
00000000
00000000
00000000
00000000
00000000
00000000
00000000
00000000
00000000
00000000
00000000
00000000
00000000
00000000
00000000
00000000
00000000
00000000
00000000
00000000
00000000
00000000
00000000
00000000
00000000
00000000
00000000
00000000
00000000
00000000
00000000
00000000
00000000
00000000
00000000
00000000
00000000
00000000
00000000
00000000
00000000
00000000
00000000
00000000
00000000
00000000
00000000
00000000
00000000
00000000
00000000
00000000
00000000
00000000
00000000
00000000
00000000
00000000
00000000
00000000
00000000
00000000
00000000
00000000
00000000
00000000
00000000
00000000
00000000
00000000
00000000
00000000
00000000
00000000
00000000
00000000
00000000
00000000
00000000
00000000
00000000
00000000
00000000
00000000
00000000
00000000
00000000
00000000
00000000
00000000
00000000
00000000
00000000
00000000
00000000
00000000
00000000
00000000
00000000
00000000
00000000
00000000
00000000
00000000
00000000
00000000
00000000
00000000
00000000
00000000
00000000
00000000
00000000
00000000
00000000
00000000
00000000
00000000
00000000
00000000
00000000
00000000
00000000
00000000
00000000
00000000
00000000
00000000
00000000
00000000
00000000
00000000
00000000
00000000
00000000
00000000
00000000
00000000
00000000
00000000
00000000
00000000
00000000
00000000
00000000
00000000
00000000
00000000
00000000
00000000
00000000
00000000
00000000
00000000
00000000
00000000
00000000
00000000
00000000
00000000
00000000
00000000
00000000
00000000
00000000
00000000
00000000
00000000
00000000
00000000
00000000
00000000
00000000
00000000
00000000
00000000
00000000
00000000
00000000
00000000
00000000
00000000
00000000
00000000
00000000
00000000
00000000
00000000
00000000
00000000
00000000
00000000
00000000
00000000
00000000
00000000
00000000
00000000
00000000
00000000
00000000
00000000
00000000
00000000
00000000
00000000
00000000
00000000
00000000
00000000
00000000
00000000
00000000
00000000
00000000
00000000
00000000
00000000
00000000
00000000
00000000
00000000
00000000
00000000
00000000
00000000
00000000
00000000
00000000
00000000
00000000
00000000
00000000
00000000
00000000
00000000
00000000
00000000
00000000
00000000
00000000
00000000
00000000
00000000
00000000
00000000
00000000
00000000
00000000
00000000
00000000
00000000
00000000
00000000
00000000
00000000
00000000
00000000
00000000
00000000
00000000
00000000
00000000
00000000
00000000
00000000
00000000
00000000
00000000
00000000
00000000
00000000
00000000
00000000
00000000
00000000
00000000
00000000
00000000
00000000
00000000
00000000
00000000
00000000
00000000
00000000
00000000
00000000
00000000
00000000
00000000
00000000
00000000
00000000
00000000
00000000
00000000
00000000
00000000
00000000
00000000
00000000
00000000
00000000
00000000
00000000
00000000
00000000
00000000
00000000
00000000
00000000
00000000
00000000
00000000
00000000
00000000
00000000
00000000
00000000
00000000
00000000
00000000
00000000
00000000
00000000
00000000
00000000
00000000
00000000
00000000
00000000
00000000
00000000
00000000
00000000
00000000
00000000
00000000
00000000
00000000
00000000
00000000
00000000
00000000
00000000
00000000
00000000
00000000
00000000
00000000
00000000
00000000
00000000
00000000
00000000
00000000
00000000
00000000
00000000
00000000
00000000
00000000
00000000
00000000
00000000
00000000
00000000
00000000
00000000
00000000
00000000
00000000
00000000
00000000
00000000
00000000
00000000
00000000
00000000
00000000
00000000
00000000
00000000
00000000
00000000
00000000
00000000
00000000
00000000
00000000
00000000
00000000
00000000
00000000
00000000
00000000
00000000
00000000
00000000
00000000
00000000
00000000
00000000
00000000
00000000
00000000
00000000
00000000
00000000
00000000
00000000
00000000
00000000
00000000
00000000
00000000
00000000
00000000
00000000
00000000
00000000
00000000
00000000
00000000
00000000
00000000
00000000
00000000
00000000
00000000
00000000
00000000
00000000
00000000
00000000
00000000
00000000
00000000
00000000
00000000
00000000
00000000
00000000
00000000
00000000
00000000
00000000
00000000
00000000
00000000
00000000
00000000
00000000
00000000
00000000
00000000
00000000
00000000
00000000
00000000
00000000
00000000
00000000
00000000
00000000
00000000
00000000
00000000
00000000
00000000
00000000
00000000
00000000
00000000
00000000
00000000
00000000
00000000
00000000
00000000
00000000
00000000
00000000
00000000
00000000
00000000
00000000
00000000
00000000
00000000
00000000
00000000
00000000
00000000
00000000
00000000
00000000
00000000
00000000
00000000
00000000
00000000
00000000
00000000
00000000
00000000
00000000
00000000
00000000
00000000
00000000
00000000
00000000
00000000
00000000
00000000
00000000
00000000
00000000
00000000
00000000
00000000
00000000
00000000
00000000
00000000
00000000
00000000
00000000
00000000
00000000
00000000
00000000
00000000
00000000
00000000
00000000
00000000
00000000
00000000
00000000
00000000
00000000
00000000
00000000
00000000
00000000
00000000
00000000
00000000
00000000
00000000
00000000
00000000
00000000
00000000
00000000
00000000
00000000
00000000
00000000
00000000
00000000
00000000
00000000
00000000
00000000
00000000
00000000
00000000
00000000
00000000
00000000
00000000
00000000
00000000
00000000
00000000
00000000
00000000
00000000
00000000
00000000
00000000
00000000
00000000
00000000
00000000
00000000
00000000
00000000
00000000
00000000
00000000
00000000
00000000
00000000
00000000
00000000
00000000
00000000
00000000
00000000
00000000
00000000
00000000
00000000
00000000
00000000
00000000
00000000
00000000
00000000
00000000
00000000
00000000
00000000
00000000
00000000
00000000
00000000
00000000
00000000
00000000
00000000
00000000
00000000
00000000
00000000
00000000
00000000
00000000
00000000
00000000
00000000
00000000
00000000
00000000
00000000
00000000
00000000
00000000
00000000
00000000
00000000
00000000
00000000
00000000
00000000
00000000
00000000
00000000
00000000
00000000
00000000
00000000
00000000
00000000
00000000
00000000
00000000
00000000
00000000
00000000
00000000
00000000
00000000
00000000
00000000
00000000
00000000
00000000
00000000
00000000
00000000
00000000
00000000
00000000
00000000
00000000
00000000
00000000
00000000
00000000
00000000
00000000
00000000
00000000
00000000
00000000
00000000
00000000
00000000
00000000
00000000
00000000
00000000
00000000
00000000
00000000
00000000
00000000
00000000
00000000
00000000
00000000
00000000
00000000
00000000
00000000
00000000
00000000
00000000
00000000
00000000
00000000
00000000
00000000
00000000
00000000
00000000
00000000
00000000
00000000
00000000
00000000
00000000
00000000
00000000
00000000
00000000
00000000
00000000
00000000
00000000
00000000
00000000
00000000
00000000
00000000
00000000
00000000
00000000
00000000
00000000
00000000
00000000
00000000
00000000
00000000
00000000
00000000
00000000
00000000
00000000
00000000
00000000
00000000
00000000
00000000
00000000
00000000
00000000
00000000
00000000
00000000
00000000
00000000
00000000
00000000
00000000
00000000
00000000
00000000
00000000
00000000
00000000
00000000
00000000
00000000
00000000
00000000
00000000
00000000
00000000
00000000
00000000
00000000
00000000
00000000
00000000
00000000
00000000
00000000
00000000
00000000
00000000
00000000
00000000
00000000
00000000
00000000
00000000
00000000
00000000
00000000
00000000
00000000
00000000
00000000
00000000
00000000
00000000
00000000
00000000
00000000
00000000
00000000
00000000
00000000
00000000
00000000
00000000
00000000
00000000
00000000
00000000
00000000
00000000
00000000
00000000
00000000
00000000
00000000
00000000
00000000
00000000
00000000
00000000
00000000
00000000
00000000
00000000
00000000
00000000
00000000
00000000
00000000
00000000
00000000
00000000
00000000
00000000
00000000
00000000
00000000
00000000
00000000
00000000
00000000
00000000
00000000
00000000
00000000
00000000
00000000
00000000
00000000
00000000
00000000
00000000
00000000
00000000
00000000
00000000
00000000
00000000
00000000
00000000
00000000
00000000
00000000
00000000
00000000
00000000
00000000
00000000
00000000
00000000
00000000
00000000
00000000
00000000
00000000
00000000
00000000
00000000
00000000
00000000
00000000
00000000
00000000
00000000
00000000
00000000
00000000
00000000
00000000
00000000
00000000
00000000
00000000
00000000
00000000
00000000
00000000
00000000
00000000
00000000
00000000
00000000
00000000
00000000
00000000
00000000
00000000
00000000
00000000
00000000
00000000
00000000
00000000
00000000
00000000
00000000
00000000
00000000
00000000
00000000
00000000
00000000
00000000
00000000
00000000
00000000
00000000
00000000
00000000
00000000
00000000
00000000
00000000
00000000
00000000
00000000
00000000
00000000
00000000
00000000
00000000
00000000
00000000
00000000
00000000
00000000
00000000
00000000
00000000
00000000
00000000
00000000
00000000
00000000
00000000
00000000
00000000
00000000
00000000
00000000
00000000
00000000
00000000
00000000
00000000
00000000
00000000
00000000
00000000
00000000
00000000
00000000
00000000
00000000
00000000
00000000
00000000
00000000
00000000
00000000
00000000
00000000
00000000
00000000
00000000
00000000
00000000
00000000
00000000
00000000
00000000
00000000
00000000
00000000
00000000
00000000
00000000
00000000
00000000
00000000
00000000
00000000
00000000
00000000
00000000
00000000
00000000
00000000
00000000
00000000
00000000
00000000
00000000
00000000
00000000
00000000
00000000
00000000
00000000
00000000
00000000
00000000
00000000
00000000
00000000
00000000
00000000
00000000
00000000
00000000
00000000
00000000
00000000
00000000
00000000
00000000
00000000
00000000
00000000
00000000
00000000
00000000
00000000
00000000
00000000
00000000
00000000
00000000
00000000
00000000
00000000
00000000
00000000
00000000
00000000
00000000
00000000
00000000
00000000
00000000
00000000
00000000
00000000
00000000
00000000
00000000
00000000
00000000
00000000
00000000
00000000
00000000
00000000
00000000
00000000
00000000
00000000
00000000
00000000
00000000
00000000
00000000
00000000
00000000
00000000
00000000
00000000
00000000
00000000
00000000
00000000
00000000
00000000
00000000
00000000
00000000
00000000
00000000
00000000
00000000
00000000
00000000
00000000
00000000
00000000
00000000
00000000
00000000
00000000
00000000
00000000
00000000
00000000
00000000
00000000
00000000
00000000
00000000
00000000
00000000
00000000
00000000
00000000
00000000
00000000
00000000
00000000
00000000
00000000
00000000
00000000
00000000
00000000
00000000
00000000
00000000
00000000
00000000
00000000
00000000
00000000
00000000
00000000
00000000
00000000
00000000
00000000
00000000
00000000
00000000
00000000
00000000
00000000
00000000
00000000
00000000
00000000
00000000
00000000
00000000
00000000
00000000
00000000
00000000
00000000
00000000
00000000
00000000
00000000
00000000
00000000
00000000
00000000
00000000
00000000
00000000
00000000
00000000
00000000
00000000
00000000
00000000
00000000
00000000
00000000
00000000
00000000
00000000
00000000
00000000
00000000
00000000
00000000
00000000
00000000
00000000
00000000
00000000
00000000
00000000
00000000
00000000
00000000
00000000
00000000
00000000
00000000
00000000
00000000
00000000
00000000
00000000
00000000
00000000
00000000
00000000
00000000
00000000
00000000
00000000
00000000
00000000
00000000
00000000
00000000
00000000
00000000
00000000
00000000
00000000
00000000
00000000
00000000
00000000
00000000
00000000
00000000
00000000
00000000
00000000
00000000
00000000
00000000
00000000
00000000
00000000
00000000
00000000
00000000
00000000
00000000
00000000
00000000
00000000
00000000
00000000
00000000
00000000
00000000
00000000
00000000
00000000
00000000
00000000
00000000
00000000
00000000
00000000
00000000
00000000
00000000
00000000
00000000
00000000
00000000
00000000
00000000
00000000
00000000
00000000
00000000
00000000
00000000
00000000
00000000
00000000
00000000
00000000
00000000
00000000
00000000
00000000
00000000
00000000
00000000
00000000
00000000
00000000
00000000
00000000
00000000
00000000
00000000
00000000
00000000
00000000
00000000
00000000
00000000
00000000
00000000
00000000
00000000
00000000
00000000
00000000
00000000
00000000
00000000
00000000
00000000
00000000
00000000
00000000
00000000
00000000
00000000
00000000
00000000
00000000
00000000
00000000
00000000
00000000
00000000
00000000
00000000
00000000
00000000
00000000
00000000
00000000
00000000
00000000
00000000
00000000
00000000
00000000
00000000
00000000
00000000
00000000
00000000
00000000
00000000
00000000
00000000
00000000
00000000
00000000
00000000
00000000
00000000
00000000
00000000
00000000
00000000
00000000
00000000
00000000
00000000
00000000
00000000
00000000
00000000
00000000
00000000
00000000
00000000
00000000
00000000
00000000
00000000
00000000
00000000
00000000
00000000
00000000
00000000
00000000
00000000
00000000
00000000
00000000
00000000
00000000
00000000
00000000
00000000
00000000
00000000
00000000
00000000
00000000
00000000
00000000
00000000
00000000
00000000
00000000
00000000
00000000
00000000
00000000
00000000
00000000
00000000
00000000
00000000
00000000
00000000
00000000
00000000
00000000
00000000
00000000
00000000
00000000
00000000
00000000
00000000
00000000
00000000
00000000
00000000
00000000
00000000
00000000
00000000
00000000
00000000
00000000
00000000
00000000
00000000
00000000
00000000
00000000
00000000
00000000
00000000
00000000
00000000
00000000
00000000
00000000
00000000
00000000
00000000
00000000
00000000
00000000
00000000
00000000
00000000
00000000
00000000
00000000
00000000
00000000
00000000
00000000
00000000
00000000
00000000
00000000
00000000
00000000
00000000
00000000
00000000
00000000
00000000
00000000
00000000
00000000
00000000
00000000
00000000
00000000
00000000
00000000
00000000
00000000
00000000
00000000
00000000
00000000
00000000
00000000
00000000
00000000
00000000
00000000
00000000
00000000
00000000
00000000
00000000
00000000
00000000
00000000
00000000
00000000
00000000
00000000
00000000
00000000
00000000
00000000
00000000
00000000
00000000
00000000
00000000
00000000
00000000
00000000
00000000
00000000
00000000
00000000
00000000
00000000
00000000
00000000
00000000
00000000
00000000
00000000
00000000
00000000
00000000
00000000
00000000
00000000
00000000
00000000
00000000
00000000
00000000
00000000
00000000
00000000
00000000
00000000
00000000
00000000
00000000
00000000
00000000
00000000
00000000
00000000
00000000
00000000
00000000
00000000
00000000
00000000
00000000
00000000
00000000
00000000
00000000
00000000
00000000
00000000
00000000
00000000
00000000
00000000
00000000
00000000
00000000
00000000
00000000
00000000
00000000
00000000
00000000
00000000
00000000
00000000
00000000
00000000
00000000
00000000
00000000
00000000
00000000
00000000
00000000
00000000
00000000
00000000
00000000
00000000
00000000
00000000
00000000
00000000
00000000
00000000
00000000
00000000
00000000
00000000
00000000
00000000
00000000
00000000
00000000
00000000
00000000
00000000
00000000
00000000
00000000
00000000
00000000
00000000
00000000
00000000
00000000
00000000
00000000
00000000
00000000
00000000
00000000
00000000
00000000
00000000
00000000
00000000
00000000
00000000
00000000
00000000
00000000
00000000
00000000
00000000
00000000
00000000
00000000
00000000
00000000
00000000
00000000
00000000
00000000
00000000
00000000
00000000
00000000
00000000
00000000
00000000
00000000
00000000
00000000
00000000
00000000
00000000
00000000
00000000
00000000
00000000
00000000
00000000
00000000
00000000
00000000
00000000
00000000
00000000
00000000
00000000
00000000
00000000
00000000
00000000
00000000
00000000
00000000
00000000
00000000
00000000
00000000
00000000
00000000
00000000
00000000
00000000
00000000
00000000
00000000
00000000
00000000
00000000
00000000
00000000
00000000
00000000
00000000
00000000
00000000
00000000
00000000
00000000
00000000
00000000
00000000
00000000
00000000
00000000
00000000
00000000
00000000
00000000
00000000
00000000
00000000
00000000
00000000
00000000
00000000
00000000
00000000
00000000
00000000
00000000
00000000
00000000
00000000
00000000
00000000
00000000
00000000
00000000
00000000
00000000
00000000
00000000
00000000
00000000
00000000
00000000
00000000
00000000
00000000
00000000
00000000
00000000
00000000
00000000
00000000
00000000
00000000
00000000
00000000
00000000
00000000
00000000
00000000
00000000
00000000
00000000
00000000
00000000
00000000
00000000
00000000
00000000
00000000
00000000
00000000
00000000
00000000
00000000
00000000
00000000
00000000
00000000
00000000
00000000
00000000
00000000
00000000
00000000
00000000
00000000
00000000
00000000
00000000
00000000
00000000
00000000
00000000
00000000
00000000
00000000
00000000
00000000
00000000
00000000
00000000
00000000
00000000
00000000
00000000
00000000
00000000
00000000
00000000
00000000
00000000
00000000
00000000
00000000
00000000
00000000
00000000
00000000
00000000
00000000
00000000
00000000
00000000
00000000
00000000
00000000
00000000
00000000
00000000
00000000
00000000
00000000
00000000
00000000
00000000
00000000
00000000
00000000
00000000
00000000
00000000
00000000
00000000
00000000
00000000
00000000
00000000
00000000
00000000
00000000
00000000
00000000
00000000
00000000
00000000
00000000
00000000
00000000
00000000
00000000
00000000
00000000
00000000
00000000
00000000
00000000
00000000
00000000
00000000
00000000
00000000
00000000
00000000
00000000
00000000
00000000
00000000
00000000
00000000
00000000
00000000
00000000
00000000
00000000
00000000
00000000
00000000
00000000
00000000
00000000
00000000
00000000
00000000
00000000
00000000
00000000
00000000
00000000
00000000
00000000
00000000
00000000
00000000
00000000
00000000
00000000
00000000
00000000
00000000
00000000
00000000
00000000
00000000
00000000
00000000
00000000
00000000
00000000
00000000
00000000
00000000
00000000
00000000
00000000
00000000
00000000
00000000
00000000
00000000
00000000
00000000
00000000
00000000
00000000
00000000
00000000
00000000
00000000
00000000
00000000
00000000
00000000
00000000
00000000
00000000
00000000
00000000
00000000
00000000
00000000
00000000
00000000
00000000
00000000
00000000
00000000
00000000
00000000
00000000
00000000
00000000
00000000
00000000
00000000
00000000
00000000
00000000
00000000
00000000
00000000
00000000
00000000
00000000
00000000
00000000
00000000
00000000
00000000
00000000
00000000
00000000
00000000
00000000
00000000
00000000
00000000
00000000
00000000
00000000
00000000
00000000
00000000
00000000
00000000
00000000
00000000
00000000
00000000
00000000
00000000
00000000
00000000
00000000
00000000
00000000
00000000
00000000
00000000
00000000
00000000
00000000
00000000
00000000
00000000
00000000
00000000
00000000
00000000
00000000
00000000
00000000
00000000
00000000
00000000
00000000
00000000
00000000
00000000
00000000
00000000
00000000
00000000
00000000
00000000
00000000
00000000
00000000
00000000
00000000
00000000
00000000
00000000
00000000
00000000
00000000
00000000
00000000
00000000
00000000
00000000
00000000
00000000
00000000
00000000
00000000
00000000
00000000
00000000
00000000
00000000
00000000
00000000
00000000
00000000
00000000
00000000
00000000
00000000
00000000
00000000
00000000
00000000
00000000
00000000
00000000
00000000
00000000
00000000
00000000
00000000
00000000
00000000
00000000
00000000
00000000
00000000
00000000
00000000
00000000
00000000
00000000
00000000
00000000
00000000
00000000
00000000
00000000
00000000
00000000
00000000
00000000
00000000
00000000
00000000
00000000
00000000
00000000
00000000
00000000
00000000
00000000
00000000
00000000
00000000
00000000
00000000
00000000
00000000
00000000
00000000
00000000
00000000
00000000
00000000
00000000
00000000
00000000
00000000
00000000
00000000
00000000
00000000
00000000
00000000
00000000
00000000
00000000
00000000
00000000
00000000
00000000
00000000
00000000
00000000
00000000
00000000
00000000
00000000
00000000
00000000
00000000
00000000
00000000
00000000
00000000
00000000
00000000
00000000
00000000
00000000
00000000
00000000
00000000
00000000
00000000
00000000
00000000
00000000
00000000
00000000
00000000
00000000
00000000
00000000
00000000
00000000
00000000
00000000
00000000
00000000
00000000
00000000
00000000
00000000
00000000
00000000
00000000
00000000
00000000
00000000
00000000
00000000
00000000
00000000
00000000
00000000
00000000
00000000
00000000
00000000
00000000
00000000
00000000
00000000
00000000
00000000
00000000
00000000
00000000
00000000
00000000
00000000
00000000
00000000
00000000
00000000
00000000
00000000
00000000
00000000
00000000
00000000
00000000
00000000
00000000
00000000
00000000
00000000
00000000
00000000
00000000
00000000
00000000
00000000
00000000
00000000
00000000
00000000
00000000
00000000
00000000
00000000
00000000
00000000
00000000
00000000
00000000
00000000
00000000
00000000
00000000
00000000
00000000
00000000
00000000
00000000
00000000
00000000
00000000
00000000
00000000
00000000
00000000
00000000
00000000
00000000
00000000
00000000
00000000
00000000
00000000
00000000
00000000
00000000
00000000
00000000
00000000
00000000
00000000
00000000
00000000
00000000
00000000
00000000
00000000
00000000
00000000
00000000
00000000
00000000
00000000
00000000
00000000
00000000
00000000
00000000
00000000
00000000
00000000
00000000
00000000
00000000
00000000
00000000
00000000
00000000
00000000
00000000
00000000
00000000
00000000
00000000
00000000
00000000
00000000
00000000
00000000
00000000
00000000
00000000
00000000
00000000
00000000
00000000
00000000
00000000
00000000
00000000
00000000
00000000
00000000
00000000
00000000
00000000
00000000
00000000
00000000
00000000
00000000
00000000
00000000
00000000
00000000
00000000
00000000
00000000
00000000
00000000
00000000
00000000
00000000
00000000
00000000
00000000
00000000
00000000
00000000
00000000
00000000
00000000
00000000
00000000
00000000
00000000
00000000
00000000
00000000
00000000
00000000
00000000
00000000
00000000
00000000
00000000
00000000
00000000
00000000
00000000
00000000
00000000
00000000
00000000
00000000
00000000
00000000
00000000
00000000
00000000
00000000
00000000
00000000
00000000
00000000
00000000
00000000
00000000
00000000
00000000
00000000
00000000
00000000
00000000
00000000
00000000
00000000
00000000
00000000
00000000
00000000
00000000
00000000
00000000
00000000
00000000
00000000
00000000
00000000
00000000
00000000
00000000
00000000
00000000
00000000
00000000
00000000
00000000
00000000
00000000
00000000
00000000
00000000
00000000
00000000
00000000
00000000
00000000
00000000
00000000
00000000
00000000
00000000
00000000
00000000
00000000
00000000
00000000
00000000
00000000
00000000
00000000
00000000
00000000
00000000
00000000
00000000
00000000
00000000
00000000
00000000
00000000
00000000
00000000
00000000
00000000
00000000
00000000
00000000
00000000
00000000
00000000
00000000
00000000
00000000
00000000
00000000
00000000
00000000
00000000
00000000
00000000
00000000
00000000
00000000
00000000
00000000
00000000
00000000
00000000
00000000
00000000
00000000
00000000
00000000
00000000
00000000
00000000
00000000
00000000
00000000
00000000
00000000
00000000
00000000
00000000
00000000
00000000
00000000
00000000
00000000
00000000
00000000
00000000
00000000
00000000
00000000
00000000
00000000
00000000
00000000
00000000
00000000
00000000
00000000
00000000
00000000
00000000
00000000
00000000
00000000
00000000
00000000
00000000
00000000
00000000
00000000
00000000
00000000
00000000
00000000
00000000
00000000
00000000
00000000
00000000
00000000
00000000
00000000
00000000
00000000
00000000
00000000
00000000
00000000
00000000
00000000
00000000
00000000
00000000
00000000
00000000
00000000
00000000
00000000
00000000
00000000
00000000
00000000
00000000
00000000
00000000
00000000
00000000
00000000
00000000
00000000
00000000
00000000
00000000
00000000
00000000
00000000
00000000
00000000
00000000
00000000
00000000
00000000
00000000
00000000
00000000
00000000
00000000
00000000
00000000
00000000
00000000
00000000
00000000
00000000
00000000
00000000
00000000
00000000
00000000
00000000
00000000
00000000
00000000
00000000
00000000
00000000
00000000
00000000
00000000
00000000
00000000
00000000
00000000
00000000
00000000
00000000
00000000
00000000
00000000
00000000
00000000
00000000
00000000
00000000
00000000
00000000
00000000
00000000
00000000
00000000
00000000
00000000
00000000
00000000
00000000
00000000
00000000
00000000
00000000
00000000
00000000
00000000
00000000
00000000
00000000
00000000
00000000
00000000
00000000
00000000
00000000
00000000
00000000
00000000
00000000
00000000
00000000
00000000
00000000
00000000
00000000
00000000
00000000
00000000
00000000
00000000
00000000
00000000
00000000
00000000
00000000
00000000
00000000
00000000
00000000
00000000
00000000
00000000
00000000
00000000
00000000
00000000
00000000
00000000
00000000
00000000
00000000
00000000
00000000
00000000
00000000
00000000
00000000
00000000
00000000
00000000
00000000
00000000
00000000
00000000
00000000
00000000
00000000
00000000
00000000
00000000
00000000
00000000
00000000
00000000
00000000
00000000
00000000
00000000
00000000
00000000
00000000
00000000
00000000
00000000
00000000
00000000
00000000
00000000
00000000
00000000
00000000
00000000
00000000
00000000
00000000
00000000
00000000
00000000
00000000
00000000
00000000
00000000
00000000
00000000
00000000
00000000
00000000
00000000
00000000
00000000
00000000
00000000
00000000
00000000
00000000
00000000
00000000
00000000
00000000
00000000
00000000
00000000
00000000
00000000
00000000
00000000
00000000
00000000
00000000
00000000
00000000
00000000
00000000
00000000
00000000
00000000
00000000
00000000
00000000
00000000
00000000
00000000
00000000
00000000
00000000
00000000
00000000
00000000
00000000
00000000
00000000
00000000
00000000
00000000
00000000
00000000
00000000
00000000
00000000
00000000
00000000
00000000
00000000
00000000
00000000
00000000
00000000
00000000
00000000
00000000
00000000
00000000
00000000
00000000
00000000
00000000
00000000
00000000
00000000
00000000
00000000
00000000
00000000
00000000
00000000
00000000
00000000
00000000
00000000
00000000
00000000
00000000
00000000
00000000
00000000
00000000
00000000
00000000
00000000
00000000
00000000
00000000
00000000
00000000
00000000
00000000
00000000
00000000
00000000
00000000
00000000
00000000
00000000
00000000
00000000
00000000
00000000
00000000
00000000
00000000
00000000
00000000
00000000
00000000
00000000
00000000
00000000
00000000
00000000
00000000
00000000
00000000
00000000
00000000
00000000
00000000
00000000
00000000
00000000
00000000
00000000
00000000
00000000
00000000
00000000
00000000
00000000
00000000
00000000
00000000
00000000
00000000
00000000
00000000
00000000
00000000
00000000
00000000
00000000
00000000
00000000
00000000
00000000
00000000
00000000
00000000
00000000
00000000
00000000
00000000
00000000
00000000
00000000
00000000
00000000
00000000
00000000
00000000
00000000
00000000
00000000
00000000
00000000
00000000
00000000
00000000
00000000
00000000
00000000
00000000
00000000
00000000
00000000
00000000
00000000
00000000
00000000
00000000
00000000
00000000
00000000
00000000
00000000
00000000
00000000
00000000
00000000
00000000
00000000
00000000
00000000
00000000
00000000
00000000
00000000
00000000
00000000
00000000
00000000
00000000
00000000
00000000
00000000
00000000
00000000
00000000
00000000
00000000
00000000
00000000
00000000
00000000
00000000
00000000
00000000
00000000
00000000
00000000
00000000
00000000
00000000
00000000
00000000
00000000
00000000
00000000
00000000
00000000
00000000
00000000
00000000
00000000
00000000
00000000
00000000
00000000
00000000
00000000
00000000
00000000
00000000
00000000
00000000
00000000
00000000
00000000
00000000
00000000
00000000
00000000
00000000
00000000
00000000
00000000
00000000
00000000
00000000
00000000
00000000
00000000
00000000
00000000
00000000
00000000
00000000
00000000
00000000
00000000
00000000
00000000
00000000
00000000
00000000
00000000
00000000
00000000
00000000
00000000
00000000
00000000
00000000
00000000
00000000
00000000
00000000
00000000
00000000
00000000
00000000
00000000
00000000
00000000
00000000
00000000
00000000
00000000
00000000
00000000
00000000
00000000
00000000
00000000
00000000
00000000
00000000
00000000
00000000
00000000
00000000
00000000
00000000
00000000
00000000
00000000
00000000
00000000
00000000
00000000
00000000
00000000
00000000
00000000
00000000
00000000
00000000
00000000
00000000
00000000
00000000
00000000
00000000
00000000
00000000
00000000
00000000
00000000
00000000
00000000
00000000
00000000
00000000
00000000
00000000
00000000
00000000
00000000
00000000
00000000
00000000
00000000
00000000
00000000
00000000
00000000
00000000
00000000
00000000
00000000
00000000
00000000
00000000
00000000
00000000
00000000
00000000
00000000
00000000
00000000
00000000
00000000
00000000
00000000
00000000
00000000
00000000
00000000
00000000
00000000
00000000
00000000
00000000
00000000
00000000
00000000
00000000
00000000
00000000
00000000
00000000
00000000
00000000
00000000
00000000
00000000
00000000
00000000
00000000
00000000
00000000
00000000
00000000
00000000
00000000
00000000
00000000
00000000
00000000
00000000
00000000
00000000
00000000
00000000
00000000
00000000
00000000
00000000
00000000
00000000
00000000
00000000
00000000
00000000
00000000
00000000
00000000
00000000
00000000
00000000
00000000
00000000
00000000
00000000
00000000
00000000
00000000
00000000
00000000
00000000
00000000
00000000
00000000
00000000
00000000
00000000
00000000
00000000
00000000
00000000
00000000
00000000
00000000
00000000
00000000
00000000
00000000
00000000
00000000
00000000
00000000
00000000
00000000
00000000
00000000
00000000
00000000
00000000
00000000
00000000
00000000
00000000
00000000
00000000
00000000
00000000
00000000
00000000
00000000
00000000
00000000
00000000
00000000
00000000
00000000
00000000
00000000
00000000
00000000
00000000
00000000
00000000
00000000
00000000
00000000
00000000
00000000
00000000
00000000
00000000
00000000
00000000
00000000
00000000
00000000
00000000
00000000
00000000
00000000
00000000
00000000
00000000
00000000
00000000
00000000
00000000
00000000
00000000
00000000
00000000
00000000
00000000
00000000
00000000
00000000
00000000
00000000
00000000
00000000
00000000
00000000
00000000
00000000
00000000
00000000
00000000
00000000
00000000
00000000
00000000
00000000
00000000
00000000
00000000
00000000
00000000
00000000
00000000
00000000
00000000
00000000
00000000
00000000
00000000
00000000
00000000
00000000
00000000
00000000
00000000
00000000
00000000
00000000
00000000
00000000
00000000
00000000
00000000
00000000
00000000
00000000
00000000
00000000
00000000
00000000
00000000
00000000
00000000
00000000
00000000
00000000
00000000
00000000
00000000
00000000
00000000
00000000
00000000
00000000
00000000
00000000
00000000
00000000
00000000
00000000
00000000
00000000
00000000
00000000
00000000
00000000
00000000
00000000
00000000
00000000
00000000
00000000
00000000
00000000
00000000
00000000
00000000
00000000
00000000
00000000
00000000
00000000
00000000
00000000
00000000
00000000
00000000
00000000
00000000
00000000
00000000
00000000
00000000
00000000
00000000
00000000
00000000
00000000
00000000
00000000
00000000
00000000
00000000
00000000
00000000
00000000
00000000
00000000
00000000
00000000
00000000
00000000
00000000
00000000
00000000
00000000
00000000
00000000
00000000
00000000
00000000
00000000
00000000
00000000
00000000
00000000
00000000
00000000
00000000
00000000
00000000
00000000
00000000
00000000
00000000
00000000
00000000
00000000
00000000
00000000
00000000
00000000
00000000
00000000
00000000
00000000
00000000
00000000
00000000
00000000
00000000
00000000
00000000
00000000
00000000
00000000
00000000
00000000
00000000
00000000
00000000
00000000
00000000
00000000
00000000
00000000
00000000
00000000
00000000
00000000
00000000
00000000
00000000
00000000
00000000
00000000
00000000
00000000
00000000
00000000
00000000
00000000
00000000
00000000
00000000
00000000
00000000
00000000
00000000
00000000
00000000
00000000
00000000
00000000
00000000
00000000
00000000
00000000
00000000
00000000
00000000
00000000
00000000
00000000
00000000
00000000
00000000
00000000
00000000
00000000
00000000
00000000
00000000
00000000
00000000
00000000
00000000
00000000
00000000
00000000
00000000
00000000
00000000
00000000
00000000
00000000
00000000
00000000
00000000
00000000
00000000
00000000
00000000
00000000
00000000
00000000
00000000
00000000
00000000
00000000
00000000
00000000
00000000
00000000
00000000
00000000
00000000
00000000
00000000
00000000
00000000
00000000
00000000
00000000
00000000
00000000
00000000
00000000
00000000
00000000
00000000
00000000
00000000
00000000
00000000
00000000
00000000
00000000
00000000
00000000
00000000
00000000
00000000
00000000
00000000
00000000
00000000
00000000
00000000
00000000
00000000
00000000
00000000
00000000
00000000
00000000
00000000
00000000
00000000
00000000
00000000
00000000
00000000
00000000
00000000
00000000
00000000
00000000
00000000
00000000
00000000
00000000
00000000
00000000
00000000
00000000
00000000
00000000
00000000
00000000
00000000
00000000
00000000
00000000
00000000
00000000
00000000
00000000
00000000
00000000
00000000
00000000
00000000
00000000
00000000
00000000
00000000
00000000
00000000
00000000
00000000
00000000
00000000
00000000
00000000
00000000
00000000
00000000
00000000
00000000
00000000
00000000
00000000
00000000
00000000
00000000
00000000
00000000
00000000
00000000
00000000
00000000
00000000
00000000
00000000
00000000
00000000
00000000
00000000
00000000
00000000
00000000
00000000
00000000
00000000
00000000
00000000
00000000
00000000
00000000
00000000
00000000
00000000
00000000
00000000
00000000
00000000
00000000
00000000
00000000
00000000
00000000
00000000
00000000
00000000
00000000
00000000
00000000
00000000
00000000
00000000
00000000
00000000
00000000
00000000
00000000
00000000
00000000
00000000
00000000
00000000
00000000
00000000
00000000
00000000
00000000
00000000
00000000
00000000
00000000
00000000
00000000
00000000
00000000
00000000
00000000
00000000
00000000
00000000
00000000
00000000
00000000
00000000
00000000
00000000
00000000
00000000
00000000
00000000
00000000
00000000
00000000
00000000
00000000
00000000
00000000
00000000
00000000
00000000
00000000
00000000
00000000
00000000
00000000
00000000
00000000
00000000
00000000
00000000
00000000
00000000
00000000
00000000
00000000
00000000
00000000
00000000
00000000
00000000
00000000
00000000
00000000
00000000
00000000
00000000
00000000
00000000
00000000
00000000
00000000
00000000
00000000
00000000
00000000
00000000
00000000
00000000
00000000
00000000
00000000
00000000
00000000
00000000
00000000
00000000
00000000
00000000
00000000
00000000
00000000
00000000
00000000
00000000
00000000
00000000
00000000
00000000
00000000
00000000
00000000
00000000
00000000
00000000
00000000
00000000
00000000
00000000
00000000
00000000
00000000
00000000
00000000
00000000
00000000
00000000
00000000
00000000
00000000
00000000
00000000
00000000
00000000
00000000
00000000
00000000
00000000
00000000
00000000
00000000
00000000
00000000
00000000
00000000
00000000
00000000
00000000
00000000
00000000
00000000
00000000
00000000
00000000
00000000
00000000
00000000
00000000
00000000
00000000
00000000
00000000
00000000
00000000
00000000
00000000
00000000
00000000
00000000
00000000
00000000
00000000
00000000
00000000
00000000
00000000
00000000
00000000
00000000
00000000
00000000
00000000
00000000
00000000
00000000
00000000
00000000
00000000
00000000
00000000
00000000
00000000
00000000
00000000
00000000
00000000
00000000
00000000
00000000
00000000
00000000
00000000
00000000
00000000
00000000
00000000
00000000
00000000
00000000
00000000
00000000
00000000
00000000
00000000
00000000
00000000
00000000
00000000
00000000
00000000
00000000
00000000
00000000
00000000
00000000
00000000
00000000
00000000
00000000
00000000
00000000
00000000
00000000
00000000
00000000
00000000
00000000
00000000
00000000
00000000
00000000
00000000
00000000
00000000
00000000
00000000
00000000
00000000
00000000
00000000
00000000
00000000
00000000
00000000
00000000
00000000
00000000
00000000
00000000
00000000
00000000
00000000
00000000
00000000
00000000
00000000
00000000
00000000
00000000
00000000
00000000
00000000
00000000
00000000
00000000
00000000
00000000
00000000
00000000
00000000
00000000
00000000
00000000
00000000
00000000
00000000
00000000
00000000
00000000
00000000
00000000
00000000
00000000
00000000
00000000
00000000
00000000
00000000
00000000
00000000
00000000
00000000
00000000
00000000
00000000
00000000
00000000
00000000
00000000
00000000
00000000
00000000
00000000
00000000
00000000
00000000
00000000
00000000
00000000
00000000
00000000
00000000
00000000
00000000
00000000
00000000
00000000
00000000
00000000
00000000
00000000
00000000
00000000
00000000
00000000
00000000
00000000
00000000
00000000
00000000
00000000
00000000
00000000
00000000
00000000
00000000
00000000
00000000
00000000
00000000
00000000
00000000
00000000
00000000
00000000
00000000
00000000
00000000
00000000
00000000
00000000
00000000
00000000
00000000
00000000
00000000
00000000
00000000
00000000
00000000
00000000
00000000
00000000
00000000
00000000
00000000
00000000
00000000
00000000
00000000
00000000
00000000
00000000
00000000
00000000
00000000
00000000
00000000
00000000
00000000
00000000
00000000
00000000
00000000
00000000
00000000
00000000
00000000
00000000
00000000
00000000
00000000
00000000
00000000
00000000
00000000
00000000
00000000
00000000
00000000
00000000
00000000
00000000
00000000
00000000
00000000
00000000
00000000
00000000
00000000
00000000
00000000
00000000
00000000
00000000
00000000
00000000
00000000
00000000
00000000
00000000
00000000
00000000
00000000
00000000
00000000
00000000
00000000
00000000
00000000
00000000
00000000
00000000
00000000
00000000
00000000
00000000
00000000
00000000
00000000
00000000
00000000
00000000
00000000
00000000
00000000
00000000
00000000
00000000
00000000
00000000
00000000
00000000
00000000
00000000
00000000
00000000
00000000
00000000
00000000
00000000
00000000
00000000
00000000
00000000
00000000
00000000
00000000
00000000
00000000
00000000
00000000
00000000
00000000
00000000
00000000
00000000
00000000
00000000
00000000
00000000
00000000
00000000
00000000
00000000
00000000
00000000
00000000
00000000
00000000
00000000
00000000
00000000
00000000
00000000
00000000
00000000
00000000
00000000
00000000
00000000
00000000
00000000
00000000
00000000
00000000
00000000
00000000
00000000
00000000
00000000
00000000
00000000
00000000
00000000
00000000
00000000
00000000
00000000
00000000
00000000
00000000
00000000
00000000
00000000
00000000
00000000
00000000
00000000
00000000
00000000
00000000
00000000
00000000
00000000
00000000
00000000
00000000
00000000
00000000
00000000
00000000
00000000
00000000
00000000
00000000
00000000
00000000
00000000
00000000
00000000
00000000
00000000
00000000
00000000
00000000
00000000
00000000
00000000
00000000
00000000
00000000
00000000
00000000
00000000
00000000
00000000
00000000
00000000
00000000
00000000
00000000
00000000
00000000
00000000
00000000
00000000
00000000
00000000
00000000
00000000
00000000
00000000
00000000
00000000
00000000
00000000
00000000
00000000
00000000
00000000
00000000
00000000
00000000
00000000
00000000
00000000
00000000
00000000
00000000
00000000
00000000
00000000
00000000
00000000
00000000
00000000
00000000
00000000
00000000
00000000
00000000
00000000
00000000
00000000
00000000
00000000
00000000
00000000
00000000
00000000
00000000
00000000
00000000
00000000
00000000
00000000
00000000
00000000
00000000
00000000
00000000
00000000
00000000
00000000
00000000
00000000
00000000
00000000
00000000
00000000
00000000
00000000
00000000
00000000
00000000
00000000
00000000
00000000
00000000
00000000
00000000
00000000
00000000
00000000
00000000
00000000
00000000
00000000
00000000
00000000
00000000
00000000
00000000
00000000
00000000
00000000
00000000
00000000
00000000
00000000
00000000
00000000
00000000
00000000
00000000
00000000
00000000
00000000
00000000
00000000
00000000
00000000
00000000
00000000
00000000
00000000
00000000
00000000
00000000
00000000
00000000
00000000
00000000
00000000
00000000
00000000
00000000
00000000
00000000
00000000
00000000
00000000
00000000
00000000
00000000
00000000
00000000
00000000
00000000
00000000
00000000
00000000
00000000
00000000
00000000
00000000
00000000
00000000
00000000
00000000
00000000
00000000
00000000
00000000
00000000
00000000
00000000
00000000
00000000
00000000
00000000
00000000
00000000
00000000
00000000
00000000
00000000
00000000
00000000
00000000
00000000
00000000
00000000
00000000
00000000
00000000
00000000
00000000
00000000
00000000
00000000
00000000
00000000
00000000
00000000
00000000
00000000
00000000
00000000
00000000
00000000
00000000
00000000
00000000
00000000
00000000
00000000
00000000
00000000
00000000
00000000
00000000
00000000
00000000
00000000
00000000
00000000
00000000
00000000
00000000
00000000
00000000
00000000
00000000
00000000
00000000
00000000
00000000
00000000
00000000
00000000
00000000
00000000
00000000
00000000
00000000
00000000
00000000
00000000
00000000
00000000
00000000
00000000
00000000
00000000
00000000
00000000
00000000
00000000
00000000
00000000
00000000
00000000
00000000
00000000
00000000
00000000
00000000
00000000
00000000
00000000
00000000
00000000
00000000
00000000
00000000
00000000
00000000
00000000
00000000
00000000
00000000
00000000
00000000
00000000
00000000
00000000
00000000
00000000
00000000
00000000
00000000
00000000
00000000
00000000
00000000
00000000
00000000
00000000
00000000
00000000
00000000
00000000
00000000
00000000
00000000
00000000
00000000
00000000
00000000
00000000
00000000
00000000
00000000
00000000
00000000
00000000
00000000
00000000
00000000
00000000
00000000
00000000
00000000
00000000
00000000
00000000
00000000
00000000
00000000
00000000
00000000
00000000
00000000
00000000
00000000
00000000
00000000
00000000
00000000
00000000
00000000
00000000
00000000
00000000
00000000
00000000
00000000
00000000
00000000
00000000
00000000
00000000
00000000
00000000
00000000
00000000
00000000
00000000
00000000
00000000
00000000
00000000
00000000
00000000
00000000
00000000
00000000
00000000
00000000
00000000
00000000
00000000
00000000
00000000
00000000
00000000
00000000
00000000
00000000
00000000
00000000
00000000
00000000
00000000
00000000
00000000
00000000
00000000
00000000
00000000
00000000
00000000
00000000
00000000
00000000
00000000
00000000
00000000
00000000
00000000
00000000
00000000
00000000
00000000
00000000
00000000
00000000
00000000
00000000
00000000
00000000
00000000
00000000
00000000
00000000
00000000
00000000
00000000
00000000
00000000
00000000
00000000
00000000
00000000
00000000
00000000
00000000
00000000
00000000
00000000
00000000
00000000
00000000
00000000
00000000
00000000
00000000
00000000
00000000
00000000
00000000
00000000
00000000
00000000
00000000
00000000
00000000
00000000
00000000
00000000
00000000
00000000
00000000
00000000
00000000
00000000
00000000
00000000
00000000
00000000
00000000
00000000
00000000
00000000
00000000
00000000
00000000
00000000
00000000
00000000
00000000
00000000
00000000
00000000
00000000
00000000
00000000
00000000
00000000
00000000
00000000
00000000
00000000
00000000
00000000
00000000
00000000
00000000
00000000
00000000
00000000
00000000
00000000
00000000
00000000
00000000
00000000
00000000
00000000
00000000
00000000
00000000
00000000
00000000
00000000
00000000
00000000
00000000
00000000
00000000
00000000
00000000
00000000
00000000
00000000
00000000
00000000
00000000
00000000
00000000
00000000
00000000
00000000
00000000
00000000
00000000
00000000
00000000
00000000
00000000
00000000
00000000
00000000
00000000
00000000
00000000
00000000
00000000
00000000
00000000
00000000
00000000
00000000
00000000
00000000
00000000
00000000
00000000
00000000
00000000
00000000
00000000
00000000
00000000
00000000
00000000
00000000
00000000
00000000
00000000
00000000
00000000
00000000
00000000
00000000
00000000
00000000
00000000
00000000
00000000
00000000
00000000
00000000
00000000
00000000
00000000
00000000
00000000
00000000
00000000
00000000
00000000
00000000
00000000
00000000
00000000
00000000
00000000
00000000
00000000
00000000
00000000
00000000
00000000
00000000
00000000
00000000
00000000
00000000
00000000
00000000
00000000
00000000
00000000
00000000
00000000
00000000
00000000
00000000
00000000
00000000
00000000
00000000
00000000
00000000
00000000
00000000
00000000
00000000
00000000
00000000
00000000
00000000
00000000
00000000
00000000
00000000
00000000
00000000
00000000
00000000
00000000
00000000
00000000
00000000
00000000
00000000
00000000
00000000
00000000
00000000
00000000
00000000
00000000
00000000
00000000
00000000
00000000
00000000
00000000
00000000
00000000
00000000
00000000
00000000
00000000
00000000
00000000
00000000
00000000
00000000
00000000
00000000
00000000
00000000
00000000
00000000
00000000
00000000
00000000
00000000
00000000
00000000
00000000
00000000
00000000
00000000
00000000
00000000
00000000
00000000
00000000
00000000
00000000
00000000
00000000
00000000
00000000
00000000
00000000
00000000
00000000
00000000
00000000
00000000
00000000
00000000
00000000
00000000
00000000
00000000
00000000
00000000
00000000
00000000
00000000
00000000
00000000
00000000
00000000
00000000
00000000
00000000
00000000
00000000
00000000
00000000
00000000
00000000
00000000
00000000
00000000
00000000
00000000
00000000
00000000
00000000
00000000
00000000
00000000
00000000
00000000
00000000
00000000
00000000
00000000
00000000
00000000
00000000
00000000
00000000
00000000
00000000
00000000
00000000
00000000
00000000
00000000
00000000
00000000
00000000
00000000
00000000
00000000
00000000
00000000
00000000
00000000
00000000
00000000
00000000
00000000
00000000
00000000
00000000
00000000
00000000
00000000
00000000
00000000
00000000
00000000
00000000
00000000
00000000
00000000
00000000
00000000
00000000
00000000
00000000
00000000
00000000
00000000
00000000
00000000
00000000
00000000
00000000
00000000
00000000
00000000
00000000
00000000
00000000
00000000
00000000
00000000
00000000
00000000
00000000
00000000
00000000
00000000
00000000
00000000
00000000
00000000
00000000
00000000
00000000
00000000
00000000
00000000
00000000
00000000
00000000
00000000
00000000
00000000
00000000
00000000
00000000
00000000
00000000
00000000
00000000
00000000
00000000
00000000
00000000
00000000
00000000
00000000
00000000
00000000
00000000
00000000
00000000
00000000
00000000
00000000
00000000
00000000
00000000
00000000
00000000
00000000
00000000
00000000
00000000
00000000
00000000
00000000
00000000
00000000
00000000
00000000
00000000
00000000
00000000
00000000
00000000
00000000
00000000
00000000
00000000
00000000
00000000
00000000
00000000
00000000
00000000
00000000
00000000
00000000
00000000
00000000
00000000
00000000
00000000
00000000
00000000
00000000
00000000
00000000
00000000
00000000
00000000
00000000
00000000
00000000
00000000
00000000
00000000
00000000
00000000
00000000
00000000
00000000
00000000
00000000
00000000
00000000
00000000
00000000
00000000
00000000
00000000
00000000
00000000
00000000
00000000
00000000
00000000
00000000
00000000
00000000
00000000
00000000
00000000
00000000
00000000
00000000
00000000
00000000
00000000
00000000
00000000
00000000
00000000
00000000
00000000
00000000
00000000
00000000
00000000
00000000
00000000
00000000
00000000
00000000
00000000
00000000
00000000
00000000
00000000
00000000
00000000
00000000
00000000
00000000
00000000
00000000
00000000
00000000
00000000
00000000
00000000
00000000
00000000
00000000
00000000
00000000
00000000
00000000
00000000
00000000
00000000
00000000
00000000
00000000
00000000
00000000
00000000
00000000
00000000
00000000
00000000
00000000
00000000
00000000
00000000
00000000
00000000
00000000
00000000
00000000
00000000
00000000
