@00000400
00000F6C 00000E84 00000E64 00000E84
00000F58 00000E84 00000E64 00000F6C
00000F6C 00000F58 00000E64 00000E90
00000E90 00000E90 00000F58 00002B20
00002A94 00002A78 00002A94 00002B10
00002A94 00002A78 00002B20 00002B20
00002B10 00002A78 00002AA0 00002AA0
00002AA0 00002B10 02020100 03030303
04040404 04040404 05050505 05050505
05050505 05050505 06060606 06060606
06060606 06060606 06060606 06060606
06060606 06060606 07070707 07070707
07070707 07070707 07070707 07070707
07070707 07070707 07070707 07070707
07070707 07070707 07070707 07070707
07070707 07070707 08080808 08080808
08080808 08080808 08080808 08080808
08080808 08080808 08080808 08080808
08080808 08080808 08080808 08080808
08080808 08080808 08080808 08080808
08080808 08080808 08080808 08080808
08080808 08080808 08080808 08080808
08080808 08080808 08080808 08080808
08080808 08080808 00000000 00000000
00003AE4 00003A14 000039CC 000039C8
00003A0C 53554D4C 57525358 51405457
53575753 55575654 56555537 54555556
55375454 54545655 56545455 56555433
54555555 57505456 58564F50 56535553
4F545858 54515857 586F5553 57564E55
55525454 4D56596D 54535756 5A6B5553
57574E55 55535353 4C555D6A 54545657
5D6D5652 57574D52 56525453 4D535D6D
53535956 5C6F5653 58564E53 56535453
4F535A70 54525856 5C6E5653 57575052
55535451 51525B6E 56515657 5D6B5554
55565450 53545653 54555B68 56545355
5A675354 52545656 53545555 59595860
54545353 595A5255 53535B5A 52555453
5A5A5959 53545651 5A595354 55525959
53545455 5A5A5A56 54555552 5C485453
55525C5A 54535355 595A5943 55545654
583C5454 55545957 54535655 55555480
55555455 54805555 54555555 55555555
55555480 55555455 54805555 54555555
55555555 55555480 55555455 54805555
54555555 55555555 55555480 55555455
54805555 54555555 55555555 55555480
55555455 54805555 54555555 55555555
55555480 55555455 54805555 54555555
55555555 55555480 55555455 54805555
54555555 55555555 55555480 55555455
54805555 54555555 55555555 55555480
55555455 54805555 54555555 55555555
55555480 55555455 54805555 54555555
55555555 55555480 55555455 00005555
0000001C 334C4654 00120000 0004001C
000C0008 00140010 00180000 00000012
00000003 0000D20C 00006298 00006280
0000003C 00000004 00000001 0000000C
000C0008 00080004 00000008 00000008
00000024 00000013 5F6E696D 746E7572
5F656D69 73726576 006E6F69 00000025
0000622C 00006218 000061CC 000061A8
00006094 00005F80 00005D2C 00005C18
00005B04 000058B0 0000579C 00005688
00005434 00005320 0000520C 00004FB8
00004EA4 00004B90 0000417C 00003168
00002154 00001140 0000012C 00000120
0000010C 000000F8 000000E4 000000D0
000000BC 000000A8 00000094 00000080
0000006C 00000058 00000044 00000030
00000004 FFFF9DB6 00000004 00000010
2E352E31 00000030 00000000 00000000
00000000 00000000 00000000 FFFF3068
00000000 00000000 00000000 FFFF3078
00000000 00000000 00000000 FFFF3088
00000000 00000000 00000000 FFFF3098
00000000 00000000 00000000 FFFF30A8
00000000 00000000 00000000 FFFF30B8
00000000 00000000 00000000 FFFF30C8
00000000 00000000 00000000 FFFF30D8
00000000 00000000 00000000 FFFF30E8
00000000 00000000 00000000 FFFF30F8
00000000 00000000 00000000 FFFF3108
00000000 00000000 00000000 FFFF3118
00000000 00000000 00000000 FFFF3128
00000000 FFFF9EA6 00000004 00001000
24FFE550 3965EBA9 FF245EDB 0AF014EE
DA1A05D7 FAEB52FF DBD7F202 0D520E20
F2B7BB24 0F01EAD6 EE081AEE 40C30847
2E0A1102 EA7F0B12 32E6D4E5 DAD2099F
E1B8E702 18DF3DF6 077FE914 2210FF1A
20E0ED99 CB3013FE 44CB0AD4 A6DB2737
DDCAF801 10E5E4C5 33D83AE1 0DDCD60B
F5EF64F9 EEE53B2B E41B283D FA2B14F2
7053BD34 3B6FE113 CCC02318 B1F05B35
DF3067FB D2C25A18 A987ED32 7F79DF05
10FB04EF C85AFDC4 BA4F0D32 6B15E2A9
48F10BEF C20FFA04 1D81D42C 36D1E0E3
FB55F3A8 22DF2B5C 0DDDED69 FCF5BAC6
17E7DAB8 CDE601F6 3A24D6F2 F5EA05BC
0C0BE120 150BF318 C50CEA33 017FE4EE
F6EFFDF0 FCD81B28 EE490DD9 29F72502
CBE6F652 EF07F506 1D01FBDD E901FC81
16B42FDF 17363846 280FF009 16D4180E
DBFBE2ED 05CABFAC 48AA1482 E9CF01EA
E2383BFF 105EE0C5 9BCE26BA 2809E145
F02AFDB5 43D437E3 34FAD10B E14FB305
13F09DC8 F80BC7E3 F9FD00E5 F2E2F1DD
DC05120B F8EF0FE6 11EDF31D EA32F6CB
BB47EE7F 3A0C0FE0 1C2314C7 F7071C5E
12B7FED5 17711CA5 12EC072C D955C9BC
D2FBD7CF A5CFD014 0253D1F1 E030C4CF
13FF0051 4FF106DA 1B4500F3 752A3636
F80C1D7F 0B79FC1C 6C29B98B BBCB4AE4
F8C3DA16 EEF3217F 42CC9B08 EC0654BE
22DAF4C5 CA3D1B04 333517FF 08FD05E8
013D24EC E4E4E4B5 E930240C F51F32D5
BFE14AC9 E7D4F808 890A780D 3B12E13B
FA60C07F 2EFED0D6 184A71ED 2A020AD8
0ED4F7FF D5152E21 38F6F722 F2244307
EFCFF331 DB2093EF 92033EA7 17C72BC6
171CC522 C6F10D4A C6DBFCE4 31991EAE
16A3ECF7 8129E878 E9D6EDED 0AE62397
EE242AC1 4A412D32 AE5DDEE0 1DECED0D
E927E49A 02322312 0BA50609 E0F8C8D1
C0DF49C2 16EFD1AB ADEF0411 1C0DF156
36F29C28 657FE2E4 2E4EDE27 A3DC0A12
EBEA2404 D8E435E9 F3E3D639 0444EA1F
23EB096A 0A10054B 0D3D2DFD 35302125
51052AF8 CAD1FC46 36E2010B 04C005A5
57FCEAD3 FFD91A55 2CE0B21E 0EE2EBAC
37ECFFD4 E1F53AE6 F952DFFA EDCA31DD
111801CF F70128D2 EC2109FF 236330C4
B6DB7FAD E9E5F0F5 914A29E7 20C80C21
DEFEF8CE D2C522F2 E2494308 2AE998B6
E0FD2E18 401F06ED E5EEC4C1 E9040DFA
F5BE0410 44ECE027 1CB320F2 E8DAF72A
3205F901 28480C24 9427E4D0 D37F2CF8
01E9108E 05FC2D0E F8FDD012 B2533313
F631E581 CDF617ED BCFCDABC BA66CDD5
E818200A 0CCF17C1 2E0A1062 22FC0938
E108E255 F3393E2C 6C55206A C829EF06
38D8AE5F E97FDE18 FF311207 2814E5E3
1311F9B3 BDEC1A11 E549E310 170F2127
F5F1EAF4 F03B4A07 FE0EF7CD 0CF40ED8
F8FC3704 DFD008DA 3F06F8E0 D2932509
187F2B0A E407E2E5 EEEDF214 4DE10217
0F12D504 F70FECF6 E723E93F 14110ABF
D212D6CB E8BAC8FA BB2F18BA F14E3005
FED1CAE4 E7DCCCD1 C7A343EA 5EBDFC23
0F60DA26 65B8FDDD FF9C27DF 8107E8F2
DBC82F1A F9D24211 D5CCB94C 0A4AC3E9
641ABA29 41E8B341 0AF912E7 3D41E819
370E41F2 007FB8D2 C1C3CD92 18DF1BDD
1DF809F1 DB51EAF9 1ECCE8FE 13F031D2
E20D2D26 053F13EF E1220705 E77FCCD3
FC2FE731 3791F7D5 01FD5F35 EEDDF115
51DCE6BA E107F0E9 BE995C23 1256FDF2
FAC62BDE EC141101 EE14EAF3 DDF956F2
EE23F681 F9272019 C1F315E7 DB14DB0B
F31909D8 03D90AE1 30C9F600 EAF5B04E
C5F50DF9 F45BECD5 30F81C34 140FE816
E6D98130 38232F0A 1039053E 016AA4B0
0DC21196 BBE9D91C 4537B5BB A8263DF2
CFD6ED2A F20670D9 E11B1003 00161421
CF140476 F5CB5959 6D7DDECC A7E448D5
1645CD7F E999B6FD AE356305 17D2B2BB
F4F769C8 1BD45013 EE31A8F0 01185627
13D5D3F0 1F3BFE6B CB1F3CD5 07B51BF3
62D634C9 1AE0F8F8 98DA03E3 C3353CEF
FF0A14EC CBF3F2E5 CDEA1AF3 DA150E08
ED3910EC 48FAFBEE 8909FD04 15EFF0F3
E902D8C8 14EF262D 28A6E121 DA05FB33
D412CA37 1D7FDAD4 FA2DD9EF E8F0F629
121C37B8 4C813D94 11031354 D54706DD
13E80AA0 0BBF24CD 31CEC0DC F719D1E3
02E635EA 3835EA20 ED3B0305 6137FAF3
33E3196B D96B4C3A DD55D2B6 D2293F11
ABFEFCC2 21CD4200 18E9052E 0539CC9B
FEC6F1E4 2107F7F2 1810D2F0 CEFCCFC6
FAF80D32 2203CBDF D6181B09 E00521F4
2D43E958 ED1F1826 D31A06B3 FA7F1114
0464E710 5259FED1 24AD1F01 A60820FF
DAE13B12 F8076C3F ACC4E555 2676B3D6
0C0DA60A 36EDB5E0 AE37F80E 4F2A21FA
5638BF26 BC7FD9FA F5DEC2CE 3BCC20DF
2B7FDEEB 34F91403 4FD6F33F D916EDE4
0AECE2F6 BAED0C12 0BFBC9F2 0DD7F2B8
1411DA5C 0DFDF21A BE3AF907 317BEB00
08062319 EEF5023A C8292AC8 18DE24DD
F62FD8E9 607FE7FD 21DC040F BFFA1A10
FDF6F917 D1E60815 D501E155 F401C107
2219E75E 280CDA36 C61EF535 FF32EA0B
0A0ED0EE B9F1D9F7 10C1FB10 651100D0
FC7FFED1 26FF044F 2CDFF564 BAEF13D0
0CFABDE5 D0FA0FF6 0118B2FE 22B6F5D2
792BEE6B 7403F128 AE340417 1C73DA2C
4AE6079D EA07CB21 E8D0EABC 62E405B0
24CEF7EC 087F172C DFE3410D EDFA0BD7
C1226624 E8F22613 CC11F60C 2E3CD9F6
FEF5D433 DB78072E D32A22FF F5F0FDCF
40E410F0 D0C4F418 E9ACFE40 E84BFED0
F01A01EE DDFAF621 F1E2D3E0 EB1B36E6
38FFA0DB FC211521 B232DE20 2ADFF9F8
E837FBBD BF0522D7 21C1CA14 EF1AFBC2
813FD745 320CEABC 022612EE 32CC0867
63F7D800 B7F1BDEC E8DFEBD3 72B4F1A9
3B10C6C7 28F73BF3 C962EFDD 411D6317
E8E9A78C F9F76BE3 3CAD05F2 0E137FEC
C8B35BA7 3015F9A1 9B53BBF0 BE8A3014
1B5EEAD2 40280913 FCDCF555 D2F111EC
0606020B CAB92F07 EEF0C820 08DFC4D9
2B22EE40 220ECC03 BA3EF34D 0F7FDBFE
17F311DE CFFDF91A DFF21009 5D16FFBF
352318D1 0532D9E0 21C10714 03FE23CA
E90107F3 E1F21203 0A13EA1C FC7FE8EC
030CDE02 22C520CB EF101B1E 243A24E2
30C412AC ED2AD8D4 D1E240F4 1EE403EC
040ED656 2B31F4A3 F47F5AF6 4DCE96D7
E2D312E3 F2022AFF 35E3DDCE FB5E2B1D
E09DC14D 42B3EBDA 16E248BD F4A9102E
3D1C02F4 025B2317 EAF8F1BC C22B0AC4
D13E2619 C90BD3FE 3AB6ED08 33171A0F
0CDAA3F5 F5CCCD19 3230E85E 4200D6A6
E65EBF27 FCCEC79C 94064711 AC556F1F
08249A0A A506C0EF B28F7FEE 5C6AF2F5
254B0A0B 15BDD5D8 323381D5 EAB72050
5A1BC2E9 EEF613EF FC22BC13 0BD92D60
1E024AC9 DAD8E0CA 6BEE03E4 1220E6B4
BEEC4994 BD40E7B1 A4B45025 38A802EE
F11F3AD6 F9E40315 E8E3100F 0BF2DEC0
DCFF0C2C 20F70006 F822C802 F90BE7DD
FFF9F50D 2FF4D819 F4EE2117 C9F1F8FA
2708D5E1 04EAF2F1 B1EE1009 017F0319
2AB9B33D 0C471654 FEFAE521 4FF9EBC8
F3E008AE DC1C18D1 184FF2D7 E07F20BB
E0E4F737 F5B479A7 F6056519 E70134DD
0CD4F1ED 0CB6332C F02B1818 A11803A4
D5A0FDBE D9002403 D675000F E10AF6CE
E80C13D9 2759294F D42E0ACA C1AFF233
E7D62DD4 2F2F167F 679DEAC4 F1E19C15
CA043538 2EEB18EA 9718FFC2 03170D24
12B70501 EA38FC02 027FFFEC EEDC1538
081F2CAA CA1E211B CDF2F1D1 D60E1956
F2DCF40E 0ADA0E12 48C816D6 F3D4B23A
F5EA32C9 F62600FA 13F72B56 E6F4F4CF
FF3CFFD2 1BC8E217 27EED0FC 96DD27F1
FF21AAB1 BDF7E80A 3DCACB7F F2FABF1D
40342AB9 32DDDF31 3519F769 EF32CFF3
CC004195 D43BC8A4 E0C84D43 6FE1D637
0F2518DF 17F325EA 4062B119 DBEA21F4
2712F5E9 EEF55A23 1822C401 DE813B2F
15FC2700 FA00E01E E4EFF8F8 270CC1F7
D2034EBC C2F50238 A6FD11AD 45E318BF
2979D3EE 4D33E0EF D0E22F06 FAFBFA25
E928FFF2 DDB83DF8 A81EE645 FAB6E012
7F01E545 FF6B057A DCF1E7F5 2837F0D1
03F627E3 D7EFC0C8 F1ABF0D3 5AE646EC
17C30095 595630EB 7FF6EC2E 861C1DA9
0DC6D9D4 BE02173C 195EDCFD C6CDABF3
1D2F5964 4517E401 DFF0E50B 3053EF02
07142CF6 B8CCE324 B7E32FC3 760ED4DB
E82ADC56 24D4F00A E125FD01 3CE8EA1B
06A71AD2 EFDEFDD5 25C1F607 01FC4E1F
DCDDE5EE D8BAD6AC 200558ED F5E505CF
E1F1F3F0 FCE91427 DDF82658 027F06EE
17F2C90A CFB5F2E1 DBAECFFC 180D27F3
2BF1E5B5 0A3020FD C94ADBE1 282531ED
D0D3158A FCF977C0 0CA50213 16172FDD
C0DF3C34 321637A0 C67FB3FE BBDF3F3E
E54A1033 14B9D902 CE1ED8FE 28FCD84D
26EADFAF FDEE05C9 22D9EEF1 22024809
C5E7E8F6 B1C53681 17E335F4 E6FD3DD0
B104C525 1E0223E8 14310367 E2542500
05431DB3 4D00100C E1F5810A 9EDF5250
4517DD0F C6D220EA EFD8D20A D3ECD212
0B24612C D3ECF4DA 1C21D95B 166EC2F1
A01FCADF CD1842EF 2DDA586A 4C390AFB
E6772802 4E13FE4E EF64D3E9 D7C3D13A
0CF2CECA CBBFE306 E2FC8D4E 26810F4C
15182E3E A4D8AB3E E443E842 0407C9E8
D559AFDD AE141908 39BD465E 7F14BAB1
3A09F7F7 E12909FF E4F50DEB 01E44004
E44416CB E5EE2ADB CDFBF0DA 047FF7E8
F4F5E3FC 02BAF6ED 1CED2638 13FEE71E
01D81AD2 F232ECF5 2DFA1657 E0F4F1F1
2E3C0839 F248D65D EA832C18 06FCC3B2
D0260503 16F50803 ED76A900 2502DAC6
041FD807 FF03017F E804130C E6F92ADD
11ECC3DD DEBDD6CC CDC01111 FF280B42
BDF203CF 41F83C09 E50FE00D BE612214
24FBBD93 C3060CDA C0EBCCDD DD0FF6F1
E6FA35F2 E4FC1DD1 403DEC45 F11EE621
AC2AC37F FF004FFC 7944021A FF27F50F
4D0BB902 0299165C DD92EA07 401BD11D
36F10591 03ECEDF5 BA41F605 3B1337BA
E9232987 C66E739E 01131047 2E791F81
A5D43F22 18CB36DF DD6CE72C D6F3333E
DFEFFEB8 FABB3BD0 D807DE14 C244F6F6
0603F8AB 0CFCE6FB E1CDC6E0 DBE1CDFE
F4002A01 0A1A0B38 3A1EEE33 0B0BD925
DD21037F 024D241D 1130F527 EB271423
FA4219FB 33EAF2F2 B7E352E2 A2112017
E9D51E0E 0FD42618 A9C7CE12 2EDCD719
1FFFADDB 0031E03F CDEEDFF4 0415D9DC
4750FC24 FB7FBAEC CEF4DCC6 45120EE9
0128E136 4626EA26 59E4CFD9 D51523AE
05C4F704 083D1918 C823F23F FF19C91F
31251422 29ED9F07 DD30FAB7 F11EE112
1F5E0BE5 CD06C5C1 B1BE32BF 7FC9E22E
C1B601C4 FEFC480B DF251707 C6493118
2BF0049F 112B1D35 A210E60D E5C6C919
E3131BD9 D77FF82A FBE4CEFB EFF6B2F0
D13CE368 FBF72E05 3E0CF20F 1C36FA2D
D54D287F 08CEDC04 EA30E409 2CE1DA16
1A9D1FD3 E7E30CEF 50D3EA0E 10EA501A
D9DDB8F6 CFB9EEBA 0C0B4EA0 F7E029D4
D615E9F4 0304FDF9 CC232307 E5411EE7
1371D435 C0BCCD04 1F63E31B 0FCFC03C
24FA3308 F0C42AE5 E923D703 DEDD7F1F
F2DEF8F0 DAD95C07 EFC944B7 25280ADA
DFDA37E7 ED0DEEEC 021A1CED D7A64CC9
FB562011 29BA0604 0BC5D615 D2EACDDC
E3DB2350 ECBFDC0C F0E1DB0F 0625CAEA
EF0BF229 2FB3AD09 B13E2AFF DC2725E0
520001E3 CE1BC2CD 0BB02D04 5A7FF41D
57ECF4E0 C200E506 E63CBD1A 3CD6ED4C
6A29E891 DF1E44EF B43EC1E5 FA144727
C5E5EFA9 F3087FD9 37DE1502 161C18E0
99DB34F4 18DE50EE 1C58114E CAAE2303
0905F1E2 C6C7E90E CCE30BF5 E8F93EEC
D52C30B1 3E072709 A204F1E2 2112E001
E5080BB8 181111EF 02A80521 00FAD90B
DCF727F8 0B7FE7D1 CFE2FA19 0C010342
F569F351 7356BBBE 490F05ED ED17B014
FE08E6E1 F6C22413 3FE6BF0F EBC0C335
77E7EC31 ACD0CC36 FF321529 F71F2A2B
18380610 D7E8DFF5 238120EE 60AB34C3
FC31EB11 C9C3DE08 C5092525 31E690D1
F1D51D00 10D9E4FF 1202CFCA D7F744E5
DBD9E304 F9F7132A E7D945FC E0F12C03
E8EDF4DC 16DA0709 AA192F06 CC7F2F05
00000000 FFFFAEB6 00000004 00001000
310E1906 0FA326E3 F273B2DA B6FD8132
FBFC020F B40A1317 F3E309F5 C0F72A4C
CFD0A0D5 18400B4F 04D7200C 15F551DC
B7F434ED D9EFB94E E1F9C504 28079F0C
97A01251 DA1AEFF9 19111A16 472B5221
0CEA0FD4 F83A4B81 D40A16EC 1E2ED9DC
386127EF 0F116623 D5B0D1E5 3C24CDED
7F12474B BBC52C7A E757F20B 2FCA262F
D8D7D1F8 F59BF93E E1FBF5BD 3B61F3D4
42EF4204 CCC342E6 547F222A 21652353
D42C9540 BF29FE3B C2D4160D 06E72DCB
F21840C7 FC1D3D00 34AD08B9 EEBDDBEB
03ECE658 EFD84F3D EB2BCBF0 98FFF41F
5BDBC2DD 0A5ABD0F 06D71319 BBCD43C4
22D0FEE1 17357F1D 04F7D408 9F4418D2
EA190FF8 E714C5C3 FE34D3C5 02D9061C
F47F2D30 1F22BEC0 0CEC0ECB A3E21FEA
19075AD9 CD2817D8 D3CF00FE 35EA2BF7
121F3BD6 E90D1F27 FEA4D3F6 E60ADC3C
153DF00E B6DBE2BE FCC2C417 2B3535A6
1D43E4B7 0D9932EA 3BEC19FC D9B222E6
0928DDE0 22C2DEBA 3D1CDFE2 E91EE981
BCD90401 32E341EE 3AAB16C5 12F2E529
426F23F0 162EBD26 2E29CCDE 41CC65A5
D54C1E33 020C08E7 ECF2A530 E32AFAB7
EDA930F8 AF252B7F 1A1C51FA 1ED8E714
E200ACCF EFBFFCEC C3AA2CE4 F745D71B
06A52D1E E738122B F5B0C5F6 52AC1CC5
0BAC16EB B73C2FD2 CDEE49FA 3DF7C12E
C7325B2E 3081D2E2 E404E228 FD08EFF4
CBB4611D D9E545C3 E513F139 1DE4DEA5
02DCF441 10F9CF2C 4FB5C326 BE291AFE
F611B507 BBF901CD BEFB37DD D6FC21D1
08E9CF1F 0CD0310A DD29BFED 0DE4FEF4
F2F63BE0 F1D204ED E4E5ECD1 C3E0FB11
E1292DC1 12E9F022 011C427F 49D54109
44E3DBA4 C2A01CC9 C068144F BD0506B7
DB8B1402 0E551DD8 ECC3D0BF 262653F2
38AF300C CCF4D309 3CCDB13F 063EEDC2
FE3704F9 46DB9E67 CDB1E995 7F1CF9CD
6C0105F2 5BD255EF 7802FCE5 FE7FC2E1
2ECB9DB5 A23A1B22 DEC7C2A7 E3432BF1
A9FDA8CB D13924C0 C90F3A22 F60F3F05
0EBCE3C2 129DE62E CBEA079D B60CBDBC
F2DD4AE8 05FCF42A 352325F9 D9190E48
137F3934 CA9D19BF DC16F912 DDF5137D
F61C04C2 D212162C BDFF0B45 F318CB2C
1F83B12F FFD30907 146CF811 FEE8B5EA
01572FFF B6D320F0 C4212058 EAF3F9F3
C8E10ADA B9260D10 BB120CE6 D5CEBEFD
25EE09E4 E9153722 DCD3173E 14C01C38
C23725B9 39487F06 E2DB0535 18DE1C2B
FD124ABE 7FB351DA 3946B0D5 C7DABE61
31DA0768 F0E000AE CBD5D411 35EAD7ED
A60C6BC9 270CFF01 DBED08EF 1A0C0A38
D5189870 E637CD07 0CAC385D 1339A501
EA44342D 6FFD4FF8 270CF9C4 8108F53F
CC1842F4 0B66DB5A 6CD72F04 5D30C4C8
A4D809CD 00C8EAF0 39A6470D C4B4E3B3
2AFC0627 20FC02C0 3BE0D500 DBDB1423
E1F0CC2A FC35FE09 EBB2F90B 324039F9
2EEB13DA CB0AD8F0 C82ED4B4 F0F01F6B
BA6D4AF1 CAF3D351 4DADC308 3FB61CBC
9477FA4F 53A54681 37BCCDB1 E90F24B8
1EB3C4E6 FFC2C4EA F326192B 0123CEF6
3FECE8C9 CC2353E6 42FAF6AC 65131AF8
E9E29CDA ADD22CF2 D07FB6CC 0B36070E
F2692E0B 2BDA1D53 5CFF8CE0 50BC6815
F498E82A 27A6A7F4 2E015CDA 3A3FC0A5
56BAEF0A 0E084091 B5B2E3C8 E2A66006
A63E5DAE EAD7F02B 89BE0924 CEA360A0
4F39220C BF4B19E2 0081FB04 371CFD02
C8EC1C06 13FBEB30 DBE2E6CD F516EFEC
C5DC9623 D81BFF66 92B7BDFB E07FC4B9
DC34420E 95F50674 9A48C8B5 3AE9BBFF
B36427F9 E507FCDD 302D7DE0 3A09FFEC
8DDD95D1 FFF7D4F8 E2C24D01 3A132ECB
0B89B871 13E4B111 4EF12CFF 9110AAFF
C901F4D2 540138DD 81E90FFF E9DF2278
450C36BB CEC14227 00600206 654701E1
05D4EA1D 2235D40D 3C3A3DCD DD1836BB
CD6516FF 4BF6CD07 A2B0EFF3 E6232ADC
F804F80D 05C7DECA E00CF532 ED31C0C6
EEFDD61B E581D020 E10339EC 51E703FE
26BE5BF5 D9E0C64C 373C07D1 0FDF30BB
F1D7D1E5 F7E10181 12D718ED 48DD48C9
1EE5F8BD 24E41ACD 2B1B08F0 DDE21FC7
EF3E251C 3122DF9F E9E30BE5 58084333
06F8E340 DF2B0A12 19E922D6 06FC4450
139F0581 EE3CEBEA 0CEE07BD C0B9C51A
EAFE152A D30B69E9 AA001D09 03D445CD
042B241F 0114F92A 18F4C0DA DFC3212A
0BCDDA84 06DBF726 A811332D 06152AB5
00DCF6FB 4F147829 04D54FF2 2F0339FD
FD4220F4 0F192801 47C0034F 1BF61D63
FC77015D E6FAD77F 1DDC1D35 33DE2D10
C7F1DE07 EFD43BFF 1133F0DB FBCFAAFE
34F028F0 2606CEE4 120E09D5 0A3AD0C7
1DEAF717 452C2AE8 AE4EF77F 373DEFF7
2AA9A6FE AC42E444 0717DFF1 3C5E36DB
AF33E9CC 56A1061A AA0773FA FE167F7D
43E8D622 DF48010D FBFE47F4 60FD351E
0528AE68 056307D7 E7BE510A 40780B23
2E4345E7 2C3E206C 029FE027 66CE10FB
DE60C6D4 2332E7C6 3B2E8241 0CEA13E4
DA171F46 9C1830C2 EBDB9E3D 58F5D4DA
79B6C899 2ABA8717 2C27AD81 DAE28D0B
34C31111 BDFEADEF 021D29B5 1EC9CCEA
92D22D55 A5C926EB CDA4E836 BBB977E5
0B307BCD 39B33D10 3276C781 0DBA5D1C
2718C4D4 15C89828 05D221D6 EDE4D03A
572F3793 47D277B6 F6FE932E 3314FBD8
09D1CB01 FEF9F0E5 CBCFD5FF F62628FB
45E1E6D4 1014CC24 1A27DEC1 4C2A7F00
BFFEEDCE 2FC65105 0886FB13 310122FE
21AC3C3D B1B8E4ED 04E0FEA0 0BDA2B02
C330CCE9 3AC4DD04 D9993A1F 3533DBF9
FAD5F61D F343C100 5FEB18E4 D1DA8112
CE821825 E4FAF90B DCF35334 EAC042E6
FAE15A05 21F41B79 F31E164A F3340C12
D6F6FB0F 234ACB18 47E4E27F 2AB610C5
C8FA7A0E EA64FDD2 B41D3DCB D0BC07CD
98E7BDF0 0F6FC526 B3D6CDD5 A1438C62
58BDA132 F43C43CE F8A1CD0C 070E3BEA
F31419FF CEFA37EC 0224AE03 F62E154F
0EE2DDD3 FD12C9FA 1DF317F7 010A4708
17D01314 DA1A4FF7 E87FE606 F023F0FC
FA31C7F5 11246CFF 2CFFDA02 2F0507EE
D618AC43 D85FF403 E11A0C2C B7FBBA5A
04D4FCF5 5241CB07 500FABEA B7632E22
E820D6E0 E00252A7 A192F681 E351C6AF
C6EFFC10 5140A1AB 4EC026BE 8C36D012
2A6CBE02 46B12F7D 12C21D26 C714F1FE
A4402A20 F3532AD3 E4420305 E2A4C4D9
28ACFB1C BA65AF34 12C3F34B B39C2E68
C0B528FF 5224F320 8169123F B2ADE12D
D718D256 FA3BA911 E2E1A9DE 460DD6E4
E938F5EF A97F11CB 28B22B09 05DE923B
FCE4E8F9 4338E9DE EED69321 1CE2DBCE
D052B8D2 0044080C DC002FFC DEE2F03B
D4D51027 EE083D14 127F06A1 FE1A01DC
1D2A00E8 4198A341 F8F9DD5E D83EA92C
47EC2B0E 0A1711D5 500EE9A4 BDDBCFDF
A6F00C93 F533C6C0 DC3643E5 E1AF02D2
2442099D 26CC67DF FBA0F821 A115E643
EE57BB37 DE092B35 FD746514 E6B64C96
05EEE600 DF4938EC F82F7809 21EAB7B2
1EBF12DD 4CD85DBB CE81011C 2A5FB104
D3184E1C A3FF4300 E8C13509 D0E8C232
984A5EF5 29E5077F 5AFD01A0 D0D4ED5A
AA170926 160009F5 950BF8E9 1B22DFE2
14BA283E D53FE734 B55501EC 35343035
F00B2029 F7D4479F 0301AF1D 51FFB650
D57F2BE1 A8FAED61 421609CA DD21F825
37D2F819 B42DDD33 2BDD0F0B 0B26DA22
E3DC040F F30BF3A8 1233661A BFBEC301
00A633D6 6ABAC901 BAF41081 4BE9ABC1
47033225 302CCF0D 0C23DB09 D4D92D15
E2B1E420 2414B9AB B9E0DBFA 0BDD08D5
9C2527EA E7E12608 E3C2E9FC D1C8EADD
7FBF042D 1A133129 D4E32501 EE0E0D08
CFF519ED 05EBCD62 A1210047 B84CCEFA
A2C33517 D4BE31EF E3F904FD 2187FA2C
D7DABBFD 141EEAA6 553C6FC2 F54E5740
FCC2B7D1 3AEE004B 66EB1419 C4C5ECDC
043E0C3A 1E02D2B9 C8DF1F0D F8F6F6F5
259FD4EB BEBEE715 E3D79FF5 30C8C04E
4D010325 AC01811D D213BB50 FD08054F
20FB00DB C9C236EB D6F7D50D F7D4F8FB
100413F9 0E0A59EF 331D10AB B615410D
060303E4 04432EB9 CC0F32F1 0EC837C8
CF397FC9 4DEA30EB 1D12A7C7 16402A0B
A7190DC1 4804F601 CEE7EC0B EDD0A427
BCFEFF55 F2D5E7BE 15EE8F02 2702CE51
2AE4CF97 D8E3F85A FDCBF121 BDE33328
EB247F53 D4B1B8EB 0E3453FA 6F0ED32E
F9F2F1F2 CED030F8 DBE7D321 EF4CF126
82F8E8E2 D12ED809 0309009A CFD250D8
AB7F09D7 22E20815 26E7C8D4 03D4C829
3C01F907 1160D207 D40E390A 2FE347F4
F117A629 06509C53 E3430752 FF14BB3E
4E4AEE29 02051F43 1BBEE62B 0EDFDB3C
D8F2A07F EB0EF30B B5FC130F 18150FE6
FCDB35D2 08FADD1B FAC3EFE0 0F5519FD
2627CF00 C9E9DC90 F8CB4711 D02CE50D
FF282430 EB0B4A09 F85305B7 2CE7EFD3
AEEEFDF3 F7C8CDE1 32F3FEC9 C9EECE16
EB213B96 0E2FE41D 3AE008DD 13BE5081
46BC2E0D 292EEC39 112301F1 E72E1DB5
E9D8F43D 07C3EC0A 088FD906 ED3B221F
C6EDBAB7 D4D6E11F C6C4029E 070F3865
032A0F31 2BA7F181 051FFFEE E5211044
BDE6295B CEE4D0D6 2C14B8BA BDA0EFDF
46E6D7C2 A9C69A04 227F1798 2FD70CBC
2925BCC9 444BBEC6 192AFF9C 09CA13A9
2632F8F3 FA7DED12 27BFB2CE 86E54B39
BF48E44C 042B4AC2 B8812529 212303B6
E5D2029B BB0A1CEE F202EFB3 C42ACBDA
CD0CFF02 14515BA9 B902FE31 FFC6320C
4140F6D4 34FC030B A904DFD8 05EEFDEE
EF14B22D CAF0EBD3 DCDAD7E7 180A0E10
1AF3E027 CC2C3535 EF0CFCE7 FC02F0BF
13D200F0 021FFD49 DF142F21 F11016F4
C9D2D4D7 BA40CEDE C40000FD C1EB177F
BD99C341 FFD80BEE 311A2AC7 37EAC1CD
6CCB0D4E 0BE8C566 37DC02F1 DAD810CB
FDFEF8AF 11ED61BD AB2FC058 8F1B7F91
02CE0209 2DEFA652 ECF1B1DF 9C333849
09572606 0F5B93F1 E95B2AAA D5F1FAD0
C03D91DD B75DAE00 EB31DC34 1C3F47DA
C43B32DD D507D2DE 3D81DDBA B5E05E3B
11690CEB 3A76FA47 E538E828 3AE60CBB
E566FAFF 16024908 F5FE43A0 220EE01A
1EBFFDFA C1040C5E 562B28C0 5C12DDF9
110011BE DF342817 BEEB7FEF D0A4CBF9
4109073B EE0EB60D EA5A24DE 1D13C1B2
C04ABAF4 2657CA0D FFD8D935 DC092434
120514C7 F8EF3601 0D2FABD7 12E3F613
6A56970A D355FF2F 191E0B9C C3C71302
E6B0B89D 2A3435A4 780081FA C4EA391C
16C3DDCF 3CEEE80F CECA61F8 000FFE02
FCB332A5 CB87CAD9 ACB7FFF6 5D408B53
36E549E0 F0C0FC35 1215C0EF 17B00927
062067B2 7FD80632 2A9FCF5C 2E09363A
F9E29A1A 330CB033 3EE63898 076BE7E7
2C28A7C4 21F81026 265B43E9 1C2042EE
1449A0C1 F5D2C6E4 8845EBF3 152B07EE
0AF1C9C5 B8C218B9 61BFE4BA 81BD0CF9
D0530B2A DF2C1CD0 6ED8DC1F 2E9C02C4
01F10FDA 0D0A300C 0ACCD120 7F04BDD2
B814E623 07A9C8E9 3CE6F798 0BED36EE
F9E025DB 8A32B216 DDF6BB30 10985DE2
8481C8E2 03228547 FD03DA45 4BE3E119
3DFCB7EC 2B2147FE EB4CE521 EB0126F0
0A3403C6 DEF2DBFD 47B3F422 483ADD1E
E5F4191E 39ECF5EF ECF357BC EF24B3C6
F927C6DA EBBA3A48 C244FD25 2B18EE7F
19FE1CF9 080031EE 120D0DE3 BAF9DB07
D5B6F7FF EE1E02B0 091D59FD 06D9F618
C71C3C07 F22D2E22 E31F122D 5D20282D
453829D0 64130B13 28FAF73A E337089A
27AED70D 962B1B11 18EDECCE 01F1B9DF
ACE9F7DA E10BC82F C0D51AC6 C2372B39
EDCA0412 11DCD81D DFB51102 B71C8108
6D10089C FAE76818 3B33C8E5 98BB2775
5014C20E E7E3CDC3 2E1DB812 F9D719BA
A00BFFE4 ADE51628 BFF80AE4 19EC1CD2
0B18CB31 8172C3E4 E8F31620 00FCD140
D3FD12B1 BEBFE933 0529D90E 3646DE27
251922B2 D9B81CBA 97127F08 B1F7CDD5
3FE8C2F2 DE52A5BF 0E1EEC1D 6FEE33FC
2AEBA011 9E1C2E55 D686F7F6 E7E417B6
1F31D9EA 2B811638 BCD52A23 4B08D8CD
1ED404B9 B728E7E5 1A1667C1 EF44E5D4
D5E2C23E A8BE26D6 24BDEFD8 25C8EABA
BF169D10 59BC1BFC 3B04E2A6 59EC532F
00000000 FFFFBEC6 00000004 00001000
C5FC0CC4 01E1B629 25DBFBC2 F82D26E6
0FEB01B0 F3E41A54 D629062E 83811F3D
2DDA38D6 E2333CFD 4ABE0118 DBDC2AC9
1B1D1EBE E8FFE4F2 1EE7F8BD F8F8B0AB
F9C51202 C5A6C931 374B5CCF FED7EFEA
586FD97F 1C980021 D4256006 F232E244
BC41817F 2CF6EFE5 050D173C FD3D3045
0504E6C1 3BFDDB44 631C570A 2E3E05ED
AD601BC6 AB0731D7 DD694481 142ACBEA
15F91A5D FAEA4FF9 BF13E6F9 0A2AB0FF
E1F82BC9 A332B27E 154FE3FA F8F10104
534E7D20 321001EE 1AD32AD9 E03AF9F4
1C23F6B8 3DE84CFD 899F480C CCE3E849
18E64031 FBF9ED66 2D330101 C5410942
B7B7D6F3 0608037F 4EEF3C2F DD64F759
E70F16A5 F0E13BDF 41320E2B 16404CE1
EAD41B40 1E1A19BD 0E0EF748 3BC481E0
0BB39ADB E83CF82C F8CB1934 29A23EE8
F82AF7F6 E831FE3C 2A1BF834 C6291EEA
05CDF4B4 D7C314E4 04CC36D3 3DE6BCD4
FBD9B7F8 FFE45E26 2CF8D414 00EC3D44
A326C3F2 56DF29BB 0E1823E6 0709C5A4
D5130205 F1251E81 ADE0FEE6 44EAD51F
BE34D94A E0F4E3ED B2DBFE16 E8B713BF
34F8FA58 BE17C9FD E9653525 F239051B
CC232A74 E014CEDD 0E0C14FD D5DC3645
0A046D16 FEC5C826 19E0144D 017F18E8
0308D31D 29FC44FD 2248FFB7 01F5CDFC
ADC11B1D 5F4EE9D3 F4650951 E39065E2
100CDC30 11D3C2C7 DB4B2C46 53220220
EAB01DF3 EFEDAC50 81BE69A7 F6121A2A
DF0437B5 FA0DE528 D704FBA0 2084E7C0
FAEB36C3 BC3B1D5D FDBF2EFE F0F439A5
221C8615 0EC7E6C8 FA250C4E 710A2928
35A4223F C3E20AC8 B2FA37AC 251D1605
437FC9DA 3495D4FF BC13BB6B DDBEB615
0873FDD4 B7E49FC7 F83A0BCD 1A90EB2E
F1B8FB4B DE38F6E7 24B15914 F32ECCAD
BAD90824 ED6BBA4A D722C897 54CBEB36
1C1ED20B F420E816 D970811B 05ED3BF0
33E41BEE 2EE656E8 08020281 FBBEED13
EAFBAC07 FF1AE8F7 EBEFFC33 0ED14313
ED25E7E0 1FCBE001 210AF31B D8D0E3C9
3DF205FE 1FEFE6C9 43ED12C5 09060FE9
F454D6F3 19EB84FB E9F23C2A BFCECDE4
1AFD5DC1 CFA50DE6 FC1FFEDB 05E8B8B5
0E07DF5F 0AAA15A2 CE0BF51A ED17E5A0
D4F1E1DB D5019302 BEECB281 F2281AC9
EF040ADA ADFAD7A9 6F27FF81 CC75284F
D5A92EC4 23FED4F1 2DE58A15 B2B246F6
C74E20B0 DD392BD0 3BFC16FA B92CBC0C
D3BA0F22 050D1CCC A909060C D04010B6
B22CDE23 FF1E0512 42EFC54A 61D9CD2C
5696BA0E 00F9CAE6 25D3521C 53C61F29
39272112 B741EA0A 070D01DD 22D71D0B
B0C9AE25 FA812151 ACFE020A 70D10C1D
F1F936FC F92910DD CBFCF3DC EEEEFD44
CA08ECEB 00C8D7E5 F881EFF0 ED04D51F
18E1061E 13D50A14 C8EEE6EE F0DBE42D
C7080514 200DF53A DFEAEE0D F40ADFF2
2A42907D 1C1CF83B 2D10B5A4 7FFBDEBC
B1DF3B59 401C8AC9 A5C068C8 EAF2D25D
50BE1225 89BC0B78 5396D8EB CAB606BA
220DCD05 B1D9E90C B105D1AF 36EED2FB
EAC637DC C4F95F52 DD1A6912 E1BAC4E6
BD3A0E25 10DB2F31 E522E07F 01CB5E1F
1A23FEF8 0621FADB FF24C1FF 31C3EDA0
33F05CD2 DEAC16C3 FB51DA23 5220B106
5CF7BC73 ECADC243 9FB31E2E AA07E411
6CE1FAD1 0F30DCC6 5D080352 51F7D181
D5F9D3EB DBE1CD17 CEFF173A D89BFD71
E02D4BEC 0510D4D6 3DFE0ECB 8BB842A6
F8FD24DA A92AF4C2 F21A01AE 07F62602
C830A0F4 13021522 243F1427 11FC0F12
E8E681F9 A6220A1A D62200E1 1BDDB5C9
13C9F537 FCA4F2FA 48A9A991 D9FFDF35
56D764AC 9020D4C1 2E480166 13182242
90122921 11F8814E 290386C3 C6AE23DE
094FD890 E85830E7 74C00517 7CE201A4
F72817F0 00DDDEF3 07BE562D 5249D8E8
3317FB23 311AE6EF CEEC070C C77F9E0C
D526004D EAF4F4EB 090A1802 C2D4DE26
E2E90F27 E92DAA1B E4BD0218 12E9ED29
3CF91EED 12240A46 23243D3B 1C21B813
3C0EDAEC C83145EF E6F017CB DB1D5956
AC91507F D5DDD506 4AE31D50 8DB0F1E5
29CA2738 98BABC41 2B2E050A 3CF12621
5200E3F3 BBD29D0C C8417ADC D8CABFD3
6219D288 0CE12571 D81A4B1E 037D1648
13DA6719 E9F532AA 120D1707 DAE0CE24
42C65F7F F42B0CA7 D03DFB27 EE78BBFE
64578BB4 C6C2C349 E9EAC367 0BD4C930
1FE80922 F93433DC 103CD124 210D18CF
28EDE8E8 0E302B1D C6F507D4 F8F149EC
DB16D4F0 2BDEC405 E91B13E0 E9F7DAF3
EDED07EC 8124160F 1C060B3B 0916EEF3
0124EC24 5D39BBFD EA1BE22D 2805491C
ED2845D8 18FCC636 076211EB DB48E01D
5CE61406 4DFFDF23 E61EEADE BC1E01BF
04D4165E 1631A7F5 58EA7F16 D43F4D28
4AC06F29 45432301 99F2E198 DF410F1A
6DD9A724 E903FE2B B1CA10EA FE3BA157
2231E71F 0EF4E5A0 EB1728A9 4CF0DF16
129EEB00 7F4F03D9 BBBB56C2 4F1AE560
3C3DDD39 C21DD62F F51F476B 586D6D5B
1401E7BD BE0B6BEB C9E5ACED 52628B94
40F9BF06 814A1BEA 4E3E14F6 32F9B9F0
1C0326E8 1C663F01 43B8B34B C3C93B15
12D5CAF6 FA05C535 E4669A08 FEB1FCFB
D249CDBF 11ECFD4F B892AA81 281EE3BB
FC1B02BA BDF6AFE0 FBD0C885 630122F8
FDDAF207 075DF61A D715453E 9DE6A0D6
083246FF 0A277648 2E2A3C52 D5D49200
19B9DC06 DCBCBB81 171DD9E1 F4562F29
D73B8702 DCBFE320 05B1B05D 0EA9DB06
164D1CBD BF2945FC 57DF1152 ECC1D7FA
15A353F2 A1A142D0 F21DABDD 77E4D6F2
181FF2CE A2706371 1DEEDBC8 D068FB05
C3D6BAF0 B8D9FE12 2D81E2D3 3B062BEA
0E6F3CD8 F2E8C8B3 D6386AB8 0D63F9AD
F44B41FF B324EBA9 4F31CDB5 9DB37F49
1E4A7D15 FE6DA3BC DF4BE34C 32A14C2F
F120BE40 621130E8 E2091903 D421E9D0
93CDDB1D 4BFFB5FA 22E19A11 C941E8EE
2123290F 2840DB42 C80FE0E9 EAED9EE9
1940A9FA 06033F45 D9CF21D5 FB490823
32F018F4 E1E8DD7F 0BE3B6E8 35653D05
4288FED4 DD2D1A00 ECEEE9FC BD41DCFA
15C60A12 FE0C54F9 04C63445 C226FCC7
F2C017F1 9CE5DF19 15F5F6EC CAE21DBB
1E310009 CB144106 EDFBE50B 3381C1D6
10673EC2 FAE631BD B116E8FF D0FBF229
F905C2A7 BC26E12F DA1BF616 692F240A
B3D27FE3 47D5042B 000CE2DC 1DF501FB
195BC9F6 16F801F0 14F3F6C6 FB4DDDA9
0FF212F6 3EC9F016 F12BAD35 BBF00803
060EF61A 12BCCF23 FE5217BB C6C3B2FC
DDFBC416 1CF30B47 09C9F03F 02D6CA17
5756E634 D734D8FB 08ECC20F 23384907
272A0D0E 10C201AE 2824E9E3 168130BD
E7E12AE5 AC032113 C6985A81 B85BEBFA
0747F7E8 F6EDDE48 ED380499 14D3E95C
5CC3E00B 02E6E01E F1BE03DD F10B0C1B
EDFBEF23 1AF51753 1AF7073F CA6294DA
09DDFBDF B18F2443 2196D0CA EEE00F19
FC0B1626 AF941722 DA0631BE 0FD116CD
D4F1D24B D3DEF8E1 2743EA26 CAFD810F
4FB00CFE D0EA1F2C 234F1B96 14F3FB5C
EDDD23FF 1C1D1137 B8B4EF22 EC0BBFB1
160BF5E7 378EDFF1 262EEF11 470148EC
EAEE20D4 E741E5D4 071D0AFD 940BDCA1
362C29DF 0A1557DC E123E67F 3126FB44
3705F5F9 D6EEE405 C0310FFD 8127EFFB
E3BEC30E 178FD846 E7F0CD21 D60E5BE4
9D2DD1D1 0A2B2E00 0B1908E1 EF5604FB
1A25A1F3 2AADFBC4 141164E9 AC1C0BB6
32F1EAE4 35FCEB14 221BF5D6 2EB9D4A0
F94ADBF4 E603072A 5C05102F 2CF87F18
EAEAEA0B 3E0FFDCC 33232E0E 1B00F7FD
11C6F4F1 17448C17 0327C843 D2FBF1C9
DF029665 0318D32E 08F662D2 BE244531
2E2D01F4 253B1E50 F22F27B9 EC4804DF
2D004DE6 3CFCE6E1 B5EB00D4 43BDD656
4FF3DAC4 DBC0FFD3 810E1355 DD028A37
1F3DFD3F 0C23480E F18121BF CAF6E126
B21A582D 36BAC8B2 21FE0E2F 2943F1E0
03D4C51D DD2AD8D9 D4F60236 C14C7316
F2DEBAD2 C918F115 D9E2EF11 0503B6D7
3226EDCD E3FAE813 FAED0DEB 285528E5
22C852DC DB301405 1A0CB516 00CED9A0
DBD207D1 40392A17 26560B3A 21C301B1
251004EE FF2A0837 F7FB01DC D9CB1181
E7BFC31E 250F04DC FFAF1211 FDF71C66
E309642C 53354E81 392039F2 F5123BF5
12BCE343 260B423B C125F3F7 D42104BE
C9F84841 1D1DD0FC C36ABB6E 987B584A
22072F04 23D74B21 B4F64AE7 D5F5FB3D
DAE710FE 9AF326F0 32D71D0D D6C41DE5
03EAE8BA 22EF1FDB 49F61F38 2247280D
0DE87FD2 B1B12AFE 28D5C9E8 E5D90CDC
2D9EB32D DEDC9D12 E746FE1C 0BC0BA24
FBB977E8 25EB06E1 5EF4E028 1FEEE312
F94C1CFF AE5C371C 1F2FC801 DA87E6FA
D4F740C6 1EFDD159 FF3EDEFE 5B057FF1
92037F05 DB3927E7 2663E5D0 73F7F721
062A3222 D702DF6E EF3CD2B9 28FF19CB
08A25FFD 1E25E1A7 19EB2A23 C63719B8
F05DEF23 F2C06BC3 4420CADA 58C1002D
3DDF1AC4 F2E63A38 CCE46949 C7FAE0E3
31DEC252 26F7FABF C9D0B228 CB11E7D2
2CECF331 F6F50263 7FC4C4E0 5FF211CF
1BCDDFF2 14CAF5E8 A01B0E1F CEE0E51C
33C3A331 EE1DD23F 119F1525 8485FA39
FEC518FD D7E108E6 1EB24EFA E4D7B5D6
6A537FEF EAC20AE6 681E19FD 0B12C8E6
F7073F84 B73628BD 9B2B3F01 091D0FF8
5D0DC9B9 42A332B3 42278107 0AFC03B9
4E9A1C32 1BDC3BB4 BF24C60D 0A1EBE05
D4BF3EE7 1105A02B 143F2927 A1A5E814
321A0813 1FBC4602 3F004AE2 FE0BD61F
13A4BEBA E5AC0935 CD174C65 F8B11FA0
3C16BEFF FDF62916 E6FD40FB 0CE8DE46
3F6E3325 C746BC57 5BD9AC83 11E8F40E
D7811425 33EB2545 D55B1B23 0A5FF0B2
CA43E21A F9C71142 5B3E9234 DD388126
F506C9CE DDCC2AD3 319B3009 89E92A14
FDEAA6FF E4F13019 B220DB9C A1280729
DEBD23F8 CAB21AE2 04041450 2C4C060F
3C4FE3B9 D5FD140C 29321318 E9021FB3
4EED3C1E D918042F C73509D3 EADF29F6
AC08369E D3EFF247 ED3FDA3F F67F07E3
46FED008 E4FD74FC 57D0A541 F119EEE4
FEAAB7A5 B3CDBF17 0B2A6CCE 422507D4
8836BEED AC0D11D6 17FF01EC 2E1757DF
1C5A10DC 2728BFC7 36F7F7AF 811204A0
D315259F 32CD4024 DB27FC02 120AFCCF
3B3CF085 F8DF0ED3 D4B2F5CA D8312440
1C38D2AD E6C637E3 22EB83F3 E10F0426
24380B50 FC4D1A3C F931D7EF A50481D0
090728E5 220A2402 D1F1132B BE3730C0
1E2E12FD DCAFF0D0 2B274209 26661109
FDEB48E2 CF003F35 DDFCD709 E020813B
B5DFC32E 2E1A4D2E 0310E9D8 0CD0B42A
099B5A5E 1433CA01 43C8E956 191D2101
054E070D EF12E55C 11913C29 D1380567
EF043B33 1EB1C969 3D352C32 2DCDBA52
D5E20833 05002D04 09FEAD1D 7F3DE8E1
FBF9C036 10E6CFA5 EC0654FE EDFD090D
2AF5D1CC 46D74CDC 27CC17C5 1A0F3BAF
F0241246 DBD5DEBB E64E7BC3 FE201240
320302DF 9620BD21 4DB734DA 7FFCFEDE
0C592108 F3D4341C 6E07242A 191B13F6
1CC76F6A E6EEE05D 597FCE5F 3ADDB4BE
4A1A3A02 6F537EC6 221FD665 09C506FC
4ED207DE 4341B6D6 03DA09B2 C9FA10F1
EC0EB4E9 13EDB216 14CC5D29 70A3D9B1
A1FDE947 D9CB1237 C63DF51D 38D0AB02
234C16ED FAF3F307 B8BD0606 14EF0258
2C462A7F C32C6A59 02E4F644 ED04D573
E9FECD68 2CC6A003 DAA2E6C9 35D2C39E
62021C3E CDDB5121 1240B5F3 EB4513F7
EDC27F37 C7CF02F1 110AE3F3 8FCD1E23
2131BE09 EC97DCD8 F2E80767 C1FDE493
FAECD13F 14DAC005 3E23F054 F3BC3CFB
D2FE1B32 F60A14EC 358107ED 6C2C07CA
00172B07 08D02319 ADAEC436 848EE235
051A29F5 2357090F 42193F46 CEAADFF7
04E52C23 A61D0112 0BD2FF0B EBF43225
E7D0FFD0 051B1F45 01A687E8 6EC68806
27D7322F 674D1121 CB58C392 35B5C6CC
E6D936C1 FF7350DC C7AB13E1 1C48B281
D827C11E 0EDF4EDE 28B1011A 32C120B4
D81C09D3 C8BE01C8 2438FF06 05D7D822
34B7AB3D D6EE3DCC D2B96535 F8459FD2
2F21502D C125F86A 6BD54606 FBEE7F3F
D40111DA 143E3FC2 1E47E9D6 13B692C9
00000000 FFFFCED6 00000004 00001000
0203B135 00E24EDE 09FFEEBF F5175AF6
F253D5CC 9AC40919 D2F53118 12A0CE1C
53BE0D27 25FE6E38 0EE019DC DAC9FBD8
429FCBC4 1628F84A 339C0881 D5EAE6A1
2CFDFAF2 DEABD905 43EFCC24 5CDDF0F6
04C51E01 161C47A6 C333B83F 07120B48
434EE222 7F0D4512 FE4DDB22 7122D643
B309CCE5 EA24D2D5 EA1C2337 093D9D5F
88262D26 A31DD80D DC351DC2 A929D943
3ED9FB4C D7FCC75C 0A9CC0F9 0A45EA1D
551AAFD6 DE1C8121 06DFBDDA FF29041A
58095AEA 0008A4BE F80CCCFF 4C06013A
143CFEF6 7E03F222 EB222B19 AFD1AEEA
C3B7C3D1 9407B57F F49B32E2 5D5FCD2C
E80C8AE8 04B4BE43 0703380A 61320513
D4E2B5F7 F8DF43E5 DAA9958B 2E7D1B0F
BA31F27F 9EDD5119 F50A51BD EE1BF00E
2DB3B324 14C7EAC4 20FE41D4 20F10EE9
1F9E6AEC D7E10A24 D50691FE D83BCBEF
AD26F8FB BEAF15E2 2DD904F2 21B8D2DA
481437E3 2B10F196 019DD496 16D2F3F8
CDD5CDAC AEF3C722 C0D508DD 3EA5D4B5
EBB5A74B 16E9791F FEC3DBF5 602F9749
947FDBFC BBEF21F6 C8F497FF 3088134C
F44DF216 AF001E1C DB145E4C F65BFD59
4BFBDF50 62EA05FD 2A1E241C 420B690D
0112205B E10F4BE3 149AB75F F1125E2F
F20F1640 1D361912 FDDEB6EE 07D4B97F
AA03AF13 B0FF1E0E 1710A705 E201E152
EBE28CF3 EA2E19CB 7FB62BDC FEE81AF4
2F15BA13 C8C34336 2ED0C0F6 CFF241D3
0BE2E9EB 0FE74F1F EDD3F1CF 000EFFE5
FC084FAB 37064730 870601D6 FFD83840
FDC2B2D4 003781C6 0F01A119 DFD5EB49
F639D721 74520113 FFA6ED15 155E0FF4
2E580145 EFB6F40C D017CD21 1204E6F8
0FBE110C 4CD8DA1B 00E02D0B 0EE5D9DA
E4310C0C 39110E21 EB16E5B1 CD044EDD
C61403F0 BE1FDF37 F74CE5D3 058107BB
FB022009 03D80C30 40FA2398 DF361FF0
8E4EAFCF 0EF812FB F52ED9FA 33C00FFC
F615D5AC CE44E8EF E6C8B8E1 810B4232
F7FC22FA 2815ECBA F42C1F2F DC380212
182C3F38 F5D830AE E825B200 DB45E8E1
1E8CEC3E 7F33FD5E 0B083A13 DAFBC3F2
3A5AECD1 FF0A3DCB 2618ECC9 47E035F7
3592BDF5 B6B8F507 C4E4BBD6 EEF532B7
22FDD3B5 071DBB68 1CB6E0C5 53C13882
0DBBDCF0 063DCE19 2503DFFA FEC0CDF7
3EF8F414 48F3C4F3 32EAD0DD 54C820F9
082F16FC 98328159 21F3EBE7 1FA32BF4
D019033A 2AEEEFE3 8E0CCFDC 0EEAD70E
3B1BBDD2 E0250FFF 0F3FFBEB 15D5C13B
1918E281 B7102C19 DC35ED12 29270FEE
DCE29F0F 1EC5D0F5 0D43271E 1D5400C4
39FADF08 440C003C 1FD8E214 BDD2E300
F9E3FEF0 28F5DB1E 09D4D7EC E0AF8115
FE0AF9EE E81B0002 14EFE935 0D0FE6B5
CF28EEDC C01FC6F5 FEDEFCF4 07D5E9FC
2D212316 0FD9FDCC C3F5B1F7 14F20114
93110A90 E40B3F11 DD308D2D 0700C9D4
DA264BD2 FBBE017E 46F423D4 CCB2DFFD
2617F5D7 0E29AC40 F17F2E1E ED1C4623
C0B41A9A E9F6400F FFF538C4 D8A8F021
07D6E9A2 C9D8D8B3 1C443AFD DBC2CBF2
2D2705D0 E6F51D1C EF13B01A 37E21C61
1C63DCA1 311B071D D91D4AF6 44221423
ECDF1F1A D1814704 B3E1CE49 11F2CF11
C5E88EDA 60341806 FE30C321 E7C4D7B0
B239469C AFFC5D14 EB30129E DCE918DA
F719DA14 263EAAFB 1956D4C8 42FC7F1A
C930F30A 0FC6361F EFEF0AA4 08D40947
C2C5CC00 B90CFAA1 F3DE243B 083217E2
4A06CCDB 16E95AC5 C2F60FE9 2F81C6DB
D93E1CFD C2D9FB04 E3D4FAC7 FFB4E4F8
0DE7EBF6 CA220B0B DBE1B800 E71507E9
EA3DED11 B726D0F3 06E2BC5D 3911DCE3
B31A3015 47FF000C 184B2500 ED701B0F
C41B8156 F1A93739 D1D2F72E FFAEF5CD
1307F40B B934F5EF 4FC43FA7 0326BDEE
939BBB19 8F23BA00 421EDDD0 9EDFE21B
4D30F151 4EF93EF6 E81DCCF5 4C813AC6
FD230C05 31B5DAEE 02FF2CDA 1E9A0A3A
9C27F908 F5D01B45 9C4C2255 14B3C631
39DA1DE6 FE28D8FB 20E3F8B7 C2D2BC0F
08A638F9 D3AE02DF F20FA871 EB0181DF
05E8040C E028CED6 F623C987 F8C5B9D5
F8B601D3 6A1E3D10 B6041D19 9CF767F6
29FCBADF 011BED1A E800FFFA 8131FA1A
F6F900F8 E0D2BD11 F814EE31 1C162A25
1B000D00 DE11032B 162DF2E7 E8DBEDDA
F1A3F60C E30AD910 F4E801B9 3219C2C5
082808EB 53D6BA31 32DED831 2F97141C
121D4D34 DAD9E5F5 1D4126FF 1E11FB64
D439F1F1 E8B87608 ACF1E856 FDE1F15F
7F22D32C 260736EB 0004E503 26443583
04FD02D1 DFCF1DE7 DB2410C4 F3C589CF
2E23EE9E F0E4D02B DD2B370C 18FB303E
E9F61D81 FC28C4F2 1EF34D0D 2D1BE299
96F3E6C6 0FF942FA D72DF523 B6FDBB0D
CFE8F92E A8DB1FF3 E6F2CB0A 0945F811
81E9012F 3C122414 46E81218 E1F7E2E1
DB20D5CF 1B25F0E8 5020F1E3 A3E8D2FC
272046F0 48F033EE CDD23E98 DE1333E3
9229043A 032B05E3 D4DEFBEF 0057DC26
1D92D7F8 21EB4381 13CD2FC7 E4EFFB40
50C3C7B6 30ECE624 21008FCB 3E06F9E7
EDF4E006 DEE609FC F7A0B3D5 CA4420BC
F45D010E 6BA32C5A 39BE1B4F 5512D52D
B5424040 F4F0E8F1 2135AC33 E95C29F3
C8601B18 F33D25EC F4075B5F 81E0EFBB
FC0FD3CC 3420EA2A 11D74297 E00AE1F8
CDD8CE4A 1C3AEC38 F8AB0981 9DB4E13C
344B0045 3AECEF0A E3FEACA2 03D5212A
F1B645DD E700D04B D9FC1ED1 66503136
364CB901 16ABBAE5 04F3343C 49E4CDF4
3B052717 B2C20555 21F5D71D 291FCED4
34A62DC4 F0C51EE4 E5CECC6E EAE8EBE7
2F0C07EF 3FCD81B9 4E120538 7E03E6E9
E510CD32 4BC7E209 F25D315D D00CC534
F0CDE5EF BC902632 7FBF3509 520AB6F3
E2FC18CA FFD761EA 1BFC3F03 164AF803
EE184431 BFD647F4 D0E3E6FA D8C0D236
B9CFB9F9 03E6F2F4 1119322E 3F1CE60E
05E5FB10 BAD9FE7F 31F4D508 D2CB5FE3
D5F64010 EC1E2AFF 2747DA18 3EB9DCF8
F2001013 ED3221EB 285DD118 89C7FAFA
FE0DBBF0 0C4E19DF 1430074C E1F203E1
BF280C02 27EAFEE4 0ACF0ABA 1ED60BFB
92D71DA7 C0EACAD6 F121B1FB B70BB4EE
DDE62AFC 2E0331FB FA22001B ED34B912
11D531D1 0A18BFF8 1BE81D81 E82C2CFA
E12E1A20 D434603F D4425DEE 32E9931D
29433183 DD1F2624 09D6DEF7 F8BD2514
F7C4E7E7 0A77C1C4 2E64D995 81221716
08671E4D 2BA6E2BB 9C56334D 0796D931
F5CA0AF6 4004167F 04C9CE1C F5CDE111
E71C22B7 E932D025 0FFB1CC9 2B3E2AF6
DF25E5BC D300BFA0 F5EED000 2616CEA1
23D54A0F FC4541BB EA02E8ED 1B191EDC
FA07C0E2 ACCEC2F9 8DCAFE81 CABF2106
FCD3F2EA 00F6D241 89BE3904 E1BB1EDD
3320E020 55EFE333 0CD500ED 7722000D
28B80812 24AFCAF5 2AEC2909 E51FCCE5
33F51519 F7F30BE0 F000DBC1 C1115FCB
C9C5E04F 3BB6AB9D 0B220AE6 E9FBE6FC
03D4F01F C5C4492D B0B034C3 D51FBCE3
0DCCD6DB D34DDD73 0ADC1501 D504C781
24110329 F7AF18EA 1E141946 E5F3F246
52F908F8 F9D40115 F656B9D5 5D0FED05
BA3D1A38 CDC70F35 D0265228 E10AEA2C
E5D5DDE1 C7E89B17 D64000DA 0281DE0F
ED2FEA5A E5FD185A 29093117 FA30CE4A
1EFCADEF 25A53FB3 F8DDF542 FDC281ED
CDCCBCD5 1A310039 E3E7F916 B6AB0706
010DE408 EDE308D9 3ADEDF02 03F627F5
1F2C2A30 1508ECFB CC442A1A EE276718
C439E212 EF570744 E0BE57FB F61CE649
7F632002 F9DA1D09 26334735 1FD57DDA
BE20EBD9 EB3A6DD5 35D70900 9FBDFDDA
E3ED40C7 00CCDF07 FA1BFB05 25F110B1
1BDB391D 10904C10 DA250802 FE19E8A8
111B39DD 44E2E3D7 1AFDF228 F193EEF4
F181CFE9 56E22A14 50E7370C ED0AA1F6
F92AFEC2 20D31108 1904AEDA D10E0A1A
19D5021B ECF8AE0C 5FBD1066 44C2BFBE
FE4CE5E1 2DF5B71D 7FE8B1E1 1FF912D3
6FF902E8 452D3BE7 5E2F1010 E443C800
7F04E40F D01E25C9 DBDE470F C070BCFD
6C03B8D0 18ABED0E 3DAE050A 3FF40406
089848E3 DAF4C803 55F2E191 41EDA3DF
61ABB722 45C9014D CE902DE1 CE07BBC9
140C3AE5 BB0305E1 3014F133 DA19C7FE
144501DF 1216D0E8 27ECAEC6 0D231E2C
52E801EA F003ECF1 15456809 B2252D0E
3B0C1E14 F3FA0128 8147FC15 1FECCFE6
F8DBC7E0 BAE2E0F9 20473A53 8B11F2C1
DFA4D7E4 7FAB0314 E118D91C 1E30EF03
2607F9A1 2ABFECD9 2DEAF9A8 14C12607
ACFFD138 2207D6D3 6FFB6E46 E5FF3015
25DC10C8 F12CEF9A F6BBF41C 0DED8E27
4F26E481 0E2FE4F4 A447EDA6 29DFD334
CEF1EC1B 5EA206B2 E207D822 2CBC1246
DE4D9FD5 66FBDF5A 15E6EB19 D446F67B
E4476823 BA1905FB 16D80D8A 49AE82B3
FB2739B5 A561E821 D0E8D0BA 15F91EC0
CDC8EAB1 C7D2CDE6 EAED463B 3EEEF6F2
37442F3C 1581D6E5 043CCA1E FC310F0F
E955D019 812BD7EA BF412656 1302D9F5
DD20EDEC 012F0400 1F2D12FD D12C0116
C6C299E2 575FBC31 EA33444B 2B594017
132726DB F7F92FFB E4CF28B9 1719C21B
4BD1C538 2BEFF79B 213B33E4 37DDAAEA
FA6DE1E1 0EE37813 C2F0E626 CB202DAC
D2E646AE EF95A87F 90262B21 C3D6473B
D54D9BEF 5B149EDD 4BE997C8 65440D26
FC011C37 1FA01222 FCE78422 08C0D69B
04003009 27589935 234F9EEE 253F66D8
2B15BD2E B757D1D9 EB2B22E2 81B9A542
04FF4858 C5CEDCD5 34550AE9 F91DD2AC
DB35E8F9 E9E41DB3 29111BD3 03350ECE
0CB68F00 B81C2B03 E1E2EBE7 BE380908
0703D3EA DFD727FF 812D592A 0745C5EE
DFDE2310 DDB5ACDE 521331C3 D33337EB
A0940CCA BD0700D8 F6D212D5 2805FC50
30AE992A 7FF50AE2 D5FC3005 8E0EFF5F
5CA1F3F3 E028B5D5 3A9EE7C2 0E3C2CDC
B414EDD5 38908A08 F4B8EE01 B8EEA9ED
EADE4063 039FD0A1 E0121C4D A7EDCC48
129DD6E4 F20FE083 BA0BDE2E B55BB6E0
E834F0E2 0B9EBAD5 62401E61 3A28DCD1
F2E5FBDB 7FF33D02 2E1846D6 18F4E713
FE022212 10FB2BE4 EAE82C81 1D2E24F4
FA2A05E6 D22329F4 C1FA4540 14F3FAF0
12EA383D 15FF3601 20EAEE03 1DFFB0D2
D2D5EBB3 2817F6FC 21EEE1F7 F944F617
EABE761F 8A204714 EEFCBE4D B22ED56C
7FF71AD2 072AF6D9 232F21D3 E7C6D668
370ED50E 4434D2B9 D9D2F290 14E700C7
3D0E42EE F0EABFF1 8B5DAE49 220D950B
74830617 DFFD6430 3FCEC8A6 0002E711
D81828D4 3F498108 2016CF0A ACD211EB
3A0CCD0F 4040FC17 1109FC93 B522F316
195907DC 2619A13C 8F32DD28 79F5EC09
06393989 24A2C681 EB2DF714 3F1A8F10
94C0FBD8 5B47DFC4 57A61288 A22B3028
B213E68A 3B2B131F F032473F 4C2040DB
89F3F133 1D8DD13E E884CC8A C165D148
CE3101D3 C0DC3E2A 3812DC38 34E8F0DC
EF94A8EB 06F5DEDD CBB2EDEF 9A10C1D8
5E06DB81 0E2135CC F958CD12 F14311C7
E40EFD2F 0033EDB0 373B301D FA2EABCA
35AB4AD6 EF1FFDF7 B5FB347F 480ECF31
1A03D0E9 EAD83AD2 931B960B F2C7ED09
0DF8FE1D BA0BCCD6 482CE5C2 96F52FAF
FC1AD5BA 3EEB02FF 30F529E3 53BE2215
D7DF2C01 E8AD3CB9 9131FA7B D541E2CD
52DA0C0B 34D0EC0E 2D25E8B6 31C2C2FE
58D8FEEA 38B42D26 2A342D02 003ECADB
EDBAA05D CD28F71D CFE71C7A 81E0DF05
37C7D52A C6FF24F5 F5F61F0E A837BFE3
03F9D258 44811D03 1EE8F421 DE24C3E4
E8BF1901 E6FB09FE 00D916EC 1A0AEC3F
5C0F223E 16FE0A30 F7D53441 FB230B20
BEFF2225 F4081638 92A76109 111B577E
26DED423 05F326A4 18812E1A B4028430
28B3ED0C 0CF41DEC 49FAB8D1 9636181D
0E36AD29 5821381F 3858297D 39E4133B
3E389264 27394ADC 16E1E2C1 E22F3EE2
2209B123 24975401 E2811345 63CAAAC5
03AC8123 7AFEDD1A 35B8A2C6 07D15F2A
01464B38 DEE623CD 48439D0D 100146D4
787FD7E3 F3BA13D0 3E07C2EC BD5120D4
CEFED229 D7BFBBA6 BF92E841 15F7DCCD
55D1D041 5B390AD1 0F98E40B 3E6422EC
9D3FD8B7 083B2FD1 082C0E36 113DD632
00000000 FFFFDEE6 00000004 00000A00
12F513FA E7D11553 2CCE3B7F 6E1EDD1D
2242ABD0 A40BF2BF B4F013B4 1111FDBA
DF110C06 D1121229 9E463B10 C2790DE8
E37FF4CE 2E458DCD 37F3E9BA 2ECFCFFE
28BCF50F FBA71234 009B2257 41BE1510
4B1F8112 17E6D9BC 53BDDED7 27F308A4
BCE71BF4 A0325EF9 964649FD 103C3537
E238FBF0 0FF4EC2D 0A120D10 3B3F1E3D
F4EB4328 BAB82503 90F90AC5 C8EAB181
F9EBBCE7 1CE3D814 7C0CEE3B 33230832
04BEDBDD 3AC50DF4 4DB80DFA 0DF0C803
F11496E3 2EE381FC 2FE73B3A 1E364023
C8545EF4 C945F4FC EEF3EF23 01AE0037
32B812F3 1097FEFC 61BE13CE 69F5F0E2
7F1DF2CF 72FCCED6 391D34CF 133012F5
F9FFEB23 0A14FF1E 23F61D31 1BD8F820
25090712 010805E7 FC0202A1 CCF30381
E5E116D3 FB03F023 6AAA2518 FDE8EA44
134F815F AD38B2E3 CA0CEE9E E8203C90
5BC850C9 21D8210A 0EFC0C08 E51DFD5E
30BD110B 360543F4 ED0F65D9 CD3C46ED
C37FF70F DC4C991B 33CE87F5 10D9FE22
0BB80E2B 0DE70203 058B7C81 31CA39B4
6AE665FA 6E030CE1 68D518FB 78F207FB
48080136 0408C040 43F9A6FF 67C39B31
50DFE105 30C7F325 6599F613 3DC30922
3A002F19 CF2837E9 81251800 C4F3F118
F237E5EF 1B22EBE6 F23CCF04 E9C5F73C
F5A14543 04B07C36 F1323FE5 0A7FF7F5
DA3DBD8D 3001D002 0A00D510 DF40F7E2
2DE4E529 7F2925E2 2C4640C6 BCFD00B9
CBC0F8FE D6D5FAFF E6DEFC25 1AF5E50F
2F180F1D 0D460305 EED4F8FB 0B11FA06
D032FAFB B048E6DC AE16E6E5 A90CC905
E3DCFEF6 38C8FE0C 7AE90930 7F11EE22
1EC57F28 01C90E1A 00149D37 EFF897C9
3417E0F7 1F35E7E9 FA3F44AD F10CF199
A92159EF B2E10C67 123EE712 0E2210E1
E461C1D9 3F2EE2B6 270BE7C9 F4F4EC29
B5AA34F1 9DCD1A41 93E73F26 E0D87F3D
DCE2F8F7 FDEA302D 77221AFB 3933ABCA
81EEE10A 99DB240B 370E0000 1C0AFC02
0FF9F1F2 0AFF1014 3112F4DC F6700E04
0B401C0D 07154F28 FB156D0A 0C197032
ABBA13FD A1C7BE19 81D2CA01 CD93A735
6ED1CF0F 2BD10C19 B9F52B03 8A284AFB
8F7F56CE A9473091 0247F0DE FF3FE3D1
0EFDE421 18D6D51E 22FC0529 182BE828
FD4BE1F5 F35DF2DB B620F922 81D62905
C0CA4F0E F6F640D4 F9D8FD0E EDCFFCD7
2A395DFC 0C4928DD FDF92EAC 12EDE7C2
05FA20D0 072FF6D2 E70AF329 DD1FF134
B005F47F D0F4F168 814413AB 045F02B8
6119FCD7 7C210DDC 6DE4E4F5 10F50822
0482F240 CAC40244 F4B4FA50 3F960221
E00EE3D1 A2DE0CF4 81C60927 B9D20F07
F1E414FE EF07EDB9 EB3C02CE EC5B1AF4
E52B300F EFE43B24 F0FE14F8 03EC04F9
3DD82B1A 5031E819 E644BE0C 81E5D3FA
C9B622D7 35FB11C6 35351A11 01020416
47A4FCD5 1B0201C5 DF512F1B 01735BF8
09716DE4 105B15D9 A7200C07 C59DE501
D4818C18 69B7A704 7FC91221 44C60BFD
38E308F1 EF0BF7CC DA18FEC1 E21AD3C0
F916D9CA 0221F2DF 1232ECD4 1610F820
794E1A07 2D363A00 FB0F34F5 FC06402F
8103244D 8326DE54 9BFDB544 DD17DF20
F2A7D017 64832BDB F6321114 FDF509E9
F0BA1B11 298F33D7 5CB72CA4 193AA6F5
087F9E2B F6FCCDFF 14D53B09 E61C4021
21DEF9F6 0AE1F1E6 18F504E6 30DE29CE
38CC2CF1 3FCF16CF E816EA00 CC35D125
8139F54D C13FFE34 81261BE2 9B501CD2
021A05C3 13F401D2 0BF6FAEF 2DFBED0D
33E2FD00 48F40611 39ECFF14 4DE90524
CEFB12BB 4531E8C6 FF33CCCF BE08CCCF
A6D5D14D EAEAEB73 68F8F15E 7F025429
1CED53D3 1FFE1DA8 62503000 7B38E6FB
3976E1C0 4417FAA7 C936F3DC B1EDF703
81BB0E30 879D220E BFCA332C 0E1EC3E8
F958D410 0F1EF2F3 C4ADEBE5 14BFDD0A
1BA3003C 24BF0544 27070413 48F8E9E5
40FB23B8 7FED1BAE 17EC4BC6 0514F2B9
6CA118E7 7FC71B00 51EEE0FD 411ED42B
F746CB18 D36CF50F 903EC71D D402FB0D
31F85739 F3C92271 F5DAEF31 E40F0131
1518CE1F DD1CC105 EC1BF9DE F9EF10A0
12101D81 14402DB4 D2C3BA25 F0FDF008
3AE60DE5 560C24B2 7F0119E4 3536FCB7
192FFCE6 0D321AFC E73D35CD 0E1201C5
B9EC01C2 C0C41ABA BB090F9B F823FFD4
DB4BDC7F 35EACB60 40BA072A 15E912EC
02EF2114 CF40141F BFCAD72E AB81F458
B4D4DD0D BCB2D40C 0DF6DDFC 3ED8DC0C
4DFE00DB 51DF1EF0 2537FCED 20472CF3
B77FDE2D 147CE141 2F68614B 026E5148
FE506B59 13311034 28110FF2 09EAE5E6
12EFE89B E2ABFE8B 0EC53B20 22C24303
35D51BDA FD0340D8 C3F1FA1C C32FF303
C50CCB26 E613C404 1E0ABBFC 7F3395E0
E6A5E30B 0FF0F8D4 4AF6F3E8 7F34F0E6
6129F1F1 611F02F9 0E4124CF F6315E09
8D124BEF 83C4FFF0 46D8D9F6 29FE00A1
67472EDD E27F47AC CE3730B8 C2061409
D1C2EC7F C0C9DF54 E8CC0D0A E316E306
FF50721B BC2A38DD 87144D05 8109CC0B
B5D8F827 12E6E8F0 48F4DCE6 4A02D7F8
35DB300C 0706FBF9 A4E10803 F5E8FC03
111CF40C 5D2201E3 5B3503FE 7F3CF4D7
261D0603 F6F1121C E3E0FCF5 90D2F8EF
F8EB0FD4 25F3E9F2 3906F0FB BFE0D8FC
81DEF0F2 AFF806FE F620331A 2F1B1915
21140646 29F3F73A 133F22DD 2323EBF6
2CDEE50A 37B0E01C 3081122B F1B11C35
D8101FF6 BA360AE1 D53612EA E439E7EB
082C1417 1C281811 09200E1C 2A31320C
4DF32AFB 4202C6F8 FEDC81F8 97B700FC
A4BBFCDF C8E80ADC E5DAE43E F30701F1
DFD45F02 F9A7702F 2F8B1205 5E14B034
483BA6D9 1F1B812A DB2FD3F2 DC3034F4
03F735F6 033F18F4 133CE306 2145B8E5
62CCC825 758102F5 2ABC4C05 B2D53F08
96D9FE26 DFEBE8E3 18E716FF 1BF3ED02
F10AE7DE 9B1DF607 81141109 DA0F0B1F
14FC2301 50EFFDFC 45F004E9 3BF6FC09
4D23E4B8 1DD5F5CA 05DFFBF3 E5810029
E6AF0632 FFE3FD1E E5242225 E8610F25
EF53322C 2A110905 16211EFA 0A0C2648
FFEDED20 1DDCC7DE 31FDCCD3 0A35DCD8
AC350C0E D1161F2E ECD02817 18811EE4
C7CC0D1C E7B9F614 E4EBDBD8 0C06F2F3
2B6B09C8 FD7F1AE9 F83B3102 0C122B09
3EE9002D 0FC4DC16 CCE12681 F40B099C
31F615EF 3B46DCE0 622FF5CB 671F16F8
5A63C4DA 133FDC18 281FA2F3 DBFB0E41
2318210F F85122E6 AA23FDF8 DDFEF644
A012AD35 DEE9CC02 55D50D03 7FF609EB
23E307BA 5205F7EC E6190321 AAF6EF4B
8FE5022A D5C8F4FB 15E5FDD9 7F1300C7
71400109 2A2803EF 050907E9 CFEBFC1F
EA14CCF4 E5F8EFFE CF5ADB01 057FBCFD
0551B63D EA18FB0B 2BC932D4 F8BA3FE6
2EA67CCB 1FD733EC 9FD7E632 9D372047
FC454C51 4E59545D 7FF035B3 13AFBCAE
33908ACA CBCFEFEF D7FF25DC 0222EF02
8145EFF4 983C0305 E244FD0D 1124E9EF
34EB0306 49C821F9 45D02D02 34DF1F1B
2C12FDFE 3500FCEA 663E138D 41D8C2F3
7FE59994 38FDB6A9 034DCEDC 9B54D504
856F332E B7152D5E E3CE5076 BFCF2373
1708F0F3 49F0EBD8 52EAF6C8 5416DCD3
22EDEE04 EBD40EF6 BAD2533C ADCC2C2F
81C10A33 B3C6080F 15E6B04F 390BBE50
EF07DE44 1F28EC22 440D2CBB 26DF1DAD
11D91781 45BF1BA3 142100A2 3C1410D5
F31327EC E1240512 030D01F2 14CD041C
07B4C92F 1F81F62D 4CCF0722 3EF30F02
5AC8080C 4BEE0BED B0D61D05 BDFAFF11
BC4B4C13 0C365830 7A791403 7F4EDDE3
602DBBC2 251BA7D5 180ED4C9 26F9EB09
00000000 FFFFE8F6 00000004 00000300
2BD9DAB0 23F10506 42B928FA 2525D7E2
13BADCBB DAB0F517 10AA15CF E75734F0
F723E90A AFE424F9 A407D7D2 BD2B54F6
D42FE3A7 D7B8B650 E22C17B4 20DFEC3C
DAE2410C D610EE24 F31EC73F F01DCD1A
20D1BDBC E703BE30 EDB8F2AE B01ADDE1
20D33BAD 38140DD5 BAEC36D7 D22BFB2E
DBC0DD0A EFCBEBD8 DA4538DC 191AB11D
CC19DD36 BE23E00E C7F2F6D1 C1B72138
B533394C 0A3C3D18 D9C3EE3E DF09BA09
F7CE2C2A 1DC7F60D C8D6AB1A EDBCF5C3
D4E345B1 FC1D08C8 23BDADC5 EFC544CE
C9D21FE7 13C4DA34 CCD4F60C EBD10437
02EA35BC 3AD8D22D C8CABFBD CBE0CF16
CC3033D9 F7DF273D CEA9BFDA ED39E246
DC10FDF4 F4D2DEE1 2AE236E4 3DE4F6CB
EDC2E00C E03B4343 BCAFCA16 D40A20FC
2414BD18 442C41BB D1B6093C B3DA419F
DCF815B6 D409BAD1 05CADDD7 DCF80BBA
28B2B5E1 1B252EF2 D8C3E542 AF0A00D6
4FE910A2 2D2D34BF 4208B4E4 E8052BDA
46D1B4CA 3F3EA8B3 27CB46F1 2DE713E3
BDEEC102 B91321C2 3CE62AB5 15E71CC6
24B1B2CF B9AF2045 DCFDC128 D9E4A51A
EA38D73C E537B3D7 D449F7FE F2491ECE
241A3CF0 C1CEECE3 E734F42B 03E8CA41
CFE32B33 3DC344DC 1EFCC6DE F5C5B5BD
EA183EE4 1AC1C6AB E4CDC4E8 C61BCA01
C5E932CB 48D3F54E 29A157D1 F7E3F6E1
8B5507D3 B0C7EBC8 E7C99CDB BF1839CA
47C0D812 394FC5C0 2BDC3841 16D622DB
E4ABF5FC 3AD1FBF2 E6F2DE23 9FC41729
DDFFF1E1 AE0028A7 A7E7C3D6 F6B13DCD
E038C9B8 D91831A8 E1FDE0F3 FED42ED0
2DE2C6CE 24DFCEC5 BFF5E131 4334FAFE
3CC81834 B3FB3808 FF03F42E E5110921
F9AEACE0 AEE3E40D E1E43BC7 D6D2D44A
B8F4F51D 33202A4A 0E03CCEC D6E7F125
A2CCFBD1 F351AC46 F83DD908 C893E1BB
B14CC403 F8431DCD 2ACFBD36 40EB1EBC
AF4FD52A BBA4B4C0 B1FE2738 A628DCB6
01E3BBC3 D413CC34 E604C62C 23A60142
BA98ABC2 E1BAE78E CE42DDC3 D9CB0EF2
F0BFD3CF E741E93C 8EC8B741 81A432DC
3728D4F4 1F090A05 2F19DA33 3DFAE4DD
F1CD0528 0603D30F 45453D2C 48E90A02
183DFC22 D8C9EDFB 293A3526 18EED5F3
D515E527 4614EBFC 401408DB 023CDADC
00000000 FFFFEC06 00000004 00000100
FFFFF83B 00000588 FFFFF526 000004FC
00001615 00000E58 FFFFFDF0 00000540
000003B2 00001A5B FFFFE897 00000AAF
00000B9D FFFFFDE0 00000119 00000DF1
00000595 FFFFFEA1 00000B62 0000049E
000009FA 00000DB7 FFFFFDDD 00000AB2
FFFFF9CA FFFFFB6A FFFFF9F5 FFFFFC86
FFFFFCE3 000012E8 000015F1 FFFFFA75
00000298 00000181 00000B39 0000101B
0000096E 00000337 00001124 0000036C
00000B51 0000075A FFFFFF44 000005EE
00000835 000013CE 00000B6F FFFFF9DB
00000306 FFFFFDB7 00000893 000001BF
000006CF 0000090C 00000CE8 00000184
00000952 00000CF4 00000604 000005CE
00000428 0000120F FFFFFCE1 00001560
00000000 FFFFED16 00000004 00000240
88767F66 81638195 E139CC7F 94D78792
989281B3 AB5DDBC4 97D88131 D3396E32
447CCAD6 3F685E67 999A81B3 FF7F3590
9FD37F69 7F5B3A4C 81BBBF57 77778D9C
813F2C6B 9E64B996 C4549420 81818D81
2DCEABC9 8140C1F0 BF9EAA29 994BE581
1F5B81D3 51667C6A 98EA5FAE B5547281
AC7F7A7A 584DF77F 84BB964D 7F74559F
0A7B187F BC453D81 AE5FBCC3 A32992BC
56B08F81 B431F3A5 B681811F FB7F814F
F243DAF1 59506E7F D381B7C0 DD717FB5
C0D8517F DB65C078 CD81DC60 487F23DE
B51D5F0A B303FBD1 C508CE19 F1ACC518
81CFD502 264AB2C1 E9D1DCE0 CA101214
571E02D2 2F100810 10D9D4E3 112115C7
DAF72116 19D11FF8 0EEEDD10 1EFD810E
BC0F270B BDF5DCF2 BE00C5F7 EFBDD6F2
EBAFD915 1127D609 F6D235C5 CAF8E8A8
D11F15C9 5014DEFA 09E91DE6 BD120CD5
C712230F 1BDBDAF0 2EF2DBF6 160819FE
310D6DD6 E7F11DD4 D609F1C1 0555B8EF
28BEF5F6 C528DDA4 F0DA14DB 25ED8C35
B681FCEF 4F2FFC17 27E1D399 CC160AE7
D3E815F1 CAD1DEE6 0C02E403 17EE37DE
A2745C47 B77FC0BA 82568175 AB9181C5
DDCDB4AA 917F8182 C99B9DAC 81744244
7F3AC7A1 5A507F6B 978CC58A 186A3590
99F53C68 087F304A 9F878162 606C0DCC
8351672F 9E608AB1 81619922 9156A6AB
1D8CB3AE C07BB7AB A89FDA82 B04DF0A5
112EB381 6466765F 93FE4681 C14C73BA
81646372 3568DB36 A397977F 6B686B85
F97F2F0E F13E2EBB 927FD5CF 817EE1A6
4081D3A1 2272B781 81B08A81 026A8D48
8F17E986 7F7F346F 81B4D289 816653D3
BABB677D BD4F814C BC92FA54 3B656E81
00000000 FFFFEF66 00000004 00000100
FFFFF644 FFFFDF0E FFFFF004 00001A14
00001CDD 00000805 FFFFF3F4 00001CBE
FFFFFB21 0000228D FFFFF61E 00001CC2
000013A0 00002562 FFFFFEDF 00001F12
00001914 000018E0 00001499 0000005E
0000112D 00001719 FFFFE3BF 00000DE0
00000B79 00001317 000019E7 00001ADB
FFFFFD14 00000890 FFFFF6D5 000013A0
00001894 00000E66 FFFFF6D2 FFFFFC86
FFFFF168 FFFFF28E FFFFF2EB FFFFE580
0000184E 0000006A 00001409 00001ACF
00001B1F FFFFF062 FFFFFA0B 00000B4C
FFFFF6AB FFFFEE66 FFFFFBE1 000020D3
FFFFF2EA 000003B7 FFFFF28A FFFFFAA0
FFFFED6C 00001572 00001D87 000018BB
00001457 FFFFF855 FFFFFB0E FFFFF4CC
00000000 FFFFF076 00000004 00000100
00000E37 FFFFF3C5 FFFFFAC7 00000ACB
00000688 000005A5 00000684 0000060D
FFFFFE4D 00002195 000014B7 FFFFFA1E
FFFFF99B 000004FF FFFFF5E4 00000935
0000021E 00001A9F 00000749 FFFFFEAE
00000A39 000008EE 0000086C FFFFDBEE
FFFFF7A2 FFFFDACC 00001E59 00000AFE
00000B2D FFFFF94F 0000049B FFFFF555
00001390 FFFFFD5F 00000536 00000986
FFFFF713 FFFFF087 FFFFF2B8 00001B3E
FFFFF6DC 00000E55 FFFFFC1B 00000B1F
00000C62 FFFFF41C 000001EF 0000057E
00001271 00001117 00000470 00000EA2
FFFFFB0D FFFFF3AB 000002C4 FFFFFD13
00000D1A 000010AF 00000783 FFFFEC13
000016CF 00000B37 000000CE 00000728
00000000 FFFFF186 00000004 00000240
D7EF3A81 E3A39881 F911677F F9B00C72
E7DE8DB2 D13E7F09 1B61AE3C F0AA43F0
857F857F DB4C117F 797F8118 757F4839
7F3575C2 43B2707F D760FA2C E8D31622
0F7F1A25 F28CDE37 9EC84930 E93E5728
F3CAD5F0 D67F1AE5 7FD99719 ED93377F
F73C8123 0E4325A8 425AA452 DE104781
2105FCA2 2369B6F8 194CD6BB 3BFC1F22
53CD4315 81E57FD1 D42A7F45 813D19B9
818D3681 37284FCB AD819F0A 13094824
A374A8B7 20C23A5A 7F4E0E81 553E045D
27F5C472 350B2239 7F81F7A5 36EB817F
A9DF7F18 DDCCF8D9 2F2B2242 FDACDC61
A3BCF9EA FE774607 4DD7C0FB 1ED51AD3
815AAC59 7D6AF637 404AC718 20464B2F
1D3C3BDC 4A0C574A ED14CEF3 3C0D3AD4
2D1F111A D105EC39 C4B5E96D 85F82A2B
1ADDC22F C9F10BA1 4BA2BB7F 21002F4A
151CD224 6B37FBA8 4C2AA23A DA0239CD
2C05F3D7 E4293001 F05FF231 2AEFCC46
25EDF64D A4522889 81574A4C B0B445C4
A88113E9 2C5EEED5 EBB5ED57 3621650E
A91AFFF7 38BC2C1B 4B5DB107 2D49A9E5
17261C61 45E0301A 52BA03EB 35F4A568
9DFF4B34 A68131DC 27F5A018 B5D1817F
C4CB99DF 7F50E8B8 27C98115 7F813BD6
83D7D117 745B7F11 41C89059 81090F73
06537FA4 08237F50 A2128181 7FB542DE
FB0C4A21 E8C7E06D 9FD7E733 E7DF2562
7AC6DD4B CDF5EA81 3E3AD97A 39A7FB6E
1E01FEE3 7FF957F3 841E005F 1F0A690F
0E031B81 8135275D A93EC0D2 29BDA8FA
7FAD3707 03A03185 027F4707 45810F35
1DA28103 533F5CEB 5612E12A 00E37FA8
AE5DEB11 B68137CE 2AFBA1F4 A1408113
FF7FF3EC 3A81396A CED298FF 2281F605
00000000 FFFFF3D6 00000004 00000100
FFFFFACB FFFFF1DD FFFFFD0F FFFFFBD5
000009FA FFFFFF88 00001839 00001086
FFFFEAD2 FFFFF97C FFFFFCC7 00000E1D
FFFFF019 FFFFFD97 00000DA3 000011CC
00000703 00000FD6 000016D8 0000093B
00001449 FFFFF81A FFFFEF99 FFFFFE8D
FFFFEE38 000018BF 000009A4 FFFFF3F1
FFFFFB38 FFFFF28E 0000149F FFFFF4BB
FFFFF7A6 00001659 FFFFF0C8 00001BC6
FFFFFF52 FFFFF951 FFFFF72B FFFFF05D
FFFFF6A0 0000168F FFFFF066 FFFFEDD0
FFFFFBF5 FFFFF9D7 FFFFF2A6 FFFFFDD1
00000B7B FFFFFB0A FFFFF40A FFFFF737
FFFFED77 FFFFF48A FFFFFC4B FFFFF7AC
00000B0B 00000FEA FFFFFA3F 00000583
FFFFFA99 00000A02 00000D0C FFFFF4EB
00000000 FFFFF4E6 00000004 00000100
00000BEA FFFFE86C FFFFF518 FFFFECC8
00000A06 00000E87 FFFFF036 00000737
000005D7 0000063A 0000069A 00001C0D
0000104B FFFFFE71 00000D85 00000ED5
FFFFFCCA 00000CFC 00001312 00000370
FFFFFB0D 00000426 FFFFF590 FFFFFCD8
FFFFE94B FFFFFDE8 FFFFF071 00001746
FFFFF69C 0000005E 00000209 FFFFFBCF
0000083B 000003B9 0000027E 000005E2
00000FC2 FFFFF93D 00000B21 FFFFFD92
00000106 000004CB 00000170 FFFFF48B
000001BA FFFFFBF3 FFFFF1B5 000006F3
00000EB9 0000012D FFFFFEF2 00000989
FFFFF852 00000E12 00000733 FFFFF33C
FFFFF2AC FFFFF785 FFFFF458 FFFFFCB5
00000032 FFFFFCF8 00000A88 FFFFF9FE
00000000 FFFFF5F6 00000004 00000240
3FBDB758 76FDDFCC 374E9908 A27F50E6
CC7F6012 F04FF566 0F4CF503 EAAFD36F
1D815509 7F4F2903 72BBFCE4 55252CDC
083564F9 C4A40AD6 CC81482D CE16E40B
BB0BC5FF BE1D0EA5 542AB82B 7FD57FD9
0B281E66 4DE7DE74 A68DFB7F 7FD1E9D0
FC719834 027FC7DC 40D181BB F5AA61DF
53F0D442 E0E5ED85 F5EDE4FC 810ED9EA
477FD626 77BB1C7D D7680B02 DF04F37F
F1D57F12 C77081A9 1AD0DE45 FFD7BBD0
318D04B8 22E4EB19 B6DBF291 EB06B9B4
E981EA81 7FE1C9E0 F615EFE1 ABEB3C00
34B8147F 6C20C491 3A0FC41C CE504A93
B87559C8 E95BFC54 336A18A3 DE897F7F
FFB73925 F9F47FB8 40E1FB32 7F53D69B
EBFF6D7C EB97C381 F5F54C34 EEF49D3B
0E12BD09 133ADE1C E83AC60B 2C8979F7
DAD12C7F 3214E67F 48CFFC5A 2FF70ECC
DE35E741 7839D4AC FBCD341F D7FA47BE
26A7F022 233500BF E2DC0338 B17FB8D0
082DCDF4 9002E77F E35439EF D978123E
C3EC3ADD A3E9ECCF 6E812540 DE7A292B
5DDAC60B C89ED8C7 87E4DAEB 0F031CA6
2EE8F987 2BAD8132 9A379728 9AB10F44
7FE84061 217FD8FA 6CBD817F 24CD23A5
81402CE7 816DD2F7 3A6C5783 D5813F56
D292161F EE485E9B 7FE4ED3C 167FC881
81987F55 A6E095E1 AB48067F 47EBF14D
F1D5812F DC16F440 812BEBE4 12184217
94372453 F4E1F7F9 5257175F 0FEC330B
CA0E4F7F 4C7DA3C4 F381645E 10FAEFB8
F707F416 2224C4DE A8CD2464 0B60EB24
37FDC432 81D78101 1D7F58FE D37E521F
A91651D1 CF81EF9A 7F9E7F4E B653795C
7F238121 C7FEF981 BCDD427F FDA47FF3
2958E0C2 2F81A0BE 816E8119 ECC9817F
00000000 FFFFF846 00000004 00000100
FFFFF80D 000009D1 000000D9 FFFFFA82
FFFFFD59 000005F1 FFFFFD28 0000000D
FFFFFBDB 00000863 FFFFF9D2 FFFFFC92
00000266 FFFFF588 FFFFFB16 00000131
FFFFFCBC FFFFF561 FFFFF944 00000CB1
FFFFFD6B 0000056E FFFFFAF9 00000444
FFFFF895 FFFFFBDC 000003BB FFFFFBA0
FFFFFAAB FFFFFA2A 0000093E FFFFFFE7
FFFFFB97 0000011D 00000487 FFFFFC46
00000C78 0000001E FFFFFBA6 FFFFFAE1
FFFFFCA4 FFFFFF4F 000008E8 FFFFFAA2
00000CC0 FFFFFC50 FFFFFEB1 FFFFFD24
FFFFFC7F FFFFFB80 000006A6 FFFFFE81
00000935 00000AF5 00000934 FFFFFE0F
FFFFFB19 00000258 000000FF 00000BD6
FFFFFB3F 000006D1 FFFFFDA4 00000977
00000000 FFFFF956 00000004 00000100
00000B86 FFFFF7AE 00000403 00000745
00000A9F 00000ADB FFFFF597 00000C2E
FFFFFF51 0000053A 000005D2 000006BD
00000AED 00000168 00000E69 00000727
0000063A 000000A0 00001195 0000045D
00000763 00000D01 00000840 FFFFF919
00000880 00000767 00000DC4 FFFFF818
0000020D FFFFFF87 0000050F FFFFFF5A
000005CF 0000002D 00000234 000009D1
00000A65 00000480 000004E3 FFFFF314
00000615 FFFFFA8E 00000B33 000001AE
000004D3 00000744 000007A9 FFFFFC9E
00000763 000004FF 00000AA1 00000F54
00000757 FFFFFDFD 0000026A 0000013C
00000479 00000B16 00000893 0000056A
00000245 FFFFF7E3 FFFFFF8F FFFFFFB9
00000000 FFFFFA66 00000004 00000240
D6C1012A C1F7D323 CDE2817F 04DF2DB9
D33616D2 CB2DF541 BF2A54C2 45F4DDDB
FCE6F7E9 F6FBF7A6 167F20D4 BCC7FDBF
042212D1 77383FB2 C9F34830 DDB781E0
7F20A0FE A8C91BDD 36E470CB B01AEA2D
DBE71214 DFF30816 042FE719 813B0A5C
F51B7F0A BAECF6ED 07F1962B D6B2C0FB
11C18101 0A439CB1 F3F982FA DEDD0320
02B4811E F37F0A7F BA7C4EA8 06D7B7D9
1E7D8D4D 0F13EBF8 60B4D0E8 D0781C39
88F755C4 16BB9CE1 A9D84405 A5125003
AD8BD09A 81BA8125 F903AD7F 7FE53DB6
03D1C6BC 8AB77FC9 3CBF8AB9 D8203181
7F25334A 7FF1CC0D 4B1375E3 34BECEB8
EA81F9E0 E9052A8A 23CE19D6 9681E57F
F4FB1625 8C7F05BC E67F5026 E1D19C51
B016ABDE BDE6EDE4 BF7F5BD3 79AFF26A
B0B3E7C0 D8D623EA 2EABBA1D 8B15F0D4
F22EE917 DCFEAFEE DDD6C54B C9B27FC0
D3D47604 DA74FDEE FEDE4BF6 4DDBCCFB
368ED80F 35D6DF7A 00CD002B B4E181DB
7E7F8122 DEDAA8A9 43AF0181 CD7F15D8
81FFFBBD 1E810F12 811F7F07 083294E9
7F86937F 50E6EF7F 9E50810C 507F2781
F8CB9A3B 81CCF0DF 19F9FDD7 9D7FF33D
E802DE4A E6FDCA1D 01F5D400 E3CE7F07
44C2007F E5017A7F 07F9F105 B1C6E505
0214EC01 9B9B1E01 04C49D10 0EFD2DFC
341EED81 25F824E1 BCD84D62 7FBFF5B5
EFBCE277 347F2EE7 CD81E6D5 BEBCEB3E
F863EE1C 010C81EB E5FE4EF8 D003110C
0B7F2828 2392F207 F50305CF F3EEB6EC
7C8161C8 F5EED8F7 7F95C435 223DF32D
D9249981 F9E08181 81C881B8 FCBD187F
BE09EDF2 7F99F521 1A11AB81 7FD58797
29BF202E 69D714C3 81D346A1 B8CF5596
00000000 FFFFFCB6 00000004 00000100
000001D5 000006BF 00000283 FFFFFFDA
00000165 FFFFFF52 0000011A 000005E6
FFFFFFF4 00000007 0000005D 00000030
0000003F 000000B5 000000F5 0000008F
FFFFFF6C 000001BB 00000007 00000020
000000C6 0000036C FFFFFF82 FFFFFE49
000001C0 0000015A 000002D3 FFFFFFED
00000014 0000000F 0000005C 0000038F
FFFFFF15 FFFFFF05 000000A1 0000026F
0000011B 0000037C 00000366 00000244
FFFFFFF8 FFFFFFB0 FFFFFF6B 00000168
0000002F 00000109 00000504 000005D6
FFFFFF65 000000A2 0000012E 00000002
0000016B 000000AA FFFFFFBA 00000044
000000AE 0000015A 00000008 000002B7
00000210 00000317 00000186 FFFFFFF6
00000000 FFFFFDC6 00000004 00000100
FFFFFF5C FFFFFE5D 00000091 FFFFFC84
FFFFFFB2 0000002A 0000004A FFFFFEBA
FFFFFEC4 00000014 00000088 00000069
FFFFFFEB FFFFFE04 FFFFFF62 FFFFFF55
FFFFFE89 000000EA FFFFFE3F 0000001E
00000037 0000012A 00000051 00000027
0000013B FFFFFE30 FFFFFF9C FFFFFFB9
FFFFFE82 00000091 FFFFFFCE FFFFFF59
00000045 FFFFFD03 FFFFFFA7 000001FD
FFFFFFFF FFFFFEC2 0000059B FFFFFE8A
FFFFFE8A 00000009 0000019E 00000043
FFFFFFF9 000000CC FFFFFE03 FFFFFE6A
FFFFFF71 00000050 00000034 FFFFFF55
0000008C FFFFFC9E FFFFFD3D FFFFFF1F
00000026 000000AD FFFFFF8C FFFFFE3C
000000E8 00000108 FFFFFFA2 FFFFFEAD
00000000 FFFFFED6 00000004 00000008
FFFFFFFF 00000040 00000000 00000000
00000000 FFFFFEF6 00000004 00000030
FFFFFFB2 FFFFFFF0 FFFFFFBE FFFFFFA8
FFFFFFF8 FFFFFFA4 FFFFFF36 00000020
FFFFFFC1 FFFFFF69 FFFFFFD5 000000AB
00000000 00000000 00000000 FFFF91C8
00000000 00000000 00000000 FFFF91D8
00000000 00000000 00000000 0000000F
52494C4D 6E6F4320 74726576 002E6465
00000001 00000014 000E0000 00040018
000C0008 00140010 0000000E 000003DC
000003D0 000003C4 00000014 00000004
00000004 6E69616D 00000000 0000000D
00000360 000002F8 000002A8 00000260
00000210 000001C8 00000188 00000140
00000100 000000AC 00000084 00000040
00000004 FFFFFD46 09000000 00000005
00000024 00000018 0000000C 00060000
00040008 00000006 3F800000 00000001
00000022 00000001 00000021 FFFFFE0E
08000000 00000004 00000018 0000000C
00000004 FFFF92C0 00000001 00000021
00000003 00000020 00000010 00000001
000A0000 00040010 000C0008 0000000A
00000003 00000010 00000004 00000001
00000020 00000002 0000001F 00000002
FFFFFDE2 05000000 00000002 0000003C
00000030 00000014 000E0000 00070018
000C0008 00140010 0000000E 01000000
00000005 00000019 00000005 00000019
00000001 0000001F 00000001 0000001E
FFFFFDCE 01000000 00000024 00000018
00000004 FFFFFDC0 01000000 00000001
00000001 00000001 0000001E 00000003
0000001D 00000015 0000000F FFFFFEFE
02000000 00000001 00000028 0000001C
00000004 FFFFFE5E 01000000 00000001
00000001 00000001 00000001 0000001D
00000003 0000001C 0000000E 0000000D
FFFFFE4E 01000000 00000024 00000018
00000004 FFFFFE40 01000000 00000001
00000001 00000001 0000001C 00000003
0000001B 00000014 0000000C FFFFFF7E
02000000 00000001 00000028 0000001C
00000004 FFFFFEDE 01000000 00000001
00000001 00000001 00000001 0000001B
00000003 0000001A 0000000B 0000000A
FFFFFECE 01000000 00000024 00000018
00000004 FFFFFEC0 01000000 00000001
00000001 00000001 0000001A 00000003
00000019 00000013 00000009 000E0000
00080018 0010000C 00140007 0000000E
02000000 00000001 00000028 0000001C
00000004 FFFFFF6E 01000000 00000001
00000001 00000001 00000001 00000019
00000003 00000018 00000008 00000007
FFFFFF5E 01000000 00000024 00000018
00000004 FFFFFF50 01000000 00000001
00000001 00000001 00000018 00000003
00000017 00000012 00000006 000E0000
0008001A 0010000C 00140007 0000000E
02000000 00000001 00000038 0000002C
00000014 000E0000 00000014 000C0008
00070010 0000000E 01000000 00000001
00000001 00000001 00000001 00000017
00000003 00000016 00000005 00000004
000E0000 00000014 000C0008 00100007
0000000E 01000000 00000030 00000024
00000010 0010000C 00080000 0007000C
0000000C 01000000 00000002 00000002
00000001 00000016 00000003 00000000
00000011 00000003 00000001 00000022
00000001 00000000 00000023 00006AE0
00006A44 000069E8 000065D0 00006194
00005B40 0000570C 000052C8 00004C88
00004868 00004424 00003DE4 000039C4
00003580 00002F40 00002B40 00002ABC
00002548 00001FCC 00001A50 000014D4
00000F58 00000DFC 00000C78 00000B0C
00000980 00000814 00000688 0000051C
00000390 00000244 00000198 00000104
00000070 00000004 FFFF95C0 09000000
00000054 00000023 0000003C 00000014
00000004 00000002 FFFFFFFF 0000000C
FFFF9654 00000018 00000004 00000001
FFFFFF80 FFFFFFFF 00000000 00000001
3B800000 00000008 6E656449 79746974
00000000 00000002 00000001 0000000C
FFFF9628 09000000 0000007C 00000022
00000054 00000014 00000004 00000002
FFFFFFFF 0000000C FFFF960C 00000030
00000024 00000018 00000004 00000001
0000000E 00000000 00000000 00000001
3E142A46 00000001 4182AEC6 00000001
C1A47D71 0000001A 636E7566 6E6F6974
315F6C61 6E65642F 422F6573 41736169
00006464 00000002 00000001 0000000C
FFFF96B8 09000000 0000007C 00000021
00000050 00000014 00000004 00000002
FFFFFFFF 00000040 FFFF969C 0000002C
00000020 00000014 00000004 00000001
FFFFFF80 FFFFFFFF 00000001 3DA452DB
00000001 41A3AE88 00000001 00000000
0000001C 636E7566 6E6F6974 315F6C61
616C662F 6E657474 7365522F 65706168
00000000 00000002 00000001 00000040
FFFF9748 09000000 0000008C 00000020
00000058 0000001C 00000004 00000004
FFFFFFFF 00000001 00000001 00000040
FFFF9734 0000002C 00000020 00000014
00000004 00000001 FFFFFF80 FFFFFFFF
00000001 3DA452DB 00000001 41A3AE88
00000001 00000000 00000026 636E7566
6E6F6974 315F6C61 6576612F 65676172
6F6F705F 676E696C 412F6432 6F506776
00006C6F 00000004 00000001 00000001
00000001 00000040 FFFF97F0 09000000
0000012C 0000001F 00000058 0000001C
00000004 00000004 FFFFFFFF 00000019
00000005 00000040 FFFF97DC 0000002C
00000020 00000014 00000004 00000001
FFFFFF80 FFFFFFFF 00000001 3DA452DB
00000001 41A3AE88 00000001 00000000
000000C4 636E7566 6E6F6974 315F6C61
7463612F 74617669 5F6E6F69 65522F38
663B756C 74636E75 616E6F69 2F315F6C
63746162 6F6E5F68 6C616D72 74617A69
5F6E6F69 75462F38 42646573 68637461
6D726F4E 663B3356 74636E75 616E6F69
2F315F6C 766E6F63 345F6432 6169422F
64644173 6165522F 72615664 6C626169
2F704F65 6F736572 65637275 6E75663B
6F697463 5F6C616E 6F632F31 6432766E
422F345F 41736169 663B6464 74636E75
616E6F69 2F315F6C 766E6F63 345F6432
6E6F432F 31443276 00000000 00000004
00000001 00000019 00000005 00000040
FFFF9938 09000000 0000016C 0000001E
0000005C 0000001C 00000004 00000004
FFFFFFFF 00000019 00000005 00000040
FFFF9924 00000030 00000024 00000018
00000004 00000001 FFFFFF80 FFFFFFFF
00000000 00000001 3D3FDF8A 00000001
413F1FAA 00000001 00000000 00000102
636E7566 6E6F6974 315F6C61 7463612F
74617669 5F6E6F69 65522F37 663B756C
74636E75 616E6F69 2F315F6C 63746162
6F6E5F68 6C616D72 74617A69 5F6E6F69
75462F37 42646573 68637461 6D726F4E
663B3356 74636E75 616E6F69 2F315F6C
74706564 73697768 6F635F65 6432766E
642F335F 68747065 65736977 6E75663B
6F697463 5F6C616E 65642F31 77687470
5F657369 766E6F63 335F6432 6169422F
64644173 6E75663B 6F697463 5F6C616E
6F632F31 6432766E 432F345F 32766E6F
75663B44 6974636E 6C616E6F 642F315F
68747065 65736977 6E6F635F 5F643276
69422F33 64417361 65522F64 61566461
62616972 704F656C 7365722F 6372756F
00003165 00000004 00000001 00000019
00000005 00000040 FFFF9AC0 09000000
0000014C 0000001D 0000005C 0000001C
00000004 00000004 FFFFFFFF 00000019
00000005 00000040 FFFF9AAC 00000030
00000024 00000018 00000004 00000001
FFFFFF80 FFFFFFFF 00000000 00000001
3D070C5A 00000001 4106854E 00000001
00000000 000000E1 636E7566 6E6F6974
315F6C61 7463612F 74617669 5F6E6F69
65522F36 663B756C 74636E75 616E6F69
2F315F6C 63746162 6F6E5F68 6C616D72
74617A69 5F6E6F69 75462F36 42646573
68637461 6D726F4E 663B3356 74636E75
616E6F69 2F315F6C 766E6F63 335F6432
6169422F 64644173 6165522F 72615664
6C626169 2F704F65 6F736572 65637275
6E75663B 6F697463 5F6C616E 6F632F31
6432766E 422F335F 41736169 663B6464
74636E75 616E6F69 2F315F6C 766E6F63
345F6432 6E6F432F 3B443276 636E7566
6E6F6974 315F6C61 6E6F632F 5F643276
6F432F33 4432766E 00000031 00000004
00000001 00000019 00000005 00000040
FFFF9C28 09000000 0000016C 0000001C
0000005C 0000001C 00000004 00000004
FFFFFFFF 00000019 00000005 00000040
FFFF9C14 00000030 00000024 00000018
00000004 00000001 FFFFFF80 FFFFFFFF
00000000 00000001 3D3C02C1 00000001
413B46BE 00000001 00000000 00000102
636E7566 6E6F6974 315F6C61 7463612F
74617669 5F6E6F69 65522F35 663B756C
74636E75 616E6F69 2F315F6C 63746162
6F6E5F68 6C616D72 74617A69 5F6E6F69
75462F35 42646573 68637461 6D726F4E
663B3356 74636E75 616E6F69 2F315F6C
74706564 73697768 6F635F65 6432766E
642F325F 68747065 65736977 6E75663B
6F697463 5F6C616E 65642F31 77687470
5F657369 766E6F63 325F6432 6169422F
64644173 6E75663B 6F697463 5F6C616E
6F632F31 6432766E 432F345F 32766E6F
75663B44 6974636E 6C616E6F 642F315F
68747065 65736977 6E6F635F 5F643276
69422F32 64417361 65522F64 61566461
62616972 704F656C 7365722F 6372756F
00003165 00000004 00000001 00000019
00000005 00000040 FFFF9DB0 09000000
0000014C 0000001B 0000005C 0000001C
00000004 00000004 FFFFFFFF 00000019
00000005 00000040 FFFF9D9C 00000030
00000024 00000018 00000004 00000001
FFFFFF80 FFFFFFFF 00000000 00000001
3D19329E 00000001 4118996B 00000001
00000000 000000E1 636E7566 6E6F6974
315F6C61 7463612F 74617669 5F6E6F69
65522F34 663B756C 74636E75 616E6F69
2F315F6C 63746162 6F6E5F68 6C616D72
74617A69 5F6E6F69 75462F34 42646573
68637461 6D726F4E 663B3356 74636E75
616E6F69 2F315F6C 766E6F63 325F6432
6169422F 64644173 6165522F 72615664
6C626169 2F704F65 6F736572 65637275
6E75663B 6F697463 5F6C616E 6F632F31
6432766E 422F325F 41736169 663B6464
74636E75 616E6F69 2F315F6C 766E6F63
345F6432 6E6F432F 3B443276 636E7566
6E6F6974 315F6C61 6E6F632F 5F643276
6F432F32 4432766E 00000031 00000004
00000001 00000019 00000005 00000040
FFFF9F18 09000000 0000016C 0000001A
0000005C 0000001C 00000004 00000004
FFFFFFFF 00000019 00000005 00000040
FFFF9F04 00000030 00000024 00000018
00000004 00000001 FFFFFF80 FFFFFFFF
00000000 00000001 3D808854 00000001
418007CC 00000001 00000000 00000102
636E7566 6E6F6974 315F6C61 7463612F
74617669 5F6E6F69 65522F33 663B756C
74636E75 616E6F69 2F315F6C 63746162
6F6E5F68 6C616D72 74617A69 5F6E6F69
75462F33 42646573 68637461 6D726F4E
663B3356 74636E75 616E6F69 2F315F6C
74706564 73697768 6F635F65 6432766E
642F315F 68747065 65736977 6E75663B
6F697463 5F6C616E 65642F31 77687470
5F657369 766E6F63 315F6432 6169422F
64644173 6E75663B 6F697463 5F6C616E
6F632F31 6432766E 432F345F 32766E6F
75663B44 6974636E 6C616E6F 642F315F
68747065 65736977 6E6F635F 5F643276
69422F31 64417361 65522F64 61566461
62616972 704F656C 7365722F 6372756F
00003165 00000004 00000001 00000019
00000005 00000040 FFFFA0A0 09000000
0000014C 00000019 0000005C 0000001C
00000004 00000004 FFFFFFFF 00000019
00000005 00000040 FFFFA08C 00000030
00000024 00000018 00000004 00000001
FFFFFF80 FFFFFFFF 00000000 00000001
3D75DD81 00000001 4174E7A3 00000001
00000000 000000E1 636E7566 6E6F6974
315F6C61 7463612F 74617669 5F6E6F69
65522F32 663B756C 74636E75 616E6F69
2F315F6C 63746162 6F6E5F68 6C616D72
74617A69 5F6E6F69 75462F32 42646573
68637461 6D726F4E 663B3356 74636E75
616E6F69 2F315F6C 766E6F63 315F6432
6169422F 64644173 6165522F 72615664
6C626169 2F704F65 6F736572 65637275
6E75663B 6F697463 5F6C616E 6F632F31
6432766E 422F315F 41736169 663B6464
74636E75 616E6F69 2F315F6C 766E6F63
345F6432 6E6F432F 3B443276 636E7566
6E6F6974 315F6C61 6E6F632F 5F643276
6F432F31 4432766E 00000031 00000004
00000001 00000019 00000005 00000040
FFFFA208 09000000 00000164 00000018
00000058 0000001C 00000004 00000004
FFFFFFFF 00000019 00000005 00000040
FFFFA1F4 0000002C 00000020 00000014
00000004 00000001 FFFFFF80 FFFFFFFF
00000001 3DA99AEA 00000001 41A8F14F
00000001 00000000 000000FC 636E7566
6E6F6974 315F6C61 7463612F 74617669
5F6E6F69 65522F31 663B756C 74636E75
616E6F69 2F315F6C 63746162 6F6E5F68
6C616D72 74617A69 5F6E6F69 75462F31
42646573 68637461 6D726F4E 663B3356
74636E75 616E6F69 2F315F6C 74706564
73697768 6F635F65 6432766E 7065642F
69776874 663B6573 74636E75 616E6F69
2F315F6C 74706564 73697768 6F635F65
6432766E 6169422F 64644173 6E75663B
6F697463 5F6C616E 6F632F31 6432766E
432F345F 32766E6F 75663B44 6974636E
6C616E6F 642F315F 68747065 65736977
6E6F635F 2F643276 73616942 2F646441
64616552 69726156 656C6261 722F704F
756F7365 31656372 00000000 00000004
00000001 00000019 00000005 00000040
FFFFA388 09000000 0000013C 00000017
00000058 0000001C 00000004 00000004
FFFFFFFF 00000019 00000005 00000040
FFFFA374 0000002C 00000020 00000014
00000004 00000001 FFFFFF80 FFFFFFFF
00000001 3DA13AC8 00000001 41A0998D
00000001 00000000 000000D7 636E7566
6E6F6974 315F6C61 7463612F 74617669
2F6E6F69 756C6552 6E75663B 6F697463
5F6C616E 61622F31 5F686374 6D726F6E
7A696C61 6F697461 75462F6E 42646573
68637461 6D726F4E 663B3356 74636E75
616E6F69 2F315F6C 766E6F63 422F6432
41736169 522F6464 56646165 61697261
4F656C62 65722F70 72756F73 663B6563
74636E75 616E6F69 2F315F6C 766E6F63
422F6432 41736169 663B6464 74636E75
616E6F69 2F315F6C 766E6F63 345F6432
6E6F432F 3B443276 636E7566 6E6F6974
315F6C61 6E6F632F 2F643276 766E6F43
00314432 00000004 00000001 00000019
00000005 00000040 FFFFA572 09000000
0000055C 00000016 00000530 00000004
FFFFA4B4 00000420 00000318 00000210
00000004 00000040 00000000 00000000
00000000 00000000 00000000 00000000
00000000 00000000 00000000 00000000
00000000 00000000 00000000 00000000
00000000 00000000 00000000 00000000
00000000 00000000 00000000 00000000
00000000 00000000 00000000 00000000
00000000 00000000 00000000 00000000
00000000 00000000 00000000 00000000
00000000 00000000 00000000 00000000
00000000 00000000 00000000 00000000
00000000 00000000 00000000 00000000
00000000 00000000 00000000 00000000
00000000 00000000 00000000 00000000
00000000 00000000 00000000 00000000
00000000 00000000 00000000 00000000
00000000 00000000 00000000 00000000
00000000 00000000 00000000 00000000
00000000 00000000 00000000 00000000
00000000 00000000 00000000 00000000
00000000 00000000 00000000 00000000
00000000 00000000 00000000 00000000
00000000 00000000 00000000 00000000
00000000 00000000 00000000 00000000
00000000 00000000 00000000 00000000
00000000 00000000 00000000 00000000
00000000 00000000 00000000 00000000
00000000 00000000 00000000 00000000
00000000 00000000 00000000 00000000
00000000 00000000 00000000 00000000
00000000 00000000 00000000 00000000
00000000 00000000 00000000 00000000
00000000 00000000 00000000 00000040
3C038BDC 3C01DCBF 3BE77F4E 3C074B13
3C1DA522 3C20ED5C 3BFF69B8 3C10A771
3C005A97 3C0EBEDF 3BF18463 3C06F9A4
3C094E1B 3BCFA3E1 3C2F8121 3BE7E0F3
3BEEE7E1 3C0A28E6 3C1EBBD0 3BF581B9
3BD9BDE0 3C1C0D0D 3C185B8F 3C2EA919
3BEAC379 3BD453E7 3C00F097 3BA71C29
3C07C6DD 3C2B5874 3BD0DF76 3BF14293
3C166819 3BF6BBC3 3BCB2616 3C0D1C60
3C54A5BF 3BC39620 3BFE3759 3C06D0BD
3BEE7FAB 3BF5274E 3BC92CB7 3BD3FA1C
3C124E09 3BE66080 3BFD90A4 3C0BE929
3BC7AB30 3C06EB2B 3C007417 3C0AA523
3C0530AD 3C106AE2 3C02ECEC 3BFB5C58
3C15033F 3C152487 3C1E5C07 3BF8D5AC
3BE72184 3C17589A 3BBC7BBF 3C175FB6
00000040 3F8284C4 3F80D906 3F65363A
3F863C7D 3F687816 3F9FAB81 3F7D6AE5
3F8F8622 3F7EB3C3 3F85F50B 3F6FA15A
3F85EBB1 3F883B7F 3F2FA183 3FAE221F
3F661131 3F6D0A11 3F891494 3F612620
3F6FA0DC 3F580A64 3F9AD4F3 3F7F0CF3
3FAD4BC7 3F68EDF2 3F52AB3F 3F7FDD6C
3F25CDF1 3F86B74F 3F8A5865 3F4F3DB7
3F6F600E 3F953B49 3F74CE4B 3F498FCA
3F6C0825 3FD2FC74 3F420EF4 3F7C3AEA
3F85C31C 3F6CA2AC 3F3B9902 3F479A5E
3F525228 3F91296D 3F6493BF 3F4BE610
3F714258 3F457CDF 3F85DD55 3F7EE65D
3F898FD9 3F7B7BBE 3F8F4A0C 3F81E712
3F79659F 3F93D939 3F93FA3E 3F9D1F4F
3F76E401 3F655341 3F9629E9 3F2E9667
3F9630F7 00000040 BF46B32C BF512E57
BF65B04F BF390631 BF9C69D8 BF794018
BF6A0A6A BF86C4EF BF5C6F7C BF8DA161
BF3BF48F BF6AE5D0 BF672E9C BF4E0499
BF9570C6 BF27E34A BF6CB423 BF707DC5
BF9D7E58 BF7396B6 BF30AED7 BF91A1F2
BF972AD8 BF8A4983 BF246401 BEF055CC
BF0FB7AD BF00F354 BF3225E0 BFAA01C3
BF403C0E BF064390 BF446A95 BF4C5463
BF340E8A BF8C0227 BF83A35B BF10A5C8
BF514709 BF34AAF7 BF4707B6 BF733CFF
BF09B4FC BF4A1767 BF4AA160 BF54A54F
BF7B9583 BF8AD157 BF461BDA BF133FBB
BF7A7A9C BF6CEB6A BF84264C BF3EE642
BF3FEE36 BF3D8331 BF62D766 BF65B9F5
BF5EEEE7 BF20AE03 BF48D79D BF5E84D8
BF3B02C8 BF846502 0000001C 636E7566
6E6F6974 315F6C61 6E6F632F 5F643276
6F432F34 4432766E 00000000 00000004
00000040 00000001 00000001 00000040
FFFFAAEA 09000000 0000055C 00000015
00000530 00000004 FFFFAA2C 00000420
00000318 00000210 00000004 00000040
00000000 00000000 00000000 00000000
00000000 00000000 00000000 00000000
00000000 00000000 00000000 00000000
00000000 00000000 00000000 00000000
00000000 00000000 00000000 00000000
00000000 00000000 00000000 00000000
00000000 00000000 00000000 00000000
00000000 00000000 00000000 00000000
00000000 00000000 00000000 00000000
00000000 00000000 00000000 00000000
00000000 00000000 00000000 00000000
00000000 00000000 00000000 00000000
00000000 00000000 00000000 00000000
00000000 00000000 00000000 00000000
00000000 00000000 00000000 00000000
00000000 00000000 00000000 00000000
00000000 00000000 00000000 00000000
00000000 00000000 00000000 00000000
00000000 00000000 00000000 00000000
00000000 00000000 00000000 00000000
00000000 00000000 00000000 00000000
00000000 00000000 00000000 00000000
00000000 00000000 00000000 00000000
00000000 00000000 00000000 00000000
00000000 00000000 00000000 00000000
00000000 00000000 00000000 00000000
00000000 00000000 00000000 00000000
00000000 00000000 00000000 00000000
00000000 00000000 00000000 00000000
00000000 00000000 00000000 00000000
00000000 00000000 00000000 00000000
00000000 00000000 00000000 00000000
00000000 00000040 3B5E2C5E 3AFB7D10
3B69D4DB 3B8E7A4C 3B91EF3E 3B477574
3B74124E 3B601111 3B49208D 3B1B5886
3B57050E 3B68064B 3B74FD1B 3B5A9471
3B422FAD 3B5B168A 3B2F047B 3B2186AA
3B11424C 3B358112 3B3E08CB 3B7678EA
3B8309F7 3B1874F2 3B7C74D5 3AE702A9
3B362CBB 3B37C1C6 3B743B1B 3B83F75D
3B322C7E 3B8986C1 3B3C8974 3B4005AC
3B2E565F 3B1EE3B8 3B486F79 3B367E52
3B62E7CB 3B5D358E 3B4A722F 3B51E341
3B4B33D5 3B548C4B 3B9143DC 3B6D431C
3B2424B7 3B793197 3B1253F5 3B77A7FF
3B4B20EB 3B382369 3B4B700F 3B68176E
3B678BDF 3B4C406A 3B270211 3B82E7ED
3B5AF46C 3B8B7A5D 3B4BAB4E 3B42CFF3
3B10FB51 3B53DC9E 00000040 3EC722A1
3E789CA1 3EE80131 3F0D5D57 3F10CB60
3EAC9F9D 3EF22A29 3EA99347 3EC78E4C
3E9A21D5 3ED55704 3EE6363E 3EF31321
3ED8DF48 3EA9216E 3ECC49A6 3EADA672
3E72A456 3E901FC7 3EA9EEB8 3E965379
3EB019E3 3ED608B4 3E974408 3EFA7BEB
3E6534A4 3EAC6E6F 3EB0B5D2 3EF252A5
3EF8F41E 3EB0C825 3F0873B3 3E91FBFA
3EBBDB35 3EACF9B2 3E9DA5F1 3EBC1D6F
3EB51155 3EE121FB 3EB77270 3EC8DD4B
3EA7A50B 3EC99D6D 3ED2E332 3F102154
3EEB6896 3E53D488 3EC44544 3E912F4D
3EB0E995 3EC98AA9 3EB6B322 3EBBF109
3EE6473F 3ED90AEB 3ECAA7E9 3E8BA346
3F01E21D 3E94D0A0 3F0A6368 3E9FA2AC
3EB26334 3E8FD95A 3EAA5D14 00000040
BEDC7005 BE798616 BEC3B3D3 BEE7CFA3
BED2FED3 BEC5E689 BEAD09F9 BEDE50EF
BE6C0F6B BE8DF9C4 BEA7216D BEE28B6E
BE8CC63F BEB14F79 BEC0AB4E BED9605D
BE9E1917 BEA0439D BE78D3FE BEB41610
BEBC8CB9 BEF48BF8 BF0203E3 BE9440FF
BEB0BFCB BE2E35DD BEB4C062 BEB65242
BEE9ADCA BF02EF6E BEA0D17F BEAFF063
BEBB1061 BEBE85A1 BE956050 BE87BD19
BEC6DE9A BE98B71E BEAC6485 BEDB7B23
BEBF6940 BED03F7A BE8C7F31 BEBBE691
BF0E9FB3 BEB8FF11 BEA2DC6E BEF73F34
BE8B3185 BEF5B8AF BE79067E BEA227C8
BEC9D92F BEAE3D6D BEE5BCC7 BEC0B4FE
BEA5B40D BEF20794 BED93E83 BEAF08FB
BECA13F7 BEC14A53 BE89DD0E BED234E5
0000001C 636E7566 6E6F6974 315F6C61
6E6F632F 5F643276 6F432F33 4432766E
00000000 00000004 00000040 00000001
00000001 00000040 FFFFB062 09000000
0000055C 00000014 00000530 00000004
FFFFAFA4 00000420 00000318 00000210
00000004 00000040 00000000 00000000
00000000 00000000 00000000 00000000
00000000 00000000 00000000 00000000
00000000 00000000 00000000 00000000
00000000 00000000 00000000 00000000
00000000 00000000 00000000 00000000
00000000 00000000 00000000 00000000
00000000 00000000 00000000 00000000
00000000 00000000 00000000 00000000
00000000 00000000 00000000 00000000
00000000 00000000 00000000 00000000
00000000 00000000 00000000 00000000
00000000 00000000 00000000 00000000
00000000 00000000 00000000 00000000
00000000 00000000 00000000 00000000
00000000 00000000 00000000 00000000
00000000 00000000 00000000 00000000
00000000 00000000 00000000 00000000
00000000 00000000 00000000 00000000
00000000 00000000 00000000 00000000
00000000 00000000 00000000 00000000
00000000 00000000 00000000 00000000
00000000 00000000 00000000 00000000
00000000 00000000 00000000 00000000
00000000 00000000 00000000 00000000
00000000 00000000 00000000 00000000
00000000 00000000 00000000 00000000
00000000 00000000 00000000 00000000
00000000 00000000 00000000 00000000
00000000 00000000 00000000 00000000
00000000 00000000 00000000 00000000
00000000 00000000 00000000 00000000
00000000 00000000 00000000 00000040
3B402C24 3B53A356 3B440037 3B52001B
3B6901B8 3B9A19CC 3B868093 3B490A27
3B61F379 3B33375B 3B96BC0D 3B3782AB
3B29A11B 3B719E22 3BC075EB 3B2FDA4C
3B841BB8 3B17A6F0 3B79FB64 3B0F2EF1
3B912E6F 3B1B4056 3B2DC226 3BA4D811
3B735A30 3B5C9FE3 3B478311 3B4E482B
3B3AB687 3B383752 3B3D1F0C 3B657C0B
3B87D024 3B6B17C9 3B677BC4 3B803D8C
3B3876F6 3B46F052 3B55BA3C 3B65B02F
3B4D04E8 3B7119AE 3B6ED52C 3B39A3D5
3B7F3398 3B572F14 3B50C7FE 3B64DBCB
3B20B6CF 3B3B3CC8 3B44DBEB 3B4AD913
3B64E736 3B80230B 3B36837B 3B5DC5A8
3B44EAC3 3B30B2AD 3B593D06 3B795846
3B4EB8D2 3B652018 3B3FC63B 3B3F364E
00000040 3E7AFC47 3ED18DD8 3EC0C010
3ED05C1B 3E83A73A 3EE1E0B9 3F057392
3EA4F329 3EE02F92 3EA05E6A 3ECA8052
3E88884A 3E9B35AC 3ED2E739 3ECD5D91
3EAE7A97 3F031381 3E87B916 3E8BF435
3E8AB9B7 3F100C12 3E9A09D5 3EAC66A2
3EBC90F3 3EF1737C 3EDAE6A3 3EAA68C1
3EA48047 3EAC35FB 3EAB5E66 3EBBA4CE
3EE3B113 3ED9D4BA 3EE94199 3E9D6DC7
3EC5061C 3E844700 3EC56271 3EA68621
3EE3E4CF 3EA25B72 3ED905E2 3E9FC0C6
3EB24C5B 3EFD3531 3ED580B6 3ECF266E
3EE31213 3E9F7561 3E884788 3EA989EF
3E904A57 3EE31D68 3ED75381 3E6389E9
3EB00A69 3EC360ED 3EAF5148 3ED78A8C
3EF76595 3ECD1B60 3EC1BAE4 3EACD99A
3EBDB7E1 00000040 BEBEABCC BED1FC0F
BEC27837 BEC2DE6F BEE72FB5 BF18E598
BE987C61 BEC77813 BED7D0BD BEB1D0EC
BF158E95 BEB613A6 BEA84DD9 BEEFBAE6
BF3EF4FF BEA301EE BEC56C0E BE9677A2
BEF8076D BE8E1093 BEDF4DFB BE8B61E9
BEA33AA3 BF238E61 BEA8827F BEB2E8BB
BEC5F40B BECCAB9B BEB9411A BEB6C6E3
BEA1C489 BED79AE6 BF06C084 BEA40929
BEE5ACCC BEFE7A22 BEB70608 BEB0D195
BED40EC8 BECF9B53 BECB6ADE BEEF377B
BEECF782 BEB8308D BECBD6A4 BECB9200
BEB2F96D BEAB5B77 BE9BC55C BEB9C64E
BEC35233 BEC94361 BEAFE7B7 BEFE4589
BEB51674 BEDC0A1D BEAA7070 BE92C0E7
BE9D0AEE BEBFC9A0 BEB5F569 BEE355D8
BEBE46AF BEA4166F 0000001C 636E7566
6E6F6974 315F6C61 6E6F632F 5F643276
6F432F32 4432766E 00000000 00000004
00000040 00000001 00000001 00000040
FFFFB5DA 09000000 0000055C 00000013
00000530 00000004 FFFFB51C 00000420
00000318 00000210 00000004 00000040
00000000 00000000 00000000 00000000
00000000 00000000 00000000 00000000
00000000 00000000 00000000 00000000
00000000 00000000 00000000 00000000
00000000 00000000 00000000 00000000
00000000 00000000 00000000 00000000
00000000 00000000 00000000 00000000
00000000 00000000 00000000 00000000
00000000 00000000 00000000 00000000
00000000 00000000 00000000 00000000
00000000 00000000 00000000 00000000
00000000 00000000 00000000 00000000
00000000 00000000 00000000 00000000
00000000 00000000 00000000 00000000
00000000 00000000 00000000 00000000
00000000 00000000 00000000 00000000
00000000 00000000 00000000 00000000
00000000 00000000 00000000 00000000
00000000 00000000 00000000 00000000
00000000 00000000 00000000 00000000
00000000 00000000 00000000 00000000
00000000 00000000 00000000 00000000
00000000 00000000 00000000 00000000
00000000 00000000 00000000 00000000
00000000 00000000 00000000 00000000
00000000 00000000 00000000 00000000
00000000 00000000 00000000 00000000
00000000 00000000 00000000 00000000
00000000 00000000 00000000 00000000
00000000 00000000 00000000 00000000
00000000 00000000 00000000 00000000
00000000 00000000 00000000 00000000
00000000 00000040 3B1777FA 3B721254
3B440B99 3B17F537 3B728E9D 3B1D5320
3B02C6AB 3B576723 3B47BAC6 3B7F9CF2
3B5B8BCF 3B41E2C4 3B885D26 3B4A840B
3B560D4B 3B37FF94 3B20A091 3B46E10F
3B72FE7A 3B3D72BE 3B4BDBAB 3B443617
3B9B027C 3B5A3141 3B3600EF 3B5E3180
3B1DF8B0 3B2A378B 3B350D4F 3B5C99EC
3B730E15 3B6FE86F 3B3FB442 3B306395
3B83B6EA 3B57A3C5 3B58B71E 3B7D5DBA
3B785158 3B3B517C 3B870F8A 3B73A7B1
3B496D5C 3B81A27A 3B62E632 3B4E68BF
3B0063B0 3B68F54C 3B168C8D 3B4BA703
3B48B491 3B388CAC 3B2E950B 3B7385D8
3B762A1F 3B66CD06 3B043EA9 3B3F2EE1
3B39A164 3B165848 3B5F3E6E 3B26C0A7
3B5046FE 3B54DFA0 00000040 3E8220B4
3EF02E2F 3E8D6E1C 3E96C54D 3EF0A980
3E9C187A 3E81C11E 3ED5B855 3EB53E47
3E9ADB36 3E863854 3EC05EFE 3EBD3687
3E85217A 3E2FFD6C 3EB68F95 3E775F33
3EC5534D 3EAA061C 3EA5933D 3E87065E
3EAD321A 3E726D41 3ED87CDE 3E5A0942
3E8AAF8A 3E567AC3 3E8E98CE 3E9094B5
3ED9F1D3 3EF127F9 3EEE089E 3E1AE9FD
3EA36107 3F02AF7C 3EC7DFBA 3EC31308
3EB8BC48 3EAF8631 3EB9DAD9 3EB5B0C5
3EF1C062 3EC7DA81 3ED3A445 3EE12066
3EC68DE2 3E4FCA7C 3EAC6236 3E955F74
3EA1E874 3E8BEA28 3EB71B93 3EAD37E1
3E82942E 3EF43DCB 3EDA99F8 3E50A81B
3E8CD24B 3EB82E21 3E90424B 3E9FB2C6
3EA46F2B 3EC652A6 3ED335E1 00000040
BE96490A BEBB155B BEC28382 BE8BAE8B
BED2454D BE92FB44 BE500789 BEC3D2A9
BEC62B50 BEFD9DB8 BED9D4B7 BEBF3F67
BF074C6C BEC8EF03 BED46130 BEA5CF0A
BE9F5F50 BEB19C39 BEF1187D BEBBF7D9
BECA43F4 BEC2ADAB BF19CC77 BED46152
BEB494ED BEDC751D BE9CBCBF BEA8E31C
BEB3A334 BEDAE0B8 BED4CA08 BEDFBCC2
BEBE34D9 BEAF02CE BEC53AFF BED5F47D
BED705B0 BEFB62FF BEF660B5 BE8E4515
BF06016B BE9C0E7D BEAFBC3F BF009F35
BECFE11F BECCCBEE BE7EC5D2 BEE72361
BE83EDCB BECA0FB5 BEC72328 BEAAA005
BEAA7224 BEF19ECC BEE240FA BEE4FF6C
BE83362C BEBDB083 BE9E6455 BE952B97
BEDD7FF1 BEA57326 BECEA670 BEB7B07F
0000001C 636E7566 6E6F6974 315F6C61
6E6F632F 5F643276 6F432F31 4432766E
00000000 00000004 00000040 00000001
00000001 00000040 FFFFBB52 09000000
00000554 00000012 0000052C 00000004
FFFFBA94 0000041C 00000314 0000020C
00000004 00000040 00000000 00000000
00000000 00000000 00000000 00000000
00000000 00000000 00000000 00000000
00000000 00000000 00000000 00000000
00000000 00000000 00000000 00000000
00000000 00000000 00000000 00000000
00000000 00000000 00000000 00000000
00000000 00000000 00000000 00000000
00000000 00000000 00000000 00000000
00000000 00000000 00000000 00000000
00000000 00000000 00000000 00000000
00000000 00000000 00000000 00000000
00000000 00000000 00000000 00000000
00000000 00000000 00000000 00000000
00000000 00000000 00000000 00000000
00000000 00000000 00000000 00000000
00000000 00000000 00000000 00000000
00000000 00000000 00000000 00000000
00000000 00000000 00000000 00000000
00000000 00000000 00000000 00000000
00000000 00000000 00000000 00000000
00000000 00000000 00000000 00000000
00000000 00000000 00000000 00000000
00000000 00000000 00000000 00000000
00000000 00000000 00000000 00000000
00000000 00000000 00000000 00000000
00000000 00000000 00000000 00000000
00000000 00000000 00000000 00000000
00000000 00000000 00000000 00000000
00000000 00000000 00000000 00000000
00000000 00000000 00000000 00000000
00000000 00000000 00000000 00000000
00000000 00000000 00000040 3AAE914D
3A42017C 39F763E0 3A0B43CA 39EB642A
3A4D3F57 3AD10047 3A317EAF 3A0A1AB4
398DB7F7 3A79966C 3A0E24A5 3A9403B7
3A1FE3B0 3A341CBB 39CA152D 3ACF2EE5
39A6C3AC 39D02E33 3A0D0BD4 39EBC876
3A7BED1C 39DEA6DC 3AF6F0F2 39D4DD18
3A3EDC18 39F88444 3A53C280 3A846E50
3A8DB131 3A1B904C 3A7B0B2B 3A35BAB9
3A0EF4DE 3A4A894D 3A30DB29 3AA88AF6
39E9D985 39A6583F 39D71381 39C8D030
3A1AA075 3A0CB6C2 3B049030 3A9B8CE8
3A9FA0F8 3A2E650E 3A09DCBC 3A432F1C
3ACC4E86 3A41461A 3A83B058 3A84CE28
39D75ECF 3A4B761D 3AEBFC5E 39D8434B
3A25014D 3A52823A 39DD7228 3A20E727
3A00CD81 3A6E78DC 39D81D6C 00000040
3E2D342A 3DC07D79 3D35ED1D 3D8768C3
3D2D6DC5 3DCBA4D8 3DA103EE 3D930B56
3D89067F 3D0990C0 3DC5DE73 3D8D085C
3E12DBB0 3D9EA3E9 3DB2B482 3D488103
3E40DA65 3D125EC9 3D4E8DD7 3D4D0373
3D69F0E5 3DF3A74A 3D1F2689 3E199CE3
3D40053A 3DBD5E60 3D6B0581 3DD21AFB
3D9F259D 3DB18800 3D9A592B 3DF06383
3DB44F44 3D8DD6F4 3DB31D79 3DAF7973
3E2739E0 3D1FDC3F 3D250B8F 3D55655A
3D473E90 3D996B34 3D799BBB 3E838710
3DAAC414 3D9C7272 3D50F8A7 3D7142DF
3DB2A4FE 3DFDCC71 3D9263C0 3D9485D3
3E03C48C 3D2D65E6 3DC9DF31 3E6A2465
3D5692C4 3DA3B74A 3D6F08C9 3D5BB744
3D524468 3D20B52F 3DA6F1DF 3D566D31
00000040 BDFBE1F9 BDAE92B1 BD757518
BD8A2D42 BD698D62 BDA7F868 BE4F5E46
BDB01BB2 BD82CE0D BD0C9C87 BDF7A33F
BD800105 BDA50FA7 BD5A317A BD930FCF
BD2C7158 BE4D9087 BD257625 BD4059E4
BD8BF1BC BD1B9B82 BDF9F542 BD5CE98E
BE750310 BD53335E BD3EBA0C BD76933B
BDBA6B4A BE036573 BE0C95CF BD5A93AF
BDF91515 BD847E9A BD793A6B BDC8F43A
BD5663EC BE05A46F BD6805D2 BD188057
BD334E07 BD439ABA BD662E30 BD8B9D54
BE67E49A BE1A55CE BE1E61B6 BDAD0844
BD88C903 BDC1A8BE BE4AB5E9 BDBFC38E
BE02A8F7 BD925233 BD55B011 BD990274
BE4FC2DD BD1771EE BD986F5A BDD0DD36
BD5401B7 BD9FA559 BD7F97CC BDEC9BEA
BD166661 0000001A 636E7566 6E6F6974
315F6C61 6E6F632F 2F643276 766E6F43
00004432 00000004 00000040 0000000A
00000004 00000001 FFFFC0C2 09000000
0000006C 00000011 00000044 00000004
FFFFC004 00000030 00000024 00000018
00000004 00000001 00000000 00000000
00000000 00000001 3C096468 00000001
3F3AF343 00000001 BF88519F 00000019
636E7566 6E6F6974 315F6C61 6E65642F
4D2F6573 754D7461 0000006C 00000002
0000000C 00000040 FFFFC142 02000000
000003EC 00000010 0000031C 00000004
FFFFC134 0000020C 00000004 00000040
00000000 00000000 00000000 00000000
00000000 00000000 00000000 00000000
00000000 00000000 00000000 00000000
00000000 00000000 00000000 00000000
00000000 00000000 00000000 00000000
00000000 00000000 00000000 00000000
00000000 00000000 00000000 00000000
00000000 00000000 00000000 00000000
00000000 00000000 00000000 00000000
00000000 00000000 00000000 00000000
00000000 00000000 00000000 00000000
00000000 00000000 00000000 00000000
00000000 00000000 00000000 00000000
00000000 00000000 00000000 00000000
00000000 00000000 00000000 00000000
00000000 00000000 00000000 00000000
00000000 00000000 00000000 00000000
00000000 00000000 00000000 00000000
00000000 00000000 00000000 00000000
00000000 00000000 00000000 00000000
00000000 00000000 00000000 00000000
00000000 00000000 00000000 00000000
00000000 00000000 00000000 00000000
00000000 00000000 00000000 00000000
00000000 00000000 00000000 00000000
00000000 00000000 00000000 00000000
00000000 00000000 00000000 00000000
00000000 00000000 00000000 00000000
00000000 00000000 00000000 00000000
00000000 00000000 00000000 00000000
00000000 00000000 00000000 00000000
00000000 00000000 00000000 00000000
00000040 39C5306E 39C2AA30 39AD8220
39CACE4D 39EC4FB8 39F13B3A 39BF6EE7
39D8D67A 39C06756 39D5FA1B 39B504AA
39CA543B 39CDD256 399BA095 3A038A98
39ADCB4F 39B30F9E 39CF1A4F 39EDF177
39B80229 39A332CC 39E9EC00 39E462B3
3A02E8AD 39AFF4D6 399F2401 39C1482F
397A7FDC 39CB87DD 3A006C9D 399C8D1C
39B4D357 39E17601 39B8ED89 399842CE
39D386C7 3A1F6159 399297CB 39BE8947
39CA16EB 39B2C182 39B7BE65 3996C807
399EE0B4 39DB4FF3 39ACAB2A 39BE0C54
39D1BA42 3995A713 39CA3E89 39C08D8F
39CFD48B 39C7A73D 39D87BB3 39C4422E
39BC6563 39DF5F14 39DF90F8 39ED61E2
39BA80B4 39AD3BD4 39E2DE85 398D44E9
39E2E92E 000000C3 636E7566 6E6F6974
315F6C61 7463612F 74617669 5F6E6F69
65522F38 663B756C 74636E75 616E6F69
2F315F6C 63746162 6F6E5F68 6C616D72
74617A69 5F6E6F69 75462F38 42646573
68637461 6D726F4E 663B3356 74636E75
616E6F69 2F315F6C 766E6F63 345F6432
6169422F 64644173 6165522F 72615664
6C626169 2F704F65 6F736572 65637275
6E75663B 6F697463 5F6C616E 6F632F31
6432766E 422F345F 41736169 663B6464
74636E75 616E6F69 2F315F6C 766E6F63
345F6432 6E6F432F 00443276 00000001
00000040 FFFFC53E 09000000 00000620
0000000F 00000530 00000004 FFFFD422
00000420 00000318 00000210 00000008
00000003 00000040 00000000 00000000
00000000 00000000 00000000 00000000
00000000 00000000 00000000 00000000
00000000 00000000 00000000 00000000
00000000 00000000 00000000 00000000
00000000 00000000 00000000 00000000
00000000 00000000 00000000 00000000
00000000 00000000 00000000 00000000
00000000 00000000 00000000 00000000
00000000 00000000 00000000 00000000
00000000 00000000 00000000 00000000
00000000 00000000 00000000 00000000
00000000 00000000 00000000 00000000
00000000 00000000 00000000 00000000
00000000 00000000 00000000 00000000
00000000 00000000 00000000 00000000
00000000 00000000 00000000 00000000
00000000 00000000 00000000 00000000
00000000 00000000 00000000 00000000
00000000 00000000 00000000 00000000
00000000 00000000 00000000 00000000
00000000 00000000 00000000 00000000
00000000 00000000 00000000 00000000
00000000 00000000 00000000 00000000
00000000 00000000 00000000 00000000
00000000 00000000 00000000 00000000
00000000 00000000 00000000 00000000
00000000 00000000 00000000 00000000
00000000 00000000 00000000 00000000
00000000 00000000 00000000 00000000
00000000 00000000 00000000 00000000
00000000 00000000 00000000 00000000
00000000 00000000 00000040 3BD2F321
3B2B353E 3B9EE2E5 3B607257 3B87635C
3C07FF33 3BDD2272 3BB5523F 3C4675DF
3B93EBAB 3C29AEBB 3B855AEA 3BB5AF65
3B9219B4 3C00B1BF 3BAABF1E 3BB35BB8
3BBE780A 3BAD513B 3C18924E 3BC45352
3B8D9930 3B62A4FC 3BB7159D 3BEEF5D8
3B95AA0C 3BDC5E69 3B86280A 3C0CD98D
3BCE67F3 3C142EAB 3B90DA5C 3BE255F3
3BEB9185 3C196F26 3BE9D1E6 3BC6CD8E
3BAC902A 3C1F9814 3BADD84C 3BC9B167
3C0263F7 3B9FB5AB 3BC141D6 3B968804
3B946FE5 3C46FF5B 3C05A477 3C11AEA4
3B8EBE4C 3C6B76D5 3BBBE934 3BA934D0
3C3A91FD 3C0CED02 3C4C34A8 3C001CF2
3BCDAE54 3BCE3078 3BB6A36C 3BF86D84
3BD478F4 3C47D4C1 3C0053EB 00000040
3F514D3B 3EA9DED4 3F1DA51F 3E2A616A
BD65E0E7 3F009B23 3F5B682D BDAF36CE
3FC4E8F3 BD8BDD95 3FA85B5E BDFF2746
3E065E62 BE0CEB26 3F7C78F6 3CCA07DD
3DE887B7 BD87D86B BE8562A0 3F4DCDEF
3D54E1AE BD696574 3EE0DFB2 3E58DA0F
3EB692B9 3E78F731 BE82FE5F BD2AA021
3F2E0AEA 3F31C056 3F93064E 3E26BF78
BDD43BB8 3E1D78F8 3F94776A 3F67FE42
3F453FF3 3F2B370A 3F9E58E4 3F2C7C9B
BE263754 3F40B317 BBF9C79D 3E6D4D01
BDEB730F 3F134705 3FC5715C 3E44A0EA
3F908B47 3F0DA0CF 3FE99FE7 BE6179E8
3F27E266 3F28D9F2 3F8BD328 3FCA9C3F
3F7E3971 BD0E4398 3C678687 3E8447FE
3DDDEFBE 3F367237 3FC64517 3F7EA687
00000040 BE89E8EE 3D80FF59 3D7A99DA
BEDEB172 BF065495 BF86EF35 BDD56BF5
BF33E79B BF43CE59 BF12C3D4 BB29D7CD
BF045034 BF344406 BF10F581 BF7F60B8
BF2969A0 BF31F501 BF3CFB1A BF2BF699
BF976129 BF42CAAB BF0C7DFE 3E0A6924
BF35A772 BF6D17EC BF147EB8 BF5AA5AC
BF051BBA BF8BBFDA BF4CCB23 BE2FC8FD
BF0FB8A7 BF609147 BF69BA62 BF983C48
BF4DF776 BD1D9AB1 BE371378 3E1AD4E8
3E80FC8A BF481E04 BF815F2F BF1E7640
BF3FBF52 BF155AF4 3D3A8994 3E5A1A31
BF84992E BE05414E 3DB99262 BF7E6BF6
BF3A7162 BE071DC3 BFB91CD9 BECE553C
BF5732C2 BDA8024E BF4C12F7 BF4C9417
BF353625 BF767CA9 BF52D002 BE650DA2
3E3097E2 000000E2 636E7566 6E6F6974
315F6C61 7461622F 6E5F6863 616D726F
617A696C 6E6F6974 462F375F 64657375
63746142 726F4E68 3B33566D 636E7566
6E6F6974 315F6C61 7065642F 69776874
635F6573 32766E6F 2F335F64 74706564
73697768 75663B65 6974636E 6C616E6F
642F315F 68747065 65736977 6E6F635F
5F643276 69422F33 64417361 75663B64
6974636E 6C616E6F 632F315F 32766E6F
2F345F64 766E6F43 663B4432 74636E75
616E6F69 2F315F6C 74706564 73697768
6F635F65 6432766E 422F335F 41736169
522F6464 56646165 61697261 4F656C62
65722F70 72756F73 00006563 00000004
00000001 00000003 00000003 00000040
FFFFCB7A 02000000 00000430 0000000E
00000320 00000004 FFFFCB6C 00000210
00000004 00000040 00000000 00000000
00000000 00000000 00000000 00000000
00000000 00000000 00000000 00000000
00000000 00000000 00000000 00000000
00000000 00000000 00000000 00000000
00000000 00000000 00000000 00000000
00000000 00000000 00000000 00000000
00000000 00000000 00000000 00000000
00000000 00000000 00000000 00000000
00000000 00000000 00000000 00000000
00000000 00000000 00000000 00000000
00000000 00000000 00000000 00000000
00000000 00000000 00000000 00000000
00000000 00000000 00000000 00000000
00000000 00000000 00000000 00000000
00000000 00000000 00000000 00000000
00000000 00000000 00000000 00000000
00000000 00000000 00000000 00000000
00000000 00000000 00000000 00000000
00000000 00000000 00000000 00000000
00000000 00000000 00000000 00000000
00000000 00000000 00000000 00000000
00000000 00000000 00000000 00000000
00000000 00000000 00000000 00000000
00000000 00000000 00000000 00000000
00000000 00000000 00000000 00000000
00000000 00000000 00000000 00000000
00000000 00000000 00000000 00000000
00000000 00000000 00000000 00000000
00000000 00000000 00000000 00000000
00000000 00000000 00000000 00000000
00000000 00000000 00000000 00000000
00000000 00000000 00000000 00000040
395E90C8 38B4A2AD 3927A2A3 38ECCE40
390ED7DC 398F7C47 39694FAB 393F4E3E
39D16378 391C10D4 39B306A9 390CB2C1
393FB085 391A2535 3987C7E3 3934260C
393D3C0B 3948F4FC 3936DC66 39A0F907
394F22D2 3915653B 38EF1FE1 39412A76
397C1E59 391DE7CA 396880D7 390D8B2D
39949B0A 3959C58D 399C5785 3918D447
396ECC7D 39788A36 39A1E208 3976B1F1
3951BFFB 393610B3 39A861CC 39376AE7
3954CC91 39899204 39288104 394BE616
391ED1FB 391C9C56 39D1F486 398D005B
3999B440 39169A7A 39F86E0D 39464217
39328607 39C4D7FA 3994AF91 39D7733E
39872AE4 395901B6 39598B04 3940B1FC
39830DBD 39602C12 39D2D5AC 398764E4
00000101 636E7566 6E6F6974 315F6C61
7463612F 74617669 5F6E6F69 65522F37
663B756C 74636E75 616E6F69 2F315F6C
63746162 6F6E5F68 6C616D72 74617A69
5F6E6F69 75462F37 42646573 68637461
6D726F4E 663B3356 74636E75 616E6F69
2F315F6C 74706564 73697768 6F635F65
6432766E 642F335F 68747065 65736977
6E75663B 6F697463 5F6C616E 65642F31
77687470 5F657369 766E6F63 335F6432
6169422F 64644173 6E75663B 6F697463
5F6C616E 6F632F31 6432766E 432F345F
32766E6F 75663B44 6974636E 6C616E6F
642F315F 68747065 65736977 6E6F635F
5F643276 69422F33 64417361 65522F64
61566461 62616972 704F656C 7365722F
6372756F 00000065 00000001 00000040
FFFFCFBA 02000000 0000040C 0000000D
0000031C 00000004 FFFFCFAC 0000020C
00000004 00000040 00000000 00000000
00000000 00000000 00000000 00000000
00000000 00000000 00000000 00000000
00000000 00000000 00000000 00000000
00000000 00000000 00000000 00000000
00000000 00000000 00000000 00000000
00000000 00000000 00000000 00000000
00000000 00000000 00000000 00000000
00000000 00000000 00000000 00000000
00000000 00000000 00000000 00000000
00000000 00000000 00000000 00000000
00000000 00000000 00000000 00000000
00000000 00000000 00000000 00000000
00000000 00000000 00000000 00000000
00000000 00000000 00000000 00000000
00000000 00000000 00000000 00000000
00000000 00000000 00000000 00000000
00000000 00000000 00000000 00000000
00000000 00000000 00000000 00000000
00000000 00000000 00000000 00000000
00000000 00000000 00000000 00000000
00000000 00000000 00000000 00000000
00000000 00000000 00000000 00000000
00000000 00000000 00000000 00000000
00000000 00000000 00000000 00000000
00000000 00000000 00000000 00000000
00000000 00000000 00000000 00000000
00000000 00000000 00000000 00000000
00000000 00000000 00000000 00000000
00000000 00000000 00000000 00000000
00000000 00000000 00000000 00000000
00000000 00000000 00000000 00000000
00000000 00000000 00000040 39232AF9
38B8B28C 392BBAD5 395146B0 39565A87
39127C66 39334011 39248EF2 3913B611
38E42D5C 391DEA06 392A671E 3933EC83
3920875D 390E9D1A 3920E6E9 3900892C
38ED4143 38D55C80 39054CBD 390B9080
39350373 39407975 38DFEF0B 39396884
38A9A870 3905CACF 3906F447 39335E08
3941D627 3902DA97 394A00E1 390A76F8
390D063B 3900094E 38E961E1 39133405
390606BB 3926A4AA 392275B5 3914AE08
391A2526 39153C40 391C1950 39555ECB
392E3FD6 38F11975 39370319 38D6EE76
3935E209 39152E5C 39073BFC 3915687B
392A73B4 392A0D35 39160180 38F54EA1
39404775 3920CDDA 394CDEB9 391593FE
390F12CF 38D4F43E 391B984B 000000E0
636E7566 6E6F6974 315F6C61 7463612F
74617669 5F6E6F69 65522F36 663B756C
74636E75 616E6F69 2F315F6C 63746162
6F6E5F68 6C616D72 74617A69 5F6E6F69
75462F36 42646573 68637461 6D726F4E
663B3356 74636E75 616E6F69 2F315F6C
766E6F63 335F6432 6169422F 64644173
6165522F 72615664 6C626169 2F704F65
6F736572 65637275 6E75663B 6F697463
5F6C616E 6F632F31 6432766E 422F335F
41736169 663B6464 74636E75 616E6F69
2F315F6C 766E6F63 345F6432 6E6F432F
3B443276 636E7566 6E6F6974 315F6C61
6E6F632F 5F643276 6F432F33 4432766E
00000000 00000001 00000040 FFFFD3D6
09000000 00000620 0000000C 00000530
00000004 FFFFE2BA 00000420 00000318
00000210 00000008 00000003 00000040
00000000 00000000 00000000 00000000
00000000 00000000 00000000 00000000
00000000 00000000 00000000 00000000
00000000 00000000 00000000 00000000
00000000 00000000 00000000 00000000
00000000 00000000 00000000 00000000
00000000 00000000 00000000 00000000
00000000 00000000 00000000 00000000
00000000 00000000 00000000 00000000
00000000 00000000 00000000 00000000
00000000 00000000 00000000 00000000
00000000 00000000 00000000 00000000
00000000 00000000 00000000 00000000
00000000 00000000 00000000 00000000
00000000 00000000 00000000 00000000
00000000 00000000 00000000 00000000
00000000 00000000 00000000 00000000
00000000 00000000 00000000 00000000
00000000 00000000 00000000 00000000
00000000 00000000 00000000 00000000
00000000 00000000 00000000 00000000
00000000 00000000 00000000 00000000
00000000 00000000 00000000 00000000
00000000 00000000 00000000 00000000
00000000 00000000 00000000 00000000
00000000 00000000 00000000 00000000
00000000 00000000 00000000 00000000
00000000 00000000 00000000 00000000
00000000 00000000 00000000 00000000
00000000 00000000 00000000 00000000
00000000 00000000 00000000 00000000
00000000 00000000 00000000 00000000
00000040 3C2C06D8 3BC1E40F 3C042F9A
3BCFC329 3BADED5F 3C2CFC3E 3B85FEAF
3BF14FA9 3B8AC7F7 3C0F64BD 3C1F3D23
3BF4A0E7 3BC481DF 3BD996D4 3BF49DB3
3BF4FBD3 3C16C38E 3C0EB937 3BF2FE7C
3B9FE4CF 3BC765D1 3BF6B344 3B8A3F81
3C1937F2 3B89DAD9 3B9C5E71 3BE3694E
3BEA6AFA 3C3E5484 3BFEE229 3B98B42E
3BF86609 3BFF2120 3BA6C53D 3BCE1EAB
3B92D259 3C12E293 3C1AC3D6 3BC7B059
3B744B38 3BB333FB 3BA38A51 3BBBC58E
3B82ECD6 3BAAD60D 3BE090DD 3BCA4A89
3C0B8EA1 3BC8D22B 3C23DB13 3BCEF914
3C4CF49A 3B9B3D39 3BC0CC2E 3C143501
3BEE14E0 3BF711D3 3BF27EAE 3B9E5C21
3BF294D8 3C066B34 3BE13895 3C330318
3BFB3E36 00000040 3F4E4B6B 3F406047
3F83273B 3F4E23A3 3F145E35 3FABA246
3EAB6AC9 3CD0F9A7 3F09B267 3F8E45F4
3F9DFEA9 3EB52605 3F42F8DB 3F142251
3EEC348D 3F035387 3F3094C3 3EEEAE43
BE82F02F 3F187793 3D69BBBA 3F74C5DD
3F092B02 3F980582 3F08C723 BDB701EA
3F2BE537 3F689624 3FBCD7DB 3F7CE465
3E1B452F 3F76753D 3F7D22DE BB958F15
3F4C826E 3E087B29 3F91BCCE 3F998E4E
3F258422 3EF262A2 3F04B946 3D8FACE0
3F3A4E03 3F01E6FC 3F19C7EA 3F386B16
3F48B5F4 3F7F3921 3F3300F2 3FA2935D
3F4D5B22 3FCB5AB1 3F1A06BF 3F3F4A96
3F72FB52 3F09BDE8 3EBB4F31 3CBA0BD3
3EEEAC57 3F70AFAE 3F855E5E 3EE8C1D2
3E163195 3F7947BA 00000040 BFAAAECA
BD6EDA28 BF2AA15C BF20D8B6 BF2C9184
BF8BE048 BF04F2B2 BF6F6D0A 3CFA119A
BF56FCE3 BF3A0CE5 BF72B7A5 BEDB3A43
BF57E3A6 BF72B478 BF7311DB BF959607
BF8D9BC5 BF71187F BF1EA505 BF45D705
BE3633E8 BD830459 BF03B113 BCA97B97
BF1B25B4 BF61A27B BF186EC7 BF822F83
BD1B4DE5 BF1782C6 BE1757DD BF1092BB
BF2577B3 BE846658 BF11ACB4 BF4A895D
BDBAAD48 BF4620F8 BE8DE27B BF31CD93
BF22433C BEA39515 BEFD617E BF298061
BF5ECFBB 3C55DF8D BF8A7784 BF474087
BF19BC30 BD90FA16 BC09576B BD12472D
BEDED13E BF930C97 BF6C38B6 BF7523AF
BF7099B1 BF1D1F69 BF326987 BEBA4B9C
BF5F7624 BFB19D12 BE39A954 000000E2
636E7566 6E6F6974 315F6C61 7461622F
6E5F6863 616D726F 617A696C 6E6F6974
462F355F 64657375 63746142 726F4E68
3B33566D 636E7566 6E6F6974 315F6C61
7065642F 69776874 635F6573 32766E6F
2F325F64 74706564 73697768 75663B65
6974636E 6C616E6F 642F315F 68747065
65736977 6E6F635F 5F643276 69422F32
64417361 75663B64 6974636E 6C616E6F
632F315F 32766E6F 2F345F64 766E6F43
663B4432 74636E75 616E6F69 2F315F6C
74706564 73697768 6F635F65 6432766E
422F325F 41736169 522F6464 56646165
61697261 4F656C62 65722F70 72756F73
00006563 00000004 00000001 00000003
00000003 00000040 FFFFDA12 02000000
00000430 0000000B 00000320 00000004
FFFFDA04 00000210 00000004 00000040
00000000 00000000 00000000 00000000
00000000 00000000 00000000 00000000
00000000 00000000 00000000 00000000
00000000 00000000 00000000 00000000
00000000 00000000 00000000 00000000
00000000 00000000 00000000 00000000
00000000 00000000 00000000 00000000
00000000 00000000 00000000 00000000
00000000 00000000 00000000 00000000
00000000 00000000 00000000 00000000
00000000 00000000 00000000 00000000
00000000 00000000 00000000 00000000
00000000 00000000 00000000 00000000
00000000 00000000 00000000 00000000
00000000 00000000 00000000 00000000
00000000 00000000 00000000 00000000
00000000 00000000 00000000 00000000
00000000 00000000 00000000 00000000
00000000 00000000 00000000 00000000
00000000 00000000 00000000 00000000
00000000 00000000 00000000 00000000
00000000 00000000 00000000 00000000
00000000 00000000 00000000 00000000
00000000 00000000 00000000 00000000
00000000 00000000 00000000 00000000
00000000 00000000 00000000 00000000
00000000 00000000 00000000 00000000
00000000 00000000 00000000 00000000
00000000 00000000 00000000 00000000
00000000 00000000 00000000 00000000
00000000 00000000 00000000 00000000
00000000 00000000 00000000 00000000
00000000 00000040 39CDE435 39680F46
399E352C 3978A970 39502A83 39CF09EA
39205F6A 39906852 392619E7 39AB9F1E
39BE960C 39926488 396B30F2 3982362A
3992629E 39929AF1 39B4715E 39AAD1D4
39916A24 393F5EBA 396EA68E 3993A1EB
39257694 39B76176 3924FE1B 393B26B9
398816E7 398C4849 39E3CC4A 39988790
3936C3C2 3994A619 3998AD3E 394799B6
3976B22B 392FB97E 39AFCCEA 39B93B49
396EFFC2 39123142 39567B00 3943BC01
3960BC65 391CB2DE 394C776A 398662FB
39721D17 39A707AC 39705AA1 39C41CA9
3977B793 39F54D6D 3939CC92 3966C04D
39B161F7 398E798D 3993DA81 39911DA8
393D88BF 39912AEC 39A0E14C 3986C759
39D6407D 399659DB 00000101 636E7566
6E6F6974 315F6C61 7463612F 74617669
5F6E6F69 65522F35 663B756C 74636E75
616E6F69 2F315F6C 63746162 6F6E5F68
6C616D72 74617A69 5F6E6F69 75462F35
42646573 68637461 6D726F4E 663B3356
74636E75 616E6F69 2F315F6C 74706564
73697768 6F635F65 6432766E 642F325F
68747065 65736977 6E75663B 6F697463
5F6C616E 65642F31 77687470 5F657369
766E6F63 325F6432 6169422F 64644173
6E75663B 6F697463 5F6C616E 6F632F31
6432766E 432F345F 32766E6F 75663B44
6974636E 6C616E6F 642F315F 68747065
65736977 6E6F635F 5F643276 69422F32
64417361 65522F64 61566461 62616972
704F656C 7365722F 6372756F 00000065
00000001 00000040 FFFFDE52 02000000
0000040C 0000000A 0000031C 00000004
FFFFDE44 0000020C 00000004 00000040
00000000 00000000 00000000 00000000
00000000 00000000 00000000 00000000
00000000 00000000 00000000 00000000
00000000 00000000 00000000 00000000
00000000 00000000 00000000 00000000
00000000 00000000 00000000 00000000
00000000 00000000 00000000 00000000
00000000 00000000 00000000 00000000
00000000 00000000 00000000 00000000
00000000 00000000 00000000 00000000
00000000 00000000 00000000 00000000
00000000 00000000 00000000 00000000
00000000 00000000 00000000 00000000
00000000 00000000 00000000 00000000
00000000 00000000 00000000 00000000
00000000 00000000 00000000 00000000
00000000 00000000 00000000 00000000
00000000 00000000 00000000 00000000
00000000 00000000 00000000 00000000
00000000 00000000 00000000 00000000
00000000 00000000 00000000 00000000
00000000 00000000 00000000 00000000
00000000 00000000 00000000 00000000
00000000 00000000 00000000 00000000
00000000 00000000 00000000 00000000
00000000 00000000 00000000 00000000
00000000 00000000 00000000 00000000
00000000 00000000 00000000 00000000
00000000 00000000 00000000 00000000
00000000 00000000 00000000 00000000
00000000 00000000 00000000 00000000
00000000 00000000 00000000 00000000
00000040 3940F8D1 395484BE 3944D0F8
3952DFC5 3969F9E3 399ABDED 39870FD4
3949E046 3962E420 3933F63B 39975C98
3938461E 392A55C5 39729F79 39C142E7
39309597 3984A86C 39184875 397B05A3
390FC771 3991C910 391BE5B0 392E7B36
39A587A3 39745D60 395D8ADE 3948578F
394F23DF 393B7D63 3938FB86 393DE879
39667075 398860CA 396C122D 3968724F
3980C622 39393B6D 3947C434 39569DDE
3966A4D1 394DDF44 39721A78 396FD38B
393A698D 398021B3 39581443 3951A65C
3965CF8B 392161FB 393C0433 3945AD96
394BB11F 3965DB02 3980AB84 393745DE
395EB1DC 3945BC7E 39316EDF 395A2465
397A61D7 394F94FE 39661420 3940927B
394001F5 000000E0 636E7566 6E6F6974
315F6C61 7463612F 74617669 5F6E6F69
65522F34 663B756C 74636E75 616E6F69
2F315F6C 63746162 6F6E5F68 6C616D72
74617A69 5F6E6F69 75462F34 42646573
68637461 6D726F4E 663B3356 74636E75
616E6F69 2F315F6C 766E6F63 325F6432
6169422F 64644173 6165522F 72615664
6C626169 2F704F65 6F736572 65637275
6E75663B 6F697463 5F6C616E 6F632F31
6432766E 422F325F 41736169 663B6464
74636E75 616E6F69 2F315F6C 766E6F63
345F6432 6E6F432F 3B443276 636E7566
6E6F6974 315F6C61 6E6F632F 5F643276
6F432F32 4432766E 00000000 00000001
00000040 FFFFE26E 09000000 00000620
00000009 00000530 00000004 FFFFF152
00000420 00000318 00000210 00000008
00000003 00000040 00000000 00000000
00000000 00000000 00000000 00000000
00000000 00000000 00000000 00000000
00000000 00000000 00000000 00000000
00000000 00000000 00000000 00000000
00000000 00000000 00000000 00000000
00000000 00000000 00000000 00000000
00000000 00000000 00000000 00000000
00000000 00000000 00000000 00000000
00000000 00000000 00000000 00000000
00000000 00000000 00000000 00000000
00000000 00000000 00000000 00000000
00000000 00000000 00000000 00000000
00000000 00000000 00000000 00000000
00000000 00000000 00000000 00000000
00000000 00000000 00000000 00000000
00000000 00000000 00000000 00000000
00000000 00000000 00000000 00000000
00000000 00000000 00000000 00000000
00000000 00000000 00000000 00000000
00000000 00000000 00000000 00000000
00000000 00000000 00000000 00000000
00000000 00000000 00000000 00000000
00000000 00000000 00000000 00000000
00000000 00000000 00000000 00000000
00000000 00000000 00000000 00000000
00000000 00000000 00000000 00000000
00000000 00000000 00000000 00000000
00000000 00000000 00000000 00000000
00000000 00000000 00000000 00000000
00000000 00000000 00000000 00000000
00000000 00000000 00000000 00000000
00000000 00000000 00000040 3BD5A620
3BD3BD0A 3C5319EB 3C17AEC1 3BD859E7
3C6A466B 3BC1B63F 3BB821D5 3C4A6E26
3BD8A82E 3BF341F3 3BF4C499 3BE76F51
3BDFE970 3C10F16A 3C0DF792 3BFE5DF1
3C01693B 3BD85554 3BB0CBF3 3B997173
3C9765BE 3BE8C594 3BDAB447 3BFED83D
3C19828B 3BFEDDFE 3BBE2AEC 3BE6C6DE
3C09EED9 3BB20EF5 3BD6EDC5 3C8793C4
3BE349A1 3BD5B796 3C370E18 3BA016A2
3BB15D04 3BFFE35E 3BA515C5 3C0EFDF0
3C29C041 3C044DA7 3B88E78B 3BCC6FF8
3C16109D 3C31012A 3BD2232F 3BE83DC2
3BC08CB4 3C38128B 3C57C85D 3C06A678
3BE037BD 3BBBFA84 3BEA95CE 3C1FD66C
3C1AA5CC 3C20E77F 3BF40B5C 3BF33742
3BF05226 3BD9E9D0 3BF51E0F 00000040
3F53FAD4 3ED4BEAB 3FD173B7 3F967F63
3F56A933 3ECF4656 3F4032D3 3F2A9E13
3FC8D94A 3F147517 3F715B6F 3F4E27FD
3F65A072 3F5E299D 3F8FCF87 3F8CDBA3
3F7C6135 3F806669 3F56A4A9 3D7476D2
3F183E90 BD9DC285 3F4ADA58 3F03C6CB
3F7CDA8D 3F984F86 3F561CA2 3F3CAE96
3F64F950 3F88DAFB 3F2921AC 3F553FE9
4006849C 3F1734FE 3F3C1319 3FB59FFC
3DF75184 3F2FFA4A 3F7DE397 3F23CB99
3F8DDFF4 3F8461B3 BE6AF9E2 3F07D5BC
BDA9A66B 3F94E47C 3FAF9F28 3F507EE9
3F602B9C 3F3F0B9B 3F7DC35B 3F8C0160
3ED35F31 3D884DCF 3E9C2A79 3F68C0A2
3F9E96BF 3F374242 3F8AA9AC BD92660F
3F7150D3 3EDFFD3D 3F5835FC 3F0706D8
00000040 BD9C6663 BF521590 BF6EEF49
BF22AC59 BF3AF662 BFE871DE BED1BCB2
BF36B191 BEB0AE3B BF56F6DE BEFDF78D
BF72DB10 BF45C39A BDB26E92 BF867553
BF519135 BEDD6A0C 3E76AA41 BE9E02CC
BF2F6A5B BEF3EC2E C01636F3 BF66F409
BF58FEDE BF794EC4 BEA4112E BF7CE042
BF05D4DF BEBA927D BF1463C4 BF30AAD7
BEFA0C23 BF987C19 BF61830E BF540C27
BF1A93AB BF1ED675 BF011F79 BF42F546
BE93BF61 BF78256F BFA86CC0 BF83450C
BF017AE8 BF4AD718 BF2670E7 BF7D2D0A
BE85102E BF666D46 BE832806 BFB6A266
BFD618CC BF85992B BF5E774E BF3A828F
BF255199 BE98AC7B BF997080 BF9FA5B0
BF722345 BEB490DC BF6E7182 BF063515
BF7333D3 000000E2 636E7566 6E6F6974
315F6C61 7461622F 6E5F6863 616D726F
617A696C 6E6F6974 462F335F 64657375
63746142 726F4E68 3B33566D 636E7566
6E6F6974 315F6C61 7065642F 69776874
635F6573 32766E6F 2F315F64 74706564
73697768 75663B65 6974636E 6C616E6F
642F315F 68747065 65736977 6E6F635F
5F643276 69422F31 64417361 75663B64
6974636E 6C616E6F 632F315F 32766E6F
2F345F64 766E6F43 663B4432 74636E75
616E6F69 2F315F6C 74706564 73697768
6F635F65 6432766E 422F315F 41736169
522F6464 56646165 61697261 4F656C62
65722F70 72756F73 00006563 00000004
00000001 00000003 00000003 00000040
FFFFE8AA 02000000 00000430 00000008
00000320 00000004 FFFFE89C 00000210
00000004 00000040 00000000 00000000
00000000 00000000 00000000 00000000
00000000 00000000 00000000 00000000
00000000 00000000 00000000 00000000
00000000 00000000 00000000 00000000
00000000 00000000 00000000 00000000
00000000 00000000 00000000 00000000
00000000 00000000 00000000 00000000
00000000 00000000 00000000 00000000
00000000 00000000 00000000 00000000
00000000 00000000 00000000 00000000
00000000 00000000 00000000 00000000
00000000 00000000 00000000 00000000
00000000 00000000 00000000 00000000
00000000 00000000 00000000 00000000
00000000 00000000 00000000 00000000
00000000 00000000 00000000 00000000
00000000 00000000 00000000 00000000
00000000 00000000 00000000 00000000
00000000 00000000 00000000 00000000
00000000 00000000 00000000 00000000
00000000 00000000 00000000 00000000
00000000 00000000 00000000 00000000
00000000 00000000 00000000 00000000
00000000 00000000 00000000 00000000
00000000 00000000 00000000 00000000
00000000 00000000 00000000 00000000
00000000 00000000 00000000 00000000
00000000 00000000 00000000 00000000
00000000 00000000 00000000 00000000
00000000 00000000 00000000 00000000
00000000 00000000 00000000 00000000
00000000 00000000 00000000 00000040
39CD30D9 39CB5B1F 3A4ABE76 3A11AD7D
39CFC93D 3A610019 39BA0B06 39B0D7B3
3A426A91 39D0146A 39E9A098 39EB13EF
39DE45C8 39D70C26 3A0B3474 3A0858C5
39F44BFF 39F8935D 39CFC4D8 39A9CC29
39935E57 3A91675E 39DF8E7F 39D20BC4
39F4C173 3A136EC2 39F4C6FA 39B6A39F
39DDA400 3A0478EE 39AB0261 39CE6B85
3A8235B9 39DA4A20 39CD419E 3A2FCEE0
3999C02D 39AA577C 39F5C201 399E8CAD
3A0954C0 3A2307DF 39FE2195 39837C0D
39C4580C 3A101FBE 3A29FF44 39C9D17E
39DF0C0D 39B8ED43 3A30C904 3A4F3D76
3A0151D2 39D75759 39B48966 39E14C58
3A198282 3A14867B 3A1A88C5 39EA6208
39E99653 39E6CE8E 39D14951 39EB69DB
00000101 636E7566 6E6F6974 315F6C61
7463612F 74617669 5F6E6F69 65522F33
663B756C 74636E75 616E6F69 2F315F6C
63746162 6F6E5F68 6C616D72 74617A69
5F6E6F69 75462F33 42646573 68637461
6D726F4E 663B3356 74636E75 616E6F69
2F315F6C 74706564 73697768 6F635F65
6432766E 642F315F 68747065 65736977
6E75663B 6F697463 5F6C616E 65642F31
77687470 5F657369 766E6F63 315F6432
6169422F 64644173 6E75663B 6F697463
5F6C616E 6F632F31 6432766E 432F345F
32766E6F 75663B44 6974636E 6C616E6F
642F315F 68747065 65736977 6E6F635F
5F643276 69422F31 64417361 65522F64
61566461 62616972 704F656C 7365722F
6372756F 00000065 00000001 00000040
FFFFECEA 02000000 00000410 00000007
00000320 00000004 FFFFECDC 00000210
00000004 00000040 00000000 00000000
00000000 00000000 00000000 00000000
00000000 00000000 00000000 00000000
00000000 00000000 00000000 00000000
00000000 00000000 00000000 00000000
00000000 00000000 00000000 00000000
00000000 00000000 00000000 00000000
00000000 00000000 00000000 00000000
00000000 00000000 00000000 00000000
00000000 00000000 00000000 00000000
00000000 00000000 00000000 00000000
00000000 00000000 00000000 00000000
00000000 00000000 00000000 00000000
00000000 00000000 00000000 00000000
00000000 00000000 00000000 00000000
00000000 00000000 00000000 00000000
00000000 00000000 00000000 00000000
00000000 00000000 00000000 00000000
00000000 00000000 00000000 00000000
00000000 00000000 00000000 00000000
00000000 00000000 00000000 00000000
00000000 00000000 00000000 00000000
00000000 00000000 00000000 00000000
00000000 00000000 00000000 00000000
00000000 00000000 00000000 00000000
00000000 00000000 00000000 00000000
00000000 00000000 00000000 00000000
00000000 00000000 00000000 00000000
00000000 00000000 00000000 00000000
00000000 00000000 00000000 00000000
00000000 00000000 00000000 00000000
00000000 00000000 00000000 00000000
00000000 00000000 00000000 00000040
3948B3B9 39A06096 3981E24A 394959AB
39A0B2ED 39507628 392D4894 398EB56F
3984532A 39A9594A 39917426 39807407
39B4B006 39862BB8 398DD04E 3973CE21
3954D666 3983C2EC 39A0FD0A 397B06C7
39870F60 3981FE71 39CD64E2 39908E8D
39712981 39933522 39515188 39618B58
396FE6B1 3992271B 39A10761 399EF19E
397E0402 3969B8F5 39AE86EA 398EDD9B
398F9407 39A7DC32 39A483F7 3978344A
39B2F5FA 39A16D25 39857316 39ABC56A
39965345 3988C00E 392A1F01 399A56E8
39477BC6 3986EC7E 3984F8A8 39748916
39675413 39A156B9 39A316C5 3998E903
392F3AC8 397D5347 3975F7C0 39473684
3993E74E 395CF42D 3989FCE7 398D0872
000000E0 636E7566 6E6F6974 315F6C61
7463612F 74617669 5F6E6F69 65522F32
663B756C 74636E75 616E6F69 2F315F6C
63746162 6F6E5F68 6C616D72 74617A69
5F6E6F69 75462F32 42646573 68637461
6D726F4E 663B3356 74636E75 616E6F69
2F315F6C 766E6F63 315F6432 6169422F
64644173 6165522F 72615664 6C626169
2F704F65 6F736572 65637275 6E75663B
6F697463 5F6C616E 6F632F31 6432766E
422F315F 41736169 663B6464 74636E75
616E6F69 2F315F6C 766E6F63 345F6432
6E6F432F 3B443276 636E7566 6E6F6974
315F6C61 6E6F632F 5F643276 6F432F31
4432766E 00000000 00000001 00000040
000E0000 0008001A 000C0007 00140010
0000000E 09000000 00000634 00000006
00000548 00000018 00120000 00040018
000C0008 00000010 00140000 00000012
00000424 0000031C 00000214 00000008
00000003 00000040 00000000 00000000
00000000 00000000 00000000 00000000
00000000 00000000 00000000 00000000
00000000 00000000 00000000 00000000
00000000 00000000 00000000 00000000
00000000 00000000 00000000 00000000
00000000 00000000 00000000 00000000
00000000 00000000 00000000 00000000
00000000 00000000 00000000 00000000
00000000 00000000 00000000 00000000
00000000 00000000 00000000 00000000
00000000 00000000 00000000 00000000
00000000 00000000 00000000 00000000
00000000 00000000 00000000 00000000
00000000 00000000 00000000 00000000
00000000 00000000 00000000 00000000
00000000 00000000 00000000 00000000
00000000 00000000 00000000 00000000
00000000 00000000 00000000 00000000
00000000 00000000 00000000 00000000
00000000 00000000 00000000 00000000
00000000 00000000 00000000 00000000
00000000 00000000 00000000 00000000
00000000 00000000 00000000 00000000
00000000 00000000 00000000 00000000
00000000 00000000 00000000 00000000
00000000 00000000 00000000 00000000
00000000 00000000 00000000 00000000
00000000 00000000 00000000 00000000
00000000 00000000 00000000 00000000
00000000 00000000 00000000 00000000
00000000 00000000 00000000 00000000
00000000 00000000 00000000 00000040
3C0C1BAC 3BA97EF0 3C179754 3C52B6EB
3C39B2F9 3C6A2149 3C1FC54A 3BC29202
3C226448 3BAD7884 3C1B1936 3C36EC55
3C337494 3C3F9298 3BF75393 3C08247D
3C0FAADA 3C6C2207 3C552C6E 3C601B9B
3C7F1CCE 3BEA913D 3CA371A5 3C11BEE0
3C73C35D 3BAFCA91 3C16E6F7 3C66687F
3C488D2D 3C5C71AC 3C079E5F 3BC12EDE
3C1E9708 3C2DE4AB 3C1688A3 3C2BA688
3C085780 3B95A647 3C4F29BB 3C35545F
3C9C31AB 3C4AD0A2 3C86543E 3C2EE465
3C036353 3C106DB4 3BFDAB19 3BB3CD7C
3C87477F 3C274EB9 3C28794D 3CB78D8D
3C38000C 3BF61367 3BD8D57A 3BD7B7A4
3C483192 3BF97748 3C8D0452 3C55806A
3C2490D4 3BD63FDA 3C40BFFD 3C61F829
00000040 3F016C24 3F010486 3E95D45D
3FD1117D 3FB83F93 3FE84D06 3F9E85BF
3EA28F00 3FA11F7F 3F176CA0 3F99E304
3FB57E7C 3F944133 3F13C22D 3F7564EC
3F871434 3F856AED 3F3AD9CB 3FD38215
3FDE5B64 3F81F47B 3EA93C4B 40222AC2
3F909B62 3EDFEC11 3F21524B 3EDDDCB2
3FAD5542 3FC6FC13 3FDAB8C9 3F868F22
3ECFF481 3F9D59DA 3FAC88E2 3F69A36D
3F35632B 3F8746D1 3F0E8BD3 3E214644
3FB3E9B6 3FB7FD1E 3FC93B01 40054796
3EC11B4C 3F825C8C 3F8F4CD9 3EC5AEE2
3F3265E1 400638F0 3F9A3E22 3FA7285A
40361E72 3FB6900C 3EF40A1C 3F5723CF
3F48FFE1 3FC6A12F 3F1B6B08 400BEA49
3D47DF0F 3F5056C9 3F0D80EF 3FBF3E7D
3FE03439 00000040 BF8B0375 BF282BF2
BF966825 BF838142 BF1F2E96 BF248674
BF3752D7 BF410CDE BF5FD2AD BF2C1D93
BF817BE8 BF473F03 BFB20DAB BFBE1373
BF1C5ED6 BF523B33 BF8E8B84 BFEA49C3
BF808BF4 BF8BC9C2 BFFD1E94 BF68BC1B
BF56D244 BEF36740 BFF1DBD6 BF2E6AFC
BF95B929 BFE49BAE BF60506A BF2AB9C7
BF0FA5D9 BF3FAC80 BF25203C BE787B44
BF955B92 BFAA4F3B BF7AAAD8 BF147AFA
BFCD8B68 BF46C21D C01AF948 BFA85259
BF527D35 BFAD869C BF569627 BF884F17
BF7BAFC3 BF14B1B7 BFD77AE9 BFA6001C
BFA053D4 BFEEB2B4 BF63E583 BF742740
BF3AB729 BF560835 BF950FFE BF778459
BF836E69 BFD3D569 BFA347B2 BF54935A
BF5D2968 BF7F5174 000000DC 636E7566
6E6F6974 315F6C61 7461622F 6E5F6863
616D726F 617A696C 6E6F6974 462F315F
64657375 63746142 726F4E68 3B33566D
636E7566 6E6F6974 315F6C61 7065642F
69776874 635F6573 32766E6F 65642F64
77687470 3B657369 636E7566 6E6F6974
315F6C61 7065642F 69776874 635F6573
32766E6F 69422F64 64417361 75663B64
6974636E 6C616E6F 632F315F 32766E6F
2F345F64 766E6F43 663B4432 74636E75
616E6F69 2F315F6C 74706564 73697768
6F635F65 6432766E 6169422F 64644173
6165522F 72615664 6C626169 2F704F65
6F736572 65637275 00000000 00000004
00000001 00000003 00000003 00000040
FFFFF76A 02000000 00000428 00000005
00000320 00000004 FFFFF75C 00000210
00000004 00000040 00000000 00000000
00000000 00000000 00000000 00000000
00000000 00000000 00000000 00000000
00000000 00000000 00000000 00000000
00000000 00000000 00000000 00000000
00000000 00000000 00000000 00000000
00000000 00000000 00000000 00000000
00000000 00000000 00000000 00000000
00000000 00000000 00000000 00000000
00000000 00000000 00000000 00000000
00000000 00000000 00000000 00000000
00000000 00000000 00000000 00000000
00000000 00000000 00000000 00000000
00000000 00000000 00000000 00000000
00000000 00000000 00000000 00000000
00000000 00000000 00000000 00000000
00000000 00000000 00000000 00000000
00000000 00000000 00000000 00000000
00000000 00000000 00000000 00000000
00000000 00000000 00000000 00000000
00000000 00000000 00000000 00000000
00000000 00000000 00000000 00000000
00000000 00000000 00000000 00000000
00000000 00000000 00000000 00000000
00000000 00000000 00000000 00000000
00000000 00000000 00000000 00000000
00000000 00000000 00000000 00000000
00000000 00000000 00000000 00000000
00000000 00000000 00000000 00000000
00000000 00000000 00000000 00000000
00000000 00000000 00000000 00000000
00000000 00000000 00000000 00000000
00000000 00000000 00000000 00000040
3A307B26 39D57F80 3A3EF1F5 3A84B56C
3A69E864 3A9374B1 3A493F86 39F51501
3A4C8CB6 39DA8140 3A435CF0 3A666944
3A620B0B 3A714E5D 3A1BC45A 3A2B7C6A
3A34F6E0 3A94B79F 3A8641E4 3A8D24D2
3AA0ABB1 3A13BB34 3ACDE000 3A379504
3A9985D6 39DD6D85 3A3E13CF 3A911CA0
3A7C9DAC 3A8AD61B 3A2AD37B 39F355AA
3A47C2CC 3A5B097A 3A3D9CFE 3A58364B
3A2BBCAC 39BC7FDE 3A8278D0 3A646765
3AC4BE34 3A7F778F 3AA933A6 3A5C4B98
3A257F45 3A35EC50 3A1FC2DA 39E27B08
3AAA660E 3A52BDDA 3A5435F1 3AE73456
3A67C48F 3A1AFAB4 3A08900B 3A07DC06
3A7C2A49 3A1D1D4C 3AB1A031 3A8676C9
3A4F49BD 3A06EF5A 3A72CA00 3A8E50F5
000000FB 636E7566 6E6F6974 315F6C61
7463612F 74617669 5F6E6F69 65522F31
663B756C 74636E75 616E6F69 2F315F6C
63746162 6F6E5F68 6C616D72 74617A69
5F6E6F69 75462F31 42646573 68637461
6D726F4E 663B3356 74636E75 616E6F69
2F315F6C 74706564 73697768 6F635F65
6432766E 7065642F 69776874 663B6573
74636E75 616E6F69 2F315F6C 74706564
73697768 6F635F65 6432766E 6169422F
64644173 6E75663B 6F697463 5F6C616E
6F632F31 6432766E 432F345F 32766E6F
75663B44 6974636E 6C616E6F 642F315F
68747065 65736977 6E6F635F 2F643276
73616942 2F646441 64616552 69726156
656C6261 722F704F 756F7365 00656372
00000001 00000040 FFFFFBA2 02000000
00000404 00000004 00000320 00000004
FFFFFB94 00000210 00000004 00000040
00000000 00000000 00000000 00000000
00000000 00000000 00000000 00000000
00000000 00000000 00000000 00000000
00000000 00000000 00000000 00000000
00000000 00000000 00000000 00000000
00000000 00000000 00000000 00000000
00000000 00000000 00000000 00000000
00000000 00000000 00000000 00000000
00000000 00000000 00000000 00000000
00000000 00000000 00000000 00000000
00000000 00000000 00000000 00000000
00000000 00000000 00000000 00000000
00000000 00000000 00000000 00000000
00000000 00000000 00000000 00000000
00000000 00000000 00000000 00000000
00000000 00000000 00000000 00000000
00000000 00000000 00000000 00000000
00000000 00000000 00000000 00000000
00000000 00000000 00000000 00000000
00000000 00000000 00000000 00000000
00000000 00000000 00000000 00000000
00000000 00000000 00000000 00000000
00000000 00000000 00000000 00000000
00000000 00000000 00000000 00000000
00000000 00000000 00000000 00000000
00000000 00000000 00000000 00000000
00000000 00000000 00000000 00000000
00000000 00000000 00000000 00000000
00000000 00000000 00000000 00000000
00000000 00000000 00000000 00000000
00000000 00000000 00000000 00000000
00000000 00000000 00000000 00000000
00000000 00000040 3A4C23EE 39E2DF1B
3990A655 39A2DB69 3989A24B 39F0047D
3A746837 39CF9043 39A17FFF 3925BA01
3A11EF41 39A63918 3A2D16CB 39BAF9C1
39D29FD1 396C5114 3A7247FE 394303E4
3973728C 39A4F0B4 3989DCF0 3A134D4F
39822F66 3A906322 3978EC8A 39DF3147
39914EF4 39F7A213 3A1ADD90 3A25B215
39B5EAC4 3A12C933 39D483F1 39A72C97
39ECD8E0 39CED109 3A45184F 3988BB8B
39428644 397B82E7 396AD509 39B4D24B
39A48D39 3A9B052D 3A35E6CD 3A3AABBB
39CBF030 39A13787 39E43FD4 3A6EEAE0
39E203FB 3A19FF69 3A1B4DA4 397BDAF7
39EDEDCE 3A89FB49 397CE628 39C0F539
39F62B8B 39817AE6 39BC292C 39969F68
3A0B6F72 397CB9DF 000000D6 636E7566
6E6F6974 315F6C61 7463612F 74617669
2F6E6F69 756C6552 6E75663B 6F697463
5F6C616E 61622F31 5F686374 6D726F6E
7A696C61 6F697461 75462F6E 42646573
68637461 6D726F4E 663B3356 74636E75
616E6F69 2F315F6C 766E6F63 422F6432
41736169 522F6464 56646165 61697261
4F656C62 65722F70 72756F73 663B6563
74636E75 616E6F69 2F315F6C 766E6F63
422F6432 41736169 663B6464 74636E75
616E6F69 2F315F6C 766E6F63 345F6432
6E6F432F 3B443276 636E7566 6E6F6974
315F6C61 6E6F632F 2F643276 766E6F43
00004432 00000001 00000040 FFFFFFB6
02000000 00000038 00000003 00000010
00000008 00040004 00000004 0000001A
636E7566 6E6F6974 315F6C61 616C662F
6E657474 6E6F432F 00007473 00000001
00000002 000E0000 00080018 000C0007
00140010 0000000E 02000000 00000074
00000002 00000034 00000010 000C000C
00000000 00080004 0000000C 00000014
00000004 00000001 00000000 00000000
00000001 3A306195 00000032 636E7566
6E6F6974 315F6C61 6E65642F 422F6573
41736169 522F6464 56646165 61697261
4F656C62 65722F70 72756F73 00006563
00000001 0000000C 001C0014 00070008
0010000C 00000014 00180000 00000014
09000000 00000078 00000001 00000064
00000028 00000004 00000004 FFFFFFFF
00000031 0000000A 00000001 0014000C
00080004 0010000C 0000000C 0000002C
00000020 00000014 00000004 00000001
00000053 00000000 00000001 3F15AF17
00000001 41CC3C70 00000001 C2F723B3
00000007 75706E69 00315F74 00000004
00000001 00000031 0000000A 00000001
00000006 00000070 00000054 00000038
0000002C 00000014 00000004 FFFFFFB2
19000000 00000002 FFFFFFD6 09000000
00000004 00060000 00070008 00000006
16000000 FFFFFFF2 01000000 00000002
000A0000 0007000E 00080000 0000000A
04000000 00000003 000A0000 0007000C
00080000 0000000A 03000000 00000003
00000000 00000000 00004B60 00004C54
00004B64 00004C5C 00004B74 00004B88
00004BB0 00004BC0 00004BD0 00004BE0
00004C0C 00004098 00004B58 00004C70
00004C84 000072FC 00004C40 00004C4C
00000000 00000000 00004CE0 00004CF0
00004DF0 00004DFC 00000000 00000000
00005AD8 000059D8 00004D0C 00004D98
00004DA8 00004DB8 00004DC8 00004CF8
00004CF4 00004DF4 00004F98 00005CF0
00004E50 00004DD8 00005918 00005098
00004E04 6C66664F 4D656E69 726F6D65
6C6C4179 7461636F 006E6F69 00000000
00000000 00007568 0000760C 00007914
00007CBC 00007DB0 00007D38 0000756C
00007C80 00007560 00007614 00007A44
00007734 00007824 00007F94 00008104
00000000 00000000 000084C8 000084D4
000084CC 00000000 00000000 00008594
000085EC 00008598 000085F4 00008A9C
000085E4 00008B40 00008510 00008508
00008B3C 00000000 00000000 00008BB0
00008C54 00008BB4 00004CD0 00008BF8
00008C08 00008C18 00004CD8 00008BA8
00008BA4 00008D60 00008D84 00008DA4
00008D84 00008D74 00008DB0 00008D74
00008D60 00008D94 00008D60 00000000
00000000 00008FA4 00009018 000090A8
00008FA8 00008FC4 000091DC 0000941C
00009020 000092AC 00008FE0 00009344
00008FE8 00009174 00009124 00009008
FFFFFFFC 00000000 000091BC 000091D0
0000925C 000091C0 6E6B6E55 206E776F
65707974 00000000 59544F4E 00004550
00000000 414F4C46 00323354 33544E49
00000032 544E4955 00000038 36544E49
00000034 49525453 0000474E 4C4F4F42
00000000 31544E49 00000036 504D4F43
3658454C 00000034 38544E49 00000000
414F4C46 00363154 414F4C46 00343654
504D4F43 3158454C 00003832 544E4955
00003436 4F534552 45435255 00000000
49524156 00544E41 544E4955 00003233
544E4955 00003631 34544E49 00000000
4F4C4642 36315441 00000000 32544E49
00000000 544E4955 00000034 2000E848
2000E854 2000E85C 2000E864 2000E86C
2000E874 2000E87C 2000E884 2000E88C
2000E898 2000E8A0 2000E8A8 2000E8B0
2000E8BC 2000E8C4 2000E8D0 2000E8D8
2000E8E0 2000E8E8 2000E8F0 2000E8FC
2000E904 00013288 00013270 00013348
0001327C 00013354 000132AC 000132C4
000132B8 000132F4 00013324 00013318
0001330C 00013300 00013330 000132DC
000132D0 000132E8 0001333C 00013260
000132A0 00013294 00000000 00000000
00000002 00000001 00000000 7F7FFFFF
40C00000 FF7FFFFF BF800000 3F800000
3CA00000 41200000 3C200000 47000000
3F000000 C7000000 46FFFE00 3B000000
3A800000 38000000 3303126F 37800000
3283126F 3B800000 CF000000 4F000000
7F800000 42B17217 C2CFF1B5 10000000
70000000 3FB8AA3B 3F317180 3717F7D1
3331BB4C 35DDEA0E 388AB355 3B360B61
3E2AAAAB 7149F2CA 40000000 0D800000
00000000 00000002 00000001 00000000
00000000 00000002 00000001 00000000
00000000 00000000 A0B5ED8D 3EB0C6F7
00140014 3F240014 47AE147B 3F947AE1
00000000 41E00000 00000000 3FF00000
00000000 7FF80000 00000000 7FF00000
00000000 FFF00000 FFC00000 41DFFFFF
8800759C 7E37E43C 00000000 43500000
3717F7D1 B717F7D1 3F317180 BF317180
3F000000 BF000000
