@00000400
7FFFEEFF 67F5FFDF FBF7FFF5 5FBCD7FD
FBBFDFBF EC6D7B7F 7EB7BFA7 FEFFFFDC
BBFFFDFF FFBFBFFE E6AFD3F7 F7DD9DFF
BB7FFB67 7FFDFFEF AD9F7EF7 F8FEFDFE
FFFEFEDB BEFFDAEF F6973DF7 5EEFFB7D
BFDF6EFD FF7BFFFF FF7DF7FE FFF7AEBF
F7FDFDFD BFBFBF1F 70FEFBFF 7FFEEFFF
3F3FA7DF FF9FFD9F 77FBFFFA 9F67FFF7
0205020A 02100208 021200F2 01EB020B
020401F6 01FE0212 020C01F6 01EA0201
020C0213 02140202 02110209 02040208
021601F6 01F60202 01F10203 01F80204
020C0211 020301F7 0201020C 01EF01FB
02070202 01F70206 020701FD 020301E8
01EF0203 020901EF 020A0201 01F90206
020301FD 020801E4 01F401D9 020E01F7
020501F0 020901F6 01F60205 02070212
01E90209 01FF0211 01FE0208 01F501FD
020801FC 022201FB 021001E9 02070210
020E01FF 020501FE 01FE0206 01F201E3
0202020C 02060200 01F60202 020901F7
016201EE 01FE0208 01F001F8 01F601FC
01F801FB 01F701F5 020B020B 01F30219
020801F6 01E70213 020001F5 01EB01FD
01F4020D 020001E1 01F901FE 02140268
021701EE 020B01FD 01ED01FD 01FC01F6
02170202 01F70204 01FD0209 01F4021B
01FF01FE 02090205 02000216 01FB01EF
020A0206 02010200 020D01FA 020001FF
01FF0208 01F101FA 01F90201 01D0020A
01EB01FC 020501E9 01FC0202 02060202
021001E4 020701FD 01F10203 0200020F
02070215 02F30210 0203021A 020201F9
01F201F3 020A0212 01F601E6 01FB0219
01FB01FA 020B0205 01EC01F4 0213022D
022D01ED 01FF01F3 021101F0 01EF0206
02210217 021401F5 01F90201 01EA0201
01FC0202 01FF01FF 0200020C 01F0020B
02000248 020B01F4 01F801FE 020501FB
01ED01F6 020701FF 01FE01F6 02040213
02050204 0210020D 02000210 01EE01F5
02100205 020001F9 01F501FC 020701FE
01FD01FF 02000204 0202021C 020101EF
020001F1 02050205 01F901FF 020501FE
01FA01F3 01E3020A 0201020E 021E01EE
01F701F4 02000214 020801FF 01F90209
01FD0204 02000218 020D020B 020201F1
01F90210 021801FF 02020204 01FB0206
01F4020B 01FA01F9 020D01E7 01F60221
020301FE 02030000 02140209 01F501FD
020001FF 01F601FA 01F90214 02050210
02070211 01F70209 020801F7 020E0208
0200020D 02050213 020401F8 02070203
01FA020A 020A01FD 01F301FB 02010202
021201F4 02060203 020D0201 02040200
01E901D7 02020204 01F80206 01F10174
01FF020D 01FA01FB 02070208 01EC020B
01FE01FA 020101FC 02080323 020C020B
01FB0202 02010214 01FE01FF 01F701F1
02080271 01FC01F8 01F801FE 01F9027A
02050200 0202020F 01FD021D 020701F9
020D01F3 01FF0202 01F20210 02030207
02090200 020F0205 02100000 01EC01FD
01FB020A 028B0208 01F601FE 04010205
02160202 02110202 01FC01F9 020B01FD
020801FD 01F301F0 01E901FF 0206020D
020E0204 01F601FC 01EF0200 01F901F9
020601F6 01FD0210 0201025C 01F70205
01FA021E 0208020E 01F601FD 020901FE
01FC01FE 020501FD 01F801FD 02080202
02010201 01FF01FB 01EA01FF 01F801F9
000001F8 01F10218 020D01F9 020401FF
020E01F9 02110201 01F90204 01F801FE
020001F5 020201FF 01FB01FD 01FE01FB
01FF0219 01FD0204 0203020D 01F60401
01F30208 021E01F8 01FE01E4 020401F3
01E701FC 01FD0217 020A01F1 020001EB
01F60212 01FF020A 01B701EF 01E101F8
020801FB 01FF020D 020B0203 020801EF
01F601F6 01FF020E 01FD0200 0204020F
020201F1 020001FE 01FC01FF 01EC01FC
01EF01F7 01FC01FE 01FF0212 01FA0212
020101F4 0201020C 020A01F8 01F101FB
01FD01FD 0214020B 020F01E9 020F01FA
01A601FB 021001FE 02060206 0205020D
01FF01F5 000001FE 01EE0209 020A0212
01FF01FB 02030215 01EF021B 01F8020B
020F0210 020E0200 020001F8 020A01F9
020701F3 020701FF 020301FF 020001EB
01F301F8 02070211 01E701F7 01FF01EA
02010200 020B0201 020001FB 02040201
02030213 01FC0202 01F00212 01FB0207
01F70210 021B0200 020701FF 0207020B
020A01F7 020801FC 021C0210 021401FC
02080216 01F60204 01E30200 0208024E
020E01F7 020C0202 02070201 01FD0200
01F601F8 01FD0200 020501FE 01F80203
0207020A 02010207 020E0200 020C01E8
0367020C 0209020C 020E0201 01C001F1
020B0401 01A301EE 0207020A 020B0203
02000201 02170201 01FD01F6 02020203
020501F6 02070218 01FD01DB 0207020F
01FD01EE 020201F4 01F101DA 020101FD
020901FE 01FF0203 01EC01FC 021401F7
01F60204 01F80203 020101F9 01EB01EE
01CC01F5 02070202 01FD01F6 020201FE
01F10203 020901F7 02050203 020D0203
020B0201 02020203 02080202 01FE0202
0224020D 01FC0200 01ED0205 01F9020B
02080204 01F70210 020701F3 01F50204
020701F9 01E4020A 02030200 02160205
021401F9 020E0200 020B01F9 01EE0223
02010207 01DC021A 02190205 02080206
02080201 01FE01F4 01F20212 020501FA
02130218 01F20213 02150202 01F501FE
020B01F7 0209020A 02060208 01C6020F
02040213 021A0223 01FF01F1 01F201FC
0213020A 02030211 01F201FB 020B0201
01FB0207 02060205 01F00219 02090203
020601F9 020001FA 01EA01FD 01F501F8
01ED01FC 01FB0204 02390203 01F2020A
021E01F1 00000200 02150211 020001FF
01E80200 01F70202 02060202 01F201FF
020D01F6 01F7020B 02050207 01F40200
020B020F 01F70200 01BB020B 020701DE
0202020B 01FA023F 020B0201 01F401D4
020A01ED 021101F8 01F7020F 0205027B
01FB020B 01FD0209 01EF0200 020501F2
021D01EF 01EC020D 021101F8 01E9020B
021001FE 01F20209 02070202 01F10202
01FC0206 01F801FC 021101F8 02080218
01F10204 01EF020D 020001FA 01FF0204
01F40208 020201F2 01FD01FB 020501F4
01FF01FD 021E0201 01E701FC 01F001E3
021B0209 023B01FB 01F901F8 01F80203
01F101FE 0203020A 02120205 021301F8
BF5CF1F1 E7EA5DFF 7D772BF9 DC773ABD
DBDFCB9B EFF7FE3F DCFDFD8F 93FFFEDF
FF670B63 FF3F6B3C BEE5FE57 5BB7BBD7
2872DFED 57BA1BAB 6BBF870F DEDAFFDF
5EACE3DF F2FFE1CB 2EAD16F6 C64CCAF4
D5F57F2F FDCFE7D8 15FFB9D5 5BF7A9BE
DFEFF7F7 8CFF7F5F CA6DC3BB ECD5B5C9
7C7BE7EC ABF0B976 3F73F575 731BFD41
01FF0401 01B70224 02190235 020601F6
01F101E8 02A40167 021301EA 01F4021C
01FC00AC 01F90207 0200020F 025E01F0
020501DF 02440216 038101FF 01F20143
01EA0201 02020201 01F201FB 02030213
01FF01FF 01FA029F 021D0401 01F800B2
01D3020F 01F101CC 02050209 02020218
01D80000 020501F9 01E5019B 02100206
01D201DA 01E801E2 01F5020D 020E01DC
01E90221 021301E1 01F00220 02070013
020501FE 020D01FD 04010222 0000020C
02070217 021A0200 021D01F7 015F0200
014701B6 0218020C 0215021B 02060000
020101F3 020701F9 021001EC 026901FD
02780401 02000114 020201E8 02B70204
04010247 01EE01E1 01F501ED 01FB0202
020401E7 021701FE 040101FF 01EC0000
025201F9 026B0249 01EF0206 01F30213
021D0221 01EB0202 01AD0200 01EA0200
03E00161 01F800CF 02A301ED 02000000
01F6021D 022901EC 020601FF 01B50220
01ED0201 021401FF 020401C2 01740090
020201FB 01FF0205 0204020C 020901F1
020001EE 01EC0203 02020200 01EF01FA
01EF0201 021D0212 0207020B 02D80000
02430215 0220020D 01FF020B 01F801FD
02120204 0207026D 01F60206 00400401
01F80205 02100204 013E01D3 01DA0270
0401016E 018F01F5 01700204 021601FD
01FF01F3 01F60201 01FC01E4 01F20158
01E0034A 020701E8 01FD0203 01EE01FC
01FE01F2 01D001FA 01380201 01FC0270
020601EF 021B01FE 01EA0291 01D001EC
020401F8 01FA01F9 02080204 020001A8
01ED01E5 02F101E7 01FF01D0 01EC021E
020D0206 01F601FF 023A00A5 023601EE
000001AA 021301FA 02040278 021B01D1
01EE01D9 01EA0000 01E301CE 01FD01F0
01E501FD 01B601FB 01A7021A 04010205
02170218 01FF01FB 01FC0230 01FB0209
01DD01FA 0116024C 0200021F 01E50000
01FC01F1 024D01F9 02310218 01F301FA
024D0201 01AB0208 02080401 02050202
020C01FD 02180204 01FE0219 01F70214
02040203 035F0206 01FD01F6 01F901F9
01CA01FA 01E301D3 02070215 001900F3
020601EE 020A01F9 02000249 025601F9
01D6020D 01E20218 01FA01EC 02110286
02090224 022101FF 02000209 00EE020A
02000355 020F01E8 028F01E8 020601FD
021601D3 023B0203 016F0213 01F801F4
04010000 01600209 02050203 01F6021C
022702E2 021A020E 01FD0000 01ED01F8
02100401 01FD0212 01FA0204 01580201
01FA0206 01A60223 01F60207 020401FE
020D0203 01C70207 02E8021A 040101FC
01FB01FF 01F80236 01FD0297 01EF0205
01FA020E 01930207 01FF026F 01C801B6
020501F8 020B01F3 01DC0204 0211027D
02040200 02130200 01E701E6 0209021B
02120202 01EE0218 020D0203 01F301F4
02320208 02040202 021101AC 021401FC
01FB0385 01FC020D 01E10237 021C01F8
01E90205 025101FA 01FF0200 01E80215
0215020A 03F301AD 01FE0206 01E60219
0203020D 020E0224 01FD01A6 02080210
01FD0401 02030215 01DE0171 0218007E
01EB0225 01FF016C 00E101FE 01F501FE
01FC01BC 01F4021F 020201E9 000001FF
020701FD 01FF01FE 01EA0102 0204021F
0284020B 01FA0204 01E90401 016B020C
021701F7 028E0202 03260207 01F7021D
020601FE 01910200 02150213 01770206
020601CD 01FD01EA 01F601E3 02310401
01E10208 02E90217 01FA0207 02060000
01F601F1 01F90213 01EB01DD 01FE01CC
024B01C8 020A01E7 020101F8 02050202
0203020A 021B005F 02460117 01F80269
0161020E 031A02AD 01CF01F2 000001EA
02000207 021301A9 020B01FB 02210224
02F001FF 021501FB 01FF01E3 01DA0184
000001FA 01F60202 023801F8 020001EF
02030218 01FC020C 02030205 021301FD
01E601FA 01F10206 03F40212 01F50209
024C01F3 020A0208 01FA0258 00000000
020D01A3 0205021A 03610212 020F0182
01E70204 01E20209 0213020E 01EA0208
040101E1 02130212 01A20207 021B0201
01FE0200 040101E4 01FF0207 01FB01FD
02030204 02290261 020201D5 01BA0202
020D022F 020F020B 02010202 025601FA
020C02DB 0286023B 01FA0206 020B00EF
02000203 01FC01FE 01FC01F8 020E0401
02160203 020801FF 02800209 01FC0292
01F20260 02060204 01F901F5 020C01E5
02190000 01FE015D 01F901FE 03E40216
00000204 00C00211 024501FD 020600C9
01EC02B8 01BB020B 02020212 01A10275
02010000 01F40216 021101E9 000001EA
0203020B 020F01FE 01F10203 025201BF
01F301E2 02090272 01FA01E5 02E201C7
020701F0 04010209 01EB0233 01FE0212
0215021B 01FC021A 02170103 01F40214
040101F7 02040216 01FE01FE 01EF01D8
01F6021C 01F90204 021B01E9 02820236
020201E3 02FE024D 02D401CB 020401D5
01F00268 01F301FF 021202D2 01FA02AB
01FB0205 02040147 01830201 01F7029A
01F0020C 020201D4 01FA0207 02160203
022F0323 01FC0145 02B00200 01F901EC
0203020E 01E00207 01FD0204 02050135
022C0401 02010205 0222019D 01CB0282
01570210 021201F6 021C01F9 020001F6
02090201 020901F1 01F30200 020201F8
01EF020A 032B0199 01E601FA 01FD0169
020A0204 02150276 01FA021B 01F5020E
021702DB 022501E8 021D0000 01FF020F
02070216 01FC0277 015401FF 01E10201
018401FF 021601D3 020D01EC 01EA01F9
0218020F 01E901ED 01DB020D 01FA01E1
015B01D4 020201CD 00F8021A 0249020B
0285020D 02FA01DC 02040213 01E50220
01EC0213 01A001F4 01F20208 01F601F8
04010259 02040000 0208021B 023C01FE
020301E6 020B01EE 01AB020C 020C01FE
020601FB 020901E7 01EC0209 021B0212
01F102CB 020201F7 015D014A 024801F8
020C01E6 020001F9 01E80211 01FE0201
FFFFFFFF DFFFFFFF EFFFFFBE 7FFFFF9F
FFFFF7FF FFFDF7FE FDFF7F7F FFFFFFFF
FFFFF7FF FFFFDFFF FFFF7FFF FFFFFFF7
FFEEFFFF FFFFFFFF FFFFDFFF FFFFFFFF
F7FFFFFF FBFFFFFF EFFDFDF7 FDFFFFFF
FFFFFFFF FFB7FFFF FFFFFFFF FF7FF7FF
FFEFFBED BFFFB6FD DFEFFFFF F7FFFFFF
FFF77FFF FFFFFFFF FDFDFF7F FDFEFFFF
01800185 018F017B 017F018F 0180019F
019B0176 018F018B 01770189 01A00187
017F0192 017E0189 017D018B 01800185
0181017B 01820171 019E018C 01700174
01880199 0189018B 019201AD 0190018D
01960186 018A018B 01800171 019A0183
017E018E 0178017C 0186018B 01960170
01A901B6 01AA0197 018E018C 019B0193
017C0186 01870190 017C0181 01990187
01770191 019C018F 01880193 017C0185
01810177 019C01AC 01780184 01A00189
0179018C 018001A0 01820183 017D01A0
01870180 01B1016F 01870169 01A20184
01740175 017E019D 0178019E 0186018D
0190017E 01870189 015F019C 0189018A
01700182 018A018A 019C0191 01930182
01810172 01940189 018D019C 018B018C
01850186 01920193 018F0179 01890179
01930196 01800180 019C0186 0180019D
018E0180 018D018A 018C0174 0182016A
0175019A 01880190 01840180 018F018C
018401B0 0175018A 0185019A 01850190
01850180 0169018B 0192018C 01880189
017E0190 01890198 01940181 0185017F
018A019A 018B018E 0172017F 0185017D
01910196 0186017C 01790165 017C01B4
01680187 016D017E 018F0191 018B01B6
0184017C 016A018D 017D017F 017B0190
0182017D 018F017B 0197018C 01830184
01500183 019E016D 01A00198 0183015D
0178018C 01870186 0185019C 0185017C
0184016C 019A0198 01810173 019B018C
01850178 01840170 0196018A 01880190
01930186 01A5018C 0187017C 0189019C
0170018C 01770180 01800192 0181017F
0192018E 01720182 018901AA 0154017D
018F0189 01890183 018D0197 01800178
018E018A 017C017D 01720179 01A30185
01890178 01900181 0194018E 017B0196
0186017B 016D0190 01680180 01810195
01870190 018D0176 01920189 01C10182
01850188 01860181 0190018E 016D018F
018A01A3 01940191 0197018D 0190019D
01940189 01980189 016F01BC 017E0179
01920180 01990179 018D017A 01840184
018B0196 01A90189 0191018D 01B60187
019D0174 018B0197 01930198 018C0184
01AB0198 0185018A 0172018D 019C0173
017D0194 017F0179 01850190 01910173
01870185 019E018D 017A0173 016F018A
019D018A 01750183 018801A2 01910193
01950186 01830193 0190018C 018E0175
017B0197 017B0171 017D017B 01840182
019B018C 0187017C 01910187 017D017D
0190019C 01980181 01850185 019B017E
0182017F 0185018A 018B019F 017C0188
01A10194 019001AD 0175018F 017F0182
01710184 01860186 0182017B 018D0176
018C018A 0190018F 0195017D 01850179
01890186 01960173 017B0181 01880183
018B018B 016F0185 019D0194 0199018B
018D017E 018A0182 01890190 01890188
01970183 0187018A 01980186 0191018A
019A0184 017F017A 018C0180 01940179
019D017D 0188018C 018B0195 01820176
017A0179 01880176 019501A3 01670184
01B20184 01980190 01790186 018A0186
018001B2 01870180 01870180 018D0186
01810174 01940179 0180018B 0194017F
017D01A2 01780171 017F0187 01990184
018D019D 019B017C 018601A5 018D0197
0194018D 0180018A 01880189 018F018D
01870192 018C01A8 01840184 01860191
018A018D 01930189 017E0175 019C018F
017B0196 0191019B 017901A5 016601A7
016B0179 019B018F 018E016F 0194015B
017B019B 019B019B 018C0184 01850183
0173018C 016A0198 019F0195 01890191
01880189 019B0195 01BB0189 017C0182
01B0018A 017A0182 01990186 01980182
018D01C0 01920195 01A30177 018C0176
01780191 017F0180 0176018A 01820180
01870176 01880189 0179018B 0161018A
01870198 018D0163 018D017F 016C01B2
016F0167 019E0174 019D017C 018C0187
019B018E 017A0189 018C018A 01860186
0177017E 01770192 019B0182 01900188
01930180 0192019A 018301AF 019B018B
01820180 019801AA 01900178 018C018A
01B101A8 01960189 018C0192 016B0168
018B0180 017B0199 01880190 018E018E
0196016F 0188018E 016A0189 018F016F
01740181 018A0183 01880168 01920184
018E017D 01790183 01830192 01910175
016E019D 01840196 0189018E 017B0189
017B0194 01960189 0195017C 018B018D
01810183 01A30181 01840189 01930188
0185018F 017C017A 01670170 01870199
0186018F 0191017B 01970172 018B0190
0176018D 018B0176 01850180 01840192
018D019A 0182019C 018C0175 016A0189
018D0191 01870182 01A1018E 018E0184
0193018D 01840193 018B0176 01900171
017B0189 01920180 0194014D 0189018E
0182018B 0173019B 018C0183 017F0188
01700176 0182018D 017F018A 01850195
018F0178 018D0190 01830178 019B0192
018D018F 018F0172 019B017C 0194016F
01830186 018B0180 019A0198 01840195
019801A6 0193018B 01860181 0188018A
017E0196 018A0196 01790183 019A0192
019E0189 01760184 0190018C 018F0188
0185019A 01980190 01990180 01A7018F
0178018A 0183018F 018E0173 01950186
018B0188 017A0181 01950195 01920184
018B0180 018B0191 01790186 018F0198
017601A4 018C0182 018E017D 019B019D
01870183 01930185 018D019A 01900189
01960190 01A70185 017F01A4 01960186
0152018E 01700189 017A0185 0178016F
01910185 01910178 017E0183 0187017C
0173018C 01840177 018E0192 01830172
01820194 01710183 0198019A 0180018F
01710173 01990189 018B0183 018D0196
01AC0185 01730152 01810186 0178017D
01B90186 01990173 0187017A 01890192
0189019B 018A0176 01A1019D 0188015B
017E0178 016D0184 017E017E 017C017A
8FD9254C 3A71325B 76E80C06 663DA0B3
B28F3FF1 5009342E 9FF646E4 54E85990
99BCBC38 86BC32DE 99921B41 3F29A8C7
58D6220D 4988A68A 0300D237 CD21DE3C
4CB0A72C 483A629B E7972A5C 6A878B1F
1E800D06 3BFAE46E DFF76484 5CEB45A0
94EEA907 BD6067B7 FA6E9FF2 8CBEFC79
63FA2F7F 455A64C7 48E2C793 2C130429
FA35F210 450E0A2F A9DBB8B1 1BCD81A2
7753598D 247085D3 F7B369D2 BF30E10C
45DFEFCF B4937B89 BFBDEAA2 EFD3AFF2
AC158590 5240E696 E696053A 65F8B07A
43E31B00 573168D0 CD586170 461899CA
895001FF EE7DE2F6 D9A211FD F13CC8A0
7A064409 35E9ED9E 48B8D121 35C53090
3C2600E8 6357D8C9 5D965537 688FE0BA
99CBD3D0 2B3D4D90 39DCE633 5497D1C1
13F718DC D2DC763F 8D687A72 AFB23E84
EF1960A3 CE18423F 1FD16811 77A18458
C0BB3B33 70612470 2B88A472 BC26CAC5
E6FB04EB 78B5B0BF E81168F4 559349A7
72187CF3 81E8365E 6D9D005B D8F9C3D2
0BFD284F 98DA6C84 30931880 2FFEE0A2
1989B9E6 6B444003 2777C36F B520F51C
8881B2B6 253F403E 116CCB79 4864D762
60E1D12E EA759E52 33B2BFFA 337E3ABF
E0186890 5600CB49 19DCAAB7 55B602DE
D2E81E64 A6550F4C CE9DCE98 25848188
243534D5 EED4F273 39DA412F 95362897
3EDFEA02 5FFF1F01 4DE01E3A 990487FC
066BF5FF 8253A4ED 4E5E6A8B 764540F2
161B8DB4 91C7D807 22C499CB B7621F5F
DC3C80E7 CC445CE8 CC9FD3AF B52B07CA
CAED4EAE 26946F22 69B1C49D 0348C747
55774BC3 A087E4EB 79F980A6 C97FD570
BAE64C3B 1436D21F AC076257 DC13AF4D
070530B2 95DC2A1A 590927E3 1F407886
C5A5035F D2E767A1 BB26F6C4 660928C3
7D00992A 29F515B0 1A1AA6F8 F31BCCA0
34E0ACB8 8B4FE098 497925EF 7303F0CC
E4E304B7 8C5096CD A4A8919C 08B1F208
C0DAA534 EEED3547 A52697D4 C34E02FA
F4F2A068 504ED969 7DF67B31 CD2A44C8
7680A166 E7AD6BEA D65898F4 49A4A79B
A446DCD5 6E79E766 1BD2450B 29F669D2
EE4EEEE0 0FF9D725 2D51C0F0 670D2EFC
5CAC9496 825695C9 6CEE689F 40B1A072
47DB0830 3EDDF814 A23DDD87 BA600A6A
C065345B FB70D82F 348B948A C7FA06DB
229E7FD1 3A1D550E 6F76F064 458AE948
FE929EEA D0446C9A 4DFA5564 CB613F64
FA1B54DF CBA582EA 077A4CCD E464E6BE
8C52B86B CA596B64 6B47720D 418DF81A
06DD069A 3874BF69 2FBBF217 EFEE2EFA
6C87EC66 BEE41EFB 2E66DD36 B88BC003
6FF10A63 7EF0689B ED9901C7 681A0B3B
B01FD40C C7059591 EDD88B23 3B051338
4DE0C60F BEF00CF3 D3737A56 BB9CBFD7
29D9E79B 849BD768 BAFDEA92 F7374A5C
E0C98410 9165E9BF 898D372D BD3F8863
E5FD4E11 63D8ECBD FB9146B1 56AB09C3
D998A97F 64E68482 8B1E5596 A2FB8097
4F605153 854B5E9C 0C1A2058 F2642CB1
09C62D2F DB45C088 5E0E6E0F A164F5DE
F1F866A1 2BA9A90A 15AFBF88 40D99F17
70E6F166 E6ED3D5F 51245972 D3143CBB
E6109130 5034D1AE 4FD23103 41A8DAF2
4AC8F96E F6451C95 EA837FEB 7506C315
C747C09B 74156066 8A4860E6 13168813
3352C586 846EBFBF 4B8B8EA9 BBBEEC8F
4B8B64F2 B7F4A6E9 5EAEB069 495A0862
2298C078 21C9D816 A36A9A65 BDC81AF8
A458426D 8E4017F8 CC8FF72F 2B05471A
90FD025C 24850FAB 03B5C758 0240D24F
5C744150 2219C729 FBF8EA96 597C1B64
002FFF67 25B65117 29059B8F 9C93AD01
A6DD53FC F4A4209B 9BCA4782 9F7D59DF
6907E3AE FDE5541A BBCE92AC 06FA04AD
3D633138 03413689 DE9E624B DF19CCF1
62D2AD2F 89CAF30C 4C6D172F 71491AC0
2ACFCBD1 D50C15AD E4C6F169 A7F5C6DA
725A2D1A CDB879F3 652B9978 09A1F62A
5C4FF09E 11EF7722 8EE60BB6 43D3A7D8
B85B4FCE C028B5F8 D17EEFE9 6E64CBEA
E46034D5 A0E6B4F9 96B17F62 53C94ABA
2D82AAE6 453D85B5 BE739295 6629D045
CCE3632D DA2CBFCA 388279E5 6DA8A0DE
85467125 37982498 142C2880 4C594E82
4C25B2B3 9F41A15B AF27A683 39CCB28B
893AA649 7FD6B815 A7276301 C603EAC9
0FE17970 DEA7C896 D31C8A35 EE211187
D00D3BFC 47069D81 DF977D23 3294EBC6
E5DC438B E3120EC5 28FB6395 B868E160
7CBED779 9301BD36 0037C3B2 93AC1C12
C280101B 838DC36C 03F2BB19 1B81A3A0
0B1BE4C9 4612A375 326CEEB7 CFDD7B19
115FD79E BF4744DB 68B877D8 87CCB9A1
2113B080 974559DD C9C7D4B2 F257F674
C7F1D463 A63DD50A C7792A49 2BC48D05
54863C7B 6CC93F74 ED46C16D 1EFC8A16
27F9BE20 E941318B 43CC788E 5964849E
0025EF53 172E941A 1E07D8F9 877745FD
D8D731D7 4E148AA9 C026B08A 69CB8626
58F3C440 1C32B2A2 605B30DF 6DE1E33A
06EF7DA8 1605B5A7 A7C7FA3A A0B4592C
ACF6992C E5257DF6 7095BC0A A0714B7C
43BF8937 B2D676CC A277F3FC 9A990EED
5DAFD8E7 2DBF1B29 1541B1BB 2D6B1FB3
373B1999 BA2BEB0F 8454C7C2 C604955F
01ED86F1 B4F2C320 DBE331D5 8C4F85CF
35C470FA 461B467B 416285EA 016BCC24
BE2E5D49 4EB22AE1 831F0E95 F122CE13
8B2271D9 3F9B5240 F2BA2F99 88DDEA78
77CF45DD C573C24E 0D6BFBF9 E63FB798
6F695EB9 6BDF4DC1 E692B0A8 7D395115
35AB05DD 3C7B5CE6 64284EF1 5AE5CBE8
01C8A46D 999CF126 E02A8AD2 26AE748D
19F5A7C6 A7B72AB3 3EDF204B CEF40897
8338192B 767E1719 54343FB7 9F8B9B77
7320604B B556BB22 EE29C720 BE3E1336
D4989B8C CAF8235A D509A3C0 BE88DDCA
01396BD6 5BE2B585 5A22BB3C 61B0B60B
B8F1EC6A 3A85DA10 67CE5EDF 0990B2D1
0DDB7E2A A02FD8C1 5C6EB141 76E6CD7E
337AD0F9 C4F72206 AAF9F08C D7EA80F9
35DA57EF C41DBCC3 29F42982 41DEBED0
05619287 A0A4B7BB 334E3DEC 8780A6F9
06747863 729BFA44 586283C1 63BC5E62
1AB19C05 2CB841FE 42D4986D A7992432
293F98D6 F516FEED FC55C03E 328E5875
7473CFB3 49B9A402 999567A0 53D2CDFB
497B1F1D 66BC99F6 A579EB26 8430BB9B
ECE9161F B4EF3634 1BC29AA9 62AE0532
8130EB23 46EAFE40 E0A3448F 9E6A6A0E
E247A974 0B9F3C35 E9807AC6 F079B646
60DCBF51 0DBB8E17 08BF5BF1 47F48C88
A127B483 E269D15E FA30B5C0 3D86BB03
0F3B2071 4CC1B2D3 EB8F2511 B1F420D3
BC60C18C 0F8C5CDD B55999B3 EFBE50F8
21F02EBB 1E577085 4BEA4A0D 8195A0E4
F31553CE C48E157D 73C36074 9773B268
CF5BD6DE C3105C78 B2ED33E2 568BB62A
AC1091BF 9B95FDB4 5B165685 DD02439B
C05308B1 215505FB B6295140 89A9B1FA
939D261E A808DB4B 10D2B764 B89506DC
F36120DD 0E7CC109 9738B3C0 1699128D
98665FF1 864C06AB 5FFA07E6 A6244A5C
0B156460 604AF77D C9D57B9E B5DA9636
6E401448 2AB04B1C F198552B 5CFBA01D
D2D38256 AA384DE5 97609E5F 14339933
4DCE6F9E 588CFDA7 D7F87A7A BBE8D7F5
5698EAE6 DD0A0096 D38B35ED B1B21A55
C10E0CC1 F669E8F4 57171D33 CE481370
ACFE9597 DAACA4A9 5B50D19C 53D6D3B0
40CC4652 B5B34CED 59F6F066 C29A4FD9
9441E67A F8A07DE4 B7444E10 91930632
67D7F726 68333936 84E31839 EF2E4ACC
F3A1E114 2FC507CE E058E0C3 C8C09A4E
7075DFF5 6E6D6941 3B05583A A132335A
772A4140 D94FA8C4 C4FFC4F7 BA090DBD
882443F0 52A14589 F4BF447D 5DB0209C
80D1527D 3CA3BC30 DACE3275 C670ABD1
5F86C84E 2BAA2734 4231E61E 9C05DAB3
5D1CC241 9315A49E 004A0732 26587409
CD1BB6C0 835F4DD4 1D04BE25 D2B987D3
1ACA180A A21A6199 4D8919F5 10EEAF99
4EEAA173 B1DD5963 92BFCE2D EBC33A50
0B053ABF F6576F55 1070CEF1 2F2A7ECF
F507E773 0657DEE6 CA91FE73 64B67BCD
754A9A1D B757C3D3 EFF16172 13203A78
150A5E53 96DD2612 C83830D3 FEFF2219
7C3A53F0 1F568F29 E0F3A4D1 B53A2BA4
F53D3534 F6A9C19D 50C4EBE8 AED0AA39
083F7D4E B06FAAD0 14738A27 A9412791
991FC568 03B8311C AE2F9253 137722AE
6B33D7C5 57BA03AB 2E0933A9 12AFB89B
FF7C4161 85B9F8D9 A4DA3FFC 00D745B4
CF3404E1 6E6B72AC 5C2B7ED0 5CBB2227
5DF72D8B E7D07621 8511D818 E2588819
2A7E6147 61F5F31B 961247AF 6742ABB1
AB632468 AE44B712 DEBABE23 10E6AA95
20682024 8C7CAA84 7E9F6D5C E02EDBFE
89CE3EEF 8EB6EC93 05E573B4 CA8AE734
10C10FEC BD266305 EE417897 647FD566
C7F18B87 24DA9895 3B263F2E 9F8E9979
ADFDDB70 9A852C22 1E9D93E9 3A2E58D0
E2AF2BD7 D1DF9431 82933962 A89817B9
E8E4846F 1BD84585 33653214 B2125D43
A1F825A1 40EF298B 9E171720 99981F03
820D082C 2DAB53DD 7D999A38 4F8B4B70
ADE1CDEF 87F313A8 A600541B 2B735A39
6F777145 A6D90B4D 98AFCC32 B83B419B
DDFE4A71 FADCC631 E862AFB7 06F111F5
DDD4198D AE2A6660 7291F6CA 95CAA6B6
B4348145 31195EEB AC42B5E6 F7168F90
CCF68651 BC2C670E B6CD842C 1B4115B8
421ECC41 2B9240C7 744E457D 1D92079C
6F0A8D74 BAC45A20 5EB87FCE 7D1AAE60
F95DDF8B 4CC42043 CA462F26 84F6582E
B0A05BEF 89661472 A65E3C5F 18880ED7
6BFDB89D AB51E673 ED757E96 E8AB64A2
9642A870 E640C7DF B4978BC2 A76B3E85
10F0E4FF 0443887D 14D19C05 FFE6940F
C0217DC8 1EDC41C6 3CBF689D C88C9C46
359CF3B7 F8A99530 BBE2E916 1A125260
EC47711F 38F2AD5B 6BAE4152 E3954F12
E896C366 B98D0F6C D7F916C9 25136B8F
C120BCC2 01A12377 5B8D7EE6 1749B085
A668BA00 3A31E8FA 2CD73E9C 1809372B
AA3DB110 DFC92657 510A5951 9BA07B8F
D12DA3A7 F066172D 73A69B22 6964A4E9
4A49179F 801D2820 DB91289B 8BBF85C5
D7BA2136 57DC22FD FFC8011C AF0DBBC3
004574E3 4EF16BFB A56F38A2 42C9596E
E37D1A2A 9C99288C EF2AF69D EE5AB1F9
0B3A5702 D061976C 33346A84 4DE2B9E8
14E17A20 C101DBFB 9AD0B290 AB302D8C
7573158D 624D5741 CE968697 BE866984
90E4156E 2E25FA5B FD2AC3D1 9037CF2D
5236DBD2 DE123DEF CCBF89C4 625CB684
2F055A46 B32D5041 A1A8C0D4 7247EFC4
5693E6F1 F220B827 22D78C44 BCF7B1E5
D899A8F3 E23B30D3 83ADE930 7C6205D6
96982EAE 6178F623 89A8192F 03F9B8ED
77856B38 627203A3 6A58EAA9 430FE37D
39918078 71370B6A DD5AFCD3 F0190E35
AFD946F5 DA3FF06A 08443BC6 99F7A505
D796D679 7DF50B0C F18B5BA2 49723767
0A9B9B1C BFAF885F C476C912 7217FA89
585F215C 987293C5 7916D9AB AF2F7798
991BE61C 750B00A7 00B62A5A 83B53735
4DEAFF9A C5A0B2BF CAC94E65 3423FB5C
1F44488C A99D17AC 46EDB7EC 46D75EF5
5E802A72 C16FA363 29A98413 2DD07109
38A2C3F3 C7FA5343 6F388B0F 278606F9
66D344E2 55012B54 2766EF17 646C448D
EB30164D 2C43243A 5AF4942E B91C2A98
850B9370 0148B395 58FAE152 C376DD7C
9075FE15 0ED878DF D70A4E12 20A04553
458E41D5 4D6C2CC3 ED470125 20D64F88
FD57C956 3D651190 42C055C8 472A0CF3
15406166 956D97AA 64AFBA43 2979936C
8B6B83CB 65EF0194 8E8B2481 BEC40731
52BF25AC 54293E40 B3E25DF6 4FCA613C
04ABBA65 DDF8F359 92643787 61953712
136C1947 390A927C 6DFEC2EA 4F145977
CFFF3F78 0A56523C 996C5347 234DAAEB
CDE9EDD6 95EDBBD3 15C777F7 EE7E2B10
9401C963 81BDD288 D4D014CF BD2090D9
78505269 2CD25213 262E99B1 E1EC62FF
154642DE 2D023F02 CFF43A7A 0E92C75C
E154608E D890A329 459381FD EB8F9DC9
B9FBDC7C EAC2AB6C A56B1C82 12F93DE2
F5A29A76 F83965F3 CA5C24E5 F754CF55
D0C8276D FAC06726 41D860B7 3B2E80FB
018A36B5 A265D55C 58D8E567 4E5838FE
B6280E3A 0C9F63FF 96270A6E E7DB1EF5
63DE468F 3778B2E9 6260784D B5FB8140
4C87771A 77B26362 08CC3F99 43D11858
5F7E6B00 CAA79099 D141B77D DE4C4098
EA28987B 896E6BC4 06D113E6 B296AAD4
08CA0A24 A4C8EE30 57E1428D 296590DF
4B6D9480 4397647B 38C3A8F4 92C67C7B
859A9D2B FA531C98 65777794 E9ECC78C
43E01680 5B14474A 2A1A4E31 588D7CF3
0A9B4E27 4EF7F717 4932BF8C AEAA2EC1
386E0F48 EB9D6E2D 51AF3900 8B757DF9
80F1CD32 5292FCB1 F8459A56 F06672B4
0E0C54E2 0986D2FB 21B5A87F EA00D904
5A934BE2 C4DD64CC 98D19596 A4DEC8FF
9A02C803 E49D230F C30F5D18 2CAC4B66
B7E22056 2AD1EC74 8265811C 6DA19EAF
21AB3998 6A474289 0C67CA71 EADDA535
AE785E9C 0E84A271 F016C658 AF634F7A
1AB74FD4 4571F320 D1384117 ED13D236
EF4987FE ABC8A0A4 67719B06 03650B92
6D0AF306 E8311606 58AE8D81 4E096C63
9AEBAEF2 C5F37A25 08217D0D 63B10244
8971E8D2 34C5F79A 89C021EB 4435631F
394E071F 0E98E264 6DBFEFBE 0C326459
C7DF414F FBBAFA40 3208DA3A 41CFD9D4
2CE5E2E7 BA6BB2E8 DE0C7090 C32392B2
F7036E0D A1D09685 223CB18A 969CD030
2278850D 3B20A227 27B9B2F9 C47377B9
C9E2AD4D 3DCB7140 1CB03EE9 2A52B21A
021EBC3F 2D3B2B28 3A583B50 423A1BB9
1FFF873D 13F9B98C 44C1C61A AA196485
C97CC757 FC2FFB06 9AA3ED8E 343B806A
AC5F5C54 BFB867EA 60C181CB 4502CD01
7A165424 637FD6CD 890A3C57 BD63C70C
6D415D3D 36EDB6D3 0F7C32BA 4A68AC45
26BF7C42 8D2DFE22 C8973913 7DE2F538
BA233461 8964B455 571EF941 13B6EAFC
C5AA79FF 940C85F1 DCB6CDB6 2D68BA80
90EEECA2 439430F5 95E9E5F6 26248FDD
C2056FBE 72A28746 458273D0 03F5F2A6
319CA819 70EBE456 791F3906 2D8FFC30
C85E9A85 F6403206 1C7AA431 FA485BAB
69F183D7 99D510EE 148DE021 33F43602
F254152D 373C6A43 ABE94689 A89B08A4
B98F273B 7C1276AD CA2C69D4 126FC9A2
664756FB 42C2BBFC 74B73642 E7152A40
B12D7C5E 48AF3A14 C97A0B07 65116FDF
01228705 100A19F7 9477786D CF2BB99D
0745EE98 F2EBABA8 4CF043A5 EC1F36F1
F1B13C77 DAD1271A 41FACBB6 8DA711E2
1C5C7DD7 9BC5D93E 8DB49861 06566053
D861E559 BDD62C71 B3B2EA70 4207873D
5895EE48 C80B1162 3240C6F5 F02A5A8A
69193FB3 7914716C 70986471 FAD6325B
F591E27D 5A406CC4 4F5A2705 A3BA5D89
071C62C3 75A9953A 15CC67BE 165330DD
B65C5933 80DEEF51 FE72D590 7428CECD
CD556B09 4CF1C797 24AD9314 3DBE04FF
270DDBDA 8EAD7F69 EB866EF9 0B38096E
86BCC0B0 99323F79 C98E5414 70F6A670
1E4565F5 0F77936A AD292E93 5DAD4C8C
D59A8506 9E314FBA BD5C549E C886A2F7
1D1C57B1 DC72111F C1EED5F2 942CC84F
3137C668 AEE63BB1 4902D053 FA495F26
94ADC736 D809E1BC 06C116FA 5FC90718
D360737B 78C2B228 DC05F1DD F18D8376
89622E92 59A0AB52 2FB187BF 08DBA212
EB58AEA8 7891FAC9 C7AEA1B9 8CB5C469
91BAE0E1 5363ED10 A43B9F8B 1CEB5AEB
92EE95A8 DA795DDF 7F69AF4E 7E00C858
767ACF0F E265AD46 05D914E1 1ADCCCF5
821787A3 F34CB34D 3804A384 E4A1331C
F8B66129 1AF62A20 6F2E5670 FD2B6652
7CA0C95B 26BBA21F 0913BD03 44293099
35BE594C 4B9DAA7A B3C7ADB4 BDEC64E5
678A80AF 571C11AC 88BC642A 563C68C7
B08F0B4A 58BA99E5 DB945C70 A9CB10E9
E75898C5 C274337D 12E39DAA 56D86A6C
A3BE7A31 81FE8E9C 7A5B9323 002654AF
07A87BB3 A37FC702 6A498D21 AA9EE7BF
8E3C656B 16A13248 AA03A019 13AE055C
C1C4D7D8 7B39DA16 F0187623 047F441F
4B17CCD3 6CCB3251 0257131B 9AE5FA2D
DB10A087 68E7774A 09A2C5F1 2B726EA0
E1CD878D 92BD83C4 5F28C555 38874652
5D7E18C8 A976516E 2B8E06BC 0B4E2BE3
1F2DC64D D77D8B6E 79FDB7FD ADE79FD6
5B933FF9 D2E63DE4 1A04C157 68CF787B
F3A18B92 26E86C11 6D37AA2B FAA61A33
E0F5FF71 9E85EAE6 335C999D 8A675C80
6A1FCD81 11599021 46278462 ABC5B498
71CDA53D 1BBD28A6 360406C0 D8033F53
19F833A3 CD496A8E D88C3F6B 992A3340
19279B29 478F03E1 51C9A731 6AF35742
2FE10777 D14597DC B35B4D9B EF476DD6
6BF94141 805FC31C 1DF3E0A8 BE3F091B
C6DEBF2A 91C30657 7DBAA583 FC84BB48
876AEE78 7A8098D5 319C6F48 D211AC45
CB41C0B8 FC038014 97C6A6F6 9B68D724
47007AFC 6A84B08D D9A2A4EF B9A7AB67
48E7D1AA F3BE87E0 A557C890 EB4BD121
6A875882 BF2634AB D5FD3376 0B89736B
6C1801C5 D3298B0C 14B1EE37 26E5B9E4
AB3824F5 925B43E9 F790C9A0 199179F5
D2BC26DE 2CE0B6AC 49FF1661 1D4D53D8
891FA75C 55D4F89D E35CE9E9 2078A80F
627597FA BDFA77D0 F1BE5DA2 7C0538C3
EB38DBF7 EC6309E0 5E756F69 04BDB790
077B939E 96DDE0ED A3E5EF5E 666D76FA
9FEC6AE8 CDEFCD2B 4BF175FE FC65E8C6
00E142B3 E977963F C1C17907 68E87006
D9D45C2F 4D9F984E B32AEEAD 63528241
A0D389F6 4EC383AE 682AB0DD 4498C667
612245B6 8953A989 1F33D59F 6A3DD902
D917AAEF EFBDF848 B47FA9BB A81E538A
6E2D99CE C2DF46A6 C87871EE 26C94707
57E3468F FA73C172 3B54710E 286A648D
E67D93EA 20EEC7EB 99807B92 B87BD4E2
0E464EAE 5B3731D2 17DC2FD7 F1674E57
2CFEC324 0FB3B356 513C2178 0357C548
F9FE0724 6B922AD0 E8323734 13DD3C15
2894713B 4A79FE5A 57B8DCB5 AEA665E3
971EF991 07343AEC 8B29ABE0 7B37B812
8A1CA314 D36618DB 04861635 AA586CA4
6F04406B 2E1CCF59 7C02E739 AFBDE104
E04931FA EB230A6F 886A5AF4 B1FFAAF9
02FF959B C447908B EFF0B3BE 29381CE4
13011AFE 916A2AB6 2664B38F 287B35E3
3EF9D740 FE2C1DCF 64C095C8 C6ACF400
055F73F0 376742CF ED689E87 8E4C653E
5D59B8AF 8E1D2605 C70D8AD0 7DA9EB45
879F59C1 0C646653 5CA393F4 15F582B8
82283A71 81D765F5 8CE6B08B 895BAB3C
5D984D9A B53DEE0D 9B376FEE 0C7A819B
49CD7D58 41223CBF 5838CCA0 3475A08E
C0589FFB 506D1B4A 4F5270B4 8DF6D49A
76BF766B C81D765E 6460A1C4 613ABD84
D71B29AF 457E9655 FB27C482 6585E0E5
0D4050EC 8684FB6C 9FECC79F A2EB0C65
2A3F7980 AD71CA5B CFAB45B5 0EC88285
4F065A44 2763546C 70AD2959 4812DBEC
D8EA6A57 B1608CF6 61568844 0824A7D0
E81FAD51 1CBCE023 D8F5B760 27E0A8AB
9403C6BC 55AEDE6F 4B905B5C 49C5FD8E
515A46B7 624FC121 58733BB7 25DB5436
5FD703BB F2379DF0 FE25DC6E FA86EFF1
F8A6C04D 4373FA4A E80D9BA7 20862C98
AA63A3E2 B5F310BF B3300EB8 02615B23
6A1F184F 2969900E 03D88D3E 196F2B9F
0F130F54 82C0AA18 D719EEB5 D9F0C2D9
70D6A3C0 043006F7 BBD94028 12FC2D3E
35E8485B 49769CA2 402D3A64 10C00FF1
8E8F4566 2619E2C3 E0616EF8 C4C24185
5DC672D4 476A0266 92A89231 2D3DC427
79133B0B B60A364B 0DF91C3E 50950B1F
19524000 68F92769 8CEAEB5D FCE25518
5B2BBE79 30B6A468 94289482 0FE7C79C
AC502E95 B40E23E2 97A5673E 650AC7E1
DF6D8E08 4DA8FFE7 29B6D22C 20462807
FDF33778 B2E73FD8 4B9E18F1 64AE9E94
4ADA506A D92AB75E 107347C0 C7BB1605
93322E58 01631213 07EDA003 CBB044BC
1DD0726E 26EEEF68 3E7072FF 87F26954
09B75B10 EDB6BF4F 489BE1F2 0DCFA00C
7E388664 AB63C470 2EA8E19A A4C5A4E4
6FB0DFCF F32C8DA5 A0F6EB35 AC5891F1
71EB1721 E4A264DF D967FBA2 74A0B486
D6C354EB 1924E3AF 0D4C3FF0 8C01BE68
1311E000 782F9A3C 956F7667 1E596E90
DC90A673 988EE278 0855E11F 13CCEDCB
30BE8C5E 61269802 9CEE625C 319241BA
9FD88DFA 1B8C55AB 118B3AD8 D31607D8
01E6DADE FF23D0DD B0C21738 ADAF8A28
51449ACA 4910301F BA990862 5AAC7D79
EAE06AE1 B2533480 3F59660D 0A78F4BD
048901E5 0167B1C1 BCEC0486 DC353BD1
045DDE2B 46057A6F F257E3CD 4154BB49
4643B498 2707ABFD 35CA4877 4966EE2F
4FC9DDA3 0ACBA650 6BF09EDF 7E510A66
A4963931 AC5BCB7F D0ABD18E 4F58C0C9
9472A073 1275F078 17B39AC3 CF8E7779
9CBAED1D 946FADFD 35022E5F A027CDD2
926F60CA 9AA2A437 7165EDE9 B545AEB8
C94A8FA8 36F881D1 83CC7CDE 878CD148
ADFF078E 731378F4 734E704F 64CCB638
B243501A FFEB767A 10F54A71 9F9C71FA
97ED626D BDFA653B CE3DDBC0 811C1A81
808067E6 C6C75D50 B1B81F58 369EF1A1
6D6CC84C 84A708EE F84ECB23 61F3131F
8C2AC93F C48B0B8C 7DE91DD5 D271588D
CA4F3046 C518986E CB0B9BF8 1EF01EEE
1641E61E 547608CA EED7D6BA A2F3346E
11A6BEDE B963DA9B 3F040730 F97827E8
F5B1873F 9C9F1919 AAD4AF8E D8939AA1
8EDCC26A 30DEC953 36367B65 48BB5683
1F89DF3B 3ED6D0C2 3E1830D1 0832B766
38D45182 5703560A B3EFEF31 DDDA71E9
C6F55A4E 53C7D4D7 55B30CDA 32AC1474
231268F7 D9A7D370 72000C8B 0B410BE5
AF55F2D2 07116076 D831AE47 5D6D6867
8A8143F1 9F92632D 0662F367 9D56139E
50D16B4B 68A55D32 6530D097 51D646C8
0716560C 7F256BC7 EE00BB34 4F13AB3D
06B4C155 50C75D89 D1C2CD4E 2A5F397C
A407C0F1 27EE4476 ECD9AC2E 9417CF5C
87D2BE86 992D10F3 ADF887CC 11F4F4A7
B85A6302 9154C79F 0629DCF7 A704F9BE
D61F02BE A3BBA228 EC44CA97 ECF47E6C
571A2B89 31D6C90E 98186E27 0A9C7F77
8DC19B95 CAF3A040 31786704 68773FE8
663EFE13 E376D02F C57A050F 7C1F9CAB
9E20E7B0 735670D1 340C9602 53704AA7
2B5CAA89 C4DE11AA 40EAEC33 BFDD8185
6F1B0703 02E2532E D2EA0DD3 20CDABC4
7D9170D8 3648CAA3 BBA212C4 2B1F0A19
BF3BE01D 8DD5522E A235E366 759F0D3D
79304639 6F2A05AC E0DD206E 65D26BDB
5F982C98 9055C9F2 D51BEC72 D53D2A8E
C8BF776F 5F59E390 AF489210 150BCD19
02BE4AB2 65D6961B 16CE4332 056126A5
CC7204FC 96552FB2 9AECB426 589C85D1
0D20ACE9 616C8045 7E8BF35B 220FB76D
EBF7AF20 0B50D4E2 2E52084C F299A7F7
44CB3BCB 316E1747 EB110116 4A5FDFA2
09F7F489 B3E75F73 0BFB5990 616839A2
B6069E14 C61AE00D 7B17A2A7 943231DC
14E0A26F B05FD84F BC5DF92D B76E422E
338D3F48 1CCE7A34 A984B448 7288F3D6
578E752C 78B19C6F 7A60C85E 47EA582B
43757EC7 5BA39E7B EBD7EFAB 7FA00309
7E061164 1C17CA38 B2B121DB A6FF25AF
152262D2 75295573 1DC172B6 9A81B0C7
7A4C593E 1D10B4FA 025C55FB A2C7E74E
6A5E59FA 67338DB5 194AFEA7 58136C56
434BADB7 D2613275 CA3C8F74 1F18AA27
59161933 24701318 416645C0 17601D38
3129941B 1EFC79B4 D75FF600 C07F17F7
A98AE72D D77EC55E 3C423586 2C34F592
39EDC1C2 A399AADE 917A9874 FABBADE0
1B889DF8 9677081C 6F441F98 89FDDF06
74CDBCBB 032506DB 4EB79134 3E89A80C
802EF657 17057CD7 5194EC14 F861284A
5FBB29F8 923AB66F 1095AE64 3D659C2C
0304BBD7 A30E85E0 484333BA F19F2523
C31C558E 9E997B7D 712B4AF7 A0C0B2C7
4DCDCDF1 46C2B4DA 6A024886 0CD80491
6F8A1102 B2A389C1 2272A38D 3B756DB4
7DCF8C6B 5651C3FC 2871CB77 C3B9F4E1
E022A985 2642CE90 F9160F3B 7E4F6830
C8EE8213 DE8C5DFC 31558568 FA29D891
E6872CD4 E9F39491 10C89804 98DCF7A3
D421B43C 3B40D1F2 B7315A22 E82167A3
24A83F97 F8267483 8808DF76 7180EF5A
12042D31 66BF6A56 741A6C24 A3962D42
6C308843 87FB0F28 DA12F255 AB5D123A
3D233901 FA55C8F4 BC67875F BBDECF59
0AB2D236 DE2683CA 923D506E C6093B48
6B7AE73A 47457F3D F2C86456 6E320D2F
FF634E63 F4272251 E371BFF8 4B407D2E
9AB73B76 67C4135B 4DFAC176 2F1EFBF9
2C602C07 1250B3C4 9759D687 ADBE167B
3BC4D017 272BA423 EFB23AFC 1B4512B8
63FCC129 93172AD4 347CCD89 037184EB
CC4007F5 02BE9791 B0985D7B 45EDFB5C
0C6D1A36 0CDE142C D42AF0B1 336B11AF
24EB3287 547749DA 7BD81170 9E615B83
B5EC2E60 F24ECD09 CCC3044A 62921F6F
A181BBA8 E2A7E0B4 186CE7EA 68D317E2
BC566EF7 C9AD9729 377962B4 9530CE9B
BBF79CC7 83B560F5 64A71521 1BADDC8C
E90B3704 C24549A7 35F0D8C7 239427F4
E0B000E0 6F98EF48 F3A8E8AA 3B467280
F4942FA0 01D0A791 8997CF24 98F74F3E
75F4866F B8944D38 237ECE5B CB899FDA
321E2784 E9815CAC B8CC4005 BC2EF3A0
C421A0AF 123E05DC B57D4472 D02D3936
7284F194 DB0C8407 FBDBAFF0 B6D2A608
339FBCB7 69B71B97 09792D29 5A8C3977
C700DB75 F7ED57BA 269D3D5F 29070C1E
9FB31842 FF954CAA 31A5E789 B8170A31
40A06763 4C1D00A0 626EDE6D 423D447C
F9E798AC B53F5870 5C97EC0B 2C7CCF37
FE1F10BF BB79F74D 0F292784 F7028FC8
B93AB3A5 6423FE5C 374CAF30 2D5D5A83
C74281B4 BA59263B DC2EBFE3 6B3ADF95
36B720E9 A5F2EAA8 DF8A1CBD A9719599
5CFD2C87 35D38E47 3078EEE0 A7A1A753
FED329BB CF2DE2E4 6987433B 3A0BC47D
B7BFF326 A8416ECA 7998A690 9AA87C49
5C104E38 4BC7A097 946D7D66 836266CC
8F6159AC 1A6D985A A35B5F17 2A34056D
852B5B99 041BFE41 4AB37CF5 20B0B6D5
B2CE417D 7AF65FD5 30B5C15F 7EF7FEE2
E9E7749F D00464F0 6F1D1B18 22D196D0
9A286FFD CFBCD7E4 ADEDF3D1 1243E7F5
18F364AE C668F9BE B1CA9907 25B97BAA
E549A9DC AB71E0A6 BB40BE93 DF6C3CA7
9758A2AD 7C96EC36 E1518A03 637FC1CD
73294A02 AA018CFB 48818413 16614086
0E8961CA B486EAC1 6D69EC60 52C5F9C6
6ADDF580 FD93DE20 5350849D 2628223E
CF670E50 D3064858 837D42A3 CEDB7DB5
9289EA65 26C817FC 0B7410E3 5E3DCB3D
3FE8AAA3 E40A556F 59DFB55A 3277690B
54236B08 BC8D8C3E 98059DCB E03876CB
90D546C0 46BF5CB3 764E0B53 FF2A122F
0BF68FFE ECE41CAC 99053C29 83912D73
B4DD6653 84DFFF57 92C6E9A8 0B62F02B
F35B32E9 6E83A3E7 B1A7154B F04D81D4
1BA3640E 5988BAED 87ED51F1 8EAF465D
34E3343B D7C6E1AE 73124AAD C460B568
2E28BAA1 1DBA1EEA 3F0EC6F7 FE025AD9
75012FBB 3456D881 4D2ECE22 1BD1A47E
20E0990B 8CA7C9A0 B69582EC 425B1CFA
FA9614D8 35BCC09C 27737202 7F1E3CEB
48ADA3ED 130A2CBA 23380EE4 73686B87
FB5F97A2 A05DD8AE 8BE8C7BF 277EBCC3
0037A54F 6AC7229F 583B58B8 19BE3A5D
8813D8CD 95615323 57ED0DCA 1189545D
F974B20B DB90DEE3 61E1E3CB 77D2459F
5AC8EC34 BF301820 9F6085A8 F255B50E
BEF0998E B21639B2 F1554C16 85191526
BE9EEF43 188A9523 5B8B065B F2274055
8B2AE2DF F4054208 11FF2014 7807EF48
1CDF7725 FFA203E4 B836EF98 563C4C29
6D6E3406 5932F074 28CE12DA 9B91026E
4D3F5E8D EB7DDA9C 30EC44CD 757D19E3
AF14B6B1 D5A113F2 39103B9A 125F3A18
0DDD2E8F 68AEEBF7 C7912926 E29461B6
A3E4A7E3 BFF483DC A8266F84 2C095BE8
2186FD9C CB55994F C1498987 1474BE88
A422F2FB E3398381 A7F4B670 A8433610
9E9EEB87 B935561C 0A16DA74 B3956947
592F3CF2 4DC27AD6 AB789629 D9CFE008
53164EC3 750A70DD 0F785336 3B7DAC19
30F24505 7CF37457 78F31E3D 3127866B
2F6B7EDA BB44CF77 6FC19A97 83A433E2
FB0FAAC6 D70A79CD BD63040B B5969B16
94F0AEE1 3A37D97B 39FBE805 F176ABAE
A0A65FC8 A5FAEB21 696DF453 73A6F317
8694773D D80397EF 5BB56B9A 731F8A65
5C7B68CA 32E5E73D A6D71BB3 E0DB081C
EC14624B 6DAA80A1 857E02D6 8C26500F
14FDD017 6D24D6AA E74B7172 51908A8F
F3F44645 2DEF4E66 079CA957 940403A6
C1F32B72 18C7954C 82150A08 28B7D2E5
70521519 FA70C99F 24BD18EE E415B2C8
84E492EB 2C74F4E2 83CD7223 C8EE9ED9
C4BDED33 74C4C14F C51029FC 445074C7
614D9F26 17C92A02 319CBC36 5AD83C3E
CF2CCFE8 97B3AB01 980187C8 08D344B6
F6676778 1CEEDDC4 9647B610 535D32D1
7965D749 D7997A6B 725976DE 07CB4A02
C56E7D15 635F134F 65819176 8F73843D
F9E9DB27 2EDFB2D0 6ABCEBEC C06C686C
6D3F3E31 4529F265 4F8E3BAC 5EA8D5A8
FD322667 8056A178 4C76B3C3 725327B5
06607DCE D46DA911 0A36C94E B932FA98
0D4CE51D 3830F435 CC629F7C A295A3B0
87DD55BB 22685BDF CD567C44 0F40FBEC
7548352D 0DACFB71 688B8B87 45D768B9
E57544CC 856BD91F DC9C72A3 427E6161
0FA16667 25893CD7 86A51B7B 842F1F2B
0F9ED567 0D877331 95CA98DA 4A53B520
F59F0A44 9EDF562A 95721737 93680B9F
3FB78319 95FB9301 5C761470 1E2CB48C
1109F836 3F640C9E 15EA9AFC 98E0282C
79EC081C 178F5C03 D58802E1 A70ADF5E
FFCDB270 90FE1953 3D284886 7AC420E1
A91FDFC1 4AD45247 FAA25B81 B0E66BC9
35684BD6 9AE689DE 10A56C63 1DAC7804
DD597BC8 9235C8D5 CDA39254 F387E8A4
53DC7316 4C3ED3C8 267548D6 595E1567
6829F226 DED577A1 8655F77D 5D8A74A7
182F245F B43F25B5 B1DFDC99 24A65BF2
F2BBBE67 064E1D61 F923BADF 87B0BA8B
65F2B487 B84ED8F7 5FFAED91 C16C96A0
114E8AB0 A140F185 21D22A0F 8CBB5D06
0879E929 2A1A5CFB 3DF16809 166B86E4
5A031EF8 AFBE7346 7F48E4A2 108180F6
3F865F17 F02A30EA 52496095 01D39BEF
CB2F6378 34F1971F 65D6AF10 7EA85E67
AF1638C5 4EB43264 38453A0D DF244155
37AF4343 1DAD502A CCD7138F 153D8AFE
A3FF5499 B9F482EE 316BD793 02885584
AC4962E0 2D89FD1E 63271B03 0E17F2A4
BAFCAB37 7607598B 939103C4 560CEB76
B9F82480 B9DAD0D4 CA222000 AF50DAE6
DFF14DC4 81F5FF4A B233141B 87B00CB9
A24F14F2 C21546F7 D5F66122 CB88F246
98A93671 C616E8CB AC015247 14560C19
B028C286 C875F799 4653987E 7BEC313B
F626CF75 D68BD799 664B146C 1AE51F98
13C0465B 0CE263A8 4623F76C 0DCC6719
BB3E7380 19A23F54 AEDA2BDE AA435373
F3F8A318 D80EF3A9 14D7D5A7 E5E906E9
A43B48DD 8B7FEFDD 672734A9 194542FB
AD843093 E908019B 7838E1B4 3606A3AA
D779C7A2 B8FFED32 24C59531 C30CBEF3
ADC78DE9 A24BC711 3B0CE69C EE1E73A8
818953B5 CE459B8B 084371D7 DF1DB22E
9B597B2A 1EE70119 18CB974A 519324D4
314893BC 4AC6CA68 A7926333 EA21E8C6
9B4F19D0 85C17F25 CC52C8E6 23EEBAA7
675720E1 0B554677 BAAD98CA 8625775C
A7835D31 D70855B6 57F58728 20F5BF9C
E360CB01 F5A6CBFF 628C2670 5F38C672
32ECC27B D8506827 64C8E07E 2BA87CE0
23DB1A91 90F0953E CC7CDB65 6452F3A6
76701E45 10C310E9 808BA7FE 19E8208A
08E0766A 4B3B494F D3C5D06E 24C365DA
396A8E87 74111DF1 FA4C7C93 292CCBB7
E28F70D3 C17F04AE B3957CD2 D55F0471
6AB353E9 F9BCB7A2 B7A1204B 6D85870A
77727BEB 073CF447 1ADB4E08 1C4AA56B
92CEF000 0D92E872 35B506D3 1F5C27C5
1EBA08DD 709C1628 F65FFB7B 65D94B35
CDBE3EE1 C22A2920 365A205C 17E65A0B
C427AC47 8510F3B7 DF557EE6 12C3AF91
495BCE10 12ED19DD 2079DFB7 E57E7A0B
522BA89E 35ED3222 4FA276E3 F62577DC
90B8A08C 26EE8B24 7EA326CE 79258E5C
47463940 5E41A077 97CB015E C45A1E4A
64DA8146 6F9F0495 C3756D85 15AB853F
C1F8CDDF 7BC6DA34 89AB2D92 1551D3F4
06C0F477 B8F9E272 9CDC7414 48671180
13AEC2C9 A1E981FD E05F9125 3A94F382
05AC87ED 38171A14 3AC48A20 8A484086
FFD5A9AC 69755C7A 5A7806F2 60ADC79A
F43F93E5 68625B51 1FEC144A 4FAF9B2F
1B204657 54E0D1A8 122B0C83 073942A7
7FB5C183 F848F637 3F0FE8B0 3CCF2057
B2BCC91E C42D3009 046190FA 90FA5559
BC1047ED 3CD25371 764F5DBA 17D7062E
9174E3C6 B148AAE1 7F383B90 8E0A6536
ECD80BEA B85A760E D0BFF9CA 979F9C59
5463E64C 6FFCAC89 F759B668 194967EA
BCEA9C6D BB0D5DBA 45BD1AC5 5A4E9B92
567A660F E96023CC 5D473B39 C42CD1E5
0050A5F3 97C27798 1C0CAD79 4A9832DC
953522EB E84EEA40 0B553E33 E6215BF6
9B5E84C0 BCB4862B BCE751DB 23C56219
608324C1 1718C9DC 99C07507 05DB0FFB
66F4A275 F9B9872B 201C864E A5C53B3B
6E50411A 2D20215F 45C84AE0 5F29EF9C
B82349DB 04B116E3 1701EA57 442CA1CA
ECC61697 767A73BB DD9945DE 31329F37
D365E951 C9ABF8B2 4CE77A2B 50250C27
2BB8BADA AB45EEF6 EF778E90 612B3762
933E8236 E51E352D 3A15672B CE893AAF
D07842B1 567D48E9 7DFCA889 C1BB0CAF
CD063F7B 0EF8BC91 FD5988B4 1893C3F6
8B8B0D33 F981AE46 9BAB8856 92C7386E
F029C4DB 74C996E6 48E7A3F3 C8EB4F55
F6B5A098 05AAEED1 A4933F82 B82A0C2C
1232F053 0D77F623 84075EC1 5FB98CF2
560D0C7E E20139B9 8B7A9168 B94CBBDF
F03D268F 867A8223 EC4D99CB 1780230B
EC49C26E 868BBA23 7BF36E38 C406F077
B75939A1 4927D60C 5CF783EA CD3234E8
B943C3D4 8370BB34 BCCB50E4 4DB4D076
49E2E3A6 C6FC0495 4D805EC6 24A6EA6C
8D4ADBCA BB477283 F143A73B 09B089E2
A6604C8D FB1CA398 81D350CA 2C9D2B16
BAE9C78A A5AC5CA9 1357B47B C678161B
9E990960 FF8C8DF8 5802D9AE 4D9D9066
8EFFA7C0 F9A8D672 4A206605 429A239B
E97E6E88 91FE135B A274B56E A76255DA
7039B3EC 6077E5BF DD2FBEA1 E99445F9
3FC63F0C 776DB908 B4A9CC1A 771E2E32
50D5B6B8 3BE8FBEE B00F1151 D974EC99
8F89B332 476B3385 568E224B B6944ACC
FA88C981 D72A8029 57FC357F C250449B
33F10106 CD92AC20 1C737FF9 6DF27220
3EF716DE E54E1232 0B806B9C 2193A0D0
9477CD7D 91F98242 223D9131 4E243D7B
50A9B5F4 55F42297 D55D1EE0 AB8846F0
02969FC6 4439E861 3470C649 42043F3D
45D7B7DA 18D8E93C 21DE6595 0A30C394
ABDC4B11 552640D4 D69228E9 3AE54B24
DDD7BCCB E84CB699 CFC43885 AA996471
54281B51 92CE0423 4BEEA5EB 89F5B1C9
38682DAC 23F25DFF 204C4481 668A64B0
F76A4CEC BC543995 64443285 4B23FFB7
5FD494D2 48E45EF6 A98FB1F4 D11E5E81
B73BCD0A 11ECC4DB 9A311621 FFA0F30C
50E0E3D0 3DAAA27F FF9339C0 BDD4B009
F6EFC013 591086BF CD396B45 DD010DC4
E110AD91 2DDDD434 85E9238F 8D287940
AFF83E06 E3E07FA3 9A3FCD09 E3A56F18
2845ED1F BAD9147C 20521440 72725398
2E4D226D 4AF40AD7 55754955 5AD7C338
6244B5C3 F97EA7F3 CAF71E6C 4C412457
EB0C0CDC 271956EE B8F1AC9B 5AC56825
7DA62BB5 81E3A6D1 265D5597 82907264
5550CB35 4006AA17 60702B72 C35EE5AD
35ACFA02 E0E0CB63 0F49EF81 848BF2E5
D484B9C6 B656B2DD 2C58CE92 2A1C53C7
21685B81 284C1CCB BC69A0CF 1426E64E
82AFC60F 1E9A2301 BA8FFCFC 33A99817
08C57725 7C0647C6 53BAA99A 57626EE1
784F5738 79528265 CEAEEF1A F6CB4624
B20E3434 6856DC88 9A7E1F11 0A5371E1
F76D4CD6 71AFD167 1111789E 924EB13B
AB324990 47919EDC 041B0C98 5CD74A33
610471D1 4FFB0278 EEDC57BC F08485F3
59E32D7C E39EFE5A 4402C5D0 A85C9AD2
37ED6226 633818E0 7C398678 EC606DA4
23020CC3 A4F39833 3F6D5A23 1EFE8D1E
AEBFA991 AFFC1B54 FB3C9D02 94D39B08
4BD0504A C73A4C8B BA58EE2E AB2E862A
7AA9E06D EE541465 76ABA28D E5CEC4BB
DDD46754 31D1D252 4B194A90 A002A9E5
8864E0F0 A207BA06 AFBB3694 9A79DF87
4B0F4251 74D081FC 801645ED 3B25932D
B500F4F9 7549DF70 BE81D2D5 A18F21B7
569D0729 74A81B87 88B8E73D 2C5BBE4C
D45FBC0F 6BB63314 5F3F5081 1ACE740B
DBADACB2 4FD6D264 AF3E4901 C8FD2E3D
7AB5764D 9CA42FEE 16539482 7596234B
65C7599A B2AA7575 A0922D6A 43952215
3A80F0BC 6C379003 95FE1859 CB60595F
C406274B 67546A5A 684D5F4C 94BA209C
BA1EE633 35EA6336 B6B14512 2D320129
2BB218EB 90D55937 7F505E2A A0B794D5
F73E943B 2EDAB681 984ECEE6 814119B4
50D366F1 B20EA973 9F3421BA 15B42D3D
564E6912 90FFD513 6CAB5521 F1BCA245
C7936D84 B844CB85 0FB94EA2 FBDD8C77
BEF45B79 EEBA10C8 7D33BFDD 61D2F7B9
08865851 1330C9B8 A9A38501 D466A4DA
8D8CC01A 3966E595 247CF6A5 A2D32697
42CE6DFD E5B8051E 314A8C37 82792E85
C1011045 F8C15BF0 EC7C094A 6491B942
C480A702 16E0CF45 FB4827A4 55285E2C
F6E3FA09 CD25BE62 E22B8E2D 3A6604C9
8D471959 379E439F 229E2246 C0B539DB
0BBC802F 0A9558B3 A656D5E0 EC7F8C92
398EEA0F 56256E19 6739B368 0C2BAD24
B9AFFD66 8AAB6C67 F6EECFEC B061EEE5
102056AF 3C13E11D 0A687F05 BDDAC99E
E3E9A837 82EE8A45 B68A7E13 405F3CDA
4983BBF4 459DD71D F18791C3 5C24A945
6DBC0FFE BADFA49C AEE2D8E5 77F75727
E5C2A9CD 69FE8031 AF6A2A15 8D411223
8FA79A95 8E8ACE3A BE5D0A1E 5BD14FBA
02860F14 4C39498A C8711827 97E636E8
36FE46DA 736896C3 FE1D4464 68004E9F
F614E726 F0E261D7 232FA15F 475622ED
E61FD05D 1B922375 A0D82182 DCFB7262
94B45988 7FDE5D68 968B0B87 3F2D4E7E
38FB1350 A1814226 01C3C3DB 527B0C5B
987F46AF 170E222B BA24CD86 221C0F75
FA3803F5 B7325A63 C0392FC9 8FD73FA1
CC6935B5 3E1B7FEA 801F175C 22C22C10
51477DC3 A9D961E1 243BC6BA 3F3CCAE6
FABB1CE8 AD0A7A0E C18CF67E DFE26045
0BE106C2 D72EDD51 D2325655 B08BDAAD
735AB026 48B62203 37F46976 15701121
317C1816 5378D6D4 6D2365A0 50E102C0
4C4C28D9 3F5E2BB5 95B76924 FFB426B8
0DAAC2BD FAB0C838 90DB27F9 E88239B1
E63E68D2 D59B70FE A321B0C4 80935DD8
08ECBE38 1B14C9C1 2651AE64 91483F86
AF0B2FA3 E011FCB7 D12F17AF 5370FF06
30DF02E9 44CBC3AC D1082F23 FDF94A3D
6FC2C9FE A5CFC347 C6D6231A C81D0D38
EAFAE115 6B1D5A90 C47DCFE4 7184460F
4A52693C 023736E2 BE03E23E 7144A1DF
39B7DC4D 306BCFD6 2DA1DE43 107C8E9E
130E13C7 9D8936C0 79458E7C 1AF54946
299DE341 D3DA310D 82DB2F0A D8663624
6046E82E 3221D081 E480EED4 B1E59C80
6A529CA3 A93652B6 3E4B10FD 2A8443BC
CC0EA522 97D1CCF2 417ACDE9 4ED37DC6
DBDA17BC C660DFEC DA94556B 2237BD81
480B72DF 0EBC24A7 831BCAE6 5E10AE9C
20E88D4F 1117C5F1 E5CCC241 76300C4A
3F50F2E0 7BE77364 31EF6542 1E41FB81
CB9F79D1 6397FE49 4C65819E 15390CAF
98513F8F BBA793A1 15B35B3E 15DB8424
2DC7E4F6 E44AF9D4 0AFEAF50 E8252C0D
5A2BA997 39B3FB2D 07D43D5C CDB47121
1AC2CA49 7CB988C2 2F017B97 4638DD2D
4FC45365 DAB402CE 8E59F699 D2209809
52214DC8 365DF645 364B9A63 13660694
9779FE3D 7A2B9D60 18B737BF 8CA54625
52BF63CA 1C801619 C8C35915 53B58C65
E1FD4C7D 42B6505C ECE66917 CB30316B
CF29736D D831045C E4746268 2F29329A
4FAF9F3E D3848290 08A397F7 2478B2E4
125DEEFF B0214BE2 BEDA75B2 0261792C
5C270CA0 399D42A4 9435AF7E 2A3ACB30
06FF3553 FE3B0EB0 3B53CAAC E1A5FD18
581E4D95 FDB1F6C0 59009BC7 57429FBA
6159A4B0 DB24C1DE 23207F1F A5694788
CB6B1A0A 888FF1D7 DFDE9FA6 4844CFD6
1D080693 4DEA9323 56BBFF8F E0018F74
43C648E9 2A712027 B6400BEA 497E6352
2AD20954 4B924488 EC370735 D4478C83
F262762F ABED72A7 41C3751D DF044DC5
314F1FEC B3A0E358 EFF2937E EAA08D1E
29A08911 32CD468B 09845F6F E2ABEE16
BA7DF88E F669492D 2E2E30FF 81F8FE0B
8D47DB55 BA0FDF40 7765E514 6F49B864
D6059AD6 BEB3E3D2 5CB68BB5 D59081F1
EFE84AC2 0DF1AE7F D10AFEBE D70C9D8D
AC0427E8 C728DB0F 41C22187 DEE55D94
75C10A8D F4FCD563 E3008CC6 9C019BE5
8291D820 07E596A4 B300F819 127D30A1
629E7E09 0F680DC7 242D846D C4A59287
275D76F0 2A6DEC63 F7485223 C3AA6B6D
C044FD88 C58C21CF D6E6971F D5CF9E60
37F6F8B9 AD021423 5C318E5A F206A202
B443F75D C15DADDC 8B20B383 ABF7FDA7
01AEA657 F01E239C 1EE7EABD AB4F365C
30A57A6E 8E86E7AE 404324CD 8236784C
FF0208BE 11779445 BF800E17 8BB7867D
AD695435 860E7F1E 3E172397 A0BACB0D
DB935B21 ED3BAF4E 4DBE09D0 36E1F8C8
DA7FDC61 3F448269 3EFF6B8B 838B08BF
54F2E273 9E65CD12 E3C755C7 3574ECA6
D4EDBFB2 B1092877 04EABCF4 C2E2DCA5
82C3C6AC 2FAB5256 600C1766 0160FEEE
8C5945BC 1589C420 D0DF836E 44D8DFFD
218C7A2D FF37DCB8 04D95829 83512F53
DE3FAA49 D5BDE321 8ADED2BC 75CB8FD9
6D33C0F6 58B24A4A 12302BA5 55717FAB
217212F0 13482D82 45783E2B 6CE0529D
AEEE29AB E48A72C6 1AAB6947 EC7F94F5
75740667 0D7A4A7F 2A9B2378 229AB371
3F4BAB2A 8BFD40D5 E2BAE47B 765644CE
E9336505 26C667D0 0932AE9B B3022FF0
85F5D082 8F4B2A16 3578B0D4 5A4857B5
F39F0A8D D47794FC C4A2388C 9E2DF02D
5D81979C 9908DE05 AE81B250 B2F66EA6
5A841785 70BB816F 81468E3A 83D98A84
6C0D1B81 1BC2525C 4C0F92F2 73BF32CC
C2AE9D38 4D744ECC A9B5B985 83C7443F
3C3CC60C EC6699F6 73970F7F BE16638F
17ABB6C9 9947B81D 3DA4C114 5D5CA1A8
C36AB1BD EA817D9F 5337C939 CCA0BFFA
987C20A2 F829CCC4 B763E3ED 4A2AF3C4
D7E1BD3D 3FCAE196 7A3FE0B5 5B24EFC6
81CFC58B 7416802B 3A59791A B52F63A9
EC8DD265 49C4D5F6 2D129CD0 9AD26532
0223E960 D8BF46E0 E69542C5 BCDB92C0
45D9D883 23DE66E3 5BBDC44F DD89227B
2019AE08 7188F374 9164187E E6C12813
E88E88A6 7410BFA4 863FA6FA 1E5A9862
70371999 D1902530 B999A1A0 155F9278
FF571E0E 52AC76B5 2491B2E6 8C1A4159
ACBB853F D5202420 9DD4CAA9 1996C8B9
BC66A454 0AE3C2A7 00B2C2F4 732B7B46
61BD5472 1AD9AA58 ED85870B AFAF4FB8
4D8D3597 51E63B17 14E379E4 8466892F
B3C35A55 A10CF23F 96E754CE AA5F90DC
97605CDC 074DAC10 A39582C2 43647E71
8CFF9E7F 56A828A6 B7A0E721 4653E326
17BEF9C6 96DD9EAF 179BE14C 0C6009DA
D2D0B248 63892321 1142D2E3 1F9F9DF1
6499A647 F12DEC52 EE0F1D9E 5176BC54
67CEE395 EA429A26 616047E1 BB7EFF88
0DD83DEC 3D66222F 80517E56 93685A64
722A5475 6695C38E 8C0156EA F213FB8F
63944DD4 168D56FE 636CAB5D 085B3B01
5320F8BE A8F3DC83 A36C326A AC1B3797
CC5EDBD1 62221A66 79FE2152 25E03DEA
D7E08CEC 20662FD3 613F9F47 9E2CE281
29EFD9DB 3D5CF1DB A55CE263 B6674FD3
DD52345A DB1D7043 BB342D51 F8D193A4
99D861CC B2771B83 F3A82B81 8DE8CEC0
A6A29E8B 9D6FD00D 153F746F 1FFEC159
E0391558 C9A0ACA9 ABD67F08 8FDE7733
FEDB543A 004E5752 278246C0 AD8B23DB
A9C27EAA 60FCC8F5 6321C1B5 6D4BE27B
787887CD 40C57066 20D7D46F 75273F36
2AA4E2B7 56ECE43C D0010BF8 5C340D00
A3F1DA9F A07273AA 8E0B636B 5646AC14
2E97C242 4E90C48D D76CA2BF 95614442
7B412E27 EB6FEE6B 7B94BB1C 2766AC34
98D71583 4369594C C8B18BA3 02827F35
6480C0EF 97DDE2BE 2C46934B 14FF2920
FDA23F41 342FB490 F5EA8FA8 0E403696
0AD72476 1E391631 A67BE5CD D9EF5815
9C738485 934FAC19 F7B65068 94CB0898
6A8F3EC0 F52C4001 03AE0118 028D6125
74AD6598 5C05F0FD 8095E54F 1905947D
0F9671E1 CAC25CC8 1CB08F04 FBF2343C
8990658F 1CE1C41B ECDB17A1 74F4E4A2
04E41146 FFFECE8D 354AEB9B 48AFFBA5
D4298251 7F078195 C93B22E7 1A4C1034
C65772CF 0A0EC852 A2D34BF8 C00BC60F
5B035793 E27016B4 4F5C255E 8484F1C9
F98969A8 9E9089C7 979867A8 48D61A2E
D66FEA3B A8D7F2B5 E8E9D109 216F3D93
22927533 47E18AB1 D977ECB5 486A9C8C
30AE952C 3EAF0CBB 7A1331BB 43955ADD
F65064C4 7B3A421B 14A00A51 BA214D4D
9524F139 A63BBCF0 D05859D3 A2B04FF2
D3574A45 5586D9A7 0DF184F7 5542F157
C6BD715C 94E284F5 6C8065C3 47EE2241
2BB21220 DBF573FD AE3ADD49 9F689F42
35317278 4F09BD7C E67D2852 1BE50073
768F3236 5B6D0E66 0B683995 ECA00BE4
C57F1C36 55B8E49D DEB1B6ED 6490CAFF
6D686034 6ADDFCAA FDF81C8B 30B0AE0E
8DAE3A95 0E6215BE 7B495860 D085E6B0
42446132 AA192DB6 74132899 A6DB1BCF
5799C9EC B7E1DE58 5AF43875 58B2F49C
8A9D1412 3681AD33 88409666 27B01077
D436363C 3E616CEC 86D3B92D 8FF884F9
C533A8DF 7280EF20 FD1BDC5C 979E38B1
A5F8EAC5 FABAF294 55261BC1 246BF5D1
82AEB81E 05B4D905 F155FD1B C5B5B394
71DCA52F B990E855 6A1C2A96 F29F5E3A
DAFE09A2 493CB88E BB43E63F 80E35739
7E2C821D 69389AAB 450C48B0 4EEA7A30
7C445128 2CDEE5B5 9B845719 0D532C87
3536C3E3 095E7FA7 0ED7A12F FF7321D9
74C2FDAB F1A31C3B 24CD65A0 F1F5220F
6720B385 B39A60B7 E352E736 0506504C
19FA7161 606A94E0 24DC1CCF DD954085
3DCBFEC9 DF15DC25 259C884B FA02C85E
744E736F 75F51BA4 01FF5C57 301ADE6A
7D3ADEFA 3007F9D8 621F4869 979EAE72
A8941BA9 6B13B7F8 231726CB C64B2ACB
268AA4C3 6E142FDA 7E876911 472DA06D
F3EBCFDD F1AD9EF3 12D33117 2753C345
3D5151B9 22AB4235 07817616 9954C4EC
D788EBCD 06A2EC6E A32345CE 072C830E
0C870B42 ADFCDA3C 43EA0E90 0ED956A5
9EDDED69 20FF7E4E FC6E0395 D3B35793
CA31B111 B1376E3F B4C13C67 897CB0A2
33C20761 35F05FCA 4638472A 379CEF76
53E59EBD BC6FE81D 33D3F609 34F01C0A
9FA43644 20E538D6 7F927E82 4089C365
2C46A272 C72A4F04 8E9CE2D4 3A6F5A9D
CE05B923 D61114EA 85483D63 73BD3C2D
9AAC76C0 2D650377 AF505289 A3BA18B7
A284370A D52A163B 59200219 9CDAD706
C31DE48B 42A39BE3 8FCF7CDB 6DE5D9F4
452EDD70 4CB91EAD 54F88B94 53351130
5EACD51B 88E2083B 860F3885 B5778F4F
A7BBC79F B41D3319 8167C06F F2781D58
58F0E462 D898ABE0 3DF06D6A D93FDF4C
BE9F690C 55051096 CFAC229C 010AC2B2
9659E70D 38C0A235 24FC6D8D A62207FB
09FB1DF8 74647A30 9FB7DCEF 1013A6F0
933E38B7 280C4848 2E986303 DB123A72
54C5F71E 8B7765AC F6191E51 7499A1F7
8F00BB83 A164031D 1BC8C7EB 787B689E
1603046F 403A7AE9 A0975362 7915C87D
AADE7D2B 62ED9690 89485848 4CA98E09
900EE99C 81B5FA24 590902D3 A6473ED2
F85DA965 D22DF0DA 0535C770 DC7871B0
EA6860D6 8F9B6B70 4C385028 FD60E055
3DF82654 CD6DE3F9 0E03D90D 190DE884
E6D8F168 C129FAEB 4794157A 62D42C1C
6215B5FA 5F92B294 A4F213C2 0D238C91
52659F0B 1733F15E BC94775C FA0A67C9
8B4BE008 C589E8CF BFEAC984 6A7F3C02
57417268 AC863462 43D9E7FE CFF9B3EF
EFB15C6A 23119C82 D9ABEF9A 779B896E
5DA132B1 DED20329 A29BBA0A B9379B23
6DC57DA7 275ACDC1 CF46E82B 2BF77B52
72CAC091 90B94A9C 99B98203 79ED98FC
AC908EC2 32DE9794 DAE0CD27 272BF26C
744018B1 2913EC7A 98263FC8 C313627F
C22D0F31 5763B4C5 8DAF0D67 C62BFF40
FD6053B3 BFD46A4C B6702164 077BBB6B
319A19D3 A794B0B1 4251BB59 6E561321
77732056 89BD461F 8089B221 F951C8DD
263BE015 648FFEFF AA0227D4 0C25D770
99CEF197 1727348F 806D1AB6 83659749
7751060E 7DCCE827 86FD19D1 8DBE9D17
B8B12E72 130A4CB1 02C5F366 FD418C1E
DADE06FD 4CB832BA 2765FB1C 9DA9C6F2
B486C658 7D042A55 3D1F055D 65DAE831
F5F88383 DA23E9EC 079E0767 9CCB2069
C977E07A AB2C6409 FE5D8FBC 2A1D7F27
CDC207E9 EA090B4B 0FD0713E 60D1BA98
456F064E D27DE95E 5356D0F3 E6E2F8AC
A305AD6B B7E14888 936CB933 C6151481
3CA0DC34 94806621 93DE26DC 41B85CCF
7CC790CA 912E6DF8 6EF7E0D7 997D1637
D60143BD 700D0125 4F8A2614 3542E63F
610F5F9D AD778609 B5B7459C 251CBBCA
D8A8B120 52FFE11E D448DD4E BE112BBF
30EC24DE B8FFE9F9 51A7B9B8 E6537960
E64686B9 81D8843E A0B7D8B1 9FA780C9
8EC47B9D 83AD811F E3C477F8 126D4B78
04624365 1C8AC6B4 476E4F78 A43900FE
3CDF8778 C926B862 139BB49E 4D7D993C
7A9FDCBD D137220D 8BF75C3E 50992DA1
6A37D2C0 4121274A B31D3933 2E6D5D3B
52323E21 9B7DE5B2 45F27E61 8ECD5316
344C0113 45DBA2AD 2ACADF4D BC76C2F3
1AECEE60 05E14A0B 01EF86E0 3105D17C
FED98B4E AF6E6459 AA9F7713 7E1F4FAF
5BF088C4 691E35A8 E05F9079 0FBDB510
73A287F1 B217863A C09D48AA 41B5DAE1
8406125B A97FD1D0 7D17D328 344E47DB
8975CDBE 5359E4F3 35FE8FEE B50D356C
D0BA149A 5C337EA1 19D6B4E1 96073F68
0E7C9C3E 025B81D2 87CAA96A 83847523
B85AF16B 5375303C 239213CB 9873B8B2
C39AE995 351795C2 D73C6B13 C8BEA823
D2867B39 DCF77852 5F80B98F 9244582C
687C75BC 5DFCC28D A76E9184 1E614434
4F992AB2 666E385A 00E03C3E 8FF08C0E
CE231242 8DBA5349 DAA25C20 32F7BE91
FA545B00 A6A7DF49 7F530212 E3EE6D6F
7BF1C4E0 96921FCB 4DEDA26F C08FBA89
EE9E1771 9D8C19D7 EC61F8BE CC0B2A24
BDA31C7D CAEF8DF1 629FB4E2 FC355999
77286E43 B146BFE0 CE417695 87366285
1157AED7 7651020C C9E124C6 4D3997B5
B120C9C3 CA2699A1 B83B49CB 72B7C45E
F90EC6EB 975D3215 09A69C64 7291B0A5
A1C5520C D83E90FC 1876C990 E762D62A
F05B5D3C B83341D0 A5CFDAF8 83B20276
5A9C7674 20CF84C0 FCE323C7 24355AEC
C7D5ACD5 05ED1566 79011E2E 0A32BA30
EC242B6C C941EF1B 48109500 FF5E6319
93B041AD 3EE1841E 239C52C5 ABC125B3
37BCAEC4 41EB3FBB A0DE432D 6FF5143E
42518297 5046F8E9 15E138FD 80D69F55
6906E7F1 AB048720 F50362B9 920FD84E
64BDB9A2 A6384992 C2CC1D7C 02F0C8E1
8BBB9FC6 A6CB9717 B6960269 ED78BE81
996C546C E3C29A24 3FA4EBE0 A42B356B
6D5CA79F 2F66D619 AFB79E36 585979B8
2198BA4F C887CD78 D5562B68 42AFFDA9
56261610 F570E41D 46CBE7C7 391A16E1
1EC5A46D 9B150595 B358FAE6 B91F4F36
E244999F 493A10B2 8207BEBD 25469EC0
1295A1D7 68A65BCA A2086D99 11B53E7D
9841B9D0 ECF7833D F39417DA AEF93777
B800A250 7B5D2627 AD21C2C5 33E34E81
B819ABC0 62D58BE3 7C0419B5 5A2A4CF2
157FDFE6 BEA1DDBA 43709D8D BDFCC034
1BC6A3B9 D9DD4F0D A087044D F3A86911
B628C05E 10E2C492 353DA4D9 E9D9AA91
9FCEE222 082B8F76 1BB0A6CE 04597B9E
DE8B41EF 32FE8211 65BE52BB 3CD6D700
3DD7F854 1EDBF261 BD00DC3A 74C01CB8
3049356E ECC7E7A5 CBEF1450 A32FC4FF
FE17473F 0F802004 70F9102A 51B4179C
1EE4F89A F82DDEFC 05607017 C275C61C
6F1FADDB 74492784 4A191AD0 BA0CF067
29B1A216 20D28638 03D6F823 386C1C19
911233AC 92B9810D 0FA6447B B73489D1
0F679D64 EA332B8A FF7B5A3E 262341A0
BA2F8713 8DF5875A D826B0E5 9E4552E5
0CD8A5BB E26189AD F994BA56 B0F37BD3
C55873D4 A4C0C288 2CB2D39A AE32D10A
76716FB8 BA95D0FD 06214DF7 B94C80C9
EE708A73 E227C56C E643702C 0A5FC480
A14E835B 3DD8B642 B8B350AC 31599B76
B6CE89D1 73D1C50E B1E0F6F0 5ACCC911
D76FB6C5 F968BC1C 9B2CA6AB 6F8F2F53
79F3027C 63781F01 6EF97F8E 156B2C02
9EC2D23C 8D473176 15F40EC2 F2EA6180
AD105632 90DCA2EA 03D9D3AB 42013EAD
7E7B476C 66D1B883 4508F347 F33EB7D4
1D7938D8 335068BD 94495785 86B0E713
448A2765 1FB7B338 D90BB106 45CEE71C
BAB7E259 B8BB1FA6 FDF81294 BB3D2B47
DC591CB8 9A6D6624 AFA653AA 8D53D589
BABEAE69 96F44EAE F051F28D 21081A94
E7497830 11E839DA A68E5C7E 2C10DBD8
573F78C7 E4D017F6 99C11E82 C1646627
B00E8D64 811C0857 70F7CA3B 8AB05F85
10707561 325ACD58 B902F1C5 B13AAD8C
D90E7CDF C5B39290 6A2870C8 188DFBE6
33CE1321 D8268D1E 1199899E C6D5C67F
E7FB61E5 73F5A494 E017F709 F4BC0045
16A6D96C 35BA2685 221F06CE 15883C05
D5B15814 392724E7 E81572E4 95B0C8DC
30D33A71 1239BFFB 4697C16F 4BE2B7DE
05AEAD25 651077D2 407AEE51 B807AF61
A9A413E1 93B72237 FCDD5FF4 117DDD25
7133D934 EF22A9FD 810707C0 D5B41D98
65296816 1F39AC75 068A486A 80EC6825
EFC2CA4A 8722F164 2A23DFDF 996855C8
1F6DC01F 8329AC27 F5189554 E0ABF193
C747BDEB 07548DCC C9307593 075C9651
B1549F90 A334EB5E A8BB234D 98A6E1F1
85295193 5BD7D245 292C0961 3636D7D2
B96823EC FB24C874 86622A95 6C1D1493
47777E0D 5BC265D3 D9962310 E3CAC92D
50E11ECC C5FB549D 6AB3102E 14C48661
A5CC5BBD 46296D5F 372A36EB 0AA3267E
0252F9F1 A2A0E504 02D40091 56E888A0
C50AC091 249959C2 F625C5D3 63E3F3BA
C441519F 75AA38EE 67A2AAEE 67C8CB34
245B976E 6732F38C E0F208D1 804E1A24
F9F1C664 84584895 A6D7BBAC A927F99C
44110EDB E77A19DD AB622FCE 651FF4F3
2F6A9096 F210362F 14A53A87 5E44F2E7
ED7C7F6B 0FADB6CA 9A9E5F3A E0796CDE
0B0DE9A7 7A013C04 66FBDFF9 C0D3E1A9
A890551F FE1D2DD8 A57B66E8 216FFB5C
3004A244 391F0E70 557F3A3A E4AAAE51
8B9F8D34 9002DB66 8D7CA6F1 84267969
8C177809 41DEA087 598515CC F397315A
A6F50E3E AF4B75C3 27ED3311 C63A1FD9
19E86512 58B233CC 0D5414A8 3D9B2EAB
1A0E04E3 2183CBA6 33A3580C 5E4C6C78
3C9FD52B 4B4FA050 15419D07 736550C5
8BC62F81 01681F46 BABF161B 4A72A289
952FA7D3 DA676C5C 7F389E4A BEA3D31A
A448EB03 7EDBE648 72705388 9C615281
032BEB9E 1B40A7A3 E36FA15C CE441758
F34486EC BA6F0582 6E7956FD F2F875F5
29F0C1D3 E8D71D23 3D005464 78E8C54B
842792F0 4509022B FE3DE842 5E99F9A5
8F289FA4 D0F01B00 B2EB9C79 B963689C
CDFC1F1F D6D4E9AC 792EAA8E 39AAF051
4231D905 2503772E 22C4F16B C1DED78F
BBC295AA C51D7827 9D1B60BB 803C9D34
F3DF1135 70B32637 2B071642 11420FE0
C6973F2A C51F0B1B 81111122 5F488D9B
9C280AB5 BA69F396 9C2A1702 81C20BBB
AC3CABDB 7C5FD02F 5CA26D1A AB76245C
0155B89C 62223A16 34688A81 7823D642
EC4859D2 79B9201F 66C5244C 54B3C380
2E08FF32 4F969B4A 42B8A1CF D7FE344F
8420C81F 55492EDE 5D8D0422 4E13ED46
07F7A761 7C06A241 4327CBBA 5DFDB507
3E371802 8788DB7F 488ABD49 561BDB6D
A54E28B1 97A71884 5994EF88 47E2D430
1DB63CA1 8A0B990D 10674AD4 9654661A
4A2A8011 A1197C72 213BD3C3 628DC5BE
CD1804E8 E2302B44 3A502FEF 09C7F97E
71E2AA42 27BBDAF0 A5540F69 860EFD92
558FA1D2 910E7FE6 AC7D2C16 7729DF69
3CAF3741 D1532507 DCCF156E 76F6B171
02F32D2D 436CF487 2380B7D2 FC241548
20FB1917 71183F14 CE4ACF49 B8B1C1E2
317498C2 4AA2C210 E752BC97 D3287D2E
500FC464 0A79E284 51156F57 2A2935BE
CC8ABD85 51EBD342 FD3B50DD 4067AA9F
0BA2AB88 74747C18 5B9FDB3D 1A5DB9BA
CAD1CA51 CC8B99E2 C1FDAD1D E6721CBB
DEA6ACCA 0599013F E12D0C69 F81ED6D2
AF4DE42F 9A841492 3341C609 AB2E2F06
36C03982 758CC4AB DA6C9EEF C4B39D8A
9875BA83 09EA426A 4189F720 FED4682C
01D2A8AC 8AFB0BD0 67C04849 8ADD284E
AD390157 4E96EEE0 D0BB8A62 F78B0C6F
C781F4D1 ADF8CC73 8DD19F93 E2CF4963
F84F8760 B51E118D 7BD1834A FABC5BCE
2860FF2F 02B7C9EB 59CF898C D079264C
C42B1E7E 04321A44 7C2C606D 829B9ED3
67C44B2B F52F6516 382B8354 911C41ED
C269E532 15B5CF4C AEF73D30 65A21A23
EF35561C 3E36ACCC 21957E8C 73980C09
32ACC342 09A841FB CBDF393C D728A63E
FB8FC1C2 E7E6B088 4F82E597 DEC32CCA
7501D2FE F88ACCB9 10D4C5BD 3F7FF7A6
83E7781C D44A90E6 A6BD3FE0 8FD815ED
DE25241B D913A407 69D6C4E6 F9ABFAEE
1DBFF5AD 71739E10 62A9FFD3 7ED53FA3
ED1D17F6 79540453 B4FD72E2 F2B42222
E59202EB BB6E91C8 CA7D9319 D3F7E19D
2DF77294 B084F312 DED4AF11 7CA27BFD
C4A95FF8 97D0530B F8DB74D2 7875760C
BD09454A 7BF780DB F585DBBB 1AD100FE
DF59102A 2E2C582C 825C3EF3 EAB1A9A6
E0035A14 24E6D262 D812E9F6 30D5FB96
D64D1CE5 A7EF0EDA 204BD09E 7404A796
69EBF2E8 B4394DD8 B67CF0F2 30EABDD2
29705A35 B51E1D37 8EB1B466 C70AAE7E
17246AEE F8185865 0CDCC281 77115C62
0362B015 284E1BD7 F9267D97 E08C64A0
C03EF066 5358A7CD 5469D0F5 703BDB4C
81F0B8B1 B5530DF5 5477C9A7 B6E45302
B8D934B8 1AF5E7B5 7FCB2282 97AFE3A4
CEDC4336 783C6068 105229DC 372D9360
E50A598D 25BEE612 98377155 43167E36
F43CF451 531F7475 29B2C889 8B1F68DA
82F01F55 50C33BB6 55BB1B80 094AB003
CF7E0B4B 582A21DC 56A69876 3E3B1596
03FC5DB7 58E172D8 BD297584 4F9A6083
011EA053 2D08AB36 1C99F575 98D49E51
EAD9E2E0 F37CCCE8 04B7FE82 F4506608
6D65C07A 05872AC1 E6261CBC 20E9800B
E500356A E80F62B2 8358ACEF BB0791B5
8C495C67 08C5A169 4A86EE7D 164C63E4
02D2A5EE C04D9D01 553AD623 6CD2B4B1
4A658891 6CBD4528 F674FA7A A474D871
57CB3877 D31229F3 98B6C18F 17B3DA13
1CFE0095 4D51E6F0 BB9C3BC9 C20A859B
BDD7CF32 2220E497 31708B1A 266B1B7B
27320A7E 91F17D96 884DBDE1 D2962FB0
BFD8EAB0 02199A83 0EA38311 E760BC16
F25738F4 4A9724AF DB041A58 816ADCF9
2689C301 4D9040D3 0177492A 01208CB8
5650D46A 153DF06E D26704FC 268BEE8B
A82B1D2A 654ACA7F 33693606 85394F34
EDE123B5 06A323E1 F20033FE AE18FA7C
DC5F1BF7 06745E3D 55CF494B 1788D9F9
596A3433 326521F8 0D11BBC4 CABE72F8
8BDA4C5E 4409F555 550312A5 262FE5FA
7C4C115B 9A3E3E2E 40DBDB43 0FFBE6CF
4C903DE8 563E5DC9 290E31A2 CB8CD6E8
6E253663 0B0A9263 F44CDD63 3BEADF0D
D4DF0DCF 42387310 FB70E6FE 3DC5A979
948C579A 0944AEC1 78E6CEF8 B4634E14
AA71AAF4 53F000C9 005B1F79 EE8F03C9
CD24D66A 8334A4C0 6643EA1E E667A7EC
4BCA6D70 EFC44B8F FE71DE9D F00CDEC6
8F7ECC3F E9C3BD3F D95CC232 FF64D28E
20938F3E 4BE2DFCC 222EDEBD 84509E3B
71265A9C F360C32D DCE582A2 C61C6B76
F5013091 94EFA163 E1C825AF 7BD0D0A9
08F883D6 8FDFCD7E 6CEFF06F 264E09FB
18E38F1B F586C091 A5245C07 595DA7B7
A31C447D 4974CB23 68F93E7E 69D350D2
7C11D97C 9280FEF0 7D2C1B12 F1ABF90C
0CD36BBB 34A6B2DF C286714E F7B22C4D
D1F3F294 5DFBF627 CBAD6A14 D210069A
51A680DF E2BF5A73 8749157F A74B18DB
891DB98D E3405624 EE663DB9 5D6F1C5D
1A77720A 4F5AE112 73CDE54B 5111CA88
7F91CCA9 B17E1B6A AB59F31F 5D09489A
76E8AAED 6B642C6E A5674E25 DADB4FEB
1BFE8B80 36EC87F3 3452F6F7 DA72A20E
095C4BAF 296ECF42 869C2F91 EC35F039
15CD4813 89B8600A B96574FF 5FD34616
751722A5 5D0025CF DB3B9E95 AA82C9C8
87A7BB3B 89ACAD79 519571CC C8607C62
CE79AE77 7076B264 21FB853E 72714AEA
013C8227 CF3E40B9 CD7CEA39 A58560AE
C13121FF 5EE627F4 B6232994 9B076BC2
01F52747 170EBCF6 70C2F05E 2AAB7835
C2C50564 23D103E4 B37B4E0E 0B11EA19
F7AFE804 1FB66778 FB990F35 D242EC57
0DEE682C 21A1CD65 9EC81E87 862F7564
1CC6A473 00479686 83C14E62 3A26C2ED
1DACE25D 97CB882D FCBCA98F D16FAC6C
731E82C3 3E20F769 93DB4C6F 018E77B5
A0C7461A FBAB8E98 D8164311 DFBC9BC2
5613BB24 B9170B27 06FFB24F 07E300F2
9C9E8D27 7F659211 D4389A4A 2EAA00E0
933C1CB9 056D7DFB 658756AC CC8EB971
63DAA64E 3F9B6F63 15C48E70 8BEB2F03
FC279D31 C004EF2E 8A3E4CD2 1F0E3967
A8EE8A0F C90A0032 5889D066 72774579
01713E2F 1E1A0C80 B09D4462 EC036A7B
28EC7B32 74AFFCC8 01DC2A19 6773462B
C7447C17 3AA3C84A C7932488 7F237D5C
A38C4C99 F97122F8 D488554B 55658F95
EC9C9FC0 75A527DB 962D31E9 98FAB129
0ADC987F 86C4D1F9 9F84964A 480D6B27
AC1E1037 D7C857B4 AEE6E593 FCE2D40D
30E0290E C64825B4 96AF3309 CA7FD5AB
4BFD3D39 820B45C4 F8381761 57FBF197
02308C97 CAF2EC4D BDE7927F 79FA9D53
A34DD9C2 C23FEECB B0B76EFB 1287EB4B
6CFA291A 493031C7 A0A1A5C4 1B2E2D58
881F5604 8CD9CDFE 7BB60BD2 A5C5E346
D57E54FB F953C9B1 AB592796 AE087185
B6BD58A7 14F5C40A 0F036B57 DC9470CC
AC147E5A 7E724D3D 4D2A21A4 021BC745
B0B38124 F5C6A44F 32FF941D 13E68EF5
F2866B74 581A575F 3826A5CC 3665E2A2
600B3876 F3C4D742 A57E28AA E879FBD0
7424422F CCFB4CD9 4D473A37 804213D1
32F7E2DE 1DE07A3E 9EC51C7F 34653B7B
17ED0A48 792D46E1 507CBD7D A6239DB7
92CF1581 D270F66A A2263419 F3A29241
0C861B4B 03517A95 1CFF5D6A F586E810
BBFB6710 B032C713 3338C263 ACFE31B8
FA21367E 2029E023 16925E25 BC9718D4
B7320613 658C73AD AE7190CD FC7DFA8A
9BCF5CD1 0DE1B875 0C997778 CB701141
C5384B57 29ED5815 22273857 BC7684AC
FE9281DD 0FE61041 E58C3829 5F6252BA
C8C5C572 CB820968 9B7B9B99 3061797A
4397A240 154F1443 C329618C D98492E1
C980E76D EADD7622 BBE4BE6F B12C4D4A
58BA2B89 DCFA7FEB 8E11BE2D 20094FB2
2F462F3F 4EDB5B13 06C8FDF1 4B84391E
FED20506 A34997FC 8C28F7DD 6C67E0CD
6D2E3910 E65E0904 DC37C93E 74FF4025
F154C7B0 B8C70F18 AD924297 B9C9D889
90717CD8 2ADF81C5 D4A055F5 D35071A6
37D07E98 CE28CD2D 86E1C95F AEEC0066
D4A4824D 589EEB24 DAE6584C 11D7CDD5
34CFE1EC 4624800F E875645F 04796D08
DC679783 FA406502 B58C4402 C287D681
3530C72E 9D5A9DC8 C372FCF1 6C3A41C8
BAE2E4EE F046D96F F858ADBB 7E9379CE
1077C54E DCBF3A6F D24004CE 04CD85C1
225F5D36 7347C65F B8CC5336 AB658C74
FD7179E1 3EC622E3 AEE24AD0 04A88D6C
48130C03 C511E662 CF8F3186 1CF4C7E9
F46A3C67 25DDE9E8 C4483A4B A3CF08BF
22087853 340CE825 C3A6042C 9122D99D
D9FCF4FC 1AA6A891 9836D3AA C22D86B5
C28157FF D2653FD6 E44A341C 8920F9D4
90435525 D29CE1F3 90F83B80 076E5987
3075772F 4CE01308 0E053197 A399C194
0520DF49 2ACABFAF BC9E0118 46624A5D
D276E2F3 5D7C126C 5EF3E863 BACC5631
82657868 02AD80E3 FE10A019 9A961145
52AACFEE 93C046DD A4941264 7D3DA4B5
872C076D 26DA2953 3D82CD62 5766F855
F224847F BEAD7C8D 2406FA79 86B81EC6
2532AC5C 7DE262EC 198ACC41 4A9E6364
2166D929 9946EB5F 6393D9E8 49BDAC74
C6D2316E 4F0EE0C4 F2B74966 8B803F22
F20C0C36 ABCC88E7 F8D93D3A 7278D294
B69424B8 0590E101 C3D6DE1D D8836513
3C857500 D5C97DA8 6DE66E70 3BBE27A2
3B22198B A9A05C4B 7F0F5790 70779FB6
6C16D66D 2DD16646 A2C4E01C 64988382
D0840472 13A9552D 341F9067 DC38FFD6
A2BA640D 28E1D382 9B70FCE0 41B72CEB
9426F78E 811BABA7 B9E77B52 96C7BB11
27D58134 D27C30DD 95337FC6 AE6F57AD
8505D0DE 8619FD41 5554CF6A 8FDE6446
AFD8A3C8 897E2AD9 22CBBFF4 11A38382
1EE949BA F1E53347 3E1EE03C 602A5AF9
82DB2FFC 2FD540DC 0C2CD50E ED6B969D
04380A71 3D1BAD6C 56BD5B68 05788FB4
C0FF1E9D 63204BBA 0FD7491C 6DA88D69
60066119 C953F655 1C7717B7 5382BEB2
A87BCB61 1A7C09CE 86087F91 D64D03B8
EF22A273 81AE799B 8CEDDBE0 D1DA8DD7
37FAEAFE 46989B59 9142EB27 80158AF6
837EC9D9 53AFF85B 811D01A0 2FE63B29
C3199939 7FDEB8DC C4F37DD6 0B788E4B
D7762BCE A8D36FB1 ADA3DF34 BDB5DAF5
9CB413B3 BEEF0150 BB33CBEC 1EEDF2B0
94B64C81 F3D4597D 5D01F547 D3B6B6C8
9E4CC769 537BD1E7 3F1CD6EB 98D450B6
4285F1F4 5C27D226 3218A53E 63D8D78C
452B18FE 4BC6037F 4ADC5DC3 C3BD6E55
E810F701 76EE9D78 6F605F92 774E1E6E
B1E15A5D D980C863 36F1CD95 F4162D45
053C52D6 7A2B832E 18C5C8F8 A5B5EAF6
18961614 E165637B 12EDECA7 12A29904
8048E7A1 5F16D5EF AC9AA32F 56C7EB3B
6F372EE6 4D7C2346 A11256F7 6F77E134
6E110269 9CD076CE 0A9A8D62 B1F58512
0971C498 737B93A7 B2736A20 8C27B93A
5E5FA4D4 441EB0AB 497A6A06 66D6247E
9048FB87 7D22C272 630B37E9 0E4786CC
89D17D25 8A607856 C9024295 FF29D0CF
BE40694E 7AE3E60F 80833341 FA72049D
3B790456 AE6E99C8 E6E11D9E CD75D34E
7729D0CE A552763E CFEBE0D8 939F8435
55865DE0 F23883F9 FD6C8BD3 E74FD96D
5A85D84F B9240589 903C0BEB 8FD53084
113DDE41 CD56473D 44F6B0EF 6C2AA64F
9C26F4B9 C608DDA9 F190B88F 30DA72DE
9CBD1E06 7D9D6B4C B53C1674 77AFE468
F436B3F3 79DC504F 6AEA436E 158CA080
077B5DB7 B4864E94 F4D53EA7 F9F82DF4
3AF61CC2 4838ED8B 6CABE9E5 F28676F9
4CEAAF60 783779D6 BEDCA426 399EDE48
49456D02 72CE559F 464A3097 721A76B8
DFDD844D 75857F1B 58AB806B 8F1C66CE
42D26DD3 325D4EF2 3DB9D658 ABCC9D1F
92E3C777 DE3E631B F1767269 5BC0875A
BC614ED9 3CD286E3 9DEA3FBB FF8DC24C
A8D79C52 3DE53A45 BFA673B2 E7DAA3B9
B47D8899 F8B64E48 43A25D13 C69BA5F9
1178CADC 73EDBF41 343DBEAE D56EDFF0
A6A41630 9E49748C FA71A445 FB34A440
02E8C68D C1543582 458E0D31 279CF5C4
C6D41DA3 D3A1214D 1F008592 44403820
6C33B0C4 ED51A626 E1CC5997 0E4EB721
266F8B82 D30A2877 503185FB FC923B65
647970E6 1A5FD84B B8877722 22F3E386
C84A5D6F 86DFD8E7 6F7589BE 6EBBAF42
77A3A193 D9F0399B 6365D04F 9F497564
97C749A6 1688DDBA 7797B061 FEB23330
82C3D9EA D913A2AC 3647625E 9225E80D
A7027A44 0993C656 486B082F 1B04CE71
4ED07492 520F462D EE762C7D 0F7DE71F
BDAE850D 414F38DB 543AFE68 E6BBAEAF
C4B38D3F 2638727C 12CD0BAA 9E919801
8DBE7836 BE98D991 32AA6BC1 1F6CD157
21391E37 8340B9B0 8EA09B62 B0BC330B
3FC8EFBF C517AE1A 47B243F4 AA916B9F
70F9B895 0498EA15 BCAEF057 5AFD07F6
FD8CF338 7C9E084C 2A784F04 995CE5F8
C57455D1 FD44F29D 9F49C083 C3B88D68
B340116A FDB1F429 A0851FFE 95F0519D
BA58CA24 3E3D5C69 036C770E 4AD2E685
5D47AF2A 94123723 FB74687A 1B71CA46
B28A8DC1 ECEC40B6 A097BFEB 57F6ACD3
8FADDAD9 30D97D7A FD0D7049 5F8F4F03
CD51DBFD 25D0890E 86897C98 52E8E40A
B9F3DA02 D913F202 A2958A03 7E65659A
4A5D3FC9 41B239D9 BCB75F65 BE56BC3F
4DFAD4FF 6EC7A194 78325B98 929B6DA3
DC3E8D42 E79B7B7E 15CB989A 4B3C5EAB
2CE1FBB4 D3BBE9F4 4621DFA1 DF2F4D04
A7055A8E 06051517 626722B7 C97EF3CE
75B16A49 24C75859 8138C5AC B8D6E1E8
B9818094 F0318953 B750FC86 29032962
D5DC182D 4E55E2B1 EEBDE05A E190F41F
0F2C94C0 30234F4F 4838D1F4 2ABA29F2
69095093 70C573D5 EDAB4D31 CE9278A1
29F86DFA 17A94D65 350D6447 0CFD7031
E0F64C20 9B5FF490 CD9BBB06 F29F9294
E545AC62 45850449 72F271B7 DAB1D76A
DB09D732 402CCD4C 4D03BE0A 3EB5E17A
72B9F0B2 4290B831 F6017015 FC0465D7
C09BEEF2 709279BE 17FD5519 8FECB6A0
131A8498 721E7F29 14E64765 0EBCABD3
9E988D21 8048B0F0 CB1B62EE 619ABCCA
183E91C6 4125C8E2 BCCDDB0F 920387F3
4054CE48 7344D9A3 11C62F7A CD3A51CC
C9A340DB 7BAC0081 2256B72B 8D0336EA
840CBA65 2A7CE0F8 363A0991 43FB653E
3D7151D6 C059BE78 CB860A49 7966F9EC
2697D387 050C0556 1AB82D80 9CA72079
A3925512 485139B5 3580F7BC 39FB635F
14978851 3A9564F1 D037FBB6 FEB49457
36BAE5D4 812F3F15 1FDD6DA6 1586F5BA
FEE9863A 1E9738CB 13CAE5FB E5FD7FA8
9C8883B1 FCF10A4D 8BC90882 FA9DD9E9
A5DDB9EB 4801119B AF680790 7EB6792A
19B1C3F6 81F7AE88 BA1E61F9 32CEF0EF
06820287 D312B9D6 DE31C3FC 35180A96
BCE80FB9 C42F335A 23075D6F B8DC95B9
45B970C8 BDB1CC27 74645B5D 7EAB5D2A
C37BF0F4 573D73CC C6A7461E 4DD978A1
41D87881 6A20E488 67144B76 8F6868E3
1A7992FD A9DA71BE D783B1A7 709D9695
8CE40B90 44FC8FC4 BCC15E3D 6158F698
07D0E182 EE3EDB17 E099BA60 B5D6CD75
7FC6FB4E AA5B7AD5 0D2B8257 F56C4602
87F65B52 F4BD9DA9 6E89CB31 9437F345
6CB95619 42D09789 9729519C 0B084FE1
9039CBF2 02C669AA 0702D38B A49CE833
C4FD0F11 2DECC60B 91D2A50D 49AF08F5
4019687C 64DD408D 06CABF0A B7FA39E3
2F12DD01 942511A3 3BB5686E FD10C1A6
A5B8E20A 22D97083 FF6D6EBB E7B2369E
5C42DE7A A024D659 E268BF80 2219310F
26F0FFE2 1E330CA7 FF6761F2 35692B82
1D333D0A 67DAD68A 4A91617B A9B97DE4
0CFD804A 9963A112 B1B414E3 21D216BB
D65EBB2E 4FA5D0D2 4A201521 C82E8058
59FF7BD6 45E6748C 8AFFD209 BFCCAC62
3C90DB54 515D1DA2 25B25898 FE83D672
24E8D9A8 A18FE524 1A082193 6662C791
8416B254 620267AB 5C1EFFD6 499528B9
403A266B 508E42E8 943FE174 FB9E2355
CDEA7D3B 32F7D2D0 F7C49ED1 8AAC8FDB
843E3686 F131AE84 1465E79A 769E5878
E0DDC1A0 D235D8DA 00625F75 FC635309
0D494CD2 8AA0F985 FE966FA5 113CEB82
9D8A0BDE AA2B3B87 F1624D55 A4C8979B
2BCB3829 E143AEA7 26D82970 377873DE
074E35B8 77DB6670 E5A4FDAE 01B79C97
A2C90589 E72D71DC 279AB860 65F5DDD6
255C4CE3 DDE942A1 7D28DBD8 F1AF200C
78C9FFC6 1BB2F897 07061388 80891ED8
0EF34BC4 21397B53 B1F553B7 C579F839
7E6924E8 24E530C3 C5FB9461 5F5623D9
29822F80 45BDA61E 6FD42A42 6101A3AD
8D75C723 0B22F38B 21580710 B796A569
81CFD143 A619D241 33EB6094 275DC666
F501616D 83C48F49 7F280487 D907D78F
CFF04269 2AFB4596 F1C1B575 1E6423FA
8B1C2A88 4E4F8B6A 23B4A9D5 ECA47664
1EA0A347 F0487F7A CCDB800B D1DE44E4
7B4667F0 6B2D04C7 331B4793 7C36F08F
E2B71E00 FB610185 D9BDFEF0 EBDCD1BB
C1199F68 9654074E D732F0F7 45C24B22
7E3A146B A08A37A0 775CC774 7CB2315E
B5C0EBB8 4DB630A4 770009B5 7BFA718F
F2E55AE3 1EBEBAEA 6C0EE5D9 71229EA5
2688AA0C 90AF6DF2 1B26C4D4 BB5F8673
7FF885B5 E8BD60C7 3C268CF8 43613B79
7CC0D874 7DF944AA 5ED49DAB 4C97BEEA
2FA7BE02 58D51F01 80F6C850 2973CA0C
FE4DAED5 6FFB92D8 6944D043 33F961D2
ED6AB16E A3E5EB60 C9D0B4FE 6CC1100F
51798046 7E9B8A6F 8D14DA69 8036C376
EDCF0152 B9213879 1941335B 240F6558
67838080 8538D5B0 6182214F C691FB5A
67671551 1832B331 2909422C 8F905E4F
1218B38F 310F3D88 F11B188E 4B237094
041D4781 F72FB3D2 72B663C5 C76FEB50
05EE30B0 B989E9B9 7DA2EB04 E25BBC28
F3BFD021 CD041E80 677BDE37 FC885FAF
45288ACD 52EC5495 54F77D6F 51641063
CE51707A C22EC83F 2EBEE5D4 9578F8FF
320B4A1F 345E8445 022B00CF 725A30C8
AADD31A0 51672202 86B6376C 5E520CEA
DDB0CDE0 38C83375 2D53F2DA 78FE6EC9
DB1EB4FF 067E72E3 27E881C0 52193220
5FE64EB1 7DCE861D 8A0039BA 90DDE17C
444413FF 8DEB4883 B4CA8C99 628633C6
9243A91A 737CEDE1 92DA7AFE 232B8FD2
839E8594 A55AF3DF 890BD194 AD2B9E3D
21F01D5F F16694E0 787B38ED 90A99537
875D3D5B AE771225 A9BEA9E5 A6A219DC
FDF28514 7DC7A498 5CF419C3 23C47438
B72EB357 01E99ADD C552D5B9 5E2036E5
DADE3CE1 38192484 F96EC555 DEDBDAC2
AD62F7C7 E6A17D03 515B752B 4CBBB2FE
A3E44D28 883C8309 7458D7C2 F31E0E0A
B1414FFB 5EF9230A BA297932 67CCA486
A9480992 3A052B71 6E243675 2BD6A43D
C473E2D1 D9D68F78 8BDEECB6 3BD8945D
6C544250 8B7702EC F5801E67 8B0C6082
77423F30 BA0550FB D7CD6732 6E0FB6F3
61CB660B 076A7117 E8636175 494A85DA
44B1BCAC E12B3792 74D09050 2233394C
546034A2 DCC7526E 6DEAD594 1EE1AC4E
329AF42D 4F810DDD A19D60D6 744D6BB8
47055930 FA68B6E8 3216775F 9A39BA65
D60CBB87 2EDA4CB8 594A144F 124BBF06
8E0E71AA BBAF198E 6EA5A290 7233BC44
F2D543E9 98F77DE2 B6FC9BBF 19EE40D6
2D984231 B7AF0393 4B69D9E8 FBF79437
DBE68EFD AE974278 24B4E0E1 1D054DF9
E8E59398 9F68D657 E5A1F1D1 586F554A
8F2C6948 2EE0F58D 1DAC33E8 5BC00726
D7F92D0A 7A858F95 03C74BFD E6D114F6
9BF8383A 007CF0A7 6D6CB509 D99F94FA
1D2AE5FC 4564EDF5 F65DF185 B024C3A4
F884FB72 E64C06F5 2BFD78CA D073BE9D
10611E55 BC542346 3158F7F5 B576CED5
812C6125 A6958948 5DCECFB0 F5DD517E
266DFFBD D6804F45 239B268B 9BAD5C0B
3C20796A CD086555 38289EF1 841BE5DB
B3485488 94AE1FB6 9FDBD392 4DA8A248
E9F380DB 67C07A5A 55B0242B 2A3DFB08
707C80F0 7BC1F7D4 9C202E6A C287E428
B49E5EC1 1F61777A 7402BA6B E2AFC2C2
48455A1B DAD1D50C F3F2EF85 C177C980
429D1632 B6E85958 F2C8B968 BA057789
A7EF02C1 323BADCB C80B8E74 7B05B1B1
6EAA6535 1CE7C357 402F37A8 46964EAA
A0E44858 E7B3EEFF F403E113 CFED1DF2
605054E0 F26148E1 6864A62C CFCF41A4
13455CEA AC2C4847 DBD99931 0A02BA07
51197697 463857C3 2103B037 D9EEA1DF
A1A1E9F0 2DB9FD43 2A4D380C 78166234
513EA25C 0ED46A65 82EBE295 2B699CBD
89027B68 9AF5A852 BCB9DA97 5D271704
D84463F9 1CED3215 252139A3 40836482
BDBC4E40 36299FAC B9DED41D BCEE8824
7589A0B6 3FBF51CE 08A64C7A B1DE0295
6314D446 279C92F8 28F64214 2B552C0E
5B69D2F5 D8425A72 5A7C7954 18DFECF1
B498969A 9C25CB97 E3A4ED6E 1FB23D92
7136BCA9 E56A4EFE 2488B41C ACAB3C8F
573BFA95 3F6B0561 4EDAF258 8DA57539
E023A952 3504845D A939E27F 8237CF30
A4835706 59CB0FA3 592C10FE 6871A203
BF8E4E4A CFA56ED7 4DBB45EE 423C89F9
6D863BB9 75B96D13 EC5810A1 1120107B
C77A4FF1 4D7FC458 3C4AC92C 6206E3BD
1A073099 52C5CD6A B0B7A75D F6AFA3D0
C016367B E26AF76E 99F8C8CB 8689F76C
F31B61C8 BB459335 BF830911 DFB8D1B6
5DD06C8F 98E1A1C2 0DB17307 B4E4F1F1
0E263096 C9F74DEC 00FDF909 11A621D9
8F49E19E 1806EDE0 30242E6C D2403AB6
7ACD49B8 C9A71A93 FB4266F1 A47A85C6
DA43B69A 88E63AC2 647C7D53 5D9D573B
2E91A6A2 DD5099C5 1E6A2258 00B47B39
31226245 D9CE4A6F 3C358742 301B2483
2874CE20 29A0073B 7E73D278 38D2A919
64D17DFB 3DCF7C17 1F295C16 9C443765
BF391DB4 3EC526F0 A66386B4 0837866D
09169174 ECCA352D 0596E337 1E60E775
885220D8 8F5D83CC A9489FA1 D8BB9993
04E538E7 823FD829 906E5515 8F485FDD
69C9B846 C0028C52 6733AA95 E07980C4
5D8B2EE8 A05637C6 D6500986 46DA7A68
08F3D462 4BE8CFE1 9BC4720C C0BBFBBE
F12EA68E 733FCBAB 96D4D9FF 72D42ADF
B071058F A3990BD2 DCB3A53D 16F92944
4A067B05 CE7CB8D9 F3BC7E75 B5627E02
8949547F 22766151 47DA43A0 9856F00F
4CD1E60B 90E390A8 6E5ECACE 28520683
D5CC60C7 38B42E4F 690BF998 51270085
305DFBD4 652E24AC 8FA7540C 92A9A60D
0F45A031 9B9817EF 01FEF3CF AE9724D1
2FC60736 A75D3DB4 40B364AC A430BD26
FB9D7467 57186308 574BAF78 3D883F01
2FE639E6 0C93D6F2 EBE80FFC 04CDE7AA
73E18A0E CCF5AA1E 9EFB1363 32390137
EDA5256B 041EFC06 3E8210C6 2B0727DC
9FEF7452 BC8F461F A70C4850 9AD75775
2ED01350 4F92105B C43CE9E2 C397C40C
410BA3C8 02C66E89 49A4B93D 5DB93FB9
63B9F689 F8996D6A 7B9F2509 FE601ECA
523E4F86 CD53616C A306982A 41D61089
67E5A66C 7349F0C1 31797687 810531E6
884BA1B6 CC4AA8EB 58A73724 E0C55C13
309D2C61 01EB130A 14AB5D18 F795760F
95D3482F DF7793A0 A30B2D5D 6E0D7B2C
6D73DB05 2A1852B8 D561C81E B79E4EAB
DF728BDD E8FCE43F 855DE436 B32E52C9
E302BF27 8EDC07B2 2E45E7C7 7BECF1A8
200FAED4 820ACC7B A8B0D4A1 06C60512
A1560DDE 1AB29088 F7BDDEEB 80D850F6
E6DE55E3 E035E303 6E34D49E 8D3A8043
7385B500 4F903B9C 46704265 3EA1C221
AD328E89 7D5CE14F 5B5C4B0A 44A64DED
89DFA383 EDAF144F 387C1766 1D60ED8F
D70C8342 A9A11ADE 48B3C4DF FEAEE943
8061E704 99CC6345 17E97D10 1814756E
BB690F02 88C309B0 A773AD88 EDED914B
615434BA CB907732 4DF74E13 E89EABFD
F1B694AD D140B698 601C9002 EDFFEC23
FD5C7665 441D5C4A 5E4678A2 274F4212
E9AA5CC4 B880B894 CDF2ED15 4801A0A4
4DE35FD6 D08DD1C2 DD5B2628 634EF108
BE4B93C9 97E90851 A3939DD5 B8E94BE1
816D7AF0 7EE886CD 4367FF2C 7DE36425
C9E17F50 3A289F31 A432D5DF 695970B4
EB7D6682 71639AC6 7B6082E6 8DC6945A
D26F5350 EC40E165 FF5558CF A7CA5E25
4CCAE38A A79C5EA3 65452B33 DC53A9F2
2F704F52 ED88E303 3D9FBDA5 432C8392
26AC4D32 86DE6C59 FD86AA95 7C645400
6C8B3F6D 1CE460D2 68288A9C C308252F
4C6E7C82 076BDF5F 7149D511 E063C13C
EF7160BF D673F289 3040BE1C FA65DB26
AA3A3A27 85337B2B 4C1EBF95 07F6CBB5
7A510E06 00B7617F 86678B0C D791B504
C6F16D27 87E3DF0E 1DC6F845 B4CB82CE
9DBF71E4 35205E87 79FB8138 8B4F0B4B
97BEF42B 8ADF84A4 A1831941 6BC7DF8A
A5039399 A657445E 03880DC9 85CFBAA1
4E6AD114 F342D69F 8D819B0C A472DE6D
5BD1AB3A 7A3775EC C7993BCB 2F491C8C
84633FCF 4E358641 6F44FB1F ACAFFDE3
97A21865 C0656084 8BC1D28D 1105853D
8FCD4CAC 27FDACFF 4A871A5B 222A9BE0
4866D875 6188BE95 38339112 4567E101
1CB1FD51 5E56771E 591765E7 E1D9C8D0
BD4E2688 B342A3B1 7F115A26 DBF41CB4
98E4F785 88A370C2 D0966DBF 58EB31EB
32B63C52 99585CEA 2D92616F B6FF84F2
A5C9A5EC 1023E8F1 A79DB6EF AB765A26
97CF478C EC8BC6C2 787286BE E436E005
DE09106D A8A46347 F2A93E9A 78F5E86B
CBA0A7F9 3EEB9369 8F0B1F38 860A504D
32E07854 BDE356BA EF35AA94 B4F72CE9
129738EA DAD46319 5A1C2537 5F36355C
86B12969 1CA7ADD8 6AF4A9CD 42B1ACE0
A2BE614A 1F4B6AAF 93BC9BFB AE733ECE
8F8DC312 7B9690CC 082406FE 0A790736
A75E76F2 06AB819E 6A2B83FC 677FC08F
C39349EE C8970040 67F8931E 10BDE4AB
C0B2E935 F6F1DFDF 229F6628 78501144
34ABB079 BB55C22D 0BF8EC9E 972567EB
0A10B887 0FC1D881 6F0DDE13 7F423848
1487BD3A 9E1C1CC4 097428DE 6849B9DC
1A0A7D75 444D904A 5C8FC8C6 D7B7370C
1905B77E 6702D985 BFA9B096 C3891FF2
30D54FB6 F32E09BC 7071CA16 EC7E6F6A
63AFC11F 38E318E6 407E6713 72E85520
DE1551B9 AD431F58 B6BB51DB C4473C81
EAA98200 A74B65F2 3E88A883 182021C1
94A3A959 12FD39D9 0F195F64 598D366A
0573D219 CEB4176F C78117B8 B1CCD540
1261B380 F4166789 81751551 6DC098F7
E4ED47D5 DAFD148E 7E38718A A78ED45A
8624D5AA 1979A1C3 DE97F446 0556F24C
03C605E0 56BEDFC9 82413928 73C2F0CD
1752D06E DEA369EC 875C81E4 9586F9A3
8DF73BC2 2A4E2F8C 71B68831 7B5386EF
E8A19DDE 95606B1B 732507CD 3B6524C8
942ADA1C 898A6CF7 01ACE559 F16DA275
47518864 5C6D05A1 A3A54B2F 08A9D3E5
33647E2F 0A4CE9F6 FA7B8DA4 EE8CCE4A
FCF36F99 FC7BEB48 FAA97A4A ADBE5A7B
5AC47C67 756DD47F 9865F5EA 46927B53
BCE1F3A3 C2EE0350 119CFD51 D2DBE1A5
8C4CC2C6 E2DDB1D0 FB44E2A7 DD34698F
3D29C17F D6AC84B4 D3C38CDB E6E983C3
987736E4 D1364C37 A3964C87 D94FD47E
47815FA3 A8408577 2B6B56E7 F71B237E
2B3B1D88 8DBDEB7B A793E9CD 14E5A7DA
E5A01D39 5E592B9E DCEE5642 D77F2AF9
8F3CA5AA 1A5683E3 9EE7FD61 D74E6D5A
36CF365A 23DCD648 18769C91 602FA5BC
4FF66FD6 D567F74B B5CE7A84 1C3E5A1C
EACE2166 53A45B43 7AA2561E DDC6019C
4D21D178 1BAD7914 662652A0 281A43A5
E35B9E2D 26EF36F8 2620D1D5 787415E6
CD04F514 E8703669 4FC380F5 42D67311
0E168D85 3F68D154 5F6B039C 80743189
C995AD3E AA263E34 D4BE897C 13B879D9
C0997FD2 C1D3991E 43208133 BA2FA005
9D380E48 FAD011B4 F204809C 31737159
60324D38 5E9E822C 745D237A 745CCD9F
21E87BCB 7DB9E9AA EE625E8D ABCE8959
C717CE65 415976D6 AA571BF9 0FDABEB9
3ED6C126 0174597E 80741B5C 577D4489
F67BAAD1 2BCE227A 47FFDE65 9BF2E61C
30A08EC2 865F7BD9 64A2D707 B917E5A4
12FB8EA2 ACE281AF 691EAAF2 FE98DD36
48D56BA8 CA591445 6236C86C 6EC74558
F2FDA5E2 EB365950 6F886E61 070B8F4B
5495D665 E875F296 B01CC6C5 99AB3856
745AB236 D5D084F7 67F60DC0 0AD617B2
3488CED8 50A6E220 3D31CC9A C121C3CB
68EC9CB3 DAC6613F 0CE2B1F6 B850D36A
59997241 824E7ABD CFC36A5B F6C67577
E1BB7A8F 72FB0252 5EA30C7D A52C0AD0
8621B183 E4B841DB 7E5264F0 2D28ACF2
DEBDE55B BFC0C2E5 EBE2619E 67B61881
9BFD3890 B5131CBA 50813A02 E707A234
5F653551 1251A48C AFAE7259 384EA636
742B4533 3D14925C D5CB59DE 5966D626
95F39175 5BE27C6B 5FEA45C0 AEB51198
B947949B BA4750DE EC6F5A50 8B0285F2
E7367E48 4FCC9A98 D9FE161D 5617D66B
5CE54B86 98269A1E 118D9466 E08E48CE
F40BBED7 BAD0DF5C 4687B30F B6E58A0D
C677AE88 461648FB 62BA9C3C 14BE7BA0
68A17450 5043D9F6 B432F7B1 BDAA5F2E
B065556E 530B8DE4 0146F898 9F206A7C
FC0C763B C3785717 2A741D7A 3EB1D67A
DFD1229F 1E257686 8EBD34E8 9550226C
B442F702 B8192610 5B0AB4BF CC601397
A92F9944 41DF950A F5BCF71E 0BA518BF
D5B53DC7 FC79BEA8 6771FDD7 B6C04C84
50E56F87 42508928 DEF4BB93 FFD17909
2828AA1D 83C0485F ACA3B50D 07BA6916
96E2873C 7C2CAF07 92068468 831D1694
29047E60 B812AE30 65223519 0FB269AB
7101228B 7A1379DC 1634BEEE E06B6CA1
29B90700 F7F7F67C 786E13BA 69C8240E
A2E0C189 257E7A23 94231530 356299D5
D5989952 EC3B4D63 D1B310DF A7EE5461
8D07C3A4 D754A245 A8215130 E056B02D
5BF946FD D46D05B5 C5EBCDCA 4E95720E
7AD77CA9 06171736 7BE6C803 AC87876B
51F89734 74F5264D 1427F800 E9EC8D3A
D8447FED 3C48F693 1BD6AB00 EA277370
1EFDAC25 0A82A6C0 FC21E04B 174FA4E2
0BB74F15 50E2E946 B40F1842 214CFB32
FBFC7677 8F944B36 B3D443E4 C906EA47
792E07AF 44C06508 3259A8F2 32AB0BAF
E8CC379D 7918BB63 ACFB8F7E 7D29A837
8EDE4AA4 EEF34C8F 40FCAB01 C4AAB5DC
7677EA47 BAB9A08A 1A771AF0 0F3A19CC
C2DBF907 CBC5C26D 0CFBF8D5 C10A2D7B
6D8884CB 52D0AAE9 C2D683A0 4BE835C5
16CC3DE0 1FA4F199 41DA9B7D CD59E5A4
EA3634AE EF173007 681B6A1E DE7DFB87
160BCB28 2F65BC11 DBE74FEC 27E41F38
3BE0B236 26104AF8 8C4CB3E9 D6E4CB10
EE529AD8 14A46A35 EC44A00E 6592ED0A
9F493B5C 0054DC1C A47E458E E7888395
0EA90143 A5A3B374 A8E6F8A3 DC34B688
25F09B92 BEB20DFC C6814076 6A332C30
1538FA67 B41800F1 6226A378 3B614E79
54BAA83D 18A9ADF3 A0244A20 7D25A105
8DCEFA91 0052F61E 6411C816 89072E4F
151463C5 B58D3AE7 DDA1FC5B D3F41E32
E4DC5B82 6AFCF9DB 809FB35F B7BE1458
A9E67033 273DF7CC A65809D9 E919F329
4700D82E 2F17D3E5 EEA3BD75 22F13B98
D23CB4C4 A91DEEE4 6C50D6C7 43CF7BE4
865CA7E7 572733E0 F7E67230 0C87B2EF
5AD1EE00 10B604AC 16B7C46A 2EB86E5A
0AE39B01 751CAB83 007E2EF6 260CEE3B
951C91BF 69A6B9A0 154DBEA5 72A6376D
811B197C 36CF19A0 02E6EF0F AD094FCD
C97A2816 551F2089 DB044F84 499D34E1
2C547053 414BF1E8 8172E545 BF320D69
E4AA10EF 9BCFF6D4 FBA21B97 54D3038A
67553DF2 13E705C7 5EBD3103 8F61BAA5
B1AC41DB 60864330 992BAF13 90B337F3
6391C517 B8639672 CF5890D1 7E6956D9
130EFF09 158B047D E165D127 1ACD71C8
3400C7FD 10053372 37E99EE0 2AE440A7
CED60F88 E87F587A 5A387FF0 EBCEF99B
EE371077 4C775210 F468AC43 CBBA9B0E
BAA1C693 3770538C B7E24C9B DFA375A6
7EFCE116 F803D2BB FF0FED8B 38660247
2CC2B8E2 DD5C14CF 1594E3CB 3F03AB8B
120B892E 858849AB D116A30B 93B0AF1A
53615A3A 20C2A076 14F7C397 EDA0BBAC
7FF07B2D C00765A5 D82E995B 059D995B
64BB3721 472F35FD 7F177B45 D97B78E8
6092C210 3F8805B3 20F45DB6 34C5008C
ED417936 AA937BB6 2D0EC79F 7CCC899A
AC97DD25 029C95D9 F08454CA DF80F810
F1D1C1A5 BD944A34 57DEC06D F25B4259
92B16628 9803A8A2 ACD42A72 AB57D6B6
B396F19F 69E48521 6EE53A90 1B0EC193
A8A2A60A 1D10722C 87AA3CE7 22793FCC
308C17F5 5E41823F C1181F36 8D220CB2
2A1617FB B93259C0 305C69EA E74C1C32
A252DE31 23E88BC2 E2A67E47 5F13DEA4
4B83A2B1 A12A0D12 1C48AD12 B6976BDA
4E50AEF3 96CA206C C386852D 7F273F29
4FAB181C 8D86297B B99D4F5D B8AF7B52
4A4BDFA6 51085536 5746D796 009247DD
70F5ECC9 605ED4FD FA203B1E FC99A14A
6A7931F1 DFC131A6 5315156E F5630C75
87A6C60B 7E894442 9FD1AF0B 6BC0F00D
3661F395 89B96D86 B0D2385B 745AE7E9
07948011 0B1A23B9 5D00A02B DF0544BD
1C86864D 715C6991 122E0627 CACCBE95
F7CEBAFD FE4037CE 6D14A0EA AA4C7F13
C00EB0CD 45083AC5 19E4AFC0 D1F85B76
7B14A875 ABB58D9B 9FC6BED7 EC1D09D8
2DDEF602 B73C41B0 4536EF90 6334B32F
87108C30 21979B3F 8F1317A4 176E6C2C
168D0C6D 33EFC23C B58BE09D 98075DBB
43F70DFF 42EBF204 4EBA31EA 46B3A4D5
5246AB18 384A3043 4BBF7E27 3DD9AA77
AF8E9301 FE00BBF2 C313A859 062C5FD5
64172095 C1B2A485 1D1D3DE9 14AF7DEE
A23DA6E4 43B5CCA8 2547B68B 860E2495
CC12D98E 7F9E6011 1F06C67C 842DC640
41059989 49C33338 9601AF84 211645EE
9E8DA1CF 9CEFA38C E38BB89A 7DB57E01
1F730FD3 5DB52EFF 0E6FF1AC F97AA7BD
3925F8CD AEEC84E3 3D78FF85 A065BA63
110EBCC2 F300B4CF F5568CEF 439F707F
0068CBFD 0A3DC86A DDA26829 53E34327
040A1F58 446A4B60 ED499C67 30BBB5D6
EECC5B10 DDA76E6E 995D2156 79B5F82C
EE45E6B9 1FB4DE44 98D77A59 41186B19
65B71F42 6D08A488 FD3B7C8C 29A7665E
35BB6507 29A617B2 62D73BDB DAC58216
9A9C9D43 8DEC6AC3 B1A1ADDD 5B440C8B
A14E758E 4FEA56DF C7A3B58D 1BCF465D
7F410A90 EAABBBBD 20377490 480039B4
B1597BB6 40ACE6BD 7F68A895 94C7947A
0F22FFC4 2AEEF855 B5093905 0A8C8CE4
7AC6CBA8 C5A84F27 6854642D 7467A8B4
B4C55736 E72CABE3 78CCBBF3 9254EB3E
477E3D7F A64EB59C F63AED30 75C844D2
291A23E4 3BF5FF5B F813B003 5C96A27C
60A04129 18E94292 1D0A3B85 C638E5AA
21BAB208 17B9678F 620A5B3F 8D3DDAC0
2185E013 F35EA5D4 CB4C9224 537CA084
7A1C3CD8 A1E70A52 ABD8A07A F953AB83
F673B2C1 A1636B6F 2E6C1944 89B39990
D92B996E 47C88B13 92FA77E6 1EB44171
12B46AAA FA98F864 2765E563 2F2377A7
CDF6BEDB EE55100C DC1A262A F0284583
FE2AB632 6F2EEDFA 746E8CFA 29B05362
D2419495 E2C89132 8B17942E 4FBB66CC
A505B77A 7CA4EE6C E3F9A8F5 1EEDABA6
27E18E4F FC93AA13 59DFA048 63A1A2BB
4BD4BE14 366F8C13 DA326320 651AA82B
04A743A2 413ECE52 23EB18C3 D40DF898
4C597BF2 01719C16 923F3A72 D8963C49
183A5A7B DE0AE53E 20E4D2CF D25B6C8F
566A278C 230409B7 11200C0E 81E1E756
474100AE 022227A0 3F154B9C 2AE2AF8D
7F3F7B31 04305F2F 4EB23DB9 049DC1D9
D563FA73 97453CE9 F6575881 B58E5B7F
A5EA470B BF69E409 EFA678C7 A936EBA6
66EDF2FB B09AF06A 246C9975 66F3E98A
A74524AE 36E4CE44 C2C85E73 4364D04C
B12B2BBB BAC4975D 4AB35600 9C17FE7D
A0E17AB9 5CFBB3DE 3C6DBD40 346000A2
832ED9CA 573DE66D A7C992FB 2CBCDCE1
3609A013 5B0AD8C4 5EFCDA60 195F4385
FE17BCC5 A9FF0CBB 9284CBBA 1B4C8D0E
DE493EAD A1422B6F 218F99D1 0DF5E597
59B07164 778499A3 C635D050 8FDC0275
37AA00BE C81438E9 A929E941 E5F77447
85F7C398 2E81FF09 80D61668 76D1BB98
71E1DA4A FC058AB8 AB4F4272 1E5BF43C
47BF538F 59EE90E6 6EBEC7FE 1F87411B
AA22E49C 21CB4B42 15CA2914 50070DDE
C1A905A9 5CC04D64 89B89C66 E0A35271
1B0CB3D4 282618A6 B3DA98A2 0E072A4B
DB4C2FC4 79561E5C A0EF5A15 2917F7C1
8F566BC6 C1655B87 D2186964 BC277324
16717EEA C2C593CA 7A526190 EAA9B0EB
B71A32F2 25DB3595 2DA506C2 E6F6E5B5
BF41F03C 3223CD6F 761AE2FD 8E380D4E
56AE392B 24CBBA66 5D6A6583 139D92B7
63477A79 4AC51CFF 3B4BC190 6C600CA8
CD89E925 93A4B52C CC06662A 08A9DFDB
C4900B74 84BED841 6230CA44 3DE4DCEB
51F9F6EF 7A3B99A7 CF197932 4FB1FED2
4D9544DE E8E4D8AD 1C63A007 E9B19136
D2912BED 14ED7191 01682E97 AC8466D1
B47E301B CBB14868 AC160E02 85DE04B8
86EFCE36 FC603DA4 96F3DDE5 2B7BF605
A68FF247 C99110FB 50E64577 A87829C2
A013B56C D951B804 608DF57B FB838F7B
EE003B86 3C46F663 47477DDE 3E8A6432
B15160C7 1D61083A 69A16A35 CAE136C0
0F4123C0 04C4F308 399E6E20 D896FDB8
CBE0D43D DCB9ADBA BA37F2EC 040C1F90
6E174702 79F5C7FE 86529869 D8875E80
9584A70E 3BD8D4E6 3440EA53 29644997
EF4737AB E8A547B6 0A9E7FB2 62ED8603
0B8D08B0 48B29370 AC6BF7D2 B8B9050E
4613F08D 476D832B 720F7D8C 9BB1662A
B9E98241 1BDEC623 00F9C345 773E47D7
13820EED 304EEA01 ACB61E33 419BE936
6D8D3955 C229DD20 C2C21EE9 E2A57ADA
58BE0199 E755636F C556A06A F15FADD3
6C2AA4F1 D46AD5B0 B72CE643 3B4D0007
5B1434EA 25691132 0A068238 9B8C4D57
AF79AC87 09C7DA13 D28B7E21 41FAF299
F9738116 146A1077 AB837612 625A7B7D
91A0E119 397B3A6F 06FF52B5 F9B30ED3
AC2F29B2 55E29A15 0D0E1D33 3AC94C9F
3F948A59 8E8D7C3A CE53EAAD 8D71DBDB
223E9B98 FC2780C9 EBB810E3 3F3A13EF
CBA0823D D9464DDD A504C09C F0192F27
FC85F7A0 5F9AC13F 7791CDDF C04E230E
FDB78CF1 1BF26323 11E8D3F1 46D64A3A
26B18A0E AC7151EA 9B7E7279 E62F2933
B823B807 CF40D4FA 7AA4A102 FC2302D5
AE90C613 7538D020 935CBE6D 20034910
5766BD74 931EBAAC A8D4021E BB135827
C3C3F169 28003026 3B019E42 D5D1A471
30D37E98 E130661E A0E5856D AC8EAFDB
8DA13111 D475BEA5 96C4BE48 56747B30
8D6E8232 1F6B88C4 64528453 CB51064F
7F4D9525 5AE93C1C 1081A9CD 6515B5E0
C9574D46 64237506 B40A0EA8 DE87CB4E
6677E57A 15448020 F9E3A78B 11532D0D
33709B4A 8000993E 911BA613 576A6774
9FAFA7C5 50EF1583 CAC5EBA9 536B0227
4D8BA7CE 0553FB08 15A3196F 290CFD5F
E49D2F35 7A4F9969 DE4EC7D6 D4336EBB
4504B5C2 BA3221D3 CF8C8F22 360D1D67
C11F4E8D AB7BCA10 21FEA395 17E3E5F6
89C807BE F5ED0196 BA507373 523E73EA
D992A016 A7768CC8 D0D1F31D B3B6368B
5D7CD8F0 89448255 0F01AE72 1B153571
DBD99F62 9A225136 9273365A AA67C935
50821729 B01AB261 E4C728D5 09DC8328
1E2A7B69 73E3BF67 FC09AD22 5EBF7273
8B28A73E 3E1624B5 A4549E80 82641923
8D762321 9B5E41C3 8F7E589F DC7445AC
B0ADCEDE 80B5912A 956A3A83 A11C39DE
343438EE 4B76377B 9B8C0600 996223CC
A20BC449 588A4C1F 7677C0E8 3A786A91
47E85B6C AA7EAB8A 34880EF1 39A1BDAC
4D859A64 426E0199 C8070129 F19F7132
0F14C5B7 13190F24 B04D6957 8855EE6C
C991EFB4 A9A3A58A 0AB74E64 15FE5EF1
07A2A884 CEA9DBC5 33CAA27E C3D93D53
70C6343A 1E1040FD E9A4BC2D 5F28DCA7
C2D755EA C4E0630F 3A030395 98578AEE
C34155A9 7CF711D1 A86BD714 41914787
67E12770 7AB4DAFC C702B7F9 8ED16CAC
C7079173 EC24517E 5F067CD5 7BC5FA97
BB576AC0 A36C54EA E0B1E1DD 6EC904CD
7293D6DF F26C3CC2 7BFD0891 59A9D0A0
1F529B7C BE30C3CB E7C30EF0 BE06932D
5765E03A CC958430 60148085 316C5726
1EEBDB1D 1D11270F 962011D8 7E757C0A
07A144ED 7143BB1E 30982E32 6C49A8C7
BF51797C 48AE26A0 2625EE5E 9DBC5045
878616DB 06889135 0CC7111B 5C19E1E4
D5BD14D5 BEDFDA25 2A12375D 6BC20B63
33EC3071 984AE85C 5FFE95E6 938E3AC0
42B9F847 CA21CC46 FC2DADCB 6BDF18BC
6DDB26AB 12592B8B FDD00C9B 8FDFF32C
F3702FD7 ABD1AD90 1FA38C32 BC7D97F6
7B84F6C9 ACBB7412 5914B5BF FFB4B18B
0226764A A939DC3D 197D31C1 F1FFC3B9
4F45E7AF 138A15E7 A531623F CA736AB6
77C57BAC FDA6133E 63D6ECBC EFB88784
79099A79 8AB3521F BD5D7F99 CEFAB64B
16925E62 2D4F11C9 2F1E4FD0 01B6245A
B5EDFA4A 990BAE23 9FADE37A 762A26E7
BB99A40A 2BE05947 EF2D4995 4D03EAB2
EA6FC412 D746D30C 2ED1A3B5 9E77BECB
21339A47 05B211EC 90FD7862 BBBDD10B
C7A514BA 1AEC0383 AE75F2A3 DB9B3616
5BCDC907 DD805CB5 9BAAC994 7FBB36A9
540D625B 6E93B3B8 6CBE2473 CF887B51
B73CD469 2D7BD024 C9226049 72E96BDE
1E398750 244EF96F DD275B64 3FCEACF3
653E9680 ADC5F94B B00924D8 65696A63
C36AE612 11D86605 37653944 8E11304E
D549C962 06C2D442 06608B43 4B087F8D
8E1B7E6A A6F86762 FD1F3B86 BDAE8477
82EB864E CC5C660C 9AB3B386 EECAF379
048D7D56 463CAD01 0556690B 827A6291
70EC80DE 610EB069 55EDC9C8 0BE9CEEC
B533F656 56152FB6 321F58A8 C579F808
019E6BAC 728071AC E8DFFE3F 031AE27D
7EB09059 B62D8872 37DEC863 A21D7CFA
9616AD09 D9DAE35E 6B60AA58 72CF8AD0
02B4A2E2 BE1AC5FA 860472E5 635F0705
2D463EB8 922E985F 81BCEEB2 0BFA4413
0F39B81C 8AD68B93 CD8AC244 3DEE6565
3DBBA8A6 36E30AAF 1B654A48 8FA1013C
5C9100BC 197F2433 8860EC58 7E5F64CD
687CF10C 31197CCE CAF5E57B E3902AED
830DD091 711A58EE 1A43AE53 F2605D6B
C103EDF6 003500E1 5AFF2DE3 15577063
E3A62F7B 84812234 2683D87A 15D05AA7
F968B501 5AD07709 57664376 A1C28BDF
938D3093 7BA3AA94 1703AC04 71D358E4
AD0F9D47 3F3810A7 61ABC29C 803D146A
7FC10699 14EA8246 0D9F3F8A 9D5283AD
F0E0DFDF E7899C96 85491E99 BB4B4FC3
AC8D4BCE 6F89A393 DD08ABCB CF53F064
A0C43CB5 3AAA1EED 89862480 80ACC140
BB5105C8 F42C8933 16AD21DC 26802C54
CF6AEB29 8D408E46 7E611D57 AD5F12B4
62DAEDEF B60576C9 D1151BA1 40CC9D0E
08D55304 259E2D11 B9B2F6D2 F79847A2
1678CBCB C84ACB85 F583D422 7A58790A
1D77AC1C 220F6862 15A49A7B E00A7DB1
8DAEB8E4 B20E3EA6 0AF3AE34 080E7823
6013C10F DDEC11D5 39DE38C4 D1BFD67A
3198570F F29D49F6 B6E5CE4A A41E116B
3CA8B70A D8AA37E4 D88C8675 8894BE63
4B6E1AEA 2AD3CA66 7D0A4E44 76635A66
753E8D64 C349B6E4 B567F51D 576B57A0
CDCB9F93 176E575E FE7331DA 9AD7A9C7
77DD437C 39748FA0 0C6B3804 C2A81F56
F9A5E6B9 1A537C72 4D3A426B 0647E682
84162F1D D1C104A8 C9E3616A 77DE2E09
28AEA6B6 90AC630A 274388B4 FA7701A8
8E96C320 FAB25D6A A498649E A0F6D706
FB2990DE 9CC72309 E84DFA3D 6D285EE7
989EEF8C 7CE904E8 8D2148A1 0C727D3D
9A6907DA 2DA7603A 2BD017C9 90F73CE8
F7AD49FA EA45FA04 79906D86 121E5752
A390D773 BAF34602 D77F7974 D467C5F1
B3868A91 8541816A A33BA931 1A4C512A
B7ACC6AD 591A5674 AB8DFAA5 CA6640A6
CFD6EFE1 61AD1863 126A463A 3499F7C8
557D179F AB172A01 A9AC3E08 67A9198D
3121C753 3462D58E B2BB54F3 CF136EA6
786AC88F 9281DD37 9353EF98 32EF21BF
01333624 B854D843 F9839B80 8D063CE6
DC36A3C2 6E3E3844 98350CB2 B47BD8F4
1A0CFF1B A0DFD898 1D254462 35F7894E
4228F419 5D168986 2CE95847 B3AA6697
6FCE4D0C 5BB1590E 1AB8C2D0 57DC73C4
7D47EC01 99A36BE9 C69C6761 FDA73604
CAB79646 476FCD64 DA6E16E6 18334524
BCEABE0F B966C8EA 2447F7D6 BE2B2DEB
A6FB096F 1C1C8F88 E01E427A 1A78809C
46C04E1B 3DA3FE3A EBC7D329 4C674B3B
47374CD4 956833E4 E7D872FA E8811A93
92F0C035 E31031B8 57260716 AD750D79
A03B88D6 22DF7561 E61F1FA9 6E486E53
3CAEBC00 E76B51F2 2D09AD05 8827E7A3
36DA683B B1DA11AB 6E1C8932 8F3AB1D5
0C82AFBE D6926FCD D8B4ABF4 6B925E81
DBDB463D 98AAA925 F2F814E0 5F78CBC7
3CA544AF 58F1D352 0EC83B22 F3FEA2EE
0034E808 0FA4BB62 B966497F E3776E7F
3F79C081 70E0B74E 918B9055 F3C71464
4E5CF050 A3A89D35 357CC433 80AC238C
E1001F71 8A416311 A58C52C5 CC82EEAA
32ACDF4A BC71F957 8DC7B1EA F39625F4
13EE94FD D564F925 E950B36B A40A1E8D
1DCE6A13 E2C2E825 0EC881B3 C4547355
33911965 8447D6DA A27260C7 75E830AC
3C14F4D9 3BA4DD34 5D1ED8E7 36BE4733
53EEA638 94477755 B3C6B896 0A46817C
00CE4660 5DBBD947 4BBACD53 8EFE2783
671BBD90 38742055 BD7D0062 5BE94F2B
061B7FDC 10E6F47C 2FF20313 15CC3F89
03D168F2 556A6F7F 974575B9 90F23951
113BEC72 725672B0 FB4740A2 8335BF07
F9B6BDBB 92162D02 DAD98417 591CE8B7
1C3C9617 28E718E7 5CBC552D 756F6037
9228E05A B50E9A1E 1582F05B 5203876C
688CC713 52A94214 D122675C 388E4AE8
F2579572 F953900C E94F8EA2 6BB23B6C
0E0C9E6F B9E7C058 26346C93 36F9508C
46C58CC1 152DA97E 7C005822 18E6BB01
E1DF34D2 636AFB2C E7B803E5 91F17D1F
A64B9742 C5E45AC5 121D97AB 237370E7
2C35B369 8FB71D19 47CD4BCD 7405856B
B2736003 DEBCF32C 072D6053 946F5EDE
FFD44E0F 660B15FC 3866E4D5 216069DE
1C10F9DC 7C443F7E FFF41C0D DFB18DBD
639D18F0 35E2DB35 B21E1F1F 44D74DAE
05C6E64C B64573D7 659F78C7 BA72A8A7
62D96323 06876B76 8021864C B1E0FF0F
6A95DE38 7333FEBC A6801473 B8434C5E
739F7AD9 8C84A7C7 9E285276 FE29DA4D
7D95F2D5 CBABE66B 8DE69DE1 B4BA4D28
583AA937 3F1EA504 A7122589 084441EF
B1E6368E 8A03196D 8E1E5534 83507F8F
C70D652B BB7F59A8 24F0FCED 6E9B57E2
CBDB15E8 8228D910 7C92D31F EE3EF213
F90F4984 37F3F080 9F83081B 455404F5
2CF118EA ABE3D8E2 9BE8B348 0060B613
5E3F0C51 6F18535F 4664D9ED 4B9D8DE8
7226E545 6D6DEE21 A65C1AA5 5C414EB6
23500BE5 056509FA D943FE67 5421FD95
9C358CF3 C7AE321F 006AA721 CD49A2DE
29E33130 1FF206FB 83AF69F0 A9B60E3D
FE2EC05D DC98CA6B 8FE784C7 F71B4464
B619867E 42AF906C 863EA675 38BAB814
808A7D6B 30FBC202 8D1B0C98 9FE28CA2
18963601 097DAA12 107FDFB8 36DEB97A
035D8096 5A29E19C 97339793 A66B532D
4875F2F2 83B98BC5 A6940568 E97C9208
3250B10B 804E23E3 B699E8CE 2CC7F3C4
9F5AE19E 98E96937 A39157B0 BAF85BB9
12CFAFBF C7DF8C90 4E74B191 61E3B459
9E70FC3D D4A994FB 55D4A5CC 9948D748
BE3EEDAE 6206AE5F E22EC697 550CE55E
07D1FEF8 08622FD1 FD831E10 C5A1631E
F67B1ABF 000B621F 5CF2052E A6A3BEF8
38FB6D3C D33FAD3D A70BB3C6 B8B8C6F1
6BFC769F 9D4D94B1 B7D537B7 9A222605
AD6C6F8A D825A5E4 98E4CCB9 C17FEDD9
48DEA5F6 C2A43D84 9EC63289 8009F0AA
95C5BA86 64441C25 CB5E4304 19EFF04B
F93BB766 CE069C85 4776866F 2B17F998
A2CEEE04 B0071DF2 5CBB4CA6 95FAD2A6
4B2CCC29 1395DCC1 3CFC286E 9082954F
19C7419E F721C85C 28612FD8 08E88E2A
42077B1C 5AB61404 63DC8ABB 77C34E4B
019259E5 B975D9DC 86246641 7E3DFD9A
AA9AA385 4546ADA3 5B9580B3 D6442B25
DFC5C3C2 A49D6CA1 A5E94EDB 84D68452
B0912492 EAE1A2AB 4829133B AD9813AE
3214AB9B 670F4C66 2FACA7D5 A60727F8
94E2444C 945EA256 B1DCE401 027FC4CC
F7BC1741 E9EF46E3 69863EDB 6CE5BA92
2844948B F96C3B75 287CD338 770EBB27
C052C617 36E497CE DABE2A75 F8B8FF1F
2275E0C6 AD29F75A F70A6532 7E6B2936
900D1E8C 21B89D57 C6941BF4 CFCD5277
621E57B1 47EC87D5 E5A1BDBD 86C388E9
C8F8EE6E 63FBEB6E F09DF8CD A461FEFF
214D1922 D2E6C0F5 7A6567F6 C7D7FA14
9F3A6867 2DB63AC5 0B4DF135 8BB2C6C6
61D84C85 45E90ECA 75A16A7D D1EAC2AD
D0D1382C 67BA3FDB 3A002F2E 12503434
56B0FA2D 1E595CE4 E9F3B1A0 C7C486C3
1C806130 45A7E6A2 BFFBDD2C 7052831C
5FF5F96E ED27A868 6D7AFC82 3E3E9916
5F87FFCB FDA93450 42874794 BFCC7005
9F05C03E A9DAD708 91E688B0 7A5929B2
FCDC1F80 BB231365 1C06AF33 EF090C58
E12D03B3 1837337A 93CA6334 227C0CE3
858D6469 BEE1CF3C A0EBE7EF 48856CA1
59518DFD A225CFB6 5A90EEF1 7CA361AB
558FED56 16A3BC11 878FB54C 94652D5B
51C0F802 A3066A64 2A1EEC33 F2505974
CF1BEBF1 D0A910E0 E75E6DC9 3D1D9003
658F145C 4B1AC304 2E8300F3 393F066E
14B197BC 5045EBB1 C2CC3FCA 6424E930
8D75B41D 1B42A0D3 6F0ECBE2 9B0F7E38
B9564D10 81769E1C 40609741 C983B6E9
A8DF2D86 E07C814F DC9E25EB BEDFF947
3EDA466E C899C528 1663ECEA C27C14BB
9D4AD5AC 7565F388 D7AE5CE5 A051534F
E79AE1C6 83D94345 42161B76 479739EE
2723FD18 16A8A31C 330DE702 266A23A0
23D30CEC 78000211 8C04868B E0159153
FE3EA2C6 23C382F2 5768A775 BDBF6544
DD583DD9 30EE6BE5 5CB46BA6 D2291160
3E38408E DF97680F 6EAD073F 13830677
5F183C2D 70738CD6 BA005D95 7D006867
C22ED86F 63EDA797 969B0054 E423EEB9
F5607323 363CE90E 2010395B 9DFC5E67
0CA01193 8F5BC480 DA6B3E39 1BD1E205
8A54D007 AE3A4F59 E98A8999 D1484644
6E1B44A9 A2B656DF 5BE6A2A7 A9B90AC1
149A793C 8D390ED3 5EEEE7DC 6F733973
74FA0EFD 7A9EC86A 8C6D7327 0B3BB751
11D37CD4 BFE3A3F6 3964EC95 A1E13322
5A6F8D62 E304D979 C6D00ABA 7C923F77
B4605FFF 7EDF58AB 3DF47CEB B13B8DE4
55A61C8E C4B7E190 EA145846 3385C837
6B9D7921 F58D809E 9BBFCB17 D64DA17E
41F1CE48 1AE5DF6D F3B60BD8 6CE02060
330790A8 6EBA983D 6B38604A C64B6921
14FD6245 1D252676 2D055413 1B608428
CC548B36 52B98F0D 82BD347B 58D8925D
0EF05E6F 5EFF4EA2 3F803F05 CD70476B
FF8FFD04 71813615 8736CEF2 8B0D3619
83FDE056 3244C01C 85AB4F2C E64D17CC
2C31FCEC A7CD3C5C E76A9F2E D673BBD2
10BE1DAA AB6B793A 9819E796 160739F2
7CF8F6DC FAC18722 0EAF95B1 2CC783A1
895C86EB 9650ADD1 57F4CA71 64477500
7993E468 71565BF3 F66119B7 A68CA384
FD7697A0 764BA743 C1736C27 5D6C62BF
BDB8779D E84118E5 D886F41E F467A41C
1992EDD7 94428226 85C6CCE5 0BBD8AD9
BC96A614 70B50DC1 ECD6EBD9 68155A81
7862F254 384593E1 024A755F 4A0E6C68
8EAF46ED 334FB0D0 04252E8D D51D79FE
C3721FA0 51660787 53555F59 CC1FBBA2
EA26F430 861E237B 8559C3D8 5466074A
5163D5BA 630A7B3D 66C064E7 DF3F657F
8B6541FC AC46BB42 79A583D0 1CF0E13C
FB1B1A8C 045D6629 0ED339A6 509DE2C8
E4B14B65 53BCADB0 6EE94FC7 BBDA4F62
59E437B1 986C0C69 D4F4451C 075A2C26
484D560D ABCD79A0 0DF4DCF3 E147F4FE
ADC195E0 D6EBCBC9 F6C456E4 00E0F174
C3CECE02 253B7873 43F7BBFE 860E9532
DB0EB866 C34456AF 7CA89C46 FF029867
51692933 F05014B2 589794ED 571C0058
64763FBB CDAAE757 E7A50996 C78DC249
89A3B20E FC8AB154 5D3452CC C439477B
741610F5 3509FF39 5C36A253 EE0E384B
256F6DDD 3B9EE024 B84D7D43 07336CA8
CB257585 55ED9946 134F337E 842190D2
AB022986 69C34650 2B9B2D84 7A6DEFA6
51B4FA41 9EC1D782 673712E5 B8105EFA
92169E13 179659CC 11D23D20 B72EA247
8900A679 3D59BDF7 3AB41407 C1865536
3FDE7F1C E8890F5E 085C8C94 74F7B00F
525D116D 3BA372FF 82CDF560 7BE1904B
15009728 66D31845 D62D69CA 1031236E
FF315058 D98E0477 E4759A9C B44B27C5
31AD41AC 42389DBF 207DD530 1A377267
B7A510C8 136D72BD DD9CB373 61C31610
FD8DD2F8 89BAEF88 545D3A51 2504F5BE
B7AE9BB6 16F4E974 B32907F4 C86FD64A
290C62E4 C3C408F5 9FD4E514 FBD46C69
7E9ED51F CBB9F873 01009FCF BDFA1019
90CAF6D4 21A8A462 5B94A015 1EF4A0FF
265C5531 C2897D16 871C4DA4 835BFABE
01E5DC04 7D081F4F 10F8E6DD 01E44382
EB3E0C72 755A2315 5B665EF3 17204D45
FDF18973 B67F2601 3DC883F8 24F9AD47
51175BC0 4F67FB15 4EC2C306 7EA3ACB8
1E3A1C43 84D5F37D 14429A0C FE9677B7
3560D954 D40CA598 B837BC8E A137F19C
E16FA538 7014B241 F92DEE9A EB76C2A2
04D1CDEA 0464590F AAD77CE8 8929FF24
6F2B7765 D9F75C5A BE4AA5D9 1246534F
F3547C4E 0356D6D5 F76E7FB2 8B116355
9FF18C33 724F1803 AEAAA3DB EE398407
343A5B88 04A28E1A 58CA992B 7B859B75
59F66755 D708589C 24F242D6 91CF2079
C40B5D1A F0602CEF E5879988 8645CAC2
3BBFFF5D 84B85828 D8A5E6A9 44E4FE9F
056BFCF9 F4A5F9EA 580E3556 4AFD729C
E239677D 0584CE44 3C7B632A 14C1DC4E
A7F5D43C 792FBB16 0784DC82 7607877C
C71708FB A4C5A2B7 0E0F6672 7BFD906D
7D19B346 8903EA6F 05EAB961 146937B9
B5FF0395 B702CB0C 1FFCEEDA 62C77018
231CBFF0 BB030981 727BFE2F A7655C87
9EAC3712 EAC318C0 847BC6F5 BB59EEA3
6DDD9FF9 C6E81FB5 DEDED552 E486F3D1
7F00E61B 2B34BC53 7EE0BE87 C0D220A4
D535B2F1 54574682 1B094A33 0640DCEC
290C9153 81A015B8 5DAFD86F B7B74063
A79A07EB BF90CB04 3CA6EAE3 922B76B5
30C69E33 D8B859F1 D1C48A1B FEC34DC9
54799888 7B12CABE FC0E41B8 8E8C507F
13AC352C 692B5440 5F604DD5 6C8103D5
53634E91 25257DA6 B30D7491 8E93B310
50D5AE0E 36D74643 291A0C00 0C1D0B29
55D7BCDE 671AF9E4 FDF0EE22 619C548F
A65504B5 51E9D3BC 90B7C504 9C8AF7C8
95C96D6D C644BDC3 4656F63D CB0ECD95
8839F90F 4CDA530E C4CEDD08 15F2628B
98357CD1 BB8F7CF3 9BB2A53C DF92AD00
6F3A59DE 8C4A2F2A 0BD22AED 301357D3
C76FFA89 733EC0C7 2D816DE5 70983009
CC202BEA 29E212C6 2B82380E 6F47BB75
86E8C81F 9DB9D9C7 EC037D04 3431CEFB
5B9B7B73 1632710B 66999D6D 97EC3988
A68E77C2 50475E73 B149ED91 11437CB7
B63B34C8 2D3FF833 5D44613F 10CEFB4F
8F2F8605 84A2029C FE25B501 949CFCE4
D932A966 7D5AD077 BBF29D40 783B4379
3BFEC515 7AD903E3 A2E71C7B 6177C6ED
34867E62 168A7237 92740B2B 65BE8C3F
36EFBB0C B32B4C6E 2DB04EEE 0A7C8F17
729FEF73 F1B3F75F 0BAB4E9C 5193CEED
23A7F2C4 4DEBE67E 20243BFC 7D6D5B03
5708BF8F B719FDD3 1EECA46A 5736A296
03A18957 86CEF2FF 7622849D 9C69CBC1
0857A1CC 57591EFB B068DE3A 29755D20
3DD0830A 3F2D30E4 C3013DDE DDFACFD5
4C3AD824 042CE84F 725C57DE 41C66E48
A15B2D74 27549A95 688ACCC6 0C030E24
7DF9046D 9C2AA252 1745DE98 8B59B80D
4E9F3A42 CE62DB29 DFB2C98B 1FC8ED79
E5700203 3FE5FCD0 9EC0B00F AA6BA4BE
0EA040B7 F47CAD13 AA061937 283A1E37
F5DC7983 A304A882 79ECFA26 8D8F9EA6
081F85FF 227BF91C E70053D1 4741D0D8
6CE330A0 4B426F1F 5F2C2032 BA1837DD
64896DCB 7C83A992 33510F78 E08D29BB
3AACE6B2 E7C26BCB 237CFEB9 0FB219E7
46A1C011 124F1C8C CD69CAE8 19477186
2746DFEB 033AC447 BB650978 2230F48C
649BE6D2 8AD72815 95C8E4E6 3C87B6F2
F081D0E1 F68F474B C3498D24 4862666B
96C2102D BB9D6A28 83EC8CD0 1DC16DB1
5984A0F0 C1F68189 0C6435BC F79EB75B
913593C4 908AC7F3 56ABC1F8 71A4E56B
CA57909E 5AE3F7C2 3A8D2F55 AA8666F1
66287193 F545EE00 194C4516 976AB17A
7C9403C8 ABA559E2 5AB95178 C9964D51
2B36A352 3A5490B4 C5BA1EB8 BF11D5E7
EF13E4D3 2DA1E0CA 8A008FC2 6E87F08F
0A1225FC 668320CC 622D244E 13934EC2
D3FA09C1 1A3B1959 BE852B64 78D02BB0
0D3A5153 3CF3865C C5DC33B0 4E82FAA3
1836B0CA B3FCFFDE 9537C455 AFFDDAD1
88FC9513 DA1541F6 CC682E5F CE7E7985
3F0C70C6 8C571A3F 637F22B3 A852C543
89C9F817 263E6450 45A24726 2DC69880
1100C188 CE1BF153 F6DC611E FF6A494F
52F0801F 5A53D274 E4B5EB8B 2B0395A9
90DA4021 86A86404 24A631ED 07C965CE
F8A73B0A 55141CBD E38C057E F1A6BA3C
8E5B37BB C0C137E0 DFE09DF8 12AB26E0
2FC38820 B4F0FF0D 9787B595 17239B1E
486FCF4D 0A7AA9ED 4EF1B5EB 551F2FEC
3D9555D1 9FE7206B 83A58B9F BB2E7EF7
5F5D6DAC 70FF88DF 05843E6D 8BDFF699
D47BD7BD 43A4EE57 BB4934D6 9C58A9D6
6DF1AC9E 3A1464A9 223E637C 0BD0AEB2
249BA9A7 F451D9B2 959ECF4C 2EB7FBA0
903E7A4E F5FC44A5 9B57AA07 335B3190
3EF9AD7F DADE20B2 A315E7BE F036285E
29C09A96 7D445187 C3AC96EA 09E218C3
1D2F115C 405FD996 D05B0BB1 8EEB3828
0E439128 704D26A8 57D250C7 FD9B09E3
A3D3E187 4515004E 5A79479F 4FEBA3D7
EF07A046 2A4D6E83 AE9FB760 0AF189F0
E69235F5 3DE4F999 A5A4C855 E4DB0A02
45EE11E8 03BAC22A F9FD97CE 6A6668BA
656E2876 C98C9DA0 2401B7A8 4B551507
6E551CFE EB84353F B3D2A3A5 694CBAC8
57B4EBB8 0899D68D 4A00CA4D 00D38FA9
4C4022E8 7193B22E A74A39D8 57159E28
B63EF104 D382FFE4 87EF23C1 95F1C7B1
CEB7FFD0 86171488 CD3DA04A F5AA62D2
BC1B477A 938811DF 2B575960 A5EEEA5E
7F65C42C 48CC55E2 BA3CC62C 6EA9CEFF
5CE8F6DF C6A352D1 CCF59B33 A2642B29
374A7B3B A135DCE7 F2157DDA 2AEB71BB
19D796FD 5A5F1F23 EA760150 D491A213
AA231B33 EAF73A66 BE5043D1 7B8AFCED
0B9FBBB5 F75BD16F BA3EE645 E145F925
2FCFBE0C 2EB4F30B 060FF069 969F695C
22C3A913 70F4778E 74570E10 3AB4ED80
A08A5B66 8D17F029 8718EF27 85EA3ABF
54E94CF1 075304F1 40739790 9AC0725B
6829F867 72AB1569 29070AD0 3BB2A332
8AA6766A 22FC9FB4 10C29947 25FE2040
F4CBE886 13386FB7 4CA9E9D5 B9821CBA
A15C1F12 065B8795 94E7F25C CF55E0AD
592754A4 DBBA3EBD 82EA52C7 A0F74AC5
3030359D 00F5E7C3 6F4D6FD2 D988C6CC
9448B6EE 5FC6EABB 3A0653F9 C06A0E76
7B7AA986 7CA7660F 43F7A120 6A7DC0FD
43246850 8B7F580E 647379BC 77D0E8DE
51C8F43A DB591CFD B3B5D7CF 2512B00F
6AC8FABA 6C942963 5B0620E2 4EC0E3FC
D0D274BA 4DAEFA8D 831C7BD5 46DD1D02
CD8ABF9B 922785DB 8A2A868B 708326A1
0831F5A0 31DB4307 4A000D31 CA550607
EBF16DAE 4605012D 222D2329 EF3CB02E
DB2F7EDE 4611CB27 4A9AFFDF 2BB0C427
BA9C82E8 504D95E9 F3F1E94D 09EAE163
F40F7F8F 4665A5EC 63CF8EF0 22D07F05
6B298906 F2AECC74 60E2E1C5 64B7CC91
08644490 7456F7EB F79303F0 6F32FB24
DB02C782 6E98E1B8 13060768 4F962191
BFF0F5A1 D8811AE2 E729A925 41311820
600E1C17 D5A21067 83A202C6 E6C6F3BB
D9F8C4AD 7282E600 30828B06 AD3A79EF
15E980EC DC633CB8 8368BEA7 7144C1FB
B01C3D36 226A9132 21BB3B48 F77D684E
E5E0A9AF 527A7E88 CA024E47 4CA78FE0
AD411BD3 B188599E 10F42095 FC862852
CAD4B218 FD5D4C05 1772F099 E867E9EC
E506163E 83F615DF AC373F2A F5A0642D
638D74AF 27DD69EF 068165AE F0696DAE
40879BA2 2E28967E 64386CC3 38657397
C50F07C1 47B26CED 68A37716 EA2BD5DC
FB0F4FCD D1907605 FAC491EA 4C2F32C9
0022FF45 4A1A924B CE57E400 FE212A10
92AD601E BCF50466 C3E23A05 D58D7ED3
753C7233 78CDFA73 FF71B980 22088767
7E06BE32 303A4823 E0B38C0A B9F82AEC
7040AB7F 069B1C9A 9CAC8526 F6EB2B0F
CF83BB52 94BFCB5C 3F44D848 9A912633
DB8ECD26 3A838947 D5B2A01C 2E1F798F
541342F6 9EB3878C 83FCB447 E19399D9
A587DE4F 6D07402D 687BBB6E 52BA7431
B0F4DD0F 7D67606E 860F5CDD D08C86B7
EDFAC592 EC26832B F7594AEF 8299F2A2
72158FB3 B417C835 1F5BC487 A475652E
BE1B67BD 4A6D0755 AD650281 1712C3CD
8D3744E8 7C441236 82FC41A4 6467ADEE
B7EC397C B1C6F71F 0222FEA2 769D72F2
18312D0D 014A893C 91ACF4D2 714A3E65
81D6AE71 7B02E60E AC2B6F91 FDF4AA5F
5B16539D 1535A212 039D3184 D77B6BCC
BC8AB924 DFD0B2DB C73B921B 9AC3E60B
851FFFEC 4D983997 6AF07D19 567CA834
CF9BB2BC 90A8B724 B7F506F7 CE69566D
080C591F 6A038CCF 4ADA3812 C2BAF7EB
FDF4E792 F733E5C8 368F88D4 9E383A2A
C4D411B8 DE923C16 EDEDB97C 1FCF4FA5
3F1E1F9D FBE15550 4124BDAF F1ED97B1
6EF6AC65 F657ABE1 34C6EE95 7D7471CB
CF474D3A 7237CD10 DE837736 D7DAD717
E7E44FAF 18E193C6 28EF12E1 8B65C0B8
291E5ACF 0BA22B03 67105DB1 B93DDD53
2039A362 381D0F0C 0087EA08 E95C7735
F50DD240 0E2F48F9 1D72C673 892A444B
C731BD1F CA277A75 8CC91304 1B48CEF8
F9AC2E7C 17F0528F FB27EE23 5D4E4283
78B20EAB 90E91FD0 9BC593FB 261E3103
14B7A67D B11F0018 2797A1B3 23D6E7F9
04F4A9E0 896CC8D6 0CE55F05 7363E1DB
CEBDAB73 71CAA3FA DE793CE3 30DD4471
D37A8403 489B1AAD 2D80A91C 8D15310E
1C6235A5 AC0E8C16 5624DF8B A0D67BC4
D94BF23B 6A4A011E 9BEAAFDD 85B63A36
756F3574 7D11E1A9 39A8615F F4447E02
429681DC 8ABF582B 4705653C 3F83879D
CBD414B3 54AFE961 82BE5A33 6DBAEC1C
A4D97AEE 59A5EDBA 05FC1F68 39E1889B
FAF99EF7 67D07771 FE700A30 40BFF98C
A8CBB956 2F03E5EE 4D23F1D3 675E5D42
8E6712E3 9745F69B CF235262 249E3805
49B2FC3E C5C5C8A7 F6624747 1460EA3F
4070A2D9 20009A0F 28F0B42C 7FBFCC6B
CBDD69AF DA714214 FA682234 4BF78C59
995255B1 9DC3321E 5A394394 5DD7544D
1831764B 1DF3E019 22047D70 EBD4C7D2
83E083F6 06044F19 4322565C 4958AAEE
056FC087 31D3890E 58F660D3 1BDBD2A4
F706B0ED AB42848E 3397137F 964C6FCC
8DE3DF6E D15C4C01 A6ED003A 2CC2E2E8
3D71AA09 C7945163 AEB82BBE 7B76D72C
302CD06B AE94B4BA 8604875F 25D17F9A
77E240CB B65BA673 53CCFDC9 E74456A3
95162640 A53A2BC1 6981BC4E CFB5B645
1CF1237D AAD890D2 599D5659 008243FC
DB7A6E6D 6C06471D EF4265AD 45E3ADDA
DCAFA445 3983B862 9DD018C1 2E574A7D
3D6A510A 1FECD479 21869B13 46042EAD
AEFEEEB0 3B4C6C24 5DAD8A43 8787A7FB
24EBF5C0 7D2A2F4A E19F3F7B 90D14BF4
93F9EB30 C3376F9D D0C9F397 B444628C
5E516E08 1EC3B257 D72D3477 BD57E0CF
3B60D9E2 56678881 0A8FD633 29254707
DC330319 B4564B1B 58EF3061 6086A45D
1496DC69 FEB79945 7DCE65D0 B6CE396B
FB229B76 9A416C36 DB9CB258 A79D165D
162BE7E1 8376585E 0828C843 E94CAAE4
ECD816E9 D56F9737 3DC4BBFB A2DE7916
D842C7C7 9DB0389D B4BE2478 3F72E61B
25F178AD DDCD5730 1629F545 74416901
01268046 BD2776C1 86517B39 2FCD33FA
055EA488 3BDA6D90 41BF9B76 1F7270CD
D960ACFC 0EE99FCC 7A96B767 B35D8F7A
2AECB17B 6349D1E6 933AD0BA 032E1278
78C209C6 A842E4AE 8BB40F97 3AAB80B9
6C40C8E7 F6124585 5234A1CA 6FD279F8
37483022 3AB83772 08F40AB2 E4004F67
863E0AE1 7761075F 54C83846 73F3082D
2D70AFF3 0F79BFD8 391291EA 90348D75
F7B63AC1 E76B2E1E 803687CF 97EA36B0
6B495A53 0D9FB0DD 0E8A4B50 E44AD3D7
554841C2 85D7B611 38B2C54D 301BDAC8
A69E8405 75833C3F 6962E17A F0F87E6B
91702DB9 686632E5 44C77A1D 87B394AE
CDAD4E15 33AC80A4 60FD0868 C59801B7
41E521E3 E06922F8 993F3CDF 95DD51C0
C41E9847 8573625D 5D712028 55974FB2
F97BA3A1 386B8A78 205D3648 A6782C09
D6789A51 094537D2 4722D464 5C2D8E5C
9E320AD1 67EF9300 F3B823AD 400ADC81
EF6ECEC8 25D2AAD7 4D862524 F6F60337
B574C94C 69239E17 AFF713E6 FCCA8E50
A55E09D9 22CEBD9B 341A4C21 B87C8A73
E4E144ED 5AFE4411 0EA00DF4 C6EC7DA7
5AB77B4E 85D8EBBF A62ABDFF E05E55C9
52E13EFE 99500CA8 3F6E261A DA4FB5E6
879D0BA3 78AB1C80 23C62C8C D7E7CE07
E0E60C83 97A35FDA E0193139 93F5F2BC
15C04BC6 4D695FB0 6FD62A7D CCB1F432
B9881A0B 495A4038 012986DC AB9E77EC
DC586E50 A8864E76 66EC9F83 E14CC7A0
AFF42763 71A1B63E 80C39EFC 98A61287
7DE85019 CF1CDDCB 4C939C08 ED57A353
8ACF9285 A75ABAC6 FD545A7E 28FF2B12
DAD5CDAC 6C5FD302 A46029F9 1A5C493E
AA03AF33 1ED01ED6 9CDD2383 FFE4B1A6
7227EFF9 440789D7 1D01194C 010C5125
95CE4A1F AA2F60BB C8435EB8 0C31DDAA
0104CD03 21B5F5DE 4C7A93C8 658AB546
D740EF70 B74DB3CC FE8DE237 501434CE
2B21C107 0A2404B5 C2D310C5 9A5CB406
C5B724FE CC8F3A34 E8BAD403 5A9A97A4
B4B5AF11 FD885254 49FC67DB EF6BFC7A
F56D18FB 3906A9A6 054F14C3 12601E60
111D6D5D 18C098B4 A4748913 D95B36E4
2D3EDF80 94A6DB3F F85B3D13 E683BB66
B65D0AB2 B1B1806E DE6876D7 207772A5
65DCD4CE 6721534E 1F4075B5 16334C2D
DF3D0A7C D62A48DB D63306C8 5B24B904
57167898 B2E13F95 4D45F98D 5B060034
BB1C5823 C23B2F3D 3B1E4063 BEDF894D
F6CE57D9 9E65EC85 731023B2 E8F46358
8CABDDEB 142999EB FA639CBE CFEE6C30
B268E718 5A0C247D EEB5A3AC ABA3F210
094D32C9 336180E6 4D0FB911 0528BC26
27EEA7F2 A7237ADD AEA53E48 7EC4FB54
F5514125 E2D1604C 50528C6D 50E46986
7E8B7B74 2F28ACF5 29194A39 ECDE6E87
F651B527 A186B702 11BE0251 1672C11F
464BEFB7 65E2F772 02B7CF35 D479EA89
F93639AF 27094C91 F104A53E 26830103
D7F47F4A 0A3F78B6 6D2B5784 91F9852B
B970256E 2076F9D2 BDA8CA81 4207E625
62E4FBE1 5653571E B1FDDAF1 D24D5B9B
CB243FFB 967E942E 951D3005 1C6C7B2D
A881B3D7 37D4E314 AA98A2D3 BABF0605
1A96C937 708413B8 5144A81B 4BC8674E
F4157643 29A643D4 64EF9480 94EC01AF
013E052A 5E0112D5 49EFAC42 955F0B46
FF663E8E ACE489B3 C0877958 B9CAA155
1504F991 AAF4775C 05DBCDCF BE4FE47F
18C1F0FA 15FD7D8D 9B3C183F C377C163
032CD62A F75C1185 626DA802 6027258B
0D0BEF88 B4536997 00A39EE6 A0C77A06
35D48844 FCC91EA9 782235B6 AFD31DB9
67675ABD 5DE687E4 6F29D252 770F3E5A
EC93E550 A32DE4A4 3F2B705A 1BBAA008
E373ADE1 24EC66CF A8B152BF B1D79A29
F464A73C C6F215D0 612AB210 3A6E950B
4648C95D 28983D5E 5A77514D E7C2E6B9
5F6F7C9E BCE13F80 46D78A59 4851B5AE
6AC1C1DC DAE0C1EF CCFDB202 D2894572
FCE479A1 EFDE9975 BE6BD69C 8AB60C68
FCD59732 A4B8216F 9E6CAD47 FF869DF6
E531D35E EBFD1F20 23568071 8DA1A5A2
2BBB9669 D6DA8324 D7EEE76E F5ED70DB
D3568C56 35AB1057 91778BC8 02281423
5E7FB7F2 914ED6A7 D56497B3 CB601127
55795BE7 88FD8027 9889B928 E011E678
C5731E2B 07E06F77 7681412D CEA6B369
05B89937 D1E7F94D 9CC4F340 35278978
445EF79C 34399E52 9DB66F99 6B6D7820
FBFCCE84 5092FC54 5D1ACCC9 21C5F3E3
623CF581 10ABFB87 33D3162F 44B8920A
AE12A9F8 1D6DBCBA 8715B66C B8333B3F
4D7E452F 29BA7896 2756339D 4EF0FD2A
FDA727EE 51C2A3B0 3257D7D9 39B8FBEC
4DC4B975 9A7669BD 4329B157 0E77B906
DF343CA2 17136528 AA43C15D 1C0F29C7
99BE4013 039B9CEA C8110DAC 19A9DD8E
232AD8E6 B6BFC737 13B7B5DD FDA86027
3E08A94D 77D14791 D334C0BF 5D106635
170BE615 3B0119A0 E8E5B429 20B6E054
59908328 F20FAA62 6459CC16 4C757BDC
379EF4FD 45A10513 FF87C3A9 DDBEC02B
7C02E4DB 879F0E51 019A05B0 10153B04
F8973218 F22FC37D 538A8EB1 87C2199B
BC47B40D 1A128858 15BAEE10 AFB16B45
013FF1D0 1AFF407C 2EAC1585 0DA341B8
6DDC7D95 116BE576 9F087542 46F6B97C
F9BC2C80 7AD0DBDF BE069132 BBF7A474
65C96941 2CF3B2C8 A38C7FCC EEE27F89
DC2E45C8 FF767B9E F4332C7A 0E3D7BF1
DA4D96E6 FA2079A1 4D645ACB BA4E6025
E6167AD7 08A01FD9 F85FE13D 91562D03
45E95A7C 241D1D4D 6788774D 30E5EE8C
D0011839 8D976163 0BC65956 BB34650E
707F0452 0EDD96ED EBE5ECFB 6509B67F
8B2FCD8C F5D2CA01 9FD9EA9B 37F5CE40
B9807E88 8CB55539 AD44BBEA A576919C
3A483A00 66854CCD 033065C0 6D1FA580
A4EA845D D91C4E56 29BDDCC2 6AF2E6F6
BEDE03EC 71EBD6F2 BB45DF53 D21CA1DB
D1253A27 1AA01619 72ED3448 43841D35
EA024F70 3CE0CBC6 73B06F45 6D6C773F
BE64F852 D867811A 5B8FCC4A B87363F6
2A64BEF3 8E453C3F C74F8B9C CAD62D68
F01A8EAE B1023CBF 50B0029B F8533F76
6EF1C7EE F454C5DD 7F33C6CF 666221A5
37271ABE 2542A9C1 7C71915C 0BBD9DD2
B2819593 5670A72F 6841E90B F91B987C
8ADF41E7 3DD1B4B4 7BD6F119 B0DA3C3C
F31260BA 8D84BAD8 F2FA291E 61298B3B
BE50FA10 4B9DA44F 238D8D5F 53E849B8
E9059196 E6EBF570 B9800E14 80210FA0
B8240675 78D4E24D 7BA888A9 A9B6D178
85E19DD0 3C004E1C 809DB0D2 EFF0D1C9
2E9D972B E9207F03 2E4C86F7 3C9EE157
8B77777E 4BD67A95 BA252DA4 22951622
089C7B3C A2BDADAE C1D5FCDA AA9117D2
24D79C41 358673C1 7FD4AEBE 9D420D94
D9354648 F44B3930 45EF9A3A 2B25724D
5CEB347E 8147C3D7 BA995C83 FA0EF72D
446E03CD 33E701D7 4E31E4E7 C8B168BC
BDC07C30 CE92EF38 60931D3C B0F56B04
15A4FB84 463DF8B8 D9068814 69ECB196
EF15401B 8AB798E7 B9EB29D0 03375B4C
7ED165C0 BBB20654 58761187 00CAADDB
23B84803 D7BF0117 DE7EA9EE B1961815
B638A66B EE4AF826 287DBD1E 4F659CB7
B214BB17 8677279A F53132DA 99A8FEC8
7911DA08 EDC4E4D7 DEC22110 537DB207
1B79A41C 706E1864 E7AC4E50 EFA195A4
1A657AFF 22D2C491 4C8AA1F8 DBACB3FE
B9ECC185 FA11C128 23231B0F E3CE7168
6BF45F2F 3F2C6C06 AB4C6DC8 2B8B054B
42138B72 9ADB419C C4378697 DF918CC7
EE083CF7 F2526501 DB04C72A 7F6173B9
7A572F17 3C162108 40B7166A B5D1639F
A1E1BB99 F7071D9A 56122C15 C4618F50
F31F9CBD FB9733B5 207D4E41 3DA41C4F
6A9790B4 6EE5C92B 82A467D6 C4482701
9D222EAE B71EE131 CE7ADF28 E12D25D0
1D5D2C76 CE5AC8E4 955BC99C 92330BBC
B9CFB207 B3C1C53E B123C193 52F9705D
5F41BBD8 92B0D655 F664A92D E872C901
D79DF7D8 FFC7FBE6 994BDF9B 0444A260
B6258CD2 F948D977 554D47D2 69477674
57D939F7 4AAD08BB 06A035A7 6DE1E126
C5AF558F A53ADF67 FAD184CB 00AC966B
DBDC9B11 795C8D6E 4992A1D9 D804E67F
E865DF95 5CC59500 B39D6399 FE496308
3885576B 7C9C434C CDF1C311 BA9FAC27
3A35EA47 A0AD9937 7F970477 B2FC6BFA
EB697748 EB7457F8 CBC8CC52 E2B04CD5
47F1E43E 5661281A FC54F79D 67539D8E
04A9DA37 7299F96A 033ED048 2ABE190B
90B02452 9D6E6B40 919A07B1 6A511683
74218ACD C599107A 396253B2 BE89988C
C7518AAA 32605AB4 5C18CA7C CDEC0C98
F800E6FE F3D79155 C83DF61D B8A82B98
C96144CF D79C3BBC C9C8EB3C FD03926C
CA9A3927 9EC4DD63 3DAB9B99 02EB19ED
0F5754C8 4BACFBCF BB8CD8F1 5254475D
F3595AED 2E76203A A59C7CB1 DC291C06
490A3196 64E69E59 7C1D9481 36F780B0
F3568315 1F41AEDB E529E914 86C8531E
E7A3EF32 95C627D5 B825BC85 B83BB2EA
CE8F8701 0492DB23 607BFBAE 27AB6978
FBF4A64F AEE238F4 A393DE1B 732ADDAA
D4D7DF5A 133501DE A15983A1 25119217
B05EBCEC 3092301E DEC22443 E23102FF
1C6C1164 5418E2B3 5A7B0C23 F96A2075
B5B8E07E C7794F2B 8BF3ACE7 299BC02A
E40E7734 FD627242 DEF44A03 D5F35715
F23913B8 5B1F7B18 8C3E0FA6 83E615F2
59AF13D6 00C46318 90A2337D A79F1502
900B6076 F9BCE4A6 6CE13B68 103F9D6B
1C7F43F6 CE01E1B5 8D57B564 A13D4E7E
7FF11D3C 24C1706A EBB5695B C7EDB3F9
1E76C712 C94B5012 ABFD1277 BAC380BA
9343AAA8 8C7161BB 418B646B 5B449CFA
FD9598C4 3FD0F6D7 B5BB1E6A D8BE5379
36E0AF3F 082888C5 DA99EAB0 A0382B74
A3D3A3A6 E0F66B7E 58CF09F9 2E34DCEB
CA011380 D581DF9A D9B0A562 DC004126
EE4E817A 168E3909 26859378 19B8F29C
49D07B8D 1DA10F90 8F8A7105 DE770F62
E397480E BDC0A686 C3DF93FD 8D4D5EBA
345CA2C5 7B310099 048E43E5 F55B4368
9879AEF2 8F6BFA9D 64ECDF23 1D4C7F52
8CDE35AD C14F69EC 78489C46 9E6AFAF7
AC5B69FC E9FB15CF 8E91AE3D BA84AD8B
4A5A8FAB B61C5104 59EC8E84 EE0272A7
0569CFDE 1F22F10C 4986046B 3A5A7AF8
0589D986 F59588A1 061FC9F9 4B5A1110
EEF67B4F B8B4C066 A26A17AE 9B9057A2
62EF81B8 02C73562 2039573B 5F3F34AF
FD6A9A87 59C160B2 836395A4 037B8C12
34B71EE4 254D9920 3D32DF60 2B434F6D
EFE220A7 BBF0BC98 CB1A7583 3AD7EAC7
8E00A340 85179E06 F618AED1 ADF268A4
48837675 52884023 B654BE22 9244DE0D
DDA6A019 743CF912 94F0C673 D9C42FC4
A69CAE17 880D3A9B BDD76014 D13FED26
FDB5C307 5CAAB1AD 11CA6463 F1881211
A155E71A AE11DD0C 3472CA52 D014ABE4
6DB96316 DB827BD8 291D9A75 30CB6CD3
A6BF8EF3 B5EFE837 CD689572 A02C1F05
B780ACF9 EF21683C E4DC1F60 98539635
BBCFF5DC A44202D7 7B681A8F 620F942B
901085F6 C71C69B5 DB86B376 F45EB777
D3E19D61 32D7C08F 679D6DED 2FF0A5C7
7DAB1F68 A4C85713 FA45C008 09A4D043
56E1932D 5158DF4B B06B0859 A0363FBF
C5277A43 54C084A6 9274FB10 C21A653C
0824B733 7FA202C0 49F5FA09 A831AA57
FC3F6840 E8254573 708F6B54 D2296BE8
1F93EA4D 62D2DBB5 7AD1E0B4 C6287505
30929506 8059A7DC 2C7DEE12 405B9CD4
A48C2E0D 7D0B0C76 D9CD61ED F2E7A779
4E17C55E 97904220 00B228F6 4127033D
0587FC3B D63F1D50 D8BEACD3 6C0355A2
7E4354C3 D876D8E3 F85F3889 87D31A10
BBAFB5FE 43E72690 9C773B4D 1D273EE0
A640AE87 256B5F3F FB5D7D81 0626B3A3
D6D18F7D 1E9CF50C D492647F 1E5D469F
A7C54D0F 7EBD83EC F4DADD50 2B42CA13
F3970B5C 758E3356 A6E9F737 C8593652
76DCC346 BB06EC7C 13FB43B6 E4494A78
45615ED2 3E69EE90 1D2437AD EFC76D7A
36169DCB 8C1A30F4 FFB9CB57 274268C4
2358FF48 F84BB562 A457C56F D9CDD683
EF9F27EC 96536F4D B562E8E3 6E2239CF
DEF27320 8CC1A052 491B2190 76A0524D
7A44709C 7CCC32D7 CBE33283 9E6A25B7
53E90CAE DA841D2A C2A9ED5C A9FD2B26
5020108C 2CE29F2D 4CD7184F 4283B665
CE4FDD75 42BB92F8 3E3B285E 8CF8DFA7
EDC57821 B62415A0 806C651A 9DDBAD93
F03E1773 86B49515 4DEDDCF1 8B0ABB3B
DC6F64FC 84AE5F21 7E5AF8E5 72DC7277
6DC4FBDF C4740707 69D0269C 640AAC0A
7447969E E3003923 B522029A 7157727E
7BD16D36 4E2ED49B 6E03D721 1CC380A6
CF235F09 05968B67 FFB09CD8 4192B8FB
E3B0832D 566E7A7B 1BD37B0F 6729BA3E
1FE542B4 1FD0F438 CDC4647B C74C4E0F
D934C7A4 540CC708 4D6A47CB 81A9F967
B93EC257 84206F0F 50D7E66C 58D94B1A
D2995C77 8BABCADB C84C958E FBCEAF6D
1587F8C8 22443FCC 74EFE2B1 601CDBCF
0D1B8AC2 A0AE0EC4 13056F92 DFA5D73D
7B461F45 7615C7C9 4FE7B97E 838B4868
30390339 A7542A9F 91523720 592AD620
F94867BF 7F49ED78 6693DC3A 624C5501
360E910F A2E11D04 B7A7EE35 EB61AFE3
86D5ADA4 B21CA189 56D05E00 0A393225
00F1FB30 D79583D6 C47AA68F B1EF124D
5D36F1E8 0B1E1D1E 011EE4F3 333B4736
B7E9E269 38C9A703 FF8E179A 9DE28246
6397A3C1 A4DF626C 5DDB7DC4 00B8B4E8
403DE535 368DD364 2D2D6C90 94887EFB
DEEE123A DA12058E 83FE471E 0B4D389F
7AAD1F9B F06F5932 85648671 958BE797
6BD107E9 826D4340 B49459AC 8029FB06
92155E4A 1746205A 6D0ACAE5 19E34E81
A183A948 BFC28B6D A98B9117 0BF59887
4313FAA5 C60E91FD 6AFE1DE0 C1619178
9EC52E0B AB611F9A EED2EA46 6F0CF577
B98307B4 99F2B5B6 DC52168A 98439672
B735F359 EF23443C B6DBE4FA 27882BB6
38E076F1 3C619F95 D7BBDD05 E9CCE152
19254817 D4386C38 E34487E1 86816785
9D5EB4DD E1E9485B ACA4B683 4C649CCC
6AECA81F 090612E9 37302D7C BDF4BD20
6C73C88E A1AB9CC5 D8A1044D E2CB7BB9
FA723870 907210B4 FE34407A D29A559D
32C144F6 C8E13DB0 F69F60A7 24E6D384
8ACBED00 3CBDD7D1 A625C0DB 46270C45
01A0D972 6C927100 990FCE98 54508C0F
057C6C1D 1B80AB34 AD6B4741 C181CDE0
342E2B73 68E0E63D 070B3624 55515189
85E58D88 9EBF1E24 92CD9835 0196A5E0
2C04DAEF ACC2BB7A D99C1DD8 7877D61E
C2D70738 E2D5E48F A1FF2230 42E20F76
1D872D28 3BC88978 B599FE64 E192A7AA
F73F0C20 A20A3D07 E330A528 9EFBE39E
E7BE6FE2 A097177C 388C7B51 61C8086B
02186BF8 EA9C36B3 B776E9A1 D2E10E5F
89DB4178 E25F8CA1 51EACC31 62FD8634
13A53EFB 3E3C16B8 E4B5B00F 4FE4E1DF
AC2601DB 2BBADEAB 7C92EC01 17CE2852
7746C092 9CA23F1F B73CB83A B0465E11
3F4EED66 2A0D92EE 8772443E 2FE15D5C
9830A024 99862AF1 50289535 5D52BE91
6717E7EC 3E507507 65451CBE 8DF02575
7438626F CD6B343F E5477FC2 92DD0DD7
9697226A 48295E34 C6656471 FE4F081D
B5CF4D29 5EEA4358 F9D7889D EB884DB8
B40EB692 7569BAC4 F9E6A357 D1BB6E70
B3FDA1E6 72BB28CC 13FB7F54 B0CA1648
090CFAFA 038C9449 6F158E78 9525F5AC
66CA3F30 891969A6 1969902C C4E19F13
4FDA57C0 E3D9770A AE0518F1 162E4EF4
2599B7F9 B34264C0 4768BFEE 82849421
0BA65A5B FEE860AA 9D39A9BD E9D36B1A
099769DE A59BEC8D 860BF515 0A506D66
C2B750FE 673C74DD 5C883562 CDEBC9C2
AE4BAC2A FF597B20 CB45C007 D6649D5F
A91E1FE3 80472D34 0BDA5DAA 96EF57F4
32E56BA9 A870E65B 39D7EA98 8CDEB672
1540793B 6AF2E481 1F8E2B94 A6B4C924
C48D4BD3 6B890A27 962885FD 4F994CE4
6A75C070 78215905 A5A6E06A 70F42C7C
D3C1C23F 8E9D3C0B BE5D72D3 6DAC887E
04C24E8E A926E381 7E12B0A6 9AAA3379
7AF9A86B 1AB69DCE 0149E1CF FB38B75A
60186EBF 7A2350B1 3E13D6C8 05353E3B
38B39DF1 102F21AB BC98FBF6 224FEB7A
0F7BABAF 1BFDB78A F00B0DFB 9C8DC1E0
8E0F2A46 4B247320 9B888DF5 E6DC4306
12007428 95AAE2F2 744B87DB E6CE9304
B5672418 056E474D 8003DEC7 97DBA46F
B9518DBB 0E812DA1 E880D35B 01B8AB57
4D373881 44309F5A DDD71584 7DD2A059
7926D45C 3210A715 BD32801B 418D7AB4
FB10CFC2 96289D81 9BF4C755 C01A80F4
DCAC97FD 060860CB 15B0A66F 958EB8E0
66C6AEB8 D5689903 5FCE3329 0A20BAF4
72F6DA3C D799632A 12C450DC D14A1049
176B172A 13107C77 E86CE14E 9D83605D
C9E987E6 10652BE3 FA85BE76 AA89CF94
B57F78F6 6C28A5F9 C977F567 278CA35A
C93022FE AF77E245 A4A7D100 95216F39
84A8E884 B53D9491 6577DDC6 883371F6
21EF5BF0 C0A3A5BA 70C6E123 E2F8CFCB
C2018DAA 367FD81D 5B1C2E75 CF39D304
BFD04F67 649A0B70 C44ABCFC 628B1A35
9BA469B6 FB7A0620 2D6BB625 F768377D
7D83851D 2B5F2398 8E2AB0B6 B6148D51
BC770661 59ACCA5C A6819316 F7E41C91
336B1074 047F70A7 4C323D2E 3E5E979E
0D78A4D0 ADEE43ED D919FF1D D14287AA
0FEC5FA5 5FEEE64B A9BED224 21A26970
0CB8E57E B8A15F5C 404A5E72 E0EF8EBC
AD406849 B5CCF0D6 539A2EBC 009BF53C
65D5A1F6 A1AADDE0 BCAB2C81 B05A3E3E
841FF7A0 469450C0 C618DF49 1F5FD9C7
6B1E2242 B5B95B35 C6085D84 33216886
2FEC3E05 4063BB1B 58D4F582 79401582
BAE289E3 63FAC02B 9BA5B63B AB21A86B
0CB46C1E 51385AAF 2BFD7F7D 08F52C13
8E69A802 A5ADEA13 29D90D18 779F4587
A5298596 71C69A11 5B211A26 7A82D571
C3DDEDC5 CACB8622 66FBF35D 900F52A2
98AF6B99 8D1A513F 012715C6 6EC4329A
B465863E F2453322 EF0D6A57 A80A7527
03EBA7B6 E17D7672 905E95EF 23AB7301
016594F2 44AF43FA E169AE7B C7884B30
2D35C5AE 05D29928 82986D9F EC2B289F
59684140 8C5BB775 5A37846A 304F20A3
146A71B2 5FC214A6 F1765A3D 01DE1C7D
24FDE4C8 C5253DFC BFB2161E 227B4C37
5F97D439 28F2734A 067CE276 3A9149A5
2A2EF847 4DC05F3F 37685D55 075C1BA3
074117A0 1A6925A2 94495680 1256C29F
27852149 F6E792EB 5203B944 B441898D
D8473044 C59B5A7F 00B1BFA8 080FA225
B963830F FEBBA289 48198C68 7DEB45EE
17E63CEF 9A447BCB A8A13E96 7B89226E
572BA01B 42C54157 BBB22316 C4AA44CE
A578F174 963ED879 F031F857 DEE6AF6E
5EAA19F4 4E005497 4CD73032 40A29CA5
B3DDE61A C78499D0 F808C05F 11E9C38B
79A979FC 9BF5D504 C37DD379 958A000D
B3AA5050 87068587 16765FD6 87681D73
31B95CFB 79B7617F 20F93A19 454CB5AB
F9EFE195 F2602600 1B682586 B8573754
D461B9B7 EECD353A 661D29D2 0DD2F6A9
887C10C2 55E7DDB6 A40E0847 098E86B0
4065A7BC D4484730 3AC61828 4022D366
78DDF9D1 F0E0DEC3 BB0A8D3F 15A749C2
C57FB45D 5B15084D 1FBD2EC2 5AF21266
D490F67A 18D80134 92302BDB 02427593
42B75A86 C18A15F7 1285A4BB BAB6310A
8A70C395 CE19FC8C C367207F 4136C6D2
5C810822 9EAE18E8 A26A7DEB 9F901734
8A5B4449 39271246 8ED7F206 A592039A
1B760DA9 91B81B6D A4C1816B D5012ACA
51B009E0 7174F5A6 CF5FDFA6 C78ED8B2
119C17D1 1F0CF1F7 22313CFB DF170B43
FFC38E4F 5A50758E 05C379B3 30C4F998
89C20B57 61204181 BA962BB5 3C6042BA
AB35CDBA 06C1F890 9ADA3584 7C9A5F13
D9B17EF1 9EB74C38 A91CBF90 F33012CD
176488BE A1A9948D 229F09BF 0B07C1F1
8150A74F 7C968262 2F99D4C8 0963F856
E06EA1EC 65EAA8A9 C4A55ED2 1601784C
B49DB507 7B306274 C88DB17B E3B38A43
CBA09F2F 9ED45512 5EFC2695 F954F45D
6C2BC596 F0D01F3E 79A6871A 6E5550CA
F1858B1D 93EF8A56 57B2DA5E 580C1432
86514005 DFEB8314 EF0A953C 021BB378
7B03C000 7DEFBB16 6229C910 C88CF2B9
3EFD4441 72A65576 EE60328B 88D673D4
70F659C8 685DE318 3E29D9EF 56A7FE4B
A7049204 677D070E EBEC27AC 5747D5EF
586BA614 8B6A0550 A834C8B3 8920A0C4
4FF9A771 C25F1394 9BFFE924 E3D35B49
08E3D61C CF9AED30 67458FE8 416A81C9
524E9072 D1066D21 38DE4C1F 911F1D17
C26934B3 A84411C2 FDDF9048 445BC79D
A3FE1EBC 0C6CDF19 F68351A7 E7BCEF7B
15E8B918 7348AA24 1F197CC6 D3206979
97B4C35C 76B9F4CB AF35FB61 E368771A
5EFE8F95 A0C72F0C 9C0FEB2D 42D1C4EE
AFCCCF90 23E42900 16DA7D9D 506CC1D0
28B2F22C 369E586F 10DF647E 86CA6090
244E5D46 4359828F C483FB70 0ED72A3E
BDD094F7 7F563BA3 940CAFFD F33CFF78
37D21874 EECF3CB0 42AE7747 0DB886CD
C8F23812 82C65B88 69042BE3 BAEF36C1
8D4A79C3 A105BDF8 F1D32D04 8637046A
744E7C7F A137AEF1 252BFE54 C572A6BE
60570DA0 5161D943 9EC17DA2 4DAFBF84
4057FE0A 101C4EFA 94EEB066 9EC52F02
D85F9623 5402C3CC F1B3EAD6 EDABBBCD
34484309 190F9DB6 7CAF085E 7233F01E
955D2E2A DA549DC0 05FEF54B B19881C8
0CFF453F 770795F5 7C16AA18 C70E5B2B
F13256E2 1B32D803 4BF2D4D5 DFBA574E
829FE6CB A879ECB4 A8CB309D 300D81FD
244E05A6 23AFB79A 52E8343B C219B96F
88AB673D 1EDC6695 B5E3DA3C 03DC561F
F6E4658E BB366C38 F437FE9A FF1ED13D
CE9FD9DB 7037B6BD 8BCF03FA D6D3E8A7
79A3A28E CD211E6C 337814CF 164C3D8B
BB3B0DB0 1AC8A96A 84F55F0E ED2C2C9C
BEBEA076 FDB662A1 ED68EFE7 C134DBFE
B4476E44 7557579E 2177EF6E 74C0BD01
3C23A33B 8A266814 6D96E00E 34134C23
7E8AC892 DF399239 F766A379 C3F91B9B
B1E9227A A9360DA1 5BDD35AF A9B89C2E
704333D6 41C6D7D2 8B38E701 07D241D0
F1DA0F69 782A7A69 3648D184 6F7D0BFB
B1FB85C4 10E6B2BB 564DBFAE 85FA2AFB
ABB627C1 7718C4A8 B471C659 CF0C4E65
1B4732E8 2852FDD6 6D890303 3F8AB99B
6C525950 27C744C0 FB26ED26 10B54842
0181D6A9 F0FCE5AB 2058B2C5 C6C8DB83
5C5B3A28 7047434B F0616D33 D5D7E04E
907D21C1 2EB25D7D 519B2F07 4FD78BDD
987F4836 F56EAE2E DE32C894 73B1E98D
F6C52275 426D9CEB 68E8719C 37FF8DBD
FEC8F263 F834E47F 48E5D29A EC25973A
6ACA3F30 462A48D2 8E197C80 EE56C7EA
73AC74EB 716765DA 0F8C78DE C1EC3BBA
4B8BBD60 9E331F3F 8D9184EC 9C47648B
C312B395 60CADD25 C7820742 C7531C61
AB2895C9 102399E5 E11BD435 31C2B13A
97CB5E47 EB0004D6 422BF9CB E10AC49B
EEE26FE6 21A17CAC B7B76015 73F4C5A5
DA19BC0F 7AAD6EF9 56A56C90 CB80FEF2
69CAF79E BA3F2AD3 F05AD9EE 63BF51D5
DBEF13F7 2C34D2F9 65328A8E 7A858B1E
AF9AC0CD 302E0985 66055FE0 20FC4EB1
C7440EC1 F25A0248 615FE360 21E8B089
10BA0109 856D9CF4 9D81000A 451F27F3
8C7B67AB BAC1FF46 B4AF1E46 F81A1D6C
98B29073 70690888 421275AD FF214E42
B32A135E 021D6378 E50B205A 6200417C
93FA5D1B 08D664F4 82D642C1 07D236DE
E08BF183 4549C59F BDEB14C6 242AB2E2
4B88E61F 3BD5DFE4 2E512D87 81D96DE6
56F796C3 E44DF70E 02BFC2E7 412B28EC
8128E6D7 0D651846 9DF2506F F1BE8213
662FC69F B411AB75 B4A39095 682E2A15
309C7A17 FB9D8AF8 D2004616 66D3BD29
740314C9 5866C3F1 76EFA2B0 9B956007
5FBE6C85 4A77DAA0 68EE4D5F A2B730AB
11884E97 45ACA9F3 5D4535CB 4CD7BABB
223600B5 641BC2BC 543E6B68 2819CBF2
248F0827 7124FF3A 5D549A09 32BF8A32
502F9595 91B2E788 19E201CB C21B7EB0
7ED98CF0 33FB609C 3475DB04 E47F3DAB
E729826E A4FD38D7 9EF5BF2C 04BBFB16
2580A650 45AEBA63 E332B9FC 540EF4E6
8C6678CB 0E11B2CB 8E89582C 048E1B29
500A3114 4B517409 AFA30706 0FAE87CD
5BEDFBC3 F6D661F3 39694888 C1D8BDAA
B06283A4 9313CC3D 9329A822 9A77B77F
43F98E66 D69DD45B 672F7201 48F1C4AD
01871CCE 840CEE40 6C49A0FE 40E290F6
ABD89BB5 52C4CB4E 01E529C3 1FF615B7
CAC7C653 57CD9407 946670B1 9365F346
8233B39A 6F0C4ED8 753EF4C8 8E9F8D2A
99A24057 5C3D86BF 46D74881 D18D4008
D2D14F23 8C2C8598 E2DC47F9 20F3D3DA
8AA84831 61F93321 962A1FAD 5184041A
C1FBF464 AFE66776 4B07F2F9 68985E90
DA570D20 09745214 C51A9FA6 CD5F87E8
3B63125E 05426D14 4DBBB76D EB96305D
A1A202C2 E739D593 1B72CFA5 247FAAC7
CACB2444 4B1E66A3 0186ED6E 895C81EB
41855B29 661B5E9D 6F3F4CF1 6505D664
B5D4FD83 B6E5FAB7 8BDA788D E6A704AB
77459704 EB0CFD37 8621BF0E 7764513F
6FC11021 FA818539 8E8020E7 FA408487
88875D5D 858A6653 7A847433 72B9A84A
F78FA389 73C1A292 59DF3BC2 2CC573FD
F1E7C85E 5CA5E455 5BC67CB1 C24C6624
68845E4F 5FBA896C 392CCA21 46FFF042
196B7A15 BCEE3D63 9A062AEA 709149C4
ABA0BC5E ABDB28F4 FC324886 A589EA67
D30E57FA 741D5F7D F716F68A C966102E
0D0C0951 D2DDCD62 D9A4FCE8 1472542D
66064D64 167E8B5C 3E39AEA0 990B1D96
8FCFF72B 07280163 D1BAC9D4 0986EB16
D9490694 60962A0E 84ADDC81 5D89D644
9E9F1740 574BAF37 7BAE53AD 92BB5D3A
D7EBC684 0DE357BF 44F75A06 14C1B762
3E20DA49 D40DD4A4 77FDB7CF 63C28349
5C4FA3D8 E702D821 D2766ABA 913C793D
F66BE4B1 E8EB0106 7BFD8786 B44A0217
241A5F69 CDF20B18 A2ED8D00 3D828DDA
18B3AB11 D3D5BB70 5761144B DCB0EBF3
B6AE479D 5EDCF4CB B7150BFE D7636339
35D68FBB E149AFAC 55A69F2D AE71D68D
8DD8C7C3 77A4C3CD 3F8675D5 5A614186
A3402BD2 AACB7F94 49B91825 BFF581F5
D1E5CF83 8ECED1C2 4ED9699C 91EEF592
86164402 871458FF 1C8260EF 816F55BB
F1E484DC D302EDF6 A48552AE DBD07216
33CFE5DC E0320C7F 7A28CA32 20AB8B8A
F50B9344 0BD0331E C0CC51A2 6ADC7024
CC30A67A 57DC4360 4F1C7042 B05C0978
F4706217 998274A6 1CF5C708 744626FB
CA0E51EE A9FB4A77 9DB459C4 910C1A1A
96597BA6 08B7E6FB C561A38D 73CF74D7
3AE8D83F A6CFC89E C29FD3C9 2D6ED97A
F7552498 ACA23A36 E61B3E8D 4FFCFA97
75EA74D4 F8FB0028 FB1C18D4 CDDB96C9
5A5EDFF4 A7F80D91 38FFAFFA CD430DEA
2E1389B2 2FAA4345 7FCC66B2 B02A4A6F
D9E4C720 844FEC9E 730B3509 360E921E
2C9A6438 4DB523A4 AC6F9924 E6976F55
D1C7862E 142B6BE2 987CCA42 D8581DDC
BE0E7C43 F13031BA 39A8459A 50FF2966
6E0C8228 538A6F68 27C5C0A3 791A7EA5
4996752F 9B1F51E9 84E46FFB 933D5F89
5277A58D 3A8332F8 4B8B8386 02BD2C12
85BF7D3B 3EF3CA88 747DFFAD D0395C3F
FA00ADBC B96263B7 661C73CF 968AA8CF
15513F69 A0E66373 EE8A9A93 79616425
CB27D447 20575316 778BDC14 0C2A2DA4
7D30F36D 7E9FB9FE F0622572 FA7CF86D
48A9D193 07DF81E1 C8FBF658 C3DED435
4BCF6102 27915B78 F9BE6852 E9E58986
6809E259 C0A742F3 F36FBCB5 ADE055B2
8B3DD055 DC1B8A85 5E36F59A 17155B70
97B68CAB 2CD1F93B 400D1BE6 270AB575
C5EF55CB F1F787B1 6E29AA23 CE9BF17C
63D9516B 88ADCC30 26A1754B 1AF5A5AA
AE3E5CD0 BE7D516F F302D408 AEDF69AA
1E8B20B6 3C92B895 E6FBEE46 70514996
EACECCF5 C8E2CF07 CA852BFD FBCDDFC5
0B01110F E266C79D DE38C27B E9CB7D87
4BA08899 0D9E1391 0F510204 D52C2013
3064D819 1F90A8BF 81A5C09B 9387240C
57953A8B 38D26EF7 DB8A2E91 61A8A665
6C26A776 A72F4A84 377AC827 4C165BF7
7F3D906D 3A18D0CD 14811DA1 B2342865
FF233664 E7A9AA33 2A540AD6 FA5F7497
86D4891E 5D8A0193 C3D0A89E D2E3480F
F417C594 6FD2BBA8 278797A8 0CCD8DFF
7827607B 6F0514CD 9973E49C 9ABB2F15
3DA9E509 28A22CEF C9A77DEB 393ECEB9
0F986A0F 32C07260 2AF829B4 E61767F7
57C5BAD3 F64D0396 DEE9EAB7 E2489B95
118E781D 575504B8 5DA4F1E4 55A6CF48
8D02C6C0 3F35F665 A0AAC29F C3163E25
52DF701B D8AA0078 103C6DF1 D4658C00
43733C95 48332A3B 902A7616 9B3B660B
0C9FED05 74F384A9 6CA31C14 E0F346EF
1D223F9B 39687F2A 201735DF 62E3A44F
0C5B3C75 9ADCF9EA 7A67290A ED8DFA87
B5F68DE4 4BA48354 C6A6C1EA DABE2AAA
71A8A5EB 323D6E4A D18352FB F1FD6F2A
30BF71A9 64E2EB9A 90AFA513 A9D23180
BACC66AB 3E822DFC 45571415 CC65C708
64817F21 9DB47DB8 75C4905F E8BD81A8
2F8D2F30 629913B3 18C5D918 842B7C6D
1A8EBD0B DA6CD89B 2AD71C14 D502BEF3
16CEFF7B C6862DA9 22F8D5CE 1E26280C
D740FF28 8E1648D6 30B600D2 6D580544
0799DB27 2C8936C1 BECF6F3A DBEFE325
819EE29F 44CA1B3E 1F878144 7BA49A48
18CF5FC1 733F8D49 B5C8A619 F2454B73
5ECCBA83 993410CF D8DD4444 134A2641
A13D9E80 D262D178 693BDF33 9507A2AA
4F0CACAB 876EA321 FC1889DF 801970EC
0AF3C499 6E1E752C 362F0D6D 62536113
C2CF9B44 F51EDAA4 90918FC8 AC04BA58
4CBF43FF 351861B5 F3CEAE0E 1603D6F2
43FB5E6E C78F4112 B3AE7F33 5D20146A
D1F2349E 51472439 8FC55DE6 473B9073
24ACA7C3 1FC9C0B8 EF927595 26625E6B
E7463805 3A85FCFD B89A4508 5291876A
4B51ABF2 27FD4D4A 7438218A 4F24C824
30F718F2 D38E60A8 96E58464 D8588ADB
719A3A7B 72DC9119 4A1B0B3F 6BB16FA1
28DC20B0 DBC6FE42 BE23AA39 C4C28999
FE73CAF3 3A9A608F 952FB7B6 9D6E93C8
2C3874D2 0BCA33F8 EB9B9A2F C15C65F2
8282CD54 C11C84BE 2C118D17 D147852A
A3E3488D E03FAB4F 4A4444B1 A7CEFA8A
A15D9AA9 5B13D414 0834A65B C3409416
C25109D8 46EDF458 E30FED79 1E63937B
0A3C7756 BBFF2829 488AB5CD EA9F983B
5303A7A4 F7DDE21B 831F29F3 0B891AD2
E26A5E34 09F09892 E9049397 D6462622
6E7808F4 2C5EFD07 44DD7AA6 0FE2FD55
83FC0F2D 66CD273D 87E1B68D 7C23D083
5062B8BC BC06B56F 73C39F62 98F80265
FDB34B1E 9ED81401 0E73E22F 77314596
A70C146A 47ECE8E3 8D330F83 8C0BD5EF
852F9D9D 59EEB686 B177310B 18A867E4
48DC2768 E2D09D2C D916080B E6692E0F
1C8C4BA1 3B7A59B4 FA45268A BBEEE893
125EE72A 80972DED A5E52955 9E624D44
E883C303 F5D137A6 6645389F 7DB4E38A
C13F0B74 C73FCF71 0D8DFA24 D4627F5E
36E6BD7D 3CF354B9 0F4FFFFF 4E0D85F3
BF46D55F ED593B4C 4B53ADCF F652A259
E8073D0C C4C4C3FB 48911B15 CDC9206C
E0575ED4 F1AAC2D0 B6516C1B 4FC0F46A
43E32C1C B4D05CAC 79EA2F89 26A571A5
97E2696C 4645E6D5 059C2B6A 6DB61ECF
8D99CEE9 95E88FAF 3524DB78 A5C5D695
A169913A 25A96762 3C3EEE47 CA24EB0E
F578AA17 36A6672F 8ECB773A CD80308C
8F2B9CDC 8A59E9DB C0280ED2 BC8A4C61
841A0911 0DE27495 82CCB7E9 3D91C282
387895A8 7AD55BDA 01660E8E 0840FBB1
E4723EE6 82F89C87 7D3FABA3 E6DED357
32215CC7 C14672EA E2B37844 E134E2AE
8B82CD5C E6299DA8 53647D41 50E9B3A1
3CC2927C A5286D83 73DE7C9A BA78DA45
C76A4A75 2E5BE08D 26A7AE71 837154F0
883415ED D7B8B49F 433CE36B 7F82454A
E37B6BCA 69B869EF 105491F9 7B86231B
DAE13F9E 4A467E55 B615A7F9 6F917BAC
D8FC7840 CA2824DB 4B21E3BA B6C0C65A
572277E8 22F47B12 A4E3FA20 B3F8667C
B89CE15D E58D3562 0D80DAFD 71DAB1C2
5C4192C7 AC32F3E3 570AFC6A 65329A73
C398682F 9ED8EAC4 012AEEF0 FB4D46C8
A3D531A4 19C15E2C 2E3247C8 CDD054BF
66142017 57E5F5C7 6204B722 1AEF3C74
FBCA3B31 56B7CF08 F59B727D 434D6F44
F79E5118 E2102710 751B8560 1743A695
F338F0C1 A8501A4D E02FD53F 1D3BAD95
8329EB13 815CBC14 1F81FB45 B489F79D
C771B438 A78C53B3 9AE4F4F2 8ADA1977
779CE0A9 9E911EEC 11392075 8D2F4FD3
8557366A E10CBEC2 1AFA6E84 E16ACF24
BC7E0880 DEAC776B 8E6251AB ABC56008
C064D2C2 2371EE90 1DF4A199 A5D28B32
F87818A5 F1FEA68B D91DA644 A1CCFD98
C2454432 0F30C99B FCE3C8CC DE60FB5E
128A4E11 AE9527FA 382073D5 6C6DE5D3
4CADBE90 553DE59F 4D4414BC E042DF10
35BED728 DDA35C35 C12EBAF6 40409E1B
554DBA84 B8F95ACA F5240E67 24C6E6F2
A81F98D4 C754C307 0C6DA1D8 70E63801
FC79EC33 96555089 508F58E9 00DC9AE1
006F1D2F 076161B1 F65CC277 B7AD9BB6
6BEB1327 4CCC393B 42C3B947 01DCA45E
05174EAE 059D8E37 1063099B C1590665
D37639FB 7DA0F40D D5834186 F4E36031
727BDB47 7CD6B68E 88EB17E5 81BC8620
A10D022A 1933C96C D677F97B 62F46C70
49F814C3 6269875C 88575715 55ED94E1
9096291D F5F2FB7D FE67FBB1 627FA852
885E8275 2BE1F4BD 12D16F7F 9F784709
9058D4E7 AC7F63B5 E3E0DBA9 736EBF42
3E493DB5 4609EBA4 6EEB15E4 31AAEA28
6D6E0908 1692B187 C61B247E B33843EE
D28B01FC 43FB20C7 2D21D2D9 4DB72425
0FB354CB E9723A29 3FDEDBA7 6EFBAC30
9F082355 92E7317B 0B672F8F FDEB71B0
2478E7C0 673D5C8F 38C6588D 27DFE4FB
C6EEAEAF 3450C8F6 E4054A11 137AC436
D3C784D1 68D50642 1B9FBDB6 BA9586C2
3D294AF9 7A9086F8 1A68F679 6DED904F
7A40AADA 76BEBCE7 32804E00 B8DC0E7D
5072F812 6995042E ADB96787 D04D0FD4
34234626 59598F20 6106946E 8B7ADDDF
16BDCB50 37EBA456 F1DD2F9F B247945F
7EBF48BE 5F01F33B AFC137F9 A27237A9
085C098E DDCF90FE C7E8A6C8 227AE767
DA429DA2 E4EBE38A B676D82D A4CEAB9A
76E407DC 93EA65C1 83176A66 9C3DECB2
3414E803 E80DD040 952506D8 7AB18270
7CE7D11C 33444226 484062A5 A0114CC6
70880A3A 513C4D7A 94845B6C C4BFDF75
67CF01EB 1576B63A A08CFA4C 4FDEC930
74A325C0 BF746384 781A037A A0D0BD72
F6F6BB55 0B6B4DD8 8034BBEC BC777009
2F226472 25B969F0 569133AC EABAC7DF
33BA688A E7E8EF7A 4AD3A2D5 1032DDBB
806E85EB 20A17A7F 409CABEA 777C6A61
B507A73B 0AD13ECC C3E21702 C9F58C78
E22A8EDC D56DD909 37FC717A 6A72151B
52883788 CD9E19B3 09281D1C 07D35633
5ED78762 58A04133 CAD8A268 67122699
38F22E6B 20D77EB4 6360D15C 3F25EB5B
D578B5ED EEC7E8B3 443DF7A0 3962C9F0
38E620A8 77E8ADE2 1351ED40 E366342B
B47343C8 E2FCB39A F615784D 6318CEC8
ED18F150 731BB6DC 7EB28050 526142C8
86994D6B C5AF27F4 D46993D6 A2AE5184
78655BEF 6AEA23DF 1266BFCB 1FE7C19C
0DC86919 2A04BB96 CB36DDB4 E7236B5F
C6DE4052 F0A90E1B CDFE9587 F5E004F8
CB24D275 2E66DCCE 7E64ECC5 C1A8C8CD
D4C217C2 D95927D1 78CC691E C14A80B5
B74F1668 06E0B57B 08C8FBA0 916082FD
B472B43C FFE29D95 E98EBAE0 684518E6
44A1706F 564E04A5 6FFD8A34 6202D28E
5AB6A3AA 30207D6A 3FF122CB CB684C36
A216181F 51B9A1C9 7C8144FB 322A4F2C
0B9DC324 5D3F529E 059484F1 23840430
6D57FF33 1E128CBD 1DD066D0 5E4746CE
C8E1C332 DBE34399 C2B3A536 F5A30885
0E2F962D 9EF7FBB3 95E1C6AC F3C33B4E
FDB027AB AF6CFA6C ECD03DD3 96128579
6C6880C1 6CB84BAC 32479D79 66512C73
ACBE9F31 250248B1 B09DC42E 918BD930
24FE0F6F A19A7232 39DD7B8C 631349B1
B1F65F4E 8A3DE4BC 36757FB3 2C2C8B7B
ED7B043B 35DA661C 18D67BE9 906409B7
9D98CB4B 07EB8C50 A8D2995E D12BA67C
D4D618C2 121FEEBD C4596290 591F86CF
02554310 19B6145A 62275616 8F2D8C22
A19EC15B BF8B7357 54C138CC C28454B2
1B2EE8D0 E360D767 0F8B3F63 47311216
C9719B89 F4BA8107 08F76D2E 51CD2171
ADFB2CFF E430F305 719AF167 F4C9BC79
99AB3B5C F85BEE09 87CE7E81 11455970
832413A7 1638BE36 62B6EE20 4E754BFC
64ECA6BB 6866201C 4871E9D3 43E9E3E0
4F51CFD4 6521BF1F 9D5F37DE AADB994C
A4FC16BF 2739B82E 055774A8 99DF5576
C6F1069D 61A33864 66B00CED 0ED0ED83
14B7C4DA D577667F 726DB773 E0028CD9
AC73AA23 2082649E 0406E3CB 0254EFA2
1B08526E 8700DBA2 BA99206E 21E19A5E
C3E94929 CA7EBD53 DE89868F 28F690F6
0080292F 961E8FF7 3A8562F4 E340ED75
16F95A7D CF14C4E8 6DA1E565 5B504F98
13F9A04B 223E99E4 11FE693F 65283150
D5CEB085 A60C4E66 A13220EA DA6CD89A
3836F98D 61862047 1C47F9AA 36D77170
A77DE4CE 728025F1 21C5E64D 9D1F25D8
E1F27732 D5837C0D 037EA779 F1A6B3AA
823E328F 0A72FA1E F35393F7 D6347F1D
EC3D5D4A 495B265C 98E6FC51 A01BD086
0854B5D0 51E10312 346F1169 58F7AAB5
4314B29E BDD409F3 5D552D82 A84DBCA0
550E80D0 E11CEDAF 4B9649EF FCBF3F16
506964FA 465ECD09 5C3AD805 61AB20A6
442F3E3D 071210C5 FF280C77 1B94A9F7
07DF13BF 5060E44B 98B1A8D3 31F1D87C
74AB4ADD 56F1EF61 B526C689 63F60525
E537A126 06B0EE99 01427118 C5BDEC0E
11E0FA51 6D3D56E3 23573B2A 1D39C442
B7724F99 A5621588 2CB29298 A514AA71
E5F16F06 E1ED3469 114BB504 0C7331AE
CF5342B5 769540BD C7A874CF 0CC5D5C1
0BAF06C9 7C944310 62758EBD 7175C0A6
479B12C8 41DB1BDE 885B14EB BE9AC591
1D2735EB 4649F48A 06EECDBA 46733192
87E0538E 05E8C4C7 56255056 E5450139
7C6B5854 EC9EDE0F 156900CF BDA66306
B31D0E56 BC913B40 2937E49B 07C8137E
5774B1B4 E76C27E1 72EB3E44 E2016677
DF58DD52 A12282A7 059DB63C 7C9BE853
23172BBF 6AD460CB 7C8A8B77 DFC7F3A9
F8E83A6E B2A14F89 EC55C6A2 4D230063
8C3F9890 1E2EAF78 1BB5A19A 3B30D550
F6A4CA29 DD72C886 25E5B27B 1379B489
6B93EEA5 396ADFA2 D4C42517 2AB56758
865A2A32 245A10CA 05B353E9 1B437629
68665F93 0DC00785 5EEB0764 3A488311
1B920D90 BC4DEF8A 71EED6BD EAF1DFE0
252DB244 7F7E6E79 5C53C6AF E6AC4B59
98AE21D6 838EFD44 AD70A990 19F0D4E2
4EDC8BF6 5F877670 8E43276D 5056C18B
DE2DD84C 8933C7FF 70ED9E67 07594501
A4150FAF 6848DC90 0992D645 C8F99C6A
DC4E99FA D453911B 19819255 F9FEAACA
62317C5F 29971849 85102F8D 0B2664A2
3F5B896A 4E6DD505 A377DA37 4B4856A7
1E4D782F E24BF4A6 5CF3D503 6388E26E
30BCCDC4 EEDF8019 3901FF85 D67A9BAB
8795F9C7 B24D3543 ABBC0768 3B803274
80E292C9 F27E9F66 C279C703 BF0DC4CF
AF0C7AB4 F6196595 B6B0E4E9 F1A87331
B32E57D9 FF68FCAA 1158BA92 C2087ED7
374D3042 0EE3DA26 6F71377F 85D8B4C9
8A349ADB 3DB9C1A4 8BD118C4 4707648C
E6E3250C BD30EB60 77574C28 D2C0E83D
932F2079 600B8323 58E404C1 871D810C
571E08D0 5FB11247 CCA9AB6B CA83C6C4
90857606 4D7A502C 2E5F3E30 10F89E73
BAB6E3CA C96DD232 F7A37F74 FA363C1E
E3D6C7D2 3C2DC389 B3269178 7472CBDA
4DE0F2A0 CA9B6B20 A04D5111 8B359C4B
263F2955 F1840597 C78F8B49 EC467393
B179A77D 1B9E9320 B69A13FB 8836775A
B4FB3EC5 F1D07439 D9D8746B E3D5A533
BA043E1F 091E488E 9F59DAFA B2636C2C
48727E1F 48C0F248 635230C1 6BA58FF5
A88B09C5 C1519957 9574C8DD BA27696A
2EFCBB4C 1724A24A DA37D2C9 BDA735CB
AF6BC454 A1C10C07 92434BC5 DE37D96A
C7592A24 A4C8B163 43890FB0 7AA19263
162D3DEB AB09BCA3 CC962B0A 2DBDBAFF
3DE03AA4 537A2215 F1B9DB08 E03F8C23
17ADD595 055A9CEE ABE3E2E3 9BB74F16
0279D828 E08B9E3C 9EFAC701 FDE1A0F3
490B9686 261451D9 18288E16 2337F9CC
F41BE92C CE21309A B0E9D2D9 586C980B
5B12CC18 585213DD 7F31CE86 192AC55E
0FD119AE F82C2F35 3CB7D6F9 FB31762D
96D6591C 015BB77F D9CEDDA1 1AADC3C8
54BBDD79 7A31A860 6C492509 176A6061
5AFC31DC 9B4C1489 0947991D AB532840
5BBE57F7 A9D1EB64 D866EB75 2563B2F2
CA461FB7 A666F704 7CD01B71 8E0D71B6
61C8D222 5E867BF9 48A8329B AC986E4E
3B6CF30E 7E931B38 C2070AF8 265404F2
12FDB6A1 A954FA7D 567346C7 B8B7ECEC
C9AC7BB5 ECDE1F8F 71E2F93C B7A5AE09
8FDE4AAE 3B14BDEA 30A20C44 EB2C3E9C
7DBBE604 B52FBECA F31F6F54 B925CDCA
48BF2D87 EA05BBD9 71EDA145 10C31CA5
B9CD8776 5C72BE78 8C9AC54E C0FFD16D
316FFEC5 B5C13A16 5BFAF084 FC6523CD
1C33A782 84131D9D D312A4D6 F427FB95
1AE8E722 B06E180C 90E4402E 3F76324C
DEAD9E7B BE1698D7 7CCD1017 7382EDC6
E5DCF589 DBB1CCF2 6A504D10 4C41FE6B
428755ED 38E68D59 BAAEA590 32B51C07
B0339BE0 BEEF5518 17E278D5 38CD5DED
FC698890 716941BF 1E1CE8F1 90E3291F
E5FA4D80 BEAD60A5 A568BBFC E4FB5F01
78102730 C864F2AA 7B8C1B5B 63E39137
94D8449D 5FC559E2 0E83531C 2402C29B
45DF855A 75E9326A 23F938AB 1154B6F8
8BA10A49 E975D2CA 18583E06 316090DA
0E2A98DB F9597A1A 4BFDBA71 C21EFD5C
80F54695 2E4273E6 9C1055B1 A146FF17
A77EF3C4 C1E215D3 319F705B FE050324
3A3BCF93 FD0EC24F 9E52A6DA B57BC368
6C734DF0 AB423F30 4D220BA8 0545D36D
31BA6613 CE8FB7B1 6CAABE2A 00503F3F
D7564F6C 1D9EA309 C9C6CBAD EDB62CBC
F5F11855 9C64376E 98CE60EE 7B933054
AB761B5A 850E5914 169D545C AF2824ED
C865468B 3080EE7A C12EC921 CEF086DA
CB4B65EA A0B7EB90 DE59BDE4 ECFF7BE2
879D4396 E4F03B00 AB730C8D 5454DDA8
9250190E AABEFC79 DFE0970F 37D99396
420B970A 00FBCC7C 8B62D121 835A22D6
21A5A4C8 90C01615 FA4074DA 6BD5CCD6
97C5ADED CCD3DE77 F15B5C9F 4F11659E
BC273544 3EE97FED 938C98F1 7231FF5D
95F00E73 6F5497BA 3E712C2A 65443571
BAFB480B E8E1FE76 12CBA981 78114362
2E06BB1B 0431615A D80C7648 9A69790B
2850DB4E 15494CCD D91B88A0 7836DB4F
6759FCE4 C4CCA0D7 A2D2D3BA 2CAC76AD
CD023C7D AE0631D1 C883C113 052BD9EE
6DB0B08C 7BF74CC4 62AFB304 23FDB8B8
8AF7DF35 270BCD49 D6C688B3 93A61F75
9218E885 E23D1E5C 6E3A9A47 89BD8DE4
0B1D9EA2 A6D6E328 74E0ACC7 250BF94E
2AE6193E 033550DF 133E877F 1BCF6E93
0D0DCD2F 75732F06 45520224 06072972
47919AE4 B557B6C6 02EF9AF3 DD283B6E
2CB4F8B0 EACDB989 490D3792 8E842791
0F313886 278A3280 6FF7A92F 1B7CA0D9
009E6935 870E91F2 10B28944 94DA9BEE
8EC85067 E3B700DE C128E797 A6A942A4
691287D9 9299B64D BE66E11E 61F7C031
3C876E21 1297ABB0 3E663037 5C55988E
3BA43F5B 382768D8 BD75E842 63982ED9
2A866143 B10F2A09 BDD21ED6 9366C81C
5A808104 D50DA0AB 13F7D0AE 036B3D1C
C01E7837 17028EEE 74DEC732 D32788CE
CBDB2028 D8821245 58B8258D 95CE62A8
3F9B4A44 B5C10C4F DBEB5AAA E0942745
F593BCAC FFEB6C25 A6989111 161F3E91
6AFC32B1 964460C2 6904B504 3F44FC4D
6E8A8C29 198F2803 AA36C6DC 946DAA58
57710AA8 C223EE68 B6FDDA19 DBE85FA7
8CA49BD2 06E59CFD 4D4C8DFE 81AFC002
D70CF58F 260849EE FE194398 2AADF6E5
6694CFF1 F5B2EC51 57D522BF 9C8810E5
4F1281AC D4011FAB C76C9D38 4511D675
7E01AC28 CA5144A9 6328E713 1181CE01
963FC104 99BBEA1C 362B7179 5AF8415C
86C144DB 68CDE252 AE8FF790 096E8782
BF3F9C02 396CA7D1 0766CB35 4B855511
83752763 D305B62C 1386CF1F 84631FD8
183306F0 2BFE6FB0 7F443DE0 796EA772
A7349FA5 812E1084 C698BDC4 A72D0CB1
A9FB77FB D24D67A2 6484C835 5E45CAEF
28408DB4 D61ED9C8 36A4AF1B 2CEE3B4C
A811713F DEC3D252 AB888E80 D0881E6F
5B3C529A 4FE44C4F 884097F6 8EDF6674
73D1FD76 AE40BB68 A3F01E3F AD686F66
AF037894 24A64E0E D936E822 4BF1FA90
FB0D6D6D 0F558F7A BC3BE1D9 A5F90B14
DFB16083 B4F5465C B8D5973F 7923E7F5
ADBEDF29 ECAC91E7 0C31AA6A D0E6AB4A
D36C767C EAAB3830 AE879866 3F6055C0
06F05A23 E4E2B168 53773389 E408BC5A
BA8F6288 A80AD300 E08C3AA6 94B83E3C
39F10E8D 556D4054 5A7840CB 59061E26
197B3E79 933E68AE E9A96E33 C79C506A
55B675E8 64A6EB65 EA2A5844 D585746F
3014B539 46CBCA1C 8A53BB90 156F2607
AEC53911 D4A7CEA0 B207BE25 0CDA429D
6F5B6981 1E85010A 8EF8A546 C9EEACDD
83B82698 A0ED5A00 59BBDE32 9F131477
E085C9B5 CAF5E608 F6F6590D 10AD90E0
202EC59D 75DED83D 5094DDE3 06BE51D2
9E6087D8 D3A61DB3 B17C4E4A E8E20537
FA8E5DA5 6914807A 7AD80E76 CF378887
CB7F16CB 69B65A57 28A9F2E8 7AE68FD3
70B38F44 2C7F05BD ABBD2B9E B14C7244
56B3D805 BDC3C2F3 10AB8431 FC5F274F
80CA53A4 9BD7EB1F F8B87785 5F51872F
13406CAD 59F9F1DB A349F990 1DB5018F
17EC89B4 566C6E0A 07A813F1 89F08CEF
45A3E206 CD92F45A C86BE400 71CCC8A5
2605D2E1 A652C682 6883F79A 7BDDF60E
978955C8 9B3D65CB 56DD1A51 608CE3DC
88E1834F AE129B03 5B682D24 6C2ED75D
973FE03C FA1F5CB1 A95483B2 F67056BA
9686C894 9AED6F5F C3FD4149 BC53E0C4
FA1124E2 7A45212B 1827ECAE C9E51656
24C5715F AA8C1D75 6F7346DD 8A3467FD
2FC70A5B 3C08D487 27BEFB2E 9644BF4E
95B720F1 4E798C83 86D95ED7 DB1A4831
C9E97E0B 323CB5DB ABB4739B FF0F0310
C762C2A0 6A3CA3C2 370F6ED9 5E804086
44088B80 0343B306 9F5A6E5B C4AC32A5
2120666E 12A2BF72 6841BB92 81AB2644
C7C7D9BD 40694746 E2FE6627 741522F4
A1A4C15D 9FB72E0A B807A193 F9FC4F66
0318C3D2 DE2AC42D 0CB29EBB 90E94C15
BED6EE76 0B0C4E48 36CA6BD5 801F9944
65595752 88676A29 F7AFAC87 389273FE
1F3EFC2A C727082D A4F8FEF0 49F27BD2
922024FE D36C6D2E A04513EC 0A8AB569
B9A65877 D637A2EF 5C5AE681 80A3438E
FC4460EC 114A03CD 01A67062 B55A663F
B761AB3F 8A801810 68800F10 8970256E
3C922BC9 2566730D C9F375E8 7AD1A35D
D9E5EC71 5E868734 6788E0D8 F1C5E2EA
C23AD52A 99391547 E6F7C5C0 A62123C6
778C0E00 0914E90B 2DFFA521 A19C858A
A0E074BB F0A57B9E 304E1A50 8CC4BB56
4F1CEFCE 25B6791D E95B607D B610AF5A
22C1BB5C D117F97E 7C71E4E6 425ADF07
C7934FED 54888130 A2D03F6E FF8DF0E2
06825549 CD0A7716 25FACDA6 231D41FF
ADD02780 D2D4D5B7 082A9D2E 34193D33
26651228 1A57C904 D54E3652 2694701D
475388AC 2070923C A72B5851 8FB50CFA
E88DE882 D494676E B7902B70 35526332
92D634A9 D3C70A9F 7E2FE230 9ED7B43A
4C8851EF 2C972DD2 9E70052C AC9EAAA1
BCAEE488 CF17EB1F 5418CA33 2ABBB98F
8561E9A5 72C2F0A9 D920DE12 C208FA84
D34E78C6 871D0423 A90D083E FF50760F
51B14936 A9F52C36 EAD9584E 90DDE9B3
439369D3 C5718FAB D6527474 06063217
F04B3879 DADA702C 8B6885C1 7DF42E9B
65EC11E2 D3D6BCB0 14284013 BBA1E58F
DE22566B 162F2240 60757E93 95B26BF2
276C6E5B 1B041ABA 65BA3C89 1124AD4D
8101CB1D 975C3A6D 9AD7FDCF 23A66986
475D5AEC 0B854E16 01B702D2 03AB7BED
012C643C F9217899 499CCE2F 31806387
92836240 CF2FA982 DBFB3B69 C5A5DDF1
BEB892CB 871215B3 9B7CFE7D 334D5B00
9A3759F0 8B23338D F4DA3251 7F55320F
F590418F 4CAD1C1A E955B5C6 39E7A6E8
B74A1314 5A09EB93 E716B29E 6D93A2DD
1F9DE94C A402E8A9 5DFAC127 0061B04C
715D64FD 2774CC2C F2219F2F B8B61239
33889C1C BB5900D7 AFADDF89 9BF061E5
9BC27361 8B7A8996 932E3FFF 066EE491
CED7D8AE A31005E0 7508C3B0 64F071C2
28408368 639B3CCB B290F24D 17C5E630
005CC990 577BB38F CD6536A4 4A43AE7F
7DD9A5FC EBF43716 048AFAD1 E9F03E7A
AF767BF3 23C55311 5EAA2701 8DC2C391
1CF93E1F 0647A2A8 4E70EB6B FDA27ECA
290AE01A A71E9EF2 75364DFE 8063D2BC
015CB47E CB03A24F 91E4E9F5 AAB98254
5996EDFA F2BB9749 B2EA793F 211BD54E
3EEE1EF1 EE6B1529 724D2901 16BE8DBB
2EF1697F D8FB0D6B 00F52FD9 829167F8
820F3DD4 1012C13F 7270BA58 E38A6B78
3449D474 E5F9C089 918156CF 31BB3BA7
0C165B8D 75677B02 ED671763 CB87DCDD
1FB09130 DF49639F 821B5A2E 11464EA0
0A55948A 7DBD19BC 43907D12 A212FD2E
29465B26 38B51FB5 0044A7FA F55C4CE3
66F77034 9418BBFA F04591E2 20F9E5CC
D3530FEE 110E5817 6AA7C222 D1E1E81D
FFD94120 CAA7FF01 7B664E17 36A3886C
C1173882 2DDE65DC CD82D1B3 7CCB9859
1C205C6C 97A293C9 BECD8A43 24931DE4
6BC0C64B D944DDDC 19B6EBF6 9C6584EF
CD68B8D9 A20B6807 08A19FA4 7D84F4D7
A04394FD 67251544 C41011C0 CD50DE88
8B133280 21C681B0 0FB67A26 FF11F0B5
9A919099 9CA8B9B8 07F327E9 F28A31E0
2A9EE012 897BCD9D 51219CE9 4BA653F0
7FC5C36D 1AAE1CB2 6018F6B0 D04DAD96
3E9DD1B8 5E120ABB 7BCC643C E8B0A94C
5B05B7CC EBA62A32 4578C253 4F9E656E
52A38B12 35FFC1AA 2F501154 1850764E
B064FA03 19987022 3DE98372 F4732C7B
0425512F 5D9B506E A0AEF67E 706753DC
C8CF4E98 6527CC3E B7201426 B4558F47
E79F9CAD 02313211 FEF2CBF0 BF89AF6D
91373853 09FB6B4C 973AE32A 1C5D1F81
EA62BA0F 8E2C3D6D C55B2988 9AB43DDD
1ED08CF0 C49EB31D 384371EF 3832F3B4
7DFC7D3E A79DD023 F93BE7A0 0C05F064
3D0FB7EA CE7F20C9 859E7377 252AD522
56255337 1798906E B256B6FD A62D486F
A6CF6CEE 0577AACF 1F0CFA03 983A8D04
4701B267 266B3788 C7FEE394 FB295906
F43638C5 ADF2074D 5A63D325 6FD440A0
E268044F A719E9DD 1FE1CA60 30DCBC1F
95EAC56A 850AA74E D9F30315 A518F0E8
EECFA4A6 CF1DBCFB 30648622 A19D9C01
5D922D3D 9E73F010 AC4A146B 4157DDAC
8657AD61 CCC363DC 25837208 5C62DD89
2A49FF1A 3E8C389C 7DF1515C D36E04B7
6F4BBCCA F0C5BB06 A3A91EB0 88A811AE
DBECF14C 9BB734AB DBF1D4C9 C986C7DA
B8ADC588 4B1E4419 7D55D193 5DC3156B
E88CBAB0 EE900C01 95EDDB5C FE9285B4
25620AAE 8AE98FCC BA4BF237 88C3FAF1
8A212E7A E65797E4 1EA0AA80 B9247253
AD5D97DD 94CE9E4B C189D4D5 F9C0DF28
2C2A64C6 2BE086C5 D949B7A9 E1816667
B07169A8 0E04CFF7 22405FBF EF01F3FA
5E5E1DCE 20A83482 7F1B9488 BFD1AECB
933368E1 E46664A7 29D7D804 CC99477C
8DF05D96 74791D1E 8415FB9B 474DC7E1
8870B3AF B21C2593 4D143DE5 7B14CCAB
4225C851 A6128D51 9806AFD6 E1D95DF6
5C766750 5562D757 F11874B8 73499B18
824870B8 EB866611 5963C39E 0E27D4F0
23F2CF1D CCC2156E 522A754A 5B617B02
8FD7A0E8 E1E6ED1C 7C8B12D7 0EB6B3E8
0CB06885 5DF5E6C8 BF47C275 C7793723
7D2FCA0A 2E09999C 2988BFFB 9FFE91B2
DF469797 A01351B6 532AE711 DF36FBB2
F363FCDF 94117876 52D28BC9 AB51B4ED
9F79E8C7 A8E173BC BD780724 C91F35B1
3FD1A1A7 CAC3242A 3BD6A983 69B332C2
00EE21C9 B9CF48F5 EC58D98F F4962393
5D68874F 158080D4 30EAF4A5 212AFADE
B5D44FEC F98144D6 29B885B5 30FD2F41
E0133FC1 187428BF 7558EC42 5A834150
5382DB2C 48D220F4 DA3A6405 A740288E
56094290 F168B176 11B169E1 D8FA380F
207330ED 90E9F0FB 558C39C4 AAA68066
4B2E10D1 03FA465F 26689B19 7285FA0A
E0D8776E 8E7BEE5C 351E4C05 E2A01CD4
7BD15AE4 3EB3ECC3 EE0C0B0B BFE6A412
C752667B A82E6C56 AFD319D4 9D24854F
FBF96A2C A5AC962C 45013AE7 50A2ABD5
BB50C88B B4BBFF3F CB0F39B8 7F060112
1727F23B 1A109A69 8763B6F5 07B9865F
B1AF824A 182E2A79 A41ED863 7CE28317
EBCD4BD3 0EF88342 CB373891 278BAF8A
303E1B45 81433A06 9803FC53 910F7838
7D70C502 BBBCD9E6 04FE2AC4 D5207719
A827CA43 AF37AB84 87ECD77F A1F45249
3D1A3892 68227B7B 0548C25E 62CAC7DF
4E5DAD29 CADFA8B4 3EC45D63 DA5635F5
20413F36 93CE3204 783A961B 664AB4C9
704497DB A8867108 301E4059 18BA93EA
2655456E EF7F1F82 EABD9879 1A696A00
5443094B 6DCCCB87 6E10AE05 A6DD52D3
3209B8F3 035DBB45 85E9435B 6546CBAB
D37D16CE 0A71E8B3 C5F839EC D6CEF748
94982276 594F2A64 BC08934A 2C20B349
D88FEC3C 59635886 2D70BB11 82054415
02102CDD A70CB389 EAC1772B C190E341
082E43AC 452F142C 02DE177B 80DED43D
348031EC B9311C3A 6566300E A7399753
C69781E1 59BAF640 0F5C7E16 E79AADD3
9312C486 6D84BB19 90159129 5E44798A
CB3188D1 976ABD36 184E7EE3 9D4EF994
A4F604BF 8A6EB861 9BAA2AC8 1C24AB56
BE63B2D9 35DED4FE E3A037E4 D58DC11B
8E4641FD ABB9A24B E490E8D6 F4FB4F70
8BD9CE4E 203B9514 264FED76 001B1830
32DC31C1 B67A07A2 7DABE15B 8FA25081
187E3395 59379987 D99D282A 320F215B
1ADA4448 5A6CBE72 B7C4BEC0 B42B2BCC
86B90C5B C94A224A 08BCBCAA 5274420A
B738B650 093D825A B9EAAC11 D310565B
B4FDCC67 6AEFA090 825445DF 4F7006A7
071169D2 45EA990B 7C2B3A65 AEC3BF66
666DD065 0709436E C26D52D8 C557344E
752B2488 030B3FB5 8B6F8A42 F40C2D2E
D7490BA3 8A4F3391 07408631 79598947
44965BA1 6D4A5F2C 538E59CC 0D4E5769
CC6AA40F 22DBE105 870E96CF 142334B6
24AAE3DA D40EB5AB 912294F5 B07D39CC
A36ED0AF E0236AAB B06D9123 FBD18B90
2842BDBB 56720B14 89D47FA1 8D03D1F2
ABAC8117 3E75E19B C007227F A4A21835
0F502F17 B4584287 98ECFD01 A637D821
757140FE 59123FE5 80246823 7F3D7D08
6A7F0DE2 6A538591 ACA2CB9B 965130B1
FDB420BA 6C04092C 08D839A7 E7E9ABC3
2A2FFA82 4C6AC387 71007D1C 76B170DC
C7EDF50F B817F005 B8EDE657 EE5F0C9F
640F2F17 37D0FBD3 336A1256 C1CCEB3B
C7AAB605 69F62CCE CA216896 8DE83BC2
C57FC035 3252A38F 7488C7E0 E4A4FAEF
B5E9D82E 92ED9DDB F44F68E3 0ABCD32F
7C4C5FFD 27AC91E6 7CCB3E6F DB97A605
11F7E50A 5811E7FC A1742815 9395E3A0
572BF7D4 65612EAC 9A77296D BAA82663
F60FCD0A D31728D4 ACEAD40D 500568E2
D3321413 64D343A3 F42B3E3E 8180BAC9
1BA9656B 283AA754 5EF91B82 21FD9D77
22F450F5 36E12342 907E92B4 862205F9
19063E97 8F8BBEBE 2158ADD4 B8EE9A12
7C3C80A2 72907741 00B796BE A15B6194
C81EDA74 A82F87AC 9C4A2FBB E0FCB5C5
E85932F4 88227B07 5ACB197E 2FB692BD
F61D77B6 67454C23 EE6CE526 5B14458A
113A86EF C5EB3DAB 29847C46 E276B741
BEE4D685 CA8C501D 54258265 3CF2EF59
FAD847DB 7ECE04AB 41B38F9F 95C1871B
A466BA0A 25C0AA64 BF489E95 4A9797F8
4B59CD59 9EC27CC9 179A79AF 4F2CD2CD
257872D3 274383F9 F3D7FE68 4B399063
0DF539E5 D90985FB CEF17511 A759CA67
62C9D38E 9AB72F36 B69F30AB 0C14A188
C70C9BE6 0311AF9D D47888A7 D24131F1
864219AE 872EA629 B71C7078 BC4D5899
47985268 7BA23C71 A1373BDC D1A9A230
FEFBD06E 52EC7AC2 A77F1B56 CB883AA4
6DD43805 E3A61DAE 4C0133D2 77F7EB7A
CF724BCC AEC835DF FF41366C C015FDFD
B3DCE20B 87B944FD E3801E94 3D81FBD8
BDF122EC BF00F713 AE49ACAE 7B0AAC03
EF5E692A CAD72A59 88B6CA55 3B144C05
1A0E269D 0632D3CF 2A126551 F946ADCD
C032D6AC 18F285DF 060FF3CC 866A9C70
7F21DA34 DE2A36EF F3A18F5B 7B695E7F
8E997FE2 436C68F9 CA4659B0 D095B7D7
981F70F2 1AA80492 2889F9A8 69A2A0D0
EFC150E7 867B41B1 F5419C56 BCA4179E
280C7846 EF065E43 96299FFE BD78C204
D4FBEF48 469832AD 3DE6C244 EE89DB23
873E4587 A4773C09 D92B598E 63360231
C5D07B32 CDF3CD69 758A9BED 946354E9
FA3FD44B E7FD41BC 866CC0A3 4AD710C1
0B8A24CF BD568255 E408DA7F 4241D607
3EC228C5 C461537B C302F5AE 3720F39F
8C27B7BF 061C7A29 E3EF8D89 E42ED4E0
91C0BBF2 35E4D44F 277E0496 5D70737D
99E2E84F DC9E587B 0CE7AA63 F7924740
61A07697 BAA8B001 9BA6CD15 C000A36D
FFE78CD5 27984560 542F80E2 20A68EE6
A6364597 D2530ACA 2AA06F57 575BD05D
33909206 33560176 86962E1C A6590C51
D3774016 EB9473DA 13C1A7B1 54F609FE
E6693634 A8663223 EB5FFBB7 68B966B5
E217C488 17ED706C D1BD8FA7 3D287FA3
B65DACFE ADC02035 EEA49AEB 3C700321
C8B517B9 D76A611D 53B7226C 3847CAC9
EC0B760E 9DA09DBB 0EC59D59 01D9864B
C65B4170 D29CEE92 26C8FF58 6EC0398D
304579F4 88E10DEE 5A71E9B8 05EB935A
8360B7F4 A2F63F3B E621B8ED 91BC8C3C
2DD667DB A4ED2CE9 C744ED26 5DA0899C
3ED103DC DF9EB7AF E60EE8A6 80E6982D
3F8A027E CE9F4019 6222C2CE F95D44ED
92E14563 56AC130D 4617467C A159DBFE
AAAD63ED 29E762A2 0EA91358 1FE28623
C5976992 B755F2AB 4E40EBB8 6CD999F9
3272C1F2 E9F85F3E 11696FF1 056838B9
BB281E4D 024BE11B 4DF33725 7908E757
0B908F74 E42833DB D9D16D5D A55288FB
DFDB27E4 44206D87 E081E4A8 232E9044
551F872B BED7DE11 A17633E9 6FEF4748
0D5546CF E27A39AD 8E6DC9F5 64B73176
F5A915D9 16658473 DB20A81B 15A261B2
2C7C8685 0BD9DCAA 7C0376EC C0DF08B3
A1C7ADB6 5C349103 376AC9BA 4148C39F
86154E75 04D3CDEB 88AC3EF1 24E77C91
7913603A 915D9D7D 6738CA13 FD718E2D
E84063F8 7742E057 AE141082 520E466E
3087EA92 2D6D80AF 69751C7E 86B52EE2
813D8785 AD71D189 D11E227D 5CB0BB99
2700ED10 EF8DAD78 5ADCE74C DE113B21
6F87839A 55A3D001 C313828E 29CC37B2
554045AF 2A088905 E47513A0 083AE65F
11B3B39D D4E54E9B 03E93F60 6C70C478
147F97A9 481AC933 520A562A A3EB4068
B4F1580C F1F28BB8 4AB12CD7 3AEF8CA5
6FC1E3D5 545D01D6 57A8E6AC 75626B38
029C50C9 B7D1813B B036EDF7 C19B5859
06D04861 B058C3F2 0583510C C3881466
39BB3268 F436ACA3 F784893A 59C9247B
6FD6245F 2E976B34 90ED39E8 4DFBD2CC
80A97E32 406909DF FF649AA3 3A329062
381E7872 3D290AA7 2DEA94CA 9804FE08
0E76780A 08281FE1 67ED0E43 CA468DEC
6CCC8727 012B5A16 1A420F5B 04C43486
F1B65384 E457F689 4FC8C7D9 61B0DB2A
581109DA B9AFFD61 8D4631AA 3BD75694
8AF168A8 FEF949FB 43681AC2 A95B62A1
C80F25BD 4C9FEB03 EF3930A1 2B61DAC7
56DC16C9 6D600693 0B053DE7 B33857D3
3FA72842 B18D2DC3 230DABF3 6A8F563F
F9C3AB3E 57B8C903 8EA93F94 1FC8B228
1AE1C291 C997C696 8C89C4F0 7EB44C88
FF61C2DF C0BBB9AC F7F4246B DD7A2E92
50909609 FE9484B2 DF1BC96F 2DBF52A0
28B6D79E 79680C05 3DD23E91 C54BA3FA
AE51A5EF 3386D880 1687D5B3 C3293CF9
40B9C7F1 7C700684 AB8C5D63 A5C51273
A834BA12 48790141 44B8BD88 63512354
B0715B02 C8F92D5C 06444A55 C532F7A6
07942BD4 F5680753 14ECEF15 9CAA30C8
891AFB99 FEC440E7 0BC2CE8A 238E0C61
9F25B0F2 C9165C25 E24B9A47 786AB437
6B719933 9EAF05D8 A63C8D4D 2DB082A5
1F225C99 8C20D345 F8E400E4 6194BB72
3B800909 79E56647 408F909C CB6C56FE
417FD1C3 56F5DE80 8D76F343 4B6B1E4A
89B5C6E3 1DAC0588 75B6CB51 5F9BE328
DF3DF057 88A339EF 1DC77089 94904B02
1C7532B1 91E6CF3D 9C127526 1A76714C
01A97CB9 4C8BFC9E 4C53E5D9 46DF0CF3
9EB4345E 134FFB58 B36CEEFC A8B799A6
17209996 0B1F99DB C832F4A9 4B2E0306
221F4193 0FBDC923 B29F8877 B28DE8C5
ECA9C582 EAA7417F 67F95484 858060F1
D5A0D011 842F0BFB 8A60CB2A 8876737D
B294207D AAD62EFD C664C573 D1E06EDD
F0CBB56B 4FC2AC53 1DA9BA02 1EE3B30B
634EE648 5C9AED96 9A38B5E8 625E6D14
DFCD5C30 E42129EF 30DD70B3 3FF07E26
F2A9D9D9 C2E348CC D9BEF860 F08F0752
85ECC5A2 7321BFB8 E469225D 2BF75164
638D71FE FCF3751D B355908E B6811939
47A941FF A7571B98 9C71D8A1 094BD0B7
BC672C2D 92D7BF39 52B8ABF1 B7F87023
783197C4 4C07FE7A 0F84A701 BCD74C29
C2DC1F83 640439BB 1DF2E33F C8CAFA55
7C015228 1E5F4E56 07E68F2D 51349DE4
77055B9E 0A1E84E0 BB00BBF9 1FD58BE6
6602251E AE50805E 11BB8CDA 60A1A09E
DE22851E 72E09C33 5AB60CC9 5521BB6C
251EC990 27149863 08C91A68 46237E6F
76EEC281 AA33A460 C8B3E350 9299DD5F
31610983 7F06F788 3C918DB0 6493DF32
21B45DC0 8CB35675 4F78D28E 7A4330EF
146A015F D53F50F8 C7499D89 869F418B
A36DE53E 35C1F331 B3F4B68B 28419CA6
2D988904 84D7DC86 51A87438 6A9C195C
FB700338 6B653A48 6E2D47A1 DD2EB3E0
5FC47E6E 1F40C6D3 0A70182A 596BD22D
3FF5D120 9DBAD4F6 77A354C8 F4F30F82
F58060D3 B8C1D515 F9B158B6 D973C237
B6B4CF8F 9CA984D8 93D75FFC 18E635AB
841EACC8 D334DD6C 81B088CF 7326C0F8
99ECC7CB B0502896 A5717E99 C9DB7FA7
06CDCFF4 E1809AB6 7A0C0DFC 8C70ECC6
5B1B1853 B9D733E6 3E79E942 70E73E54
43938F1B 2D56813F 7BEC5AD2 24A6315A
F1E03803 F98A30AF 51E9C9C4 324327A1
04E46C38 3731C427 2C7E5E2B A3BCA15C
31E7AD5C 030D1CE0 3BFE4403 261B29BA
E61651BD BDDCE65A DCC63E20 1376AD4E
2526FB21 0515F4EA 01655BF8 45786D25
7A431A26 3312495F D1ECCEB1 94A24895
8069A778 F2B39372 ADAADAD4 112D35FE
B9BEA00F 7DF3DAAB 12B95A1C BE5F540F
DB16178E 6F695ABF 4B3937D0 0B8F8E4D
6F0F5E0C 7CF828F4 3E64DAA9 A1805BD2
A6BF8CF8 614D2E4C 05B4895B 9C82B645
6EC923F3 08DA8D64 0E26505A F9BE8A93
10506F3D 7DA9EE1A E2BD4194 89F4EF42
ABD3190B 95B83EF0 0DC68707 D5550A8B
5553FC2D 6A775D06 70B2E76A CA72578F
D7E90337 4FD1B455 E5E04418 A0105818
87289908 6921ABA9 9C9648C5 C63CF773
96EBBB01 C5870D43 EB399589 7A20B048
8620C746 FD8A2357 0BC51700 E04FDF77
EF49FA2E 80C68522 40FBE89E B019500F
74341CC9 6A93F2C0 EF330DF9 45ABD3DD
14B8B98B D68339A1 F94DC194 676A207A
40FED90D 1FA53531 2BF4DDC8 BFE53945
FD099527 B901FD60 F59AA3DD 96A7E699
CDC58ED3 86D5F907 1C43AC56 F5A0F095
315850D3 BA6256AD CE78DEB4 61DF72F5
58B12771 84EF604B B43BA10B 47D05488
34602158 FBF95CB8 2D7A7F08 A2868CF9
906AEE68 B41CA494 355DD8D4 6A6CAAB7
EB157241 EDE198FE 4BB56BFE 6BBDB4C8
C74370C6 91C5D4FD D4ADB950 79918051
88913A69 6F54EC4B 5B901404 A05E3176
103348D4 3DECB06B 283520D4 50FD0EAA
7F0A623E 8FC42EC8 FA969B8B A4C04FE3
CD1632F4 01E36251 1B28526D EAF7F921
F7D97EA7 DEDAB508 92F4C8E2 F97B7825
601E082E B7EF2209 74685485 C6FC9440
63353F36 504EE7A8 454B0859 0C798005
17E74F6D 97C37F8F FCF39B55 48450392
FD817FBC BD8D8674 11A5D352 9406B203
F52F631A 069D9DB7 E8524CED CD93C487
8756C0C7 EBFAA8A4 D6D408E5 A7961FF1
D58D2E55 F25A76C2 F158094F DF98F1E0
1066FA41 912DDD55 58CC50AB 051726B8
0AFB276A 538B23E7 A3A94A5C 9097BD59
FDDCF06E 44399240 00A69C7C 528557AA
F8203506 287C6201 6CC0CD98 6F59504F
52ED87D7 6B66FCC4 CF883C87 5AE654F9
410A5BD2 41E51716 90B7799E 8005B060
ABD78260 C9D11288 F3CC357C 61D46864
7B7CF681 32332998 B3DEDCB7 ED07CE1E
3CB57D5F 23E4E576 5E86D6E2 A06606AF
820EAA35 8DC05B97 54FBC9A7 2764C821
C97A0E18 7F53A242 C1D6FF32 89CF9593
0A04B433 42509D18 58A275D5 113A38BE
2F7EE7D7 8171E8E6 8136398A 09978C8D
0BC55AF3 11FD329B DABD5EDD B45FA7FA
972747ED E9E49B89 CD220782 BD6BCEC9
BB3167CB E8F1D4C8 16077100 0B74E7F8
3B5C3946 C685DCC8 431DB1B6 8C34F54D
5AA1E00B 79488245 5A9204C1 51C3E234
378D63D0 4EFD4522 B27BAC57 3189A9A8
6B579F95 99141DE0 83ADECFB 6AD984AE
58B137FF 84528BBA 93ECB6B1 6D42AADA
75E97EFC 80C75D35 F95CE458 F2BE3950
D17C89F9 3E857A4A 0F12413E 5D0B929B
AB04E1A5 FD97FF3E 13011214 8A16D9D8
EB1BC72C 000226C4 634A2B0A 1334B042
F2A5B13A EB44C441 29C97379 868D555E
DCF029B0 F5A13109 3F6EB335 883861D1
A83EB410 0FAB50FF 0FDB2080 16526B88
1D099675 2AD789C8 4568FF97 78EF0A99
4D218555 B29CD4C5 76BA813A 69C6E361
B2BD677E 56977A54 F0BBE78B B4C04DCE
99E562CD 3E21CB84 C3BD9EE7 AA3AA59D
5717688D 5C2C23D4 AB6777D4 FEAD7D65
8F99A181 415E3B4D 989EF935 5D4D2201
AD4DFEA5 932DD0B4 AD0CEE70 6AD72ACA
C92C3236 89325807 D05FCE74 261752A2
669DD745 9555C1E4 ED23BB2F E8471CF1
68D60DF9 92A38DB4 B900F357 EC1F7BF1
1336E296 2A21502C 80EF027A CBD0E5B4
288B8DA7 B1037960 B7546285 C520FEAB
0C265A5F 55DE4135 F025FB25 934633FA
5A778F3A 3B430880 31A1A7C8 8D390BAF
E4A8B49F 51DC7128 C9C65723 A1AEDFD1
8D05B25E 602E91D9 CE8B7352 96D81E58
20C1B889 6167BCB4 CADF010D C8738687
08C50396 1513219F B7AD0761 CBB2AAE7
AADCBF57 1E0A6BD2 B3373DDA 58E28BCA
2D5FC5CA 49182F06 FD3030E9 C41C2C16
E3136F66 E8A73715 6785C3FA DDB83105
3DB951F4 6A386BEC 4A64D7F9 E48A2EF8
09E9319E 3EEA6921 244158CC 07E4DB25
34F664EA 25AB0649 7AF706F5 33750CFD
1DEF1C39 FA8987CC 1D74F4AD 0863A8B9
2FE61F7F D619AD89 F4968096 F7D3D993
9257A525 4D8B91C3 D0A2D76E 1B49599E
8EC4D69F 08A93A44 67E77E75 2D468613
E70FFC19 F526B617 669952DD 9A9DD359
F931A0C5 53BD830D 10D2DF9F 8D721DE8
F539DC8E 323BA3D8 BD163E26 C7F9FBB9
B27C9386 AF7E5886 C62804CC 8A4CA8A8
6A5CACDC E875050E C9E5BBF3 A059E885
EC0D27BE A692BBAD 7440E5E6 6A57F08D
0E5CED28 07946425 FF73152C 63DECF1D
B5F4C0EA 973528BE D47F1A03 B81DD67E
CB972701 44C93117 8BD1CB42 D81C420B
60A1C409 084A7A48 90A624B3 04690FBA
24CB09BC B24BC783 DE506EE2 79577D10
182D1F8F 59275AB8 D4AB5980 AE3C6BC1
EB3FF63A 7AEF9E8C F16FBBE1 19B35394
2D0F37BB 94297FCF 1BD807C6 3C8A600B
1184EE02 69E48126 4CE165A5 679FE185
DA86A085 84072B9A 90D5E6D6 72331AD7
1C0C4E27 D96B8D57 1D9A90E4 76E74453
F2A2A7C8 FFCBBB67 14AA6C7D 0B33720D
45DFD133 F3895AE1 CA54665C 1552BEA1
5F6F167F 5B77C196 0ABE9802 AAB41122
769C45D2 53C104A4 A9662683 4E455B87
C70234D4 7522E9AA 3D547EDD 1EA6B943
5CB732F1 5D3C4801 E52EED35 98893B98
E1AB878F 4E8AA9FA A3500DED 469A7E28
D20F4A6E DD5E3772 348C6ABE 792ED8C2
C7289B2A 065005BC 026599B7 8F2700C3
1D5C7586 8B05BCF9 22C98504 E4CCA7E5
21A8C739 47CB4B6B 1723F887 12D37460
608079A7 ECB91F32 E6D999DB EFEE9638
0F8293B7 42D6E0A1 CE7C88E4 D7F54701
80019996 8F5E394B E138F0D6 78CC5C68
E4387A6F 7BE22115 3D4631C8 D9A5E72A
A9E1C93A 7665CF90 82C83639 AA98B0F3
0F561E2B 49E415C4 FC33A748 BCDA88CB
F77A0EE4 E9E66497 62DD3BCF 2C66FA65
0CD2701A D53C45C7 C0F4B2DB 61D18DF8
2C60024D E3026BA3 04D047AE 66C6E2DD
A6BD7065 5A9C54C5 DFF2E1DF A9E87F22
C68E3979 E6F7FEF7 9D80CB93 5F0396AA
9132F53C 9AF0695F EE4EF32A 313E912D
3BC98CA8 8A4191DB 10C3F158 B9E8CD2F
7CA41ECB F03C9264 E8279C4C 52E2B5D2
36BD5B18 D3A1E066 0CBB2390 BED26FAC
E3B6C6DE FEA25F30 323548FB 7A0859D4
9AB5EF64 C7C80304 9177C321 56CDE829
B9BA6419 FE8FFCA8 A3CF5B3C F1A44B7A
40D4D276 0F9C504F C26E65DF 0203ABC9
2A5A0A14 374E8F45 98683697 EF244E76
4D71DAEA 7E07B743 AF9A2233 0899BD15
2D123C37 EF79EA5A CACE51FA 2D33EDC8
40782C67 B3C4257C 1EE55309 722D0DBA
3EBE6940 5669AC44 5B0392A4 AF2843A7
F5CCA1E7 8B322693 F12794AF AE9FBFE4
4FC18FAC 366A3DD1 2B523084 8B54D9C8
6FFB5E1E 7A283B22 78D4EBFD 611BADB4
1A872692 B163A6A1 668CA293 52AD7C6E
B4486233 E7BF45BD 596CE1AB D5472839
F7122F13 2DB39A75 375779EE 4550BB04
F6412471 95896A47 02A2AB23 F4ED8B91
3E7A4663 10D39A77 A51BC493 80739B19
DBCE8D43 773EF8B3 BAAB3E4A 0EEE1039
515EF195 4DA57472 04815B09 86368DA6
17A4079A FF1A6A7C E6F8330E 9BEF4D8B
15616FBC 90468E3C EAEBD6DC 15FFB3A7
838092C1 6827DA03 E97107C8 A189B552
C3608585 F1A6BAEC 7CD5606B E0813C49
9CE64F60 BCFCA21D B7040659 E209103E
D0BA37AC 9FD003AD 405ECB62 63B04E94
1EBC742B DD4A8EF2 AA2CDA0B 78A04ACC
2E60A44C D66A7BE1 B2ED1F6A EE1A67B3
46ECD034 840973EF 174FA0CA 56605FC9
DA6E4E7A 1518BE25 F468C25B 15BC0504
C7D1C266 244D36B0 9BA93655 2700A654
EF5A5A3D 64A1C33D 5E87C9E4 BF9285F8
84F8F30B 12B1EDB8 675110CB 7343657F
02B8EBFE 376C8D63 D354EE95 660332A8
93DC07E5 C32F7F50 E9D3ABA3 160BC9B5
0E8E2DA4 32AEF398 59521EC5 0278DA8E
3C4C848E 022E11A1 848F0C6B EC178B74
C1979FE5 CE21FB7A 7B7E4228 9CA9DAA2
608670DD 791672A4 FCE3C8C9 3186F8FA
65D5A4D4 9B003DEC 3201F712 C75C508A
E16B2FBA B41F6C0A 8E5EDF2F DBD3A11B
BB7E8887 09EEC2F9 D2BA98D7 79396943
325238C2 31453A09 DBC10C8E 0937204A
4A93A102 6F564A0D 07B9AF4B BDEA8F69
854EA60A A95A39C8 89120E61 FD9C6FF1
89C3BA71 CEFBC76E F882E4F3 9C76F2C8
1026C2C1 9D021F65 78D981F3 E5D8041B
F674BFEA 56AEEE03 19BEAA26 F81A5B2D
05AEB12F 4599C2F5 206A462F 4E23EB28
60539EE5 591B7642 1EDE0029 F3344755
C21CFF16 49616C8C 6F02F586 CA0A5A92
C07695A4 A7DE476E 7A29F872 CB80BEED
989E3665 503E0C43 4916AE33 1B6697D8
A8AEE30F 5CA61A9E E7F41369 0A8ECFC2
4096D1C2 01CCFBF3 51EEADF5 A938DD70
7640AB51 F2B1A8E0 5C6D3E5F BC8D545A
6A1F5B83 CC251F89 3613F027 CAA9BE4E
C1C05CA1 E4B36FC6 C0D0AAAC 31B2D282
B621C3A4 99C72D3F 7FDBB07A A8A42F0C
623C8861 CADFC89C 4424A15B A5618439
77114C98 B17BAB30 A454CD35 AC10456D
325B0281 D2E1D02C 12AAB79F 95E435EC
DEE526DB B3995C9C EB891909 030BCA99
847ACAB3 3DA287B3 F61C056E 3B45CC97
F6CFC65C C85B434E 41A174BE 36CFFB5F
82A05F7E CA9CB6C0 C7C9F25B C9CD8713
69F42BBA 1DBEE235 0ED03A06 AD2CAF4B
52FDF248 1D67F43E 6D3187A7 D0350F16
54E436AE 5F51DA12 5EAEF425 3FDA643C
AAB0F25B 68BF3D58 1639EFE8 5A9D1BAA
02A6B98E CF976EBB 520897B1 E8EA9FED
5109C2DD 3B8EE4AE 9D512EA8 187051B7
4B5DF092 A6AA402A 2381A67A DB7F1B82
C0EBE309 E9A241DF AD99C480 91C5D17A
70006134 C67D95DB F3035BA0 F9221B1C
B0E03AE9 AFDF3EA1 E97CAC38 B9A16C55
A3E6B761 88A4E1D1 7C9946A2 D4444D10
17133279 0CDD56C8 442D3BF5 075A4CCF
99580A09 864BEBF6 C0048197 0A74F96E
C72093D2 3271662B D8E75643 81880568
DDD40E60 712B9F19 AF487898 50D6172F
74097A17 1F516069 D28CE2C6 35C82BF7
483E9B3C BA273204 7F38E4AB 3A96F1D6
0E74AFEE 4C5AF5EF E1329504 EB51B527
5078EE01 E60A2AA0 03EB9BCD A7EAD183
3756A38C D5148D33 2D9D2CFE 49799737
CB69A6AB 08678053 EEA28AE2 12D30214
A0A62E8A C5B6E27E 2080E174 56A1EF7A
48A10510 D376FAD6 8CB09C03 070E0773
711C34EF F803D150 C53DDFEB 6E4E2219
E57E7649 00562E1C 98E98B7B 126BCD96
6E58F5A3 9563E343 BB427F73 58624B26
26DD787F 5890D172 EAEBAB92 5220B50E
BAC6584D 5647A782 F2A76CF6 286F4890
093C2061 1F6EBF5F F80BAD1E BAF6094D
763CC000 7EDE4DCE 9ACB5A8F 3A474924
EC0E5637 B60F4249 EA3A8B30 CFF8F68D
C54BCA77 A046336C DA3F98F6 0DFBEF82
82BFB417 D421182B 79AFD334 3BBB78E1
16EFA4EE 45E49FEF 060C550E 89D3BC15
A3CDF61C 16A4D729 E3C6B531 4676C8CC
5AA506FC CABEEA6B E857ADBE FF9812ED
CBFBD04B 302ECD5B 383D9214 B21082FA
F550C88A 62F8FE50 172A2873 70EFED49
556CD9D0 4F43D816 A4D9BD02 62BE5AB3
B84410CF 9A9CF1D1 0A1CC690 533E1C78
C059660D 4EF71DFA AA4D1111 FE74C88E
689538CB 85AF3FDE BFCC2905 4AC27560
EF381F70 857FD3C6 83894F8E 84E08022
A7644012 EFB2FB07 D7263BC8 1C788015
7B413C95 D6D4A05A 05C35C8D 69219826
290B1300 E1788E0B FB64D448 F5D7D932
3230A739 A438F5A6 8D1F5953 53F44CD4
ED37099B B7A326B9 F675A297 D142ABE2
6E9F171A 0F960111 99ACF4EE 53B78F27
BD6DCF5F 9AEAD959 AE0BBB8B B3FFCD46
4AA534A0 1B4000B5 95A54425 CEF162A9
9F8A885D D098E9B2 39768D6B 2EB76848
2C8656B7 DB0E5139 791DE2A1 37EB57A7
B0621FEE BE9C09A1 385F8DAA 3B0E69D6
81CBE106 7383E8A9 01ADCA34 E25C4464
9E0277A0 5993AD28 B9FB1DCB B3854517
C210480D 1F23E4AC FC73A605 74F3DC51
CE418AD1 558490EF 04B9266E 9205EF8D
90B55859 F483267F 49DA5493 FD66AC66
5EBC2C6C B94639DD C6BE5A12 CD440EBE
F11DF5EB 6AAA2963 7849CD2A 7B0FCEEF
502B7F16 D5F55BDD 7C0B4892 68B15804
BF5A5F49 FD8305C5 15ED9AFA CFF40EE6
4D271C08 D5E0E9AC DCC71C32 3C2F8101
7BF525BA C0DE08E2 5B6D7E06 1E8DC161
3C7FBC36 1D2CE65B A58D777D 50DCBF98
9A0D1B12 6A5E4199 D0E678CC 529BF1BF
37B0C839 555D4B91 053EF510 403B8B62
01510283 C33D198E 66272BBE 6E48191B
2E6DE122 CA87A940 05F77138 DC4690C0
E22180F0 82ACCB87 94FC4EFB 49E9344A
A12AB708 C5045AEE F6BA52FC ADDFD6F8
EFF97403 F1A2086F B3C993C4 FE84EBBA
DFC47F30 8B6F0A3D 5838E29F 1AB6A346
2F645829 7A208F5A B86807DA A018F2A5
15320036 154B7615 3F68AA33 9616216D
05C9A5A7 F6B5FFDE 57D3C394 5DAC090D
B21718C0 C5A8423B 54BA5D76 7DF2B835
4B34966C 0F7766E5 CF0A09C8 AAFF7997
553A71B7 D2488D1F 6DD68CB6 2D7D84DA
911F6533 30BA68D3 B57EE0D0 78DA64C3
1202C4A9 15EB08E2 4D88510B 8396FD76
4B804CFB EB4D31AD 5C426C71 26BFD277
F0B90B05 12755029 CEAE086B C9C744A8
0CBC6183 6F7DDA38 79BC8AA3 009A4BB3
784F8BB7 143869C6 366C91D8 5046ADB6
36067671 A1018472 59A2E4F7 D7E649D5
167BB25C FA25C72D 40889DBB 44D9873A
B1F22BF3 74F234DB 4243714C 97846336
D246D2EF 596642CE 46297845 4ECC0E38
CE9229A0 1155AC10 DD8F9D33 B9573E5D
38818BEF 9AA3DD32 2158CABF C8D9129B
368E40D4 4900CDCE CC0BD17A F9DFF583
5D81E7DB 90DEA8B8 3115A449 A3041D87
439F6194 D628021B 62A3C5F6 AA037B49
6F9D8250 D8A722A6 3A59DE33 E3FB4366
4421830A B6619F7A 03086EE1 7F8B6029
38649253 DF1BF42C B5A8E5CE 7C9308F1
CA8AC11B 8235E509 7636967A 387FA3D8
E4A16B6D DCDBC660 26EDD1A4 0934114B
07077744 1DEAB6F2 425D5E1A 2D5253D3
535544CA B38FB247 91B7C340 B733F46C
F1A120D1 D1D6EEE9 2ADEF62B BEFE15B8
1F54BD35 403D7120 44184FBB 3E540A3A
01FAFE4B 93E97820 F7D0A60F 19739D86
8D5BFDA0 F2105D19 D2ECE818 E82A7118
3495663C 6402E026 E85F453F E732667F
55B3AD49 201FBD30 43BE2C03 8E3A6FDA
EA1E04E5 F913A1A8 CEB15210 12274B63
C28AD904 AFC2243A 94A1D9B7 651E4D17
214B2497 3A955E2B 89CCCC70 CE3869D4
057107ED 99A6A34E 378A6D0C 29BB0931
650FA9C0 164B88CD 263F77DA 88795B1C
FDCB0F8F 2DA510BB EEF57B33 1686C761
642A6FBD D07556AC AE94F225 7835AD9F
9BC02CAB 68AF8CF0 FC14240C A7FA6EB2
20BE04CA 579C6AEF 7FD60670 5033AFBA
E42080C7 B0877DAF 80430A9B 286F5906
6B0ED2CF AFAAD10F 7AA726FC 26343504
F3DB0D22 C9F76090 8978C7AD 2CA8CE80
D0906B79 BDC307AF 2B42627E 7DDE1F66
B45C08EF EFDA2071 E3FCE17D 9A660FC9
338AEE85 C1BCD138 A557B570 D910FC53
7FA120D5 4E1610BA 30D7C1EB D7FC4FB3
98A6DC88 75AD0997 99CAB224 3693A4DA
4055E7E9 5A89FCC2 82F3E34B FB093279
E8844EDB 74100A55 F376DFA2 E5298EE0
0B481544 683C19F1 9B79DF69 46E41860
46F288F6 A269E584 9B182A99 F986F6B4
22D488A6 3122250F FE3C46FC CAAD3299
2355C2C6 A13E3D2D 65551777 1913A7D3
9281983D 9A4E2928 8756430B ADF9BF88
B8862048 4DC3C861 FDF31E8A 47DA07D8
81C88DFB FBC1D8C0 B7BF301F C321635E
299EF3D2 501AC8BE 2AAAFC7A 04F479E8
8556124E 2A392905 FB58E820 5B830070
7E420B61 A17F3990 D25B1ADD 5A46B6E8
270DA195 85800196 14A02C01 9430292D
323A02C1 2D1F2420 860E6A6E 0BB79CF3
AAEEBD5B 162DD822 49B70438 DAB2D8CA
48276253 C11077B6 5EC658EC 72D3FCB0
0FF4AFD4 DAA4C4BF A359F737 FE736418
DF30BE9E 215F2B3E 8E70DEA1 C96A979E
8EEA88F9 66DAFB67 AE2318CF 6D21C976
CBE52025 1AD5E22B F69229A6 61BA0C6D
43DDA912 2B175604 A17AC0B0 17178629
85205DA9 9042EB1B 3E287097 FA90300F
D551537F 29F100C1 A0AB5386 539265E0
3B684BE8 56C9DB8A 226E2BFB EDC85AE7
848591E6 5C0F6A2B D857AC03 6AD7DE24
931CC4D5 06555C13 A92396A7 347283D5
C1E35B13 D478748B 515C14FA 7CBCB1CE
3BF3A23B C5A01D8B BA390374 4FE8FF4F
50A2F8A9 EC959631 AD8883C4 B94C7644
C53A51F1 EBF1DFFA AD12F785 4D2ED8C9
123064BA 0AF97455 9ECB1794 7BBD8587
3B406626 8AC15C89 E1F2E039 8B5DB582
05452551 A973E25E 68FB286C 72D6FA10
1FAD65D5 AE609B47 E4ABBA98 BA504A1E
429DC15E F43C0F06 96FD02FB C808FBC7
0B510FD4 87360D06 DFEDA82D AC28C004
93A9CE2C 9CC29780 71078A1C B6E07140
5C8B36B8 5749DA77 C9A42A16 B863332F
479F957C 13BC98FF 4B924F8D 46FE4A1F
7875ABFA FA3C7AF8 D9428773 B43038E6
510D9A74 C636B9FF DB24F1FE 8CAC9A22
6658639F 27257D11 2E732B18 184E3A65
0BF3EB68 F683BC98 B212A675 10E08214
E781E01A D58FE30F 2657CCFA 65692E7C
F3E08278 1A154AE5 44EC9DE1 5B54CC5F
759296C7 E16EE56F C516E8D4 EEE46263
AC0B1175 37D4A151 2B6DEBB9 7FB47CA2
8078793C B3D75DFF 34B5356F A07A0BFA
A9477F7B 362DD1A2 6C19AADA 948ADBC2
4E716C4E 6C65BF1E F0AD3048 20CA573E
63E9ECA1 06F885AD 4CB7F808 ECCFB01F
DE62C9E8 2B88B48D D2CD2AC4 079C8B1D
B1296004 49DF604B 22F31A0F 951584BA
0D361EE3 8050841E 0B3FD652 BC52B38F
C06B5C69 6499B465 5622EBB4 1E9AD5E3
0E6C22F2 6A7ADDE8 F783D3A0 CA2E73F5
858098FF BE8D21B0 D7D87E5F 990CFAB7
F24C54D0 632D820E B8A15130 D0CFC842
C431595B 59112CA7 F564CF43 42E3A817
3080D31C A4A8C572 0B5A7584 3378F0C8
56C0BA53 4BD2B1FA 71FCE6D3 DF652BEB
E3E47B1E 36D0EEC7 5D0A2B99 47EE8CA2
4014EBA2 89327FA5 9C6CB8F1 1A6C843E
D7019FF3 3236B5FA 0203C9CB F9CD9F0F
3F2F10D7 6D79DA63 E8647810 1FCA3D02
D3D8A72C 38C1A543 1E0C2B1A 6DB71396
6545A5DF 95B73F6E 31952C43 C83BD8BC
430F6E44 6C94C90D 51E2E9EC 7B1B2158
9C64455D EE2B7AFB C35B14BC FB63CD8C
117B3F76 21D53D56 C890BB91 5B0B6BA7
A575CA33 6367F244 ABD41494 A649EBCD
93A03D77 4A7C0C1F B003786D DF3DD825
B4ADD182 0F5F1095 EDF1EA86 918A13B5
060FF716 53981CA4 B1104050 1D50B94C
C059E629 88932310 2D0FADA6 BCDA21C3
319D3528 AC195AC5 DB65D808 F9893C75
51FFA64B 98C1C13A 828957A0 3922BB89
E6A46B7B 45058591 B4C3D199 3B6E1D4F
7EE55B1B 7C354C94 C871DA12 3102A196
AF97384A 004C2742 6A1C9A13 7FBBEA7F
96B4E391 45B39348 0DB75952 68EA1389
7D545ED4 1BA04C85 24784CD4 8CBD8F27
C2A619F7 DA6309C2 A6CD3D5C 11A681E4
0F8EBE7C D4DF1DCA 89BEBF69 A19F8CD7
7DCF86E9 F6EEED25 5BC8949A 66837B0F
EE5A9366 DC5B7AD7 A5AA8DC9 394655C9
870EE57A 7F9CDD2D 57D193B9 01BC4376
C34929E2 C8CF2AA5 DE6F77D5 8F5973AE
EB743A4C A2B4B3D9 5D0C25F9 E49E845B
603255B1 D313224C FD6B1184 645E84A4
D0E64522 DCB845DE 5D153C8C DC126D88
94D60EAB 99273304 6C4C82B7 D3BBAE84
6BEE3D39 D6D68781 FD52C6EF 77104857
1E34BECB 65C52E9B D906733E 5AB3B5BA
A80AF026 C711FD75 573C20C9 26173F32
4F433E24 E03FD5F4 67CD434C 5A989083
D8227CCB 071F3DD4 FB4441E2 3F1E8D77
08EAA1B7 FDE32D6F 82333808 C3289DB0
3FAF4041 64FFCDBB 20A203C1 2A762D1E
49D3C898 F10DCADC B7A64E97 39ABBBF2
28CEC152 121801FE 187FA33C D14CE93F
B88057B2 D5D4F719 64E0B4C4 D0D4900C
19507C9C 7AEB444F D96E932E A7A7E4F4
2570DC2C 6EAEFA0A 6FCABA97 ADC98EC4
E757C023 507E837B CD4BFD4D 6AE4D834
435440CD 826015FA 2E21BC42 291B3196
2ED3615A 94085C01 DEAC07DD F070C0E2
CCD2260F 842AC9D7 7B9B4B66 0DCAAD1D
3464F87F 8F96C0FC 63C0ED4E AE245C36
8CE30DE5 5919070D 7236757D 9E15E89E
E1D049A9 6CE53B7A 1C0B9EF5 E8330CA0
4336CE5A 4D8A3304 67077335 CF49DE91
09FDC116 FA8D6CBF 11C77BF3 4E736FAD
347A20CD A35FB1AD 3D1F9EAD B1829A91
09B833CB C03D685A 85C9A53F 35AFB7B0
D459B154 EAD859AF 9F1BC3F1 B0BD5F88
E84510EB E25509C8 1AE8CFAC E622797E
487B9214 14AF144F 04AEE36C 3B836619
E44D9C66 31411F83 CF608A60 7822AA48
FD6985B8 7DCEA724 A6168FF1 5B34FF6B
43953FF0 EAA73D88 4763D7F9 95A80660
047034BE A74FF3B4 4F4D5B47 91B2741B
00F4EE76 665BC0D8 55622D4F 9153D87C
AC4F3047 F9B5F10E 71EEA153 BEB18098
CD880FA0 C2D805DD F2283824 C97BDDC7
6E0F2868 4A1EBAA5 C4AC8A61 FB61195D
3FDE3379 48F8F6D2 FA87E8BA 71B949F0
B43EE4D4 1DE2BAA0 B8C5523C 43BBA97A
F0D9A232 FA7F3999 12EE070C BC5723F9
C076CAFA 23AD0278 7F4BCE71 5C26F36E
D6900406 EA30426C E749715C 49D9E430
11F82755 92EDAF2E D306DDE3 90009BF4
449DAE2F BF46709D 01A4FCF6 8AF49D81
AA435FAF CF82439A 6C7312D0 79F1958C
95005819 5EEF9541 AB2CF9AA 7BA52395
896872DA 3ECD7B1A A37E833E EBE26895
4CEAC964 ADEA7A3E C9771D32 58F5CF35
A70722F9 8AD7440A F83395C9 24A83ED6
14A1752C D3390CFB 806C0EBD A0FD92A5
81703F0D 2F041D6F CE8D1476 C72A9812
15A3DAFD BC9CDAFD E394EC28 E6F15420
054120C5 F0CDFE02 CF11DF00 6FF3A466
F7323441 53E038E1 FCEF2B7F 98EF0B94
20E083C0 0F3DCB7F F810CDC8 A50AEB8C
32620FC7 9D3B5894 FA08340E FAC6DC92
56CFD522 C07B182B D3CD00DA 34C672CC
EE03CB51 74C4BEAE BA05A851 68E2C11A
6124D9A4 57AA5073 0BBC5428 5F62641E
B3F74041 7D18EC3E 4DBB1743 19E5869D
6BEB6996 3D16A2D5 AD14B628 C0D72DA6
2DC6FA1E 813B5DEE B6443A07 6224EB45
EF0FE5F9 DAFFE598 4681E1AA 3DC10CC5
D53A5E30 76B9773E A72D8558 4D634783
DE039D2E 14A4311E C8FE811C A4E2C5D6
3CBEAF9D D78EDAB6 D2137A5A 80D1437A
C07668A9 6FF8D869 4578C466 5AF36E7B
5BF26A89 1B275666 252F09E5 1558CD36
A9232B42 29574862 2F0A8F15 05602264
2FD5B136 821DBE46 FB516850 6879FDE9
7BBE8BC1 AE5A157A 1434ED09 BA255B0D
C20CB48F DF940731 3EE50A95 B9BB6AB6
FE85B326 5D1E4CE3 D932AB15 745BE90E
C8553C5C 3BF73BEB 5A9F7A98 53DE291B
E48EBD38 6F5B44A4 D0EDA04E C4D14E1B
3BAE7C48 ACA2337A 50833837 BF22AA5B
A55880B1 B8F10559 30A51357 49DCE223
E1492974 6BC180E7 F908A149 D899B3A7
BA40C6A0 6F257FB8 924CA96E 9E6034DA
00CD2743 28F354A4 CD364F58 D292B470
274BC375 881B03BF AE7B19E3 7A79C79C
B8A9D41E EE001D87 52E8AA93 D387D2FD
0D79F2C0 5CD43386 8BC39957 BCC8E23A
60E6149F 2103BE8A 176F6CB7 3F6BF16A
5FDE6C04 7CFEFA64 B9C3CFBB 82071FA5
0BF78910 B734AA2A 26BF18FA 4E05D954
E2A583B7 7439B449 D9F70008 B0AD0C05
64831583 65E51702 361C2478 E8F968B0
CBDDA913 B09EBE8A 47B88357 E741BE8D
EE53E921 7697922F DFFECDBD 4426CDE6
B10FFD4C 2DB18EFD D17CB3B4 BB6B784D
9AE3755C 6DA25CA3 4A4F549C 1A4384CB
970DC5CF FDF8C4B5 C74013CC 0674CD52
75C02CA4 CCEA23EA 72C4BB26 2F94B7BC
9A00B19B 514F5824 8B80224D E0576790
047EE58A 3D8C5661 32D39CC8 3973B87C
8CF50461 ED639E7E C1E2F407 B27DA3D0
B13694ED DA4C0857 CE8CBAA2 CA5FED24
E0739EC7 6BFA8F6A 79EB3735 F442BC9E
65AA68D5 A1A55B4A 388A44CD FEF73934
E5D7A6DB EB48A6A0 CBF08D85 E073DBB5
307C8380 AEA4F669 2487658B C3CC6201
20E07057 F9774947 1CC601AF 051A46BA
22D24F7E F96C3645 FD7D2A66 F2E2A93C
A745C35B C5624A6B D1812428 F4467E98
AF09CDF1 7DF5DEE2 0BB82ECB 696DE553
6146FF98 716EB539 DF88674C 5540F462
8017C9C6 1DAEB0AA 0687716F 40700C0A
7861CE71 C404148E C25F2149 31786643
327002FE 2526DC9A 996F3052 F22E8735
6ED543F6 3AA59492 3001DA14 17F28EE5
8D1ACAD4 C49E6B5B 4C80D1B0 770888D5
025D8160 FADCCF76 60793F0C 4F98A39B
C9D2F407 185E8D26 8FF60704 81FE9E0C
3E6D58C1 2BE63E6A 052BEE03 91F7BD91
D2E06ED4 826488C3 0E84366C 90E050D8
6C7B0844 EB39DB6C 22091542 76216FD4
AFEDFD9F 6146CB39 79A2E4C3 20234965
E9013129 CA86A24F 08D64FAE 1C345517
268A0EB1 67AE8EE0 B9C2C766 ACC72DA5
1B5B662A 8FA0BA04 F7DEFB38 52D44DD6
E468B41D 36AEF1C0 1CD2F625 254AC0C4
6B8E4570 E019B04F 59F79F2C E2451C1C
CDC557B8 05B51BC1 104336F8 875BAB6C
F023ABCC 376D7385 EF1DF438 9634237A
02E3942D 4B84620C 5194A5CC FA3A59A2
F77D9DB4 B3F05227 302777CE DD0245C7
81D912FE 43CCEC33 19A0325B D07D4B2B
BD1E3AED 6D215F1F 49EFC6A7 F1A75A5B
06F8DA2B 13F180B3 01605731 E7CE0A32
31D4799C 6BFB25CC 23CD88D1 EF0D3C8D
7CFDBD5C B61FF362 19B4C7D1 17947029
50EF38F7 C9C76A56 68B3AD93 9D4C7F2F
8E0E7215 57E7A59D 9F19A812 108CA49D
4D7859E9 169A7A19 E574C9D8 93AD490E
702D9B66 2FBBBCF9 D912C0E6 7AF1F426
8A0FE602 0FA2575F F8FCAA54 3CAA4B0D
4BABE39E 91F7CE7C 99A68785 A5C7E5A9
5C9E6B96 CF9B00E7 9CF98D7C C1FE6C14
91BBFEED DA3C7637 84A939A8 8761949B
F70F4003 208BBCA0 0AD2C821 46D7C875
16F404C5 E67307E8 84D5DC42 27E33882
B0AE1A43 55DC879A 19D318C4 51D6257B
06D0A701 F972EA57 B1D5C220 03497C05
FF842049 999DD21F 08DC2DB8 0534CA8D
DF133B82 4B1612EB F2086E33 6743E933
BB8F3E7F 54E1486D C3DD1206 CEAC0231
56E11B98 CDE37A36 C0A5560B BA8BA72D
5A5F48F5 C1E7CDAB 905BE76D 5C3D4D0A
53FC2D2A 1A35443A 7CA850E6 D592249E
AE86F002 92F03EFC F881C8F9 A97B8933
A655E517 71CCC18F 061E8376 194D7C9D
3CFA6079 87CC7366 3CE32FA2 B8089AC5
88F16255 E89A68C6 9FD95E4E E9A08DE4
D0CB1346 96D5055F 3E570972 FB985572
93D883E9 AD6C0208 0EB07309 102E3EAB
354C38CF 7D561162 B9BF3E04 811F6A64
86EF8E44 A52DCD05 31B1BC2E 567D1CF2
408114FF B27E51EC D429E02D 94358EED
FE037C15 AFF245E0 AB249251 5F4C4B17
72049B0E 91AB7212 00B8899D 4E16789F
130143BB 65B3875D C527E0F9 8185AA98
01067083 66B5446B 982DAC8A 97F36716
5764D94C 2C381C76 2AEB791B DF2E8F75
C9FD2388 61B8ACDF 8A0C88D4 0BCCECF7
254D1BD5 4BF3128D 422E73BC 5BDF79DB
C0C0F17C 73325F0F 0060BDDE 607C7C98
35EC1E3F 320128E5 DB5562D2 9CB39BF4
CF0A786A 24619BFC 4333D8EB B5F6B541
0C9B6B04 851C8652 C655E84E F189D308
71D5BBF4 8C9E6313 B1491816 1C78E747
619FD860 2CDF02C3 573F3A39 834595E8
08A86CFB 53B01228 7CC5D221 3F3636DD
F7B1148B 38B779A0 82338ABB A5A3EBB2
16368C14 69B5EE08 3B502E50 11AEA9B3
D5858213 791360C9 0472B25B 786F4D35
6D0EE4F2 AF05D8FF 6699AF33 34694A86
6191031C 8AA37864 5EC808FC 01DEB971
5A22C239 E5E35FD3 12DC6F3C 2F142900
72DA88BF EF13363C EF34A065 9E9E3429
75612CA3 3E77A70A BAF24F00 47D2E9C3
71C53E60 31593D15 54A72CF3 747EF45C
E8317279 7E51CC2E C5811C45 E66E6163
65AF249E 65471324 69325A20 1145E3B7
9AD59053 E0001C3A C2E86D5D F2EAB582
5D07E8A5 B046FED0 D20705EF ADB22F3B
D50F4198 5550C0D5 62A762DA 1A16102E
F0C978BA 7D3318EF 8FF1529D 4F136D84
5C7170E0 5F39B4AA BCEF7237 4A3BB2CE
F6A208EB 30EBDD86 C09D4752 EBB08797
3B82C5A0 063FA67A 3324235C BCCA2BE7
9F1E305E 2757712A 98FA0139 2D08E880
7807D445 A2F318F8 BF9D1A12 63F45504
BD9BC5FA E14D219B A9760D16 B4E5FD4B
915179B0 91DB6C5A 2EF94177 32E2B61E
A91C182C 2731A2B9 7E842F3E 13D35567
729C77B4 CAF3C039 1C2D9325 FE3177DC
18C06E7B 38A97D90 64B5E5A8 A6B3E0F9
9EA610D4 A72F6ADB 2F328E33 0DE32BAD
95ACE2A5 531FDDCF 8C49E87B 0A7818A4
E31E7ECF 8EA4810F A9E16EB3 B54D3207
E8DB33B8 8B734072 AB991EB6 B582E7CC
5820C21B E46B9BAB BEB71E34 BAE87B0F
F3DD0A3C 9B5B48FD 6E70CD21 71744CEB
D4922BB2 CC70AC5D 0FAAC506 99C89248
ADADCA8F 6E8278C6 03F199AC D3AB8CD1
AEB65942 D9E3AF47 A00C519B CCF8B4BD
F058E04C 7A3B10E8 4A255629 D38337C1
F5D77FDB 4A089910 36DFE57D 81AEB526
429E1F4C C5902943 73F86355 76F9F68C
57029B8D 8D61D324 47D4F827 ACE056AE
24793639 E2914729 3368A247 BFB5118B
69006808 2827CFE1 EEDFCEBE 863D9F75
DCE69854 8737FAEA 1D3FA4B2 0E6BEB0C
CE96C2E9 11F93508 FCC239A6 7136EA43
FB3FA2C0 4DB84E1D 35996ADC 246F46B5
47DD210E BA8C6DDF CD9A8EF7 A65B940C
D769C0D4 3AC2D251 E96BE8ED 252DFEB5
E1AD659E 75E18009 30BEAE62 EB2D1958
B9B6058B 49ED386A 29D337B9 88BE8D01
9B97CB1E 0F1BF440 E0DE58FA 615529F0
1FE5B465 8C7DD3CF 956D49EF 806B1E7A
FD1287B7 FDAF8CF0 519500E1 D2088887
1A134658 5F6B43E5 25E10F5E C71A55FD
81DC2324 FA49282E AABFF1E0 B1C223BB
084ED7A4 45C5F368 177009A8 FF7F6F38
5E9DEC6B 42018615 9127BA93 42579DEB
E6F649D2 3124B653 49411914 02DAC059
5AF5B5CA 1BB4615F DB17044F 18412B89
6D2AE36A 3593B89D 8C08A120 2420FC43
73C10EF8 904E3483 A2F34391 0CB0530E
CF085C4F 8653A192 5C7F8DB1 90B79F5E
6CEA8F92 F4DB985C FAA32280 4CABE161
D3DD5F4B 451ED5C8 A6C74A1D B7A7065E
72B369A9 831B4494 92389643 650DD5BF
99DA7693 529841B4 3B74A1AE 4D75F2CF
05F68AE5 8E51EE69 CDEA9786 0A07A866
BE7D666A 69C679F8 45F29381 73EB3B96
1058A81A 68DDC2A6 80B0DC45 58FEC684
69AEDC0B 0763E4DE EB1D95FB 5D9CA210
6BF3B58B 60BDDE73 B91CB740 6C733E8E
D8B7C67D 3526F113 0ACE259B 13B43B1D
79D5EBF1 A9ACB2D7 B55E8AE6 516A866B
BA2FA1C5 64B235E8 4971B420 E9680F17
B621E629 16C66E31 E14AA58C E179E8CF
F675F67C C00A1964 DB71A297 8F4AB61F
378FE653 AC6204C0 EB691299 F10A422F
1A82864F 84DA8A19 86BF9971 13179EFA
2DC88F2D 575A1361 7560CE92 F8A3B2B2
761C3AB8 F962E1FA 538E9510 37356417
753E27EC F9461714 8436E645 4F53E1F7
C9577DC2 91E561D6 F59C211C D0F27116
656B36D9 584BEECF 6105FE93 4D019FF6
684FB93F 03DF6817 B4C50979 32EFDE22
385199E0 0E1AEE6C 8AB419FA B3A87986
28815BAA 0979E0D6 FF047A8D C4FDE226
4B92231E E6945516 7BDB0BC4 94063FCE
FBBBCA9F 77958E8E 93128E9A 2874D9FE
E5B0D10B 960D518F DE1F2686 F313413F
40E3C02C 7A94F170 20B75A45 C304CDD4
22E16751 1EBAF7D6 1ACA7E4C E964079A
50CC6FAE 361C24D5 020E13F2 C90F8445
0843D82B 19B98711 E2C55A5A AA682925
8392AAEB D48B5224 00370948 66E11078
1A13415F B23572B2 EDC0A29C D48D1E2C
BDD26E78 93F9B2C0 C357A07C 71960C73
455839A3 99FE7849 7CADD13B 12F9A82F
03E1E59A 86141A25 970C620D B8A9DDAD
DCC5A304 18035FD8 2E3262AF BA26F79C
E3B4C278 D48D1917 7D377205 A000653D
738737B7 90A610C0 064B1B0B D935952B
480FF40B 8BCB9361 1DD3E043 D0D59F6F
979E0595 0E1CD5D4 ED2AA3AF ED284DB3
C87F1409 C116394F 403866D8 2ACDC3D1
85ADF462 88D398BE 4B241AE5 FB9B348D
08124D99 D6A291E5 1B7CC783 65BBFD62
68013C2F 8B443FD6 4AA92A96 7FAD3BEC
2B47F74B 64C737DC 18762AB6 146D0EA5
A998ADED 3677399E 10C8D195 99E51B24
2080F164 CF0AA1CA 5DB3CA8A 029AE935
76D4502B A68B1B28 A1F6C254 B1EE5BCE
EB51C78E 8AE36279 537EA77F B49F70AF
F81D90F8 BCAF84D7 F275B820 174F0521
93BF0EEB EEBF4BAE 2C8D120C A1FFB545
32F42624 421EE0B8 B2BF4575 59CF969C
B2863FDD 38FAF330 4A17EA58 49AE0BC0
38AE8A12 6504BB96 B8FC6970 F57AEE32
FEFDC0C0 FAA601EA 12C7EF2C FD743248
E025F2D2 A38ED9C4 27A7A479 538F7507
5A9A1306 EA643B27 DD787AEF 5498F7A6
743A9FC1 C245E93E 5F1181ED 83C0BDE3
435C86E9 B78EADF9 71BCD443 98509E07
740AA9F3 71C60828 48A1E13C E26C6AB7
5B0DE396 91A46E17 6ACFC7E8 D54ED005
66871F63 9FD3B7A5 31E321A4 57F97B87
CFF98107 17EEC031 F220DE9E D6E476F7
66E837E3 22546F9C D4C81067 85889257
2ECBAD3E 46CBB006 A1020ECD B8C9F5C0
4DC630D3 188F266D 80C543EE 1925EF38
0596418F 4697489C 272321E7 83398D09
4D6C909E F36E3CA9 95F4FF62 8E31BEB3
DD4B1596 89C8B133 F727259B BDB4D933
98F9CCAA 3793C96C 1CDAD42D 804B03DA
7BEE3F9F 975851A5 E678C682 9E02D7DA
A728864A 49533252 908FFB6B 09C027AA
30CAE075 64C8E406 B0827D48 DD6C920E
42F239A4 19A23C1B 96436556 B468CF15
04D1FB16 59DDA0CA 683F68D5 938905BC
0C9B797B 0E268FDA D40A26CD D55F65CD
EBF1CD6F 7101499E 152524C7 B4402F3F
E78F066B 764423D0 271D4BFB 39B53E65
C83AD013 675E321C 1883D5CF 36017B25
60452E81 9E6A0F91 E5886728 2B0F3B12
16EC3E6D B84390F7 54DB521E 1FAB25A9
E29BB94B D0B28C1A C5BE8A43 DE7BE5B3
1F4816AF C6BD1F7C D45C6206 4DAEF8A8
3D900424 4B217472 1A0F1249 E10AAFB3
0017E821 E7D5B706 711BA7A9 64A67C03
99F0BC76 65AC80F1 59240738 7494A600
8D9F8342 D90FB27E 0ED746DF A89D600C
F3A3B815 E5B88BD4 9F6B843D F253488A
234D963F 2F67E956 707608B5 224B6B31
498D2467 F26FA289 85E350C1 8414C3C9
5EDAF5A4 CE69B38A 57430A16 E10AA2F3
2BD69A0F 631E1B60 8067E9FB 640A57A1
6F2F3E27 3364370D 26AC1CC2 C68DBC65
816911AF A330ABE0 59A95083 F17C4915
AD733CF4 66E0B702 330297CE C5871A78
CE780E62 9DB4E951 55ACA04D 065BBB35
6508C5D0 46AD9616 FC32F7B5 E9750DB8
9FDFCD15 02ABB4D1 A987DE8C 538A2BF7
C11F57E5 2D605349 89DB53B7 8798955A
34F1BCA8 90C3D11F 8D39C781 792AB00D
593BD1F8 058B7CD7 6E11E903 64682FC5
1F51412A BA62DC03 63C487D5 7C3170AF
53243A2D 678E5083 489391B0 508FE146
D4155592 DF369650 E28B6294 5524A4A1
4A8DF16B FA429C7C 82269E6B 9E8F5543
B1B178CB 88AFDDAA 632FE293 6CF7BBF6
7C4DD6A8 D690876C 308CEE5C C9F97327
1764768D E154C2E2 3F743A84 4219AFA3
F81B9EF4 B15C78AB AF556DAB 54D1FACD
3870EF31 B2D6DC28 7C61C406 05F286E7
C40B3E5E 6DCAA4C0 FD71F082 5296DA36
EA14AD2C EDF10A9B C9830996 BC5035EF
DE716502 71C1BDC9 9A86B90A D1A8103A
AB855008 471234F7 B7465054 76520B1A
D77AD814 4D2CA46B C45556EE 15688788
F47D86F3 575C423C 448E2D27 50951554
8886FDD7 F614EEB6 44D042EB 0EBA69AB
EC1F8296 517F1470 1C094962 563E7291
229DA446 4A15469F 2373C110 DF32755B
AE37BCBB F9822943 385C7FA6 5E006B3A
26BFD366 D6BE8366 D71B050E 90BA3C55
52EAF17F EA44B408 F7D53656 34FA27CC
C900C92C 3FAEE257 B0601BA3 0562618F
B4396DEB 4CF03031 CB301495 5E0B69CC
79C0DCE8 9E8FE838 73521ED3 064C53FD
6397BEC8 5847911E A2668A96 3EF8F164
62A4F11C 381F884F 4DB5B020 00854CE7
D4CE5198 C3C18F77 AC45A4DC B1E2E465
66A505C4 9BE321D0 876C9F6B 36DF5E84
DDB0EA14 FD6F13DE 77AB846B 1B839E6E
3A370808 C2490DF5 F94CC5C9 F26F6357
D701930C 9F5D9BDF 9720E9C8 74230AC0
233FDDB2 FFC4B247 C2A315FC 0FCAF005
59E1D53E 186C98B2 55042542 0918B187
7F4B3F9B E16F4E33 F8F7E045 9DA6A27A
F0BBD949 694D67F4 3E137A0D 9A4F096E
C4EE54F6 16B85568 CE7532AB F2528599
3D2D9F9B 8B3C25C5 D914AAD1 8C64E19D
06EFD654 32C0A941 3593DE43 86B57170
7CB2B27C 44B39B6F B8B52425 5E4CE62C
CF2EAC2D 1711991F 759B0EC4 B22D0F09
FD7B50B0 97B1A3BF F41F9AAF 99F95E4D
6E895B71 43A495D4 5975EFC1 CFACBB92
DF33C4BA 96006B98 ED576A41 1F21EEA4
76B5CCC7 64A6ACC2 6C8274F6 A0A71597
B6BFA1AF ED03BE55 115C985E C7576661
D88A2F09 0ED02F25 6C64D8E3 0F34853F
B3B5CADC FAE9B105 637D3BF0 02455DB3
591F1176 AEE086A9 CDAAF59E 01E8328F
0050E3D7 39BF4863 1DA62DC6 06CB429A
1DFB4C5A 503CE327 B68160A0 9F8EA47A
B8B3776C 656FB46E 1EF0DB4F E1EF236B
2640D474 1FE8DF07 2531788B 5752981F
007717D3 78F62D18 F89C62C5 5B7C918C
23F45B41 7126C2C2 D7473DFB 02C50272
98E85FF0 C37381CF EC88F093 1E196AAC
16F97B7D 4CEB2051 6887D9E8 F2E1E1D9
BCE811DA 82B76B7B 830A573F 287BC9EF
0B0080C1 D843D189 59353ED8 1040C635
9A15D2C9 A3C914EB 2BD1447C 1D5F8145
72916831 D1314FE9 9C0CF6CA D8EBB0F2
F2037BE4 861E8FBF FE9C44FA 58B4B769
743C106A 9E59E678 ACBD8991 BD04566A
A1B2CAAE D8577A6E CC5D8068 498D82FB
1C1A1ECF 55461C3F 674B4BF2 8C616E0D
D0F03D68 9BBD6321 B569DEC3 DE92E289
6B4EE234 CF1F05EC 8B0D4986 361A9A1A
27925EE5 A2B88B27 F1DF54C9 4D5B3BDE
B9E9C2EA D68B4409 EFB7770B 4C4ABEDB
8A257BC1 D8F2DC92 63891749 F2F9C721
8DAB4AC4 5B1FD7CC 02841529 BAB0DCF1
56A9A3BD 552F5437 253D7C78 C9BFF2D9
3B9EBBB8 DB042930 6E7BCCAF 232CDC5D
C40FD441 7171B643 798588EC 75826C1F
12249BD6 7F3522BC 9319DC88 FF2D60EA
85322324 D53764E4 AD64DD43 97290874
9CEFA6D2 5FE2CBBB 2813CEE5 5DCB0EF9
FEDAF3A1 327FE915 736E02E2 0777D736
EAC12935 C7BE8FFA F59DC9EA 3ABC2C27
58E6B1F6 97669F1F 0F33759C 3F87ED4A
6A12EA5A 6D9B7D1F C0970D63 7C6BCAFE
6BF1ADF4 6E0E1136 E659B3F7 4EE1D1EC
B9853A6C 0F988CE8 DC82DD29 1B20C8F7
55C75B90 E3DE59FD A045835A DCD4FB6B
EBFF52A1 9A02AC2A 48C59D00 BAE55659
5AA281CF F320C318 5AAA9699 FF9B879F
AE9E34ED E653837A 3F9C82CD 0FC0736D
C68D9198 D76F4BDB 9199B3C8 BF43DBAA
61394FE0 1DF0E045 6A8B5308 8DB22201
38F133F6 92275FB4 665CB6BD E9D95CB3
14FF3C19 2879BDA2 CC0E0B8D F7CD8E73
F37016F5 E5E672E7 3BD3594D 8175C335
A3C8E156 9418E4A6 10F4F053 5154EFB6
E963AADA FD2CA923 DB1A0BAE 666EE429
6528E224 66100E4D 5EF6C7D5 43D55CC6
2C382CCB 2DF39C01 5D149C25 F8B6FBB2
01FB9FF5 AF917D72 B2B9A93D 8E03DDDB
662FF016 FD31719F 96754DCF F11AF5C8
560DDEFA 83CFCCD7 23014AC2 DE086F07
B2522BA6 49832626 8BBB76A6 871655CB
B9042D97 44B683EC 0D4B25EF B596090B
FAE0B85E FEE147E8 67DF0890 481F3944
FB12EB14 5A1E6E1C 43B9E237 BF03CE3D
E90A6A3B CB4DF080 B5C25B95 24B08DA7
B87C4DB6 786A9624 C0A3D876 D394877D
A3F01806 1A604DCB 58854951 E741CB97
B6C611D2 F971DB08 FF56B429 00FCB0BA
96F26335 230C326A 0D581546 44B055E7
DA720732 F7A277BF 8B243F2E DC042C93
C20F0660 7FE03B6C BC1E5C69 12C4D333
172FF3C8 AF65E106 46A672D7 CEDB2E46
6D286662 2A80A362 78C86AA2 E200F2A4
B7E7FE41 765D664E D19EA843 7A1F1EED
09AC25CF 93FE2198 BC59EDE9 156D0E2D
A896A330 D6F16764 81B63E95 F9A71805
479EF43F 37A88C5C 030C6019 F85FB70D
F1591076 C97763BB 6CAEED4F 30BF65AD
978FA468 67471C3D 19F1ADB2 097D6293
D164A7EE B567F5E7 EB871754 AAEAB571
8331E7DC F975AD01 FD0BF987 A9522FF1
3980AC81 BAD28743 FF7D0D61 D1B914F1
98C4E40A 8DE7CDB7 D8AAC161 84F6D7B9
064DC7AB 3F5B20E4 FFD13ED6 EBBBD046
11965FD0 F4B14007 602C44F7 5A9DFEAB
524D9CB2 2A315A40 925DB639 62F97870
78A222FC 6A408418 8EC31341 24422EEC
176170D2 F50D31EA F969C1F6 3AD73A87
A30CC60F 28BDF825 A85D3EE2 A5950930
51E515B1 9253C208 CAE08D23 778CF1F0
A8BE115F B16E0C36 71E439A8 E15EE553
51D244AC B3D78303 B7B79260 D3040E4D
20D61462 78FA16D1 4A88943B 391C84E9
777A9C94 0A69E3EF 43FAD068 DB49DB32
A3AE053C 33C0E218 2F533297 E9DA19AD
008A6B87 71A85343 FF77145C A06EB8F6
31174EDE FB69D424 FAEDBBA7 201C1876
B2892087 C677B023 0D6EA5CB 49CEE4E1
84F49703 3BD2D8B8 D815DEC0 02076990
57E2ECF1 DC6E1993 2048A001 6952DE56
83543261 8135D857 404E3DFF 59EDBCDA
7303C4EE D3ED9F7E 7338CC30 7883D922
10D063AD 27E6E8B7 7E89495A E59C2919
1492D2DD 69AC00FE C3A514F9 D87D0DA6
A3739E03 B5E99453 57D973DE E4415382
A96F6FA0 9DD2C207 34E2592C 47D8610C
4969CDAA 3A2D8C17 70FD71A2 ABC8552F
FC631F2E A42E1A27 ED436DE1 FDAFBC7B
A4F94361 4966A370 361B514F 0E889F64
FBB46004 1559BCC9 C3F5E55B 5F54EEDE
DDCC5EFD E9AEA324 D50F8C91 A66C9EFC
A46AFF06 548BF740 5713777E 4DC5F8EA
85CF1365 7BEA7EC0 1922CA91 786E9D7D
29AC66AD 4EF08259 A79615B8 9BCFC799
0002DE42 95125C69 417C55D3 E3FC7BBA
F545A915 9A20E8E7 7FF9FED6 AA9650F5
679F41E3 6C32DFDB F141EB5F 6774FA0E
C089D878 A7B40FEA EC4D0BA9 D8BED887
151142F7 85BA3B8B F78534C8 8D080E8C
71B8CC21 FADBE8B9 3FE5EE4B F51124DB
46245C2C C4120EFB 365933DD A487C5C8
5B370C7E 15682B93 6DC52C26 DD35261F
3F7937F1 6A4D9A32 8DBB5218 A8628B5F
1D1258D5 A5AAD30C CF926964 5DE3BA5D
01F53A7C 3BE98B64 ECD32BC7 7A737AFF
F1527108 BA6DDD5B 11F7C577 10643D9E
040DFF6A 03002AD6 25AFDEB5 6FB2B3DC
45807CA9 626C9F86 E4D33077 C2AC58C4
E85665D0 A7D43AD8 8D992756 D1670064
AE0AC4E7 40A8519D 5850F9BA F4AF20A1
C86C0F56 368AB322 C1B984B4 8A21260A
FD98574B F36D51C1 F94DFA29 B6FB681B
297BFB26 57A170C6 EBAB5939 730F9747
4BBBC74E 0C9D07BC 69B641B7 DAD2445D
E81BC8CB A8B46321 C000A28E 70341E24
0BA647F3 EA8068C6 ECB3A40C C625C711
7AE4C2F7 A5B90489 64D6F267 5DFEA6E6
C7A003B8 2ECA8CFB BEEF4F95 C7A14B9A
08245E1C 69466A9E 1CEBE8B3 E6E26E98
D477A8A6 52B6F5C8 13BBD84C 9F373078
49B7DC2C 2F582ABB 1E5FA7E1 9CF587CF
A9DEBD08 CAF5076B 2B285E9D 30E82365
74F367D1 6B551E84 31954DFB 28297A91
E1F4FFA6 A7244B2C 7E28283A 1CADAA69
2358AE99 6B2E64A8 C016247F 8D1BF296
F3ABBC27 9659F238 34144EFA A7855C91
A8AED497 C1505440 F8A2A689 D69674B8
6A75E5CF 73C430F1 B1867BE2 F73673DE
A1E8B4BE D5CE3810 822E37AB EE1D4BC8
3466937C 490A98C9 A92A205B B26F5B73
98F091F7 58632AA0 72D73AD5 A1A54B8B
45990194 5599A747 912D43FA 0A53A8E5
0B4C4F0C 2DFAF164 E488324C C7CA0DF3
6860D104 0206A7AC EFC4D206 4251E5EB
B684CAA5 5ACC3141 1ED31F96 9B1F079A
49B4E42A 41A1BB17 22CB9A4D 02743412
1C39C4B5 59D4DDD9 1516F9AC 9A921EF5
2E2201EC F83BFADA 68625D6B 8E593CF3
20F60C9F 1AF52133 C8E66591 0B8440EE
8E0DDD44 F1E57BC5 86EE5068 6CDEB5E6
F0927566 92999320 B4CBC5C1 DA497289
C610A438 76C5495A 17F07F50 6C5AB0DF
ABA47A3A 66E4A5BE 8DCB23AF 3C4B754B
7E42251D 9386F62A 11ABB0A2 60040449
DC6542CE D97310EA A34FED9F F4615BAB
D5D0D0B5 9CA475EA 3AFD7804 9B81C28A
46380C29 1EF5937A 81B8F8D7 AD1D688F
5152249A 964E83D9 D54047DE 360A7A32
0906EEA3 7314BAA8 38751136 E1D27674
34A2A579 A01D1982 AC7BA623 E6672DB8
9CB64D4D 9536D136 DA59BEE1 92E74460
A9AA863B D753C15D 01DB9326 0B084A25
F0DDA4B7 1720D320 C8E627F2 5AA13D99
AF33BD6F 4952C036 D40ACF58 12F04723
A12DB8FD 11D51848 36652798 13FF06EA
595812D0 792990A7 80315A6E 8A6BAED9
F09D9DA6 5727CA4A E197CA4F 5CA04F8B
C06EF408 69A68837 2A2F7998 6E3D4E23
DB5BD576 B2D927D8 E257F73A 4F095DE7
CA9D38E7 23A9B8C9 58197FA9 A4BCCF33
423339A2 8FC0B0E4 DE5BB10D 5F592B7C
12FE6640 A5CAA676 82C243ED A434ACEC
7BD74978 AEAD1BEF 55958422 4E698D1C
39E28D0D 9E17645C CEBEC152 E748C647
74D3257C 336C8C70 3A25A213 30C554EC
8897AFF1 6D2DCB72 962C54C5 A6766F13
C11729BF 8C70A358 5DDB3D68 5597BC48
5215B225 E329FF8F ACE94702 1C593D29
C352700E 9ADDABB2 ED7E81BD 4430A907
B60CB5D9 2CC3CBAE C972EB55 1CEBC3BE
8D8725CB C5C3A756 93D38261 0CD108B7
DFDF83C6 DEB50AE9 E82F9909 7C4FC599
289E3478 59172E68 3EB5821F BA8F240F
6DE2AA3F 85513C4E 1C1864A1 AA53DD27
E71E3461 CC0F3618 B5C69B64 1E27B82F
36965257 A6A6449A 0FE6CAB3 94564680
3C741EA7 BE285708 CA0E4B18 19E08B85
B8C26B26 CB86F891 5E7F8ADC 2AA1153F
61BB2820 FDA58097 CF2381EC 2CFF0425
FD28AEBB DF9594A9 EDB08425 096EFF3B
4DDC3161 30D718DA CAB29896 5D0DF7E4
0967D195 474B479D AF7A8AD5 8E61AFA2
A5208767 92D6EDAA 74401849 3F7DB80F
DD8951A6 E63D1497 597BE23D D9E93F15
6B1DF423 87890DF9 AA40C312 9E566206
F13352CF 84830EC2 36F71ADD B98D41DB
E32AB88A 853F4A57 A6AA824E F2A37635
9539ECAB 3ED8DFF2 A5ED5059 8573BD03
CF7F2B3F 0E1BF0EC 518ED43E 0560B6B4
4B0ED2B4 C126BD63 D27256C9 801F2D1D
D265C8B6 44ADA777 BB97D538 1718047B
304CE986 469FE9C1 F968A9FD ABD196F2
08614E94 56432387 C51BE942 84426A2A
E1F74897 A694254E F0B3C81D 4699BD71
7EE883C1 0DCD320D 895A3DB8 5D589E7E
AC40C602 45C8826D C3AA69C5 E79342C0
7F3BAE93 AF20DCC8 44F43964 D4CC2CAF
105780A6 C14F5781 340664C6 59AC7805
096686D3 D93307B0 BCB17CA2 B7E50483
4BC76AEB 1696BDDC 20969238 DC319E8D
F9F4A23E E002E07D 2AE71BBB 9B474F71
B83332AB 665BD9F4 B7335C1E 77BB9E27
CB3F3C7B 6267E02C 712BCED1 4FFCD050
76D7FED3 E565C542 703D05BD 8C84ED73
A26B3775 44B1B7DA CA302D8A C4E900EF
C81E5BFE 41F1CA87 A5CC3C71 9C77454E
5BC98E6A 96356639 42B8BD11 8C387E24
93277867 ED3FEA4D DC4CEB43 7DFF7403
7F33AA05 A8046C7C 1C33C308 F4BCF05F
FCEBC937 B6EF9646 5A462B8D 8D4A95F2
E49F5D30 24B4023B B56DA1A0 DAF71F42
7AA14D2E AE566CB0 C8CF5239 E530D76C
66000E92 975B58B4 A4967740 E3F08655
4B719505 7D4D7569 027BEB2F B43C6CDB
EEDBCB9E 797D5633 B04BD598 72772135
95FFA809 585007A7 2EBC4EA2 671A7D9E
7CCBB784 E5A018D3 1ACAEF32 9FBBD0D2
6729C33A 46AFD9EA 326385F0 63AAFB27
7021C124 0A54D84A F25D0308 31ADA6AB
1680F9D5 2538BF77 237D442D ED7A232F
FAAE4736 553C639E C425436B 559B805C
0B89584B 2DFDCBB0 1268B868 EDEFC57B
CF8F6C8A A330A294 0644525E 0D503F1B
B17381D0 C1746109 842247CC 7C5522B9
0F398AEC A6D37657 95DB37A5 1FBD3DD4
2BE2070E E718719C A1F1C915 2042F18A
2EDBEAA0 D55E915F C0968FFC A88EE15A
68CC112D DE9E5CDD 0C6CC524 6B2B5476
9F17BAB1 11BFF3C3 2A060FF7 A01689B0
43887A45 8A301062 C5FD520E 9EA91FB5
0C164C73 DDB33CCC 1F23084C F7066DF3
21DC3AA3 7FA0F6CC 65549314 C91E5C58
A3156938 D72723C4 55FAC9D8 19A09FAC
EDE1DDEE 9AD62963 E900DC15 415A8B38
C7087B40 D6FC9687 81C5AC4D 210E5656
F72049CA B30BD531 2E9359C8 7C6DCDDA
188B783C C61999AE 820E737D 617A7C76
6A7E0C76 3922D87B 379FC3EB 68A22342
E701E4A2 3AFDA798 110ECABD AEF00D6B
B21EC874 452F0C19 62A8CD80 B5753E81
0A45B0DA 8E8C6A94 D5A68B14 7B54A89F
07FBA308 04EACDB5 48E3C55D 7CAAA61C
FF6601BA 058EBCF7 11CAC4DE A5500C48
D6FA795C 2AB71A04 C4755685 15CAD6B2
5F2ABF75 B6FA4F5E 8CF9E29C A1277FC6
9B55594A 17DE2DE5 201E7BA3 F23D2084
BF7DBFE6 76F55508 A676FD0D 0CF171AD
55EE737B 6CF68364 4945E1F2 21B69FA1
8670E2FC 9B4FAFB4 E9C94157 BA220385
D11BB3B5 B730B60F CF071EE1 4F6A0FC4
C8182F6C FC1453C6 C5AA871C B37FFE5F
CCB0AC97 0414927F 9E88242B D2591D4C
209722A9 0ED26D37 4D85DE14 5F77222C
51C5FA19 98199CB4 48B0AC0E 027C58FB
62BE74B7 B45900C8 CDC385EB 19B6D324
8E29B2EC 6752D4CF B04C30AE 7A3B5E36
868C6F9F 5FAA8DB6 105A4C9B D4340F0F
736D0E1F 59976A67 11EE9E32 15B65C4C
8B01C142 85ED53EC 3A706B4F 6AC51C17
78B28ADE FB75E47E 0639E28A 3F9E2107
73DFE253 23733AE4 BADE4A35 E5FEF1B5
9BB4B295 B455B788 3730E247 DE0EDBB7
B084482B 1D6C8417 998A2120 51B6E50B
4987E5E9 F7018706 36CF841E 33015B9C
B5C6462B D302C67C D350E552 68568DAA
5267B70C 5843E249 319E5FDB 0FE00B52
E40E2458 72CB5AE0 E8E72FD7 C02B3DA4
CE420D84 51AA9FFB 91C57351 00FAB927
097C4558 692C87B4 E6C4C879 4078C775
DBC42C03 C279F72A 2704DCDF F7CB5581
3C8E48DB 1392EED9 982034E7 F61E2E1B
3BD384B3 91A10F74 37592E6E DC5F7DB1
3E509455 85ED236A 1D7EDDA3 90892816
8360AAE3 67FDF226 3E79E17E 6577E2E9
C05CCE5E 4F46BC3F 35545FFC 9F5C3C32
D4A6090C 7DA1B84E 2C6F3D30 B2DA8420
39CC1B82 3AF0FDA5 EB11FE34 07F131B7
0FBD1751 D723F9F0 261F740D CEDA1FD8
C81E1911 97975289 C44AB084 70C6EF82
232F9761 5CB234B4 B6508AC6 0F5C0C17
565798B5 ADD31A46 91E4E934 74FE4B1D
2A39871B A4F397F0 264A6CFB 79F3E587
5166B1B5 5DB20C43 E3935C2E 0C16134D
52E7CA19 09110C62 ED2789EB F95B064E
5BC94725 C5171316 717CC6D6 D9570247
DE3DC320 E30F86E1 F8BC3559 D3D5BC67
B66344C9 3C4E20D8 A6072D30 5327A8AD
C60831C9 1ED32425 CE32B9C2 6CB49EC0
F5C32F8D 12F39B56 98257152 12D11837
CCE7BC86 5D4939EA 99B09660 966AD338
82520138 AA5EC4BE 230DC025 36658DB3
4D2E33A3 09A1B72A 34B06604 B48AE14C
13CE9C9B BAFD8B46 5B378E7B 2602B970
E90EB666 B158A2C5 5DA962CD 6CC2BB62
5CD1AC3D 0B3BC83F B09FC0AE E685FFB2
287B3F97 CE2032A4 70001331 D49EB606
3FB19C2A F14C32D7 00E0B984 EAAEC4D6
0E134E3E 4488AE60 9572BD91 D572F228
51F7D914 1F1C7415 4C905498 3EBC213C
D4E9F353 69144242 A1B77188 09648C2E
D0BB0B1B 3CBE1156 29263948 9E250ED7
AECEE3DD DF20BB2E A9583E3A E633FF18
7D07D41D 855B3547 710D15F7 9B35FE0B
9A3CB7E4 A37F27EF 15C59E1B F5A4444A
9422252F 3C036780 471E312E A462A80B
791CA74D 6D9F6B60 8ECA6DCE 065202B4
8B5CA428 A8C903FC C514D411 6FA946A5
483F1D51 D2ADF801 BE2EED0B E47EC223
9EDB07D2 061D324E 133E4C6D 99961FB8
C30B6870 8BA33939 65C177CC 86BCB603
420B9872 E776678C 874E4CD3 C9907DAB
06473557 8B3D5997 6F58FBDF 94594F33
7A69B6D8 A1422EA3 DF39BCA9 081B989F
21EE04D5 46B89728 EA28550D D52C87B9
D6E069F6 BD248D9F 27C68872 6990CC22
E934614A DA116C09 C5F3C4B2 7F494D64
F4E1BBA2 60A31A51 AF1FE1BC 0E9336A3
A801BD50 01969D8E 17310AD0 44F65C9F
DF9533AD 578CD23D 1729E0FF 61CCDF6D
9638F21A 00D3A9B3 E3BBF850 0A625265
D3CC9990 6AE40A00 58E0802F 5094F6CF
F0CA5811 0A119620 FCA7A42A 22AFA07C
D83993D5 02EAB689 9E9BEDE4 83AB3F5D
3A5B365C F817F437 DA44EA56 79345FBC
80B75078 9788AFD3 F4589ACE A4EB8141
0C4E4936 3D6CB68D 08ABFAC5 B318C716
E7E92CA5 1EEBAA48 D992E0FD 3FB1C946
99FA5062 85E80A2E DEA30024 AECF52A1
E73B7F6D AB27A359 94258085 DA1F4895
69BA4E3E F4456F2A 42757C2D 413CCF93
461C4600 B6BCF34F CD308176 858A5933
76AB2D3D 9A615B19 EA567C4C A092DD22
8BFD019F 089A5108 E596C46A 795F6179
68C08F8B EBA519AC 9F9FD5F8 8040B149
D227FA04 B5B2E613 67641FA7 0E03D0F1
AAFDE54A 337118CB 36A9936C F643362A
60220CDB AD4B709E 572D15A0 83128551
0FFD2689 6F2A0A19 1EB9EB9D 924B89BF
FBE0318A DDF6518A DE4821AB EB197440
9F89034E 84189040 BA3AA936 36224567
16BE7472 692C4B76 5848E990 46244767
F64E2227 5074628D 94053C92 9699812E
A9ED9371 82B4AA5E FC47451C B2380C47
35371920 E5BEAB38 934147C9 25E82090
8A5F4E56 03293635 D54E8A1C A2B75FCE
64D844E0 D596EA22 2B567125 3C3FD4FF
533DA5DA 6515B8AF D13B96FE 2CB87301
10E18D7D 0FA89E24 825B1883 030A9E6D
C875AC84 27F4B7C5 F29CD523 80FDF5FE
6DDF0AD1 9017031D FED7808A A2794D51
0EAC47DE 7E46C39F 950A215C AE3E18E6
D71E49E7 F2C7B4FC F4BD8F7E 40595AAE
7B5EA9A6 B25309EA A524C54F 76568598
AC4D8D2C 42F4975D 72050AA1 8EB8E29A
9742C929 DD9F0337 7661F99D 4A0B79D3
FFC77442 0F7003B3 C421E1AF C6AFDCF9
9F002E6E 294A9C74 E2ABC83D E46DB7FA
DE4EB65E 2626926E C7957283 74F25890
5A8B68CE 91B82BAA D4C07D61 F416E774
41F5E0EA 00BBD57D 6701D0B9 3D4D2E81
A044E791 E32A2F40 85486622 1CC3A40F
041983F0 52120B00 39A8BD64 4C971B51
9D1ED466 F0C80616 6AE65FE8 B5189668
25C10F08 A73C7E95 8F9D5AA6 74C3131D
485D4573 57204BC6 62CED558 8CB2BB55
11F65D94 E5530248 FD80F430 95043D75
9706C3FC 20671395 8006BDC7 B0992D9E
6DB636FD 22AC7FA5 2B75B759 075F99AF
A1A9BCAC BACC379E 4D2AC920 09356B47
B554D931 5F6BB25F 0C6B9D89 9937F680
FFFE9B5F 6E38B0C5 2CD9B8B8 80797256
C870A54B 829217E1 6AD367E1 817FCE48
9E0C9016 3E8D4247 D1EEDA4F 65CD9900
195FBD16 8904FD27 66C1D48E 053F5955
7F5345E9 F8CD31F1 3EBBE5EE 5550405C
FFDE7EFE 817D0E6B F348C13D E5B497DA
24E03331 F7CEB9E4 D765B08A 4CCB0130
82D42E6D 1E69ECC2 90B32745 F3066271
27C61FA9 7363ADF8 19C7EE81 103D8FF3
E8C33504 16291910 36462749 926CC06C
121DB2E0 9F75EC8F 7993E693 9F5DEE09
5A33BC9A 15924C85 9F310FF4 2A10ACED
0FD17A66 2E289CD7 752F1EF1 4D605446
9BA05AFC AFC325D5 D89E35AC 53BCE9E7
EC1FC78B CF2547F0 A1EBC15A 8A8592E2
77C5FE52 9A04FC59 BE879A78 0ADB7916
EB130893 EAAF8690 B670AACD 2F7DFE90
2C9334F2 72190528 FC20E832 4365F9B0
2EC03A2D 863A2FEB C24F517C ADEBD44B
B87E17FC 111669C5 45E7A72A 09BC293C
CC71D43E FA713E14 9E136E14 A1AB8A37
47FA3B92 87BB60CD 5406C583 95A88D58
7C6BF446 0208FAB9 A5B7800F 0F422A26
13804C22 D48DEDD3 0B436FBC 9166E296
A05DF1E8 BB9DBE77 8891A735 7034832C
00983C28 13FE6C4D 0DA855DF 4748FC1C
B06FE94D 6F963D6D 12226C5E 3CF3B616
BDA80353 D446EED4 0D924099 4D0DBE73
B526399F 24052965 C3FCEE33 5408F77F
68D496BF 9A6A44AD 03CE97B5 BD3EF9D9
69F0F292 CB863181 D5D8D561 6174542B
D946C130 3A3B69A9 BC1994F4 3E30B22C
D6FC570F F1DB6AD8 EBEC96DD 42D798C6
690D0FC7 F589EE84 BCF8A204 E21BB997
5C037226 2C05E325 B6D4293C 0136EC77
5CE78EE8 F73DD962 69172E92 B0700E30
FA076967 7578765C 1ECBE729 B2766A6B
A72FD926 A4C1B11A A745DF22 6E5E63A2
AB022C13 BE90F1C2 821CEFF0 ABB1351F
A52923F5 C5C39AB9 BA2258D5 A82F2F71
C67F0086 6D2744BB 56F7363E 26477B38
B8542D1F 4FE010BB 02A570F1 9CA28417
59F929FF 71C5AD0F AA3ACE04 5DF1783C
E3C07C99 58E1554C CF7A2B85 186572A2
AB9E4B00 9751EF6E 270E10DF 0C2D9B82
FB25A326 9B5751D0 497846AC 184870B5
535798C8 05AA0B62 609C8D30 FCC2BF0B
7F2BB7FA 83726228 15495950 89F996AE
6A02601E 1700CA9F C6F02D46 127C6215
537AC80A 9C97D2FF CF31A9AB 2B162FB9
BADB1FCF 95398548 030F196E 91E007B9
2BC96CE4 BFF2BD67 39C8B5C8 F2F26340
73633932 C7B66319 C7F90364 0E1999C4
34CE1C64 E3F094DD 7A210715 CC524EA3
B72BA4E2 0DC32B22 5C5DFB27 78188A54
90EE0F0F 26DCB6E4 A8D02A14 8C7FFAAF
86C169E7 D60C033F B542F974 E5C2B57E
BFA7F30A 9A173AD9 CE23869A EFA04C7C
56757E6E 5E5D6023 4D54B937 27D3198E
3DC68F0E 44246DE0 D337DECF 996B281F
66860EEF D891B71B DDFA6614 74E2EF44
B118C875 9CB6FF19 B3410C2A 472C0D32
2F4CF301 BB18ABCA 559CEF51 618C03BE
C29702A4 B9C7C295 D87630ED FD3A98D5
470C4737 0477C69B CCFEE67A D1ED1F39
3A581F2A 2F6BB631 CB901E20 1CA20CF7
2684F1B1 474C73B5 D9ABEF8D FED0B46B
DB756F1C 8D96F950 BE7DBCE7 EB5E4C12
FF11C34D 52F566D8 CF62895A 12EA2BD3
6D0B9287 A5A63A1D 8DCE24B2 4970B8D3
1250DEB1 1E5FC70E 6487AFCE 06B0E23F
6CE592A5 D7E76A2F 59FEC761 37AD53B1
BDEB011C 02A98E2F 16B62196 00F9BB54
9DFA7C83 E5FFA764 7185A907 F100257B
F237797A 95C19BC6 7950FB9C 926ECB6F
876F7D4A 15A9995F 8946B33B 646A6764
6FC1E02A AE71FA78 66EE73B4 6CE1EF4F
E7833837 0DAF523C CF14A465 25D4F0B3
9A1CF58D AAB61BC3 2717405A 21FD4FBD
DBEBE723 D4E62FDA 6C45EFCF 0D87E0B0
331CCABC 9CBA0933 78E8EA38 26B46A17
D9B7547D 9E7A7EAC 8CD6F289 5F99CFDD
5190561B E73B297F 38DB33DC 07A25581
337B6296 8F7C64ED 77848DB7 55A6364D
E8DD9A38 32496195 21DB290A 6D92AFF0
E3960FB5 6554F705 C76A590F 7EA5A41A
3EE88650 5CF530BA 8E33B103 FF113BBA
7674CD0B 424DED95 62E3C26A D3369AD4
0C462791 DC49B936 E4BFC491 7157D59E
6A74583A 49D48D8A D7E7ED71 AB455B52
0CD27871 5B213368 DA2EB233 9D5E321E
69A6C76B 643D8A5A 5C92EC13 6019EA9B
37BEE0AF 1AB7A2BE BC4B93D6 7CB79C2C
ACBBF371 CF4BFDEE 148E9310 5D7C7B34
095C529B 378A1D90 54CE43F5 B2F508C6
77F363BC C936D03C 38EBCB1C 91EF33FE
5D1DB03D F7B9928F EAEEEC2A A9853BA5
DE0E2EBC 4F769E79 22605D1C 8D02BDAB
FB75CFCE 6F43DAF5 AA490A8B 008FF446
5D21FBD0 7B376BC2 8E6B7C66 E14D1326
6F3D3959 56B792D8 B2B370ED FE65444B
D60E752A BCA03622 DDF280A9 4AB7402D
8BE18D0C 127124D2 0DAAEB11 2BD8BE85
EB0D993B B8675B16 72AEFEB1 C76B17B9
001EFD9B 2738CAF4 8166E10B C9F14A1F
BD63EFD9 A4ADC2AB 8EDB3A71 2C82B976
AD39C91D B7A91BB5 D4E998FE 0516C7B1
3C344F26 F36276E3 0F2DF787 F73E365D
F54350C3 D57351B6 0E75A52D A655833B
1DDF043E 51BC3B27 26C9A7CF 47C23259
A9FA1C41 C54CA6BF 4538F62B 66C94970
272637B4 561DCA57 468BB191 E262A96D
E45F3F01 0952F004 1C147C07 BDF8C1FD
4822F981 D166FF1A 9CC715E6 220F01E2
494274D8 F7F1AA72 5D5E3B84 E324FD60
B40F9D34 D512E49D 3619245F 14839A96
ACE871A9 1A9048A8 78F66D67 F13A29ED
CAA23C6D 2F7F38C5 FC21DCE4 3991EFB7
8B8EDB2A C8B3044B D99BCBD6 89DE20FF
E351641B 1590EFFB 5CA7D949 74FD9F66
0BA6A159 078C8001 96C73780 67677E71
15EDF247 69E626F3 ACCB1FAF 1F688430
05B9D816 ECAE5A4F 76D0D4D8 022052C1
474E7C52 7555C355 17ED19D7 A0618667
5D716D6D 4AFC32B0 229A1B72 B2ADED4E
02BE1C70 45674603 5FA739A4 6EE19F78
74682043 08C725E8 151C1B02 32D329BC
8C725B11 764CBD46 2E86B67E 317D97AC
6C5C9C85 5916E081 F433B06C 371BEFF1
659FC5B9 766D9982 CED35B29 0DCDF658
79DB5C89 F276852D DAC123B0 06B70875
1BE01DAF A6ED20E9 ABA8AF33 F1F624CA
2474579B 0BD8C8A8 997CC646 479E0BD9
87C68FEA 1CA924D6 B761706F 4870DB87
475CF464 68405F7A 4386C733 9EAB72D8
CD5B4549 D980C514 E6F11199 C1DCB410
1DC1F3F3 0D102A5F 7A9C08D8 11886F27
D431F0D2 692032FE 69ED189E 14A40406
F161E1C8 EB44A075 4263EC9B 056FDA11
1659ED50 DDF9A65C 8F23790F A9B9D21B
B2A9EB03 132DC98E 550C402B EDFBAAF1
F095C452 9C42D204 A7A614FF 12DDEBEE
D27DB6B1 715425EE E72CE23E B48D778A
155E094F 8FF7422F DBC63001 559D8416
1A23BADF 2370D931 9FBC23B4 666E4FC1
73E6C29F 81250E0E CBE13A1E 72CA1D28
47D3642E 73A24F34 1CF52D20 049F6917
F687A79B 901D9E3E B9F4C652 CE3A5AB4
261E6503 792F017A BD77C488 366E000F
CB2CA209 5F876E78 06A8B82D 180E3BB5
95DFDB12 FF3C97DC 4162EEF8 BF5F1C89
582F3B01 3BC7F91D ED9A4292 37F25A39
A0AC5441 7361D6CC 06F57413 05093CD8
D895BDF1 05EF55E6 5D5C5067 94E7A2E1
0BD6480C 90EAFA5C FBF99513 82E73B9A
7418D4A2 B749F623 B5D489B5 522477B9
CBCCD833 91829093 3F668395 F5D7CF02
E80D5BBA D32146F2 81FF1455 41938559
D100D195 DA57CCF8 F32DC55D 6C1646A2
E3469748 F932409A 6A6BBA71 5B17AB6C
7DBA9250 D4DE6F60 88790FF1 554354C8
E9536B9D 83E3DE6A 389039B2 51EB35D0
2D28E80D EBE30DA5 BE61F2B2 4673A8E6
39810237 C047060A 71718447 17E2B3C7
8C60609B 31044D4E 1D380D6C 13F6E217
03ABA4B8 7D123A53 9283483D 59009A24
B0C5EE5F D7BA8155 201AAC95 5B5453C3
48495754 BB40508D B5DF45BA 5AEE1774
BBBEDF66 47ECE008 0B315FDD B33651D9
5403DEE3 F164E3B2 905D7933 104FB05A
CA7311B4 784F884A 726A9937 FD2D1CDC
62BFC585 C8E14B6C E847FB18 F288DDA4
D7D37C46 FFB2AC79 0712C8B8 23355E21
AE1CC5E0 67BE88ED 7C2D7FCB 7FE30015
575BD2F0 A2AAE113 DE359C3A 5708B8D4
C9FB44C6 A4DC1FCE CAD89D97 E8A451F9
05F119E8 AC12D1EB 7F3E0E64 D009DC3B
4A21C448 0B9F7250 2DAB0D5B B008CF96
89024D01 ED1E9CA1 94590FCE 029D9573
91E11C16 E87657A2 7ECBB5F2 3FFA531E
98CA3147 21A25EC7 AFB89305 03C2A3BB
E45F042C F44EBE31 A5B864B7 4652BEC8
3DE81448 0DE4E8B3 5D38156E 7358149B
1B62B25F 98381322 91CC97CB CE74B769
A946CEB8 497A6C2E 8CE656F7 A8F297AB
C7AEF9D2 C56A3CDB 5D9714F4 767E2388
6092EB2B CE9A86B0 8175758A 2157DE8C
DDD682BA B31268B4 759FCC9B BF2ED65F
52013DE5 14A39011 6BD1BA76 B0DB642C
D30B6F0F ADB9366B 828725B3 0FAD9ACB
F1F80331 F2E0F6B3 4430F609 17C07DB2
26F4B808 D8F389F6 CE77D633 1A436803
16E64617 337C1F7C 30F5A4B1 CF959E68
691157FF 87E71797 F8C01779 D8164114
23CDF264 73D62A36 DEF4C191 C11D2F85
1EE6ADCF 14147C50 93346012 AD461CFE
3C24E14B 78AB89A1 BC6AC6C3 B1E6C175
198B8089 5DDCD349 92C3A418 5A19D2BD
D095E930 5F2AD6DD 2196CF1C 562A15AB
6D3BF852 5B4220AA 9EBFCD89 A3C23D18
B71C8DB3 4161B674 F72B2215 33530EEF
8B1596D1 316BC96F 950C798D 9C33B365
D6C1523C 4A8A5E60 16506D85 058099E4
965F5387 1AE00647 D30817FA 3BB623C6
90181C5D 3B5D3A79 9C9ED03E 146A083E
76758351 7836A38B 8CA3D812 B4D63699
8A2FFC4A AB20E02D 64A8609D B8875604
4048E39E 9DC576EB A874F397 E150F5F7
243D9F31 15192D9B D80CC07C 67043D4B
B461AE39 FFA01294 891E3CE2 42A89726
63457257 E8516D22 EE4A7384 42CD6646
9F469747 4647779A 732446A2 8F7D83C5
BCE8670F BA2D9D86 FD74B9EF D0774405
F5BA80BB BC186776 18CF8446 5AA0C874
55DDEB36 FE3C0CC8 B042A19C A48113A8
681BFCD2 F913E1E0 017E594A BF912C54
12AFEFE9 61132C04 38A038CF F2446F93
529F3CE0 256EB33E 7B515216 8236BA16
A640267E 411F3BE1 B7F7E070 3D2582DC
19AF344F 4EBCE788 46044ABD 4DA9C9A3
B8AEE684 518A2B86 59E82F7D 973A0F52
8CD5A893 B3EFCD8A 81E24930 ED9112E8
0D27FC62 820CE3FD 77314A58 AE1D2C67
E39A8602 A9F0320A A9705DCF D118C7AC
671F1F19 8BCB7FC2 08C780B3 6414FD96
E740272C E3ED7511 437C95A8 08ED943B
5D5F978F D053581E 043C6377 DEF3AAE9
85CA2BD9 4BC2D493 B41CD5FC 5A83486A
28EE1DEC 03CADB15 73218A72 A85E1CC9
8462B96A D96F1897 0ED70266 3A9073EF
869E69DA 87DC94C2 E7210876 76A7BDA5
2FBAF7FF 0BBD57E6 BBC7AB2E 659F982A
B841C30A C3A464DD 8A477750 5C546B5D
A5D79022 3A1FE461 1A68A023 4180A53A
C01C9EA6 DE640CDA 019710D8 BA0C3349
C03A264A 8D922D2F F4850FE8 1B986B7D
D7D1EF76 8A466A82 E61E9735 0950F3C6
84EF196D 46A5A8BD CE23C511 4D88DBFB
303A99DD 66E37B6B 66F158C4 3EB98D7D
26B4E23F B5D88D3F F1E5420A 298366D4
CED2D2AF D336113E E4CDB079 06A1EF05
448B7A32 269AC0C4 95AC8CF3 59D95858
26B20C2E 58B86EAD 6407B471 B956A3DC
A8DB76CD 46E56658 25FFF000 B3DC88E2
3CBEE582 55D93A46 54715BFC F696BF12
9CD9C0B2 D36C418A 9387BF23 F56D788D
24317CEE 2F277F99 269AC769 E939C705
B18036D1 A22B7245 64821785 A9B9C3F4
8268D09C 99E7A497 A259DD70 C7FA1489
44D0BD6B B7D894D9 C8B4B571 89F29693
29C83C2F 41655852 F8130983 FB24EDEF
23579785 22DDB61D CDB4CAD0 BE029FB0
39306A73 9655F9E9 844728E2 FCFD3F66
F30590A7 964281C3 C9AFA612 BBC35524
420CC617 878219D5 E824AB91 C65B3746
6E1BF539 C1B76E7D 661FBE6E 01B4A1DA
09A85956 872D5821 02AAEDB8 82D31651
B7799CAA FA99F8AB 05B1F896 0707BFF7
F3F4C479 057F31AE 67DB40F5 C9FEEFD2
00B17213 58DA6025 BE5A7204 A40F836C
002D878A 5185A4E0 97477B1A 664F54BB
EAFF06A6 51C7B460 103519B6 38352CEA
66CB91D8 CC747B63 D248F501 B32EECCC
0502E8B2 C21C550D 2FC62D11 E2DBF37E
7BE6EFB6 FBF620F6 88903099 3ED0A9E2
0ABA4AB2 B1C6B1AF 257B64B3 762D9387
74193E2A 03D7F973 4AE81894 CC865FA4
D64F528E 35FC9015 4C57D8A6 EAEBA5E7
CD4157B6 3296EE09 9CF6649D F6E12C4E
93863BD0 C522689A 4C516CA2 99C0B230
935EC913 223401FA 36E9419C C3610384
C0BB6432 F4F04604 BB94CB37 48AFD4A5
B32C7F36 ED3BC18B C421CEBA 02B83741
F7ECBE7D 5AA84C35 6297DAEC 9D1C94D1
F86F3EBF DBEDFED7 C7A81E86 5CC75861
C17F2E87 1AF2E207 026475FC 75A1CACA
34E04336 26356FCE 7D680C83 80E0FF7E
F3D87842 92EC7C84 6D183669 EAFA8391
E66E504E 211DE6EB 779F61D7 1138196E
7AD0E88F 85EC668A 94554C87 55ABFA84
D6B3C5CA B51F2107 B0CB4CB0 64D26B3C
D3AE3078 6E17AE70 6AB39D39 57A48447
4764A258 2FAF4E50 275F457B 62053812
27F7A964 F3128AAC 42DD8A27 682DDD64
8717C9E3 99AB9526 3DCCA541 16853152
461F175C C28CEA43 A1FE29E8 8E0679FB
DCB0913E D0A63371 50BA260C BF86EE30
4E2E1BC9 292EA029 648A3A8A 33246C2A
B9BC8546 E0FDE6A0 79793311 81B1768F
69189F06 05E8A55F 704F38A8 4013B09D
3C18B0D3 BE43222A 11CF215C E829FEEA
660B9672 F50E99FF 60B661EE 363ABB36
FA791670 FC9141A2 570DAA0C E7B343E6
6BA63FFC AFD20D80 FD50F58D 65B585FA
A7E081BB 72413A3B F8BF59C4 5603E077
039C64DA 7488B49F FEA61431 76B74449
AC6140C6 E8BDEB88 405E3740 C4A1C368
A813C111 3E59A607 07762225 5320CD56
C4A219FE 8DCE3DDF 759B9EC1 DF088F6A
462B72BD 1DAA90BF 7A659F29 CDF0A579
D3712304 FA18EB0F C7FBDB7B 0D9158F6
29547BC3 E8797DAC 7A010B10 FFC4F64A
5B7BDDF8 895CA8AE EFE17107 797BF76F
E1EA6512 84ED277A 373594F4 DD91E8A0
A0E2EF01 DF0EA1A3 840DDE74 30D2E43C
37A0CB2D CED76889 A5EACE96 3B6547C2
F42391F8 9D4E284A F5BDB05B FBA5850A
C53FCEEC 2BB039B7 19A137C8 BD8DC55F
E7E9A86C A4E4FA81 925D3E75 69A11EAC
C36C18A8 A8FDA09F DA60FD66 DCBB936B
183AC787 A24CEB05 FEEDB1CC 7EEBDA7D
A9FE4A8B F5D8DCE5 C114736C 5D06AEF9
83C013DF CA91FB76 61488177 B211D253
ECD6236F B653CC1D B1FEA287 15294E66
320D3CA2 8DD20D5F 88936510 3D4F77CD
6BEEC8DC 498DDDD3 47334219 7E6F2C97
E7E57168 3EAFB7CF 76646792 9DB0BD46
D88CB864 2688A4D8 5B7F9997 4B9F9892
131769B7 A3A20342 E535A990 745D98AE
6CFF6585 DAB60566 39355944 91BDCDAF
5D305240 F7AF8357 87F4F7AC 4CA11871
3AA11478 BE59A431 8308A605 17DC4635
A26425BA 11402910 1D809B13 18D836BC
11849EFB CC951930 783FA63C C40FD8B3
9216C15E 11E1DC1D 7DED2037 DAFE048A
C12CA20D 12C4D898 36688CCD B2093A97
BF8DFDA4 D33ACB33 E26A87B2 B5E5E1CD
C8D50036 B8C64B6B C5484D4B DFD26044
9C124B21 FF4D4BBE 9FE90E3D 9E291F4F
383AB014 D9988227 5320A6B6 70B729A7
03A898BC 77A40D39 6F144E7C 0972E711
23A6CF46 383B1A1E 1CD41729 A976D1B8
64A6C065 DED23AF2 F4C54AA4 91C95BC3
16FD7697 A6A3B8D1 F92BB57F 97047FBA
1A0CBF8F 6FBFFF36 E7098627 489C9815
36D947FB C4DF798B 18CAFDC7 B0D0F000
D60BC9A3 97A99554 461D29C0 2C3AA92D
1011B128 9E144294 C074C573 4A805DEF
84FB3FD6 EA1D4299 9F941002 9E679E7C
6826E63B CAA4397C 0B755F88 9BE3BB91
662E3F0E D3891292 8C3FD165 8D49369A
CEEDC50D 1AF8618B 2E0B24FF F29FBDCC
1FBDED93 41D2D88C 5F277408 7DAD4B0C
617C3238 85F36B23 D79826EB 52BA6AE5
C6A24EC4 E4EE9F5C D342A0C1 54997DB1
BB3934CD 86D4D734 726BE43B F0502055
1E38CF89 1675053D 559D854F 1FD635D8
2C91A32F C449F896 C5DDAC36 BC3B1FA7
9F9FD935 E4E60429 630EDA6A 589571CD
9E2E449F 0E013933 32E28D2B 5E0160C6
1DF33BAC F0AF2A88 4A5ED773 838F00B9
C9F5BAB1 1B4EB878 54F795A8 92927A2D
9352016F BBC14A94 F635CA5F AE2539FD
4EDD38D6 765B2347 58F50C74 BF1F6144
E734CB5C BF9EB2B0 E35885EC E1764D12
F8750682 B8F4B6E0 F3A0F7AF 05BC740F
20DC30C5 138C4C32 CA04ABC0 A08F82D0
7EDF646E 9D03FE15 B1A60C53 19409EC9
CDBC126C D4CD38EE 1350D5EA B45B62D0
8138361D 98582B5F E23DAAD9 DF45D65D
50D547B1 2644AA72 299F4632 4B6AEEBD
A02649D1 D1AD1F4B FD4F50F2 F49D389C
C7662AD5 0A72FDCF AC1F7525 195BE175
A388FD57 0CF7724A 291F7375 A8C12D90
8C7E8298 E3BA6B6F 71780C0C C9241BB2
40FCD0A5 B21671C3 C947128A 837B52A5
6A075EEF 24395F80 92ED497C 3926D943
C773D93D 05D81E53 ADEACF7D 18A4C2BD
450178A4 8D379583 AB8F7CDA FDF22C26
D3373E6E 6E901C60 C26D808D 6BE2A551
6E26BB4A 1535D24A AA1451EC D8232EC8
E84ADD5C F599289D 8D32ED85 96301C03
7749182E B4A81184 C69D77D2 4D39B5C5
08211C29 0B0648E2 599FA77D 1FBFB0EE
65B13EA1 D6637230 728F9B22 701F2EAB
29CDD995 654CF58D A84232DB 83EC5B3C
49E86001 B2AB0C38 DD30B201 19A7CDC3
CEC585C5 365B3762 30F44B30 0333FBCC
CC121119 1E8F2A53 3051AC99 C1A4DFA4
C82F4B96 33E477C7 C94B3001 0A41E744
7FF9DC75 76F9370B A7A92DF5 18A17F2C
273E3151 49797E38 D881D00B D7FBDD31
9FB3931C BDB639CD 067C8BCC 5B63551C
F25C6784 B4CB665B DB96E54C E117CA9B
7EBE5E15 3C24194B 88E7B8E6 452DFF20
F87D2779 CA674920 4A033E0D ED06DE66
1F910DD9 7A732560 ED0E6A23 6AD2EBB7
C8884661 F9EB02BC 08FF8918 D0DE3FC8
F8BE15CB E7B7D9CC 03EDC548 465F5DC8
DE2587A3 F7FEC5C1 B3217642 63777C37
3B5684A6 08715887 00CACAB1 AA324094
247B2C7D 23B242EF EC4B62B3 4CE3A716
40B2505E 54065C83 9A57784E CF363539
366D5A0D 59147EE6 ED6B88AF 710E07D1
D8C618A8 C85C8A53 5538CD47 7CC6CD2B
2E0F7D7B 4BF0648D 234E3D9D 6F86C0E3
84E05AEE 52D76E88 753584FF A4A19896
6B7D5957 1A2AC1C6 CA61DEB0 FED1A172
233AC6C2 29D377FF 347F5920 C3C7F5C4
CDC240D5 84FD3F4A E5C1C2BD D9D1F4DA
1162E2CE 9EA8ADC7 0A4EB7FE 135EE32B
B2FC122F 9A963230 E33FD612 4BE5443B
8DD38194 26473D99 9797BF2A 1C98C438
8DC9EF07 AE9FBD32 26F47B2C 22155FFB
5A172A44 6D578101 C69F8D8C EB5F96B2
0F6CA5FD 7B88C185 A60D561D A4185F76
14E9918F F0C92C07 0B8356A5 4596CC1A
244F8509 64AA2234 B188A13B F2E83E63
8460409D FAE1C568 56074D83 6F95627E
69230910 AE5FF091 99378015 FFC74D65
ABFEFF30 C9B5D8EE AC58F091 30493E4E
F140447A 724D8345 A2A310B6 97412184
1FC8B1EB 1A250884 E61F4E39 A9658427
9EBE0018 15177220 59B3CC27 70A4C0DD
3895F055 731B1638 A11800D3 A52A8DE8
4021F6DB DB007579 8DBD028B 8AF975E3
AE8DE623 822854B8 ED29FFE1 5C9AA181
4076C6F9 D4A7253A F49C1F3B E667F9BA
9E1E9DB6 96E41399 51028054 DA977D09
6E205629 5B855DDF 350489DD F3CB67EB
1FF978EC 084ADB26 4626BB1E 2A4072CE
96697B7D E20B11C6 4DF2917D 0014C4DE
596DC0E5 CF659662 2BAFBD8C 63C5B6E1
B4C4D853 A04C6DFF D80CC0D2 92EC004A
2B71CA9F 99849B6E 2242E811 DBD5A7DA
EB8FD073 E212A74D FBA4EDB5 FF9C78C2
71AE4331 23ADA5E1 B2D50E2E 24BE4035
1D952B11 96633328 D56E767A 8D920FD2
E01E4B8D 131FF2CC F9ABE189 D486CEF0
8EDBE761 54A23F4E 37346EB1 3C6C5894
4743A24D AC0EAC1A 4F3867BC 10481795
9A7AA86E 86CBEB85 EA0A606D 454DFCB2
48E6F6DF 66687ACF 62CE00FC 9188703F
7423592D 6DA05A97 83A35567 AA5B85F0
BA4F8841 30AB0D50 4E1DBF71 7E096C97
69DC65B3 58EF7282 315DDF34 7CEA0C8A
1026B581 918ABF54 9C8D84D8 3104DA58
29D58132 5A1D90E1 96EECAF6 ADAF01AD
9077C452 0C1DD69D FD304E70 6BDC75CB
EB303578 C8394279 9EF9B9A7 0343CACC
BF086516 917BED41 7A5FEDBD 35F8408A
075D9D7F 70DF7949 92F69202 264ABC9F
4CF88CC2 610F6D2C 70EE6B63 297EA5F5
D4BA0427 D4600CF0 6214CE5F 9797FB53
A406525A 4136E705 7FA0336C 534BCDB3
05FBCCBF F287A49E 244DB310 3F5D53DE
C673BCEE B011F826 4B4EFCE3 6E49BDD2
A1A88776 6B88E3D4 0292A65C 6518CD72
04E5F0C5 50C3ACC1 4352511C 81A2354B
E65D0936 695E82D8 A8692C21 12F80509
D15602A6 BBCEDA70 B9477F23 64265F77
FF7EA374 AE36F6A1 284473EE B3B20569
702A4207 BF195DCF 1CC165E7 A34B2FF2
F2708AF3 D1F20E8A A75CEA30 B7C12EBA
82CAE552 C191306E 8DA56078 B65CFF9C
3249C6A7 25A40F8A 4C307255 E92BA138
F5F6B6B0 14E8BF09 4B522488 2728FE43
35E9D105 DDA99AE1 28E7F556 FA900C73
8616C72C CD95529D 560B337C BBF09118
99E050F9 1CD973E0 33F6DB95 B97267C6
138E94DC 5DCE2235 6BDCD6BC 6FD6F712
E474C009 18D6F37A 848B85F3 B9460D4D
B1AF76FC 9FD48985 AEA43C6B 553AACA1
BBB634BF E90C28FE 101C42ED A6003B54
2E68CE15 CAF42324 F6B28733 F9A4CA99
0DC6BEE6 F4E69598 58800442 AADB71A8
1D45AC53 74281BA0 F385FC7B 2307F1F1
82DEAD06 D7006FE6 7F3A42AE D42FBC0A
449F8B15 0DBE9434 1D972D87 11E71050
3A3C3EEC 3A460DE7 B77806B9 8E3A6DFB
D8A32732 71B8BA1C 87DEAA71 887B5B60
A476DF0A 6DD7FA9B 8CEAC926 EA2B1874
81BDBDCD 206FEE54 75CCABC1 B1995EED
CE5A1791 23E92BDE 9F733764 92EAA2FB
BF8BC7B4 BFEC60A4 D5CA03F0 A7771ED3
58B06DDB 9EAFD060 65CE33A6 29F5C29D
8A16FE5F 694A5893 EE0BA359 605685F9
F47384CA F5C76E2F 80DBBCF6 00649CEC
0915884C 6FD7C8B2 51F89E63 88E12210
3B203D97 BB7C00B7 C4F93801 6B157B6B
6075B750 05F687FE DF3D2BB5 BEC8F28D
A1B4F2A2 85A74B53 7C48C829 2E1A3262
A540C398 D456360D DB322147 3DFEFA89
5D51D02A F88ABC23 3B5823C9 195AB699
077B69DE C5251D90 2349FED9 A95210AB
B440473D 78012992 EBBF9872 A301E7CE
DCF445C4 D9E7884E 72D53620 28C96EE1
30D4BADB 39192D91 BD4D90D0 5BC76917
B8D0C3B9 89D44990 76C911C7 E0E5B1B6
EA085A81 F6DFA78B 3940A847 B54871FD
8CE2B6C0 515E5B1B 4D35A155 9B2CA58B
A123D956 DDC6875D 2816031C 231AEDD9
27488AD6 B0669803 11E6F7C7 59BD127C
136193FA BB052CD0 CFE71C5F 888E014D
15CC6996 519F599D 3345C39D C79D106B
CDD7F7DE 3729D568 017415CB 8FDF7000
D6018065 E83D2C7C 26BBA415 15694784
EC128CF1 42D38BF9 14606571 8191B111
F5872D2C BA0A6F67 78C90E8D 754924B5
6086FFB7 4AB7F617 400B12CF 51598808
4E7367C0 3548063E 091315E9 0004E5FA
76FB0762 55C332B6 84951272 9AEA3E04
CB9D8820 07FD5F0E 24BC2C27 5A263796
95011F99 7F91BFB9 32077BD4 51AF339D
9D8B131C 65157A71 61A23ADA 7BAE6C59
51AF3E27 A1E30FFA 002943F3 AD81ECB6
127D63AA 13E0E682 CBACEC3B 7BF7DA5C
4DC9B229 7587B972 32964CF8 52C643A4
101E7112 A7DCE33F F6EAF7FF 8C6D8999
34A480F3 315AE0BE B4C42E46 9A294886
695C608B 976889E6 81938676 85DAC006
3B974CE1 CFF10096 90CBDF04 44F4E322
ACE10A72 8EEE6322 F64B4580 5CA92F0F
7ECCF03C B7D32EF3 473883BB 3C5A07BD
20C81E2E 0D9CEFA1 20AE3E70 FF57D318
94EE710F 2AB0BD78 B2F077EC 918AC818
489E34D8 9FD26F46 F9E8C73C 445A8990
CCF8AAE3 BAA6F1B8 043CA375 A7EA0B48
826AC6EB 2BB4A11F 7611D121 42653975
86A2E496 A6C977C5 08F028CD 7415F8C7
4FFC512D F59FBD83 A253F5E2 E5DA9A2F
0516232C 1B5F8085 842AB7F2 D09084A5
F3DCC512 353FEAA5 3737C47A 33B64B90
A0B4DE0B AA5F6A22 E1141E69 613FFF58
EA8FE197 0D609206 AA9F8B06 F78F33D8
C4D8E46C 53502B33 B4F48F62 FF6D0569
E5AA9194 F1EF2595 5E565CAE 031040D3
855E3EF5 095B49E9 7E087F63 CE534103
5E416667 4BE9E8E8 4E586791 D9DB24CC
CF0B2B42 9587B311 97A6EAE9 B27321CB
AF088C51 B30985D2 84F62EDF A3401D52
264F5E96 A752276F 7A895D65 0523966D
41591F31 409801C0 49C5D44E A50DE272
80D70EAF 2D313764 73B6AF53 CF8384F9
60F21A70 F8D76778 DC78118A F4851474
3E5891A6 173DBF20 26F6F0FF F204E07A
DF5CCF35 18863070 3C1FABDF 32A2ABCF
E659DFF2 70A85B5F 38431929 4E9490FC
BE2BC321 09BCF98C 2212E67B 1A10C05C
28D179BD 6AE3F2A0 A7459DA0 E709C410
43A78C5E EDE32395 A63746F8 69CC1350
AB78C040 DBC3BF1D 92E637B7 F65F6F59
44A8F6FC 0FF3E308 2E3E7626 179D1E18
045E3244 AE5F40AC 75287C16 0748D2E2
06EE8D3B E36745DA 391DE1E9 73F0269A
C810B5A8 925A3B0D 7870AB63 600F3265
B346905A 847EDFD6 472844CE FA8DC841
676F56B6 4DC4D30D B945BD69 71A0A044
B9610AE0 02E508E3 00F28453 6D31113E
2DDB7BF8 E9E48F25 FDAFB1EC 9380C2EB
D9AB5D4C CDE33D9D 2C279885 0011E226
C79EF21C 157D553A 9E755AD2 4768CDD7
A750060B E33EEFF0 AD44FD8B A5A0EB9C
C7776C55 52C69F49 F5DEF266 B1547184
95034982 BCE2E69C 3DB3BC9C 41D84037
4ED05806 89BD3977 6BAB3529 D4147452
D7E304C2 47574008 47134B23 8B9445C3
F12B0598 D5581B30 6D596E4B 5362C8B7
B69016E1 AC525BA6 11061D66 A0EE0B96
BB659918 0CCDFB6F 23AE7E50 E662E9AC
30E32266 26309C3B 53BE084A 198A6769
5F7D4802 A8D7EC53 C9A38F74 79CF47A2
1E56AC9A 3AE19017 DBB49A61 EF03B174
E5CBD12F 2A068F9F 6DD255FD 92FCDA77
3056CBF6 7BCA53F3 3D0B34F9 52BCB4D7
8F3DFDAA A2532990 97909B82 B80B6B4E
C35E5592 4F81CE19 9AE1C58D 3D6EF12A
F4F9B379 21D88980 72020784 38B3C24F
89E9792F AA2C923A 3AC97A17 0A0BBF96
8E103168 19D1478D DA72C93B 17C2E447
DFA90881 702D0B4F 4A9E8867 586E3D72
6D297323 14FBB2D5 641FF5E5 A8A6A882
98803DDC 1F9A6F2F F108B9E4 0AE518F8
33DDA2A1 7300A4B0 5C1BDEE3 D9CA5135
8A1758E6 85155B55 2B768935 CA424E46
D403EA4E 67482759 D900713D 85C5F584
AA0A0044 2C8DEC47 56DB09D4 3B106474
107CAE74 0CDF3EA1 42B78D79 255EB785
90DBBD70 0C95D2D3 F133770E 1CCE5BCA
A76FCF6A ED82AB1E 485A55DC 520C5B2D
6F8BA87A 94CEB256 17795579 18F0FF2D
95101418 6BFE962C 5E19F35F 87AE27EA
99F99FBA D77CA70D E52FBAC2 107F44BE
5FAC0ABF 0D8F06D3 75E7922C A05570B2
98EDCD53 91A953E8 F9B0CFFD 7A6FE8DD
6BE69D0C C69AF7CD 9A8EE794 33DAC101
19949D59 E46B45C4 6091D025 C3F1ED8C
4CEEAD69 30D967D7 98022532 0222BC6F
89015F14 64040E67 F5E2AE61 5A7E5045
D7935F4F BB4052F3 1CD7C9FB 04012A86
69981799 582DA79D E393A959 26694821
42521AD9 D52AECFA A31454BF BB5DBC13
CACBD95F 47B405A4 A864436F ED39BE8B
6D40BA8F 0011B173 29DF3339 8725B729
EDAB71A4 2643154F CE1AEDF2 DDD83FDE
CFEE807B 93E72A48 0D4D3CED 61A441B1
C20CDF9B C83C7DAE C00A9C02 ED0410CB
ECF3B735 7DBD19B0 E229E292 694B6DA2
5A6B19E3 6C1F2F8A D151EC95 E07D659D
14B223E8 916E2ABD 1449E704 BCFEEB10
D5243A9E 7DAA80F7 24D57924 C8806895
D478384A C6DF3CB2 8EBEB37C 3F1F560D
05C01E95 3EC5F0C1 5D22AC1E 184EB505
F245D027 4C34787F 0A5C81BB 842ABE50
887FB8BF F7BB95F9 D62BADED 02865642
28E90539 60606BC5 A505801C 4796CDDA
3A788FBE 4CAC6BA5 42D6FD7C 4FF90389
3F7F1A01 10CDCF0B 6E399CB8 2ED23BE8
C3A3403F 07C29F6D DBCB205D 04C15E52
87615FD8 038CDA07 01B565E2 1AD20899
6CC1342A 18D82CE3 18210D91 40E10D64
093F81A5 456F7347 298934E0 AEF50B6E
C5695027 363A6BA9 15F7ECE0 D670590E
B8223967 4EEA2DA7 4F39CAD7 84CDD233
2F5C4E0B 093AE46C 0DE100D9 7D2AC1CF
5DC3611D A6B3C730 A45712E7 3C98D6F1
7F9E514A 66972CFF D47198E0 01507104
D471DE3B 1E5AD2B9 0A633697 075586EB
CB0B8715 21B28FDE B6B240CA 92803A82
2A07D3D4 B7CA47CD AAEDB990 4C0D7707
33F1AC6B 90E61597 65729900 1CA57328
1673543C A28A4A50 DCFF5D00 A6B78F7D
3DA19C19 796AE39D 74DC1885 7EC4856B
5A5DF543 664DEDF3 F7D6DB7A A7685E6C
CE1F0CFD 6828A654 49BABA15 A9058B95
4D772DF5 F08055FA 72021EA4 A18AB9D4
E8805936 D0D092D1 32EA3E86 F70D984D
3A646D5C 38E6A605 6BA49D0F D1A500D7
8F5C3AD2 2E806FE8 4ADA05FA 09F84C2C
A578C0C1 F8AE574E DA9724B0 71D9C621
0F067F40 0A569182 ED5188D6 E17429CD
4182CBE8 BCE057B9 83CD977E 454ACAE5
D00C0ED4 FF4A1B9F B896BE2A B034967F
D7F99C69 BA6F1B7D 001ADF96 7CC15728
E8ECB068 168D34D2 E125BAEE 95498B09
E84FCC62 DD009E87 88F0DDDC FF081D25
F311A8A4 8447B345 D6A9D199 5BF0DB03
9EB850C8 2B47FE58 F16D465A 969F11EA
34EB12B2 DF7E7615 FE0BD28A 0DBD3AB6
79EE409B 67CB5F2C 45D28B86 C17C41B7
54ECCD5B 812F4BD8 3936DCB5 0063D435
ECAA0F5D 5620F70D 3D0EDFC2 357EC3B8
3CCAB090 7F61CDFF ADA6DC2B 6E0D6679
49AEADC0 B11AB96E CA3C6058 385D9C78
4E1B2032 5473C4E9 97EB78E1 FF093589
1AA31FBE 6EDAF4A2 BB357FA8 EC174B13
C3AAB18F D41B3452 88F362C0 3E2C3C3E
369FE713 478FD5C7 DB833F52 ABD5495D
3C5751E2 390F4230 C6008C18 39F54A1B
580C1910 4E186893 8FFFA7F6 D7A4C785
4CD2657A 069ED020 11F65B3C 039ED37C
D9D4BB68 99310CF8 6C1332DB 723B4A17
E607F3ED 259CB68F 4E0D6E5C 9F53CFD7
B81EA3A5 40A52349 206C792F 07630EBB
DA282399 9EDE6F06 859A9DEA CB4F2097
B9860A1B 9DAA82D9 194BBB7C 2054F9A6
04E7FEE8 466C9AB3 8D689CEE 7CC9324F
7BD42B69 BBB09801 4C93CEEE 7EDB4DF4
DD34D1D6 AE428C36 0F42C99D E3A64329
9612ACA2 899C186D 2006B956 35595577
DF591A29 1E0744EC 270AC881 C92186E5
30825E9A CC271A02 6CF8AC9E 61B8B972
76879129 F469AE3A A98919D6 768D0F7C
721FC313 75B1B5D6 C9D529DA CE163A30
8585D6D7 478A1E5C A5AAB60D AB978231
5DA84003 D8AD1DEE B603464B D8456282
A56BEADA A14B9820 19CBA996 E554C7B2
F97D82A2 8AFCE661 B68247BF 23F6620A
8058E60B A51E49C7 9DD805CD 2343C3BB
7FF30EEE D9370236 E73DC4EC 82F68D5E
C7D4E15B 45F242DB D0E9C9AA BE7E4E58
0809FF97 33B48ECA 21802A42 696FA572
F0766690 1338BF4D CEC30C14 3102C014
C0EDD152 6922D0BE 360B71F5 04B00CE2
BA104415 33ADC3DF C8B8A1CB 96C26C51
6704F036 65D5234D 08E8BE55 76A2FA05
C769FBE2 6736BEAC 626A9546 98ECBC4C
A22A6073 882D361B C9F35340 57D26404
AE14A449 81EB5E33 6F3C634B B079FA5D
6B1BE798 6446ED0E 3722EC57 1A61308B
E824C802 E5AFCDC7 44A2A86E 2FB56B12
8D796FCF 0A9D11AF 6E9ED278 626FD3B9
220F3AEC C02F8542 7BA63E91 9A0E32FD
CFF7B58F 8A802C1E E0E5ABAC 82E73CD1
F40BC960 7DFDCB6A D5B755E9 CD091DC8
796C806D EAB15CE9 5A9926AA F9800862
A6127B02 5E3E0F70 612B8977 8131CE5D
1AEADFC5 4F90207C B600FB8C D083AD9D
DEF591BD B49FBB78 3AA5CF24 63186005
3FA7705F 668B686C 2F79E195 58FFE2D1
C2ACE72C 1D87D5B5 71CBE28F E53FA40F
185096AC 8514CC60 AFDC2446 1558777D
E78F1463 18098482 2EC266FE D04A466F
328F44DF 2592BB0E 04DBE969 46392C5B
E0A1B7BD D65D7FCD 96B60E0A 1C2BF5B2
21240E3A 3902C81D 293FE50A 33350B73
AC34DF94 A876C240 5D65E81F C3E9B1E6
2C832DC4 F1A691D7 37542297 5EEF6BC2
91F226E3 F24AB820 BB6F3F05 E0260BB4
FD2FA432 AEA6C5A8 92C5F59D EBF6D63A
E042AC88 97524C7D 8CB1F187 27CACABA
60C0EEF4 F1E322E3 72155E2E 92E73EB2
8A946B3E EDBAE253 BCF93872 6E49EB9F
5249CE03 66841FFA 5431A861 6865D0F5
55C466F8 76FEAF0B 070A6B8C 651AF645
97ADD153 29239068 2FABFF06 F8F10E01
9A47B269 1A56CE53 9F13AE06 BF4CED8F
4C1EABFD 3C8CBC84 A1B5EB48 F8AF69D8
A3206A3C 1C8C39CD 159ADD16 7BB09E04
75099ACB 2213D0EC 5F5EB8EC 93AA59D3
8146E99B FF9A90B8 6DF1409C 6A9BE82E
7DC961EA AFE205BE 0E15DCD6 A8E1247A
0E09C991 AF9BD788 FDACBC7F 900D7CE9
3077BCAB 52501931 9C2CFEC1 5D34B00F
A80B1DC0 C5FB5B56 851189CD 9B428AC2
C37D5C8E 4DE8975F 0A273999 B1CEA14C
E3F9EB1A FA057BB9 C0BA98BC C1D8FAB6
A6711824 40B227C4 7B5DB63A FFEBA458
9368FB40 2963FD1F 3E3FD9CF DF411726
52902EFC 858D0FDD 95943D95 C508FBC0
BE47472B AD322FE3 B45DD76A 1466E767
A335A529 CADE0C15 A4F2A58C F04D5542
666EB850 CB3F607A 26D0B3C6 BBE5E701
F63A88F1 1054438D A73CA3B6 8FC829AC
05F8EFB4 00E50D87 3C79505D B06C1335
3D715C09 56965586 5DA255DC A88E88FD
58E4E246 7B84DF69 7ADCA01D C26F9820
6508FF30 1200CDDB BA674165 0389417D
F09F7581 F035BA24 511AC1C9 EC8B26A9
01091EA6 618A65FE 780035E9 0441B2B7
71914A24 B3BBBAFB F2E1BDDD A3ACC720
9D7734E2 7569F61D 694F76F6 F53BC637
89E03F1D ECD42804 B938400B C47FAE58
051E61C5 6546D33F 1E9295A5 6CF3C2D1
D9A4E04D BA55AA40 9CC22A11 7BC3BADF
5D62A8DC 167D9BE9 30C63575 40052E2D
CA5DBC27 0706B4C1 E0E6BA86 4352F6FE
61C667AA 3D694B43 0B5B7F99 4C169EEE
E1076D53 E64FBE2C 9B41AC80 D45DD985
E1CCA5B1 E3C1DD1A 3BAB6C1B E44B331C
4D951B31 4FDE319C B021B02D DD56518C
8CB283C3 1895E243 B0D6DB34 EE5369B0
FED291F4 ADDA571F 10798D90 9750FFE9
18A6A980 91430B47 40352DE3 F3BDAF3F
CFB4AD66 27663CB9 A4E4A9E6 A951DD2C
F6502A78 BF31FE2A 39956341 7A26C1AC
829491D3 847C0ABD E7D7106A 5D7D9358
1D8B4D9E EBB02DF9 1765210C B7CF3273
D6EB743C 540FDBA1 2701CFC6 8043B2D9
234E6DF8 09B0019B F210F91E 1E7CC24A
C17A8FE4 676A6BE2 695194E6 55CB5FFA
8DF6C57E 55DCBDD5 52D11991 C2689F5A
A7C363E4 A34E734E CA447C23 BEE59888
CB40FB55 0F97C00D 916CAB18 D5F44882
F5B7C580 FDD26E89 5F2B2179 26997732
61C156A2 BBFDB96B 77889541 8858F6C2
D6CB59F2 7F57548A E3F5184B CA55F1C1
00AB24ED D5C16B66 6C384296 087CF627
53C19ACC 5559100E DB181F6E FB76521A
B26D135D 087DA187 3EAED363 EE381318
4DC1E201 67C20893 0E377F92 2D4DAC63
3E71E082 BC90E20A 78B349BB 3F736E38
262B501D 9376CEF7 ED7396E0 DF85166E
23D0338D 060691F7 1E432635 5D49CCCD
3CC09964 D6AB7325 3FFF88D6 6BD8C063
302021B4 AAA5DDD8 273B7B12 0E319490
96A67772 D3B15E85 1B132A58 4FBD1236
F0DF63FA 3FD552E9 26DF9BA2 362F0B20
0B0907CC 75CFDE38 85EFE065 135DF68D
A03D1DA9 EA7F8924 53CCDDE2 5D752415
54237A9B C642A337 B74C7089 6621DEAA
1B17A818 B71EE971 E93B884F ED301A15
FB397D9D 5C459198 CBE9722B B18287A7
DBA71DEC 8C3C6329 A684E9E9 55AD9C5A
D4AD9F2C 73E0E573 1F7FB556 A843423F
B7F6A604 DAC27C79 67A515D3 42707CCE
C896EEE1 36C946E4 01A61D41 1E57F379
0D2B619B 4B225D1E F29FDD65 DAE04B04
47AFCE10 2A72A2BC 2C0D197F 2DBA6AD0
2CCACE05 80594BEA 0864ECA4 041FB850
C497A417 F9FA1312 875D84CC 32877499
A1965D05 FAD129C0 33F00F7C FB39258E
E9B08616 3D9B6105 CADA7FE9 B13A3533
3C453B67 48CAC019 A70B45E6 AF73247D
5F6B2909 D96D54DC 15AA31C5 102907EF
EA43BFC6 7484870B 8F796E87 C932A9DF
68B3F37D 0714059F 6CA0955A 7DD9E509
2970ED9E 751D7DDD EAF5CC52 C670EE47
E7F9C9B7 68A4A683 A70F5A91 C83D5145
DD9679CC 06813438 DDFA2DC2 3F29D5D5
3D9794A0 F3200FCD B9284E4B A04B4D31
19E71C72 C933880F FF3F0E64 AFAC770C
A31A09FF B1268864 9BA59A41 6C3DA8E1
4B8C84FE 02DA4BCA B6444641 6F1FF284
D8A3CA79 CE0C11B9 46FD726E 3B76995B
F5EA626D 29ECED71 3A65FB2F D3BAE662
94F5D528 098E6F90 AA7A6BF4 4013C8D8
DEDFA891 88F9ACAF 414A45A5 1557A0E8
152BC2E5 27D76AAC 3C9FB629 1A4948F6
32AA04F6 873DCC66 6E511C25 3536BEF8
4EDBFB97 B822612A 77CA89B6 28968EA7
22478BAA 87987080 6DF4AD8E 4CF85F48
4E5C0C36 4809BE29 C2961162 7912AC1C
46F9643F 40FD3702 9B188D19 5FCBE9E9
9C268F54 997EBEF6 5DF79F38 356E5B18
28DDC2E1 3AC3CCFA 922AB752 EC72772D
D434E2FE 0B872744 B794E7A8 79C4718F
17D0905C A05B2A3C 8349B29C 349CB099
88DAE15F C06127B7 075EFD7A 60CE3AEA
02DFA5FF 331F3699 0D3C97F7 613E96EF
9C16E728 81C3DB62 1A598EA0 A3835F4D
637C7764 0E64AE58 B9334CD6 C2F4E79B
9BC0E54A 0821BFA7 C99BDD1A 573D8B5F
0C8EE297 FC0ABB7E 95737775 EAD8B031
D9166A46 AFD07E2A 35630A6B F67E9B8F
F47F9319 B2960F30 8CD9C0E1 78E6175C
D9888E3A C8003701 F0CE07EE D2B07634
E0D346C6 D0E98C6B 8662FE4C 1D6C002D
19FD7E51 70BA1136 DCC7B8AD C19DACF6
DCB704B7 857DDF28 516AEC92 7AEFBB4F
C0D140FF 631874CE 19B69921 B00E2C51
7ABEEAF2 ADAC5F14 253BB1F6 76586194
2252824A 34B64F43 C87223FE 9E694E5C
8C0BE289 70D3B29E 33337B5E 19079B3A
D9ECA55A 34A8745B 0DF85E44 C6303C27
55C6F3D6 19E38687 039973E1 8BCA8FC2
2C4144A0 4F9CD6A0 06D6A621 4A9214FF
19AE066D 2A25ACFA 5BF7140E 11D0C8F1
1C9E6604 BD5EFAA8 3AF6037F F0C28B98
5BDCCBB7 9D2274AA 90002FEC 2D440F81
8E51E4D6 2634C812 3FB147B3 677038D7
0092A4D3 E8C71B2C 1161DDD4 54FDE2DA
995032DB B753B3BF 0B9D7DEE C27A576A
D749A82A 9FFCA674 A1ACF303 5C540C91
BC9C5631 8FB17EA6 D9FA16A5 FA963CEC
7D0702BB 221DD93B A711B2E2 4BD9ED6F
9D9AB08C F441936F 2DDD74B0 24738C6E
BA1EB0E1 91B4F96F 17D3EB79 0FFA5B2D
CA26DF64 0F2BC3B7 CA960B0B 9B4B8804
80A13AD3 EAE765BE E6FC4274 F4BBF55D
35A9F744 5EF4C29A 2B85F8E8 B2ACFB5B
2D312FBC 2BE87779 615C3473 9F20DD8A
53F2E902 3EB082D2 25CFB07C 902428D9
8842BC66 AB0ACFA4 C0310681 AD1FFC1C
DF1B3C67 E1AF91F5 A3F1FD4B B9083641
C828576B 6A5F6F52 B08290FA BE9F9B5B
F1F80588 5C5F62B8 C63AFC01 4A7476F3
860C90B7 1D7F80A1 0DD2AF08 027E1D45
A2EF059D 8A6B3828 C533B2C1 8D5BAED3
6A9495C5 C6E37582 BA5A0D9A B2E6F96F
90C54776 C893D756 3461399E E38A424D
EA5D65B8 71715C77 674E5B3F 9C0FF4CC
613D732D BE5668BB D2A8AC3F 5AE8DD64
9AD27A94 E451C75B 9D0321CD 4EE96A24
7FF0DA44 0F98BD40 BC78C3D9 4DA16E35
D77BB60F C2A6A61E AF661EFF A02593C5
EB1D2D21 1F03D0C6 F520D6EA 84DA676A
39EB1F8B 9A690B75 EE4E5F36 0A639576
3FEBD66D 8BA0BBF5 7AC2ED52 E183D405
782515D4 328D3A93 91860819 4612E28C
3D4002A9 84652925 914791C7 AFE5180D
EF1C5980 F73E6534 1479983D D18BC428
582DF0E4 EDE9525E FA708B16 488EF827
E6285D7F AC163B02 565F5CC0 59AEE204
D4973858 52BD98B2 64346A4F CAD65ED5
996ABE37 16C3B726 F090E89B 3C55B793
FF8071D9 E9C8C7A3 6AED0A00 FEF61781
9FB0878E 9ACEB580 2108332E 93F795FE
3B8FB89F 0147DCA1 68B1E5CD 24C093BE
876475CA A07E48A0 96CFAB5B 0A6130EF
36C7884C C1F916B8 7A7530AD 246AA44F
DB4FF7EF AF342B77 EB30EAF1 4EE09507
64331EA9 7A723DFC FF7176D5 3DE8FAAD
3FE44433 CEC7F8FC 11ECA256 29716324
706B4D86 EF21972D 52E7E37C C3F35FDD
F2D02C1C D12DB9F0 901406AE DD3E0E57
F7872267 2559F2C7 2E0DC632 D94345B8
AA8A9EB9 0547661D 32680983 0560DF3A
99E090C5 B7E9302E D0ACF662 F5303ED2
2654A2D4 5C0EC858 5E82EB9A 22354E0F
45564E75 2150089E 51ED5713 9A739935
0E9C49DB 39B742CB 6F984A3B 721E491C
447E3E71 1011C74F AABDDF25 19A575BC
EDCEFD09 45199DC6 0BD5EC48 B834AE58
6DAD6EE6 FA93B71C D185B055 79F07D6F
F21499A6 2B4F08BA D0524713 8C3C3320
6E68C6BA 8FAB7550 C7E10A04 F4B19C67
13D36D58 05E38E7A 4823C80D 98F751F4
1F2F38E7 8C9B6CB5 A0DDBEE8 DA914B07
155AB52F 2EDF0268 82AFDC7F 47D5C495
7CB97A3D BC90B4CF 7955F42B 3E57B4A4
96518666 B5285C9F 3015A2CD 6F512752
B4F5C0AD F0548416 D728E3D5 E8482439
506069BD A7943DE5 11B835B9 158AE866
C3A03BEF B160AAE0 599592A3 8D307B89
B1144E71 2F57C532 62723801 67FF8E1C
BDEA68C2 45ADFADA 2001B29F 9C51F859
21998264 0DA09EE6 2ED54B90 E42C08FF
3D7ACD04 BEA97C76 247B18CA E38E0123
5754B8A4 C56676A9 4DAD7253 AB4C9426
CFF1E577 82830506 0F851428 36858658
7A1A05DB 4DE69B02 A6E7ED65 74C72A79
81A02539 F5523CB9 5E66960F B2E990B2
38363D07 715E9B86 14D72108 77734C13
3DFD77A0 28866450 88FEB3DB B3595FD8
AD63C593 142FAB9B 598B5C91 4EC3F19C
4A0D902D 867B8DEF 84DF107C EB632A0C
BC2F38D8 470459C5 C007DF4B 23806A65
7C51BC2E 4A1EFF96 9A8EF690 E5A3AF57
CD5F1882 AEF248FE DD46858F F72FBF58
BD39724B 172AABA8 6DCFBA89 0547F426
1188ECC6 B5CDDD2D C8967F9E B4463FF2
04FF3134 AB89A657 A017D6E5 204A8B58
2101BEFD 67F53801 44FC709A C5B1FE38
83D4AF95 39FEBC45 0D14DB22 48C503B2
6BBDF843 AEC7F6A8 DCDCDD5D 4CFA1AA2
B0BE6E07 FD9F9C3B D4A5192A F34CF1F8
BBC9862F 52688484 25080A77 F90F5727
DF9CF587 4C02CEDF 4B1813BD 8F8F308B
016FB682 45B73304 BB489CF8 47E4913B
28A15560 2FDD4F44 4E83391B 65AA4629
1E6D5946 0C507EBE FFE78AE8 B27206CB
9580CB02 2D2FA232 2178DADF 608D11C4
3354B6C4 A3222E7B 416D1406 7978F13D
EB994AF3 108F9505 EA4452C5 17D32515
689E2DAF C5CCC27F E0DAF555 3CEF8EFB
81A21511 DBF52ADE 1C449582 39FEF7BE
9C6EA44A 792FEB41 7DB7FC61 4A717C25
46CECE6B 60E2087C 5D600FD1 3241C35D
0A5BEF80 912E3B5A 9AC75E27 142A7110
DE885DF0 D1FD651F 7EF136D0 F7D986AF
69B16898 1EEF8128 1427D329 64D107D5
DF7DAF1E 5A956ED9 AF134FBD 65D36AA4
316BE105 D1BB1B7E DC453104 3850EC90
825594C5 8EF8DE4A B5D5D7BC 3E962CD6
21E98442 B65C4E0C 3AAC9BAD 24DCF7F0
B770E2E6 4D26957B 4758387E 968A341C
D1A07A68 8E1DF825 AC98EE0B EABD4F56
4DCEE0C5 B07ADB29 014E7762 3B772153
1680A839 FE92FD7A CA700B6F 31CD54EA
98F600D4 1188C966 DCF53D80 A30B61FB
9C6D8E18 52085CA3 378C7828 E106E1FF
89C2CFF3 DE87C7CA 239956BA F05FBAE0
B1779BCE 1A684123 C758B44A 6E9D1309
9953631D D1CF77B0 7A491ADD 86C8948C
661882D5 41C3B5CE F738EE68 D4E5223D
A45D57F0 DC50811F 1C8002D7 D9FB482C
DB515E6E 3FE91481 91059709 F98181D7
6FC8F4B8 3E574FDB A63E3AD9 2E088EC6
3643F082 A4BA0249 4E24907D 02EDDAB7
F255E6E8 AEF31B9E F9853812 BAEF4BD6
17D94F37 B7584DD7 5DE4956A ECAAF3D9
B7F3A26D C5A217AF 426144BA C93EFF51
336AFA3D EADF3EBC 0B988324 F5E45F56
945A9DBC DEDAC6EC B525E05B 3FE7104B
840B5558 3FAA4871 5F909B68 05B0E41A
666B3076 F844EBD8 022DBB35 4E495BCE
06ED1B36 00B5ADAD CB5C11F2 D5CCE74A
B32275C4 A6F5628E BF3F9848 6ED67475
88A4493D A6DD3CED 1AC128C6 74F8CCF8
97C29AE2 9E9EB1F7 9303F072 B2609C12
CB12783D DA188458 6EB6EEAC B7AD4CFC
605D3CFA 8854203E 7C820011 3A54278F
6898C04B 5895389A 6DD4C3D1 C4FCEAB0
9A144454 CA8C6B89 730E8EB3 FA76FAA4
F720D347 324F6DED DA27BE9B 235DE836
AB4F63A7 872D05DF 33092874 7DD7FE8C
C4F36C43 8B832056 15185406 19A137EE
F0317177 B527D597 82E7913E BA2A701D
5695382C DE1F1425 4968A6FB 1D587739
ECBEB54C 15D2EAD2 0F10B29B 5E6BDB4A
4F6EECB6 EF922B17 45F6F751 000F7F25
4BBB50BC B4C336C5 369168B0 3C68F12F
623551E9 CAAFC706 7CEC9ED6 979856E0
71F99DB6 D01EE9B8 AF4D088D 138DB925
54C7C08F 6F9226E8 F5F60714 029F76D4
F60C0C98 C803CBF8 B8E594A5 9EE76480
68280F1F 865D9F31 F58A83DE 732AFB31
D54D4F5F F37BEAD1 8A6220CA C0F8CD15
3CF561D3 42F97615 5E2F55D1 CA06D7CB
45ABCD55 312112F1 4939F272 CB54A05A
08DF83E6 31209703 04B39A62 A6D270B1
C8F5A668 A8DBDDC7 A4ECA931 72301D9A
4730B4B8 AE247B07 9A098B2E C52582F8
18CD0FF5 825209D7 DDDDEABA 4A3C6332
E17B87FF A120E102 AF3F537B A63337EA
C79EA7CB E185505B 9D88C74D 86C684DD
87C0BC2B 68251E65 5012D115 20665A6B
499EF689 15D9025C DAAAEF48 181D5E02
9B86E0C4 83BB5FC8 2BC5FED9 DD9956AE
496B920B F31D23F4 11562BF9 6EBBE99A
451C2221 C627CB70 3BC9D41E CA492CF7
4D8C8707 6C54CAB3 ADECE7FA 76376465
FF270B01 CB79FECC 77D29E72 BF36DB45
26905414 8C16F50F 245901D9 3D23520F
31816C89 1EC81896 CB13658F 13F123E4
87748217 BA4D1F01 FAC8C636 0C5BD5B7
4C60686A B91EB42C 18D6A869 1BA4EC5A
0124C154 EB82A050 E799DD50 481AC871
7240F572 9249253B 7E5D586A C3B0CC95
2050BEA9 FC7A49D2 3F2E17A5 57B6FCE1
29EC22BE 5243A65D F854A5CD DAE17180
780934E4 4DC03A5F 998D7413 9CCE30CD
CB8FA629 06896D9D 6D594238 E0CE49D9
177413AA B6BDAF69 F0F817F5 FCAA1EE4
3EA8D8E3 8A5E4D8B 4972C11D C2A993A7
371C69B2 1A04D529 2A51E891 79EC9A6D
C0DBC845 91E7ADAD C6F7DFFC B4C72F07
759968C3 A4B7DF6F 363ED93B A4E7E315
75F58E3B 1A578E2D 0A30BFBD 9545DCFD
BA8213E2 04BCB6D8 91276A59 7B61157B
47194649 2FB9CC33 AB41DD1D 5EE78E00
57ABE778 FFF77265 427F82D5 AA99DBE3
F16C35A1 CAFF0CD8 5C5CA344 9E5E4363
563BB0C6 0CE3E64E 1711D0AD 6DCCADD5
13D6A93D E7E977D5 CBA112C7 A88EC7F9
48E3F056 AC00CF53 1BDCC4A2 F7C4857C
CBBBCB2F 8EDD04C9 E3BBA96B 73314D6D
D617C765 CB999E08 72DB027E 3FF2DD19
1D7051C9 3CD453A0 2D81E95D E7BD6453
19DE3CD4 49EF2E17 1BC68276 EB4A3570
C37DE9FA 304665BE DDFF1555 D125B279
6D2B60C9 E776BC45 E51F55A4 A563F6F9
BB82BC26 897C7476 A0315F6E 1E044A45
B36957A6 C3E72922 6B5579E5 1EDACD85
41499FE3 93031314 985CA23B E2B87944
7CAF748E 092E9D76 1664CB32 6467CAED
72612E30 8928BF21 FF96D29B 934559CB
F573AE39 80C31443 801BE908 73B5AF49
6A339B88 D8127BC5 AD3D32DB 05FF852C
C3C1A06E 115FE5F3 091A96B1 21B264B7
487870AA 17FD2383 806190D9 25CC4843
3A5F1691 1CA9FDDC 27D8EFD8 59FB6827
FB4BC524 C1FDAD56 261336EB 81EB6509
7A05C9A4 951C701F B4FCD668 FA57739B
D2194C4D 5CD835F9 732F2F6C 0F800709
1046E2D2 75C6EE90 0A00EE73 0B12B4DA
0551A880 5086518B D5BE11AE 6C44EEE9
542048DC 8BE0B0D1 A6EF3EAD FE7AD7F0
05E099D0 84682408 B1A1E127 3672DC6E
6DFB938D D3CA6BB6 D749E3A3 4396ABF2
82C332E2 2316B9D8 7C68E815 CEBD7144
C46C4B67 2B952CA9 AE3B1F7B DF12237A
A09007C5 0A6B6266 6F677E83 36044A2D
9D5BFF36 C2271162 67FF1B8E A90D3152
EAD8B6F3 7DCAB235 8637E5A8 3A2B576E
F12D28A4 AB581B42 1723B424 DC9469F9
80EDB174 232301C1 40985032 433BDAFC
0DD9FEB0 083CE7C6 E9CEC365 898658BA
CFA45F80 961EE380 695180F9 B01F49F7
DFA826CC A8C3CA05 5D98FB20 BDC898F0
DBCCB8F5 CAFA110A 7F70053C 41DAB2C8
90AEC014 095C494D 199BE1C5 C53FB4D3
BF6086AD 7307A1A6 3D0C26BC D0854086
3A9FEFB2 6019965B B010AAFA 3B83A848
5D611D03 0BF563CC 91694FA9 D3DE1A40
68121E0C CFFBC995 7F4930D2 000C5840
D66D4A06 99017332 18AFAD0B FADB2CF3
58D37636 1910E4EB FAD0D526 1433FECE
91C6BBBB 6443A71A 187EE203 E806AC97
212C9EA9 5F4426DC FB7893D2 99B7AD0F
E297F946 5E9A4CB8 9C93BF62 45600895
1A0F4273 8F901360 B8BAA1B9 593193CA
E84356ED E153E184 87E719C4 0CA46183
FA3FC0F9 D03394C7 F266DE10 4AEF39FC
F0D996A8 4F29A3F2 2EF834AC 056EB759
205949A8 1D060439 A6579F69 E5DA417F
38C559DC DD232DAA D311184B CE5CCE19
E607E7B1 F559F35E AF8C7F3E 188A6F83
E12FA1F4 29784B49 97519FB5 46680F92
A77A9185 A3CAFAE3 9D8936E8 3CF8F39D
B6FD03B7 C6FE9B3C E5AA982C 903E8B86
3CF52238 06C6DF7F B70A7D24 42F1AA1D
FC46036A AF3C80CC A809A6FB B612472E
B8C1AF9C 8B6CB451 FD815F03 5FCF1708
CA0D6FFB 7AECC39A 4B45BDE9 B3AF26E3
8FB29ED6 AB020BB8 25AF19DA 8A2DD65C
E270A22D 72AB28A4 7FADEAC5 C2BED5D1
9A05CDE6 452445C1 2E45A0FD 6DD1CD6D
C6F391C0 CE9076F9 F95D509D 58F1B39D
9A904735 FC650B24 6F9FCD69 44E20CD2
32631C23 B65B5BA0 38F2E893 BBFC30A5
CD5F39C2 ED0D29D0 DAF6FF73 83BC906D
D61C7486 7DAFA789 BA8BBBF0 A1C245B1
F294E3DC 7A3BFC79 06BE7B89 213A4CBE
72A3B358 77A510C7 32F47AE5 23FFB38C
21DE940D 59CED07E C1AE1370 E4D762B8
50BE035F 36E3DA84 6710E558 4469B1F2
65868D47 E7AE986F 052E6A3A 7C6B9CBC
5A1DCA0F 49B4C25B 1CF1171C 03F61C01
B108555F F0C48C70 D9F0A935 A93E2E76
56DD91E9 E625AA60 7628B1C3 33E63A85
9424A983 0F7B4CB9 F87929C5 846FE103
1FC08778 1467C207 358C04C3 DA542CB5
4F97D40B 58B09F17 302A0977 84F3FA6E
4C0B91C7 90844B15 8CEC611B E98DD494
FA06EEE9 35DC55F7 BB40128E DF32DD2F
72A74852 DD2540FF 2DCF5F46 1DABB172
FD6F327E 990F4872 E73D7D66 84446908
12351719 8672CC9C 722FABC0 4997E1F8
16742A9E A6FAEBDC 2CC04F53 73BB493A
82D1A092 9812DD2F D257F4C3 2A2633A5
797358D8 8ACA090C 6765635B FCBFBA4F
F89AF864 83504383 69B9C42D 9E821A60
628A3739 81FA0069 2D0D1E8A 044092A8
E18DD0AC 7FE45057 3E06546F 1862B572
0CA26438 15167025 D857682C E497FB7F
15A7BDBB 252F98FE 5F50C4B2 002D8D53
4206C0ED C57C6359 19AF1FCE D12FEF6A
95A3D882 0DE7954D 80710753 14745B00
C24A14B7 1BCF2823 8C82E7F9 4DB9D39F
9C230E25 C9F3A36E 53ABAC35 006534DF
A83FA184 0FEB0EEB 0E34D7F6 FD853066
D9822B88 7D672823 45A53C04 1EAA8C13
36354F74 549D2EA5 367F7F7A 015199B5
FABC274C 9935797A BF1AD6AE 0346FA13
669FBD9B F590F3C5 0AFEFE76 57DA4FB3
AF72C454 98F2BF2A 3619734B 2D50298B
9E70100C 1F6DB3B2 1DF6DF68 ACB85AD6
ACDCA5B6 6DAFEAAF 44C9237D 583FDDE8
59F4F7ED 6460631B 67906F2E 7114FE20
6A9DC91C AF238A45 A83701D3 FA3B4758
AA66A7A5 8CD4C855 57012106 D8EE0608
CA49C74B 3A8A6854 82799558 4BF1E6BA
13177AD2 992AABD3 47AC2276 8AB0D0A0
4A4C811D FB7BA59B CAA17ADE 88BF6F6A
DCA755AC 67089D2C E45BF714 AFB284AF
63F41D44 A7912558 755CCFF7 FB98CEC6
D1129BC8 BD77D3DA 5695D839 7A2CEEE7
AD288E7D A6D0F964 F828ACE5 F8087117
46775FEB DD13B7A9 B07016F8 54F7530F
B0D03D9B 1DBB6D3B F6E7905E 53AE447E
364C92F2 66006FC1 4FFCE7FD C042ADF6
5C3E89C4 4CA32E3C 44EE85D0 7551DBE8
B06BCED0 2FE55AD2 669D1EC1 79B3B17D
0DF0AF6A FB396D40 E0F195BC A51186B9
266AEA8A 84E46D2B 763234E2 973C97B5
62C230B8 9FABA000 2BD4A759 4EB454C4
7465C13E 963EF06F B27C26CA 2326A185
825F5D40 7356EA4D 414496C4 0F41CF76
7DF9BB68 16042342 2AA49A32 9A48484D
C2321872 4C69924A CB8741E3 3EBBED49
4C223267 2BFFF169 DD67B3CF B7206FBB
A2F86839 172DE428 F987E214 B060DAD8
DCFF854F FB80F609 9525D5F9 ED4BB481
699A1FF9 62613DDD A89A76A0 8B14D2D8
D020218B 67555314 7F3D9D24 9838EA7A
27EA9E13 CE9F18B2 AE5C0D7D 4E57FBE9
66AE6000 BDB165C8 86AD31EB 3F03F4C1
E06C966A 129A80C7 264DBA85 FD364796
8399BBB2 4459640B C923DF2D 10E79298
982523FB 6FEF6BC1 230BB819 B5C37F78
1773A926 AA4B9558 1F0C14CA 9CAF033D
7ABA2B47 3E16407D 6A3587A4 BD620639
D7BBA3DE 29FC0E50 D9214B23 4B62BAF3
85EDEA63 AEC75308 F0939BC9 BCD0F98B
A0BE8F57 35385D3F 55450406 4FD510D3
B3CC45E8 B37C51C1 27101EF4 A09E7D96
3EC4F7A2 6CB057BF CAA8FA3C A8455083
4C1D3282 23A303F1 C6E93D5A 43B19037
8D12D584 2C77CD20 FE406997 3EBC1F2B
31A14112 18582BEF 187B8697 3D9E26DD
D64ECD73 C02851AC A0D833DE DE574E8E
5A80448D 08C16598 EEC0BDC6 491E86BD
97AE490A 30002E72 EBA4FA30 09D2E030
D5F0A1DC 39105E3C 9B872D19 6A54B75C
31BFCEC4 76A69539 6D647E4C 57834061
D8F21C99 996D20E6 68FC0B94 1B1C5A4A
AB69D736 E166F1AE F26BC66D 4694F6AD
694820AD D161BBC8 3850A1AB A0EF712C
7E1CBA35 521B5AFE 5206F227 BDCAB247
6D1FB041 254EF39E DBF662F5 A041CB63
F1A781AD B50FA247 B5DDC076 5021DC2B
91593BB7 2A4529FB 0C8A2B37 8EAE5688
18FB5A37 B2843F40 7694C809 F1C69D2B
51EE6B9D 2496E13D 97B3DAB7 369D2FC8
299F68C8 E1A33854 AD90F24D 020F0DDD
ACC2BDE0 5213C3DC 7F2A335B CDC0BE1D
9A5028E5 026083B4 DFA65C37 BFB7773B
1A888FD9 DCBAE92A FEB3626D 508AF3E2
068E025E D961CC1F 59519459 594BB3F2
1DE8E1FF BB9C3C9D E47C9C8D F3171146
C784C9BC 7F204A2A FBAB8CFC 77BA9F4B
EBE7A6BB AB921AE3 2548C0E9 CA8E6020
B613825A BE591FD2 A3D23CD5 3C287978
BA609183 B91DE02C 71258327 734A0A8B
D5C62B5A 3BF11DC2 DB23ED04 4582A966
80E4C022 82450F46 8B9540A1 687A59F2
C3AA18C9 339C857C 1511048D DEB4F326
5824D4AF 97C80A46 A9E04615 B2B51E16
5F8F8533 D80A0162 D332A9D9 0C60CF84
6F1D988D 1AD672AE 0C3E819A 73CA2788
D90EB544 2CDD1684 F2F267CC 39052452
3E3A4CD7 DC694DB7 EF835F31 37F7A94D
A17EC977 D7BF0D4E C2548BB6 E42F2162
C85DE39C B16B160D D2337305 A541710C
03B6270D D4DC2CB4 692CAB24 1E67DD01
5A0210C8 B945EA2D 72CE2237 F3E79D35
09FC384C 14786337 8EA38F5C B85A4EDF
7DE030A1 C017B2FB 0E401A67 A9082280
CFE6434E 4B37EB6A 1A2EF89B D595A089
500D5519 91CE510C 5502739F C2E79044
0840BC20 0B26575B 8E3E2F03 FD01E26F
A32AF667 35895C97 5E3BC355 5A096FE8
476B28AC AE9823CB 51E2FC63 D9BC3F8F
578CFB36 6A95259A DC03BBC0 D7AF7F86
850D51B2 06B12570 633D4ABC 5890F3AD
CADFCCE6 0EC39CBF 1C42073C 35F01DC3
4808B9C2 CB175615 37A3D39E 04673241
984F1E5C 5E9D6B71 8974BC17 8DB8C543
E9C7B68C A3597673 5B60BE81 852478E3
780EB7D0 A74E5197 4B11EFCB 3B9F936F
9049E5E7 0CDCC829 D98D992D 9138C266
E26A5DF9 ACFBA705 6C3DD822 D8B68773
738DEB15 5C1762E1 306F631A 69ABF22D
D52CE51A 5DD8D620 3F74333B 5F523B44
F405867A 2FBCB234 648D1E47 D076F91A
D5756106 4D2AA39A 35133FC8 97308BEF
926E5BED 99F01B8F 9A9003C3 18B213AE
CE515F0D 68F71191 12A351E8 A9D12487
D7D87034 0603CBAE 63360791 CEC96B86
4446B1D1 70576729 5F1A48AD 72FAE7B7
3204CAC5 2F678666 61275937 E4705596
ECDB5007 B42C6C1F B7CC9821 60808FDE
D252EBD0 C4828D0F 664B5AF2 3F069E1D
31FDF239 BAD0367D 295C8CF8 B9C04EDA
D8A5968E D4DA8EAB 45AE106B 58B00568
C30B879A FF946C79 6AB6A9CD 5F991A22
FE7967E8 D01A59B1 F25D2666 A3D30680
8C667E98 4EF239C1 6E5881F4 1EB1AB7B
7BF9A980 F9F1A0BB A2CBD789 167485BC
A5EC68D0 34DCC59D 29626FFB 77222E1A
87F311D0 F2BE67D6 B2C33607 FD91FA7A
6A56CB53 1ED60050 08B9C019 9D5D4608
4CD173B6 16C6B98B 3F1EE933 3FF9305E
1F888E6F 28BDE920 BB35C47A 8AFBCED3
069E0AEA 28576ECB AF923EF8 7F3FFCCD
FF21E2C6 B3D7BDCD 8D191CE8 08500926
86446B8B AA101E16 F2DF6E3A DB1AA3CD
C49FC91E AAC63185 65794A3A 1C8D2094
9382B257 95FD8B37 46F14428 CB4D9014
39FDC28E CF1C20F3 49F8EF44 3D014415
1492869D 179A3403 BC3F0AC8 244031EE
66637A2E 6A9DDBBC 138F23E8 4E88005F
CBF5946A E98323D4 CF98E151 4FD6FACB
27B8981C 5D1FBB18 DA2CC90B 28795C5D
828B4994 3FBCD5D6 1B03FC55 5D778643
3232EB73 D843FC84 690D52F3 222EF97A
A6E75F9E 4C308D4D 635D3A7D 760332D3
D720BB2B BE610159 B40A8CD2 080B4B69
3521799B B450F7EC 2E99C999 8750F1EE
53527F16 B3394071 5E2B7D22 5005B02C
FB7962E9 3A1BC598 E602302C 1D1AE7C6
A52764EA 6C4CF344 EB2CE10C 5861FDB7
D6C1B959 D053452E 8AAD7990 F6E42DDD
BC372781 13E6D63E B3CFB043 175F5F1F
4B56B278 641848CD 6A7457CC 0AD36722
F8E7E01F 6CB3326B CF5F1E31 EDE34844
95E5ADBC CC130CC4 F513E287 BB4986CC
A225C81D A8043D27 F6CD61D8 16AC35BC
FE598185 C535F787 B19F44AE E730F4F0
5A138656 30E68ACD DCCC46FE C2085FEF
C842F3C7 0C4AA794 B513DA42 60A2F823
B9CCE414 3A026289 BDAB7844 FF182B80
E5748ADD B7CDF7F9 295E483D FAF8D4AC
9893AA42 FAEB2A8C DE54AC37 BA791992
DA9DABE4 DCC9DCDD 21A2A202 9B4B50C8
A258F73B 3A8A98DE 8C9E9B18 F78D24F9
FB9744C4 C8A6AB13 26EBDE94 4F60B7C4
AD7190DF BA7AE9FC 5EA0A217 98BA5CFA
89AD7FBA CB14B920 2475569C F5FA806E
EDA69B15 A4B46CE2 310DD43E D6C6898E
963357E5 A8FFC794 D344D429 ACE9E498
29E6227B E6D30D0C 1B70A589 3B197B8B
608C8491 601D46AD 22F6DA7D 40FBAD30
028FB2B2 F71A1AE3 A6B1A6EF 8C90BE5A
F816DF3F D9156782 B80FCBE1 1213C0B9
7BFE1FBB 268C08F6 B75DDB55 0E153BFA
2CA0843F 7CE326A8 52B2FE65 41F92658
9768E551 069AA9E0 6632F414 AB6D1460
2F6419B1 7297B440 8999009C 6F0391BB
EC9C19C4 39F646C2 87255A2A 8FAE8C28
3B915AA9 9A207A0B 2AC847C3 C0F35A8E
BA330539 04EDE44B 12EF9962 479F82BE
8568FD64 562DDE5A EED6D291 E8634B45
7BDE7830 EC32DE3F 49121D72 7ACFDAA5
6A548269 2677105E 301B08C1 3B6BB6D6
7CE149D9 D369F532 85D48773 24FEE9B7
B3D363CB 5C1015A3 5A55113C 28CE8309
77CB66EC 49B5F8EB 4C0C18CE 0B197FDA
75592FDF 355CA601 F3A6FA7E 4893F1B1
C1FAB7E9 FFA55DB8 1C354928 56A179BB
FC8F5944 DD91E46E D744D4A8 65CBDF9B
E6659EA4 0BBC8992 A2106A41 CD3F24A3
4E7A1F82 A9EB2C5A 52B5536D 6D96C64D
39FF2FFF 66AE9B28 18136DBF C8B6A34F
6EF2D9D7 DF771B17 6304229C 090F1E35
9B690B17 7E5584F9 00B78B5C FB1907F1
BE5BE5FF 86D05091 99B3350E 3E2DDE08
7F81C2A8 889DC9F2 9D70F939 9C48F0D5
6787C2D2 28410540 471BF0B7 E9C794C6
9989C30C B1190D2D FB8C3C5F 501C42E7
D98CE3A8 5FE38D2F 3263FF58 178A6EA1
88E73D23 9A121871 4A0D7DD8 DE84782F
68806AC2 FC69DF42 83B37F2D BDEFF8F7
2EFFA080 D242B72D D80CC4A5 F6826199
2E20B58E 1FC177CA F896A75B B90DFF89
862AF522 D18DAD57 B901ED71 D21EDC28
67C1062A D42AA0C7 43FFF731 AD38168F
88B85C38 83126CC0 DCC6D7C7 EB8BCA7F
00F3338B F54C10F8 71B17B00 7573043A
3BC5D553 4516CD50 D7E68E31 07BD630F
5AAAA8F0 A3AFCA28 8E2BDA43 28C98CB6
09813E94 061A31FD 9E308492 071DF060
1C413AB3 CC5F9934 439E2F74 1E7195BD
6BFE2BDF 1FB2582A 7E12C1F8 16AD2D33
64AF784A A9D96EC9 18DC17E0 A71A5DFB
B46CBBA4 1AE2FC8C 2319EBE6 CC1D9893
8233F3AF 8A7422A3 2471BAE4 15F6FF57
BDE3C545 44D89F3D C6E01BD4 59ACBA4D
F6414816 941F3B9B 865573FE 21DCA02A
7232290D 7B12C084 246B8398 13840C3F
1DC9550B 94AC7B48 4AF17AD5 C0317D1E
6CE56698 64C52389 DAE25536 0E9020C1
95D08AB4 2633DF27 81C643F6 0E99E1E9
09D9FE83 A70C33B0 297A7250 AC977A65
D4FE18EF 46437D77 F1ADCD22 91654B13
D150F31F DA47D83E C1F386CC BB74F213
F75D4717 A9982816 F1E9A7D4 0FDC3CD2
F1B7DC76 6014A1CA C86C4992 819032F0
1E42223D 122C217A 063CD761 5F7B671E
CFDEC65D 126366CA 7D14CA11 C9AD29A1
10A6F2CF F18927D4 954B7898 352DBD1B
29F0A016 73A804BD 83DABB66 A423678C
193CEA5A 0BA731BC 97A4A2E9 D8F98A04
3D70AC5C 853BB845 C5E3327E B9C0BEA9
DE7C1167 A3E1F447 5E1B882E 5832128D
A44595FC 679CCE45 E37C31D0 4FAFB477
CD360586 32260FDF 9E8A4A30 58B7E533
EA887665 1EC1E348 00C31F34 D8C7EAE0
A0369496 8F577E1B 013F64B7 AAF5F8C3
AE78F423 DA1F71A7 D94DE2C2 E14555B4
7206C6E6 A5804009 32430BBD 592C8688
55A3DE0E 253C4647 C61A6F5E B5E1C29F
FB1BE1E1 D631E893 8685D4C6 2BF46263
B724806F 1AD1A6ED 272DEC58 AF40B79F
9C9E61FE 7A754E42 7D21F694 F0F0DB3E
1E9FA229 20E57518 DF04ECA3 57B50CA9
8CD68E4D 224B5D0F 04316962 7427238A
7C8BE208 A117D9FC 509578AC 7B5BC3D7
76DCD645 52854CC0 8139E5B3 E4EF4701
F129DF09 A9D552D8 0E7DD7F9 268C6C41
5B31EB95 2CB8DA51 FAA503D2 E3F5B164
3A7AE26C B9171422 F9BA6345 72066E95
31343B22 817569E7 6E82FA25 4E8B7D6D
4E6A0B9F 19ED54D7 B772E223 3E93F9ED
59FF9536 F6DD7C0C 50ED5D63 98697F06
C40CDE24 0F0301A5 D854EE8E 2BED4426
4E1D25E3 06A9C801 33A1099C 46DB4B8E
78906B5E BE96F6B5 5E889ABB 00AAB79B
C0BBE088 9E9EC2DB F35BC21E ED26C829
B0B7F00D FA5C1224 2F65B779 455DC712
79963E88 7FE43A42 9913D814 82B72C66
CEDFACC2 F72DF88D DB350243 6C67185B
5C3D86FD 06D840AA 55204C61 1624EA07
A3061EC2 27B79D24 3E6012E1 2F4A7A17
935E812A 89981D8E D3C448D6 F30D7D15
5F1BCF79 6787C7CA 5C460CCA AD8FB5A8
D09798AC 6618CCAD FAFDC0CE D1E15F21
BF666248 593F0EEF 2DB37378 53FBC705
52CD0875 480F550D 54ACB767 5F7E2FD6
82AA683F 14F3064A D2CFF841 62C9E9AA
143E3156 9131EBE5 AD369310 B6DE5812
7D788170 FBCDF4AD 9472935A FE5A0D8C
196258EA 223E7108 B4006EED 2118F0CF
A1982B3A 811F22DE 0B839F4E BDE284C2
8FD95157 938B2C17 D75284BC 414024B3
C752ACAE 4359EA7C ED3818E2 85C79609
5FC770D8 EB1BBF2D 32D6FEE2 20BDFBA5
30BA0DBB 802E80BB CFFB82FB 6F95AE71
8C6CB8F7 E7BBCD7A 79C2FA4D 36FAAFFC
F6038A63 548CB16D 362B3925 045298EF
0E000858 9A838E2A D0ACC573 4C91FFD8
B5CB64A3 B1859C5B 84A34EFA 7029D830
1257AA80 7508B8CF AB0D4252 12364B3B
464858A0 0DEC9052 8109155E 1AC88E12
A78927D8 3AE2BFB1 3F2A5A31 FBBA83F7
D0A44CCB 88A96432 AB1A793B 7F823081
068C9C1E 8D39585E 10C46D8C 93B70699
0661E7D8 9446F892 34786ED3 F34C6A17
97CD5FBC F18E020A 718C6635 B6C2C248
514B96E7 CBA372AB 29FCE7C3 D4855F14
82B3871A 46EF0323 0B786314 23CC6279
306EB254 998B5462 2AA58EE4 FA6F2527
5EF618A4 38B70FCA A5059AFE 67362E0F
9942D16E 61308DCD D6AC93E5 4859BD26
D5438EA2 84B330B5 12050AFA 18993D8E
193E3E71 86531209 C3E0DB97 4F9AD5A3
E33010D2 54712CBE A0ADD2AE 3249817E
4CE55FD3 154FFE9F B6A294B4 A4211D9E
2D46E834 54325E61 342DE20B 3A9102CD
6AD7F5D2 76C5F316 EC544695 CDF5F081
B5F195D0 FE461D56 89BE4E7D 432F6B83
8BF9C566 D05E36D5 A7D7EA06 0343D665
A5C6FFF3 2E34D0DE 3ACA544C 2E6813E7
CD991EFF DE8EFF46 FDC9AFB0 B720D01F
33A38191 542C2B3D 50D0BF94 AE119CD8
4E574E4B 54BBE8C8 EB66621B 178B7AB3
9184C1BE 13838419 055BD0F6 20D94A42
D9189770 40E6A982 80F31327 3D4ABA4A
DF63C35D 742C66C2 84E058DB 03869EC1
F4560604 E14C06EF 06C69AD2 4563127D
49C93D21 9EEB15B7 3DF72843 72980418
3FFB7C4B CCF54E14 E0C3ED4D FD99BD59
2CA13C68 FDCCFF29 96BE584F 557167FB
AE0E7CFE 145DEF5B 72477F55 CB0A4585
82CCFC25 790CF004 00BFBC53 76FFADCC
8A94DDB5 40E6FD0E BC9F51ED 8C529108
5A8BDC0D 8E0BC025 65742EFC A7C91841
D56E81B0 B3042B2D D3E5C67E C9091E7D
D2595969 888384D0 7B31142E D4D30775
167B7F3A 4CE52638 B63165D5 CD868AFB
ACBA6333 FA4AE518 07519C87 4D7A20F7
83FC6806 16C9F5B7 E1526DBB FF475E21
77E6376C 18E5AC08 DD1AFBE1 26B5BECB
AA14A715 73E36500 501A10A5 D46D8842
F655C963 D4BA4E19 166BB2D3 997E0F1A
B961691D 4ADE7713 5F65E9E2 93AB27DF
07CED45E 7908BFC6 2E78C2F3 AAC60570
187481CF 78D4EA59 DEE211E0 C382A2E9
4CFA66D0 7EC7C878 E7BD17E7 0FB978AB
74EC9B88 FA5C6198 B65DC347 2A6B1914
54DB27ED 9B75E50E 999525A9 7C98C3B8
81D3A4F2 F26411DD F718A49F 20F13838
3D6D8238 62060CEC B0DA60D9 F7A23B97
A8356C1D B07F0265 BDE2D417 1DB784F3
9C987AD8 B3812B06 38E53A77 3165C35B
6250F8BB 105CA719 8A62153C CF7CAF08
82C5084C A5A46B6B 00E6A9A7 B6DD1991
49010CAA 78524006 3953DA7C 7DA5D6F1
BBFFF660 620DA093 F1B27988 E50A10D8
C00EFFA2 0F223961 6F4C4AEB ACAEB66C
F89D1BBF 8F1A054B A32E235D 9A8A833A
2D4A72AE 5BB8CDE1 E7405BC9 F7B4471B
F3F37C2A CAB1774C E75DD234 2C5859EB
A2F09A64 C3FE6189 7A504B2F EDE07E6A
3E200EC6 80C26C6E C573B124 4DE63F16
369E0028 E7881F96 B891B48E 1968928A
E150237C BD86C193 85D2E2EE A5A0EC7C
5EB3016E CAD06E49 09EE878D 63384420
792C0F10 6F096158 19214A74 E15FAA31
E327C123 A8E192A2 08BF0E42 6A02190C
931E08C3 ADD2B343 E91181D9 5A3CFE09
CE9378B0 CBEF2466 24B9128A DEAD5549
D82FE53D EA93F798 D77CFB6C 00AAA889
6A4E3C95 A64CA2D1 1F720647 1F525AB2
C33C1029 55BAA218 2175CBCA 74357265
ECF4DD86 5B7BDFCC BC2E07C6 95E27893
D90F2B58 3B76EAF1 1EE33F12 828C1FF6
5DC6BF90 A21F1BCE C26E64F1 0E541FA5
C60E51CD E37191CD 189924AE F76D2A04
A00E8464 DE242616 21A5CEDC A0F244B5
8E84AF2E F010DC23 4A72E29D AAD1D18D
F907BE1F AAC75B05 900EE179 59FE7DB9
901F2C90 54CF8C09 8133CFD6 D1354B0F
FD73F50F DD234026 AE533FB9 3CFAB83F
2E3F0BFB CE00E291 F508300C FC7804E8
7F21C43C 4EE22C78 6E24D44F E58C03B6
CE37E64A 9E79469A A2D12391 8D4343A7
4CAC9637 2039E86D 570D9071 724C7412
4D295F9B A290F826 FFFBC6EC B6A8D91C
14E7866E BEB21A47 73B830BA 55B29BD7
0AF207B1 EDF59DB2 CE178268 9C2DFB09
DFE1E06E DE2E743D AC32CC6D 36C44411
41AAE35E 6E90EA80 E3CE907E 2235ED5D
9EE1F224 87170AA4 80EC6AE2 EE187E66
D33F838D F1299555 82E157D8 F85C4009
17812488 6DCE4A2D 01BB6989 7A220DCE
75FA23BC F2E57759 0C649FAA 3EC585F9
BB04324D 5B0699EE 271F40CA 1A364443
BC8DAEAA 78D392E4 807AAAC1 7E958DEA
2E07AD81 90A2BF0F 315C0569 36EAF963
5D9336EE 7B733941 88DA1F82 896E4FA7
D47D1EA2 344AB01B D4CD70D7 DEC0628D
39E097C7 4D37598F BD28C51D F5FF4918
B5D371A3 D53278D1 BFCAE281 00DABB98
3014D744 900444E1 DF6361F9 B571CCC7
BC0B444E D89133F0 A6668CE5 C4C6BC90
740CE890 1EA6F661 1740712A 263E7B5E
F1B0322F 29A3C6BD 6F1F5DA3 C62A1EC5
138BC71E F3FFBE30 9AD94138 E0D9C370
FBE13991 804A92A8 91ABBAD7 B4393A16
AC1E6DC5 2D929D05 1952360F 9507A039
511B64EE 3DA1EB32 21E0EA81 6C244E51
509D064C F9A974C9 889EDCB2 9E744E39
B24091A7 7ADE82DD 9E5266EA 4B083F6F
E29CF534 2441C161 19235A84 12110FCE
C15B5B82 756BE642 8ACB7D90 0EF6B3C6
0420AA67 452F8ED2 E554481B B779A3C1
AC269368 371E8BAF B867B79C B9684C38
0B4B1928 EEFA2DAB F82FB23A 66717EEC
DC5DF96A 0A67A465 EC9DD182 AA205D5B
B8322383 B1CAE539 85CB803D 53B5D6A4
8C9CDC24 1BEAF4CC 72C6289C 8610E9FC
CD3EFDF4 B9A39F6D 93CCA172 1B9D9948
EE1E6FED 4A8B6A21 D88925CF 574A0A41
EB56975D B9020FDF A21222CE A429F180
8026ED26 E1D26395 31E413C5 3608B005
6949CB21 BC258116 51B94C2D 4B25B544
8F7234DA 8B82F354 DDDF0F26 94B291ED
D1EBA368 58646424 E4B8D9CC A90D8321
EC7C5FB5 673DE4D5 5047B238 125912B3
0A0D4D11 3A9A70F0 B0358985 E08DCFE3
6FFE8F85 A040F940 F61E7777 A977B110
40894FAB 4C10D3BF 12DFF17E 2599143D
D6F0373C 913369E0 E86D9A4A 7A599F7F
6E8FA06B 71F673B5 2E672F39 BCC24C9A
262AA026 CC85137D 3228F18E 26640F8A
3B6B1AB0 97F5BBEF 04905F6E 8E05561F
10AE8DE5 9DCFD34C 0B2B6F7E B00C87EC
CD54D629 6776020E 5020D67E 20479A08
7B0E5B88 FBEA4ACA C6104858 B27A4D06
863F8B93 183152CB 74FE8AE9 3DDE543C
68E8552A 93AF8ADD 65CB13A0 5E778838
FFF89FA6 99EC2FC4 C437D988 98C5DDE0
C91D51C5 2B291733 ECD8ABFB 55ECA12E
CAEB1A3A C1A431E9 669BCC6D 0AB0161F
8FA56F70 C48BE1D7 56AAE71D 25F0E5CF
1CF56136 CA8C3DDB C5ADC4F6 4CD14F6A
E7285528 921E9550 2AA3F287 6B8A5B16
1EAA6072 17A41EA0 5E4C3027 3860484E
19A49F9B 202F8CD0 89F304E7 873C2D9D
A60EB581 09C6AF92 3DB277F2 55770F5C
251DA304 3591198E 91BF4054 792E64B4
3954531F 3FAFCB74 755EE458 FAE2C985
F9080DF0 DAF7638A 68383447 00FB6878
3AAD0FAC 877D893E 6638E7B9 E4BD7168
3A9936AF AFE6C8BD E658BB83 52E238AB
6490723A C40996B6 82FB759C D3485C8C
D27F026A 1D28B953 E718D6FA E55C4E57
63E5F83E 4EC7A39A 7E5D3B5D 3938EF24
2C9FBA83 6DBF9649 C94AADC3 47F33E58
30217EA9 3276B525 E461480B 1D768034
F19042D4 DAB52427 A415A9BD B16370C7
F47D36E0 C41BD5EF 1CA2C0BB 0D119502
FB9DA6AF E2AA3110 641CD34A C2B55CB0
F5AF87C7 72E9ACE5 BFB46A38 042E56F1
63DCF2B6 BFEC17A4 2A9FB349 00F01043
609B0843 117AD9D9 D0BBF943 E315F4B9
1060053F F331E3A0 3725C272 8C8B3112
02F88116 78FDFE62 C8D8F822 BF63F686
B82D2832 66883619 9820DC08 C55BB890
084554A1 5EDCAB99 D10959C8 E40A6F5C
49B3F342 3CD5D686 39AB9572 703E8691
BC9896C3 8758080B F16696CB D97DD549
AC0ABCD8 8D8E5C39 22FE972D 21B3C417
5EF9E2AA 0024D4D2 A2FCC7C2 2883B68C
8D6D1CA8 28B54DA2 FE71C98C 7C88B14A
1C38BB8C E8483253 334BF04B 37DA7CFE
35A6E67F 57DC9C7D 4545B32A 5E2AEC0B
78C2AADE A93CCB3E A34D3555 CA8DE207
89D95953 0AD11200 BCB0A852 95084040
CE40B2B5 44530141 3F550D04 9F2C086A
DB639FA1 18865879 4650CDDC 33CDBB98
4AEBE5C9 80C18FF3 9CB37895 73C234E6
895CCA9D C5F6ACC5 9AAF40EC F9C18C7B
00CF5B1C 7EAF50C4 A22F8A9C 45DEC76C
5004FF32 7BF4BD18 1B348290 F5E60B7E
F71083B5 EC47E398 50D14B0F 4729A761
AD7032F1 9E62C47D 92B4F015 71342971
9120F185 AED51B43 FBF1CF8D 8247C860
19309096 85120C67 7CE71FA6 101CF11E
CFC11B71 3685409E E2A9D5E9 AEC921E5
17A35F2C AD397756 EF955078 4398E8D6
DBC7AB3C D5F7A9A7 C95FF01D 305744F3
F46F5259 5480E55C 46E7F448 6B362F56
0F079F2E 0E089688 3D670517 D14B977A
3F6A5A13 B8AA5B2E 714F2309 70DC6108
75E93BB5 09433F5B EA820F92 5A016BAD
2CC1D4AF 14EF7745 DAE84E24 F456EC89
D5844DFE 06766BBA C0DE81AF FBE51C6D
832C9342 D65309B5 D9DF3660 217891B5
9A4CF086 021646F1 F34062BB 6449C6C7
5E21E6AF C3D673C8 98AEC6D7 29D4B680
30289968 BF915083 EFF3DE08 22C95B56
16E336EA 3E133232 61B1F4B8 AFF6B507
A621CFF4 C99F471C D2A5326B FAF1A45B
D3806F89 4CD15101 3220037C 7BE1002A
0C76F90C C92EEB72 6B182334 4ADAB5BA
3C508BDA 4ACDFCEA 54EE292B 75618069
D922CAF9 82E2A578 F46995E4 4679DEB3
13AA30F1 CA7D6CBF D1909FFC 2BE89735
89C83AEF A954299A D38B2823 8AC695B6
02CA5AF6 B3918B05 9024E3EA C4C9714E
07CA21C8 834B3ED7 4C811B8E DD2AE141
2F44A720 2BE61EB4 4BB310E8 94D7AA98
DFD50C39 B1D511C5 5079B493 1B0DDD11
D3A18228 81FAD1A9 6FDFFC50 C1CFCAD8
16EC2E32 A83809F8 0E52C1F6 1443F305
495547AD 6F83C74F 1887B371 684B3142
1906B1D7 A54E4AC9 15792C3E FEAF4D1C
3EFD441D DC316536 B3F926DB 7888E09B
A1B09CD4 8079AB49 CA2972D6 D99DB4A1
063877F5 0ADCF209 B82E2D00 F38261A3
34F0925E 33E64C35 A474DB7D CE2FB699
5C702F69 92476084 48D7A22C FAA29244
B99FFEDA ED2859A9 F387C8B7 F26CA86A
7299F095 00787DD3 9F9D0C5A CABA0255
C8A019B0 D39A6365 F30B4441 7E94C5F4
838E78D1 011323F6 1F7DE8CE 8D24307E
E54DCFCC F505988D A11DF47F DC543AD8
17D1F7DE CA870BEA C0F4E5B5 777B307B
330F1D04 BD4381D2 8253E3A9 8D96749B
6DD0E5BA D20CFB43 B3D777D6 4D2436EE
B5E2B3D8 5559EED5 8BF036E3 9137D671
BD7490AB 484F5945 924B4078 E31D0B69
94733F4B 5BEE0FEC 0B6A4EDF AD5BA2F4
6D09B9C1 9180ED8F 9568EB3E 7EDA62D2
78424275 E88D2169 4BEB2D6F 91D7A87A
533FCA58 A51E5F7A F7AB038F D1F03A12
48250F07 32F67A74 F868B125 77024827
BDD03E3E 1CF725A4 B2B6E820 AA001AFA
B8147FAC 32C2D007 9DA8F373 D58A52E8
0269E00F F9E980A3 E2032E73 48E1A44C
C0C5E070 26752669 78AF2EB6 89261E59
08D6BACD 6D874250 A2E743EA DA001BD8
47A7CA81 A82E0620 41F69370 FD1EED53
9FB1B651 9C9CA02A 8FF3E30A A5ACFFD8
209EE21F BD2688F5 1C4C21AE 378E80F3
ED78A40C FB5770E4 A2B74EDA F91B1AED
6CB740CF FBC28B11 A9CABE70 66C12AA8
233C1432 0A6D29A9 9109B840 E6107C75
8950C6A3 A1F9B0D4 5BDE5F55 036E81CB
2212BBD5 75E22553 FA6C67AE D447296D
C54AC10A 3DAD8265 80D14CFD A5200372
3D352E76 D76E866A 30CB9063 6F43D404
E543D339 3AE11024 CEE398CE 61D4C151
70F604EA 44AE4317 27941517 16F63498
C8E0B148 54C27A5D 4702958E C8065FB9
05769502 5E3ED721 F136A998 EB39698F
516DC78A 58CCF034 A8752359 A91943D7
2DEEC783 70AA630F 960F7811 6637B936
AE9610A4 CF693799 4725C548 585119AB
A43A6C7E 79FA7879 9E413F9D 7BF3C75B
7A6934EE 92566F38 A605BB5A 2DC0D8D4
6AFDF817 C26C3D9C 4948F3EB A6E4F1CB
7E60EFCA 0BC9276B 6E033260 B14D4827
1998C2F0 C5B83490 A891F465 70EDDFA0
2452AB02 9E02A9F3 F2C7BC64 4ECCB26F
A07E703C AA9E161D 49F68673 7FFC4490
FE8C633F 0D934201 86D3A72C 739F849F
9CC4502F AC255E32 E6FC7826 CE5C20FF
7F97CE5D FD85B2B7 4F4E6BFB FE9C7277
68B1E001 3909070F 02BFB1C0 0A4F260C
805B8EAD 3A28C6FD 5F1225FE E1EA0FD0
237C9720 CB025398 6579C27C 837D44E2
2D1CA774 B1F71F5A 4DB683AF FCB354CD
A8539DEF A26C8960 9218AA1C F00A7301
8F71C2DD 2A38A2AD D7BF747B AB946697
08B1AC41 E2115AEA D53E4F69 E56BDC63
50BE31CB E51C1194 40EDFFAC B48E31F1
CC70A57E DB099582 A1E97772 CC0D0F6A
0DABB0B6 F1FE2245 417E75A0 8797E7F1
3E1633D2 416EA1C3 B58A0629 7E3A0F03
6971B9C2 03D92E50 BFD62FC5 A847BABB
6ADE1983 3112C903 573C0A82 9C7EA331
3105820D 22BC98A0 957D686A 0CD978F0
A4EFAA35 C61866E8 931EAC98 ED589DE0
A0967405 F1880047 1957D904 161EB5D1
0F75C45B F211D9B7 B79CAECD 873E226D
05B06D02 752B71AC 4B4A17A0 CF68CB22
39641423 2A07FBF2 765A66E5 D6501A7B
F5FDAC73 61F1E0CC F70A6B03 F48751DB
8B04AB94 61AE2143 126766F6 4642A1E7
8921CDC6 7FA81B39 15BFC36B 15DF1E5A
85E1CA46 BE19CE30 22DAD765 9D281069
9A1FDA8F 51E09755 23D92F69 C882F7F9
B2F4A6E9 D189F333 B1EECB6A A5391ECB
D9F900E0 F855AC81 C5009FE7 242FAA31
8B469FB3 4B2B016F 7C3BBB60 A23B5576
E7C33742 58FAAE64 8B417785 DAF183DF
2987B194 9518054A 9FFCEBBA 7AEE6128
F0943A5B FF1078FF 866BF6D5 AF8C87AF
37670D7C 77C32915 EC2E4657 4C0C836E
B190128A 6242677C B8E645F4 68743A84
F0FF5FA3 E699FFC3 FFC7A830 9C11D827
D6713A6E 74373AFD B7DBDB8B 00FDA8E9
96D3FFCC 96097DAE 5DA11477 127AE282
D97620AD D58B3EB7 D5FF2C18 EFF72540
0289F8AE 7A163642 D53C6EDE DD484A35
489B33BC 0416F6AE 0833C700 7970EA9E
85D1F559 4ABF3D1C 05F6EA40 AE03AC98
CB26AABC 5702F2D8 06EA673A 5B775EE7
54A182E1 7ADB09AF 88533259 284C1025
7357F2A6 AE2F400E B17B27B2 0AEBD481
54EBACD5 CB5719BF BCE9998E 8CABB3C5
60825853 A66783D7 3365B6A0 4AFD4716
F8939E79 BA96E224 84A4C75A 7BF765A1
E68B9952 866DBDC3 B1900CD8 7966D662
A45E5E40 0FF8A3C5 0F041BBD 97CBC245
E7E9FD58 42880F6B A03F7537 2FD85C9C
9DFC7F06 C176DA34 EA3584B3 CEF2C4D9
1F355964 60D4E139 2E073844 66436F64
4682C428 F7BD16B3 1655231F D81EFCF9
4AF19E41 FDAC7361 99139424 256AAB3F
0335F37A 8603F80C D25A8E37 FF005AFA
9C6C15BE 1CAE044E 61AFD94E 7C43D0B9
EA1FDC1E 5B3469BF 071C798D 4C586B51
578BF868 DC3A3627 823B371A 6C09FBEE
269F5921 8AE0B9BE FF118316 D589D362
BF29BDBB AEE726B6 CEDD33AF 42616DF5
03E6E483 26FFF60A C6C322C5 2934D78D
57D731E2 FDB1C99F C441AFA6 4125C15C
3AA0BB0A EE512C04 E57BAA71 7994C76D
FED39728 9F347849 07E305DA 79C88348
F0726AA8 EE94E528 41245F99 62194512
8FE7E4C4 AC01BAE1 2657CE04 6CC02115
2FF47A65 50F2676B 09E405BA FE9252FA
126B3EE0 0366A6F5 FC3293B1 96A53DF2
A8BC8AF6 A62F158A EE359DFF 3937F1C0
73DC0711 D4D9E7D8 24B3C7A5 ACEA899E
1924E879 D61116EC B1A6AE93 D62AE33E
25217CBA C2F597FB E8E0C1D4 6E56F6A0
84782D2E 11ED905D 78E70D37 3EE44087
19D96BE2 7A1E5D1F C69B5258 EAF9AFC4
4D6778D3 2C4D7190 D856D4AE 33C0DF06
B75D8251 C2655B62 B9610B56 D4EF29AD
DA9B7368 B354559A 27E79C5B BD9E9512
28397F62 350068D7 2283FC62 2F66A508
F0E76428 2A9022BB 6FD556E0 CBC47F6C
2A7D575A 06B5611F 3411046E 1ED739CB
0EB04D7F 054B99DC F8DD8235 144D9F26
BF748A70 6CAEA7E1 628DAAD9 9C645505
1C2E15EA 0E087904 9AE24903 7C0EE2E4
796938E5 FBDFCFB4 0B4E1597 499C37EA
EBF698AE D92BC18C 28F6D41B 3BC13CE8
733AB027 AA0540E0 39EDAE4F 3EDF0B9D
6E8016FA 765227D9 145C24A4 8507F1AC
9790C18B 26BB683D 15CE347E 74F6D992
32A1D522 CA0D7B28 22B99704 814E9D51
33870791 41869183 076782A2 CC1734DA
5B5D4679 13150B70 15D64BAA DC0E4DCA
10B1A1AC 74427218 1244B6AF 1082F07A
120C335C 6A3AC0D1 CE8AFB9A E3106639
CBE0B4F5 39D2EB6C 69597151 0CF18AC1
CAC97191 E58B69CF BEC8090A F2BA21A6
5136CF4F BD2C903C 9451E6F8 84D34330
71440794 A565A7AB CC0AD266 5017D524
414903F9 7ED1D575 2EAD876F 3415E47B
7BBA060A CDF4BA15 219ACD12 7E466EBD
37B0B045 18EAFC22 C05A3C86 4B76779A
1C7F30C8 314EAA9A A403DF5A 4E6D106A
6C4F37A2 483A7029 C5FC73D4 DF716E5D
4D3BFBC0 09A01342 11C73654 64B7E8A0
C5B19791 BA30234A 900AA458 3B2561F1
45794983 09D73297 F7C8BF05 A214B5C3
B16169FA EFAB5C25 E3BD42A6 0A951081
E7CE1F4C A34351C6 5897D362 DA9DC9EF
30AEA8EE 4475018C E2015367 C8F4AB63
FF1F7613 245CBC26 6E06BB48 8E863771
29602911 9B226125 C300744D F16ACCC2
6284CCD4 549D59DF F061C2FD 6191F30A
EE59A704 2CD974A4 A51E5D68 3B233752
A2E6F1B2 C30A6A7C 29D10828 C47ADD21
C387D181 C9E900E6 B639F960 7F14D223
F90017F8 031D1E40 3765661B FF36137A
D9E089A2 5D08FA20 06E8D766 0905D9BB
A7162741 6ED66ACD 0E6AF983 16082E34
0626F46D 8A694F88 C4BC36C9 F44549D7
69850143 860A619C 5BFFE973 72D3A1C3
454C91CC B35494DB 8306BFD8 278C35A2
432AC710 C7C877EF 6D6F29A9 8C241843
C4F134E4 EE53D0AD E6354CE6 E85933C9
9BEE5C08 E767BB75 FC59FB70 3795A8FE
FFE9287B 4D713A77 D3E9B86D C7F8C23B
097E4A75 0759EFC4 D346BC61 DA20C14A
31714074 292272A1 4C131686 888D4E55
40387952 3C1B8E07 DC730E7B E729CED0
B2845B2F 02693AC0 65A78D30 99C70F08
68D84D0F 4AACB65A 1E15AB9B 87B2E6B3
88148502 7697EC3D 2CDA9C79 A04B38B6
2D61C610 31B994DB D49F9C03 82E372B5
A304D44F 8E45D24F EA69D25F 0FECF14F
060866B6 AEF56F56 E47C6A0C FCC682AE
C13914AB 95EFA193 3A068CA6 808008A4
52F92E59 AA4437B0 A12FD83F 600D3C09
20BA3267 08068BCB CE153E3F 9AA4F3EE
A29FF7E1 651DCC57 ABBB40BD 062A4D49
C7FB36B6 DEB5A20E 95DB2043 19311D0C
25A05B61 0A0908A8 5918FB04 E4B61EB3
4329419E B78B7F44 D257C136 D3C98E26
E3C1CC9F 05F2CCA7 50833A87 05A311D1
642A40BA 828D42A5 DAE8F17C 077F2752
D95AB538 0A164AE1 C5FD9912 C949DEF5
73C8875F 3BAB8581 832F2C29 43788A55
FE85D2C7 EE04BEF2 129AA0D0 C743BB59
84BEB99D 75A61505 19742D8D 94AF72B9
787C846D B3F03C83 33C19EBF 8C265CF8
A5AA4517 79107ED9 97D45DE4 81B99662
835CBC6B 0AABA269 08FA1A2D 43708B2C
968FA8CB 38EFEEBC FE803099 3AD94687
C25929F2 19DDDD84 1E696933 A4F3A9A3
83D658D4 EC67938F 74894281 AB18ACEB
2A2B7D3B 13D1511F 0DE735C3 3AF1A4C7
B9C18762 C2E97E9B E312E7B1 ED794DE6
1DE9CE43 4D038A5E 1D97B52C 02C3F564
FB47E3D4 2157DE16 23831AEF B2F8A864
FCA16B94 997CF452 2AC628A3 71DA97CD
8971A371 A61448CF 23F2AD62 2D68A941
B2EE4AAF ED9490A6 E95532F1 AFCD72C8
E856B578 C4E2FA63 07B8739B 3FC46948
822ECE3C 4F9059F5 EDDBD33D 1D6CAE34
7B496F34 A025B774 83510FF8 6B70B64C
30581BDD 82A8DCBD 4BBB61F2 B4978F7A
04BAD992 F629FC89 6F6960CA 65F84AA6
78AC58B3 979A4C44 E674FAFC BAEB37F4
0FBD05FC E89B8940 4D90DCA1 CDD9F09B
ADFA976D C6DB4DD1 9B4AC145 BDBD5BF3
FE37C713 3E1E6519 543C856B 7E38FBD9
E9905291 FC835728 8FAF93E5 273F7052
CF277392 D14906A5 A74A6F32 280756B3
647CE549 9BCF0F41 06B27B16 8610054E
6DE316C0 584C7E34 8EC69D62 F874F7B0
063E1977 0A6C3964 39CAC48A A70C7829
8BF0A425 B8EEE26C 0F442511 CD4FE9A3
CB1611C6 971C7700 F07CAA90 601E7AD8
EB8E149A 10F0A062 4AA85E9F 1866E97E
AFA4DA41 1361A20A 0BEF9501 4F8242ED
B38F9AAB 83B6AE8A 5691C158 9A255F41
37792323 9D886735 D5785F9C CA8A9389
A9980E11 D5A70DFA 1C105401 29679C20
641D8AA5 25BE53BF 782D8B3C EC5C1188
0A2AAB28 AD3E4155 0CCBBD76 3B34DC1C
9D33E572 B4981BC6 5FC319C2 BF1761B5
87D68BDE FDE83578 F7BD037D 8EC44A7B
05120BC6 A720F206 BEEC07EC 15007967
510F5B59 073C0AEB 426828EF C97DFA83
31CE0FCC 0320571D EAE50489 4E220274
BE7312A4 D84EA211 033FBC24 14B18063
1CDAB338 D221DF2E 25D7DD22 98839191
A2F5C262 CF3EC562 2BFD8F73 AFAA86DA
6C1AC1DD A699B69C 01544B7B 810A7B72
F4BE9FFF 4737E34E 43271D7C 3BAC877D
456EC66A CDB2BD25 D225F3DC 88543C13
6E53E066 D49367CE 621386A3 6CC03989
85187F96 63E67D9F 713537CA AD5C5112
1329A5A2 0F6B70BA 45015A60 C217B196
9DE4E1A9 048E8E6A 5B822FB7 012AFD83
FD700954 F40D3B5B C10E8864 29698E02
FA21914B 5E5DC004 413A8A2D FDD44763
8FB84B56 96A9FBCE F400B3CC 2363D400
747064C6 3EFB42D1 0E035FB4 F98B956F
3FF13E9B B6A55C4B A622D018 CCDC837B
B54A7552 2D637F56 FDBA03F0 4EF1D335
D3A02959 2CF0B5CA FDAB9ECB 3A72AF18
3B360A4D B53C5454 72BC3C61 C75B1BBB
495C9E5E 57102D07 996D9BE7 CB5A8F60
B9A1C728 A42AF909 82CA4E49 ACEA554A
BB663A0A 20ED4E76 897D5F90 C1820621
BE2E85A4 86388A75 2E75E2BA 9EEF3E44
D8C17DAF 8AB25D1D 99FF18A7 D6B9EF6E
CB0A3E6D 6C297775 7B393CAA D3B1A013
469D7703 79B0EEE3 4338809C C2A9678C
4F1542D4 7E97CFEC 9BE76E59 50036E7F
1CA4C784 1E096AED 1478D39E 91897628
56EF7913 6DE0D236 E39B5A19 DDC0840F
FE9F8B35 033ACE88 F497666D 1DE1DC99
66D0428D 2CE55218 94633725 5B386661
87175C16 EDCDA6C7 CAB1167D CB5D9473
63DDA1A5 3BB8CB2B 91F3F3C9 B66B57E8
C17336DA 3783E114 2EF21FA5 372C09B0
000C34DA AF786962 7C68A90E 327ED190
C2FEF657 CAD535DA A003F865 24A6BEF9
09452FB8 D6C81B81 14368E08 6C7F33C1
0677BDBD 5D16F9CE 2EBF401D 9E81206D
0A5BD1FE 7B91180E F39FD820 E636EF19
57ABB9F4 E68CA69B 53694BDD 1A21994E
05A13924 2A133D9A 5C45EF59 D40D2B97
7179CB8E BA3C71F0 EB794AA9 72EDE426
BDE7EA6B 67930525 2BB2A14D 14E33AF0
A7A831BC A20BCF41 7B60BD5F DCE91C4B
1DC7BC3D 4296CA3D DB35EE0E 27F7C661
A8553A70 E218FA42 28E32C93 E06E5AB4
915E6A66 2EACC703 0122558F EBE42103
B46CD24A 1BB37BD1 DDE96495 A733AB30
31F19B41 F175E689 DC7542D4 97E49698
2304C633 87364362 A5ABE280 F72EFE4E
2418CFDD A4B516D6 78206B8D 4817C1A2
CCAE3698 55993F3B 61122528 E148D407
14A1D73A 8D2EFCBD 64AA5A5A CAE89E9C
B0F0A10B 98FCAFCA AA205E83 AA88ED40
3808F9D0 7DCD71C7 3984DCEE 06894E47
F933A33D 3CD4B161 235BFBEA 257DB8A2
8216EC51 ABDFC461 A5120617 5BD761C2
9E28E80E 8222E2A5 4D0A1B85 655F8C47
9D055D4B A6BA0110 FDF8BBFC 6A8B5715
09F5C861 0611F5B3 FDE2E30C 7B52C996
4FF6E8A7 008237B3 E27A5BBD 2BBCFBEF
D1E2BB69 B19B4BF7 494B7D97 41CD9A21
F817D994 2E469383 A71C60A3 9DE998EC
715D37C1 32A39889 58B67177 F760690C
7603B325 6822A727 F7C1A610 FAB74DC5
1815752A EB12DCCA 5CFC2AD3 A1ECF0EC
CA0FE4B4 3FC772C5 560C9667 20B8F6DA
942F6E47 8F6A918D 1D45BC69 B7E62820
A824BF61 FC61FE02 1397B3FF C9540337
F7E06585 EE5D0781 76EAE33C 8F56C964
261A1A74 33FF0206 EA410F47 1AF6FF0A
79FBBF44 4285C808 681A806A CEF17970
41F3461A 6598B264 F527502E 02D6A940
7C91BF67 7C6BD19B A28F6329 45C7BA5F
59066618 2916E2D8 D8FC993A 510053D8
EA657561 56202847 1976F092 BDB419DA
BF006F88 E00273AD DB5F3AF5 2C06F4AD
0ECEFAEA 5F7E88B0 DAB5FC2E A2E2D9E3
FD271B96 F73AAD78 F6FFA669 AB7C4C3A
ECE3D1CC 46FB14D5 146AFC63 914B78EA
5027F99D 073635C7 7F29C025 8B3BA20A
2BA96BAF 1482FC29 7939C795 6DFDDDA8
684F2373 20BEC607 7B40D598 4F670065
B4D7C413 9276B92D 7C8E13FD 5FC31DE0
A0C907A4 7D458887 30388AFA 196A0732
175480CB 680DC92E E2473D64 A7594231
A80E1FE5 917A7729 33396E6A 1994186A
14FC94EF 537ADD80 DCABD942 6143EB91
74D74EF7 5E737693 A7089F27 4C69215B
2379A243 65EB2CF6 8B941DED 19C9A2D2
25124D97 2708E66D C6F27EA1 6638AA2D
D376E9E3 5326340D D41B5250 CAE40ABA
E386C103 4DB49257 842F1D47 85658676
5A43B660 0809B57A 92BCC66C 4E44F9DF
E09F85C1 2540074C 663464E4 0A01EB5B
B136232D C5383624 1DB78F7D 9FA91B5D
043478F2 8BB5F8FB 057EAB19 ACAC6B18
01737C1A A20BAFF4 86702324 2191FDAE
46EAC424 A6229009 0513BF6D 9C1871A1
AC1FE005 A3B9F88E AC12DB06 53572AB1
871517BB 33D7CD4C 04347633 854BBF09
825F0F58 CF5C8352 A731D9CF 9F2316B0
865C46F2 DBE09305 91E71B58 53D9031C
D349694E 8E093F6E E3B5F59D CD013D9E
DBF855F3 90787AC2 FD3C0E76 85CBE4FB
2EA0D5E4 256DBF7B A72330C7 84791E46
90FEC2F0 84BD0E16 23D5E917 ED29C9D6
93CE9712 FF907BDF D8C091A2 46C2AB03
A3300F3D A211481C 156AACA8 FB844CDC
0A367F6A BEACA84C CB5692B6 BA3F4D85
7C0FAA56 9D41393E EB8D2DBC AEE8019A
31A7DD39 82CC009C 8F69FF33 7DE5D540
4646AD68 84E64E6B B8C5B61C 32D66A74
07543AAE 8922EFE2 E7FE432F A7822562
442DF2AB 65E65132 A43369F7 1AC9C5FF
B68ECA18 3155A053 72681F01 C8456DE9
18DC112F 5DA936FF 69F4CB7F 486DE96C
46C57D67 0C030420 DA468A2A 6258D0FF
E684AACC A72F89BA A1907E5F C45A485C
FB0F206D D452E61A AF69F748 16134EA2
7A2EF316 E560A77D 0029AD9E 7E685D83
E2731595 B7DC370F 447CE766 2C57A2DF
988E2329 9DA6DAB1 E51A367D BD71F5D3
D9E57124 3711CED3 E0A2C23C 5805800E
1980710B EBB42A51 24034FC2 F50FCD0A
8A2232B3 41E73DCF 0914A533 1FE8791C
098BDA5D 4A9A5C11 C631ED5C 11DECBF3
283ED980 412D6E98 15669759 686379EB
E040D943 D25E7CAC CF09FA4D B8AB6757
D605E3F6 2B1CD78E AF6BCB35 F8F233EC
E2CA4692 E2F14118 1390E106 11D1D85A
8A93C0CB 8CD14737 330CEDF9 5306A6B4
96F6282D 3ED300ED E77CA009 D1E904E1
9757E9DE 47E6DC64 3BC3EC83 E79AC662
8734FDB2 886207BF ACAFF453 1D636257
D08B1317 63BE158A 4B44150E 92B7CCC8
D1126403 4929B7E2 AEA154B1 176E3536
8F92D13D FD26976D BD1A96FE B671C419
7F4309C4 4138C86F 74CDC129 7219EA26
DA54863F 9188638B 2036A360 1C3B245E
C8F7C036 9FB31936 AF5B5868 F68E66FE
212C0809 7381E50A 6A048D95 630AF0F1
E2D4A676 65517676 88337833 940EF8B3
573FCDED 5ED5919F 72670AC0 99BFAE6F
AB10E47A 2E5371F7 F59ADABD D62C7834
F01C9F87 42AE89EB 80E80BAE B36EB34A
975674E3 FC5E9A9B DFCF3E5A D3EF1897
5392FDCC 2709C814 FAA22644 DFFD276D
CBEE8C19 6112ABCA B0AFD5C4 05F6864B
C1453131 8DD03E57 DBAA0787 56251C4D
E124C1AE 0BD58B8F 284E9E84 C06B059C
D3E13CA0 0A2D1C5F 05E6251E 69AC1D6D
042D7350 0D6F7B6C DF9E306B D3DAE884
F2CC6D21 6BA9D54C 2C2D0111 5A6C742E
579DB60D BF124799 A0DCB7B0 019217DC
BC0F065B CFA2D9AD 5C229533 5471EC02
FBE9A6AE E6E89DEC F5D6FECF 7EEE7269
E06F0722 EB39D5C3 2ABDFFE8 05579420
8D18BD80 F0E53855 FE8E779C 22FB6533
F4816522 DA72E21A 215A9388 2CDD6A0C
2E2F58B5 E088360D EF492F9D 1279CF11
9A601480 8558EA0F 040B0068 BEE0235E
A19FC31D C7B0BA8F 9B087014 4D3BA458
55657664 3E9ACB1F F711D8F8 7E420E1F
7AFD500A EC90668C 1BC76A1E F35E4F11
C8B71BF9 9D39504F 17814D58 3A8CCFBA
E33A52BF 1DEC04B7 9065B13C A9802178
C7D38EFE 82B973C9 872D2635 0F819A87
63F65977 E3F938EF CE5DBBCD 9CE3C763
6272BAFC ACF439DE 6E45D927 FA86D216
A8D2CEEF C4B817EF B4B01FE7 E50FD0A9
33C1BB2A 9CB2DFD7 BAD194B8 FD3C8D0D
B8EBE339 EA1678C4 EE26C9E2 6331463A
11CAF8D4 BAD4F6C6 8D61BF80 8168A661
350FA030 8602158F F9B28ED2 9331B1A6
9C5058B9 32F559DA BDAC1541 95EEE046
458A5F6E 3CDD1A27 FBFC707E 3ABEE9E7
1A955524 74B2DE53 3BA64A1D 4DEDA5E3
EC05502D 19B1C681 81469C33 6BC31B67
80148F2D 35B51E48 F834268B A5876289
723F7294 59A3E5A7 D94B1162 1BD1A13D
A97D98C6 AF8FF658 A42668DE 9A696033
DB6EC692 5AAF9678 0BA2BD8D 55873674
8E6D7BA4 2A1EC266 BF8E19E9 A141E5F6
67FD9FDD B6CCA8A0 7AAE6679 93B03E5B
D5E9F92F 68ECEA52 568B7D45 0F0A4161
52C2910C D4794962 C73D56E8 7099AA39
1653B377 21B6B43E 5BFC2A45 14ACD9DA
2EE8F725 1E1D6814 7DE826B4 11744F81
FE6657AD 8BACDD1A 3879B19F D9F262D3
8D79C09E B8F3FA15 77EBD233 0E8A1088
77285B35 3F6E9BB9 A72FFB10 4EE8B145
A99EB498 B1463F61 C14FE1D0 6EB1F5EC
15F0AAD9 D263DF7F 6A01FDD4 1038E11A
CF3C3801 A61469DB FCDE4A40 8FEF1480
51FAB75B 9B54786A D2697723 BEB70A15
7DDAE88E B0BBCCA2 794846E1 687F736F
439D4545 7FA3C0AA E267B5E9 E2900637
B8C025A4 852DF867 44AD2293 E434914D
5BD9A4B3 66B56563 2F8CCB8D 329906EB
52023C6D 05439A7F B6BE3110 56719F0F
59A3B26C B97060B3 CBE2D7EA 3426A29B
873DEF31 562FA1F8 36167EB2 223C0D4A
C4546F9B 100CDC77 7DA0BADA 6D91BA52
49DC69CC 4D2632C2 408F3A8E E0CAC172
1D40C945 A4A73A24 A0C3BBEB 20180772
D2311AA4 E17B57F9 F8ECDA47 8D5FD51F
EB5935A5 E79E4537 4FC17ACE D60CC31B
049665CB ED973A07 B7D059A5 2D714C88
71E3A44D 34677A36 00ACDC2A 9CE45911
A964BF88 3A5BEA9B 2BAA230B 4A2CE08C
8D7FF740 5172AC3A 59601A98 FEE48A24
8A2061D2 0D218113 1C9B34EF AE1759DE
7ADBAEF5 649C7634 12D7E5E6 2CF9B97A
22CE196E 743828B1 9912F779 8EE87A58
10F6F64D 21C2E35A 3BCFE759 67420EFE
2EBFB824 CFF1649E 0179F72B A5294D0B
0370E4FE 93A020BC C58E1203 5145226E
17A2A615 4ACDAD39 8C725E95 8B38BEA4
A7E601A0 3175FAF7 629A2FBC 53D3F9F4
33CF29D3 1FF66849 C0780F38 DAD58405
87D56D23 2B067770 4E234F81 E6E1F827
F4C5EEC1 327987DE AF1DC842 34450BA2
B5AE6F83 13382E5F B84BD175 B765CA4C
1035E1E2 3747C22E 8CCBDA41 90BF6FA5
B295620E B6A75549 06A60A95 C76B4204
6E791E3E 883263AB CA4F23AD 0D8017A1
66BC1518 5E73CC39 58E6B206 4F6134A6
90E70EB8 D5A7BBB2 8D4F74FB 20EBB743
2CD4B49D 0E42FDFF 9B3E4D3A AC02E475
8DAE9722 A5175970 FCFA0C08 CE4EB819
F68BF96F A1B3757C 357DCCA3 3AF4B9C2
C90C1F6F 864859E6 3639DBDF EE244B87
9EE991BE F89B704B 0925FB8F 1D8B9EE9
12EFE317 44D299F1 E343F7B8 37BA2251
8D9748E8 C01F0C1C D7DDA848 11453718
BE475941 6AD44276 48A34194 13B1CFA1
5E27B245 7CBB75FF 22C5806C C3CBBE3C
237E9C86 6504270D 7DE7AC03 E41E4824
F5413565 D2F5B6D4 1FD7AE75 5F31D855
66567A27 4FF785CD 907B3F98 A40DBAF9
2138A423 3BB1274C 4E889BA4 34372A71
8E884FAA 040AAD22 260216FD A07166B8
8E5E39FC D323F445 4C08C8C2 88F7D68B
0298B5EF 7E96C958 EBA81CE0 8319DEE8
BB9D498A 334CF1F7 6EB8BE23 05F14013
A5F836F9 00F3F7BC ABDEC074 46BED9A0
3D1E0B51 9113702F C601B146 C896F9DE
D4A4E7F7 22CB1FFC 07564AD9 29590B14
0F1D1067 9A9DC72B 5AB80666 70F880C8
74285975 014372D2 F2A89636 209B71FC
874C10BE 1CCF1A4A 8A6AB554 C03C2337
9020E0A7 09EA8865 28FA1AAA 871B1B4A
75B98A9A 222DFFA8 4437066A 2AB73252
C09A9F91 A01BADFA AC31020A 15C038B2
04261303 993663D1 19CF3BAC 738287B1
73DFCE0D 1659FCD1 2408B32D CF3B236C
89B390A3 5CC5580D 82CE3F22 DDB9F131
2B40113D 616EC9A2 41C343FF 1AAA5C66
1B63F8F5 41EFB270 B7004987 EF374CF5
87908194 6115A217 B1390592 07DFAAD9
F35D91A7 63CFE466 3B525B07 E7C635ED
C8C18D46 675F930D 634C8A2C 183FFC88
4D86F127 C379141E F4243D41 BCBD50EB
57A71419 231C2736 E98986E1 D7292917
738A89A6 DC8CD01D 422CEBF9 F602DE9E
417FE905 4586E321 83341E21 37A76D5F
A2E0B920 BF2F19E3 D8A5E71A 24FB0082
3A61B2D8 7C8C232F 42BB42E9 4F7FA016
664A8096 2F0864A8 564CDD7D 0E7B64B2
9ECBAC31 E30109FA C03843BF A9E45F22
848E000F 3134E2B5 9E2423E4 258305B1
9F72EEEB FA17C0D1 3439231F 7C6154CB
08630EDB BCE46A32 80CED5EA EA5D9E1A
8E6AAF4C 4038F360 5773DD79 5B4F242C
A9E6C0A6 1271F064 03D51303 7556909C
47DAC301 29D6029E 5E75220D 81D486BC
453E0215 222E494A 96C62CE3 C0BE1631
A21B0CE3 3772B3C7 B989C982 1DB1EF61
2860852D 335A6F18 D989B263 8748EC18
39573CA3 36A99690 157AC71E AF5F9B39
C722BE67 00002685 C87A9965 6CD0FC5F
25104D1A 6529E7A5 FEA324A5 A43AA2C6
D3DDF5EC 41343CD1 5D5D2F94 B95A05CA
E4DB5FAC 1D757212 E6F37D4F C1589F06
16E9782D 500282FC 7A4AD722 E071AAAE
02A71D4F 7047C246 4DCEC202 A6256CE2
21246AE5 3ED4B31F F4201B13 5C370805
1513D256 FE02E4CB 9FBB5F89 6D723B85
4F5FD237 3E210385 11622BB1 437E12C3
CD315302 C166A1EA 266AF62F 28BF61E5
CC2D3145 9597325B E339936A 7F8910D7
F687B6EE 09FB916B 286852E0 C9C6B55B
97DE6B88 717003B0 FB02D9B6 DA18F234
1A946DBF CCA374B8 DC377F40 7D9633A9
368EB1CC B1B8598F 398DCD24 5377E6C9
4E44C2BF 18F0CDB7 A4395EB1 E04F1837
B6DFC798 4128CEAB FAC8A574 75AEF444
511B99DF A9B36B8A EFCD6F03 5194767F
8281B708 2D4C99F5 2B8553D0 5CA0672B
B236F002 DD995237 3AA18BF6 728E2F5B
1609A630 031C0FE6 C0368C61 D0A7B9D7
4EDFB2E3 5452138E E6B1E4D1 F63E6C6C
EDBF0281 194623C7 1CAB9C3E B0E57A3D
E6D99BE1 03FF08EE 90CEBFC9 ED8D6BE9
ADB8F03F 2ABD73D4 B718C95C 6503ECED
F8028E67 EE569332 1F539D04 207C5BA1
23BE050E BBBDE4C4 1886BBCD DB291EC4
275985AA 22EB6F95 FE765BB3 C59AB1AB
8915EAC2 EB08AEA0 8BD78E95 E07BD272
905CA400 9E2C7661 0643678B A38C7080
A0E0B607 5337C947 1DF234CF 015BC372
717B6D77 F96FE365 F9158082 F0E78919
C60FD45B 65500247 D190A448 B77EABD8
9049C4C1 75F5EFDE 36ACEF0B 6955C523
6CF53E90 40FC3AC9 E41C6254 556EDC85
008ED112 1D20D0AA 828B79DF 48150CB4
1737DAC1 B5C2A53B 6F4EBF8D 486FF7E8
750AA0F4 B5187975 4CF665BF 6ECE981C
D6F1A6EA 22FEC889 3820162A 05BB64EC
B92F3ABE 05CD63B6 E854D92D 4281A262
82883F98 DC616AF3 33D51848 6844357F
7FEFE3CD 5798E453 EC46DC71 DBBD2470
7D72818E 5C90786D 8EF62F1E 68A5A873
BB67D007 3FBA88E7 CFCB6160 5FD1C49C
9DA33657 717E2462 C907AE3D E1E51A60
E04F8EA6 7324E357 2AC470BD 4E491E2E
708138FF A25C00C8 9C9D944D 16F49804
4EA37E61 67B9C223 FA0DDAFD 8F933AB3
0AF2911B FC0AFE56 973EE814 66479B9F
E5776325 26B7D7EC A612B9FC 741E82A8
88069DDA 5DB33A3D 74C48008 862B7135
B5A1D501 4A647AB3 232F318B F9A88D17
6C1D0A88 07985235 B5C79C7C 269703F4
23EF8287 C722D8B2 563926EC 77D79E18
CCBE844B A1B96203 1DA3836B B1132993
25D38D72 BB207889 3670CF44 8D7A433A
AA799E9E 01C7BB0B 5EF97D2C 60A882DE
0C8086A9 658FA389 9C035946 DC21E65E
9E555186 64F3FA4B 929A3B3C 551C2046
C5511163 7B3C728D CBBF7F93 15C3843B
9153F99D FC77C713 D943F88D E78F9DE8
B876AFE8 DF16D9FF CCF754FE EF54F214
F3C19CE1 6061108F BEC4D5C1 5F5B85CE
EE0B5D9F 25767F0C 7F88806F 7980A772
35BF3301 7CDAFE4E C5153958 A2E13B77
72AF219D 3FF09F55 397D6873 F25C1466
2F242E52 FC544378 30B9AB2F 71C79974
3CE9E90D 9A279FEB 9C0BE428 780D4B48
2F3BF0CF A352FF67 8FF29C84 9FA1BD61
11769362 D2049D9F 5D70A697 EA0AB9FD
82E8C08F 606D18FD 78B8BDC5 1DBE6604
12A59D8C 96832D85 FF8F8805 A3BE807F
5095F782 FB044408 60D04B5F 81917828
E02DDD98 7892F44D 019FA468 7EE51C17
70018895 E36D4660 12E43813 319739CD
7B3840D7 156F816E 32D5BE73 D842B0D5
83F25FE3 C565D50B AA387380 FE7ECD4F
9501639E 5AED70CB 2D273DCB 1BB4E184
01D801A8 1ECC4F0E 666C33F3 C8B14DC5
926A0914 C4476B0D CC372415 5AF0D2A7
3615B6EC 8B4583D6 388FB44C 5E16929C
B4C3706A 921C3D3E 826C05A9 F982BEE2
1BD1B3EC DC2085C3 6E035BAC 9B3CAC6A
356040B8 9ED90AF4 C984873C 2DCD7724
8FBEA6D1 4BDD1FD3 DF998B14 D940AF92
43DDDC95 0EF837DC DED47FAC 8DE78DD8
386C7A94 6BEC1B38 F15814C3 496CD430
D6D5A683 5AB4A1B1 6A30AA6D CA8AB2B4
8C9C71D3 4085D7B0 E61BE97C 7CBE736F
575BD13C 69852F90 3718A1D7 54DAC5C7
57BBB283 EEF1BFA4 0B073627 9AC01FBB
7171AC60 E65D4BA4 36F6E06A A7613E89
708149FB 550984A0 04462B39 03FBDCFE
1DF56E4E C9273D3A 6AD256DA 961F0C14
D68FE7AD 753977D9 2BB967FB 1B926BFD
E8BBA3F7 EDA67E2F 3535E59C 2C425F0A
4722B5B4 9679B73B 142A3FEA 1F1AFD95
BFAC21ED A6CF9BA6 B41B377C 692DC9D6
59762EE3 25CC9B0F E1ED983C 6FD17668
9AD9516A 8BFEEE48 AE65C89A 7E4E45B6
1C35623A 7D28A8B1 4E5E5A3A 001766FE
95B68B5B B5312DBA B6FACEAE BA322851
C89E74AF ED59F71A 9CBC2386 D257496A
5C279006 6C23299C A2000B44 4C4137B3
EF51281F 368779FF 85668636 32AE0416
B739AC39 E9B2FB5C 1A3A1DD7 1551EFEE
105E183A 5675862F 2A6373AE 56695C6E
7A0931DD 2DA184E2 E8E9106E 5D6B864B
0D5F3881 20F5E843 E8297C07 60AAF527
0A0EB156 930F9F06 D6ECA667 DA749EBB
C5109425 1A72C539 5532E9A9 DC245F01
590A167F 877D32B7 BB154670 1315E726
2BDDAB1A FD0805C7 8A3089D9 F18C7E8E
C5136E3D 63829B5A 6066EFA2 AC825B23
11A7A1DA 7E2FD447 B6F0279A BFE50242
BFF66252 49D90E7A 89EF1431 F9FBEF77
C34ACF18 EBB933A1 7453DBED 6095DBF2
927501D2 8761762A 25AAFE03 E903D226
AA975481 2D9D4040 CFB419A8 80DE8672
2B5B05CF 7589A246 B4EC5450 657E78FC
E8B29075 ED77A403 C15A976B C97A1199
903E911B 3B1C8339 D42FF30A 67749DD5
D17CB7B8 297E1A9A 8C7C7C05 6914ACC9
CC784181 E564195B D08B525E EC1E21CA
E5CD9FC0 A9B3095B 220B67D8 FCACF9F1
A25947C4 9DC9339F 6C6D9525 ACC5A012
FDE98834 26E0C423 86315A59 4BC514AB
CEF21CFA A201B915 4F7657F6 F7E7E0EF
9DFB22C8 E8D53725 A2C97AAE 483EFD33
A1CC61E1 6429E4E5 E0062EB0 2607EFAB
FAD338CC 0B36A5D5 F74CCD93 AD7EC1D4
C3074851 241DD9D9 5AF700ED E92D7B1E
21B2EB47 BA651335 6DF02D3F C6206240
2C25D64A 1FCFCB98 A098F7C2 6B58C06D
C349F02D B6B99C43 F66A5C1E 0BB1130E
F3906745 A76A4673 79C6C8C9 F1C2D390
1B641693 4808CD91 A5CCCB1B E8F095A0
5E24D6EE 2EA82738 69F65123 B95229DC
A48ADF8E 8B240FF9 D0A3C45F DD2B7692
45846007 44EC6DDF 75A593AA 76CEE013
FB598948 5F0D34B1 E5248E7C 3E371AD3
44D5F831 EC372FFA DD38FAE8 E73CDBC3
6A0E695F F1AA23F5 F83F6886 F5C6F492
D674855B 1B0200ED 368D9213 F7393578
FDA399A3 95BE7FE7 5F12BFE6 45C62203
382630C3 481B233B 9C4974C5 4F05595B
5F5F2519 20FD6F6C 0A8E3C8B 559F658A
C9DA1B47 B54B6958 1E26E7AE B86A02D1
5149B6D7 F964A0F7 39509995 0A6A6020
F32F84A0 E25435DF 0CBB8B2A 06DF1FF6
98683AE9 18F74D3E 9DED0548 D73EE647
AFA83C1D CF70DEB5 FA015C0E CA95B9D7
D3CE510F 7184D0EE 62B9289B A91C3D28
790545E5 1AE4F639 38657261 47841B53
E1B41FA9 4A27FCB4 50E95619 952F10C5
4A6B4452 65E90F23 DA535ED2 D095A30B
29B23882 68719AE6 B93E7A01 279970E7
A26E8CF4 E5379884 D71CA2C6 E27AD8DC
6F39F1BF 8635C0BF C048D049 9E74788E
1487D6D0 A77198B3 3C5C6A3A 415E6B87
0A54A50F 300B57B3 81CA285C B16AF686
7B33CE79 6686A76C 7F5F315A 35ECB3D5
89862157 249D8E89 53229A80 F29B6536
3E38FA0E 4D74E8B3 21375B36 177EC4F5
547BC2B0 994940CB 95E05D05 2F580B3C
E46FB531 312DB636 00A7908F 4C5FFF21
DC0987E5 9174F642 93FD1F21 6A5CD98B
1A36FF0C 8685E9D4 322B1732 2F742027
F61B0E2A 14A66421 808A9B77 B442BC42
2C74EF22 474C94D7 3B63DB74 D3D93826
F65181B3 F5A15278 F6EE1A80 AFB11FBC
FA93DC1B 7B1372D6 81E16995 47F9B8FE
D734D59B E4E6C2DF DBA09989 4716AB25
AF309462 A70D1DEF F56B1D62 9E5CF53D
F7516D39 BE7C50ED 82316008 5A44708F
DA8E1518 EC513665 EE6DCCCA 08FD9F36
96DAA388 7C6B201B D1F4D144 F8D0EC9D
1D356A02 57CBF4BB 5CA7C563 176E1118
9007718F 0C120024 6C77DE9E 8AD7D33E
3E72D103 3CFDAB62 1E5B07B9 75C66B40
9D136927 498482C4 43E0FBD4 4088C0D0
BCC5E720 38033DEE AD914591 587D4B97
540F4AA5 5C8B91F8 FAC53CDB 7B37F72E
0512029F A10B4A1C 8CE47094 FE5916F6
9AF7E311 DA8C056D D9544692 B75018B2
652C01FE 7A92897F 36CBC12E AF47C949
D08DE654 4AD3BFC2 7CA70F6D 53BD227A
D8F28BE8 B2AF211A 9C16922A 7086526D
F3E897C2 ADF32E89 94E04151 CF9292ED
20FA503C E0D5F2CC 8FC890A8 3DC61268
FAE0F26B 7B6E6123 6463B818 227423DE
DEFB283C D089E5D4 EE57FF5B A5FCC992
6D44A4C4 D51E4256 3283C074 20B965C8
1A1A593C AE2D3D91 9EEA78C1 50B14FA0
4AC1AF81 52B224C3 CB141986 F7060C77
53064ED3 C892FA39 4827E2FA 9B35122B
2B4252D0 792A89AA 08E5BEF9 C6146F36
199613E5 B16536E9 B64A4492 36B6DA85
BC203337 B37CC58D FD0D8108 54D68AD5
EDBA4F36 95280A14 B0323354 1D4BC0A5
E7019070 15075A8B 9BE0E668 D2ED0ED0
26296490 1A0FEAEB 41331D89 24336E5F
8B6EA4A0 44022EBB 2B3D07DA 82CA6635
B0976194 79A3B61E 625B7AD0 48DE8F4C
BF2DE54E 5931E98C A79B86DF 3B835F3E
35E98BFE CDFBA88C B7CD7C57 E44BC594
730128F4 D6A1AECC 45BECF58 4ED9615A
737F802A D847BB5D DBA2D532 0B86A505
BD5E1AC0 B0F218C5 55633DC7 07058428
232CB991 EBE5BC7C 3061997E 0AB576D8
7F5D6637 10EE85FC 1CDAEF7E 5F82A223
F803E22B F64F7EC0 89040976 2EFEFB16
7BF390D6 E87ED9AB 73E5DEF6 8EFBCBF2
1B0B0843 D0F051B3 78834F5A 47D6F58B
80F89752 4F16D8EA 5C2E65E8 A20320F9
EF424EFD BE181DF4 E211C6AD 9C22C75F
CAFA1F62 E9583BEB 80C1D068 5B0414E9
3BD9F0C5 66E9E7A0 4750A830 E877BA46
20C1523B 63AAA085 A619551A 86F87E4D
C7A96357 7993D68B 23B3255A 13500E04
349D30FA 5B41C75F ED263014 BC2AB94C
41ABF37F 1897D85D 435E6CF1 627FE9BB
73A1B7BA 8E0E3A78 F043FFF1 9A359A6E
0700DB05 CFFE399B 4F06C818 E198A397
97057DBB 9FA31FC4 71A30AD0 E150EB84
CF91C5E0 C3E244AB FCD67BDD 219066DD
960B210D A4995315 C73AE969 8F0B5442
393C9CEC EA54A035 4E34811E 59B1D4C7
AE343132 95E0D356 DAAADF9A 71C35EEE
A71F730A 2D31BF97 7CCEDDA4 FC44E054
CFD99B36 06B1329A A7BA64D9 BBFD3C4F
61933311 E5E29A7F 5D0F641A 68D38420
D75C8F24 AA037BA2 EC2D61DF 2D300F14
D1FB404B F5826FB3 D6278CAF 25098993
4F2C860A 47228D2F ACFE9DFC 07413575
3CF1366E EE6A5634 E247FCA8 65EDDDB6
D629AB04 88A33770 B1B9E0BF CB27C3D5
9C70D3BE 4952178E ECA476D7 D46DD5DF
F61DEF61 62209597 AE0B0B81 471FD899
279A9A55 59019F2B F1E77DDD 8F4F1D80
4FE7A7B9 1F695F61 2D583654 4725041C
456A5C6A 9A7F28CA 278F5738 AC3FA1E2
CA0B4E0E D1242DD2 3E754E6B EB6F1645
D87B553E 23EC0F4B 0C00DFD8 ECFEB230
EA3E2BDF 213861DB 4E869E24 1BFBFD7D
A6B85C71 4AF9720C 6BDB9D5C 5E92FBEB
3416B10C B7D1FF0B 123D4D19 89ADFFAB
3959B195 7BCA30D7 5D21021E 88485A85
1F1DF2E7 807C961A 23BBE2F4 7070114B
84D97CFF 07CC0385 E13AE06E BCC6A090
D030C1CE B807DBA7 D301792E DCD26728
D5BC1A0E 2ED69A31 02FDE762 A7B9A41F
E6B51BA7 9C2B6B4F 2720627F FECF8DBA
6CD969EE 3DE789FD DAC83738 8ABF4879
436B5688 EF1173D5 A71B1BF4 8B90DCAA
BC403F75 E3E4F88D D92913E3 AD635653
DF79B0E6 8DD1FF06 2E15502B DB638ED4
01FE8C70 A6C95454 6E80B4E7 2544B582
ADC299F9 9DA6C91B 765ED1E6 4D5E887A
9D78537C FADDAAC4 0C268454 AF39457F
4D6DCF18 65885320 E1E64278 0382C252
83668100 83008A66 2EAEEA5A D93DF90E
63833373 D8481443 12FB2566 FF19F07A
25D65F1E 03686352 30952D74 F41E3BCA
F0B197B4 D8C16FA8 547077C4 68A3E5F0
1D0CBFA0 5C4BE873 EBCAC7F1 EA086C57
9FDCD5EA 71D7E2B8 D566F943 ED41B5BF
0801CFD2 4023351E 784E6C5D FC57F818
978FAFCD 73FCFFD0 5B028E13 5908D677
8381F207 AEE416CC 161EB3D9 134ED7BB
0406C1C3 8110CD4D 507C3D85 567DF0A0
3469A40A 7203ECC1 B909D6DD E08754F6
3BC64986 60335497 631170BF 8F5DD348
4B1F16B3 2DB22284 88A922A9 54DAF012
57B105D8 3DED1569 FF484698 382C3E2B
B27C8056 FCD148AF 5B2FEEF9 B113269F
FCBC709F 745C8E60 F024FF1C 462304D4
A51DE8AC F2F4E802 47742FA5 0DF5B0A7
71169CEE 6F0B5FC7 D5E340F1 140A13F6
BFC0F4AE BC1ADD4F 6F7E274C 3BE755F5
26B87C0D 464D6832 F700A0E4 051C304E
887F9702 C0F34E77 90BC5491 05F05392
2CB69F5A 1BDE2339 DC59FD0F 7CB08E5F
38FA614C E2373FBC 0D37D8D6 B3FB8EDD
56327667 492557FE 9A693084 F652E10C
B2D6B09B 645536CA 39116212 DA17ED87
858C97E7 8ECA2708 74352E53 526E4A4D
1F93F154 C61E85EA 98CE3F50 40742925
EE56F233 0716CF95 E1E8AA7C 1584C1D1
C153CAAC C916D189 D043D3D6 1DF60180
569C79D0 E0395C2F F33AE7A2 734F32C7
570B3EBA 0FAB57EA 63E850E6 8147B605
E2F487A1 8D327DDB 739E937C 9B8B8EFB
60D974B9 7FAB0D7E 42A69F0C 32B26D33
FF23DD2C EFD5F2C7 C3876A3F AA105FE1
FB7C3944 C3EB64AE C93083DA CE4A0AA3
307104E0 284E7DBA 86F17F67 E608AE95
32FC055D 85BD3DAC 2B00D02F 0DFCC8C0
53F16921 EEB803DB EB11C5B6 2D11DD0D
A991207B 9297E8C0 C364E368 7FA84585
9AD9BF44 9D40F27A E52A17CC D8007FCA
471ADFF8 69821E55 38A3A3A1 08402604
43D98ABC 38CD85F3 26E1D699 A9611266
445C5AFC CA40FBF3 48E21D36 B082EBEA
1DB5DF96 FF13A3C0 6765DA0A BE640260
52FEF394 3E28349A D8F5ADC2 9F8E2941
6E8BD6AD 988BC138 59EBEF1F A0A188CC
8B92B495 86C57D38 5C548388 C9B17BD7
46EE6477 18C2DAA4 EF48C526 FAB4F01F
BDE4977F 1837B87E 6ADBE627 3D68A892
320E2643 F188B616 1C51EC97 72F6871F
39A0C2EF 3CC86C2E 91D85CE1 30107701
80C47BB7 323BDF9E 6CA2AFD8 7C8329AB
64379669 D9B26A84 39F9BEF4 D6CD643C
F72E07A7 B4CD034A 8F342CF7 E66F7160
188AB8B8 DDE686EA 96D0B2CD 92632833
E3FEB81D E0F37757 FB097A87 7A8D3440
580BEA23 54D6074D 37FF0B94 92A4B3F0
A8600DF6 CCE8DC75 B11F6D8D A8A5924C
5EC41FFA B7553C90 6DDF5CF8 A083D27E
D8CE5F13 D412C0DC EB1F481D 88CCCB28
E105FD84 5B74B5E0 AE7DBAF2 FB915675
B3A203ED AB3D39D8 DE1A2D93 A2E844F6
C2A9F485 3583D57B 1A9736BC 4300B3AB
9ACBC3D2 94A95AAC 475E976D 6658081A
D4A02566 BD80C8B0 044C1BBA 77FF735C
522FC542 E9601526 6A89FE83 C09B42F8
D85BEF5A F8C8432D 24E05D30 1F14215B
DCF08FF9 7571B6D6 CDB53765 659FA5B3
33BC3167 1F29A92D E6285C71 524F5C62
8441D633 20502B3E C1107357 17208B8D
4BDA8997 F128E940 F75649AA 726143EA
EAB4D2AC CA0671E3 7A57B901 F8072F8B
DB0B8907 72E5CF51 E496A007 3B9EEBD9
3DD2B2C9 7AE860A2 B856F613 142F6564
1A8067E4 76ED0989 3FCE85FB F961BDA2
2E8CF76B CCD4FCB7 8898EF57 D3C14A08
50D64C3A AD652F47 F28CC8C7 019C4A29
9E2A0CC0 B11F4124 66C94205 BA8CE16E
353810C6 73C903A2 1262B4FB 17623637
B47F2D31 558515EA 4095C4BD 959EDC43
E71AB8B1 38B72A1E 0BC310F3 7E630805
29D647A3 2AD52336 578AE3B2 CA75E904
C2ACE0D5 0D8B267D EB5600A6 44FEF829
1551F1F9 2AE87438 3604F773 DAA1C7E6
8E66067E C2EFBF7E 5E984C05 570D9F8B
8568706A 8F868BDF 222ED108 0147DF8B
2809E229 0AB16A45 63CDC96F 52FF7D84
0CAEA416 4BC53A52 0F8EBD28 3C2A65B2
23CE8D80 3B003E6C 1017CAAC A24CD850
DA273ADB DDD395F8 B095C003 3874966E
7984373D EAF83887 2271660D A2B91C63
A88CD58E DD333D11 0D83CE14 269DACA1
4C6DA8D1 27F6EAFB 5FDB856D 8BA72574
C695F807 8BC5CAE8 D934C01D D0313CE0
8B6A1701 2ADEC36D 7A37E2D9 73F68B91
39FCA177 3B286880 6B9FDE32 445837B7
A6A49A55 C3A37F8E 3A7EE128 12A7F9D0
E496811E C138EE8F D5C7ADAA 7235FFA2
23A8A5A3 531BB8F5 206D76DC A35B3407
EA8C1A9A 4C804086 125F13E9 84CF8642
22CC1CAA 45DAF3A6 D90AA9AE 918AA100
3A03818A 79FF0055 3BD9645A 38B1183F
727C9153 9D9946F1 4CF56F76 AD3ECF8F
BADC9745 97AE49CF F33B5CDD 072905A2
286F4730 09E8168F D140939C 2CA2C129
CBE9AB30 5298E7EA 03501FE3 A8419A87
79D33DA5 8A35A230 7D1C3B57 ACC2D5B2
0AA02346 806621EC DFC73AC4 FBB3B556
96FCEAF3 0589E74B 41A434B7 D123B0CD
DEC6503D 3C048B57 6416C434 601C1911
1B21D55D FE1F1A90 E463E883 29FDCCB6
123CF963 D55F14A1 61EB66D8 A21488CF
5D67BB3A 851EFC28 A37F488F 2553D275
D7912E25 28248042 EBD8961B F5532307
9CA32B7E 2DF3AE6E 818FF95B 3497CB7A
D0B3112C 5B68F00A 5D3CC7CA EEBB10B0
16B632E0 BBF3D14A 985CEB40 7F1C102D
54568FDF B3F41F88 70619B79 C2E9E82F
889E43CA 87A1D34F 50043BA6 DE614A2A
8EEEC52A 95AA2199 34FF6579 FC7DDCDB
9DC05749 6CDED37B 5E6D574D 15C42648
1946BCC6 09CF3FE0 4F98BF7D 8E1355FE
D3F18AF9 508EC2AB C5CA8530 F4948769
9D78E6EC AEE7B12D 3C9BD4A3 72F9F270
37E29E28 FB7D4448 87997E2C 2F4D6B3D
F2F986CA D35233EA A85069A3 CDAEBD87
419DA5B3 97CF7500 5ADC8BE3 C27D78C0
D733A3F0 4956DA13 2E59B72E BEB4E90A
D872AC65 34B1B79A 1C47C946 F96B4F85
72CBB089 9429D487 734EEA7D 53B40694
9B55DB0D 7A54CA33 1D8F9804 C1486642
0E9E7152 78ACDFE6 93A08540 97494B68
DE528FF8 B3D4BA07 F18CDF00 D4C973F2
8F859165 D176BAE4 075F90C5 FE474DC1
6895B5D5 E16033C6 51A55B79 4BA4B6FB
5AA034A9 8C70861F 8D85E567 6C30A328
333A05B9 22CAF549 12E4816D E1B02E08
CCF95602 081B5B17 77EDB23C 7B4BDFF6
5DF29A53 C4DA61DF D234647A 392DF3CE
A10E78C0 87AF56BB A68500E1 FF1B54D5
1EF11BCE 7914A48F 0AA75406 3D818C34
2050B9FC DF0466D3 B69927EE 8D6C3F4F
D6CA7875 2B9636F6 6D30A26C 0B447EA8
4386E35E 27313709 486F925C E475E7DF
34E1F9CC E71DCD6C 674C4443 141EDD16
4307D87B D90084D4 AEAFA206 9F4E3320
802FA5C9 A156BE2A 23CE19C0 4038594E
8CB09F90 5BD0B7C5 9900B6EA F7FE3C71
0E753535 1847988E C3CB3EFA 2E237679
B22D9D10 59EA4A50 4879D589 B113EA9A
EA87A7D5 F1EF371A 9C8046B5 B6BA7A90
29135D0B 976667FF 1E321690 E0F54363
537012FA ED4638B5 6713A75B 586F62DF
4A50F4D1 6901017D EBAB4931 2B20CDCC
6E06AF8C FFF06273 3A32A4B8 6FE1FAC2
D909E0E8 1CE8C153 D4E69890 0B8FC1FF
CD7EA0A1 D06778B0 12E511D7 DD66B9A6
4F122651 3139AF6A 6ABAF65E A7758005
95707AED 19E6C257 051448DD 74833ED2
9801F3E6 5A4AF407 8FB6B68F 48A9CB78
407FCB59 0509BF92 13DF105D 480561C1
B75A56C5 5D05B669 B61D9E39 E9CF91CF
7C2A1BC0 B9A0BF5B 0B91780A 72A4454C
B55EB8CE ED0F3BAF 91928EE3 20DE1DE7
A66A29E9 C8C7DD63 54470D80 3AD7BC22
C56920F5 4CF80C2B 88AF37ED 5FB7476F
EE656AF5 1166A067 5D298B92 DAAB09C6
156E9BD9 3BF65376 6228267C 2C25E459
C61EB691 A5EBFA09 CFCC8EC7 56F14B2E
47AF86AA 7F1DC258 E242891A F124A5AB
BB823DD2 43BC1B80 C010FF31 150F29A5
5D9C94A7 98D0AD7C 00E5B523 FAF28B90
253C539D 84AF89DC 6180CDF9 EEA5230A
15A0EB04 D90DDCF1 87FEB9CB 6F2C0232
B15AFD63 641A2798 ABD941F3 4DA0FEAA
8018A9F6 DCF102C9 65114406 B8CF0788
C059DBAF 6C82A88A 299B5D18 B55E04E1
C7A73C16 686CAE66 66762774 AF1032EE
3B41A2AE 32EF20BC CF997871 B38B475B
F1E7D1E6 47DC0DD1 A72D399E 0203F929
42B41E52 ADA57538 720C3A94 5B8944E5
F400DE10 89EF91AE C2C8D1F3 94018BA3
AB70063C E2549D90 3778E15B 32D479FF
E2F81B88 C7EF7557 1580EAC4 3B0F4663
A40F6C60 4EF4428F A7A3BDAC 27AA506D
63C15886 2E0D8F6B 04F0BCC3 4310B9BC
ED793200 7179FBC4 69070AD0 9CE7D6D2
0E685774 C1D5B7D7 6E1B3104 9192B266
65C0CF24 86D97FF0 CBE5AF66 5519B9BF
A6530E1D DE3433D7 01DE95EC 9462E727
B3690E7A CA5D1A01 669ED441 797C1CA6
4AB8D424 472F680F D07F83F8 0005E08E
E30A391E 2349BA4D A64130A7 EB120D05
67F97579 784A27C2 334FDADE 5908AF4C
349238C0 6434477C 5EC7417D 276FBD59
3022882A 9E647948 94059100 CAB403BA
32E6C449 F77ACDE9 09B63F85 005CA59B
415CC9B9 9B997EAE 84A9B6A1 BD35BABD
C85D1DA1 2634B3DD 699A3909 49C0D276
C18E4339 E2039B92 48E9FD37 95D13CFE
B165A008 30173C3A B0F2EA03 1555515A
8B8493E3 C1DB3699 DAA17DC8 D24F1F06
380EA3E3 1F8EF41C 23D29A59 2110E43D
FD4D371D 97051860 143E4638 352CB605
54209FAE DDA71B9A BADBD82E E88FD575
9B58A5BE 21701092 F4A75599 5B59A32B
559DA5F4 997FFB1F DCEE761D 2D6204F6
AF6774AA D3FD0C20 6FE2C792 51B420FA
147FAB82 2AF7C913 32E00683 58D963AA
880E2145 164E4B2A FA8DD0CF 152A5BA0
6096DC10 44273407 41A5B5B8 ED524185
45DC7A69 7F7F476E 269EFFA2 A0B2B790
34E9C7A9 15CF078D 2ACFD900 D51465DF
9B8C65EA FCFADF0B 4C3F99FF 0AC9F756
D4AFCC0E 18965ED2 E637D8AA F6A31EB7
EF425FEF D1C69E9A 2FB17096 386D4B49
DA2078A9 CAF3F0CF 34A799D1 3BD543D7
2B606BC8 DE4CC94C 43A278B1 4F6CB52C
7A4DA0AB 59982737 DBD26C17 68C1CE44
B88E6BE0 E4D551C6 202D6E54 4F95F580
FE3B1CA9 BA640CFA F2FDCAB2 C6D7ECDC
303B461F 9F70DDE6 B2F6D9B5 7F14DEFC
70F46CED 90865DE7 F5D084F4 34087B1C
FDD69950 E41B09DF 61086CDA C6499863
041FD7C4 F342564D DA49DB75 147FD32E
F3C10F7B 12C28547 605C71E1 8AD19766
B6EB5D3A E3A8BE32 68D0AD3A FFBB874B
48EB2B25 F4E3FEB8 171AF90C 2D50A833
450CFECF 360D87FF CCB6EA73 4B5D4063
75DC9C09 09A8B09C E029EE57 77D58AFE
2BA96507 50EFEF9F D1D731C6 67BCFBAA
7083F650 4AC79743 9F514B94 0F6E178F
1526BB42 B71426C4 31730827 B9CCC8B9
B2045633 F094096C C0A95D3A 537683E6
3415888E B6932CD0 4ACEACC0 BBA5117F
DCDCFB2E 7B2E4FDA A11DCAD9 263FF50A
D017F6E9 3987D8AD A32697B1 1D982C6B
B6061DC8 452E1119 2AC564DB 554BB63D
6E37982E B62A38BE 75149A55 1B733BB9
6BC25863 FEB043EE 407033CC 8736D0A6
56621A62 F56D8309 D68B9AB2 067C240E
65514DB1 3E7CF2DD C2637272 974CC83A
CDBE58D2 4C8C3770 81B221C9 6C75FFAD
8A2AB46D 0455285B 9288B2EA 017984DF
85382813 F66CBDC5 2C760CC1 843FAFCB
D8EEADD2 402EF0F3 B476F250 2AEBE95A
8114E5C9 1D2C131B E20F102F 41B2F63E
868BAF38 0E39F352 F306B348 9F0111CB
621FC48C 0F185B6C 0E8190E1 522F2977
5B372FA5 A402B396 53EFBD3E 1FF9F666
579D5297 A398FA4A 4F93BBCF B48A1ED9
CCBB49BE BE88EBA1 B4CB1BC1 18C80536
80D48C14 8C26331D 4D56DD0E 0B1D6DBD
975EDC52 B829D7F8 D43F8F3F BD5DE6D1
AC763D7F E244D70C D34EC71C 6953F2B5
2789BF19 A3E2AA63 EA73AADA 86C36164
A8507EA0 067BF2DB CCCDF4A6 4E7F706F
59481269 12BE58AC 84B3CC43 A5FC0B4F
B4062FB7 949B9F23 FAABD6D8 82D2B725
CA87A979 41589A07 D1A60B97 F8BAC69C
FA3B6411 B4749CF4 B4A671E3 98347751
8D1F4D52 753A5889 09D64D4C 914E4A3A
A0E6F417 7FBF60AF CD4F313E 01FC97CA
5B914920 F0BD9F54 4E2854DB E15BE746
3445EE94 A6F9A64F DC08AD25 9FF2E7FD
3B5942A1 2FDC499C B247091C 8A0822C9
75C18454 F2D25213 D3E11A95 5277C2A7
5ECE38A4 52DC56FE 2B6BB1DC FE4A3D4A
5D025475 9540D677 FFCF0A19 DE45B695
1A9E9911 128E99EF AE76F8F2 FA9F8179
D2B2C4DD C05A7424 8E6382C4 E5FD53B3
A6991DE0 9C7E239F 453F334F 5A8295CA
AB28535C 5DA849F1 3E419D7C 63B66613
76E904F4 724CEA25 A2BADF1A 6B905BCE
58F11926 48FBA5B8 CF280989 87D9F17B
1833C5E1 06F5A79F FFB7F9AA 30D6E97F
39CC657E E7DD5D30 716503B7 7D9A82EA
0F628321 8FB225EF 8387B2AA 1C72E96E
E2CA287F BAD1C455 623CE2B3 DBB046D8
1C38714B 6B95B4F9 C7A132F3 D848754E
8C2F9ACE 289015F3 ADB30F0C 5D1DA2E4
0FDB1795 4EDE1A20 AD1106A4 654D025D
D708C5C6 CCFB58B9 E2B9DA4B 72A7EA65
931B713C 381F5160 D34A2954 FBBA503A
34560E44 C4451367 F6692021 DB37D557
D10C9B35 051013D1 656FFF3A 1C859103
9E263792 D8DDE8E0 AAC9D02C CF3D4385
35F2E039 F1D05DA3 38415681 A7D172C7
964682DB 5019B6CA 18F5CA93 153FF09F
09AC3729 2CCF8DA3 F8BFB8C9 10AE262F
CEB8A08E B518F361 18970428 32A5DBAD
04C4781F 7239D478 298625DD E3188721
49715709 B8771113 F9BEEE8B 868D0F3A
4E2E2F25 39F13C7C 7BF02A09 EAB151F0
E1953CF2 7128A3AB D1843924 821FB9AB
8698CB25 0E85110F 767FF2EA 59A5FB19
89486D25 0CCAD6E0 C89D3108 26699922
172FCCAC F5493395 624D63B0 49813251
01D1E44B CB790CAE 04F38BB3 2C294569
50A036E7 AFD03100 F65B7E24 1432D551
A6DC3F25 0B3B2811 EBE29094 22689137
9BC15165 90D8570E DC7B8739 6A13A9C6
CB081F9B A21EA9C4 FA54A88B A033E057
12707273 D53F2F8E 02C940E3 E35F750E
180A305C 617CE155 9847E606 A1D2231D
ED70C4E6 B6E73BE5 BEC65B9C 12FB0D6E
1AB23B71 A562D33D D1B2198D 64E68A79
B014DE44 12968B30 EE15891A 0A258EE4
56A26741 F300DC34 49D60F14 297F8453
343EE3F1 E29DF0B3 5868EEF6 BB52F2D6
2483BEEB 1F218A61 82C47FCA 43B5DDE4
7AAB3CB0 064419DF 8A3AB614 1C29780F
28F9EFD9 2885C89C 28D16294 F648CFF4
67ADC73A 7E06260B 06CB2275 1DF41D67
9C88F080 8E96A5CD 4D06E062 08ABAF87
A20647B6 1F20CA23 212D6AD4 AF26C646
F4976A40 BAC25C8E 647C099C B5DA068B
028B5051 FF8B130F FBF0AD6F 81EB1E74
1A2904BD 8ED380F0 4768AEB5 5BBD75ED
861D2633 499ADE15 000E9326 5DC0C2DF
1CBD688D 4CFE7708 F9D1D3C8 3DAE88A2
A4BEC10C C963BA36 BDAC0871 87A23E12
FA74E290 73738CC9 928F62B7 CA9E2258
E86C71DA AB989C7D 2FF506B4 D15BE7AE
49989885 CA440B2E 4F71D47F 419ADA08
62B94631 E957710E 1F435023 040CF1CF
62021DB8 D3069DA0 5664D426 C63D32ED
7C056075 7010B020 7EFCAE3A 41357E35
F7C69B8B 82096AAA 0C184C57 30784C9F
B7BE3B59 C53B35CB 3CA54CAC 12A6E124
6B8C8182 879F220A B4A02674 312C27B5
29CF8F13 932D5DC1 04B20FB2 A7E407C0
E84728B7 6BE2A2A2 A23B03C7 87FD3E08
532E6508 61E750F8 7BF9929D 174B5E7F
FF8F3588 1D69CCEB 49B83BA7 1403A905
310C92C0 2228CA21 0954FFD6 014451B7
7AAF9F9A F18AF8D0 7C9EE5BB C3B77810
786CE6AA C716D9DD FCEFC648 057A0094
AD198B2E E50379B2 7A2CA5C3 FD48CDDB
7A5F84C7 FCC75CD1 41C1684B DA7DF375
AFEB4B63 0ACB65A4 550787ED 7C4CA43B
76F3795D 79A76FE1 BA4505BC 24DC5175
574EB9E5 4D90A28B B8203A74 9D4C02A9
19491D11 761CF0D6 8EFEDFF8 63B38535
84A32DFF 31291482 FCCE1472 8A5D7E08
8283B5B1 435223E0 D7AC3C0B E8988B20
B9B8F673 A5E43607 15ECEB55 05716D55
67649648 11E6770A 97994D1B 2602F9A6
AAC9CF06 49C78103 ED92CB8D 162BC9EA
562F4DDE 0E05D6EB 65627EA9 A16F865A
BC72F4CD 76247698 60D36E7B 6FC3007E
818D7BC2 5C323CC5 D9EEFB71 FFC1219B
1106AE71 5C81FF7C 7A5D7065 759C6EF2
64F72D25 5C9DF3AE 98C25ECE DBBB8ECC
68725A7E 7A626BF6 DA533A9D AD85D1D2
77640C0F 688430B6 C341CB0F 044ADB70
3881CF20 2D790598 485452D8 3C44C0BF
24B621AC 60033BC1 5799695D 2DA3CF6A
0F26B43B A9B58572 7DF15350 1CD080CF
935505E4 396166CE 6ABFDDD3 5F79DB52
AA684497 1B7D16A7 4DFFFD20 8727C092
F693E33B 42115522 455A7D09 D60DC04C
0FB608C3 E9D3C690 ED42116C F040B3F1
E2D1822A ECF54AAD 21C405E8 56A8AE5A
7DB6DB59 E20CCE88 3722BF19 7999452E
4E099C61 DD000DD5 B3337190 3BDA056A
7E4386B3 F814D865 DFE39A2A 2FF54734
7F257285 B442A963 AB6F6C92 C35032E7
323EA0E6 81146C3B CC1A02AE 08A07E57
E4F0CD2F 5654D938 F80BFC65 D5F38986
378F5FFF 6CD224C0 EB2D28D0 69A8E996
7FC80FA7 F67CD8F7 C1E10095 405196F5
E0C1E7FF 31B7BC8E 37674829 ACF73052
A5A0C8F5 1CAA9EFF 93FF36D8 43DD767D
7323FA00 6D3324B3 405D771B 9119C0C8
40E532C7 232504C6 E81B12A3 0BCB3D43
D30FE673 00E92647 4C525FC8 1AF33F42
F67895F0 DF7D2F38 C97E5542 C82B8E44
0CACE596 4B414044 9BD6366E 739CEC54
4E86FE7A EB52450F A06921BD B22FD6E7
53507AFB 3DE2E64A 81CD2CA8 044DFA8B
7AB74E8B 2F15598C E272E03E 2CEEAEB5
126287C8 ED7CB2A7 723710F4 271CE403
D5B5C084 A92EEAA5 674D3FE2 A4C7DC30
D73E1072 D66AD623 19CBAB1F 71A27265
90789E8F 31FB9927 98C73988 E2C3C3F2
74566C8A 5C616667 26FDACD1 A497B2D8
73B3EB53 F548E4CE 855E3185 F4E738F6
49725424 77B8F6CF D590389B 6718E91F
0A76D6EF 327278B0 F94B6289 42AC92C9
E35A7B57 21A46A5B 30177EB2 089980BC
2A8DBA98 8360C1AD AB955432 BDD3723A
0FFABE4F 48927511 60D3AD99 41CD7A9A
244687CA 45EA58F2 25726F29 260B90F2
F0EDAECF B28631A4 F551830B A917C0FE
2C8775EB CCC00B2B FAA977B5 872857A0
15EFD623 4070A420 5B3891A0 FF9A1A6A
5752F191 E24313E0 130F05CB AE62A1CF
6543FA11 659BC6FF 10A5884C 118828D7
6605BEC0 14352CCE 8A974649 F9A9FE8B
4C6AC860 254BD80F D8C567F5 F6709C52
C7D17E66 B00EB0D5 A223B7E5 4F79F60F
2B257D3E 0BDDD483 DCA3E307 64BEAFFF
74AB36A8 D3F3E808 F8A9FAC8 F13D02A1
BFFFD8DB 060E84B5 CE477BC9 22FF683B
B0EBC819 81BDCA44 C23086C1 493DD8B6
2C8D2EC0 76D8D5E4 3E7C6FBB C3FCF0E0
516EA908 3F46ACB0 0F5CBE0C CE822516
86A4A992 90367E94 3BF52A45 3A0A78AB
FB9E2431 C5260045 1451328E 7BEF348A
4F23DB2D 1BFC2280 181C50EC A5075E1E
D8B7BD9B 5F175784 995CE808 6A9EE8AB
E6170FB9 3B9FB365 9242AED2 FB9547FF
831429C9 B1DFF098 258FA14B 6D4FFE15
3D528953 379EB9C0 3873CD27 C27C810D
D5E341ED 3A9CF8A1 24463C6E 431AD9B4
53F41191 B66736EA 492C505B C99F927B
F8163BDD 871067DF EC51F8E0 D00ECBF9
BB7287D1 38704A48 B6004F5C 164A6AA1
D609064C 205F67BF 47047CEA 335665D7
27000DB7 A33EB2CA 25C95AEE E442F57E
4C4D16C8 75F46EEB A45B51A6 AAB22D4A
51B7695D C92F9416 47F33217 741E8C74
D77BDC1B F5BA3BDA 72E396C8 E305C281
162777E2 6178D78D EB437663 0D762305
0DE9CDFD E62E2B17 B929C538 ACF48E76
F91B1952 64745F77 5FAB99FE 07FBE6D9
14E99469 9F672025 353A1086 BDED3824
4872D066 D67DF725 6836E04C B374B9D4
0F5F8627 39A268A1 CC3AB129 961CECBE
4440E5E9 00603D87 5A421096 069CF83C
B40C53EE D056671F 3A914294 3E194AEC
AE3068EF 4CE7D049 7B92B3D0 9DD5A092
EDC86FB2 16A6DED8 26406293 2F0DE9AD
1FA9E0C6 584BA05C 581EF43D 49F6E284
3F54CED4 ABCADA1E F3C3A87F B4B7C6C6
6591F215 D01044A3 C68DFD30 3598A3A9
11D092D8 A710C1D3 F7376FAC A11AE532
90E95AB8 DE963EE0 22A0A46F F39D563E
CE32994A DCEEA5D2 A5022FDE 1BC10801
2A4C5496 3BE0434F D3041F3D C78B232C
7149F7C8 FAC30FB6 21095C15 E8D8DBD6
EED01831 20A03277 7A254E56 ADCEFACA
776BD54C C87CF01E B567900F 8FCEE36C
429C61EE 86F976C1 0065F43D E041EBD1
94E65F6B ECFE7D47 C994FFE4 44028917
21385D2E B249F190 75C2EC83 F0D55FD2
659B94FA 5419CE1C E47812CF C950D58F
B6405A98 ADB71B1E 731C8147 F1A3601E
1544022D 7EAF1AC3 3DD34639 47EBC875
CD539284 DDF281CA 459FCFF3 2EF887A9
41F26A57 275571E7 3065F6CE 90AF283D
C4224F58 919CCD6A 8BAC09FC FE4B0856
A04FDBA1 F26A1754 0A1E2A57 9E82B8EF
42FFE8ED 95E77B5B 6ECC0CE2 58E03C4A
05D06A75 2A825166 AA581994 0765F766
F5C54B23 40498684 1CD1DAE3 CE72A8AD
95BCC80B 8E442A8F 1971E077 70758A46
9C1BE030 9FE32A49 1CEEE2A2 CBC71AB4
1B5FF63E 861A5545 AD686959 07A8FB0C
E2115552 CB6673DE 94EFA2ED 0183E699
440D4C5B 2D11B0B1 B179C760 BA243DC7
7523AEB8 A767B3A2 2B081A84 0247BCC3
D88B2DD4 73F5C3DA 38B7D432 1E2E3477
889AE451 4ADF0294 70343541 B880DCA2
1986768E 37787B3E 90716CAC 6F64BD80
EAC1B0E2 5B9038E7 4D380E43 AC3F7015
AA5C78CB 859E0870 7BB9B1FF B463A201
7ABBC73C 668A3779 E52AD957 1185CEEA
2BB2F0A4 AD3D5B13 830BF450 CAB62CF0
94E3027E 4A5FA6F9 C171E648 6712B777
2E2B3220 0EF8796B E457C2F8 ADE4A98C
1C2EA2E8 150C8D25 3062256A ABBF6E25
FCFD566E 5A18FB04 5AC6F282 E7230CB7
C273780D 8FFEE98E C512DD9F 673D9F5B
1038163F 174AEF84 248B710F 4714542F
01C8E9A5 11CCB55F 679263BD B1530BB1
84D71984 E919AE52 00067786 70CFF95B
215A7E58 5FF91C52 4C6513CF 5FE8DD38
F9946722 708F9B40 3E51DD24 02BCDC77
F2C559F1 506157C8 7B23B822 1CEB02CB
298EE64D 9FD52ACC DD1C39DB F5AECF33
3BFDE146 930D7F16 118B66E7 CB7B6F25
B71D5C5B AC87C9B1 5D6247F1 C959108A
7C0196EE AA730AE2 3F2B313C D0C6B3E0
22BF7F4B 3EDDAC35 2B6232E2 AD9863AD
17F58FAF 95A07DEA 961F1D6D 640ABED5
02B9C892 5F029108 25CDE96E 2439681B
04310A8D F11F7860 B3B3C3DE F10C983B
76B76CAE 2D20E730 6768CF3B 1F93B4F1
C376C556 2D539759 B3BA532F 45507C3A
D1621CDD 3457B55B 862D9CE6 33B2A151
BF669FCD 59F8C269 9BF3B520 061383AE
7B60018F 9AC9EB74 4BC11380 7239F1C3
4F4BE3D6 035C0652 F7A8ED7E 7CBA4802
0EDD57EC CF29B438 04E781E9 347057CC
B7E10839 24BBBC73 C2C739CA 6D85047C
3F4DE1A0 1E036A83 6E2EC658 0C43E9F6
91128933 24ABCB7C 41FA6DC4 6C55BBF8
B161B6FD A257D00A E6E59F8C 01BDB2D6
B79A09C5 93689422 05049A34 146BA097
1E43B399 A3C23D57 DB5616B4 CA4098D5
071392ED F7AEC684 050C8B34 C4D054D2
12D4B24D 111EB23F 45662732 7CCE2643
DB1E9A87 5404B6D1 50BF6613 EB982CC5
3878A851 C9EB9975 7DFA6D9F 70738438
9A552C3D BE1C6CB0 01B259D6 ABBEA8D9
A8F56D1F 7B37F070 AF9C2B9C 33275EAA
F7CCDEFA 594490A2 09522264 72887524
7B9CDDFB A9C1EA10 7D0B55D1 C49989A7
465AADE7 056AE700 98183E2E 8678BACB
1FB68697 683CF569 36DC3E7D 819418F1
EE5E31E5 F768138B E2C863FC 04E99378
A460A9E9 E3786F25 99B0DA61 2018C892
DC7B2F14 FEE8A4C1 E32AE3A6 1F5FA119
AF20AC6F 28586AE0 0BEE58A2 C3A578D0
B740FB20 054C8E54 D70252E7 6C3AEA7A
7A5D3583 13926015 A81E7DD6 72BE4F8E
C6107FD4 0D51EC8E 826B5AC9 05E59FD4
65A19480 B9586252 070DFBE3 C93E7AF2
275AB7B5 A3CAF1A1 FB5C8109 18E8BB03
6CE95824 F331DCCE 21B7054A E4127690
024B5CF8 DAA961F7 6559DAD3 D70FCBEB
87FB8B12 4DCAA22A 1AA573AE B9F139B6
B59B4F21 25CDE6D5 7833B519 45C2F419
127260C2 73986501 169C49D8 FC9A286B
657D7900 19DDE08F 6AF701F5 1DEC8692
926FA30E 0E930452 1F1ED26E F90EB6C8
E665D812 FD082A04 76B23BB4 043B9F14
EB9B58E0 AC4E9577 878F0D62 1C61B44D
96881448 63046727 31886E1C 87BF8D5A
71F185B0 F77967E9 A5CBD80A 0E16A120
95C510D5 04DB5BA8 8E422973 867E0158
429CCD31 E36992AC E5A986D7 1359A891
6BA62547 B65D1B68 1A5AC1E6 33C36969
470ACCD4 E108483C A7D65074 DB9E33D1
7BA195EB AC8465A0 8BF8C19A 538F76B0
A826404C BD8E8DB2 3D574A01 851AC4F1
F55DA778 FA9854F5 02D2C988 CB242558
A4BEE6EB 77B0D674 A8A8FF30 72258F23
AF5E1A4A 29494851 B358271A 7EC4627B
70E31E67 A9C56BAC FF910601 703EDEC8
C4DF8193 65ED234A D93C6FB8 5A393813
4D4D7CB0 9BC5D14E 5E3B3603 3811B3EE
0CA07079 0EF98059 59607181 D0A32090
1C740688 6F726E7B 454EF87D AD3608CE
4EA08395 5EDE709F CB33F60D 4862F834
524D44EE 82BD097F F9B9A275 5B0688C6
52C3599E EAD53D2A 439C09BD D1939681
88A28A8B 97B89997 AFCC2636 9C104C69
3422C87D 8F182826 02FDD6C8 A7743599
32ED7A3E 44CB52A1 6FCC4932 444ED44E
D2AE9368 2634ED32 6E75AC3F 25EECF35
5E960C3F C9D83B69 1CA2AC78 962AAA4C
50388876 5579532D 2768800F 3B2C0E18
AF1E5337 BB12EDFE 0D1ACF91 7D797297
54F106B5 99D2CAE8 B3BFC5E4 70939AC4
6FBDC77D B6C93A9F A5E6EA3A 839B2B39
B21D2DEA 9BE63EB5 CF4C1667 98958CF7
85F8B498 F27CCE78 633A66D2 895E5A33
860148C4 D6FD368D 17A81730 03FB18B2
29C08086 3309D96C E5DCA440 EC4513C8
C1E1677B 100165F7 660E2224 EF9ABADA
A7F5C265 E0E8DA4F B069CAF4 CDB8CA43
45CBDF77 71743C5A B770E3AB 65D1BB7B
D48558BF 253FAC06 AFDD7103 97048BA4
84A6D243 185B192C 37EB4B38 EEF8B7D4
D696DF59 182DC995 566D8D09 45AD2C03
A3D3804A 1A3B27D6 341F2EB6 91C80933
2ABE059F 8D7CF24A 5939241F D19283F4
893FD466 10EC533C 860F145A 994870C8
78E5F3A5 3D16D54C 87F61909 D4E9852D
78549CCC F902AB0C 4D6C5A35 761B5F2E
5486CFE9 1FCDEFCC BBAAE00F 650EA1DB
2F992AE6 D5EC6452 6E129CDF B0FE34B0
A4F136F2 4954449D DD1C5021 9BDCBB5A
CC8A7C19 78D33DC0 3A510F48 14AF2F83
286E9A0A 8DC77A9F B16086B8 EF6A19CC
02E99916 D2E894D9 5F353A8B A3396EA7
65164FFE A21D4B37 3B1540B6 A40CA02C
44C1ECA1 86E10C6F 3EE19D74 18B7F0A7
3332C0C1 EEFB3517 17DB1CE2 41A4449E
550D202B 0AD0E2E8 43788165 73840E65
EA74CE2F 4C8ABE65 F6F4D17D 06A32C85
5FB604E3 F510AFD0 616AA454 65141166
E72B78BF DD11A2A0 3F60B4B3 39C0C8F9
6FD75649 047A3229 81E0F301 5F34B6A8
9138A64A 9B5CA9C9 9DD69666 391A519B
337E15A4 C66A807C 2792E554 01583ACC
6F4FF568 3A67AAA0 04F78781 C6B9CDB1
094855FA 13AC8F1C A2CA1F87 886EF944
AB41C64D DE5F4DF7 78D69F9A 7EDCD614
F2803D66 112F95C8 BBAD65D7 AEAE3656
4E181582 1D30A5B1 CD3AD43E D0E1E7B0
1BA482F5 91E38601 A275E682 5AD9DB2B
9FD2A3B7 FF75E482 8CDC0A3A CF76E88C
98BBA4FB 1BA6AB58 519B35AC 1B315FDC
B460C68A A957A151 449664DD 15F66AD4
03DE42F6 49A29D8B 46A3F856 4C54A65C
838A128C 034DFF03 17A51DAE 51E7146C
E781FAE2 CAAA483E 865B3A1C 71D845D8
B2A1E630 F21FCC1A FE339DEB 368DFAA6
B5607934 5CF59CAD 282030FA C9F4CAE2
43F3D787 50CFEC1F 5523FAD7 6EDE7C36
4A7C8474 7C8F3587 5C8BD211 6EC27908
E6D3E699 3DBC29BD 43020133 CE146E5F
2F6CC334 BE0BC028 8E97E86E 733080F8
DC03F520 9FC43447 DB91E498 59603ACD
4551D30C 3F91BD14 4FB6FC04 D85D03F7
F38549BE CE44B5C9 A3BDAC34 3DAD536F
97ADD24E 29442F0E 4CFB3C3A 138BD404
5596DBB4 DA0EC9F1 AD770BD0 8F3DB667
EB87BE4C DBE7713D 414D5A2F B4863A97
503A266C EF59DB92 413CF2F9 5C634B05
1F2034BC D24DEB6D 1C04AE90 7B127815
25C770D9 ABD63B66 79FB9C83 0219ECA7
C41BB542 E3412C47 0D91C823 F6195D9B
E0D817E7 4A3440B9 5083B88A 5B7EE78E
95833E2E 2E12F497 FC58B0D8 4A31D896
2B958F23 FD200B4A D1F600DE A7CBC4C3
D979CF8B 10A3F54E 9FF677A9 1EE00322
CCA20934 553A98B5 F3A1004A 90212607
F1B150C2 5D1F94BF 42F93CC6 971FA8A8
D8781B07 252E0857 EFD9B6C1 06649462
51655B48 217AD8FB 07B1269F AD0E4B3E
80C905E0 623D6AB1 A9AFD097 DAE9E84D
68066D3B CA951E6B E0F6E71B A9B60210
6E0E190A 00DFF905 4D963983 3AE36B4C
C8C026E9 8B477C29 7EF7A314 4C0B6FAC
61772D78 03B78237 18E2D9FC 6C362753
5D9D17F2 DBBF5641 89276E2D 94D07C11
CA5D2BC3 5DC51730 E927D913 BD4A50BC
B4A5C6BA DE8A6C78 2E9846BD C64A34F3
1696978A E18B9D6E F69A04E7 9B2E34C0
04ADC57D 998AA998 2431AC78 90384CE2
4BDD75A8 73BBC43E B0F7CD31 8F85E207
50DD2D06 78B74B24 C369E392 6A952A3A
55037214 F55F975E 17BD29EF C25F6B29
7864A2D5 DB9284AD 1B7CE7E7 78FE2AA1
8CF3C17A 809D8E0D 66A62678 9C5C4E9E
A1E14369 18E9F24A 522E5DE1 293587D0
230FD9DE ED6FA3C5 C65F6213 4BC5931A
F754A4A1 33409F1E 07B73B26 8C6321CC
B83A40F1 0779B11C 2F283F25 F2867419
92B43238 CD4E3887 8B48BCE6 3601A7C1
4D5A7E22 A8772DC4 899FF72F A1BEC0BC
2FC325BF C6176948 37BCAE61 261E3371
E62C5BED C7C5B58F 88AAA4D3 B9DA478C
94216A8B 9BEFB4D3 D3AD157E B1860395
2941A3B4 46A44F4A E250B657 2F708DCC
9D4F69D2 0CCDCF2F DC2EB539 28F1FD67
9B0E66C5 22785892 6B15986E 5095005D
9DA3E930 946D4CC7 4AC56CC0 69D8A5BE
DD720BE2 953C5F03 F7540FE2 60F48907
732CD07E E89FFC4D A74CE497 63AD5DAA
9B7C4954 F63D2430 646067FC C5D355B0
505401D6 CE74426A FA841DD3 65F09455
A86C5ACF 37A349D0 0E8E288A 0642E0DB
1846A538 FD81C32D 2188DC6A 1051B6DC
7DF91E61 78DAFE2A 1C2654E8 D2C32459
0E0AB200 DB1853FA 08DD39A3 C7749955
0046A7A3 067E39CE 7894772D 90B6A9EC
8689FBD4 D5A9B2D3 5B4A6794 7437193E
7813BEAA 70544330 0B266E36 1FDA392B
3803D14F C297A506 A0370B34 9EF2CC91
A86298D1 F799C82A 143329E7 FD26B6C6
D500FFEE 4FC27490 7874548A 1806C186
9F174F87 423D588A B02402D4 21951789
C3CD5F1C B3C73D1F 4022E69B 3DC6617A
41A39980 A48908ED D6140910 7937199A
F24498C5 4A9782F6 4D3B904A 135C08B7
FC4C15BA DE0ACF98 870CF65C DC46981B
8E6B4628 5BA018FB A42E7BF9 098E8570
7E4301E0 94A0EA01 22AF0E1D 6840DE9C
47743BC4 296F388B CB4D9B40 C7D3D95A
E67BF5F1 0ED6FA9A 7E0711EF F86F907D
09E2E3F6 E49C65A9 68A101B6 51A696C6
6CE3D3F0 D488D7FF AE46ECBA AD9ADF4E
01A67938 9E192245 8B3CEDAE F7E04F0B
0B3436D4 34C3AEF3 1D3C0AAE 8606ACB6
C25F8516 E1373E09 5E749819 06331C48
DC21C3BD A635D44E 95B9E56F F6BD9923
EF027ED6 27EE64A5 3F2962B1 A57F7C27
625E073B 041B1BF7 5BDC01B0 70EFCD9F
F8696197 26F69EE3 9602ABC3 BDA0DEBC
0C97C00F 149E8831 EF1A3446 D7752F75
993FDA58 4811E863 EC3310EB 17FE8C99
CE461BE2 C64E611D 351CB25B 5E6C8948
2F1B6FAE DBAAB9E9 F2B937A8 979CE530
764BE7F4 F8E67F32 A3B6EE78 2BC11FE5
A5C41AA7 EB3D51FC CE34BDE7 8FC4E3CB
FA23D5E9 8A71E79A 3F077A2D E5F4BBFC
14D6E295 859D25C4 345124CC 69D4F7B6
77F3E367 FEA6BFB7 861AC468 D5689E74
E684E049 BA106A59 8370A485 7151479F
1FEA5C95 B1FBDA2D 986F3DB3 46B1D960
53713D17 A0FB30AB 20A10F1B D7CE1790
94687A9C ABBD4829 2F357F41 638B67F1
6F634E78 9C959850 2630F897 716CB207
625EAC41 C0725AE6 987D363D E2ED5A92
9F096474 F2E9DEDB 182D99FB 6098E527
B941BB85 2D8E5AB3 6F47499E 2370FA0C
5367FA97 29FA92F6 AE4D6CC0 141C0E2A
05057269 F9E5CFA3 4A49B195 6613FCC7
38369E71 744BC341 60736427 A17534A5
2DF4924D A8230995 FDC8B92F 746FE757
FD97E7DC 35442375 07FA3CAF 1897C4C5
DDD64548 FA1B5050 69A62BD0 0609DAE2
C76955D6 BB5741BF 459F6CF1 0EF13461
920C47BB 48F1EAF0 DF2B0B0F 1E6F5AFF
065C5EF6 41AAF7BA 1A905AD1 44B3B250
6BC7E675 71C28D21 99CDF6B0 646D2807
B4868A7F F60E692E 69764E22 3D165C97
B03C8143 98C51CE2 985EC129 B0AFE36F
95ABEB4B 5CD3FB5A 828220A6 1931084D
11CD471B DEA08478 78D42F1C 86B65020
403B350C F996A046 357E34E2 BA852815
4E2CAD49 1353EC94 29275C1D 72DD7EC5
AA1F14E0 056DE5FF 33C035D3 129FB96F
6BF3EA50 61F04127 2CD86783 C153BAE6
5DB6A645 C457F2D8 7F548407 CA1773FC
1858B709 208C0D74 1CF331C2 F4FE025C
B5B3E76B B416EB34 A2B65475 68B7AF94
8BD5FC04 722DD0D4 C3846A13 0DFFB0A0
E06B7EE7 5926A1D1 2B7F38D1 B66A6D6B
5E8F7639 614164A4 59BB7F9B C41B7DB3
D122AE97 65E6C327 13DD5900 86AEB802
ADC9C74E 6DAE9FF7 B3F05EDA 05C59983
B366AA42 A35A163F 01CF9812 3B57F36D
45D9A5F5 D422A0B5 5DB7F84F B350A53F
F5F21EF9 ECEC5B70 6DFABDB1 D686BC69
BCE01771 505FABD9 DD88D808 6B9C1FF8
B0761EC4 346CE7B9 4316DFFF C7630861
5BCF5F46 1A3A6080 A8A5AE17 1299C684
E8DF6DC6 34E94B8F 134F5C7A 4E73D3DA
8B2C8B54 3DB35591 458DB4FE 7086AE11
64408146 E10ECE66 F78C22D3 473D7C25
EB83BE05 81AC9074 87937CEC 3C9D926A
7D29748B A2CAFA61 70DE1D8E AD0A30EB
91BBB990 DD433DE8 13701E49 E4C87EB8
BB3699E4 4A0A91E0 7C3B90BA B26E2952
AA55C4B5 8B5968BC 01BAC2C5 B4C1D7A3
AC9635D7 34AC4796 D0D32123 3887E9EF
9729CA1D 60EC4773 EA645C36 3BAE8FFA
7B44C63F 0445270A 4A2CC497 01F60CA8
11823457 E90A0844 38791AC8 B2A8054E
480B05E4 3A26FA0B B5F75464 16EA3175
C4BF794E 7D329495 53162274 5A7D4665
63987C25 EBA84B72 E01CCDB5 F7507881
FE8DE787 753F2F31 BDAD0E99 6B537BF9
04369789 A0625F3F 199D5589 80BF302F
95F55CD1 77F4DAD7 3EF09BD5 25B3924E
05DB2BF1 3288301F 95FE87DB EE4303AD
F4F44DD0 775047BF 4224ADAF 62BA6B85
E207AD17 2DFC341B 661AE0D2 5D07663E
EA600E68 B8FB51FA 3F1DD01E FAF43AC5
37ABE7F3 1E8C9381 7567F551 45E1D11C
01614BA8 16B8D1C7 D72C46FE A0222A56
F4606AC5 084BB9EC A63EBAED 3239C5DD
AB2B7B74 88BED814 30E1D0D6 47F1C60A
77B058B9 56FCE20A 4503388A DFF6E6DD
08949752 1892E49B 5A781F74 A1938D78
6277A2C2 B52BDA4A 00E4D52D 3C6C9A28
F7579355 E0BAFF56 5F6404D4 9BDD005F
565A10DC C95E3B2F A6F62CC4 385ECC00
D2DFD269 54F44027 89B03672 060E2330
A10662FF E9EFCA65 B40BF9BA 2CA33986
3294326B C04271C6 0A838085 DCCBBC6D
2362ECBF 24B34C5D 6672E4E6 007E6ED3
8334132E 9E1D2EF9 B5205115 3ABD9F04
C9A4B104 464579EF C9D290B9 6B8AB125
A346F5BB 13B052BF 22578998 9FFDC746
75D34BE7 F8D65DE1 6C57422E B1FC37F3
D59B28FE 8FAB1547 C2E4DEEC 27095C4B
B67D06AE DED40474 E8ACDD60 9145B51F
84BE55EF 9050AF9E CC32F595 7BD29D2E
7F3040DD 6AFD71C1 98847712 4EF583FC
9B48717C 260DCFD8 037D4FD0 4F286CED
4BAA3097 3C143509 5E5218CC 18DFD886
A74620E9 22C682C7 7345AD12 14561B46
EFDBE057 D6605C63 0BEC051A 9CA0A7CE
CC210386 C70041F7 FFA41D2E 1D4EC040
36AD5A3A DED25ABC 4910E6FE 2FC57DA8
6873799C E06457CE 0A4E203A A4FB3E95
668848D2 D3EBCDDF 9949EF6A D0174448
6B97D7E1 F3F7E55D 9383BBBD 283AEE4F
938629DD E540E67A A8FB1B51 4D7866A7
BE68ACC4 2BC940BA 68CC9278 A9CC8F11
9E685D53 EA0AE11F FE0ADCDF B5AA43A6
A91B19D2 7314FD49 C578764A EABD0FBA
5F829ADD 278E1A6E 0D97583E 2163CC3A
1D965896 F26EA7B9 18762EA6 463663B3
BF1135BD E6E5C563 8BE58B5A F387B5FB
ACD0E415 4B5FD8F9 5CC64A63 609F46F2
854AAC4A 15E974B4 A104F43F 1376BAB6
4F1DEAE9 E113CC46 C0FF7C31 1BA025D9
D7616AA6 91B9B5A0 F6183CB1 48B0CE2E
F8E162E2 170EFE03 F28C718C 52EA1F72
957AF883 7D313CAE EBF519C7 1A410472
F710F154 91D221DF ED21E681 FD637888
8D20CB52 3AC45705 73EFE955 0467B39C
0F61AE3E 32471D02 02D9B35D 6DE03227
C6EC58BC 8A01DF72 DEC2E8DE C2B3834E
11B65DF0 FF561A69 205D0857 8B778D6B
D70FD888 F8301504 9BDDBEF1 AED30269
6BAA3F1D B9125B98 097EF3D5 EEBDCBF5
8972E492 B44FC17B 9694CC43 E9007BF4
7D662B8A 2B515BC5 FF05BD24 4F9A2377
CEE0BCC7 9AE3E080 EB79F389 E6B17C88
781EF185 D75C5438 60C8C0E0 180F9B8B
7B05C400 9615C4A5 3351FEDA 98666526
BA5C3EA6 E5788086 4A68A4BF 13627E87
AB5BBBEB 23C62BBC D4EBD551 DDAAFFA6
48836110 3546C6BF 9A464F5C BACA7241
D6257251 1D10E02E 0F7D8F14 F38A0D77
88808127 541E8D0C 5217467E DCB49AD9
E8D073DB 1AFB0BA0 B7E7D4A0 6F406151
D387598C 21ACB252 07E28A96 CB0D3413
27DCA000 53D3491E 909AFFE5 867A7F79
186100DA 8B4F3B49 CF6E5F2F 0DAEEB99
A45CB457 894F58C8 9A19CC1E 1B5594EE
BCDADF8E 83D9077A 04F1AFE1 1D81EB8D
0F8F95FC 9213CD51 7220C990 602E7A3B
17A898CE E959D27F 848D4FD3 49457BA2
462A3691 61CE3545 B3E8C74A 898CA6E0
0470BFF2 8F5DDCCE 7106FE05 82EA28D2
93D63E3D EE7155C6 69675E65 849693C3
C36DE84E E844E417 2BDB1802 066EA56C
46DA4A98 26DDCD31 14D6DECB 718AD041
6861C833 EB2A3F93 66467890 20C4D217
96705211 1D931E97 A9BF5D02 0FF08680
DE41C2C3 7BA04FDA 97776C79 E9EC6730
1D57A310 94104ECB 2EE4CDCE 641FB902
3059BB84 617BA163 D6BB5682 339CFF86
59E58C49 EBF97744 21D051A3 BF2F0CDA
8F26ED13 CC24A337 1FF438E9 CE00ACE1
210BC7D0 1CCACF36 35967490 61573E40
E9D4AEFA 7A75FCDC AB701FC1 60775CE4
EA555785 53AB3DE9 17FC31CB 58350ABF
893A0B86 3AB2BEDA 7E223630 58987777
6C507631 12FBB60C 02D6D5B1 0AD0D3F1
8002AD48 E33BD96F 620ABDA1 6EAD7E86
A5E88337 7B590DF2 6619C280 CA4346A5
3A0788E6 E433194A 232EC2B9 0EAC9580
5E0D11F7 E0973A9C B828A299 B7DAA75B
7B9A119E 4D92590F CE497786 294D1604
F6F5E24F BCDD80E3 8FBDCE8A 317EB7FF
01A031A5 A1E158D9 8C901903 589AFBFE
ACD143FD 48F7E310 36154764 A6E665A0
B114E56A 13BD6B3C 247CBDD9 48A79AAF
4B2DE347 321B69D4 CA0FBACB 63676215
FF4CC6EB 23A5064A AAD822FB 9023A6C7
62035E29 A3515BEC BF8D9416 9188D6D0
59B2E8EB 2EA285F3 4FF00BE4 26E02705
14E8E07A 8A10DC7A E729BA37 23FE3589
9E46FB1E 716BE62C 2AF59E3C 57BE19D9
5F7F16D8 741B912D 8CC9FBBE 7ACAC054
DE8BFCC5 AA241CD7 B9A5D49C 13BF6FA1
84ED3539 C374EE72 BA599B49 84B99E9E
38839AF2 18F9BB13 684B9148 571C3D65
AD982472 BAEF2513 3A469193 89321129
C5DA5874 D7241D0B 96320A48 84ED39DB
66651383 6B33AE2B C1F8C95B 2E186D67
C7F1AADD 3938BE99 58497522 2A224A01
1F217E59 AD338C81 646B6D98 24601B7C
A771CB27 D1AC99EA F1359A25 8CC1E2FE
7D91D153 525B6AED A73458D5 139009F1
6D511482 9E39DC4F E827C7F2 200B2286
0E3EDC92 C2E8848D 63794EF4 581EB59D
BBD20000 1459DBB2 27F63966 C24B08C5
BC59E98E 9A669803 5C632A38 D76A5CD9
CA2BF193 AD755DB7 726629D2 91D4B2F6
7BA76DB1 E684DA8F 2B9525BF 608B35BC
33935A9F C9D27DFA 3E38B36C 98A27B80
60BCF16E 0ECF648A 0D87C297 E1A3A42E
E9F1645E 848501A6 AF0EA030 519E0844
AD9C8A05 21362795 FF254235 B3A0B37F
61568143 9138F16B 10C54B49 875F5A9F
86C17A34 7B6B3F22 5BC427C0 727940B1
372170FF 5F6A3712 49CEA36C 2742DC2F
E260466A 6BE7AE64 0173E8FF 55052CB6
55216891 DC4C87A0 BBF53850 7576B037
E05CDEE2 6CE5BFA9 7A1510CB 9F3773C1
8837506F 6ED692F3 77653F12 52A90AC2
93ABF909 B281C10E C2199AFB 7EDE72EF
30D9F10A 675D75C6 BAFA3051 357FAAE5
52586723 D96979C2 58816387 E12F26F6
6FEE3E17 96497414 1DF48B63 37485D08
7C2A5241 02B91125 AF8293DD B77EC8CC
9B4C41D2 066A04C5 C4B1DED5 D88F69CF
097E0DA7 6F3C8FC1 C652F1C9 DF5EFC93
838C6068 53D769A8 F9F675DD 9F086E72
52C66829 06DD2D7A 413C27CB E4DB4A0A
3271FE5E 3651CE5F C4EE084D 56620762
600C833F 601DCEA8 A493B3E7 C78F9032
98917F61 5B6BE2F1 C7998E9C 8FE72AE4
44F5699F 0ADAE931 005FA24E BD6A5B37
3BAC6517 837F57E5 F65BD7F9 1F6F19B0
31B4C05A 172FBA59 E8E38B0D CAF4E7AD
373480D8 56F5BCF5 5B1BF2DF DA2DA143
71D7AC8D 1D0D103B 11006DEA 31A6028C
6C9E73F4 E5674C22 7CAFC0EC 7FF3CC89
EBAF40A4 16F7BF2C 68C028D2 426ACB7C
D96EBB5E F9B02AF0 D26511E4 A20408F7
00338ABB 3E33F5FD 6B0B5EBD 2EC47DC5
95B08144 874D48C4 C4257195 97993385
35A04900 5E9D77A9 09B918CC FC9A9927
0FB60493 D2AC80F2 9553DD98 2D198029
0FC3DAC2 F32B298D D2057CB8 CD379FBA
4C8847EC 9F0BB32B E106FC82 C37C8C98
7C52AB23 3FD89AC8 5E281CB8 782BC24A
5CBE83F1 9D1B49C3 A5A9F67E 27BCF741
9C74E377 D40978FD 67E8C8C7 9657524F
3631E146 BC021A9C 0BEC711B B071876D
35FC44C8 6D75F902 E8D91669 3C3341BE
17F7C130 CE620CBC 51796FF9 CD3E0827
FDCB9A8F EBA0F76F 95B7C18D 42CFB39A
CD902FFA 2A3E3875 78A0C53F CAE61A3F
842EEE09 B4C1D38D DFBEB464 BEFA6206
5D6A3987 83DE8AD2 FE1630F1 B868B840
86AB83E2 B4AFD1E5 DBCEBDBD 0C30729C
E2F37690 1E88484B F0B503ED A4F775E5
98FA4159 2E2DC38A C781432F EB3B5DFB
13539E58 E66DC5AB 13184DBC 3D9E0F7F
DF4137C5 E14F1CC8 E2D5C6A1 4261F242
477D3277 1B7A279A A1A8331E 777B07FF
F61E1306 32DC5716 9F9DCD72 FA519C55
421657B3 6A25DC55 78617B51 D14FEC46
27420D3C 4BEE6E3C D89176E9 49ACD794
20CC4E9C 5EDEFC6C 504229E0 B116183D
42450B59 8A5F9E22 3C6488A2 65C51241
9BE9C3ED 98707E82 0DF030C8 6A5B7C34
6118B255 3D23FE66 1366E72A 1F284489
43BBCEF3 EEAE8A3A FF877BE6 2CF0868A
7E5C1649 7A5F5F5F F92EFC1A 208FD111
6A3DB10E 4906C4D1 0C05BCF4 382CB844
6D47ED88 16A2C3EA 13B5E03D 4894C19E
D6CF9F83 4D285A08 7DD3ACD0 BE7CFA6E
96D8CD78 962E38E9 6D88B2A1 A25FD108
D9416D14 A7B1B80F 3814B72E 70B261E9
42383218 FD84E406 7AF7C811 1620B185
01715E7E 386C50D3 B1549B94 B2E43433
71D51BA4 F117FD08 072B8621 9ECB3BA0
7090CFB2 23CD4C9E 7A6F35F5 5081E301
83172D92 683D841C D9DCAC61 8B54DE17
3F4C2F2F 90DEC045 DCCB9BB3 297543D5
1C2BF7C7 F37F9CA8 24008E86 29C3A473
BCE9D6F5 D6A49113 FF627E54 5FEDA8DE
43984B51 D1F3C0D6 F642CA51 1D14E715
457DC8CF 009E64BD B552354C 67A2A403
0391043F 8896C8DC 119F775B 3AA9DAF1
9EA2C616 B46C5BFC 6D81E031 24C09D76
3676AC74 BDB49FAC 9CD46DD5 C2DF1036
71020ED7 C24882ED 932D1326 E1B996C1
44AAE13B 634B094A D0D4CBCD 7291CC9E
17976024 724FCDB6 01EF5393 D90E5474
0386AA97 AEAE7FE6 17D99069 66E6B99E
3178C68A 3220BF20 C8351BE6 E945E952
CCCAE8B1 82C6264F 13C5717D 62BB02F2
F98A6919 6DD9B074 8E807B6E 6F9469DE
8573C2E2 1551DFDD C4DDDBD6 24F8E318
C3456AC9 A081A736 98C2F43E 5B1F6BA0
E871AD70 C4623B68 A8201118 706647B7
34B74E8A 7094F817 71525C8D 6D2D9A0F
9CC9A84A 29A61BCC 94C020E6 25705802
2E00F5D5 2F496CCF 4D0A4272 E4E4F89F
62386193 A5A1C06D 252E047A 1BE1AEEF
62192D9F CACC1CF0 7A5B6BC1 456FC0BD
4B30652A 53C2A06E DC2E6071 B1E285B7
903CCFDC 7B930F6B 60134389 1685EBF6
D51EB13B BA10B1ED 1746CBA2 494B6431
DE1AA79D 385870A9 86569802 00D6D4CF
38702377 0F4A8812 D056E7A1 B21920A7
3788200D 74B204DA 7FDC1157 75AAE31F
E09D066E 6A31EDDC 211CF187 8E85C0CD
A3F61662 ABFA40E4 E60BD9E5 6F90A67F
B086C5CE 011D47BD D184CFF1 16F234BF
150CE5E1 8101212C DE255667 75B9BD26
01E9AAA1 1E4D9F5C E833822D FACAC97D
3AA2A888 FBE7EB16 D353EEC4 D5762E4B
20C39B8E 8103F528 B3A831D9 43D41928
8C4CFEA8 CA4FF8E8 EB3F13FB F2A7D43A
820E8A5F 319FCD81 B4B9015D 328FA665
4AA81B88 402B976C 563A325F 95F1C157
CECEA51A 8487433A 9BBBE520 F3438AF6
82D63567 40BEAAF0 B26953DE 69032E67
DCDC9DCE E830BD19 03664448 821B3F8D
D86FB3CF 60D83B67 CAE1A5D3 20B676C7
96A43515 8F1716C0 3390A908 7F0DE111
36A59887 6105804A DE981A84 318A7B0E
3896C114 09B5EF0A E6C4C027 A187F821
0A57D921 B6D5DFFD BD0CAA19 A2FF6ED6
74E9D001 50CE1B6B 7A8F50D3 3BEB83F6
9ADC52F3 63523670 D2E818CB C6B0F1DA
6D383F25 CEE08206 9EC8EF88 5F55F6B5
E64C10FE 42D9F3B1 EE4E1017 48327EC1
C2DC6127 2EC5226A C7BD9362 5AFC4235
B2F23023 A8748D78 F68D5EEC 075097A7
2F26163D 854CC968 73C6CA2F 0E8D2495
1640CD79 DDA76E8E F47C80AE 66123FCA
CA3A704A CC1FB39F A2F2C373 FC9DE307
4801CD07 E2A70434 0D917AB1 0DFA03BC
36191935 5ACA6A67 23875D45 6A6B6966
6D5EB663 F2D585EA 9A5C3896 D5BF673F
0D76C844 72F6E340 C40287FF 6B627FA5
42A5E09B 37245309 8A002CDC 484DBBBB
DB48C2B1 8764CE9F B1D8B335 8365BEF7
73EA38AC F3AC9A46 0F30A0E6 7F9BE76E
5F70902C 2BF87B06 06AAF596 6819080A
7EA39F1B 9122CA83 53DCA37E 6AF556B1
432E72FA 5043D155 30A1B7F3 8BB208B2
D34D9E72 A57F4CD8 25AE1AC6 6BA6EE90
DA2CE6B9 2597E0E7 2208870E E400667E
B591794E CE41B276 0090B657 FDDB9FC3
1962D92A D8C57597 459DF0B1 1F165E63
1A2A2435 D11C4A14 03CED5BC B8DC5A0A
57B29E2D 1C8B1300 06B672D6 42B72D74
22BFC11B 4E7E0B65 1F2EA1F5 3C54DA7F
C4ACBD2F FF75C992 DBFC2548 43ED3095
08EF7499 9CE4AB4E 6588E055 C4012BC4
70CC3591 C4A25451 563294CD FA1E9918
4D4FDA71 A7818911 8CF78EAD F3E5B3F0
79B72A1D 7B4F3F68 3854D2F1 299D0222
BBF5A95D BA57A949 61AC8365 6B361AED
24BA2965 8534BCC0 40D8D7D7 6F442448
5729859D 1A012F80 31D429E0 86C13714
B5EEA615 46F8C35A B7B3D93F BCAFD962
CBB6283B 8A691663 9CABEDB6 05DBE53D
1C7AC8E6 B3E9E613 903B60BD C442DC6F
7CDA410B B6EE3885 1B71711B C93F60A7
D57D58A2 E6ABBDE9 CCF9E2F5 F0440EAC
F0FFBF05 AED324B4 1CEC4DB7 2179F59F
ADCDA91C 801A055E C9B4E3D7 7393562F
D25D8217 4B871691 F09FA871 59A76DEE
27A9D4CC 2B7AEF83 96878F0E CE93466F
55326882 794BFC78 4F508773 55E70836
3832127E 4EC6BE23 ADBC82A8 CB6E668D
F2582DB4 75B72F22 6C032DAC F00DCE00
4B27023C 622A84FB 609721A4 AA38E96B
C412DEA9 B6955FDD 86915D3E D6CC670E
210F35EA C59F628A FA157274 F2D68063
30FC483B 24AA8216 16EBFEF9 B63F911B
80179BA9 F36C2472 BAD0D185 36D576BD
F7EB7A98 0EA0F951 EA8884DA DFF37B5C
F1912578 C4F8ED50 2FC282D1 839C218D
196EFCE9 A15CEC88 DE5C2AD7 12E7567B
00BF947C 2515DBE0 A563240F C18928D0
265B41A3 A25158EE ED5B75C7 44F0F541
83FEA8D1 FD28E37F A3BD32C8 0B4894C8
54FD838C 43AAB592 7EF50125 38D78DB7
960D3BC6 A35E4582 0D96EB53 0BC15766
4E2B57D7 0509AAC1 4A1D49F1 47F0630A
3C7201BA CBE4F9C7 0275A338 E34C9153
9E0E8497 725EA217 E5D11B10 948771AA
EE1DFC53 A861E841 3F48E1D8 49EB7C3F
BDCC2F4D 39DFAEEC 94EE0B09 B79F5F50
ECFBF169 02251A6A B07A1EEF 340618F0
DA29AB7F 048523B4 80A65B52 C77D6F17
09FFCD51 37F0A2E8 FA7C398D F81EC6A5
3A56B536 1694F9B8 2CD11F09 CD4846EB
12A6783F DE582544 EB9A2FDD CA0722C5
9258D61A D12ACD0C EA8E18D1 936757A3
98996B36 FEFEE5CD 86F33687 92895C2E
855429DE 718F9E23 2ABADFA3 CF27109F
A2272D07 474E7657 7FCB9332 AD182D38
56ABBF24 E7536D99 EAC41E2E 65F5F4F7
BA43D212 CE02ADFB 75876BD3 4A942F28
50915655 DC8C6A03 E3D2F182 2C5E046B
A68A3584 E0FC62C1 27724D0A BD28DCB5
9B235244 37098982 8CC6B643 E438618F
36E4903A 4B50FB9E 2C1FEE11 D1851430
1A984485 E5249E1C 54A31C9A 3CAEEABE
7BB4FD28 8DE74B1A FA29C17A 09C9AA64
62FE0F31 E2A2877B B71AC66A EDE0902B
E3019C08 9A1A1435 9E4D3298 01CD239C
E5C9EAE7 AD993A5B 6323322E 32E75BD2
B125AD13 1004DE80 9832710E 57EC1BD7
3B659893 49091C60 4AD95FFC A4DBB9C4
03AFF5C5 C8674176 EC4F7C13 C5854728
692DD932 C524AB0A 724574C8 8E953CC5
3531D3D9 777C9CEC 37716C1E 1F606709
4F3F82F6 7D78FDAB 2C8A0BBB 0542EB45
2EA835C0 9AC6549B 990D22F0 2E1499E6
8ED2C4F6 D82BF662 BE1968B1 3DD8A62D
8627D5EE C379FED9 2C21587C 5EB3FA42
C8A2B71C BC5B55CD BFACFD7A 878C6E1D
D06F67D2 A8B81D57 7698ECFE 9EE79A1D
7D0D613A 769C8432 242491CD BC52204D
BDD174EE A70187E9 9F0D3FD0 80B73B82
5C2FD3ED FF042D10 291DBC7E 4B5D0D1B
06C748E6 9C6D5CC4 5255EF5C C300B886
2261E427 859F8877 A86E5D19 DCBBAB6E
D9C59507 C8BD5AFF A0613DCA 7141F5B1
EAFA8BAA B29CEFFF F9675598 BAA09B1F
5FE05455 CC8100AE 177A9B1E E6B78B40
710CCC7B 53496ACB 64D1AC56 61B5BBC8
44B0E19C 61E2AF77 A17A19E3 99E367F3
C97D06EC 33B126A4 EE4E0F86 A84CCF22
E693D906 F5568A3F ED272421 5FB23FE6
54D42985 BE4A44E1 7A320A9B C503A312
6CAE8927 D79AE27B 1969E8E0 F36CF46A
C6F6750A DFB70CD7 352E9BB6 9B96C63E
AF554668 CCE8924E 9F100EAF BA6E76F6
5D687B9E 2EFE2642 EFDEF020 FB0ABC08
982B8D92 AC3BBB75 534F3475 4C21F0AE
CF725583 9F4160CC 74994A3C A6FB05E5
18E44153 2609DB8A EDD9830D 1A21C972
1677057A F6D667AE D2104E4D 3B0E0DCA
D74346CD F14B11D8 AEC1C243 5205C543
EAFF0B54 13737A0F B02BF73F 5133039A
F2619904 B298781A DFDD651C FB749960
D9F7E797 B4957404 2A4D9B7F 17701437
0B2A67F2 A60C8804 CE483601 2B5EE024
B94C36BF 02E63276 C83B8904 786C6B3D
55F5B1CD 77711AB5 3FF643EE 5303AAE1
1F8B44AB 3643EDCB F347D5A0 1E8A23B5
B4DB3A7A DF6F0471 EF81EB17 DF93311C
6B1F0F6A 32EEE31F 5025E9CD BFDF8F9B
4904A724 EBBCAFCB A3FBF425 E83FB12B
13A2D42E 93858776 FC43B933 58E9F924
ACE32724 69945A2B 1C6CFFEC E2F3A8D4
307A26E5 220351DD 5EBDDC44 B9886217
4FE6642A B1B30083 75501FEE C3474607
52DC3BD9 E30FCD31 CC4E1728 A50952E4
115AF237 76F93D5C D27E23A8 FC6EB18F
FEDC41A6 3E8CE3F4 67D6100D DB16DBB6
2FF13CA0 72403E2D 531CA631 882EF0C1
60F0C483 6225C8FD 5953F557 90CBC7E6
468215CD EBE7E73E 9C895003 518ADF59
265F9A50 F9BBFEE7 5A6B21EB F8C080E0
CE9BCDEA 996F84B2 32CEDE46 25D54232
E8EDEF51 35C8B3A8 22653EB8 C31528B6
7DD2A953 ED0669F6 5757AA8B AFE0A291
8E3634E0 C8F6863D ECC8896C 369C8E2A
1AC79565 8C565E37 794AA44E 2F8272D1
935F7098 59D926C7 4FC4EBBD 5234581A
F87DD89E 9691DD80 15D292FD 250B9550
D3403EEC 027D1142 E0B23E55 CA4F7D83
487A6855 24C9E9B0 EFF59987 D2CE9BB6
398DCEAF 3491E194 C5153750 1ACB2BBF
8419FFB3 B6B75CCD 2A67D6FE 3D1B9E6F
B2325C3A D7D94B8B 406FD38B F621C9E5
9E59DD25 E209A296 C0A32DE1 C15BD56A
CBB4935D 30209BC0 94C597ED B9052895
A53F6563 2F0B92DE 36406F98 6114F10C
E7B7B745 417D42C8 28A00B87 43F278F6
55575321 749E7910 CDFC722C 720AC225
CA8766A4 39BC495F 2058FDB0 F5D9B3DF
27813BCE D6BBFC98 D72F7A44 3B01B376
B0D9C7AE 50CA7685 A7C3498A 2371029F
F6BA2183 BE92BDD6 FD7C1ABA 3043CC4A
A8E94CA4 03DE6905 432AB849 EAA9F924
5BCD1995 A2675C51 993C2546 1B69B7F9
1AF7CC27 DB7BDDCF 4310D009 8861D5BD
E34073A9 92145538 FC15D7A8 69058D1B
98EFB71C 0227D404 E00CAE11 8F559C24
BB5EDDE2 03134E54 7CEB5071 3A16211E
6FCFBB05 DAD21FCC DC7FC359 5218540B
AE41C1A7 F8A68B2E 679154DD DBF3ECDC
2B0005CE 72628815 5A2F9881 8A35EA6F
03B748B7 79FEC92E EB716F1E 6B793D2E
E1E31C38 CD19EC7B BE4FA7A8 55E056D2
BFCABE51 9092B430 3B800910 449C9E75
E81DFCCA AC8D5963 875BDB7C 71BC238B
BA14BEC2 DD6F4E84 2BE07A2B 6DA01CFC
339BCD96 5700C46C 77103546 2D10DE9A
28F2FAB6 DAB79115 42914EB1 E0151CF9
3F50D52D 828CF363 015976E9 C3877722
5822BB74 68EA8805 6C16748E 7A3C0813
9663543F D413C4A8 3BFD1C93 2000887C
AD5E7636 52EFA90B 926238D3 5E4C01E8
878698D3 DD20F7B9 526A684B D63DE1B3
8A7FC64D 75805169 0D3E1786 A71E229F
75E92F1B 78D7FA95 17197C72 5E163511
44190662 04541CB3 F82DE52F 2431D9FC
4347A302 E932C7D9 4C50BAF0 B1A89FB5
648A60CD EE02EEF6 BD5AC061 52293062
8F9E0924 B9856BA3 296B51CD D280A2FA
E09E3ED4 5662CC9E C91886E1 F170B994
800E540F 63A49BE4 39B78BBB 224816F8
5F92DD9B F388FD92 753FED41 FBF4D695
A07517B9 1038EFB3 EF5FC5C9 D87D233F
49AF7660 A16D1A73 BA172664 85EE1D99
17EBA029 D65B35DE 8E30604B 59F2431B
9245E986 8CD96740 902EE32B E76BA1C2
50E869F3 20A30012 96F2DC56 668B51CB
C828775F 63656B56 F654BF05 9C746380
61688722 C64005A9 4E8701C6 DB275EDA
DA375938 2EC68167 E495058B BE4A052C
3035EC83 25E14142 46D294DD D51BBBA8
8824161F 752CC8A9 E303C185 C20915B1
C0540792 AD405687 75F938C9 E94D03F7
C24E5DB0 44226F24 B0900228 DFBFC6E2
02FE3D59 7557ADEF E2C5CF03 21ED38F2
DC226E48 293006A8 62E99898 495BF2DC
963E6B05 F5E5090F 62F6A3BA 88A61B78
1547A614 6D7DB75F D0562B61 B81B0B42
551FBE18 65CE8359 2EA5D09F 3D6BB671
6E37C22D 3516671A 25F5C633 E4678A10
53A6088C 283E3FE0 235F15E9 6F109829
1D5F9A38 BF58F4C5 20DC8610 4CA599C8
2536FCAC BC118B03 218E9B3E 17C89A33
B79A12A2 35474E09 9EB14A13 7642297B
8B6B9A8B 3836047A C78BAF79 A8C984EF
2F51CA2C A3EA0889 E5C358FC C963B834
3A8B4C0C 5CD9FA8F 99737D08 C3C884CD
FD782583 94A0B812 1DED50D0 5775CF3F
B871EC10 839E3849 59E4F4A8 664A8386
DADD1250 B349D9BB 813C4BC6 7DC9DFB5
480D04BC 1871D5B9 E89B1008 A72E3334
675135AC 17D30C70 87831BD8 A7564DDA
25D40F22 336CCCC0 55DFDE61 0A079B5D
07368A8F 1FE0537C 7D397A7F C0E7B060
F9D32126 99131F08 559B48B6 CE20C893
AD5B5BE7 A4EA84AD CCBCA4A3 4E774ADF
3C70BEB1 A67A7F16 ADB9A86A 569A9F02
CB8DF131 9A8DA99A 9637C4C1 FF1BC63D
38D928F7 5ACE1669 67AD51B6 68E5C14E
568F14EB 75E94DC6 47FB9B41 EDFB2288
A8767925 4951A584 6E6D35CA DF364E40
D3D25A13 24BFA16C 7D75A4B9 725AA3CA
1BFBEEF8 35D62212 507F3A47 58641370
DDC9564C 0098EA62 EB17B885 CB9B3072
9F797A05 2D8B90AF 05E01DF3 C1C944E8
5724EA95 52F206E4 9CE67F5E 96DD4F31
174917C3 96682E67 A8D699E5 7E95E907
647C24BB DF5C1B5A 14E5E7D0 6D6EC3E7
556AE5C2 4B2EE730 CAE3B15E 45EF5E25
E9ED629B 2934E698 26EAAC44 408888AF
553C41F4 A565B916 F92DF3E0 CCDD5B83
6ED37E31 5995C83D 9991295E 0D81A323
7F3A4CC1 F4069487 CD122316 5D8C2A1C
7B0B1440 41CE0B12 5A35A1C8 3DBBAAAE
E24EB9F1 E821B6BB DB50E677 4FF6787A
CED19D6C 89A6B5C1 822FEA3E 42CE63B4
F3418DCC 061C3A7B E6B5B29E 28EE7DD3
E0B4751D 09CC9584 47D231AC 9A3476F4
AF55D101 0120FE60 47D916EC 3FF1B3CE
B3A2F1D6 956541B4 25EFCF33 C7850D69
84A7363F A9D354BF 88AA4572 F2AE9D13
78CADF32 AC1FA43A E03D1AB9 3288F0B7
F5ADA997 385B5ACC 68F355D5 D11BA73D
79C6342E 64090A27 E8540728 27383E51
55722B00 6F618FBA 597486C3 170A2A76
14CA143F 2333B35F E9ADA65C 63EB3FB9
E4BE05AC 3F7B49B7 7621A079 D04CA8AE
421CB1AC CAA3BA48 801821C4 B8BC8FC6
BEDA52A0 3C20649F 4FE37666 05ECAE3E
F6886013 49F62770 CF90193D 21474F5B
701D50B7 7296A437 12CCA0D2 7A4887E4
40137A04 03FD07F3 7ABEDE62 DB17D276
D8085E77 B9D20101 B0E4F049 1B70B83E
6992AD7B F0DFD16E 500484E1 21CE20E9
437AC819 31DEBB37 DCF61697 468B9862
4548861A ED5EF2FB A27CC8EE 7DA920DA
A7310F50 0341A8F6 59A1961A 904DC3B3
68884731 730F54BB F89A55D2 18AA4C79
980FE1BA CF55375D 11A56505 66E4B8A4
B5684BA4 BC7EBCEE D4AAE292 DDCDCC66
AC91012B 291AD506 24F1E30B 117220C0
2086BA79 3C09D378 342C768F 9AC13A93
ED08B8AD 54D22676 73EC2B60 6F05994C
DCD228E5 92F288DB A6F445F7 D08B149B
25F9EDAD 33864FC6 94D32279 47A9CC51
7FFD233F FAF4D016 6A38649B D3175053
7ADA3C1E DFF2D7FA 7B518911 B2CC107D
1E8F1EDB 7BFCC993 12467EA7 2FAF6943
22D0877D 1E4665E5 A5A42322 009B65F2
4A2E0EB7 56C3F432 EFBFDF2D F083A396
C3860CC8 D0B1C572 38DFF41D FD1A658D
F8EB4665 A20A0B4E 19187D30 963A6256
EB9301F2 49610F70 28D5D5C5 6A06B8E1
23B020B9 775090CD 68592C43 0A145359
7541CE0C 9F40CDB6 38872BA8 15388D35
BFFC8682 FE9276BF 38A4F816 3E409843
E29772AD D028D277 10144979 B5FBB52D
B7108AEA C26AF689 95655877 4502DF32
C2AB66CA EE7A33B9 29407D12 E0E70C13
76785C7B BDD7954A 9D3C745C BAE63224
61341A6F DAB47A1F E1DF15A9 B60C4768
D7C2D5F2 FEB2A6AE 251F24D5 078F35FE
B6AC040A B1C9C211 237B7A56 BEDC8A62
D15717F6 71379F6D B27437C4 7A580010
F6DE0017 CEBD5FB8 DABC01CA C2FF4EDC
E9874235 C5DE0810 572DBEE4 F894828E
B87DCC1E 4D915DD7 3E2B47C9 BDD592E1
C3897922 65EB18DA 945FE8A0 5B2A1B69
87DEEEB9 DF0E4DF2 B11A77D5 444C802B
FB0B2762 C73A904A 6221E65F 8630D030
2CA86034 F25033C5 33CDEE9B 35DD924D
04068E8A EFBEBE87 1736FAE5 842A7CC8
E251417D DF136368 9DA16A43 5ACB657A
635E2E3D 9BF8A530 C9D09B89 F70D3A85
E2B60ADA 00961431 B6C7303A F296455D
FFA626E8 82D15A76 081EEA94 A133EA32
7270C8C4 8FACDA21 19B1118D ED030AC7
85D30FCA 3F52EEDC 665D8437 CAC44F48
4695893F D57CCE80 5C0FAB88 65F0969C
766656A0 A0664975 05A6B6B1 B4A7687A
E455CFF9 FD387076 97113837 F648F099
DE3CAEE2 B5A862CE 02EBDBBC 08605E5F
B8B8D3C8 035AECF5 0963BB42 4CB9E6DE
75F93CCB 589074B2 1CD5189B 1CC22663
CEB911F2 A74D4E3C 3DDDCDAC 42898F23
02BC3991 5B27B54D 68A076F7 02D45C01
15094C6A 1D82F516 1C6C23A9 34CB8D85
79F7B3BA 405D6784 11F2DC07 4C049465
DD081AF6 D86A8035 8092446D CEF3B905
5A5383F1 C868F6F2 550E9A7C C16293BB
45866A62 E6FE8A17 29467386 238FDF73
560D9C38 24935D58 D579C8CE FA3D6354
45BD0825 3918F417 C975FE96 CD02745E
C400E36B 27188C27 ED5ABF6A 36DE53F9
CCD0A2E4 0688B706 69E98299 091E669B
A104FD33 F516D2DE 7F613467 085157D4
F4ED8E77 82955BA1 379377D8 0F4F7E16
BD4AA872 501F0D9C 72410BC3 29012100
CA36473C EF02BF9B 41AEF0BA 9868372A
D289FC96 45AFA465 111895FC B34285F1
C2914C71 78AB79AC C811C797 B7C3EA48
489BF7CF 099B2517 4071D3D2 54DEE5EF
F024C389 A19757B5 9B3D54FA 6A944E2C
80951E3D 6940DD76 E8FAAB6B 5AEA683D
66619930 7AF74B3B 6077B787 CC77C8A1
A084EF4D B846BD34 FFA02DFA 8E1A2327
8C0B98E5 1CA0B72B 4BAD06D7 9FA4D812
81C3677A B7D0E2EC 2045616A 378C6BC2
5B259AF0 7E3CA87E CAFAEF89 B86F40D4
2FA97902 B2B6525A 9AEDB002 544B06AB
DEF759A7 4FA88BE2 AD169677 CC0BF1A6
ABAE9E59 08742EC9 9085791C 3E112089
E31AC152 2EAEE114 AF687098 9D752A7F
73E8FD48 B3235661 51544BA3 721BD9AA
66C13C99 2CDD6D3D B8D4734C F93CCD15
E66A4196 7123098F F50A09B3 24926884
2ADE17DF F624C61B 73E10490 F04BEDB0
619D5791 7AE7737F 7A28044D 5908DFD1
280E1416 E57EFC4D 7E5FDAE8 78A69A09
6D136F4A 92DFC412 194E27E6 2D110617
A021D3D7 055D9F23 294CDB18 01B1B935
3998B573 4C45D6B8 3A6FCB6E 0EA26DF1
452BAC20 A3B68EF8 6A8C5D3F 2A5D494B
1A85164D C85FDF51 F0C6568F 4D9D68ED
676EB08A 84121DEA AC647162 0028A522
9A207246 AD10D64E FFA81970 0113A34D
45137BEC 1CA6BD02 5CBC2C63 E5B4D76E
FE4F1C80 FB525DA6 C51E3477 3D8BDB5A
8EE26D25 206A620E A0A48FA5 05F6E03E
8F5A0078 EAE3F6C5 BCFF9025 CAC9FF43
9761D83B 2ABAA383 81405B12 82043176
C4973E5B A90062F8 9A1FD56F BDED34AE
A9F2BB30 27486074 60AD0AF1 407577DA
7428A7F7 7824A903 52921A99 D982F939
955D6447 378A60C6 21B16080 0A2107FD
25E2218F 6B6FCAC3 5FDB5A42 7C74C8EB
35FC5D4E 7354F7C4 347067AB 484A41B3
58CF9F0D 76493463 A5A1F683 D05BA0A8
59880C3A 3B12DB34 C02C7BAF FE0F0351
6481EE68 221E2E33 9B8698A6 346C008A
6DD6CA49 E009714C BDD9DFFE 66058559
4D3BF760 E901F040 4A42DA89 DC2AD55F
D7586055 F6CB834C 8FFF76D3 B778815A
18400AAD 3F583261 3A1BB264 581B7CF1
625A1910 4DFA0B9C B9F6BDE3 CE6DD5BB
A19B4F4D 988EE068 DD53B9CF EFD8AB82
651CECA6 529FB1AD C46FCEFB D5890D21
D580A772 859D82EE BC1D6584 B7ABAAA2
BC5575E0 A11563B0 BB43F684 62C0BC29
A7CC6711 860698E1 28EC8701 13AD5391
898C03C4 B671DD84 202DBB83 13A5A943
70A8748B CF0C749B 7DF949C4 FC447783
A68A14C9 F98ED685 1EC64D60 1C01D832
4EDA8DD6 8E692A14 51AD7B7F 1C9E3711
602F6F28 3FF783FF 6E283DE2 4C2B2F3D
DD8A0627 C63F0AC5 B172F68D FAFA0776
C2B8D6E2 EEA44FBF 32C39AD1 C0C5D596
24C4361F FBE6EC3A FDC454D9 90A6D671
244A0D4E 50F4F24F 064A71B8 BB668A3D
41771BCA 8BE00C5B 1DCEF2E2 6587B0A7
B7AA491F 2B4EDBC0 28CC1273 0370C8A4
D51A835C FD2DB2B2 5F35933E 31A42281
5D1C0927 DCF676A8 EE0E6F6C 64CFCC1F
57A6A6C8 A8D69F74 8B484C46 ABAD6293
92B1E242 21CC1C0A 7BE5D68F 4CC70766
7CF0F9FB B2791C98 22D5A304 33BC9B3F
176663B2 C079E491 C47F391A 55A7BE83
D2AC882F 63489D7C 0C3842FC 32CA3960
3BA7468C 9C323D15 A809F970 D0F9724B
0B7B0166 94EF7E56 8770715C 09B6E9DF
4165B6B4 885A9CCA 4A6C5852 A2228F19
826F1B79 69118143 CEB80CC8 3EFF86CE
95496E81 D62ED1C4 8C5ACF7E 7D8FA25B
4913BE4C 193B384C 037BDE42 5B96FD03
549888D1 F22F8655 FFC47F3B 0E92D71C
0E268F3D 70D0AF75 1956343B 367B2C99
51619C9A 3D941B19 DB235485 D676D9A5
90AFD2EA 388E8868 8EDA54D2 B7D42DA7
B61A9ECB A6C8BD0F 5FCC0655 D4FE5832
5101E51A AD15CEFD 040C11AE 3580E3AB
E8A942BB 996EEA5F B0A34511 F6A907F3
80CAA515 6AA367C7 E5986AB7 7E26F1BA
F4A733A9 FC6BCCE5 31CCB6A1 AA120E2C
D137DA70 432BC3AE BBF5B7D5 CE77CE48
10F11B8E 26E25B2C 81CB3607 0E65578B
DD4A98F5 18C014A1 886BDF81 D3718993
ADED8645 5FE3EB35 20C1D6E8 FB87FF83
D5C51709 F1995DEA DF1CAC8C 4C3AC319
4202A5CF 7ABE31F6 CC328758 40ABD427
D27C6912 BE9B858B B5A12F08 9CEBA562
D886B6AF A918F9A1 EF6FA377 F8F65FA6
5CB4F8D8 4975CE5E C3CDB3FE EC6397A0
112894C9 C59D1E88 5B02C3BE 10C54D51
42A41F25 EC0640B3 ED75BFDA B20140DC
B3471160 8C43CA21 6670B754 DB46F993
A17E6D18 982C7D1A 17B0DA0D CAFE5C55
2AF41356 0C04EF1B 7B612993 B0D17BA5
F7CE5881 6AAE37A1 FD9271A9 598C8CC9
99079DFE 4FEC78BA C02C33C6 48A06DBE
515371CD 8105D4B6 75F9C5D2 4911C4D6
8C4CB681 694995F4 E65F5192 32301A80
7D90E735 751F516E 5724EEB6 005FC279
3921E129 79754244 A77969A4 1CC39AEA
5FD5B828 587EE6E2 F4C796EF 588DE9D8
BF59BDBA A44F8E41 F11838D1 0B55D2F1
096F4081 796677CF 3BF09386 DB2C58C1
471D0D50 0033EC92 8A943C88 877B8E01
3313A7F3 B19A7514 DA34BC01 388E541E
265F2826 4809D846 0EBD1249 ABBAB38F
3F1A80CA 515B7FCC 4EA24137 84FC3E27
88E26CDB 36BA00C7 916F05D3 2871564C
5C11D24C C6D39054 6A1A483A F761EB0E
94C7B89A 16866E63 29DF4E0C C2431DF4
A5F74501 7B3CB5D4 03C0FC87 F8945A65
15583C4F 7C4C6ED4 6D417180 71CFD12D
5D33E3F9 F9BBC387 ED82D8D0 AE159DC1
15CB32E4 97475504 08E25D1F 3F73B13C
4D0B1EF2 969D7632 CA2EF16F 2917898C
E1F466E8 583A4098 8D3C729C C3B90B62
1E494368 E2DA9CEB BDB8B7D3 0AAE3262
23A81F7D 8BC1C1D1 2B03F564 B8BDA7E5
CB47140E 7BE6EE62 1F524BF1 12247F14
267EC19C D575C881 7F4525BA AD304265
4E02B386 B58B91FF 0CB5F6F6 0DBE5D43
9EB9CECF A173BEC5 995D3AD5 20A9D3BC
C41E2A59 7187ACF7 8EA7D425 8062ECE9
ACDF8052 24382566 B57B6632 E188A053
FF7DFCF8 C8511050 DFB6AEFA 7EE5A29B
C2FA6B68 DF27E51C F8022971 630B469B
60E67E1B 609496B7 C5931A7C D0ECC6C8
381CC5AD 18BE75C1 6D61A708 C15B0239
6FF5690E FBB4A96E C5D8D826 3B841AEF
8B0CB96E 1873FC47 86531171 09C9700E
545CE074 5A2ABA32 57FA862B 75DB4A0D
C5A277F4 7055C464 51FEF785 8D3821D1
2EA914CC EF9F1CB6 399A107A 243E2391
66B24B37 0E1E4D86 783AE88E A14C8F27
B784A090 6DEFE0ED DF293897 6B71CBAF
3E30F10A D5E31FB8 3B132A2A 7090877D
E7DCA489 99534825 135E868B 893322CD
52509C36 E765254C 192A6ABF 93AFD24E
F260D61B 7978AB37 EDBB2757 212C63F8
6D992F57 644460F4 2E59056D 61D2CD4B
7F08198C 9106746E 0FC70464 3196C9C9
69740FF2 4E733807 A167EE91 A933A7E3
3C9484CB E9DFBCEB 65517048 D6C71AB9
2514A853 FD6ECD08 13856EA9 C17DB251
3727B183 ABC27E67 209FCCF1 60124145
955C7EDD 60113295 0AA79881 F2F79BC4
B18CC88B 21BFFEDC C321A648 4564BEC0
9CFEBDFB CA3279D0 2D4DDEB2 3F870849
3990C0EC D59010BE 6FE50E58 3432AB3B
F7D44F70 29E7EBB3 7584D2D2 CB59B1FA
764A67C7 7ACC9423 6ED05C51 98D6FD3D
C02ECB67 F654EF0E A9ED03A5 073C0C05
B19B8F8A 1B6E3AFE C9CBE018 69144DBF
2A045EA8 168D97EC 02C2DA38 BB689DA7
43C7DBF7 C329F6BE 33E05CAF 043CF288
EDCADCAC 913F3318 F30DA0B6 2F9DE65F
C7842AF4 2ED6AA77 F7880C1D 6A620A1D
58EB30A3 19FC9F4B 94C2448B 3523178E
41A882D4 D950DF50 A8251D29 34E5D70C
FC7AA7AE E5E86D2F 18FED7C3 C8226B09
76BA3DD2 E6460C00 2458E32D FFF9E42F
8150952A 26C1A3C7 6B713BCC C6DF429C
FF063147 DB81D093 51AD6A74 6577E250
F11553A3 295F678F 72F47668 C0BEE17F
840C529F 23FD43BF 7B24F825 05D80A64
947C9B65 4926014A E981329C BD56632E
1E8640C7 C0B4EA0C 24C897C1 217FB84E
A32EECAE EE6AA160 A2F62E0C C35C0263
886CE19E 4557F86C DBF928F3 E70C0A77
470D0B1C 64A42AA2 2575F79A 30394370
3D9AF24C D49CB986 730529E6 C44EDEEC
ACDD4606 20092387 C7532296 D8E7CCDD
8490302A F32CDB83 D0FB3800 332B5849
301B3E50 C71FD424 29C16D6A 8B4721E0
8213A9DD 965B1658 BCAD1402 EDFB8820
30C00070 C9B790E7 5C07342B 667C789E
B6117CFD 95C35C6A 1F68EC9C BCEBAF46
57B3CA66 2D3F1182 0EE78A40 0F25AFC8
0BAE953E E5C6EB50 BC9B9300 A945258E
257FB11D 4FA341F9 0D92E814 BC48EC71
39E6FE7F 0A97D746 A127C0C3 A2DDF1DC
DE54769F 36FDCC84 8C882C46 1FBA464E
9A629B94 04B977E8 9F2DC6FF 227EC9E2
3A775EC9 49835094 946CCD7F 7E261760
4AECB43F 34414801 A6E50D0B 0AA6A799
F811893E A0C3081B 4FB4F02C 45A46B64
B1A0EF09 2FD4536B 5876A51A 6868654B
4D049757 8E84E060 E8E72395 D7B3F1E2
A0745E1D 72CDF10A D254CB93 439AF78B
D1074B82 33F022EF CAC7861E 519EDC0E
76D9573E B69D8D0E 9DAB1CB8 FC83357D
A047BEAF AD5C9FE1 F5FB8227 C8945FEE
FECDD9A8 4C61C862 D5D82F9E F26CBBBB
D98074C9 AF972E9D 914BA5B4 85D52C73
D2A41EB3 AC238C11 627F3FC6 3099527A
AF418D34 C8E1DF02 4ABCF84D FD84F9B3
A0732512 732C2FD8 D4F06D6D 883E5445
CC5F2487 763644E7 FE544533 7BB8A02C
B940ABB6 18AB5B88 1F1839C4 65E9A73C
7F6FBEF3 CA50C693 1EFFDE67 780542EC
9EB57EBA 4344035C 93673FEA 8EAE2310
594D2E77 018E0E39 69B7604F D8A619C4
84BAEFFE 2E87F645 FB4E85CF AF066106
07F1B957 46C0D063 50124A59 9F0254F3
0555974D 6821BB9A F90359B0 1555819F
5CCE240D D47598D7 4B2CC636 947CEE1A
FB42FAE4 909F6792 F3AE6B22 6D2B23E8
FB8FB0B9 C8870039 AF76967E C8B474FB
4FEA3E45 8EE9B840 8341AF6F CFFD8BFE
D4E1AC2A 682E8BAB 6720E3CF 41861BE2
E4B67539 3F829563 28F587A9 E5C0C057
3F619511 7F81B662 06D1963D F4149EEA
1A069887 0A29F1DA DAA5EAA7 211D15AD
CB966654 D192CA08 08F2064E 3E6FDA8E
2C716B27 8452185C 1C5C7FDD 3CF55464
C694F24E CB681998 8029F5CB 7CED84B7
59C0BD05 0DB16A60 76B343FC 0B8BA3BD
CD6F01D8 A03F294B F6D3F800 969F7E78
BC90E204 B7481250 1B71A937 1A13D056
63459326 6DA89BFA 6EBC5D1B 002AFBA7
B139F516 B66FEDC0 32936A07 505F1FA6
B3D29B58 E6BDEE71 35FECA0B E45B0CF2
C0E16105 B2585BF1 328C65B7 B43523A3
D8857597 0A51FC61 69119891 176B3FA3
78F660C9 F122C3AF EB9544FD BE659BB4
9FFCA0B6 A234B191 1C3FCD8C AD738AAB
D2445806 20C7A63A 9BFF078E 31AD5929
C0F1730B BB36DECA 18AE511F DBFD9F54
B5EBCA2B 21F6E509 86C1087F E8C28F27
C368BF73 A450923A D2593E04 4BD129B8
A88650AD C64B0505 494DFB70 C4C7E454
C9993B6E AF1BFE73 8C3837DF B7B5A008
6DA1CCB2 4D23F3B3 03661AE8 B87959ED
AD731861 40923AD5 EDEFA9EE AD9B03FB
CAC7EB0D 3E48F562 77EB686B 4CE03CB3
8C6275B4 B2FDB4F5 040214EA 19198FCB
5C06E6F2 4BBC6D17 EFB7A980 3142D5AA
DBF7118A 88C82044 2FDE3053 1AE05BED
8E5E1D98 052F0700 29B0F3A8 AF9DC679
BB204EA3 42ABCBE5 D0EFCEA4 6FCE50D9
9898BBC7 2DB42758 7EF1C89F C71625D3
1D5F960A E6458C7F BAB78766 3BE87A5B
0E117360 A437C3C2 C02060E8 0D1F736D
7075CC7E E0CF4A88 C67BB9C6 CC09A329
6F718154 77966E82 78E36853 43FC9C74
9A59C404 18A6F2C5 5A815A13 D79A7953
A2836598 AF69F92B 1048241F 6C96D97F
38E119E6 B7D6CA65 52AF7BA7 AE0718B0
98695BD8 8F792FE3 FF7C1B83 E657B251
383B9E19 96C26B37 0D771248 04610155
B9805770 E158F150 F226F97A BF99F1AE
4AAFC849 CFEBCA88 EFA24048 95AD4361
AB7A392D CA5E9F21 AE153D3A 831AE959
D1476F6E FD5F8F49 50546DA1 44A2D649
9059E038 043A76E2 0038E167 AE44C542
DA2D5F73 2B177814 ECB05A55 9E99E5C5
F8BCD4F7 DDF54889 221411BC 9E367391
E4DA0313 5663649E 7D371E14 D8D128F8
9E6B8B3A 4F88A7F5 4C1D5996 7E9B783D
0411D510 7686C91C 52A44111 9F6C59E5
5D7D4332 9BADE419 468DB345 E25B566E
0B931142 647C3079 2A0E5D06 AF14A0E7
8C31CCC6 ED59EA79 C19DBB50 6CF05F0C
E725CAE9 88058436 DECC357A 1836AF84
E875C934 9441726C A8A28210 D1498DF1
142B6880 F0999232 4256D98D EF6C9A2B
BC4BCB4A EA3ABB89 B5C160D2 8964596C
5F2EF135 EE0EB38E 47209790 C9E39A36
2340D197 71F5F429 FEBD017B 3BE58FED
1E25B6EA 3097275E 91E426D5 35EA7F31
9A2C4693 8E63E6FA 2137B785 79500748
18F44266 5947FC87 D00C3B91 BAC3656F
88425279 3F9D28D0 35191BD6 73BDD5F0
9A325537 5D92D5E1 F82D2984 35537FB3
8700461B AEF9207A 9DADCD70 7E9AFC15
70EFA132 D60B8270 50762B32 B25B1FAE
1771F596 FA7A94D2 B93DF3AE 4DF7AB04
63C3E16B AB03D84A 0FADCDF6 FEA982C6
0D57D6A8 197E77F6 55F85AC2 90A45FD4
756ECFA8 109ECD3E 5FCCB8E4 3DD54A34
476346AC 581396FC 20AB37E4 A9F35160
5CA99566 DD281AC2 800ABE7F 2273E3A5
613EA279 798CD5FE C606DFA6 9C244A79
8D1353C8 8438BE6F 9F520BC5 7ADC8D03
76D6F8D8 5414D89F 4E2E78BB 35807333
D6338C7D 001D54A8 54B9B1E8 3E108EEE
10097343 AC71568D 4A78DDCA 751F4298
0CAD639E 3BBEB51C 610AED27 2844254C
95030101 6B5DEE31 58CE33AB 06D1B582
4554C2F7 14658E73 29246487 378AEF7C
3E152A34 9EA6E508 1D3F4055 D4E5DB93
C1823AC1 8187EB72 525564EA 8D82548D
4D7597F5 5D261A7F 245A8D10 4EB5BBFC
A25703DB 21EC84C8 70301BDC 6A7C23E5
CCF3460C 531D6FC9 1F43DAB7 5D220DDD
C4AF94C5 FDC11D80 9C4A0ACD 8301F678
2CF5A61A FB19E425 0828A5FA 884BAB9C
DC6257E6 C04CFD74 C5131B24 3F455631
CC6180D7 EBC2FA6B B3CF337D 5921688F
8C9BE4BD 4EAB47A2 8F44E68B 0764371C
0DBF31B5 F192B601 A9AA345E 288FD4C9
3724B8B4 1CF328F2 16058481 9F0F80E2
E64489F1 21BA56F9 69B31618 8E29E4E8
20D0AA34 5386F564 0348B15E 0987144B
5CBC4380 277762B1 0F9D71F0 0E4D91E6
6CC00F72 5BFBF49E ED806FAE 3993AA8E
4017EE1E F74E5124 5FE54368 804000BE
A9F2DB1E 1FAD3961 4962CBED 6755D7F1
2FAD78F3 723914A1 5CAFC288 7C61B612
EF67BAFF 51BF4822 98962DA9 F23D94A9
CEC7F387 4E18D827 CEF9D084 6600B464
D711F124 2FF1538B E43DAB44 5ABF7636
154BF343 AD51A828 E5512B19 76AF5B83
82863FB1 ECA27F0E D36A7D64 155243B8
B41EAA9E B7AA245D 6F1F70D6 CC0D894C
E09CE3FC 774DA100 23974378 A9EB09A2
ADD6A926 AB0232C9 B14D8418 EE0DFDE7
79821DE0 FA8AA9CC 60939535 2F15842D
F821995F 09FF7146 596A4D58 1C7577F7
4C6EE034 9C82B7D3 BF541DB1 8FE4C681
8AE49B3C 5B1782FD DD39E200 56FFBFE9
6A08B851 CB7F36F9 8E3EEEEF FAFFCC03
E26F4C6F BEA2E633 EF6A5109 0EE43CEF
60BAB504 6293992E 8232945E 3B92CC14
30A2D3B6 91987C47 DAA12B33 FBF59EC4
99ACB2FC 5D2AEF10 32828A31 B20F08FE
6003573E 02D5138D DD44DD77 F0606337
B91A6E1C 06C62E6D 01183CDA C7687340
01F78909 FF13BA7F F17DF6AC 7C2B30D9
98D76039 6BF7773F A56A960E 329F71B5
CBCCFE4C B602F430 DDAE5C47 BEAB2C9E
43F5516B 8DA9DDE0 180EEECF 72380F75
14E287BB 43BE17BF C4B78F67 B489A1C3
2291633A 92438667 B428E429 103BA724
DCF7295D C00A3B4A C528627D F2BD7B54
1E681761 A273068E 5EF6F95A 9AC18394
4AC4703E B1730C7B 7D22F96C DF3BE38B
975DDBA1 EC570439 C5360AAF 8E41FA2F
593BD83E 2691EB56 C47F2508 B52A648F
76EAA9DE 26D4C1FD C6DF1145 D0BDFCAF
AD5595F6 6264D9AC 565EF02D 4D41908D
08AAD51A AD000461 67857190 9CC8C0A9
2060DC7D 9DF8BC90 9935476D C2950715
2F4E0EB8 5A1EA8C2 96080520 F0CFC404
BBD09028 369C043E 66B3DCF6 7554C13B
3C622E07 18C8EE56 838BE671 A0F47D19
0D6A81EC 84714AC8 B686D058 DE32DD5B
5C35F879 00D7EACA BAC7CB42 639D93C2
5A7B56E5 48F892F8 BC209F3B D6F9ABA7
E66ABF97 60E7EC4E AAEB48B6 DAD70DAB
C56EAA4B 409F6B51 6881E6FE 4BAC4926
30E73901 EB6F7E66 D966AFE5 F5241FBD
203AA717 A1AC260A 16CEFCAE 4D41F047
9D0D30BC 336ABB24 C522B16E 9B33E32E
72A32CCF 490D1661 A24AE3D1 87BA08DC
357314C6 FD6041F1 CA8B47FF 7B41E4EA
7A541FD5 111E97A4 4F945836 14CA92EB
1B1E0ABE 7D2897DA BF9517B9 7EDC6295
45825C84 399BC257 F4579571 4E182C00
E3F26895 05CD48F0 1961FDEC ED503ABB
1F2FF611 D5E3AC61 02BC320C 405A9097
C16FA4A2 C0A81B9E 8CC1B986 B3FBA2B4
7F8BF139 D96DFC89 93A292F7 89359B4F
9D5519D7 691BF394 EB28BE46 A8C79C6A
4B8BA8F7 8936E341 7EE7D0F1 9F89BAAA
D3A592E1 49819A9A 2293DF9B 10A0CC92
0236D5E0 5613165C C641078B 909C4B91
C25CEE5E C1E10BF2 AC66CDEF D986F379
B7F09B4B FAF0703B 124CE1DA 704371C5
F98B6A09 9723D923 3FE33658 745D2150
678BB3D4 F9A4ABDA 47296AD6 19ED7334
630B11E0 984E4459 21DCEA18 20BCA03D
26CC15C9 C6F69064 31441642 8F8FFF84
5766B74A D3DE1948 4F1415B2 F4BA1607
B41C69FF ED07F08C 13FE2AF4 1F21B32A
AD22B224 DD4108C0 C8BD353D F472DD52
B3B0C752 1CCD1E28 ED51A6D5 E55E1C17
D5F26F11 EDE70E9E 8308692B F4FD025A
94CBDC88 F72B4CCF 04A94C9A E6A73F7B
BEADFD05 755D61BB 4272CB88 684232E0
FD7C2816 F920B009 77E12BA5 F3775EA3
8FB9CD9D 5BE41A5B 28AF58E2 5A97280C
0112D8B5 BDFF8B81 E5DA7255 C99002D6
84766861 4EF902FE 83C1D990 962D2A86
13DB32E5 0EB71538 8BF9C5A3 FA69BEDB
955B1004 AB98D77E 8A50A992 F3D545B3
9FE6B5BE F2745895 E12E5B71 D84B1E09
EF6A98AE 2DFECF09 D036ACFA 3FD9A28C
7777B3A4 65A4A458 4D890E61 4A62CEEB
1EEB920E A1A8F788 5AE48B91 621558D5
7B1FEF15 44C7EB8C 2F3B9BAF 60B82A7E
C8ED5A77 D0941EE2 860698B5 4691BA38
EB9A096C E1A4C3AF C924DC84 93D233F4
89089E83 BBAA1572 B83A758B 58BF66BD
4FEF67F4 1EB46312 0AF5E4CE CC382E4C
1C6211EE CF00494E AA5D0242 BA3B668E
01F1FBBF 18CDB740 0F10413A 677F8117
85A2F3DF 11CAEF32 3B8E41A0 A72798E1
20360659 2E1E9C2D 05C26DA4 A8105585
7F105E0E 5ECD59CC 69112B85 95255705
31FF2248 5E9B43B7 35803A7E 1D90D902
09D614E5 F24DE666 83CE6729 FCDBA03C
0E0B9EE4 F26A30DD DE8DFA37 4883D5E2
E7DA0268 5FAA022D A526690E 603A6CC5
7EF87539 7E9A3789 5CB8659D 377CFAAD
C19B0C11 0C399890 84A11F0F FC9661B6
419C604C 8541CAC9 AC517972 E1BD8B08
C18F8ADD 222C9D3B 0E773556 4B84BF2A
EB079034 550A23B8 B38E84BC 36E9EDF4
AA8AD200 701F513A 14678BA6 EE6F1800
05B6F13A 0BE8CFCC 57FB3054 99741CE5
1B60560F FDE985E3 174452F0 96BDB82E
0DD8F6B7 6D26A0BD 342517A9 14CA45EE
C99661CA 54FCA72C 666C319A 4F9238CC
3B4F6F39 844B99B5 9DAD9D08 AD310774
E9A110D1 6FB4FFFC A6BB8007 9B8B3D27
F138B17C 4D642B17 FB490938 D5489F8E
436B2582 B19F2C6A 7F142711 BD083F41
9E69F6C6 6E21AA99 A7B13853 5BDD575B
5602C724 3D49841A 5CB2E8BA 089A7094
835A2795 12A6AE41 04A085CD E27ECD47
86B0B842 691BF6C4 23F96DB6 0EBBC0AF
2640BCF1 0559486C 1D74F4F6 65B01DBB
3B627AFB 554B88B0 57591D7F 79A941BD
9AF5D608 AE633CB7 2C64DE90 2EE22824
31EA1D95 3772725F D10684C7 2B6BDAC4
84DB82B5 18E0FB9C EA3AC4AA 92709D26
394D2BD5 CE8DDB47 0963FABB 47C43890
250492E4 76F53643 DFAB0338 B63116F3
5C2A6982 06F1CA38 925C5FD0 61B620CD
DB35C73C 9359141F 77B2FFE8 34E35DBE
CD57387D 0D4D948E C330F8D3 F27B75A6
712BC4C8 6FA12909 4EB31C85 CF236DF9
935833C7 E99B59FF 95E40235 F8A28823
402FF7CB 82885291 4E4ACF95 40C2C756
9B0DD56E D92A1B8B BAF0C58B 50A6291C
80022F09 B459151D DCD4E5F3 BE591A18
85D495F0 0E8E1577 15D6C2DD 0A1DE203
CCF2A64B 675A942C C092E44C 1CBED8B1
3E5E5EA7 D810D551 56802701 23396AE5
916F28F2 8F21E2CA 3F4F009D 4C0A99DD
970A1B88 E492A5CC CD232778 A6519167
3815F629 55B7ED5A F2822619 70DF3E88
6758ACF8 18FD7FBD 9D7D7905 654943E1
7BA11BA9 62C24C06 B6C28492 77E07A4C
17C7A48B 77A4DFFE 6251C576 828A606D
99723976 0E7D06F2 F77B595E 230B3870
6766BA03 6016C848 9832825A 44944CD4
46BBA642 5AB1A563 2A2B84B5 4DBB591E
653D1925 54799093 1084655D AD34BEAA
08547106 B7DA4204 CD8FFFB3 D3AB57D2
53A3B95A 8F2D4254 90531CB9 103A9DFF
30161C3B C9C39C99 D253C6D8 93009DBA
9C29C82F C5E79335 845233B3 42F9C8DD
913C8D76 C319D111 9281F60C AA96B297
06A8B945 F560E25C 3C738761 1D5C3AB8
F3C849A7 012B9703 14E7DDEE F2E45C06
6D80DD4E 99A7FC7D 15B830D5 13165732
D1522EAA 2EE6FE78 F80B5DC1 26826971
F73C69FA A77D8910 5C10AAA0 94C66E43
F97FCDFF 4D651B63 F308C5D3 4B697212
5CB8CAA1 09BFD1C6 DEE0E63E 55DBBFB2
F6D8837E 9A0FAADB 97870CD1 9C81E337
9EC5F283 A482F385 6FE947DB 2C96BBEC
C5E5CCA0 6B6D58CE 8099E66C EA654B90
53A042D9 87DDAE98 F90EEE9C C4E41F56
61890919 EA829477 A1BD858C B24DC290
1F653771 0073328A 8698EA24 DBC64133
E366ED40 B16954A1 DFDC996C 0EEF6245
B1B326E8 E56A33E4 848F0301 630D3318
5CFCFBFB 20418527 274B1B6C EF66A663
B199FD55 0B616D3C 6AF5DE91 95EBE1CB
2D60AF37 271253AF EAF40125 3E652CAF
08DA5EAA 736364D8 D057C4E0 8D0685D9
F8E6C1B4 EF0B5A6A A6A8179B C3950AAB
D4E2638D BFD2E4C3 128B203B 5A334DD4
8DEA4FE2 A629AACD 2EA8928D 2A68CF27
87D6B2BE 3C47EC74 0EEA4E73 D2311DD0
402F339A 220C252F 7C8BBE28 F10669A9
D98F730D 6C9A1AC6 A4B03DD0 C8A9678D
65A8E9D5 7A81E315 CFCE7028 0875C6A4
803061A5 76C2E794 73E154A8 4D0C2435
48C96E6B 7E05096C 5008FFBF 585F2D61
6C980276 7FB7831F 961DB16F 159CCB93
AE9A427D 8B1C273E 022030EF 683CE108
4EA9C5C1 D2214A1F 3EF27473 B0E8E76A
12407876 AFC0EE16 B93F10E5 430B9C7E
26FF493A FA2FEA70 526A5766 ECCC82DF
D29762EE A9ED54D7 521EE6D3 CDBB02BA
9DDC8579 0D4997A9 668C09F6 02E06C50
DC101133 A5D4E5E7 6D158424 A76EA4A5
392FB81B E2F5A153 AE733646 94CD9766
8C5E3A4C 49087670 DBC6DAA4 A9DD2212
93AC2188 CC94B972 7364900A FED815DD
72B99800 86079355 2AFD85D1 6AF8A3EE
CD567313 A81CF1FA 0E72B42D DCC8F59B
2EEAFD59 EF5C734B F80C5FFA 10E4E344
0B38066E 8208662A 374677B9 2CCA604F
846B0416 5BE9B2D7 98B94019 81EFD773
51B51301 A562A0DB 88C16050 0B14C9F4
81633C90 B2AF806F F2439740 FEEB3136
83DF8E82 2C007C26 1BAD4856 E7739977
A57CBF79 16938DB1 8971E12E F456DC95
9285BEDF 69BCBF5E 64804781 C19E77B5
3199A9EB E08DC4F7 39CA42CE AF05C146
1CD3FBC1 130C8B67 9AC91278 1F393607
AE6A2FC4 386DFAC8 E1069A17 1D911148
4392C0AA 96236619 8CBA293F 26E88219
33C767ED 6276CA6B A3F291FC 9A78EA46
96D71233 C6C97BE4 969801F7 597D4670
4EE53935 82AD0929 D0ACFEF7 27B6404D
74AB9DEF 3E4B354C 42E0C385 17592DC9
611AD93B 635FE2E2 55620C4D 7852E00B
4119B03C F55F6DBD D15B54CE 8F949623
9DF87AF0 4D15564E 30333E93 B981AA17
747C482C 7F8DF81A 6EBFA432 94EE2909
20F286B5 0BFE1E88 2F7CBCBA AE9F4189
8341BD1C D8F59DF0 72BCD2C2 C568C455
26F6A99C 861AEEA2 D8C667B5 A4361514
BDC44DD6 49D019CE 41220B45 96277F37
49643B30 3E34770C 4E54D79A 5E4FC531
9F0DA8DC 3050A14A AC578402 A65C5479
16C022ED DABF000B D1D46731 33839A2A
EFA0436F 7A89B00A 3AE65313 5DFDB798
E13B3705 2BA7BF48 219B392D 92198E54
9744B39C 30DDBD64 76FC6AD4 0C9A9455
6CE0C900 86058FF1 5ADE6729 1C785880
DE43FD36 8CD019CE E97227C5 9F2B6DB5
69A49D10 F6DCE3AF EC548DA9 8C4A9BAC
B4CD7CD6 0938A95A 5C4A6721 0FD92223
CFC84BEC 5623644A 3AF4C6A2 DD815A2A
C690D329 5B8F902A 908E1A09 49717BEC
F67F3F70 3B80B06B F6DA31DF 1E2AEB3C
00227AC7 F22CDF13 BD60FCFE F8BC86B3
E7E41588 5BC66FBA 4DD7EFE1 900C7C78
6E5E1A29 4026D1A1 5D4823EE A1750A15
428AF6A1 88A3F5A6 148D5EBA 4EFE9CD5
B981F4F3 82B9F847 4F993B36 631A7386
E28CAB1B 7D8CE9E2 577FDF36 D1206658
0BD39452 4C803868 C5F29F1D B569A8CE
18DFB48C DA4F5444 FBBC3932 1F993D51
B4DAD5F8 AF41649A 758194D0 2351CD85
36BC205D 7B5CB47B 62A02642 9A00CF33
20641A76 57DDEE54 74DD29B0 11249945
3C60A2CA 83BB020F 098F4EB1 6C995362
6A8A6B67 1B5196A1 BC682D6B BEF88118
21038E56 2671EAFB 38A5F806 D13AA752
611E28FA FC772BB9 AC5920B6 62396C41
EE7AC0F8 ACDA1446 CB78FCCD 5EFBBB16
6DF3C5E1 0428ABCA 59DFD789 2D07D8BE
28E7456A 3F518CE9 67C162B0 4E70B385
85682824 3B5CC7C9 C1400A8E 8550E997
E348C5B4 67761FA8 823E20F6 70C2C4D3
8B76E290 96B53956 E842CED9 335F91DE
09949754 957EFCDA A29D1971 46F53F45
A04B1B9B B11BFCB7 A7133860 68E5AC57
4D9F239B 80B6A8E9 CFFD6B33 DB62FE49
04DC0617 061C310A CE60A72A 94FABE0A
F688C77E BC8F8A22 9E074969 C9C9ACFE
99CBE19D 938C13F9 65EB8657 C89D737E
CE2C5920 4E6D8EDE 25998ADC 8375FED2
88684581 37D826D9 F1C1CBB2 40044EDB
DCF55DBD BE0709F3 61D97E58 B8DEE068
BF75A425 C977DF60 F6FD8EE8 D70A23AE
BA47E336 BB6F0C2E 94E5E744 48FE2575
5373587E 7E73DE88 781BF480 C28EC245
8727089B 0F37B4C8 CDC0772F 4014FC2D
3E3CDC28 CFF3D85F 540039AF 23E7803D
85EF7798 A88106D2 20CFF112 2263B34B
49436134 04F88D74 FC4A5C7C 26775B05
A2193EC0 AB2AF1FA EB4DD32F 71C95943
4BAA6CD2 F1E69AED 8F1D7A56 85FB1793
1649C05D 6A077FF2 098E5C1E 9F13BA70
95E7314C 15DB6D64 9B5E1B27 C3341C5D
916BF8F8 843091A5 080EEE18 F276244E
D731E0C5 0CC73092 EDB3F657 DAD977E3
65E4A005 65218BEF EB559D1F DC06BE87
557E9923 45250499 5866E5C0 DD080758
8E49DEA6 37BB2D49 A89C28D0 C1921428
F07C0224 5FAB431B 423CCC15 DF7E5BF1
2A788732 3BA8A69B 341121CD D32CBC6E
11AEB0EC 4D26ED00 3082CA33 B2150CAA
6881157E 00955745 DD40BD33 93606325
47067E1E C59E2C6D 81190DF2 C7707348
29E388A9 FD159B7D C56FF08C FDAE24D9
18807A31 ABE737EE A56AB686 AF9F61B5
CA6CDC7F BAC2E631 DC8F5C07 AEAB2C86
41F11166 0AB3FFC0 AA6CE6DE F2280661
16E29290 43BC163F CCB33F27 B4C9B182
54925FB2 86B4176B 11E5F5DC E60E9D6D
B4D9E3BF FFD3B0AC 1C107CA9 828DB6B7
24FAB71E FDD8DD5C 74CF3929 1880886D
F1C1AE8C 894F44A9 BB1497F6 7444CCF2
35EA50DE AC56D4C4 3F200B63 A358AE34
C62A90A6 82F9A69B 698FD374 FCFD6C13
61C66ABF FA77238E 2E006F2A 20624645
D7401EB9 A99B1E87 BD6AF6C4 2E7E32B7
F26D3381 9060564C AB70A796 D6D6283B
13B6D496 69BF7140 EF5A93E1 5B68F010
F555AAE9 62E67AC6 E3A6F628 22D3FE81
D25AEF5D A660A9F0 0333E484 3D8BC0F7
A50DBFD3 55A84907 A230533E 64D8FC02
A64FED22 388E10E8 1D86F622 D00C6C52
A5088BE6 4091C258 C6AE9319 ACE065CC
1A2909F4 AE8F51A9 F15A46D6 361B5749
588CC650 793F8EE5 7B90709B 12C8BA55
580040FC 968338BD 9E2D0DD8 F8293912
F1BD88C8 C1ED5BEB DD22415F 0E6E7232
EA9D0812 CDE87D8F EAD48AAC CA262DE5
EAF630B2 CC0D110B 458F397A C3A53FC1
329BD407 91F64805 F7DA1177 2A251663
1A150580 9D8A84B7 DC9FD9BF 55FC747C
449A71F4 51EB0B72 C0257649 300CDFE7
E291C3FA 43666030 33C1D5C5 CF238CE5
052414BD 6B78B45E 7D409550 8C10D50D
77639E4E 5D599E8C F54AABB5 15E2C304
376FA298 C293772F 998328D4 1C82C823
3D965379 99625761 9C425B21 705BA22D
014A8EC6 5223B299 846CDA95 D933A5DA
C49FAE6E F0B615BC A5467966 E35A4891
7EF020C9 9AD29D0F 1AFC74B2 3C71B824
93A6ABC2 C1D933C6 B3DF5A9C A45CA044
11314DDF 2F5B90B7 5E4523C8 A4770E36
4F322AA7 6B5D3BCE 8BDA2FB7 91E24B04
3B68A04E DE785134 A8DB82CF 3E8EFE84
41A06AA8 BD423EE4 3B4F8568 58CC5581
A44EC4A0 CFA132FD 130851AE 78E63E5A
7CB48E64 D5459808 D163D878 A04565DD
6F2FEAB1 BDA10F61 7C706BBC 7975C61E
BCDF6110 26DDB4E2 22DC09CA CA063849
BF78B9F9 1479196F 0C29BD9E FC5DC394
5805D6C9 4BD795DF B582DC11 93E96B85
3BFDA838 58004B9D B3A9899F 0D07AD46
60DA2270 9ACB643B 8C03662D 3DD7AF23
0C611ACE 022B5A59 A4307A1F 5893D34E
5292B764 AEA7985E 48AE2819 45B87395
A87987A3 1AA7ED8F 46A025D7 7236DF4F
354AE0B9 EB03E88F 91C8F7ED 6DA3AAA8
9A31114C 59E636D4 E7F1C36E 30CC1B4D
5F3CA668 544BAF12 1BC7A970 AADFD61D
AF0FAEFE 72FEC039 0483BD75 08B64522
4DB061E7 D9B8D428 D58C7FEC 80F3F98A
412F1CE9 24D6D27F 84167534 A0B5D042
1194B0D8 A0D00DD7 9B43C581 A31095B8
DD105ECA 4040F0BC 5C0BFBBA 9EC3BC26
CAB7E77A CBC75BA0 36475089 A83CA55C
FF85A7DE 2D09AE09 F698D5E7 010AD7B0
216F5BEE 7BD78B09 64D25BA0 03A95D34
848EFF8E F9D62A59 E5FEAAE4 36D1A148
C2FF4B81 18705FCC 4022C33A 7A5998CC
748DE775 FFAA8590 6A71AF8C 857F6EC1
F8795BF0 79F6539B A59516B8 D0BEDFB2
2EE1F86D 10D039EA E215E731 AB7FE7D6
AFD239DB EAC764CC 76B58BD0 4AF15A39
C0A5C6FF 6834918D 04C81427 DE0E7D4B
9470158C 1596D4D4 A0852999 86F53FA1
01B9EAAD 1328CE09 6BF935C6 1840C876
151644A4 154365B4 8843C4C8 9F63C174
88FE8FC0 515E55DD A00A9FC5 641B8A21
ED38EF5E DDFF6C1F 20CD6092 5F9ACD48
A3AA256F A31E2C51 876403E7 3B28884E
8B95D379 10C7D2F5 6190A43B 3BC54041
E734954F 8799FE85 909224AF 395D9B3B
733485EF E97397E3 355DE1F4 4DE6D6E9
9F631B97 40CE5616 456DF250 80BA6F2C
6CFDDA6B 0FDD7D6E 8DE8B0DF 7958EEFB
191C0259 5A996023 76BC8D16 8E279B6E
401E07EA F85FC0BE 91667260 8A876195
5DBA2DB5 4CE0DC9F 8862F6AD 1408B78A
54479151 FC71867A FCE4659C 35DA94FB
CB3B266E 55B1B7CE 2AC1DA08 C496C9EC
E60801D8 46002332 25672FE4 751F0201
1EBDAADC 14E7A0A2 03E8287F 52F3CAEE
0D88CCA3 FCF883FF 8DD5D1EF 648DF31B
4CE7B03D 7CECB9AB 55F5AF0C 696DDEE8
98CCD5FB 242C40B7 819030AE AB96A0B4
55DE76CB D6197055 9E7AB00A A80D162B
D6E2C392 D08EB82B B3A470F8 4E929D64
CBBB068F 06E95E8D 83E0F6EC E8940BAE
04F335D0 A7650610 D6D7E179 93A7BF0F
9E7DCA1A 50C60BCC 5F801C18 12329DC3
18E372A5 B9871C62 DC2FE617 3C97325E
07B13E96 C4BF21C3 C3DB090F 6126D4E7
F4AF97BC E70851B2 B4B6F5BA 883A72B7
165A13CB 62A55507 D7EB0161 08D3B66D
4813185F 7D9EDF1B 5CF02F29 348EAD2B
5A0FA02D BF057A8E 75CEDAD5 1ED63B0E
F5F0D1B0 054F0AB7 4F2D61F5 724D1276
4584D793 8F3FE0A1 B69C1A75 FA33A489
DA779452 91EE1BE6 9EECBA96 01B141BE
9BF5F38B E0AEBCE7 428F8718 E089DEB8
3EF440C7 5CC8E34A BE08E4AE F0275AA3
99423164 87CF3410 E9EFECA0 8139F8DA
C6F75C99 450EB2C4 12EB5E36 6EEB005A
9C6EA52E A849E0A1 1444CE14 B4178BF0
7A06EFED A652B76C C7839C36 2B567B2C
4171A9A8 6B2ECDF6 B2CEF2B7 924D06CE
5FC81226 7331254C 91449683 9A79FEE5
B3E56864 14AC9757 AAC210AF 312D3723
7C315C49 8929FE0D 2EA088FD C5D72016
E5C9ACCD 40464B76 84F51AD7 15B2ABDA
A285049C 662C7494 B6E11DCA 6E8702E6
D3887439 2BD77E4E 2870A1B8 F5DF8BD9
77CD6BBA 72BEC565 5C469530 4BBEDA18
EB35BB1D 91AA66F5 3BBEF094 83C8BEE8
A9D992AB 24152313 88A79286 727BA2D8
083C7364 243DC2A8 16601A76 B9391665
1968AC42 F815E6AA 94543A3A AC8EFB40
4FF100B7 45D68CE1 B074039D 1174F2BB
0AC103D4 C6AE31C4 FCF794D3 3D590705
B9281656 2FFBA122 9F6FB158 9D317426
AD0EF02E CCAEFB6B 650BAC35 FBE65AF9
92B4DDAE 8A9F8765 957FE092 5DEFB643
840860DF E97F2755 EF50D0FF 60C00BA7
69FFEE67 9C6DE2A1 7F8C17CA 9AA5ADD2
DFA68E74 E1A1972E 52A0B40C A5DB348E
5EA4B1B0 B74D2E7D F6AB6310 A935D133
607CD7F3 871D4599 39CB2E70 F181DF3A
23C8275D EA6FB4DF 3D184AD3 93AA1677
391C21DE FEE7A866 1F6A5BCA 3465816E
2CD3F3C3 E2BD1C37 28FECCE5 AD94D4B5
AEB61A7D 1D4AB3BD 38EC0851 97633914
FB919057 D175A472 1163D938 64DE2B89
C916E82A A0B778BC 642829EE 1C8F0E2F
5285164D C45A0671 F976FEE6 6CB9A012
9CBA3DA4 1DF3425D 6B993154 0276E25B
50F50CDD B212264A 01D250B0 E17E0B69
17782C39 3EFEEA9E 31E3652D 2784C0FC
1F1FD992 6CA38623 876F5145 CF1E2976
53194F92 194E2C7D 4BF384EB DC000515
E1641990 259DA845 B4348400 22ED8994
65F3F136 E6E2E707 323E66BA 236EC95B
7360C514 102136E6 9AB7CCFB CF7D53ED
720838F9 9363C05F 2DA0A5AB 5C3DC6C9
E176D187 19B567DE 55223BE6 D84CC949
1C92CDB1 9B032C15 5DC525E0 3FF54675
1F6B06E3 808BC86C 50A1B4A4 0CB16467
F5FCD8E8 5441329D 48CB99F5 EA24E6AC
4234FEE1 15C65C26 DB4ED782 E42AC2BA
9CCA775C 22B0EE4E 190EE445 F2B4C020
E6D4D042 00DA509F 5CA7B39A 0F801B00
04BC1EA7 23946630 16F8E72A B5F88D4A
F689B376 EC892A4C DC069CFB D3D3CEB7
345E49D9 F2CE035D 15D9CFD1 04CFA15C
C1751B2C 61652EA3 87BC6B5C D345EFDB
3579638B B6CD941B ECA266B6 D6214E7C
D16F5B3D 42999D31 F1D5F849 02DFE649
5F7CA4C9 C9777B59 300E48E8 138C23B3
43C09767 702C4632 BF65E5C4 41EAA575
5C11791F 98DC9A3D 86DEB8B4 4304EB58
633728C8 561E0317 CD1D44A3 236A33E5
EDF3615C C1986E8F 56657B50 90F3A2FA
A30BE659 A98DEA84 5E60988C 9E64325D
A84B884D F2067422 1398DB68 69660D4B
DF3F8DCE 74CB48D8 E6B917D0 6CB8DA3E
FC91D5A6 017843F3 B9AE33E9 9D47E5A4
C72BDD13 BDE1F547 2285E3F8 24D56A64
6A3D85F6 9B6C587F E2D4838D 963B45FC
CFEC0D96 392EBE73 21B65C63 5FC01B55
5DBA668C 181ACD8F E1DD82C1 A1FF9696
49CF53F4 56A8DE62 57D2E6B2 7AA674D2
4BAC3C48 FB39F794 82893930 A366E6DC
49B88695 75554C58 C97AFF77 D310869E
B53C1F30 FB18CCA2 16DB8D57 E74C9023
D891181F 48DAB0AE 754D1C32 1FCD4B67
680810DE C68AAA38 B1DF5796 E22B8AD3
5F3B14C5 FB7D14B1 1BB1B354 E4DCF8A5
6EC64E48 F520C7DC 67670AA3 3975C524
BB04FDEC 385A9BB2 89F96AEC 6B2D254B
B6ADD29E B52245D7 15063A3B 0E77C32C
28A18EDE 506FF1C9 C2289A04 3A75EF81
094A3E88 503606FE A4942880 CDEF0C03
396BA1E9 42D9C846 EF51E5D7 694EAB53
BC1FE464 C972A972 DF6403AA 4F035AA1
A53D8259 556452E5 94616F1A 3C0CCB70
CD218A70 49343C3B 2C126B62 C1E12360
26012408 5C324535 74A4B939 1B0FB746
E12224A7 1288744F D52D78FD B5DA972D
3D73A6E4 3A8386DC 0C38783E 726F7B77
F09193D6 B42A56FA 34B5F924 EB30613D
BC79CC93 96E20907 5D2C9659 74D0DCD4
639A019A 09AFB7DA 58A1C207 449FBCFB
94E162AE 7049F5CB 33A5C256 94A56B9D
94C4FEF4 A655A427 45014D7A 27C6BB64
6D97C480 F90A4166 818DA6E7 6A3A9F86
BBE8DEAA E29CD6A9 991D9881 ADB7B57F
4765085D 754C9E8C 98F1D3AF F13ED221
DE29321B 917A57CA 230C7039 C3F6427E
49434A2B B0FB65D1 4E3E8845 8CE09A5F
293B437B 99D5127D F99F3D09 E48272F5
8ECD47F0 4CF2DCC4 95D0AFC3 06D0A05A
6389324A 6C58ED38 43BBC312 2C892852
A897C97C DC83192A F10A3FD6 72D437F4
ED5FD122 D4264877 9834CC62 F56B36CC
4F0B44F3 81A99D46 E7026895 7A40D38E
3841C1D5 CE0857C3 237A5851 0AE22C5B
35591FB4 1EE02A1E 845F5366 C92E668F
070B4B64 17B80AD5 282E89A2 4F308566
0F25E3BF 56F9AB14 8DF9D402 700FFC57
293BA7D5 0A825D05 3239323C 0882457D
A7DAF829 D6C31D53 0202BE6B 48BFCF1F
F5EF96B4 F5E3D749 DDFF0066 CCCF3137
4B6F7AF7 7E2A2AAB 46859B4F D9326E18
AC913077 E8A0F208 7A52900E E3941D3A
D9E405AB F7F64D8D 814B7CE5 2E38D3C3
FDA2BF6E 1BCBBBB8 A71FC3AB 8B1731ED
9E378EEC 282AA81D 04D16D02 76D67C04
DBA2D404 B7519696 0A04378F 77917735
1B9056F4 5A92D14D FA834059 16AA593A
2B367431 FA964EFA 9B57DDC5 F00E8129
2247DEC6 523B7CC9 AF0C2ED1 C27E93A2
8CCAC74A FFC2952F 01B74875 E232CC93
DBF26372 9E90A88E 04F82098 7760FDCE
D4C1CB94 512E09E7 5DE7D69E D51FD476
07561EBD 33568593 3FDF3FA4 1C4A3179
E849F2A7 A939DB63 6823A2AF 8056FEAC
3E8B72E9 D051DD56 95CDA5E0 6AFE182C
D92495D9 858E1BFC 915DF898 A6DD1D87
C2881C40 FD224295 067E3F94 592029B0
87410F34 50429288 EBF9B364 F5E4252B
A9EBED98 FB37109D D6D0BCBF 8FFB5A09
2DB3E284 C2AF88C7 FF72E937 D8AD628C
DBD49A47 13DB43D0 1B31472C 1E986BBC
67C753A8 5753EC30 5E4594E8 4D742C68
CF1B7C39 B62A0F3C 1FA9B7FD 13E67B06
FDE1A7EE 99295242 85AA3EDD 68EBE66A
B13532D1 0D86CBE4 B3705D14 FF27705A
37F174E3 8941B65A A2E80E06 AF144492
B82FCF82 D8C1C9FA 1F34B972 4A822C45
09B6718D B9A38466 563BBDFA DD39E141
85C3A7AE 19425A21 6A4CD17C E7B33DD0
A47151F0 2FEB6B5E 4CB8C894 39D2607F
4B1A5C40 F1530681 7B4A3DF8 84532A8F
EC5D5DC2 870A5859 DE1A1478 2509C29C
B85BB268 75B10DCD C6263B80 997593AD
AAD04075 DD89C158 33C2508D 481612B6
2AB1372C 67007DA5 741EB598 1906F01A
F41BFCB4 3E5F6E0E 109BF48B 291492F5
5DA26B50 815E618B 2430194B 6CA2F986
AD6E74D4 4DF2A694 86D818E3 02BA8F2D
B1C6AC56 87B03309 6EE12592 B917AAC7
A00E7164 8836DC60 CF2D6A69 0464BB46
90113104 CA746EBB 8B7EF91B CD767DA5
DA60CB96 3DAD0D5E 21F0BD90 80949E49
5E770CF5 E4EE7265 9152481F B87F9E9E
91627393 D4989F28 72E6CA50 355EECF7
7012729D C69D9B37 DEA5B9B3 98E8EEA0
CFC73A36 6AF219EF A435D4E7 C9066629
F42D6D1B 6E8878F3 C94EE2AA 25F5DFC6
1081698D 65C78E46 6FC9F6AB 65493021
35D23563 5E61F73B 53B5E402 F7F25C5B
E3841521 BE4C0A20 D4B42638 08706695
EFEE75C1 E7AF8F6E 3B82562E AEFE7F9C
8E94957A 136963D6 28DFA0B5 0AA0D777
5A6438F9 52996510 48396318 86575D33
32403E2E D09AF7AE 92F10360 345DC049
559AE38F E31558A7 6EC29095 5D845826
3990E949 77F0ADB4 2DC14179 5AF73852
2B030AC2 4C367E2A 197686AD 4F908388
4CBFEAFA 4297E01A 383DB887 21449751
F11A0871 C4C3164A E19529DD F3382A36
D686ABD9 6C70F24F C7144196 AF560236
ACA33ADD 163E45B5 4B11666A E87DEEC8
FB0FC502 28761714 BC323877 599A7DA0
63BC35BD 89D520A3 BB471D58 9270A9EC
657B64A5 38F90C52 FD0AC42C 1F661B68
2DF0B18A 6CA2DBDB CF7A346D 8A615DB6
D2B28678 EDA8D005 5885F204 A918D9E8
557ED7B1 22C6B708 73687703 435DD1B5
9E7702C0 EF54459C F0FE569B 8A146EBE
4DC078E2 615EF9E4 FCB79B6D 8E575EFF
19AB1E12 6C6FBC44 CC58C11A B45DBB63
12DDC35D 5A984660 91B211C6 14D1B22E
44B2A2B8 3DA48139 BA31C318 65F26F24
1CB3533A 252D2D3B 69F4E1FA 6F009FC0
43EA3DF4 C27BF8AB F78D7398 A68FD279
E6F5D137 6CBAFEC9 BBF9389B 239C0031
7677E326 03FC1E7A 3A5624A5 430A176B
01BBBBF9 BE3EFCCA 059729A3 A6C4FAC6
1C40E666 7EC77227 383CEBA3 9499C3C5
34FBA69A 3F117289 6492F890 EC6F91D1
131E3263 6FC54013 9C456B5D FD1A063C
7C0B532A F68F60C7 D44DF7E1 0302F2FD
E8CC834C 7A9E518E 87225312 D26B89F3
F660CB7A CA8EFC11 7F81905C 5AFF1F47
79382656 0F9019B9 3FA5D76C AD5D2ACB
E5E0C16B A9285F73 146F44D3 6CCC308E
031FD908 4D05081A 8100E595 24943E66
27375210 420AFBAF 257C3A71 F1FB8078
158844A1 B8BD1788 49146894 614B8E9D
F9A69B93 339C8CED B7452B95 8CA3C476
BD817A91 9E796DF7 2B8C0043 B1D7C0BE
1610761F 596CB83B 872D0330 1C171342
B4E2E9E0 CF4B8133 72D590E1 0AB1B2A9
898CE767 517F15DD 69600F5A 9DDC4BD9
43378EF1 B772F40D 7E5746A8 095AA949
AAF56E9C 2BC217F8 458A3D92 0C8ED902
248C3A65 9905E664 108DE0F5 DCE6BD0E
33374C5A 2149DF9B 7053712D 82B01842
DB84FF7B B4B2245F 9D29305A 26342851
A40A4EFF FA504569 4E788CDF 3EF06E7C
D613FFA5 723CD8EE 255F8494 4A849516
336E2AF3 519C55DC FA614334 0572C134
68CC6B74 6AF6FFED 3EC612ED 2B5E04F8
92BAA9AD BA5450F6 8B4E888A 2F845BA6
7E09EBDF 2738B840 AEE377FF 1D50EB52
AEA2675E 1DE7DA90 086EB822 558C1395
64B214EE 22AC802C 0861A985 2C742751
C43F5AFD C6535642 F9F2D193 5390B9F1
5B981C27 09931D34 3256D753 C598877E
0E74268A 4D0BC007 2A5CFD1C 20D9B334
62FD144D 6A91CB61 A63A422E FD10C35B
B2CAB908 4B547479 928D98B8 19DB2DC8
324F15D8 853E82DB 28AC80E2 FCAC58CE
8F4B6CD2 8D382EDA 650BC8E1 9F60F71C
634F0466 52EB2BF8 DB171ADE 6219A9DE
38A0BDE6 15300A3E AF1BAF10 FDE1F8D0
9D02AEA5 F5D13C91 5D64F04F 60A2B7B5
9B38615D 8447181C CBADEF56 3BE7AE50
C2953AA3 8A8C0F77 B6A5DE57 662BAD4A
E921E536 7C0D2772 2DD58158 27574DC8
F5C329F1 7414A4B1 65AAA521 9EC21856
168B5D2A 0B07BF01 11516C17 3DBE532B
421436BC 844F613A 14DB28A9 5C3D11F5
E87FD3BD 16E5232B 94400BC4 C0FB27A6
5C3EB3C0 24500DA0 155707D0 5A7C0ACC
3B355600 684DD2C8 7DCABD03 ED6985A4
40260BF7 49E89228 B3B7EC86 8A375649
C09A7169 5A24D66F 41832456 094BBFEF
18211451 626B398A A94F5071 E9E4384F
A34D5E98 0F56291C 57FC4154 EFEBEFFC
7853C605 2B853347 D0BED886 E31C8B0A
D827E2D5 047E119B E97690A2 85ACBBC6
9C714369 F8D3F4B6 970A721B E267C33B
FC9D7980 A21C0A3F 2B3AD71D BD6380BF
D0A1EB5B 3BDC375C A7B11C57 1667AF3A
49D8518D F724CCC7 E0B84141 DE58DF9D
EE2E2D98 7E9E6DF9 7A0EC7C3 9F0508D5
D655DFA7 AE809150 B89463E9 371E06B6
5D086F37 ABB79BE9 D2BC1E93 1E02D560
E1674B36 77B9A6EF 22D1444E E15D4714
2A742454 9E541FF8 B935C880 B06EF680
67244016 FBBE5E7D FE37346B 5B6C3EE8
09B7292C CD2C7B2B 355408C0 B684E7A7
D6BE605C EE3F76A3 118C0B64 ABF9D174
8409C0E5 F84CF1CB 223859BF A10202AA
70763597 57C17F98 4A75E233 92A6D47D
98D2B6A7 E72086B5 77041116 3F5BDCBC
BC56FA0F 7EEF7A7B 43654600 805F553D
7A135F90 68170EE1 565FBCC0 C388EE54
9BD4E16D C60346FB B6AC5E8B 979FA31C
EACD2EF8 60EDEF23 B642E151 261A85C2
FC40B99F FE102587 6B1B5BC0 CA2DDBA0
E04B11D5 0C9C6209 A5A58509 F5E4DBC3
67F8CD11 8E51DB95 9BE350DD F2DD5F37
03227716 4922BEEB 9ECD1B70 BEF18674
A0674713 90E0418B 67464501 CAD9BF9C
ECF9DAF0 45EE6798 F45CF484 4BCB71D7
EF3C06C0 415C01C3 1179337E 97A6D33D
5797330D 4D67F63E 56D4E3F8 41CAE54B
B1885D89 B3B88F65 AE2A0433 3B59CF38
6792FB5A 5338D10D C4C118F9 8FB3E82D
B935954C C82E6A9A 4840D842 9B7F3B9A
5528F37C 6E7A2EC8 13AEABA2 059F2618
46DE84DB 8492EC32 A02A1ECE A480AC94
6DBC8F83 16DFBFE4 60FCA56B 01D16909
3EF1CB42 00F4126C 1AE821A4 97FD0498
0BC0628B 31344FB3 9E55583D 27AC049B
9A79996C D9C39A58 4344B031 1389B3E9
2648DD5E FFB83737 38B73845 99FB36FB
C23F71E0 5EA161D3 E71F0F46 6ACD321C
38A6BB98 2E0545D6 DDABA8C7 6927DFE6
C671F1D4 2DBE61B6 10F100DF 6AB26DF5
E373A4F3 92E3ED58 45A8EAA4 118EE6E5
78BC309D A1AC3346 E22E4323 5C8F0F8A
557608DC 7B3346A3 61A569F8 0580CE60
CDB655D6 9FF7B019 56127A27 FEBB53FE
3BB8900C 8DEBE799 9EA7FBFE 53178AAC
79300527 5A8AF963 D8BD57D7 7669CC81
107E37C8 76F3EAF7 125C353B 81FDB81E
A9B3B2E0 026F56F8 DD46B00C 35C40E6C
10CAEAC7 936A4FF4 B21AD5FD C634A46E
F5A1C3DE 79B8F01B E08EAE57 3B60772F
65EF34A5 DB772F49 FFD1153B 9EE19089
1ED4C2A6 BA593B09 99D602B4 3CEEE8EB
1AA0BFEC AEF6F6F9 9939E6B4 19D62B0D
C01BDBBD CE1354B1 A8F9FD51 D3FC689C
E6FE33F6 F9D2B928 F001D71A F2044C80
A00252F1 2799BF9C 1E196C2B A77F7A2F
116C1A5E 8C863F00 DA8CFA7F F67F6E84
E88BC508 AE63B2E1 931AA9E5 09EB8243
BF3730F7 87655031 61194C96 CFA3B603
28147490 65BDA718 4138A6C3 C26968DB
82EC1694 825FC5EA D00C9F86 A2AC71E9
F3965D1D C21A05CB E799CDF7 AC56F8B7
8A6D5B0D 39577DF1 870F336E 9BFAABAE
3FC1F546 A1BCA83D 86D5A26C 06EFCB4E
E221E5F3 79B27207 E0018FCC 7F823754
C3494779 EE302EFD 25C92D95 C1C045F0
B0CB8756 2F7FD075 1C3D091F 2E8032A7
BCF2D05F C405929F 337A20EE A5A93963
4EA09799 441F4BFF 80E1BC02 049FC981
4E8AF355 D325D4B7 933B58D2 92162AD1
10EED6C8 B0C9D9E3 BC52D6FB 063B4B92
0C5B6348 5FF8BBB8 9100C21B 3C3A70D6
046FCA8C C4AAD685 DCF95F7F D38D6119
A953AF0F 1B6739AA 6BCC9E64 F0B37111
F6D180E1 B32B8E5E 6FC869A8 6F928FD9
4A379D7D F0D2A6D9 3B74242A 2553AE97
45E99FCE 0D041A41 DAABB639 976EDAB5
98FBF36C 40FB0E46 EFCA979A 31340D2D
A770285D EBC89CDB 5CCA475D 60CF7A4A
0205A509 A9174AB5 458A912F 1D80A1A9
6A512FEE 2AD67864 35FF75AD CB88F16C
0D158956 3F3CBCC8 6ACD57AD EED471E2
753DDF10 416ACA97 98DD9B12 BAC9C90C
1592C2E8 51D1676D 6E70B135 D84A2CDA
4F370327 B5492420 8B6663A4 3FE18344
1E4BDBEA A6FF4CFB E0AC9B17 B51B936E
75B88E4E BFBA791C 8D132D40 CE1DDAC1
7E7C971B 7EC1349A D5EFFAD8 587ACBAB
8A7EFE2C 52EAD2BC 4FDE3135 5BB45319
5BE60E8E 3FE269B7 1676A5CC 5653B67C
8D657CE1 6A097961 1B15C636 097B1244
021F39E9 149FDA5F 82C3A39D 0FAE66A6
8F7D746D 41442EC7 93F4F4AC 7B1F74CA
82DD2714 178609E9 23D226A7 7211A25D
30675CF0 5B88D42F 08F4404E BDD174D7
2ABA28CF 0AE96D16 5F8BDABC 1E125602
5DAE2AE7 417A496E EF26E522 1BBCFF0D
6B069A57 54A7C92B FF3B7BCB 6B68656A
F57B803D 17AE02F6 B9AE25C4 CCF74655
438A3B11 2E811EA8 E759BB0A 11A34A62
20714D71 88C7042E 43337F7E 79866F1A
E99A7E05 BB826835 6D09F481 CEB244CC
E507C5F4 77700B17 D1F3B7CF 68305681
BC1CD2BC 56093495 0901E7A0 FB791185
528456C2 68884D9A 2A0175F3 58B80BAD
0BC94EF7 440E6FF8 A6547FBF E314DB2F
EF103B86 ED7AD8EE 44CA8BAB E07B9CF9
F3F7B5D8 AAD54EBC 318CD719 A1D6641C
8D93137B D1617B03 A0FE51B7 27A0303C
97C9D0CC B135BA95 6FABD90B E3ABD552
6DB5067B C28F30F5 BCA8481B CA9C2E61
72703DDF BA577F5B 81E57043 98B7C9B9
4A444C40 6047DDE7 97948B76 1849EB32
FBA23EC6 01CB2B1A D2818190 85DBD8EC
BEDFD2F2 866A807D 5BA6E6FA FC9B1E78
00DF4DAB 880CAEC6 006B123D 407F6293
57D1B974 3EB5F98D 66B7724D 4025CC87
D1D46D09 0D9FD1E6 F35284A2 A7EDA081
995EB9D1 01E4F465 C0C896D5 37D33453
D086AF4C 15D56A04 B7D70672 2B81AF61
DF0F6D0D D6DAB2E6 FE786B7E 5C2C681C
FF0890A8 AC88CB08 8F2F9122 1D7B202A
BA95F3C1 AA950BE9 D7B8987F CE8277FA
406E2939 1C76CF66 D24DCB0B D36AAFBC
53F9BC4A 4C7EA6CA CFB0642F 894C1CC3
E8E47521 3DE1094E 2BF625ED FA8DE2A6
B461173D CB41CC00 52E6023D BF1E91CC
B0E63D84 B0286257 04D9CBA5 911097C3
2E99545F 0B6379F5 83899EAB 88E74A66
844DC994 5F4E0929 6E05B6FF 6FC8314F
DA8BBC21 1556D6AD F3CB7756 BA54DB33
E9475A6B 00925A99 7BE0BF85 C89DF6BD
F5723DF4 7BB55125 712B074A 002299A3
3130878C A52CD578 4A6002D3 BE12079D
EEB769C6 A7FEF8A6 3E3FE2C3 6DE3DA62
7B06C2A0 4772F10C 52BC7CD3 16BDCD7B
31B7AB3C 9E71723C BCD7DB0D 6254DB2B
128DE9B1 94399045 0A3AE314 2D4718F3
D2A8984F 5FC10694 8CA45C03 126FB596
B5C3C087 71684FCB 7373C045 7E40EA4D
9B166B89 7AE34D99 4CCE4D42 DF26CACA
88B7D8A6 869B2958 85FE10E6 67D90B83
40086918 94D7DB82 26AE78A1 9223DF30
E50B6E3A E575AC17 25532485 C0689E2F
FEEA54A4 839E7987 4393DE45 EBA1B603
6C80D698 73654DF5 4C5C9682 B36586AB
5F37FFA7 DD6BCD89 E3185583 F3E1F507
6860E548 865C7F79 643116B0 2D4EAD53
F8660115 4AAAF605 6320AD00 1E657C56
D459DB6B 8319657F 25C8F86D 4214A276
CA4DEC83 DAD71D8C FD635A78 E43DAC0D
BD094137 59B88DAA 7DA16E7E 53EEFC5C
D097E74B 4666A331 569AB05B 6FE398AD
3BEA48C7 227502F3 E9125E34 2BC5B60E
6B723E9C EBBD7ECD 75528B75 BD7E204D
9488267E DB9E0296 D6ADEDC5 FE8A0326
E3504BD9 1129F8EE 91983A63 13BDB69B
57285E84 57203493 BCC95369 FA34C2EF
24F45B56 6B1DAFCA F2CF3A10 6B246F9C
BC3270BB 2EFA488B 69166190 68627E35
842900CB 57D16574 5A1DFDB1 C4BEE420
3B263775 E6A008BF 50388640 459C7961
64EFC68D 2F4BF5CD FC042B4D 2D12DF57
D462583B B2895EC3 E546BCCA B7FDDB60
C88F6595 FC5FCD38 DBFB4108 F60B1A04
2B1A0ADE 0C236A48 2B6D96E2 1EE88DEB
84927C65 7C20123F 38821B44 BCD658F2
29D55661 CE22FA4D 829CF4BE B97E31D7
D687D635 B828428F 0F0B3EB0 B112E51A
8C94717C CC13E49A 2D5ED335 D79FA353
F3FC5AD1 F44B7865 D27C6277 26BDBC9E
41325E8F 35555452 ADDA3E44 E55D06D4
D4AD8609 05748794 E3E4ADE2 46F56B74
5F9B143A E4E27137 18B3A1A2 FB4F09A5
7871192E E0DF2BB1 5E795AB9 A445FF2A
410FDC10 ED4212F6 BD1FDFE0 65FD37EE
CA8087C2 C3EA7AED 73A06973 A9D70306
DD710359 92FC6DC4 45A549F4 BD92ED10
58E6C97B 3E72F6A6 12174373 AFA09E9C
338FB08E 21045F12 6D4F3440 AAF3F3F7
8C5B70E7 9870C442 935B556C 8C278A11
482EB60D 48230EAA 9240A4C8 A4EAEAF5
70CBAD74 6E849BC1 9D562E47 74809858
7241912B 1EB5FE35 45B61A56 0BD0FEC0
E7A0650E 445EFB9A 13DE1B86 AAEA38DD
ACBCE283 862F0BC1 E845C73B EA3D83E4
C675F584 0FFD5105 E0BC7BD5 CFA3BF7B
A0F10D14 5E982203 5A115D0E 060C3BC4
A44F22B4 82B95073 7C0A4F02 B425B26E
3CF2F57A A27CDFDB C9FD7B52 87BD57FD
E6725404 14A83AFB C69252D9 C5316DED
8632DF37 FBA6CE89 95C81E63 729E9FE6
24CDDE97 A61C4ED3 CC72FA6F 146AC7BE
ED9CD62E 69E72ED2 3AA6F7AB B3AF9AF7
90DC5BB2 55AF246B 32BEC053 6A3E9ADA
EA1F7DB6 A56FB650 5CB217A2 E67E649D
D60989AE 28F95181 6A2B5CB2 02A25ADE
7BB4213F EDC29D26 6AD1A563 B45E6C87
3BE5D213 C9F5EB50 3FDD97FD 16C5B72C
80179500 E04D46FC E347FD22 8DCD05DA
810583E6 1BBA48A7 52059F9D D782DE70
6587149D AE311E8D 3D736477 62863D7D
71C7964E 8D7D5935 1C35A91D 34C71B76
1CD752B8 D6418255 E9DC2F0E A3A29AE2
4DBFF789 8BD54FDD 90ADF510 945B2A84
64889797 F42B54B5 0B2F9996 18160FBD
8DE304E5 79EAD3A5 3C94C685 908E42B1
0859F93A FFE8BE92 11A078BD 1C1A5BD2
901ABDD2 AEDC737A 35FA69D2 6DEB046E
D788495D 80442EFB 8C12B1E4 562ECE93
193CD36E 17DFF6D4 CF7C3025 AA04E7E4
C9EB36AB E09CE458 4EFA7ACE 218F6E76
1F3EE2BC 314FD7A9 2E5706B3 9B15DB16
5F8B036F 455F3462 30E18F87 30032243
CC347C6B 52B3C77C E9365F33 048F6F52
E94B84C9 DF840C49 4B52FFA7 083CD37C
464DCB82 79A88843 EFB6F5AB 5E36C2C7
0E07154E 3BBBAA48 03D0E407 68187CAA
65E3ACA8 5D4BEAB2 F94F2CAC F3F60E44
1F2F027C 00F31888 BCE315F7 66E9A0F0
9EE35FA8 A037064F 81B15FDE 307F23DD
DE4536DF F52FF0A5 8747C216 F268D8F4
9A5FCBD6 047CF142 B542FC5C A897A295
565071A9 DEC4F4D3 5EEBAD99 1115FB63
D6358B2B 199A1647 4EACCCD2 1829E328
0750751A CE5EB07E BE4020BB 654E57F7
64D83BCE 9C1D4B42 E8474990 F04315D8
80EDE97C FCF0891F E5A52C8C 659CD1CB
CBABB59C BDC35987 F4309D67 E757A538
02700D62 DC0F45DB 50DE6720 DDACCC80
AC7859B2 45F95BB2 A52F47B0 F761A1F7
39D4DBA0 FEE2A544 9085E496 4479ED70
5587DB71 F447EB40 D0E64078 A5D6D4ED
C7FB2F84 7C93F7C2 B8F3C9A8 A8B5492C
660111BC 06929734 295381A4 705A0E50
0F7528B4 59F386B4 07433816 46B4BAC0
1508BA76 B05CE1DE 9CC755FF 610D913B
C367722D 78ACA1AA 4DF58F26 45EF46F0
C6C94FDB 2D2CB229 138DF134 F9C0A479
75C0B6C5 9252537C 0E6EB0D2 8100122A
0355CD4F EB7E1907 FE371184 CFC4F262
87A729B4 CF48A845 2997AE66 AFA337C5
20F45E18 98A3E73D 5D8AE326 1058CA7E
8D940080 7EC14EC3 B51187D6 7D0A1078
B74A0808 D3C90B16 5E11C420 34ECAE43
843992C6 F1F9CA85 D579C91F 6B839F75
500D8AFF F997A2C9 9B41B05A 994C997F
817C53EE C2A738F8 5C4AA998 28768B04
B501BCE1 DEDBB4C1 FC66834F E97C57C5
D1715A06 10E243CB 3F2BD962 7D69AEC0
C3E0E892 D0311511 A4929C48 47332547
AE110CD2 7E0AD8A9 4B87F16B 9EEC6F46
B26074CA 2362F6FC 4C382846 88DEC58A
C8767921 76C9896F 0D1045AC 396AF242
9AE07786 47E07D46 5AAD1251 9B714DC4
8015C6DA F5E840F0 489A023A 55453E14
FDCB7DEF A93721AF 29F57AFA ECD7A84F
F5CCC3F2 18F3055D 8F37A80A F101E0BD
6071B4A9 FEAEEDAB A8B3BC02 80DFC705
FA33B65C E310C9F6 1085B8F2 8C603E4F
EB6E85E6 D80F54D8 F723F9D0 ADD6852D
2AF48CD0 230BCAFB 0B3A4DFD E86EA51C
B32BE514 A9A10EEB BBC7C4F7 A196F9C5
9174AE33 E6664CB5 4D72E4C5 C8C6EF8F
BF63E37D A0310FD9 433D15F7 892200D8
2DDFC8A0 021E9AE0 D1F8B33F BFD1DF70
CE4069C4 0C20433D B02D6FD0 9B32A7EA
E48B45E0 AE0E37D4 BEB752B1 3C0E0313
9723453A 328AEA85 7EB58C01 8D48113F
EC6F48BF D647CD57 51DF4076 3C5AB287
33BEF128 10BE55A6 D3F59E70 DE671A6C
5B3B3102 0CC0AD21 FF431F4C 7ECAAE35
6ADE6B97 50B19FE0 9D8AD8DA F6BCAFD6
2F4FCFA6 57FF1B9B DF140DF5 8A615120
E8577000 81C10AEB 5402765A F4397053
4E98E97D F8EC2EAE D6A52408 927DB3E4
2C83D5DD 4CFF3167 CBAFFE15 13517DC7
86B024CC AC6E4CEE 435CA96C C0E81CF4
B50442E1 AA8CA0FC C1DCDAF8 7179732E
B2AAF154 A2C1F012 0942787B 4ACF83CC
257270E7 F37789C1 B9D31CA4 71BEA4CB
D61082E7 A5A7F02F 7B695B21 2D637B7B
4FB3D7B1 C6F7E0C1 36EF2775 A8FE5FF9
66D49BC5 43780E39 9291EAB8 ACB655A4
8350A6F3 F94D93E0 EF16616F 1B038D1B
0B244CC9 6BC41465 0C96D50B F56D8232
E2D8249E 7E742835 D467FA96 AB534916
E0EA0C9C E72D108C CC88CC8B 447ABC1C
34785A5F FBA24F96 8BDFC574 9D99E76F
592DB68F E8976ED3 4D0B98CB D8AB008B
58FCF580 FE29EAA9 5BA12F77 2CF78286
C5DE8BCD D94FD5AC 13A76401 0FB1345D
24490177 7BBF5190 0A81D83F 70B6D9DC
503F5B19 209EB47A 10ACA750 85C0E882
A0D0B859 82A44458 EA79C565 5E4C9163
6B019B40 004D6CE1 810C80D1 0B811AF9
9E5C7DA6 03DC2EA2 4B546803 4AEA5B42
A2CC51BB 04460F73 DF382DF3 F1692EEC
69172EEA 293E55BB F4209A60 C5AF7DFD
EE8AE12E CE896DC2 91AD59BC 49441B07
E7813518 765FE433 028E4B34 A7132A77
3C3823D2 6B337ED5 29387CF9 5C21F01D
E275F224 8730BBDA 4BACB104 4FB0E7D6
BC699927 9AAEEF9B E1874697 EADC55D4
B9A64550 C5032B2A 0AE27ECE 88751BF8
F02CB0E4 F3641477 4E6B4C5C 9DC706DD
D173BFAE F2D1B69E 88A59192 877AA102
E1410CC4 60FE33AE 92B9E3F1 7F19596C
E3363179 7A1346F9 377FFEFB 5EDF91DB
2D68CBE6 5E5CD218 36493171 4BFB36E3
62C26388 E27F05CB 37FCA020 483E6115
CDE54CF2 31F98973 2E7CE356 EE646C8E
3B77A989 4CB6651F ED43DD43 90BA4225
7C8C151B ED47426A DCEA243A 83449759
C24A0FE0 B23A88E9 A52AE2A2 873C3B41
9867984C CB2D1668 6448A2D0 8114F7C2
BF28D96B A4DCA635 66E162E2 DE00FF28
0B3C2C78 F205C61C C1F56D25 AC079651
00AD9EAE D50BC61A 94C2F73C 7FA8633D
E23C647C 462C7474 7EEBAE45 C781AFB7
7B0D590A EB02CCC9 D501DE5E EEF7824B
09124CCB 09740E4C A3F04B65 4094D6A8
467D92B1 5CE9AC9B 635659BC AE19AE01
91D74687 354C2CC0 2F376646 3A732CFF
4EB35E14 25BD9100 94C50E9F 807DE190
70BC2109 BDCCE01C 07631E5D DB5DFD44
29451FDF 634B0ACF 853F1483 66ACA806
F570A157 80D2D2A2 192F1A19 91A70032
DC696909 E6187724 46F6C99A 93F7AA95
BFF1CB1B 889450D0 490AA945 ED6F8C72
5931F021 B882BFE5 FE143A5E 083B14CF
6EB130BC E7294A66 5AF493DE D3759A21
8E2FB4DD F33F8661 258A133F D948983F
CA3BEF87 04718A63 F9ACC5CA 848C2094
6D2C3C6D 67401F13 7C43CE47 9A9210C2
F3D4BB76 B1C227E2 5A982B0D 76311739
609AC7A1 682D989D EF097647 9C44E2F7
238634AE 59C643FA 7A45712B 16929610
04DDCB39 E0BCFDB9 3A464AEA 6D7CE07A
B61A9DFF 82BEA41C 380A724C 61C2733F
F4AFA0C5 6CB03B4B AEE9DB98 67F4F094
A7012150 D066DD84 D336B819 8FFC7FB1
8B63B089 A119BFF0 8FC99FA1 26E4902F
95AEF6D2 A9734878 31CEBC32 AC811B94
7CFBD0CD 636EC817 FB90C686 18E54AA3
8AA301E5 5BCE67F4 3BF51262 9B56DB8B
16CB9522 555AB6BB 15C4A4EB E9B448A8
C66AD891 60A29BF3 10A9F654 69B4409C
19CD9F6F A3705A37 0DAAFFFC 62F0B79E
C12420D1 510A3EEA 9E468305 ED2AE0D2
377FB25E 0098FC43 99EB16E6 8FE79863
C66F50F3 7ADB55AE 59E4B43B CF839F14
2D5CAE60 7AF7C21A 798CF8F8 B0DAE437
BE57970F 15F4D8CA 1206A29B 7CB11888
F690AC94 C9B162F3 BF041D35 F6423E90
3E89B8EC E145FF66 4EE651F4 7A5B6367
D0DB6802 45928207 95CC5015 D34D19F8
2E0E92D8 65F3FDC9 D4D6B847 7F65F0F3
18DF9F90 7B1CA1ED E997A6A1 FBAD87CA
F25CD2A9 5549AE34 B648499D E9DD2245
265EEB57 BC2EBE9A BC145A0B F7DB0FA7
E3E32B4B 2AFDC24F F276130B D082EB83
2C180583 10E806F6 248B55EB 15C798F5
2AE7C2A0 A0C30EC1 AF29483B 2C37D3A6
972D818B 10D34EA5 5040B68D 371043FE
6474D241 2F491FFF 95CBCB22 756C4630
8DB66216 20268478 5DD86C94 E1F78A1C
27AB044D 943C7513 B577DC48 2BEED6E5
51459570 39E26DD3 FA175AF8 DCBD3CDB
A591713F CD7888CF D0E594B9 95BC7246
4AA16E35 B45F3AD8 93E643C8 366268A3
4AD8A160 78986769 04D27762 2C1AF591
71F6F817 96DB53F6 E0649E8D A5BA60B7
9C1A9146 C745FC0F 35810ADC F3BF98CB
86A15F43 23E61C5E 3FE8D581 23E38DAD
75AD585D 9BA88B3C EC723EB4 F80CF87B
17F13203 AFC49418 DEE369AE 7D3CE4ED
DA107ACE 7CA73ED0 DE44109B F8006C2A
240F481F 5D945E80 111292EA C7FD6EB5
3FBC568A FEBE3A71 91C8C2AF 254B8F15
482D4EE7 2F1014E2 3401F176 226DC080
41CE251F 21F0E2A7 EC59EA59 F73BC2C0
ACF28519 AD64A2D8 01C5A273 9FD6259E
E8B8324F 6F4ED183 597CFB9A 268766EF
3930EB3D 4C828AEA 6254AFAE 3DF930BB
AD54B307 014C4FDF 23CC7E22 CACD3628
C219E819 84A58C30 73D16BC2 9954277B
6B8E0227 9E02B27D 158454FF 68A469BD
10472497 E7FCF04F 3992DA1C 621CB4A9
2224352A 51CCB466 48110D14 60BDFCDC
A1DB5785 87E824E3 371EA5AD 09FF5C0F
39260E93 AD8C61F9 4D350ACE 3F856DE0
C8224C52 C28BFA78 52890A98 775239D6
00F39D93 143519B1 DDA5755A 5552EBAF
98356B4D 2EF695FC ADCD0D36 BFE73463
B0304D6F 69DC9A80 B34859C9 C586FEB7
C67F8C05 F0A2FD3C 43AAC4FA 19274E30
08EFFEF4 32A16AF1 3752897F 0AEC833B
D28CE9E1 4F87DC3F 4DB27D9C AD6280D1
7AC187AF 77D2073F A531C5F4 A736C1DA
C9FE5721 5679675D 4E5BEA17 D0E8C31A
F4CFDA94 A0C34DD3 BFA7AB17 274BA4D5
F8C4337B E6A672E7 C4347643 EEEDE5FA
6CA5DF2F 024CED74 D87A8DCA 9B4D7BBD
6E04899C 0E827B98 F3CF9090 8FA67CF0
F9F40D33 98958566 519BA6B9 AADA4026
31555027 03C5B666 2A3D16B5 16ACB36C
892F8234 91AC0FF0 B1D2DC4E CA9B05D4
2B4403FD 4EE87250 B27F1DD1 9AA1828D
C88ADD03 6AB3441F 48623BBA 9C0234BB
83BF6C3A FD949D1B F673CFE8 1D8E7427
38E42BD3 02F7EEB5 723A09F4 ED0ABA69
F03E00CB 0C8FB1D0 2A54BB72 3BB124B1
D0847771 B043C8B8 A242AA48 AE814E6E
BB07D8A0 9097C428 A74CAE8A 2CDB070D
F2B6676E 59798A5B AFCAC7F3 A9967D72
D2394866 6E24F08C 3E08A589 559F758C
E7416D96 729BC8BC 25A4D5F4 CC992032
3E4B11E9 B77FCEE7 97CA4BA9 C11E9CEC
D67D2BD4 6187ACCC B4BB1C94 38AA48D4
343C3F70 BF04460B DB9FFCC4 12799EA7
4CBC2ADD 483A1EBD A5ED1E34 2198297C
95FEC20D 2755969F 92208B08 5CBAE39B
D308EBA6 9481E221 AC2AE035 9A81ABF6
A4901992 0240FA31 B6E2687C C23581F7
83752454 134C05E1 FDFDFB5E 8984CF09
5157C14F B17AFD7E F48F82A0 152A7264
3348ED4F 68FC47B6 2DCED8DE A084FD4F
C9984E01 3156F25F ECCF7525 FE709127
18691E52 7877ABBC 30A8D0BA 51FF516A
E5A2B177 3D6A2918 456DEF36 64A6065B
567D8E8D 8653EEF3 BAB0341A 22B401B5
2A203A2A CB002243 AB84A28F 2E8F8DDA
ED735B89 FDEDB236 AE641164 D2007D33
47789885 862D88B3 8135ECE8 A1E02614
ECD64650 866DA111 027F578F 7CA77482
2300096A BF551166 CFCCFF46 4173B388
48BC91FB 44A9111E 865A159F 3015745F
05E4BC0A 105F7970 57D89259 257D98F6
0E2024A8 E8509EC5 702D6AB8 4734ABB3
55BF66C3 0DA281B8 1730A36F 6B55DDAC
9AF423E2 33C958C9 D060C0DC 3C6DC0A8
83213321 EBD4C7B9 1BBB564E C13178FC
F043EC47 0FA21B98 13856AB9 93113484
4B4025ED E6DE8AEF 815BAB2F 78B9FE57
8E75EF23 139B7D9D C83D79E7 4F0FF814
7BC9F18A 84454C46 6BF5743E 97D24F8F
E5AA10BF B44F693E 088BA551 22836CE4
37B6F52D 93FB8F52 1262B041 C2F894E7
26E42332 F624D0E8 9F6C2BBD E30B9272
20DA7E17 7CD1BBA0 F5A88A54 D929104B
548CE482 6FF74182 52874FC5 CDB45B8F
FB9E696F C75EE6D0 24802872 3389545E
57184D16 D6A03D17 C83D4935 D48BFA98
52D133BE 0D376BF0 B9B37708 FB042FD5
A86F18A0 46EA150E 49F5BF91 C67E1C54
EFE6944B 86F7251C F0535F01 C1C76A65
3DF13DF1 E54EDCA1 36B29818 43B3FEB7
4803C05D 3FA3D4AF E8ECCF18 1A87E3CC
A0E13B68 ED024670 8696C492 EA9B5F4F
22509475 1A6DF6A4 39DC8A49 CD3E889B
ADDB9346 51358727 F90409F1 C2C3158A
CBAC281D F6F7249F 363E065A 724FDE4F
4A028A30 B03B8C5A 330CEE84 69A6EEDF
FBE60DD0 2DC0B46C EEFD1AB7 62B53010
2DE4C2E5 0124112D ACD12DD8 3D3EADC5
94540270 3794F6D4 AEB2D895 9912EF99
29C40807 884C6D72 3928302B 231BCF8F
6E5E1E01 D3AE012C B6775471 9C7FEC5B
0BC916E8 A9396A58 8B683952 0F191101
ED1977A0 B7E70C1B 4BAB4BF8 07D00B09
60AA2577 25962ABC 2022838E F3A9A3E6
5B62663B 31E28708 99068A56 B94F8D9F
E82A7FC1 70AF4BEE F5DE5B4B 3D40EC4C
D20FC075 8C113903 A523BCCF C937641A
0E179D51 9F32B1AE D8664148 7D799205
C2A58CAE 4D8FFBC3 34CAFB6B C10D50D9
73D771F9 9582F142 7E5C5FE9 0DCDDEB6
8C01D537 E42CBF74 F3C8D18B 9169E176
58893432 BF3E4F81 30EF2363 2E88BFB0
42BC0686 039E07A6 1667D70F DCEE2902
7EC80F28 D6DD08B0 9CBD14DB E8D32B3C
20C77EAA EA7C8FE8 57CB833B CDDC787E
D6BECD40 4EE50CFB 00AFCEFE E3692989
90A05459 9795A65D F360A130 50C3DE76
9BED3D31 6035CE91 E2191853 9EB4F1D6
B3651604 C1617FDA 7ED06A8E 47DE23DE
8AF32D37 590C6EB3 65FFF8E1 08C21575
3B26BADC 71B21243 5837912E 2D04920A
5C03D82F 84775EC2 5F700936 C83FAFE7
12E6D878 AC84CC13 933D0E58 E568E35A
CDB37F30 7C9530F3 A778A4FE 719F2211
15979483 C1360334 B7E964AE FC9DFCBD
B66B4456 B56076C4 FF43D08F 9E97FF63
21F5B81B 1E8B63D9 A5764E0E 0BFD867D
18E89D2A DB8C00D3 D4A7BB87 FD0018D0
C1F44940 01378F41 3158B2A1 AD1E489D
228E76E9 970A9E91 FA4D769D 6DBC34AC
A5ECD84E A8C94A68 E0A26DD4 C735B95B
BC239764 2C96482B 19340029 76C2AFDD
E90FD69F 5A961AD3 FC6DEA98 650C04F1
ACC0D15E DBB3BE83 B65558E8 D870B2D9
83B5D4BF FC4A71A1 9F16DD98 C47F2BBD
F9932046 12A18361 313173A1 F3EF1CB6
93F6E292 58BD83F0 666E1030 28984625
5B201B09 C7CF4BBE AB31546B 26D13734
2065A5F0 E914BAEA D5F70568 CDE8DB80
F70D565A 9E5C214C 4E15EDA8 E7862756
D03D7D87 C828A253 A7200835 A4D66C17
26F2F562 2CF186AB 0D9F781C 6567D452
577795BD A9C8B1E2 BB948A98 2916FD85
2B2CBA91 BBE5FE61 176ED270 44D1970D
1EB778A0 E31FD0C6 4BE2C434 146957E4
D3781157 09B0E18A C4361B83 8E1DE20B
2ACE740A 5BADC2B1 BECC4F39 20CA0C74
473B5A9E 328D1641 25C6E675 83E3C06A
13F8F68D 8A7E54E0 81944075 01DCA909
29B5F3AF 20D479D7 6545D6AF 3488E462
79C6BB70 C6C04455 A6DA8D35 B85AFCC0
75F606D6 BD4901A3 D9C1F2A2 0F51901C
7E7A4905 7BA5CD74 59D6C140 78CFE680
EF6B5E2C B99C0BC8 DA63DBC1 75FBFBC4
4ECEC6D1 A0964009 9C0AA3FE FCF54E15
4C8CAC6B 98A1D6D6 168236AE C0B96215
3CF5BC9C 44BC79A3 AE5E9565 21245996
5DB6FA1D 89AE6DC4 9F0E953E 2BDD6E07
ADB618EA 6B24AAD2 ADB607B7 B3F5B03A
1A065CFF 99DFF1AC D9A6D233 8F97B9D1
1A562D07 B0FB8000 3AB97CF1 668C880D
9A70A9F9 85FF9468 BD38EF37 BF2577BE
4AABC9A8 5FAF6BB3 37CDD877 F8CBA597
8EE41E16 8720654E 47A1BAB2 DEEE0FA0
D2F69F39 5573A42E 17BCAC4E 2FC52E18
14381D1E 66D34AC3 EC47C1B3 FA224C44
7EE0F3D4 9FD1C886 D4923835 F39497BC
397893F6 1A2E7F8A F023DB70 93DD56CD
499AA028 6CDDCB3E BE154527 F0E86727
15557056 DFB8D204 E09F2287 C3CB5D6C
A729A0C4 F5521134 BE7CB530 7A2651ED
D61F2FEA E94301F3 A434CB51 17761AC5
6587035F E0476B1B 2BAA0197 E5382106
B41AB299 E8C90E2D 1231A516 E4E4DDD7
59A182F7 C0A012F3 7014C585 B31015C9
2447D65D 4747DFA8 8B34C683 27D435B8
FDB76489 85DBA571 128E21A7 4C477239
8970AB69 156F4BC9 51A1A91E 2D549782
DBE8D3F8 8D36B69D A4055D91 05AF7FB0
B5E97571 26002764 FAAFF9BD 0C4F4DCB
C886293E B026CA3E 9C05FD7E EFC0BD6F
822F246E 08682BDE A69C28DA 3A6FFFF5
42EAF110 562A84FB C9F72913 47A23492
B07344B7 D667E89C 0190365B C491EC86
62A5D13B 5BE54C0C B8741D00 02C3ED5F
0423BF2D 42772FEC 88C102F3 22BAE8C7
17C846CB 0BC2FA74 1C2303E5 B026F34C
7C8C2BA5 9864B67C 3544E405 F0917459
EB0754A3 D5A05907 614C55BE C4F10AC5
EB51E55D D869DC04 DE3AD207 D7A5831D
E35AD4FE 2DDEC3CA 598D7DEF C6FDFF32
42551E7D 6AD7F1F9 B5CE6753 069A5893
398C55A0 3A8FB247 68F9747B E8A0546B
D0309894 BD6CE8A2 93F6A60D 026409AE
A01D67F2 F840C159 CF1BBE3F 219FDAD1
7EF8078A 85A3827C 41BFBEF1 40E04C62
25B0A147 4349C6CE FA95469C 187BFBC0
AB2C2687 4F81C0C7 C0C195A5 EA7444E0
67A0295E DC5478DE 456500EA 8286AA82
24079CD7 C9A9292B 5DBECB51 C65623B4
50B2D7BB C0A243D9 F7D430FD E810A4A6
2715EF79 7F51B6FD C4C5624B 88144F8C
25633FE6 5F7CEBE5 515F21BD 39C4A475
77CE4308 595751E5 1C0058DE 21999DC2
8E17623B 0D0D0647 B1DDFF34 F57B9294
1C0ACACA F739BA81 B525F871 B2BD557D
F9B607EB FC5F8AD7 1D63F92A 68F6A89D
DF583D99 8E549262 297A0039 1CF9B91F
9FAA041F DDD853D0 1E9E2F33 F78C4D5B
513268BC FDBDF894 28A6E798 E3FF6F18
77946E51 D18C0077 86FD5517 F217B393
40BB8DC8 D1F7F6A3 32F618D6 F252BEED
A5930CE1 30CDA786 09EA8B52 85297974
9A291293 6BE70E2B 10C1F4ED 2BB2846F
7F586C02 9CB3611A 6C447C1B F54794F2
4AECC22D 68858736 A9B543AC 433BE6F2
A7832410 1FF37FD6 38AD0E0F 648F057A
54DBE3FE E039B46D A48FFA12 94BD69DF
D100FBF8 A5068635 8A01363B 3222AFA4
0DB6E7E9 D953F17B A34C03B5 7A7998FD
D6209828 62F9D7BD 195FC88B 8D278A65
E2E5D233 614C9424 A0E9E7B7 F13405A1
5D132AD3 9EA2278D 660811DF D3C6981A
C0C24A2D 22DEA5B9 D23C8A4F B12CD8D9
0E60620C 593F9A74 EF02E0FD BB51826E
16769507 ED9FF822 F53F7CE4 C4D37938
677DB4A0 82034287 DF5D3F3C AA305E4D
0280BA3A C72B9B7C 9F6BA4DF 06F80083
917124F2 896B8EC6 CF3EC3FE 22DC52E0
94572EBD 71B7B1E5 755E142E 6FA0A0D8
BCAC8BED 2E84B067 1C02520E F3D2F4D2
2EDA298D 4BC01F80 5A1E61B9 5417A621
B1A5A805 0CDBB1AA 27EE620C 6F3608CD
3B30A1FB 95501471 0D78A95A EDF5A319
CD0182CD F7BC35C5 A4C39C13 03FAEF04
B328A930 75904B2D B58DE9F8 3F6AAF46
48842AA0 F3332662 110AEC20 BECDE00A
AE6BCEE6 0F222A59 A8217947 2A231C6A
70B47325 BAEB8C1C D9C2E590 8E306895
C466CEA7 96EB868F 0638A3D5 FE70E5CE
F978AA6E A3183620 5A6B5522 21C2BDA9
2B0C7577 CE6CED37 8D46E4EF 85C5AA3B
DA70C2BE 5EDC9BC8 D5EF4BC2 49FE8134
F2703E13 7BE8A820 39BB1A19 4C150D05
18347703 7A7377FC 9A00253B 696B55CF
3D5BEA65 1A1A239E 459949DC 08FB92C2
6140E1AE 21AEAD78 9DE7ED60 8243A5CD
DFAD4CA7 AD3F2806 40523DA0 6F677A1D
D3438952 59E0CD60 3A1F53E6 CF8730E5
06772CB9 3710919D 40D11E14 7CD45D05
7F03878E 0FDCF2F5 7C032BA5 F5EB1EA5
1ECFC30C 48956EBB 2BE1B09C 86A39803
11B732FD C1E60977 984E576E BD79333D
0A408EC8 F0297CC9 D764DA5E 4123919A
E7928378 B62F869F 4906E926 E9E80099
267C6169 AA968F8D 2EB0155B 6239F060
0D859700 0FABB16E 070DD29B F57739CF
3F7CC92C ADE84962 A3FBE928 0EB87944
47CA0E85 995EDB41 E85FF5A5 C1D6A6B6
33D6DCFE 769F8C07 2D15E09B 810C4E4B
AE5748F6 DB525E66 E656B5B9 9AFCF2C0
A40B164E 3277C4CF 872F1F4E 9E0ED476
A18D9A4F 416C8086 F723A9EA E6D8A498
692D3031 30258CED 1CFF7F51 B464C6DC
B022941A 8ECB7483 38A97D6F 3902630D
807E5DF3 8F6EFE48 39721400 570D3913
9B0B9D4E E5E4CB32 D6AE82D7 BA21E6CC
59EF24D2 11BA9124 2735EC97 C51B549D
1B36B613 DCCC05A5 AFFE8E0A 9779C898
5F83C7C7 E4F794F0 5E07C5EA FAD28572
1E8D8C0B 7ED271B6 613BE532 DB3FB363
7D79DD55 29B812A6 2177F989 D6BAD171
E56C1868 4506637F 7E2DEADA DDE3D184
F937974B F8BAB879 AADFDAB9 5A804FEE
C73E8037 B4D66BFC 4D468FA9 DDFE82FB
F51D6A9C 63EBCE26 47FCC672 D9A65867
5DE5D3FE F7399EFA 6AF13151 413801C8
C52E1CF9 78260C67 CD6591BF 8BE3C249
D0ABFC39 1F7A1511 BB60B25C 0179A456
3EDA6E48 5C2AB6DF BE252DC8 90483078
3F033511 475519C1 D7F2D466 2D1CF20D
CB38F368 5127E5E8 5E1B9AAA 10C9B00D
433ABB60 5E82ADA8 B3963EE3 F3FCD743
CFB82EC6 2AF2FDE0 661B3CB6 DF4DEEF8
B5DA2961 EC6AB3A4 6C320FE6 4CE4B51A
93664869 0BCC637A 10F6EFE5 4CE986CA
4210FD3B 88162297 C36910E2 AD93BD0D
B5BFD6C7 D599C068 BEA55F32 97AE0E1F
A5C75058 2D7775E8 308B9E92 0344915E
BC8CEF44 D02C8031 262F863A D70722A1
CB9BB007 F6C905F4 A1F35D57 933BA566
21E0088A 7DC09AA3 1A37C841 FF1D7F6F
081A4B5B 13A7BFF0 EA240C8B 9C0B8EE4
89D24C27 CBFB4529 A8A53586 089E9485
CA907926 F93751A9 7ACF8C28 56061C0C
EEADC2D0 154C0A6E E4402A45 E166CE86
4A5091FE 4B254E62 2F455DD5 CAC4FBC5
05B419B9 463CBCD4 35D439F7 1AD45E45
3F21CF6E F8FFFA97 1C742389 BC13C385
34F990A5 88DE6A0B 20529582 2D8B1921
941F555D E360CF21 08997C95 45FB6125
8E1A024A F338FAFD DC43FA07 D503BB51
4F8FA269 E672F3BD 210EFA52 49EB5E39
7E7F1178 089EDBC3 A3F4183E B8797324
2F9BAFD2 501831EC D672BB50 F462123F
F348428F 9762EA89 0AC8BFA0 2472F7B4
F0FA21D1 CEA7974D 44AB6605 4C4453FD
5E5EA571 D7C879D1 32B09C5A FA036698
A7A64B2D F490D438 DC5A2668 0C185693
829D8ACC 1F67155B BF98FCDA 1F5DEFF2
2216E962 8CE7CA0C 6C7749B3 EE624D71
96748354 77A24F1A C8C49524 6FF4B2A7
9D01711A D17FAE6A 19346AC8 7B3AA174
1CF14299 D60A1FE7 04C89358 3C09CBC8
DC3BA2C6 CDD5118D A9B33E57 D3087D97
EB1C34B7 BC9CCB6B D54DC9EA 9808E987
4C13442F 930B646B 258D5F2C 0CD97301
1EF8EEE2 3FC14E1D DA3A6B16 7CF3FE77
60C28420 76A8176E 7AE6ED29 8F396DE5
F8D3FD75 472BA10B E591E66D 87C6778E
20BAD49D BBA3C227 54233F72 85E9ED31
85E3A726 784E1023 6ACC1C6C E0B3F1F3
B6F860E4 B7F384DE 4EF8FC88 2B0283BD
4B465C49 F15B82D9 7F643FEA 24156285
5CF9DFC7 8F2F59E0 CE0A34E8 870D42EE
9CDBF060 E1A9177F EE268F82 B1A5450D
6EF42134 5FC06AB7 7342461D 410FDB26
2825BF24 E3504F34 710EB4AE 4D04F003
7067263A 85D6282B DF86B3E3 7F98E42E
7F5D98B5 D232F475 7A5E6A0C 7B607D67
D0A6BFA1 EA3A1331 98391160 D4F6C29D
5E42468F F018175A BC622941 1FE4064B
28212639 C4603FE8 139FF0D5 CEFC5140
8759305F C54AA40E 9C559015 7FF29DD0
68E0C108 1E40DCC1 D2173BCC F8325DE2
6F6009DE E880F39A 1338C975 3B339922
842E1EB4 949C33EF 56F69C32 005BF976
5EDCF0D2 C89F1D10 B0BE40F4 FB7B8AFB
B24E71F8 DA58C160 A2DCDC74 8B3EA0C3
986D4D17 E1AC103E 57FE0505 11CD7383
2FA0E1E2 7A7A34B0 FE90E4DA 6A04ABDB
186CED27 0DF595AA 383191FE 247E36A9
7C54FD22 49751F58 12BB4A60 0E0BF15C
7D820AF1 440C826A 9573FBD1 6A70857F
64785FB7 6E061B87 E519F467 BD6BC37C
EE840D24 6BE42256 7B52D41D 13B3121B
26F4103A D4AB8E53 734D49BA A454D27A
005C47FA ABD6B4C8 141BEE46 249960AD
7B2CC75F 8CBCDBA9 AE1138D2 4075EC8E
F393E717 C1CEBDA4 63CA8F6C 3F7CEB91
8B6DBC9B E0757F7E AB491E9F 36D9BC53
1984F45C 8113486E BF4FFE32 CD828810
BF3D58FC 49EE46EA 291F9E88 F99535FC
E4290EC6 B67788F5 C2495F9F 5AB47C81
DFC2B445 9E610508 246472DB 035FA4F2
BC4A7F81 B63EF28D 3306F620 B8D2CA08
60DA3090 7C3AB3D9 5DE6DCBB A51AB679
8AC11CDC 93335648 174F7A70 408552A9
A03E28D1 5BFB60B6 E93ABE43 41E44636
75AD6E7A 4B3351AC B6D7A315 B9ECA955
68787B14 F8B0CC99 DAA4EC28 DE2EBE85
228D4D27 843E57C4 99C76911 680513E6
203387EA 01B0FA9B 1B667952 3A99FD97
B187BAB7 BE323308 99214D45 93227B3F
C3EF389D 88DDD837 D50D7A97 876C844E
55B09381 D92CD991 D3B56579 38377EFB
0CCFD372 22EAFCD0 A3CE5271 59BF5372
B177D612 91C4F5BA 41D71A54 8A9504C2
7324A9C6 5428D149 BF3071A6 5F919904
03F79766 2F1277D8 C4D06265 0EB0CDCC
A732C71F 6F70CB13 59C3A1BE 37547EBB
9E77E231 98727B29 0A01B5B8 41F33C55
5DBD1629 A2AF985B 3A5D3F14 2258D2ED
F45CFAF0 D4FE28DE 8F72DB19 BF2BF05C
21F3414D 5FC8FC47 3D034B58 4CAD2098
5FC039CB 5E8278EB 0CAF22D2 1688DF01
3CFE3D8C A60C7260 8AFEE81B 84A9EF6F
33F9B09A 48F1C25F 5B3C6E57 416923F8
925A8C91 89A8BFE1 3771F8D3 F296950F
C0F42BAE 56862226 333CAA42 3DBD0EC5
F70ACF13 A958069D 6A148166 4AA4FF51
9634A178 6A413F62 18F94679 67CFDB2E
3C312C43 C9B40808 441A2556 97425564
54088D04 E168D762 A30575C1 35C5BD87
E313877B C9452E1B DDB58CE8 9505001F
C67589C1 94FC0D65 E65D519F A9605442
680D7D9A 6F2EE119 F06EAB8D FB067BFC
F6C23FF3 F9EE6E33 9609D49E 0389403C
B033C1E5 3CEDFF1A 993095AF 52B1AB9E
180279C4 9DFA86E4 67A45263 CFD1D617
01432668 CEB1ED8B 2CEE575A AC4A4855
BD4B89BA B1FA3C97 F8326D61 8CD60969
9AAA7460 3A25D5D8 5326A4B3 0968EA87
B734BE25 8BEF0BD3 B8604D83 2989EDE0
684D0013 43C7D6DB BE0CA7EA E531261D
E6014A0E D796055B 55803258 95B6730D
65C4E897 0AA2781E D9B17EDE 62DDB722
B33EA458 1E87E7BC 6E54DC26 AD36725E
5DBBFB88 E7E49662 DA782C74 A43C1A97
D7C61AF3 6FC54CE2 1B8B4512 45D52FB4
D9737E81 DCB3480D 924717E0 6024DF8C
06AB95B0 658DFC05 F13FE162 AAA1D154
3D9E3DFE C9977950 7FB16CE6 40C9B36C
29DD85E5 740CA32B 45593C0F BE0588A8
0BEE110C C6D7F9FD FF382642 FDBC25E6
94445952 AB4E194F F80BF79B D8A54232
8C281AA9 13655CF7 2083D609 C33621BD
B72F6F06 93ED46C4 0CC35644 F2FA9F58
91BB688D DFCAD647 869B0B7A 5FBDC21B
D103B52E 4B29718A 0A4CCE74 B0B25393
B6F960E1 27AB075C 6EF8CCFA 0F92430C
4B0F9C54 F17BC659 5F66643B A4032ACD
7DFD9FCF 87221A0D 9C89B4EC 972F5ED4
906BF36A 79B10E1F CEEE9F94 397425A5
3F3E0D75 FCC9488F 7642663D A0CE1A00
2AADBF27 E7104B24 443AB8AE 05027982
40B64A84 ABB87374 3EF5C76E F7E88D0A
7648977E 8E092A70 DC8F2CF9 B453A33C
907E71CB F6C80345 35EBC653 7CDC13EC
05A451A0 4E750EE8 95DB6B78 DB610BE1
9F0843C1 97D4269D 9DE2AFA6 16E54ED1
C1ED5E35 AEA58831 E11DEA49 1A4FC0F8
747C3664 C1567F88 7250CB6C DB862138
23E88F47 392C6E72 9CEDA745 009A1175
2DFC7677 AE187A38 32BE2920 23E009C9
F8A9E2C6 8C8D7A4C C824D1FB E393CE96
357E4959 9AC607DE 93D95D51 268FA159
81748F2C 27ED0EA1 2A3E5954 9305E7DB
27C96922 3670A403 FE8026F6 D523EEFC
F13FFB3F 42D99D71 F581E0D9 86DFE61F
7C3C1489 ED756B7F 300E48EB 161B5BF6
5E101667 60484676 AD655744 601EA4F4
8054CB75 506FBAF0 1ECF3510 AEAC9A86
D5B227C9 7B429675 4723BD40 34C7EB31
8DF130DE 78433500 0ECCAAEB 00A7E8F8
01FD0B36 91E3FB27 E06CEFA4 40E9B82C
1CAE881C 71B652E4 FE377AFF F85D5EBF
79CBCA18 6E7670FC 99652CE7 2AA16480
80C6CE99 8AFF5B31 09CABA48 73054C8F
97D16E85 1F50535D C332397A 35EDF7D9
D113F3FE 797A2B73 6A0491E4 3E12B069
8773A9FB FE2AF0B5 01543F24 4EF4514C
6D235E04 0C477094 A9772335 B0C37445
358DD264 06110B6F 31B19095 1E26B97A
00B778A1 C0E8CE67 937D4DED B55A010D
4E429ACA F32834BB B40F7202 4943D35F
40AE837E 761E820D ED22F10B C3114C91
2460BDB9 FEA29C89 5CB96118 717C756E
8B110C44 FCF83B48 105C5C78 B1A2A73D
128E37BD AE2AC415 B8D61151 02D33EBE
E5776185 EB1C52E2 23BB722D 0AD9E443
855FAD46 7FDF198A 4B31E272 E758ABF0
B0474511 AB2C8CDA B78DA18A B1D944C0
FECB4BA2 B6FA88D3 2DB92CD1 DA9114D5
90954BBC D4ED4196 A6248E98 96479FBC
C899A50C FF6D3BA3 ACBB6904 8D6FDE9F
D303AD70 5D679ACF CD139ED5 4B6770FC
08576A91 7172F593 63C83A06 4D6B1543
C9B88614 8DB17CE3 CA26330E B4304E82
3A1B6ED5 D892D157 F846B643 3EAF122F
C8A6BC5F 4C3F4BE4 971F1149 88CE7903
2E9024C2 BD726614 1E2E17FE FF10091F
84834B2C 36889825 C96D8317 AFD15C25
E5CF7898 9793B39C 42925ABB FE755A8B
15F89DEF 046A278C 845AB685 CFB66B5B
36C97030 ED4BD8A6 0855F5F9 FA4DB133
A26B6917 92798A11 635AF716 CFCD90EA
D32E5006 2F8B1CF1 DAB96092 F2554BBC
B27E84E9 2FD326D8 DBF4A94A 704C977A
4F15DB27 92BB25BA A0392E82 34BDF09E
BC5E85CF 38F1F302 0667E1CA 568BEB82
09C56946 45223C1D 7C78EAA0 01720265
5B182816 188C9C4F 3F648A27 7C6C6996
CD1AC42C 3FA50FC3 09C635C6 F8E4A948
9F9F4F8A 6E0E185B 61029997 EBC47687
4B38EC71 D425E35F 14B736EF C1E7ADDB
1CF99689 3018F947 51E61CA6 204AD5EE
58CCF320 B4458156 26DA72F4 B8397C2D
17C00629 9AE82D42 D3BE935D F5BBC0F0
3AC1BD95 0394E09B 5C07BB72 1483D1C3
5ED76871 B101CAFA 3CF545F6 D9DFC0FB
057231E3 5638235C 6461DECE 329E594C
575822D8 442E3216 3DE632EF 31162BBD
549B8AC5 C14B6AF3 2AEA786D 1833D3EC
451BC0F5 F4605F0B 09F853EE F601231F
3D3EB258 7CACF20C D024A30A 49E9DFC9
41BA14F6 8CA82217 2B8068A1 A467ECFB
5EDE5578 26115C31 DB721C8B AD8B3328
AE47549B CE4085F7 8A6CEE15 59D596D3
E6D87645 50FF07F0 8C3482CA D0AF6EB9
D348B880 B6AA9D6B 3E246DC0 675DA049
D4EC9D29 2EEAC18A D54BEC4A B36CF73F
A5E0DDD5 3999F932 BBC214FB 9526D82E
09F125F5 090F9324 1BF21451 A26C6390
1315342F 0947DC5B 0E8A3DB5 CDD0720D
30CA96F1 B9B54678 31C09E8E 65819EBF
F699D3B2 0924CD2A 11E510AF CF832CE5
A78B176B 4F40FEF6 3D50548F C4945E15
37D18ADC 5FDCDFF8 2C1709A9 9D5FE135
B4D1A5C8 989E6EFD 9809A1B6 E7115AC1
F5CF36B1 D218C163 A8487FBA 7659B00D
2589AAC2 F23A6EDA 4713F863 15FFBFF3
4B83C2E0 B43F03B9 AD2EE972 0EFC2A18
DEC8A759 A8D2DB2B 89723E52 DEE8FBF0
106DCE04 73691FF4 41F4429B 84F44BC7
9971C964 52D7F35E B12B31C5 BA222F2E
73EEECB1 4A358E3A 9FCA0612 65D0951B
327CBA72 337D4BF5 43426D68 54A4F044
91DD1C25 944AAE2D 359F255C CD6E8D42
30B6A889 5693377A B178D549 4DECEC4E
4CC39BD5 8B041EC2 4238F281 FA07A29B
FB9E6A92 3199C5C3 3DF506FB 57C3640B
34725D7F 46F84A64 E89A6BB2 93476E0C
BEC46011 E89CBBCD 153E1083 79F9556F
5A2FC88D 3DC9C69C 9EEC7BE3 7A198382
1CDAD1D0 E375FD3A 6AE2B500 DE0234BD
0723B53C 105FB5B3 AA9A7EDB 81A21955
FD844809 EC084965 EFCCA7C8 0B0A001B
82126CA8 4C576B17 44BE38A6 7241D27A
D01AC934 F9526799 A1C406CF 7A9DCAF7
866F5A95 DCAAD405 16B9537B 5DB3C45B
D1133D1F 5BC372AC 0A88E674 F0B263BA
B6FD41C1 27CB0646 765ADDB9 2B825E5D
5A27987F 718BBE55 1F645608 B762AAD9
54EB97C7 85803C05 1CA8B76C F63D7ED5
98FB332E 08BB0ECA 12C69DD2 3B750560
A73EAE7D E5C9108A 5446665D E8CE1A80
94ADB7C5 E9175F94 07AA9887 0914A0B3
64FCCFEB 0205441C 41D97629 31EAD7DD
F8C44B90 69662846 3B32463B 9F8FDA73
3A4EC01E 12BAC554 535EB36B 30DC807F
CB67678C 9A41D4B8 012F26E4 6C9720A7
BE32C3DD 6F89B7B1 6FB808F2 4020E888
71130DB1 E5DEC972 6DE7C7AA 94B84391
88FDF88A 2217DAB2 3F3B82E8 1654BC63
DF811E40 E91B1C75 F16FD908 05D9629C
87F4A784 25AD5B6A 5D25824E E5D5FFA2
8D7EB464 443AD7F6 3FB250B4 3B878DFC
431D859D 73B415FA C06780A1 D5876979
F3704153 5EC6D17F 8D68B80E C7C5A467
FE081EDA 3A0D19ED 3D6B93E8 245806D7
5F6F557D 5DD14124 F07D7CA9 D5A7FADB
58365CA0 3155657E DE9D3630 33B42BB6
7EF6BD25 FA7FFA2B 744C600E 0EEBD8D1
99F6799B 15FDE6AC 8AC903CF DD179138
12752CF0 D692C4CD 2ACECF78 560B3D03
DD0923ED 26D952E5 E0AD5253 DB2F7387
493AA481 0618BF55 6F72FE05 5E9ACEA6
4B371E54 C4248BDA BBD961EB DC5D6291
8783EAEE FAE9ED70 428011F0 6E99BB26
AE5A4D3E 798D5A2E DB2FE597 187717A0
E91AF737 57A982C1 62E376CC F82898B9
1B19A90D F89C14C7 7E90B9ED FF56E748
5369B037 CE1AEEE8 00375069 2E45398E
623661F1 D304A801 9BBA5E56 1A5D1C0F
EFA07256 0F87793D 6A149791 8FEE43D0
FD771291 EF8A066A D5BDABFE 6BDD17C8
DE37CB2A 22DA018F CC1D047C 4255AE27
3413D98E 82A559A0 A4607213 D44359F5
CB307F42 31E5B1CB 545DF9F9 57553C77
5C9EF99F 51003F90 91F274FA 50AC58C3
3B7F3D30 EE763082 7CF0E47A 8B0BEB50
EEA20CB7 7ADAF8EB 219AC836 A7DF0848
FA6C1D98 C9B60592 078DF6F2 82067502
A14B1377 8E5FA46B FC841013 2A81D430
8E1964B5 86F642F3 CA1A902E 9A6BBF93
5374435B 03151210 8ED5D63C 4F180145
7D62EDA3 A6595B36 5DC3FEF2 C0F7B83E
712B76D8 8714A90A BF4CE345 286AABC9
BC00986D 547311D0 A9FAEF82 6EC9A21A
5F2EA31B 5DE335F8 BBA27947 07BFCF1B
96E40A36 9EE8DF2F 4681BBB7 7FB9F13C
74729537 AC44EBAD B61BAD7D D4469BCA
E33F04A5 CD90827B 6DEB2A50 CC7ED667
14E1F91D E99091F9 A59BD551 D23312AD
931CCF82 F064F0CA 67B13B5C 76741C3F
0C119FDE 0D544700 987D3040 A6C09F1D
2E8136B2 872996D4 32905869 279D1127
1CD87D5B A749AABA 92745357 B61EF9B6
888D4FD0 9F116C91 F1148B95 B55B955B
7B13922B 84B08925 E3034FB0 B5612B54
ADD1C148 AFFC2ED0 880738D9 5A843F3D
494EEF02 5DFF99AC 5312B9F2 857E983D
A17C2533 6163B06E 73E9FFC5 F8EA1F4D
215BF6B9 47B5EDDE 9D03FEC9 F0A9CE31
E42A5049 B2C5AA9C F742F6B9 338A8143
989A2AB4 F6BC710B 63F214F0 B744224B
005219C9 447EE9D5 C38A38E7 3B1DC125
CEBD412D F78B7FCC E2DD9CD3 8AAB50DC
FBC26477 B6493034 4E613F8D A85BCCC7
8A255C8B 1FCF46F4 7F2EC3A9 5245E96D
D5AC6D28 E51A307F D9CF55C0 85C8DB3D
FCC8DFBC BF43168F AF287174 135119C9
5E39126B 13765B7C 08D74B4A B458A7A7
90621F82 256F0EEA 82B7DAD1 96D87987
0752A297 64D0999A DF1BD043 084A95F4
CB742B16 51EA9904 73377930 0A49A0A2
5BC6556A C8052876 57B894F1 4ED2888B
123BF09B 3B4E4574 991F129B 227D5822
2EB4702E 88D1C9D4 14C7F0BA 058C842D
1228919E 5025336A DD9640E8 C0B4F157
C2F79BB9 A3C695E2 291E5CE8 FE43F844
3AE1B1F8 200107CC C3A157C3 60698187
9DE2893F C092C987 F3F80248 D64ACAC5
9BEE9528 FB0537E0 9754C2E4 4EF19A4D
926DFEA3 E67BD347 1B2C0414 25470BAF
9EE45774 B11D217E 5ED5620C 8D134A9B
BB8F78AC 2EB70D84 7BCC3B5D 21C55DA0
83E3B03A 3189D477 22C4267A E6A263F3
C846C971 2D89A511 213757A0 B6F6DD54
BE07EE6F 30BA6C5E 0CE983E0 718E6AA5
7B59FBE0 7315C39F 43E09005 8D8D5FE0
1D18930A B76989DD 58F3D429 1B4A33C2
09BEC218 71155250 B424C6A0 DDB1984F
31744C2A DAE4602E 92BA33D7 9639A3CA
3B393BBC 0E943289 7C30110F 542AA923
E4131C61 DA9A34CD 0AD81E2F 17E2DF28
D25CFAC0 8D52CA8E 132FC9D3 371F82F3
12BC5B93 86B370B2 06F3DE5B D099AFEA
E8317936 96282CD5 FB68BFAD 5F5C4DA2
42523332 229CF198 4B938103 C9678CCB
3BE44116 AAD36A43 09DB24C9 9FC1680A
B45D340D 61D5EF9B 1EBB039D 9FF15B68
B1270256 C42C626A F201A54C D58E1C1C
C7102737 E232A622 AF37B2FB 8A320BF2
948DF91F FE1AA498 D73B2627 719C786C
AECBA926 B3BD5810 64612F86 CCA1171E
268CD31E 8C371CE6 651F9274 1F1AA06A
B561C849 2DB3ADC6 F7F1AFB2 76DC734A
A49B4E0C D41BC157 797B6180 E60595FF
6D3492B5 51DE5807 573B7342 D4842A87
971DF840 7B642798 DECDE1A4 1B673929
3BE91255 16863411 5C48DAA0 F4E0DEF8
68597432 A6159533 74B72D3B 1667066B
19137509 5A341A69 E388BF44 BEE9A052
66CEF3E0 FEDD15F6 D0DA6FD3 E2ECE156
3D56F10D 5F5C97A9 47ED191B 83C868F9
D50A5556 93D06C57 66A1E4AD 5CD59CAB
D6654108 BA97EDE1 B44D29F3 CE655F0E
9B22CB3A DB89ACDE BEC8EEAD D32C4C44
6FD77447 B005F0F0 1018E75B 5B4FACF2
D71673C2 63FB431A E273B499 B32AE062
2144E995 F3483127 E9DAF674 193C0878
C0D740FA 4923A1E0 91987689 FE7C5493
C605C018 E4579DCB 39F091AE 6B0BC276
7191FF17 578A1CE1 79751F0B B77C208D
C0891663 F8341B10 147D1DF4 BE462FCF
41C0C31E EF885D27 B9CD65AD E10610BA
C0FE8022 71135375 B6A17C32 719C4F6F
1C707376 DE09AAB7 04ACFCC2 8687471F
32BDE30B B48282B6 BA694133 341AA17F
75B34CC8 31757926 A0D97565 6832410D
55F2E038 9A736DEC 55FE61F9 04A50D26
7DCB0313 EB347A6F BDA7A08D 814F839A
5F10EBB9 FC3F2915 98D0C6B3 C3C53433
DCFEEC50 1871B35C CF3C954E 9FEA2217
20CB92EB FF074FC7 99A9CC6B 70796229
CD8BE120 6BAEB9FA 55EA3CC5 9D2A79B5
3E71D672 16E7DE9E 385963B8 319504FD
0BC127B1 E39F87D5 4776B6D7 BCB3A418
3B70F157 63D146A1 016E5DFF CAFBD0B5
E88402EB B48B34EA E686AEA8 804BED8D
339C28D9 FC32720F 05A4712F DB8F96E3
24D7A569 20D85ED0 AF4FBD0B 9705B023
AEC3C54A 22255935 B803154C 4B822B65
2DBB0CD1 473E0D2D 7DFC0D9E 8AD84F49
3BF3916A C432FDD6 1C0D6BA9 7042C121
BFF6F3AC 829D4648 15421814 AD90F467
9F1773FC F1F2C437 3DA74F34 F673DC2D
25138AE8 C12072EC 860CDA36 433A9B1A
4B9FE3F8 F42EC2BD 85E2EC14 2AF8A053
2473147B 4C56DC62 83B0861A F3F96034
C5BC0C02 117A17A4 E697101A E66AF156
7ECFEBF9 84FB1D1F 8DAF9955 7BBBB0AF
89876B57 25200072 E6B51C17 8EFA2FDA
A843811F 6D241FCF F2742199 D658DF98
A64E0BC4 643D6DFB D2C7A00A 8BAE0EDA
97C3709E 8DB01F4B 3BFB0D42 BFBD2FF4
BE50B987 D9414093 3A081AD2 1107962E
C9A56296 D52FA36B B6C58B4C B07415DC
0145DC19 0CAA838B B4371FC4 B841B1F7
A7A3BEA5 3F2AEEF8 245679E9 9A641CB5
854D3814 F1FC1033 A86778CD 05C4EC62
F0DC55D1 5D96A019 01121060 A6182095
1AA260A5 F29339C7 6D638A5A F55A149D
4FD291CF D2689884 1F3D1965 123156BD
120CD33F 3CDBFF86 B11C4FDA 4A750A0E
F4E42D4F 0CB18B7A 3CDE7511 B6EC1E49
24196C1B D176939B C83CBA87 023E7F8D
3B4E75E1 D6D0160C B2DD51BA B2540F05
1EF3BC9C 6DDC2DCC 23E354D9 D57D39DA
745D973B 1C225014 1B8EC06D A78E61FA
E1C36B6C 549A103B C6C5F831 444005DF
B6D0BD2C AFF4BB8E 5D14D551 73D3BD4F
DA9A9218 1E0B8BB1 ACD4DB3B 007C6469
40185EDB AE23E1CE BED0D525 C39895EE
47D04BF7 0E1E4F8E 795AE8BF A3140FAF
948CA392 ECCDEC69 DF3918B7 E531C2AF
6498B10A D5F7973D 7AF2B87A 6804D3FC
E7DEE498 D9B34875 13560B0B 9D3722CD
5249CC32 EF26264D 693A0CA6 5BAE9E4C
9A74D73B 79BEAD1F EDBFCF67 212D6AE0
ED490FD3 057443C5 2609E16D 79D2CF8F
7E47D908 91063626 4FD72445 A135DBCB
722CD226 B21F1F97 17B8F661 955A672A
764378AC EB8BEACB 220EA221 41FFA6A2
34F870B2 AF2DA8B2 DBEC6D6F E4A4C4D3
9886DAF3 8D7FB711 50147141 E1FD0BFF
53F99D13 ACB11BFE AD85298E 002228D8
53F2519D C4D165C6 B0EF9990 E444CCBC
B87D1A96 4C11CBE5 5F4256DA B945BAE4
890B7B00 C108712A 1B9EEB31 251C5731
69D90631 47192E79 F67CA64F F50CF5F3
65E9C6B3 61EE3B4A FFB3602B A30CF32D
951363F9 24CC8590 EEE3FCE1 4E889B24
9B417277 F91CDC18 53C27D2F 29EDFD8A
AAE4AAE4 AA6FF3A8 2DAE9577 C78B22DA
5EE64D2A 4341BFE8 112F55D1 4ADA60E9
F3FF168A F555ACC3 88198C56 79379651
9F45CC12 2D2ACFE3 9248BDEA 91B60BFF
9A912673 603B6E24 20919E93 475C924E
3BB2BCF9 DF057C1D FE1CDCFC 29170B3B
6A6CE2B6 9E4DEE56 E6FCFDAD B7F2C5BA
FA41C48A 598756BE 8DFC4332 B5C9F18C
D50F5254 5DA74FBC 0841C6F2 E61DBB52
A7538746 F8782381 F05B531A 1EB595D3
C9938839 DCBFB99C BEA772B8 C0AC8E14
DDFB87F5 2EFB1766 EA6AB8CD 3B77973C
B290E938 82D39365 6C28C429 0459E724
B5F5293D 80423F4A 9D2A667D 7ABF9BD6
1A480364 32F306CA 5EE6F852 CA8183D4
CF46F036 B3530C62 7D207FAB 7072E58E
521E1BA0 7B570021 C4260EAF 9E01DA0F
597BC8FE 269B0F56 5D7B250C B12A6C8D
F4EC219E 2EF4E1D7 47771355 989DFCA6
2D5194B3 6264F8AC 424EF02D 8D431ACD
14F25489 4505D2C0 B78356F3 18A98197
292ABD64 EEE6C290 78C76558 88165B11
C204416E 329AFBCC 61DCF5B4 2B64884D
C97D89A8 5EBE82FA 0F97F6D4 E3955582
3DC5F247 F72837E8 FA4414FB CADBD1A8
819B6E6D 966494FE FBC7C02A 921F9AD8
8F744A6B F93D711D 03657AAE 68DC2044
4FBCAC65 E25406F2 BEECBD31 55E2A963
51088CD2 5C20C3D3 F9207612 BC4CC6E4
6783F6AE DDB4E67A FC464177 533472FC
26DDE533 F96D4BF9 D16F90EC B1C44007
DE4C3618 8D4FD8A6 4020426F A7F6B1D4
10915C5F 2CD95AD6 310DF1BE F2D873DA
56986150 D4F07DE4 42A9D548 D7A5F29F
A14755E7 8619F1E1 BF45D568 F3E9298F
CABCF4D8 D94153C3 BC6F3358 258F3DA1
A3EFF311 EDE3A3F8 5EAF8BA1 4725B4B2
4D3E6641 320891EB F5C6BF6A 5506C4DD
D5018126 2FD81FEE A8A27582 C5AB63A7
25F39D81 6E32B39C DB50E90D BD09DE67
85107302 5ED7B9D8 A0CDFBFB 6CC8F0FB
488FFAC5 DE5A7908 5D4E7AA3 11DABC0D
EEB8062A 3B3A17B8 87BC20AB 9D74E24F
9EA2AD6C 863E0663 2DA213A6 22EFC108
29472448 C6BA9DA5 AC18C835 59E04ACE
D14B9846 05CD7740 CF2CBBB6 B969EA80
C7F56871 A4A30BAB 1ED8F46E 6A32FDC8
8A30BE3C 2C61BA42 F667CD3F CBEEBFE8
7709AAA2 0A722214 599E20D5 C36CBECB
907F753B 2D93CF22 28D61715 2B7C04E9
94DBB051 4788E645 5A681671 3D2374E0
031E98A7 5881D3C0 51BA4B62 95110F5C
2B6C14EC D7034EB6 7D3B9ED6 D449133C
EFA6A74D 4A6C3F4B 866E10D4 D1669DF7
B172A3F5 E2230B4B 49276ECA 239CFA27
04C6866D 5B52E8C6 01BC6468 19FBF60C
9D187C1D EB5F9BB1 1EF635F8 C2BE4C84
68BE403D 5857B560 07E3B308 39DDA4E3
352B146E EAA4B5C7 884A1F4E 34A1C22D
AB87266E 351548DD F05EBC06 BD8DD8BB
CC4B746F D69844CF CE182A13 12A84C78
981ACBDE 84817720 9E2C48CB E37BCAB6
72EF65D2 21A658F6 5424CC73 30010528
48EE335B DC3D8AE6 A2EE050D 4D75B735
7EC37B13 1FE1690B 1F9C0016 C7B47810
74B96D9D 2DC53126 485AE5C0 664F699B
ED253EE1 CE81C132 C0B59605 95325FF5
805FD634 574DD342 D3435F6F E398869C
9B06211C DC738A25 B360856F 7F844B6D
9B528210 85B1428D DF3DF552 AF5DB5AC
63B797E8 2D11B199 FF8AD276 C3D11C08
A37E223A 54A53765 C6A819FB D1F60386
1C611828 08B84E6E 25A60567 AAC0AE59
056F26B4 03B98F8B A2A849B5 EA3DF826
B6D1FED7 46694060 E8E380D4 E28B5194
E1255DCE 5AC5FD18 51BF29B1 5E50DE0F
5BC00E5A 01110AD3 3AE711EA 0E169083
28033E9B 7F1A8092 6DD6E471 469492A4
E64064DD 5D5D7A5A C89253AE 13E4EE26
AD8E2682 64673C13 411E4A90 F18109C1
1313F6AF 4387C253 6F09EF80 36C97285
2E008F66 B3BC148F EBBF5932 D0EBF453
E4CE4F8A D7FAA9BC 09269B62 A06F8FDD
FC1332C6 EE27114A 5DFBA6D9 9761433E
28A8DD35 482FF036 1F93C00F 85F6350F
4DD749E0 5E1D27C0 0908AD76 0C1F6185
56005D29 27A636A3 4A43967F 6D95195C
C6443A8F 9516CAFE 281FB7C9 39BD2B9D
DF2D4DA3 B3E61D96 41C5AFBE 36F3CCF9
FD2593C9 55EEB0F6 7C239F1F E20DCF80
3F79BB57 F465C45A C41860D8 31A71E60
5F4F01CE 9C5C4DA5 420D6BDE 4580C65B
B52681BC 23DB6320 239F71C6 2F23104D
123029B9 2F30B465 05889C54 A4D6E32D
1D212B26 F818E794 B8F58E31 11A83C4D
BDBC63A8 689F4D98 EFBD79F1 8E0EAD02
0BCE7B21 B703267C 1C54E823 BDCEA619
82694EE4 622B3ED9 A1385897 5A13134A
C4846E6C DBA7512A D9A3C012 CF1A0491
E5302FA3 1EDA2C8B 4EB921DD 7274E246
955431CD BDF8BCFF AA4E21A5 5B0E5A1E
BB2F41C9 1407278D 4D2557EE EC4461CC
9D176DD0 2DD431C6 E8B3E2C5 D539751C
3FA1A011 47B57BC6 10788948 836BDFE6
2C277AA1 58F0A96A 3477F72F 3F993471
BEC02FCD 73134F58 73642AF1 E8135C6E
F2D3C77C 3CA80E0A A0DAC15B 1D1A65FD
ABDF1F01 FEAFAFE9 A2D10045 421F4FCB
B6D94D63 B75DF6F5 C7C94ED9 DAE37ED5
47FE0D82 78EA61A9 A09FA64B 3FC898B8
DBF90581 037972FC E042D3D5 18DF3AF5
340EA05F 07EE960D 1AE79B09 8A70DD24
AE285BFC 4AF07CE7 5A1F5B51 D24297C2
78D5ABA5 5D14893A 42002F78 6130089E
6E8E47C4 F554DC14 6ABDA0D5 34A2C889
EB3FE0D4 5475FB0D 277048D2 421B4F29
71908CAC A183677E 24BFF6A5 A892D163
8D6BADCB 6C4480A8 23E592F2 FC924371
17F0E2FC A061A715 2EE32D93 1511F3AF
191444C0 2093990F 1A36B679 288A32A7
637612E0 928338DA AECECE5F BEB9B68D
0F01468E F0FA04C8 CEAA2A55 B5DF95AE
50C801C8 301E509C B9836DD5 468E7EB1
71F8E57B C856EC41 05FCB6DD 42288B9E
FBF2AD45 671692F3 E3C539A5 4CECFEAD
A18D3AD1 3FD60AC9 DB72A22C 7D588E0A
6FD0169D 7945DDCB F34AA060 026A5E92
87B732AC 5BEA0151 B48CB2FE 10C11982
BA8B6787 D13FEC53 D0197537 E0FAB1CF
143EE4C8 4FA1E2B1 BAFE4227 F8249E46
238254F1 2E21254D BDD01EBC 2BAA319C
29ED8ED7 014E1493 5CBFE9F1 D551B590
EE08319B 9F034296 6C3312F9 023347F0
C8E557B3 DB683933 01331C61 38B83533
A1ED1B2F 5572EF2A 83659BBA 374ECEE1
FA56CB03 6306B46F 9833EEE5 F5159B3A
BE0D1244 43903394 DA436818 6ABF89F5
AF80C374 E07AE80E D373C4CB 57FD5DD0
60152C2A D65D6A89 B02A1DDE 20AE2E51
48A9E2F8 407F2757 865A68A4 9BF299FD
120EACD6 FBBF9243 AC24B5AD 9F80EC6E
C58395B7 BF91E3DE 24F27A65 6B786BEA
27F21C21 8547C019 3F4FA27E B2535E18
8EFC12B2 9163E501 0AF43455 66B68050
9AFDD4D8 893D5263 0389DA3C 30F5639D
D01EB119 748A64A5 CE77CD0E ED25CC8F
ADDF99DD 4298F261 1752E614 FB5B5CF6
114A7BCD DF017C9C DFAF6498 671E3021
9D5F71D8 49CDE729 5FE523B8 52B778DC
48FF708E 12D09A84 3E90B3EC B50E0F5F
DBCF3EF4 167DB145 E0A37C54 8ACF3D8A
597A61B7 24AFE582 EEA13D4E 32FCBF3A
79ECC7AF 28C4BD97 8495B710 9A913DB7
DD9CB5B2 A64F1DCC 2A62D4A6 A5DBC603
1227D43D 977B4F03 04E7FBC8 7621A3E5
44F17463 FA2BA394 C2B8BDF3 8B6B95BE
D88A1AD2 55A19970 A648C61F C9D10D74
BF17E3FD 41E1099B 1EADDB48 22D9F758
664BBB5E 647E9DCE 868A5425 09235629
4764F929 824A7C40 8ECEC87C 47A15945
F953EB87 F743EE4E E794F4C5 BA4F1C12
1E9DA366 38ACF28B AAA86016 9FA45F6C
50B633F7 5D415166 68F7A9AE 2980C796
26E98EC5 9643222A 2900FB5E 3453E0EA
093A7B04 FDB29687 5636FF6B 94FECB3A
72CED4AE BDC3DA00 BE3E482D 618BA222
A2F26B99 A1F152FB CB69A856 CC96167A
DF173D52 6F27B839 D634825B E2F42FD9
F3FD0580 0F7D1ACE C6AFA292 A08C5CE2
FDB57111 9EF48D86 23BF1446 3824EEFF
3705111F 01615842 2FD486D1 3B5E39AE
89AFF515 11AD23B6 7403CAB1 0DC7CEC9
C3E0AE61 997D4E85 AB1B2CED 815CD752
563EACE8 F42DA71D 6B1A55ED 6BBB5C54
FE19014F 0E8C4B42 48FCCBD9 A420D1A5
45DB0207 0E7F7CBB 4344694C 3E2D8825
F834EDE1 AD528995 A6F3858B 8776368E
F692350D FD997D5C 1D11E75B 21DD109C
28F143FA 3DEA93A2 34A558CF 794A4CBE
3F4DB349 BD193231 C2626850 2DEC880F
27194BBF 3D0542FC 4D412F56 C5CDD6D3
AFECCAE9 F945EE24 108867A2 ABE62EA5
9699D2C1 F38B2416 11CFC299 E590C10B
0077B757 8AB5ED21 2ABEADCE 6BB366FA
BC884912 97F07607 DFC11840 2C24588F
68181B8D F91CDD67 8A766ECC 27B8CAEB
C4B00F91 D0362C17 772026AB 36D5D8CB
3F3EE15D D86AF04F A6E5169E 28EE56FD
82FD953A 8D2998C3 516555D4 08D308A1
238EA61B 3D360DBE 42C88F7A 4AF4FB48
2D4F0B04 DAFC9AF1 DA4026A8 35985875
37E8B67B 8B8F06BD 0EC700F2 308890E9
9509F8D3 FC3A9663 2A8DD6B3 B379903C
428DBEC6 552DF3AD 52AE6832 ADE99751
4F6F2FFE A72A001D CF0CE32E 6A226A10
6EA2AAF0 E4968A78 2F7210D3 20F0F97B
4D1C4C84 40DCB3B9 9E5A9E14 449CED9F
55C0F21D D38F86A3 9633CB6D 18AF227B
A25EBB12 A8A9CBEA E3A98D6A CC14A3DA
E9931D6A 5D4E109B 911C482A 27300DBD
FE515F52 2C1A3CEA 6FA1A4B8 229E17DB
757BE51E 8DC0DE9E 79AD6FF0 FBECF831
BD6512A1 0DCD4EE0 36E95FE0 0062B39E
9902A495 756D233E CB55E7AD 89F70DC2
672E400F 13B985E6 80566506 FD826309
DAF7A1E2 07D103C8 6AA9675E 6F9B98CA
62B0E7DB 8196A739 FF074E75 ED5D7CDA
DB7C5C71 A5AC3F22 E6EEB4D9 52A6B211
36D5A8A4 ECBF690A 82AD9CD5 4A36ECCA
A325E7AA 2DBE5ACE 839E204C 2BE539D6
97EFFB5A 6FA4DD48 CCC3A787 EF9195F0
A1083787 1865E98B E4CFDBF3 D582074B
F2CB6184 4ACC312E D4DE7250 D6692BC0
AA91BA93 89614933 BB44B395 1D619397
85A1D200 C1A743AE BCB1FE21 E6725C9D
339A1EAE 211C1962 637D6439 3F825249
8E76A2A4 4692021B 7C006E83 83678C59
9080546B 8A19DA14 FD0A39D4 77DC3F3A
EDC7A841 81817B7D A925A18C 8B593451
1A22DBE0 85D38728 0F751056 52968540
5DBE2E04 985EB5F7 C63A2354 95FCC71E
FFECFB20 A491013B 4202ABF8 FF6BA6BA
C89A6571 F08310F9 A3A0D456 DA7A2D6A
80F43967 276C8ACE 02576D29 D37DE79C
225CAD50 7C7C45CC E79F231B 888D4CD3
BEFE6D37 0F821951 EDF125C1 B6DFE628
3AC07986 2B405F50 D2EA0A49 1F037BAE
89AFA716 1728AA74 2201E7E4 5D12C41C
2ED010B1 279162BA 60CDC4C1 64D3B707
FE602811 4D04A5FE 89B8AFC3 96265EB7
18C95AE4 97AB788E 56A02C29 3156A53F
9CED67F7 A15B72A2 09DBDFF7 27CE7254
99965750 C6608724 0794DCC1 C6B6C0B6
727C4E1C 6BCEE3E0 24EF474C E18B62AB
4A085A43 9C566865 CCA16CD6 4F18AC79
F5B9452C E47D0861 2FD4B648 DF8A62FB
6E094CB0 E3595C1C 1DC3CC07 56E1D738
E1DC3097 4296165A FF39134B 3DED3F3B
414938F2 78BF95BB 750898CB 8E48CD82
EC58FFB7 B8843906 363B55AC 2C046107
EA4FA37B 58C3F60B ECA40269 D7E7EA3B
FC6205B8 CBD09E70 38E6B48D 6E1821C5
8F24F887 E1D7D688 AACE9EBD 6EEF7B77
93A51E75 806D4775 20D495AF C0C5149C
5747AA3E F1FB0A42 AA2DB7E8 FA821AC1
8C17692B 3F7A808C 457B6D95 6A5459C8
9D69DEC5 99E548D4 D1072B85 93D97F77
328773E8 FC034BAE 3150145B 21A3A993
5C327631 81A08C4E 11EAABD5 BD5A72AD
95494289 F3274C4B A61DC8B8 CC409E7E
A095405C 5248018E 0D667F46 C08202B3
363D79EA F9AC330B 583C4CF9 366CCDE3
83BF6702 D671F366 C2AE8F52 B27CFD94
F038FCD5 D091D92F EBBE1940 7BDBE864
B989502D 257214E6 8ABF74D3 8D2213AB
41AAF105 6C68D086 EBD7EA08 D7682FBE
32197C88 CE8F7B8A EFDCD083 551C0E73
96D37417 0A3C5C69 E1B435AB 62DC4C38
9E08703D FF2D5B3D C0AC8B6B 3444DC46
B032A63C 07F96302 84EA866F FE8A15F9
FED70D10 6FCE212C A58D4BAB EE15392A
99618551 134B59C5 5298CDD6 67D38B93
5806014A 016AA5A4 C6964D10 0D99CD04
A371057F 32C87640 6B2999B1 CE0D6D20
6C4ABFD4 9A07E739 BC17EF40 9D67D80F
1B2F8EE8 096C029D AC001809 C91F3F22
56E8EC00 E04606EA 9FC879EE EF961240
C74B8BA3 04B6ED69 27A4D997 90F0E906
CA484DC7 2128C213 A9A93493 2B4E27C6
8B4234D9 6F5AEE70 F4D1E4C3 CA94DB55
6767876C E919C86D 115D873C 75545280
F5863B58 803245B5 1DA932F4 629920D7
F2BB5445 406C1B42 80FC99B3 72D95598
260B2B48 B4E5C6A4 D762D964 7634B45E
03C504E7 9A0A10B5 15446D58 2BFC2C5E
5EDC74D1 00160374 1D7ED190 17E2323B
1AC7D079 3FBCCF58 FDC78734 355C449F
4532F6E8 54923FF5 74D5D291 9056490F
55015250 4C4E22F6 9D6642C5 333E0BE1
5CA12CC1 73FBAAF3 A2D4C84E AA659EE5
838DB0FE E27C531B 295BD18E 95E0309D
D3842073 7AE8306A 0204FF2E 69C14FA1
C4E847EB A72862B3 AA0C7035 9923FF7D
47EE170D 659A7757 A876382B 858C122A
A048A650 D2636D74 C02A8F06 800B9639
252D385C 01DA7758 B3A99A9B 29E8F6DF
516D3871 91770FB4 0584FD5B DF5FE558
2291BC71 A0521C59 F722E958 2451A636
46976D62 3C33F8A8 3F35712C 7D848836
B2CF0FD4 598043A0 DE20B394 A0FCA4C8
630FB360 221B975A F29B0087 1CFCD910
9236EECB 2E5B7D88 B116D886 8B8B9041
7646F31C 865A2F60 2EE64AAA E5131810
F4AC8981 8E501BC1 30AAE16F 3D640BCB
DE81B547 0A61D680 ED91B811 132F9BA3
B8F541D2 73F0C3A5 EF11155D B8369F9A
195C10B6 E331B488 D51FEF86 DF08A8F9
C264DCAC 46DB137A 88C14DE3 958ADAA2
C0F4791B 7B36DD47 1ABEC33D 58714B55
75795B02 F7F4E009 46E132C7 16E29FE7
F097C679 6D0175A5 04A19EAA 0D1746CF
195C60FD 8B512E8A 243962E2 F7EF8D69
5408C12F 68F797B0 1B48FC76 5B828A1A
6706B4AC F1D23037 BD6FA091 16D1E205
6EBC2105 19120A54 AC47F173 C26DF204
213E993E 1E30C337 0C2E38C6 D45F34AD
B032CD89 ECDD9C65 4ED5CCA1 8D9C780C
4DDDFC99 CC62A88D 486E36F1 056373A7
DB81A2DB 500983BA 941E9A96 374FFDB8
E6AEFE44 B226971B D4DF01EB 50E630D8
8DDB103D A47C3BE9 CC3734D7 C1A26332
68F29D65 FD3AF8CE D938998D 7551BF75
02077B37 53A3FBD2 3AC9FB92 3DDB31F6
CFC37157 DB59FD12 77B97A5D CAD45E17
8534D4A9 FBCF87BD B3BCDA2B 0C662B3E
9BA66358 B639AB66 2BC592A2 ADAA7C08
9EBF2BB9 5E82B787 EED2AF47 E6E70214
F360D8B8 32B10EF1 4DAE38E7 FCD4D100
54AF6C8A EC73BAAE 88B1B288 9AA26995
CAB87C56 E6F59BA2 5A3C9D7B A8AFABB7
7E2B4E53 0E2B24E5 D6EBE366 5AC821B0
C2F7392F 73695F3B AA2B7342 0A111CB5
2344D31C EAF49F37 CAC10318 86944BF1
276F970D ABA536A4 499800BC 2BB650AB
DF11838A D7215BE0 72B017D5 040F98D9
4AC4AB29 58AE5A39 6C06BFFF 9F34F0A5
6C5EFC4F 486CAFCE C1041189 B7E8C2EF
3331E30C 78BE750F CF2642E2 708DA839
1624F9D9 D256D3B0 0F735F1E 38EE7129
E8C71447 C26EF3F8 136E6BBF 03119A8B
0DAAFAAD FB4B953A 8B33290E 4370C014
12CBEAE2 165A8754 DFC03859 A3BC5356
3C70D469 77358919 9B162E43 BC0AEEB8
6E665380 10C547D9 D820E4EB B32C8266
D5DD4869 05E93CB1 3562E8C3 6612F34A
E6F58F31 B638A0D6 B108258C 2D567B15
E1FB2935 04B73903 F49FBBB6 04E46DCE
62E26597 C8812F40 4E738140 2F6468D7
8627B381 EE98C4EC C7DD0EB1 0CF0BB2E
D9B35E16 F1FD4961 70573F23 AF8A2EF0
F84D8EC6 A9885F18 EBDFB681 4E24F311
03BF31A1 556696CC 747D61F7 334A5419
F5AEEC58 904DBAA0 9A644B9B 376DB333
B84BC2F1 AF31B15D 024C2990 744AF133
D526DF6E 64A5C355 67929838 46F2B117
0A981A68 817D59A1 94FE001A ACD771AC
453E468B 34DE75A3 8956D183 D9BEF72A
4D7EFB7B 36B39DC1 E93347D9 D38CFFAF
609456B2 8D4DD0C3 0FE1326E 6CD93193
A6CEB463 6A472EF3 D241E4F8 97564ABC
0E34C92E 327CF389 47CA9DBD 0956285E
C575C9AA A37AC8AB 048B565C 23C5C78E
27E97357 D730B842 B2C87830 3279A2CA
3D13EFDC 44E593D2 92E60010 823D9399
CDDC3519 037D2E5D 8949AAD4 07EC2014
C6808C47 34414863 BFFBA153 58806373
B6CD7090 A3A5C967 7B858B04 4B362CA3
00A64729 557F07DC 59FEDD2B 9B85DFF1
300C986D 844B5DA9 5DB84CC1 45CE3B74
481CAD39 EF0BB0AF 0C2CA5A7 C58DB9E1
3C3AFD36 5870FC50 A7EB5CD9 623F54AE
EB4B8408 F449FA1E A8C6A2C8 9DCF0C81
F0AD2EE1 28AF8CB5 9467F224 55FA2E2E
274912A4 CCD88862 8A5E1BF3 9E896BD7
FF0B2019 76D15DD5 9C1E0EA0 43046079
51756895 B569FC8D 208A9206 737C514B
53816E58 79036C37 BCF6F559 926E97D3
3E3A2E58 F430F311 3A143427 2CBA34BD
00B2ACD5 682B5780 51AF090B 8DC6C93F
82A79482 8BC0626C 38D31565 ED9204C4
C28A6A06 9E989DE7 580E041B F157DCE1
085FD6A1 ECE7A78F 1A8456AC F73FEFEE
6C5A8ADE 2B860207 6D4374FD B6EBE706
F748170C 7BE4AA92 90A66685 1BD9DF29
2ED5DC98 97FBCB3B 534CE33A A4565274
D4135AF8 5A8787DB 16CBBED5 4EEB12CA
BF2D8155 856CD6C4 A3B40B15 02F59E94
DB180299 E5CEE466 0065876C B020E9C3
3CC23859 01B3B372 29530F57 F4593CC2
B855DB48 8D1C7992 DBCEF5B6 8C72BA52
A0C53DBA ADB55611 423F538E 0190E9FF
C8A8DB12 D62512E7 7FC3742B 91A4C375
DDDEFF5D EBF84C29 A8317BC7 E626F922
AF3A110D E6B0E8FC 2B78E23A BD44CFB5
A18266D5 D7A8FB1D 6647A093 868E385D
779A8C32 925F9A82 629B5456 B9905633
F3615481 11CF5DBD 76FD029B 8E37AF3E
8F1F2D5F 4B64A3DE 82F022E6 0CCEE99F
5CB743E1 DD5B5A87 A6BF767E A398972B
1ACDAB77 EE083031 45ADBC57 94F3531F
3E30F122 B4C3E2D4 1B686B1B 3458876C
35A5C4CC 2F75382E E05C467D FC724BBC
597E3178 CA732FB8 5F08EADD CFB44D65
F9435A1D E339B46F 949FED8D 42CF93B2
CF960FF1 601E393E 188167BF 0BF65731
C62E4248 B4DD5349 C788814E 3CBB7B06
6A919430 F62D1064 D66783A0 4259D382
51387FD7 C9DC593A 58A7D878 F72B2BC7
E3CE1C31 F01EF444 877C75A9 0600B810
AC31DC7A 1B6D9495 CB477CCA 958CFE62
1E88714B 50766FA0 5BE9D631 DD635F65
C3BF160F 6F491E6B 3B784770 25F12AD8
C7C83A21 EF27971E 42E7B26E B003DF5A
EB8502A4 06D44EB5 FEA2C636 1BA432D4
B8C3B248 6E7134A4 638C4F04 63675A89
D83DB97B 007D3191 D0A1AF3E D478E135
5B05E265 13D33497 A4874D93 57977925
B5382997 52E86BE7 656F08DD DD4CF762
009C76A7 7B7A6628 BD0AC377 DD48B035
A87F9DE5 3ECB527B BCC86195 8B9A4AEE
4092B968 F917141F A8EDA913 8E3B6D88
31AD0FF3 4EDFEF67 0E320BCF 527DEC2C
4D725047 BBC9F785 1ED829CC B98650C9
0F0A0D0D 6F101864 024B6AAA F45B29CF
5773A55E 83734CA8 69659B47 3D5F4A0E
0F8C6771 A455EBD2 AFC940E9 7B29E70C
C0D32835 5E3D08FD 5D0EEDEF DFFC57EB
63B8FDB5 106A356C 8290244C FDCFEFD4
82D864C6 00686E8A 916EF4C9 E92E027B
CBF3F904 6445544B 4261211A 051BFDDB
587E03F1 EF006B79 A5650AD6 21DF5A0F
3DE8060C FE04BCA6 568CCCD2 06C36E8C
EE3F5622 FC52CAF2 82086DBE 8960DC54
37472CCF 88F75C24 D9752972 71B9E27D
6D7464D7 5BC3B6EC 253C6AD4 80FCCDA5
EACC9791 5D6C8EAF F3A2A89E 2AB33EB2
8A0301F9 89D33677 49C0CFD0 70834C9D
DCA4EC81 14E30B76 CF6EDA70 3C23579B
091E9DC4 5C5E97D1 3C7C289E 14DE518F
937B9862 96A366BA 93F3A210 4D1B78B4
B0C45AF0 A1146233 8C45DA49 2D574CF2
178A3BF3 A5230507 9ACEE045 DABE52B4
A719FDE2 9D1888CB 3C5ED2DD E93C875F
A7273685 7D461880 B8551548 AF005528
1F333659 01A9D2CA 00981927 77E473F2
5027EE65 34EB7574 4FD6D181 DC11B980
C57E0447 FDBC6105 B32BAA4A 4BFC655B
C560DE06 32102F4D 8107140E 3F7724E7
957DE97F F4BF3039 2071CBC7 550C73B6
F8DC16E1 A779FF9E EE766631 B9B8CA11
ADDE85E4 7FA02A1A 19E629C1 47D58A50
E11E5AC1 129A2C64 2A8AA7EB C01C082C
1F50EB07 D36F8D25 2F813551 DBF210BB
7AD6EE23 7AEAF7D3 D213CACC 00AEDD98
2B13FC6C 675F9C6B 8EAD2761 969EE26D
9812DDAB 8B48A3DB 632FDA7E 4F9C45C3
62223021 799755B3 3F81B1CC FEABC628
13AA6807 3600D150 7A03E463 C4E4EA50
663AADD6 416B1BB1 0E87CD4D A507348F
BE7451BA 03D62EDA 1D3E8469 7C28083D
17F96154 6EE5E1EB 6820BE5F F703BC27
A60F567A DD207430 DB94862E 25C1E567
93967BFE 47172C7C FF204AE1 DFDBED92
F2C368C4 2E0A285D 42B757D5 4578ED55
C8C4EEB5 92D7CA56 6314FC14 AB8AEDFB
08E2CD4F B15D2040 E957D64F 1DCCDECB
AA245D8E CF1EFB99 C1FD6C8A 9D3D50A9
625BE8AD FCAA86BB 1F0837CE 72D993AE
237D4F38 929EF704 EE6848F8 7C041DA4
28C83310 479BA1B0 E217FD7E 843790AB
49BDC00B D329D69D 33E8A85C 30CDD5DE
63F2161E BA9B4A00 38970061 D80B8FD2
C75EDBCE F9E9C8EC 126251FA 2A2A3853
4E51D1D9 2A5AD894 D4F740C2 C3E8B992
EAD9F0C7 19441BD5 5DEC128B 05BC6FEB
EB667106 7050F521 77C7CFA5 626C8EF8
BF67B03F C15136B9 3E29CEAE F348E044
DA8F78BC E07B8172 D706E463 09C60306
ECFE9FF1 EC727919 87BB549A 2315C64D
721539C9 4357E674 20A15193 3E875EAD
4E15113A 90BCCE3F 28FE77AA 564F81B8
B35D97C4 4DD4260C 88B1C030 241A3575
214A8AE6 0EE502DF AE30EB51 86F48413
AE69454B E31D5723 D580FD13 C99FE650
4B23AF9E C1DB52AD 84496DBA 0489661D
D626435F 353F09F0 696388C4 67E476BC
26643196 AF588BD3 1EAF10AC 887C5423
A5A408B5 176F5F61 33E425E7 EB641310
0AD71E2A 1F6CDD0A 74CA230C 902FA0D7
F66FE0D2 86ABE288 35845795 EC659126
1D9976C7 A425F046 1E99E93C 23A2B3FA
577795B9 647516C2 4A47C436 C125DCDD
BCF4739A 6F5C6EF6 F50F310C 687BEEFC
7E1DD88B 6866D9D1 5FA89AB3 485BD777
EE78F8F9 6785E214 47C287BF 50ABFEB3
6759B52D 528F6192 3CFD5F4B B32200D3
3AA2C803 DEBE75CC CB1A7BCB 317A90F8
902C7DA9 F3589C93 444D73DB 6859458E
EAC81879 0358B470 31652613 9CA5585D
32D6BB49 0DC4BA7C E718F5FF B4CD098A
40913AC1 98671459 C8C9CC69 C6738991
F7B4DEA5 BCD7C9E9 99A435A2 73BE718C
D2F046AA EDD3F837 531EF5D9 44CD87F7
C3F400C3 738314BB C23C9E00 A9E47CFF
B83C8E41 B333C2F1 5822CEAE 4FDD9129
4290BA82 B32DA639 2CF190F1 A4185309
7A3B5FF1 4E9CD2C0 1201D2E1 E3B90A56
573C313E 7379C322 9C08928D 3F7100C5
E3783C90 65F3801C F7DD0974 90856A55
B68499AD B9CBD9D0 709C71CA 3FCDEB3C
659483C6 0922B1AA E435C0BF AC7B89E6
AAA89DDE 6DFA0620 F7DB0528 2DACB8FC
A92AB5A5 B53C5D08 210806AA 4DE42E76
A284502E 0F0268FE D58BE2BA 37C8A148
BE685C29 A9B92AFF 6231EBBF 625A828B
A576ED6C 371BD389 6B786B33 502DDC64
BB3596B4 79689681 B7B11B6A 8590A20E
848DE892 1B3000A3 46F9A870 ADC71559
0A5D4E85 BCBFD69D 5F028059 104E47B2
4AAD711E 808A4B18 9E39813D A7A38FE2
AA96521B C326F0E1 BE3AF066 EC271A6A
47F07C4B 0DCD2AC7 F74C6788 C365E7B4
8A5B1D06 4957314A FF2E009A C2A66C52
7F24413F 0EBDAB24 71F32780 B96E62FB
3D657033 E9A50260 7E999AF4 1B0BFB2C
C3465294 916ED79A 2763AEA6 401D0DB4
1A2239F6 FD8C02F2 701F81D1 93E47187
C2B0F18B C4C0C4D9 2A1CEF95 7BF41D8F
93B2452B D26BBAF2 C408BAB5 BF543064
9AE8AAC1 765042E3 AF545971 A08A7635
C3A3B4C8 8EA87D77 098E4DC8 FDF95164
072402C6 C7F03613 8ED36248 A6E17551
8DD74F4B 6E286327 2E827106 E16F0BC2
3877FB3A 58C5B5B8 FFDCD38B 820FF094
B9376B94 5BFBFCED 6CEC0A8E 231418CD
6C3DC9CB 042B5943 0801A2FE 757CE19C
D12127D0 065625A5 A4A41447 1F216F83
FF2CA805 3C10EF4D F321280B 5A6CDF04
4DBE2AAA 7217283B CC77E617 8DCB8523
9AF6C8EC 1A89FA49 9C5A7B95 3A9E1D6A
D48BD5DA DE6F48D7 49AFB013 5431FABA
E57D1FB7 76A2E3C9 42F313DF C319458F
CEEAF9FF 31DB4636 D5B82A53 D2BCB973
504D1AB7 90DD093B 5399DEEC F6D96660
F29E03A8 E8CA3070 B86ECEFF 324E04EC
54AEB3E4 A469182A E24C360D EA621AA7
7311ACDA 3ED34A66 790C7455 19240F31
C6873AAF 2A536333 F13F8E04 A4302144
08E78164 8480B257 BCB3759D 97850798
DB656BBC DE49B708 59C9C0E0 843850E8
1BAED2F5 F808B71A 53A4EF1D 14B8F963
E2921E7F EF8DE092 3B0F1749 81C9D1F2
25FA5EA6 535D506D 2C694343 7C6040EF
794A8A06 A60289C7 5EDB7EF8 E50B2A30
E0A38109 38EEF6FE C988A12A 774E3A0C
1CE32733 C29B64C6 0D55F451 B7EA6A4B
D718F023 58FC1929 9CF04C62 BF0BA2DC
9C343693 CB4BDA1D FE4C9DE4 65FB5489
8D154817 79E5DF99 C082BDFB 1A65A7AF
418A56EF 553FC602 9BC50A5B 8BAA7F26
71366BB9 D11F0325 1AEFE4E4 CEC038DA
8F4DB725 95F3AC48 17CA5F26 6658BC7C
DB93EE2D 9CE48A53 A080F37E 60A42456
D7B42C72 B3986A87 FCFAF819 E13FAC4D
BF4B93EB 45E9E7C0 A745A080 362EE439
C81466B7 905B0F55 0B4C8D69 A18D201A
34EEC383 0FAAAA3A 5EA5E3AE C45FBDA2
E7800E2E 13DE1AFC BFA52D66 B9940B37
04CBB7DA CB6CC600 6ED30BB9 0D23785F
BFF5C118 D0EF1EDF 078CAC7B A37399CA
58E056D9 B1959053 91A8E91F 72B69134
C3E714DC 491D1AD7 02195E0B 61A470F0
972DD6BA E06E5EC2 3D98DDAC E03AC25E
52DA518B 687D4FB1 973A9167 28C31363
0E76B22F 978DCF05 5E92643F 34EEE0AB
C47BB2AE 10ECEF58 213DE62B E2CA6AF2
D1FC17AB A18650A9 373586EA 2CC9E893
482DBE7D E522B0A0 7F0A3D6D C87153FD
1B81E1DA 85775CA7 58C6F3D4 9F9625F6
E1343D1B B146FCE2 62CE83DB AD40E628
292D3096 6201DC70 DE189BD9 5BFB3FE2
A40B4B7C 6B645185 65C5E42A CD1E280B
9C9721A7 D3760943 8743519B 32A26103
3B040838 96A8171D 9D187B2F 6C9F9C5A
2C977C7F 0EFD02A0 23EFC244 34EA00BE
94A1969B 35654A36 1FFEBFA3 9602318B
8A4DA029 6D326E73 AD09474A 11C97E50
8394B5C1 C695D111 F046949A 800AF705
DC7CF07C F6E18833 0293E80D 521A9CBB
41141928 5E24B258 51247F69 D4537CBC
883E0E26 32DBC627 5248AA10 13CA7B1B
50DF6684 90BD2BB3 A1BA9339 777785BF
B1FC11F1 2022267E 9EA9665B 790D0BEB
C00ADFAD 3BE4ECC2 5CE8D84A 497446FD
BD688A9E 07C469F4 6AFB140C 5A262ED6
BB95F033 8DDF1F54 7F3605B0 ABDF2816
307D3D30 E4C56E72 5E9BB0BF 5545D73B
83838355 813F4370 F181816F 688B0587
D845BF7E 95D76E7A 9A2E2DC8 CE841C74
0547B3F2 16109ECD E6489FBF 6E444CDC
D953AECF 0E72329C 2553CB45 DFF33FC5
3059C183 9C1D2784 79D58DBE 2C06BB67
40D79270 90790C2B AC29C45D 7C5E273D
5CA36B58 F2E94333 8C2DE892 0D13F97B
42878360 16AE52BD E4B47F19 89FA5BB1
36299529 52ADFBA9 15B2DFCF CE5BD12E
4B4A28CE 15ACEC67 AF252334 BE3B5061
4D17842E 39B96BAB 24C9FD98 4C486948
7F31B929 86471A57 FC1663BC 79735E2D
1F612EF1 1083E965 4C615A59 BA622C72
39F7BCA7 88D84467 137F5FDF A8DC8793
C2CCAA6B 301EB4E9 4E50DFCE EB0AA4FE
165B8151 96A0A646 4146F015 F1F844CA
00B26F05 0FC0F219 4DB5137B 16017BCB
8C466188 74BD8920 EF027418 ABE628F5
3A1A0B90 84A54D7B DAE0E79B 299BD694
EA141B9C AD1094E2 368260BC 89E23411
FE269D1F CC055BD1 2DC6483E 80CFD74B
01A31845 4083A827 6563B479 BF003B36
3D903A70 3B73E789 93D1781A 51E27172
648212E5 FC6DA9BB 22C1CA58 E5EAB596
2A60CC99 1B74E7AA A443969A 12B6B3C4
48304637 1D9A1D22 734C182E 64A83B7D
0DA88735 0404E749 85EDE9A7 EFD5830F
9CB7C74A 8CB2EA98 3D29C5D3 D494F7A7
A5CCBD25 D63C570F 1B6532DB 014BC56F
047A90D6 DF380931 43064AB4 C4A415AD
08EC5260 E865A6DC 8E8F8879 AA4F593D
295C2204 2BAAB4EE 8B8C2256 41BA742C
3376FC37 12F7E25A 1210D24E 148BEFC5
3A78FBD3 8DB18FDB 1DE17DE1 9D387683
C0CD3949 AB58FFF0 B335BCB7 93ACE219
0FB41C32 B5E0FE9B BD9A79CC ADD5CA20
86174891 93B90273 1B8C06D6 AC65DF72
D555A478 910E9870 6315359D E2724294
5D3AD6F1 CAF8B0FF FC3FEFD3 3642E051
40E5007F A6981361 C3902362 06B988C5
B181344A C3C05C11 DD8E0406 B4C46001
825E0EA5 D3F5323E E29FB8F2 A672A769
9058B037 ECE1C012 282A08B9 02FB92B7
60E6B3A2 A78ED0FD BEAF9E3C A04B190A
C945D1D6 2719118C 6E5AE314 1F50BB9E
66520E5E 08790738 5396C041 1AB6CB50
B469832B 2EE50921 44412DFC B01C290D
17042D18 AF01B39A 0EA012E9 F159D0A3
383D6D36 05A82FBF A331DD24 F371D42C
F63B66CB 1A075484 6B529851 E2A8CB06
EF721D80 0ABA7F93 0CC08FB6 F7E34D11
7883BA0D 7A97A6E7 F999AEB9 23FD4C40
8831A645 E127DF93 8EEE9924 C2E1669D
093CE959 1D9675E8 F67A5696 4A33F82D
431B2E47 A5E78912 C3649200 B219CB1A
358B4BD8 673E6A97 2271EBB5 94639561
66BB7C14 FFF1709E 50C5FB3E 83083B53
61B511FB 6F2CE97A 2A55E284 297318F2
A624400D 7A1039C4 21C05850 9A8C489C
1520893F 15D87D4E 49302B8B 9D2D318D
3A35ECCA CE8630A5 4D8FE8A2 7D058127
00C2566F EF7205E9 B87E7FBB FC5BE03D
66D7D6F4 533CF57D D2A27AD7 44D99387
E1FF44F8 B25F5F17 B15D35BF 82706D15
C499655B 9ADA019B EE163CD7 3B8EF053
91A71CDC 5E6A5CCC 38DB7394 B63D9A26
06B49832 96BD6532 D5FC3159 28584039
B955CBEF F7406BA5 D9FC4BDC 7A56C738
009F1A8C 2259A868 78844B07 5419B595
5A45B71A 59F28721 5D32F65D 1F67A10E
7AB1DDBB 2E786AA9 9847AF50 2E2D9791
E623091E D0F6F7B1 407421C5 E8EDD969
E95DE902 7D55B6DF 662DB579 CECC0149
B47E95B3 09FD3333 72CB90B2 82D6B943
3BB83CF9 D75F9007 8A99CA98 CD532E1D
61FAAD57 6FF8D478 BB98C428 8B4889F0
A3EDE96C 1B281D1D 3C0D48B3 D00F5DAA
C4024BB6 EB3BD608 BE958651 3D6FB923
0C6104E6 236546D9 610119A3 9FBDBD17
704FACA0 3107918E BEE2A8D2 ED0A831D
DF5F54EF AC7386B1 22E6294C D8717A94
5D2EB28C 6530190E 3826B165 3418C52A
9900D668 873717CE DF2059B0 8297A441
84327A68 9C84880A 083D2C00 E514E75E
CFFB37A5 F99065F6 B71CE4E2 351B3652
98DB5C07 280A031C A4E82E3F 05F76EBC
CE6A467A E2EAE645 EEFF9235 AEC9DF7F
91710C39 1AAA23DD 87403F47 01683772
14E43F0F C90840F2 D0A7D7AF FD9534C2
8DFB0102 E4413138 B6BAF253 26304379
BA2EED20 E889C2BD 1809250C 833BA1AE
F3F56457 72A1A044 CFA9DE36 776C70DB
907CB95F 53269F0C 465BD81A 9113E640
195A0B85 1FA937E2 EAF490C3 7BACCCC8
9DC37F7E 5BE51B4B 5299084B 2FCF37F2
733BCCE3 21CDCDD8 8C733A7E AE5A2354
E1B0AEC0 DDB12603 6D52D6C0 D02300F2
9EF0CE06 B41DCBAD 0585C0B1 2CD21D36
3E7F0C5D BCAEDF90 D5D4D8C4 CAFF504A
6B429BC6 C85882E0 97AF2137 E3298CC0
5618E49F 4F6D897A C8DDFE1B F6D4C4BE
1B876826 78FE897A 41E5C793 FA4C62F0
23C7EE8E 8CA6F7E2 17B9900D 44CCB9DA
1479CED8 7824BB73 CAB599E6 FF05ADD2
50CA6091 86C6A48B 16E56931 723F02E0
FA079098 4AA2C661 DDDCBC91 F1950B01
06B71D23 C0BE8E99 F6EA0DD6 59B4D12D
2FE31C7E 8D7141FB E7230BA7 A5E512F8
49DDC131 32449A1A D1ED1559 4E1E821D
890D947F 931D0727 2F6A9C1F 1DD49578
12E257D9 41BDC2BB 634FDF2B C74AD5D3
55CC8968 630EB9EA 2CA01A0D A339AE5B
B9CBAA38 8902BEC8 D97D449F F71AD1C7
1FC5F3FC EA26B04B 385C6E2C 3D3DBE93
4C26D428 495C2FC2 8061DB8B 3BA0CE25
D70D3409 9C340FA1 C414BCC2 C5972616
22449733 D812F86C 6D02674A 3A1BB134
AA0F436A 3474D3CB E375DFB4 61DA20F9
7632B949 1DA06B5E 4928E1A9 3F65FEDE
83F3538A B01BAFA0 FB5F6479 2C748CFC
94EE7EDA BC3B54D7 3E1D115A ABCADF4E
F7EEF865 3F1BF36F 89A06F2E A3F23C92
D41FD224 800A17FF 229BDAA6 5D448AC8
D7119065 A76B3494 E994F443 4D33AD0D
AC0264C1 44D84AB3 E9893C4F B9755BD6
C8E71C32 432684DC 510C6BDD 970F1B70
CC0BD50A 6ADB176D 0C2BF5DC D4FA562D
C4D05530 9F460845 D04BC0AC D85558E6
D7465833 CF4AC0A4 5A76274E 75EE6F8E
5622619F 18148E42 FB0C6A27 7F28DC69
80373214 15081EDC 07FDE1A3 2A8CAC4C
95AEBA6E 444D1986 94E87BC1 6EB99604
2EB1A3D5 5F426B9E 6C453C6F B1E6BB71
15830A17 45B1151B 68A635FD 758662DE
FC61B018 F8A7E8CA 97DFE41C C40F46F9
0B8BE203 7ECF23CB 9B5CB407 C11BA2FA
1C3E0F1F 22CCD420 71949769 308DB664
623A0C06 AA6041BA 70399157 CF6FE95A
3B7007F8 19E22C06 993D4145 E097C537
20CE0389 72FDA729 136C013B E48C02C2
D098517F F9E4B648 53AF66B2 5253C079
9B82901D B4D857AD 86F21B3A 2137DDD8
18742297 8C945CF6 75029A01 1A0BA51D
3DAEEA0E 28F37342 6F6617D2 778AB61A
08D1020B 8098659E 2405DB90 B2811050
F1F3C3DF C9E92AD0 24B554E2 EF069061
0D5025DB FF78DC89 29505E16 E47511F9
4D61684D B0D1D184 2CD44BA9 105A8507
BAA1E014 3B6B5B4B F9BFF8B1 9E8A2A6A
A52E7FC5 3D21A668 28C30C61 BC6D850D
B95B8ACE B17B2789 B4AF5854 23029D8A
F4AEEFDD 7EFFD08C 3563F510 CA088815
E93CE93B 2CB3B85B 557835DC DA70BB51
2209AC10 43FB2F7C E08C9C9D F4830382
37C53F9A AFC5CC5B D0D65DE5 D4A22770
23420A85 1A869AEB 1A498736 C0C4888A
EE23D61A 0C47F351 84354484 F6DAB5E2
F6964454 A07D52EB 76B8B92A 234DB880
258B8064 85EDE683 956939F5 53A97837
D72FFA1D 3993B1E5 3D78B6B0 2F1AA1CE
08E1F0B5 A9AAB3A0 68BEF629 80736BCE
7FA37B8A DC03B10E B0AD02DA 2413917D
DB15AB07 68DA72D5 AAA2E380 380E8B8E
8AE1389D 82014440 C396E45A 6B36473F
195D5D9A D2038146 3EA3745A 9A3294CA
18C872B7 C8CA15C4 E48EA7C7 18C5D191
CAB54A1D 5CCE0173 76DE9542 A10FC6B3
138DFFA3 6885744D D4BBCA7D D4F9B003
55DA626E F695440A 9E5FB145 1F81A642
DA93E7B3 BF1756AC 13074D39 C0700743
74883896 DE146421 8AAE3462 03BF776A
7AC54825 0FAE9AE4 567B2425 BE11432D
4ABF18CA 084D4041 2B773E31 DFB22C2B
2D162063 1DD2A7A3 61202529 4CDA7B56
A81A1A02 2462F563 1C2BD60A 782E8529
71056CD0 F8978B2C 6E418EFE B20C63C3
59101550 630C3A22 FF82F23C 6078E0BF
9DFB3869 9BF94274 17BA3FEB 5794083B
5088E028 F40DF88C 1C5AE195 F01FC113
16316E5B 76D321A4 92F1D755 3B29700B
416A8997 75E5C355 02521445 C04E6D9D
799E2A58 458066B4 FDC72640 5FAF7454
93890B02 93903C3B 90ABBC6D 2D9BAAA2
5038601B 8CBF4912 085E4489 DA4F9DF1
5F390075 47208F67 A9721BC5 522AA6E2
97E84BB0 A3E47C47 7159B4BF C7563B09
3115957F B03FC935 471C9F14 E176DE17
B0C7B7DE F4A9E643 049C4829 2561D5AD
1EBD239F 438F93D1 0FFE8F57 3DDD2879
A9FF1A88 C1B1E7A7 F10CEEB1 5A607B57
02AD8331 7415C6C6 BA853507 75030C29
C544A315 0479678C AAC315B1 D876B3CA
416599E5 60B147F5 5220BCC6 BD798BC6
FCFCDFB5 6E0561D7 4B07156E 49391B9F
A5B7BCBE 284FEBBD D4BE4FCE 6C9737F5
CB4E9A87 70EE9662 0B4DD622 5BF79840
F23ECEFE 9A8A4E18 B9EDEFF3 01CD9519
28E6F6C7 37801E94 739EEAF1 986E9906
A425A5FA 19C963DF 9F022096 01E651A0
9B5CEB40 2651BE4D 48ECA1AC C8E20216
80A5ACEF 35D4981A 60B4DFDB 0270D9F4
B4B28762 AA0FF4F7 0460A01A 4B595918
BE5C2B49 300C1993 9170CDCD B62EC3FF
50841457 727C3FE7 13A1A385 0BA8A5E5
ED67453A 705E455C E8636B6D 0291FB3C
8C40C329 3B40B670 F965F901 99237FFB
79C69FD2 16526FD9 30C1F47F 2ACB1218
4C12EEBA E0734A87 81DD2865 0D22A731
E7C542FD 88FE2F17 E6A2D06C 6276E757
24D53820 F6D372E7 6EC8E436 5359E32A
DF38CA02 00ED3939 932EC368 B7F388A3
18689771 3E0AA477 36BDDC5B 6B3FFA48
CB73CBB3 5BD88FC6 B265E1C1 89FDEE1A
15682B62 A77736AC DDB2266C CCA2EEE6
D8F7F839 0D960D5C BD5EA681 AB1DC0EB
9A14E9D8 65E5F577 1CD29E9B 2D4F9460
06071E86 C589E886 A31F69E7 5181AC17
42DFEACB DBCDEA2F 8F66E5ED 582AC7A5
516C0012 29923B99 1D21DFA0 E2CED85F
16E613E3 9F8BCAD5 14E7C4F9 6C41CEB8
7E7F56BD 334DAD6C 50ADB494 0FA610A2
EFCCA7F2 8D12FD24 988E755C 04347B2E
3FAB13A9 0C96E974 BA42CD1A E6256701
26258CF8 ACA089FB 1ADFC895 F29274B2
185B0F6D 3E13DB18 DBA32977 52D8F3D1
C6C45EE7 923D50DC EEFB2C33 D260471B
66D13516 9BBB6334 993D49F3 C3925D73
368EC823 1CAF806E 3E7AD9F0 60C40E7F
4BF58BAD 804106DA 3B5A272E 13E766F5
8CF7BFD4 ACD39D3B 7DECC665 D6744862
704E5507 A4262634 EBA2A689 936D4579
15702C67 4285E801 2E808A8C 5FF5D363
22381A34 401EDF43 B1707287 299880AA
4E95B8A4 9AA36EE7 FFF964F9 D9F9094A
D671179B 39DAA919 27A69024 C29BF964
3875C1A8 5317E04C 53CCFD3C 305718EC
1B2732AA 208BCB76 4ECFF6F1 99AA003B
23F48CEA 0D6967BC C1B276D5 D0EEE997
6074AAA1 20D18427 3046C7A2 A56A48B0
15C1EF5B 83D47E43 8851E055 F08D58C3
4616D8C4 D58E748D CEABD258 4D762053
5450BBD4 867EDA9B 8870C5BA 50E884CF
C9539A04 9FCA6730 BB529B2B 1848EA40
3EDCC68F D9EAF302 3F6E216A EC3D143D
9AB6745B 90D10526 750DEF3F 07A6F161
D1AD4FE7 886A1F2A 4600DF1E 20FD228B
E30415B9 9399F562 5F1DDF7A ADABCE79
0BB2F3C3 C198B270 DC222BA4 B855EBEA
D4741C58 E8935426 EBC6F128 648E74A0
0A6A56AF BE2D4C99 E825DD50 A5CBE626
63874577 B9F7EA52 66A51077 ABE23A99
A2DDC4B0 8731E400 1A2F26E8 EB2D92DE
0CF56EFA 927F3610 1C7A5734 D05C06ED
86B96DBF 6EF7FB81 029D91C7 D1B31C95
E3F421BF E0008CF2 14EAA7AA E46CC8CC
2A8DF8A7 E1D49C7C F6530A9A 3A81344E
B3E65A8D 6D535F53 F017EC2A A30B083A
B0466254 E9F260BB 01E71A21 E1C0FDF4
849FE3D3 7479DC89 85F5CA80 F62712F3
60A1128C F71DDD1D A525502B 560B9BAB
719A8B02 D1995EDE 3BE07119 BA5054B7
C762C96B 47C29F35 DB8C46B1 7FF50C33
98220622 847D5318 0CAC6B57 610D5078
DBFA2D3A 7F5F729A C5229BC8 48A64A13
FD302FBB EA13957D E38D458D A76ABE4E
5CB70205 96EAE1CC 0DA9C99B 4F0D824C
DC468924 055B617C 07E1975C 4A133511
7265C1AF 022324BE 1686760E 97CF66FC
C90053F1 B9A51708 5677F989 194292B2
0A762C56 EA14CD3D 8615764D 0DE68288
B55164ED 29692C9C 65740D83 2A132B41
3F4C2B05 B9E879EF 0A7394D5 5FE7722B
F17A29AA 9623097B 5C2FF39E B001BC58
35760C1D DFDBF64F CE2E083E 5EFD431A
F6DFEAC2 B09D4B0E C3E713D0 B7FBB026
D0A850D3 22030671 96A57656 CAB872C2
40965DD7 B1A09FC7 FA44AC0F DA7CEEBD
4AC52112 6A2679BC 6336925E C9265FC2
D0B5F029 0D8E0D74 6FC405A2 A3DC0020
34747804 27CCFE4E 5A9806C5 F8A7DF22
8381AA36 91EDE059 E381156F 0384A7B8
D9B13F5C 7FEFA661 D78D8ABE 2B870A87
44A1FD0F 00EF69A0 0E42A5B6 DD6F5B37
5B284437 805B76E5 A1DBC6FA 9F6C52C0
89E08018 4483A2F9 8BEBA31D CC3C269D
7914B0BA 6BD716B8 537EF4C6 F80C2DF1
E365EC6F 1D4BBA3A F9807FEE 39A64AAC
69F77F63 45445DE8 CE1FECEC FFA0CC5D
FBEA41B2 17FD172F 48E12897 12C2C952
64785CB7 EA16179B 51F2F451 A4E8F7A6
71903FBE E9F5AE5E 7836E42B 1B0D8EBB
25881A52 D4AEF529 37CD60E8 742C90CA
F60FC7CA FBBF5496 4D0A4666 65F732D4
9E80E57F 2C6BF7A8 A4AC28D2 C2E67C7E
D73A4517 8FC4A4B3 70FFC53D B7EE6CD1
5145BE8B 20F76BF0 7A080F9A B65D2F67
95155259 C86E5E6A FBC7CE43 EDF67694
95B6A682 43327C9C C01586F8 82DC7D4E
38F43ACB DCC13CB7 6E1F82B9 9384D28D
C04C3C26 FC7FED47 33B22027 86CAA497
1A37B118 6EF538E0 D3B21021 2C4CD4C5
9CBE69EF 6069F4B1 273DC168 F3901E52
B8B84582 DF114A11 05B9AC3B 11E6D422
B7B6981E 60B5DEA0 7E0A84B9 2A72A385
2C799205 0DA91EB4 F9398605 685D54FF
8419E0B8 9AD1CF22 B3471A06 50D88863
884AE9A2 F609631B 0515ADA2 F784AA33
F0242F73 A2E27998 B8E3C687 13AEF016
C4E4C4CF EB6D21E4 8676910D E10F778F
9658A17A 5765ED1D A858479E 8D466466
98CDBA67 82273730 F62EE63D 90112F98
D215C863 9809E497 E271901D 9BFA4F75
62952A45 6338EFA1 49E0E443 8B9E68B4
931B3D97 DAB014E0 73F2D8CF C56E1068
5FF4211C F6B2DC84 F81291BD E076111E
ECDB3F9E 49D83AC3 4420430D 86647722
D12D68D4 7F356707 4F76141A D54B8DB9
9F8EA0DC 38706067 A63BA403 A0DC3035
1460134E CAB70C8B B1BD7655 33833217
7360C02F 18E1BA8A 0AA67356 479E839C
71393709 23228FDC 25803805 96708E5C
95C7B3B8 593E63B8 873C1FCF 80941FAA
27DF29D7 9611B585 07CB87D4 1D6F261B
3131B95F 1701C064 94A5762F F268E8FD
B4798712 211549FC 737CC9E5 F810C778
18C5450A E382427E 13252DE0 9E1E2665
8C91DBC8 D3324F3F B8BB75D1 63579BA6
621358AB DD5BAEA1 4D7A8439 444E0AA5
AF494B78 27EFBF37 FAF100AD 736AECBC
2C46DE4D 4507FA1E 8C272533 8885CEB3
E40B9967 535D6372 87786C5A 3B48EF81
7F310841 9083450C 92878AB2 FD7F885B
271AB7A9 11EBB8E8 A001DB45 4E342286
60356903 72C31F98 594C5AFD FFA503D8
FB1FE8FF 358A7360 0C428F0D E064D1EE
2F9B39D6 C71E463D F55D8AB5 B4417C6B
E4ACC8FC EC577407 E23C87FF CD8F79A9
B5EA683E 61F64578 16D2FE2B 41E8DDB6
045A39F6 B06898F6 39064A9A 91EEEC71
B8793051 A09904E5 89F558CB 9E23F38A
C8B3C9E1 7C388940 E365188D 3D1ABF8A
F37294F8 ADD7579D 5FFD454B D6115C70
98C9D330 8E985C31 2583FBCD F2DA8325
F340A420 929BC997 68CC7FD9 122E4F69
A882EA33 ED38EC76 C553B64D EBEE00D6
11F37967 06C2D63A 634E45E9 BE73BE2A
813E6C44 8656544D 5ED3926A CDD57F06
5E6FEF4B B656F374 4EB29EE8 5D5F2036
F3B1B46E 262FFB17 27148248 1D4A6E29
0CF80439 7460EF1E AA5E482E FA5C55E3
4DC4608F F823C525 9EA2F14F E90B1905
34DC0E74 11865EFA 07995124 773977D3
637F2E49 6142B459 0067F651 845E0605
10484292 790C5F18 32AF1A75 F1CCEF12
2CDB4C2D DF06C7C5 B8D475E1 D3281D45
37D7CF5F 24AC78CD E07049CC EA420467
4CDA098B 1177F62E B87C6606 6311B3A9
FDAF11F1 E6983B43 2CC03F38 A73371F4
DD9073EB D87C2C12 724FA8D1 2609CF95
913EC9A3 D91AC2BE 299CD98B A1EF2A3B
0299BD59 681FD7F0 015FC630 ECAD5000
02B4AB5A 595E8CBE 8FF4F52E 7DC73D06
8BF6D7EA 078A1FFA D2BDE9A8 00B452DC
21E222E0 498B5339 1D0E9CFB 52A61638
6E40E261 DE5899C2 148B05AA 44FF1B8B
94611632 A8326A4A AF8BF3F5 76DE1BAB
33632A4C 752C9EA4 244228AA DC68D775
32DE9370 650000F1 01E13C71 ADB9D59C
FA96BB99 7A40C99C 46C2893B 11D8F502
8EB924F2 63455F77 63A59411 C0529E86
20381ED7 D1EFA43A 482945C3 EB545B7D
6BAE480A CDCEF5EF 375202B0 92629DE1
16BFF3EC 80185203 806ACEB4 656C7C02
1701B36C 8549F403 9D8D487F 7EE5BB07
24180666 45F46AB1 D047D135 422A6B51
4987AEF6 B1161C63 FC8158DA EA28AA53
6E1B5EF1 9EDE5443 9BA042DB 6E9943FC
6E7CD2CA EE004E47 397BD1EB 06ED6729
2B901600 6B927FDA DAD6702F 090709C3
9EE8C179 37A2EA4A 1E4FEDF8 6CC0047E
07033EF2 B2CD44C8 2E1B7CD2 ED271223
DA63C64F 8DEBC719 1EBB38CE 46E4C01C
A11A915B AD9F8572 EE9E8700 D2CC2785
A76AAA59 5ACC7172 B6931F47 DADAD72A
5413BF79 49D94E48 AA36FA87 F1BD0908
9F874CB8 04DB363B 80AF3223 C3921B50
36FC2A11 861890A5 80ACCF92 86DF4899
DBE5BEFE 49D1CF54 84B18017 128BFDE3
B02CD915 76404F57 E3758D99 360907A2
4E66619A D6B3243C E4B24359 9C54BC61
1E61D4A2 4AB9FB18 C09178D5 319E1B7A
E6574214 F5AFD4AA 6AAC61B0 8FA9E377
E9394573 33AAA767 C131A34D D26AC57E
FB26A199 E52EAF50 B044DA46 EE941AB6
A7A479A9 15769F65 967917AA 5840CE48
C542219E C2501FC9 25A12DC1 4922AC71
B682BD68 DC1E29F2 59A10659 B3C1AFE6
1A9BC784 7103D25E E4F9FCB8 3F9F146D
16EA21FA FB72E7CE 1DB179CB DFFB5EDD
CF9351A4 5F2F98A2 E3F4EE3A 06FB201D
1FC5B0EB BAF1A776 3BBAD45B BCEFDEE6
46FB4C8A 0E2D0B07 306135DD EC510726
AA91264A FB55647A E3D0540C 0BAADB31
667D912C DD7ECF8C 7D5E4BA8 EDD498CD
765E4F5C 835F2673 545F76B2 25D14D01
A62E4BED 91215E23 20885BF2 E3E1B21C
0D312560 6878CAC7 2B1FD056 DDE9F711
4F2EBA3B 417F9BBD AF528FD2 44BD364D
7605D5DF 8CD3DC02 B76FEA12 9DF1CA1C
23BA5AC4 EA0633B4 C68DF580 69745200
A117DBFB 15D14404 74A56F52 81D92A3B
6B0EB7A1 CA8F9416 D686C42E 6C8E5C62
3BEE9D2E 88D817F1 B42548B6 4BFC2418
E547B9E4 193F4E37 EDCDC0BD 45388913
20F4FCC4 05669FC4 B0603162 4A658976
DE833C5D 6BA0FEE9 7FC03AAE 6CB75192
93E4108E 74E74352 01AC2AB3 B8544598
92930292 EFA98160 A78755C5 8DF0A8C0
A330257F 17F51C78 CF74DD8E CCF05BB8
676536A4 8B78E78C 36534B28 01629005
B2FDA78C FA561CB8 1AA45013 21C78B41
ECAF6BA1 81300A53 880945F5 3E77F30F
252B6FCE 212D3AD9 4C6A7814 53371357
4DB79ED4 A06F8890 3DD2C9A8 28B02890
865998D3 9AD25897 01BA275B 54F27BFD
C3F48F73 2F235FFE 30E1A09D EC82BB65
388C371B 288DA415 CC3944A8 449FDAED
3113AF0E DBB6DF76 1B0942A5 7104426C
350FC28A 6B3545F3 514A7A54 0D81504D
A12C0335 3D7E4DFD 146701A6 50017B83
230487C0 4D4AE435 D53ECF67 1482AA47
51094AE1 18B64D71 2AF5AFE6 31D90C9B
FCCA22FC DF16AB6F A85786D4 BE1AC250
7DCDEE6A 81DAEF9F D232E569 8100E884
1C35B2F1 95001EC7 BD38DA17 0604CCF4
52624170 6D065CB1 30B1DBC1 1EE40DA5
B01931D7 65142E97 95AAB9B7 DB897986
4C20029A C0EE9421 53E64817 85000F1A
6E23045B 2EC0CC76 74855F0C 0F0A7299
D69B11C4 0EB35252 B9A4E091 53A947EF
31585717 B328B1A8 11396ADD 82DB573C
9EE5A5F5 2643F41D 57CE0F1A 43791CD8
55ED63D9 009A1533 ACA483BA B41ECCEF
D81C44E7 F12A37FD E682DAC3 497E7D88
28B9290F 407C97A6 F3E654A8 8D4DFE24
2D68EBAF 1B53B538 B00C5759 8F035F71
38740968 0E41D36A BDD02EFB B09A656A
D218E670 17E5040E D88DA16D 17E2C9F1
C68147F7 32DEC687 E1421747 C99863B6
7C81CAEA AAEE4A33 BD0A6887 8CDFC4E1
4BD03BC6 01C27F56 AE39EEAF DAD98FA5
1C6994D1 BFA7CC91 7F5D7169 247F9048
FA79D17F 902E9332 63ABB4D3 AD855410
31D6DA55 80229201 9E89485F 84B5B84E
AA248C42 4CA59F22 0192D308 2334C929
7D04FEC2 2896ACD1 33DEC0C6 A1B2FA6A
D28C5CD7 BD536090 D22E8BD3 DE81E29D
01118DD8 FC7297D8 74F1998B 241ED1CD
136B3972 840A16CB A5212108 657FA3D4
E888097C A2B0BF73 1F458A55 0FD6AFEA
97061AB8 F57E45C7 BF0F6053 96B953EC
A7EBB641 3D1B08FB 9C8EC1DB A19781C5
2CA69426 0C648201 FF771580 BBAC14F8
3432108D 2069C481 00902015 1796D1BC
D15FFE83 5464ACFD C250B1A1 CC502D02
B0974F08 A928D189 10E9DEFF 0C4B10F2
269C852E C2512FC2 30E0CB98 94868A7F
3E44CA6E F078F581 4FC21CA8 0B07B83C
DC6D6DAD C1DE0E86 09A673D7 63D5B384
73C8B3CE 771C9A44 ACC59093 C2F1FE53
2FF1C17A 047C0786 9862118E A11F1701
7D31352B 80FF7CC9 298D28E0 C6ACA844
65E3A442 7477CAE4 DF6A18D7 01A20256
822C7276 89B04EC2 1D03DC3C 3118A818
9B23EFF0 F63ECA5E 75FDEB09 588AF8BE
0FA0F25D 3C6DF140 E532C70E A7BAA30A
91BF2661 27CA9A7A 28F2D0FE 52797DDC
0B87D7F5 F484FB5B AE241EAF B4728634
FD8B1E4A CE6FAC0C CC4B1196 8214F785
8F84999C 317B3F8D 45FB71A0 F5CE7CCD
C1D0E5CB 60558DB6 855F2C1D CE65C00A
684928D3 44363989 C394D2CC A7062659
5B18D8D8 F672A7D4 73A30083 9D0D7E08
CF068D9A D92C6822 A1073B2F 8456BF72
B81903F4 4E8CF75C 8BB9A233 AAEA0D7D
8123B6BA B8F8961B 7335EB01 FAF22511
E6BF4F8E 8A5E8AC1 2C89585F 6FD8EAF0
9102DE99 8973B4AE D58C8FF2 0CE944ED
D70AE15E 9CAFF0FB 8CE3190A B6F12F3E
44EE7078 786DFAF5 653347D4 4E5F18EB
C4727FEF 781995CC 66CAC3D4 4642440F
D7025C1D 535F7624 CD576EA7 45BF1C3C
23AAC994 10B79BF1 34EBA945 4AFAD827
933EF073 28F421CA 45FB69C6 490EA3BB
E9878B0B B144B20A 33BA368C 6A819AAE
AFD84DFD 5C44DC6D 91877397 FBF00115
DDB5C063 9AE1A523 41558139 B325E99A
BFFEB810 D6C4B0BF 12166212 1479F478
FA741864 10F7A53B 8DAF1934 FD07A56B
1980A483 B00786DD 729D8034 8CFF5F50
03FCE03F 68239359 1647AD5D DDB46E1A
1070386A 2D5FE5A8 872D5467 58A7AF80
316527BF 2C97352F FEBA2781 BA5B4E6E
B6D8FA1E 6F143562 74BA92A7 D711DDC2
30E2C8ED 530929DE DB82CBAD 4B17C62F
2D37CF33 A3FA2403 259DF5AD 8B3AC258
1CE8FB79 2B50A4C7 2F4E7936 52413169
3D2C2A05 FA69C6A1 4BBC731F AC998FC6
BD0A16B5 27FAD54F ADB3AD17 6EDA782A
2FB60E43 1C8606BC 97A7ADC3 CEF2A588
7337CCE1 824F602F 6C2F397D 141F8109
98DF6889 B9B3F9A0 136DD6B3 D61CF2AE
29756D2A A4AA0DBF 485F689D BA645C7C
CB1A6291 72EEE9FA 9B240F0E 7C5F51E7
EB7F022D 12A86B97 66F1C7DE 3C08EC4C
562303BA 69561569 458683C2 5DF56235
463C0DCB D8D66FB3 968D09EA 98A7A121
69B56221 0690316E BCCF572D 40DB84B5
E0ADB2FB 168E7424 AA5EF71F 60DBF6BE
278B17E2 17818E4E 419FED87 C4F045A1
20FE1FAF 62ABC49F D5B7BF93 C58462C9
407B0C05 DC1A95B4 C659A933 74BA6B1A
5ECBEC24 8C8D073E 963FE171 65FBB036
F0BC71F9 A44702F0 9FE9C456 6A167B7A
C199D535 E56CBDD6 FE5C2309 D36846BC
DF6BA190 6EB60988 F3B28282 C2A45CC2
D1BDF529 AC818D04 1BD325C3 245425E3
BF6F5D03 4109FDC2 2E9099C9 1E8651AA
89A6F904 8525FA98 B2D16304 801EAD54
A5F75F2E C45064A4 24DB2130 9355F74B
D29CAAF4 E838BC19 21882B4D F3FB84B3
1A741107 7203E2F4 BEFDFE05 B08C8942
48EA7BC7 57F54CD2 FF7EFD41 EE514A8E
165C0E43 7BC685B8 5AD60243 DDA48D6A
4863C797 6F776861 D8130681 40DB0720
7A71E83B B19FC103 166AAB39 9285C462
C5028368 EDFC2EE1 E105B085 807E0A96
D5832DD6 30E9BCB0 224C8296 4A5718F1
98FF03C8 04281579 CFD1CF1E E74670C0
C98986E5 02D4377F A4A35E83 53EF6BC0
FD40E928 7C106BD7 D9C900BA 960D8F22
04172AA4 78152477 1547F411 AD4D2723
2EE09BC2 7E53BB18 23587ADA 1B9B7722
60B20230 7CCE4E2A E48AC908 0A344B95
E77D0F97 36F6AA9D 603201C3 683A6D8F
77E39B72 9D2A7584 E1999BC5 9F4E520C
2DCB844D 6A00F4A7 565EF35D 14B430EB
FF10F866 D6754880 49BB2B16 7BFDBEF6
393223DA 8587D15F E09F0435 B418C833
324C96EB 1B3ABBE4 9A559802 FA2F50B1
4BE5D795 D0AA458A 062E1EBA 2A148883
AA844E5F FA795D25 836AC8E2 1F0740C2
57A8256A 8F98A8CD 1C1F3EBC 9366F253
529D048D 793E88EE ED34B4FB 1D98A627
1B47AC66 9FDBCC38 BC7F75F1 6EB1A92E
27D6BB98 0BBB1371 9358A636 69F412E8
DF4E9C3C 88079C2D 16693A53 41EA2AEE
7FADEE93 ACAD0C67 CFACB16E E08E1083
8432BA8C ECA20185 27F7008C DE25DCF3
BF551153 4C09B367 7F469340 F9837897
19DC3891 DD20B2C4 1E7718B1 9511DEE1
A6D9D410 4C955797 D8442E0A E16E4AD9
69E67CA0 C2F003FA B9094F03 93CBA717
B5CF2293 4AB6F1EE 80399DE2 5D06FBCA
E97AFD8F ABEC4406 844E61CC AE5F26AD
EF89C7DE 0E82BBB5 BD6CC0BA 8F011970
13E5043A CAC1E306 799AD105 BBF878A2
9A3065AF E94FF523 6E1F66BA C364B96D
93C747D7 A37F6FF7 B1E0B7E5 C1EF4093
7C3E8E96 AB08A60B 5CB8AE64 18F9C5D2
73435C94 38B877F3 11A7254D 8499BCF8
6BBF6251 D97C2DB3 950E8216 A7E4BC05
4DA9F66D BCECF3A2 DD15EFFA 4AF537E5
E5C58C56 8E7E948D 2B10589F C143D2E0
221FB0A1 9FDF90E4 7E21DF14 62E4C341
62600BF5 EB95109C 63090DEB 86628183
1345F982 D97F6A1A 77D8D7B4 25D7139E
EB34D75B 960B75F7 EA63F21C 1C2FC23C
FA80DF71 629F2DF2 D3FF0974 8763D475
AC4EF326 78FFFD8B 695A0A94 14790445
2644DEA6 AA69B78D 5D2FC2E1 D1EC7A2A
BA10F97C 0C31A3F8 F6517431 C960E583
E0DE69DB D110C83E EA2C86B3 DEDCADC3
84373BC4 6255346C B66B8727 3FDE2709
3184B218 8A58EAD0 3DDAEDB6 A91C69B9
4F2A2597 D6BE6F34 520609A1 936E3E0D
F9814993 AFBA8B3D 32BEB637 6BE124AA
E1B35511 AF534A7E B219396E B4E41287
1BDD465C E71131D1 5B500B10 D5AA4EBD
C2158578 C8EE4D6B 533A570C 202A0A21
FC2CD685 C3973CB9 AF95EFF9 DF5429EE
B2C68AD4 77400332 76465DDF 385A5E99
3A58732D 1AAA3618 889566B8 B01FD8A8
7167F9BC BA1B6D43 3FEC496A 64BBA745
9961AAD9 BA6BB441 247AFCB6 9CAC5389
DDAAFC2D 36311C06 0080FBC6 54C1677C
B1E176D4 341341CF AFB166D1 BC23C52C
4D761532 4B1316FC 5117AD8D AB5AF2B9
2C65CB1A 129FD51E DC1F75F5 D01BC489
508063DB B2DB5EC1 013331B3 5B4EC2A4
3D54C70B E9A8B9BB 5A375398 9760F726
D1795921 D3388B76 51727843 19A0458D
BDFF1B04 94F1DBA4 3B53CCA3 165AA01C
F0E728AA 69F63529 71B936F0 DE2D9847
999E3D2D FAE601B1 C5033FE4 8BE8E13B
6DFD0533 5F7E44C3 C73AB07A C885DCEE
6A792816 86D47EBB DCA27A27 81FB7EDF
1ED9702D CAA59034 F8C62231 29939FED
85BC585A 20F42F24 5D4AB7FB 13869722
B9069DF0 066328E7 2607546E 42ABE48E
7E019E77 F90DF19F 72B3F892 BA96C61B
36146072 A9A9A2E7 5E6CF9AE 7100C103
BA337A84 F245A5EC E49557DA 75DF01BB
5A89766F DBFD1C94 D2D7E2FD 12B6C10F
205FA78A A0648317 644C5EF6 88D8A987
A54F484D B292CB49 287C1444 3C0AAC90
2CEB2710 68B68982 472EEA4C 3AB1C2FF
9B05530A D9771CC8 EF441416 A0B61726
136B3DF1 B434CD9F 35713843 0D28D348
1463AE41 2C0D7998 8827E06D AE5AE7B5
D5B74AF0 27D86185 B0599DDB 37C8B133
95F31434 2F87D273 171448F1 24506B41
8CEAF0CC 9F613707 39075186 4F21B474
E800A5FE 564E43B8 45A74390 087882BC
066A5DBD FEC3B292 41E0978C E47C8F7C
DC2CFE60 5539EFF8 6BE38362 54FF6DA1
5D463341 706009F3 1D67CE7E 5F28618C
5776B175 6545338C CCBD2CC5 D90B77E4
27201C22 1CAD4D61 562378ED 3BB4936B
08288CA3 F20A2642 605334EC B51A41B4
4DE6B94F 1E816679 8E6E8FF8 67C2F74E
92D8476B D6007D50 0B612945 C15D2AED
341CBE31 2F6A2B89 4C11EFE2 C48E5008
4656B65F FC7FBAF6 0F7910E7 896030A7
3080AD44 F9FAD7D2 DB8D188E 79292E7A
A827B561 99745126 35120F6B 72CA642D
067D78E8 F6AC0CB4 8120E7E1 6D8C0196
C58C60E9 512BC442 574D7AFF 6BF5EDC5
3944CDA0 C312BBCD 513D815F F6678632
C37F363E EC293CDA C510551D 754CA1E9
763E4C2E 84E87199 EB626E2C C5867794
9F15727E 49DF9A62 2637914E 9832004D
3C23B973 AF515425 FCD63530 4D1131A2
EC732E0B 882012D0 B939A335 87136E27
93FC867C 4EB2F7C5 E7754019 1399CDC2
337D363A FF2A0C5F 9713E2C1 3BDA03C1
0C6476AC 3E293CDD E61D0CA7 4438DD7A
9A86C775 0BE1B06E 11F34B02 491291D6
F9726C97 7EA02C5B 56392391 7676E547
6F33DBE1 6331964E 6CDFC723 23F186B3
4E733825 C04346C4 197E1980 161F819A
D664B2DB 45A9E6B0 0A74EAD0 2D0861DF
F8F06FF1 77968C4A 4226ED1B 4B139F41
D34A5547 C7200594 2AF01B9B DEFDD0BE
FBED0402 FBE4E742 5427412C 0D4FFAEB
13A99081 1A1E67DF 4D7B6573 986F9567
55EC4176 D9900060 CEE7F206 39802690
999BA33A 19BB68A1 AE9CD3DD DF04B268
1A13ADB9 DF30D49C 05C93E94 64947526
67313A1C 1F4581D4 D8CF210D A05A6E86
B7ADAA37 3CE32B4D AA55389D D0A2B87A
61BFF893 A0B68B3E 0F53E454 BD5FA105
0CC39FC8 F03B2C89 CFF53A46 6B9297AA
A4984FED 7E0B218E BC22F202 E8A6C099
675875AB EED2AD5B 672939F9 126C3A63
EDC8CEE5 22AE706E 557AEA0C 7F788D01
C2AD12F5 C8CEA237 557A9AA7 A33AD3E3
96036ED8 158B4324 FEEA4ECE 14F1A5CC
D1D49532 69AC8F3E D623A602 BB513FB1
E73CCF13 BD4080B4 9EA1AE3C F72C8226
711FEF2E 049E5F31 3616FC7B 6CBEE2F1
11182DF2 A2D689FE 5C529161 8513B219
37394976 831F3665 C559C48A E5480A61
AA53316F B6714E5D 048B5CB0 93AA440F
00A0E9B5 DC2DAC7C A51E432F E20B7C6F
3EB47146 536349A4 42EF7985 FA19939A
65B7D2E7 F37D719E FBB284C4 A85082B5
192E4BF3 6B7043F4 594B20C0 17912055
5583DF59 962B7923 5437EF58 EC5785AE
5DBFCF02 3C1E60B0 6E375681 92CFDB6A
645270A0 B3BE95C9 BB546E85 4279EB76
F957F679 98527E46 FEC04BAA 75EC7E73
C6EBC9C3 38A4AB8C 873AEBE7 578FD54E
9918950E 798F33F5 E9287644 F29B4377
88926853 7FB9EE1F 67147D4F EF3516ED
93443353 2F4F45BA C79629D4 09825DDA
6AB5C413 3E466073 5C25A7F9 B9DB6BAE
11C8430E B683C000 DE5CF2D5 911655E4
897D0338 0BACE5B8 2887778F C02F65B2
1B84B9F3 CD0ADAB0 03539CF0 846DA466
55EB5317 1AE6F55E 74CC3581 7962631D
A43E5AED 3E3ECC0C E934276E 932172AC
3AAF022C D8639074 106027F2 BCB915D5
6684C4AB 014617F3 6D589990 227FB6EF
694FA55F 96BA77C3 FFA9977F 472304CF
A14D0699 DC99FD17 8305259E E2C1F2CE
48C93889 22DADCAA F314468A 7C8154FD
310F77C6 D666AE99 CD2747AD 9863540B
A34D5A8E 23F61BE8 FFC399DF 740884E8
C1CA3914 4F6D1D8B C6942ACC DAE50C5A
6E584633 8CD28850 D98D6F22 16918392
E0804DA7 4989B0FD 845D7B60 314AFA98
D876BDF7 1FE3ADDC AAF87BBE DA7FCF5E
A2675104 F6798FF0 676FCD09 0CE0A8B7
88C53682 A26A5CB5 F5CFFCA1 E9C49499
BD2B791D 16A93D6F 9038EA70 00F7B2F9
79ADCFA5 A3724137 D50F6854 1A572CC9
82A8C969 BBCE17FD C8835529 CC3B3329
2762DA1A 432F42E2 044BB108 8D6A88EB
E0FC3156 CB928CEC 8F4DA355 E877C970
8AA50C6B 0F5E2219 6AEA0DE3 A1948A84
DB967FDD D541EAF8 CEBBA6FF F08E766D
A6074144 5E8860DB F00884A6 3D75FE54
BCEA2DA6 0E1D2E65 7CC70922 E1123524
18748833 067E3CD4 05AD89AC 0416C890
3FF59B95 299FAE56 DE8EDA2B B2D18584
98D035CA 41D02BB9 3FD33934 CE013D62
08920515 BB5A8414 A47CC7CE 4C603C37
1A521674 2BD56AAB 8406995D DA1AF1AA
43808D76 BF73FA0C F436461C 2E00D0E1
9E79D9B7 07D27AB1 979BC007 7270C25C
3DAF7265 0E9DC48A D04C744F 7F467684
02DBD493 309A5BE4 DBB01F2B 770858E2
DC57427A 2C901816 9A93F8C1 5972EC21
EA9B45B5 34689FA5 85A9E098 9F263F00
1ED8A459 ADFED3DD B997F875 F8780B6B
4C933D20 4A43E501 2A03D312 E9E842E9
87C087A5 86C99E43 8AAD80F3 063BD559
577B5A06 19AC06B4 DDF3AB1A 469D6182
AFDD3279 8440CC19 33FD78A1 BBD409C9
8C86F487 45E07A5C 487EF1FF C3304A94
6FF94D58 52FF4D7E 14805C46 924B2011
F33A88BF B6AA64A9 3E361005 99C46C7F
2C13E916 7A725165 A7F83662 FB1A70AE
9D0BE3EA 9B7DBF38 1E8AE049 EDBBADAF
4EBECCAE ED3C2DFD 3DCBC48B 24798AEC
5C10B2E7 6F579664 EA0727D2 5501A1B8
9DEE420E 81E2B254 55405435 E285CE1F
B04594F2 EBF9FDB4 AFA7C81C C6C0B76F
4806B632 D54503A9 EE0BD69E F1F4A54C
9EE26DAD F5719F39 EAF24BF1 F299E76F
363D9643 C3F69D5A FB9134AE EEC083C9
C5FB768E 954BC4CC 653161C9 62961978
9CE35875 17A0326C AC3A1904 9B818C19
ECC4C7DA 86096A43 05BF6709 B01C81E6
3E05315B 6BB23655 D781DEFB 8DE3B867
85614906 D42B5BC1 748CB55B 489EE99E
6ACA4C11 0748D6FC 37C8F7B4 3A445BF1
89B45A78 40BC1A99 17A1FF94 C015A5A0
352614EE CBFC5727 73BB64C2 F46799B3
91218E85 A52C116C D2059B3A B6B3879E
5A06D9C1 436C7D83 3637E6CA 2DC39CEB
D3DEE0A1 D670700F 4DEC7A95 35F3C953
9F413459 B6037D19 B3BF1C91 BFA421BB
18B36611 4DF8F514 685CD33A 6321DCC0
6DB80950 5877685E 92B43800 324B1091
333AA2DF B69271A1 BE675C21 91D4743D
2C572936 78625965 E7F1146B EB8B608C
3C27A1AA 9BFCF34C 9FAA0161 CDF32FAF
C0AAC8EE F78D00B5 FD2624DB 247BDEEC
1D587AB5 06D6934D AE8D0F93 753CC3CA
DD43692D B47BB677 DEDE2102 627AF95D
997DEB10 84EA1D1C 98AFA926 EF79EE6C
F9AB3553 EB222494 B484D616 439B2785
49B0305E 7DE16B47 E3E59DB9 986E8FCA
A35C8962 CB6FE438 D5AF2657 0D042F61
962ECEA3 2F8B4763 ED196C8C 7A4EE42E
F2C8E154 4FE54253 C0B0B014 DF1853E1
39709BB7 7AACE78B DA80CBC6 F254D4CE
42381623 C72E1395 D401B4DD B5CCE78E
6AC39484 EBDCE61E 762E5041 03833BB7
22DE0939 90ABE67A 5B6F2F78 EC34909A
828743CA 81469692 325EF663 609D70BC
7261AC7E AE8C5BE5 AADE88DA 50765FDA
6B144137 ED54C5C6 F76F862E 877CA197
197D989B A19079E1 36599EEE 31D99662
9A86645C 0D53CA56 F7D76D30 CD810A01
A8CF7FED C44C67BC D87BE1C9 D4739C2C
3AC7FF42 029B00EE FA38D31C 6F1AE8A3
68C03097 0252F1A5 D73A7E34 FD7B985B
0012641A 4BC92BA4 681EB8D8 16047A02
E24F337D C79E604A B88DD54B F8E9EA7A
A2116D5C 40A20DF9 297C996B 2EC8BBD6
526F8AED 21C4D28B 9463D86C 0C543DC1
E5E90A63 B5D07AA2 24DFF595 EBB62CF2
1C09528C E0DC8981 DE179760 D39CE091
8B33B8A6 7F737AE2 3BECA615 9B403703
4EF464D1 00596289 65D6F959 8BCBF1DB
BAF829F4 3EEEF208 9CB4EC09 F2E6AFBB
C1DBF7CF 8EACB203 DFBCACD8 57C8E575
97FB1939 82B706C3 2AC7D189 2B7CDF9C
86EEF70F E7599A88 CD00D618 EC0EEC95
263E3F07 2D014196 5B295C21 41F5B43F
E7712772 3E7ABA7F 7A698B0E 22539D32
D698E2AF E009BEFF C41F1AE3 F4AE00AF
9119B968 F7660E36 0AAA76EA 58A4AFE4
65B3E040 A067FC7D A24A0B8B 7C71C87D
92164820 73815D84 735B6B8C 1D230ACF
F8E4920B 7958BD3C 076D6ED1 21A46824
B8016CB0 1CA264C5 7B8A0986 53C67A3E
C6990A4C 03B29479 E5AE804C 392043CB
A6BD9CDD 8FA56A34 3C8355A4 CB111847
8B4D07B2 395CB005 6943AC3C 4C944911
3022CEA7 51588F1E 4ADD6F9C A3CE9A54
371ED30C EACE6429 EC345753 089A5A41
2B6E63E0 F95FC734 92654C68 3879E53E
A10DCAE2 603CF2E7 AB283AA6 E59B9F88
69882C4A 11D2576D 3541FDD6 671E2611
5CFB2B87 6CD02C84 5DF91475 1E72D33B
A5A4F279 8EDB343A F7FAEA13 63731A19
5A39ABD5 C0529909 3A2F8F2A B727A7BF
D8287105 E8B23570 A4B07C83 52AB6F02
A1F4781E 6D64566D CC26C97B 9E447F2E
50584922 3B42E4F8 E5B562E3 DE086D7B
BCEB5D76 1B931339 A8B17FB3 6ADA66A8
7C196FA0 3DD75511 C0B7A0B8 9706E58D
E5078672 96EAAF27 EC7210C5 A87E66BE
957CE81A 0581B213 95E462CE 54CF59D0
EB7F4C21 D2421E8F 2ED0E62E 5B068C48
9FD31E5E 627C4997 4882891F 6B5F3976
740A35D2 26A44582 26AC5DF9 AA12604A
B3F643AF 1499C90F A5853519 0594D5F4
1F9527B4 42DF48C8 965A9A15 B4DBE797
13C44A99 1C0F4691 BDEF4B24 066D2269
4BF92C2A 2A73EBD8 F64ED2EE 4E832123
383ABFD1 F921B888 EF8265E1 E7B5AD5F
36790236 60DE5757 2811399F 8A70E7F2
7E6D231A D74CE8A2 3F3825D3 148A90F5
ECF28C5A 02E6C44D 899D46F6 CFA10BB0
5211C945 CDCF78AD EF8C3A9F 22EE04DD
C59A7CAD 9270F3BF 4787D0E9 30B82608
ABD562AA AA41E963 6192B567 DF0E8430
BCF2335A F1D854E3 E802A838 4EFE801C
DDCB5381 571DB1A5 FA5AE832 DC37C879
7F66F2AB 50CB4B3E 5DA5E5DC 6C3FBD2E
8267FBF1 808A25FB 5EB0C754 43693E9A
C8450833 0E7CBE84 AAA9C17B CF0EC300
2A696D6E 542C692E 848E304E CB740DE8
A3A7F107 098F2B0A 7A5224ED FF5C0E83
3F51F987 6640054B D68ABAD5 8B89D0A6
22A462C7 95674C81 8482CF16 EF80AD9F
A9715050 16CF7736 95C22B36 516C504D
DAFCDFD0 02C3003D 720DA00C BAEF959A
FA02606B AF58BDE4 E77E9E15 05E82122
28E40D09 751C2EAB DFDD2F8B 1B4DBD98
AB098210 6F28B5A9 A1CAE211 AFC35B6F
21A65625 102502F9 BA007BDA 745E73D3
E6C608A4 26071629 6AB94031 7111CB0D
E9BF4663 735C2B83 24041A06 E62D4436
62836DFE 5AC2E0E7 98E525C7 7F39526C
CD7608A4 1BB137C3 C1E09EC2 3754C9E8
5C26F7B0 1103A517 75C4EDB9 3FF75A2D
5B6F86BD 225287E4 77C2FD90 CAA72031
33781E5A 9DE87115 80F2FEF4 0C23EBAD
40246E73 35C7606E EE868707 A43B4C8A
7EAAF7DA EEA09E4D ADCBE195 CFB557E3
664C1B07 40577585 4DB4F293 13946162
F835903B 822545F2 66E518A1 29432356
2366718C 63592F97 2BC58A98 4A365F91
599596DF 407EF45E 7842C1A1 7466EB2D
3355C229 EA5E695F A8ACD113 A093057D
F516C20F 9461C12A BBE7DB74 4CE2B517
29B8867C 91205A40 D5AEBB83 0A8A93F9
5FDCF2F9 091EFBB5 9886DA22 20EDAC31
5E3285CD 4F165BC1 E1CFD1DF 349BD3AE
E148B8FF 7BA3484A 210730EC F48055C2
2C0E1ADB BC3DF4FC B5520E2F C8157959
A4BBAE4E 1D6D49D0 6DF930AC E2DD8025
3A6F2387 FC4FAD4F C5B1BE83 AEA2C9E1
F7FFD56A 3E42D232 A7EC8938 350835FD
6952D6D2 B3B475F7 C6AFDE16 7461D95D
E01EC5DF 3EFA72AA 2D04EF22 CA790DCD
7C3E3D61 F99AB829 999CB070 3E7C631A
FE1EF3AD 625A3876 D5D7264E 827F017C
CB7E926D D7768A21 92A325AB ED3D2D3D
48A918BB 26C58770 93058363 A29A85FF
AA109128 71C656EF 7997E812 98462A47
E308DD63 BB8EFE1B 0A87697E 3021DFBD
AB2F5496 6B3E168F A4801CB4 EB91ECD4
9128630A F8339CF6 98557870 809AF646
8479CF5E B5C84096 07EDD767 D7F17F25
42506636 593D4C4A 861251D0 30AAEDE3
368A549F FCB8E616 8C1200ED C0EC606C
279E189E F7FF2AC7 556B8864 702D029C
3EB7348A 962590AE 01768385 B4B73052
21EBA1A5 69EB57D3 23C8079C 67DB71E6
DDD97399 FBF27D23 5163C51E A6A0457F
79770271 4F1DA8B7 6823F268 F44EA2AD
3E557C18 CBCD3A6A 197FE960 457D1A89
F94389D0 5D6388E7 C9439CDF 5015F7B4
057E0C99 7372B59B 2BD92E84 0D693549
EA31F2A6 89B9F8A3 EA36220C 8871DEA4
BE9B6C57 D090D14E 58C9BCEB 2EB3122C
4D64BD7F C50B5BE4 931DD149 AFDC7907
2ED0B4C2 FD6E2396 1E6E3BFE 73140B07
A1C35F26 96889A02 CFF9B735 6BE24D37
A82FE9B8 BF953B9C 12D2D87A EE795ADF
4F4F8020 25B256BE BCE75935 5B899318
C98ED2C2 FF1A575C ABF3A8FD 0AD7FCB9
6736950B 7CD681DD 2865B0AA 29412482
414503E0 113C5088 E32EE635 BD929E61
3271BEEF 7935BE51 E08C3EBC C7FA6A74
F733C359 D059EDB7 F83FC8BE D03C8964
AFE7EA27 9D26F86B D408498B E325A510
C24167D8 FB547DB1 9EEC70C9 F00BC106
7BD50E04 99FEB3C3 CA17D5AD 1F8A6A05
1DD39B6F 2F61F8C4 145AC81C 4DF51D8E
AFB1E008 996CEA32 E98C9B2E EFDABE96
9F1204D4 65C36B49 AE9F40F5 528A09FB
1167DE21 AC3AC6CA 80176D04 A8ED95DD
8C175682 E1EB0CC3 E75D0B51 7727BED6
32EFC919 44B950E7 9743DB50 F311C099
7D30BB22 FCA13052 1C1D6378 D7635643
6DB177DF 7DC00E00 703A3F07 D7B20FDF
0F861920 451F97DA 877A3EA7 36444F53
98CB1D0A 34E7AB98 08D324C3 C78BF1BF
55391E93 DE3CA031 670EDF46 68D732DB
E4273E36 4F3A18AA F5B6BCB7 4729A2BD
7C3A4942 FE80145A 4D2EE834 951BD19B
397F50C9 CAFFCC85 512E5439 177D2BB7
973CDA35 F70A716D 09055EE1 E78F9F39
DB076A3D 1F9E9CAA D33A401F BF4C58A8
DBFE2A2C 04D7435F 33A93D64 6D7BAF0E
E289C4D9 05F29659 5192566C DB6D6E08
AE71A807 971E3FA7 8682FDBE 06FF6F0A
22E98FC6 D31F686A 120F724D 7005CC43
AE362C2A 0A6F2E99 ABD85137 A2F45068
1445B386 86A4CC53 47B21E5C CF32E486
9F90FCCE D3A9C8D6 410EA69A 51D7FCA6
078BCC47 DE019713 5C01DDEF FCA88786
00CFF76D 5BEA6EE2 AA607607 C89D1E92
E6E258B1 E3E8F418 521F7BFA EDDECEFA
8297C67A B9E321D1 700E369E 72FB25B9
B1A39BBC A7B81BEF C34E99CE F2B41258
E2A0B19C E4DEB4A6 574B8DC8 3964529D
292D325D 2D08B6EE 4F540C76 8CF4DB6F
B2A7B96C CDF49502 F6CEB36A 2DC1ACC8
D583A9CE 09CCA862 3F6C4BE9 CFA618C5
03739DF9 3E1294C5 05D8CEA6 48044DC8
77018D2E 9FECD2DC ED5A2387 91D25605
3ECEA208 5CD36FBB C0D533F1 14AA584A
31F71269 B8EB0573 185A4F19 745BA339
8E0B0EE9 F2392899 842DDAAF 4112D27B
C4930758 DE6BD28B 8D3EF84E CB780891
747B2168 7EBABF0B 1DF43199 737CB826
19D9BEEF B3C26DA4 D01AD4F8 C324B4CF
71819B96 69BCF109 EB2E2C17 3B607E67
2CFE34B4 DBFF89C9 7F799939 84E95049
1ED5C60A 42FD9E89 DB145A07 3CF67EEB
42C4A5FD 8F7F77F9 9DB9F546 F8D265BA
C2725E9D 56C304B1 6C1CDF19 DEE66C9E
C2FE8FB6 E111D930 B237C71E 7B184585
B8225370 1B1B1F16 0A0B7D06 E47F1834
A34505DE 72EE89DF FA07948F C21572E6
01775C99 53F6C58A 20D12B2C EC3829C9
C1A13CA7 CD35B8E1 6C26A226 51627EB6
7A8B32D0 9A12C357 59C1B890 2E89BA24
D18C94EC 48AF1B77 825BD908 27DCF181
0E0434E0 BD32628E 0E6E7F76 F1011F7E
A3838F26 D688CC60 B325B716 25E085F8
A0FB69B8 BBF3B919 42B92AB9 CE3C580A
354B337E 8F20CB48 6F4EA1AD 6D235CCF
4313104A 7B66FFC4 DB5EB42F 9F0064C8
1D3FBF01 DD2458A3 290623C1 45DD5257
0E8325A4 F69B83B9 7711FAF2 9B12197A
C257557B 54AAD22C 187D9FD5 315BC4AC
6E0493C3 718C68EA E76DCF07 402296F8
A129D41B 125A1554 8BDA2766 DDAB8CB9
14F97592 B48A188E 1CE76010 16A754C2
0D6807B7 BBE8D61F 2A35911D 9F168CB6
828ED62E 7B0E6EBA 2A55C263 5B005F95
254D573D 5758A5CB 594FA1A9 EC5A362D
56BB26EF A0CF1812 1DE1A464 31F192F1
52B668C1 1CA49956 45687FB5 75D862B7
6F909341 F0BAE4EB 12AF9A64 8D268371
2176CAF2 981E39BA 3D4A66E2 E80D86D3
581E3A4D B9529BDB B8AC7389 57E97253
2A4C57D2 462E640F EBC76214 386F3718
FB89DE49 2BF66FA3 73831950 9D2ADCE5
EEC4D824 A92EFC89 E6D40A8C 6CBBCE74
2260B7B8 0A99BED4 A53BE08A 19F9AE6E
868DBE9E 09FEB1D0 AA41721D CAF0AB91
E896EBC9 0853D9E0 2B88DE62 9A5C8BF1
AAA7A86D 6754965D 97238B7F 1EDA2708
53A7C11E 099F8AC0 B0CBD97E FB05A9B1
41791DC3 EED952D5 645BAE79 94EAE70E
D2C95708 F9CDABB3 F137B145 13AB9696
AADE2553 F18DE34B 56781C6E AC9A90DA
CC08811E AD2F945B 527EA6A3 C27E4EBC
BE609F5C 1C78FF88 E7BD8693 09A64CD5
5594F91D CD9C8520 B1F78568 08FCEE20
9764399F 0355F36A 3E990F6A 1E85DF9E
BBA0134C 01292AFC AD45C824 8C6380F1
E7A0C3FB 5D407E85 8BCD9101 0F131369
CF27B64F 2F32ED86 6644EDBD C44A75D9
E638BC57 5CF9CB45 89626181 87676A36
1A8F62EC 8937A6DC B1F8E9E1 33D59264
B73BE549 21D43B71 196358F9 518BA1AC
69898EE1 F26A58DC 872E12AD 901391A3
0ABB47C9 DABF05AC 57D8A466 486FA619
5AE0A4AC 6ED289DD B7F83B95 3E39CA11
88295103 74992E19 D9CC1276 D0722B73
84C366F8 8788E41B 2411EBDB 2F9ABE14
810D58E6 6499756D 14EE41DA E026C275
F18FFB8A E91D30BF C4B8B534 83CFF17D
6A2D8801 9182EB53 B7E50579 0B351015
08E070DE 953FB088 97588C1C AF62DD57
E88602BF C3AF05B7 8C96599A AA28AED8
1DE72CCE C21CC2A6 7B3E905C 1D34ABC0
418A5FE3 5E3841A8 F6B96C4B 147AC533
8D8E5D31 AC19FCF8 9E3BD83B E23E6693
0BCF564F 682D63E6 0CB8D863 F08E0316
CDA29CBB B5731F37 3D522B20 AF8939AB
CE2ABB04 76D9A5A0 ECCC8930 C7324A78
7C531297 DFE6CD38 2C77B388 94A3ADA3
DF226407 4CB240B1 6A6221A1 CBE61819
5CC8F43D 031BB37F 831116AC 006A05B7
9D27D0F8 973FA18D 84E74CBC BA905602
A0ABBA11 A53571A9 E2C3BF9E 0F35F2E8
6720B027 A56FC085 5EFCFC74 616A8D1B
2AA78549 275BEEB0 CD3A745D 2CB11F07
6BED5366 C707AF56 B80867BD FF7B2372
C6A7D49E 547A57ED 2A6B75FA E7E41754
CCFF9D3A DD0DFAE5 802BFCBC 0A6519E2
FE7651A2 FF471064 FEE386D9 716C973D
EEE68313 07A479BD F4C9F2D6 A3C7A896
EAAD0D04 334F1945 4F892BDE D2C25713
10DA48B3 77EEA447 26DEE883 6D1CC978
640249F9 3AB68656 A1CFC984 A189D4D5
0208EF68 2B22D301 767D8AF1 DF30CFBC
A19F9CDF 8867F256 148EBAA2 D35B4F94
C32ABE30 2C775D5B E8DF7CA5 6BD42E5B
96DC08BC 25D2CF65 93D45827 2C8383B8
7FE831F7 556C2974 715E31F4 3A0D8215
9B28C350 35B7C805 D69A312C 6C79A10E
C33B5173 7EC0EA5A A3FE5606 C27C54C2
C3702F59 0D217AF0 6742C03A D1657D79
1445C079 F647E7E9 7E307F6A 5BAC1F0B
B8167205 8B8496EB B5446EE1 4EF85F5E
A3C86C3B 8F452E34 A642196A 1D524695
B18C13C5 9281706E ADD9D5B6 733E1C1B
E98E823A 15BC238C 96191B51 2F45797B
94E1E5A0 FE23CC9B 26831ADC 7467A08B
91653B01 17052A22 A8E5F91E 137BAF12
9D004087 3DCF2E9D FED18D41 DA482AF5
41B25881 7485E1F8 5881CC48 D80E9CF1
53951334 A379590F A6D02491 F81786BC
9C384E92 3BEB5887 6710C8E1 10C6D8BD
4310EA26 B43CA06C CC212BEE 00E6DFDB
ACC32B68 86FF3238 D6DA5812 63D75451
D4FDEBB6 A6589009 26ABAF0A AF6746F3
F8ADF473 B2912784 66BFDE53 188BAD87
A9F0A95C 7F884E35 DB76091B 9944FFA8
265A038A CB5424AC DE1684E1 DD820E4E
7A775322 6E150B81 BD2D27FA A2DE4620
74546186 DE57C98A 4AB98022 1607DB54
EB710F33 116EA7AB F1C2AB45 647C4674
BD9A53D0 AC49BCBD 77A4E305 6EB59239
F8E9E88F 506B11E3 44AB6D8E FE6B013A
C222E078 2E2224F0 0B941E00 897B2DAA
E82D2932 1798BDCF E60EB96B 5C1A6B06
C304BCD2 D29A20E8 4D11AC43 89FCED6B
18F6A80B 0EC64EDD 4ED009DB 5E135648
964AF816 F3E5CD4B D2E99E8D D3031514
10AE81B6 B4E5E0AC 269AB0BE E2406F0E
76E8F2D6 C52566CA 30CD9E7F BAB885E9
26809534 2D6109C9 E124B7D2 D4C12291
E9277D27 85708328 EFD7DFF3 4C3AC49E
F31A6194 EAD0D2B1 BDD944CF 6250F385
1FA97492 FD9FD101 178195B1 D38A41AF
32EF0DC2 0B3395D3 AEBA7AC6 26E0B545
1D48E529 7670B704 65055ADA EB93B753
BE47AE0B 8BFE7BA4 0D6479F0 18F02F47
6B903C7D 2B797755 C8591F43 B3A946D5
50E0F14B E903E173 4B4FB399 176BF489
DCA0C87F B0B679BF 2D7ED642 605C0DE8
400077E5 AD18F763 E07BA4E4 4D9C6625
A2D89966 467A6BBC 6E520EC8 C341C58B
4B1ACE49 B9C2E534 FD21A6DD 9E11A50D
29156844 97F3EE7B C36B3213 37C59F6A
A3A4EC6D 951C305E 6855FF8C 9F2C6810
8E622427 BE34C99D 5902ED33 136CAFAF
1F06067C 55AFEF0A BDB90ABF 4B8AFC72
313EC8B8 C1BF037D 9AFEACE4 CE94124C
C55BBEA5 A5F58C10 4F4E9B0A C075FC57
00632789 28C70F4B 615CB273 F3862554
35A4BE33 B3406825 4DA3BC3D A0162C4D
EF0B85F3 FC61A315 A6558CE3 341ACEE9
1D5E12B8 FC4917F0 0938EEEB A11D00DA
98F4139E 88CC2463 27D43026 6AC11AED
0C2AB4A8 44475F28 0974C9AA A7DD8E9D
0E370F2A 4E26EBDF 70858C87 6FC66B45
D178B0AF 30BD06B1 1FF35C9E 934EB553
2D5B1206 3FC10433 B4373624 3FFA353A
1F59736A 223543D2 C20A7055 087FDD61
793CE8E8 F6CB649E 86B7BAB4 CFBBA3A9
6F7591E6 4016EAC6 D820FB32 549AF15E
AC95CBB2 45014F1B 2881DECD C191DEF0
A78F4C55 731366FB 26D0BD93 1E045F95
5E41A2CE D7FCDD24 29C761A8 BDC5C135
3ED7ED88 9896648B AD0AEDE6 AD94B625
FD0F557D 1128F201 8BCD5DBC E775838D
4B42CE5C C065F3B8 5C07D17A 90B43B98
4B273223 B21EC5AD 312D2CBA 22E52D61
D6DBB048 CCD79C65 9DEE44CF 1FEADB30
58BB878B CB3C92C9 4B043137 36C847A6
2858D875 8C8D6733 E7857727 BCA9B758
EFC74EFB 8882AD2B B7CAD172 6A308CD0
CB1ECFB2 8544949C CF711F17 C5FEAE88
A2688923 E8EAFB0F E884F6AF 08617E02
575A351B 27D515F3 7C958512 DB3424AF
B253FFE1 23553271 4A2C0E66 C98DFBBE
136A31C4 0905697C 0C86A422 05F29481
38AF9C4C C4957366 05CDC920 6200B998
34B0CD70 CC4B2566 7D4F3660 03AECB47
906B7640 AA75A53D 84065C50 048C9F2E
90DF50A0 6660F1B4 7311D887 575B85F2
CA9E1424 77BB969D 708C0FCA 0E64CD05
091881A4 8B498A10 D001DA4A 19509B31
895D1A8B 729F3BBD 5B739368 063D17E8
81E15424 E92CC06D 33E56184 AB2D48D8
5AE41202 286CB327 F74BD1F7 6C45025C
DC9C3B2D 05D64F0C BDED651C EEDA836E
E3E33CB9 074EB009 D30D4C37 29B64EF4
9A0CF834 B7063D3D 1EAD69DD 82CA8B3A
F5C97920 99122843 EEA1D3A7 5ABFF7E3
B1EF24A0 2CA50390 BAD80891 3A211EC6
37641FDE 61CD9DC1 B4931A61 6C85D7A8
5BB62996 5E804398 346E6B99 52971579
19FE7509 F4CAB145 C4E04B9C 110539BF
DD4ECB60 20E91D31 F3679B98 7D7F84C4
C2917737 AA341F79 EBB2C414 C113674A
2558DD3C 5C50C9D6 C66FC938 065D5616
0060BC11 C31CDECA 75D034F1 39CE0E76
ACF4F1E7 5B48137C 3BFA6FEF FC8CF2C6
BAF0D130 AF659F5B 52AD083F 9D3863CC
8DA66BF7 B2686FB5 BEABA567 BC471C11
FD76A1F1 15D1811A 35E6A3C0 2A7855E1
BA782962 F429B654 9CD42038 A021A3E8
812A75A6 4C507968 20A40FA5 D16C3C26
35AB2286 EFAF7E80 47825CDC 8708C1C0
849C6621 CC69E6DE 3870CB6B 7D89461A
3F563853 5BA9FAC9 50F56B3D 40CBDECA
5A8D96BA 9A1F46B6 A1F07822 291A279D
A49C3A36 52E81843 CF62A6C0 C66E161E
BAFEB7D3 3E6A4A92 600534EB 6E50356E
EA527DDF 0399A031 FC3C2315 BE7EE38E
3B9E0DA2 070EA916 51B87F3D B232194D
028AE62B 090593C2 92DF8CF0 132C4809
B383453F 1B646C47 0168C222 96D4A3FD
10411AD1 C535692B C2ECD24A 0702C1CA
74978F6E 3D30E9FB E8F8175B E03E0CBA
88F75DA9 BF94BC8B AF45E701 A17F9096
A1B40E23 0A53C422 2BFA6866 DEC0FD4B
36216312 46471DFB 1B38C5CE 2311052A
794DE112 58FB5E1A E6F12AAA C039CC35
FEC3D847 EF00CBC0 6812B2FD D13B5BB4
0A5715B8 C652C257 9A0E4AF9 E52B584E
F8C3623D E1338669 8635B46E 35496BFC
25B44046 6827E1C7 28C20FF0 AF895216
AE208B52 E9EAC139 F30823DF 6E93FA64
3D364622 9E9C589F 23AEFB4D 632FA421
CDD29181 AD9047C8 36D9C6DB 53D83103
C768DF4B 15845244 37F6C6B5 207557FF
1862B6CB F754CDA5 AA76F7F4 2B4146B8
9A3E1784 2D75DB1A 40E744E0 57316899
B34B23C0 EE7DCB2A 04BFC61D 9110593F
150416E5 FADAE325 7589465E 09185770
E2059D59 269F7C90 DDE101C9 1E1ADF2A
9D69BAA9 93DB8652 469EB5EB 4EB6DCC5
20B52BBF F66880CE 334C043C BE1333B2
07FA340D D6D137D0 BFEB8BF5 094B305B
FE0D0A02 25FA078F 4E246E45 F6A6BB89
F3FE69EF 87816E46 BCA8E568 F58EC55A
C35B1CB2 D6A02E83 C0BD4999 E1E6BFB8
547E179E 019F4C02 B8F2E60E EA3E4995
A46C26E3 6720391F CE6A98A1 C2711616
8997C486 50B89E64 44F5A83B 7F5CF14F
1F512539 860998B1 8C688180 E4D3857E
E1A7DEDD 2BDBF3F0 97E9CA36 3B487B3E
9794B93C C136196F 3E7A03C8 93CBAA00
6B535580 D9804D6A 27140408 54AD8C41
13A973E4 68758A19 B75E28D7 3A133792
5706086D 3D209B8A 70D0F8D5 841AF091
CBFD67B1 5E24B20C 83C1E755 C432C3DB
76059566 A8E19E21 67CAA084 B6F70D09
0CABD090 FE1EAEE1 8387E2C7 742A3C94
8D089FAA 096452A2 905692C5 220DDEB7
30BFE07B F46432B4 E0C00246 48779914
912DF18D 71CAE954 0377CFB8 822B03D6
7FC4658B 4443FFF6 419D2F5A 510D9179
9B2345BC 154661E0 7D28A0D9 AC59D8B7
C69FCC1F C754F441 E2B9405B 4A8EDBF3
6AE49C76 BD65B7BB 31A1ABD0 B0DB5BA3
F24E1088 0A8E07A6 FF3641AD D5828CF8
BA12D5BE 6FAC78A9 210423C6 A1A51C3E
514234C1 8185C497 57FBCF43 ED115042
804E5363 0B458D6D 26C51B74 03111CF0
7A95E775 554CC536 54348EB5 545B8E51
19C1497B D0245874 A27979ED 17699768
DDF53A2C DA3E6EB9 7557D296 6E8860D9
F3B15481 AA30378F CCE6E375 E104AF59
1EB0F3FF C3E08913 6DB7C8CA 9893B767
C15CDB04 58D4F7E1 0BEF931A 9ECAA353
B6E28AFC 6AD4157D 1825A824 D7897D79
EA00C85D 7FABE071 D6324FEA D84CDD09
A5320D22 A38E92FD 51CF7DC9 A6C8B6B2
95B6D3A1 E1175C81 80EB9D34 531D8EFD
75E76CE2 1DED424D FC440AAC DC605796
E82CCFF7 DE128F60 903BB802 A95C57A5
2FA7A725 D62D0277 566D8D4B 0C81332F
9CBED052 ADD0B2B9 2F8079DE 9DB0837E
3EBE9CCF EB70170F 900CF67A E9BB6329
977330D1 DA3A286A EFACE8BF C5ACC46C
72D24F4D A866931B DD9F2812 A2C651BE
8E9E13C1 610C9565 BB810651 4BF6593F
2D36E646 93D1FB6C 07DE1A72 2CA115C5
36B012D8 0F8BB043 41E8940E 2DC232C1
1618B06C 69E7B8E0 34F000D8 CC813A3B
4D409FE0 D67D9FA1 8D578232 91459A43
B26CC03C 46A6127D 96A37CF3 53F53106
370C41E1 FF93366A AA932AB1 70F1DD2B
012FAFCE 05BFD497 04A0751E 1A333C10
79962D5F 4455757C 57B94CA4 2F92F8D6
FDC03DCA D444B81A 3E696152 52E4777D
DA075390 B628648B EBCF5716 5222140B
3BC926BC FE1AAC30 95838B38 E472C4D9
2EC0570E 7F6798C5 B2DEB22C AAA3C545
7F72278A 30EF1888 3BF54B53 9AC1BABA
4C955ED3 2D90B401 BB61E701 D5EA1875
9EF13F87 D035112F 2AD1DABC 713F05A4
E637EBF3 66574005 74EFC524 CC06EB15
C75D1388 A8EB8AD3 3CF0D9E1 6974C11B
C2EE90E7 D350CC54 D7F00701 EA784F3E
B487F83A A61D454B E9ACC32C 96EE20BD
FA280CD7 D4C302FC A77094F1 DBA52FE9
400DCC85 A7ABAF69 E658632C 78284EE6
C4F190EF 7F41F492 640329E7 370B182A
6810A821 769783C2 DC53B23B B0AF65EE
F47BA13B E79E5571 729B384D 95D981BC
0F3E7984 E60F926A DA974EE7 4A0B9204
7C7CC841 22CBAAC6 779824AA BF99A24D
FCC1880E 49E5F642 44223DE4 D4CB3A3A
06BA83BB F9438729 D3DDB636 23F71CD2
022B42B6 7B9A9F6C A4B7777B 8AFC0810
FA78BFA2 CF2634F8 55928F5E 68AF8ECA
4B35CEAF 25DE05FD EC100D23 222CAC4E
BC063F9A 48F19D41 56317E47 31D035C5
B95349C6 A0A1498E 47ABEB72 1142AE52
7091EFDE 99ACC5C8 1D7654E4 19C02037
89574F08 161742D9 D4408627 80D47FC8
554D7529 0B647BBE BC64E3D5 77B53C3E
D97EC4D1 B91A6A0D 31C6332C 35D3B0B5
CF9F63B0 CEB85903 30467D26 A4B322ED
3F002AD2 D03CADD6 DA65FA7E A6B333BF
4C7FD34C 97EA6AB7 3D515F77 8CEF293A
575B3517 CA16F59A 19F5769B A88AC128
6E547966 ABC021F6 E6CC2D84 03FF3129
99C983E2 96724842 A2AC28DE C55D8BCB
DA993052 A581B409 DBCEE21C 87383DD4
BC03EAB5 B0CEA362 25B137FB 08534FC2
EB22B663 D987684D A5832F11 8D2AFE1E
006709EC 0E9AA10F EBA60E60 801ABEC7
1E8AA158 BE0AB44F C1CF676D 4ED7DBCB
2040436A 144DC887 24E6B63E 5BE0C446
287EA0C0 6C22601C 0A072593 425FE282
E79C1F59 9AE2E1A7 DE6558B5 3CF8EF0D
6A5E54D0 3F2EF7E2 8F5ECCA9 CEF26794
462F12EC C027DCE0 4FD884F2 3584AA53
900CCDC1 F96B092C B48A117F 73E1E911
220857F5 3C3B286D 33ECEEA7 FEB309D4
53E2AD3A 04131F8B C5AC79DE 2903AB62
566F5DDD E8F02075 5776C4A0 3C9D145B
50AE4291 79209719 E34B34ED AF147A94
B61E7CE7 3E202C96 BAED729F 7286279C
66D39F0F EE5D1808 800804AD BACA8297
12BA3F3A 05937781 8DC70AD1 1008B82B
B2ABE429 3082384F 86446D1A B4DE11AD
0D9027C8 B17C0AC5 67365259 F6719D7D
BDC6D7A9 194D33E1 60B4CAE2 08352A14
1CFC7CCE 8AF56C9C 8F779BF1 85DD9DEB
BFE8DA39 2506BF6F 485342C0 437BDB9C
7EEE5243 39BE5D61 7AA38FF0 5196DD89
E64DF75E 88366F4D 80D1E581 9158A1F3
58E34CC9 B694C43C 9A3C0787 1E9D19A2
CE08B58F 7C7079B0 A151168B A9CF83BF
45D4F9CF E366ABB2 B2A35BEA A5CB6E8C
9E26C421 F4A69668 1C243D0E 5A3DE26E
12C2D183 EE7E4825 ECFE5C0B 8992C4BC
F4FFC7E3 EF734BBA CDABC97E 11EFD40D
BBD9331E F22938DF D6E87247 1602C0BF
1278B1C0 F843A11C 99BA6EAD 3479817C
25660E88 0974B966 68DCBD60 7C33E03E
D2666978 18C8E428 DD5D6B45 45F5CC35
F9C11F4F C968FF3F 88B38D8D 62DBCB92
CA0329FB 3E3619B1 6DE5443B 81C61E39
C49E4E49 B4595F5C 8DCE846D 29AA629A
227A1C9F 9CCBFA10 2479FCFF DDD87581
66CAF54E C42F7279 F20955DD 4BF37462
3BF01358 2BDE595E 75420EAD F00813B3
4444C342 CF5C4D0B 1CDF2349 D0C16665
13A87370 F64A623B DEBA3694 0CE39A06
0D02B30E C4330EED 9C278E99 D65AEBB9
8DB45454 7C8AFCFA 2F914319 427F1AB2
08054625 22A8DC2A 36E59E6C 5712F635
22954B2A E260ABC2 A0073362 98F378CC
B8665574 226A7955 AE8FB26D 86341A57
324F4F25 EF248FA6 9884E09A 0309FC41
1BF3FE99 37AC87FF 7A01449E 0685353C
422F5239 1328C868 C0EA2693 B00BF67E
0153375D 8519E6C2 9AA610BD 5F1CA9A4
3A4EC15F 0F2A7796 ABAD6B58 C2AB2485
F767EE37 E290BCB1 0CC456EA 18B6851A
5093F7A6 5916F4C4 882983E1 70FAE5DE
5D059F46 F479BA12 1A9759FE 4A482952
D68B1854 8D9BA277 6F0C45EA 8C8C154E
A4E55429 3630989D 5B8DC83E 69B90AF2
8CC3E95B CB983446 BEB4B679 FE4B8DAF
B5D04EF9 42AD7DF8 49DAFF8B 315832A6
E47E9966 1D46896E 3CE0ED2B 5C4CCE44
55FB47EB 93E55E8C 70CEE60E 241F05B9
3DD2BA81 D04F3664 DCB8AF4B FF38BCB6
5233FBE0 1549D045 9E7F8767 D8631A65
5609F1D3 D0038C02 1BD3EC5E C8A1E4F9
E7D337B3 CD6CA547 548DF41B C2F2DF3D
18398DC1 866994DC 6EB76A96 4A4B2DAE
F916C52A AA5CE604 501D6DED CB42FEBC
845193AD 03705770 587792CC F8114EE0
A65ADF64 E4835D0F 1F2D8AA9 BC6C3F20
7FDC9B60 46A43E42 61ED770C A88971E8
E9773D21 7B44B4DF E3C38094 14A0224D
8E598EE7 7AB5C727 80D17692 9FD2EECE
35E33787 BBA2A5B8 058D3584 79D5FC2C
00007291 FE26D1E9 C4BDEF30 E06CE4AD
1335D947 D1DD7C38 751A5F23 C551B2DE
89401298 E51A7CC6 076BFEBE E334C61C
5DC2656A C0916981 784490D2 18E0C463
CCC49975 AB635898 E193BCD0 4BCE28D6
02BE9D1E 7544E860 7AC19E9B 8376DF89
288E8F94 FF1057AF BD4505BC 7E68A210
34BFCBCE 819B165E 95C11080 25C85241
9C2648ED D1E1BE04 89095FF8 AC77AB2E
98132276 F42157B0 91C5F03A 2EA4A85B
C912E9DB 841293B7 38577E2C AAC92C57
565CC8DD 597C1FEE 29CC7CFD CAFC3B11
4F2AA689 B8C9955D 98628B44 7E1BC8DC
EF76C74E 03B90FD9 D5EDFBDE 7E1CF8EC
AC1BA930 E596173A 7D5268CC 411778D0
16153A0B A4A68215 D0865028 43E7706F
C1C51EA5 C5AC5A5A 35E9B6B4 20DE34AA
81AC3D7B 10ED5DFC AB684181 4E307A42
0F87D348 0208BF40 CD87D4AD E7B0A5C3
878D21A3 5AC2E9C8 DACF1F73 65837CA3
7F1DA9FA 37CB71B3 5C3FC997 1CF51C6A
44561EA6 4E63C597 F8532E5B 1590AB83
4E1518E1 AE88B1A6 65EAFA3D 8E59A75E
5C798D41 C80363EF 3C2E4291 B2C16DE9
664201B7 8EF7CC17 AA6AF2CB F769840F
680668AD 1F5871E0 5EFB677E 5000117D
C0D639BE 6A013DC7 531A9067 E216998F
B9870EC8 C6BC9521 ECD3D793 09679EA5
80DED7FF A67D5B9F A329BD79 B6C83F37
25CC6B96 FF9FF77E EB1C16BD 8360F66F
A56CA43D 70AFB10D 7CF9FFED 7E738BB9
0E73B4DD 03295C91 C0124DD4 E530F6CB
BD1C6A63 46C7E792 64E813BC B6E22B36
77124C03 F2FB3723 7837E378 E3FE09F8
4BFBA172 EADF7AB5 F6615198 B24DB646
04169694 C33A37F2 FB72C28D A9FC58BC
20BA0327 1AD85560 BBC15AE7 96E57D3B
54B57D3A 2C30F8AE 77EE3A18 58C36417
2212EE3C 1EDD8276 E2F0338D D74C0336
C54EDEE1 FF7EF2C1 93F2E453 3C98497D
E6A67CD2 77368BC4 907F9E88 C07FF0A1
898633D2 D8DE048D DBF13B52 8C400683
BC050F0F 9B13BD29 53467566 7FDACDC1
D3DBA04A 1615AA85 2C454A09 936C8B64
1576D0E4 F1BB908F F39ED43F C51E38DB
FF9856F1 FD9C7F18 73F1917C 8E830EBC
65DAED2A 08BDB20B 83CAB429 1CDC38CF
D747C394 4A22BE5B 296DBAB2 1880919C
F4A5F657 A9BDE7FA 94D0FA03 087E6F56
7145A983 15A1A9A8 10D2347C 347C8AE0
8C33EF09 AD452024 B5354E2A 2EE6A399
578A74CE 9C4F0AD5 095A8062 7B0432B2
EA548D53 04253CBB B9ED6094 BC432B6A
FE8C1641 0BA62735 DF3291AB 0D20CCEC
E907DF3C C92CF92B 22152BA7 64F41C64
3508D28F 0A95DCF6 49EB12D2 0808DC44
8C079214 383A85DB A1755315 CA701B01
2094E7D9 2C5ED8A4 25008EF6 D4DB8A71
39312A7A B8048464 87B9BBB5 1EF81B4B
DBD689DC 11DFE6CA B0D71BD6 FE19C9F8
3C93B2AB 586DBF8C FE8B79BA 42F909E3
50511109 57EBC54C 70B1620B C3A5FF7F
22EBEBA8 F2F3C63F 1AFB25D0 0D2E309D
55E91A84 6A7C2CE5 37369670 11DF1327
5C2075C6 0EC45E98 04E80595 62DB5215
403C0C32 36C46047 C82EE9A2 844E2DC6
0821BB9B EE230D5B 92F30BD3 335849A7
AC22CCFA F4BF7E99 8B4B669B EB4074C4
ADEBF53C 0560F978 BCE2EBB6 014F90B5
E476D720 223D014C C5F2D64E 1300D001
DC19B337 56563FCF 8C85E183 45AE67B1
443B49AD F21AA3FA DD80588C FD31D8ED
CCA04085 324371F5 8A7D7BB1 4D4AD0BF
41FF3B5B 770D676A 32C6DE9F 459AAE08
E3C2477A 925E8F1A 19DD2D37 1837C458
36E241C1 3E1A42A4 29823647 248D4410
466A5267 F2144ADF 4C12A877 B5EEE70F
EC1B4542 D99163CE 9B274267 03DAB4CE
BCFE5D59 E0A7003C 12ECC4E3 6E3D18F2
C0174CD7 ABAFB050 2236D768 42F5E230
AAA1F158 67D65B89 20F03B8E 43A76CDE
71946135 EDC4CD62 52C68758 A45C299F
1B39189B AD18E073 A6DC07EF 34C5BE63
D097D05C 444C51C4 F3C5DF26 818F1500
E09E9581 C35A39A8 41B2EBC6 99A1D15C
9E414A46 E2696D72 D1FCE562 9EEDBEAB
CAB5F655 4E4DFD48 D108C8CA E885D44D
9FDE98DC EF146FD8 545400DA 7DFA7D30
5AA9D59E 48FC5666 52A3FFA5 C8ECD28B
023FDD77 A46D64FD BF801DAB B639DDD7
1AC1DD21 9B7733FD DFD3E64E 6786FCAE
A0E7B842 7A8511FA 56ABCF21 D3C3CED5
0B2DB325 DB89E867 43A6CA3A 55FF1F96
FC4E7CEA 38B4BF39 E3AED905 35CEE83E
98CB63CC 34375949 60331C57 D5A0667F
41E31AF3 30ABE297 1375532A 7F75C6D7
7FF14858 266737E8 5FCCF21F D39E0AF3
EAD67B1B 35854025 D2C0A7A2 A749AA28
B4C00377 76205F32 289C534F 9D47CFC2
9AA0A444 1FCC23EC FA12E8EE 4B0C1AFA
755EEA91 7E39A82B AB0E6C7C FE3EF4E1
F3D4D36E 51F57FD6 B3297D22 970D8F48
4C595411 7D623D21 55843C7A 4F556289
EE393CFE 6EEAF944 12872FDF 1DAD773B
41E8BAFD 4B6B367E 1FAD9A7F 2088E05A
FE7CED23 43DB73FF 3D755520 F632DC6F
B4933455 C2841C71 C9EC7278 D5AF6984
BD3D9EDA D86948B8 1819D6FA 16C4368E
997EA1FF 58D52226 6AEE91ED 6E38B401
967289D3 BE50F4AD 4DFA2892 CE9178AC
6F71BE7C 3A43EA56 319D6F2C 206B5E85
1FA92258 00935375 6DD318F2 16A7BC42
0CD3BACD F420C6F6 11144145 68C8DB0D
0C45C2F4 5F792ACD B5C4F866 65339202
57DEC8FC 9C38333D D5201752 F98B4091
0C7E55AD 9AC0B15F CF2D7F9C 1E73DBC3
9D687B5A BBE9EA62 BAC4C3D3 0B47BED1
24F78609 703C15C7 2BD38ECC FA145144
1F59554E 1CD56FBC ECC73281 912A3805
254220C1 97B2A83E 40815D5E 2E76C165
0107FA87 522CFB76 98D9575F 3C5BE53D
D69A9ECF F1273EEA 9FA8FB3D 41931E18
C4CBDFCA 9E6A4CA9 990D64DF 697408D3
547D03B8 B6DB8DC1 7C86103E C282BB61
DA43A8BC 5A315FDC BD590FB5 56EC455B
417178B1 10B0FF95 60C8F297 F67E5003
9525524A 6CA35874 16667115 3237C3A7
54BBAED1 D03DE3D3 22D22107 B9A31AA7
55B696F1 41C45320 4D6F934A 97F11995
D2981003 F8EE702A 82469F9C FF0005F4
81C84962 068A80BE 4E04719F F847DCF9
14EA4B0D 2A95FF93 F2A85A3F 021DDA22
4C6CB4DD C0501E85 D5963D15 61F689C4
3F091330 C5C79B01 E935B90F E2C10ABC
E88EC1F3 EDAEF0FF BDCC887A 8C4AA24A
E825996C 76282699 9B0D62FC 824B1BBD
44912752 CAFCB65B F62CA2B3 29E66F06
B7FE3580 2BE78395 6B174569 1BBC6F71
6E40B3F7 8C444A18 5C882EEA A77ED355
375EF084 896E4A3C B9FAC180 1CB0D5B5
4AF859DF 8C2C708C FE0AF9C3 B8C0E52A
ABD39C10 BDCD24F4 D9585725 C399169E
27FE8788 FAACAAF2 573B23E4 64EC912F
84C79759 B1002436 B6262091 C98346C0
FC4B9AD7 D1E58B05 6A6F7A6C 2365DE54
FC30A749 FCB7A7C5 27FCA22B 1064DB75
016BDCFD CB40FAFC 7D44FB8C 23D5342D
2807794C A19278B2 3DE7E614 799C38B8
B9A03AFC 5F6AA641 909F8A98 AF078AF4
48A1112F 02D71380 196ACD7E 9C367337
8FA25417 C04C66ED 87DB7FD3 87286242
29F5C018 D4879A7D DF21E08D FA2625B9
6994B0BA CBF49C70 BF7AF49E F89FA5FB
A226CC64 1443A622 D9065D8F 3BA654AC
6CFF752C 4701DDE8 A48EE4CC 3FBD8C55
3BE381A3 53BC7D5F C0B23B87 6AC5CF56
ABD851D2 41E4A871 39474BE5 6B2772C5
881516CB 6331A7C7 2FC81CC2 988C469D
5739CE0E DD9CFF9E 0D552981 15102635
384E61C0 0B926753 48885972 38034963
8D123679 92EAD53F 185C19DD 3DE891AC
754D0BE1 F30CFEA8 068DFA6D 057352F3
4699E6FF BA7A26DF A966FB16 6DF8085B
7CD9A84B 8E9A0CE8 7EE4D43B 76E6C00A
A5461F25 A4DB37B6 446A0218 A176791C
5DD3F800 80DF1A2B A3A6FE39 77EFA01F
89E57151 26252477 87B554DB D228BDCA
C0100D43 7F70385F EB4E510B E259DABC
45374168 729B41BC F1D56A8B 8F055EFE
99675935 AACC9B7F D9B325C4 BFD95B16
3C783C27 FDF7DB93 FABA18A9 5C66DF6F
41B78517 B57FE72D A2420204 EAA98CEF
E0DCC9B3 60879B60 D432F462 499CEBF7
2DB60767 D1ED0757 476C5C4A 32B13B67
88BF8492 ADD1EF32 1469A9F3 155DA272
A696D8F6 AB3C0727 D400FE28 A12F5539
DF7BA458 92F2587B CFB2DAFF 66B4C40F
41AE514D 2109DEB7 FD922981 A2ED79FB
DFD4B795 A88E1DF2 B691B7D2 A3B6747F
3B366A52 9570792C 031E4B1A AEC33D85
25DFF1DB 23C3EC42 3DF943E1 6153BD34
CC4E373D 222139C9 851A7E9A B216CD59
18D1D48C 36C65614 AD85FA82 30CF45A5
15AD12E9 50990CED D0C239EA 9963F001
380616C1 C35B45B0 1946DF2E 1D41D33D
48591AC3 B289E47C C244FE87 0C1B888B
438B28D8 D3BA121D AC926307 F5AB46B3
5E610F3D 6A1AFEB9 CEB2F3D7 723BF1D3
B65F7CCD 647B63F8 8D33C5A9 C9A2680A
035B3D1E 9232186E 44C8B25D 451AA4E3
61C82895 6B4D9105 E7326E15 FB6E395A
CC724732 0CC609C0 A19BFF10 56D0B41A
E2A7497D C095F22F 9C04AB4A 1C31CF19
9413BDF6 9EAA3C8D 22F8380B CE5EC5F6
8283B811 952FDB91 6D76FD28 A8445CD5
E1E8D753 E6E9DCBF A5EFF6B1 E9D50472
0EBE57BE 5137CDD8 86622CDC FA4C469E
A3AE62AE 5EDF4668 BD1D40D3 43707A04
61084A08 C50D9808 15F8E5FC AB64424D
9A6BDD17 877B30DA 320C9E1C A3C58575
BFD54E77 AA1C6B43 6FEE5336 229231EE
F691345A F126E5A2 40ABF108 C9E871D5
E15E54EE A82E22F2 EF74C1AA ED4D3F77
8A9DB4DC 8257D536 99C7D049 E18B70DA
E6F9C5D6 0C214CF1 0AC55484 8AC598E6
21FF7FF3 336E0D7D E1D14E7A 96D45715
572CCA04 E57EF526 AC4523A8 956EB920
FEDBCF20 8AD814BE A8AAD514 2D05553B
940E7ACA B006DB3B 18EAF679 ADE19127
23008248 097BFAA8 9F447853 09AE5972
C11AE6E2 BEBEAB89 296FE9A2 6AAE2C19
67150AD1 CED7C9FD AFC80C53 F2FD9A55
0E504C3F 7F1E4C17 E807104C 37AE6F13
250B74DC 8210EFF4 2A106C67 EB3E4FD3
1BCB95DA 672F62D7 D77A69C1 6606930B
D0AFE3CF D39124D2 F9DC5941 AC13B235
F13BF15D 75E31935 2B620816 C7F1790C
41814559 E8B1FD6A D00EB785 07828D3B
CB4C2860 28DFC3CE D01B1795 D6F9BF70
B3438510 C91D5E71 A794D646 E99A8934
C39CAE5F D09606B6 33D959D0 D922000D
BC32ECB8 2E1DADA4 2C5AA514 86D2559C
2FF5152F 4A78BA5F 3969EEB4 75C6DF34
5986F238 885709B6 0C740AF5 3423A0C3
F26F9731 F6AAC97E F2DAF58F BDB91151
1590BE68 D1BA3893 8B74EAE0 263ABB5A
25FBC98B 3F6C0932 7B46CD4A E0CC60B9
42506935 FF8430E9 F5863D71 B03959A9
787B0071 9BF829A5 D31588D2 E9F19048
D655B8F7 57D2CD93 76242790 E8EE2136
3EE0CC59 9C0A6F24 34164C14 E8005E3A
DAC60998 D6ED5291 CEAAA4A5 06B47C13
6269F56C 99ADA6DD C579C9B9 CE3E9827
F38283B0 7127C700 AC5495B2 89D9B917
154F1C45 74811A6F 34F31FFC E6551957
C9EFEB00 5CE02096 151D4DFA A816026A
62543452 2880BAF8 99C555A4 A0E549D0
0460545D 87561D77 BC6C54B3 8D6C6E4D
0B030F2E 1D0C593B 614606C8 868EECB6
A9BA53E8 CEB867F3 A980A3D6 39CDD537
A62A10A1 7ADCD02F 22191938 2551A20A
BE70A6D9 A64FF7D4 2B6572B7 D031DC08
C901E22C DF3036AD 532CB18A 051987FE
9E41D10E 3A6FA19B F22D6B9A AC7450F9
3210EF08 B6538F6F 6D28A029 405B7D20
BD77295C C0CE3A6A CFA86E6D 7EFF9B46
185813C5 226306CE 56A67042 CA818BD7
4A5AF42E BB081152 F902FF0F F237E59A
5F0F3F2E E15F40A9 CCBE0EAF DF4AFA0E
0B72C8BE 269E2B56 453F8504 312E648B
75E86396 6EE093D6 56B31175 D428FAF2
8C21D412 862674AD 72FE782C 0FC1928D
2C80FCF3 A3446E42 70B17EC2 00675EE1
22EE1521 737E55DB 21526C1F 1344C7D1
1C4D4A5E D2F2FE9A 88C14BA0 052DE1A5
BCFFA7C9 F2BAC425 048ACEC6 2D13D53F
BE74785E 1FF3F990 A8E358B9 2FF7D42D
410802E6 F644BEB2 D007C329 878BFAB0
49F0729A C2BF5CF5 CD3F35E2 0B6FA463
7597C278 C4DB4C61 DFD7D206 FAC2E830
18C5629B 8FB945F6 B83B236B 172B304A
FC87A1B2 50A49829 C63B07BB CB71BA26
37ABE741 B3C3389E F7925D94 7FF8F645
97B72F43 8AD3D00A 4F7D68D2 8F697775
05AD6090 F3EFA750 B70FF3BF A9276C6A
E83C79A3 4017267F EA2E261D 15F86A7F
961A53A1 2A643870 01126029 47DBF781
90F9B8F7 5D6F391B 31F14651 038DF9B3
B560F97B 6AD1E971 E96766B0 6A5510A1
DC328659 FE30F18B 695A6CD2 C2406523
DD329C2C C797C106 61112184 37690045
3FC5A2C4 77DA817F EA211E9F 3CB51513
0B3636DE F5C64EEE 1950EE95 B549C138
A8074E68 F31862F9 9DAA4CF4 00139A18
E69C4EDA 9E72DD0D B167F096 A37BC8C1
EE3301A0 96D28D03 47AC0079 7B73E80F
6506E139 94518C67 C8562E02 92ADD4FB
F1F8EA07 10AD434A 932FD7AB 706A6E6A
9CC940D9 6AB23CA3 BD21BC40 44A36748
EEB83CC3 DE38F051 15A3B84C 2B3D6FD4
F718699F 237E30DF 329C93B6 458179A8
E9F67D31 3ED9B73A BCDBF5AA 6652EA29
C650B7B7 63C08460 EAED9219 D7F67DE5
0C169B74 E2EF626B 92120D2F EE8D3E9C
04F3FA28 8611606A 27C8EF68 31E8A189
7408F548 E42033C5 C03AD177 1382C691
1F3C43D9 3AEF035C F1804CD4 2A89014D
C17518A7 3DEC8ADC 7C7EF656 934761CB
2CCF5B34 1F5234BC EDF00467 DF23787C
19DAEB6F 0EDCF17A D449CDD4 25DB6A43
4C7C78E9 A8BF3017 8C7F0A78 925A1BE5
673D9541 EC08FA62 B84EB22E 158AA7A7
E6EDE8AA 572EF334 C53B4DFF 9261999F
72F734CE 2A64A16B FCFA1D7D A4CA55D0
F1805B56 F6E903D2 3AB14FC4 BDEB137C
89C2DE0B 16FF3EB0 F9968D00 F5E6E972
A200EFCB 0F950BB8 98D1F8F9 D0293AB0
5B8D2F6F 92B0CC0D A652A594 89413A91
425D492E 499ECB24 AF7D486E 2CC40E62
70ECAC2A C511BE54 AE047C25 F36FF400
4A74909E 9616689F 112165D8 90C95623
F7CC1891 CAAA678A BA220429 CB0A04EF
999A9D5E 4F28780B 612423C5 30E51FBF
15FB36C9 CBB5C482 77DC5EC2 8D37D4D3
CD4AE227 09499D69 2ACCB194 83B03ED0
7B10F371 F45DC026 7235CF35 F0028775
9BC1282A D8054030 A63079A5 174FBF6B
DDD49A0C 484EA7F9 F1F1D644 541C7018
C69EDE33 AD794A0D B4EB7E76 1BCEAD52
380DE711 A34DB55B E11AD84D 12169197
C65E8252 B2E2EECF 3EAC4954 9E8D868E
4133CA36 3C5E8258 A256274B B75BDD9A
22C8CCA0 59528214 8CE19483 94671BDC
C5E2D43E E8F9EF35 7D4DA540 45D81563
6CA2B8BF 3BBFBBBA E0707BAA 86FCFB2A
3ACFB615 2D1C9669 A62EC0EF 4CEFA432
DDCB3624 9C3A3838 E374B889 CF82B10D
1AFD6BD8 9465DD6D 142DA30E 75B9238A
499A2701 814421E6 CFA7C50E 4B1EA7CB
EEEBA51F 4FF13A76 B6750A59 18CAAFEF
40D32A40 B8F7EE3A 0C2F6331 F8558F52
9D631E4E C32A6E1B 21813859 0AB7730E
C018E7B4 672A099E ECD27902 43BA49AD
ED4EC3B7 12AA8309 46008D40 F67464D6
C3B2C9C6 75100163 234515DE 6E93AA65
2886AC3D 7F57BC37 61C34CCC 68D57134
2B27DA2D F6D1CA78 5B5D2724 34525884
318CE068 50037A7F 6D59C0F3 5148A853
73874840 D72EAAF7 12BAB8B1 38FAC2D1
254122CC E5ACB0D9 A766A857 42239953
2ED48A52 19A23306 65346FD2 63D8A09D
63F3A4A1 5AD00650 4DF83D90 3E70EB53
C1D3EDEB 38AE60AE C301CF98 D7C3AFF6
55CB7E9F ACB8A41D 65C1FEB6 15164D66
F80A87CD A3BF1371 FF3BD53E 1A81432C
2BD31C3D 6D502977 FBFEAA6B 302A18AB
66A5959C 5BD64F7B 8145B611 945F0225
4CA87255 B00FEE35 AF3A19DE 911E2B8F
00438CE5 D4E09B21 FA46E6AB 82945D83
A9C32170 DF56AFBE 1818646B B712EAD9
069905AE 3726AEFD E089A4D9 38FFDAA4
82772440 7E17FF7D 5BD38898 231402DB
75B63FAC 9131D683 417DADA6 0144B62C
027B52E0 00EF9FA0 7CFBBA70 0DB83C76
6B8DC8E3 122E7FEB 395DDD5F 755E8004
A3C3BE51 563CBA9C 3F20AD1B C262BA34
8F4FB9DD E9303B2A A3736D8F F2810A0A
85C00ED6 9AF733E2 5B7175BF 562A21DD
2DDF0F39 ECDB7434 96AB6A1E 26EB251A
D8CBED14 A28D1928 880B333E F467AC77
D8902017 02CC0752 83F51C53 CAA9AD72
C06CCD53 31A4EEE2 EFD04169 FA55EA9D
8E4A8100 D79FF99C ECE7A422 9A0448F5
E3C45735 2C13D15C 3BDAA591 0EDC4B83
BD397D28 9DC5DF18 028F9AED 5768F332
C3858636 007F6366 F551D567 C80E4885
1CDFB131 9C7F9C10 EB096A3F CE98A8E0
3B0F3035 D059DFF1 108CAF88 D6A38A2A
B46AB373 B39BAE1F 061200A9 DBBC67DA
BFA3448D 5D609C2F B2FD08D1 6A1DB040
D8C0A52C CC27AC52 1953CEED 8EC1C00E
AC3B0D2B 52F72B84 81627654 C546E5D7
5991A042 77B80EAB 1EEC6227 A6C5666C
755E3A7D C85573FA D53BDC71 8BF3E63A
8727E43B 5053D39A 4A8B5E40 9586C2F9
62B163C4 C6020656 2EBD2B5B 73FE8F51
926F6A4D E2652AB1 84E7454B D6D4B0EB
F4BB8B0B FB44BEFA 8C4E2F8E E2DEF7B4
F4834F0B 4E941B11 23C0EB32 C7D7717A
05820C52 FB21BA14 49F33119 97A45D7D
8EE552B1 C1BF8DBB 799DC2CB 8EF4797E
A71FF68F ED3DC3DF AB475185 3CC9C5B4
26B05520 EB6C198B 419790A2 880C6ED7
63F584E3 5B45DE5A D9C57832 42F0B2F7
20D51610 1689E429 7B0277AA ED309001
B2D9AFCA 226A7448 150966B6 25C8D015
BAB9A27F 9B2752B7 BC25D9F7 6FF5A17B
A16F60C0 0873708E 92042875 09A4EBEC
0D4FE9DF A15EB5F3 E1C97B32 213F664F
2CC3C8C6 89924481 E1C4BE52 9EF51605
C0C5E901 7CC590AF 053B2D4E 5C7D091D
DCDA964C 62971B01 DC87793A 4D5788E6
E8F24483 E8A76650 C235D555 7B7A30E9
D1B88125 854DB554 F261D0A8 03E8284A
43697E97 9F9E28E5 7723B187 182B4BF3
32CD61A9 294D497C A21A0480 7C10A5E5
16D4F934 01E0FE4A F8CEAFE5 3544D4CD
99FBE6DD C3904F8C 664B8B32 7D82CFA3
88A557F3 ABD73586 E61B1C32 616C134B
3BC8B0D2 C8E0D0A6 90B7B5E8 7F5BB21F
520E6E6A 01AFD4D8 B2FF5E78 188A858B
A177A32E 848838AD EBB7A6B6 7B154D91
33122166 A74E75B5 D80C80CB 5A24CD64
9961D5A4 6B430B43 A9352CB0 05950783
5538AFB7 29779DAB 3C9D3468 B5559775
813F5938 EDE92271 B13F7CAC DA710997
101AD617 23DA9EB3 8B29038D 8D84B943
E476B144 97E5047D 698DD6EC 40D7BC3E
A100AC90 581902D4 390F0355 F78C1AEB
27DBE820 373B1BEA FFAC0F6E 4D04C10C
15FF71C4 D10D59A7 24DD62BA A0631A45
7D93B231 21AFE4AE 95E6231E 178CDD02
31EB0606 A549EFF5 2DD25A76 9AD7B9AA
CEDBBAC6 33608970 8A7D08B5 AC4B77A1
534D3B04 15928ACA 4F3E69CF 7EBA9B1A
D533922B F698D82E BC6B0B24 0FD12DEC
A3BC2D96 FF352A10 A9AED616 80FB0847
47713276 2E258A5D 82F182FE 83ED0B19
01B529A9 CBDE6ECE 5F0E938F 318E0753
6F97FBA0 3290C893 2E754FFC 10F1BA9E
B2E7450E 1EC15205 4055C301 9D274987
796C2BC7 FFAB9A1A 48951E38 155DF556
47FFF849 7087FF04 17B247F2 84F1A8B5
4433BF44 7CC662C5 CEFA65C0 884FEB02
562088B5 A2C256A4 831AEDBC 69365AF9
09965DA9 D39381EC 06E6D4C8 4EB454C7
5868B2E6 93EE44CA 599E3387 228DD3B5
C3AD0E75 1FCEA869 5F9DC52E 898E8CEA
3B8D5B47 5D289752 C4DC7E7F F0F91CF3
9DE8CA74 F6D01047 CFFC8C6A 9EC7A833
040591D3 0EB66D59 A1D3A0F5 10206467
D3901C35 B47FE92C 351C69A5 0C616FFD
6127C024 0CCAD0C8 39579365 F45EC09D
40817888 021970D5 A69786D1 9C509943
79310575 98710A8A AB320F25 13F9111A
E70B05C5 B25A710F DCC4D42C 9002DD69
4CDD6B67 1436A3FC D13D3783 D758745B
768AD85D 441CB68B 9B9EBD09 8F38501C
45FA441D D45DB595 D73B0A3E 75D0291F
7288F876 C4DD8000 FF27A078 45CB347A
E960A187 A2B40B78 A37A945E 4EFC3CDB
E40C9D4F 7D6AF871 9F5EE3FD 13BC4B8C
F36C8500 4FB12EC8 F7B4A2F2 C8906CD2
B4E5E52A 2C550417 69B92551 3C8C8EF7
BF741C83 E9C5ECA3 64DDC2C2 369BF3AE
C9E6B886 556CA776 375D8F45 8D758C1C
4F5D4A2F 706EDE8B 9921FF3A 957E2BFB
008E8546 DC9EA40A B79D2A23 F90BE64A
B6FFB9AF B1E511AC 28EA24DE EFF536DE
828D3314 81633C7C 83509E08 117AA1E8
D2EBE836 0CA32CCB E7F0B38A 368E631B
859C6718 F09FC057 4C3B0903 A127C9EC
FF3D80F7 5AEDE443 9753A7E3 DEEEA2CE
F496F198 7B6D07D0 0F4B69C1 9D090839
B0E9D1B0 C8441723 23F491D8 1B43F281
6D700749 5A1D1C60 DDC3C42C B2501D07
C34CCE7C 5EBF1769 A961C58E 035C5840
01E2D9C4 BAD9D811 058B55DE 8B8DEDEF
251ADB6F CA5933CC 7E9012D5 2D29E5B0
29662EDE F1ADC694 E4069973 BECA0E82
4DF45219 5EAF9E64 B955E8D4 5318AE16
35FD720B 42F7925D 53784D1A 1562B451
208BC6E2 E0926360 AB6F301B EE0F6BCD
95769439 EFD4ADBF 0D82D696 8E2D6338
6C459EF7 712BD210 7BD69026 39538210
93473ECA 41C709F7 12CBB773 D6930100
0AF3165B 9B09066B A8502F7F 18E9D308
371B8AD2 2D2FD7A7 EC45D0B6 5B2B9DF6
4116A35D 2334083F BF528544 AD9C4B93
5C489D88 52413558 C93BD5F1 1E7BF9D3
B5A2999A A3E06222 23AF5668 A7B112A9
5891D31E 7958B401 21CA4EBC DCA94E3B
1B34EEEF DE918447 C00D2104 91B7DD07
316DE2A0 715FCF3D 063156D3 BD1ACC22
49965A48 7F0246C4 B963EC23 CDD9F1A9
0BCFC8CB 361B025B FC475EFD 5093A8AA
EC9C6CA9 D757250F FB7E2A52 4B2EC6D0
76DA2AA8 22B218C5 1D3871DC 3F6CE227
AD74213A 90EEB23D 37DD8E53 BE832345
FFF749C8 F8073689 27FA210C 84BC8D28
B0A0C03A 658603F0 2A979737 15AE0700
91FD7D83 F465898F 7F6B086B 5C25A9ED
C3DEB326 932699FF 996E941D B00BE7F5
2C0FFE60 D49A75E2 EED01DD1 E8EEE3A2
34539C52 754F5923 B0E465AC DE2B45B8
447FE260 46464F54 A417C0C8 F204DAEE
C1DD89E3 0B857AF0 84572853 D99CFADF
3DEC34B0 FC049C37 CCDC3CC0 0684F515
383FE26F D852FBFE 09894AA7 951840F4
77FA0DEF E8F14527 C86EE937 61AD7C77
673C8455 775367EC A75430B9 23FBCDA5
F9499641 7B709EFC E422C6DC 0EAB2833
D81205E9 80FE295D 2B81AA84 21C744D9
EEB42CF0 9F112B7E 4B181ED1 14925B59
0E167625 B23CDE5F DBE86E37 14FCC69B
5364D806 808A7372 D62B8AA3 712BBE6A
DADC70D1 4CA311B7 76F8D06F 6AA003AA
4E6C1352 CC75A4D7 C1848369 DF3D97AC
D1ED5D77 084C37AB E53BF9CE CB806FD1
F2B3F117 5E8D3566 495FF788 EF6B447D
B577B087 A1F18371 D69B947D FF04FDEE
1C4C5E10 692977E1 E217FF63 059D54BD
EE6C5397 638E7C0F 4B4F5053 BB296E24
EE8E9E12 33C73FB3 539C9B53 19607C05
5EB5F622 D8FBFC8E EC4219A9 F8F3C4F1
106927CD 8A94B62C 8537D4B8 2992B65F
1161F2DE 8EEEFF10 6B20FE34 53F03837
E2DDEF69 9051D1E2 6A82DE3A 4E5DCB53
8217A96D 43578D6C CF2B8FFE 7EF92E4B
F221812E 099F7BA6 7FDFDF7E 7FAF993D
E670D630 2C4590BB 2DE9724E FCCB51F2
F25EAC28 52465E9E 8ED3C66C C69F0E98
82119F5B 426C580F 80A6E68E 71972C76
F50BA9C1 8CC6FC36 24CB5DFB 6B11D052
3BF64323 B401890F A6C439F9 0791B6DE
3F152370 5568CA4E 12422825 600BD371
1BD17C19 900F2ED1 EFF838A0 066FA26F
CFFDAD4F E877C170 F57692EE 4E806763
9DE91FE4 AC9A3D94 B43F5E12 C0E09B1A
F4C5747C FC01B896 62133469 DEAF39BB
F8ACFD5C B7F532CA AAE97B3C 140A2BE7
04B3D102 43C1B8A4 77514225 F7584E86
27165944 A6F40FF8 AE78E389 D88943F1
5EDAD201 CF5ACC19 E9732EE2 1D57A6C5
9CEB49B8 92FF738E E20C57CB 375444D4
D98CA300 A26CAF6B B8562465 216C5024
26DD5CE2 8E05651B BEBF680D 816D5FE3
019D539C A94675E2 3BB9682F D38ECEC3
1EDA016F 3186B48C 161C6DB0 BE83C3ED
B8AE83FD CA8C0401 29203D92 AE16D65C
D8C24BD5 7AC61525 E3D60E3F DF329829
79688044 C81B4368 B8EFFAAA 144F65B9
C0612EEF 6EB6309D CDFA2FA2 C7A7CE28
245ADABC 8C5FDC75 51EAC02F 06FDA9C5
C1A7828E 19FD7588 163DC602 83EC3C7F
5C29FEF0 9418CC87 C61FC3F1 F7A721E9
91CC6347 2ABD1156 84B11C5F 9E8AEB8E
A1704917 75EC3E4F BB5C0A4C D64A3FA4
16A24C99 188321B8 77A7E442 9E160D61
B4FB853A 9AC0AB09 2DB93DD3 3E9F5AA5
F4724D22 71CF19A9 0AD84A61 9E268334
E32E6237 6F2CA27E 22B202ED C36E1DC7
DD01357B 18FB2A18 CA1E98F2 C63E39D4
5ADD6292 BC58D82F 3B3BBB08 3F39602A
C1A365C7 DA3FECE5 AFF1BC4F DA4BFF0B
BCC249EA 77C02B45 AB15042E BF285FA8
C7FEC03C 4E6D45BE FC3C65C9 CF8E0963
BC5B96A4 A2EA2F99 69BD2FBD 2303140C
F0D80636 3FE299AB 4E69F542 4A265DDC
C926CE21 B7ABAB2D 4961A04C EA7EFC27
FFA50779 84F23309 23DDBB80 E063BCF1
7C70C185 AA6894E5 245227C9 574C0727
C0C3FE4C 9E585D48 E0B62391 872BF147
79F0E954 EF12EB9E C1B18DFE 691CCDEB
671621EF 7A38D6EC 2B936D02 EC49B4BB
57FF88EC 53453E4D 01597BE8 14139A57
EAC8F521 D9733D8E 912ED932 86356C1C
C7B96B3B A42005EF DC80264D B2667CBF
B4C65900 0A471777 FE147D9A A3837546
C2B834A8 1F771B0D BD28A1DC AD8399D7
027F3D8F 0489FE10 269AB795 3A93C269
F2F7B810 DB1052F4 2CBB9288 E3D304E6
A91C0FAA C3038523 89800438 0DA28C8E
91A1E640 452113BE 6C2A610B A2ABB7A2
56685BCC DF2388BE 422F52EE 6443E51F
D2B1ABAA F8940E8A 0F850716 01E56CC5
367AA1D6 A9B48E01 4289213F DFE24208
8FA61843 4869E464 8E79EABE 808EF5BE
7CBA878E A8AF5EBF 9D0AF6CF BA8D4C14
D81F0D87 EC1FC5D1 1297B5CF F83D706D
E15FD6A1 AEEBE907 2DD6948D 87A57428
1514E7EB 31179D2A C55AB704 B9132357
BF580166 4C40B944 ABB59015 31C73DEB
A13BDF0D FE03D78A 317562FA 45198D6A
26D916C1 A71298C9 3103F4CA 6EF28B2A
B6D87040 CCF39C04 4BE8F944 1F73BA30
A5F6F97B 7FB88CC3 366D982A 485ACD7A
A39E961C AF3F4576 16866430 37C5233A
FB6B273B 5AA29422 A7A72A71 6BB6B4BB
847BE2CE A4F64FF7 5C9F100A D62DCF67
3A36BE02 60F5D9C8 A745CCF2 0EE121A7
CD1F288D 90E588BA 3879E8DC DB5088CD
9106B97A 07DF31E0 24FC20A2 6736396C
BFA18A5C B608B88D 9535ACDC DE554266
5D012F46 9B5426C5 ED99B215 557F7345
37F66926 6EFB5BCD A6010179 D222AD42
0FAA7220 737366D4 1D114141 8D0F9C6A
B2691FE4 6E6B1AE9 A8E15895 02DB911E
C69825E8 BC3B5817 7982E120 A9A26485
0D7BE323 3686A80F 06BB11D5 B0726727
59092B9E 9C3D9BE1 0322B9D6 3C8E516F
1656EAFF DD81E211 AD6E70F5 2C9931FA
6EA4B403 2D2CD0C1 97794E76 40521EBE
D3DCCA1C 1DC57F0F 1456E47B 56E9B1B8
36714CC6 E821AEFE 4D89A787 B00946D3
D4402731 06E104A7 E2E9449F E2B5F856
3A79972A D4050A71 B2479258 BCD2B0C4
FB2C7DD5 67E19F1B F85D7930 CB755EAC
0E69368F F7575696 3D3A2479 D0FAD73B
3787159E DCAEE2B9 9B3FA2A5 A3C9C56A
28DC787A 58436ACF 577E446D F0661725
44BFE83B E9CF98CE 275A97A4 48B826DA
9809F76E 4C418FE6 53C9030E 81A27BD6
C898021F FCE5A437 6859A788 E363E4DF
29F58AF7 4F846A27 5652DAFC 79DAF3EF
B64C762D 7A04F302 CABBC3C0 617F13E1
9213AD70 310FE602 4FC33AB3 45F5DCBB
7755089A F82D0B04 AE0E86DC 59AD4D65
E92B85CE 164DEE60 3C9FF981 91E7CE5B
67FB4045 27B94AAD 5B81112C AE78D36E
1155ECF0 CF6D4594 7D66210A DDE9348C
701321A2 5F09DF6E B196E6B4 F915486C
C07A0592 ADEDADBF 96A55595 A14F4947
DE03886C 62DA1FE8 8AA010CB B67A616A
3B9AC708 692A3907 E01D16F7 AC27C3B4
4D31C64F 53FDCC8C EA158826 A97099AE
FB758454 053CB890 6E0B292D 4390BA35
A41CF628 DB4876B9 4D068490 3CC34CED
0AEA2FB4 0026DB60 894B16D5 F41AF2D8
0E0CBBEA DA2ECEC9 AF4AB817 F79E5C16
ACFE1ADF FE48BCEE A1138773 08AD801E
09BD6A9F 4D1497CC 32572E3D 60E40859
A09D4422 06C16099 7E29927A 405D5C2A
58DCF832 E94FB512 EE830AEA D1F7A775
49CE6A15 72AAEF7F E68ECD33 F86E8F58
E979D1B8 092C4070 357FC751 5446F88C
FE00ED86 98FAB515 CEE70479 15AA8C70
3D6AC27E 0A295B2A 05628B13 B59E17BA
7F3E39A7 CDF7D299 F62B01FC 3553DF28
D7018095 459AA265 237A8F84 813429DA
B6628680 9342A9A3 A5F63F8B A469FC8D
7037758B 5058C34F DA0FAC8F 549CC5DC
1F37052C 4374C90D 25281AE3 31333B5B
9583E2D3 AD2E660B D4A308AC 1606B970
21B83974 6F11519A 0ACA333C AB6A57FE
8AA7AF9D D5E06783 C2ECB0FD 682D95E0
32D915DC D8047D82 3AFDD92B 07604602
10887EFD CE5EF085 7EB6B5DA 77C2F74D
706208DA 47889E48 24FFE4D8 FD128225
07058700 2F70342C 3579D5CC 0CF6DABF
3C27C7C0 A574DD95 3F22AF21 01E3DE25
A99CE148 C4B24A94 E95D5AF8 014F09CF
1A6BD200 90204B7E B8B28421 E4718D11
0660D510 8EE9DEC9 0A9500CA 8627F773
E00A17C9 A08053DB 8D922D60 87F290F0
98DB5AD9 78C43149 ADE01634 1FDAD335
601893BA 29AA8308 A3899DF1 BE9CA587
2652D65E FF34EE5E 2C5E55DD 4AE09654
2F52EA8E F94DCBC1 03480BAE B5698256
3B53C1C0 CE377CB9 1C3ACA77 669220F7
DA8B565B 370B9AE7 267CBC92 E2FDC08E
AF11F59C D37DE491 B3EF795A 7E65BA33
2B5F9F2F A81B01A0 2F46EDEA E3CBA41E
CFE8B4DD BC929667 9DAEF639 3B6FCA21
11FCEA26 16758F6B 9A52CA3F EF9C4561
A71FE5AF 852A73EF C6F136BA ECC0DACC
B7FCB309 074429B1 99CEC598 5D503E7E
A512CA93 34233BB0 BDAD590A 7E319E19
51AFFE6F 98547923 08DDFB00 74131E97
61A03DBD 53CAD174 56D3AF49 A34BE731
586AF51D 2729FFC3 069CEFB0 997856FB
3C26926D 52E07FBB 9EA6D466 008B41BA
86DFDEB6 AD254E98 288F1444 A3908FA6
218B169F FF1CFCFE A9D0DCC5 5A745E31
251E1206 D9EFD624 1E5C25A8 B3838209
72F78FC8 A9D7007D 01F685F2 25913801
D73E46DB F1407F05 ABEC59F8 93753014
770B9152 C461F3AF D127F81E A7A7BD51
490F0872 FC3EA1B5 2D666DEA 62590843
461855D8 2ADE9CC7 8BFE9ED8 777FFA34
EE6092F9 690E4372 B34DD6A6 8E0190FE
A3670F63 2B369474 B9D0164E CC117779
2F6AD437 DE94E5F8 38DC06A9 0520AC65
330B80C1 1A37689E E93A5CF7 35876863
8DAB7467 E201F341 7CE85679 B578B485
31D759C3 917887F8 B6E85AC5 C7B11276
C39B8DBA 988B3461 A133403E 0069861F
76C6D1C2 C2D25B5D EEF21818 57B0D231
B893A9F8 4B2A6160 33DDD5C7 6F3618ED
A730785B 7F11B4D5 68C0EE92 8444C310
5701BF3E 985D7B96 8DC42BA5 175BE904
35E4C690 7C56280F A8C1A053 3A032073
6C864BD9 B3224F77 91717DB1 3D5BF12D
2A4B9EE2 1B2AB299 806159D7 4F3393E2
C49B436E B6BE228D 8D6FE136 EC3B4891
653C0FEB 86DB91CB DFF831D9 33F6EA2A
86D50607 9479707D E4BBDF03 41BF315F
824CBEF9 C5746067 2A1D3094 D2F198A3
DE2A326C D7B0C754 02E85747 1CFB858F
F869B3D9 61607321 BA56C470 1D19861C
600B8BF8 0A28A738 9C6200D1 1D45BA4E
180AD122 CF64DB13 B8638163 9D9663F3
623C6C1C 61778ED8 D2A205FA 44FF5384
40198916 2C75427E 6578CE85 C2AC6F5F
F517280C 0094B2B1 25F71048 6C003341
9CC6C9A8 17724BCC 8069B1AE 6C5D020E
C8F79AB8 295CB518 9754C423 0BDD6CBB
F32C9D71 558A4783 900874B9 832C2F2D
438333A3 C0BB4873 B4869614 6EC8FD2F
1C79FEEC 22BEDBC4 8F9028D6 7A6177F3
3CA3D146 AE48AC4A 9CA46A14 8DA9A2CC
B558719F 16C6E95C 87ACC153 96907F2E
CE254EB4 06F2BFEF 11061513 A190A807
EE6F9813 A9D7D937 1D22B361 D45DBB54
6885CEC0 FF32D9A8 9C0C952A F3A2848D
6212780A BF330CF0 AB84A377 DDE68FF5
CC55888E 7BAC00B5 C9CCAC83 B70C4BCB
896F2FCD 807104DC 9E8518B4 9EBC9022
3000A800 4584974D 572C8D43 F2ED4A41
FE3CE1F9 93D40B62 2A716139 4DF5CA9C
1CE21694 F69F01CD 57DABC74 28EC4E05
9128F980 AF43A188 57AEA135 9E69C448
2B731042 E302C296 9493F61B 80B285EC
80603F3C 8141998F A6659C99 C2B69762
5598382A 4318C616 70478FA4 807C387D
65014E0C B643A927 38C7314F 6193A928
49A46DD8 BF1ED315 5E7D99FC 2F1C5431
C452E96A C46CC698 FC97208C 6E207C94
2907CF88 21A52CAB E6069169 E130AFF6
18FE9B24 D84EFBDD 8B0B8FA5 AF891502
CB0ED20E EFD179F7 7EAEBB05 B1012317
10A269E0 1731C00A F3ACBB59 7A113BEE
1050B440 DFA4ADFE 301E0A42 8149D425
13A98600 D554F5E3 592E2752 2F06BCBD
D3AEDB5D 57D6FBC4 6205626C F2A0189F
51D69932 FFA2FB2E 95D17694 FC770E0F
D61BDF23 543D5793 CE1418F0 1D0446C5
2B807599 D7F44F50 BD357C1F 63DD7396
21CC9BE9 C1C2F41A 3758A378 6806D20B
C2DDBF5B 922837A6 206EC689 84D6B7D9
74A3E930 81ADDA07 A2A58237 26B33B60
B718E5C2 A9F74B8B 21797024 F9A4D5F1
4007B3E3 616F28EB 70C32E72 EDE03A3C
8276D6D4 F121DB79 6165D231 8C982EB7
70AF42F2 0A8E7076 016191EA E7296162
A091DCC5 9B4A0668 0E365268 30A98F59
62D35361 93DFA6FD 72CD9669 72E2D809
CB875861 6FD81B6B 7267AD41 C1E6864F
772FD181 D20CD8B4 B8130BC5 9775AD9D
3A6AC4AB C414A564 8B142E9D 7949B8B2
558ADBBE A01C5F44 873FA280 F14E372C
7D0B7764 C9D8D183 5B719B8F 11866F74
260B458D C1A6BA33 6681D4A7 4D4203A8
B64735F5 EBC4F9E8 4174840E C8B1EB14
ABB04720 231FAAC5 CF4E3827 E0661004
DA4F7718 1D670F99 1ACB1E91 C77B28A9
0B77FEC5 E2984F63 AB28B6C6 3289CB4F
032B666C 28E46CC9 497CDA33 DF267951
5DA34E52 2029C99C BD6395AC 98D9E8B5
2B68BCCE 9882C404 4FEF3D59 5624B15F
229DCED7 0B2C5F19 2C7BF6C1 346A84B2
00C35D8D 074EC17E FB6117BB 49F8F347
25CE0246 9D6C3942 74C35BEA 3186CA2C
5E7FDD58 8A5C30A4 39008CCE E5D373B5
DD8BC7F2 E4485B13 86AD1EBB 66B061FF
739AA574 8AA5CE80 126FD980 21E075D9
876616E3 217E02FB 279CC47E 08F4DA7F
12B836DD 8E735D74 BBC49C12 8D8F2182
91D93859 95CD85F7 5B73C276 2C174087
F55D5D49 61E21DD3 C0C3D798 BE0AEEF0
78216E37 6E2A7566 83D79A16 51BA5C10
E160BE8E 4CACA237 C9E8757F 9395AA07
2820F55A 3314C652 64555075 0A49C547
20ECEE5B 1F0257B9 1FC04EB7 F02D26F4
D4015D6B A4057C20 C5FDA160 701545C1
1C85CCA1 369D823C 0A031BFB 5AB0F893
CBE6E105 128B8F73 BE624A3A B0E1E1B5
DE743211 31E72B7B 3A8489FE BD6BCEE6
F90F16E2 8B167F7B F79DD4C3 43BE22ED
4FBD6C6A CF11CDA3 D7834BED 0FED534E
98D1E807 004ED6F3 651E53BE 5B084EEB
14647135 6F43B8F4 FED1C7E2 17EA6414
7A90B034 CA841660 B2CC976F 772CC9CD
20875EED E2CD49BD 7C825426 E705D6A4
3E6DDE2A 06571399 635FBADC 806EED9C
71DC63D0 E2E58431 B8AA7371 1DE387B3
80CCEF52 B27874EA C3E31601 160489CA
E4A0590B CF6C2D44 599FC701 7B4C57A5
1E28619D 6E16F4A9 B4798089 CFA67969
3DB9C115 8F76CA20 78A970CC B1B38B22
4B267CB1 F9536AF8 7C080798 16069F0D
C44127DC 61FB0FFB CB4E8F25 C9ED4286
7773AA83 3A74E771 3A865C8D 09CF028D
91A2A82C 7EB9EC4C 411C4CD0 A883DCF8
4E1DC978 57138E0A 4694996C 127504D4
456173E8 17EA75F1 0F2792D1 88279509
7D6A04F6 18557B97 1AB50B6D 3AE09809
5733A32C 84D47F4D FE568124 A034D0DA
DF4EB8C7 983787DF A5B14B33 024C38A3
358E5269 8071E7C8 0A1DB052 5701D229
86A116DF FF25D11D BCCB4F98 F4C4CCF2
608E2706 7A80227A 78E29095 189A1DF2
76FC4E1E 90658A6A D77E60C5 A732203A
19FFA6E3 CDEFB292 98EF4668 71D4E0DD
938DF04D 1234FBD1 FBE8539A C38970F6
6580B953 556D5968 C3EAB360 4CFE0C90
8DEE11E9 7F3E2D2D B3AE4ACA 36782FDA
4A83E061 6F5BD275 A6F47273 AB8D2893
8FEE11D6 81B423B8 02065789 9E8237A4
C837B59B 7325BE10 BA924D1B 39740F41
31B68EAB C96DD4A2 BF24DC8F 7CA8A09B
FCFCE6C4 56C0A28C 19294E96 86F09915
AEE682E7 D6EC54B3 3ECEEE18 364184CD
2FC88938 72D29631 14015679 8BE96259
A07CD380 8186AD93 13397891 47DF5980
7F3A5117 3DB359D9 39ED565A ADCC6CFF
B9B6A644 AB7AA50E F38A1BE5 0D10586F
D3707A68 D1C8DAB1 66AE8B16 B7ADA9FF
0EAC704A 34DCAF89 7BCA6C59 AA9FF946
EB425676 7C56F423 EC20BD55 53ECA783
F00CEB44 782AE868 948EA8C5 DA268B7A
027FCDA1 41BC8FE8 9F325C74 AE7AE06E
99F9BD9B CDC11D8C 0A295004 9F02C4C4
DBFFDC93 61A1AB74 44EC2B91 F423EF3F
072E070F 9D9A1286 4433BF3B 9D2CE71F
78CEEEE6 A0874A22 7E5E72B0 71F3B56A
ACF6D1F9 A2310253 8BF85756 EA703EBA
088F55E6 2565B22A D274238B C3F8E4DE
DD658D0F 2D3C4BCC C679B3C2 C24D08C0
DDB5713D BDCC0D94 EE3724CA FE44A626
BF6F5C16 06C8F9E5 D7601ADD 1C47DAAE
09B6690E D82922B4 1503EF2D 95060458
6FD359F1 479C6605 79D5AFAA C3F33AE1
459DB104 4C23E84D 5C7AF392 958C89DB
DE305287 C6E870B3 E179EA4A BB0683D2
D85445D1 0C9A8861 3277195E C8153EC5
C12F9756 E38005B5 78360D86 D669D0FD
EB1D5406 F08CBD50 C52DC9E6 8C4F1AB9
69190D47 455A56DC 0FFAA861 DCF30973
FFE0C164 9D366A26 02D07A4F 7486CF99
4E9A47B3 E2055CDF D5AB765E 02EBCF37
38B97409 4BEF47D2 FFB453DB 338FEEF3
7E4E0278 78AF17A4 1FE3C4E2 BE4C80BA
CD76CC2B 906EA2C0 393AFC26 6DDD0E1D
FA085FFC 1CCD33A5 6EA032D6 C2B3EE9A
F9F61137 4D99DC64 742B9F28 AB942781
DB20389F 8833CEF0 14D906A7 0FDDFE7A
12899645 8D1F5A7C E7628467 8D80013D
F3AE500E 8D838676 D06B3D5A C5F9E911
84A32726 696F982B 4C4C1BC9 E0F3AD50
B439E0A5 A6E3825C 4AFEE88A B1018AFD
49577E48 99D382D9 7BF637EA D45FA687
C2F91FC7 87255BE2 9C1A1268 A54D5AA6
195BB277 F7F985FC C6062F98 99EE35A5
AFCC4D35 3F6463FF F342467D 639FDA3E
3FF52F2C 6318BF24 351EA42E 0926F003
2B6F5B38 EC0A85C5 7FF1980F 49CA2E48
C76CD908 7A6663FC D57D4F54 D535D7DD
4A455654 56D7E485 7207F22A 5D85F0CB
1E89F6F1 D66298C5 1421E25E 0AE3D00B
1FC759EA 5718DCA1 CC8FA85D B6239D9D
601CC088 A26663EE 1E45CBAF 3F2C6547
5178B70A 6E1E8E48 576C5B34 05F504A6
D7110D78 70E6E5A0 28967FBF DAC0663C
5B151352 44392038 2E4D9914 AF5022CE
84B0CDC2 CD5FEB79 D00DBB91 2DFD5B0C
E72CDBE0 880DE612 965C2D6A 0A26AF87
12F4C93C AA035E6C A92B0010 D04A86F1
1D3F7880 F1B91232 7A56CDA9 ED6C9A0B
BC59CB5A AA3EAB89 37E160D2 0B64517A
7A2FB735 EF6EB28E 45201BF0 A6C39A3E
0240D397 79F7F421 E7ED0039 7BE59DED
6DF40209 9C7BB7F4 F65A19BE FA154118
F8CBA4F0 94D34003 41BB92B8 25B33130
C8BFB881 26728278 CFE3355F CF107E1A
8188C847 A76279DB B2ECB069 C85DEA9E
62F93E01 E93829DF 479980C2 8B0CAEF2
A0F7F13E 0C6AC994 1A5A14CA 39551990
1F781516 AD01ECED 56CA8EF1 BFE152F8
CBB3380E 51A1EB0A 87C52245 3002EF88
C2018B2E 5936DF14 A695D5C8 FD963B24
05B325CD 163472CD 2858F6D6 795C48CD
3EB3AC58 857E4626 153734A9 E9541BBF
940F848D D9116070 01E01A98 2E32A8C4
B1CF16A5 D8ED0967 0CBD97D6 36D53790
0A8C3ED0 F5AE6194 471CA94E 28029FF6
0FCFDFD6 DDAA5FE3 89987E5F F8F918AB
1DCB6B6F 7614D72F 46651A5A 969FDE41
AC54F0DE A660EC48 1A584AF4 636B3F93
4D6DDA99 30C61BD2 BD09DD27 1A2CCAD7
5E498617 B31755AD E804BAC1 48F71335
C4A67C2B D811CBDF A049FAEA CE63B641
C980F21F 435E9521 70AB144E 9543780F
6BD80DE1 7E46876A 1BCCDB53 349903A1
52BA66E0 F1770D0E CCFFC96F CCF5CB29
366E5771 42DFDEFD 4062C96F 609881D6
60F0AC07 328BC843 AE40A41C B89DC72B
EB429331 6BDE7AD0 57BA28E9 836CDEEE
0E6E2ECB FB463599 55C381E3 2D455E65
4FB373E8 C0AFC1DE A58BB1F4 6FF70466
34F9606D 2F7974B5 048A7F56 21D25E1C
627F0B8F 2593E177 654AD62F 722AEE57
22B6BEF0 C091886E 97C68F4E F138AD89
360E5454 5A0878DB 888EB0BA 44DDB240
2E964417 76494987 9CEA4A52 505B4769
EE172D83 02A52B58 0E8CF3C6 113E546B
36CA7AE8 878B7CBC 1F54CEF9 F7FF16C8
412C810D A08CA7A0 26EEFC0A 0CA9C219
B5DFFCE9 85F97935 B8C8D09F 0F34CA8E
E08D24D7 ADD5893C 9A82A636 EB01C91A
85D2BCC6 48A4AE5A A8A92CCD 3EF5B322
38CBD259 3897F181 E5C37F9F 039A6B59
4BEE361D 394891B6 BF4B528A 5B2FCA7A
E6A6FBA6 34C54734 55CB87B4 E792BCBA
AB5DBBF5 C2C03B4F 8BE54744 A31E5962
554A1025 5A469544 420CD94A 64058CD6
062507D1 EF9029CE 50C0D1EA 74A86FE3
B4A5A7DD 9D0C95C6 CAF61B07 3B849B75
29C950B4 CD2C5C21 961DECBF 9A6079BA
AB8FA68C CA698092 45EBC4F1 820717D9
C2D2EFA2 302FFA77 1A4B63D2 D0E7BD92
B7C72E97 F2900C3D A2B1DED4 2F9EDD52
F8D594CF A9795B56 4C47432C 9B9322B4
18D4C1FB 80C38E97 988CC36F 0975102F
E6A5F5DF 1713E8C2 9A457218 161B1245
C5992E8D 7477999E EA68B652 111C210D
C45702F4 790C3E0C 7CD2AB04 56EC62D2
6AC720E9 8E57ABB0 BB4CF89F 6B50E975
E5017923 912C0100 A0395A46 481D0AEE
A1C10A72 A0354B22 03C8F22D 809781C0
959AE152 EB5131BC 6B87CDEA E493A5E5
E324B2C8 4E1698F4 EDD30F0F 58870F83
D50C87F9 CDF6B52F 7C2EAFE3 8AED2910
CC48B8BD 82C4E8DD DF3F8B9D 2B8DC2CC
1ECCAB89 70C55BE3 4F406758 63A9CA62
1B95B07A 5CBEAEC7 E4D0C5E2 D47C4B30
B530137B B136ACB1 2B4054A1 A293EDCA
FD824F5C 881B78CA 9BCD9DAA 060610C1
E3E5F87C B6732E6A 9151E68E E5FE3102
E7E89BB4 995E92E6 CF905E1E 2006B9F8
3990CD92 6CE0FA6C 8DE80EFF F974F444
75D2D45C 9505819F A7023729 4752788E
E2F597BE 35CB096C 40F57E57 2EB5E03E
97553243 D67355E7 E44DC06E F74E6593
46FCD7A6 EE2156C5 BD83FCF5 99D9E722
F5000406 EBFCEB32 7EEF3051 0AAB1EFB
22DE173B 9709C613 5B5963BA 283C945F
C007CB6A 8BCF9470 2EBBF6D5 69B150B3
B741DD74 AFD55BE5 AA4E08EA C3A3D8B0
71150035 C4F785B4 7344A720 0020A1D1
3D6D287A 6150FB30 3D0A16EE 33C49213
5A8F6848 48525D54 399C68B0 1EE18A71
FD6E128C 1B0B2B66 504FABD9 6729310F
D6288F60 A8C234B9 BEAAAC08 1EC7F51F
CE069643 B71FAE69 82159910 8172C6CD
B12A284A 439A8312 F58D615D 03AD7C8A
80702805 896DA6E8 9A7DE121 9898DCC7
636E0EF7 462952C8 331AD7BD 181CA581
5FD80D3A 9F419130 8081DB4C E0024AD1
FF86AFAB 67C52E96 82180FB5 E072AE17
6A37EBD8 46537A34 98CD7AB5 6484672B
8417DB99 898F2B1B DEFC1836 2436DF38
18A8B06F 0E879689 FA23C94E B0C185AD
9B921AC6 B3635744 EB15B7E6 88F6A86D
FEB6381F 91F95619 EFF5D65D 0774381D
A111F9BC F4868D68 DC7EAE8A B6E343CE
BEC2EFED DE86808B 1873AADD D69C1CF2
11619A2C 6F73EBD0 F893B2EE 45940CF4
529A7481 2D215B1B 0D00D2F7 461EE1B9
CE107D6B 33F731EB 89C78E59 A66E3554
C1ED4ED5 705F561E 1DB62C3A CD536019
2C3F9406 98ADB225 8D89FA84 2FDDA7AF
F235C86C 9916FC84 C641507D 53219A8F
BBF92BCD 061D6EAE 98382603 AFD2D826
47D41F2B 2E13E680 0DF2529C AF04FE18
187727C1 03ADCE95 1B49D8FE 9F39DE4B
42B6D7F2 29E3A333 3304B4C8 8AB31DA6
A2FFA92B 0612CDF8 A8D0653D 4E172FEC
29F215BE 0D70DDA8 902B21A8 5D63AEA2
B5CDC2C0 C5061986 CD804BF9 85145185
932762F1 8383885F 8C4EFB1E 38B9935B
250025D4 D3217891 91654911 D127D218
DD5B33B4 154748E0 A197FDA6 CBA0EB95
8FDA486B 90E23D8B 8FFAB091 6AF0D674
4697D3F2 DF2DCC49 39CF56E4 6E80B5E7
ADDB2F39 7F1A6F95 71D57EAB 8A845685
3A895D18 10FEC236 5D4B23A9 345F12A5
9DFF9FB9 C215A899 984B14D4 A883882D
3D8FE3CE 84CA99B6 8952451C 357032A4
61089248 D07E78B2 A026FB2A 80C113DB
4D2FCED0 F2CAE29E 892EE1A6 C3F9951B
537A4339 AC93DFD1 A8A8FA9A F39C7261
C3056CE2 D9328190 FC263D98 88A4EE86
1920663B 0FDA2E34 914D00CE E9A05B0A
24645293 C47CBCEB C15FC9FF D9C17498
26D61011 9A475866 9E8D449A 26A63964
E539A4C1 39FF52E3 C1A4FA7C 6190134B
061DA45C 0B4302B7 3155D94F D9D29DDF
CC1B61F3 0083B378 ED01EBB8 EF266E97
BE0C54DD 87EBB3B6 430CD730 996EFCDD
FD36F0F8 94333278 F2649601 23C654D7
3099ECFB F612D827 6264673E 341304E1
D1637946 2E313B5B AEBB584F 99AAE9B5
27E478A2 47F2E9E3 A255A960 5EC9FD25
E2B1EC08 37D6E5D8 A957EBDA ED1944C9
A4839CD7 BEB3C359 BD2D6AB3 33B61468
D6F31BA6 D21755B9 25AC9D10 92AFC695
ECD4EEB8 FE4FAF51 AA388365 A16C572C
7942395E 8DDA2064 7ED40167 AF2E3361
8C61C920 26001CC0 21322CF6 2E317CAC
DC6B3B73 0F152011 A494DF03 369F65F7
80820BE7 A6B16D48 AE971BDF 5C6AAF38
2BD6323B 1E87802B FC170F45 EC5484B9
5A6E1BAF 43DE2D54 F6520A94 08119602
1A89EF98 2ECB5AC6 923EB007 5475D6E2
3D33D926 7E25F8F9 5695D3FE FA54EF2F
F854F93E 8195B073 0F0CF4D1 9820FF96
C2D7A67A C95C1515 8F907C00 9BFF2259
6A905BFA F3DED7FF 5CDE092F A86FF8C5
DFFE4938 DCAF5ACC EB414E5A 4549D9F4
D3A1AEC2 091CDA36 368C3A7E 22395F53
7E74846B 663DD2C5 506F6516 0D3E35D0
3D06F3E4 C0FB5681 9D73AAC4 48AAD084
5E03BDCC 93C7D154 D12830E4 5A97C477
DFC2684D B1C9FC7C C4C8014D 755799EB
DB7AA27A 00F8A5BC C19B2A9C ADF6EDB6
6925E3A1 811206F2 B1ABA236 F36D7D31
7FC47A7E 202D0767 9F6E9039 DB683E23
0B75062A BF912C4E 510F6455 BBDF1F47
0674F6AD 689327A1 2D0544B3 FA58004A
769382F6 EC80D603 50B1A10D 470839D1
AA2F0DFC 92EDDFAA E60E155D 5613A5C9
61109327 F903EAF3 3BCE3AA2 BEC1D7DB
00CB4F2F FF88E2C9 94503BD5 40000DC1
BCE5BF9C CB49204D 0570559B B65D001C
7991C3A5 4FEF23B2 F2A461BD 61BE5EB9
6A87CD1D C42419D6 19A4FEF9 B44311F4
4F0F93DB B7381091 EE2BB854 F2DD1FD7
DBEBC869 1AAB7AAB 2B514D08 0A7D4849
69E32935 F8A93150 99ECE678 1808E0F0
24197C53 244ADD3B 0DE82E56 6563EFA1
F9775E40 A0FF037D FA8BFEB3 9D5C9E7F
4FC64B28 D82CB89B F107C4B1 5D36B3ED
8A3CC518 3306F3F7 04AFC659 9F85063B
2EB02924 023ABACB 86EA5BB7 2128ABFF
52966459 4884CF77 2FD8470D 827AC646
7508B2E7 A6101E7D D1822A85 5F35AD10
9EC213D7 0ED471AF A895651B 4D433024
9BAFEB70 76F10965 E61BB3DA 994C8ECC
80EC432B 3CAC1FC0 C5FD25B2 F2832F53
45CE0C23 B10067A2 8843E918 96971196
D25615BE 208CB1C5 D867FD5A 08E253ED
F76CFF24 81935EB1 3CB3DA58 AFD03DDD
A68A0F24 00519D0C 7D7435CD D7323B58
5E1277BD 9C11E6FC 9F1D0789 528A9B2B
25D297C0 84A955C8 A5E61442 15EDA5B6
422AC046 FFC699ED 3FB88FFF 1CD9602D
9D02BE6F 6F8DEC0A 9CC201CC D9120940
7D27DFEC AF0A410D 121FED3E 746512F0
0DC963BC 8AB39D79 A6B5AAD3 033B88B1
08EDF432 79A78365 4AE53DC4 B292C6D5
9890F233 91E6A007 7F6E98AF AFE78DEE
1E7B1ADD 5E20D566 35320517 3DDC92A2
48EA43F5 8690D01B 4E6E7A11 37130B33
62D38B64 B63E4C6C B83AECB5 A3158627
94842B16 69FFE979 D12F7C35 FA71E2AF
3630D123 15820774 5F73B020 F020D6FD
87DCE689 1B53AA2D 13468203 4DE58EEC
DA10F832 E3774679 5978D8EF FB6EAA0A
F066D64A 79BBB7BB F5BF4740 41AC2988
ED992F57 6C14A965 9F102677 F992DD1B
A60E13DC 95865467 2F812405 3152CA89
9B33AD68 C4470438 E11E38D1 1F3453B5
991E7C00 EDA96607 0878602C 033B9482
6BBD4010 70B36C56 92B4BC10 3F0B1419
326BB25F 3A929505 DA729C20 17923651
48568D3E 0C636362 6EE71163 F98AF450
0E9BF022 9BF02162 D6BE2929 6FE3AFAF
62ABC96B 768D48D6 99634473 A41BDD95
FD993AF4 45929A03 CC4A1232 F625A992
18F5C738 CA28310D 26B62E66 4CE603CF
A9DC90B2 C5F36EBD 10342137 8519AD1B
475B818A BA6EB6E5 DCD3ACC8 4E1C9158
A4633B9A 61841534 56267276 86C6B330
1D599AB5 9CF9A03D AD8EFF45 5F03CC59
83211047 82F6DA92 24804244 1B5BD338
61105D74 E4EB38D7 49A40ABA 21D37A01
74134D71 69F76972 BB6EC068 40951BB3
95EE3C3C 14FABDFC CA2E0B26 776C611A
550EC3E2 B093812F BE9EB374 372BA49A
D3A53135 26012981 EDBEF456 CBA96E83
09681D53 4528BA61 F2D4E979 9F78098E
A25CBD82 E6AD51E8 F75BB5EB 0B8E16D2
D8E77992 16124C0F 3F9135E3 FEDC429C
A379552F 3FC0EE42 C26A90EB D8421BE6
CBA4A107 B32C2AFF 62C10DE7 85477C88
1F679F0F D359FC2A 7E938E90 8617FCFE
70EC6A93 FDF6E832 7F0F022C 1AEB33E3
8F2DD867 B7617667 EC5F383D 5CE28CA4
7B4B2850 676BC877 C37FEA11 FEBCDF0C
B13C288E 636426F4 DC3CEA62 090A2659
6C5FCD27 771B168B 70F1FF00 3D1F2A08
C65E2935 9F72C303 7A2A51F6 FB88EC8C
ED7148F0 83280E44 7F3208BC 347C2E0D
E56D6156 49C2A601 E8211EA9 EEC43BED
80E95BA8 8539167E 4AD4F61E 59215B3C
1D20E676 07397931 400609DF 3EF5F716
1D086608 ECAC005F D4051FE5 8E9E5B4A
748BFCE3 423235F4 67EE6D19 21DF832E
291F49E4 9096F20A BB5F1B76 8843041B
130BD049 5B1317D3 7B3D7848 90700E66
39A872A0 3A3E2CEB 4EA38E20 42D1BD18
2C7C0C43 E70A0238 A6B13173 6A646B98
B32DE773 91FB422C 9D25955A A37BA76E
019709D9 D62C8771 97CD9C3A 469C125A
929D997A 21AE7E09 16A94A99 9391A6F8
07EA8480 B49F562E CE98D3F2 7037CBDE
997FBD1C 6FF45EE1 E3813003 2ACEF7DE
1D0EFA86 AD616FDF 2C022CD2 269B9512
4ED4D2EA 10E76616 A567C381 F05314E6
7EC972B4 150F6F03 5AA96039 12069D3B
86C1E1A5 7CE2DC35 C8A0BC9D 9F1DDC11
6B4F3ECB 3F669BAC 504BA910 B1E0C4C7
D3D3E8D4 E2C32DB2 B003C383 DA512493
5644D5E3 1A41E6A8 03E89EDD 994F603C
D45D9ABF 7828378A A2DFD85C 7A22D652
C09E22C7 571A8BA5 E4457F47 696E0EB8
F72100F0 FADC5527 AA0422B0 703191B0
776EF10B C463F658 E19A3063 086262EB
3824E8E0 49CF4310 2B24A30E 8339E702
0BA64C31 5327A496 929CFC68 7F7A20A9
A22C87DD BD943717 4EA7D893 1C1C677C
1478002E 48A03462 67B79067 ABA4D9FB
1C77F52E 0BD47342 D58340AB F7EB7327
E23AF84A 2A45AC57 D7E3273A 4633B74F
FF365AEA 00C7472F 6D978242 F7858CFC
22120E66 A64C4107 BF14DDCE B5E9414F
4C61A5A4 6A6A6951 24D2F8FD 8ACA147B
1DA445DA 57E2C247 0ACF31DF 31615A17
416E0A96 5576FA49 E4043636 6DF3AAFB
583BB0E7 BCA583B4 8FFCBB95 807CE0D5
694C4B0F B4FF7562 B24FB636 AB1B8580
097EEE4F 3B7AA465 A5111ED3 B8C0942B
0642B0C9 1831F0C9 8EAF789B 31AD9203
6A54D356 1C027C18 7BE16CDF B0E35F37
D6CAD400 6AAF7FA1 FD1239E1 596A8CCD
B9069D36 6D64587A 4034234C 7AA68F2E
417373DD 8315D0F6 75DAC3C2 CD51D4D7
8C2496D1 786C95ED E25F51B1 02303A90
7CC0E35F 445FC176 5766AFB2 105DCA71
29218039 7B30A105 460D5ABC 1C8B9A6A
DBD4B80C D96EE6A1 B1E756EE 3D8FD9D9
2E6ADCA1 E6C447DF D4E8EC3F 34F967BE
F1DC5664 69EF6B22 AF2DC279 BD4B9EBB
D8DC13B2 62860665 738AAC7A 6BB700DA
C2BE7FAF 30FED616 54BF7EE7 4275C6DC
BFE0D559 0F477688 EFA7D8F3 4A27D9CE
D3346937 0C44BF36 79C6A52C 96FCE6A2
3977BC83 A9747E51 20D98CE5 1224F349
41858ED5 054844F5 1346FD2F CC822C9E
42CAC689 DC0FD6B7 758B5B33 F6EB421A
68EE64AD 8B8F02B3 8DB6F31B C5B3AD7E
90DEC3FB A2A2127F 1EC1C058 AB570BFA
C15D192D 9766A0D0 DFE6C08C 8B5D82B8
6D49330C 9DDE1BA9 42CA9216 0AE658C6
51B47071 BC94C856 72D6832C 8AC521E3
1F54DA61 3189550E 0EBC86F5 1BECF33B
93E74F47 6175C3BE C25BC876 8C810DD0
A6FC56A2 E8111C90 D0571C10 C167EDD1
30894E11 C6D68025 FC9DB759 1953161F
29CE4094 61CCBE67 2678D44B C42EF1AB
7978B94E 5F6C3617 386A602A 0749D7B5
948AFA84 629CB311 6AA284BB 8FB25B73
3EE95576 8B77A7AC 71C139D3 3DEC9F13
4B7436A7 D15F8DB8 4689C9B8 03AFFB0F
D2A106D4 29FA0F70 A3D29605 E2EC0CFD
C3912E37 5ADB5FF0 7059B8C1 CFA2ABC4
88AD355B 8E05803F 4E7C7573 CB59F6B7
A0BF8F7F 9BF2F1CD 65284FB5 F40873E8
0019930C CF18677F 156F90B4 448E4924
A25E831C 722A6C3F A496429A AE055D0F
1018CF58 89A37F91 F52FE063 B7A0B307
490428E5 97209FFA 03003ADA 35B9039B
BAA3DCBC 1B35BB4C E355A6DE 9E1EE355
B45190F1 234C2EF3 C627A5BE E6E97F96
F5DC079D 2A8E4BBA ED938D4F FCA01AF0
0A1B0412 DBF0FFE0 F5E342BB 01A8F9D8
FFFFE00E B91F0A22 D8C55FA8 93802125
BD88D6EB B752D441 F52E5954 3BE91BA6
91FD34E0 0D50923A 9329577E 777126A4
F6C6627F 07364E38 D2132029 EF09BE94
AE7D9CED 56E9AED3 82FE7487 542213FC
9A9E339A F1C8CAF4 0E4F796E 5EA4BE22
B49777AC 36DA0011 94F85EE4 AAD6C040
7A03DD8A 817AD09D BE3B027C F1CBF20D
FAC167F3 43F18812 CAD81BDD D2749AEA
2BB777D9 85A50B57 B8407310 D66910B1
05812BD9 72226BFB D13CA28C C2DA835C
55E306F0 78CDA29F 9061CC47 8AED4FF3
EEAE93B0 4B0292A9 F280A449 461BB2A2
870852DF 532FCFF7 5F25EFBE D49BE872
C5A7663E DACCC8AB 6FAFBE04 65D23978
E4CABCAD 8EC336E1 7EE7A33E A9907F66
6F9E4F28 F27B9CE3 ADCC3CE8 EAEFCA88
989FF5C3 A130C99C 93C9C39C AC8F59A6
51E41693 1C252ACC 227E8782 B54081C0
97DC0F71 1300F48A 6AD01B45 F7F418E2
BAA7EEA8 CA73C194 929CEDBF 8F1B710B
F56AE92D ABDBDACF CE0A634E 4AA07D9A
D753E0A8 92424FCD 049CDEF6 32D7C313
D2F90BD1 27D1243C A8E376DE 099BE18E
6DDA2CC1 75E03B10 38001DAE 6A76493F
78A61F26 1683D81E 51AF3F54 9F3FBF4C
DE3881A8 7BBA5A4E 04F228D4 651A7235
3A387099 BAEE6CD3 79534AE1 8854DBA0
20640D7E ECA3C194 051EDCAE 12C36EAE
70D0DB40 29499081 0EE1F6CF 2C89D1D2
04FEB76C 5045E3C2 C440C9D2 940EDA55
1E44866E 30FCB581 CFC3C690 4F1FE91C
EC3DEDA1 19EECC0C A4AAF1C7 6255A505
39EA7A47 07159214 BCC5BCF3 D6F5F54A
23D1897A 2CCCE356 10721106 209FFA01
4D79744B C8BF3CCF C93B82A0 C6AD2044
C7878C52 F55548E5 766A3BDF 0FE02716
9A10B19C 5DFE8370 A51CF5E9 8E14A4C5
121513FE 1F6F9C9D 95F914BC CA547118
6FE19F2D CF550691 794D22A4 11C2584D
37ABD238 16CB4A10 4B1112B9 2692B952
93B746C1 A0E38646 5A2BE174 B458A328
0C239ED2 733A6ED9 E465583F 71A2F17C
CECF8376 1FEE6027 31157042 EA0A6499
2C5EF2FB E682940B 1D2809D9 BE78B252
D4416D07 3EF7569C 645E683B 177A7712
3EA9E184 C4CF5A0C BA39807F 71DB82B6
B0FE5033 08A6C13E F6AE58D1 52299DCB
A89D9B4F ECEC2386 467CD888 D759FF75
ABEBA2B6 5D993535 E6230620 B7204D52
3EE8F55E ABD6FE06 999520C0 BD14CF08
6162B9E5 49ED727B 7CD20EAB 14B99C7A
A3051755 496A6E7E B6011746 D89FA5D4
7DA73AD9 4F20E781 3597C4B3 AB254AE5
4001992F 08574BE0 5C665D93 142A7B23
1A46CC35 F5DEE4EC 875CA9F2 9364C3D0
09E4DB3C DE1F9279 A7ABE2BC DDBC27A5
391491D2 CBF616BC B772F48A F8D7E4BB
C3EF6C67 3DC0E633 D92DD787 AF2BA699
69331562 467B7F6D 0A2AEE5E FB8DCE51
30EA41A0 D99C344E C8B33D93 7788E810
AAF703FE 1A86706D 62B351B4 C2710B26
B14625FF 2E7BB5BE C9409B18 EF93D99B
67A1A49F 5C3EAADE 96088134 F0ED18F1
156C43AC 61910E19 3EFA6891 41C58020
0EBCE279 54F10F5F 18C8E4F4 7DEAAB36
011996CB ED255EAB F626C21F 59BB836A
4EBB8A77 5C70EB1B 5462E98E 615C1413
3CE764E9 4A543E4B 9C2A795F 5373A25A
E7862C6A 22B4D04B 42525176 468F6800
75796340 83D64F0E 4EF1CBBA F59B7B8B
269E80C1 C27AE73A 0A91B4A6 F10690E1
87037E8F A37A51EE B7CC253E 08CD1597
6E5DCE52 D317BC90 5C0E54C7 FAC1B549
F1E6665A 6168B2FF EE9285C7 1521631A
FD3793DD A4E5AE5A 28328896 666CD392
6E8E29C6 124EA73D 36C044C6 BCB0E4D7
1FDFB888 A065F034 CD9061F3 DA5FE5D2
D75379E2 23F35301 2BB23698 B88ADC76
E1422CBD 330F1163 E8776635 0B7E0891
C87257FA 09CBA1F0 C7A86594 967C9C94
E30587CC A407C4DE 08F19388 3B4B8E72
173DFF33 579AD8E2 717017A7 9DFAA68D
D269CC2E FE150B10 1477D9AC FC0DADC3
C8E9899B EF88DDB4 F93D698B F3461078
EAC805ED 43C660EF DADCA77D 4AA1289A
3398033B FC4D023B E3D457FB C29A0FF0
0DC7EE3A 8D6DD53A 6F90A523 485D5BC2
E625D9B7 D5E06AE3 A0FD69DA 21B01BDD
2328EA2F 46CC8D39 04640217 8DD177B4
CE7BCF75 716C9200 EC286BDE 2F6935C0
F2E7AF1E 49625C88 F438F3BA 3AAD7074
92FA09DA EEE28BB0 B3AB6A5D 911A4533
62D450C9 27075D8B 9139F6BF 68790D84
46DE5593 CBC80300 E549C7B6 B33AE21A
20C6A913 B1F23D63 F3CB8CBC B167AD80
B235CD0D A8621C93 6EFB9F02 114D33B8
61B6A5DB FA6B3F0C FCDC30E6 64A25047
051DDB67 CB79873D E8DBFA8F B1ED1372
6A6DA163 6D748E46 83DCF9F8 ACDC2036
92F15EC5 1DD215BB 6ADD1657 1FB99210
B8A7B44D E059A416 C82AAEEA 6698E438
1CFCC8F3 E04870E5 6A3C8B3C E5211BF2
63ECA0F1 5081CCAA AD7F6150 82B9C403
A3C6D1D6 F5A0050D 6DB56DCD 69384F86
75260B8D 5A4864B0 BF1E28D5 CDAEFA7A
D0DB1926 029D0500 5801359E 685FC6CE
1FBD750D C8531BC5 C2491F93 F3C63528
28B986B7 98E88D60 32BB5E6E 7FE7CE1C
F160AA88 643E724A 6CDD9B24 770B37D4
05685ABD 06282659 8C5C0FCF 3D814489
98051EF6 E5A00807 4880CC0F 0283A90A
EE3F72D4 DF682095 E330DBF3 82099B2D
D076470B 85B667FC E0B78A26 37CFB2BF
0EF0D080 DA4A43C0 58FCB703 4C55593E
90EB0C0F FE9F77FE D31B38C9 800D0599
A43D4F10 1A0B39FF 461C7305 FC28B2AF
BA3825F5 DB83F0D3 E55D2CB3 C5632AC7
668EBE1B 79DDA589 E2D702A9 5198E432
A51DB625 E88E515F CFC32F29 B17CBD9C
697F66EE 3F689602 8550D8DA D0EFCD8E
422C14C0 820B7FD6 5B0AF4D5 6A6D7272
CC26296B 74CB276D B0E9F1C9 A79F5789
D7714EF9 6345E451 0EC948A7 2BAB435E
69779565 C21A0663 B95466EA 78EAA554
CDC4E3BD 5579FC11 42BEBF2A 546487D7
A88ACEE6 C52B4708 C7484B23 AC3F6910
B86C59EA 428400FC 26F72CC1 9B8CE332
C9A99F21 7D1554D3 BB7DF52D F527FFE1
5E11F090 AC1A0B37 E7AA34C2 6F84586A
14ABF562 B2ECF792 5943C28B 8EBD5FF9
FBF3D1A0 74EC93F8 229586A1 98377432
2E5895FC 1A7956E6 533DD6AB 4D9D551E
C11B920B 6E486CF3 1F784C3B 61E9CE45
83430118 2E8565A3 2BC4539B 451D9456
5E6EFB3E 6DDFDFD1 EAA0405E 990E7122
A89CD86F D5014440 EF3909C2 93E1EAD1
19B99077 F48F0141 8CC660FB 942EC851
1AD12C30 B38312F9 BD98979B 9834C777
AB48A680 32ED9BFB FB395EB3 7883578D
37B5BA8D 5C0CD4EC 13833149 AEDFCF88
3BB75628 D32C62A6 01AFF127 89FE85B9
63BCBCAC 76E0A5BA 1AFF070E 22DC3550
B759C3F9 06A20AA8 39CAED56 699ACFEB
7C312F7F 330ACF03 53D62555 C21376C5
4594A42E 25AD7F68 4CD21A7F CBA59614
4B273C92 529090C2 D2AEF5E8 3BD19FED
A1359A91 F197863C BAB22804 744CCB94
053382AE 4566A563 CF730636 E64C91A5
92F11586 C5295967 95F2465C 574CC737
716AFE5E 17B7F11B 0CE1F3D0 DDFBFC20
E914C2F1 31D234F6 FE63B7E5 FA7A7AB0
D671685B C804F163 8ACBAF2A D0FEB6D3
302558EE 85452B16 60BB3247 83447E31
E9C5373F 3A214F39 48C314B6 BFC98210
4062BC60 F7319E08 C88D9C1D 7A645C8A
E1E684B4 1A094FF3 2BA01D7B 6F181363
A4E15DF9 801130B9 21361CB5 67637E69
3C822BBA 668F25BC 39F0DF9A 82834B69
49C30C0C C27F8D5D 331D20A9 3B7783AD
3B7D4D49 DBFD55F6 8447422E 81745415
B83AA243 12365C66 E988461D 9F79B132
A251CC99 6F627A31 DAA4FF43 A4670906
5B9C2F41 259C0D7E 8472AE3C D83966D3
D776E0F5 2A970F43 DD33DF46 97F0C9FB
72D3B7EE E6DE4F37 77BF51A9 4AF8024B
99793B3F 9D5EBCC1 2E9D42A4 2BD70D91
5EFD9478 1F938D54 32594737 BEDD9B14
91EDC2FA 71DD2D2D 6FD28951 281A5CDB
30362245 9B6846A9 8706668C DA61CA11
1B33C6AC E97E08E9 614783DF B1C1A589
787FA9DC 2D53689D 92626BCC 884FD1B9
8D55C912 F888343D 7458F0DC D1718B67
426A8FA6 FDA4CA2F DE1034D1 9EB8C536
8AD31716 5F05CBBC 475CF645 81D2FBE8
A0B686A0 C8A7D8F1 707BC9EE BEC49E98
5E109711 A93B2064 13505ECE 60F22255
FDEDED0B A4B54B0F 0FA83656 E1FB77CE
D581B348 F56D28D3 17CFE82C 2774C81D
2B3E87F7 41ECA008 EF42F79A ABEA9AB2
105AFD9D BB82DBC9 D1F5F7B9 299D19F1
AF894457 A87D9871 CF04CE05 8409FC3E
B0CC6395 CCB1FC32 354185E0 C126963E
47EF651E 6612C80D 36C6B504 0F499C84
93AFA108 104A7096 DBE656E1 DAF0A1CF
F2BCC6AD 9B2DBE14 E62840A9 7A0A17A2
61430422 0721F6EA 0A33FCBA C874340A
908CBCD8 BA67E4F1 6F61B04B EF933DE7
E6BD6AE2 6AC928E7 A7DEA61D 8873711F
B5A1F6DE 1155C072 1B6A004A 436018FD
A279923F 346DFB38 0CEFF9A2 A2EDF464
DB09361C 46537F9D D58AA302 5DCF5DAD
AFB8B444 BC394139 80E9046F AAFB9F46
65B106E3 1548066F 048F5C25 3C4A7066
6576283A 3ACD766B 0DBDC364 51A15E2F
F6001774 1AAC0430 C3A7F92C 89326D89
5C299E85 DBCD84BF CDAAC086 46B1896C
A290CC52 0EA6F61D 50C51D1C 4DC768EF
07D2662D 43604FDA 28E8CBD0 96971A51
23865E50 6059AEB7 9A07FCFB 3F00B893
DF51ACA5 D9D62453 1AA45CF6 D258B4C5
CB9F9B8F 0498DB73 08DF93C2 D5B9F4F5
0BB42172 14EC678E 96A2307C 397F3EA7
1C41798B E48CE4E8 AF1C48E0 87CFD868
49D267F7 8C92E924 82761A7F 84846618
B9DDDA72 AC05CF09 A7CDFC2C 2CD18BD9
AC8ED7E9 43446A7C CE52C4F2 A7049A95
465C4F4C 16ED8616 15DC7C98 9F09A05B
B05730A7 3EAA20F9 3833D347 11946CD3
3D17EB86 33B2F910 B4F53E68 FF6BF4BE
995BE9CA 96ECBBD8 1D1A19E5 8DFFB783
C4BEF89B F13E3FD5 096D4AA9 A4B90065
5780B0F7 6550C0E5 B87CBDF2 3DE0A3BA
B7B1B47D 3B51271A A69AA085 0ED2CCE7
42BC6075 D41884D1 3C3B619F A64C0B7E
1174BB1D 5D192FA0 94691756 5438710A
F58A8297 6F647827 668B4F75 DAA4594C
FC96E131 77C36032 71A789E6 EE0F7158
67200C12 56826939 1031705D C40B92DE
585FD3A0 18976883 28F7F4A0 CF71B5F5
ED5ADC70 DE6AD50B 887CB7D1 B67E0E56
F1EF0940 29CAAF60 D2FDC34F EC151115
FA69CAA0 236C5847 56CA289E 7CC3A411
D2B27A64 87548593 80B0D583 85F9FB72
A9534581 7F8EAE51 CB3089B6 785A45A6
8B429220 3A1DE4F9 1C472AE9 CD89A5CB
18EFD6E8 525E4408 AF141BBF 2F9996A5
9058940E 310AB6EE D3392ACB 0E03C416
55C3E723 B6B1A83F 36B03867 FA45ED36
368093D0 0BA12F73 30C5D7E0 AF53B061
25312599 7B6090C5 3052847C DA945FD5
37730E4C D57DCC06 495523A9 21889305
37E4C1A0 109EE5B9 28BB76F6 3C199073
8B8E5AAB F201D791 18774C90 BE7BE2B9
4B0A87D2 C348E0DE C6257AED 4FABF6D3
4A8BE6DB 3EFA0FBC 215E711F 23990E5F
7699476A 0DB61843 EB9C7C9F BBE5DA45
7BA0FBF5 E9A38D58 0CF63AAD BE1790B5
8437DDA4 3F1086D9 97583C31 DCE05A4C
DD91835D DE5D1921 A8A6A38D CFF770F6
6E411EE5 7C3AEBED 9112AA9F 6322716F
D28740B9 97859A53 394FFFB3 274B34ED
6C8A3A70 F772DD94 3FFF78FF DAE756DF
E1EBD600 BF0BE5E4 47377812 42FEABDF
DDEFA58B 0BF6996A 0AEE327B B6CAEF0A
2E5357F7 8B2CCF18 5B6BCF4C 10C7DE37
EDCE4401 4B676B4F 68CA5A83 98045E05
9709CF1E D7355CAF 642069C2 03108235
6CC3E190 92BC9478 3924EE66 F8901065
98B4679D 7F8D71B6 80EE5D0A C6B940BD
539C934B FB0CE614 152FFED9 05332A69
BABB930F DCBEEFBC EF2BEDD7 C22D5A33
D7DDEC5D C5D373BD 3B56963B E08D69D8
66BBD681 63FF5317 35A2B4F5 83289763
9D808856 EBECC812 392C2465 4AF91B37
66DE34A1 1B83C7DE 5A588D29 28A181CD
DBC7BEEE 33DB5058 34A6F435 25BD541A
9318E8CF A965B684 CFAE4B37 C8F29D8E
937BC43E C0EBE2A7 E4E3C409 032CE50F
3D44AADB 615239BD 40111776 E2D87603
3E2C74E5 E8559C06 1F8FAAAE 49739A35
8A7B21E2 BD8D5775 41C3B790 CC6415D3
EADC4EFD C68D9CA7 145C9834 50645955
07496E4A CE4DC768 D6A34E82 B308F58B
C093835F CB2BF81E E0604EE8 A5E0FD81
0B8923DF C1D07B14 88AE5DC8 1ED17E3B
4E488383 82E17618 133CE768 75C3FA37
576FFE69 038B51BA FAAF7910 ADB58654
D7AF57AD 2599F7AE D2CDF4F5 8E1E2F10
9DB2529F 1342BA29 60ECEFBA 833DFAC3
D2BA5F79 B0CDF925 0FA6A844 67EBC14A
EA6B76B8 FFEE04FA CA8CA43D CA204B85
C1A96256 C3A3D140 627F39FB 8955E77B
3D60CCC6 4DC324E6 075EA643 BEAEDDE6
78CDB0A3 2ED56D3F 798067D9 D446A812
27028941 8F000F6B C0E1F898 5286599C
EF91EC21 1A40ADA4 9EA01A2C 4576632C
3FAB3944 FE9EB0CF 4E0FA5EC CB9BAAA4
76F09966 B8EEB045 3F2E214E DBC5099A
5143D4A5 532BBE90 E9C68216 C3FA8347
8FBB9E96 7033BB51 0009F3FB DF7BFFF8
0FE87E80 FD0C46C4 D2DCCC37 E8C09E02
4577F426 67C800FB 21D05D53 EEC18278
9CD2FF10 0F500A66 CD08B375 C1030882
BDD07D8E C42D0492 052863B0 5367FF45
06AD7FA7 16795095 FFE84573 F2F8C722
554EA9B6 D2A12337 D93051C1 2031FECC
3E449B1A ECAFB849 195EAC61 32060CE4
10C1836A 206DDFF6 25D659F3 4BF3D647
952C5F4D CFDE7732 202022A6 43E26B06
72A11A83 2884E82B 4640AF08 131CE1D2
C548E9EA 8215B333 E822B90F 31CFB6EF
4C164C4C 78D67D62 BB9CCAE6 4D99B051
F4F68892 636E9B40 C38856BC C927CAA7
EBB015E9 53C353D6 14D1D1F6 F0DF2FB9
28902BBA 4958A6EB 8B5A23F6 87647A48
F33C902E EAF2DCD0 9485CB9A 25B09D7E
9CA872EF 8371F663 AEC93B26 3BDDF650
32BE7564 2F1152B0 071C50ED 92E1DA26
1BF673A9 C0A1FC71 3FF5D188 613D6095
8691AFC1 7A84094B CB6A0DBB 068B75C8
695EB92B 5E162353 19443645 A924B217
14878A39 AB247C00 E3036DEC 4949E3EF
3B631E03 6DED346E 3AB33C86 F828D65F
2AF57FA8 440D4D11 D615F5F5 F67F7C02
82B6EB10 ABDCE615 5C2B1262 7C599F9C
8A6624C5 22EEB4FB 1E0E181B 6CCBDF1A
C05B4F4E 2FE1A47D 805ECEB6 FED91142
7C408137 FA57348A 46FEF75B BD7CEAA3
117C540E FFD95D0E 7ECA380E 86C0E0F5
227352F6 6C8C25C8 EDBE6B02 63A8F4E5
A7FED4A5 49077179 96DE1F6F 4B9A1ACF
193350EF 9169B7A6 76638B91 CC99BD51
C870AB1B 21276681 DD662067 0ABC298B
51D26B1C 4DD691E1 78B3FFF4 CEC4D5EE
F7E0BDD3 68144192 48501778 F000BE8B
A3370B1D 8B096326 D2129CD9 9E5525F4
8BAD0F3C 316EB563 402EA627 51448CB3
7EA87A3F E08F296B 593B0AA1 5D2FE417
F1EC69DF 87C25CF8 ADAFE253 FAAA6ECA
79118443 D3B0B103 50F8266B 48249A84
7E0F7D1E 46CE8DB8 385AA491 C80C4C46
F4C45151 CFB3E972 58ADC5C2 FD6E0805
EF024C35 75D4F3CB 7A9AB615 DF56B960
EAADECB6 19AC3407 63405EA4 DC8FD498
BA45263D C53D5C98 EE9ABE25 815CD430
281C6927 9438AF40 C22582BF 8780167D
954CF590 70917928 DCE3E9C9 96F9A342
64C7ABC1 578C6889 635C4064 E35AE3B5
A84A799E 7083CB94 FC7549C0 C4A11969
853B800B 96DAEE30 A83FE6D8 61D6ECB9
4EFF5490 611F05A7 AB19A6A2 BF6EF366
E0273204 B949F740 9BD358EC A9AD448F
9EAABDA6 86C85ABA 9EE14154 E3C9E9BA
317F2A19 12052B3D F9B97109 88FCDC04
79891AE6 2BB61B6D 34826883 258EC5A1
3CE8351A 582D2726 3D490F88 0F6A964B
208278FD 525DAD2B 18DAD074 3F453B77
6B69357A 4B73FA6A 5844F619 198A415C
4140C2E4 ADAE8319 C0967E76 46DCAA38
2E6612CD 4A9E5F3F 29B2D0C6 4AB883F0
02DE1EB7 36215C95 FD83E4F7 D0D9CF2B
C4811416 49E56E42 1BB5D075 8A003CF3
3A7E04BB 55AFCA79 5A5E2BF8 EC4E0C78
5A5F96AB 81AD86DB 5D7A5386 6DF342BD
FAE0DDFF ACED5981 DAFA12BE 02E64B94
6119211B 8CDE65E6 7DE59C0C B62AE9D0
09762AD2 A0D56177 FE470F8E B6CDB72A
449BD02C 481E5E7C CB1EDC1A 29990A38
CDF5DFFB 806B5755 CFD1939A B39D96FD
2CDC3726 FA0A9C0E 7F12B871 D20255B9
B7443DFF 7601532C 6B3B879D 23A797CE
37E87B83 01A1B0FD DDD1A845 7FD2CC50
137E477B FFD1B5B9 B3DAE9E1 7F281394
6F0BDFB8 D02ADDB8 100FFE22 3C0E8D09
482F4F79 DEBEFDBC 3191E1E2 9868AF89
7CE1717C 4B9A2731 554BE18D F07A405A
2D77396D D25BB457 CF9E092E 5F8B3309
D8758820 109A2302 052EEB2E 2F1F0148
9E2195F3 00932634 1F85D656 32896FCA
83C466F3 35549B47 C2273DE1 DF3FC51C
4F78B132 47C120B8 F1176E45 CBA6EEDA
EA255BA9 25CAB964 EC5207C3 BC4AC22A
10C97AC2 A6806C47 80990067 57019DE1
E13FD922 40EDE49A 428363EF 5681F46E
70971AA0 8BD0ABEA 00528639 19FB867C
20C344CA 669350CB FFEC9011 B0B4AAAF
2D6672B7 2092473F 97BA1F1A 465DF312
B04499A9 9FE22713 8088736F DC0B632D
FF2DA759 E71E29B5 F8E28693 C865E47F
AF4999C1 4820EE1B D2BE0D2D 061BFFC3
8FED3620 80A35594 8AE5D8A7 88481932
EB961F46 948A182C 8564CF03 A7AA6410
5B93718D 7207F840 212E47F3 55E980A7
4922FC67 E8A16344 78C63558 185EC9CA
62E4DA74 B68A9AC4 3554A5BC 33445AC1
48351FEC 6B1E81EA 05E3F4DA 01B704C2
BE000466 C97D57E6 24D815EF 78DFD0B5
C10B266D 34E421FF 7AD7C52C C26DAACB
DB041E5B 512C3B4F 85716636 F85E85C5
658E6D44 E248106B 9F2CB9F3 3D52B01B
524D3C6A FB2F5C0C CDB0DDD5 B814A683
A38A8FE6 59BA7E38 D86540DF EB3678FE
37FC45F9 402F6882 5F6CCFEC 689D3A5A
44941EF3 A05F9AB4 2E31178D 46FE2233
DDEDED5D 8D945BC4 F2FADBDD E0F3239C
E1642184 81B229E0 024E850C 8E24625D
8DBF9457 0418AFE7 1FD2961B E2E595F2
561E1447 E8C4D9C0 F14DFCD9 B10B2361
98D9FD8E CC6CCB71 F9488513 4465B1B4
D4D8BC80 51C757BD B681A6DA A8F4C097
C57801A6 EF45F689 860EAEAA 01A2CA64
A27BAD1A 8C7FFA4A 0FE75B3C 6140BF85
DDC8EAB5 4E07607A 99DBD37D 7800A366
0005ADD6 1D535EA8 22DC42C8 49FA31DD
539A3734 B6453531 A00537FB 822AAA96
BC018EBC CADC7443 F7EAAEBB EFA2BF9D
6D3F2987 36D11245 7E995108 D6A3726B
8D3189B2 FC39E465 55B63235 CD0125A2
377D84AA 3807C034 64388B0F B2D90D4F
189E33D0 F4D70BC2 27B53273 98278871
13D3B741 EAC246B8 198B8FEE D273DD49
D80DCEAB A0F720F1 A62586D7 C40AE57E
3806C9CF B6D2F9AE F4731577 DBCEF7F0
6268A92D 3984B4A7 553573CC 127D8A3B
F49A2F6C ABD56064 1FAD6143 C3471B3B
99398B75 007B116C 00B85B86 FF56CC87
DA8D04EA 2E0FB434 0CB4DFD3 3E8BBFC4
E137E655 83D02750 7EE5398D 0A17C634
284A837A 51DEC12D DDC20D3C DC26BC27
126B44EC 2E095A5A 690EAB9F 879B2F87
47922C06 BF42BADC 42BA1B1D 4730D733
2376C737 3AFAE8DC C3E0D6CF 6A190C5E
A7EDC41C 87416626 D7C2870C 0F5D48AA
3F258CB5 2043352C C4D0777A 349A91DB
5048F4E5 065206FE CC85EC93 4D3BB3F0
25D5C925 E9F2B6F2 EAE1A58A 985DFC5C
2CB44C43 35C27152 004ED665 DC8DB569
91E60C67 4A5A0F2A 42142DD1 CDCE1EC8
DDBA6944 B1B69E23 A4FC0095 A3BB8401
E674C1E3 067AC5D5 0ADA131F 33F46967
B4E35B67 A068207F CCC349BD 7802A36F
FD436085 BCBC4B0A 82D2F484 4E3955CF
6E8E9445 D13F4082 9A95D432 0EB784B4
D6C2762A 92733F7D F3F9BA27 FE63E84C
068C8B82 73A14DA5 41F2AEE3 EA67DB3D
C934322C 08F4D8FE 30A455C8 050B042F
9F5B8B18 CAB4FB25 30298083 D4534DD2
68AF738C 756DC362 5127621C 631304FB
C2DD0CF3 E3C34715 905FFDDB 82E54977
0C0CA486 433F2E5D A860517B 13C6D4F7
144EC49A 1CFEFE16 6C7769D9 FE07A13B
F1159B4F C39C46D0 2CBCF682 6344F48D
3ECF5BD6 5FF4F934 B8E4003A DF713997
7B98415C E8347E2E C102FA43 BFDF2F31
470EEAEA E07E2899 E92D4ABA 06FDBE6B
478D027E 6DB7DB78 20C26086 EEB8ABB2
B92E51B8 FE0C65FF CB6F4F14 500D5408
3A58BEB2 F8906CF6 35960970 94C8E4D9
7E64D2E6 5C42B9DD A8DAD60E AFEBC454
69623DDB A0EFD828 FC7FC583 DACDA237
4C355CCB 2B00F380 3A75B911 99FEC8F1
D8C5332B 10741A6A 3E80D6FE 78DF85BF
BA31E8C9 2655BE0D 446D80CD 6E03A799
67342182 A94B8AD3 59FECFE3 4135419A
AAC2A940 4B352C83 EFF3AB81 23B575E4
B0112E3E 41B93842 77348228 B91276BE
5046A026 B064CD26 BA98DCEA B7A388D8
372AC3C8 688F9A37 FAADEF61 8AA33B2D
54804EB9 A942D637 8D1C084F B9EA99F6
425C4DC7 5E1FA7B4 7CC0E315 E56CFE8A
EE9B27B6 0A04387E 06A1411B 7F80831D
FDCB9FE2 8C993B23 51F719F9 29507BAB
5271C0C6 E929D93B D520E7B4 5CB584E6
65FA94AC 7FE68BAA 55472559 00D53DD4
266ABE77 9B585F8B D75D81A0 45EC1670
5FBDEBE8 A9E6D7EE 810EFA28 0CB0837E
2D68366D 8B93F753 9A4FBB79 607BE6EB
01D4B46C 547A5AD4 B352C82F 002431F5
BFE69C70 2905D7EE E5BDFF64 A9A92493
2EC77CE3 CF1041D2 5FC6163B 1AD3FB29
5B09AF8F 7489CFD1 AEAAA996 E6CE3F68
09B64866 D1092C8A ED7B0643 9A8B8FC0
DD5B414C 054076F0 D6477A30 F33AA4FA
0893C259 44E92D81 220BDED5 8AC9395D
7A07A19A 10E8A606 1E4CB2A9 062750C8
16B02129 367BCD81 7EC2D5EF 54A5F879
7EA3B01A 85BEB88E 31786403 D8774A6A
F022D4EA FEF6AFBA 31A7ED8E 611C94D2
D79F7C2D DC7C77A4 D3BF434B C74F015B
53DE7B68 A0D25815 3C275B8C EFA38463
D941D15F F51E1043 C5A97E41 52CF7976
09600A1B 657079D5 DB5D6910 DFC8BEAD
76484948 249F72F8 DF2387CA 4C02CF49
9C6314EB 8E4B7538 390E29E0 BC97A380
07106A2B 4B91C810 0CFA4DAD 17E25764
C125A7F6 1FA8AE13 E44B07AC 902DE462
BAA7DA61 630AFEDB 3AF76A28 7535FD3F
223CA667 FE2EB336 DE8C3ECF D5FC6301
5918AB4C ED61178D E85163C3 DBA02152
34BEE92D 5378CE3B A189660C 2B056D41
FEA44F0B BFA18B17 78C147E9 54CC3803
4910DF57 84C2CB37 5765E8B9 A6D28FE8
8833B639 15235396 877CBBC9 49E23E44
D7B89453 D17A70A7 7E7B9B2D 1E89BD05
380D42B0 572A96D7 FD164715 8C444EC4
A6AA2CA5 D0F50BD2 CFADE24F 9D7B068F
044CC140 0824DC39 5FE06668 870F365A
E2209D37 A16CB3D0 70AA7488 97CD0B70
6303787E 25A4B938 A1BA9857 07B45FFA
A2A36452 88E38356 53AC0004 C57C4F71
9F213365 E9459CF3 65D81D3C 20F0373F
D3BED6DC 2CB5C7F1 B3D50F72 A9803C30
FAD9212F 6F5DC491 41E75D57 ABC6296E
019046B8 DD76A46A 6C979211 DA15DE6C
758C61E3 DDD79C1D 1B2E6DA1 C271A1ED
FB1D4BAF 237C3F78 3ED9C8D6 9B9097F6
262A11AB 0473CE2C 9BC90971 C912FC46
B8B40D0B E9F5280C E0239F30 C42A3D39
C302DBEA CF510417 2956DCBE 739964E1
7D475275 BD7DBBEF DD84C00B AD3E82FA
53AF608C 29B398D0 9E381F6B F3D8E592
81DB62A6 A543DAE9 AA0CB242 70EDFB9C
94BDC0D1 AF81A376 6C71F44F 5B0779EA
CB133C40 D4324148 A3743D2A ED7F8793
D5FB9F86 C00D780F 4D8EA842 250D9774
DDE9F324 F3A9874D 9ECF3190 B3305425
7B406117 CEAAC3D9 67024619 C04FFAEE
0A4D2F8E 6521A734 392AD0ED 05C0F667
EC66FAB8 8607E656 158B84F0 C47857D3
FE8F6607 FAD46FDE 0AFBBAAC 1A168EB9
DEA0000B F63AC73E E1F358AA D33BA028
249557D3 502EE299 B146C561 FE746FAD
B56C117E 17463F80 A8497999 8F10D4F3
E8058413 D21AFB4C 5A8BBDBC D06DECA2
51653B93 52BA5E20 ABEFA09C 8E63005B
A3AE1B70 C4DB4122 57EEFA4E 8A886A34
05A02807 10DA9446 085A3207 4760A160
CC864FC2 01E746DB AB396D21 F17D9803
958E6D0F 23AC2FB9 6D6590D0 67966FB3
A80CD330 FF28B3F9 11A0D68C 2F4479C4
AA4B9715 E66C585B 59C20F27 7F43024A
073E6448 84CF6454 CD5C0661 9154786D
41D89606 E400E5EE 929832DD 9F7C322E
395B917E E8B4C0C2 3015E30F 56DEFCE4
EB0C7973 8203B6A0 41962287 004D2AD3
F5D440C1 31EC096F 20F18BFC 3F2F3ACE
C0065537 23B5B154 AE84BFC3 C5BF2942
B0F14C81 19B0A71A F92000EC 388CC104
C104F966 D024B1D0 F64D7795 CE55E7DF
239794E0 09D776CC 2BB81DF3 BC96EEA2
24927087 3B848C6D 159B2D6B 8E64FC4C
EFE760F6 92BF6491 F6A213EA E9806F58
B419D7F4 ADF347BA B1435780 A310BD58
28B17F5E F746C447 7657259B 934FB77B
0FD66A44 7D48C40A 28F77B42 94A9ED5B
AF8AA8C0 3E3E30BD 35190912 B41815B7
E01EC1AB 76A28281 FC258AF8 165A215A
AF834D58 97226688 14317058 25FA9E9D
C1EF33BF 317F29B1 952F4DE2 82ABAA6C
F50E26FA EDFB8420 06644644 AEEE6E64
9966B796 B4BE8078 C6A21153 7D662977
3267F253 84099D29 4A350AD8 2D77A33C
E01762CE 29D073CE 263A946F DB0B7F1D
EDC9813A CE7868E2 99C4C398 134BFFCB
0C879F46 5030465E 27954221 2E583921
96BABFF2 1EF0C399 299D60BF BA7ADF72
CA031335 F0A90110 BEC5CF6A 8438EC9C
AF2EA185 07EFAE26 2392D6CC C47AD59E
6F2CB1DF 39A88AFA 3DA4F5C9 BA3EBCE6
AD039DEB 7F70EED6 67520CE7 CA407F4C
477BBD3D DDC858CB 610E2BAD 58614215
7FF322F0 C08329BF 454481F2 DCB2995B
8DD425AF A81306CF 35237DBC 30DB2009
444F924F 930830C5 9F155A1D 5462DC6C
E39943FA 5C1A3684 A5647F06 E963808D
7E69FBC1 CA38B59B 5DC43BD1 2F5E594B
C001A2F0 161B24E4 1B7FDD81 EF9AE040
BF369715 EE6008F5 5470CD1D 6764B149
7DC1C4C6 2F59FD97 FD14091D B0C7C727
50404830 DC095F87 E507B0D6 F7DFFB02
00BF7595 F05BE518 DB7E49F0 D4639A0D
2A4A82E4 2C226848 236D3AD0 1E819DE3
1CD66F45 F5AB91BF 68821F24 AEDE5AB2
357DB667 4D23F80D 02E03FBC 9E7E73C7
FDE5A830 8D8B6928 206A6284 08D71AD5
C37B6320 242A5DE5 45EB0FAA 36645CCD
5DB531C5 7F510C80 08953283 D1372DB5
31F82240 1D0DC68B 69032D76 FF07D145
C6965A01 F846E5DE 5458DF3D FFCA822B
3E67CACD 53B95A6B 94E36B1F 46DBF27A
64F267DA D7AA49AF 03F9614A C22F0F95
F72DEF4B 227BA301 041C10CC F66F77A7
FFA83A38 B0DBBA5A 38FACE49 3741709A
E86FC3E3 102D0B6C 54D22322 70261887
DDE9A03C AEF0111F E8A61ED3 49996713
DCC841A1 9EAAF144 49D0974B 6B0A27CF
CF321A1C BE904BBC 7A44FC13 8D8F039F
3CF6B5A1 F608045A 67D43A67 C3D70666
A1581492 726ADE68 63AC882B 1767C97F
8BE34562 26BBE02E 60A08ACE 828FDDA4
112EFC45 DADC3FA5 7D266A18 F5ADE52C
5C55398C E0856F83 2D8A3951 D94F29EE
B982D7A2 C0A618FB 9130DC5E DC865E8F
EA8C1E7F 8E61F5F2 D75511EA 4F7CF690
F464A0FC 8E47DE9E E094232E 08644FC2
D6B56131 2DCD1524 69DCACB8 3F10681B
B375BA67 C3409E5A 58BD93B5 DF0251CC
90071907 216D2FFC D20F8725 C5170CC9
5ADF2035 15D614EC FAFAE84E 1D8C1118
AA6B804A 8693497A 9418B018 E58F8C4A
B85371CB 20921A58 75B0DAD7 A2D57DF6
108A1919 45447FC6 324C610B 83488EF8
10C71620 C2BF09BF 66E40122 5D946FEB
FFC16B87 BAC5B950 E794A309 3E5CAFE3
3301C675 E7804648 48D28A59 15BB3731
A3ADFF17 722AE7AE 0475D344 DC88218A
76A1621D C8F032B2 0D9EF48F B79891AE
371C508A 8EFB7238 D33EA486 377926EA
A9E92D71 E9322B43 1667A456 4A567E1A
D6BA5BA6 6D615218 D7B75D3D C2EC1BD8
52586C6A 78910043 7712A1E8 7185B94B
9F67280E 25BF3902 F015303D 7C343471
FF7D93B7 68C14192 3071D188 BA2EFEA4
6A2D9197 54A0619A 441A2B81 94F1541C
BA8084FE 89A56E78 B545DFC0 ED15C5B7
2633049D 6F0CECB7 26D21C41 40647F51
27299CB6 D04DDE2C 984C2BA9 B580C281
7F4FF792 EE9BC038 0DD96DD6 74909065
91BB7CA5 7128CF43 1958DFA9 B4FA3329
0F4A80DB F63A76FA 1629D13E 4DA1FC5B
65FFC8B1 D0FEA280 C926F3CA A1ACEED7
4EFA18D0 01939FD9 EBD4181B 27F9F1B9
310BA925 289A4A9F C0A17689 8420AE76
3773D04A 8240DEF8 9F602766 9A7C94C1
3D586AAC 04BB4911 4EEE5718 894E29F2
B0BAFCB9 07541711 182A195E 3E83A143
9E410CB8 DB674601 F5C1059A 02D540A0
2F2A85F0 B1D6E4B6 EC379244 B1665BB5
5D5355AD 82D86667 0859D336 B03CE939
64D62043 EDE4B4D5 141ADD78 93AEEC03
AB7E53F8 2B1728A8 73025BE1 A154A8BE
1688CE10 BF7EDCC7 EC7760BB 6571A688
C829F7BC E658D7D3 CC9C0780 15E7A30E
B5C1C6C4 27886414 95A128B1 F15A9BC4
4656EC01 FAC18E53 09346CE3 BF49800C
35269562 532A578D 4D4558BB 4C779705
EB1B1111 7C7F77A9 E54569B0 6C376916
170628A0 D6E19402 0EE819E4 917ECCFC
9DFF05B0 8DBF387C 03191B70 A0759457
F41C21F3 E0EFD137 C6BEAF58 85DB751B
A3E2A82F 62FBB1EC AEB8C53D 80A9AFAB
01EDB969 638D39D7 EF73E36B D541EE44
98198CC1 12126FE8 EA4AA7C1 5F296863
ACCB973D 4A3D576A F1912FB3 FD4BAD52
6C682FA4 1F275A3A C083ADBB 3C14D653
8BA46221 2B1E0671 230048AC 687281DF
856BAE1D 5960558D 45B10770 6474ECFA
81C66593 503EAEC2 28230031 F0F28B75
F7DE92DE 11AE42FF B6013E97 3CAD3203
6BBFD309 BBEDAF76 CE770D4A BD5DC597
24917E8F 29F58D57 C0CD8354 7A123674
938EB107 944C9742 E653B0B0 B1293486
EDD8A923 4C0FE0EA DA502AC3 3E7892CA
C24E033D 4B65860C B5982A7A 483962E9
7D6E79AF 078B6D63 686EE070 4261BF31
EE958793 28378935 D39E1FC9 4A4874C7
9F7710A3 97C9408C C4B04AAA CA6B3755
28F6D543 22099EC8 CDFB9D2C 6E0C9D12
7A1265DE F6C6C491 9AA07C3D 5D420F1A
FAD9E7DD EB1F98E8 E540EE31 4ED2485A
E7EBA7B4 33521B3E D1EF8F0E 48202713
32289136 ABB95941 259BE53E 6ABFE8C5
6CFA8E61 0F85DA1F 8CA9254B EEE1E7F3
F453CBEF 596C63F7 C3FF6DD0 DDC9EE03
17AC48DB B28EE5B5 BB0903FA 793B80D9
264AF5EB 13CBB05C 3082F4C0 7D74600D
7A807982 03EC0E9C 49CE5AFC D3A59DC8
5B1F0039 69C2FB66 5D810B44 CE05A29C
8D8D7445 EC407E7E D5514EF1 B7C93D62
1686CA7E 85BD7922 B75C473E EEC572B0
BD7B7F7D 6AE7F062 51A7E741 E7DBB78B
CC9327E5 12F22DD9 944C5E60 15AA59DD
106CD68E C7024DA7 BCA5B5DB 81057F6F
60144038 252EDA6E 910BEEEF 3B074D46
93C45F03 FE4434AD 1DB9487C 5505FEAA
72B60D97 15404C56 8E4C5688 5D8A382A
A1CA875F B8329F1B A812176D 56B1EA49
A4A6CDB9 BEDB4837 BED5974E 0E4C3637
1B466BA1 305B87D2 0D5C6A9F C2CC4E50
EE896F91 B74448B5 81AB6BC5 EA5D47A7
9A9117CB AA9469E5 E62AD24D D251F573
F1E1F548 D4C49BA7 0C80084C 9C66CB8D
3AE89FB3 CC9E5891 1D8EA00C 3D733DD1
4E29B3B8 A9B7BF5B 58C34DDF 318AD710
E7846320 6F323A2E FCBAEF38 6622101F
4201C3CC A2ECFE2E E5F2C147 46DF9503
265379A6 4E346997 EABDE6BA D7CAF72A
5DB870BE DAF3B61A 7B2D2DBB D3AB1FA7
1DCA0952 B68EEE30 D7FC3869 723881FB
E03A149E 912593B1 E77FBDE4 AF3C6719
E1624CCF 2C40D699 479C203B 86646D54
FB6A510C 0E45B30D 5C13B584 618CCEA9
CA54B9A8 C55748E1 5E4B87B5 97C31965
E072107C 88AE5EE9 B313822D 69FE0CFC
803D746D 7AFEC317 B24AA647 D34AF399
4AA65298 95272E1B 8FFFAACA 6F96AC47
DBC02BB5 2C67B0C2 79E72C52 2EC3276E
377EE4D1 758DFE95 D0AF916F AFEFBD12
9DF27EC5 FA9ECC05 87A84C39 FDB26FE2
7CFB940B 7CEFC42E 0EC5B59D B216FCB4
969C475C 60F4E4E3 8FBE5613 4F2CD636
0C81381B 84A8E33A 038E7F40 D81817FE
9CDA5154 03D888F5 9AFC556C CA567EF0
C6D240FE 066493F4 06172A6B AB56C974
1B3988EF 6414E44E F8431589 9F4D7081
9BBAC022 4EC4CAE1 8CC57F17 A92C88A9
FAA052A1 54A2B213 B5C70825 6283367C
13EE19A9 1B572E93 A000ED7E A2873410
C6DCF1B8 8F152C69 48CF780B B391DAFD
5B3DD6F9 7AF1FCD4 BA2009AA 7CD2C62D
F300B53C 618401BD 61FB5FF2 8A7D4485
DA5751C8 CBC32769 5CB72388 08B45A11
E5F7F32D FA82C668 5A056726 9DFC52D1
CB08C176 4D935279 A4212075 8019A043
52281B5C 793A5E5A 11F65518 4C3FBD1F
8D624BCE F3268B90 902EE519 2B498DD3
239CBC7B DE4FC682 E7159873 6BDCC83E
1CBF045A 96913A8D B5ECB8FF FB39F4C5
82DBCC81 E63535DB 465E6C5B C5E9C48E
76D0B256 C1CB4A72 FA2CC90A A1BBEE72
20CF62B1 F8BEA76B 1E5A9872 686299B8
E28DFD4A 6068142E 13EFC2B2 4A9C27CE
EC69C9CC 8841BC14 40BDC271 DBE47E49
B03F6533 0BD09B93 9CB7C15E AAEC6711
4157BF05 2D111A60 FAC96A60 6E94BA44
C42F828E 40E746F6 082A3FE5 C9F526B4
7CBD2D41 2B4AA18F 4341F52D 0C7D3BC8
9A8D82CA 01C25968 A7D188CE 5F5182CB
CCF3A228 172FA711 3BCC6E3B 4BD12948
86CAF065 E0C29D5A 87A934D3 3999699E
2BF4DF21 EF1F766C 54717B7E 78438D8E
096F2EEA 0194DD95 6F0030C7 847825C4
9C6FBFD0 81794DC1 816BE0EA E632A005
0DD45CD3 D4916091 1E70A7D2 F6C43094
0B44109E 20ACB655 72443891 6AD58AB6
4D9A44A8 5BC78B06 8924AD2A E98D2FD0
AFA74E3F 469CCC63 74019DE2 CD866093
FB69B137 D2AEC6D7 12234886 81DC1BD5
AD589CC6 6809F1D7 A1A3D42C F29EA1E8
1DBC6570 34554282 630C5678 B921542D
3F7FD423 DDC9C5C8 1798BA94 F5B9A24C
7E71B1F6 4BA6A0D3 6A134BDB 45C195FC
D1BB6D81 41E39D0B 7C49B669 67E6899D
313E0679 C5632350 B15DA680 19CEAB9F
5F0F4D7F C56967ED 598F8958 EDD29B57
3FE813BF F17D60DE 5DCB2E52 58CC4446
24A9DEE5 D560D425 C0E3EA92 EECC7710
4FBED9C8 1C08FAAD 56BB5157 BFA558C8
BC12B71F 361B3CED 0B12B77E C2D41835
95D4DCEB CEB00251 011A9D28 D2F946BD
274DEF3E AADF372F FE266679 9A1E654F
CD198D96 7896F002 172E08D9 FD8B0902
F0AABA9D 460D365B 44E04B5B 9CDDD79E
7BA24A7A D0EDC4FC F2759BF3 DE56FBB9
732C9EEC AEF1A598 CEB68813 16905DBD
D8BCD13D CFC28460 00DBC3A0 A70B8AF3
E35A6D05 67D2E84A 5E1D45D9 504B5BA7
6235BD2E 698AFB16 C691CB24 516730BF
680C470E 6404788D CA414EB5 3141673C
CD4EDCC8 A8B63EED 759399C3 19A8CD4D
DB078EE6 492698DF CC967D06 EAB1CD96
29717D9D 9A09E830 E5FC8582 D25B84B7
50051619 7A0CBB90 E3459CB1 8670BAE1
5CCCD33B 285EC16C 2A2AF6E6 AA5C0315
AE21C869 6378AB8D C62D0AE5 5C40B3AA
5B56F10B B9DDA2F8 32AF766F 512F89E9
8728B437 F8339E30 32B93997 79FF199B
63F21442 D3E032E6 490461C9 EF1B3D97
AB8D200E 6E5535A6 460A33EC 176B6B16
464C747C C956FF83 9E1C6B05 CD67B745
417EA93D 698D7F8B 7CB727CE 0FB1F950
87998310 D994CD98 42061E2D E79991B9
13B173FF F4AB276B 4EDFC63B BF0949FA
DC7B7F3C 8F7325DD A2D5589D FA825C56
067E4C87 524F58A7 8D604572 19C8152E
6E0786AE 5BBE6B30 D98CB24F C2D2DCFA
28DF1BA8 9E23C07D 576AA268 BB4414B8
527DF7A9 811D9582 06EAFE0C C5B73055
BBA1A66F 8DE95D27 40A236FD 62757F96
F39523B9 0DF579B7 42E6BD02 C76B2BD3
4FADAEF7 E6A8EA7A FC523F94 70C8BE03
84F61AFC 22D75F88 A326FC32 4A9D82D8
B52F25CC 6957AEAC CAC62A45 BD4B3074
D1FBD300 00BB1BE4 557B5B56 378FB00C
CA33FD87 873617B1 C1B19645 8FBD2EE3
C0FFE443 FEF8EB05 5B0D71E8 DB2CFF3C
FD955826 F69E04EE 26607FF4 C98CFC8B
10A5A9B7 0FD8C91C 2BD635C5 A65A8E47
91E0330E 1DE57F6E D5E99703 DBB3419D
B9A2E52E AF2AE10F 569E0D27 92443DAE
E9EF7254 77CDB074 5BE04D74 6BB5B988
D1562D7C 23FD3928 D5D43EB8 7D5ACD28
F930F9A4 FA5E9654 6C8E0CB4 DFE35A24
173AA83D 622F4F21 6FE2787C 98A94206
9A2C086F B342A668 5ED574ED 8A5AE233
00ED3EE5 391D937D BB80D7BA F3EB2A22
7E980A42 72403E58 F0C52B1D E9A3E491
06DC06C1 4616CDBC B8BECC7B 58156202
4E0C87D5 9B23CE83 7D8294F3 148ECCB6
EC2058E6 BBB5FF52 F31EFAE5 4A85BE6E
2FF4EB2A 9C2AA863 516AA6E8 F4AC8045
1EA652CB 785F90C8 089EA767 E6B7D59D
95B5D47E 6D48DBF6 6BA9BEBF 22D703BE
67943A11 75CF24E6 92C5C5A8 C063E886
A9ED3DC3 4AD07340 81291686 F145A546
B8CA7888 09D3B55C DBB5FA18 3F8D10B9
540093C6 8DBC0B98 AAE3516D 0578DFC0
10D012DB FD74BED4 60B26C25 C9EC6ED6
231AC707 17D4CA13 48AA3B6B 16E39115
B596F680 555B6694 403E2CF2 755FE770
A4BF1BAF E08C1413 ACA30DB0 B73B341C
6F70C01A E6AEECC3 10E9527D 5827BE3D
C8F261AA 5DFAC0B5 7F144802 0F6F0ABC
3248D058 E3EF9D21 7E9D0898 D878161F
264BFA1D 7A6BCC47 4FA0A4A5 5C99C7EB
C116906D 39F76FC2 B74873A3 D80CCF60
3F5F1990 5F2FF491 7148B9A0 69A6526D
0EAC56DA D09F86F3 0587B756 0CB57A4A
FCA8B7E5 8D585640 81A7B97C 207361BE
50369E39 758600E2 C9C6D72C 542AE459
F182B6D3 4E10BE66 D546F75E FD9CB189
96FBDCCD 48D95D34 D9EEBF32 079DBA10
AE569674 D5C649D1 6DB6C003 18B9C5C7
E4AA6E47 701DFA4D B8DDBD55 3FE27327
537472A5 7D41834E 74E8E8D7 3908E59C
3EE69371 9253FE0D 555C9428 6E407C01
D35861A0 60A5F7D9 D8042F61 1FE344E1
DF79B197 DDE15561 61C38493 C1D667BC
8E7E91DF D1DF3996 7CE9870B C807AE6C
69E7141B 49119AE9 BAE05EED E5AF0D9B
26949952 ED27AE5D 8DA91C41 8A17A3C4
1C8885E4 8345C82F 3E6F31B7 00B2C28A
AFB64BA8 9061E100 D81FCF3E A900AE5E
33373B33 020B573A 3A3ECB65 715107A5
96EB19FF BBAB9334 B0373F43 B8310181
3F069028 8839F5CA 066542ED 91793927
D80BECD7 6C7F41BF 15015ECA 2683C689
FC90F49F 05B1D875 E3A5D6C0 8904EEA9
1347BE4E 36ADD78A FCC8B35D 66632583
C089C7FB 2DE7E989 AB13E3A5 D95FC0C1
6190815F 33A7754D 7F3FC630 61BE1E2D
82697338 7B4BE1DD 0F5F12C5 0E50DC82
A2C91BAE 675C9693 D8CB4720 397A3B9A
17244FFC 05D32174 884DDF7D F934786C
2964ACAE 9F75C436 9236323C FF582384
17CB9BBD 649C86A1 2CA3A5C7 C67CAAE6
BE6735BA 864C659F 4FC56F94 10A55C8B
D248FAFA 2892388A 30920B5C 954AC7DD
7F4433B5 564619CD E4D27C85 EA8B8D05
496120DF 306FCC32 ED3945C7 F3D4A69E
6CA5466F 08C1B714 305CB541 9AD879F5
E5D0A9F3 16711F69 0A6CF7FE E1FF8637
D233A8E1 DE151209 0C6DC8ED 2E278991
46FD0020 EA2B8AD3 FCBCFCE1 693DC1BE
2B6B9D27 2666D76E A91303DC AD4FB70C
1ED21DB2 39D4A4C7 A3DD33E1 4C0BE53F
3754D308 5D5EE490 DE4CA08A B71CB311
0813B6E8 997B403F AC1A0243 5D315849
DF4D4B95 B12C9926 4251DFB5 56B41A99
712CB219 F4A2F87E 06E6ADD2 51EE018C
45828864 3EA27143 B1227BE7 81409C0A
558D3F0E 4A913441 0FBF257D D46CB3B3
2ECFF3B6 F2414C3D AFA40613 83F9E663
C1700717 00DF63D0 A9213F8F F71ECB63
18CB52D8 06E2F4BF F645A4C1 7C8799C1
42C9769F 8048B147 74CE0CCC 09B2243A
66E0B9DA E0717029 41D692FF 0DB7FF2E
BA6C644F 0C15FA60 5850C786 EFCA65D8
4CB5BB73 4EB62449 C8CFA297 7EF6D133
A2415A7C 055FD694 E1128F96 609F2365
93EF5808 0C8FF58F 564DF5CA A48D6B2C
7238E674 98F0C03A EC4E1AFC 3143907F
8AD70440 F0FCF57F EE9AF62F EBFED9FB
57536BAB B1EC0752 DC440082 A3852CDC
78247AB9 6A942BF0 3BD69051 1F2CF945
1F143B52 0C6A5BBD F212185C D18E9761
9F57F631 EB9417AF D1A84900 2CFA921B
4893ECF9 45D58F33 A03E1CBF 8F3441DA
421883E6 DD27785C AC2B50D8 B890E04E
CA1235D9 2F9BE03E E2C056F4 CA7E586C
2317EFCA DFFB83F3 5F5B252F F9505A3C
17A33090 80C70C7A AFF20BBE 23D29861
BDF34BDA A92F0F4B 0B6E5345 B06F35A7
0603FBD5 90A980DC 276C9153 6AA48577
1DF28D74 D8086909 B056E8EC 68D88C80
D351B0B0 7293B9F8 4CACE598 9C13F201
ACDE72C5 BF405C1F 10604D2D E26795C2
25BC3071 073B3DC1 99A98B4F B34CCF84
D178915E F9A3CD9D 2C987561 191A33C5
F265996D 53822ED5 174F49DB 14477D64
5336615F 1142242B 69412EF3 5EDC2C24
BD5A0E62 7EE5BBFB 7D766C08 091A7130
55383134 3E07E12C 84C40C57 802AFA05
3B4A17F1 463DCB25 FBC2D2E2 F47872F6
87E8E67F 9C7E3581 2A3834D5 A13184DC
171684B3 67F27999 0A967527 CADD1D2A
F32174FF CEA7DB7B 265EE38D 6974C2AC
099E4DB8 C372BB9B BAA2916E AC6842A0
A8D61C82 CD821A6F 79ED4C40 3ADB50E7
6EA80F40 19971EB3 D24362C5 2E2851A4
5E8B0AEE 4F02527D 467EBA7D D5FAC6AF
0A186D79 1D009BAD 00438C5E 726AE063
DF4E6BEF 705A494E AF32A537 1B7C1937
C926D656 969FE829 DF1D1BEB 6B6AE928
F47BA83D 36AF504C 2DAE261C CCF556CD
40C8B51B AD812B60 E755BA0A 132B2B42
08FF6471 AB6B6CEE 637B756E 588E621A
C4987F0C BBA64877 2D4DB081 848240EE
E61DC5F4 5FE81A13 94F39345 6533F28B
BC5CF820 D72C3657 188FEFE1 B95999C1
DC87E3EF 7D79C5F4 73E20451 7F120816
896F1115 063F53C0 CEE8BA3E 2878E906
F8B94BDA 46FBF09D 5C125CE0 70217F08
52B5D90D A4202B26 FEE649AC 0127A777
29A77D90 30D9C83F 526457FC 6DC07A74
BDC82640 5EE76FDB B2ACF01F B7EED149
4E96BD60 1E4CE84A C4C7A9A5 E3AAB6B0
3670D3DD 72D6FE49 3374364F E29B003D
95C72A38 38DD77F4 4ED2A829 23B67158
1ABDFBAB A411880B 9C30F21A 276FA2B3
C8193643 13332556 82B8FE43 120AEDEA
112A5B27 357D7377 F07A0107 9609FF8C
8D5C4C28 3B17ACE8 7FF70043 98247FE0
1ACD56A6 27C8911A 20522DF9 3BDB4B2A
7830E9B8 99C74502 10B8B8D9 101275BC
E8694A32 572CA62F 02718785 C43EEE96
D6C52C78 60B440B6 B8E31109 C9D0521A
0F8FA800 75332022 C7495C1E F4869EFF
D88E21AF 064E8625 A8F1689E 9AD7EFCE
1A5C4641 7DF6680B 64F8C144 FB5A8E3C
7522127C F58CAD9F D3BA6ACE 0FF58E55
ABE14776 52FEBF5C 947B720D 991A8778
83F8E920 9DAA7B95 643D388D 1FC380F0
9A131806 73007EF8 86E172C0 A51F7882
3874B302 4F32412E 1C24E4E5 6C669EC2
4C11D337 CD1432DF F3E06D13 CA506B5C
0C3EA5DF 976EC55D 4F4D2DA9 385092C5
B376A29C 729581A8 1587DAF2 D6A2C46A
183A5167 E1EC16A5 29EDDB6E BF99E112
225E4A50 B13AE2F5 C410D877 42E1D0C6
6ECECEFE 16B6233E 5D0E6C06 EAC8885F
34D21578 1B507888 0F8E755A A751FAA6
BA93007B DB7B55F4 269D87B4 8B1CA06F
50B06F76 F918E01D 6C0EF654 1653713B
737C61E4 9243A646 9FFD2D3C 312A9B4B
15E6C2A7 676BDAFF AEF33215 D8BA2C6D
3032E8EE E1776B90 93D9C0C2 DC3FF9E5
81279A5F 79283E29 B0A48501 C98786AA
9CDEDFED 7B363925 341FF092 F00E1453
648068A5 65519544 8F282C9D B37DA63F
2244382F DE8EB5DF CD58E34C B5BD6A02
CEE7D468 69A63BE4 42260CE3 D171049A
95735133 32260858 41906FDE 3F7D345B
C06A3FC5 9CE63AB0 2D9596BF 8B79F07C
EFED1FF5 3498110A F0451A93 B2B2C8DD
5A272139 C9579053 AEA6AE3D E558EEE4
9ECA3A0A 29F860F4 4591E187 1F3D35EA
8FB0710E 946870BD B54FC6AE D180BC77
3E0ADD26 8AA65129 7F584B8E 87158EF5
AB74AC8E DB566E9C 6AEB8BF3 E80D5ECD
542F9F93 AE61963D C8069028 6E4C97BD
A6E70DE0 81D0D66D 1629B5F6 3A965541
23EBBC78 A929DCA4 AA997E5C 4E609B9E
E92C9B8F E13D0F8E 0208B914 27139CBE
2C8AEC16 A45264EE FFCB7D3A EE4C584B
70CBD019 F69F8C85 01DC6DF0 52770951
C5B3E5A9 E93990ED C4E305AE 4E8495CA
137430FE 955914DE 6CA1420A 84B5C318
5081ABA8 38933F73 1CD68667 1B1EEAAE
F74A3DBE FD766DFF FA0DE833 3EA22384
EDF88B41 7E11007A 1435A1FB 154FC316
AD663DA4 7FA49A15 9C763CCE 713932A9
71331099 8CC942DB 49C16811 C7C4F4B0
CC3FFCD3 F66285EF 525230D1 9540271F
56EDCA8A A193B1CB 95D79412 A0B88707
BEEECD59 1CC0483A D8BDC97C 0E5332AA
ACDA830A B37DC348 B7159F38 6550B8BB
D400D3AA 254A3A1B F46A8EF0 F19177C0
7EFC62FF 3E91E808 761163CB 3AE51BCA
22346C94 9D65FFDF 19453D88 66FCBFD2
0867BE38 21516BF4 F429A090 8EE03D14
D9985981 8C2362E6 247647B4 EBF28717
B1578493 4D31B681 D96F4F8E 0B03314D
DEBF3FF9 07021CE1 38C0B75A EED6885D
7653E7F4 2F5C1DF7 0D17DD95 554135A7
3CB77DE5 C9B0F4E7 BDD1C9E9 1A209DEE
0DB730FB 560A196B 559A858C 3E9B6B87
02CBA6E8 0A7F389D 877C5BB0 579FF590
561AE61C 5F0E9401 418C3DB9 AEFA641D
F8FF6FBB 7FB3A899 06902456 C81B6B0F
A0E8CFAA 6D2E1D81 B44970E5 6E4639C9
0AF9A579 454AF0BC A1F1969C E4F3831F
68B9ADF9 EAF5C623 9E076B38 3F1E9B36
B33C8A74 D25C76AC A72A1314 A2011BCD
4F8F62A0 B5330A3F 72E4CA53 BC75945B
27198DD2 98341ADA B134181A AB5C1332
7596BB0D A4CB4999 4D25AA90 A0BA3E53
F25346D6 79F69960 3FC60C5B F2FAAF50
4C87E4AF 96504E43 792223D0 979A0DA4
35019414 CDFD70FB BD125A35 72AAC313
3E4E02D1 F1C601A6 37BE897F 3088879D
6B1A3D9E 0C73B18A 7EE52EAA E5F7AA2E
12639B7D A9FA0E37 63E2C38D 8CA4481D
7D92C49D FD97616F 50AFC540 95222D1A
605BACC7 25D3C116 EA2C1746 E11DBEAD
B46CBDB1 ACA5966E 906CADB1 A83C5195
89C6A01C 35112F65 6AAC482D 6734986F
0117A934 B638C88D 2A4F2A44 66776698
D7A9B691 0EC722B4 8431D205 1259EF16
3D22ED45 EEB9FB43 E6D1091E 9F40EE21
48A22C02 9487443A 9FD1E441 9D2BBDE1
18778BBB AFDA3A19 9C902E91 EDD39B6A
F2DB014D 77AB10FB 0A4CE1C3 4907D6A3
833C6F3B BA21FB85 C6E5338C 92258F9F
E94D23D1 4BB23089 8FFE47CE FB2702C9
E98BD20A 127B06F6 63719182 1D207EA9
CFBDC93A C9BE7D33 AD42CFC9 5E77ED3A
B2741BD0 840CA695 0B2F2032 2DEB3B7D
ED2BC7BB 8CB0124B BF21A85C 66F2A70F
AE30D568 514498A1 A8805F56 C9954E75
CB13B450 814B94BF 95E9EC2B 0CFA40AD
D01F574E BD3BC9F4 ACDB89D2 BDD0753E
EDA42881 11BBB1A5 466EC08D 080581A8
D9D5F236 31C98930 37AC253C 6413037A
EA93BBAB 8B153750 6F8DDE32 49FF5C56
F3E2E854 4BCA5DAB D6C102FF 91D47A0A
F35D64CB 3313B25B 4B1EF635 F8CE97EB
1164B6A4 3C110ADD AA7C24F4 523CF102
3E53D147 4C009F4E 7FB1A362 AD1240DD
E97FA882 18E1AC4F 26980251 DC427F4D
31E87C6C 8A41A08D C812FFCC 2BC5EB67
4CB5D1A4 417B6D35 0022EB23 312D2F87
5E25C511 D82AFC90 9392F945 87D7FFA9
0A37D787 259839D6 EC113471 8B8A7C9D
715E8C12 5EE6EBD6 E046C83D 5B6407CA
E015A50B 885CE902 4BCAA2AE B90E60EE
21D06B4D 40324E60 2BBD3217 DF769523
F81E283A 9455E51C 6026075A A8012D5B
B9014972 EAF0791F 38D6D9CE 867C276B
590E3A94 F93BD8B7 3A0797B3 90E8E799
091C435B 1A88F2A6 4CF7B8BB 72115BE1
D48B3A0B F26FBAF1 2E3007B7 EFF2EE2C
2D8FC811 266C1788 8C66AFAF 05AEAEBF
6A3898B1 97C220AE C49FEA0C 03C00CF2
94E36997 08D736AC C40395F8 AF385F2D
33D75609 8DD27D6F 32D999E7 6AEF2644
D838F9AA 8080B60B 4BC4303B F6E25B81
29515C37 FF669DC6 9D78092F EB8CCFD0
EB778A6A 78AEDADB A05CA0B4 3DCF67D0
6ABB57FC 7085658B 84797DF2 45131712
C5D9050F 841844E3 26A62F39 279910BC
DF781DE0 3375AAD7 0611F02C 1C2BEDF3
5325C0D5 928B0792 49E64F04 872DA2E7
3C61BDBC 4A7C0A3B D967D3E2 5CD101C4
D4DA2B54 10145164 30A321E5 6D002A40
AC13B799 07094C4D 00F94734 6753C558
32B3F009 489BA2DF 5ECA8034 37BD5A84
51E9C169 60CD6641 36C95976 020ABA31
A96B0206 B418692A DA70365C DDF2BF47
B25D7BDE ACBC48EF 9E2000BA AB151317
1FAA8F46 7F68696C ACD229DC 228A98B0
B950EF8B 7AC2E894 77F3F033 4012D3A3
72A30B0E 60882568 EA3D406A DB4C04B2
CDD3652E 6B1A01BD 04D797B4 7CEE5C86
9706F72F 9ED83868 481477B8 9917DE54
703AF87B C693AE51 92AE0449 C923DC45
F313CCEC F8C46AFB 2B6B9A8A 7A48B4E5
708C129F A15F98A0 B75C4BB5 D7252755
9F918ACF E609FC38 CD9140DA 7E51E0CE
59FB02AA A3902FE9 08DED597 962DD750
65A93A4A 4F483E9E B597D7FE 9879E21E
5D8D9DE6 F96A82A2 203E9964 5C03285F
EBF49A20 96C96A73 EB51261E E4762F5A
1842D3A5 2F13D52C C738E771 593A488D
C144C0CB A9A361DC F2F9E9AF C8DCC3BB
F3ADCF8F 908E88AC A78127F8 125D2CEF
2EC9789F 01D2F58B 324C7A63 150B307B
5BAC28AC F1A101D7 0F156FA1 9D77DDAB
0DD070DD 80D661F4 9B3AEC74 181DC622
E6D18582 02335082 D02C1549 7E4B2633
247F3BB0 B5B2AA8F B2F42CA2 08E97878
97ECD3A7 6DD4138F 77AEC53A 1113FC18
A392EF2F 78F884F3 6F9CBF98 2368645E
63634A5D 47D3C8AB 8C35F3ED D6DF21B1
CF22EA35 28B02454 54FC03B6 2F1FB35A
8A66A6D8 951C5974 E0BB67E1 38709D53
8F5F6D3F 50E6DBDB 5A11FF72 137D2FFF
0F0E46C6 5087C70A BFBD08A3 B902EBAC
B4BCB92D 70E2032C 39CB66F6 CFF42AD4
C3DDBEBD A1F39C78 1F7CDFA9 202225D0
C3E9C62A AEA505CB B3F0D30F 288E2016
D594770A B19C9916 ECF98027 A13F200C
FF0993FF 56ECE541 B75530F7 D02AE2ED
E49661B8 BA0D07D7 093DC8C9 3D0909D9
F9A841B3 F103AA75 C33E604A 991DCA78
3F6A58A6 D2380A76 54CC1C5A 04A4257E
DA6EFAA0 E45818B2 A0D029CF 9E61E9DA
7DE284C7 AC261D2A D020EF2A D079033D
5C57641B 99827B6C 3134B85D 838E842D
A8DBB48A BA3D9F42 77BE00B8 86CB859B
962B53D1 348A3FD9 2FE9CDC1 18E1DCFB
E834E403 9AFB797F C75E58B2 ED875598
4498B3B7 F514471F 8F8B3D71 B4A8E73A
1F44065C FF85EAAE 7DDEBC65 6AA0BA94
2EFD9086 1CCB5869 737823BC BEC542CD
56C912DB 0CFB484E 1592FEA6 64F310D9
9AF1DF59 AC6E97AE 479C2DE6 838A40B4
5D93E3B9 F7B8E072 4D67D765 C062AC95
AFA4086F 16D5EBB4 FC40C7DE B1CB88AE
9C1C3D0C EB0212F3 D82EDFB1 B15D58E4
CD9E1AD2 04C2F964 60672A9E 3AB539DA
861BC6A2 031B112D 97D10ECA F4F20D46
D15A2BA7 0B6C563C C0813A83 F76E2D01
80D2F163 8F20F8EC 9DC9EA08 A10B54DB
6A231A11 B627793B 3B567758 7DF81EF2
90D4FAFA 853C3C5E 67623AD2 9F991B16
C2120F44 D00E4D9E A3ECA8AD 442D2B3B
F0A108B5 9A9F841B F4808057 EA8CC1CE
C44454F6 8FAD53A3 AC06F456 499A99CC
3DA0DE99 CDF6F831 FA21D279 00B97E3A
6769CB78 9DBEF7C9 F35F9E3C 4024C66D
FF4C37DC 8B475513 0501BBD6 81C47D03
E42F0FC9 0B798E77 743D24F5 B27BBD22
AF238A44 62E58FBB 97F141F6 7768754B
E187A2F6 0995A947 4CD0EA74 AC9EE29D
2F41DFFD 38400F3B C95ACF18 767398BD
3A07EAE1 43BE5139 E766E605 FABAF4CC
CB59A4DF 94689575 803BFB5F A6B18EBB
1181A2B2 F01FBF79 E4F54A6E 1E89F3BC
BFB67DFA EB50536F D685ABB6 DB4B4B61
7E6A0562 635527A6 BD55E276 FD7D8A6E
6574A2E6 0E908BD5 A03DE0DB 94E768A0
F5AF0983 D4501683 3ED8E178 D5226591
0060BF9A 20C90B1E 74E1D4C5 A4F4925D
E168F582 D4C7D96A 28206658 D5D9D5B0
EB729669 FAB337D7 A3904E08 3296EFC8
35F551D4 3A130D46 44850989 15150405
465B829E F8475786 6D845C6A 9623407A
1AC87E25 5848F5CB CCC8553D 6DDB4214
22B32372 5F9F48C3 835FEE16 43C8EED3
96DAB215 F801261F 94185B36 927C629B
0C90FF49 AAD0F973 BF8ED22E EB0F322D
4EA6CCFE 7FE07745 EBCBDD16 56D63852
956E8AB6 2E1E9DFB 93EBBCC0 C5E2FA19
E82014E5 F633A6C6 F266FEAA FBC299E4
9AD7A7C8 D5A9CECC 8AB9F1A1 BC6B98A7
23B93882 FDAF2FE1 D2D205CE 19704FCF
F7DDFAB3 7969F1F1 EF68B252 FB0380AE
8BCDADCC 956ADC2D 64A54D9B D9C3340A
64098B4B 25F2BAD3 A49CE89D 58B1C1C9
91DA347F A4C0B0B8 76289A52 64FFEA99
787C6249 C0C1066D B78AAB19 53BBE3B3
CD812895 63B1A4E6 A6859DCD 96FEE2A3
E90AB846 EF765278 423B8849 5B4EEFA4
DD7C4384 3D7BF29A D536F741 EFA9D9C8
AFBF6116 0E511BB3 14B90DC0 BCD41C6A
277CB623 43708EE8 2EDB64F2 3E34DBBE
840782D4 07E4D7FE A010C143 CFC10A85
65932F3C 21E25B22 A1900429 3E6667FC
6C52D782 2432130B 20517289 B6E7B840
A21C086C 27AF713B F0F7FC10 E0EF3750
C3CE1491 6030C1F9 7890B44D F63B2692
BBD19C7B DEADACCC E16BFE8A 38A5D9F2
0CFFDE99 93F85461 990F3DF5 99636E1D
99819517 BFA85D68 4BA3D1AD 1F28FB33
A04AEFCB 3285295D CB0BA8F2 62D1F7CF
F468DC68 03E2A889 99302EAF EB1915C3
8CFC0B0A 51735660 9C752557 F964874D
55494793 0BADF421 1C43E3D9 95FFEFDA
BC923985 9ED251E0 5C0B7D83 28196B0C
E58E9014 10937029 86930C90 9575F50A
A82911CC 841EE3D0 54FA79C2 ED24D6A8
24B5F18B AD9F9EC7 5BE8FAD0 8EAD2375
555FD0A6 E473C130 365EB3CA F4863C94
667C5920 465A1648 5490F94B AD106348
BBEDB5F0 84D9824C DD25C123 F6EDA322
A9D6E6B9 B7808D70 33E98473 44EBF55A
B6F9C636 6A245FC3 563F73C1 C34A518C
FF7A8D00 28A6A49D D7252C62 48A6FFDF
19675D14 6BD1DDD7 B11504CD AA8F72EA
1151FAB1 8991C1D3 5890A2E2 16D7B375
1B76FB56 1C2E4432 E563AB44 F7E29746
D743FA62 49B0FA91 A2909AF8 13EF4DC9
42151CF9 7C64C61F 57876237 4C3A74CD
D7B66A1A B98C4B61 5D3FD246 18EBD51A
393C9FD8 0725A6A4 0D304548 003A1CFD
9A334B92 526C39B8 21449299 57B220FD
E60C3A40 D4838C91 26B9E6FB F20DDC06
A08218FF A80A7DA9 11250B6E 186CEDAE
C9A20579 D86BAA68 FEDF5925 967DEA10
9DF0C16F 82272012 9D77C159 ABF022F0
EF84E739 4AE23E81 881FCDDA C1CB60D2
EAFB1F6B 53863F39 25092309 4EEC6475
307528B5 D33B52BF 026E1FC9 AB043C8F
E2046CE9 FDF36749 2585BE24 C3C93358
60112C49 029A7F79 8F385FC8 DE3DAA81
9781A7F6 AB34A6C2 3CF94E11 3E09B3C8
FDB440FB 9786C4D1 7F151BEC 5F3119EA
44681B03 716D9591 1410C4BB 10FC6E87
2B9B5E95 FBDB63B2 B3902095 A1092B3E
2DC65AF2 79B7F8E3 7FCAA1F9 706E06C8
D63FBF3A 0963B497 13C63F0B 95ADF4D1
9DA5765C C4F9B863 939851DE 73A13602
F7206404 8C20A1A7 61CDD530 EE2665C9
AD3F92F7 4D10A271 CCCCEBCC 36489BDF
10107885 4F4E5B76 4BC39972 699519A1
1ED76CEF D3B3472A B06EC5E9 6770A55D
74252AF9 CD21B93D 8BAE9AE5 CB833417
7768E3CC F82BA3D2 FBFF62AA 129816A7
9176F812 7C940341 23970F5F 9C92FC6A
0B42575E 1F4922B1 5B7D46A2 70CB093D
E4B98AAD FA2A590B AE29D70D 1B5BEE8C
3D894E9D CF7061AD 844CA69C BA8C8F9F
0C463548 2C0CD63B 5823E204 236D0034
5908A016 3DC99AC7 23648A75 7E3C3BDA
6910C428 BFE57F93 3DC22DE6 E4D8A97C
A78FCD4E 0E06095A E1809597 8BC56E45
673AF039 B632F93D 964557EF D1EEA493
1CF53C09 B91BF9C6 43CF3534 318845B0
48DEBEE4 313400D4 B7D356F5 7A31F42A
95C4D361 DAA92C50 59A4D351 E1798890
1FD17885 4AE4E29B DE369B72 1483C1C3
1112A558 F36E95E4 E78485B4 1E512256
77669BC7 38886326 66C8B370 288320CE
8E29D403 02130211 235EAF5C A9661657
0B4153E4 0EB1108B 4AC6C5D9 43F86C53
CD755DEE 81B57A4C FBF8F56D 3A1C6093
81D674FC 719C408B 13843525 8F550AEC
BAFC3BDA AF89946D 80D3F6AB B95E90DA
C486B8E2 1A056397 DE9B15BB 1315B933
C2C39543 743D50D7 F052D51F 97222B50
09078E77 87EA28B4 F1FC393F A5170C35
F14B0401 08E5C7DA 378F841C B35C47CE
B0438B68 51737691 0D647C08 94FB38EE
3D5B34E6 BC812D77 F3834255 0FC1EE0A
09A847FE E8B35FEB 55122240 E1964F9B
7E0AC348 61C94026 B0960E6A 44B8F462
5114663A 14B5E9D6 04B845F1 99308E03
56B8F17E 4304F841 52D56FC2 68658BC1
C40B9467 3BD637CC E4DFB7A2 05EECB5B
B653D1A7 7D1A8E7A 8D462DBB 25C7407D
5E8D45C3 82F7C63D 50D1B9C2 1885C227
49C85773 B36A51C1 985B3E9D 48CBE3A7
C0CF2AEF 102CECF6 E71EDAE3 5F1A0EF2
43D046DB 983C3D56 A3DB68DF 25A86E59
34CCA048 4694601F 6CB4FCDB 0E874A5B
9290BEC7 3DFB6F76 37441FC9 5EA20E05
19A9665F ECE0B328 E19755EF 6AC76260
09BF6620 6FF0D50E EC1CD8E9 97DC32A5
F0E400BE 8E7D0BED F80D57C8 E4E33740
3EBB65E5 92AAC867 878F13BC A38B710D
09F8A3A2 0625EA3B 930FEB7B A1B3511B
860E84E2 C12D891F 8A860288 8EC8CBD5
B68A0E43 3A695E8E AD496291 A59F7D9E
E10B055E C018BA6E 72155DDA 8C427B1A
C9D7E2C8 D9A3F8BC B541E784 C77C8708
EEBB0869 A8679893 EEDF92E6 E944DE15
8EEEA118 33BAB331 32B116D2 C2E58CDC
3BB6BF1D E1A81C26 0AFAA6A4 70609F86
861E1A98 FDA73480 AE993258 59216310
20D5EB1F 0308BEE6 73401053 6392C9B3
597E9CC6 EBA24189 43A86C13 36442FD8
C604CBC4 6822A9AC E941C19D 9C5B7794
AF4F1EC2 29F211AB C3581E6A 0DA4A8ED
C808B2A5 CBA5DD49 E10C22AA C9F0CEBC
8691626E 8C1E7056 DF29A1B2 3F9B92C2
8B44DF15 B51E7B4F 2E51138E B0D2CB8B
7EF4F6A5 944F81DC 4F5E6BF6 522C7C15
A2E79F6C E7AA9EE8 87B99578 47C0E20E
80C9F980 BF8F40B8 56CFFC73 A9C41149
1FF8E64A B9FF9190 12B640E8 EA479C42
5979E098 6AD11701 C22CD764 A629273B
0A610CCD EB3F2C7B 7BECB42B C65C606B
820EF86A BF4690F4 56FADCAD ABAEC60B
084C2922 3CA7C2F9 F8139048 1015E7E2
0C2FF078 15432D75 2A1DCF81 5E20370F
10FC86CB A9B1C565 7A38F95F 3C7DE3DC
4F22730D 3FCFC4D1 FA144056 FE5D5A8C
6A71B579 8C5712D3 9EAABC90 E27B98F1
B88CB903 C0CE77F2 E364E50E 992CEFB7
44A0900B 55ADFC1C 280F0361 042CE77A
333366F0 A69B4086 759FF3EF ED67F51C
CE2EAEB7 09B0E631 853C0F9B 2A8F8925
866A4C70 27DF8272 7C704F47 B7336D5F
C3D8F995 89E33398 B045676B 8DD9556D
1D7754F7 69E2ED73 4EAFBEF6 CEF0F51F
4ADA5683 E5A40B9C 11D3FE93 90E7EC2E
259B3611 DFF6C033 7EF41411 890B9831
20D85A38 E57CD96A 7A7A5B2C 24648A5A
F55BCC88 8BBE74B2 7DF8C380 309182D5
6A9FCFF5 41B0BB45 AAC4B1AA 1333798C
AB9809DA C46DE784 22829038 0775AD91
8F272ABB 4C953038 2EC48FEA 2CDD1E0E
CAC2E14D C5571E53 A15DFD09 0CF0A858
DCFAF820 31D3C34B 06B46E2B F7D63DD2
945E6AE1 944982F1 221CCC82 7F458A68
5FB1D2C1 A62A63B6 89BEB45B F952AF8B
E4FB0C60 7548523B A0D1B44F 24244194
4BF3C422 C322CC5A 518D07D9 962F1B2E
4D4B880A 63AEF76D 0DABD1C7 D4EEB71D
DFD94733 9D4A6B25 C882E089 C1455966
D66AF812 B425372D 5E6E064C 76EA77A6
08F9062D 04E6EB98 8852AE3C 16AD4E0B
D6C8DFC7 8BCB4BC2 D24A285E 276E0FBC
E2E99012 148CAF0B 0D460EF3 51F4187E
8616421C 596AB82E E6E07CEB 42B4E739
CD686755 AC925D9D ABA2DD7C 1387C3CE
D0966CD9 28828140 63542668 AD90ECC8
A5711896 1A19ECA8 99683BE1 342971B3
52A0EED9 E42B467E BC5789AC C9D12925
3550C97C E3C22257 25CD15C8 670F91E8
C5D95B6F 6B56BC46 3333E6C5 DD851771
1E1B8AB4 D514E783 098DF09A 864AC744
603336B0 7DFACDF9 6712DE91 B81C563C
C8709248 4F6E56C0 D78AABA4 F077C5AB
FB36CF30 43888C45 95771FEA 0C179A91
13B6E38E 709E3DF7 2528E5A1 FD43C961
64310C42 C06C84DF 5C0EA404 7666357E
4DC0AEEE 7F66C83C 4CE227B6 F04D6632
4D4F8C09 40E86348 68A0E5F6 1D2EF8E9
36E6F453 A97F0426 114EBDD0 2EAE561D
107773B9 6852983C D3E387E8 FB7635E9
04C967E7 80FB92D6 EFA19386 97317583
D2FC77A6 3E11A068 1F70CDC2 FF6262F9
29F9B1C2 6984A651 98360E27 3459C973
E4F79A78 AB727987 169DC123 21890425
AFC0DF35 01E55E40 0987355E A4ED4933
1992347B DF468293 3B3D5396 AAEDC655
E3309C37 59F0753E 3E14B303 939EE5C4
AD8DB2FA 715B7815 D70418D4 27D01B64
2C95ED67 B696FFC4 0F93A079 4E8921E2
AF31CC4F 0B5FB37A 614DD82E F761B461
50C1CC42 BB5FB4A5 169DA9F4 8CEBA20B
1B7F5258 2874C0EE CE186352 15A2E919
A7D68256 7DA00328 82453DA5 BA079998
E28B4680 C61A90E7 644AB40C 0CB210A8
8C522CCB 258148D0 A86D4715 0FDDEB76
819BC1B3 AD70765C 883E6039 F25D03F3
BFAB8599 9FBF915F 0AFC7498 074809B0
03C1704D D1998DD6 CA5338F6 4E7D3EFD
9A52C50D 6ACEBBAF 71DDF08B C243D27C
9BC0694A 3525224B D7F867BC A085B5EA
5A2E1086 7DB297D5 7524C57F 190C7626
5166BCE6 3FE0CB0E FDC75E64 0D333D2A
25876DAA 0351804A 5358022C A1545AB6
5F479272 158B94C2 1FF5CFF4 E1B01CDA
97797592 89FD63CF 18199936 60FD46C6
D49773BB B4BDC0AF F60CCE1B E2250074
9C259BD3 6168FA67 5F52972E B9CDD2DA
2E57B996 35073DD0 59F9EDB9 090393D9
E42BD0B3 5B71B516 918718EF 23CD813D
5E774C9A 695BBC7D 28E5FFA3 AFA65FBD
BB9CE97E 9FAEE8B6 1E41E191 B6C6D9A5
BDB6814C 7C3C862E 4182E074 298D1DE3
969AC7E9 5CEEF9A9 1C85E015 C4D42832
38C0821C 0A5DFE8B 3456DA6C CB364B23
5D8A34E0 37FEF1B7 AA046A98 F287D43B
4A71624E 7B7E6B7B FF128585 E75A703C
865A7A83 F6CFDB9F 5B304578 DEEAE623
A9C70313 16B76B36 F9B5FBA6 E85CDF49
2599D1B8 215A14BF 354E807E 78B6162C
4397579D C87980E6 6D88366E 8EA73096
8DBBB3C9 8178FC07 73855035 66A15B33
74206F19 4D86DB75 406CC5F6 116A4790
4A4686FF 6C242278 92D6A716 484C78A2
37429F09 E8577301 D569A44A 4D9523B2
6D8B17D4 DCFA0EB9 F63F1DE1 428C380F
23A4799A 06488849 D85367DB 4BF005F6
B3FFF60D 1194624E A6784E5F 56087187
90DC9134 CC582E09 C15C2F11 A7892A33
90B2681D DCD2A4F2 DC5AF123 7D3E27C5
9C41B98E D2291A18 559C8851 FB929CAC
244A9D24 BFBD2DA7 6B66F55A 4E6F4335
113FB227 3B391EB7 04C9A4EB A0B1CDF9
A017F4EC 83DC6E0D 22ABECAB E26D4742
1079F990 D840B064 2B30D46D B3BB5B03
5EFA54F6 BEA2D485 BA9DAB30 AE8DDF05
2C1870FA 41D9670B FF781917 0B0156EC
5A5A238D 1A5106AD 9BBB45C8 5FB0A955
AC6B9F98 22046A73 2C2D8773 198E07AB
DB886C8D CFB6408C E44A3298 1F1E9430
E7725865 493E963F E446CCC7 767DE896
ACA6F179 85DA3767 74F08AAB C3369178
D0F49B6C 006F1D22 272C0B60 7CF34177
5A657077 BC52A696 ACA3F60B 917B3FC2
CFE1AA34 058DB367 96AFF5D3 8C6CD123
3F38EAE8 290EC49C DD928075 4D528D2E
ABA71EEE 67CFCA2A B156142D B19664A8
6E787CDF 80D265D9 42999305 5FBCF71B
F226C90A 1689F999 7080415C CA206744
C95AA4C1 9FB52E26 557802F3 F0688D01
73211285 3EA5EC1F E28B1417 653BF2EE
BCA7A711 2DA0D8FD 3527D376 ECB105E1
BCAB3581 CED76393 073718FA 3C767C3E
8E7D746D 07E74F8C 63A6B35D B90770C2
C2DA7317 B3CA642D 3F8F05E2 CA10EA06
4F850AC5 6AB0369C 72B4A64B F1CB7FCA
2749036D 120D3266 D31DD664 DD1DEFAE
3DF6FA69 0B2DA0BB 0CAA0A2D A385E7B2
5CACA205 04520E63 121ED8D7 02C5030A
DAA8E133 868502B2 9A205DD2 EB896496
EB001BA7 276E42D6 E22B774F 3CF2BB9D
41740606 27F692E1 73A63EA7 E925D1FF
A4E6D812 019CE594 B5AA0927 64C7639D
2420718A 01C87CD5 BABB0431 16BDF9E0
B3944576 912DE57B 4707236E 7D843F76
FB3E63B1 D745AE6D C307E62A 186D5C5A
34705AA6 508C0AE6 77CC1C5B 3EE0247E
DC6CB2A2 4C491AB9 A0D13BDE 9CEB645B
6F52C4A3 2CA69D6A D8A56D63 D074923F
58956CDA BBA372E8 2730FB59 838E81A7
D8F9BAA7 D2115F6E 2AB812BC 4CDF8DBB
86337111 6F5D3F51 3FEDC581 6E66FAF3
F824B412 802929D9 579E7EA0 E9871199
0709561F 59B5DAE3 85085462 9C30EE72
689FCD02 07BA46A2 E0DC7307 64523F28
A0E75D09 C1E501B1 12E9E567 95F80EC2
D29E9773 A75A1209 2A148C09 9258E3BB
11ADEC8E 6CA08A5B E2C9F611 7EDA30CA
11923282 9870DDE2 97EE3548 E56456FB
3E3BD3DF 678CA0C0 3F575183 EA1ED3AF
803F3086 9501D5D4 208A91A9 998F8E78
BDEEAC64 97EDAF7D 4662EEDF 07CF4DB4
72D1BE97 B09819AA 53CF8889 31D3C481
CB0B7054 AA1424F6 882474CB 4C2B3DE3
7AD02C1B 8EDCDA1D D8389D29 177D5B4C
7AFCDA0A 707E4038 A3F74559 EF994823
15FB6A8F 52503EA9 4E366FF0 63DEFF87
EAC737A3 3BE28432 0ACD4B22 0B144F10
AAA32B14 ACB8C369 B2969E2F E21E2BA5
B0F2AF2C FFAADD77 A0FB7AF7 773C0098
608E277F 2E9A21FD 7FE4A2B6 0AD0BC87
8C2DF4BF E66D54F5 48C51489 0F363180
3DC5128D B32FF239 C44120E9 A849F0F7
663D2497 5A35B310 3968FC3C 2C377480
20D5A5CF 696AE5E8 93164ED0 63F64C92
8E9687E9 A2CAB53C 9B5E8F5B C4F3364F
A68A670B 9015F808 9B1D28D8 32897A23
36315E6D AAD500D5 5DDAFE6B 91AA37C9
7DC04906 E945F2CA 222EA067 73ED20B3
94385713 BAA5A232 C3EBD955 3229C1DE
E8A702C7 AF377D09 613477E7 786C459D
425285B6 CEE9119C 521A0892 C27293BA
F339C83B 87989567 44CF81AC 94532CBF
08E9388F 085771C6 3F6B92F3 5E015DE5
C507F90E F52F31AF 70452D64 31E95E77
BEF277B0 AD0DB0F1 FAFAE44C CCB5ACA4
B9F46010 116F5567 CBA19986 FFC8EA49
435A4BE6 C072944A B4973C8B 85DBAB40
E6182948 68DC5351 C687291B 8D073DDE
B2126B24 A7664666 F7974EF7 8E0FF917
AF2E0862 2A2743DD 28D0593C F46E5C49
76943370 242677E8 E2E5FF32 06B0E10C
B46C9A97 20664371 2A529E2E AAF46DCE
7BB4C7F2 6C206222 20DD04C7 62A51869
333D80B3 E640BCD0 C470852E 9A1C4B48
77731A28 FF70CD91 E49BA7AC B5498365
36562ECC 539B8E69 25AB4EB3 8D17E563
805A4A67 C85B8664 AC826E27 7C5193BF
2A6982F4 4369F2D9 142D783F 560BB87C
6189EA4A 1A362CBA 81049DB0 03990911
F34949E9 02D6190B 0DA2B218 7E72FB66
EEFE56A1 6261C5B5 D06B6F32 71FBAFBA
68DC5E55 C0A34B72 ACB4DADB 33EAC333
D0CC42F3 62BE556E C6F3C45A 8BAE8BC8
4C39FDAF 814C1454 3C5CEEA8 2155571F
AF09DB9D 1759BF89 A1E130B9 4B055836
F9BA397F 0C54CF66 708394C8 81D86381
0336F0B9 A8F5AF5E CCA808A1 27CC726C
A28697FD 25534AF4 B146CC06 4D9921F7
D31B2D29 5AABE0A4 D8934F3E 7407A6FC
5E93F3EE 683BA81C A40BDB92 1696DDA7
F438A091 A19706D5 8EF77D5B 28828A2E
0D042F2D 7B56997F 885EA06B 3A2A389D
42E799B8 C9921BFA 917FD4C7 8C7F4465
AAA46046 B8C9DC3D 9F6A1DCA 925A2103
3C9B8C23 B4EE918D 628004BB 9A865813
E3C36F50 DE51A6BD A0142D4D 312C288B
08757FF1 8647A1E7 C176F09C 1A2BD2A5
AA0DB3C2 42D01B72 D741210E 2E2093F6
48FEB136 AAD39788 7B598AB9 8D7B144B
B7464027 2A0A11A4 DC0FE779 74846921
566C635D 8B30FA5A B6A5746D 3AAEE78E
253AEDCE D111BE9E 2EBE0927 56ED7393
C0A793FD 620C18F5 35F7C762 08B43305
F51E34C2 B67258D8 45CEFCD2 F9C54D9E
E65E419F BCD574AF 97196F7F D1DD0F5F
CD5FFC04 129EA199 4897B30D E95BD962
F88894E3 A41B3AB5 DB6CD496 E27C1EA8
50C33A4F C320CF52 F9A8A79E C3E8179E
4A33940C 814E1F8E F157B48E 0E177B02
51913435 189F457A 6032B2D2 795680B4
DB8C2F07 41E49803 C771AB15 F38F722B
2BDDE233 2614E7AC 2678696F 4A2FC46A
DDBC4202 A116F234 BBB792DB 854C7258
3F070974 24D213C7 91868BAD 21019DEC
8D547BED 6EB533C5 8189900E 82756A6A
8E49C919 9EAF5D95 F50D77CD E35BBFDA
B164D106 C52C6B9F 93B0A3E6 F7CF40D7
8FE1BF32 5BB2D8D4 05607B3A 18957E25
3A2613AA 97695E69 E3F8DDB1 105B278E
B18FA7C6 FAA32EFE CA34FE45 815A55EB
703A52FD 7B37F8E8 B2043F8C 491658E7
0D82B669 574A2FCB 7C7949B0 AA587408
9543EF6C 8B55F9B2 0042678F C5E1EA77
B57DE878 7A467C93 8D090C95 200391F3
FD116043 7C12F062 DDC339B1 2559F2EE
AFCD09C8 931D8E9C F6B9727F 5D11D2A5
AABA53A8 704EB6A2 49703B12 EF6A02AD
BDF961CA 3EE0E899 E4DF53FA 23C3CD5E
24DB9EA3 A25C449F 3D82747F 35E0E72A
52503914 F9F4E272 9EAAD07B 92893B3F
2ADE37B2 B18AC0A7 53DA837A 729190EA
CA6C5AAE 18EC1448 26B52F77 D8AD4498
F780AFFD 8DC51781 C7ACA8BE C2754E12
F925451F 85D6C477 45B9872C 34046A93
0D453A9B C0D1BBC0 E658BC96 BFC79D6B
7982984C C16C5424 FB0DFD29 01D13294
7A24BD79 FB4464C9 469CCA2B 2DF92690
79C951E9 115977E3 C91A8FA5 B6C784D3
DC295C56 FC4A6DA7 C4AC3DD5 8BE5539F
A9B46AE6 3C3CA945 5C15A0A6 79FFBFBB
E3D8DC19 4B5F35BD F45F9EA7 91556DC2
4EC0FD8D FAD3475A DD5A6EE3 A49B72A1
0EE8F7E6 46D6D12E 833C52FD 9E489A27
1029A36C E3BC0DAE D02FB837 9A889E3A
F1EEF154 AFE9B07A B3AB20EF E8D138CC
9564F222 FD0979A1 9B233C84 07CFE75D
192A8551 F697FC5D A48D56B0 98CE81ED
B1E809A2 2DAF5B4C 84FB1534 AB48DAC8
0AC490E8 E94DC4A9 7B0DECED 1D189F1F
CD7C02B3 624620FB B3A6D695 62032688
77C0AA1E 82074224 2029A094 374BC6F9
1C2C0E10 2BFAE2B3 FF72DA2E 7A66D8B6
28BC5E41 8A05679A D4E27617 90696F92
F08E5684 49CF4B5B 7214C05B 1386967F
08DE751E 5CEAF56B 4A4B11DB EF64B07B
A846DDCF BB8EB098 4C8E7186 611DC296
BEDCD07D 0A3EF995 E4C03092 03214CDE
7194A17D D525F77C DBDA8B8B 97FE6B81
096738A3 211E5CE0 FA8F1EEC 35E56E2E
D98726CC C55F4374 EC46DE26 0F8B4991
8207148D 7BF78C75 F45CCFF0 953006E6
33E68DCC AEBC7539 5C0FE25F BB36987A
274CD669 E61702A7 5D7A426C B023502D
1FE43B47 82459C62 9CFC11B5 46F7B0E3
5BC982C9 C1618B03 1F72924E 608572A2
C356391D FDA075AF 79DED72A 0F26285F
92ED9051 E264BA66 4A02B0AF F9C51DD2
040C3661 6B0FDF20 BBFA50F9 351BB4B9
9DE5A848 53DBB864 779C8B25 4A7438D9
9D348979 0429599D 4571695A E65FC96E
D923E6C8 214235F4 948D9417 018B6F05
A22C203C 72001BBF AFC9B999 5E64FFD0
1DD3FAE0 5082243A 5FFEC775 3D0FBF63
006E08E4 2EBF1ED9 8F544491 2B53516A
1490E7C0 E620DC4A 00B23105 CBB251B8
297B0BE3 79ACE583 6621015F 52019FC4
C9913574 99F0EB7A A3A99EC8 A58E49B3
04FB74F8 F632C4FF 4CD267E7 04C67415
9D49DF8C 0D4C4886 48B45184 D5056F35
416342A1 0CADED9F 64986F44 661A25E3
19975300 5CEF4157 3AC51F20 361B0094
4D809BCE F33A344E 45B5EAF6 C5D3BA15
438342F2 B9BA41AD 413471AB 09F80197
0768613D 77FB39EE 283C4518 AA2EF962
1B03666F F099D69A CC422F5B BE7A0D17
4CCE708D 84B846FF 727A6173 666CFCCE
9ED56433 2E81407A 3721C85C F833265A
4C9CAE93 8721E8F2 D35CFE8F 4F7483A0
2DC39147 2ECB59CE 616CB19F 639773F4
D590711B FBD01514 8A71E469 AA14645D
A0675223 034968E3 4E8512AB 97713FAE
8829F76D 0BA8D341 32DD77A0 878E1693
0B326218 54E7F297 46608246 38EDC019
FBEEA626 7AAF0BA2 78CE5DF8 14D3A1C0
E25CF6E2 80974BCF 5E00669E EBA44C40
66D9FC4C D767D564 9343F4FB 42A15E93
021504EB 896DDF1E 1F1F945F 230DD6B1
E3A46AE3 056D14EE 12AC8635 C961C463
BFD714DD DFE0F448 5380566F 7DD134D6
AAA6FC85 33C00D48 D6BE983A 1581F049
4E180F0D 10977C47 14BB0A33 F209575A
DEEFDCC6 AAA36B33 D28E73F4 F8DB0DAA
E2A20163 A2039060 43701057 2EF4043E
001FD06E 8185AFD2 CFDBB389 F2DEA69C
7B6D8CC2 26BD3B98 E9709308 7A2B0AF0
F094B135 BD959D54 238A8EAC 7A240DBE
B87D9A84 7965DD6A 76B889EF FDC7976A
19CCA16D 57516660 F257F3A5 49049991
ADE4BE71 96157DCC 3EE28A63 53CF4EF3
74DCCB44 80807B93 5636E0FB 3B2B8C05
DEC87E3F 960D1601 43B45F5A 76997D63
6DF8DBF1 5E3CB9D7 625C24AA AC5CD3BC
425E2532 67DC1188 89DF148A 9F9BECCA
D1A45917 764A3574 76D2A6A2 6682CAAF
AA684D09 13F3F796 223D0A95 17F3377A
D7AE0420 1549E476 520DFECF ED882508
C74C6AC6 75C26D29 9EE56884 0DBB08DC
8D199823 51F9574A 52E1BBFE D474CECC
5F1682F9 AD269C17 9DD63CB0 3EDF2C05
CAAC0D3D 8848EEE2 5548FCFF BBF2B555
BDC1E57C F4DED11E 9AC83B34 E806CEAF
D5A7EA49 359C1ED0 66C27631 826DA8F7
96038366 0621BE1B C91E7705 03B045FA
336E37E3 1C1D4C81 BF9A0977 39911062
663C96BD B77F565B 47AF56E3 B09C44BA
6990FEC3 F887E24B 72BE70E3 FB63BCFB
006A6B83 0AAD680A 3F69B3CC 683DF4FA
1E52C4A3 B66EFCA8 7234A745 6CCAC5B8
DC56F017 28A6B399 CEA54992 C5B659D4
D31A5531 C65AF442 50DB81F8 A605602D
A52CBA8B 2B9F4185 7F3C17E3 94CF7D6E
800D7E5E E92C392E EECB0325 A98D2E27
3D5C8645 9B76C00B 1C2720A0 53EFFF43
08CDE945 00BC21E9 B30EE7E7 B7EBB7E7
5E76981A 9A436EBE 1322F3C2 F6F485C0
8BE42783 82097FC0 0FAA37C0 8E2BC795
FBDBC7E6 727177A9 AC106E4E 0FA46E9A
D169401D A1567C40 954B814E 444B6DAA
B4EEFF9F 0BD6E2D1 D88A582F DB975964
28305813 595EF5CC 17078AA2 C0D9B088
4B02224E 84AE913D 6278B545 7D005A1F
B5BF2C1B CDF369FC 85482EC1 E7555B04
6BD355EE 49BAD1B2 5249C837 E211729C
BA30D67E 39250F48 5C20BB7F 99E15D9A
62F32921 E03D2D77 E7D81716 20FDB272
FE78238D A0983981 A53E3FE3 5969611F
95A38555 E6296A2C 4553CF3F E11CFFAB
1F79D39D 724D7EE8 706BB458 47165C5F
171B6581 71879940 5DA4C670 54EBB4F2
CF72BE65 DAE27B07 38C23448 2B5E6148
E2E6CAF4 E38A5BDC 6504A9B4 3146424D
2E276FFD F09EA5E2 078DFCEA 03A305C2
B7F9D366 18581EE2 A6C0398F 6AD950B6
CBAE2E75 1FF462C6 6ED7C72C 90ADA4D3
938492D3 16201753 D5F07437 A9BC0CD5
5D82E705 EA50006E CB2E99F2 DDD2808A
A1423473 687CBEE0 36F5A68C 40A28DD1
EA090259 577906D9 AFB0BA2E 10DD694C
E1C58E78 62D4B77F 571252B9 06973283
3B212973 15A66CE0 CD9898F0 040893E5
CEEFE42C 44833CD7 F0BFA24B 3FA6361F
26BE9998 E85CBAD5 8977F376 FBDF0C46
D1729E5A DA001196 D18B3929 D72EC2FC
F302CC53 AEC78EE1 E7FA458E C189213A
A559E523 8E40E9FC A5EA62D1 D2FB75D5
E7FC20D0 7B98E13F E09FF6C9 37C0409C
7D191786 933233E0 6C87F4C5 1B973AA4
3A0D20CF 837A8F0C 58C75901 8E605F6F
EE686FFC 3EC974C3 580C9BD0 4342034B
78543B99 4A1FE13B 00B82E74 6178809E
7E0A44C4 E9D49404 FA89B0D1 B5B24988
E79766D1 25738B08 2758607A 447B272D
64B7AA1F 10D0825E 49CB0EA8 1F234936
6D379C2B 4B3BDAD2 22C873E6 7764BC94
0775682B 07FD5FF2 2D1A83DA B761C69A
531F5072 A18CC194 50002ADA 62896C97
25E3A2B7 8CC5581A 2905953E 569BB4A1
46802330 B0A41916 CC36B245 DE08F357
2D73C966 198C1488 CDB5F6C9 15E8F3A2
1B23A803 72654705 48A57AE1 46C70972
A0D68CE0 CFD3E18A 2EFA5645 6D09D399
FA189AC3 631127F6 9352CF58 16E4B49D
8E54CB68 5928EF8A 4C354589 45FBA567
90E88BA7 6F44DF4C E4ABE0A5 3F12CD72
AF72590B DE2092DD A681EE71 4FF0E49A
3EE36960 57C1E942 89602A1D 46D5F254
0C28F5B8 209F10D9 C96A1F33 9EAE650C
402E175F 2CA9C921 BDA39304 7FC4BE06
0E3E1282 BEBA8EE7 2664213E 26D4991D
FCABA1B6 92AE18B8 B4AFE478 6ED663BC
B5DFBF6B 874E8679 C1C1CC3E 07DF2D56
45C5C138 2169EEAA A4680359 D364C39E
365D66A7 B285E40B 0C00665C 6D62AEFE
F32717BD 40E91D99 67402E35 C007A618
99EEF3D7 53607F5F 309C01C5 7A0E72F3
6A215B07 3AAABC91 076580ED 08129149
9DA8E5F0 C767F2B2 239AAA43 04313093
F1AEE84D 38DEF391 5BCB0F6B 5D2EB225
04CA8345 7618252D 61CD1950 18F076CD
666DD288 E3AEDA5B D7C378EB 7C2DC2CC
BDF834B7 647FF8C0 E5892AED 2015CC93
0136EC01 6784560A 9BB1DC6C E054169A
B1D7D393 2173FC22 1CD9C82B E75509CE
3E97E2E6 557C0636 B4DBA0F7 17F2D55F
1B29A056 FBF80DC3 2BA45A24 7DACF899
7968873C B7C51DF3 56E14DE6 CCC0111D
82DFCA3E ED040CD8 8900839D 91917645
67243A29 F6AAD52F 35655E6A 79EBE12B
18B07CA9 3988B362 C3CF6C55 21DAE5B5
58E6B080 33452CCC AEC61E95 CA969B2A
9D82D3C9 9E2C2C77 3B8C4613 21FE40BE
1ED27EA5 C261A059 C4BC8F72 1C124343
16745B96 90834DDA 72DF1CDD 7783208E
A2862FDD 1B0F3E39 A18A3AB3 8AD47FC1
B52BF784 0D6050E7 24297DEB 71491511
178D9BFD 6857D15A 3FC85470 B0A8B865
968BF9DE BDFED115 BEDCEB3B DF605924
54816E48 F57F21A3 D1C4BB32 5DAF43FD
461F8E62 1BCE6016 A0028B6D E695380A
5AC8E251 02D67773 ABE82543 470E99A8
4C4BE891 B64BECC7 B91CE32C 5D595226
CE771824 3B832BDB 02824AE6 0C3C6DC8
1EC1BD60 8F0333B5 5114C6F1 7AF15435
0E8526D7 8199A145 6FC77C49 8E773243
31E90472 83F7442D 59457C75 C302DDB2
62246E39 399E7176 4E468606 C20AE0C2
1EB002DC 46809054 C977891D 7BD650E2
1958D938 02887081 5ABE7BBB 5111D223
F3F8F19A 67C1B962 72CE3006 432BB827
877025D9 714895E6 55B33E8A BC56E719
C9079EDF FDB9FDDC E8863181 C1986925
2D711D48 DA364DB7 A92BABFE 2B530C67
0C1E1179 536AC6F6 3F1C0BB1 2DD8DC3C
0C6B85D7 5A394259 8464601E 38B39F02
5607642D 90120E8C C6642324 C73ACF9C
3EE70CBB 9B780AE7 DB60866E B673CBCC
6ECB5A67 6B2D6345 C38DDDF9 D364A242
4801DCF6 ED1EEA30 789E1EE7 18D87D57
6FEEE4BD DCEBC2E8 335E052C B22493DB
C96093FF 02CD92F8 AFF39786 41CC2C33
3802D55F E266E304 33F8A640 DA7459A0
C19BC6DD B1AD85FD ED2290B2 CE562F8D
69CC0E27 F3DEB9A7 B563F2CA 60C39D41
5E44D0E4 491592C0 143D6CBD 37B8E9F9
37E08B32 AD994388 A299F7A9 A3A495D0
1681D8FB FE10F0E7 2B5EBC25 9B653693
91A03A55 B969C886 68F47F4F 1221E10F
793A06C2 059D70AC ED90E673 FC5EF9B4
92361234 E56FC698 DB714FA3 BF1F809E
9F9AD5DA D32876DB 95B159D2 54969E3D
C45C29AA 1E5E61B9 7D2F24BA 462D0C77
468D9A38 FD3E9797 3E34E48D B96F1C27
48040A41 CCD22B08 E2125827 7B268179
14C1D2DF AC7FC855 912B8C41 47EB3526
A160CAC5 0B79F07A CAF79D4E 9EB8BFBE
3476C9A4 3F583E39 B2B48021 DE4A1F50
CA100314 693E40CB FFA32422 44F70BC9
BFF7E52E 8A3E8885 F5CB2159 D3FD9FFE
BA051F85 45D1D0B8 37379CD2 153371AC
7A0EB804 FDE0802E 333B8BFD 507D8C57
120AD2D6 C6289FD0 7267986E BD1006B0
07C6E726 5DD74A48 DBF5ED8A FDBB00DA
A1C72990 47F0A0A9 172E5CE9 EE6C1A5A
D2978CFB 166E3C25 8F448D39 E3D92AD9
CFC56ADC 8C960256 E5ABB25C 3A7AA740
E4286D54 DDB92986 58694405 E6EF38BD
AAEF9342 2B4D4674 B3DD8272 5E77ACDE
E8B731B2 0970B426 B5F1FC31 9D4724DA
43930967 322A8B45 5AA0D7C7 921F9AFE
C9535445 73FE675A 68EFCEC1 78DC7E67
0FBBAFB8 D102C4AA 394F232C E8B14A74
CEC7A204 CB16F0EB 30A2D155 CDE2D8BB
388591D9 10B45827 09C25B54 06DCA584
85962849 550AEEEF D40C8F2F 1F105C5E
25CCE3DE BE888C88 A0070F13 91F3D9B8
AABA8F7B 3A8BCD86 7BEC381B 3687F2E8
C700088A 49BA1C49 8E8D9300 7CD2B168
BA09B67B B6718A29 09EC877E 658397B3
022FEDE9 057D0BF6 9D37F258 5EEABFCF
9BC1DD35 64608D78 9E3FA413 12183D9A
4C071F8B BD851C13 D08B2EBF D7168A2F
2E4D57EE B0699AC9 8AE730DB F9815567
AE01CC06 5FEF6CAB E8D29848 C8EED956
880AF4C2 6C24ED9B 3632BFF4 1374FDA4
712CC404 6BDE1681 6F38E954 BD39E3EC
9F50D2EE E9E09A0B 97299018 71F9A3AE
E9B62342 FA09AF19 DA9A9E3E 78E0F658
9EE0D746 9D0B7D58 B6AD2D97 81EB4DBA
EFF01A44 2E2BF4FD EF162E65 69AECFCA
367FDDBE 094BC1D5 27C8247F 363C60D3
BC45BC83 A1107DF1 F15A8754 271AF6C6
4990F697 DCA9AA6E 5C8DCF71 D940BFCB
805D0DFB 2BD14C78 0E73F4C6 D87CC900
01F05D73 B725C436 57491433 03F0F530
D94DEA6E B9FEF99E 7DE84BA5 6EDA44D4
76D9C86D 0EC06D23 E05EEB37 A5C96B2E
F73FCD50 373862FE 8F5468E9 6772820F
3D0A1352 EB31FED5 FF3DC2B1 1CE0A10D
20332454 CAFB8BFE 2B412982 278545C3
E231BC94 9D113978 E9446598 C51A19BD
968F68BB E9922A57 DC67D929 21FA97B5
FD21751F 88FF849B B6973AAC 62E1A6C3
29BE68F8 12B0EFF6 D15C612A CE615CB8
97FE6266 9A12EFDF EF74AE47 8A472C7E
A7BC88EB 19364D2C EFAE35F1 C0CE5C16
BC5E2727 33DD7B03 E6E53CB1 072520AF
8EC4C9AD 3472DD7F CC5D38D6 9A9F689D
5979CF27 9FA527B5 613FEE4D 7830B100
3EF3EA4C 2BDFE092 8A52FD04 EB2C77C9
8F577122 1D3C2EC5 1F789ECE EAC0D3CB
5E591D49 178BF715 B99689D3 17BFB3B8
20CBBA95 7EF00BC9 72A495E3 AA236B47
F22E9298 76EC9237 DF970F96 4FE3E358
5E2B4EAC D2C8C261 843F7545 EC7A9F71
6FE24686 FBDAC652 3377F13B C6996AB4
44701B6A 940164B9 4F61A2A9 7CFE864E
F1782772 FFCD6610 214B9C11 87469C99
7D9843D5 E075923D D5E90E09 51C09F01
9B3F4240 9BACA6B7 A0731CD1 980AB113
65C3E946 B5ECFE2E EADC642E 7D15D7AB
DE7EFE82 4B02BE88 B6ADEA79 558C722A
7DEA194E DF749F4E 2D2B70E5 CFDE308C
433421A0 305F29BD 74798DE0 82656E74
CE178572 CB7B3367 38188449 906D3F85
40EAD433 8A254A86 B533D9BF 9D79E70E
C8142547 7BDB2B72 7E479674 57839D4B
227AF779 9083867B 13C82AB8 79B41876
C61B4EB3 33E68ECC 460A2707 6195609A
DA690C4E ED017F88 C73918EE 60EDC0DE
71ADA16F 3156D1AC 9FF68580 ADE0A3E1
9DAEF8D7 68153E71 1D4906E7 BBD3363B
DD9C2C6D 495050C4 BF4EBBFB 3782E202
63D1E298 328B96C3 51773478 BEB2A0F1
ECAD4582 7FEF66DB C9745FBF A3D5D842
6E072E08 40BA8ADE F09F4239 E6FD8C53
DE15C74A 7BCA2663 112EDFBE 2CD65BA7
F1FB156F CD31BA17 7C0C58B6 E263309A
9ECA2C7E 41DD9480 CA2ECCD2 DD217731
A4ED0E23 E82C44EE F01BBCB1 4569B149
DC7F9D74 C147F075 2F02DE3A CD8349B7
78EE1048 1D94F9DD 3AE80F04 77CD618D
2072D6E0 40675B75 B8CCE993 8E44C212
71B55053 424622FC 9B16F4D5 F33861D1
D0732569 B3EA7290 BA4455CE C06D3F95
4B9338B3 C24EF00A 390E78DD 9D359C74
FBC4A1D3 3BE01E4A 0A84D163 5BF247B0
C5CB7147 272D26FC C94C489D E5717D60
4AE04BAF 2CD7F347 9325766B 55882616
908F2E41 FB6B41F4 E591D5F0 CD3DA0C9
0B21DFDE 1FF9F012 21E0AFD0 0A007D1B
7CE660B5 901BA7C5 DDC79D35 A2DF9080
9A255B3E DE787308 9C99F224 32FEEC29
2AA3BD7C 1EF6FA6B 95A0F6D3 08D1E923
04BAA96C 86865239 A843D1CE AB7A9D8A
C6FEBA6D 8199992A C005D6D9 FC957CC4
00BEE4F3 A5899E86 9A287D3B F5FD3235
DA56FFDF BD3DDAA0 82828D0E 68C00285
AF77B499 073B55F7 CCE1E7A6 ADF4CF40
688BD675 CF5EDC96 3402DDBD BBEF7E18
B72CAC0D B46C6B31 7CE878B8 81CF9F45
2593F8B1 E0E0A057 C1C21614 2ED31F65
AC783ADA 3A613BBF 20A6E812 6B6BFF32
4EB286E7 D68E825B 29C2E834 8AAEA49B
276097B5 C256FE2B 9A48FADB CA1BA199
666ACEA7 C33A1A9F 4492F43B 95E8F70E
DBCCE246 F9EF6B4A B7B7E0E5 3B9B2362
AACE5C3A 9101A003 52EF3273 2CBC88FA
883E27F7 93479E48 7236EE45 61F666B0
934DD55E 8EE8FBD8 D23CA8C7 C2E64EC2
DBBDF11B EC849DE6 21F385E8 ED6C6AB1
3D659816 29D0FBE2 D65894E7 3CC59B6F
DB86314D 996041AC 4747EB60 C2870CA1
438AE9DB 7DA9DB57 D7E1C39E DC9F98A9
83AB840A 2BFF6754 E47357A8 03905ACA
62215D8D C0A0A6CB FDC62AE2 235E2A10
08053AFD F0FBBAD9 2548903D AFA2A883
B8D9DA22 E9931354 14E2D7CC 62B05398
E1ADA2EA 3DD275A0 4656470F E9CB5262
17BED6DA 10C884C7 97556A0F 9BF9B5D0
1DCBD92E 64D07795 9E37BD13 FE823B18
1ECC2A82 51CEA117 F26E9C99 986A00A5
78181D9D 08917B23 4944D1EC A1DC4E29
3AE0071A 417A90DD 11FF79B8 E16A1479
134ECF6C A0DB0E54 4EE3BA99 05B50CC2
2F4193FB CDC04C45 291CF37F 30E3EB32
732D37E1 75F573F0 7C45DE0A 0F6A6951
5C5CAEF6 6C24F1D6 D65DEB2D 6AB6AC59
503089B9 AE92F035 D9F86570 4738303E
744E48E4 4C362BB9 9D61CDE0 9843FC8C
B7493CC6 D9F252CE CE28B6DB 45198263
63EA3195 6F2C9721 D21E6C3A AAF49F5A
8097011A 88C62C70 F9962B32 469CA658
C686CB21 E68FF22D 2EB59BFE B621CA7A
F431FDB4 0DEE8CAD 51E9395E 327E67B4
832B3C05 E57197E9 6F40EDE8 8CC29C77
8CC09B92 EDEB5CF6 1747E6F1 EBE514F9
C5D8479F 2A880274 C02B2459 93E8D179
FE9B123C C0F80EE9 D99FD06E 26993BFC
48B2E3E4 AC1F9455 CE1F9D63 3FC657D0
4EE9E536 9D85F41C 44DCC86A 8E685642
85298F05 5898423B 04E7C02A 05A85B53
DF7D111C 281F8AA5 21316A46 B6BD68F7
1D2C86B0 D0A496B8 FE90AD5C 82929534
82D5AF45 4AA0FB35 21722066 A8DB17DD
363DE1B8 86D2CC7A 2573B37E 5AEC4D62
45F7C464 0BF2AD4F A09E9E70 27914117
4DC12D01 DDAFD3D5 7A2887A6 ADFAD258
F207FA71 00BB0F45 BA8CBDFE 30935BCB
6B354CBA 25D62EAF CCB4D744 07B9691C
1234315B 13BCD9D3 942EFA0C 65FE94E6
323337BE 7597646D 4283A748 9F643D48
A8F00D8C F2A2262C 381C775B FC544B30
6F232C4C D7DA07D6 C6B125AB CFAE000A
93FB8016 34B16EEC 2F3BEF44 65D910A8
F4E1B148 A7648013 DB55C975 BEDD122E
5FDC2445 66404305 AB152A7B DA632E1F
37B3851A A537895E 17E78604 902A4E99
DD85628D DD95384F 47CDA71B F50B227F
16886A45 C6E04065 5C1655DB 9B2AD1B1
9315BB1D F667CA9B 81A16391 C216857B
C19B6A01 40FA986D AEDEDD24 6E34A454
0D33CFF7 357DF84F 409DBB52 ACFC7B0C
FD2C6A49 B1838723 DEDBDC39 9E72E7C1
EAF5DB35 FE623B68 B827801C 70EE8FBD
73B3BAD0 F4BE7A96 8B12EE9D ED6F822F
947B084E BBA39B8D E7C1704A 0BA45922
CE1EF7C4 6D6ABF8F 75069213 ECB1589E
320A43D7 34C5B72D 888D695B 87658FE5
C0880708 7437179B D67A1813 54CC6C1F
3088739E 9485C73E 8A3D9A51 65EFA2A2
A08E72C3 E0903279 32F8485F E82AB5AA
F079895E BF04306D 1B5C858E 7759AB9C
D6C3AE82 4CB96A0B 6F6B8062 06945E46
D7F37516 AB612F06 79BBA1C1 7BFC5D15
3B7191B5 83CD93A0 7E9486FA E0577B2C
0104BE94 B57FA774 E17BEB65 849D15DF
E49160F7 625EFC34 FB5747AD 868B6A7B
01E39135 511201CC 35987B1F B7D4D731
5AEB24ED 3CD29C35 3C1ED2D5 7A2795D9
88E35ED9 F81863D3 F664FD05 0F2D7816
21EAB169 96D40539 E592CCFE 5F90DB7D
5D080F4A A28FD47A 4CA22899 284E2D52
4310F052 9CFA5B1E 04BF7585 5EAADC35
401B4422 8A73F49D 2154F407 FED9057E
F9396233 914FA965 4077E802 194DDAF4
2DF61C27 41AC0A73 53ED14EB 2FE03776
9C2ED022 085A3ABB 296029DF 9569A0D3
74C3D0E7 E6241529 D9A1F769 F02C6735
D775E4DA D23A68FC 37B0FC9D 8A8FC4A8
616EFC0E DB489E96 F7920080 16C909B3
9AF457D9 3088BFC5 37C98FC1 29B3D86B
E934B052 9F73797C 131E501A 85835D8D
B1C77529 82D32F5F ED8C4782 2262649D
70291ADF 843A9C55 78B0DFC7 3C067629
592DC4F2 087235FD A0B1EC0D 1324F10D
2BB10B07 5CF19C02 4670182C 3CEBAD67
6834558A 4A47A674 F75121B1 8755E431
AE5A5CA6 3B193279 E5887FC1 D79B3EAE
CCCC07F0 9546140B 7C3F2451 EE1AC8B9
E765952F A8EBB222 043A264F F03C468C
8A7974ED B6B5530D DF4BBCDA 74DA474E
F104F954 D83DF6C1 C40652C7 0697DDE9
26BE9072 C40E42BE 9EFCD97E B02A933C
0535B899 00D89CC6 F2D23016 879BE2CD
9AEC635A F0E3AF81 50E6A479 4C2749AE
6813B83F FDB7D1E8 156F870A E24DC491
856C299E 6A95E9BF 525B461A B55BDC22
428A974C E501F629 FB4EC064 258D8E3B
2AFDDEF4 4A6DC8D7 93A3C5DE 79993289
C566156F 7BDFF754 75D7D20C DC04CFE9
3715D527 53578F47 59D827AA BFF70A64
13F073AC 20C3CCE0 578F3CF3 1CAB4C79
53BC5EE9 F371D6E0 C1E5BEDF 60E9A3AF
413F2A69 349AD4F5 162ED70E B46AAA88
329A8EDA 07F12645 8D424F66 759FC043
46DC18C9 C0927CC1 5FBCF87B 5741F08B
256D9DB0 0BC1CFDD 64CFC7E4 DADBD7CA
CC6784AF 6B73BADF 61D67FFC 1904196D
1DA2FCAD 342D0630 5942A992 A95D14EF
050B82D7 62F38DE9 C29BB0C1 E8B44015
AD2CD65B 7933B3BC 1A7C99C7 D276C3BA
C244CA93 D5CB5868 FE22BE8D 2557808C
B87AECDE 7152F6D2 291CC5C7 D6C5C262
6481694A 1C1F109C 6DAF2C3B 97A7092B
2F8F2D55 260AB228 5BACEAFE 68336088
C8139335 58F09156 50CB61D2 9DC8AB38
C203A0C9 91F87D50 C8409988 2F01C464
7AB251B8 D382CFBB F4AF6AD6 3B8F340B
DF20CC47 907D54F0 0CAFAF6F 5E4AC49D
00C504C0 6D61CADD 862E5C77 1868D027
B523B80C 9F063F4F F5EEF892 2CA087DD
F0ABC1E8 949E0C9F C402351B 9942798C
AAD75C41 4807E585 D0604A57 C0454FDE
7DDED28D 8081132A FB01934A B52FC977
984D00D2 62BE3D7F CE3494D1 4106797A
615B79AB FCF484F2 D94C2F2E 6B55B609
EC49F86E 0F40F969 EBD59213 1B417C45
78D47175 4DD3533C 5902F7C8 369D6D81
43F0BD20 AEE41C78 F28D8C9D 3EB59F69
4AC51EB5 445E4B79 F0C15627 EC8EA5F6
13409372 EDB921EA 2E9FDB45 CD6618BA
A0934ADF B722C4CD 43D5FF39 0C568085
D5506C4D 1E196846 8967778F 45EBFBC1
B4B2A8F1 D6047E77 2D16A206 368989F7
EC97CBFC 76E40BD6 1247C9A0 255B6021
07C113C4 F028EB99 826130F4 0FD0BF24
CA5E123E F2FE29AF 692A77AA CE220D71
86AA675A EEB38DC3 20CC1D3D F06C3A37
7C400584 5987A8CD 1183D26D A64383F2
C94A440C 51073B4E A0E70C85 0E124C4C
D482D77F F5ACBD68 14458B5C 06543F35
04137255 227AC439 83A57C63 6871F43E
634AA243 9F177BD1 B58D7C4F 63A39D38
70A5B6FC 37668742 97517E22 F0CC0CA1
36F113CE 2E09CEC1 85EF3A5B 361C81A0
9EF0BEC2 F047E0BC B649BE32 D5929B1A
2C941D6F 221C1E9F 9D17BCFD D3F1CF22
BEDCE09E 9FDDC684 B0F9729D C157167B
108EAC98 D4BBE100 FA5A636A 2CDB8C6A
7C5076C7 24F9A407 78F58F85 D5C873BC
FA05148A 9FF9F511 4B39CDD3 62206C5A
D83649B9 8E4DB237 4CB79448 E75EFA49
2B0B3093 C05A78CC 6E423E82 F2239722
E316D25A 95765E22 A5656A0A 49D590B0
69C103BE D1321F18 28BFA825 155C706B
0253D8A0 AD2F7EED 1412AA3F B97FB5F4
E1233B5C 430700B1 0AB70146 96316EA2
8EB870F5 BD15CD3A 95505716 5196A3DD
D8D64CAA 6C807CC5 F267E723 269667B8
7B390C90 FF2A6144 253BE97D AAFB5A4F
2F5EF89B 7ECA28CA 5B7C06C3 7ABFF5E6
A96F7019 C1B5977F 200D4264 F58F478F
E9FD2CAD 95FD37D2 8F7D754B C1A4EF04
22D9CD38 0E47904C CC0D71C6 B10D9990
D7932489 F1E3D6DE E518C1BD 8E53EB3B
11E04159 C7D981A1 4C17AEE0 2664938B
E96AA1C0 A37C160A F9162A64 D60729EA
06E1AF2C 90CF9D10 2802446C 148D5341
681C0345 C3D68816 613BE431 F98AD308
4F59BC01 59A17DE7 31AE5ED8 51589167
DCA8FA22 155BC32F 07A4343E FF92DD52
A44FDE65 DC6C0BB1 339DCD85 438DC302
6BA3D0C7 842B70D4 83BC317D 797B05C9
70BAC04C 6CCD1A0A E9D974CF 32B45196
33F5F432 C37ACDB6 51A467DD FE2D096A
67CB2882 E0E677F6 17A99560 4EE495D9
4CEDDF70 33493833 D8A3CAFC 6B51B9C0
9662E9FC 86813201 DFFA175A 7E1C35A6
2F47C258 465FBB31 0DB4FABB 028518BB
4D872907 075C5069 D650772E 3F263BE9
7F21BD8F 91518490 3C93B8B1 D7F7DFE2
E347C299 3B7241E6 ED051F4D DA5E9602
485E6D20 2BA1B419 511FE7CB FE05223E
B1558CDE 328B63D8 087D258D 71F65DEE
3299313D 553E94FD 689DB1FD B8656D65
FDFBC9B3 F556E50D C2A125E7 C1C39F8D
5176AB95 38CA99C2 E3AA2D67 F90622C4
C7B7982A 2D4F174A 65E08446 4CC4E4CC
C737F1E0 F835280E 61951C9F C7D468B4
BF2564F0 EE9B6575 822578BB C2EA435E
08B54F18 C20AE4CE A42578B5 B859B7ED
DE356FA1 178ADCAF AFD952B6 D071765B
3AB2D71B 4628F556 49C72008 A73069C5
056231C2 3E8C799A 5E0DB630 14447D86
A535D7F1 8831C500 E2EF9281 2716DDE1
2CAC0BDD F413D4CC F741720D 15DC74D4
0A825A74 B1F9FF5E 2CF84B99 854AA1DB
31C7D802 3E3A02C1 7D07C912 3010FB23
62873306 5E1764D6 D30EED41 7F68C175
9D4350F6 C2F96E91 648B7857 02FD37DE
6B2B472C F87FC2B1 5BF97968 02AB2F3D
AEEF2ED7 B77A0C5C E79AF4A5 E0FC9835
B2BC45F0 C8A72EB1 D4E354EE A2E1E68F
749821F7 4B73E24E 2B2E9D23 B88A3EB7
038C33BA F1B4863F 267B35EA 50CED92A
BB173FC0 8B64245C 0ABA5434 6C48E4FD
F3028AEE 0CE50365 8C90EA50 A7F4DC15
B434513A 831DD7A7 CCA26D1C C99FE250
4F272887 04DBC5EC A7CD6CBA 618BA60D
D62707DE B5FB0DF4 7D394C2D 0BE0E41E
90307F5E 3C6CE211 421C8A98 FFC79BDE
659F1DBF 5BEF2D20 016E41A7 FFBD4EB2
AAA85C1B C17F42F5 A35BD29F 914920D0
5BD8E41F 44A3A259 3BE90FE8 C235A695
51159A12 53951D35 97F3345E FB093EF1
76B5FFA7 350CBF72 D3027FFB 3CA76C3C
6CF25BE4 75044D68 6C3ECDCD 79798ADD
396881AC 16863726 49E12A12 4210CBD1
DDB681F6 9950348A FE5A2CBA 83367F6C
1761BC96 9518FC95 13973893 0F845416
7C2F0F49 3A231397 CACDC6A7 388FC924
1AEDB397 E021C681 2714AFCF 736F9FAB
5483F4D1 ECEE04FB D99AA5A4 CD4EAA75
1DC91704 B39E813B E08CA1D7 AA066BF9
6C0927F4 364B510F CC923E49 D1EA90BA
277DB232 5F0C76E1 D5F49857 A03D1060
9E2797D6 AA3A570B AB81179D 6462146A
1A81F799 FED8B80C B903CB7C DC5641D9
65D1178D 5F259545 F6DEF628 E6E6CF2D
DA646708 10AF88D0 2FDD0BD2 18D2988A
C8865AA7 2DC5B603 B86F6340 1D722B5F
9E510EE2 9CF421AD 097DFFDE 697F972C
E52FE8BB E6174009 60764D38 CE4EAB14
44CD178D E0CE96D5 DCEFA9E1 6974A262
E3FE3BF3 B5838B50 9D3346A1 A9ECDF77
738593B7 F14D5865 4C4B1BE2 D7063B12
5AAE8915 7F693884 DCF8791E ED073485
B4860547 08E64290 DB6DAD48 6D57C2AD
1AD11B0D B0E6451B E493659A 340C974D
AC8A515C 1EEA177D 4E514B48 F94BAB97
07892B01 543E8B5A E7CEEED1 50EE48E7
2AFB54F9 2754917C 6F14CA7E 835E4060
7D045AAA 559A7118 7C382239 B21CEBF9
CE4BD94A 0608C361 A0672919 5972A217
98C37AD7 66440AC1 4BB7189F 927109FE
05D85E29 8F0489DC C77CE31B 5152869E
82778614 5D9ED19B 786D8F13 B74A4DF8
C4F07CB2 D021ED23 2F21BE39 836AFD94
A82B8201 73CAA0F5 E3123D8C D2380334
92287315 1D983253 80F3FB4D F41F2D51
494AE441 133282F5 97926B7F 10FE5C6B
D6D012BE F2BFDA8A 54C5D992 50553CE0
9FEF60FB 0EE468F2 55736163 6C056196
9D4F3153 2C307382 BDCC0678 47F7A7F0
951957F3 0D6565AE C038E46D 539E9FB6
F292A319 2F88B9C2 FFD9807A 0C79E4CF
B5216BEF CE219985 BAD7238B F957A4CD
943FDF0B A42991E8 803A9B91 05D536AA
074CB206 97CACF72 2996E661 F0DABFF3
E431838E 7EAE91B5 D3DEBE45 88F0768D
8FF3378C DF49580E E0D4338B B6AB3545
1CE6C3E3 0E89BB88 05335E38 7C7B9952
9AE24E6C F664D697 D391DE2C 67D3123A
DEDFABCB A31D3DEF 53D9E621 4220E877
CF8C8276 DA623397 F122770E 613B07D2
6601B37D AB195803 D78DC13E 2EDFD2AD
4AC5668B 53D7728D 8960C3D4 BEB3E84A
DD178B3C 39BB7DFA 84CA0BFE 0DBADD61
9F68982C E4EF5184 1D55853E 2E1B03B4
00525B1D 8035EDA6 AE512397 67FCB263
6FAFF35F 8FE76A91 12AD9C26 44A24035
C09D8F3D B5DCD132 2FB8BC77 114C6C16
B05D49F6 C888997F 33519D9E D2F0DCC3
954DEC5A CE413BD4 D8CF47FA 1A003BBA
063590BE 14A8DB8A F94172D3 BC0F7D34
A283D4A0 DF2F87DE FC573109 409639E4
AC7F1FAD 3F4C1B6B 616823AA ED54267E
F51FC539 CAF7E4BB 1D1ECA68 23D3905B
F8EB7CF9 F88F1943 1A509F3A 629E87F5
54C8B2D1 F9268CB2 C73F8A29 5960CFF3
8E6706F1 796EC372 771473EE E5EE263B
3CCBE90C 4E1038FD FBEDE07A E88BB8C1
009EF866 01AB702C 0AA8D6D1 D6D6ABD5
105B5E3C DF95403C A5C0C1BF 6A7D5708
4481E21D 6862D336 9721F70C A45A98BD
B70496B4 4C19265C BCDBF7AD 965A6517
3D219BBF 89F56E57 A1960000 03362D0C
AC09D0C2 04730B7E F8C1F594 2D234102
6140867A B7DE3A00 7E1EE6FB DD8FC8AC
1C58DBB4 845D9FC7 2AA4C79B 75FCB2C4
959370AB C747FD28 266DA231 32737FD4
10B8AEF3 02DFBBC8 C429110B 78A8EFE4
391C75EE 6D5F7305 C7A8950C D6426511
0BACF22D 9E2D8C19 8BECDB9D 1E6CF05C
94DCAF8F 2072D676 C564D44F E7884C36
FCE96C55 6B01373B 4DFCF299 E1A9014D
56B2037B DE295E11 F086FD30 3A5D68FF
1C7D90FE 0A1C9D7F 391DC10E 4A7832EC
5E880841 AF1C65CE 128EA9FC 44A20A63
B8CAE441 0CBFC704 4F3558E5 E0152A95
1D0AE720 03A6BE90 08666CE7 1699198F
D6E92B18 32B60447 0CEEBC29 FCF4D00F
0EC33CFE C3A5009C E3CFC7CF B632E94E
5ADE560C 68E8E157 904B9265 E2925067
8C9A1FC8 0024AAE4 8C69E146 89179D23
7058D8F1 9CBA2200 757794FF 27DB1131
8392C6C8 D45AF2B4 2BE1616E D8BE816A
29EBDA08 477D40FF 5B7C6738 329EE178
407AABC1 925ECF02 CFB7D302 0BD36EF7
43026D49 2621E3D7 FF14C144 0EF7CB29
517B624C F02E2B46 E019994A 09777B5B
68747DE4 944FE38C 68F829B8 91615104
35CB80FE 68A81FFF B9BEEB10 47B0794A
B0D67F4E 1ED5ECC0 A45FBC8A C4013477
A241CEF3 8FC46B1A 531AD6E1 800396E4
66591FD5 7A3EE686 E4581C97 1CCCDB79
48F24662 51F9EF84 505D39A0 90A981AF
7D37C6CA 32DE8EB9 DC72DE86 7C16E0E1
16A4715D 63E3B4B0 435D6ED3 C07DF48D
AA4A8DE3 DA60393B 01A9D95D DAE3C338
418E0AA2 B6DF18BD 6CF5E1A2 00E18C35
D6BBC658 051B9D6E 9F65FE16 6FE27B2E
06BE15A4 D9EB16F0 F31F1287 2707718F
05A779AA 7C31908C 7DDBD2A8 204854BE
CA270A4C 7D2D22F4 8CDADC9E 15AE7036
09BFA8B7 C532BAF9 FA7C8740 DA12499D
2AEF3308 FC93610F AF58F751 040E11F1
5883F743 9D64A9EB 8F122E92 3993DB22
A65A0493 7C798882 2D0D88CB 495E0D06
4AFDEAD1 22B7ABE1 E423CA1B 51F6E92A
BDE53C4C 97DBB657 C6A4AD2E 0CB82B59
5AF58AEC 90D0C92B 22ABB11E AD79A38A
CABF20E3 C313A4B1 0F949656 4CB13DCA
CA3A6216 35C08761 E2B3A43F 8AEC65B8
5B7CAA2A 3E7766D9 E7BBA445 CA048D6B
A0AE4527 2F9E2D57 6C9004B0 2F9F60AE
72CAF114 8B64CC42 529F1111 5E1055E1
A119D1B2 5069ED86 460A4BE5 525234CD
B4574D40 E64B7C7E 0ECD426B 7566A954
7CDB46BA B6A84758 FDC7E4C3 FCFE0E7E
1C3762E3 622978CE 51367C97 C4EB0588
1E6CBD66 7D75B428 D87D410D 40E1805C
9FC90291 50673170 4FF59699 825C4EF6
ECDF282F 8E578955 A31085F8 6258E309
1625DD9C 82D16B56 8487C357 F4DB93D5
6386BE29 719D2BC7 B6C677D0 8DDFA4B8
252E99F5 A9AF8B68 B91566E1 6A33FCE1
CCBD9383 706617EF 1D723E8B B44049C4
DCA1ED96 C9CC5D10 E5953B83 15AF6B05
A90A44B5 1A82C1A5 4D21DEBE 08029167
A9D49F27 D60B9404 B95C593D 255BF43C
8A1D4AC8 76CDFB53 E34EF367 400BD0F5
4382405A 1CBE952C E19D7145 4E200D29
F7F38362 AEBE50DB 8653599E FAE4FDEF
E98762E1 B23A760B C8601638 7274CFB8
5368DAF3 ED5DD376 CB334A48 F3C98E50
522878B7 DE2437E3 24BF98E5 40AAAC2A
6EBC964C 0F6808B1 DAE8CFFD F8D5F3AC
4CA855E2 F64E3630 F97549B3 250A6F4E
3156D922 3B181A47 C8774769 FED8E8FD
EE739219 811D4EB4 07CD8DA8 9FE1692C
EC7F9785 996E52EB 4D16530E E16C1DBE
77D7D398 45DF12C2 2CFDD8E8 EC3311C2
D4C9E907 A27854F9 D7443724 B43D8AAB
CE80F767 B748FC82 65919839 076FADAD
BBD641C2 F0025B27 809D3475 3A1719C2
DFFC02B6 F2313498 DC058E8F 29DB83EA
0351D55C 61BF97DD AEDD62AF 55E551A7
10B47B19 8D1EDDC7 19C2F39A 28E18156
E4A9CD2F E132E1EB F69B81D4 1CE29F27
BD86E920 ACCB23E8 A0BE3204 EB773950
BC5BA1C0 3071184D 57E0AF9C B6F7A49F
DA357515 211D66C4 8DA5DC93 07D9A786
F12AC837 5F2E4A19 FA31792F 5A486F73
C7566640 569FE034 DAD57DC1 9F31CEEB
08FB89E2 8B9B5BD8 D68C28D1 03D193AC
56CAE5B8 7A4F8F99 11AF9873 042F1154
EB23E377 26FAA8E9 045E0FCE F0E26F3E
4202B4B4 0833D5C7 A7109690 90548EB7
649A3CE7 7DEF7766 BBE605E9 9A91F3B2
67C65832 CD0CE8E9 1F56D6E9 F006DCA8
5A0F1B4D 4C4F7490 1E1A6655 E4FDB6F3
3F9BDAEF AC359A47 DEA8D33E A3E434FA
F7DEA519 A57CA580 11D7F704 EBACFC95
8DEE93CA 8188A4EC CE2D96BA F9ECAC3E
173BBC15 ADCF5953 D96A5A90 40953334
C9A66A2B 59F8499F 4B00F53F 127CFF8F
5B26066E 5487E908 FF390AEB 6B0AE46A
617F88FD 63BE035D B9AEA4FE CEB5525D
47DABB3D E5A11C78 77E2BBCA 537A25C6
28F30F21 BAE3A66F C7F87376 620E6402
8DBBBF0A BF826835 E951A003 603A844C
FE1B04F7 4C642359 F2558B61 FC32F0A5
8C5C9CB0 D6291297 0DACAFE0 A11F01D9
48A88132 C9810620 67C770D0 BEE1C02D
0875DD3D 8D68A6B4 9015D564 85951F55
0F435EE2 513CC8DA B60D9B20 BC0BC407
BB20FDBA 564C463E 6EB394D4 278768AB
3C631E0E 9968CA16 828BA471 9434FADB
0D4A00CC 843562C8 1E067048 DCB3DB6B
0534F86A 6097E08A 92AFEAD2 2A9191C2
5B3358E5 09F092D8 74621F3C 5EF1BF35
7E8213C4 73651151 7FF5D4A2 B9750262
9E611977 6ABFE920 386DA190 E839EC46
6E227C2E 5C08D4A0 13CE29B0 B3681295
1AAC43C8 831F9F42 84F3E290 8FFFB402
A75C7857 C3FEB765 877056EF 7871D9AB
E2572E7D B484F4A2 F344932A 8B478188
6DECAF7E 4F10B34D 8311B33E ED09B4D9
B5C2D1AD 92DD3407 DFEF7F91 63B59031
3574D9A6 886E6B45 0C0A216E DC406DC0
57599AC9 C940BA8D 83578570 8FCDD6FD
0AF22572 8F2A2FC5 D28473DE 3537B579
EBD2EEF5 05EB4F9C 7223F225 6A332972
45703227 8A9B848C B8135F7D F017FE34
5872E59C 059F9F5E 0D898877 2836B386
91A2EF98 0B93537F 97BC0003 019FA4B8
42F2E92A 3D20E417 D7678315 F4135608
03B2436C F66D4F44 804185CB BAF0D4D5
8FD3DCFE 05B7BD18 5C0A73BD ABE649CA
3F6066D4 F20B2B05 C46080F8 68E9D0BD
D620F2C0 F9F67EEF EEB980B9 E133A5B1
8C07F462 947503D2 F1BD2656 92E50124
651C4E3B B523C4C0 A54BDF50 2A2947CF
89E108DE E6C8DE04 8D68FF7E 85DC1EE5
24ED5D85 2A319F28 77C67E03 6619B2F3
9F280E42 D49495A5 D25A0A12 52364F14
FACBFF86 86CB4B2F DA078131 71FBA4BE
A29D6391 E9A0C133 FE285C5E CA7DB582
C8791927 8F403CEC BA4CA38A 62497F9D
E7C7878D 0EBE9BBB E7269430 09004EC2
9EE2F121 8B071F06 6FB8A44A BEBC7575
B6053624 6F88AD83 6BC81A69 1CE0F2CE
8987F15D F52D623E B5E24225 EC9F15CD
9DB8F861 35F7EB0F 81E4EC3E B296AD43
B4CE5A55 BD2513B9 3BA5BC02 0F2592C8
67B17AD5 802AE7C6 9F9C3071 39728D09
28E3C46B 674DD6B8 A081746F A6B51BDE
A7F1E036 C727CC96 108D41FD 9F2F1B62
E73BCC9A 4A7C17E5 2CCB55CF C6FEFF34
CCFB3FF3 23493B51 88A3E4B8 4A5519E6
5F4258F2 BC4712E5 5EF2175E 7D6EA52E
61E21240 CDA8BA4C B89F4BAB 3D176978
FD4797CA 292B02A5 55CFFDDD 48F784D6
C1227CDA 82DD027A 6109F18A 2FDF0E72
499A8541 CFE7AFEF 03F56247 7B168457
D3A77784 F29C09DE FB56DDCA F86E86D5
6ACFF2BF F14E9C96 C7A22E5F 8C059D80
BF41009F 19A85D6D D7784967 502688B4
8B8D618A 7E952195 05FF2D18 B5028CC1
0D426F07 72DAB3FF CCB2423A 967D3552
F7DDE206 91CD0323 17B3EB3C 2D6BA6EA
CBD833B3 B18017A1 F7B4F656 CABE3B7B
4C942877 6D6C9421 D72D2B4B CBFCCF8C
BB682E72 427F62C8 CF80E066 CA8E4EC2
71B47539 2DD4C9A2 2B1E2788 2F7C202C
BE78F4A7 C3517540 C2F930F9 5942F344
E99E8BB2 142867A6 56836F65 C8460D4F
1AE1D1FA 03304F1A AE8FBCB1 22E296D1
231C5AFF FF39F8B5 3938BEF7 9A04D739
7DC24E4F F7FBFE27 D06F23A8 B6608565
7DFBF2C8 51F504FD 199203D4 AD95F123
1E96D6DB EF62D702 886E0A98 DD732910
4F0BCDD6 C770C76F 500DD03C F6B6E211
C9BF623E D6D7D39C EC74EDA6 CB4A0A25
C64B9068 499A3ECB 587A3A8C CF78DA34
28B08C78 2911468B CD43D665 24BCE5F2
6CC86CED EA56AA72 FAD55C27 5AAA4F1B
025A8ADD FC5E4DC3 4B8D18E2 F54481EF
2E6373E5 29139598 90A8E666 779D029C
D234DF25 A86A3991 BE45EC83 A0FDD0B3
271B814E 806EE466 12EBE2AC 51F0DCAD
6553FCC3 14F75BE2 074A5BF6 89CCA02E
756CFCD8 A49714E8 F93CF870 CDC880D5
136DC509 C47D955D 06F23287 EB8826B2
C9CAD3A5 C3B52536 887786C3 5671AE84
32E74563 42FECC1A F009BC54 D04F8553
AA4B4F28 FF1C2126 048FC11D C3047B61
ED026F0A 37CAEC27 E1D3C3D3 1C03882B
0556B4F0 8E810318 FAD0C93F 313C7BE5
64C1F865 A961F67A BB3DF1C9 2C09352C
BE2598B6 46AD46CA D7A2FB27 4E5894BD
A183F562 8DA93253 894CDB0E 0CA28A20
6EDD91B5 FDFFE1B3 70DFF7AC FE2D4614
6A3C4BE5 4F21991C 390D02CB CD7195FB
2A473AAC 5E3C52F4 C7A663B1 4BCC9D72
744523E5 D9F83A26 AC748101 3264BE13
53F26D46 3A8F7347 7BD9429F FC271F66
7799A005 E8A50224 BAAD3359 7410343E
1771058D D2B40CC7 38206930 455325B1
7C1F658B 767B24F9 ED2DC78D 18EB4C4B
A37FE8AE 82181BE8 94C63A5E 6458055E
58C83850 6E051008 C6B277CC FAF97D1E
4D624773 04F68952 FBD9E961 D910A29A
54A3584B 61913833 9868FBE8 24DA8879
9CE3BCF6 9B242D0B BAB8DBBA E65BC5AA
06239909 566FBBD0 6D6E4D4B 046EFBB3
A0295717 6AEB7CDD C5C7D4A5 E1C50192
5512E97A 1303CC52 F9E5E3C8 E953C2F1
C0821669 6B76B7F4 5D523EEF D8045C05
9F17E14F 577D5C0E 69862B80 97076035
27276289 88A3F231 0581F0E2 3FBB9047
30B67CEF BB55FAE2 9DC95D3E 735B529F
E64C8EC9 7309F02A 927DD73E D033D8E7
CF9BC2E3 983A1734 816DE80F C3A96799
3EAB7319 87121803 F87E71BA 0FEB78C3
6793ABEC AEF69C98 89997C66 0FB27F3E
9DED20BA EC4D92D8 33D97834 EBE5A8F9
4AC02B2F 3078E205 5894782B FEABADA6
B19FE6C4 A3BB0020 72139F15 AF52114E
C21786A2 6DE06481 5C258AF4 8265B55D
5F31D582 EBD8DB97 88396171 C1E75F2C
082AA81F 245FC3A4 7F53A110 4B1F7AC5
A57589B3 F7E3BDD7 47E02A44 B1654FFC
BBB3E1E8 45FBA73A 3B1B39C3 22107C35
B279A8F3 A41B9487 8D898F0C 2F774082
D8212D74 0C13705C A4B58C11 167B21AD
A0B0AD1C 7EF12FC9 FBF5889B 9F143BD4
78160B0B D2FC2C7C 7B13C441 5D8C0B63
8E43CE57 3BA09A5B ACB178DB 0B93513D
C412C7BC 9DEE5188 E277E031 8A0A7FB5
287AA7B3 77AA032B C260A0CD 827EDC76
ECA86486 159A118F 6A053565 5C40B35E
BF0C43FB CF85211C 8F292DC8 CBFBF470
01FAAF4B 622CC1C9 96DD0E3E 92C9205C
869CD36E C68C1C5A 94672BF1 E0BA2512
60B44549 D70FA6E5 E360FA74 3A9DED40
2F6DEFF6 1F651B87 F4014A51 5E722484
61FE905C 94404545 E5D68FF8 26AF688E
C87FE4EC 4EA98096 390CDAC0 7F17E1D5
BC3C3C0D B05C969F C1622A32 38ED48BA
79CCC302 108B4F4A FF27D08B F52B872A
889E7B1B E0223479 83F2D457 CE3F78DA
CD2E3D6F CF6EBC54 D4AC47A9 C23C56BD
46784D16 4E937B88 E768B20B 828E4CF2
D3F46017 49C31706 3BD207C9 FED96281
B253F521 81C5EE53 3A9D8AFD 5EE7F42E
98E6DAD4 40696BFC E14790E3 E9820580
ED972682 A2C3648D 1611AC8C 43377D8E
18E13B9B 00C1900C 2438E60E B9015587
3CF91C4E BE57B6F0 46D25A9F 83CA88CC
1BFF4C0A B0F1335B F43C87C1 3250513D
6F1C49E1 8ADF9EA9 9F727901 1E04FE6D
81F1D6A7 12797A12 E9BABCDC 3166E1AC
D012E9B4 DCF7432B 380EC6DD 9B1CE809
A86707B1 0CFE2396 431AEAC5 E038D29F
14C5F966 8673492A C1F661A1 E643615D
8F6E3D79 F97FB751 3C119A6F BC2CDD55
5F7D04CD 1E3ADCE7 55CB9990 326F4DAD
92213BCB 12FF6F44 77933584 0EA95142
1C92091D 9443F444 7D860EE6 0F40AB3C
FD0B8A6E A6DA706A D080F7EE 0F2B6F6D
E2AA6879 F4126735 816F116F 855B86C3
764491B1 7217ECA7 5D18795F 627D492C
2E775CDF 7626D79D 38AD53A2 52D76879
00DA3866 B3E00777 1BCB973A 2F26D86B
DA941910 25A2DC3E 4A4562D4 787F0F9C
AD1A2D4B 31388C54 C91AE601 6551C431
B52792D3 D2841948 F8639858 03E51589
9005937C C9C7DD46 0E0593A2 9456CD30
B875B847 631ECE19 BFC2850C 1EA6576B
F3768414 431F5D80 355B0F02 7D886382
FBFC3899 E45B2AFB 7A5F4AA3 C3417FE7
92DCC030 21F9D813 40360967 1A6928CB
99A0B51A 7681BEAD E7DF6690 89B45183
919E3801 CB3C012C 79EAAFC0 4D884E4F
9C026A06 534167E0 784887F8 5D14DE08
389C5823 4AB51A59 D44A69F5 6C90E970
EF993CA2 7EE196D4 C752F2F7 B13CE9D5
62F0A052 BD129D83 3AE4CB1F 2376B034
1E1C10D8 5180CE5D 2919405E 9AA85541
C53AC908 3DBDCFEB F18187ED 4250740C
A84797E0 B5871391 71403B25 BC125CA4
16FD62A5 D7930964 29F31723 C965C691
EA85BAAB 4859D9EF 78954DCE F3F62A9C
FA94DA8D F46DB1E7 A67FC79E B25148B2
872BDEDB 6E96F22A 8B1634DD 68A7D1AB
000BF30E B8BCDBCE 83D9599A 130A5931
3647B0BC F42D89EA 04466E55 057F7AF1
CACA4845 40C523BF CA31DB12 3EFCC147
DC288730 20BA7621 BE593CE9 716D0921
EA08DE69 3ADACE68 AFE0FC2C 21AFF617
A250BE1B 31BC1360 580AF4AB 0FA4F56B
43E1A648 6CA692BA 0CAEC363 25B165DC
2571BA5E 03679774 8BCDA227 E3EBE420
58D7C0B4 AAD240EA 3557A96F 30935182
2B296699 71A2C57A 8D32A5CD 5D05F2FC
ED7725E9 531907D1 F0C150EE E4D44C88
6F128D28 01B06192 1D47E1C8 FF946A3E
DFE34695 B2320D04 018E76EC B1866231
31EF5233 00BD3957 EA437CB6 B671B4AD
C08C3E58 95BF5082 DF02BB47 AB29F6DD
B0EBD247 CF4CBDDF 411EF903 4CE42F3A
FECFB1B3 299278CD 77B93AFA 768C3672
C946201C 59DEA86C 123C4BA8 3BF6F87C
CC17E3A1 060013A5 661AFA18 6C3E35AA
DDA334CF 86832BB0 ADA4F047 539F6516
0960D457 6D91EB8A FBD12B89 9A284FF4
735F370A BE360DFF DD52A60C FD0C06CB
C6E77E01 F7935D0C E6303ED3 2C1BD3AE
B6CB4504 5F69DC0D 53C6E403 557BDBF0
B1B9A137 FBA6A04B 44A125F4 8B0E05C0
58F80234 4DCD5271 51ED2892 A19D93CF
5C2CEDBC DE4CE0BA 048CE5C0 8EC76E1F
6EB75662 F45AEAFC 17892F3F 0C1287C1
33FB2CCE A1F574A2 08E5CD76 F06E7875
55FDA4CE BA606766 673662D9 83B405A5
6A488301 E835DEA7 A103849D 1AE087B0
5C0227F1 A7DB3458 0C800A90 B057C44B
FF3628C0 08E5BF56 DB541A6E 15ABEF1C
A6F0C558 E6616149 5581579B 67E752F1
21BC6681 7B33B558 A9C0472E 9E86CFD1
5419C17E 75BAEF0E 8B467981 0574AB45
B532FE99 83FEC61C 280FD404 18196C3E
AE1A4AC3 3BC29B3D B8DDD9A9 DE53F83D
09C38FE2 167E7238 9C623B4C 97DF3B80
CC3E69A9 F63F3419 98AD08A0 001DA251
E78916F2 84560358 A666D8FF 27A86B36
77379BA8 E4199608 4C58A767 36E1A683
6E73B825 804346C6 197E6900 1A1F819A
9674C25B 62A0E312 0A76A9D2 3508314F
48B23FE1 BF968C4F 442AEC5A 47131650
DF53F903 4728019C 2AE45BFD DEFCD6CE
DAAF2043 59C67D62 5D85D520 0CCFFEF7
891D9389 021F26DF 4D607E21 98EE8763
15EFA37E C39C2042 EEE7B28C 7BC0A294
BBD349C0 4496BE00 495E6FA2 4AF32EA5
4FADB0E4 2405EA62 5E7AB79A 3D489A50
D2A1DA87 C7D87EB3 6531EA48 BB36EAF2
F8004D93 1F8AA962 326F994A CB141FC5
E0099776 C388619C 78361D87 986950FF
8F0D6406 9A6CA959 C39D59EA 9D2B9AB3
63834507 2D7896DE 19EAA875 C0F22D77
FFE9E926 95166266 22D00C4E 87878D99
683E6687 3202E5A5 DC636348 5E60631C
E8CF4733 22870B50 D8D595DB F942CC56
BCD7DC2B AF8F93FE 4E7A0F9E EFFD6071
5415CD79 826D8E93 7849FEAA 1925601B
B2A9775D 969E6946 B2E07730 CA4056A5
F1D93BFD D925DD72 F628B2D3 8E5BA1D0
26E7CCC5 7F6DCF5C D5CACA65 5FFE731A
3B943557 0ADDEB94 2DCEFE5A 4A9B6171
79681DE5 C76AA32E E42EB1D1 2B7DFAB4
DB0806C6 79F34324 DBF9011E 6843A72A
C1F3D4B1 C51DE65B B3DD25AA C7BC56CA
87C9D251 6DA21E09 5FA9790B F1A4293B
D9DC8CF9 F28F726F 8E3BFB7E 793E8F99
A034F681 A90648B4 EF90386B 1E617ECC
3ACBF616 8D61CF53 B653F5EA 7112C61D
AB9C13D2 96A34516 0C00EE90 E2451CD4
ED95280D 1C760404 4FD080A3 C96CC710
D1216CF3 A8195EAA 1953D4F3 AA69027C
059A30F7 FD07CB2A 76FD35F4 ACCC44FF
0727982F BAA5C19C 64AF5AE4 2BBB5113
8C90C455 0BEC61BA A2F128AE C9CEEA2E
FF2B9A0D 9799A8F7 1333839E 85C47060
84799494 11FDAE13 2C6B9503 A60D8DDE
3EB394E3 79087106 918039B1 754B9E65
300C378C 3FD88AD3 4E250C8C 896C5D06
24E40AB7 165E0F78 37ED9CF6 F8A45FD0
0E859F2A 8D7D5FA3 78524348 90A7EEA7
F7DED4F4 C4CBEAA2 B980479F 69E51937
E7A1F6E3 5204D025 06095B5C A260AB23
F3368090 64505F94 C965C436 8424D09D
8DF63396 CF686EED 5F8CB185 69E5DEF8
4A6D592E 286EF594 F3B8B8BB 08D4557D
E587288F 13CBB1EC 063D416A 9EB6806C
1A7789AB 172C5189 04E8BAD6 6C1B49EC
7E276FB9 4E810212 E993AF16 9B313D94
0754E605 6453637F E1A03D31 0A2DEA5D
4D9DECC2 81B128EB 94EA3254 4AEF82EB
F22DEEF8 74F6189D A6742E05 46A281FA
34DF4A5D 1CEC1945 38246607 1ED8D198
22F0FBEF 3A07B52B 086D239A 94004529
4E9FEC4E 33425ACF FC90E866 58D1C34F
CB479C37 3BAE7FD2 187AF4F6 CF0ED828
7EF684B8 9FAFC012 731A6346 BE9D4CFC
52F773A7 A04F8112 56F73FE6 D8B7700D
3DA5B55B AC4D8EE0 D0BE9AC7 4A1345B5
E23F23AD A4836466 EE2ED7A6 C600687D
3C68A85B 42F0FA56 5077074D F79997A3
733FD048 D8445D1A F99DFB3B 0D098B2A
F39D8732 6D89F1E4 C147B64E B4D5B5D2
2B9B4A50 0735006F C361DE48 44719C9F
6BE1AD41 25683E33 9F30F941 837AFA7E
0994ECB3 6724FAC6 CEA6EC68 2E4E23BF
DA5B605E 6AA73975 A655BFF8 D9F8847A
6EB764DA 9F4AFD90 F9883956 92BD7195
B8332A80 E22EC8ED 2FAD04F3 C6D3FF3E
D0A18D9E 04A1C0E5 62F72965 E90D40D0
76D8F1F5 9A6A4B9A BB818A04 AA5A96B4
B4076AA3 3B72B3DD 4F6C943A AF885834
8FC91C69 7762ACD7 19C967C2 24D40075
51CE44B0 10E3F044 4D856AB5 F334C016
D005406B FB47D7E6 304CA9AC 9797A437
ED348F19 5D883579 ED81F7F7 C2178C16
4189D1CB 217A3E61 352FFFDE 6FE06032
FE6C686A 948875D7 DFD3C07F 3FCA5519
E489481D 702489E9 7AD0DBC8 88D6F8EB
29339228 05471BCD 7BA8A242 287C8BC4
42431754 4EDC1CE8 B7862BEB C48CCBEC
A5F59A3D 3ADA2DE1 2E20CC0E 1791FD49
0C8FBE00 50BEC85A A5A6B5A7 2516B77D
8C62886C 50EEABC8 136E9062 2C6FD452
E72F92E3 DA6EAEE9 A1D87F4A 61F5E4B5
C46E70D2 FAE0CF6E 06A5997B 8DD00CE5
A6811E99 780ACE35 ABE41D9F 3C896145
63470CB4 19E53F90 F4A1AF4A 844D8E70
3FAF93DA 5A9EE23B 1F4A913D 7156DA79
7B0F0619 6AC7DCF0 1445500E 0EB33100
B0E1706F 7AF27042 E0935897 72DD7FF0
530720F8 0CEE93A6 8670DD36 9D6B7D3F
9F9B5E69 8EA4F672 9DD4EA46 EEB45AD6
75DB3AC8 00D75E95 2CFA93F2 089347A2
DCB09F26 B05DCB3F 8585F039 BCD27F76
347FDED5 BDCE7F98 B5DFCCD4 CAFFC106
6B2292C7 8441C2E4 9B2C10B7 E17A06C9
6D88E4ED 4F4D5908 C0D97E1D 76F4C59A
13F77032 C37E8D76 63ED47B7 FA6C1070
47CF2883 ACA677E6 53BB804D 46F6BB99
34E8DEFA 3349BB26 C8A382F8 EF45B9D2
5CEA6095 86843689 D6F37B78 725D02E2
F7374CAE B8FBB1B8 3F4B402E 12D891F0
6D7E0E08 61A43733 CCB9ADE3 7F0A877E
1F1DCFEC 2B344B68 DB85F4BA 0D93ABBD
9350B217 A9BA3568 2CF23BFD 8D7AD150
0A503B05 704E06FC 37E7DB7A 22EE2806
FB341FAF 1E5E530D 47A9314A 9E3C3EFE
33B1F38D CFB301BF 0F8DE115 0CEFEDED
8A5A5312 1C37A6ED AA7C810A 4361F26B
F907A36E 9BD8A860 E28DD7A5 4B3738E1
2F30ACC9 571094E5 85DADFC6 2474212D
4733AF8D 7F5D9A92 88C66B8D 078B6705
B5EA08F4 7EA2EB0D 6931F953 BE42DD6A
09F63EC1 FE8A6772 1A164C28 E55CA401
0AFF9EE0 F9AA7F89 8E107AD5 4B939608
FCDA675C 9EDB950F 0927B250 EBB24095
0D7B2823 1E92B807 3D38009C F2765F4B
F840135C CC1ABD44 CE4959B4 4D947D73
13B1650C 8134DB83 47D780D0 565A3CCC
0DE3BC74 0059225E 4482FA0E 8639AB03
0843E065 1ACBBB8F 4BA72FD4 F8F8E6F9
6E66F423 5686184A D3298010 40EB8077
DD7D9624 4C109DC1 87906E51 5CF956F3
8D9B47F4 FF6ED2D5 BB5D384E E849FF1D
B3E323C3 EE8091BD 479E1AC6 CDB3B40C
BAE7D1A8 20C9606E 71DE70D2 4371D866
0E7F38C2 45760390 E93073A8 8F8DDE71
7C0C6AE7 523AFBA5 F5F79E60 37CE08C9
98D9FBDB 4B9D2254 4AABC8DE CF4C3FC3
A8099F5E 4447E413 28B7962F 5AE63B5A
04017F60 0495CBF2 1164C068 4D58D3E5
6271CC6E E09FCA08 9273B9A4 CC31B741
E97981F6 9D9256E2 7872619B EAE8BE7C
0A4AF9F7 32DF4FFF 4D4465E5 D4DAFF27
C7DB93B1 77BEADFF 639A8ADD 0CC074C0
26F89602 CDC37897 F877E26D B8F71C95
9E8246E2 9E89E8C8 68F18FFB ECB25927
B785FFFE C66CCBA6 18916E0C 3D702726
6680129B C05325EB 326487BE 5D50E910
8CD6AB7C 1206B274 C9A54344 7BE55FFB
B22D352C AA4BF980 B389DC3A 2B1CEE39
8AD7229F 31A0EDB6 31D70B3B 36B04517
084395BF 22AF2538 49D49F35 627ADD62
BFA4C394 831F3AD6 ED69CDE5 726F198C
55CF922B F161833A F7F2394D CB63A6F9
E8377001 71F3E91B 7962568E 579B60D6
57D1B3DF FDA37C38 FA88BE3A CADB29CA
4DAC4C74 578CEA1C 648E70AD B9E5BFA2
6339AC7D CADFBFE9 15F4F657 F319C2B3
4E37B99B 972D5A9F 68AD8491 9097D8FB
C2B45603 52A777FC 9D1F3845 AAC87869
AAF65A63 A9E61D29 1E7F27D6 6884103F
C692BED8 A3468C29 0DE91C48 25EC7343
50F9ECCE 16E0B8D2 71FAF30C E2A725D6
D72C9857 30B7A39A 97B5F530 1A63CAF9
B19F11F7 C8142D34 7995DC69 3767E25F
5CFEBCD7 69D28071 2C5F822B 1F8F41B8
A0E11A7B EACD080D F6B28377 A6BD38B1
A4055F40 5E51A803 EFFC0648 AA2F3764
233C80FC 7D0BDD8F C8D0DFF8 891B9FFA
7876A0BC ABE55F18 748A3BCC 4751C577
21DC84A0 F4A141F7 6E69A6A7 6E84A7F5
B15FAB25 CA41FF09 31ABD93B 8D7B4A0F
00004F68 09F6929F 040ABF0F F4CCA434
3D2DC317 FD9C4BEC BDDF6A65 F6FBA742
8B203F3E D8E04409 ABDBD968 BDE341FF
6E3F817B D521FC57 43E41E11 DD5E11F1
EB42D111 420D571C E40902F0 E6C02B38
33FE8497 F3FBA81C 84F7FB75 45C99FE2
1CFE10EB 0000E687 CBE66F21 09C07ECD
1967DE30 C9013CA7 FF0AFAAF FFE407A7
35FE7375 B7A5E3D8 0F6F82B2 AF12C66F
B4521803 41A905D0 75182BA2 B587C32A
A43C0C32 6346A0FB 3FE8CA07 DDE00F95
FF3EE495 7FFD5975 43FFC9E0 AF8FDE56
D9B4C790 403D3F18 00009D33 F97F1EFD
0AF30C2C 6442B20D 0B31A6CF 1AC591E1
E083B8B0 1B4E7617 71BDF48B 21578FF4
5CDBF06E F00FE000 9FC0B083 38FF226A
0FBFFBF0 50657F2E 577CA671 06839DC0
E77DF3CC 06B9C1F4 22F65B83 602696EA
B4A0FEF4 6798894D 84E86D84 00009E90
BAD11CF4 9BB99DFD 0AE306E1 295C9B20
E98E92D1 DE164B27 3AF1E39C 60D608D0
6FC0A9B6 FD9501FF 4F66401F F8FE1903
52317866 1AFDC81F B4EB811E 00D51F49
04C5A9C0 E2AAB97C 27A4542B 8D8A9A69
B405EACA EA1916C9 7B6367FA E41E5785
00005387 BB491DBE 3E6F83D5 AE4FBCA1
2D08D8E9 D31995FB 771F8E80 40E14B6B
A20F01B7 1DA7B039 F7FABF07 C0FF2FE4
FF03907F 7FE01B47 97FE0B88 9415FFFB
AF10A7F9 2DB2023E 000EC0A0 1900243E
3576273D 3F229A4A 120DAEA9 2ECAAAA9
3CD8977C 0000D2F0 D38C948A 12C4CB81
ED2C1EC7 8136E742 6AFA761C BD5B657C
B7EBF068 E25EE638 07F4E00C DB68F201
4FD18240 6E7FA65B 10E39180 88261DB1
0948A007 0F4CCA00 03891B50 D8115CFB
076CD02B 60DAD876 4F0AAEAB F4105110
F7ACB4DA E2E6D54B 000048A4 D56E06B2
632A560A 5AB3DF36 7F6D19FE 833E279B
063EFE28 6381FD08 334D7ACA B8FFBFED
917F7EFC C0127D34 3C00F60F CFE003E5
4A74103A E1110384 E7980C18 5FB2C641
F34A9187 FFDDE4F7 5FA20F72 37F82B58
763F25C8 00788BF5 DCE49B5A 0000426A
493A0986 BC75B758 41497DB9 FBF59A7F
2FEABEF1 9600A3E5 E2F11C0B DC8F0CF7
25141388 E2B8C038 8FF2FF59 DC3F53FF
2FC1E0BF E01E05F8 F601E008 89D81400
7ED8C040 EFD40A32 FC7E50EF 1F647C8F
ADE91CFD 72FFB648 BF850A93 BF1E1C2B
0000E35D B928A9B6 5410C45F 25CFC3FA
041713FF FE34300F 1FFFE180 57E7A42E
3BFF3C41 A187F338 00BA0038 040C3018
700C1183 B782D3F0 BB0C1FB7 1FE801F8
F07F01FF F92A7C7F 0142B3A5 04315E14
80010500 B006E904 A1DCFFE2 A2F487FE
08700BB8 0000474D F9CC4BED 74BB157E
1F2037C2 C22B70FF BC80197F B9C077E7
638402B0 742003EE F500007B 7D310F07
87F7A1F9 F1FC3D7F FF1BD297 FFF09837
63F67C2C 08BFFFF0 804DEB0C CE3E03F8
CCF76DEF 00E0738B A00C2E60 7D86C010
1D784004 E9792210 00007109 475F1A41
CAD772A5 0B24965B A4A226D3 DE05F60F
2FC77B27 4DEC3D58 167DE045 D93AC64E
3321E00F 81355D00 FD81DDF1 B77E0D6B
38D6390F 143262EB 7DB893BC EDCC423F
1C3FD110 5C0625D1 8BE0522B C1D64758
486850CF 8C4B9940 6237F937 00000628
E0E3ABBD E12543C1 3A57A12A 328B26A2
41C28C39 F8FEC578 9707AC39 C7EEFA50
E7B9EFE7 ED1320FF 8FF02403 FD29EF15
19103ADC A575E1FE 3E19EF88 8E3107E1
986CC03A 31935801 8C499BC1 A1DDE2E4
B3F8CC99 B95CDCB1 8B215F01 D0AD5F9A
0000AC72 1403DBA3 FC60AE7F CC961E6D
644B86F6 B8057423 B0001007 F94CFFC9
F57C7FFF F9FF07FF 07F3F047 C014DC06
07835FC0 C02C425C BE06FC21 73E0BFCC
051F03E0 0106FC14 FA9277F0 7FFF8017
1FFFF421 CCFF7F86 508BFD31 892CFF74
4B3F03BF 00008A14 4E24F463 6142C464
B48E0899 C1FDEA4A 410E2B29 3C006E65
6CC3E1D9 C68C7DEC 0DEE03F5 69B8763F
D9391FF0 CE1F31F7 FCDE68F6 DFF84026
9A7F81B4 9EC844BF 762FB427 06CF0A00
000B5448 8018AC6F 6284721D A8C1DC7B
E6A3B7FD 000A1ECA 0000F2FA 1522CB3D
313CFB8E 5D5707A0 930C8838 1C217740
A2C032F4 0006509D 5329CC7D AE177FCA
AFA78BD7 E3F6CDED 7C062950 B3D81B50
C2FFC9BE 56C690B0 DAFE0080 F3E3E63A
09D00440 06221D14 887F23D2 902933E3
53584D90 41A05584 EBF70D85 0000E8A8
B6BEF6F3 52EB092E C58B6A6D 740A989F
862B4203 549FEF08 CBFEEE89 A03CFBD2
BA0D0743 00D85010 C0072FE8 0F021AFE
AEFE823F 2C3FFBE2 42E2EB6B 33683C07
12BFCBC1 6032AFEE 7C58EC16 4102F4D1
D0112455 E940AA31 F5921151 505FB360
0000B5F6 FC479DC4 E2C78FED F9C6FA66
559FC91E 81BC1B69 50F8DE61 250FAC97
18FE7ADB 5637468D 0029FE40 70070FD0
FFB04AF2 ADDC2C9F 405FE016 DA01FFCB
EF624374 EBE2893F FA492332 CAFDF414
A4C9F555 91F80938 CC98F55D 54A29418
7CCA47DE 0000CE7B 5D792D8E 557522BA
93CB087C 4D6BFDD1 C77071B0 3848A9E0
7E81E270 17E43828 C837F0F4 F59AC47B
1FD22F07 8C3649C0 4BC36877 241825D9
0378C659 C7F0C77C F5EFDDF7 F38D5CB7
A2424104 94A7882B BB03125C 5CAF4250
17B42D6F 7A3B8425 00004A66 43805331
488EDF79 15B59440 17C38700 E3E021F8
9E0F577F 4080FE0C A8CC3FF8 7C7FF3F7
01EFFF9F E00F1E7C 0383B760 7E0FBCBA
03F0FF80 F8DA37FA 83EF233F 80E64832
900F4803 3DD84A41 D7B730D9 7FFF32B5
06FBC27D 9CA1FC01 90A5739B 00009B61
7D8D232E 39D812B1 8DB002F2 6DC64767
D060497A 540629B9 A8E0BEA5 DC2001D8
648D007E FA80DB8E 0FB77BCC 6E1DF67F
CF209D17 32F601F2 C9AFF3EA 96119FFE
D727BF7E 86846AB8 041284CB 32179581
BE34B767 2F58C343 E8088CB5 0296EF64
000097C9 3FF3D75C 06CC7B91 103A32BB
4B19A5A2 7AD7ABE8 D359EEBA BC6105E8
ABEF096C D1FF798F FA3DA3BF 87C8401B
F0010402 1BA81D29 A4EAE378 333B3F15
ED18C3FC FC8ACA3F 18C89B91 B7B1D4DD
E7169ED7 C1C9145C 157B7219 8384E67C
E3BB22C1 00003DBD 5CEB825C ABA74DA3
B7FFEE99 12920D81 774FFAF5 4FCB2C51
0048A8E8 D8600D19 FF4A04C5 FF8AFC7F
60BADF7F 986732BB 69C775C7 07F67184
2623730B 9E280E0C 82AC0872 3015F286
3F2B2A14 78710F7E A36815EE 65DFF842
2A34BFCE 3C103115 0000CA07 F8C50BEB
0D28F6CA F9601CF5 1C3996AE 0065ABE1
C7C4F501 663E9EED 50E3F04B CE40AC23
14961C83 0155A780 7E375F14 0FAC1560
F5EDC07A 571AB98A D988E7FE EF40B1BF
02963E77 41487C94 7419ED5E 6602D9BA
E670690E D4E9DFB6 6FB35DCD 0000A4DD
27AB123D D8B05FC7 44ADDFFB FFBC22FA
BDF40D87 8003E2B0 F2001F27 6FDA03F1
DFFFFC4F 11E7FD02 013DBF80 0116D220
02FE9D80 C80FFFF1 BA61F7FE 00C83E6E
147AC0F5 B04EF21B 3BF445E5 B7FB0ABD
1FF728EB 29FE8608 1CD8A002 CB44003C
0000ABD6 83896105 D310CAF9 1F82343C
EBC13555 2F03782B E57C34F2 D77FE0D7
3B39E168 AD9E8C10 F765F879 FDF3BABB
F2EF01FD 8004D90B 0D31D3E4 C45F8C37
140A9802 04B668C0 6ABD9B5C 9278E484
211EC078 653E2487 BE3FFF7B D8F6F7F9
3EDA1CB5 0000F951 E223BCDB 91FAFFAB
E6B59A38 7338F74B 0F307E26 3CDCA83E
E9C60390 D55C221B C06383BD 2BDEFCF7
60A92FCE 150464F4 6091B9BF 0B8FC63F
778C7ECF 9E01878B E134007D F8140D63
5DD1BFC6 EC3F7639 2B9C25E6 2CE0BE4F
E5369BDC D01334E3 000099B7 69A5623B
FDF8980A FFB7C457 46BB6EDA 8594C131
DA1A2841 2CE7DF8B D1EFBB69 F1A01C09
D236A938 1C936401 C2F7D840 3C68A8B7
F5C75109 33153FD3 041487D2 81738A38
F9104603 EF5FC67D 2FBF325B C5677C91
9667DF3A E0DA77F4 D3E1C7AD 00000DC9
4C397924 136A5F37 E1DEF70D 910113FE
C1AF7DF7 C435A56A 1787F922 ADDE7CCE
0524378A 02D0203A 082D3406 87018480
1F7E1948 F30FC171 F7A9FA0B 3D580D85
F0F5CC26 3F5D5289 523681DF 41AFEB4D
F47B498D 571A57AF 2B09AAC2 4A245138
00006479 49125ECB 63717080 01306670
304C3116 867E9EF2 F86C3197 0F804819
CEAC1F91 F6006087 EF907E0D 1EFE07E1
E27F90FE DF13F52E 80703047 54231956
02A03823 F82C2706 0F02F3F0 F0FC61FF
FE0FE353 4FE0F55C 6EAC1F96 6C2501E6
550AE17F 00004AAE ABDE23E1 09DF88F4
32716DFF 2E7CE8F7 F051F8B1 7601E5BA
80600AD2 187F109F 15EFF829 01C4FFC0
7F317346 6EF37FC6 A3E3F4F8 061A1B24
05686078 A96E8001 FFAA0621 57F6DBF3
FA0BA97F 7F423B81 35B60B2D ED897FF8
D3D5CF64 8605AB95 0000811F D82A8A67
3A54BC3D E8B897F5 9EC54FFE 33BB8B1F
011AFB40 800959D6 8000285E 3F880119
3BC3C819 E1D745E5 BFE06FFF F9FB05DF
AFFF8071 E3FFF805 1EBFF803 0B39EF00
00293FF0 83F7DDEC 8414ECEB 70007FDA
53727FEC 1824FFAE B3677CEE 00004F22
DA4826B7 F882B309 A20871F6 1A559F22
43635B26 587C9D49 C7E3FF80 060E19F0
99C01188 EF2C016D 5F62C11F D2E812F5
FE330A1F 3FE6D8DB E1F34321 13FF4A15
C034EF04 1EE8FA01 01C5A0A0 441729D8
B001DAC9 AC1093DD 14D4DF9B 619C4FD4
0000E0B0 12347AAE 6C31BE83 9F14C050
E901080F 3F133643 03C427A8 E4030D30
CBC081D5 FF9BFFB6 FF3BEBFF C7FB9F5F
96267979 6F3097EF 2C0D808F 2DB4700D
B6F0A030 FE841607 1FE4C003 433C574A
0D133074 C2EE6D00 C3BE74EC F15298EF
AD4CBB6B 00009830 08F07270 19085FDD
25E60CD2 2312B803 802188D2 D3800DC0
401807B6 E00400FC FEC8016F FFE4D41F
FDF88FE7 CFC1F6FF FCBD04FF 9FA7FE1D
7CFC47BC FDCA40FF 57126001 200380A0
C100591A 3D008A23 59F17215 788F0289
3D2DFE40 48DA0295 0000E97D D92A9080
73C0B1BC B35A8341 F53FD9AF 176646E7
EC3AD223 95819DEC D3941190 B597E627
52E9FF38 3FFF1FF3 82FB8378 18E7F3D7
84CE1998 0A52307E 0E457301 8062BF38
0A746861 7E91CBB2 6054AF4C D702882A
6026BEE5 511F37F7 10361C57 00008E39
14F52560 93394640 7A07710D 14050E8A
B28860BA FA73091B 3FDE1469 243045A1
E059001A EF606707 33E761FE E04F402F
18044C86 11F1A144 A93F1C0C 248B7BC1
052B26E8 F190F9BF 537CA8E0 A9DF109D
EF0FDC46 8A55503D 1AB17C24 6D6115C9
0000F6F1 1713BD3C C68DF0F1 4EDCE651
69AE47FE C0F7487E 5D2E6E0F 901DC551
C8000133 6E800044 0D40CC01 E2F0DF7C
7C2916BF C7A0CCCA D01E826C B8A5088E
A1C900F8 FF592C8F CFC506D3 FEF857EB
11ED40C3 5C7A0192 31637E1E 82E8B458
0B78D24E 0000A6F9 80394830 AD379774
E6AD9FFC 78E1B925 C9415818 AFFC07C7
43F9E849 03839FE0 AEB418F8 4023898B
F60DB53C 1941DA5B 003C33B6 1A10E257
DB909E6F 7F2104E2 FFCFC0EF FB79649E
5A481EA3 33C1D794 A2A340AE 9B938327
FAA5584F 9C21CD46 000036C3 004BE347
BE69CC19 92EA264B 0D4D5DD8 C87834A7
9FB01E62 5087566B 19400C57 E099C1FB
7F3A7A0B FDF327FF C78FCC7F 421F947F
67EEC007 9FBAC04A 0AF8FC02 CE150CD0
779A0ADD BCFD7E29 31800AF8 40200333
583282AB 79EBB835 C876B86D 00000911
1ED534F2 76E9832A 9F1E500E 9324D754
E07E3953 1F82EB1B 4BC33E34 EA6F3CB5
C9D5F0AD 161D6F86 0427CB38 2000CA11
BE1E2CA1 05C9C144 9A3C3240 6AA64380
C8703958 08D78B59 A2D9FED1 3939FD5B
E6B8FD3E B52529EA 1E55ED61 7688C5E6
0000AC99 CF219F1C 641055AE 57F1447D
614A104B F1F242AF 7E016822 7FF03994
CB9267E2 40AC13FF FB2F426F 70F7382F
5A005587 B6902F01 F6B24126 32BF760A
AB4827EA 7729102F 51611C44 03FF97E0
45BC3A78 1D5FFEB5 240E285B 13801D1A
4FAA8281 00008AF8 3797B6B5 0EA676A4
6458DB93 F05C0391 2FF8C0D2 DA4129F9
86F4CF3D 8F062209 B5D807FD F5C9003F
0EC18409 7CAAD343 879E7888 1B51EAFE
742FDFCD 0782FCBE 043584C2 6446708C
CABD0709 A0FF0A64 B07E5C97 53CA516C
14F2AB2F 74D9FEBE 0000BB90 4C4E8E64
669A0830 CF842C1F 82A26E3B F0382C1F
1F87C601 01D07EFE 0C1E07FA E2FFF2FB
D1A7FF33 FC09FFFF 01C19F71 39C00403
4FB81444 068B8003 02DA0800 40FED080
C41C8900 CEFD8DE0 7FEFF0CF 87FFFF82
FE67FFEC DACA3F38 746B8498 00007C9A
8051209E 08AF4B9C EEFDD3A3 A14B3DF0
EA22F886 C123AFA1 F13E2029 22018350
C1A9981D 167DF7C0 3F7B48FF 41FF7086
B0CFF7CD 9C917E25 5D6990BB F7B9DFDB
CF25DEF6 6E7BAE6F 563A3EFE F4C8BF0C
4E8043BB FC1ED138 47F1FECC EE895EAA
00002D54 1AD5BA6B 39D38BBB A57A1EA2
4797AA80 C11FE7EC FE187A8D 61E30415
3900F027 11C00340 E786000E 1FF16001
FEFF0C1C 0DC5F5A1 E0AC0E0C FF03E1E2
6BF247CD 86C3FAF0 B8100FA7 F36357FF
FC2A2EDF E78F0D50 BB6C885F 3C93BF0E
B7683C73 0000E4CC 17417C99 BEF2037B
EA9C781A 86DBA868 A17ECB17 3C1FCFF2
1881F89C 7C4C0F02 458701E4 C0406E1F
F80BCFF7 7FF81DE9 F9FFFC7F FFFFDF43
F7FFDDFF 9DFFFDAF 19336BFC 002A3800
00068000 082085A0 00000068 BD00E0EA
88ED124F 35B4A615 00000F08 BA98407B
A5337F08 0F09E7FA 006547F0 181F4807
800BFE78 70002FFF 737402E6 D6601E7E
25078FE3 E3C221FE FC10263F FFC1836F
9FD90E51 C9F4E003 EF5E16B6 FF6F42EF
FEAE700F 0FFC2700 402FC2E0 F1002742
A0000279 1E545C2F A42382F8 000025F8
16B803A2 B90C6F32 4F921A8B 45953F42
402E19B9 080D875B F23D0284 83000714
953B14A7 BF9009C6 C3A6737E 4EAFD73F
0DBAF63F DF37F223 FB219F19 BD5017F6
8077DE65 1286A18D 27F32F40 900D6D1C
D4017E12 36FAF7E9 75E12C93 04D097B1
00007398 84C7C070 F3D2BD59 AB56FFDB
A4FC83FE DF26A05F BBE18241 87DE0882
DABE23CF BC43E22F 08AC1E01 C0CC2038
3E3C4981 8FC3E8E8 FD7C7BB7 3B28E7FC
E87E843E FFFFD403 1FF5CFA0 EFFF5D30
BF1FD187 23E03227 C8D00014 BAA34000
0B4AD8FA 0000DC0D 2BA3FBC7 4A4DDF5C
C9D30527 095EAFD0 680ECC72 D705F1A4
3E85008B 6FFA2F31 05BFC7C2 F9C2BA7E
4ECD9373 C2F6C7FF 520D4745 1C8026FD
D9D19236 026DFB00 83B2E1AC 5E3C4387
6744B8C9 44FBDCCA 8239AFE6 5B07F6B7
0018FF1E C6657D7B 00003184 D75B4170
7F98DA05 7178ACE7 F6BDD7DC 5FA91B0F
CFFE8669 691D9055 53686C1E 1E50018A
15E99113 ECC35835 96C671D4 F3F8DB16
777C1635 D07896B0 CF504164 EB924A7A
7FAB4AF7 CDC1E4AC 4BA4BC33 47EAC6EA
F6B5182B 7F073765 E36574E9 0000E1C7
A0CC5A96 EF95F219 BDA0B7D4 2638A220
1668EB80 E600DF00 3FD013E9 FBFE87E0
07FFFE3B 803FFFF1 7D007FE7 0F80BF00
20FE0020 901FD012 23A0E197 FFBD0FF0
8C8AD87D 388B8C07 03E08C74 121FCDCC
0300FE42 3A6503F2 F698007F C2E4800F
00001F71 8832EA16 990C54D9 D3D04571
E3F1171E 42109484 B4FB7149 5ECEA9BB
5FDE2436 AD2E6604 8D5C0000 56BA2000
D38DCE31 3D3E3D83 D5F11579 FB9FC025
69FB7007 966A0FC0 BBA32B1B 7BDFD3EF
0CD9BB12 C924F13D CE2DCDE6 EF6E1BB9
43C79CE0 00002267 68B685A4 2E53473F
3BE2E67E 216BF7D9 E2AADA7F 9E56B69E
CA0779E8 D3804928 FDC8087D 6A7D202F
41FD7B2E 080121FE F862107F FD8FC1D3
2EC17C0F 16C001C0 64C2D23A FDD9459F
9E77FAE3 334C91A7 E953BE03 44972B67
F2EAFD52 54D4375E 00009129 86F31BAA
E8A2122F F9EAA00D E9ECD77F 7CF8D23F
078FE8C6 9C08FB14 8B81E7A2 12981CF6
006801E0 FA01800E 9FA09818 098E0727
ADF820F0 499D871B F950FC79 3C1B81E7
7E7B9C07 1386A6E0 FFD46B07 13FC1822
449F8089 4898FE09 91689FD6 0000BDB4
5803B731 DB204B26 879CA65C 19F89B81
03A30798 2B8FC218 37FA7E37 41EFAF9D
F260F0FF 74240787 E00C003E 87000409
1EF00601 40E78010 381E7409 EDB0C638
BA741033 3B64B003 C77075B8 FE44024F
2EF82415 C8FFD289 2CF148E9 28124C58
000028D3 338A5AD7 BB4B38C7 01887FFC
70760C5E 0FB1D4F2 07FC29F8 E0FFC4C3
181D5BC1 F4C1C2FD BEF01E07 804281F4
1C0A1C0F C0E02300 F80FC015 10204F09
084375F0 78161FC7 710703BE 9B88B838
FFC8840B 44BF00F1 0F3EBE0A 129CB0F1
82B46767 0000BB9D 626865C2 FCC999A7
7D5CE259 BB389827 B6D08D7F 2C68CFF4
15460660 D6AE1212 4A57F005 D0264E3E
3EC4899B F8FF3804 0E05F855 CA3BFEC0
75627F8C 2A200BC1 81B18450 2B1D3B6E
D3CF85BF 08E61BBE 0C0635F5 327C0972
4C049CE9 37575706 0000A18D 7F27D231
9B414671 0736B380 0092D328 7C32C700
3FE10802 A06A3196 A60E0761 F3D0701C
7EF203C2 7EBE680E FBC4AC44 0E1C0FC1
B1CC02D0 075EE206 FE99723F 3F84C713
91FCEC79 181E58A3 6AE042AC A5C804E7
50B9001B 1657C023 8CA386D1 00008CD8
5641A2EA 2C265657 0690EFC0 F83237FE
DC80BDBF C4D84F1F 6F3D260B 0AFFBB88
7FBC39FC F98CB7C9 E98E607E 0F949806
00796300 1003C678 4A003D0C 0D1801C9
E5BCC018 BF945F40 FFFEF9FF FEEF7CEF
0FC1F748 7511A624 3A1F8B62 FA989504
0000B013 F556A1DB 66A7809E 14E75B71
BD281DE5 FC63539F C787ABB8 587D3C8C
94202248 5F936201 65C85E3B 234B2A18
F0388C22 0A27AA40 E8A3FB64 74302F7A
51A3FA19 2C65AFCD E3D5B7CD ED0E6EFA
3B685E5F D1D98ACD C1270016 040ABF1A
10362D9C 0000521D 5E59C3EB AFA50952
96E04560 0DFF1127 017D48B6 2C13EE1E
7FF39E92 9A3F7EB6 03AFF300 0413A300
106C4810 AAD24155 B45FE246 EAE7FD75
A2F3B9AF 4E27980B 0B91F0C0 F26C28FD
BF56DD7F 09F5800D EA401374 480BD798
4542539B 8669A7C2 0000A9DA 34A9E362
D98D79CD 03CC0048 0776D844 FFC3AA70
51FD1216 CA83D9DB 00451A3B 9F0873BE
DD09EFDF 00101FF0 D100F37E 8D0CA5AC
403F719D 7943BFE3 433E4BFD 5659C01F
871DC800 383D40C0 F32ADE4F B71DB99E
C8502202 ED800842 5ABC8A9E 0000CA2C
E85FC2EA D39A60D5 6BAF7C10 26AE9E20
F8F2BF7C 031D28E6 58338195 BFAE3C92
D07A3182 FC7083D1 FF07BA3E EA608EFF
F8020F5F BC203E93 BF9BE3C5 DC8B2F29
E3F28F7F 36940873 57C09617 030B82A0
7E00D070 4D1020CA 27A4F78D 6D8727FE
0000BB27 5DD04FA0 48EB2030 9CF88874
E69ABDFE 34C72B89 BF007D63 88788705
020389C1 3D5D9021 6835F990 963CFE87
509CCFBB B9BBD426 CFB2F45F 3C794BFF
E9F1BA7F F88FD93F D7B6AFFD 0927C3C0
F996EE74 522303FD 73B4C070 80AFEE63
650E0752 00006984 7DD47F54 2E7C0E9E
007DA83C F494AA77 4E856C87 0DFC2209
AC17C883 FE5E0D01 00B0B089 8CF47781
FFC2EEFE CFDB08F8 566FFAEF 38400FF5
7408007E 7CF4CC04 F6621BFC 101D511B
48008A05 8100C29A 72050978 14898770
A167C2BE FFBABC71 0000F14E 32ED49D7
A7C04B84 C3CCFACC C2F92E0B D72EFF31
76E12FBF E70400ED 3E1C3266 571043B1
7150005A E05D82DF BB06FD7D E4D6991F
7EEE037B 0CEBC0DC B3375B3E FA86CD6F
07D57CF3 8893D47E 480B6007 1C22D0CE
60800C0D 2251A030 08E3F7CC 0000A779
8FE0581A E0E1DF26 F0E2B404 981A5902
1B8117E8 A3FC95B8 FC3FD07F B3C1F003
0CBC0E01 063FE0E0 F7FD9E8E DF7FC578
7EF3E0FF 23E71F10 E80479FE 7D010707
03C60870 F0684007 1F0672E0 83F01384
5E3E0DCA 647F41FF D0FFD4AF 77447605
00007AC9 A9AFC42D 3F3D55CA EF783B02
57C7419D 893E8C04 ED9C4117 ADDFE318
1E7DE663 1E9FFBB6 027FBEC3 7017CF0C
87A3A1E0 996FE4E7 D691AF4B 8B103FC7
3B528DFF EDA12237 050B2141 58C2E984
E19D6E93 500B2933 7D22DF82 FF3AA365
AF452659 0000293D 3F0E03DC 9F6B647C
DBE136F9 FC507BFF 4FF58107 D038AD50
DDE381A9 3DBF3C13 05556380 E0E80008
7F070003 0FF8DC80 F0E3E8C4 93110AF1
27F30805 06FFE1C0 F04FBFFF FC0681B1
A7AE6650 8A1FFB8B 0802FF3E 4F402EE2
12C400ED FD2F8A6F 0000750E AA5348A8
7618D0AE 3FA0EB92 0C8D9F83 81522081
F7D481A3 427D751B 528C7559 E420071F
FFFC007F E39560FA 7601969F 6CD0A2C6
3B7F00C2 EA25E008 6A814400 01473B40
EBA81B66 5D7F3ADB EA255FF7 71BAF76B
16C908BD BF91E230 F79C2185 00007C91
46D1A306 234594AB 45B4A1E8 07F37319
17D23B84 F0FCCC24 494FEB8B 53FC600F
833FA61A C06FFA40 FC63CFEE 67CAE829
2AD99A13 2BC77352 F29C23D8 3540E47F
0ED02F06 E04468B2 8E0AAC5F 77C21921
2FF7B8A3 692ABB1A C5197CBE FF7BA132
0000208C A1404BBB 0E0839A6 066326B3
003C8BA0 0002A77E F80FF9DF FE83FFC4
27C03FF8 291E07FF 80ABC0F2 7C07FC1F
13E08DC0 F47FC3FE FEA1FEF7 65FDF1E3
DF5EE81E C91CF6F1 B904877B 60654BF8
1E230B03 423B0412 6911D193 36C40DDB
3D3F42A8 0000AFB5 1A511D83 B7201313
E0054932 D267F707 A376C172 74FEB33C
83FFD958 84BFFE9E A4E1DFC6 11DA7F41
F82547E0 9FE608F6 367F55CF E5EEC50B
2F37314E 905BFE0D 39919F63 123CF4E1
84456780 24185E81 1011FE7E C3C471B6
9F8DA763 0778DBE1 0000DB94 A0A8B996
3D189139 016BA27C 474FE1D9 F97013FB
FF8C59CF 25F04B17 793E0F41 83700014
E1242000 7F9A2287 5BFF8527 D7FFF1B2
C077EACA 1FF3DEEF 0D57B820 0080CBC2
38220398 4B2C7E0F 2614765F 0CC448A5
D71D0AC0 6B3DF23B 3401607D 0000A07C
F4A68CCD 2A900C89 0203BA00 00010AC0
8080E3F8 B3FFC1BF F71FFFDA 82A2FFF8
ED2FBFFC 078C7380 80390798 B603D259
FCFFCBF7 C7FFF43F BCFFFF84 B493EE01
17C4C000 C03C8E40 180387B0 E1001C1C
76A69FDF 90E608FF DAD0646F 2D7DE3C5
00007C19 340F060F F62DE46C 0053AD61
208D0681 7C7A9426 0B114C3A C4187679
D6A00553 B6678FEC FFE07FFF 823D9FD9
9C0F7EFB B0B03338 EF83DE9D DA4C2E2E
E72621FA 7517443F AE733341 5F050C00
C3EE868B 147B8ADC FCBA0D1D A2C72376
007C3E2B 000037B4 6E5E3BD7 01EA76AC
798B5D5E 4EF29BC3 8110F6C0 F451055B
D79D8220 71667F38 AAE383C0 19E57D1E
D9AA7FE5 AEF509B7 9AE7DBE9 211C2FF0
8C35A1F5 78ED4E37 D483E99E 141A300C
00E4DF64 21DDC080 03DC974E E8EFC54A
A8216882 27BD1FCF 000097E3 12E35B49
FD83EF61 1BFEDA55 30BF9DB2 DD985A0B
ACCE260C 1FF5FD70 73BFCF1A 64F6C2EB
7DDE3017 0077E010 1C64DE05 50689904
22C382B5 806100E3 EB99B81D FFCFDF8F
090D8F2D 84A6FFA1 D6F68708 5899188E
8F9EA138 608971DB A91FD1AB 0000449F
6A3FFEBF E5D26515 FF38102D 3F91C007
03DF9B00 14D8F870 CF0403AB 1594017A
FC3FC007 FFC9FF1B FFF83FFF 3AFFC1FF
81F16B79 C4BE07C9 E67FE016 DFC3FC13
0DF66FC3 801745FE 207BD5DF 7F001EAB
5A4004B3 54080BA7 8DC04006 91B91608
00001642 818EA22E F7A76621 60456ADF
7D9BA657 1FAE6F9B 4B0187D0 0E3CEFE9
3DDF8E56 24F7B1DB 08723F1D 801AB7D0
D913D346 3F6ABF7A 84DEFB2A C7D7ED0E
321B0459 3406D423 F2BDF61F EF3B0075
6F22CA49 BF9F857C 49BFD8E4 CA60FA50
854A24B2 0000D468 6598C1A2 ECA8CC9F
C28C2107 7DFE6C08 A3FC03D0 043FB886
C873E86E D1F3FC63 5C7C1F82 806F81FC
F805F01F 0E044B07 82E0A564 34000892
DC01001E 11428D81 81B01CFC B80373C7
BFBE9518 E5FFE021 CFAFF81B 07707584
58D42A06 A25BDC02 00007C74 D8430009
E2E77E01 AB4C5B16 303B8077 FF3A90BB
86DD1C05 51FB2052 3283294F 8C600080
C61E0E02 91F341FD D490661F 31FF8081
1077FC9C D6C3BFD9 4B972BDD 0DBE7870
601285BE D407E8B6 18E47B9F 8BE899A9
745F23A5 C3A3C421 696B29BF 0000766A
A8D83E5C F76AF4E2 327E53B8 CD470638
32FA922E AF96465C 6DD89E1E F9F9CB0A
234B9DFA 190AD005 80759760 FD8577BB
4B5F7AB2 D63F7F25 3ECB7AF9 ECA01BBB
0869B0F0 E0C2809E FE17F7F3 E9EABC5A
6C7908B3 5355A08C D6B72A08 DCA6421D
00000604 0B5BF2C6 93D4C5AE E6163766
C4AB9751 28D5757B 7498FAD7 4AC04354
BD261855 EEB3F910 E284AFF9 E690D61A
004C6FE2 E00036B1 531078C3 5D6297E0
93EFC6FC FB557BF7 510B95DF 2DF746F3
B6076B61 900CC87F 249E6C5F 99E63CA7
9EB5ABF8 00000844 BFFDB4C1 649403AC
F04BACB7 FFEF049F 387C1A47 0103F700
4028DB58 1000EDEE CC440FF2 EC07CBFF
8E82FFFB B4F2C3FF 460D26BE 7800035E
EC8140B3 F5C18ED7 C892A87F B02FF23F
3802DB07 47801E18 82E01882 A9FE07D7
D620703F 389B548B 0000AACC 5A027BD7
AAE2F1D0 D9C91CAD 090BA624 04A0BA21
FD601E1C 156FA8CB 748DFDDD 79A01F20
BDC7A163 A243CF3F AA0CD494 8518AD30
591C613C C983BB96 18A03FB8 F09F50FD
5C2B08F3 60446008 2068DBA9 A45002C3
B9009AA7 BD3A8B14 5BAB7A46 00003519
80F2C3BB AFBF130D 1BE9E586 2061BC14
83A194BC 8634419C 0CE7C1CB 682732A7
A13207EF FF05277F 7FEE16CF 02F358EE
80697F87 07278A2A 0861E113 0F018705
80BBD034 940BF4C0 42E4A91B C48DDE65
227B6672 5FD87BD5 F61EDE45 58C29CFE
0000F48D C31D4417 95FE90FF DD35E244
7F254917 379FEACA D5FB8EF8 E9979FC3
D502B69C 4A500029 81C320B0 73FF9A0F
1F62A589 844CC64E B8A345BD 8FCC32E6
C40EEF7D 9C29DE77 E69A1F4F ED974EBF
85807BCB F5F7409F 01776C1A 2C0C5EB4
597B8325 00002899 8638E3C4 F179DD20
3DD68A80 0EC20B20 00DFE3F0 D8FC6CEF
81CCE9AB 82046C46 05700462 00AB87E0
30063E7E 110195FE E11C006F BE11FF9C
14F0B7F8 F6F50FBF FCA6BC7F DF2CC167
7C480915 C87D0511 8001C04D E25A3207
D80100E3 ADECFC91 0000E794 E8A48DA2
84F2F94A 90351336 FF9955AF 1FC9FA2F
483D72D1 BA80C58C A1FC7F9A 4EBFE6DD
CBBDFF60 7FED7FEF 41FFB5F6 B06FE58D
A847C64F 40002014 66804001 F875046C
7F8AA147 05274780 0CE0E3C0 F89F622F
07C1E460 11198F84 6BC77FD5 000077DD
0084B0A8 B899C045 D47105E4 7E41C47B
47FEBF22 F87FF49C 8087FB2D 62000615
11A01000 A06DA702 0DE51FE1 87D9D3FC
6FE3FF7F EC1F1DD5 DDA0787C F4DE8787
DFF9FC1C 1FA7F5E1 C14033F8 CC00199F
CC26A150 91407DF3 E62283FF FD204216
00000B6C 4A7CFD1C 53875D1C 36AF16C6
E09B511C 9F80AB63 87F434C3 201FD029
B73FF01E 673FFC0D 06EFEFF0 87F46F02
787FCA80 0221BED4 A11307BE 53029C1E
4B8475C2 497D34CC C5B044AE F05FBB4F
DBE98F1B 39D6037A 8D750159 67D1E9D3
8929EE3D 0000841B 079104D4 06295884
35C647CE 9EFE1B21 A3F87692 A47F8200
DB70D39E B36A3F4A 6CC246A3 F3B0000D
CE150DA0 028362DF 3E7FF78F D188D44C
584FD6D4 DC54280A F68D0A02 BAE9C24C
BFE294F0 4BEF8F7A B16E0120 62F8C047
A28A7B98 E9209195 000094DA 7FDEFCAD
F585478B B90907ED 0505CC48 E144FA72
7ED6DC1A 8B4763A3 D9401D06 D9F281B7
0BEDF600 3D237D70 21EA6DEC 4E8FB13B
3C3F7BD1 0FDF45BC 92C68611 620E5C20
D9636033 B36B60C6 0CC9C8DB B34EB2CE
AAF28D2F 2D1D80EF 3B8AE903 0000FAA1
8B12F29B 05164340 279988B6 83B38D35
9B3FD474 BD46CA6A 30FE1D17 5F0F48F3
3B5A3FA9 77CA87E9 80BB4F84 20041CFE
7C3C1152 C74CF4C6 9F117F0D 2AE9EF6E
045D4DF0 C13DB144 9F1E1949 4BF8CEA6
593771B7 3C7666DE 6FDA675B 636AC38F
0000A354 EEA8F9FB 0A89B736 EE8D09A6
FC29C59F 12849724 4CF82A20 37E3E12C
0FFE4A8E 79CFF0B6 BFAAFCFF 61F0270F
D51AA9F8 F73C0F07 97F1809D 8C3F2805
9C57F9C3 FD9E54FE 3E0C28CF 84EC0180
C22E0D5C 8557C372 B994FD01 FDAD3D1B
1E262751 0000904A F7C268F5 F774E71E
6AF763DA 96E9CAFF F0F61CDE 5FCFF795
A17F9FE7 3607A1BA 3D180803 638E8000
05736100 BEC7FEBF 1DD6B4E7 8DCD0024
177DE01A 83D16802 FB50FF00 E3314FFE
D27839D7 4EFEA445 66C08623 C1B76FCD
BEDDDFE4 5241CBDF 00003174 243A8F0B
9DA00AFD B6C9F602 2A512010 FF9280E0
DC7C0618 4E43C0C0 DFFE3821 B03BF389
14528610 70E21E00 23F24BF0 3A5FB01D
01E7FFFE 85225FF9 A2402FEF 106497FC
804426DC 9E3C3AAF DF3CE1EF B21C082F
29842C17 AD310010 061A4105 00005658
D09F02E3 4751E5A9 EF0C03FB 80BA43F8
E006563F 788022D7 8F00FE6C 83F00FE5
A15E01FD 0075E0FF 38025C1F 13C017E0
F91FF6FE FFF17F67 87FFB5FC F8FFBA9F
9FA20801 11FC4041 863F9040 1F477BF0
210656CB 9A3FBFF9 6A9A81DF 2EDBF08C
00001E34 3B5961BE 42D77D7A 0D267EC5
FEA13BE0 65C0E35F 183F2541 8187F094
E46C7F00 0DA847F8 00618247 1C0BF2E4
63C0313E 061E1774 E0047123 35906796
FA8F07F7 C7ADE83F B02E5AF3 FD0E16B7
DF32F61F E484EE67 8FA80071 00CAF019
1BF6BEB3 00008B6E 1AFCC8EE 09B8AB14
276E5252 7F1894BE 1D6B57B3 084A321E
5F88E737 879F0A28 06A2E350 EDEBDE3D
9F47C373 88EF885E B4563B75 06851110
D6399C0F DDAEC67B 7EF8F00F A2E68EDE
E76E4E71 2D4531F4 0ABFE488 DAA94E2F
65F20A4F 6275338A 00009150 3EA92351
3A4DA048 3A3E1DEF 86125BF1 56F6BFFF
7FBF2E9F FFFFF817 0BFFFF0F 0605FF00
30080104 000B8000 28202800 07E08680
317E01BE 1537FA81 EDBD7A14 7589FBE4
799F3F8B 1FF356AD 51F2C0F1 B4008F35
C400407D 9FF000BF 4C9D24EF 00005B1A
C15D5269 87599A3A 0860C963 EB2B0EBB
7AFCE6D7 67C90F42 2400579B 3300003F
FAEFD831 3D0FFAF2 D7EFCF1F F25A95F1
9FD57C3B 6F311EC5 11683B1D 195023FC
FA38E21F 060518C2 F8089264 DC0A5C8D
CEA8F2DE 4B987DAF 77BCF58B 4FB055F0
00003C16 65EFD312 DF753AB6 28471A0A
91F9FF25 786D2E9F 1FB6FA81 A9F0D9FB
4CF780B4 4F63D87D EDA1C10E 1FC1F001
827FF8FD FD6BF62F F3691F47 4DC9E9A9
5293D607 04B820A0 0C0466F6 E2E4CD2A
0570480D B7DEE7EE C5FEA232 F3884B58
419736AB 0000227F 2CE9D177 DB0467B4
D964C7F1 EBF945E7 1F136409 49E0DBE3
AEC0EE31 C8C03E7F A70FC239 08ADFE10
A30E7FF3 BAF026FF 1B300FDF 187C00D8
9AEE80DA B61818FF FE48861F 1EA08800
03F71200 007CA1B0 401FE090 89A3FA03
D9481ED3 C2968162 00004406 BDAB3EC9
51563DC1 B28E8121 1916C2F5 F0822EFA
7D032A8E 4FE03E15 508C026A F89800B7
F2FC807E FDDEC047 E603D9C0 5AA04B5E
57CE0DAB 7B3B201E 13BFE3FF C08473BF
3E06B581 5F148B61 AFFD8DB1 B2F8BD39
B16BF95A 60225BAD E759EE54 0000822E
14257A19 87C7E8FB CED7C3F0 DF192030
6C4E806B 6E264CB1 9C872392 790E00A3
7E1A5796 F45926BF 49DA8CFF DA01537B
35F0142B 091E01B4 F8A4F81E D5844410
ED738906 1F7E26D9 637F6CE4 16AA50DD
03902EF8 CA9D1008 40336219 9A62B281
00005353 4240EFFF 26D7ECF3 3E227C84
82232FE0 DCF3887E FFCFE3FB CFDC7FC0
8000C7FF 2E800007 0343DE01 FE2F0FFA
47FED2FD 383FFA8B 4001FFBA 922C3FDA
12A6E02A 6EB06702 0EFB9000 F9C01A30
1F85EE43 63FC3E78 406FCFB5 97BC78F1
AAE511E7 00000EB1 B4E71B0C 49A791DE
0ED21229 9E0E3F83 A1F39880 301BEBDB
2D002FFB 18801AE4 0AA053FD FDBE7FDF
3F9126F7 E0D887FA FEF008D7 CE63E264
FB99FE15 E6E10020 72E82D01 AFCB010C
21BF7BD9 20EBC744 025FC92C 8C6150D8
C1BD4813 DFF19449 0000A1D0 CD77FB77
A7D01D2F 1B042D69 31643836 2B249654
D6EF8932 CA3D1CA1 F7FFDD03 D4BBFED6
238A3F03 80B037E0 9F0E517F 1AB83E86
30900334 A70005ED F6F9B0FF 7ABF8947
A1708C64 A520C3C1 BC62017B DF7D60A6
A67E38C8 09ECC058 DCD3A265 00006933
C9DE0024 8C3EC0E9 446FE833 3BB11DC6
EBFE30FA 983C2627 01E3EC7F 9C221C0B
6A0021D1 EF94000F 0FFD8170 F0FF284F
F707F3AF 43F0FF88 E37F1372 FD61783A
7B6C2387 C272A7DC E7075FE7 F9EC31F7
57BF8327 69D3BC00 0F9FF701 BEE83FFF
00003E3F C1BE36F3 06CB5C3D A167CC04
F598299E DFFC878E 74207119 73800141
49D0E068 1A800785 EF48007F E7DB412F
FE3D9D87 E7E3E3A0 591E0F56 6B4BC1EA
0B76FB1D F1DE7BA0 9C5E3FF8 20D8021B
029B1070 1104CEB9 4E6809B9 F793A819
CF81D14B 0000F0F7 0FD9F6BF 97F61AC0
119688D8 0AF7E16D F0FEDAD6 67170C8B
1FF3F8B3 D7FE1FC3 146110F0 00230000
7403E01A C9C17840 FC1F398F 4FC4F547
B4FF1132 187C8902 83931570 F05FF43F
3FDF258F C2ED3E0A 9E049B1F DCE0B20B
A50819F6 57A84FC2 00002A93 01183ADA
3B1C08D9 02EECF7A 880B1D68 E205C75B
9F091B0F 2E40EF20 EED41F07 6B7FF0FE
FC7FFFFF AEA84EFF 00512F13 509C0EC3
A140C14F 5F901215 DF3D603E FF5400CF
D7E6A19D 7E163520 03A277B8 645E8593
512F211E 5AE66811 BD195C01 0000D1FA
DC216128 031BCDDB FE6CF436 0DF05FE0
F3FFEAFE 7FBE3A0F A072E827 0780481E
02748400 0037FCC0 000ABC80 0D000BD0
80D0097C 7007E101 5640625F E2B0003E
FD72803F 9FF9FE3B 39FF1C83 007F9AB0
9400BBA7 C40001D3 620850B3 ED8CC67B
0000E289 9EFA9EC7 0A07B5CC 4C74CD3B
E9B46FE7 57A56D49 98549F78 C3FF76B3
09917FBE B74C03FC BFFCF01F 050CFE8C
0C056B62 80E7147B 2A85D06D 653A2E89
C27716FF 7F5CDD33 FBCD5992 BF763B4B
B7DC429B EF7E267D 1997D7E2 CD7B7E7E
5AE047CB 0000F84F 223BA675 FDE30E8E
1EFC4E5A C82CFF32 40A1BBE5 B9268218
20F0E88E 5083C05B 69B12687 FAF86C7D
7FBDEFE7 E05966EF DB04ADD6 C3711487
1AE61C3D D583F3E0 A01B1F3F 095A4868
88901700 C0ED22A0 AE2D286F 617D3823
37D57D51 04ACBE52 0000C0F7 6D1DF326
D906B673 900A1C0E 8942E861 D03FB1CA
AE0FA4AA 48FE1F03 320187FE DE00397A
F52687A5 F02103FF 7FE73AFD F35CCE94
2FD59F00 597EDDC2 C1B72FFE 5131547F
116CEE03 0386F3E1 351988E6 60D4212C
3F3CFB79 ABDB161C C892AE6F 00001372
40636B1C E1A2F846 4A597909 8D077FE0
F48B05BF 5FBE06F7 8FF9F061 CEFF8E82
0AC77828 103C0180 1D03A230 FFC4B23F
33FE5F43 F73FFA92 CFFDF7D8 7271B33E
104BF730 80BD2EF9 5F3F06E7 7125BFB4
24DC0EAF 330DF3DD DCF5EF09 AD05A8B9
0000CC92 13B2DD18 6D38627D 356D3D49
D7E73F3B BF3EE99F 13EFF678 611E4E78
4EC2C3F6 346E8C17 01D06000 000B7900
CE116858 DDF0857E 6FFE7C0D BDCB7FB1
122707A8 0210F4B0 F8562833 FFDFA26F
BFCA391F 5169AF9A E5983FEB 1DF52FFF
BE184B4B 000075EC A3B6E3BD B4A18B0F
99681346 E6A443A2 FEC26E80 61E1597A
D4070729 01F0C410 08703F80 005717E0
D01BD038 13F61209 F03F7BF4 7801FF89
62F7C0F5 EE5DF9AF FE9FD7DB 0A7EFAF9
00BFF804 E68E768D 4E0EC5B2 F5380405
EF9A2006 1709E3CC 00005EF9 0041A5F9
AC25BC75 1FD65B98 3E6A3BF7 417F7DEA
D52BFAAD 2FC74197 E0E40078 8DC20021
09670007 054A1800 000C778C E0004A60
3E001A19 9DA07B33 107FC0B9 01C5FC00
0147E770 7825F7DF D4C3FDF9 25680FFD
201A3DED A4D069F5 21608434 00009556
9694EE1A 80F9CB48 CA7053BD 4BA44002
01AE8C00 E07FB2F0 9E03B835 9FFD1BCC
F3FBD1E2 FF97FB1F 9EF07C71 C3EF8CA4
2C1F378F 01C5FB65 59682304 A183C677
A6841C3B 332007C3 F050E83E C7801B21
287C00B7 6FC1E21A 7EF5EF8D 3D2426F8
0000344B 40111B87 684D9B25 A8ECD52D
C0739009 FE2A0197 20C8121D 0BF20AFF
693F8019 0293F809 083503A0 1F90C003
E1FDF200 5217F7A0 702C3E90 A7C37AA3
49C69FD6 A8922B78 194B4FEB 790098DD
FF0AE6BB 9742DF68 5CF85B11 23998DD1
FA7A4907 0000EEBC 851F9C54 36552C08
ABB827B6 F5B34EBD 9615B83F A7A5C0A0
121C50A9 5820FF97 9CF80FFD 029195E1
E0442DFE DF000E1F 873E1534 1C73E90A
F7F30790 BF5FB815 F5ED2B43 5F6DE583
200B8E98 1E607729 0D1E49C8 4FDA8170
D9A2EFFF D3DDA5DF 0000B670 39553255
C1097542 5EC81CDD F2A6FDFF 000FEB0F
00003780 70018FF5 7FF23FA7 C2FFBB8F
048FF1D8 60011F00 82216570 F2F78647
4ECFFECA 6ACCFFEA 0A48CFE3 CC803F9E
4A8CE5FC 6780701F 06381000 C080819C
D65C1E4B F9A801EC 470CFF62 0000A311
7DFABAAC FB8889DB FB331AB5 F5FAE7FF
3EBFA83F 8080665C A3840040 683BC3EE
F2807E0E FD4C03C1 CFE7203E FC08B97F
FFE3EE7F 7F7E1457 27E3F02D 0E3F6600
405A1ECC 000D77C2 C76697EC 3047F285
C34FFD21 E9001FA5 7C004B6E EC7B3DDF
0000ED85 53A57AD4 5E2A6AC4 702E5C69
E1FB9E98 0740885C 58BE2E1C 1F87B084
E1FFF339 C0EEC00D 06D47805 C03DCAE0
820EB4E1 AC441993 99E42B95 D5488349
F657B673 D6EF38ED 7DEB9D67 7FAFF265
1B12CC56 E76953DE CC29D928 B0B494A9
F007BCDA 00008712 34C73546 CB71C1E3
F78A2338 902B53D1 82226324 7676F150
33FFA04F 68AFFD06 8B71F512 17921000
7052AC5E 37235E06 3EE8C292 5DA80F18
52BB01F3 F552F0FF 7F5C938F 2F96FDA8
05658210 E11B08F5 740523CE B3BDC6F7
A678BCAE 3A064FF5 0000B63B 1BAEF317
869FD30C 70A091ED 2B4A84D8 BBCC9A79
82F83E42 6487675B 3E06E30C 26D16E79
2BD6C069 FA634004 27EA0425 571AD0E2
B5E7C60B 1E8640F2 EEBE7D02 DF8847D3
015CB2DC 442AA072 C18D8721 4A2D16B5
684D8A25 A07BE5E0 AEE57E5A 00000BED
6E103421 858FFDC9 89440BE9 FFE9787F
3FD4743F 81FC9190 600FF1CF 28043F51
F3C0C0FD 1E8C0F03 F894E03E 07984000
00118201 EF9C090E 27FDC091 01FE580A
7877FB80 3F8E1FBC B9F4DDFF 5E37C36F
97423001 123CFE03 E31B6C43 1E8E24C6
0000145A 299FC5F3 21D450EA BB3B561B
BCB866E0 0218ECD8 55129411 A470E503
14FB0E2F 2590F982 08B4018B F04B701D
074AB080 3A1EE4F4 4FE3E5CF EA1E5F7F
8EE073F9 74721FFF 6513ECEF 5AA1A4DD
5D40ED01 FB43F506 4ED80B83 105CACE0
2F7FD24D 0000E343 F1F04A87 660066EF
E891A03B 83301B71 21FA1F4C D4D8CCD8
761FD39A 2B70F409 CA9FF824 0617FF00
873C1FF8 03FF726C 1817FEC7 600A17C4
561A70D9 0600F382 E6AC87BA 5C73A3F9
504E9C2E 747A3A8F 5F80EF25 02A85B09
8CF7CBCC 4744CFFA 0000E4CD 16874C56
812AC4D2 C0E1CFEE 742A8330 EF228CC7
6FFE9CFD CC03C2CA 2780176D E12D008C
409DB030 3607CAE1 EB814A7E FE765617
4BE00124 3BAB5639 AE3A750B 1A8D4000
E86EC888 B35E6E12 8D6DCFB6 FA500D44
952237FB 67BC9ECC 7DF1FF06 0000D462
CDABD1F9 CED14553 4D4553E5 B0F9FFC0
9C28BF69 3BE1935F 957E225F 80B1E12E
CBC10AF9 6E7E1087 80E36238 7C04641F
075D1548 0236110E 27D0E6EA FCE09E7D
7D8CD1E7 E7FFBA16 BC1B929F 6FED058B
DBEC2ADC 2D7E8A7A 4F6044A1 08CB3A10
00006C59 9E65A64C 177383CD 26062FED
C4CB477E 3E02897F 07E1CB00 90039EE2
B3FE38F1 F3BFF19F 1E02FF01 C82A3FB8
5FF0D023 183F9E20 E3407886 281C03EB
8401E238 B8660733 184F9033 71E01D00
86AD8868 F3FABEA5 5BFFDFBA 3DB3FDF8
6EA85EAA 0000AAE6 8F9165B1 866ACD11
017E0014 03974F40 E05B43FD E18F797E
B80EC7DF DF811977 80F83FF4 90EB87F4
0C41207B 20F8B402 0C071B00 97E03B13
211C0065 FB98A03F FE64BF0F 07C106F0
7C002FBD FEF00577 570E0079 02FBF802
B097FFC0 FD141CFF 00003C27 C4D1FCA4
5464CD7D 0826BFCF E02203FF FA10E57F
3F403483 6000021A 1C400078 CAAFE8BF
FF7FDF87 EE398F8B 0711C800 08380AE0
AF60A1F2 3C3EC781 85057E78 386C03E7
00090079 70000486 0F11DA32 A2F800AF
0DBF8FEF FF9FFDF2 E0674466 00009707
C5CFEEF5 A6D8C522 A312F83C 0ED2FC11
01F44B01 C03BDE48 FE415268 D5F5F6CA
9EBFFFFA FEE9DE3E 1F9703C1 61ECD380
84EFC2AC 5D0E2634 F7C06017 B2DFF38F
9CB9F838 31B6AEFF 0CC148E9 5DBAF49E
D8368F75 2C8CDD07 D0878000 7E5961E5
0000BD4C 425CA29A 2A89029F 70F310CE
84B201CF 18541BC7 D44512F2 8CC23E84
E9E2007C 4B478006 0B9AFE12 451BF7FC
5D83A65F AED8952B 1BBFD142 ACAFFEBA
39EF7FE1 39578346 02F7139C 663E1A4F
4011F4B5 EE04FC4D F720D990 00518BFE
02F3744D 0000D63F 42B73DCB E2B843F0
A6DB6A27 D3256101 153DE1C8 6061621F
3B053DAF 4FC026DE 9EFE0015 C993A082
BF1EB887 03F1E601 273FD17C 2661E56A
AB7FFFEE 68377FE1 03595B70 B9DE2F73
F3E1ECDA 75570CD7 FCDFB124 AA3DF3BB
5B782900 661E1C45 0000993A 82C3B847
96BBA6F8 179B1BF8 ED20EB1C 3F823D59
03F02C25 051FE938 C3EDF15E D26CFE30
40FA4F80 BE4341B8 41FBA189 B03FDCA9
EC043F02 7500AFF7 EBFF87FE E827807E
397DA917 563EBF6C 35C48F9A 77A6854A
4C8B9278 9F74D016 C492488F 00001C30
7309CA66 80CFBA0C 085E77FE A3227D92
8E1A6CFA 58294685 8DC61FBD 83FCF75A
21DDE721 12380021 F098F804 FFB5A147
2FD7FE48 AF7E3CE2 EEF2E573 45C0073C
28A49000 1D1D6D24 37FADA19 0AFBAC61
E6FFCECA 77982989 93000082 8A196442
00009F1F 905717B7 302FFEF1 5C44CE00
0F4523C9 14421675 B683F4D8 FF3C07F7
6338140F 55701840 09529DE3 FFCEE5FF
FFFFC23F 7FCFE217 8FE03730 29F80372
E48E0016 ECBBE0E0 FF07731F 0FF023E0
687F5508 45808FCB A71803F8 8ADE101F
F19DBD80 000002A0 878CFF25 ACF62309
F7C38D99 5ADBBD09 34CFB6E5 9F808990
C8B04EDD 8A01008A E834002C FC81341F
46FF7D55 FA0A987F FBE1AD5E 1F9FC06B
6CACBC09 196FC281 E0E25A80 8F815BD8
54ED81B6 A8533952 4544FCA3 1C70BB9B
F7F53EF5 90D07D59 0000AE5F 80DAB33D
07B1F517 50B75C75 4590A8BB 64CDF6BD
2F086CEB 80C00D28 D3800A7E 3442035B
F46AAF7E 1ABEAC81 A47F3598 5EB5E2FD
A05C0932 96F3D2CB CEAA2F54 C74F5478
9C33A3F7 49C7B92A 7E200FF4 746444D3
B34C07E9 03802099 FF85CD0E 0000FF51
940D6D3F 4E1F8691 9BEF8377 0A9ACF0F
2BD1BB2C A00D991D 3C05D7C5 A500D728
91BC0C17 0BED4FC0 312A5BCE D7E017FE
0DDE17BD E6DBE2AE 39ECF061 59F33F07
C1A1EF18 0F485034 0BD9F589 E093E480
FE3EBA83 3C65D4B0 23E106A2 ECE6093B
00000C27 C67FAF72 B2ACC3D3 339515FC
65567823 2013D832 A81E6640 C96CE470
4403FFBD 24043EA8 382CCFC0 100A43FE
00E2C8C7 A002007E 1E03C166 C2E9789E
0ABF6DC1 6CD80286 EFFB381C 4EFE568B
C1AB9AF8 A22466B7 5A2187EB ADE3C048
57C34641 0000664C E26E5486 76DCCD72
E13EC2C4 35698382 007C1CA0 88294B1C
C1409F61 54021D31 61A013FB F98B42FE
FF84BEFF FFE9957F E77D2BB7 10B6022D
BAA19808 5F2E20E2 FEBFC99F 1F709B5B
89FF8A46 74AFF7D1 5724E3C2 52044022
1900C010 C2DB4203 0000962A 8B394CFE
24B0559C 26ED8B8C E2492FBE FD1D114F
CFC59CDB 83F83CCD D25009E7 8521003E
FC14083E 9E1F9839 1C54C557 FF80ED7C
5BF817ED A0FF831C A32C3C7C 19427AC3
A3994016 30CBEA90 5A4CC8B5 BE28E6DC
B26FE174 91EE28EC 9FBCD9F8 00006A70
AC7DE13F 52319601 B7DF32B9 F8206B6E
98EC3AAB 8711F3D7 48DB7BD8 6C5C6E55
D0151FCD 910FD6F8 600ABFF6 CD01379E
B45D081D BEC0DDB4 85F00363 7C39E811
0B14C641 E8534BB8 FB979C3E D84ADBC4
F22DD7C0 95A663A0 D1D78762 83F1D586
00009D91 2299915E E2867DD1 DA6EA46E
520B0C5F BF6F9423 B04D8480 290107DE
69303C2D EF436383 B9E93F39 027597F0
E000103F 5AA05CCA A4A6C704 41393037
F00E614D FB2ED3BE 7D3B277B 1C8AA4CF
9F232EC6 7FD22DB9 0A55664C 3398F513
04BF5244 00005DD5 D22309C5 89E7AF9C
B52F382E C814D629 7BB029BE DF002303
6AF9E31A AF378AED 4E5D09A1 BCDC3474
BF0C76E7 DCDF593F 6940F7C1 82880FC9
1D2900D6 C9565C7F F3A3302F 007B3801
C1245900 728506B7 42DDF034 349D3CEF
2415FF93 541F5AB3 00008298 023CE564
330FEE48 EC5C1068 C4A1FF39 E20EEFB3
01195BC1 A4212726 132FD1B5 15D73FB0
2AB0F19C 86F73108 047EBA41 6447F18E
900CBF45 C8986FB6 89C4058C 00E65D8C
C4C5DFFC ED1B2A7F F48E47AF 59F616FE
50C7F42A 212041EC DD682F6B 000041C6
F58EE941 AD119CF2 E0A5F5FF 2CBEA400
23A5AF02 60FC04C1 401B9034 467C5005
FBD7F081 1FDFFD1F 41B7FFF0 DF15FFFC
697C4D31 F057F010 A6127E38 4C3C03C5
C743C03C 1CBCC903 01FFE290 B00FFD1C
FF007FDF 8C7C07F9 02F9F03F BF748662
00006114 D6270CD7 7A373EED 762C5C71
512A76D7 A9FD9210 0A109B6F 75037801
61381BC7 E660F1C5 CA86BB3E 03B8A0F1
3801AC13 A30093AD 35F44D30 5F381B57
510BF7EE D010CC3E 0A4FB298 53E950A8
7568490F 67467EB7 D9E8F974 90D39CB2
6159B91E 000026B8 4042EAE5 D0E7611F
FCF61B7F 7FFC8683 0FFF45E0 C0FFEDF0
BC1C1F31 D581C03F 02381E01 C02B01F0
7FB2380F 07FF803C C48DF480 31340F20
2FB10816 E5CF7C7C C447938F 37461DE9
EBE33974 FDFF84B5 7D17F82E 137CBE07
FA3FFC01 F37EB77A 0000D8C7 96927BBB
75A7CF37 65ACBCEB 64093772 FC00529F
60F02E7A 3046A39A D6C811A1 2FB2C693
EC837FF5 425FCFFF 407FBA9F C243F0BC
00003F0C 3C104FC2 824A027E B4136077
7D268507 F5F5208D 1FDADF4D 21E90134
E6F0ADDA B3CC649B 43A8FDEF 00003820
A81076A2 F9965638 04ED08E0 7CCDD00F
03C76C80 083C1480 7E43C4A5 41FFF805
F7BFBFE1 3445D07F 00509C00 E18127F6
FA14111F 1FE058DB EDE471E4 F94667DF
DA176EDD C4C067DC 0C9DE98D 4308F620
5026D1A1 C0827E5B 4AA5D14C 96F8BB00
0000FB13 999FD617 06C93237 B896EE6D
A9FE98C8 B0E4F775 520D2C33 7C0074DB
626017D5 59BE71FD FEEFBB1F 0BD07269
89FB8C15 961EADF6 B6D0DF9F 7F330071
C0B9102C 7C55D7C3 7DCD6822 16B966A0
23B624D2 6F844A22 E11D7668 346A1D20
A6FC1DF3 000042F9 1DFAAD3E 79B37A4D
825A6D8E 6CD45381 B95E6553 0226B569
4B8003CB 064A007B 289FFA0D 02FBBF63
D1788FF3 2F8191CF 67E5B6D4 537F153C
810BF1D2 5956E706 03F800C8 E06802F2
FF15547B FFF214D9 F5FBA3B9 C1B5DC5F
03040043 0C03741C 00003561 ACA9D1DB
DCC50966 783FD3B5 4A73C2FD AD4D801E
07C54FCC F04261CC 15202124 98B7C226
2A92BE20 F40037E6 9F097519 DEBAD7AD
259CFFCE DCFC4EE3 1BA6FC99 639137CB
86C41878 C55A9C5F C52E6CC0 B0215412
7FF80FAB 546A2026 1EA3F26C 00006CF9
747A89C1 93DC7299 A48C9F3D 1A6CD924
E488F2AC 4321C611 E1733CB5 04C1059E
E4D0307E 3FEDCFC4 D89AF8FC 6E16C21F
84A5FA11 AF3E00F6 193BB069 2E876316
C7EA7A3D 32B3BBE7 7B698BF0 84EAE243
EFE24D98 5A80F55D 7B772B86 5ED2B7D2
0000A42D 18EDE1E8 9BB0E3D7 5EC15807
EC91B4BB E77D6077 BF7DB49F C1F2FE72
16121E2C 01002022 F014078E 9F0CC1F5
68EF5537 410128E1 E690A15E 62A22639
B578023D FB7FE927 790AF107 FEB3C7E0
FB151BCE D8922BE9 826F7675 241951A6
FA64B872 00003BB1 EC5DF24A 66D28915
6B5073B4 6EBD207F 80F3A44F 38017D07
1FC03FF0 80DE1DFE BC8FE197 88F0FE19
1F823FF1 30F1F15F 810F6B20 8C182242
B2EB81CE 29F2F876 70457F87 8F433378
F078631F BA07F373 A1E06C1E E5001FAB
9CD407D8 C5D818EB 000028F2 3B219DDC
99E1B13D 529C713D 69F208CD 28BAE951
2043AE64 7EC23930 EA2638CE 1ED28F8B
D1EC27FE F38FD47F 7F8A0603 245F0A14
B3F7C76B 34DDB5B7 DE993907 DFECE118
BDE0A9A3 00454E82 24B13370 519D8177
405BC272 56A82B1D 2FE520D4 0000D090
063FF6F0 907BAE25 9C774FE9 E8309BFF
8E4022FF FDFC1947 63FFC052 362BD40A
08201EE0 F8AC00EF 5F810003 D0F88200
3C6F08C3 43C460AA 4E089828 21206681
F7240400 5C086201 0BD054C8 C1B40F44
7A44209E 15195C8F A48D3FFE BEC9F7F5
00004F49 25313C50 F7DE5C18 10B00049
017C9500 201F7100 BC0A1544 5BE01AEA
55FF80FB 1EDF1E01 E3DBE1FC 07FD7E03
E027F2FC EFC3992F 9CFD7B3A FD82FF8E
910A37FC F71C489F C836A1E1 C7136C5F
05FC2348 C03B23C8 9F02F747 EF28C1FD
B183DFD0 0000CAC6 9F929D89 79278DD0
41E5A258 F07077CC 3FB1510B 00E93F70
1000C0E4 99D70CF5 7F3FBC8B FAD7E7FF
FFDCFF9F B1FED5F8 FEA94EBF 0A6F018D
7925F019 04F23C00 4F09EA80 A96B4F2C
C83F8225 A044EBBC 1219D120 1CE3643C
94ABEA02 58DA4311 0000CB51 831EBCF1
E8D099C8 36742C51 03883FE0 A03EF6E8
03C7828C A01C1B3D 3F00C15E FF7EEE7F
7FB7FF37 01F87FE0 0011E1F2 059B719C
C06FBF1B BF07F0EC 6FB01E07 0FF000F0
3DFB5D0B FFDBC8FF F2FC5C77 AB001DFD
73F00767 121A0035 7477D008 0000C2D9
8483B0CC CC50F66B ADAECD4A 126D1C6D
D20A02A4 704D878C D482B7C8 9D8C7FF3
0501F7F8 0C212FFC 74CED01E 6322FE43
058A4F74 425CBCB2 2403FF18 21E40E78
5FA3C086 CDC15A40 D0EB616B F54BFA6F
F204A195 17A3088D 3250613B F5D2B58C
00000D9C 6B650A66 B0CDBF2E 022C8701
00C40800 FE0758B6 0FF82B51 98FF809E
5F05F04E 5BD07F02 1F9BC780 0FF83FD0
C3FFCBFF FE7FF91F 3D4F7F97 F9D0E1F7
65B21DA3 086903E4 008C1C7C 003EA6C6
6E07EFFC 2C000A42 09B4B322 DE9764B6
7EEAEFFC 00001EE9 C3866E4E 15A0B500
629146CF 06650041 23D9B448 FEF2D7F0
9FFFFFFA FDDFF772 57CDF204 021DFC80
1C107F80 8190A578 6C5F0F4A A5B3C1A6
877F5F11 1CA61B90 50CC5020 E0EA0E07
B78D4FA0 AD1A6D86 2217FBFA 87878839
D41C5205 C3B9EE75 0000E6AE 9FF27AD3
6DAB38DC 03B32300 803F83E0 FC20C60F
4FC161E0 803C3BC0 1D43E08F 16F88E22
193798E0 70AAFE87 43C33C12 043C12B7
57C3C0D0 E4CE3C0E 7E41B3C5 F2BB43BE
5C6D7ACB 178AC7D4 A9F8185B 9AFF8293
6EFFD03A 8875F1C8 5AA98845 0000B8FF
5F1B7193 E402E4A1 C6A7EED6 0B75E8F7
B61086CD E5C0F9A8 879C5FC7 98F780C3
21CBF808 00130880 08040280 80910258
995FAAFA 97C1F52D 06F66FFD C83FCFDE
EB39EFF7 F8FD1BA7 1181C03D CAB0038D
CBA1C651 F4FFDA59 BE35EFFC E10F15B5
000030BE 463EB3A2 1829C7C5 E2FEBC4C
3FD17F85 E268C558 2F3FE8CF A030785A
C3020FFE BBE8F03D 143D8F83 E09AB83E
4F08A980 07F835E0 8E3FAF00 4A33DE09
C5EF5FF6 09B80EFF 2019EB4E 87018308
780523FB FF891E1F 45B873FA 7C41AFF3
0409051E 00009117 408CF49A 3F3C7E30
FEE2E631 E9D8B67E B992B283 C7CE4858
98FEF4B4 855FEFE5 91D9FD1B FA09C17D
18DCD903 70B41468 790A4CBB 35D18D8A
C0E8872E 213D4150 F242C006 541AC281
16E0CCA0 0854FF95 213FD8B7 AB2FFFCF
353BAFF6 C2B4D364 00000330 381D02D5
9780A01C FD71D7B5 A7FEEB7F BF002487
67F8127E E57B81BA 00539CCE 7208500F
0FA880D0 A0BBBFFC 4C3D9FEA 81C124FD
E43E3D19 5B0FFAFA FF617FFF FC2BFDFE
FFF26FA7 4AFFC1FF 2263FA35 990F5C1D
BDEA390D C55A0FA5 9B3F4ABF 00002FC8
ED8D6B80 0E351215 369F8493 7CB7732B
CE7EA802 C9FF74B8 2E0FD1BE 97E8FADE
EFD7C740 063CF400 201B4E20 BBF870EA
6787E39E F84C0485 AE33E0BD 5A25B402
AB2607C0 3BC20AD7 0F912EC7 495338C0
3A57A1CF AEA2ADB1 5518885B 6DE944CD
000039F4 006CCC7D 3695959E 4783DF54
01ACA1D0 3867096F E04D8FBF 0E1CC625
B874D7F9 6B56EFF5 09DCCE7D 62C3C7E3
809A2E7E 001B81C2 00C67C48 110591CE
1BA03C04 0310C180 241E7E30 7FAFC4FC
F7BFEDFE 5E7FFFF8 C9B8F687 868E2004
D32520A0 00001912 A0A00F72 7A17FA5F
937148F1 04522181 7201C180 002391B7
D6063FD5 A520ED3F ACE08E64 29EC1073
38444587 41E37F10 FA6F8BBC 5FF3FF91
777F87E9 7B7FF807 1B03FFC3 E0F97FFC
0707B500 00F03CB8 E00FC1B1 0F13FA02
36F7FF80 7015FFF3 00007DCE 8CC16085
5ED146D3 F5D113FF D68284FF FEE00C0F
03F11544 001FF800 3A087980 54A6E3E8
FF87FC1E 83FB3EF0 183FB793 E50AF81C
D9412EC1 F9B87CFF 0A06E380 C1D35E1C
841B5761 3C43B1DB 45F039D4 5DEF875B
D327FC34 8C5FF3C3 1E747DFC 0000B52F
58D1F552 DEEAE745 1560FC01 DA086A02
FEB667E0 E3EF757E B81FDEF7 D7A1C571
5F3CDC5B 00B3DA80 10010F80 C0C3DC78
7C1BE447 63E1FDFB 1A7F0076 13825C01
009A00C0 F807001E 7FCCF08B 0BFE3118
2CFFF01A 7E877709 2A21FFE0 2FBB3B90
00009FB0 E38A30FD D1E5B337 206CA891
046423A6 B062EB35 DC5556FF D4C56971
1CB83F86 EE7A27FE FE3C93F7 C97EC17F
FC022E0F D7805CB8 DE340C34 90FD008C
737BC417 1E13A0E8 C283BCE7 0D1E84FC
D6A813D8 5CF342DB 6339B075 F1B8C442
5F1657EA 0000C9EC DA6890DD BBDADB99
30D87901 07EF3F80 C00620F8 7F83E24F
71FC2318 0C0FE1F8 0FAC5F09 008BC7F0
F804B80F 1F803D01 30F8059D 1B1D84C5
51DCEA8D FC3A8FDD 03AC48F5 F1F18C67
AF0FD968 40F02CA1 54478B84 AA00F80E
1C500FD0 453DE150 0000F683 BE92ECD2
F378984C 417B7400 0209C7E0 F4A0087F
2FF02D85 807F0494 5B87F04D 41D02F01
9D238378 1FF96563 00FBB607 000FF0A0
02F37FB0 C0FF87FE E953387F 7987D807
0B8D32A0 C1E074BC FFBA179E 53CE2257
33AF83FC 06871BFD B4531EFF 000019A2
291145E5 69DDADA2 74691407 01B2FED9
F1C121F9 BE2FE6D6 7AE0FF20 3D861FBC
FE3E03F5 1E95C7D7 E0173AFF 838130C4
F8380A3E 99C380F7 C7562852 D15A730C
8CB08839 DD53BA0F 2FD8A341 01B15EB4
1F1EABC8 7A52DBAF 11C4E64A FE49AAAD
00009C1C 31CDB98C BAAC0CE4 02CA0402
C092880F 8E084F07 68F16390 4F878155
73F07D2D 443E43C0 E0DDBC9C CE4AD1E9
FCE02E1D 0C0F0D80 2848704A 8A850704
63043072 D7F0C80F 3C369F80 E3E037F8
7FD800FF BBE6A1B7 75ED8004 FE2FBFDE
C7BCFF92 0000E3A2 635ED7A1 E83295AC
579F4094 40FBD090 72949F22 FE0D6BB4
93F37525 AC6B9E7C E589DFA3 C26ADF8C
01FF7DB1 C84FB73E BA10F8F2 4AC1AE3C
541F4C21 C97A7E2D 026616C0 A02B90C2
00061824 96C3A88D 4F1BCC24 E51BEDA6
95B87FBF 6997E59E 0000DB9B F30E6A54
41BD5003 A052604F 06C25601 60C1B59A
FA2AD8F8 6EE034D7 127F1D7E 68B7FC22
71F7FFC6 F005AFFE 17C80660 227B0EA0
811724D7 3DC372D7 C6EF8BF4 E6E0903D
1E2A2703 21E86B70 E00FCA4E FF107ED5
87E103E2 14BFB03A 70DEDC70 000054F8
DEBF2074 3E4987B8 9599B840 FC909FFF
FE30445F 3BB34D32 07887B38 707626E9
3840E0B4 E7881F9E 1FB90009 00FD6020
00035724 F8F80423 02BFE094 0CB3FFC0
E1B45DBE 47094DC9 3C00B910 9FF8156A
20FFC9F3 743FFFDE 8231FFF4 51A8D90F
00002DA0 8EE73D3E 452F4CBF 8E46CFFF
04A817FE F816B93B 1F0005B1 C0E06818
E81F07C1 77C011FF 17DCE00A F17B8E0E
02C7EDE0 FAD7F49F 97CC7C08 553BE7DD
068FFE08 00733FE0 F81706FF FF802CAD
5F9C17E3 406AC024 71017E35 54400FF9
FE845417 00008551 FF990364 62DCE319
561C45F4 98635740 CE4EC75D F9F90B46
BCEF1930 591E7E04 CF9127C9 3B2480F9
E053000C FE0858D3 CDF89EAB AF7FD221
189ADF03 0D820000 1676A006 876D2D88
D1DF69AC BBCB2687 D5D5BF75 83EC34A7
20EFA6DF FD398B5E 0000022D 84E888B2
5E0BEADC 6535EEAE 176FCCCA 00CC02EC
BC2269FE F80709B6 E8000C0E E1C00F90
FEE0037F 03D8A0E3 6006FD1C F008077B
4781800A 957CCC43 94B7CEF8 3C1A27C7
DBBA1AB6 FAD9ED7F C85B77DC D92CD24E
04B81704 F28F89C4 5567276F 0000203D
6A586935 7DFFEE20 D02689CD BA4811BD
E245A399 6C7FCA0F BFE7F801 5DF8EFE5
BAB7E31A 6F06D406 300970B0 7EC1F604
CFC411B2 21E81749 9AD70E50 AF45B7F3
82690FFD 6024741F 4E04F618 BD8628B6
36FC2776 3B928247 EB7E6FF3 0E377976
0000DA61 02095795 0F37FC7B 9E3DBE72
E1A74B40 7F37FFA8 03F80FB5 4C0E09E5
EFB50597 F2DF07FC FF0FC0FF 95F61E0F
084FD5E1 38401E42 B58DB57D C3D1C245
D1B60C71 5972114F A5EEB4B8 58152D5F
8AFDF725 322C73E2 4EF4FEC4 853625A9
5A5A8CC7 00002B12 69F7B0AB 7125F083
7239B894 00A43AF6 C17F7EBB 6C565CCB
79E3DDA7 68673EB3 ADBAF0D0 59A50F10
B973E47F 334B639B 9A19AE6C 4BC832B1
843807AC FEB1E17F F1434C1F 005E12C0
83C2D131 9A702E80 E3AEB40C 9FC5B54B
27ADB362 BA769822 0000D7BC AC6B3758
8961A601 FDF1D1BD FF31C9FF 07BDBD01
00780592 B70388D3 AD9E789F 3E8773E6
03D87F87 00026C78 183002C2 C5C3C598
FE9FFDA7 86229FF3 F89E2CAF 9F017041
6BF86F26 8F7D9DB8 F843FC9F C6018D3D
3D600927 36391808 8A530308 0000CDC0
17755C84 3820DC1A CCD58972 A5422BF9
2B0532C2 C077C276 1A3E8A22 A6E6E428
8C969E07 CFFF8334 1FB9E019 5CBF3142
E34BDC76 2D5CF7BB 1AE87805 522A8960
CAB05A22 F84409FF 6D66B166 6D905526
53D8B749 4CE7134E 0099FB53 9D8D4952
000007F8 F42D4FA3 D51EB9C4 5A143052
085BC37E 9761F7F4 C8EC0EEE 580FD127
74007183 1AE40612 19357E01 F0EDEFE6
BFF36DF7 F8FFAD9F 3AFFDD28 C944E314
AC01C403 27C211C0 E7E7000C 73F97E64
A2906441 68288CF3 03606F6E E01397E0
4D631AF4 0000E80A 509B8497 FFFB48A1
FFDB704F 27FDE780 E0730EF8 FF87E83F
01B8799F B041CFA9 F002787E 11003FC7
E009E0FE 7000000F 03800200 FC180455
4FF98091 F97D881F FFBBC08F 1FBD9F00
A6B13338 FD653B05 F57D2D83 2933B8EF
AD800FFA 18FA1DFF 000075DB A40124DB
8F99285E FF36909B FB53A74F 7ED3F837
40FFE480 4257D198 A63A1C92 216FF8A5
11CA7E80 FF414D27 BFFF6AE1 7CFFC817
C6CCCA27 EC04817D 5AC8D039 F1DC042F
1DC7C913 0145CA00 39110604 AF078C61
E29F3FE9 C8BAB3FA 3AF789D7 000051B9
9C971F57 2E35B29F F81770BF 7FF63683
01DFD9A0 F80FF77F 0FFCF4AA D0C9CF81
1FFFC060 50D8FC01 FF801FE3 BFFEE3E7
979DFCB2 603C7FDE 9C01C7B9 80210E3B
010660A7 038FBE50 7AE85BD7 DF9FCB25
D277A46A 04E7EFA4 D686BEFF 79187DEF
000065EB C16FB0C2 162CE5BB 015AD063
0068C248 C81BE4BE FE8FFA61 EE7E7F33
C902F719 556C0603 033165E0 227EFE56
30278AFC 473432E6 5859C34D 71E39C06
197F0CC3 F7FCE0EF 7FFCEFE6 F7FF80FE
BA7DE777 1FBBFAFE A70C010B E74C0010
3BF8B0E7 0000C786 E977FEC2 3770C6C4
EACA6A5A 809B3358 FC28DC7B 07801289
403803D2 1D23C23E F880FE37 2E980FF3
F059030E FFE4213F 03D05EC1 A77E10A0
03BFB82D 06E3EFE8 00987F9E 80022D1C
0408B608 20246044 70044D1B E8807AD4
951547F3 944298FF 0000941E F2E59E3D
0E012AB8 D8FF050A FF009001 1BCFE821
21161020 1F3A0225 1FFF0729 C97FF8FA
FF79E1FE 83F59D5B 803B1E78 E1A03D1E
5E88804A 51C00011 73886007 FF9DDE0F
67FF7FE2 8E65E1F7 F8F54E7F 7ACFE338
1AD7FC0B 1C061A04 E5FF640D 00007279
7D623766 711CDF0C F13B1B7D FE58FADB
5F44AE55 0BE51C18 A2BE8FDC DC134D1A
0BF2008F 548B5100 CD205F38 013A8C7D
984F711F 3D000738 C24E5161 39DCF416
D2FF173B 7E2884F7 3BDC15FF 12D2D359
B649DF08 60ED05DE B035C2DF 18C9C8CC
00002184 B9B904C4 D8FA8C33 FB367083
3FEE4740 07FFC478 D0FFFAE7 FD0E07D1
7FC0F00A 007C0F00 F947C07C 3F997803
03EF830C 841EFAF4 A0104EBD 07819876
617D1576 F31DD04F 86669FC7 3DE6B7FF
F9F28B7E 6FBFAF1B C0DEE905 6317BA00
6257772F 0000E931 A90E4731 1CAB4D1B
E6087835 D8A5A993 3AF43698 3FFF5EDE
07F5DE58 D8131E6E 09C63873 E4BE57C8
367A5EBE 90635922 800A1B08 8B314CFF
D75B0783 A2ADE0F1 313BC13F 2F78740B
55F634B0 FAA9B4A7 217CB1B4 9ECFF111
23CC3A29 57F76D79 000093F4 9F5591FD
2A640911 E4BBDD42 7FF6CB5B EFF91BD7
FF971D81 CFD87666 E0CFA671 6F133056
6F127901 5C206E50 830A36F3 EDFFC956
C857EAE7 7D911620 93C5953B 03FCC43E
836DD2B5 A46C663C 3E9DE541 3AFB6C99
62DCB4F4 FBA8237E C55770DF 000078AC
FE395366 9713E0B4 49A9D5EA 78B08B6A
375AA422 208AF165 C8080E5E 8150E0FF
308F8EAA F142FCFC 677EFF93 8B3E46DB
38F8C3EE 44071734 A30D72DB 023A9381
0944F838 C04CC820 FBFA69E2 EFDEFBA4
C45F6CD4 1A99F51A 2E027528 093144A3
0000BE98 C6B852A0 458E0AB8 61412B87
67E45DFF FC0A47FF E5820D8A 3F19091F
B5FFC5A1 ABAFFF86 0EA441C7 801C439A
F8005C4F 1780719C B1C01FE5 93BE03FC
FEB3F0FF FD135EFF FC4007FF FE481935
74F0090B 87DB083C 9F1D6406 DCD80001
75C00001 0000EDAF E69C309E DA1F76F7
0121743A 085D8402 00E38800 D00D09A0
6F817507 8FFFDA9C 98F7E3F1 30B3380E
00053E00 05C05000 0EFE0800 61DFFA19
FA0C4844 0700D407 04108A00 400E3680
5001F39E C40CFCB0 7C217FCA 32E86CDB
CC6D8BE9 A3ED09F1 0000246D 5D345597
C6A6061F F1849F5B 0EE5FCB3 407DEC48
5E3EC72C 92A79639 06023D10 09AA11AB
83DFA590 F025AF7F F7FABDF9 7FAFD53F
13FA1DE2 1C0320C5 F181700D EF7A0218
1EDD5181 8BFAF549 54F12040 0B0292A8
CF2DC9A4 A6ABF291 A095FB6D 00004554
FCC7D237 E1AC9110 BB197209 E8F2EC5B
3D8EA2C6 41F87540 D805D8C5 27F7A7DF
0D46FDD0 F973DDF9 07AB9584 864F2DF0
CC63E673 EA46947C 33D42499 30D4081F
E41A8014 5FEEB943 C7E39EE9 2B8D4548
F8C06097 E8F63755 FB61E026 32E5ACF9
000048AE 396996F6 340BA5CF 19DB6A58
BD7988B7 4FF6C5F2 FCF47ABC 9FFF3F97
7E07FC37 11001C67 801804E0 7D0C0187
FFFD2C0C 2FE09BD0 947E03CC D0EFF81E
724BFDF4 67A1FFCE C0028FFC 9045B67F
98000133 791484FD D9DFBA0C A93603EF
0FB81FF6 000061C3 314DF4B3 08778056
91B0BA52 FCA31CCD E1679AF8 1E084D43
F6E051F3 A07E024A AD77C0F4 F86EFA1E
FFF94317 0F1FE600 C2302908 55CF0159
2A88C00D 8B43DCFC F06F3FDF C72123F4
E11256FF 0452B987 48CE0689 7C4A2833
AC626BF3 E973E506 00007C6C BE1B38C6
E030E7F7 FA3C9E27 49C0EA6A 01BBE409
25C3ABA8 F43D2623 E375E1FD FBFBDF7B
FEEC907D 10788E81 C8921A8A 6D1C7573
87B9C0FF C9C75E00 0ECBF07A 15B24F81
81B60AE9 49CBD537 C614B138 CB50FEBB
9AD9D364 147A9BFF EEDCEF7F 0000EC4D
D83CABBF A3F6ACC6 B83D1F46 278E781F
41FA7A7A E01F47FD C5D0F98F 86FE3EA0
2B1FF3C7 E24DFB3C 0EC82051 0029B800
A18047D0 F6810DEE 1E1810F2 6BC0B1CC
F06268DF FF1DDE5D 5F8FB4B9 BFDB14A9
30FD4569 7967E87D 93801840 04ABE605
00001475 A25D79A2 52E19695 C365A568
2F6562C5 1918F7C1 92EED39F AD1FD395
E120FCF3 1EAF07FF 0551E1FF F53E37FF
9FC3877D DE940F51 B1BCB08E D16FE009
99B23F03 0D21D710 19867C70 41B71189
AD2FF6A6 82B01D78 7FD00E74 E0775A35
94737B32 00001D97 8825CCA7 60C35360
552F78E6 AC06CB54 813AF925 F51A63EE
3BF62DFB C37F9357 8DDFE0F9 64877E0D
8FD7A3E0 785C4E41 08057220 C91924F4
2C60214F 98411C49 13B700D1 48436DB4
7E0354A8 13E9BB87 D36D1408 7A53F571
CA076BF8 38B4F57A 0000C402 0F523CA3
7E6C5405 FBA2E41C DED3B87F CE21D477
A9C2D491 4A001568 6F461499 3DAFC587
FDF9DE68 0EF1FFE7 402FE9B1 F000317C
EBA80B1F E1BC02C6 F19E25FE FB9C6CDF
EF089FE9 8E84052C 172351E1 1F5D697A
4CE79DB1 5C026568 42F48730 00006091
9B64F833 1499A18F 83251821 0156C5FE
7D2203FD 4FFC0184 8FFFFE60 50EDFFDF
3A8ED8FE 59085415 3F110201 C7058009
80AAD283 423ED052 2331E7EB 56579C7A
2053FE00 00423F80 800013F8 FE01277F
3FFE3F07 772FFFFC 7A5DFFFF 7D69DD9F
0000E0F8 9FDAC9BE 48972452 0608F3A4
0EE00BF4 F8F0EC86 AF9DC76B B7F798CE
18ED6FFF EC65862C 03141A08 807F8940
40622CBC 7F9B7703 34BBFCB9 0D77BFA5
B1AAF7F6 EF49CFDF AA991CA8 229100A9
D3DF5A56 BEBF5493 C8972035 9CCF47DC
2E567E87 00006CEE 34D6C79F EF721B5C
D68B8168 3D68DC16 72A938B8 DF83A47F
C570BCBD 6BA114BE BED9F087 0DB22300
1FACD811 A935DB40 5D01EC8C CD381F4E
D92740F8 E8711DB3 F1C8459F 7522D3DD
7D40EF4F 2ECD66FB 26BDD978 980340A6
6639165C 15956CD3 0000CDA5 1370D674
1EE60AD5 0DD5584A F3965511 E2982479
EF755EC7 02E3983A 061A13F9 16A34029
C7F2EF90 3FE8FBFF 00F91118 8060D47C
1C050038 6F00D032 C677DE07 FE1137F1
BED2893F FB38198F FE1D4F7F 61B32362
A88FC162 5D7603A8 4AF07BA1 000051F3
EC3D937D C17BDA45 3FD41F57 3F291212
03EB7AD0 D513D458 BA6992D1 D8034D05
97C013D5 DC0B009F C02B9004 FF053F3F
9F3806E5 F9F382C0 E74F8FB8 F801A0FE
FAC33BDF C1BAEF1E F40A6C7F 683028F9
AC511065 A2FA1929 CE0B5320 750899C2
0000C09C 176E57B9 6B946A3C A23ADA9A
3D912873 768891AB 93F21831 6B323002
C0BC05C3 E76381E7 76D2A803 03EA5080
F800AD58 AD306D78 6EAF08C4 C05F8CD9
9973BF72 FC443B17 B4CE6F6F A5F54BD1
6DD54776 ABE68363 9DF140CC 90B7EA14
A753001C 00005200 7351E246 CEE1D7E8
32370F76 BD77BF21 86B3604A E03ED4B3
29002EBA B7F0FE9F D1392FB7 FE927E7D
7FD651EF 167DE21E C0A3A9E6 CB0F8022
A4CC8806 1B0AC420 73CA7E03 1FB28D58
4171BA4A A0367C20 703DBEB9 08082ECC
43620A8B B4DBF72C 000088FE 7602783E
1845E5E2 54ACF9C5 E106DE1D 2F9FE6F3
7CF361FA 9F038145 CAE420FE 4DA12724
EB164B73 8F5945E9 19BF8F9D D89298C5
5ECC1861 C237C715 B12C1E7A 06B36063
70DD5882 CF347722 574D902D F57237BD
06370149 7BF5A6C8 5989AE03 00008DAE
EFDD3649 577476A7 A408A8D4 0B6E7407
00FBA143 108BDA7B DE7FC447 DEBFEBED
6D11FF06 00E121C0 E0167C1E 0F12A504
FF790824 D7AFF5AB B6BA34E4 95656036
FFA4FFC3 EFFBEEE8 A56E0B17 513216CE
2287B510 5AC8B4C5 2ED014BC DEFFA606
0000C19E 7A7440C0 7E568C0E FA1BF948
1F9EDFE0 F27E647F 379FED82 FC777FBA
93FF31EC F95B7C1F DFAC05E1 82F8082E
E00F8DB9 7E01F8F7 67E81FB4 1BFF87F4
867FCAFC E01DF0BF 3808FF01 82219DF0
F9D2D6FF EFC00E1B 1DF800B7 D82FBFDF
75F830BF 00005706 6BE7AD39 AA37FACC
FA90CC7C 37C805C3 E7F79FF8 863F9F36
7803F707 23E61F25 F63AFCF2 FF48004F
1FFDA001 F0FFFA7E FF83FF9F 67FC00D8
4E5F315B 0451F000 00213F00 F2827FEB
8F8F1A7D D5781D59 E3FF002B 5EBF76D1
40B6EFDC AA323B53 000051A4 1399150E
540E5451 E112D99C 12658455 D2BF0948
358A60C4 5F3D0370 5D89E252 86456E45
0718007E F3E4CB8F 747C4352 9083F6CD
19001A2B 6EFB01B3 1ACDCC28 14642A47
4401D2BF 45E059B8 40276626 B486DAC5
0A227FEB 79D3FFCF 0A1F2E6D 000041E5
E11C635C C1126D02 44626160 1E4BA908
49FF3457 7FDFFFE1 683FFE5E 8E19CFBB
8E8028EB 48C00306 A04720F0 EBC27D3F
CFB7FE09 319BCB00 6AED43E5 F687E009
0BDD0000 C1BF580C 1BA21D10 578FBC61
5EFACA65 8C566F50 35770538 78E12135
000059F4 69032050 225E7F60 4E8C2638
3D5E8862 F4EF7226 563E7FFF 3EDAFEE1
71FF9C14 27BFF87A 0497CE00 3C42C000
81F8D480 E41EF570 0DC17864 8AD981A6
ACFE0000 1E90E883 BB760607 BFBE09E8
3D774A8F ADEB5008 E18E3217 04A50400
D1501A04 0000C61C 9B5C125C C738FCF5
E27333EA C0BE3DFB 183F9BBF F187DCDA
7E187B97 EFF107F8 9E2F803F F82C7907
FFDAC5DC FFFF8678 7FFFFCFB E7FF2F63
9E02F279 1FC00201 01BA0038 80388201
121A9280 00019A10 348C8BCF D0EDD9DF
19AEFFF9 46BF9231 0000171E D57BEC22
5E5985A5 89481604 D5F7C88F 421DE2FD
B4D31150 FC00584D 1AE0202A E81BD6E3
F6E07C7E 0BF9CBE9 11FFEBF8 00279DE2
408BF0C2 864E0FCA A0E4A2DD B3361FDF
13571701 0093B059 DD23C5D6 8DD038A1
A37A6AA3 6C5BFDCD 75BC07BC 00000BB0
EE922175 85E693DF E6470045 FC22F737
FC061A0F 0F803AC0 627801C4 4D9F8C0D
02997A61 78F506DF 06E63800 63DC6FD8
7C7EB9CF F677F3E1 27973EE7 DA7D79F0
7FBE608F 07FEF70C 887FA7E4 0F075BD4
404072D9 70001D4A 7B1103CC D88751D4
00008B73 24BAD4F3 3B4CA204 0C91613A
00AF0FF4 810184FC E8C01E0F 9F24069C
E7F8000A EFA7C00C 7FF77801 FFFA95F0
7FFFAAFF D7BC7E29 87FF93E4 689F7831
BE04EFF5 FF8E021F 87F6BC18 183D3F1E
9131FB59 FC61871C 6E51007B 7CA55043
C1CDA350 000093CF 249DF4A9 DE50C741
2AB1D47F 90B19B77 DC1BF579 E080EBEA
6A60296F 906B8208 40F43E10 880815E0
FD878C5F F75EEAEE D1A28D95 BF340D0B
7797F057 5C1F3BCB 57B91DDC 533B2C3B
C9D3F9E6 83853218 EB00EB22 C7E0F496
0BF75542 65211644 0000CAA4 F67CC8F8
E627014C 5158587F 8D057D00 4E9ACB54
C006E738 77C606D2 1489E4A3 536E8612
BBD6B060 3FE9CDC7 C3FFD4EA 201FE63B
8E27F20B 7AFE7C3A 61DEF980 C206FB60
9F9AED27 4D743E3E 53DE7F8B 7507E16B
8758381C 72E80C02 0668B308 0000F7E8
706B7062 22D88888 8EE25526 A964A07F
0FC267C0 00E04EF0 DA0F0085 EBFFE10C
20BFFE00 003FFFE0 E0043A6E BF0489CF
63929620 09B9EB84 97451DE6 888401FE
ED64C00F CFF5A7F0 B03D6937 6939F6DC
C6E99F9A 0EFF6EC5 3C2500EF 75412003
000010E5 E2507D8E 8558BC9F B1ABED8E
FE4A0B5F 9F931D7F 63FF40FD 535BDE40
D3BF8F18 B1D39060 35312080 1F9DF001
D0D9FB52 170FEFA5 8238F9AC 08A1FF75
0BB12802 26C5C040 CF3AC7E8 58FEF9E8
080FBECF 761456E0 22210DBC 49E05FE6
A4D6AD01 0000C0C5 AB199DC0 FD4398B3
5BEA70DB 2CD609FF EB3F412F 2FFD7A34
77FE7C34 CC01EEC7 AAAC1835 D3850F80
DC16F1A8 41C663B0 30BD1731 8333C79D
0C093C39 3D3FA761 F4E83012 7F0FEBF3
FADF9A0B A5E3877B B062C979 8F3768FE
80B981D6 138D6DA8 0000D2B9 AB606BAB
76DB92A2 718C11D7 9BD179A6 E1EFDCB2
EF1F85BB 5018CBB5 8681843A 150818C2
70B697C0 F01203EF E392FE2F BF1890F9
E7B20FA3 31DC03F7 F36BF4FF 7335139F
03A43CE0 048BC013 C56407B3 8D8304AA
91AF7507 1B685B78 B84A50E9 0000E302
7297D058 0C8F90F1 F2063538 87D76EF0
F8F92A67 1FAFF26B 8058FDFC 6820E7CF
2785077C F3735C3F 1FE35FC3 887FD27B
0047EE9C DC83FEA1 EFF83FC1 00BFB200
004FFA21 730FFF63 E7F0F7FC F43FC74F
FA8AFFFA 7C00117E F3480C17 E8A70063
00009936 86E1655E EB6B0C14 6FE3BC75
183A9E30 F402FA81 A29EFE21 84117CEE
B6038EB8 F9F1BEFA 2E1ECFCE 001027FC
D8008E1D 1EE038EF B44DC03D 19657F63
072343F1 41CE9A3C 4289C29E 4BFF4FDA
39BBC1EF 35AFDDEE 51BD1976 42F86879
7C097C64 00004E47 D16704F1 792E9C52
CBE9AB13 41EE5409 CB61CE36 703638DA
2BC00295 080600DF 9DE00000 FFAC0097
DF940044 FEFE7D07 C37BCA78 001F12BB
0AC1F05B E3014F0D E97D35FD BD687A4F
FB041F35 FCC287AD 0F10A2FC 8F8C000C
77346001 87F3D106 0000769C 6A138A90
A84CA322 54592584 0311A75A 99852777
1EB78C8E 77FFAF5C 8F1FF403 092A07CB
12BBF1C0 002ABDC3 98AD8475 F887BB57
94480024 E9F400A9 E0D98206 C213CC18
7DA6DB03 EEC85F93 0FD7C201 D6DBF197
58954FAA 86EC65E5 DC1B0C47 00008B51
45CB590A A576870F 2977841F 00F79F40
601F7FF8 B6BFFC1E 6F03FFEB BBA07FFC
7B98073F 818200F0 3E0F3803 3BE0D060
1D8EBE3B A7B439E3 41F3E1C5 400F1D3D
645FF048 0C006F83 E16C3FF8 FC01037F
D8FC2079 C087FD32 6C458F80 F6D1A232
000028AF E7144F9F 969460CE D90A2E7C
FFBFA01E BE4A116D BB3B5737 2A298E8C
16C0AA1C 00E80001 8110C070 7009AA8F
A60626DC B0902F5F CC46A3BA C7E88F4F
C8878F7F 3ABA658F EFF63EEC BF7F9013
7FD7E3A4 6057EB62 6137EBB9 38A81782
F8439B51 000064FF DD645250 2A73C739
8C23CEDF F193F56E DF81D01B 79F00A3F
BBEE0280 343FE37A F680C617 ABB00171
FEEF2007 0F838B06 F0387A76 BF12F2ED
0B741F02 0B6FE1F0 704A7F0F CF3480F0
7DFF701F 08FFF465 3C0FFF54 371C0703
B211C044 93E0B90E 0000F452 44E938F4
7254707D 07472F12 261ACA80 6F2331B1
4171856E 4F3EC916 01EFF505 FAFD3FF6
9F9AE1FD 0092220F F0048BF0 861407F4
53F1F375 7A471F9E B7E43FF5 A709628F
46934A57 01229BC5 08181006 B02C8180
AF7F61AC 539F3D9A 08A6913D 0000EE10
608E63FC 3BFB58FD 25BB40CC 0D970FB0
5EFD5084 FFDE7FDE 8F1E2FB3 4EF9E035
35D20C01 20F20000 81142640 17C8D03E
197E8AC3 DEB0F4B0 F9DB2D62 FC9EC3F6
FF7C787F 9FE1FF63 A17016F6 FC23378F
0426BFFD 8944B073 C6C805F3 E9EA531B
0000481B 8DA59EB2 A46B6735 0DB0AB6F
D733470F 74BC587F C70328AD C1B8BFC3
ED3F8EB4 D4E219DB FCA701FF 8FAC901B
7850B387 F7C05092 4BF90498 5B498000
FEE7BB90 FA69DC7E 7B4382C7 A002992B
5A400182 E923E0AE 6CF76699 4D1DD776
9943B5F8 0000879E 213C3A2C 42659858
421A8266 C0FAE1F8 C1AE9F2F B7D016AF
FE9F6D7C 17F079C0 C07F07FD FBBBE43F
C7D9F87D 1E1E7780 8030F678 3C010FBF
31C01878 F47FB087 EF60FCCF 27F00FF0
911DC8F2 3C16DACB E80037B2 4580AFFD
72759FEC 3225A8F7 00001364 19BC30E8
5FC70794 5F1C849A E57ACA52 1D23EBC1
83A20FDA C0C011E1 AA9585FB F741FC5C
EC8873E3 F675EF9F 86158768 BF20F71F
734A0B12 623E020B 6261FEF8 322F1FF9
90CB12FF B6040F1F 20601E54 0B283EAF
9E838797 5007B733 4ECB5FDF 0000252D
6767C71D 41CF3500 002E3F48 02BEC7C0
90070FC0 A0A039BB 3B3E0363 45DEF239
FF3BE7C3 2FE8107A 07FAC001 E9F5B457
5E1F59A3 33F0FA8D 61DFFFC6 13A173E8
00748380 F01F887E 3FA9DCE3 C1FE9EF6
560FB7BC 16A8B0DB 197B6E04 9FD59E61
0000D2B8 6D9CB9AA C0D29B2E F84884F4
1FA81003 03FEE404 037C9CC0 B03FE005
278DFE13 857FBDF0 EE4DE28F 1FE73E00
827E33F0 7C02577F 61800115 270044D0
E820063D 5F1FA163 3FC4743F C9FF9CF3
161CFC81 C080592A 9722413A 33B2B38D
8628BF10 000038D9 893535A5 9DEB808E
DF34C945 4E7BC086 827A8D25 589DDCA2
0D40F77D A839C209 07F57E63 0A3EEFE0
FA49347F DFF15C87 DD7FA6B8 F66BF4DC
91851F33 01C928F9 5BB71689 843A4A64
4604B280 0A1321E2 DE0445CB 5C110B59
A877A08C 42D360AD 0000F977 6DD58492
1FA6F04E 79E89C0B 4DD132C0 B6BAFED8
581F306B BC194596 D840784A 46C54341
29EBBE30 62140BEA 2764B17D 153956E8
35AF5E07 D62E2089 E218303A F5F4D1DF
DDE77D09 BDBD82A0 AFDA1A39 AE7A450E
E79CB00A D7752DAB 734E50DC 0000AA72
CB2C866F 09631EE6 C3600432 E2F7DF8E
7E031DD7 0FE07BA1 16030803 6E201026
ED3E8131 6F2BF7EB 47F26FFF A07B3EF0
33E0C891 41080125 7E03E1E4 8D92DFFF
4077ABFE 00E93F78 FE67F7EE 363478FE
58AC376E 8AB6A286 43814546 906550F3
0000F10C 0E9B30BC DF630230 F90764E5
FF4DD00D 07F6F307 000FE040 5000FFDC
CB038DFF 0E753C9E F147FFF0 FF880DBF
9F91E44D FE3820BC 2EEB019A 464FD803
0648F8C1 F03D0FCE 478A4000 3086DA00
16803A00 F9E0011C F3BF02DC A9ABFEE9
F207FDC2 000025F0 4484DEDA D78502A0
325B4CDC CBA5869B 5B72BA48 9FFFB5DB
3A7F6862 AC08CB84 F8BC1EB9 DB7000F3
F06BE01F 5E2D5246 3FD1F850 71F2243F
E521F813 02DD3063 04B8D885 26CE429C
EDB3C654 92AB17D3 04ECAA7C EA5EEA52
3A167FA1 28E5EAF2 0000975A 42850786
261BB3C1 6F207BAD 805767EE E70C327E
DF7E00D7 85E3F814 8C0E1848 178461C0
205A7600 0206FFF0 F86046BF 07FF0A61
201F7080 9E01E748 F630003B 7FC10427
0FF1B0E1 337D8D00 8BB8EB90 00C707F3
6F0CB9BF D00903FE 3DF104ED 0000A56F
ED1E989F C60DDB19 0B7547B3 3F20250D
CB4579DD 3E381701 1FE10043 88FE3845
5C47E380 FC38E63D CEC0F81B 9C30FFF3
F700028E 5C11114D 28418017 CE800DB6
FD8CC0FF 3FF5AA87 F9FF15DE 9F2FF5FF
0A7BFDA2 A0CFE02F 476FFE0E 2A8BDB07
00006FBD 0BDA1280 11C3B49B F5D9A064
BF1DB965 27F56E1B EBDB8B8D 5E82D93A
37E83726 E67FC09C 464FB017 30331C00
23006841 117D5CE1 10B9CEE5 0A13E11A
F3D48E35 E9011F67 D9913D57 C33DB378
CD09A7A9 BC7A1263 87AF5796 CCC9EA21
B19A04A8 000077A3 A068563F 74291090
80B6C140 E4AD6B46 7C1BDE94 43DC5A96
873A40EC 6DFF8F9F 2E1BF81B C2730388
8C8D8890 82E1B247 BB7F8CF0 9879EAC5
300C2EE3 B0F77578 967399FB 904F6687
58A5B07E E0A2D483 7BB091A0 03EB4692
9D413D87 E48E1574 00004254 E66F0871
54831D23 1275A48D A9AC7CDB D4FB940B
9AC00644 40B8A2CD D1EF8267 0293B804
DF60DB94 FFF337FB 9FFF60DD C5FBF91B
C2821F87 A1E101B8 B2549007 D0B4CE03
1E723FFF C05ED150 96021BDD 4791024F
315CB01D B98D10CF C6CFC5D7 00007323
CAC413A1 E06D3EE6 F86FB6FE 756C80D9
F96C1848 65C16EC2 00043D94 CA00048D
84E01DAB C094F3E9 F83D3EDF 1D8492D2
AAF4212C FF0EA82D D758298C 836A6023
8DEBFC32 B9E5C6FF FF28752F 1DF9FDF6
215EB6F2 B5CDEE1A 0308F634 40DBD21D
00004302 E459CD34 34801624 DAC5300F
1F209901 F9F6A5FC 9E37FA63 3D5E5F3F
B96FA7FF F4CAFEFF F72803FF 7675A017
00373F00 0000381C DD8003FE 75FD81A5
8BEBE0C9 E03F3F0F DFC7C7F0 F9FB70FF
7F7F6F3D 3FFFC0AE 097FFE01 10F1F6C0
E21BC810 0000A1A2 538450B9 AA96F187
FE65A004 1F326F83 71F6345F 003FE926
5639FF39 33BB9FAE 033178C0 804AA3C0
1F419393 80FF99FC FC07FB07 7FF82F5E
C3FF07FF D58DF1FF 8F8FFBBF 70440F8F
8304C274 15A00B75 519400D8 4D9F805F
D490FE01 32F355C0 0000A85C 064AAC3F
00D267E3 F57FCFA5 43D07FFC F3D7BF69
2F940FA6 E9E96DF3 4D26178C CE490057
487EC387 401C2B40 0318C3F5 D03CB05C
37D2EE2B B8AD87EB E21538EF 03FE9F07
8294B078 B11EBA17 30E8F660 0056E7DF
0F789D1B 669A364C 4DFC1F1A 00000B78
451F0CCF 7A6FF420 52CEC9DE C0F340E1
FC2B00BF 1FC042A3 E4B057D8 100402D4
B76EFC7D 67BDFFFB 407807FE 40012BF9
3AD803F3 1EA4E068 E06C6798 A0CF0E78
04282803 E052C0A0 7D60EE32 7FC3EAD1
63F80F3A AC5BA7D2 6B0D9D76 63A4013A
0000D24C 78A7DD91 F6B078E3 81340C03
4E5C7441 FB8C6C8A DE1FB253 EAFBB314
3A8F9090 0D89FA2E 07096F80 00D3DF00
86651F7E 78FAB853 C98FF907 2F047F27
4B9C037E 1F40D002 E07A0B4A E0AF3EFD
FD7DD2D7 FBFAD5B9 77AFFEBF 9254801F
1627409A 000068AE D2817402 B641D389
5558B317 2E887497 03FC3F00 683FF8A4
3F87ED14 EC687B29 294267FA 03475E78
8017B378 7C00AF6F F76029E8 F781CF63
ABD403FE FD58E0FD FE7CE01F E189F500
3CE73F01 F7203E90 6DF5D6AE E13FAC58
127B1B0D EC501123 0000C952 8226F40D
3A48EDC8 A15AD64A C12E473E FE021AEE
F8E167BD AFEE3E6F 5038E3DB F822077F
000643FF C007667E 70002787 460B8A2C
9F60FA33 25FF2FF7 FB4FF23E 17FCF363
39FECF03 3DF595B1 6347D2EF 377AFE4D
FC3D1008 29C19000 5ACFE190 0000CC05
711DD025 2AD4216B FC0C7392 29F253D3
7D874AF8 E8F76E08 A804DDEA 0CF050FE
5984C443 41C93FE1 3F16D8C7 00F45004
C4102711 C8A19572 32BFDE28 1C69EF80
029BBDB0 9C6EB6F7 B58CCF68 935BF4C5
155FB78B D341D4CC 3E01473E ACD92A4A
000077B8 090069EA 7924E04D 359C3C19
21CE9C01 01019480 6218A530 CBF7FA78
A8CFFC50 6D503F04 9DD9C3F8 79F52C1F
E088E1F7 EF1E0DBF 3F1E7E45 5441F1F6
687E0F8F 8F17D078 30153607 08009C40
E3019CB0 2C33F927 B1F1F1AE D82FBFFF
7B7598FA 00001A47 B250F968 367FF02D
A0F0D6C3 DE02BC00 FFF0CF8F 47FD5974
7817FA61 D9DFF860 05FFFFF8 000FFFF8
E00CBE38 11004627 E89D5541 CAE87E7B
B7B007F7 74D00F3F 061AD071 0001BCA8
00885B80 4404CA38 C815A949 F963E3FD
27895BF3 46C6B9EF 00001DF7 8A7EFF93
5B8D52AE 3EC65FED EBB04DB3 E940A168
773C965F 62F968F2 5505DFCF DF401DFB
FF1680BE 9FECB003 F87FC4D7 8D83EEA8
3E3E3AFF 3680F080 0F945381 E8957834
DF8DFE06 C05D12F8 D0C6F455 A85273FD
3C243028 A991B7C8 4FBBF5EB 0000231C
2832EE64 25F0B452 70E8110C 002A4C00
D0404800 12C005C0 8E881C18 587C0FC4
F68287FF FF1251FF F934067F 3FA0707F
FBFF02FF 7FEFF367 B7FFFEF4 FABFFFEF
FF29FCFF 001E1FC0 0000CB90 00009720
200201A9 E031800C 32994803 985AB800
0000F14A 5C1D1608 C6763FA1 9E5C4C1B
FEE42933 BFF9C515 3F859E68 FFF03FE1
C21E01A9 7773C70C C3E4B078 C43A0580
8F0326FB FE7E127E 7DF0416D B9FF0275
175DF01B 4EAF73C0 FF2C1F9F 2FD15988
1C7F9420 62E3FF8D 560817EE 285A0002
4D47F06E 00005EA3 97140D22 B3F7DBD0
E8E70F91 3F4AF66D 836C7896 DC2D4B11
9ACFF386 DE12FE9F 3B0C0153 00433C00
7C0F3BE0 0FFB8B85 A87FE54E 3A07FE72
F3A2717B 068E8983 80DF9D70 FE063C3D
B3ED1462 7B93B1CD DC01EB91 ECA8F788
91958FFF 5115C3DC 00008A5A DF6B467C
B71EE5CC F5DD05B2 E0B872FF F80FD91F
7C000973 2F80F268 51F003C4 03FE0008
E14DE0B4 1FFCFE1F 04FF83E0 F93FF9CF
A381FF28 A01A81F8 F700BE3F 1F43CAE3
70FB5C6B F86FC3E7 87B77E3E BFF0E3CF
06E74B9F E86E207C FC7E9EEF 0000CF8A
1A18AA29 7A86A3E7 409D9C4C 60728A2C
7863963E F223BF42 DC06D714 BDF8B32D
E5D683D4 FEC8522F 3EF96041 63BE1D4F
673C8A91 77E2095D 8F57A00E 5DCD7007
FC9BAF81 3F238E0F D91470E4 775986D4
9AFC8213 298C02A7 8BF2D3A1 EC566B4A
00006428 439F3AA6 FE618142 4F60059E
6EB37103 719963F0 A00C8645 76009511
8BC1839C 91793C77 E87DE9D4 1EFC7AB7
41F60FAE 818FD6EF CC307CF7 28208692
8163460D 008AC081 A0C7BAAC 1FFB58E7
378FF02D 8A196924 13AA8A2F 5F0C5809
F7FD4F40 0000E08F 398DB798 9F5D584C
17A16FFD 406C07E0 110A4A9F F02A0766
8F81BD28 8C3C0082 A1C18004 595C1C01
F933AD9E FFEB16C5 7FFF7944 0FFFFF75
F87FFFF2 7F3EFEFF 5D888179 00234088
180E77B0 808688B1 8808093F 4FC9DAAC
540F9FE8 0AF65F30 000012C7 DA4041FA
FDDDA62D A7FBE654 1F7D3049 E86CBC42
5EAD0612 72EF7B81 D9D63CC8 C0EB38EA
F674339F 0E648959 206A6600 D2016589
9EC011C6 429905BC 82A08170 2B9060C7
E3FD9C46 7393927B 3FC5F03B 39CEF953
0AADDED5 4C0AFFDD 7500A7BA 000066D1
C5A1E843 9F1F453F 2B16BF54 F967D87B
3D1AB65A 220092E0 44F04124 7403828E
85803824 105C37C0 F458FFCE EFF095FE
FEDFE35F FFBC7FD2 780667F0 93A457F8
19240E31 9094C172 BF39C58F E13FE080
2A2EBE49 9FD09E39 14510109 680FE155
00004EDC 4AEA7B39 C9F3D2E4 856BC090
9C83F288 F9AE10B3 F7016F7C F7D01DCB
886D83C2 85490043 FECB4005 1F950903
E1EB2677 ED106567 EFF38082 9D7F7814
228A3803 9975AFB8 7D5FB8F9 5B54F15F
00BD6BE9 1B434C9B EBA8E84D 82B01D98
0B69239A 0000399A FB8A6966 48EFC3BA
0111A037 78445EFF 1F882EE3 2FE79976
507F58C5 6543E50A 51F63FF5 878083FA
19E4E039 39873C03 338F9382 01197AF8
260386C3 D3441875 015C518E CA4B89BC
FE3F17F7 E789DFFF 1FF809B7 281E07E9
BAFFC1FA B7FD7C7E 00008992 ADE55552
0A06FFD1 996BF042 5FBEDD55 31F34DC9
DE4F766C 5A71BE85 04AB3BE0 8DC03FF2
E1B6C2DA 8EBA6C58 3EA13B9F 32BC28F2
9D2EC161 52B2BD2D 15DB85E1 7E45F47F
1E530EAC 89DDE0C0 70A29D31 84DD3D80
BA67FF5A 3F54D82F 83F92184 0000AD4D
02516CAC 568EAFF4 B9BDE7A6 F9A2C60F
5C22F13D 80D0FE59 E406FECC 53004B78
D8E705FF E76BF807 4002BF70 670C153C
D13004C2 5CC4058E 4BE14713 C984ECF7
AE78FBE5 E2F725FB 80099487 0C881E9F
50A80481 AC628A69 39EE9913 820BBC44
000096AD 3270E9A9 6C759C5B 7D02460B
E56485DC E91DFE00 5F80C878 B3F9DE08
61A7DC13 0FFC3921 012B1201 E06FE5C4
FF01B15F 5D2C0B2B E17103CE E296B181
EF6899D7 FD021E1F 86B867C5 BC6DDA6F
30CB735A 7A11856E BB380749 B0C43FD2
A54824C9 0000EEA6 A5B78092 93EB7D18
8F450AF7 F031117F FB07E02F FFE0B26C
8F5C8755 01F0E0DF 2686C60E 29C027E1
C01BA03E 7E0FDAC3 C7C0E838 7E721F8F
560741F0 D67C7C5F 60E7C383 E57D683C
07B3B501 503F0315 1E20FFFA 5F1001F8
65370C0F D63CDBF8 0000BFC5 7E43F9AE
2F1F16E0 E80B5FC8 F16538EA A96DB9E3
860F1B06 B8013433 0D838DFB FBDBF9D4
FD928BFF 9F52E02B 71DA9F04 338083B1
2C1E4C63 F75B2010 40160C01 0D4CFCC0
F65F7E6E F9796E7D 1F333995 AEF7FA8C
49BFF110 BDB5689C C32920F4 0000237F
F5B57C0F 08E6EB60 FD2BDBDC EEE563FF
C0FB4037 0C08F3E9 F1F41EF2 F2303BED
A42403EA F35EF83F CFED01EF 1EF4592F
83802314 1CAF0071 5559C80A 999EA000
7B0D7F42 F739CFF7 8359B652 02D01306
41C8186C F843FB77 4CC57FBF 263A49D3
0000CF79 A132E4AC 18923C6C 21F2816F
FCEBBF04 4F881D70 9C6026FF 3FC78573
13FE3448 80ACC3A0 10FC0070 70574087
03CF1E38 738CFA3F 13981FEC D5F88170
EEDFC0E7 526DFE0F 0290BDC0 C43587FC
FE3FA5FF 25FFFB1D 635FFF87 1FA79FFC
F351833C 00003D02 87DF0407 07E4050D
CEB5CA26 9AE1EC4D 33B8A8B3 F30BED94
0BFC7D01 DD9DEFE5 67B01E33 F6D6017F
DFEF417F F82B89BF 8F608C6F DFF6001B
C0E5200E 0BDA1200 0BC87800 3EF93805
01154248 1CA37FAF 2673AB0E 227CC09A
3D3F051A B973CE6B 000095F8 E6B0E12D
83BD6C47 0CF350E3 F034C83F FE012A57
1FC02A26 43F9EEBE C43F87F8 6383F85D
00407F01 010887F0 F01054FE 7F438607
01F4FFD8 F003373A 51802082 FC800F27
397E2077 F3800C1F 7F1F34E3 67C1C03D
C3FE1F8B DA3FC0FE FCAA6C0F 00004CEC
B356986B AE3F0C62 28F8511D DD75B5F3
FF3227EB 7DFF282E 5F87ECA0 FB8E4A75
C97703F5 04B59000 E103FDF0 0F5ED5DD
52FFD0EB 847FFCD1 C21277C7 B8A4A008
2019C801 4122A500 053E3530 7727E84F
CBB58BDE 5B997F7C 07A5C778 7F62D471
00007B17 2252A2CF C4F511C2 4294CB4A
B108DE7E B83DFB2F 8383E452 7018387A
888187B6 AE8E107D FA2FF10F EF40FF84
8FF6ABFC 583FE49F B9DFFFC7 C803CFF7
0240126F 00280105 0080C3E0 4054E054
6403AF53 B9C00C70 82011DC2 46143BFA
B763E2F4 000065BE AAE05CAF 79464F25
499C9DB2 EBB52A05 992C6B8A 40E82E98
D80626A0 5B7C51F9 13EF66E7 FF0DD670
79647007 63FFAFC0 AC016822 77B03BA4
318C40FE 165DFB80 0069FFFC 310353E0
1903B15F ECB98D3C D3FAFFD1 15F95E2D
BE452152 19E99DD1 0000B112 35E2DCBE
134F20C0 2200150C 3EC5EB40 05FCF9E0
860EB674 A53DFEAB 2D47ED37 79438FE3
B6D7007F 3D6121EF 7289268C CB210590
56520B2A E27A21DF E67FF31A DBC25F39
1C36B24F 4005663B DA880C4F C6499801
962F45AD 423BADD8 A22DF0A3 0000EE4B
B6A1144D 116B7931 FE68FF04 9FC72E9E
E03F6595 2787EA65 A03C7F4F 76004D71
538001FC EB22000F C202F868 FE115D9B
7BE403FF AFFE00D7 4DFC400A 52B06C17
3B57D780 E7FABFBC 82F4AA4E 06C11925
4230A344 64878214 AE0BAD03 7D92107E
000012FE 782F830E 492C599E 26D4685A
FD4A5032 3F029EE9 A7E07EC0 E0941B20
F801C2A3 4ECAC6AA D4DED47B FFB11FDF
B0BE31E8 C5A6FA6F 37BD7F23 8AEE60B8
E77BE225 051DF701 020CCB40 50236024
401B98EF 3C81DD4B 283A55F4 35308132
8448898E 0000E317 0D550340 128D4074
9C34A51C 9E0A3366 D1AF33D5 5F36817F
A9E97B67 E6583999 6FA083F2 CC1C001C
E754A03D 7E01F80F 9BC02462 CEDB1104
B5F622D2 CB3F3FF9 6E87581F 06361A36
403FC318 1333D72C 93EC6D1C 8126B9E8
35B26F7C 6C096989 0000B33C B178E6A1
D8BDBF82 F09ADF56 7F3A756F 19A532A5
08C147F0 C2FA3788 9C1FC1D1 8A85FD34
7074DB92 07461B80 1FB589D8 FF3E106F
FFB9E92C 5A684FF2 D0141E7F 1F60F2F3
C1944AFE 9C056187 F3C0409D 35C17D8B
7E9B5EF0 F6D1F4BF C38523D6 0000D799
E01D2DF0 24E5C8F6 598FBEA0 DB323D65
9F35D5B7 87F930F9 76CA1355 463962FE
72C246DF 5084AC21 E69099EB C81251AD
BD88D59C FE5A05A5 54ED6459 670F0814
1E9B7BC1 79DBFD6D FFCD6441 9FB6ABF5
94FD28AC 699BC256 DEEC58D1 B659732C
00006828 DF8FC69C 7419D095 C8E0B784
7073EF63 A51F28B8 EDCC44A3 7E0F02D3
425075B5 D7D00748 DF70F66E E3FC06EF
2E070586 C80FF15C F1217F1E 89949FF9
5A2A0DF4 5783A7AE 014CBF00 3D00845F
DE1AD89E 2BEC0E29 B3789ABB CA6DBA49
4C025530 0000465C CE10AD3B E1AACD0C
3A80003B B9670007 478E6351 FF381F1F
7EF38B47 C9EF10FD F43FFFBF DD5647FF
7FC0602F 07386702 00600390 EF22804C
5805820C FC286E39 3F100323 39F59033
F1A9B98B BB196768 26FB45B9 C4FF9D28
2DB548E8 099B781E 00002FC7 66DB8BA7
FC998EAD F7F55FBF FFC15C5D B94EEF1D
2E2FF621 010FFFA8 F84F1FE4 FB8DF9F7
F864E7DF CFDFDBFF 4C22C907 00C104F8
E8000064 FB20800B 05A81401 0086CF40
F51FDBF9 FBFFD09F 0F816323 29FF7983
E3BFD4CC D4F7FEFD 12FBD802 00002187
9AA12C51 505EA2E4 E58BC03F FF1DE003
01E06180 C40F02D8 7C10F976 93D00F86
CADF8070 7F9BFD87 8371DFC8 F87A07FD
3AF60C1E 7100F43B 27C05F4E 457C0BE5
3802DCFF E0646E9F B80C8593 8181EA49
40020E90 C3E3B9FE 52BFFFF9 5D4D7E13
00007856 1C7918F9 7B2D1B10 BFD32FDD
FEDE417B A4A93C3A 000310E9 F88857FB
EDD822D1 3EFEF0D0 2A98FD44 5AD1F6BC
FEFA0C7B 177F2AF0 302DA363 BC5B37FF
D8ABC27F 3EFA14C7 25F12E67 F8CD34D9
F618B2AB 480029F7 6EBD9015 CDB22FC6
6CABE33D 00005B25 89C7C526 AE1A8E98
1D5D82F8 B28A6275 26A60498 0E3C12F1
D260DE6C 01AC3541 F7CBE7CF FF402C3F
21EAB7C1 C090207C 522A3EE7 0167E112
08A37817 43E1FF82 00C34FF0 D0B0C194
D2865151 67B3A1F1 951B72F3 CF3FBAC8
E7C5FE1E BC613DEC 00002BD5 A8BCBD8F
1C009EC8 C183630F 2E0DED8A E2F2E1CF
2F9C23C5 55F07619 B29B77EF F5006008
00200380 451E8020 9EB2F9FD DDD5E8F3
30781B6B 1B2AC0AE F5B5C815 FF33EBFF
3E5E4FE3 03EE6DB0 ED3F04BF 3370B90D
73653AFA E53C4D5C 28EE95D0 00006BDC
EFCECE60 A26053B2 A04211D4 A9432CDB
7EAEB9DE A69F1BDB 4102DB7F 78000ABD
A0C18EF5 26140BF1 C015C87E 5DB89DAF
73DE0808 8C0E720B 5883F164 8ADA1FBE
E63876FE DA6AF79F 2DC23A27 2B49F840
70F57238 1A1FA90E 77FDAC5F 7EC788B1
00001AC6 F62C2294 4683775B E0C41BC1
9B4A468A F2216F6E 7F147A51 7C914008
7DF5042F 7F58205F F80B8006 5B8CEA02
71FEC280 968DB52A 2547FEA4 B80EE5E6
55CA04DF FAD3BF7F 6F4C1CF1 92B7C654
5356A4FD BBBF9A43 721BFC15 6B9D0526
5610B619 0000794B B9AE8D27 C107DC30
2E2E5CFF 02E20400 F1F6F722 BC3FF7FF
4FEBBD1B 0003063B CF8001FD B3C8061E
3FD00F83 07F66BFC 40FF843C 7C1FD05C
7F60FE00 048E0F80 005FFE18 C01BEFF0
FE03F37F 6429F81F 6E1FFFBE D0BEFFF8
F195F7FF 62FF17FF 000048A6 0DBD272E
5D551B8A 28FDA74B F441EAF9 5328E29E
0F0A13F9 03E78909 E4FF34BB CF13F31B
032A3F00 E87DF27C FAC7C0DF FE82F71C
1BF02CA8 2C8847F4 E046B02F 3DC65801
30E47C01 2027D110 2FD4CDAC 187628DE
0CAB22FB 4454AF15 92EC452C 00002697
AC786565 38A39117 536EC934 8B65FB2C
B0437977 7C06788C 11EA156D 55ABFACC
024207F2 14DA1946 A044E118 2F0C79B2
053A8C36 6463FADD 97EAEFE4 E4F2E3FE
E7335F3F 17B99D6F 8729525D DE4D78A7
A387E413 04D08EA4 D77B9191 B61D3125
00002BB6 B6A31CF5 984B4317 B97F37BF
FFE4C13F 1FAF4D0C 3FFE63C0 CEFC0874
003F818D 41DBF800 00A7EE00 040A5DC0
804087D8 7F26F2BF 47980FB9 86DF011F
DC413804 FE600DEC FE383087 97C82B00
4FFF9F90 83E7DC9B 211D3FE1 F58D03FE
C8F9D02F 0000822A D8CB43AE 97615356
20E0DE17 C5373AD7 1F6BDF00 BF1CE9B0
F7F02C03 4D7F80F2 30CF8E15 F3E4F002
1FBAFE00 FFFE79E2 CAFF791F 3D7FFEE1
6573FF81 86C774E8 20D613E5 F802B11E
2F80E21E 00FC1164 4203A7EC 67003FDB
931C01F4 FEB9401F 0000156F 280C4C44
BB8B8E18 4E58EA71 EC0167F7 FFA02DFD
BE5A1A7D 7DA5E1C7 2B8FAD04 11A43EE1
D07003FF 0C00E001 18204000 1FEC8240
91780767 A817C2C6 E81C7E3E 076093E3
F051593F 3F820443 03FC0780 A01FC094
7E82FE0F 119807F0 978E1C0B 0000F297
8352E268 439C8EC7 C6838B71 506071F9
498C9228 BF3B4C3A E67B79CC AF0FEAA1
5FC239EF 16E80FC2 C139287F FE059207
BBC43FE3 CFB80397 5BBBE1ED 707DEC0D
04D3BB80 14DFC330 F6400F99 835A5A02
DCD7DB6B A983E5C5 A141FF7A C2D2162E
00009B67 62E9B987 70F8944B 87D291B8
F84C5180 4B87CBC0 AEE4132D 1FD8440F
01B001B5 D45C0039 FFB9E01F 8DB84DBF
E80BC63F 9E781AB3 A94680FB 8217C002
F5708507 F96D24FF FDFEF8A7 3E405CA3
7BE01DF9 7BFE4028 D177C522 AF51D62D
AC6D57E8 00005AF6 BA58BF47 EF9431CC
24615336 11514D56 04720AE0 28E89D3A
540ED569 8780703D E1FFCE0B 0F3DB001
3258BC00 83D3B680 0C3FE29D D487F4B7
C35EDEC2 EF6FFFFF 3E0FF3FB 3221A0FB
019363DF 73DAB2D7 0E84D392 75BFA8C6
2A85C1C2 BD2F28AA 00004739 C2878FC5
A3476015 833F6132 3A0A6972 A4EEDF2B
420B49AD 4C0045DB 267E7E63 9567FFCC
82AC1E3E 05BD6010 B835DE43 65AB4998
6C4B7C0D 6B00C7E6 9EED3F7F 01E82A43
40E3C79C 407A67BE BEBCFCF0 CD142524
854021B2 DD6020BF EEDCAF17 0000B4BA
212CB378 CC70C9E6 2A090E8E EFD84E3F
F7009C8B 53F3000F 3F97E032 47403B80
5EB801E0 0A408400 7F95D183 21F1F08C
C5BFE762 1C3DFD0C EB23BF7F 6D5F1FE2
4107D9DC 1E191602 71B418E0 B013E36D
E391F794 049EC247 71F94ACD F59EDD5F
00006DB7 BA1F346D 6AA44677 55053D69
211AE8F8 C00233FC F819A28E 7BE3D87C
90AE18CC 93CFC206 EB8C7D30 B0EBAF83
977809E5 1DEECD4F 0DE678D3 962CF47F
18320C81 40163F40 8E41C008 27F857E2
81B57148 4413FD19 A97FF716 5180EABF
AC70CFDE 0000D4D1 6216C494 970134E1
371C765D 93A0AB3C ED313D74 4E8F5C34
1289437C A93024CB C644040A 100CB021
AC2057E8 CBE15F37 2DFFD351 55ECF81E
E697F78A F7A6DEF6 B97E207F C2BA3AD6
5D2ECCDA 24B0BDCC 5BF011E8 D03F297F
D05C722B 1F5D0221 00003D82 7ECF62B5
8219899E 7EB5063E 1F5B9B41 FFF8501F
CFFF97BD 2946F0FE 3AEE038D 3AAFE091
F3C4BE07 B7FAE03B F87FCA03 3B83FE01
C1DC0795 C61C78F9 04A0218B 803F0018
82FCD040 687EA681 8743C1F8 AA7F77CE
B4FFFC7E A13BFE91 DAA73D9B 0000EB2C
5F6DB27E 29CACD0E E046CA42 046C5D01
EE0119F0 87D0DBEC 9C180353 37E3C23D
E9780CEF 0C260056 802D0000 FE182419
0F71DC56 ADFB07E7 2D9F80F5 CE4079FC
FEF405FF FE448057 F7C0353E FD7809F6
4FC370EF 48FE1201 E0480001 30F24106
00008579 76B7CC31 D7B8C48E 3AC259D4
155CEC20 7F17E4C1 95C9E7D5 B9C7580D
50CA3D74 DD46070A 0133D863 F8BB6694
FCE3997D BC47096F 7FE94448 695C801A
75E32605 E7B12FF1 E4312D7E 3C6A0482
C9213E00 364B8CFC 3AF57C83 3521ADDA
69E2A1F6 000060ED 1A21BCC6 1B91C791
A1673BDF 0DB815B9 13057262 50AC61B0
840FC0FC 9CB1E02E 788FFE08 0FF7FEE0
37F6ABE3 6DFEA95E 3077E2A2 0087BFB4
A0963809 0E65E301 C98A8380 4DD182F8
79F4071C 7A9E6414 CA86FB9F 61F80F7C
A2EFC0A2 19FEE2D2 0000A46E E5001A78
63226FC0 DA10A0E3 FFFA780F 7FFF7271
3FF80274 7FFE0034 DDFFC0E9 C53FF000
F044EA05 47077CA4 E61041FC AEF80A9D
203A4026 3A830720 E6B063F1 F63F0F33
85FFF0F1 47A0F40F 0FFA0002 403FB16A
E507FDF6 B9807FFF FC748FFD 0000C02E
83C22748 26EB296B 568732AA 5E2D49F9
8774F0CD 287F67C6 C79F014A 0CFEF8AA
06BFE79A 00D9FE11 0409C780 FBA858BE
07B55CD4 ED1DC588 D641E723 570D1134
04AEB420 728B0B62 F3C177F9 FD277296
39F0FD6F B7F02BD8 3B511664 3368A06A
000024C2 2AC0B52E 3FC37C01 664ADF4E
DDE4E805 1FD8B5A0 C0CEF1AE FE00F27C
3CF0C760 80BFC438 AC6ABE67 844277E1
FFD473FE 73FC0A9F 501FC08A 3A00E00A
8AA08008 FC600E1B 0FE2E060 0C7F5081
055FE5E8 3BFF9F32 15EFFCF6 F58C0047
246A8C0B 000034C6 C88EEF2B 239FD3B0
377CE843 3D2DEC07 07D78240 95FC0F63
2BFFF82A DEFFFEAC 084E1DD0 111AE980
A00E0F9C E900E1BF D60C0607 C5E06B12
7D9F03FD EA2026BF 5FE6CF6F 80F1076F
30055427 8120DDE2 7001A468 54C0298C
2302104D D31B5696 00000BA8 3697E00A
6788896E C5FACE53 E4B234C6 31839AC8
EE2E017D 5E03E0CB 51C03E8C 3172C3C4
08ACFC19 F06C3F0E 0703B528 7CBE7F97
F0CFB70E 04C0FFA2 E2F06FFC FA32107F
06426883 ECEC25B7 928323DA 2E02C389
24E21108 817DB8CA 1F973D2A 0000ECF5
778A0289 04659B7D 5E15AA83 0AAB68F2
E018D6EF FF929817 9FFC7878 A17FF64E
6D773EF8 6C8F0487 805604C8 00C02E14
000602C0 C4000BF9 6E1290B8 F71981C7
EF5B15BF 99D07FFF 854164EF 6AC3154F
521485CC 5A7BB1AD AA87E7A3 F04B25FA
000074BB C4DA1C99 56368EB2 D2B45518
DE011586 1F88F140 43F21238 27F700F2
F63EE015 22007205 06381F10 00628760
F47FC07E 7E7FB206 C1FBDB10 FB1FFDFA
0D3CF7E1 E19F580D 0FB66702 20288FFF
FCCDD20F AFC3FEEA 24F67FF9 5DB100DB
453398F1 00009F4A D8E627F0 93D136DE
FFE2DFB9 FBC182DF 8E7E3158 00EF5328
F23FBF60 7431F7EC 0642AE49 00584E60
D00930F0 38A07FC7 84D2A0BC 2F11FDED
2FEF0FFD FBE5DC3F F84EFFE7 DC92145F
7658500E 031C5688 20093FCC C46C0AFC
FA144427 13248D1F 00009126 9B656327
480F0DDB 763345E0 974021D4 7098D851
03A5D418 5A89F650 FF640D42 21F7F8EA
C117BF80 ED05CF6C DFF5B3B9 FAFF24C3
A49FF78E 4B7E8025 F88BE22E 3FB46CA1
1A5A3018 22D4E226 A9545EF8 C405BF7C
88BB05C1 018600F8 3017A06A 0000BB87
805F8373 79D7D936 3AAB8FC3 EC14A207
0F00CC40 83EC01F0 605F2056 740FC6CB
FCA1EE5F 1FA03E40 C03AA3F4 D620E43F
EEF00587 831BE17C 01216E08 0280D7E0
60220F8E 4E0243F0 CF90481E 21F82E81
BA43ECC9 31962CF5 13F0C521 1C9FBE00
0000891F 65373054 3EAB99A2 BEEC94F5
FBAE443F 3F1E2A81 1E12110C 80FCF8E8
B060FDA8 FDCF07FE FB56F8FF C0283FCC
0000A7D6 C00D0778 9E003CFA D9C101C3
FD9C0E0E 1F934461 BDFFDC27 FF52D992
AFF1200D 0FFAC111 B87DB8FF 90E30DFF
1FFB70BE 0000E76C BA2A7739 69DB4A4F
84B6DB7A 6F128FFE 58BBBFB7 DFED9823
400FBB61 AC807FAB 5A4887F7 924DBC7A
FA441FFF 7E38C59F 800E0CF8 BCF87AC3
9FC887F5 F7580C3F FFEDF847 0A603E06
004C0230 8F940904 032401F0 9B6B8FA0
E9EC1F79 4F27601D 0000B369 A3194F3D
5A300136 769347CE 3708A4AB C3EF74F8
9C1EFEBF 7807EBE3 0BBA71A7 2D200101
03A20001 7959B081 C7FC0BCB 6D7A9393
1117FDB1 860CFC07 6BF7E3C3 E5F61B3C
BCD9B393 BBD4D390 7AF81E76 B5D72080
BAB9FB16 1656F7B1 D7F2B899 00006099
E568CB75 EFF94A61 ECC2844B CF03E307
1EB63146 2AFA233A CB7FBFD7 7357FFDD
F9983F26 BE7733FE 80991FFF 1802E73A
D19D0940 2331E0F4 3F497E06 2D6407E0
01C71020 23562000 8BDF48A6 FF6EDD28
BB95DE41 009F92B6 A965FEFE A4BA8CEC
0000ADE4 DCF11B6D 54C2B415 11220806
0FA279A0 0FC02BF1 D07800FF FF078687
E7D87873 4ADFCF87 8E2E6E78 718CF2E2
02281006 8000CB70 9F01C289 77FF7D0B
FB5FFFF7 D7CDFBF9 CD5F26EE DFF358FD
1B7F4C2B 813BF296 B500E34B 25260004
43749F3E 0000D31A DB133A24 318E0F39
3435236C EB72A83E 7F8DB19F 07D86601
80638EA2 942F004B F88FFB97 DFA5FFFB
FFF8BFFF 3FBFB83B 01E1FB30 041E0727
5FC80079 D3A05038 7CE3BECF 40D1DF6E
E00DE4AD 5E1020D7 2DE0133D 923F3719
BE395DF7 C73B44A7 000094D5 3CEC6258
03389FF2 EB4208F3 B5E2D12F D1E73A2D
793D846D AC71DE9D 6C02CD00 014499D0
C6DA01E4 FA1C0A1D 93FDC419 1603EEC8
FA024560 78099829 CCEFB801 418CC2C4
CF1B793E 9AA7C58A 9338B10E 47D780A7
3326EC02 5B7C7428 48FDA38F 000016BA
204A6AF1 77A96327 378F649A BE7E6C47
483EEE90 B418569C 67E01E24 6BB802A3
9F3BC3BC AF1CEA39 1E583BF3 7444422D
D84766DF 34A02ADC CDD88393 4F67E02D
10FEFC40 61FEA684 4E0D3999 B294BA07
A3DFB41A EBC669A6 36DC01DE 7C264993
000028D4 80907743 DEB04432 591ED462
E1BFF52E BECC5396 DFC03F0A 76781A46
980002A3 BF84008F F8CDBF93 DEFA2BFF
78D7881F 0BC75C53 883C077E 59B98018
B206FC1C FF6073E1 F0C6E18F F574EB86
74860646 676821C1 F097D4FA 6BD4C813
7EAB765B 00001920 576F13B6 28C59212
13BCFCAA B15365AC 00C87937 16125B92
8FF1B3F1 56FFD118 A3CDF8F2 EB3E631F
8043F540 28024C50 B8205103 10437B25
C438075B EA4721FD E670465F E84D2A45
DE21BD54 5FDE2169 3ED91EC4 F54B2F56
295DBFB7 6D6767F8 0000990C 6E39F457
3C566304 FC2FD368 5F74C001 73FD448E
5F8E6128 C2FCFF51 E803E78D 04F40C6C
A001E0C0 3E1B9E0F F0D267FE 7BA704EF
E730E03C 36C31C03 487C0980 FF9BE00E
EFF17E08 7E7FE242 AF47E35E 1881DF7B
8D8C1034 2B38E09F CD7D5FFC 00004520
00FE7B1F 44B966D1 7AAE242E 27B5220E
170B6E00 E8028220 BFC00437 C7FE01B0
213FF800 E2AFFDF0 FF24BF9F 1FF81001
07BF7F40 243EBACA 5F13CFF1 E2253E31
FF4F80F6 3FE29A8F A0F980B0 3207D595
63701B00 1A004079 1C400007 7BFE000B
0000E7B9 F9C388A4 A2DDBE80 4E0CC048
CD172C7E BE3438EF 3E820191 84FD5ACA
10EFE004 0CC7FA00 15E0F800 7B4D330A
B7CC78A3 805D65BB 5D83379E C2C51020
7477B81F ED85BF81 8D724178 C66F83FF
D3AC0578 2AC00766 AB424FEF 5DE98F33
D7F3E8FF 0000F564 1A8A0D0B 0278CB7D
60516D2E DAA77CBC 6F4BD833 016FFDF6
74039288 4B183058 4BDFF10F FB7867F3
9EDCF6BD 01FD9388 218FF40A 78051F4E
37C1F0E8 3699050B C28CB148 FEB9B787
BDEC96A3 75BB3F07 E353A628 C3908528
35B07407 521CAD71 000021B8 68B7996C
54416111 04175739 7585D6C3 40F2AC6E
FC496547 B8563182 790000C4 49900004
EE0728A4 FE1B39DF 01DC1D78 651F7AF8
54B50933 8BDFC073 2906FE0A D90BD8D0
FFF18E9E 10F390A5 003A2D0E 0C800116
6B008377 8989001C EC8C84A5 00009DEC
ADCDFEEE 636229AE 0F4A4C21 42D23AE1
DE0A1DB5 BFF0D23F 5E9EBF4D 8404601C
AC48C7C2 3243E6F1 20076026 02026B15
76340BDB 3FB7C023 9FF8A092 F207FC05
8AAABFE1 6F5442FF DFD7553E BFC41D03
5BFC6A68 55FFFAB6 45B05109 50952A8B
0000B770 F5FB6C06 691B278B 321F0E01
00D885E1 03800B6C F03F068B D703F43E
32104FDB FA503C3E 071E07E3 F10DA03F
10761700 8C1DE3F1 61E1BC37 582F0995
1083FE72 89F41E76 5C33C1C7 F3803E5C
FF3056CB 6FFC0A4E 127F8602 255FC060
9816FC09 000080CA 45DCF6C5 0C73DD9A
56AD1CDA 795018DE 034E9362 540BD1F9
C638D670 AA2FB04E 99DBDEFB B52211D0
0C45E006 1FD02900 F57D5D26 98F2E209
AAC02823 8BCB5872 3C73F060 F10681DF
FF1050F3 7FC423DB 7A7E53B7 64DDA47C
8FAC6C8F A52CC5AB 0000F239 77ED6E1A
EC081DFC F04863FB 97E54E01 1FBF9E41
07FC822C A0F86064 1C0FBC06 0880FB00
80B00F10 BEE3C0F9 78FD8C0F 07D8D268
FE3FB1C7 EFE1FA82 C5DF0F34 6137F8CB
86023F90 00F00C40 08120014 8443C848
7E202E3B 52D006CB 7B25AB17 00004585
B4E13CDF 08672EA7 BAF67FDF B0D11D63
BA2F23EA 203119D5 CA01F0D0 AC003F95
DD8003F5 F467457F E0DA111F 3C8EEFE3
EFE56ABE 7F1E7FCC A480EFC5 865587FA
C12AC47E 66C35744 0EBC0410 1669CEB4
7BBF48B9 9F87EA2A 66F1FF0D 6D59DDC7
00009243 E9136021 04F7AEB1 B02C7D86
F521E2CA C3FE9B45 A2D788A0 2207220D
D480FE4C 0FC3078B 4A7C7860 F86A59FF
7C037D47 7997089D E73EEA88 31B2E7A9
44AB433C 08BF4871 78C60FB7 15C6CAC0
08462D25 33080A3C 15026117 59AC19F7
6533CBFD 00000D0A F5A06DFA 13A17E52
0623E69B 81387C89 C8047368 A48972DC
53DC223E 69D5E0C3 10920BFD F0367AF7
F98EC7E7 41B6A89A 1821EE8D 57AA15E0
17CAA129 5880AEFF B3542DFA F262F2FF
2E0C975F F9E93860 884C0832 EB9B0129
36817A11 87174DB4 0000147A 0894FAC4
C02D0974 736A243E AA9AA3D0 1DF9F294
E0EF6B21 7E8031A3 4D606B3A 1FE90DEF
F438418F 80036910 7009F5B3 EF217297
28F7F760 9D01FF5D 04F907F0 814FA0FF
F12A7CCA 99018BE5 30B5D98C 2257CC51
0F4BB01F B4E49902 BB4BF65E 0000BDCB
1E9CD503 CD62F2DD 40921819 848EC884
F1007A11 BFC30BB6 8A8E0106 E020020A
015FF055 10FB7F82 FC6ADFF8 AFFE0773
7CBFE09F CCE1BFBF F69838F3 52418107
ACDF8C38 7C51A153 56607117 A9E119FE
480F05F3 87F20338 5231940A C353BC56
00006CC3 894657B1 31E507CF 4C4A5FEE
4E4A16EE 4E125966 A8FA616D 0D8FC23C
07FC3902 357FC119 D5920808 8FFC5231
287DE760 2983CA8B A2BFC1D8 42743C2D
0B288780 84802450 FF942C03 DFB62A58
6FBFB49D A49D54D8 785AEFFD 1F31FFF7
76233174 0000640A 47286326 39D27A06
F369A768 184C3160 804F8CC2 7C6EA4DF
1FD7F3D6 D2A9FC19 BCC407F4 0628038F
407EA124 2405A064 9C671EEF 8E427CE6
62A8D06F 90BB0802 876964B0 BA756F4F
7AFC5EFF EE1FD21F 534468FE 15DA44F1
B51EFB80 C8B0B7FD 00005706 24795DD1
F3D6C0B3 F60B1264 E0CC0BFB FF72E56F
08F8830F F40DC199 91001FB5 C73C03FB
FF40F679 BFCAFF63 21EF03E0 8129C10A
DF213CF0 3499C0C3 A4C9D2FC F8A8178F
5645A3F8 CFEE376C C7F4A612 E75185F1
617C7D24 F04DC070 C7941018 0000838B
2762BA16 77C49A88 6125D1BD 0C241D18
F042D03E FD8E6067 FE04F173 0FE06033
D4FF0F45 D7F270F2 940363E0 FC003C1F
01F00100 8003C010 64703F6E C24384F8
3C396447 E3A451CE 03383306 2037CFF2
BC08FC2B EFC00FCE 372F87B4 DA4459F2
0000BBB9 32F05028 AC1C88E6 10CBE2F1
66ADC95A 62217C0E 7D3DD45E 86EDDB68
C111F651 AE4E87D3 09640020 38633B46
D3DD0470 918FBA28 5AFA7948 B20AFFAC
00B60DF1 035B934B C07E0F6C F01EC3AE
9916F600 103D7229 44104940 A90AD2F8
EEB82C80 00003A17 8712F476 F23D653D
DE210FFB 0957ED72 F0BFFE70 8203679D
7A40AC52 89FC16FF 68BF39EE BC3F728F
08724000 3838BA83 0C40D420 1F9E1EBC
491E63AE CB4DBF0E 025D0ED1 F052433C
7FC72269 6FE0EE07 62A8B9EB 57328005
0D4A0053 F2BD6303 000088A3 61EECC0C
809EB8EF FFAFC928 1FFA0603 C3FF9380
7E1DFD87 C4E2FFA8 AA003A12 00D80700
80C7E438 5F035AE1 0FFF13C2 9CFFE0BC
DBE4FF2F FD7C06F6 F2DFD03F 5F05FE63
28F5D7A3 18C05BFD 90341C61 A0A340F0
4E000B17 99CA3602 544D0FF3 00009505
863D7E60 81C65C13 A8D782AF 943A1B91
22AEE23C 7CB5EC87 B6F58FBC 76670AC3
A9D21938 06E40583 D1BA81F9 F808C1DF
B7BB7609 E36E81C6 8383DE16 02345731
732C3EE2 2084FC8A 0E4DBD04 7076F78A
C2FFF3BB 077BE906 11321DB2 D279BEB0
0000532F 892340B2 03FC5566 88F9CC7C
60EE40BF 08072A40 C0BD93EA 9FCF0C8F
F5FFF303 FDAFFFBC FF98FEFD 3FF949EF
60FF500C 0205F520 04102932 F0800801
1A86FBC0 A250E538 7FFB8000 13DFB4C8
EFFFF17C CFFEFFB6 7BFFFECD 0071FFD0
7D51BE30 0000B65C A5B0570D 6962AB17
952E5D77 7D64ABAF FE359639 81C0E610
2A0819CB 2354038A F6FFE02E F1B0F462
1FA4FE03 00FE77E0 F99FAEB2 4FD9A1B1
2C7C7002 E8036B03 C6FC7634 FF50A6BF
5CF1EE22 DF3F09F9 F62D5915 A257FFC5
EB32CA5B F7CAC58A 0000E1F2 37101E33
4A484D54 08004892 39674300 F2B4E731
1E3FC841 17E1FF28 DFFF3FED E09FE3FC
F840021D 3C44F001 23CA3802 B2109446
429180C4 43C80008 1C4C8001 F2CE700E
C7C86310 46B98F58 FDE7E34F 9EFFF312
F6FFFE00 2DF3BFC0 1E6B79C0 000079E2
F1E9A84A EB0828AE 0FED2411 009C3F80
004745D0 5808EB7D 24007DFA AC020614
EC00C2FC FE7DF47F 7DFF3807 07EE4FC0
F23F097F 7FC7FC77 6FFF3F82 032FF3F0
C00E007E 00034001 00008C00 46B80A04
00707F08 CDB047FB BBF3807B D4A18969
0000FAC1 9C04935E 1B1A526E D9F53A3F
C61B215D F3E90ACA E47FC042 4C09DB9E
B9903C15 F75C02AF 3217B41F 41BCCDE5
F00EB11B A2810FBF FCDFE383 BFA29E14
AFBD81DB 3EBA895E C033F0D0 E08EB0A5
EA7D11C8 25F155AB F590F60D 8D10404A
39E726A1 00004FA9 78F7668A 7ABE84EF
FE785C1C 9F761173 E3FB7C0F 1C1FB6A1
6021F4F0 7603DF0F 07B83E48 209B8206
07ADBD00 83F977FC F893DC7F 39AF1FB3
879DF9E0 24787DCE 01734704 0469AFF8
E0FFCCC6 02D1F984 54040114 4D007FFB
50D22BE9 6FA6CF13 00009BC0 A08F4751
3691E5C0 92102BA2 C0EA3BFF 7C0E9703
3FE0E8B0 41FC1F10 1007E1F4 7E063F1F
BFF00133 0FFFDB7B 307FC601 03ABF848
20383FD2 260380FA 04B73841 001DFF85
DE065FF8 F03F7BFF FE07FE5F 13C00EE3
D2BC05C8 F3346FFF F87720FF 00006E00
E87EF979 DC5C9F8D CECAA891 56EC122C
FDB4F2E6 E84466AB 9D48CD73 627CF8A4
8A570709 0018D078 64591509 BEEE9DE6
F0C3F0CB A5A1FFDB 51A29BEE 6EDDE84B
47E1D500 EC38D7DA 7DA5EA23 8FF2C132
D00D2292 592A5C69 0A702020 01A08D08
00006B69 E1AA2F69 34B999CA DF7A7F67
B25B2EBE 0CD8AE52 D8F8B426 AE1D3D7C
C839EC84 C661BE47 24A61804 FFEC2000
87ED41AD 5EB4FE20 AB003E89 8C5E0DF3
2886F0FF E6CF221F 2A14C269 C200AEE8
00D629E3 B19C9FB9 F6782A04 E78DEE35
3C08E970 0000395C C703FBFD 20DEBD0E
D650B83D 1FFFA780 31E9C300 FE1A0CC6
5FF0F05D 4003CF4B 7E981CE3 FD3B63FF
7E72EFFF E0C31CFF 2F8F079F C164E0B0
5C817507 D5700700 07DF0020 397BCC23
797BA767 CFDFD6FC 4EF8E51A 38EDD0E4
5CAB801B 7F55EE58 000026F5 985E779E
40175F94 3E7EA003 06F99E00 E086288E
871871E3 82310D94 72771B81 B8FFF9E6
FF34FFDF AFFD4FDB DF7EA77E 5FE0F7B7
D2FF0590 A4C7F0BE 64BA1FA0 004C90FC
0005D00C E100B302 A484A893 B743C6C3
ED114007 390C2A21 CB744EFB 0000ECA2
AE24F5F6 02558D2D E04157C6 A9E6AD39
007C4580 0002BD6E 68129887 7271FB66
82E65F03 C2D148E0 16AFB061 B931C0F3
7F8DF0DB 9DB87D9E 3C9F89F8 35B70FF9
90982072 7AE35CF7 9560335E BF4119E7
B73400EC 32E9BA3F F9AD0F51 725C9C0F
0000D563 2AB76EDF 324B0C0F 40E3D296
284F56F0 0F099D10 58F9141C BB5FC00B
0CF9F366 C9DFFE7D 7F23FED9 02FBFFA0
CDBFB0F8 0C75E447 F70F1B84 04054415
0AC23721 13B00CE8 3A47D19C 4CDC6C02
B4FFB28F 0D7F1DD0 CE3DAEA1 624E5D07
055EBD6A 00007DEE EF571D27 18DEB1B9
0CA95122 71111067 250DD7DA 8410F87A
6F403E69 4B6F0D27 BF9F73AC F68F4D98
BC543FC8 73C2513B 3B1F5E23 57EDEF23
9D4E6E0D 86840693 D0853ECD C41414B3
81F0F210 D85C93BA 9DFDFF32 0D4B7EB8
1A3B20C1 38145934 0000D68A 2D2DC6A6
9EAA79DD C48298FA AC03077F 08366348
8C108300 737D3C55 B9AFCCA9 32FC3800
01376F80 B0415970 A7F4AD40 A97F4D30
1F11FD0D 5C1C0F94 1B04DC7F 3FD27FBA
F1C4EAFF 3A020403 C320211C 3A0D2C3C
4B6AB955 5E038D8C DD22D712 000047B4
B29E365B B2A88B16 18E95819 13B44411
1DBBE881 8081EAF4 FA3BB78B 9DE5F38D
F5BFBE85 E7E9D1CE 9FE65B00 0BFF50F0
F0FFFB3F D7AE7DFC EFEC87EA E95FF03C
3E1FFE03 60D02FE0 4C08BDF4 1DFDC785
65C661B8 F6702C21 92258000 58E5BF83
000064F3 692766B0 1BABBACE F67D3DEF
1FF6C673 5FCD4195 03E04988 52209923
5891062E B9D85E0B E8EED3F8 1E898F27
A2FC95F9 F87F0EB6 BE0BC0DB 936E3C01
4BE7A8C2 6521C144 6FBDA0AE 5D7FB1B7
004A9830 C156F8BF 55E9ADCC E4128F26
72FE78BA 00009BA8 D8B20B6B 588AC89D
B578B8AB 7F4E1173 4D9BC721 F1685CF7
CFFE3E17 9CFBF07B E5620CAB FEC00026
EF88A06F FC3F2E9F 64A11480 DC3101DA
4C000C1E 89AA8831 F30C7C47 1FEE6F41
00EA6C60 9DC7A7DB 33F1B27E 224A0D54
4D0BBD47 1501A156 00000AB2 A3D94887
C0AE17F3 733E8FFC CF3F43A7 3B2136BF
CBEFA4B8 1CBEBA28 B48789AF 7C78A829
0DB70503 A2EFE008 F80D05B5 C9017F2F
73E88BDB 967FFBC3 6C82EDE4 C0811658
E48761C5 43C49C82 2A0E86AE 2789F722
62FEF74E D0F7EFEF 3D90F6BA 0000FF93
4D574D5B 1D1468BC 3A0DC9A1 7D54784F
0FEC3692 C67E5088 CDF50F2D 13C7397F
E1E400A3 3215000F 80718408 6B378107
A279F6D8 4007EA17 D5607C33 897763CB
7033F37F CFDF67FE 3D6F2879 4F7D8273
8BF7F7E9 2B6FA808 A20C0135 8C5A7AD7
0000CB8F 9AE61F45 0EFF4CF7 1A4C5401
BCD4F881 61E6D9EC E207114F 2F813709
3CD00C3C EB7DE0F0 FF937F7F FAC70F7F
63021E36 16785A85 0D47E079 519DBC3E
0D176005 1E825100 240161C0 49B72600
103E8703 0D29FBE8 7CC04249 E5826007
894E4A06 0000A3D6 B28273BA DB0F592E
4DB6FCA9 D006E4D1 F8D3FB9D 5FC0323B
44FF7FE4 287F7B19 5EF30297 02E2CF81
80223518 F001FFE6 1F80FFCE 10781E14
63778371 B77DBCFE 7F41BCFF 82B9C2CC
68AE33B6 63B41043 150D547B A389AABA
0C9393F4 8048ADC6 00007B4F FAFF33F1
7D4C4B47 FD8EC7DF DFC1141C BB6F0787
07D77A68 000C7E3B 6F0047B2 E2D89C3F
26CF9FF3 00763F47 800317E8 ECAC185F
BEC780CB 96E83846 02AF2380 C40F7E18
CF0AD77B 7C3C594F 6C737A04 864AFA4C
B7575DDD CB225DED 84467048 0000D2F2
1645C86B C362D760 FB2B4F40 DD401CC7
B0029A6A 2B6009CD 50B44676 4858E746
82C51AC6 5B10B73E 03F70B49 4F08BD03
4FE82ECC 80CD5313 F148F8D3 AB86C8FC
4234A750 5652F63E D0DA3BF4 472FEC49
2038877C 0FF35AE3 0D5D488C 98279311
0000C609 DF271E39 731AC44C 2DFE44B8
0AF74055 23B2E6DB BA7DCFC2 E3E3F6C4
C0EF7E6B 1E7078D9 03112938 3856412F
00601315 83075AD1 8313DFC6 B8B1CEE4
80407FE3 2061DBFE 9971A727 7C505538
8730557C 1FA38338 0D96E98C 35ECEBF7
BBF21FE9 0000C76D B851722A 4C28004F
30697C85 7B41FB80 47710CBE 3E3FF12A
7677FE7A F3FF3894 162BE18E C1E03C7C
8E000207 FC60B818 BEC11983 878E10EE
D4752F45 1D0033FA 018D6003 60845E23
76019DA9 D12053A8 26F77926 04E6BAFC
FD2DFF79 6AED3825 0000FF72 08263196
133F889A 9D2B4AC4 8EF4A0F6 BD1E4FFA
390F1E8A EFF9E918 069F8D01 C8D5F8FC
0F0DE5CC 3B7E4F56 7C1B9FF7 C36026E5
9A12005A 21134012 49104040 790F092E
3F546073 EFDF3E0A 8BF9DDA0 F7BAC78D
CCB13AB8 918FB0BA 362B4F38 0000B5A9
10090029 E3DB0CCA BF54FA34 70616C93
B14902D2 0FF009FF 69F33049 BBAF001E
93A97095 7771018C 7FF4680F 8F1FD300
1930052F F5D8545C 3F2B5F29 90CE1DFC
267201FF 0376D7BC EE4C38FB F84DFA79
EA003CE5 CAF49C34 5DE92EC3 F7EECE2B
00004516 D9269927 07626230 F172CB6E
DF93A017 EFDE4400 096FB260 2006FE5D
BF012FB9 D2F9FFEB 100BD7FD 40087E46
008053C0 F00F021E BF80FE97 7B9C0038
0C75E000 0023CF81 7C0BAD2E 4FF866FC
405FF138 5003FFDA 4002F7FF AC5829BC
F1599A90 000034C3 C34C1011 0B607B32
E40739B4 FEC786BB EE0F0E97 151B29AD
504036DA C7F20A6A C3B3E17A 1F783F8F
E04BFC7E CA0127DF E87802AE B5C7805C
500E9077 8223FD02 E3D2478D 35A911BE
23D8D8C6 1CB8C204 285E20FA 1524F9B3
B5B1D097 FBD6D300 0000379F F156E9C0
3FEDDDF1 DC338C54 73F11C75 054A9B50
A022EECA 923FCDEF 23A3FD9C C29E9FD1
01D3F060 78133804 7FF01004 DDFE2FA8
D2FA4AE5 CFBBC681 E9AC7C3B FC438587
2F325916 E1E89EB2 7F7D16CA F277D98D
CF497A0A D5B22899 057FE88C 00003988
E8824D97 E1DE25B0 3E3A6276 53A13837
9FD437A3 3F6A6D59 80FBDE3E A1416CDE
77F40F47 0EB9B3F8 C011B57E FE02497F
37E0041C 75FB4225 5F16703A 1DDB8F03
095C4ED0 00515A9A BC2D33D9 15086748
320C2FFC E2C8085F 7421E09F 5A63F38B
0000801F B288AC51 E3BCDDEF C0AB56CD
D9D44000 70F1C001 0100F4B0 D07067C8
D0028CFC 648831E0 D7FBC394 D5BD1F9C
46C3E7C1 FF7B9F3E 3F3CDE53 53FF8083
0ABFFE07 0043FFE0 3007AFE6 03C06AF0
007E0292 400BF88A DE07DF99 CDD0FBBE
95856B7E 0000C72B 429E898A 96A2B995
CA167871 FCEB6FBF 81F77888 480B62CA
2400995E A3801FFF 1CDF81BB F0F9BDFE
FA8E6FCF 13814E14 C23C05D8 5F81C095
2FBC1F1D FB9F51FC FEACDFDF 43E7442F
00A87781 01B02368 D03DE24C 4659FDBB
0D18BFDE 92DEDAA6 00001A6D EBC1F4AF
90AF9606 ADAC6199 FF4E533F 037F5A50
E1C0F9B7 17140F95 9570C0FB 0DC71C0F
80F479E0 FF07438F CFF07378 F8FB4A43
FFEF7C19 DFFEF3A2 9B9FF73E 331FFFB1
8055B6F9 F003D07F 004016A3 0000C11C
5C000C39 52B400F0 2AA0823F 0000CFCC
CE21EDCA 46ADDB2D D41A6F93 C242F5B8
7FC11703 D3C809C2 53F8100F A89BC586
E8D408FE 3CDF40C7 6288800C 7F80660B
02AE89A8 682AF923 5FEFDB6A 936BD4E0
06939F61 D0C24EBE EB63DF7F C00FE4ED
8A153999 D20A8A72 F2721114 D3D0C14F
00004AFA 665FDD95 5995E5FE A1996F1D
671AEECF 638201B5 E7021DDC 5868619E
E66B8B20 EBF0FCFE FF4707E6 FFFFB9FE
5EEC7203 C2E0C95E 7EC38027 B3020823
203B61CA F88FAEDF 3F9BE9AD 4D75604B
482123C8 11005D6F E47010ED 7E293BD8
164CDFB4 0000F980 0FB43853 B7289FAD
7B4396DC 83AEBCFF BC0EDE2F 01C22D84
8038004A 0E16000C 3940F800 BFBF87F2
83FC3818 1C3FF9D1 A7EFF81E FC7E4733
BB63D879 EDB73807 DB93DDC1 7BFE6FAF
0F17DEEE 30E01F72 CC0000CD 3AF8000A
F47F7E1C BC4E3EE1 0000F6F9 60031789
086166C0 B4397E0B DDFBFE17 BBC8DB23
EFFDF5C8 7AFEFB9F 5E1FC873 63E03837
478B8180 00996018 0A12A300 5D99A693
83C00D8A E8CEA79E EED7B8B6 FF4FE81F
97EDC641 D0070BB1 8C6138F5 3B9F77EC
5DACD444 5F0CFBC8 89053FD9 00005B10
7240E6F3 8A6FA82F F5EF67EE 3167186B
3F700FE8 63E0DF28 B55F0018 1314C222
CC65EEAA 6E10407C 7F73C007 7BBF947C
BA3EFC11 A3FBA46A 575E5AFA DFCEE601
0F8CBA09 1019AC60 81A5337F 2C1A38BD
FF805ADA FFB27E8F FFB36EA0 10A84976
00009E11 C44BFB1D 8622402B 7169541F
2FF250F1 40EFE586 A78DF260 7E3C109F
63FF0221 1D7FF040 7079FC04 FFFC1002
07FFC500 C030FFF4 F0080EA7 9A1040F1
01B31FEF 4028FBFF F0077FFE E3EC53FF
3413EDD7 B00BF2DF C380FFEF A1581BF6
420C325F 00005A38 655AB244 40E0D9C6
223F7F23 F08280FF 8D22A09C C02692F5
6FEE8874 E2FBE601 789B8E14 0CF3FC01
7F8AC180 17FFA68E 24FDD9FF 987365A6
A62900F5 AFA23802 FC1DBDC7 46359E44
AC1C378F 70524DDC DF802983 8E6DCD46
7DB3E79C 15EDF250 0000A3D5 C8ED1476
2E8BFCFC 04CC0AF4 F87A7EA2 E49E0DCB
D051080B 1F4F229F 2FE0F1A0 E45787FA
BDBFDAFF F76A00FF DC37E697 C0000FC1
4020D40E 9B94C272 D0BB0EFE 382412FF
7020B22F FEA17E6F BC65E77C C977CBCF
93303528 8631AC53 B72E2E34 00000DF6
5A3B951F 4489CC80 CFC72FA0 428DB609
E81B90DF BC03E253 810C3F03 EC20F7F7
FADA89FF 1723BFC3 E0808D9C 0FF06520
83FFA7C0 203FE71A FB23FC0B 0D309D80
E025DCCC DE1AAF0C DEF7117A 7FE02177
01FC217B 22BF0035 DD5F7C00 2A5ABFFA
0000249A E7E9AC0B 189C81AF 980872DF
AE1F3C53 5CF944C3 FBFCA6A3 BAFFC1BE
2949F964 2B200838 45281561 AA3AC47E
30443E07 28030642 0C4E7FC4 25F937CE
5428833F ADF98E73 F994425B 7A80E89B
4541A96A A21CC368 41BDF62D 4507A496
E12FC894 00003669 3C60C345 17F55578
A74A798D 7AD2D5F7 82B9768D 0535EE14
80008D58 5E02005A BB4CFFFC F12E2EFC
06B57BE9 B0048369 7007E9FE 2FB91D31
72DE43F2 F497F41C C7A197C2 F35774BC
6AC6755B 25839B42 A858458B D18782F1
1266C75E 77BF4E3D 00008174 8082D25F
AC7FA069 16D2C043 B9A6BC35 9BDA25AD
7C7E741E B9C50017 9ECC0D06 0A9DC106
0185EE08 D06CA2F1 A7FFA701 897048C1
C0C71BAF BAC9B2B2 DEF2A7F6 FF955DFE
7EDFCCEF 68030777 7FC025C3 E2ED745B
1D613515 5AA44C94 A0D7C357 0000C13A
F40B1CF0 73828677 1DD95EB3 87B04110
6294222D 8E7CA4CC A9F7F6C6 F47308A1
043B7001 4FC85785 97B87018 805FB201
E61BE470 8583C78A 74C03E41 B5E3D993
C64B3918 9EF5E1EF 5325E66C F667A417
E7E85FCF E37FEC8B 01569A6E 5E4A3B41
0000ED9D FCA20AC6 0F7EDA92 F096E8EA
C064C8D0 FD00CAEE 408264F7 7C00465C
17F023AD 02EF003A 02A59001 3C60FA16
43F25AE7 4607F696 E5B1BE4A C93DD1FA
31055F07 03201FF0 C026217E 3FC451B7
BBBBED9F 0DBF73B8 A82FFED9 2B379C65
A4C12108 0000D61A 3E85D65D 5314FA1A
9FD0193A 947DCE1A 752A9EEB 43CBC611
7800C42A BD100745 D1FC3CF5 EDE7EFF0
FFD738FF 13677F29 C030F03A 4A03E2FA
8DF1F803 35238A02 058365E0 7E2C68BF
ED1B6D57 BBA21381 6911F33A 43DA07F1
936CDF98 FCD20ABB 0000F207 88AD1D30
C2A549D9 32D1600E 03CD4B80 01FB19F8
B07FE9BE BE0FFFD9 3F80FFF1 24D81F27
800F81F0 7C04B807 A3F857A0 2A5F9BB3
7C80FDB6 17D807C9 00FCFC00 F9E7F30A
1E2777D3 39E42D65 08E00879 A6A738A5
D5403FE1 CA5C84FF D402BAAB 0000F427
D6039C73 55C8BC96 ECB211E6 FEC078ED
EBFAB806 DF83F641 37FC0FD3 41BF207E
0E7F8181 E000407C E482F217 FD0031DF
7E2011EF 9F8043AF DDD00EF0 EB5820DC
77758387 06633832 0AE87B83 80FE0BB8
FA0FF03B 4A407E02 6D0000ED B08851EC
000090A8 A9E111CE E8BA2645 2D1C95F7
F011A3FC 07813DA0 E8784A5B 7FF30FB6
F1DD70BD 1DEF6F0F 00E37FF0 C10343FF
2C080E07 8470C4B0 7861D745 1246DFB7
F2C476FF 3C3C4363 F1FDD01E 021E4300
300BD5F0 7800E97A 60000990 2F3D59BC
31FE0DFE 00008796 33D48009 240DD25F
47D840DD 10641F9F 078126F2 E438151E
5A63834D 93879816 79603F8F 374C01FA
01F41033 F01D3D8E FF8091DB 95FD46C7
E4CFD8CB FD81FFDF FB375BFD 1DF707F9
D9070839 55D819C4 CE700408 BC9FF652
F8A7FB99 83F37F78 00006AFF A0B90883
89302775 561E75E1 759272C4 16CDCC4C
21F5D2D3 847FC11D 3C11FB62 BB500FFE
5FD0563B 8C1F5EFE 80AB832D 9813F61C
E8A03898 67C3D7B8 8E7AE7D2 C4208838
3CFD4801 084A3040 FBB22CA0 DB3F015F
AAF8067E 55F90419 556D064A 00005192
D7E52223 9B4A9CAF 136E29C9 CCB4267E
B8677A94 37C271E4 43F444AE 07C7CF4E
42BD7D7C 271B4FCB C4E0E550 FB9289D1
1DDD69EB AD2DF0BE 9F4D9506 14C25E00
0A5D1CE0 91E77BBC 88703F7C 938EFDCA
E106141C FE650DBB AF2A78F6 A0429B55
000045BA FBAC3D2E E6BC61AC B954A212
83B794D0 F00629EF BF12A45D FAE0AA47
E3E01FE9 A4F801FA 5EA7C1DF 183830DF
20008820 7B1C1940 8A81D060 B1BE1E91
A3A7FFFC 7B3E06FF E368A01F DD0073CF
EBF0B47D EB8DCB53 7B0ADE3D AB119617
04565F11 00003C8D 51AD669A 5835F5F2
AC4D9FAD BD9C3600 DF7EAEA3 CDF889F0
E88FB55C 41466FE5 1713E1E7 0257FF81
301D3FF8 C7D0B9FA 957AB2E7 1ACC692C
831AC8A8 F5B24FFD EC5DF77F 091BFEFB
00351584 4050F542 4202F3FE FC887C1A
D4520EFE B206C163 000014FA 38347F55
8C70D7F2 8CB91546 25EC9C92 04A28CE8
BC01FD40 CFC215B8 F1367B8A E46C07FF
C7EFA07F E41E85C3 A50050BA 18C31187
C28621CC D60E3383 80F861A6 01589F20
91A2C946 17826A84 05F011E8 45FB2D0D
038B5714 59F7C7A5 50371BD4 0000E30D
C6BF906C 039972AE B4DF092C E0D76C59
FC0D8F3F EFC0F54A 021C13C8 E8C9C41E
EA4FBC01 F5FB7F53 05A9BFC8 F3FC82F8
3BFA00A7 AEBF08E5 123FFCE1 49DE9FFE
DBC209FD 85EBC808 84FE8F17 CD162A2C
6304BA6F 05EC0ADE 1FCA00D9 9DFF5BF2
0000A555 A0B4F85F 0D1F86DF 7E1A1007
8872AB30 BD52E8C0 A3CFD139 022C7AA0
0021EFBE 36DA79EB 4CFF3A9B 8D8ACEF0
28BF8DA9 30814920 DDF1C8B2 76B99948
1A32FDC3 CD0A9CFE 8DDCD3C8 27E165FC
AEC66D28 37FAE95F D17ECADB 2BB91E31
59F29D77 0000A22D D89B3C80 4DDE67DE
20F2B89A 043F0500 1C0A6B40 C0F8F97F
3803CFB1 FE82DCEF 1E3C2877 31174247
870AA077 71703306 07873C74 5878661F
77A71E1C 7EFE71C9 FFB7C31D 959E9230
786BC023 638D7AC8 A27D6EC2 270FC019
13507800 4C768780 0000D998 97EF1AEA
0C2B05B0 6280B3C7 F849B2AC B41FBB3E
280B4376 1F804F40 15F617F7 91BFF1E9
DF4BFF0F 0F8E3C40 E0ACAA85 020139E4
D0070738 6DA0A008 3FC19F0F FF29A3F0
CEC5255C EE1C6A09 BACAEB9C 43FB86C1
B51FF066 046C58AD CD7D0FD5 00006435
145CE62C 6E0D9142 979F8733 F0F08EA2
0D100E39 81E0BD7C 54A667B9 C59FF1BD
05BAFF8D 00FFABE0 F50A4408 5FD02004
107FE5F8 D46BF721 2EFB9ED8 97333836
328AE585 436A199C A021BE04 F015C86C
0005EAC6 B600666B CBB010BC AE2E43A9
0000120B A42C8E53 CE26CEEE B71E2017
24586D10 7FD75567 C0295824 4CA1A4AE
EB4AB842 E77A70FD 22B997CE 81026B9C
1F888A11 C23A5D71 6ABFA9BE 2BDDFFCA
21180BFC 216DB8CE AA53CCB8 47623BB1
4B8E92E1 17408CD1 3B1A01F3 7FF703BC
3CC82193 0000D99F C480293A EB88F7F8
01ED5EAA 3EEB30AF 7E837E22 C38363C6
73BC00BA FB0BFF9E D356BEE0 1C3301C2
D000A90A 3F93E006 257400C0 207F80C6
1F2BB87B DB2FFABD FF132EFB 9FEBB9F3
AB9C35EB DD508A47 FF092364 A9BCA001
A0DAFBCD E4ACBF96 00001E8C E3A6F2F4
C1D91B44 B38AAEBA 90105EF5 F3FD9F6F
4B05B3C1 803D29A5 A4240B36 5A33681D
CD442E03 7FFDA5BF 39FFE4BB FF0F6A1F
95E1DF51 15EF860A 2A174802 048A3B01
6168D338 937B921A 021F5CE3 DD563FD7
0C552D5B 06B39BD7 36DEDF8F 0000E217
CFE4F8A3 5380FDF3 CE2D87FE E01C901F
6F00763D FDFC2F97 9231E035 68000E00
EB8001E8 FC31E09F E474BD8C FF020FF8
EFF3F45D 7C1FFF47 AD837C78 4B8497C6
C3D0187C 3E3AD907 C0F7864C 840BF7FA
94002734 8AC00064 AE1A0007 4C2C6408
0000D83C 2C1DA128 30AF8487 ADCF89D7
FF3C8E14 63FD3501 062A820C 05E120B4
604728F6 946EFFAB 8737023E FF11E78B
07F695BD 2B6F761D 63426E20 270AAD9E
C0D85802 10D4E709 0F74AE79 C9085343
10644CCA E274794C A0AE89E8 29C51572
E8909F12 0000D22A 526BE179 62202CE8
A8DCF88B 3BF1C980 087FC612 E387F23C
3C3CF8C5 63D3CFB9 FA1C0C7F 640700C7
F008800E 7B00C947 0F204764 DDE98131
6197CE0C 094E5FE1 F03415EF 3C224047
83001402 011C1550 5C85CC7B E9881E01
BA94C16E 8318FC90 000079D7 9A920EEE
5291A018 004DFE00 02199FF0 F82DC6FF
CFC1BDF9 FDFE7987 27FFF4B6 79807E33
07E80070 F437C00B 5740B002 010341C1
47C31A7C 8819E3FE FE41BA7F F3740903
0F404560 03E80030 BFFD2E08 5DFFEE95
301FFFFE 9B60FFFF 24BE63BF 0000F14E
E78F8970 1EB35C66 42CE73F0 F04EC87F
DE011207 07E21DE6 B3FC1BDC 2A37C0F3
0906F802 00886F80 07990FF0 F076D87F
1B48CF07 00F88B38 B0021975 E7003747
BC65AD38 FDD12FE7 FF7683F7 F5EFC5BF
3C7F5063 DECFF241 EB4FFFF4 22981BE7
00003B11 984C04E7 AC6D5AB6 13F58316
33EA921D F21A3EBC 124EB2B8 B4007F00
F5EE1FFF D57FF8F9 23E92F8F E67172BC
F1CCC380 4A3F8375 70935B2F 80A5214D
162CBE2C 556DCF06 3F3E501A C19A63F5
6E276B4F 88302D93 7ED73207 E7337679
DC83DBD9 0000D5E8 43CAC2A8 BEFE3BC6
5955400A C26821CB B1407C3E 06071F0F
BA233D8E 67CA22EF FFD47FFA FECF2FFF
EDFE35FE 1F19BE0F C8380450 9907C05C
F43FA45B BEB0C276 7F5D5EBF 2E931147
030CA121 B25FC176 58EB9336 69490046
CE3C9137 11E1BC2C 000059D0 74254046
B82B7319 F589490D FF9AAA30 9A0ABC61
22C66DB2 7C9F94FF 8173F757 C3FB1FFD
FD3A00FF FFF5A00F 72B8AF09 CD001515
F8A3A0CC B52A9413 FF7D1C71 7FC0ED03
0FDB9507 00286350 B410880E 25F5216C
558F4CA5 16DFBCA8 1F9C67EE 00006CFA
B74802DA 6E21F4C4 8EC86DBB 6E71195D
C3C69CB0 BC07272B B8C0804D 7C501565
BB8803FF EE18A03E 3B9B0F77 969593FE
DAF41627 339D0071 38840E1D 88C2A0F4
7DAFD4DF EF38A304 5E9CBE1A 4DD9526B
03B70578 5313747E 2FDBF9BA 48130AC7
00005797 8F0DED26 83AC519F 0C2FFBFB
E95814AB FE02128F FFD0858B A3FAD443
BDBF3BFF FFFC415D E56BE90B DDFD366D
83B09EDC 9321AA74 34B00350 D61C301A
7D78E19B FFC1FACF 45101F1C 248F1FF8
ABB14655 4AFEE8AB 0ADAB1B8 7A6BCF8B
EE25142A 0000C254 F75D4408 844EC685
DA39E282 0B49EB00 00721833 400CFF64
3FA2D116 F3AF1BFC 7F1FFBF5 F84FFFFF
E3067C1D 0940E561 D91D027B 4DEFE15F
15FF0FC2 A9630E7A B9AA700A 18B20C00
01E978B0 613F88C4 319FEEF7 A7B375D3
BA292C2D FF18216B 0000D270 A78C23DF
C228EB45 442C895F 6FCE13EA 43753278
4C0A40A3 89C0122B D380261C 211207BB
3F34C47F 403FFFC7 0407C3FF B9F0188F
E2860170 0B1D3C1D 21C4E2FC 7AA406CE
6F764E7C F7C0D837 4DFC8A9D 46BFDF49
565BFE7E 96B4D3B5 FA7AB093 0000AE24
093B72DC 417E5962 3E0CDAA5 00538AB4
1074ED7C 7B87F5D5 158C0CA5 A0C0FD6B
5553DF7F 0417AFF7 6097DEDE 04067AF3
E2FFF917 DF8F7F3D 2E68FFF5 0A9387FD
003C2682 830D7800 00E3C808 035D36FA
841FA570 BCB0DABF 5718077D D5AF51F7
00000FBC 49617865 A6E76807 7F20B761
E02FBC7E 7E91BD77 C7F6167C 503E0BD4
900000F2 0BC00107 C194E9F8 891D2F9F
F80BCFB9 FB809EFF DFFD8448 04FFFE01
114EFFC0 00B8A0E4 E24AB106 9606A47C
7DF25C5A 5BFFFECF B9AFF1E8 EB2DAFFF
044D403C 0000047C 0D4E91AD 1DA88C57
08AEDDEB 57B1428B 439C5255 7C0EF077
6FC3EB5C F9E356BC EDF679F7 E406BF9F
0541A468 50107C74 1D06D0E3 FD7231E8
9D5F1C33 E1477BFA DEF090FF 44E19B2E
08514240 19A07A3D 9BDDC29A 4E6E0FF9
A356DBA9 7FD5CFF6 00008627 0F46ADC5
5C818DAF 008F4AD3 3FAFEAA1 006BF720
C08BCA24 887EEE17 263FCF7C 2B470EA1
B034B80E 8FFC1990 1CFF341F A5C7FC09
47EBEFD1 81B030FB 2C244101 DE9E084C
EC49F6E6 861CD19B 80204279 026720D9
09E56C11 E6EDAF05 1F6E9C73 00009CFF
97B3F252 E9CB8CA3 2D5C9C98 A3326FA7
518A973E 047B309F BAF7C59C 0093FC07
07A07C7C C8C5801F 01E43140 20338180
460F35F8 C80E3A49 0C7012AA 1256038E
F9A7F635 3F22CF03 A8E751D8 B7270FEC
53E059FE 06423409 39DA36CE A8DBB2FB
0000DBE5 AE773EA6 1B884EC0 1B4C3FBB
E13A04E6 45F44F5B 07E0AE02 307E0EE5
5AC7C484 02F9C854 BF8C6F0C 07FDBFE0
117EFDDD 7519F950 64017462 3516FA58
23A5B617 08A70FE8 A0524B76 E8200B85
D4413660 77A3B88F 30768509 B7A95E82
81AFB87B 0000FF3C 78FC0A06 0F63E830
ED57C268 C4051EBF 7D10410F 0BF36401
A0703A90 BA163FF0 21C7E3F5 8117FF18
E807FFF8 3DC08381 C13E25B8 C869FFAB
CF3B1FCA 34C3F8FF 01A9FEC1 E07C8B4C
C617C6A8 60A0C84A B9801A03 F8830061
B2F7920B A3EAEDFB 0000F33E 6F69B0FC
3C59DCEC EBEE996C D8013F6C 41D35EC7
809C2499 59803924 83D81522 D2DBF28A
FFCF042F DF288DD9 D87E203D C5F96F69
88E81FD2 E666C0DE D809AB30 D9941FF9
3EA0FD73 3900091F 242B40EB C74030C4
10401019 EB86A593 4F5E7F0A 0000679E
8649F447 8D0EC91A 153F9019 0C72FE00
F5FDACF5 FEFF17DF FC01F273 3BEC7C0D
5B7FC3C0 F583F03C 3F3A7E01 07E5EAE0
03FF71A0 183F7AAD 0D0399EC E5002F3C
3002F93E 02075F40 610000FA FFF800BF
7FFFF004 EC7FFC1A 927ABEF9 25E1A2F3
00002D53 72145D9D 74D1C671 275B614E
3B6A97A4 070089C8 363FA190 BEF3F3E3
8105A189 22982E04 42E80038 3FE08100
E4AB4F60 7F1BDA5E C7F01D3B 740747D8
8D09F17F 2A7D4F80 004768F4 0074CAC0
E385030A FBF809B3 3CC3C9B9 4FCDDDCF
A1236050 00001DF0 2950C0FF C7C7175F
AE5113FA FEEA94BF 2ADECE0B 9FDCB802
20FE902E 30278013 8240382D 73880383
C0759338 9F0BBDF1 1CFDBBCF A00FF100
BA003E0E 8A3003E8 F09E9C3F 3F497FE3
8176EBFF E0103EBF 840310FA E6607E1A
81793FFC 3C7C1F7F 00007A19 CEDD7507
9F53620F 4C69799B 110C4B41 0010CCD0
8A681ABD 5C9FB20F BB407418 E37606D6
FE7F807F FBE579FF E67E8DFE C2203051
E3C2005B 2C0F3802 E8E12148 FD006ABF
3F8EE113 1DCD6F88 7D367C9B 6E05B634
F35E1009 7CDCBD1D CA4D47D9 00000F5E
C794F928 BC0C97BA 7FE72A78 A13216FE
5F94E75C 1CCF8383 1FDFAC74 6579D163
A1A5F1B1 F1079C7D 4BE8884B 293843B8
C0406D80 FE841B3C C231A776 7BBEA837
FE29AB42 5FFC4A18 70BF8987 AEDDD141
0F07EB42 DE2810A0 8C4B477D 7C82B344
00005D98 7788A8F3 7C33E3B0 6139AA85
B851463A 0F46C240 D7E03DF2 D47D43DF
6701C033 C0B10743 3CE9C07B 20D1B202
A3252818 71BF5DBF 4B87FA44 A7537F9B
F5007BF8 0FB987C0 F0DBFEFA 7F5E10BF
A6EF9A3D CBD9F28F 25FC2F12 6AFCC112
26116050 0000BDA5 FE480749 4E382D73
0C69239A 0759D298 11BBFBFA E0E06A8D
D90FE476 6E6F78C6 E8D37FCF D3A585FF
03F7015F 0C37BD70 4800C4E6 B482A5A2
9DD40C92 AB50007E FF9EFA1F F17F0BDC
EC4C0BC9 65CA062E A6B2847D AC0F951F
D4BF9EB3 638FCD99 0000EC8B 171170BD
C24D74B6 7BB91E57 3AB8189D D3F796C4
96FB8010 1027E595 E2007E29 04F00180
02780000 7634CAFC BFED517F FFE7F3F3
023C7EF6 AF07F7F0 3E3F0E15 0198EF80
841FE2E8 81F9FCAB 742F8342 8480D821
5CE81DD9 EF061491 EC8A7425 00000A87
0B2E234C 23693BB4 EA507E21 ECADC9FE
DF56B49E 5CD862D8 E6F13181 42533B70
D92411BB 1A94081B 00170700 614002EA
5E9E04F9 0F61E8FC 83EE9E09 DB7EF0F1
0EE9DB82 03DB5D78 BE9C3DDD 233EE9A5
FA8D5EB0 F7449B75 D3B773FB 6DD9A6A6
00006A79 2D141CB2 C93FA7FB 3EF9C570
22B00B81 03BE2080 006D1FD0 C0020080
0800306C 1F7FE05C 89B3FFE1 FF2BFFFF
0FFFBFFB 803BF87C C017FF78 DA04DFAE
876E97FC 36D23AFF 80B90FF6 205EB073
0C28E7D9 09CB7BEC FD802C2F 8E6506F1
D238DF59 0000CC49 2FACB701 3FFEF492
701A2F7F 2B4EC700 A7DBA650 503EA61B
BC000CD9 D9A00C17 157643F6 FEE9A67F
0FFD0A11 7C3EE478 A1F04BFF 101FC052
0108FE0E 42D005E8 E8BBE006 EFDE2B78
797A8C4D BEBFE40F D67F22EF C3C95F07
4A76044B E008FC85 00005AD6 A624F528
92059890 EF328E0E 561E4E53 C1BE95DF
E82E37E7 FF83FBCA A35C5D5C 5B87A073
85D70807 7E00E000 7FFC6302 C973B520
3C2A105C DF87C030 F9439796 F79CFD5E
BFA47C8D A3EC64F2 ACCA9917 D4914E5E
53C03A09 47407FE0 8973B7A0 00009711
3C3E585B DF15EEE4 1989573E 82C8ED02
D8CC26BD 5F1EEE0E 3AE8FF3A C1879EB0
9B72912B 61E70800 FDEC6001 FFC8C89E
7F4E3B0A 01F86C1A 18768749 DA1ABC7C
06510D25 600ED79C 5A031247 D9F05F61
6D79F8D7 6177FF6B D170FD76 0C19970F
00002233 747EAA98 0C325266 FB420261
79781122 41D60E81 407D51EC D807CAE8
DCC07DEB A6FBEFEB DC8ABFFF FA346FFF
FEAC776C 81E144AF DC0C032A 8A480A1B
45AE0063 C97D0C0C 0B284340 05F7CE8C
E287A8C5 A5E48BB8 319C8CDE 0E07FEDC
5586D32C 0000E394 39165D16 3694A26E
6DD80F7E 090A3FEA F8642D79 1F8C89F6
53707A7D 970001EF E100003F FFC1800F
BFEECFFF CBDFABFD FDBEAF6F 2DE9C0B6
8D6E7806 0E13FF81 0046A170 B305202B
17EFDD82 60D7518E 80014975 1B5825D5
904FCFEC 3B94E38E 0000456A D7C5AA28
56D531DB 0F04338D 2015FF60 CF826560
DFFCB1FD 8073DE6C 86043BC2 E5B8E191
3CAF8601 F8777C38 03DFDFC1 7FBFF69E
1A77FFE3 F9A77FE8 E66D7FFF 839404FC
8DBA48DD DDE7E24D E5F8FFE4 CE1BAEBD
37F0E612 B48D9004 69DF46B0 0000EDAD
34A65F14 116E365E 0066DEE2 746DFE02
E7F033BF F83B2282 DD0180D9 69F41237
164BF003 902C02E4 3FFE0403 E3FF6C20
BE0FF005 DBB57780 A4E6D3F3 098C3FC9
81A86999 18824BD1 EFE15E91 4DBFE78F
6CBC9E5A E8C1F206 E168F500 0EDB801A
0000C22B B0E1B9C0 A002AEB0 F036C7B2
CE12460D 7FD7BAF9 8FDCF1E2 70B9F2FB
CB239F84 00B310FA 23624700 BF1A3B7C
FDFE29F3 66AFF2BD 9C2C3B5B 1C29F127
41256D06 02362780 C11D117C FE1B8003
22A7816A C5E71C7D C2943648 79624013
B28F125D 00009D48 B164A652 0AC85290
BB4C9223 CF53A01D FDA39D3F 4FFC3B40
C6B81FB4 26E9C0C0 912DBC04 6167FEF0
05A73FE3 00230170 8011DB42 898417DD
BE12B0F7 FB2C7F0D 06C537B1 B080CCBA
F7044ACE 969BF707 E4B96531 42EE7AE5
67703F8A ED366EE5 00001DB8 13953718
AA3058A5 AEA83750 E0956E5E 7C04E5A7
77F5106F 3F7F004F BA79F2DF 12478521
A13C4070 B8350C0F 7DC0400E EE3D451A
0EF05613 832F97FE F73A1DFD F6EE133B
0DE1BA0F F0E7021B A2B1B915 FD00F926
A68429AF 09A5C8E2 4208383F 0000E9CC
EFF39B2D AC058D00 5541F4C8 FBFA1E5E
29D80C5F 683F03FC 6023F4B6 8CC2FF82
C1803E7C 9C100FE3 05F2E19E C00F8C03
3E007803 83E00F86 DC5D53FE DBA9C3F7
79E81C5F 06BD8BC1 E05A3B5C FE108217
5FE80B7B 57FE0614 8417C3F5 04567C02
0000A943 7B43CF27 C7E84FA0 F8B37069
BB26FE6B 0FE878EB 701A9392 2412A85B
39DC468C 4C71CD88 80C7121B 0C97F081
3DE06FBF 69FFB5F8 385FF0C9 F8C12D35
095A5C7C 5B9C36F5 FECCB17F 77FA36CF
302909EE A04313CF EAC00295 835611A1
32443404 0000BF83 537138B7 09E64C27
E6668354 0C8E95A4 C015D0E7 ECDD6F8B
4BCFF905 2E91FD29 228E1D80 877A2CA0
1C080700 C9FE5378 922F9BBB 69AAF066
F12537F5 067247FF A5345FCC D85FEE59
FFE7DBE0 A02E2456 99F51FA9 BAEEE44E
AB236A4E A6A7F706 000064D7 F686EE24
E4CDF65E 6F87C875 9497ED2E FEBD0007
01FBE142 C95E361C E841676F 612C0310
00DCDA05 E021C38C BFC15B41 E0F10B60
E427C383 1DBFD37C F3997A17 84BF367F
F8F8524F FB8103AB EF49015D 6ADDBB4D
8216916D F092D171 8F020749 0000DE5E
63D080C3 E35074F7 E5EADE92 CE6160B7
7712CBD6 6B452EB3 30AE021C FA01E9FE
E5570F6D FC88D87D C89515E4 1D28147F
CBC21210 BB6709AA 5E0E405E 80659A11
91B595E0 7C97253A 270992BC E2B9CA09
90EEF1DE 40F225F5 C881D2EF 25BB9697
0000D287 359F381A E32AC132 27EC1047
08EAC0B4 D463B074 7F0E0CB4 BBE17D9B
A3CE6C0B ACEAC2E2 0028841E 0074A800
63843920 FC1FAAB8 DBC5FE0B 5CE6EFD6
76EE67BA 3F517FD0 61348FF2 820BF97F
A8283AE6 7C4C9625 4892F34A 3B402B77
50A8956A 0000E7FA 23C6ECF9 466AA777
66DB5BB4 C49D0480 B0AB0BDA 87C263EE
46183FF9 6E008774 FD4030FD FF3A3FCF
C3F027FC 687FF7A7 C00B1151 B267BC90
B478BCA5 0F4007E6 D980803E 8505B010
7CFD2603 B47FA1BF 4E6D2A72 D68944C7
BC6F8005 C350C392 0000DE07 573B3617
BAFD54EA DEF17FDF 26F8302E 4FCB3636
D1F60B3E 1DE7C83E 99A43D8B AEA12402
C33917F0 3FEB84E7 0313FBE2 E909C86C
64843516 C811834D 217D78B8 4EA119C9
CD0F3C3C 42563235 10D40C44 C2FBF273
5CB6EB46 364BD150 2E00083A 0000F826
AE711B9B 20CC777E ED66DFED BDAE671E
251340A5 2F15AD91 C5F8D378 6FDF0D2F
8E19F8FB E4B7EFF4 FFB0B7FF A57CA84F
44850DE8 5D24E516 06128706 95B81079
62C8E48F D483E3B9 A4457403 8F817988
E84047D1 450A05BD 3C93F778 6401E287
00005744 70385DDB 3EC8F6A8 32ED9208
C01DD0F6 F8055B0F 068446F7 3000FA45
1BFF1A84 300FFE2D 0219FFC0 E008BF3C
27996EA0 43FFEC9B 654FFBAA 8444E2F1
40094C2B 65142480 E7F74DDC FECE5291
EFED6074 EDDF527D 4B87E553 16C12055
21FE2007 000029EF FB46FC4C 8E3D0DDC
E72DA497 0718B813 93F8E3AC E3A782B7
977F37A9 BDCBFFAE F8C20DFE FFAC403F
AEA85906 D82D780E 6C20029F 4A22E0B6
13B10F41 8C9A03EA E382A03F BD11CE83
03E2D600 0163C6E8 402BAF49 62B6DB21
6854FF78 AAA228C6 0000EEAC 21D81E62
FBC3B1FA C6A2EF65 16A80024 E0F031E6
1EBF1FDE 5F1EE3BC 1BD9CD56 261F3874
030EC185 1EE80000 03FBE200 408FF060
AA217FF8 26CDD0A9 0B39F807 151DE0E0
76497B5E FBF005F1 72EBF585 DD3B2C64
945F012F DB339309 BC53FB94 0000ABF8
96B3CA64 CEE7C9BC 1CC29CCF 60C8A740
84A18140 F4281A3F 5ECA445F B3DE32F1
D7C1F752 68E5C8FA 2DF588E1 D03F576C
0BCBC425 99E47FBE D2620D59 949C6196
068290C9 175358C4 A0F90C00 281E8F9B
168FE636 F3B873FE D83E8AB5 0B89525A
0000C6EB 5C867D84 380DAA96 03C8BE03
00582FF0 F007F2FF CFE07D07 B3EB85D8
D1BBFC3E B61CB3C3 0831E110 E2036B16
878329C6 41200C4A 1C203BF9 D50731D0
EDA0701F FD440407 1FF54040 01FC9500
803E72B8 8E1FF78F 50F1F80E 0D53DF28
547EA5FE 0000FFDA 497DD6E0 1FCD84F8
6B9D5D99 62D251F5 E7F3EB16 89F6B220
AE17B942 54401A48 3DA80128 867A3882
3F33A071 02F438D8 201F6683 55B1FD66
D78E0FEC E12FEBDC DCD07BFF 4628C85F
A4D48601 39181A59 8B35ADE3 9A1DEC84
D301FAC4 7BD97CB5 00001561 1CF2130D
367A71FD EC646F21 0DEFDC01 03430DA0
41FFCE41 705FE926 6BFDFF81 EBFC6FFF
CCEF87CF 00B850E0 03E1FF84 E0330A74
1F03844F 25981007 1D85E000 01975E80
183CAF79 C1DFE943 A46B78A1 38077FA8
807001F8 BD826807 0CBFCF01 0000D09A
93A80377 A995B3A6 AED643F8 F04BBF8F
0D962723 05AA0125 007C7947 E5FF81D6
4B2B3E67 F379D7FF 0F8A2043 002AE50C
D08103F8 0B001BCB CEF40663 F494A2E4
3648E7EF E3CA5DB7 BC1482FD 450E78EC
2CFC155E 3647CF8F 5D0BBF88 E28304FB
0000579A 9A6F5253 70312959 02140E00
54B5EBF5 AE2FC28C 20D7FC6B 7E06AE3F
CF507E3C 131807C8 09404E3E 20054FF3
D3F0A76B 507C43B2 58339B07 392759B2
F1E719CE FF1BD1DF 9FE6CA49 038CC843
BC89C746 64478C9C EEAA0437 9838000D
8352B950 0000E413 FDD4E0B5 A653EF3D
2EEFDA9B 97619DB7 1FF6E74C E0E236A4
A80E3FB0 0754E7A1 E41FFE67 F960FFF7
000C51E0 A8021BA6 D29C247E 5EBEE0E7
F0A9D60E EAFE2000 17578101 39F9278A
28F6BDE0 80AFD470 72277E3C 860EDD7D
203F0004 4F83E630 0000FE78 C5C52BFE
8BA3FB85 37346C9E E0EAC87E 7E035C1B
43F00883 877900A3 D0141159 F77B803D
5F67FF0F FBF55DFF 7FDE4BE3 C77FE47C
2870E07A 6A238007 09023C02 FFD008E0
FFFC980F 83FFE540 E90FBB81 1BF018C4
7FEC000F 1E5B0C00 6D76A485 0000ED53
4AA048BC 5E4A932C BB528C59 75FD4CDF
EFEFE70D B8BEA95D FB03D8DF 86EC3E43
1D67D39D 1C2DE000 FD827000 35ECBB03
90B3EE48 1815BDF1 CFC4FADF FD11F3CF
109C519D 22069D7D D8CD25C0 4AE96A11
3D9EE3EA 30208E01 A99A6166 D5DBD730
0000E301 C58FACE2 5D0A7813 406C1FF1
08AEF048 3D09C5F1 F3DF723E FF01EBCF
25FE0BBB D87FF1FD 04D76F87 F80C683F
BBC04201 1F8B108B 8FF8307C 7CBFA19D
E1CBFC0F 8FDC1000 1DF00801 A104D580
00102299 00D0033D B58B056F EC38A47F
67732586 00004FED D3EFB60A 7AD7DD49
A24FAA8C 0F1C9743 C1F0A57C FC0FEA1F
3FE2BD7F BFF508D4 05C8B0A0 D80F0008
3EC7E001 E358360D 3E18A766 6D4385D8
ED241C20 ABACE1F5 FD7121DF EDEEAB4F
0EDC24A1 93F032A5 17FF6199 133FF44E
6CB78D8B 4ED9B1A6 00008D30 C4525F8B
4087B5A5 F0ED1883 A864EF1E F9C05FFF
FF3CA85F 4D39E02F 94001808 1C800B80
C18800FC 8083C19F 981C980F 0E7C06C4
2C43EB71 F191CF1E F94EBFFF E3E5FFFF
FF7F07FF F9A32ABF 41981BA3 041BD0AF
EF0440D7 4D21C005 EB65EC44 00000FB7
2D8B9F57 A4CEF5DF 49C7D8FF 76A0052C
1DA9295E 10959D51 1683B3A3 FB5C7C96
F2DFFFBF DF529F7B 3074AD77 2A09CD0C
04500D26 278281A2 403E5807 FF2C6015
7C899F27 63BD6DFF 8E2E5EFE 83524981
13E39714 31C3CB27 8315F6F1 0B771AA7
000017D8 0D20DC53 6146BAC9 C95FC91C
E1F30404 03836E00 08687720 FBF380CA
23DFF818 EA3CFFA4 FFC9C0FF 3C067C0F
14C05DF7 FD86056F DFB4782B BC5D07C9
634A0FFE 0F278060 3840E807 41BD9C44
EC2FD400 5C03FB88 91F03225 8E27849B
D5DD1BB0 00005065 057E95C8 44AFA898
F9500C98 03B5A6C1 C87E5AE0 0A87FCB0
20FC7FC2 4A06FEB2 70000FFD E527DE3F
8E0673F9 300033BF 818742B8 DBB8781B
43FFAFC3 785EB804 0BDECA00 08E61E00
0099D5E0 7135B77C BBFB1D52 FF32B1E5
E309BF9E 59D745F8 0000C103 DA1984D4
C98B550B 6C9B975C 5265F792 827A2576
EAAF163D 7606FDBC CEE43FD7 6C8C01DF
09A1E01F E02EE018 D34343F7 9FB5B369
44FF13A0 F61F02E8 2E55DC2E FEB00B00
FF81781D CDD16026 C3E06679 212D6668
DA3FFA07 7E15B576 2E5040CF 00008185
22A997A5 8F3C866D D8B88F34 9141C216
EC892A7C 7D1B480F F5F938B0 49F55DBC
4023DBF5 6697A81F C5F02658 FC740497
45FFF937 D63D46BC 8C411A53 1C051108
C0259029 B03E04E1 F875E719 03F4B1C2
B5BF5215 E0DCF4F9 15E83FFC AE451FD4
0000A15E CFF0D5C5 070AD848 071CBFF3
008A2668 9E056EFF 7FCC169F 6BE640E2
A04872D8 FA5FE7FF 7FA7FFFF E09A3F2E
0701E3F0 02000124 485C30C9 0802F80E
0B121F80 8DA400F8 9FBEE085 FCFFED06
4FFFF0C0 E829BA96 B98D11F6 F84FF59E
6A41BEBF 000046AC 0D759EA9 2E4DEC15
F8699FF2 DB7209BD 81D84746 2F1F9DA7
C3FFD1D8 842FFF73 97841FFE 9D58FF0F
8015CFF0 B8027DF7 EE88099F 9361C037
ED280824 CEF00861 BBBB0443 F967A007
7EDDCE43 B5F5BE84 E8326F50 D41BADD0
4AACFDBD D09D8BDE 0000D59A 117453D0
35C05C45 AA660E66 A5455954 BFCD3EE7
43DFF2F7 55F7E80B 62807AF7 71700745
01FE0860 F83DE03F D8C18097 3F461CB1
EDF8D41B B7FF83FB D6A1FC3F 6B33AB43
2129450E 230AA4C0 D3BBA74E AF1C4BEC
53788D03 E2350C1D 8FD82D73 0000D77B
C3ECAB81 17D88C1A 508BD774 95FE7147
175D776A 792E64C0 130C7ADE 9720E6FC
B165CFFF FF9C2E07 805C37F4 5E035EFF
877ED453 05FAF089 612467FE CF4182FC
329195E7 41C27F24 C60467BC AB19E6E6
9EEA0E42 DC1B1E8D 620FF72F 234E88CC
0000F793 8673D7EC 83C83981 CDC3816E
BE4AB279 2C48CC8B 11D23296 F21E1EBB
24E0E3E1 B3644796 8D6A9978 0007559F
403355B9 F66209E7 B7FE330C 4FB7C6EB
C7570B28 2F69E75A 233DAEB4 B02735D1
7A89AFBA 55000F11 52411748 767CF7EA
DA695DDB 0000B2CB 832E2526 DFF26A18
F39E3EB2 D69E8415 BDD9D5F0 A63B388C
33B9BE93 A1B30FC4 28BFB7F6 4153E439
BCBB1F4F 8FA879DA 04740FF4 8BC2D4E0
37F80073 F336A030 B6F1EB01 36F13675
7FBBD660 2D7C4BE1 A8F2A0F7 FF9DBA65
E62ACD5E DD414330 000084EA 4659DF14
41CDA091 A46923D8 D8AA5E77 0BE30C38
49F12822 CC07E268 FA80437E 961A6062
2CABDC08 006B3F00 81E229E0 38BDFACF
BF41FA1F 56863EF2 DFA027E1 0751CE8D
619D8214 1E5C5AC0 80FFB3E8 BC457AC9
7077FFD7 FF1CEB71 9B9C7C00 000082C2
6CDB1F7D 4B8D05D8 C6A8D4DB DCF043BA
062E302A C1C23840 08FE9A63 CE77FD2A
381C1FA5 90A764EB FE97CA2E FFF8F707
0DDE80C0 E7747AC0 D154074D 4418C03C
FBFC8C03 4BC9D203 80E24FE2 1141B981
DC13A21D 8C9214DA A03BA3E8 218003C7
0000A030 FED609B5 472BEF95 EFE67CEF
0FE987A1 E0F5A97F 3FF7EA1B 41BB7F3D
527E3B63 7123F91E C4632F00 8EC01038
7C005B83 FBA087CE 3F230127 49F11E8B
009F21FA C812D99E C4180F9D 0FAC2E05
00EDF064 E8031CB9 42868756 50D85702
2FC04E80 00008970 E722C37D F9216146
A2E84B10 69C3642F A3153FE0 403D9ED7
9643FB4B 462C0BF0 2D5DE39F CCE47FB3
6399CFFF 140795A3 D04027B9 EBC007C7
367C014D 716243FC 90720DFB 204054B6
4404A300 A1B9FAF8 101A5DA8 1F9D3D21
039BDA4C E4CCF3C7 00005B67 FF253A8F
7ED0977A FE3E749C 0B163101 74F18F06
438F2990 FEF8F0E0 BFFFC7C9 735F0CFD
0AB8C086 0F5B7E0C F7F4D7FE DFFFC53B
7F30FC85 87DF07D6 6D7C300D 3631C320
9C7DFC31 1F2F8403 6397F8E5 17D21FBE
9E8801B7 1ED88003 CDFF1AA7 0000E6B1
88AFE030 F86E9DC3 B44FD8E7 3FED1BFB
B36B43AD 80033989 5C00C82D B77B3957
188EBF00 C307D602 FC5504CB FFFC981F
BFD77CB0 BFE03F19 6DFE01F3 3FBE812F
8381E038 F65AAC1F 3EF52483 40FED208
6987FF93 B18007FB 3FB0400F 285E7F8F
00000086 4C5D6A8B 68A1ABF6 00BA0FC9
700929F8 B700168F 1A4539B1 03E0FFBA
C81F0FF9 EB41F83F 02941FC0 F421C0FE
1EC0FA83 F9F50C9F 4FDF1C11 97FFFBA2
D47EF708 26D02000 C0D9E210 1C0C440F
4B803AA0 74D8A4C6 201B50E1 88680451
E20C84CF 0000B074 1E316C01 6C747CE2
CE9871CC 04E15602 C21B014F BF22173B
D702D16D 67F82848 571B0287 F857403F
EFF9C041 3E3B6527 15F89930 D0DFC6C5
C7195804 C3A80682 480AF000 47B3D7C0
ED7EA0B5 3F5ECFFF 3BBB9392 4910DE1E
3EAF93C5 2AD26E06 0000C7D5 328D6CBF
31032299 B2B2FD38 5D7C71C2 7BE491D7
07CABB29 24688DA4 E3A4E621 08959E0A
E15C21FF 8386937D 305650D1 C100BB38
E3007008 45A8D7E1 F6EA3E7D 2EDBECC7
F3225EDE 9AA9EA87 AC034DB6 AB40C816
1491A953 DC602AC3 9C31B9A5 00004065
DCCC4E66 B1C03F8D 7885F9A3 86E4FE25
FC708DAE 6636FD16 1381EAC3 13378FD2
2356387C 4E6581CF 12399000 9E4B2A88
7A6B42CB 4803E49E 5266FF05 85A7C9E1
136A80A4 63F5F14A FFF81184 585B5A1D
AD51FAC3 F9207BAB 3DFD4EFB 41C615BA
0000C7A8 9C5968ED BE4A67DC D993C136
0727F4D4 F580C112 383C5E8F 91ECE62E
20043C03 DC50214B 076DEFC1 F2B1DD7E
2FBEFBD4 E0EEFD66 7F6A6ADF 635C40AD
CC9D641D F773FA91 3F61F7C3 A757B432
28FD9C6C 97F20D2C 0504AF22 9C53720F
F4E42334 000036E6 982B9BAC B1D2C4AE
4C2D0F99 E20DC1E8 7434FD01 67C85640
712053D5 A82FD40B CF747EA4 724CFFFF
22D3240C 2C0113F0 D0FFF2CF 39197DD2
DBC5F7F5 DD7F0F7D 27F0C133 16F8BF80
E2FFCBF3 B7230616 3720DA56 C859001B
07C30750 609E3C45 00006933 7D6293D5
93C92A81 32ED0F93 441DCC02 AF3838FF
68F790E3 F687B20F 95A47BE0 70EB67D0
89BEBFF4 F0106C6E 23A05753 607813A8
DC51ACE3 D4EA1F3A 6909FEEB 72016BA3
0B14D071 A1A6F930 B5448F80 1090AD6D
5C951D9F 1A2A6F49 7773964E 0000666F
DF30C8AB A1ACDEB3 D7088084 B97C0828
30818387 F808A410 5FC0E885 1279CFC4
86501EFC AC8C83F7 1800D00F F180BFDE
FF96011F 7CF5007B 3F837095 FC1D339F
FF2D81FD 1F77083D 181E8903 4102CA24
4C000A24 CF900065 0831780F 90E92C10
0000A365 D3FC6734 3F73B5E5 EDCDE0F6
8EC3C7FF 787403EF D1C7FE44 0F00EEC5
7210EF48 008C40FF 4245FF03 860C3FF8
FD701CFD 3B839227 ABF81792 611FC07E
26C0F9E1 FEC8010E 0FF0C800 00F7E960
658BF35E 496C3E61 018F8AD8 EE58F8B1
DD688C81 000015E9 E9EA42C3 8B6EEB01
F76EDD0D FF55A1FD 01C8D5A9 38383741
41E3E06C 12071C10 1A3C38C0 9599C7C0
FB97386F E1BF43FE 03182DF8 BC30073D
BFC38FF6 F64E19FF 0731F15F 603C0EED
4A37369B 05FCF321 1C0040AF 7D80387F
74D7B0C7 05006FD1 000077D3 B3868A09
36FEA3E7 72D3D530 2BE85A9D A9811E76
DC8E1F47 8FE4042D 54FEEC60 544581F3
CF305007 AC2560FC 53E5993F 3F0D34EF
D9C8172E 73586CF4 30C795C6 109A94F4
F57CE8E7 7BFD090B 5BF9DBFD 96ECD922
AA5F0B58 0C48BC32 A2C9E62B 000078B1
7336A812 9A7AF7B8 FD5530BD 3F30CC05
0094D600 A20E8BC0 5FF6EE03 2BFF1A23
1C7FF080 11C361C0 E1947C1E 780C17C1
FF306AFF FF79C747 B2FB9CFE F6DE1CFF
FF3850DF 27E03C04 94041F01 01C016E0
D9FF4191 C09FF10E FF81BF4A 54B85D3F
000074D8 65088771 4889B78C 8464B545
AAFCB61A 801FB729 D8CDC35A 289F3518
3001E5F4 B8B80679 7FBD800F A1747FD0
9FE52DE6 DC18BDEF 4FC885C5 58DC65FC
92CDF7BB 15C6A379 31C689C7 0B0144AB
814309C1 63364212 4EBD94ED 0D89731D
3BEC6F27 0000A0FC A582D20D 229CFF6B
FD292311 7937243F C3A2D72E 4C3EC553
13E080B3 E8761BDA 76E783A4 0E487A07
E880C7F0 7F804A7F 3F7E0137 7BBFC35A
496F8330 BE6AD833 27E9A247 78FA7A03
C86EF0E2 9904B72F 19046224 6ACC3046
EEE7433F EB06D46B 000079E6 05564611
591DE1D9 C79B89E6 F6C3CAE5 1A0EAC5B
F883BE6C 860803E4 F4F0C04B A72F8A1D
FBADFCEB DF10DFF2 31546505 30443B88
C9E05004 66FF0418 54061605 0FBB37C1
D33F5FBF ED2FBD28 CFDF6192 4C59B043
61C34316 0554C831 39940B8A 00006F19
AC675173 15228507 6814C5D0 E321558F
BEEE917F 7EB81D0F E8854E8C 1520C93F
4C888E1F 4F71ACF3 160CB1C7 6007E61D
BB01BC31 E7A00FFB F27F819E F4703C5E
55A8FBCC D3FCB874 FBDD47CA 2EF6B86D
DEAA6BCE D6DACEF9 8569EB5A BABA46C0
00004AB8 F0B78059 43DB5A77 BC4E37BE
0FFAA779 14FE6BEA 001FF9FF 4000BFD2
BE00701C 1EEA1C00 80DFFB20 7FBB7FEE
50FFE730 0D49E86C 31F406B6 EC7FA01D
BD07C101 BFDEA3BB FFFF4C2F 3BFFEC07
03BF0700 800DE0F0 77C06006 19A18201
70B78A38 0000BB8B B23C9688 C02D4CEE
FA934E1E 3F5BBD80 10FF4DF0 3E0875FC
2BF00013 2E2FC007 7FB07C18 FBED0EE7
7297E107 638B2F4C DF0055F0 D6A604F2
B1C240A5 E2C53604 DB37C700 1DA74E70
E03797E3 AF0234D4 6BF0217E 533F0309
2B36FD3F D1A7DD37 00001446 2BB53D4E
BE7C9418 9E4886B5 D96247EB F080CBDD
8F80856F D2000035 10F80014 0177F878
589AFE07 0E8621D0 A7750E80 116F5E60
801E2D3E 575AE150 FBC5270C FD91FDFF
DDC6C7FF FEBFC3DF FD7026FF B7963818
8C9D01A1 0CA12205 2A2901F0 000076B4
5B6D8EED B3819E9A FC070D74 3FFA2907
1FFC3E72 C19FCF94 BC0A2F51 B7E0C5B2
0DFA0C20 80600006 87822000 DE7C8001
1EF1ECF0 74FF0FFB 1F8780FE 9019FCAF
F2489FFF 3C000643 81C0FC34 A07E189F
DB67FC7A FDC02F81 1E6401F5 CC769517
00004C40 55AB53AF D46F7729 A03CE9B7
F5B986A6 E030135B FC3374D9 92F6138B
630F869E FDC01066 7D584083 47CA7713
7C2F13A6 1FEA63C1 326FBDF6 7701F81A
00807ACA FAC79717 87EC9890 FFEFA0CE
DA97FEBF 87779691 DD350882 522DA2B0
933C2517 000032F4 A1CCB29B CEBB12B9
DA44BF7F FC0A3FFF EAE17DFF F7D0133F
3FFE00DF D897DE08 CA001790 3EF0003F
05E78000 EC05A00C 1FE00CC1 F3FC0018
073FE021 34F7E210 007DFB00 37EAEFA8
5FF9E7FF B04E03FD 3C08DC5F 35A7F3E3
47BEAFB7 3AFE480E 00005E0B F416F852
754B3986 0B74E4E4 BE20A0F7 01F4C501
E00FE0B8 DFFC784F EFFEC70C D1FB843A
3E2BE9C3 C7F77E7E 10FEC419 470FF500
40E3FCA8 66411E02 CD7125F4 F83C80DF
E7C31B0C 8C18CF90 3F658BAB BFC07890
162E0F03 44CF5000 60A458EA 0000775A
7B4703A5 F10B49DA EF14881A A47DF940
EC83EF79 B63004B8 7B18004D 6F390005
00F2FBA0 F00B1BFE 3F0493FF 39F82D0E
838F8660 9839201B 6E81800E 4FD03C87
12EE07F0 7C4E207F 5A9E1407 07FFE2C0
007F9EA4 E6072FF1 F264E2FE 0B3D8CDF
00008ACA DC0FC537 C7012EDF ED74463A
6F2BBE7F 92FAF20B 9FFE0061 307FF529
6D5FFF40 7ABFE0FD 0044FF04 6027A9A0
27F00D50 083E1CAD D8ED6AE7 B80F6014
F9E91807 DDD39FF3 2FF63CB3 C10011F0
BE218EF7 55F70C6E 93AFBB23 D6247DC6
2038989A 0000474E EF807717 F93760D5
64A6579F DC5F9F78 C383FD3F 3E0C0E1B
83E0705F 805FE3CB 786D9F35 AF95F0FC
667E1B8F 0F0F9876 11F44223 A7C7F443
46481EC5 C0F1D1FC F097FA0F 877C7DA8
8467F3F0 F08ED67F 9C01A9AF C6903C4D
FCBA03F8 58607FFF 0000A58F 92F8AB8F
28E36D35 FE0C94B4 009EF7E3 1AA22198
C1B1979C C032C9F7 3F42023D AC00000F
5EA80901 FFF48BFC DFF7A83B 3FFFFB01
FDFF1FC2 F3FF81FF F5FFF00F 1FE3FE00
3DFD8700 87FB4760 90EFC39C B8007B77
C5406FF6 C7CD001F 9EA9000A 00002C29
FC6B0700 4BEBA4B2 03D68321 408E20FE
42002FDF FE380DDF C3A7E097 560E1FC0
286878FE 17E203E3 F83EE01F 43CFB800
500FFF60 5401FF69 6C738FC0 3F93F434
13A53FC3 F06773AC 1F076BFB F9B8009B
2FADC093 6CBA3E1B 46C5D3F0 F52327C5
000034E4 7B9E0ED8 E30B17CD EA1A0F6A
8F8651BE E1E87ADB 7E37AE71 8261FD9C
2C923F6B 049C01FF 41FA8A1E 00170D30
300A41C1 C2875DDC FE008189 2A0C7F55
C95E97F5 CC9598FE F0104CAF 3D613A32
07A13715 8C760F38 B08FFFC7 D5C8DF55
D3BC28D7 0000F2C3 43CA7A34 BD8A082C
EF96C91A 1FED6F00 60FAD1E8 E70FFE7E
15187FB0 79C047FA 38AA0073 E3B7FE06
E207C7EE 2F01180F 0AB01500 80B3E0D0
DA3F1E07 00E0F060 007E0100 84386400
B9F96F73 FFDFB95F 8FFF7F59 2CAFDCBD
E2F3FC22 D82B9432 00004779 8C42D31C
1249D14A 1111E891 4456E9D0 87FF9A28
70F85502 D007D4E0 ED903AF3 4B18A5BE
E4DC4DFE 5BE092FF A0EEF7FF 1C006A0F
59C30DA4 43B05963 0AAE41E1 806F21FC
4404A001 178041C8 D41DBFD3 ECBDB30F
F8534452 4CAFF8C2 04F56BF2 00002C0F
1E83CFE5 1B8F0735 98960E51 E82D9A19
CDE16D58 ACD72807 AE176367 160C022A
1E518431 BACC18FE 40E04D87 80010848
0088FBE9 9AD2F107 2A0ADC19 F947040E
FFF47CC5 77FC2C87 FB72987E 72161887
19D1A62C 62940C43 8BF28060 78DFC9D8
0000400B 494CA4D0 342E2611 10FDF312
2F944613 71DCCCD5 6B14B93B D7EFF460
119939F1 09AEF8DA 33EA3E03 82F7AA40
D7AC34A0 295CF610 EA37E8A8 F9703A14
1B7D474A 75218FB5 0CF32BA0 D1D832B6
D73E2E0F 5FCA7E50 08B20DA2 6F588B21
27BF3A75 0000AE74 03B9221F 7983C9D8
0B9E8FDD 00C7D58C 3E6DAF18 CDE2FF77
0FBF5F73 DFFDEF0C A59744DD 8A5A5431
3E4AB103 B5E08B22 9E8CF8E1 E1DC3914
F2484827 C20B6048 75D68A87 3FB4F641
D2C7CA0B ED8AA54B 77E7E3CD 1D6AAF5A
5906EA3A DC879046 000057D2 D8AA5807
4133FA6A 3E88182B 8F2A2A06 B81D4679
B003E707 03DC1F80 0280F7F0 94A07E7D
E85B8FE0 1E3665FB 60FDE08C 0007CB40
BC0179DD 9F20902B 3E88E002 E25F3300
7F78877B F9FCF59F DCEBC3FA 9AF7FE00
589E501A 23284209 053EAB12 0000E275
73151AB0 D72587BD 4647C69B F86901FF
DC000807 F8000181 1FEDA147 127FFC04
180104E1 24000006 C6412038 3C7C2807
8303E7F0 FC201FE3 A58281F9 F415F1FF
F3F37FDF 84552EFC 88958B1F 01089D61
2000417E 65CC0856 2733F3A0 93FE5DEF
0000A47C 9628B40F 6862E3A0 2EF8B107
82C14EEF 616D1DF3 BFBEFE28 5FFEEF05
04BFAF09 9467F808 1FD55180 8C269F38
006A34E3 1767EDBF CD88FECC 2863B849
6E9A1F84 0199A170 11DBCB41 0B5AE850
0BB46F4A 56087F78 4151FB67 A98DDA9B
1719EDEC 000056AB 9D39A007 ED10EF9E
F32C875D 3FAAAD67 E01F8EFF BDE1FA7D
C07F0FD9 E207F4FC 80E3E021 F81D980F
3B02FF40 80C017F0 F0C019DF 565C06CC
62E1D039 096C79C0 F0D60FBE 8F0BB0FC
63906D47 00B02508 001FD709 3F03FE28
09AC7F48 35BC83EC 0000A886 D248982C
6579CF01 8307DD33 0178257C C7320FE8
FC1CCD6F 2FC28F99 100430FA 1AC04326
028C0000 39288832 A70E09E0 7ECFF5FF
AFEC1F84 035EE062 9DFEF70D FC209FF8
F2C3D20F 3F11C40C BFF808AB 1BFFE37C
EE7BF860 70F006E4 E9BE7982 0000E9BF
2B15D951 CCA43C25 F287B47A F385610F
0FC20080 1FF814F0 A7FFE0AA 627FC906
E630E70E FF4F20BF C2C35809 7E1DFDFD
85F817E3 F833C138 6B060C95 F1EF8076
FFCBFC2F 0B840DA5 0005C051 4010E2AA
9C000A0F B598039A D56BEBF4 A7D99BDD
0000A96A 8DFDCE87 E17C671B 36C79BD2
CA392809 7C81228D EF8F30DF 9FF87805
0ECF8F02 BAA881FC FF14001F AC922020
FF473C31 2F601403 0374193C A005F700
F3A30FF0 F821003F 312DF703 270BFD98
7A8001EF 5BC0A3BB 2AD68A32 90AFBAD3
CF3DC692 0000CA14 C3849956 EF414224
97333207 1D7FBF81 C17DDD0A 362C1E3F
63F5077A C87F305F 3153F301 32780520
FFF5000B 0FFFCC01 01C3FD40 1218077D
B9739A1D 02A3D9C1 C0237DCC 8D0EBF98
C7BFC3F8 986FFAEF 780F319B 0E81B004
9EC23FD0 60039F7F 00003E99 B5E90DFA
793C0D56 A08FCC25 2EAD6798 6B1F4B94
667212EA 2073A34F 87073C8E E212B3DA
1E9E831F 0B687C00 07B68EA0 D0F7D7E5
310E7FCC 2F86D4FA E35B788D 1F3FD7C0
41E71DFC 0AE7227F F93F630D 6D91DA79
A3F8301B 4727C899 8243F25A 0000C0B8
DA0C7271 256BA0E4 6F78FB9C 3176FFAB
C052D46D C7125A9F D1196C23 B6000672
06102055 06E507C2 F2F3C6FF 9D5DDCAF
A803BACD C6821F9B 558AB7A6 2A2547EC
C0941F7A C006187C 1E285B9F F9C441FD
52CB009A E8EE887F CB3E9050 84FC8F8C
000084C6 B8478C8F 5EC8683B 582921E6
E004703E 7FB0FD47 6FFD5BF3 FC7DC09E
0FF004E9 853F80C2 895FF834 7FD72F87
017FC200 0001F770 A0002F3A B4001BF6
06C259C1 40AE00CE E608F81C BE01C3C7
E580C418 FD071BBE 60A83EF2 23E607FD
5B8DE64E 000078E8 2C0B5C8F 8E9460EE
09504778 097B79F4 4C3FF40F FD87FAF9
5FFC4F2B 72FFC79B 3A80080B 40500C00
BFF481E3 FBFFC00F 0253FAC3 28CF230A
C402FC01 18E80FC0 60FC14CC 7F374160
E3DF335E DE87FB37 AF74E767 0DE4A918
D44E03B5 F988414F 00006D81 337D6409
CDA858C1 CD9515A6 E7EE9596 473AA0DB
BF26A09B 7FBD40EC 235FF470 774EFE0C
01BE49D8 40048930 AE00080E 0A003AF0
14001077 049042B4 BF04843C 2F815B1F
BFA714B9 69F2BA2D 73CDEF47 5CEB2B83
7EAF5B77 8063A971 B7F61237 0000C2EF
F07D5828 626B6D90 B8B01D7C 4EA41D62
0297094B 06073946 C631C01B B563BD53
0E84F984 506C3782 878BDDF8 88E461F9
D5E7DB7A 505DDFCE 5183DEF6 106E0A87
E06D4218 9F0E57C6 01FB07B9 2C8F7D3B
34020637 7F604BB7 26A15669 3E33EAC0
0000F4A1 17CB6504 719AF46D 50AB1262
4C893828 70452F6B FE83C698 FFFC18A0
E7FFDB81 8F2EC6AA 16E43C35 0097D400
001BB4A0 D21D7B08 1D797852 09D49C25
95557DE5 752BFBCD 0F42F07E 5CF7F6AF
7A62931E 29082FF3 7BCB36E5 86F04ACA
664371FB 00009CA1 9B5CBF4A 54997DA9
259B9E08 00C738F0 FC01205F 47BCD207
8FFA833C 81BF7130 D6F7FE0B 18CBE401
620CFC02 14356500 00C1E288 C2742220
F22181F3 88E1083F FC700007 1F6EE400
0BF61AA0 41FFFC00 901F0335 B9C3FF3A
694507B8 462DD179 00004B13 BBEB94C8
949FCC69 0346E970 C03CFA3E 9E007571
37F03C9B 807F1F50 44003374 E48003AF
057A04BE 500D1581 C1C0EFB8 EEFBD0B8
BF1F1EDB FDB7F9ED F41FFFCF C362FFDE
000667FC C000C67C 3E00027B 847C20C4
E7FEB0D1 952CBFC2 B24B01F0 00000284
73DFFB76 DC64A2BE 19BC6606 03EBA7C9
F092DEBA 970F0002 A8A0BDC0 C4031F42
EB8071F7 E3D457ED BC3FEDFF E00BA0AF
BC806CD7 4FC01B51 13BFC2DA 058BC218
A2E8B63A BB3A9D63 9B996181 88564862
C88F5646 E30E47B2 7F61EF14 0E1FCD24
0000BD97 9D884EEB 9C994F54 252F060F
F62D2F65 2FFD6703 89C4C487 D0297C51
14D79F5A D675FCE7 9529FFE2 06642FF6
004553DC 7000357C 2E808018 677C260A
3F3C406F 89C4920B 33C01BFB 9466D314
C108425B C802FAEC 6A6D7AA9 104E7FDA
AAD6DEAD 00004FC9 CE8427C0 9F88C65E
E9134B36 1FBC5104 01EAC868 CC722145
1AEFE45A B08F4008 81407658 1B75C303
00FDAFE0 C30111FA DCB82B7F 37C7F96F
DA3DFF18 807007F9 0F8B8011 B3EA514B
191A3A8B 806F615C D729F54F 7AD870E5
09E34275 AFF6B667 00005730 1B208AA4
AAA92274 9B7B6008 05794801 C0B1F6A2
7F8C0E85 FFF86317 47FFC41D 28FFE070
36E53F04 3FC7C4C2 01FE8424 001FFFF0
702B0F74 B2C390F9 DEF55DFF FF7787FF
0D687D1F F078F7E9 E00ECBFF 0C01C237
66C0B028 863A00C3 39EE91E5 00004A25
71D4BED8 E56B310F F64FA817 5A118D84
4FF4AC41 20E864B8 7F84046A 6BC073A0
FE6F472B A8F7FF7D 69082BCF 0AB47B0C
C17002D4 1807C024 28CD7805 28D58304
CB793F10 B7F4BAFB 8ABDEFA7 177FB541
B3DDD346 96095EB8 C05FB0E5 86B845A8
000066C7 9F250378 5C263AD5 78F007D9
EADC0993 101C5BF2 52966F1D EF70BF15
F8711CB0 2393AB5A E8C705CE 8D86A97F
9A40A42F C6AD2ED1 E862E385 8F5A8AAE
3CCFA183 1D8BDB80 F4A87CA9 61011458
03299B3E F41A3E60 3BF57173 2BED6299
E1ACB81A 00005279 D6F6602F 3B811E70
67A9D6E5 D85D7A11 4F6F8388 C3EC6843
6B3F8C10 C59DF259 453C6F84 10B480E5
E201A00C BFEC0619 0177C950 E83C1FC3
9740C7B5 6E3E17FC F1B6799E 0A1F5E40
70096C79 5739B079 9DC32A13 6A7F6D86
47C3DB93 0BFDCBBC 00004AF8 6800D452
388D38E7 4DE41DA4 40CB435E A47EEADF
7C066A63 4DC02C0A BADE0CEE B26CE0AA
F86A7E0F 1EC20FE1 E1D14FFE 020C3D01
00100184 FE00001A 60603080 F4FBFF1F
1FCB37F0 E1F2E7BF 7C0D733F C7C3E773
456C3E0A 9AF01FC0 30D8CBEE 0000356A
205ACDCB 4CAFF703 9DE5F3ED F9A6783E
EAFFD00F 217FF026 015F8BC0 88307C14
96C003AB E658001E 07D3D761 E86FD9FF
FF82F71F 8AE0E961 31DC0F0E 0E8DE0F0
01F8FE00 8219B9F0 F816FE8F 9FE027BB
51CE0DFF 2EABFE53 A9DF7FE1 ED43BFFF
000095AC F0EB0FB8 19A885D6 144A6BF5
53D328BB 057230E2 1E1421EF 146372A6
649E1BCE 54697199 47D90113 804E4800
860042D0 79E817DE 7B5E4984 635C62C6
E73D8F7F FE5FD77F B072FFB7 FD40FEFB
FE1BC519 F5D6327B 356EE80C BA12DE82
3F7CD81E 000090C1 3091A552 0F2B61CC
B3D1EAED EF1391BA AFA6909E A97FD8CD
1ED7BEA0 59372CC1 6CC23030 87C83701
C97704FC 8C76E4B7 B08111AF EF84089C
230C4036 1143C581 E8CC0F3C DD3C11E7
1FB06E02 D36FCD70 D146ECF4 085D5EF9
AEE603F8 B46F29D2 0000D2BF C051EB46
A676373A CEEA3977 2DE6B069 692EC364
D7DD920E 081F86E1 476959C8 2EB78381
0654E000 10002401 29DCAB02 9F0F21B0
737D8BC3 667FD1FD B2B6F81F FF3AEFC0
55E067BF 346A54EC 8C301F8E 4D06A141
92838249 A8BC9490 443CB431 0000326C
02909595 2A8B3D3E E6727C69 DD3F7139
151A8253 E2E4BDF1 B1050703 D1E02409
8B7A00A4 2EBE6055 F6D4BEFF 3FFA6756
A9D6E3E9 427F2788 B47B90C5 56E06804
09755BC0 1C80A178 8E300F06 E9090E4A
BE446784 8643EEF0 79C9EC00 34736EB7
00006286 9F918424 1E3159C0 2A97F673
3EC01701 C0012BDC 3C1DF657 0701F83E
81FE1EE8 E61FF3FC FBB7FF3F E882FFFF
80007EFF 3AA0011B 98821CCB 388C41FB
6B88BE0F 86940038 103E5083 C077FE1C
D68FB532 BAFD2DA1 CFFF77FD 357819FC
759F0893 0000BA28 A3646C00 F8ABE888
6D0AE61A 03FCD8C0 E078A57E 3E03F011
20E01F94 E600013C 6AD03703 DFB587F8
EFF19DCF 6FFEAD1F 0FFF7D90 40FF4658
CA3FF807 0C6398C1 EAE1E0CE 6C0EF70E
10CD4768 B842017F BA00629A A0A00011
D3FE2296 74CA507A 0000303F 487D2239
79B7F2E6 3477349D 40EF5E13 7FB0A9D3
5BEDAE09 7E7E11FD 0A1EB28E F851E77C
BA383FDB 7C31E07F 1F439E03 49F94AA8
BFFFA032 30EF3E0E CF10E85C C98C4402
B1E2D683 5DED2A08 08F6818C E52DEFC0
43411687 4E4C8177 063CB3BC 0000FDA7
A848DD5F C0C01D7C 40AF9B23 1A850DA0
A3F1319E FF1E098B D3F8FA93 FA279C00
4620000A F4703808 7FFFBFC6 81FFB1FE
C2C7F1BB 3007257D 8B007203 15487104
443305C0 87A2A01C BB4E4963 EEEDD087
955A5C58 3CD2620D 99DA4410 09028550
0000A787 E86479A6 5D90F3CF CC6D405D
BD10401D E78352A6 173C0D8B AFF9E52C
ECFF8117 FC6F9F89 0597705C 01130C00
30003800 B3F7A92A DFA27CFF F9F0F1EA
11FF7F8E 83275F98 8451BDF0 F459851F
0F0F50B0 F473CFEE 571BF67D CED7EFCD
8280D34D 0000B333 E14DF4CF 3C7FF58A
C52E0DD7 604C800F 1F01D200 51F01C00
7F07908E EBFAC01D 187FE031 F83EF803
FF813A81 3FFC5C01 816F8500 40739014
50063802 0220F3C0 107C07FC E08CE0F7
5C01CC06 022BBD78 3004EFC8 2C067DD9
FD58FFFB 5B3F7FFA 0000299F E8F50B4F
E76D1EAB 6B21DC32 03716FC1 385956A2
C0009F26 CE0E3A7F CAE8E5FF DA94BEFE
2DD847B7 C0210BC4 2203BDB3 C23047EB
3B61FEDD F2BE1FFE F9CF71DF DBF1CF9C
14734098 9BADB750 21F23D82 B28F8E65
AAF28D58 E50CBB34 FC27FB67 0000B5D2
E51BD754 A819E990 C88534C0 D825EE7C
F3C8BDCF 7FDCED3F E5FFE3F7 561F1F6D
4753B0BD 02B18001 F0AC0C08 4FE98180
AC3FF4C8 C83F9DD8 85103A96 1FF9C186
90AEDD3C BCE7BEE7 0753EAC8 FE591D5E
0F37F058 4999F99D 6D801FA5 CA91DCD3
0000F3E4 27BFACEB 4E5AB8BC CB14DB7E
D282E5F3 39B9CE07 801E93E4 FFF3F265
095F0E42 0E207880 E2388380 0FFE5879
E0FFF1FF 7203FFDF 67004E27 9EF831F3
7339400A 0707C000 F3D83D60 6FAFAAF5
F7F1A13D 45FFA355 13EFFFA3 6EB0A4EF
195D7A47 00002781 8711C2F4 75EDC87F
FD157787 09D8E0F0 F0D01CF7 8407CD4D
C300F5D9 CD1E5FE2 E7557FFB 70C803EF
0006B800 A00021A0 5180047D A728F0BB
8461DE0F 80F10EFC 1EFE8343 E1F5B9FC
383E91AF 80C7F8B0 6801EBBC E5020094
64F7A00C 64BAD8C8 0000A5F7 10BD39D1
1A77E9BB D639BFF3 C09AE7FE 0E0D71F7
C1C0A55A 885DE082 4024FC20 0DE30FC1
0004FC30 00001FF0 F8012BFF 5F8C0063
A3F87CB0 E613E7E2 FE441E7F 0DE403E2
F1F2407E 1E318307 81E005A0 2404CCEB
E783F9F1 FBD1F93B E306A3FF 00008389
FE8D75F1 BC895514 FC039E45 1FFF85F1
F0FF6D3F 0007F900 6000E755 20064745
6C7DFE77 FF31EF33 1FF35F03 21FF9BD0
F283F4DF EFA80E1E DAFF9C7B 0160F9C0
00B74F04 C58E6938 02BFF1C2 10BFFE0E
7C7F318C 20B3FE7E 38BAFFA9 16370D42
00003032 5D844910 924A3836 B59DDEAE
0612CFAE 2123DC32 920004BC 9060E1B0
95953F89 CC6FEF90 FE7B1018 0F7EC460
60BFCA91 BF978E17 ACEF09BB BC934F75
0965B7D2 851899F9 A12D86FA AE00A29F
23900E6D CE40FB4E 6CEFD58C 5793F71C
A685EC7C 0000160A 40F4E1AD 3A997E3D
535AC4BA CC550E77 F8E9947F 7FCFB6FF
B1FEFC35 0F8113DC 00580000 323DC980
AFFF379E 007FD9B8 603FFE9C 500FFFB7
F750FFFC BCFF07F7 FFCDF47F 9FE4FF63
A3E705EE DE9FA779 AEAF322C CF8CF863
E4580ED0 21A9C35C 00009A6F 5B845F20
D1642830 5D3D5723 44BB947C D43F8B3B
A9A84D88 310BF4A8 11687DF6 5859E7F8
007C4B3B 85C4D010 7C6B3B53 D943ECC8
77F037B3 18EF8BD5 ACA0BC3A 7953FFC7
484A2C10 88457143 8EA9F384 E204004A
54B22C76 2BCF4A2D 751AF19F 0000F1C2
ACE5F371 2DBDFD94 7B41DA1E 0154BB2B
C282463A 0E1EA175 67EB90B0 3F957133
143120AA 483F8000 FA8E5018 7FF8BB83
2FCFC8D4 C37C7B85 5164E05D F5444C0D
E30909E0 DDC4B9FF F49DED82 2DE276C4
D5FB054A 9B705855 D0021D8B 5A520022
00002B70 DB3E9862 F1CD5D72 E8C4D95A
E0FD95FF 5A13D5F6 27A68AD6 3C3EF53B
9849C724 22DD1CA6 2A13F501 07329F5C
0078335D F10156BD D10000DB 57402727
D86C039B F9EBA8A7 7F767B0F 63C10402
B44E917E D4001ED5 91D39758 58AD7CA9
F45B02AE 0000DA94 31101741 E4969D8A
E4D8ED20 A64BA02B F01E21FD AC0FFF34
DBE0DC50 D057057C DEF7FB31 4033FFC0
F0048ABE FF44E373 6FFAC881 8BEC7D59
A64507A9 A0DAEC7E 02DC1647 C01543A0
14412008 08BC9346 AD14062E 15538ED7
67129596 A0AB89F6 0000E3D6 2D4767B5
B5945F7E 46C4C1DA E00404BF BC2D4173
D387C2BE 5EBCFCA1 37D7CF0C 8AFBFC78
2007F786 02033E30 30703A81 0101C680
50207C60 8A183FFE 216BC3FE 38E9DC7E
FFC87E07 0F4DB0E0 00E1FD08 B20FFD5C
1200FFF9 9CC65D34 8E0B67EE 00004210
8E8D8723 A983E9E3 CBC97E62 02265FC4
0A4A7BA0 B8022B2E CE0312FD E3BC715A
B3706FA5 B14D7A7D 706C3E07 480A1675
5F5C2C63 ECA99C9A 105BF6BA E5C2FBC5
971ABDB9 EED51227 5F472081 5DBB9E1A
E9BB36A5 82DBE4D3 37FFAAC2 CDF4E843
00007600 56E5EDE1 7D52A55D 30CAF375
0102D1E1 C0AEC975 7E17674D 1F73B149
053FBFDB 133FD3C6 A089080F F0BFC813
77C8C201 2FCE1454 F470A53A 83530FDB
42CB8DF2 403B39F6 110D8020 A7B16CB0
0097AD6D 13E88CD3 FA99BF9A 950E711F
CA78C6EF 0000685A 34016957 E3B690CA
BBB60F7D FC7229B5 FDA0D816 E3E84015
5A00033A BB101056 F82C03DF 8FE8C83A
35B8E0F3 5013C18F 7F1819AE DFF385E9
AFDFFD55 FA0DB7F9 F7BDB4FF FAF10E0F
E3D81D2E DFACD546 9CEE0A87 6311B049
64960E21 A7284596 00003CDA 9F78F60E
143E926B 20C7C17A C00FDE77 2C00A3FB
BF280233 8DF0751E 87C707F9 7AB87FBF
C4CB03F8 FE05701F 01F80700 001F9810
7420FC30 1FD2878C C27FC836 702FF803
4302FFC0 F9229EF8 E9188F55 E6E2138A
DD083F9C ECD200BF 5EB9441C 0000F580
482306DE 37FD2090 6233825A 0697D331
B2D56684 FDA935A6 A1FF08D0 2B04F37B
F3B84FFB 0D550067 60F5753C C313C310
A4322DCE 39C1B31E DB42281A 8F2F9110
8F434031 BF28B063 77D4E205 79DC3F14
5310B733 F8F891DF 7B1C6158 AF597908
0000A570 48D9CA74 6FFE6476 17A78C00
7F70CCBB 3FFEF28C 11FD7FB8 B204AB78
A8A8D15F 328F4600 80F65E60 9EA405EF
747E720F 0080607E 71141C3F 7FF0C3F9
357C027F 787F7E17 F6FF47DD 99EF7EBE
9012B4F1 5441F4B0 6776691A D99BBD01
562B0433 000061BE BA637BA8 0943DBCE
DA4734AA 05C29A4A FA57825F 1A0386BF
55405F2C 362E02F1 D50039F6 5D31038F
000B8010 E0005060 5A3C0AAF A3464A3B
737CE7DD F2F55FFD F7BD44FE F4B3083F
FF887503 3FE0A830 AFFB2007 334FE035
1930D402 B8169232 0000118E A2904266
E36E72FA B83F9DD1 30678001 819FD000
0079F901 00063EFC 5FFC0252 85FFE37F
F00FFFEC 7F677FFF 02FE0FF8 402FA9A4
A013FDA4 34801C0B D9E401E3 FE05843F
1FF33C43 40336BC0 FE31E6DD D7A01FED
3FFD146B A3CAFE83 96A1B33E 000073B6
128625C9 BE10770C 704D8637 3AC613F5
0C25BBD8 08416ED4 20FE3AA4 D31BF012
79249F03 9880BBF8 F8B0F4FF EEAEED57
EE39766C 2FE5C035 C8931C1C 6D8AC0DC
71906405 C2155B51 08117518 05921288
42385127 FFEB6FAA 72DF3FFD 6E5AE7EB
00004008 E3654118 1F97BA0A 896A59F2
E111CE97 BE2AB687 01F744E1 E40FEDE4
4BB879D8 F7D1EF7E 20476A7C 8D508E13
9C00D1E1 7030467B F5FF162D 7E39D0BB
9997CF88 0304DFF0 848C04F6 4591C22E
801802C0 5A180D4A CE209F81 8D834BE2
10506545 000079F3 4B111D13 77F26AC7
50ABCD04 055F6E30 0A8CB4C5 1A01CA29
FEF2207F C596FF6C CC0DFFF5 2A17E71E
00016DB0 61D61941 A71FFF4C 7C21FF70
2EC69FD4 7D30E82C 7F533D09 0C8BFDD8
013A3C00 531058DF 1D50110A 6F0520D6
10243E8E F8ADC45E 0000C414 13B992A0
0079BF19 0CDA91FF 08658A00 21772C40
3A09FED3 EFC0EDCF 3A7E1EDC 2B85E3C1
80B00E10 0EC2EFA0 31ED3CBE FE069E84
B7586F97 7B678738 123FF8E0 E9BFFF84
87C0FFF8 203787AF 4003FDF0 40001FB5
15E0013E D4EBF001 5A628C9F 00003BB7
B04CDFE7 9BF5C247 202B2A91 2B7AEBC4
449F127E E088EC4B AF0C019B B4F8C1DB
B407C617 4FE41C67 F1FFC0CE 7F8FB00F
057878C0 406D80A4 0A07EE07 A685F2F0
3DF9FFE7 20FD46DA 834417A4 B0040E6F
71804C62 41DE0DC3 ABB1FFD6 D5E0AC7B
0000D033 F235EEAC A4B591D7 4F8B43FD
F153087F 1F0811D4 FFFC00DF CC3FC037
93D007AB AD6F80FD 10B77847 E0076F0E
0F002800 01E0CBF0 0426BF23 1C861FE0
253078EB 03148504 3A7ABC80 FFF48DDA
5F15F75F B5E01FB7 16D410FF AB989015
ACDC050E 0000A4DC 2B0C47E3 04576C17
C5FA5CA0 30CE4600 D4B7CE18 B7327346
DEB89CDE 68F78806 D363F808 1681C300
03DCB800 00FC4360 99FD043F E7F7E53B
11F5BCA5 41584814 FDF9D595 1FE41BBD
6FBB60D5 F9432D19 A1F35DA8 C9FB20A6
24FB0404 8179494B 00008756 9EC1D6AB
F361C5E2 B2507FB2 FF034367 00B47007
40081680 FF917093 8BFF883F 3BFFFB85
10D7FC1C 0028BF80 0F00D000 03F80DC0
A01FCB7C C60CFFFD E2604F7E 0D261901
4AE083F2 F1362C3F 36C80B81 422E555C
89CA3C85 27C1BFF8 74A23BB7 00000FD3
9440A921 6DB3D3E9 30D679F4 519BC971
1B1111A8 60786130 F64E5758 5BD2B65A
9C69FE6C 57A92FE3 54267E1B BD467383
3FF237CD 7AFC06F1 531F40E9 D3685816
552DE0B0 B18D1302 9D0CCF05 D320C8F6
90EE038F A06E0D6B F4FA12BD 37A154A5
0000EDF8 B6034FBF DE8BC8C0 FF86BF13
3E296403 0FE72811 067FF0B0 A0FE93C1
0806D019 0700F903 C0F81F20 DF0E41E2
FCFC481F 1FCBC081 C0FE0068 3887E705
0FAC1FF8 01DF0139 741CE203 FAA06A08
04E91760 27F258B0 80BE4056 EE38064E
E164984C 0000CA88 749A535F 6A110C35
CCC14B0B 24FF0E53 2E4E4800 20FDFF09
29DFF9FD CD01FCD4 9F847F14 0113FF9C
996B8BC1 6FF00E39 65573F7A E06C1E82
AF41C09A 31380E03 932D95E0 078B9B82
8026D7D7 CA42F75E A3FC5BCE FA5CC69D
01EF562D BD04D679 0000472D A8496831
8E921EE5 B997B43B 825F02C1 B8D8A090
4E059ACE D220ECF2 3E2F9FA7 54B3FF7B
04E9BBBB 00339C18 A8355CD1 E52464FF
C767C391 ECBDD863 EE50FE02 9FD77CEC
F7F0C037 2FAFA79E 5F722CFC 9BDA6896
F506561D 6BEB3F46 FB758A2A 00008658
A717D520 92E2814D 28FC7B40 FC7AC8BB
5E19143B 81FFED8F 2A017D3B 17C00FDD
915BB8A6 FAE67FAD 56B51127 D0C0B6A8
134C1689 403BF0C2 7B28DF12 61B803E0
011D1081 F14E2C07 9FECAED5 D3DBFC6C
58D5FFF5 3E9CDF9A F5CF68A8 002B1C10
0000A6BE 4D30114B CB270A7F 02978FA4
C090643F 8A025113 D8E80880 EDE70606
B59E35F0 C0BCE19E C6030781 E824F03C
1FE1C123 3074B284 E004218A F1000C01
0BA0F060 FC570FC3 FFE1C2F1 FF3E7D07
EF31F021 2FFD3AB2 38FF020A A057F000
B8DD5C40 0000ECCB 1EB8EFDC 2C201B81
FD4C5BF0 21CB1423 051F2C01 000A7000
5C000FF0 BFFF02DE 0D3FFC02 8057FFE0
7C07FFFF 9FF01941 4E7E83D0 6DBFD8FD
5EEDC7E0 6B4D3C7F 3E0662E3 1F8BD482
221A1432 1D18EAA4 20CAB9F0 B9002FFB
E98401F7 EB7BB3F2 0000AB9A BDF00A37
D9DAF679 A0F3E5E0 2ACD43FF 13B1FBBF
04518794 871F464A 1478FC2D CD99A692
31A32001 85BACF10 1E48B478 CE679B19
A32FFDEB 15017E43 13D807E1 C4E368FC
A60B0C52 E7F4EF34 FE53D8EF 8DC1B169
A2EF8506 2DCD8FFD 68D7D80E 000091F3
3EF65070 7EBBABE7 227B77AC 7EFC3D4D
0F9F2301 A5FD4E17 FFFEA4F2 FF7CF181
46000700 062C087D 0014E000 DF0122BC
1F613904 2147983E 39243FC7 6AC267DF
077778FC 48D9B8A2 F5044E47 FD548967
52E1B658 6F487FBC 28DECB76 14900AFB
0000E22C 3DD09800 D919ED9D 09F7C9DA
BEC37BF6 1FF872F3 BC7EC8DE DED40067
E7FBE004 04737C00 287E3F80 07B501EB
001FBF00 4400FA61 400004C8 F007800F
99007001 1BC603F0 7FB3201E DEFBD440
3FFEFF5D 0362EF8C 80001B7A 9CA7000F
344B5777 0000F726 67DF7F18 E1B66BC1
8D2A0EF3 86699BDA 625C9F41 58BD994C
6BF99D47 B8BFCB5A 94819820 05A41404
06B935F0 102F0FDC C465EECC A7A31EF4
943C33FF A70147D2 81FE27F8 61919A61
2751B92A D0FCA4C0 C39F6652 97B079B7
E3B72BFA 680B2F06 00008AB8 7C602461
1CD78E24 15B1111C ED9ADDA4 2DE2D26B
0F39A775 C572A848 60AF8042 037081D0
B3D5641D 3E083240 BFF22543 1FFEA059
BCFFBE3C 4B43FDD9 32477FE9 C0779242
02D09E08 C8B1EDF0 F88E3F7F DB036EB7
F34006BC B12FA10A AC574AAA 0000B094
0F808DEE 52A94431 0737FCC8 00268BCC
C8062DFE BEC075FF BD6987E7 9FE11C36
0D7F73C1 C057CA7E 3E03BCF3 8D805908
23EC0602 00301C45 78026302 820070FE
FA08079F 95C2007F 63801C0F 007E0D00
801F684E 0407F121 E0407E01 090ECFFE
0000679E 8CF553E1 F129E456 D626D7FD
FC043B77 C7F5F23F C03D22E1 47C1F781
06FE1B9C 06F7F104 102A7E18 2403E380
8A2025F8 F9FBC34C 0ACFF7AA 0A6FFF2A
0529FFC0 C06A7F9C 441D671C 04056148
008CB892 A00BEF58 6E026F7A A3580DF5
B6ED63EE 00001679 EA77704A DB20134E
0C2B24FA 480FC62E 40CBF422 F8115357
5DFFA1A9 A83CFA46 49804384 0AFA0004
C2410050 3D13A417 3304E420 3018176F
28129FDE EED650FE E72BCC8F 4FF1E6B4
EE9987FF 36786DBD 87202570 DEF4C58D
25BB4016 6C88C15D 0000FEE2 D22B2F3B
905C5E84 80B7CF2A CD0543A6 1C3044D2
77FC482E B4BFA5C0 3CCBFE06 6A0BE086
AEC9FD00 DB653F2C 88FE55F7 7683E3A6
0D083F1D 303063FD 353C173D D0B7A07C
042BC485 20885360 655B1E33 4C1A14D8
9E12E941 C5FA89F8 11F0D196 0000B37D
39222659 A8E6E77D 5DFED600 185ED5E8
CA1ED0EA 61A3A1F7 48041236 8BF0720A
DD3BE6FC 5F9F3F7F 77DB29FF 443E708E
02002174 DBC1127A AA1F8527 FE43FCFA
E35657CF EE8D42C6 C4B41D5C DE4F47BE
25775BCB 327A5BB8 1CFF00AF CA7D084C
00008CCD 0C2468CB 72D47834 73AA8009
DD102866 443E8A29 46ED2265 E04FE419
1B00FC61 21B2CFE1 90AE08FF 10022083
C1D404A0 089F2D52 D4F4F9DB 1BA16F84
D9B84CFD 7F43B0E7 4B9F6DFA 0416A5F2
E022527B 23062434 7119E113 7538BD35
4C3B6CEC 0000E6EA B8ED8D8E 5834C372
959D644A 7FB2E7FD 11F850BC 31DEE798
EF9F3A43 63FAE3E0 7E07FC3D F72A0F83
9FF980A8 5CFFCC05 5DCC7F42 859E1124
7819C04D 5B45F610 0CFC7EE0 70202E87
7F0045FF FFE012BE 3FC00CA7 499E03FD
C3587C7E 735A17C5 00007E99 2D7176BB
A7D9E9B1 A492D2FB E8BEEC0E CFE07BD0
F878227F 13C72C2F B0043FB2 E6A003FE
C12A037D F00DE07F 7302441F FDF00112
3F170049 75F03004 135BC180 C0C0B80C
8E1F8380 CDF5BA79 3D6FF179 99BFFF4B
FA379FCD 49701043 7B136F0C 00001B14
A53684C9 3FA8DC00 68288373 0D148C01
7941C447 AEBAD73D 4B03F463 92801755
CD32037B FF9642BE 5FE4CF37 70FCF00D
9C0DF16B 1B5877E8 F2FFE198 7B777BFF
A0AEDDF3 00BFE6A6 8825DD84 201A0640
03A80AAB A9C9680C 9F4BFF26 C1DA0209
00008698 725CDFA5 99AA3BC9 4AFE0399
88A22DFE F002F489 1F806863 38F81F1F
E63901F6 F5349C3F 7FFCBCF3 F3FE63DF
FE1FA21F 17E07E21 240213FA B6D0001D
1580E81F 05E335C0 C072ABFC FC25E60F
0BC008FA 97F8000B 16FFC207 CDE7F838
E4A31812 00000DF7 0A17620F 8AB6EE3C
239E4988 A4C2C6FE 6237898C 1904BB58
89FF20CB 3C7DF305 F7DF46F6 AFB2B47F
01794E02 E405EA01 3CC052EE CB500771
272CA006 7CC38207 9D64BC1A 7FF815B5
FFC5B577 EF9135FF E44AAFB0 FB0207C7
7D21297F 951216AB 000085D4 AD94F859
4BA292A8 3A9889D3 A202DE9E 427037DF
7CF997AF D5CFFCDF E4C87DC3 F88601F8
0E3D0003 814232C0 0E00C011 C16C671C
F0471E01 6DC031C4 A0B2C7FF F8FEFCFF
C7175D27 D5C2A1D0 7ED822D9 9D1C2ACD
C3CBBE29 A98BEFD9 E755385F 00000EB3
38E8C0B5 D1629B76 E5DDC015 43A4A6F7
FFB093AD 5E3E026F 9EC090BA 73640DFE
E2F6C050 10FBA41A 6813F497 E310D938
3FDED381 C87C772A CC33C26E F0C15A3C
6F957727 56FF1BF7 B7B91397 B96D906B
B7D28302 0868C749 724C5053 0BAC2282
00008B8D 52DD1C53 F56E5DB1 BD5817EC
E2B7803F A4E6E803 7078F7E4 80078F00
C03C3AC8 884303F8 C133F81E 07CEBFF1
A05611FF F88DDD3E CA0CD8E9 63E86F07
07BF8100 01123C08 001CB7C0 48077F7F
9F807FDE C56EDDC7 B0BAFFF9 FB79E7F6
81EDBBFA 0000ED1E E42F48C4 2AE9B8B4
33FDA57E D06FDB0D 7CAA158F 6BC468B5
CE1F49CF 8FFDC514 2DBFEE4A FD9B500C
0FDFA000 E0FCC5E0 1FC7E2E9 004C7F14
4221C7EA 44A50FFF 261DE031 5800F236
F93AE7EC FE84CB9B A7236469 58CE6D8F
216496A5 DCD943AC 0000B03C 20CEEE55
925F379C 9D98D600 FBA9F4C1 E3F4CFBB
FFFA88F7 7FF3F26F 93B40E00 4C9060A7
D8962400 7F8D21CF E7FF6E18 0553E5A1
903E7524 8FE2DEA9 CE2B2861 0375FA00
09124E40 20EFDDF0 7025178F DB80B2DE
7F781C4C 5B590F54 48455920 0000D959
9DA4ADAF D72B6D9C D0CAA333 51054BA7
422CAD08 9C5A6BC5 D58FC272 847AB84C
23AC5660 0BB21400 A0AF1F4E FC006C6E
DFC81FF9 788AFC87 57E6A9FE B6D323FF
F9D8827F 250FFB05 C0A75CE5 740C1B2E
BB145E34 5302607E 5AA3FAC2 17DDFDB4
00009BA3 5E50D4B5 38F34620 ED91912B
9FEC2B23 33F0DB94 51FE4529 0C0FF36E
3DEFFF57 B7DAFDE9 04230F87 0609E8F0
0284170E 0002ECC8 1C03FF84 B7A0BFE6
CECF63FE 00A9C21F 0C50FF20 03FF0B69
C805DBFA C087A9A6 E988AE4E 98B070BB
A0AF7E88 0000AA1B 880C2642 2E467CAB
FB286C38 FFED4107 2FFFF1E1 05CF0EE0
E6780006 4FA3C00E 9B381E00 DF3780FD
1BF12E03 807FCDE0 7806FA0F 9DE02C8F
B4170025 86E37840 81251DFC 7D0001EF
F7F04CDD F1FE0658 5F93F8FF 9EFEB308
C45379DD 081BD81D 00008C52 20EA040D
8997B2F7 74C4208F BD150820 613D4E50
020FD088 C4BE7782 88FFEF16 635BFC83
0073F1C4 601A9904 37801E02 3BFE9920
1A66FF31 39FC27FF FBEDA2FF 102D3A36
40A67FF0 23411AD0 2D3E11F7 BF7ABA91
A3AD2B6C B3B5F7B7 8DC163FF 0000C62F
683C5A57 7D09528B 284FF104 A8FF3C0E
706E20DD 24AF598E 70A3F205 47B0F6DC
747D07F7 F0A17C7B 3B34DBE3 A22504F5
E3230A5F 2F63723D 7FE417A2 19C7C005
396BC041 82B66C88 04B1C500 4B1A1DE7
8235BDFD D90CCF93 904067D4 23F12A5D
00006CC1 DAEC876B 5C4FD7C8 FDCAF320
FBD8F9FF FFA1D877 F8800B42 CF840091
6C2FFCA6 5B407F84 08C409E1 801CC07E
5000D30F BD00EE7F BBC01F75 CF9A81F8
FF59F0FF FFCF9FFF 5DEE783F B3F80991
E3DC0C7D 97BD02F3 E8011025 1188000B
6CD93CAC 00002656 84CFD056 F4F0F0AE
F37E155E 5D243EAF 1FD9429B 2C6E3020
B273E074 4F8B1D41 8EF9F980 103F2F88
1C0DB05E 18D28800 030EABEC 7000F7A5
CF03D79A 8B7501FE FEE3C07F 5EE1AE09
605E4B38 4404AA9F 6CB087C2 28583135
85584093 3DFE5DBD 000037F1 A4EDDCF8
B719F305 FF239003 07E0E3F8 A1FE01BF
F81FE4DF 4F83FE0D 5FE03C6A 031E03F8
006FE070 FC399C37 07FCBFE0 30FFFEE6
718D7FE0 F7DFC1FE 7E7FFC0F EF4FBFCC
01FF7379 01067B1B 87380AC0 13F0E5D8
7FFE1711 1C68F008 8DD74218 00005990
1AE09636 E5E9B2A0 7FDB185D 0C67F100
80690780 DC0FD1E2 4ABA01EB CE6BD4B4
7F12BC2E F71F51C2 C20396BC CA0081B0
FC200947 1BC14363 0FDC1E58 7229FFF6
E1A8495F 920081EF E076E68A A616EFE2
1805EBDC C9004F24 F3A408BC DAC2813C
0000D3C8 E55A962F 38E231B5 AEA9B036
B8249FFF 2874274F 89C7DC30 13803EBA
AEFDFAF3 E4B5DF5D 8A2992FF 566A6993
F848472B AD5939EA 797640C5 8B41703C
02F68982 9B994308 7FFAE007 1300C608
2E039050 C537CE2C 3F3AB17F C7F2E134
431A3659 0000E28F 7BE792F2 F8F0F2E0
F7710DA0 F7AD4807 0FFFBA01 C01BFD08
7E007DDB EBE001FC 7D3FB50F 83DFF1F0
3F1FFD0F E2F66F7C B987531F E7FC3ECE
43DFE0C9 7F3A7A0E C7DFE120 7FB03C21
61FFFCF0 181FFD88 2B9D0291 FAA1E005
3F7C6700 F221BF3D 00004005 CA9F2DE5
1056F9BF 4C6EA1A6 FF47C94C 0DE23DF1
84255CBE 624019AD 84000228 F2507E23
80E26FD8 7551B58F A7FE69E0 8B7DA1C7
DC7FF405 E828EF8F 89C5EE70 22FC8701
01BBBFF6 ECBC2853 2684ED4D AFC3E6B6
890026A7 B0E31488 29A3801B 00005949
FF02F0A2 E3018B9D EF6A7C10 FD0F31AC
DD68AC8F E8647C1A D7C1A5C0 A94007CF
332590A9 E362BF72 3C961F4F A1EB71FF
19142D5F AC8DEB1A 10FF8FCC 10C453FF
300B01E6 E296F4C5 5A25C1E8 5FF77858
B07D6DD5 CA55E4E7 D9B21DE2 C5B56AD9
0000CB06 1C46B77C 30F0F833 EEA9DBD4
1CC7A530 F5A6626D 5F594B45 73819EB5
144F072D 1CB5702C FF4A2B04 0FE145F9
E2FFC0FF 7E50B8DF 9E6C113B 3734E018
2D5CCB04 0452B9B0 C97CEEE7 8DC7901D
DC43DC69 0091495C 3B28502C 1C87AD6D
A5A7C06A 0000A219 10900C74 FCD21A63
6C83EF62 008F63EC 4401ABCF B8005091
CBE085B3 259C1C17 0C7C33E1 C07BCB7C
BC03DE77 C9803CF7 1940095B 01680101
8002016F C72018FC 7CD4169F 3C8620E1
63DD6907 003CE9C0 701FE148 7F81FC05
85B19B02 E8EBD948 0000EF0F B8FFF284
1C9A3F36 2A24C2D7 783BE8FF 078302EC
1C1B3AE1 3FE7EB67 1DFF789D 18DFE786
0041FC00 B8384A10 8B857720 7F8EEEC6
32947C5D FE0467FF BDA8873E 1048547F
F08A4A47 FF0D9731 7FB66797 C5FE6BD3
7F03F9BA F3AB2B72 C99B5236 0000D9DF
062D52F2 F74E8918 3FDB779D FFFD1FFF
FBEEA827 1EFFE31F 20DD1E22 E4BFF0E4
04EFFE03 07ABE700 80BFBFFC E613C1FF
07E05329 813E0348 2800E4F6 EE107E17
FE0FFFF9 FFDC7FFF 77FC09FF 0FE4D455
BD7E3C13 E03F7927 22E3FD88 89D6FFD5
00006ED6 F6DF2C65 165F88B6 B66CC2FC
DE6770B7 F38DE81F 2E387903 43E1E3BF
90071B08 43C03BD0 FD80F1FB 0098DF35
F0106DFF EF9E041F 7F73F003 BAEBFCAF
FE58399E FF7FC00F 07FEB034 00272F08
804086FA 485F81B8 C99DFE1A 9E7DFFEE
C9C94CFB 00002766 57E9F04F 1FA3D1CA
6473A967 DEEF60AD C1483A27 860611B8
EEE0EDDF E1870326 F95970CF F517FFCF
7EEBFFDF CFFF77F0 98BBF1AF 85FA850A
3DC88610 2B755010 7D744687 1F0E5400
819C0D32 E497C972 BAD098A3 7A1CF51C
4218F6D8 B75960B5 0000B406 5BF482EF
5FABBC18 B2B5DE78 51F0CC99 64804750
7EF2E60B 4BE77D3D 082810AF 0FC0C08A
E34D6780 FC6018FF 26A1246F 81D993B8
E105C150 F5857676 89640D71 19D38CA3
2018C092 F067B540 1BF733F9 57D243CA
513361E2 1581163C 40B6C054 0000A071
7A3D6988 314E759F 46B293D3 E15723DD
1CA990D5 5F823666 1F7C46FE ACE9C398
74E10FBC 79A5C00F C7F17A08 4E16EDAD
ABC008B8 8F5C00C8 A461621B 6D1600F1
FABF7F4F 66CE9DF0 D663678E 5612E1D3
3DB089A2 0B4EDE8B FAD1FBEA 1A90EABF
0000C40B D3768708 BE80BB11 6BCD4DEC
01CF5FDC E41F1DBA 9FC0FCE1 BFFC0F6A
3137187B 067F00C3 602DE03E 2E055F43
6D80727C E3E006CE 581C4269 20E31D66
86AE13C8 445E0FA7 9D057071 23AA1687
007E2AF8 601F8AE6 3003F100 F9403FF8
969E03FF 0000823D 8E3317C1 35B56D30
53CA9A12 71C6F500 055657B0 C8188132
3D82E035 2A895522 A44F9FDA E881AFF9
F27DAE5F 2D7E6BC9 054FEA7B BE13FF21
70003FE1 9D9C03FF E852143F 2EC00340
0985DCB0 FFFC6A6B DBBB6BE6 95D9FD77
FC515502 1CF69927 00000CAD 04F97769
963431A3 F5AAE7FE FFEFA9BF 5FF8F80D
1C7E0348 063E0028 76FFE00E 072DFC00
4F05FF80 07D8C1F8 B01DD00F 1600C526
81B80618 E01F0064 EB406002 FF9C05F0
FFFF980F 9FF1A283 A6FFFD18 AFF7DFD7
3BDE1BFF 577CF00F 0098518A 0000EBDD
01576C92 884FFE4B DBCAB190 B7281FBD
2F0249EF E977365D CF4700B0 ED420016
CF500608 FF4DE43A 1FFBAFD3 42FF05FD
CE83D62F 3848BFA1 104CDFB6 61CE4BF1
4C11A097 08812001 40E84CD4 041555AA
1822CE1E 71B24D07 A997F389 A344B8AB
00009376 23F7BAFC 31DB7164 EA03EF7F
BFB1FE0F 01FD2FC0 040FB580 60302D8A
4807CFBB 2246BD71 C05883C1 B00B860F
90C02863 F0E60BFF 77C3F805 A7FF3FCE
633FDC45 0027FF81 F005EFFE 07C02FE4
007E0350 0007E050 8B027E02 BB303FF0
BC450FFF 00001A10 8FD1DAA4 72E99F38
ED154887 39980B9F E3F46058 FFBFC6D9
FFC07A61 57FE03CD B08FE2F1 78780207
FE0F0020 7780180E 3FD002D0 DFBC1905
539FCFB2 B16C7FFB 42E04197 1C860211
B1FF2C81 FB0FCA0E 37792D83 43FF8FB9
07D058F2 737F0C85 00006315 9326F784
1E8CD9E8 1E3C8A65 F92577F7 D8B7DAD7
D41EC89E E7007523 EC280333 23064005
63401A04 901F23E8 CC07EEFB E5F06A5B
9BC287F2 647E76A1 FF3258FD 81FA47FC
E40133DE DFE7A1BF 758944D7 09FE23CF
5461A10C 1C8F8883 FC5A7E5F 0000B354
7712484F B251CAC3 83035C48 398068A4
F2AEE7F4 FE3BB9EE 6770E28B CBA41FF4
B1D7402D AD467981 F73D2F7F 701F3A1F
7D01ABB4 0B080028 EADDE68B 83DC77CA
0952F03E 5C14C003 9D232C36 8742DD98
84AD1AB0 A4F0A2BF DAF30FFC A2D01999
00009798 C50CE014 554F99B0 2420FCB6
F49B5FDE 8E74E0FE 26E9FA88 68E03E8C
DC3F63E6 29DBFE27 69A2DFC1 86EAE6C4
CA505560 05F040B8 059BC71C FD24380E
075CB781 40D7C5C4 4E153AA8 137D8C88
94B41D26 ACB77145 01BDF75E FE1A1DC3
9E250C34 0000FF6A C8800798 65A58CDA
93947336 1F6F7C91 F30F1646 0290730C
740A4607 6D23C5CB FE2AFEFF 6F4BFAEF
5BF2DFFF B43BB3B0 6BC026C9 97E614EA
44FE7008 11ABEF00 64D29529 69059E20
50524039 8C1DB68A A975CF33 EE3BDF6F
4D2CCFAE 08DA7837 00001711 C210A36F
F6F5FE27 FBB3D2EF 1430AEFD 52268090
5E2D260C 15B033E4 8B2500EE A4877059
50E1890F 9EE967C2 F5FF5395 F303AA41
C6781C6C 230F83BD BC84BDFE A40AAAFD
C39F71F7 2580D78E A2000EC6 963168EC
D7AA20B5 0A873CED E6C31BA2 00009DDA
ED407E90 F4FC9414 B50502A5 F4A77BF6
6F8D9EF6 87F49CC5 181FCF18 B4A07F0B
EDB80FD4 E7E300F1 4B0EBA7F FC6DCEF5
A3803F1C 8D38135B 014987C7 CEEC1C7C
7B777847 241C9B00 777898B0 7E0E7819
84F47E0A 46BFBB56 15CA5AB9 2B12913E
0000C4DC A0298923 D79E067D 4726F187
9BEAC49C 723FCFBF B3D0FFF1 828FCABC
C8F8617B 576BCE4E 54B16C62 366B11B1
5DAD29AB 43DD6EA1 D4370F83 BF6090C5
EDAFC107 C6F170C5 CA6778C1 6FE4A699
DDF0282C 4EDB709E 9B03D4DB 3580809D
FF2EEC84 000051FB 70CBFC49 BD4DE7F8
433DDB64 601A72DB C402ADB0 37087E62
ABFC0C6E 3803B285 31900F06 FF23D1F0
F7FA4FFF 10FE87F6 F623E72F 9CE01E11
29E719C5 470C3105 C090279E 15428255
F5024483 85C30060 9EF17A1C 1D783100
C9DA6466 667E536A 000076BA 6F225D3D
D3F9562A 49089BB9 FED6555F 0EBF0D00
207F4EE0 E047F79E 1EC7EA38 931D7D5A
8FB569AD CB930518 3C0317AE E7D873C8
0FA7E1FD 9FF41C04 C2E4A6DA FC2E7E34
F635F7F5 97AA4DFF 217089C3 DC1ED31E
FEBF4598 868358F0 5A1F2CA9 00007CE9
7DB874E1 28E3B151 D872E152 F304D277
7FF0D46F 017E8614 1013E0C4 2B801E02
061A13C0 A0E9E5FC 038F5D8F 9017C3F8
6683E93F B8FC1E05 ADD377E6 FAAA1F7F
0F4BE861 21EA7EA2 50EF95E5 B68FF6AD
9037FF91 338281E6 E28CBE1E E77BAA50
00003482 C180DF5A 02E337E7 82042049
787E0C0F 079FB740 F83875C6 7FE38578
1DFF3813 086FFF81 809075F8 7000C63F
FF80803B 93B80680 B2B38068 2CA21F0E
D02461FA 7E33D80D 03C4E4F0 E07C2559
6803E70F 6608CF33 0D437F9E 47C113F0
B2BD33CA 0000DF11 44A64364 3A103FA6
7FDD7CFF 3D6CE943 C7FD51F8 FDFE941F
07DFE4A6 50A3A209 05C50030 00961040
4107024C 0E10041C 12F00A80 1D9F00E5
35D16078 C1BE8DFF FE22FD5F CFA667F5
ACF6E1AF 1007716F 782FD643 DD4FF85F
F9327FF0 E103A8BF 0000570B 5BBC99DB
36E9B133 CF614770 08339C45 BC070389
60E450C1 C8007400 08F8F2AF AE5EEFF9
08CDFFE7 2015FFE2 030108F0 A27E0BDE
7013FBB7 0D107FC1 B25097FC F71800FF
D9730E70 88BE5F06 6BF3D5E6 4C8DF908
B731D4BC 5C69E095 7216955B 0000205A
6E69D1FE 22018674 604DD096 2D58CE8E
0EB78A81 E2CF18ED 3FD026E5 21FF013B
E944D03A 390BEB02 24BCB7DC C00FD0BC
D00EE1C7 A2C9E2F6 33EAFAA4 46539110
095F2010 61EBD433 FF3F9085 BD19449C
B9EACF3A EF76E455 7E98B51B 3E16D60E
00008D2E 9213252A 31E8909C FCA0667D
1E445D81 807B91CF 380BFD73 B1807EAB
38D03FD2 08FF7FFD 596FFF7E 00216301
00000E00 00000E80 B007800A 0643FE06
2DA8FFE0 F1C21DFF A6AAD3FF DDAFF30F
8EFBBDD3 92FFF125 FF77FDA0 971CBBD9
594E50F5 0000A900 921BE1A0 0696BD3B
0E363183 B5DFC70E 44AB65C0 73E0A26A
2C5FD4D5 09C8FD42 D0F007B8 FF18007F
35F80267 133E4E1E 81200DBC 28838119
3B161817 74768042 FD25CDC7 0FEE7FDE
11BEB2F9 0038C569 AC826241 AED4021F
EC0B9913 D9C13528 0000433B 0902CB5E
980D51A1 FECDB6FF FC3B87FB F7E8AD3F
14032275 F1DD1B35 24170365 3022A006
11E8BE00 04460FF0 ACF1A1CE EE5FEC0E
1927FF88 A912B869 07414102 C36BB7DC
D085C3FD 3E7CDCEF E3F818A0 120A8DD6
9FA3BEDA 6126888E 4711B8AB 00005DE2
4EB60BF9 0652B41C 912145C5 70A8C20F
17099A00 F8783628 5FE1C1F7 B7FFF895
BE7FFE85 93DFFC1C 2038C001 0F81A600
03743AA0 00478775 5C0EEC79 86C0F60D
381C1CE1 A28700CE B6115016 030AD640
82066FC4 9BB9A9F2 08B78FC1 61D0B7EB
00006194 0AD24BA9 62CFF8B1 C58BEB74
A7FBED12 B7C1BF09 2D240069 9978C5B1
687FC6B1 087DFC49 7C5D79E0 7ED2B20F
1FE3D8F0 28B59D9C 47473A12 63B120DD
E514B021 FF47F927 76C7600F 1E53BF96
ABD0AA40 FB73B889 77617ECC 695A12CA
3569192A 00006D2B F23DEB1A 6613902A
EDCB4934 FC8A1607 BC8EA7E5 A9F7C2E2
C8B0BBD9 A6F601B7 283F7896 DF03FFFD
E629BCFF F80288FB 6FD037AD 1A3C0164
B427B604 0DD08232 14850021 3B704803
B9DC3843 4B6F8C70 08D792B4 1FD3C1A7
AFF7208B 1F23BAFF 00002DC8 4651BE51
50D1FBEF 011CAA88 0023C800 F19F9C06
827FFED0 90E3FFDB 3D0FFF71 F85C7E13
3E2BE300 07E56D10 EFF97DF0 7FFF861F
477FE0DD 4D07F800 86820200 085E0200
96CC8750 188FB03B 4FA1BFA2 A0FFEB80
62BFEDE9 8C24E8F7 F3884444 00002233
20DACF4F DFD929C9 03773229 0DA209C9
FC23DF9B DFDBB4FF 4A1004B5 6E6C04F5
EEFFF8FD 75549B87 42441508 0414B050
0380B243 6143A1B0 F09E3F27 2E43DFC8
043914B8 FC89E28C FDB6DB7D 2F4770CB
076C948D 5C0DDB8D 58B4AEDF 43F8E7E2
000076ED C8CDB926 F50BD5CA F4B7159D
1FC75B3B 8B78FFD1 F172B2BB 97CE8505
A47C7C8F 0B87C730 E9140800 7F948027
FEFDBC17 1EC7C280 70B8179E A39EC2DC
B2193802 9AD25A40 3B6ABF9B 243AA2DA
D8115272 B7A22C9A 7B580D83 EA6B19D3
1B58A62D 00000F7E BB242CE2 E3B5C869
5D8B8A98 02043F90 E000811F 08001110
70020D08 2DFC1ACC E39FF7FE FA7BF7B7
7D0E220F C784AC78 8E783112 047F04DE
0C03D081 F0221E07 E979F9D8 1C00A6D1
01A6D420 B2321C8A C0014558 09D906F0
A8AF7FDF BF83ED58 0000A22E 11018185
754C1EEF C605A620 225E6FF4 85031D38
EC3C7BAB FFE1730B D677FDD7 F3E02FF0
07220401 00360070 F1CC38BF 2BFFD342
E0BD6BB2 D60BEC7D 29465EFE E07D0BFF
7E06418E 87E0DF0C A53C0BA5 0C0CC45F
27E0E891 4FBF0B49 8B3C1341 000021F7
0ED38982 3E5C4196 63A939F7 2E91ABC6
775A43E4 AD7CCAC7 E6039F8F AC801A1F
6B5E41D3 E7E3023D 5FDDD067 A7E0DDAE
AD8146D5 723C60D1 69DEE203 48C4EC01
1408F740 9D337D8D FAF6754E FBEBC7C1
56FFCFCA 9F5F2155 A6C2BB69 5E8FB555
0000460A D24931B0 F7212987 259EF059
226EC35B 02F9A587 140CCC02 DBD608A1
B3CABEF4 EA7C0BB0 FB7BB0BC 3F679377
A1DBFD58 0924CB65 14C8C14E FBD55E78
10505940 05152080 90959401 8FFA3894
57D4518E B1B6B6A6 B1AF7BAA 129CF98F
181F0E79 00004307 6FFC0E4E 3428E39A
CFB09B29 2F492296 3ECB4B35 6FD7BDB8
54D4386C 8CA0255C 05590009 A3C80C04
BC139223 56F5B41E 27DEE484 BEEFDF16
EBCC74E0 7FDF3F06 81B98F3C 082E8F73
E0406E5F BF183D0B 4150C29B 9A19285F
0FB30CDE E3816DAB 00003613 BCB29437
FC7263A0 C907EEFD 26E957FE 65D464F4
DE3CC96B F541A0AD 47E81009 E69A01A8
FE3E800F FFF51015 FFFE28A1 8FFE7211
501DD9C2 4280DFCF BE114878 B7446127
7AAD92CB 53B01573 1DB01117 8DA852C6
318F4991 17FE46ED 254CCC01 00009465
F8940D85 175930FA 0F7F6EBD 001C3A64
CE0098E7 F3E00D9F 87E37882 D0FEF387
F387076C 3E507028 0E42BFF0 6FD00BF7
077E0388 685FF065 B102C207 FF891C3A
7F6008E3 0FF64008 00EF8C00 8065DA80
C20B9F32 6C0013AC 93090132 DD170DE9
000064CB E9EB68EC A08CB495 52E1CBD4
E71B690F 2E097729 75605FBC 7F550169
0DE04C0B 017801E0 F0149AFF 1F0562FF
DDE05F0F 026C0500 B014803B 0D000030
F4E03C2E 3D7E0561 F5D56247 7EDEB827
034CC480 C07D50D8 EE03C5A3 47707924
38C64272 00003A10 4D6F922D F74DEB29
F7F9B5F7 FF998F1F 3FF0F703 07E80D10
D83C0016 2501C003 C6301CB0 FC6B81FF
FBC2FA0F DFFC3800 74728487 1241FB10
55063C0A E27403FE 687B8062 FFE77803
5FF205C4 40FFC1BC 3AB7F3FA 258FE602
66107801 A95A37F4 00003A14 46AD90A2
3B2F3F2A 20AFA0A0 C0C0000C FD0199D3
F8408B2F 63C0057B A82800D5 E983E291
7606033B 0587E071 6410AC04 3B700D00
85FE4099 FF60E0D2 F5EB7E1C 3FDF5FF3
80B43AF6 FE07BBBF FE783817 1BEF1899
C63FF602 75EF1803 CAF9F030 0000BF32
E68A4A51 36B63DD7 B8AB185A 58718841
17084060 B8FD4429 190F655D ACFCFAFC
D5E66FC8 071C3035 F02A1000 3FBA8E04
EF3E8BA0 27E67DE2 CD6E7019 5106F205
81629F10 582AFBF9 81C0CA83 C4190A1D
800064EB 2FB405BE 75FFEEA1 8DDD1F77
0000F6F7 02863AC2 EF132763 69F5BF98
CCCCAD7E FA64AB23 9025D556 F00021E7
C00000D8 8A000010 B7901220 3F972EE6
60FA30BF 005574B4 B9879D91 E814E0A1
49B2D671 1EFE6FE7 C7E44B7E 5D2CACE7
2DFF9C76 2C7CC93F 89D7FE80 6CEE4214
17D38BC4 00007F99 355A477F F33C8BBD
DE791CA5 7FBAF78B 1FF25AA1 00BF4134
9FF6FA8F FAFFFFE4 37B7FFFF 001E21FE
00048003 00083900 1E0583C0 14CC682C
D9A36205 203FBF00 C167F8FC 90E59F2D
CFB678F5 FFB7E8DF CDFD3CAD FA3EF5F7
74E8FFFE F902FFFF 00008077 B30C3844
DAC1ED69 AB3875E8 00CD1018 FA02F214
0EA78E03 5EBFFBE4 A5BFFFFD FB0DFFFF
FFE3BFFF 80FD7AFF F807D7BF 7C000D77
C4100000 1C03014A 13380B49 A23882A8
FC30E007 FFFF7080 FFFFF1CF 3FFFFC18
9C4FC3D7 F9AFFE25 7555FFEA 00005B62
085E1AC4 94678438 164764B6 5E095B88
C508DFDE FE213FFF FFE0251F 8BDF07F9
7DFFF867 015B7DE0 F20E23CF 07C08460
8A7A06B1 7D67A029 F8EE3F89 928ED3ED
E4D7E01F 1F1EBE11 20F073A2 F01F0DAC
2A00FE5A 621131EA 794C0FB3 3D18396E
00002153 600CE185 4BF652FD 3999ACE8
89FC27F0 A8A1CA8E 03A57240 5B60EEA5
83DF9FFC AC6FFBFA 105F7FDD E052BC1C
FF9C77C0 BFFFC4FF 3A6DFFF5 B3E2CF83
211B2CFE 00D6D180 0285D5B0 0054E813
0401F162 18015EE0 B4342FB7 0F0C407F
1A34DF10 0000A916 3BD2FA19 95C4CB6D
D388C00D 9B3785D4 1F801E49 03E03527
733878C7 C137EDFA E2EEFF5E F6FCF7F9
C500ADDC 182047AF 23702066 F2278061
16C8D606 EE497071 3FB3008F F3A8F68C
BD2FC60B 8ACC1DFC 92B4F6F9 3834130B
32D2B018 458424E6 00001C4C BC344469
06B381E5 FE434AFC FD3C2B7F FE7C307F
0FE7CD11 805C6E40 F3782358 258FE73E
90313E3F 86063001 3E203E81 87EBE2B0
BC7BF91F BFA780E1 E0FDB80F F163FB8F
0F423FD0 C1E179FC 341F93CF E9463F9D
8F070FD0 FAFA3FFF F64801CB 00000AE0
E74B2840 201DF85E 162B3B62 E18557BF
D6074378 4800E023 9000035F 1AD009C6
AD3D83FF 2FAFFCFF 8041DED0 00004580
403815C8 282FC5FF E5DF9848 8F247CEF
FAD3ADCF CFB5399E FEF2574F 2EB6F183
C2BEB588 4F860B05 41FA0001 FAB5909D
00001BC5 8107D46E CD3BE66F 6D6E32FC
7676068B 9FCD49E0 414F3961 16201B18
AD980076 F3BF805B F835FF4F FF871787
3FFA5DFF BBF02E68 7FEF83F9 A6A7E007
D4FF7E01 0D70DFC0 07D67D5C 80C48E0D
319DA560 01873805 9E100B7B 33410245
D134E053 0000C438 2F581E9D 174A713A
58DA8385 920B00D6 4CC83F0B E07AB00F
BE0F964B 0D68FDB7 0EBFA753 010DDCE1
F917EDFE 51BC9AB5 D03121AA 24010CD2
31C08B8F 13F224BE FEEEAA86 FDFA30CE
61010D11 28D39B63 CA3856A8 2C425177
5E8469CC 6EFB584E 00007C0C A9DFA3CC
5EAC322D 21CFCB86 B1A930FE C5ABA4EE
0415687B 6BE6371C 70E7192F 02BBF14E
0137AF90 000ADC08 20C00101 1E8F8853
5FF9F95C 42CBBFF1 0A9E9BBF CB2F6338
B8387B21 CFFFF368 12B2463C 68FE4F0F
3089EEC5 2A795FC3 0909A29A 0000491C
3C734F21 2AE25907 1CDDBB4D D4DDA7FE
F3E2B8EF 57A61A05 FFD01A9B B7FFC5FF
132FD026 2FE00000 0F340040 6AFDF707
12C1F440 40180E92 48D03031 5DECB3CD
D369FF1C 9D7D1FF8 2DC95EF3 DFB8D83E
0EDD7B96 6DBFF3D2 7DA897E1 33DE9471
00005D96 3305F67E A3448AEE BD7DD8F1
E3137EFE A00CDD5F 7C2DC80F 61A7045C
423E1206 8570FFDA 988B07F1 FC0BC03F
07E10801 001E3550 1811F1CD 70800E2A
4CAE0062 23BABB07 4FD093F0 FAC4A17D
7DF8849F 0FE55028 EEF23F02 95478A59
CE6E2C02 00004CCD 138D4C16 968062F8
23863776 96FB3D58 B6180062 5B01EC44
C8A01B13 66EF06FB 2DF3F80F 4187FF84
C5145D08 8FFDC9E0 7EFFF953 08DC7CC7
0EA2F3F5 2D5AC7E1 40451208 84862990
7B57D6B4 BD7ADB89 40BFCAC7 DE5D7654
043E0315 8FF60F99 0000231F 8F170DC7
E689DDF0 4DA1A4F9 E340083F 041DE800
12E06182 B2E7DF1B A6FE7FE5 7BEFE3FD
6143FC0F 5E48FE08 0FF02750 B1FBED48
634F7C83 BB686F81 033FA001 0213F861
FCD93FBE 879C89F8 809DFD9F 6A007FB2
4B000DF4 5995083C 0E5536C9 0000B43D
F5204368 029CDE87 4CF36D7B 0A079500
007F7428 F0B94A4F ABC8A1B3 F1E88043
7950D809 7E6865CB 81D4C831 62FF3587
7F1EE8AF B973C0DC 38DB9EA5 56A373E2
E1D6F19C C763A2DC C00B9311 00ED1B40
6F27DEB9 F07A83FD C422BCA7 8B59A254
0000379F DB8685BB 221C3F5E 38C9C1F6
7F681903 E7E1E9E8 2E7F49E6 0E1FF435
67FC1F64 403DC1FE 861FA007 1E5EFC80
03FF13A8 20ABFF9E F0003F82 71900171
DDB8237F FFD7D07F FFE4FFBF FFDD01FF
FF18B71F 5FFC5205 1FFE130B 2559F804
0A7C4100 00009B29 509C8C83 63B2DB1C
2F565A13 92A09392 A001F865 3D871C4B
CDF85D8F E57FDBB4 D8AB2837 FEEBF04F
2F0B7201 8A3FC5F6 57806435 40CA9BD3
F966772F FFBC897D 1DABC427 87FC9410
BF7C69F5 AE4973D2 EDF7AAFB B8BA8E4F
D8D83B21 3A4331DD 0000923F A165CE83
A345E1F6 326E85F2 F9C99848 EC20AF20
87D6B790 E57C7B44 FBDFE88A 231AF867
14D10184 C0B76C0C FF572295 1FCB2D21
00787835 EB5A4FE6 A9D21F7B 39FE14E7
C2FA1A3A 7436D3FF 77A09171 C518B02E
DCFE04A6 F1DE932D 3C129432 00002045
108B0ACE D5827E0B 87C0151B 79EBB623
1CAAA866 C00D1E50 2C087A3F 37438073
F3FB9FC9 E5EEDDFF F6F7A3DF 73BA98D3
C2BB6BDD FCFD7FC3 11BB8FE7 17E6F57D
1129AB02 00A90D30 B06A64D8 C01273A5
D405F7A4 000F6A68 A0642BFC EEB930E0
00000F5E EBB86916 74908814 73E5FA9C
2E51AE41 807EB478 FC0FE6BF E3C01E3B
F00E3F76 22F8F343 018B8F94 E095F138
033D6D81 82FBFDC8 EA3FFFAE D8A1FCF9
03A29DCB 4123E8CE 46029FC4 DE65C0F8
FFEB3D79 67BFE10F E5F7FB09 F04E3FFF
824251BB 0000442B B5F48B77 8829A81D
24800AC8 762FC813 7E4C5613 E3F63C01
2E9EDF43 8CE1C1B5 49FD06A9 3887AE31
3D6A0783 03CF3D50 CC7B01D6 FD653A90
22BE2CB1 3CB20A01 0F60F980 2BFBCF60
C97B37FC B76FEABB 4E05EFA9 A18517A9
76CB4F2B 2FDE9B00 0000F75B 154FC0DB
1D0F100C 607CA5A2 EADCB03C 14E008B1
FFFF26D9 22F9FB20 436FDE6A D516983F
DC36E041 4673AA00 3307AD72 B0D0A46D
1707C1E3 7AA45B58 1ADEC3E8 5C2CA21E
AEF1A45B 4FDE5835 F2FE4BE7 C54FFDA9
6461693B E2620B89 B49EF05B 00001EBD
937158B3 C190BC94 6CE407B1 3FF7C8C8
F0FBED4B AE0BFEA0 8C80BFA7 C2031CE8
7E50F3CF C6D93FF0 14C50273 7010CD2E
EE200258 0F3C0533 37FDE0A3 977F7301
FFB2EBBB 1D1E46FD B962D776 EDCB729D
ABEFDFFA EEC979CD ED68E135 FF6FBC6E
000088E7 A71E49A5 EC0D5639 4882919B
A182BFE6 FFCBFD7F 067C10A1 BC60025C
6FFF0005 08DA3900 C05C00FC 3FF7C007
09FFBC02 017FAF40 3037FE5A 9873D25E
F2571E26 01B8FFC0 709E3FEF 232B15FC
F17E79DF B782890B FA6031D5 8E5C04B0
07FB463B 00009EB5 17CF5682 41CD3651
A3921A7F 66DB1F9B 1EE834A8 00508048
500483FF 9809C058 AE57FE09 E0739FF8
07FAEFD3 002D3DD4 800156CC 7C071B45
33F06042 CE3F760A FA0D9FB9 F7C86737
FFB58DB7 3FEA135F 05FBFAE0 6F4EFF12
22C4C32B 1B2BFDF9 0000B231 44BF8EEC
913560B0 A3620783 451A2750 7008EE9B
FE08256F 7BFF452D 8F37BB32 8A0F93C5
216CBF1B 0914E270 6C097267 2E51DD56
7E53F63B 67D4A4F1 8E83D8F8 5DFA2664
443BC360 64CAD495 B0275E78 B421EBBA
D641EA60 4EEC4341 DB2B8143 00000B22
B2578572 3406DA5C 3D9B9CC6 03F0A8FC
E0FF8C5F 5E03FE69 85E60FDE E27E387E
3887E3C1 F1885F1E 842247F0 6ECF30FF
87EB3547 DDCF3B6C FDF8F72D D8AF07D9
A6E07890 F8FB678E 0B05B838 F2EB6115
0D067EE2 2AC141E9 F1A19B7E B8097FFD
0000EDB8 76AF55C2 1AD258A3 DDCEF601
41217E05 1017C020 D6057490 FB0000B5
948A029F 77E76767 FFA9E379 0710A131
4405C97E 8DE0AC13 119FA3C6 8109FD39
59B4DFFF 849A11F8 588CB53B 7E433947
D741781D 7CF8FDBC 466DF971 F5E00514
3DD0E3B4 0000634F 34CFF6B6 5C048F89
C86F1844 34DBBE4D E2F8CEF0 D83B4D6C
F743C35D 6ADF798B F4D2FFE5 1D161BFB
3028E806 01844E42 501E02F0 B4C47D07
1AA4CF88 F030C271 0C7FABC5 45BD1D7A
A17DEB4B EB9DD977 1C83FBE8 98E019D6
FC338092 29955731 00003248 ABC7CBF7
A95B3635 B9A9C1CF 7CA7999C F1D6A781
7A3B6283 4807013E D0107087 54D7D07F
181DFFF0 F1FBCFF7 24A7D2FE 64086B0F
15F3EE8D 8DBB3F06 E8FCA7FD F9EFFAFF
FFF847FF F86941FF 98027263 5C781688
C8C00196 73410002 0CA23303 00008BCB
AB7EDF9A E6F1C180 E15BA40E 07786070
F02EF0BF A7C0FE0F C00E2FE8 4241B075
3196038F 81266F78 7008A0F3 27002607
90E065F4 7E8F0753 95E9E015 9A3B0C81
F99768CA C788F51C 1401A511 0CBF8EEA
E907D8A9 EB343F70 90CC8F10 58381460
0000D1E6 EBE1F39C 3FD6B7F1 9E356FFA
E7165777 FC3C100F 010362D0 4E007C34
427F076B 9B0FF6FB 3DB5F80F 000A0B80
D2C05278 1FF7CE11 D2F97F3F AFCE05F1
040860F6 E0244E1E 0069AC00 50404440
07879F00 C2EC1F31 8A9385DB 53D3FFF9
45F90EE7 00003B00 D2F9D6CD FE77EAB1
84F931EC E06FEFFE BE08B27F 40E5C700
BB0EFE16 1DFFFFB0 01BDFF58 000183E0
02037808 30605E81 3307862A 82607814
B20107E2 DAC004FE FE7E003F FFF7BE43
1FD9F670 85FBEACC 5B1FEC89 96BBFFEC
8B2FE6FD 31FB3EE3 0000F576 26C307EF
CEC67175 1454F211 884F6C00 C3A09240
E83BD34E 7A82704D 57A6F788 FB37FFAF
FF9FBFFF 93E9F8FF 628FA641 482001D0
0882034B 485830E9 F44AB7ED DB7959FF
34D5A901 88218402 4CF1DBC6 9B7EF81F
53CAE884 DB872100 862B2208 00006786
99AFB176 06C94319 6C7C11DC DC5EF298
00A18B5A 300B7238 F6A008F8 1FF78F2B
46BA3FEA D8D522DE 47FB1617 048DB406
A3811540 C3FEA0E6 0765CCCB 8F7E37A8
289740F3 C3C99317 AC4C3C4A A184CECC
A0B50800 1B5EFB06 06040926 882BCBC8
0000753A D1DCBBBC ACA2C655 2757BAA2
1576BE80 C11870DE 14328EF7 EBE31DCC
FD64343D 7CBF77A1 4F4A807C 00F97205
2C2FE190 E8E039B6 E1FF007A 440FFE0A
04C3F7F0 E8A23FFF 870AE1F8 9988FFD9
72BA7C9F 5FDE2F50 05AFFF33 F793DFF0
75971FE4 0000BF39 05AE9E26 5AFF6775
86E94E1A FE33700D AE2D7C13 0EF4A292
5FE7CCC0 00FF2B07 95CC438D AAD80228
0F03A3E1 4A3F986C D502DAB7 4F583E0A
64B7C5F5 D322A87B 9EB2D5DB 1F584D80
81AAE900 201AE0BE 5FC0EDE0 DB4014B0
2A1A830A 9CD5C258 0000639A 42C7423A
1833FD79 4ADAC1C9 A2C3E5F8 0402F5F6
C0015CF8 BE602824 EB583085 55FA83C1
CCC4FC3F E7B833C1 CE6EDDFC D8E1F67F
E44F3F91 85A26FE8 E3648FFE F059E7FF
196BCC21 D1612C4B 4482DF74 5681B788
02211624 2212D34A 6A59F5BA 00009786
CB4AB95C DA574B88 3CC17123 68ED4616
268C24E8 B8FA73CD 8C877580 BD003CD0
038001B2 87F10004 7EDE6DA3 D7FBE474
9F7BF98F 25FE3E1D 94E4FFFC 3293D7BC
077146B8 C121BBF0 C501B99B 5E011259
A598E128 8576548C 9C4AEF64 D17EA6A1
0000C5AD 6EE01635 32A775FB 56DA7676
FF707F7F 5FFED98B BFFFE7AB E7FFA045
1813000F 17712000 01BFC400 15AB1902
037EFFC0 001EF3E0 60C06E4A 8C650758
0FF47000 096BE700 7C03A907 07F43470
405FC30F 8306EF78 2C403FEC 4D6007FA
FC58327F 00003F94 D3743AB9 B598DDF4
D0856816 0FEE06C0 E07EB27E 9E3FDF83
1C01DD88 42E0399B 02BFFBA9 625FFF3C
0703DFF0 647E562F 2A7FFC00 00837FDA
0C009FE4 C8A007FF 85E0143E 1C2E3141
11F88B4D C11A343C DF1FDE1D 74447FEA
F6A073F3 FA254803 00001921 8D9A9D9A
BECDBD70 1192C2C3 A0C1203E 4F398E03
FFE9F920 FA6FAF42 C801F061 15DC0786
FAFFFC70 7FA09FC7 E7FEF3FC FC33C8DF
3FC009F8 33EC0012 F646F401 7ECB6781
47FA9E8C E03EF9BC 2E35C1AF 12FA01BA
98B18009 0B0787A1 17F39FF0 00003A2F
B26EBE27 081CCF71 5565672A FAE26A4E
2F78245A DFE95158 061F3228 2A1090FB
1791020B 0147F0E0 F01C2FBE B8E052FF
F65F178F DEF9F827 E877165E 2EF65E0C
075205C1 C1322094 5EE94E00 010EECE8
00147C9B 598086AE 7F54477E 8FDDC126
0000354E 5DD4BA24 4EF657D3 450DA932
0014D4CB C060B0EF AE37B66B 42C7D9E5
AA777D2F 5E39F0EA 0A5E8F84 005D2070
D1FCA007 4FCB712C D000FFBF D380DEA6
FACAC14D D1B3301C 7CD2DFEF FB58BA71
FFEA82AE E1DD2FCF DC1FD09B 5B5CD362
20CB53D5 000087A3 2B196AA0 D3CC4EEE
D095113D 3F46E881 0BF9A600 E00B9B5F
5F800949 5DF9C0E9 FA379EF1 F494000E
C5F38000 CE0DC903 EFF075FE 5B87FE5D
8D007FA0 0DB607C3 0068183C 1C012173
1BC2BA1F E1DE22FC 1E7FF134 5F27EF26
BC787073 BE1CF817 00007721 841625F8
1977EC3C F2A20986 7B6D8CA3 27D2958A
446E39DE D02C5B96 9C3BC77A 06813F0F
C1630808 1C1C8801 F3F87824 253FC324
9847F00E 02A57A26 38F9A618 0503D771
E093E1FB DE2F06BB 7D6CD1FB 3EFCA569
BC966864 4E5889CB BD6A6C7E 000003E0
1B44A303 64134745 2E8B13BF FF48F4FE
38A35896 8BE00CCE 951C363F BB41C7A2
FD610DDF FE9E00CF CFB920AD 7F5AC20E
019D03C0 4C72E056 D73B8404 FE710833
7FEFFF81 8E73FF9C F17D83F8 BA075ABF
D30013CD 7F700D10 10D003E5 C978BFA7
00005D75 CAFC2615 82AE3865 46D17FAA
818A27E1 DE1DF063 FB6A47AF 41C151B1
16802CCB CA6B87D8 144B04F5 28353017
F4CE47E2 5CFFB57D ECEFF7D8 31BEFEE0
EBAD2C17 56E5C1C6 ED30BE3D 272DC714
05DC6932 16835143 8506C51E 3BD20CC0
04A22CC7 000012C9 4BF89765 171B5482
C6F4D763 F88B6C5E 0F01B3B1 F1F81AD6
8017107F F1000048 EA00E1BF 1FD7DF9F
40FCFFFC C001F6F8 E4F0181D 409F9198
4601F80C 02A00F00 8F020070 1FB65003
CFFB8644 EFFBB0FE 9E6FFE5F 3BE5DFEB
886B81DC 6C08F408 0000217A 93279372
97EBFE00 220D300F 8932EC10 8C30BAA1
F1C142EF DE1E1BF7 B1D7F7CD FF9F8F7E
7FE1FE8F FEDADC0C 0FBF5CC0 6087F9CC
5BF83D49 89FECE0A 0F23F6E0 32B04B63
31E503FF C1FB802E 197FFA00 50DE7E5C
0000070D 32EC0002 3E773F90 0000C0B5
4F8676AF DD496CE8 CE1412A4 0FF60750
E01BDA6C DE03A3D1 0420BFD7 373F18FE
053FF102 A0309F94 DC3EE339 07E82344
E09EB310 FEA87F3C 65FF9FF4 ECFEDABF
8FFC715B 308C4D9E 7E09D2BB 87A0CE49
F44C8B66 4B5BA64C 08F04E80 B907E198
00000169 E0A56B1E FB23E605 B675BDAF
FF6FD7FF E9F88B7E 3C1FE063 8181A0B0
58060340 1440201A F4200103 8FE32078
3FFE3003 03F8EE24 3E020F17 B9F006F5
EEFFA27F FF0DEE7F 5BF1AFE1 EFC07AB9
9AE01783 C3C400B0 444F0472 96191330
9CA4CF4D 0000BDFC CB2E8C0C C5D70A79
E3DFB7B4 56D0F643 7F85C141 7DCEA007
456F365B 4EE3EDB2 1D870F22 0329EA81
5E245EC0 5D81A639 AC831B76 9B3232F5
689801EF CA2B9027 77616142 EDA30790
2DBE7C6C 7DE3FBEF 2A3CFE5C 92E0BF89
F8E308B2 A3C9768D 00005503 F17E5CB1
456328D7 053471A7 44A5C000 0100792E
40F8C590 3D016B35 93E43C87 CDFFFFE6
FFDCEAFF E1F0642F 5C0C1A71 176709CC
A47DFDC0 4101D3FA 32D81FEE 00111498
0B3D888C 81345623 6426A160 3E2CA97C
D1F40168 3448CA28 A09B21FB 000065EC
3EC78C5B 8DF7B43C 30112B09 0024E6FF
7CB5F520 F381E1BB 8DFC3783 6451F7B9
F1850BFD E608003A 1FF88081 79FC700F
07CFF2C0 6FF9FA19 B1BF9E09 019FF8C0
232BFFC6 F04D0FFE 110041FA 71D0077F
3B5C00DA E5B9FD18 C36CABBC 16E33BD7
000088B3 FA2A9B8C 10D390AF BB7C7003
D998961F 1F01FF38 19F81344 080F87E3
0B68F0FC CB2F8E0C 1E0020E0 EBFCA20E
9E7B3200 11E7F0D1 E14E01D4 A600E007
93AF8E18 32B93EF1 E0D3C7DF 1E033001
CFF08150 77BC2EE7 F4FB47F9 543FE4FF
CB073F76 00008EEE C794B896 7CA1A1F0
896229E0 037A217B 303FAE53 1F0F9843
C1F870CC 880F871B 3B013061 70A20502
BE6CBA5E 98DFB407 FFFFF3FF FFFF3F83
F7FFF3FA 7B67D88F 07724001 C0E60608
141A2C01 31C16932 A878108E 069281F0
85F4A03F E5BA9A0F 00006CC1 EEF3527C
C4DAF0DC 091A4CC7 045695BA B9D2B8B3
FEA86E40 65E14584 A9060BD9 A71C310E
1BC87703 C0603DBC 80228D79 F980CA87
F6CC180F 893BA0FF 3844FDE1 0F037A4C
E04F6020 82479305 CBB3D908 D5937997
90C926C9 A500DE49 E1A131A3 00006EFA
686B3AEA 9FAB56DE DCDC189A ACA747EF
60F0CF9F 7D6C821C 2FEBECEF 974F3AC1
4EC421C4 01B61088 3C030010 9E007401
9CAC0D13 2BCFC047 75FAE20E D3B70068
7C0BE045 5FF217B3 04AFC5AA 81BBDD00
9EC1FC4C DCC3B5D5 CD4A27E0 81F77200
00001CCA AFD42F86 6B7F526D 1C7F0D31
92B01CB2 7433849F 7BA4B551 0A7F0668
81FB3B58 20AC5DC7 29718BC0 C013FF7C
78013E3B C08101AA FAE02EE2 CF2780BC
7C050007 C895D994 0F1EC711 F99D9452
CF5D6ADB AC53B389 8E3BE9FC 76CA9145
3A54CBC4 0000D7B8 38FAB1D4 3F611C36
2AD4BABE 22E56848 E0005C99 A03C4F0A
79C39955 341F3EE6 F287739D FFE8E7CD
7FE29F1E 58FF6483 EF33C42E 7DD4E779
252F8C39 63D823EB 0894DA4A C57F748E
0A5F3D08 ABF9BDEA BB3FADB6 37E86F18
D9BFBB1C 40010F08 0000BAE3 E9994D5C
A225E0A3 930F713C 30F37E50 058160F8
65F806BC 2FDF8049 247FF000 B90BFD80
FFE83CFF 1FF781C3 60FE6C8E 200FED5C
40007F73 FC0003FF 51400207 015A5160
100FDFEA D08052DE FE07ECF5 17EE7E4F
5DFFFFC5 0FF2FFFF 9EC84A80 00004362
8E796C47 A0873DC7 17F6FF7D 09D9DFB3
07C5BD84 F03EDD34 9C81FC55 22EE1F9D
F30067BE 07AA0F04 817E00B8 F80EDE57
FB01E771 178F1FF1 613FF0FB FA337E07
BFF43FF1 312B488F C007FF18 FC00BF7B
BFC02FB5 A1FC0136 031FC803 6C08AC00
00004ACD 33CA8487 972DA6BD DA143064
40E3C603 8F947BD0 106FFF53 C003FF96
44003CD4 647FF85F D157FFC1 1F1AFFEF
00FB83B9 E00F02BE 0C01F940 E8E03F9F
A7DC07FB F6B1C07F E019981F 0A05C9E0
DD37EA7C 3DC17B7F EDFF0425 239EFC01
A87AEFFC 0000B0EA 1E9C13E2 B3E8BFF9
8B6B8A35 16A85E5F 921302F0 B926F51D
EE0030A7 871030A7 8EF20182 EF5B80E9
FDB5A81F 5ED63092 522211E2 9A6FF906
26317C5C 264085F1 814AC910 8C543CF1
ADB3621F 0D6029BE 319EA0DB E807F479
C13D1181 30F23000 00008DBA 0B47AA09
AA3E84B9 DE38401F 312DA607 0E149214
20F5CC38 BC07AF9F A070F466 748BFF04
0250F3F0 023BA6E1 803E8AF8 F1C2EDFF
FC8625F7 64B06122 8F1EE440 0B415FD0
B8016FF4 F8F6E31F 5FAF0B41 037EE716
EF6F4F1A 696B908C F9FEFC92 00002C9B
C69C6640 441BD309 2D68F5A0 76EDC006
4379DE00 B654C190 FFC01EB8 0BFC013E
E4DFE306 F8C3F03E 1DF58881 9EFB1200
3E68CCAD 43F702AF 3CA7B022 3C22F001
FF497AF1 7ECDFA4F CB0110FA 4FAB18D9
ED357269 F3B1E1A7 BAD69001 98CEAC92
0000AD42 8E69369F B451FADC F00A79DE
B5BDCB78 E3F5C5BE 3C376BDF 00CBE781
001E7875 1CE00367 03010600 C03662F8
C607129F BCE50DA3 B7843ED3 103E62DF
1E7EE201 03087FA0 75F8333C BBD12D0F
E7A6BD6F C7D254A6 6550275D 9F5D033A
6068A8A8 000045ED 03C53BF4 8F974F68
46268FB2 85C5BAA0 29923C45 30FC5406
7DFFFFF8 562FF931 02761FBB 09A49396
001958B8 3201964B AE15775C 50B05FFE
4ED286FE F187ACFF 7BC3D277 03C5E2C0
AC0BB794 3F6A4D75 7EF424B2 66B58E50
FC660D62 AD47F11B 00003F5E F3B011BD
79C8922C 0BD14145 906A8D10 BEEEF16C
7FDFEBBC 5FFF481D A710E0A6 392ACE0C
0CC46E60 00448F70 235D407C 2872BF57
C3C7F7D9 EC9E3E46 198A2BF6 10170088
C164800A 103667DC FE598B1F 6F9DEC05
BAF6DFC2 06A3803D 5EDA4117 0000C9D0
36ED05AD 215C3640 3418663D 0ECA7300
F07F89F8 FC6BDCDF 47C40EB1 880472FF
01B8274A 52BDFB70 3F1EEFF3 81F77A7D
D41FD80E 43F976DC CE2B800D CAC1E001
BE7E8B00 05F6C0F0 B9CF3460 FFE7F9DF
D3FF3D00 B6FFF00B 592FFE01 F1BFF1D8
0000C60E B9A013CB ECADBFB1 D84FC0D0
BF57081D 07F47A00 407C0CC8 3C07E125
D7F9FF11 A5BFEFA0 E089407C 000D7001
702021C2 FF03E32C BDF81F27 F5B68FFA
FC4F21FF CF737A9F 0C31C5C1 1033DD09
0504CC08 C0000D6C 6F000072 0BB5108F
A3A32200 00006D79 B01C9B77 B028C0B6
9A6B16AA 0014F135 5C1318FA E3DE67C8
7A07F386 41F0CDC8 B739DDE7 133934FE
FE4F5026 F9C1546A A2100701 3EDC812E
1ECC1552 D8F422FF FF82881B 1F4B92A3
20F0C053 CEEFDAD5 6373BF37 D5863250
9BD00736 2768B60E 0000C60F ED83657B
C2BBFF6F D04AE11A A45CC6E8 3C058A3E
ABE00FF3 9FFF02A6 215FF8D9 E785FFFF
0FC507F2 C0BE5378 D5016207 10B003B4
E0090408 34040749 09E848E2 000D2982
05FCA280 007F7FBD 3647FC04 6203E4E5
43BFF3FC FE90EFF4 B4AF3EEC 00000BA3
8CBC719E 1E498CBD 30E8F904 857D9B38
062E6C48 4F617BD4 1B7C0A16 B7AFE37C
630FFC0F DE407FE9 33DD464F 219A2E89
3F159633 EFE101C8 89FF82B0 E287A804
34A2BDE0 443614A7 7E29E019 4988228E
F5F6E85B 116A87CA DDEAF18D 571AD01C
00006FE9 403AE945 600B21D2 B1F4B9E6
1FF09F01 80FFE2C0 FE1BDD9F EDC1FEBF
CF803DB0 077803F3 032FBC38 0831DF71
00039BC1 190D14AC 0180FC48 6AD807F3
D5800C3E 1D9BE043 F7E01F1F BEF129FF
FFFC25AF 5FFF8284 C4F7F802 D3E9BF1C
3F05F770 00008798 EAAF6B1F A6ED2CAC
61B1133E EF6F8DFB 7F8F302F 27F251FF
D37FE2F4 CE031AB5 6544F039 01000380
A82DC1BC 17F499D3 D09FB96C 0ED813B6
83FA07F0 699CD4BF FCB9DF7F 46DDF61F
108855D1 C1A4DDF1 9E40B9D6 B730877C
1D660AD8 0CE1915F 0000DE09 66322230
172CBABF E27B07A0 8158C50E F8078357
FFDC859B A9FD84A0 18070302 7C82F000
F3508B81 BFFA9FEB 4BFF813E 7C21FBDD
8CDC0FF6 680E667E DF51D278 09BA3163
23B03B2B 00107878 FEB09EA8 DFD09B82
E11D8571 EAEE1B28 0B7B7AE1 00006C2D
30518E89 C217771A 281D1CA7 D8A6A2EA
F12DC6D5 0F80295F 181020F0 74200010
29321C21 A3162FFE 63C9D91B 0207F720
6021EED8 538B4935 0BF51F4B F1FDFD7F
FC4FFFFF 77E9CFBF DA9B53FF D51D0B23
7F83112D 3BE250AB F926D60C 19DB2661
0000C75A B677F4A5 5328C5F4 CC0EC153
F8A065FF 1FECF347 3FF42112 9CBE840F
019BFADF AF3C8003 F8C3C030 2E8EC401
C96D97F8 7AEE5D91 7D423707 7BA47EF9
BB60017F 7E756A4F E6CF1F9A FC190235
99EA8AD3 E80B4434 5602F627 94213047
B8719552 0000A85F 172A08FE 14F590BA
165F7C1D 01226F80 80D25C00 07FEF914
761F7D83 CDA1FDFC FB1E0D17 2BC9F00E
001BDF80 F810017E 3FC084FF 1DFE0067
746FF403 0A102F81 5ABC3EF8 2F1DB04F
02F7D400 1303FEC8 807814B4 45117FE6
D9F8FFBC 1D6EEBF3 0000A1F6 F96F263B
8F9EA664 416BD5FC 82680CC9 A4FFDE2F
FA340084 CF83E1FC 75FC1C8B 02BFE1FE
05EB7F15 FE1F3FBF 03D03431 110FA043
E2E87BB0 377A002B 69081827 1DAA2461
38399202 03A2EEC2 67EDCEEB 1A5C5B09
5447BFC4 C7F409DE 108A5187 000023E3
4D5BA9D8 375D458F 28FDA9D2 12F6F46F
81E88841 BC164008 11C18743 DB7F1B43
54DBE05A 8AE37FA1 F8652F7E 87F50548
20C13E02 DF867FCC 413A67E8 1025ABAF
31090B70 06E17670 A37C864B 9030BE4A
25E4DC1C 56886C9A 6E9E091A D82D3152
00004250 BF748EE4 B50D1200 0090E3A0
B13C3606 E6293E40 2F305320 76E306F8
AFFD1A69 F99FE3FC DF10381F 1DFE8381
F0FD3018 3F83D0D1 51E0005F 88CC0016
559EE600 9BFC60E9 20EF2F9F C005E7FC
F41ACD8F 1A01ED81 81F27FD4 B56A9FF8
E3D18941 00007A60 CA662721 E749F094
2071BAB0 F087C412 0EE60647 BF9E9E48
E0FAD0A8 30979E04 4454F805 C3C87F90
BEF7EFFF 947DADED 4EE3F772 36043F78
A5417FE4 07B00FE4 006A4468 C0862240
4220C93A 614DA961 8EA64881 CC945CD9
00EA67E8 B43FB1F9 0000C79B 011E34ED
F6837489 CD659ADD 6F86FE3F 9AF06E4F
45A3EA4A 401FFD9A C9A3F196 97213E18
005B0A00 9C42C360 BCFC0D8F 3FC7CD07
42B41C78 084527F0 CD6E243E 1B44D07F
F09ECA0F 3E0BB7A0 FFE01BD3 93F00382
805FDBAF A79F3FFB 41E3F6DC 0000BC45
BB5EB143 DFC7A851 79F41539 8AD207AC
68A13811 8C0EC8B1 EEC80CF1 DAA907F6
B7907728 AFE87FDF E165ABF4 00169FBF
E4440331 7401DACC D8985F1D 91C5E1F1
031F8D3B E6D84155 DCEA7811 577427B1
1EAFBDD3 3CFC8E1A 62070BFF FF7D2597
00006B9F 7C1777F4 467A83E7 549404DD
808EAA78 FE03CC73 9FE77B6D 899E1277
917C87E7 F284F87E 7F080387 1E84A038
60F00E0E 0FE21BC0 E31C0074 3B21C00D
0861CE01 01E80D20 101F4DE0 879FF62E
607FF2FA E34FFF67 1B7C7FFD 0B80C1EE
C54F040D 00009E68 B158D970 66538183
252C661A 852736E0 307B7EDF E50692E0
BBF06A42 501F07EF 738CF83D FFD7A39F
06FB7E00 80FF85E1 FE0F745F 0FF8F2A1
8C6F8E06 051F04E0 F83A100E 0F452001
03FE1684 382FF59C B00CCECF BE437720
F53EF402 4B722016 00007C6F 234D9C3D
D2F80854 F8AF0070 1F8E4807 1FFCEF00
201F9640 AC00FEDC 1B9C87F1 F5C7E61F
0FC32FE8 9678783E B02FADB4 CC12F8DB
3DDD2FDB 0FEFC3F1 0E7F3C3B E115F1E6
680D3E06 105FABF0 FF07FF7F DFE0E57A
69FC0020 751F800B 109FF801 000026AD
21BC6B6D DBF31DBC F49E8443 82ABE43E
1DC2CF81 03F07801 C0A700EC F803301B
FD743F88 FF1BE7FF 8FBBBFFF EC2197F7
C81C003F 9FC6C073 42E82006 7D971E07
0F2E63F0 F1FF607F 06109807 40F01480
14425198 3800C3F7 085A072E 5E7366FC
0000CEE5 C46282AA B3938D8A C700A938
BD8133E0 403BB4B1 801FFE2F BD44546A
11DCF568 D3ADD381 B1D17E2F F920D3E7
62C17A5E 34440A03 C37202B7 120B0B44
178400F1 F32F899F CA8A160F FEFABF83
DCD38417 DF5E598A 795D1C36 D37B565E
DC587FF9 00003216 02932973 A60460A9
DE6851CB EFEC059F 79BB7F83 0E0E4E28
04F0BFCF 5503E5F8 77101F4F E3EA81FD
FF3E200F 01ADC800 A907FF8E B9E0FC37
9B3F0141 E4B7FC41 060B7EE0 F043D7CF
FF810E79 FBBC157B 7FC06022 CF9E1E8E
21C518F1 213E2084 00001D78 41EB956D
4C3E1386 C9CA5FDB F1A35A53 BF82C8F7
01807220 6033048C 5B03FC6E C47FFF0E
F055FFF0 BFBA5FF7 01FF5F37 103FEB9A
40C31B68 483E00DA 26C1FE01 1C4207C1
E19978CC EE3FCA1C 2AFFF593 56C35EF9
3AB827B4 414E8518 73952FCF 00002DA6
DE1272C0 B97C2620 596A87C8 1360606B
C0671AC5 7E17A427 A3FFC206 F91EF9EB
33B653F0 024A0A0D 80C98078 6FC85407
87CDC274 B77A372D 8C5180A7 F9DE900E
F747ED1E 1F2567D1 82A75D40 44326397
2BFA081D DE338879 DB1F873D 56BD377A
00005E8A 8AAE7354 0E23A4C1 C40D10A3
D4268001 4AE11B94 EBEEAB08 C6FFB94A
8C278CC7 04EFF88E 8C56F7C0 FDC89FBF
C37DA9E1 181479EB 02E11BC1 60EA1F6A
F44883EC E1064A7E 0A83A089 18009C64
22C05694 172B083C ED52ACC9 25F9FB77
285CB085 0000F376 B620D67B 2928B488
4F7F1A12 144C9FF7 E0C9248B 062F01C1
0097B536 3E133D29 3787F9D9 00C6FF80
EC513FF8 26FF9EEF 80ABFA18 C0297ED7
E64138FD 19770106 83995C98 DC23F728
0BE2CF7B CD8BFE69 60763B93 80413B72
2E3EBFD8 DDB03B6C 00001E4B F428D8EA
3990A963 42F460BF 7FE26AD9 8D7152CC
4AFF46FD C42DCEE0 220CE338 79530AC8
413DDE00 1813E130 78FE83B2 3B77E7DE
3EE9765C 859B8853 2C5BA800 F93EFF80
EE5FDF2E AB10AC0B 5A582682 F505C684
3170CFF6 6916765A 27A38085 00009317
FF2D33CF B9DC2B41 897C531F 7D0AE710
4B69A9E8 A0FAE528 3C07CC83 C4D81DE2
7741AFD1 B656017B 02CD8381 5B214380
1F9CB1C0 627DAAB3 F8777FDF E559BFBF
97A1E7FD F83FC3DF 78008C83 14093130
B15642D4 70518001 D116FE20 C453D5DE
0000CFAA 3DFE21EE 1CE4C861 03D0FC08
200E7F84 810CC788 FC26F0FA 7E20DF67
EFEF8138 3EDFDC83 4BC683F0 E8B9440E
DF13B600 2B29688D C5F803BC 1A5781F3
FD443C3E BE2801F3 7FC6700F 01FE0400
BE0383C8 47F80131 807F0014 13400401
D470E420 0000F45E 8588E60A 610D103B
FA234138 90E9FCED 160027B8 717233BC
91E76014 B298180B 410C03C9 FF6DC09D
8BFE4F99 DC37BBDD FF40DC8E 361BEFAA
01631E01 F1809FF6 60D946FD 203A904C
0504D390 C06C00D1 35E22803 4E4DFD8D
654FEFDF D09F851B 0000FFDE 5BB07217
D3811E7F 5FBB468D 298DDD80 C07F61F0
7C07F603 1BF03EF8 39F782FD 027F3C03
80DBF1F0 3C00F40F E7307D3D EBF4D38E
8FB977A8 D008EFDC E9892E3E 0F8C1461
C0EC4170 E03ED40B 8023D0E0 4002BF83
A9A03FE9 709801FD 4FF4201D 0000FC19
D9947DA4 CCA01FEA FD8EC07D FFEC280F
03E3DD20 E41FE104 1013FDD2 70000E0C
D90B01F1 EED7FE0F 17DCBFE0 F878BBFF
DCE2933F BC0F4CBF 1FE87EC3 013C0FE8
D831B0FE 6060849F 3C06FA03 0282EC28
600001CA 2CEA2FFC CAB6DFFF 230ECAFF
00005854 9640C15A 61AC5A04 00BFC38B
F7638FFC C03B1DE9 7C81143F 43DC115F
927C46D0 6913E0F3 E38FFE27 FCFD8A8F
076FDF00 13007060 23080608 581E9340
0EC1E1F0 8072B3CE C60D2CDC FE9463BF
D1C0CD38 750003A7 ADFB18CC F249FBF4
3F3468FF 00007D8E 42D18FFC 045737FB
1FB87572 FC174ABF FFF72717 3FDE51C3
50C4F46C 9300067C 17C001E1 00C7C01D
0F0C5E01 8471CEF8 FC47CE7F B7D41E31
90DE63F7 FC9D77FE FF5FF27F 1FED9C23
FCF83B95 DF91921D 577B80B6 840180D5
530E90F5 287843A4 000045E1 95D3C834
1959A99C 175BD6A4 3587BA57 7B9538CA
87036FB7 F0083C2E A08187F0 891FBEEC
3EE1E6C7 30295C00 3781BBF0 E7FEB407
9FFFF82B 5FBBDE00 761F5E20 08AF3B00
CBCCFC38 0C9FA66E 0D23D859 A26FC23F
5D151110 0560F040 44069926 0000D93D
452986D6 745FA36D 2162700B 0C4137C0
E07060FC 3EC5D07F E7FE7FBA B808F7E1
1560077C E06C0022 1C07F063 20408F83
000107D4 9B403AC7 5CF827B1 FD4C0378
044B803B B235A107 FFFBAAF7 FDFFE38E
BFA8DEB2 410CA1F6 41685077 0BF6F4FB
0000E706 487D8270 D7CD1186 E2EF970F
994AF2DF 05A29E69 58FE3B72 2BC7F82D
62E67D07 81DEBFA7 D766D1E9 7EE35C17
9AF9B780 9037578D DB43EB5A EE801E06
0C16816A 10D07814 AFB32A41 5F7B0090
FFD7FE8E 95FDDE1E C6163ED5 969CF7CA
FD888845 000016B0 8FCB0965 3B82C5B1
8FE43960 776087B9 0E7FB66F 6F78CE85
0ECE9BFD 74EE7174 9F62805B 002E0040
7DAE2546 CFC4253C C85B2641 12E2E59A
7E303F0D 1C1BD861 119A2C40 C5ED976E
8EEDFAAD 749EC1EE CC093C0E D8E07DA7
971CD7FA 58C7F314 000016F6 29BFDF08
13785C54 50155220 6BE13733 379C0304
33A0728F 75097CFB 63A850AE 17DDE009
D61C71C4 76D7CB3F B6A6F32A 69CA5228
6B93B692 835AD203 80ACEA7B FD96B7B7
1B806C27 9AD19573 60C08C92 68320576
8F4FB846 E4D72545 3E113ACB 00005BB8
6D527FB6 797AC8D7 1AC7F509 C1AEABF1
D38BBAE7 B8E0A39F 7F8607C0 17F20239
87FF0223 79A7E0FF FFF27E1F 077FDBC0
F173FA7E 9F030F98 51FE10FB F8CDFC0F
0FECFBC0 07F28E82 9D2FDAF4 761DE63F
F333F56C B963DFE1 52E51FD1 C9A82086
0000D8EC CFB396EC 91412D87 48FDA487
59DAA2DC F2B56439 173DE00E 382654CA
7DC03827 27131018 A0752D10 81045BF9
F8B2BE3F 23F73503 0A5579E2 035F9FFF
CA50D1CB 01975600 05075FB0 0333F53B
50DF709D 8401723D 45CAF7A7 328A5725
75E01036 0000A55E 431A3A71 16AA40BD
36688F18 0A84CEFC B08E769E 2901AEC0
43000A4F 472809FE 6EE9FC8B 6FC78FC7
E0FEA03C E99F4203 2F7B1447 A26FF334
DE1AFC1D 1F011FC5 E0900052 7FEF6873
71D82A07 F7C81D7A 9A640147 36FF0458
66F1F07A 57FA6C6C 00000363 A964D098
2FA00513 DCB197D1 33ECBFC3 E47EBBFE
05F76F1E 800C7162 66008791 8C600478
3A6E7E67 713B43C7 F1C0A37C 0F0E0370
A6667CD0 62B7E3D5 F51D5F1E 1171FFF0
38091CBF 4003EDAF 00101D8E F7002CDF
692010D8 9B93DFBF 3D0D6FE0 00008A86
CF327041 43B90C17 332EBD8A 0009F800
A000AC20 98000712 1000FE7F 5C303FFD
F3DA07FF BF9480FF F8722C1F 2FC3A7E2
F27F00FD FF87F8B7 37FBF793 13FFBBED
004BFC0A 23B4CF40 010E5C08 1C2C35C1
C0047F54 F204840C 2B3EC001 F169BC00
0000AA5E 249C6B41 A0D57601 2FDAA784
205C3CFA 0F1C9AA4 A0E22D05 7DFE255A
C6EDA6F6 4C3FF827 2F1FF585 D6ADDC3C
08FEC434 83C7F2A3 437C30F8 340DF9FE
CDA11E82 01F98300 ECAB412C F8573F07
4F7EFCA0 F2FCCF90 F71DE51B 08C9FC2F
E515BBD9 00001967 70F0ABD9 5F5231E6
04D0FFE5 F04C47FD 6840F2F3 4780EC1C
CF7C0180 75F7E825 0A579FE2 F0E830FF
2F0A13A7 9CF1D42C 7CA03380 241843C0
34010C77 C2E4084B F089000F FF955E01
BFF7BDF9 27D3FA42 080DC5A0 C9818450
71B017FF 00C293FB 00007779 0AD60509
55F128FC 732C8554 6B7B1DEB 9583DDFE
B7D1CB0D FFDFF5C5 6EFC718E D596C7B4
0762003F 3148B403 F244F313 068D1F21
009871E2 7193C729 C82E0B7C 1BFBF033
30D66E83 E588E6D3 FD1F4DAD CFE83D10
3ABF3F0D 49CFF369 64C6E93F 0000FC6B
1A64785A 6728B933 4AAED0F2 C436E52F
BE2103DB 4FE41A39 C73F1539 2003F362
15C7782E 01CCDF80 01069238 D3F1BE38
C71FDBB5 F0F9FF41 502BFEBB 65DDDE01
35966080 4A353A08 E3FDFDEE 7307F8AF
4B802D8C 7AE850D5 A7F5AD57 6B125CDE
0000D535 CAD32B21 E4CED71E 03CCCFDD
1A01B33B 36815C9E C2E82160 24150308
A35C44F4 32AEC589 7D143C39 8EF523F1
40365C16 1E1B7ABB C9FEBFE5 12D5D87F
5E29FB3E DD7423FB 0417E074 258067C8
6644D31D 490046C5 E318A0C6 ED53F41B
543F7939 000095B3 703CF165 03F8D9F2
88C10BF5 1B0743E3 9C94AAE0 7D5FACBB
95F40A7F 2C27927A 4F4D4304 DA28321C
19DC3000 C67ABA82 081BF63D 6AAB2D1B
0FFC99EA D79CC3D9 F650F39C 0F724FB8
EC7F36FF 122870CD A3FF8421 EE7B522B
050629AD 726CA032 000094CE 12DE3F62
72A22E70 4BE9EB48 269A1E89 E188EAAA
FFD911FF FC9A4503 BA1104C3 13100010
7F680000 77E8A203 F3FFDC9C 9F13FEE7
E7D51F32 B377F8BA 6F65F7C0 800999BC
380CF2DB 71211B5F A034C2F7 8A853A34
57546DC2 E079FFD6 596E7597 0000B779
3BE92EEC F2E534C1 903BCE05 6D220E83
7FDC4935 1431E81A FC81A7E4 0CA01A3F
B6DFEFC5 F3833EFA 467F77FF 740F55BE
57C098E0 04329963 3B901037 4AA00002
D33EF800 CFFA2B0C BEAB56FF F628EE23
3DFF0C8F 2C038CF9 C39DEE46 C77D7DDC
00006DE0 51CE517E 62F6FC07 7B71215D
0FE18440 78BB484A 01D3E880 C8BE3E1F
DAAFEF6E 7511FC37 C7E707EE DBED383E
17FF5D83 C757FBA0 DE2AFF2F B1F803F9
F907801F BEB61603 07CFBD22 00004630
FEE00960 8FFE61FA 533FA00D 9DBFFE80
1DD6F48A 000098CD 284704EA A6C4C27B
CAD7385E C27B16A8 8D14F3BB BC7A640D
47EA96AD 77BF1BBE 26D1FDB3 0CD49F07
00149860 FB1EB76C 0F7F325A E134FA09
7767A72E 53478A22 0AAADB00 11D1DD53
9564169B 9D2CF719 1B7F43AC 935453A3
20771403 AA97E238 0000D098 EC29CF70
679C12DF D2D4D358 16EF0781 817FE38C
0017F1FA 48040249 50766001 7201FF00
DE300A7C 434361F3 FC3FE44F DD813FE2
069E1A47 6ADE21F6 E506CF9B 81B47FFF
100695F7 F6018DBF B8580251 BEC2215F
C4F5A103 AE7777FD 7CDBFE79 00002E1B
EBDE2B73 710AA456 465D4D9F 215BF351
70AE256B 41F7BFC7 4A0DFC4D 25F0F50E
276F1EE9 358D7CE5 058E1F2F 30311001
00083080 400184AB AE1D9810 23DC1C49
7B276183 7EB0F20C FDFDCEE7 412F589F
D0FAA0B1 A113E613 BDF7A7A2 A92E8D9F
0000AC0C 7E6AC654 C94983D6 38D8CCFB
7D0CC6E0 ACDB0D5A 37EB5CB0 27FC147D
C047C337 D206BE37 5BD5F4F7 0233FD46
BC0ABE26 E7400F45 D7FC008C A060E625
297A7200 3F74C4E0 5E2BBCFF 9D2D5F56
B1E3A799 2CB8C73D F54316AC 42951DFB
DECDCD57 000024C8 AA7ED10D 811A21AB
5FA04244 26FFEB02 07ADF260 FC671A91
C9672A7B 4EDE7CD5 3A9DE7F3 19E9447E
F039880E 6F006E16 0F5C1890 E3BC4082
80EBE702 F645173E 1D2A5233 2959B0D1
2058B5F2 7B27C546 A2135346 99ABA5AB
EB23FCE5 4E4870D0 0000F21B 5DE7E917
C1DF6AC1 E1FB5257 49E085F7 E5F889D3
B78E49F2 99FFBA97 E2A0FD5F 6E510DFE
03B6800B C0234800 E6421BA2 AEC1030A
D60E0572 CFB02023 1DCFA40A CF49AE79
7F1F5C63 DD89559E BE1034F2 4100557E
2C265CF2 82C63738 05D5B2C1 00008146
AC57F76B 1675D9D5 8820CC50 014BF000
032F3640 F7D85E34 2BBBC7F6 2E091E37
F21003F0 FF5FFC1F 07FCBFC0 863FB7F8
F8E3D35F D7DF0C05 FBF07804 C47E0780
EF5F6038 CE31350A 8009F268 DE1BD118
2423FDCF DF247FF8 6F4807FB FC091015
00005AC5 9F8AF064 4B404819 AD253FBC
BD0CF20B 0FC6F5B9 84FE7C41 1AEFAC4C
E4F9F342 DBEF8F8A 20C90072 C05E8404
3F20898F E7D331B8 F61FFCC5 61303FE8
848687F8 0255B612 91564B40 D84AF60B
1D4F5A14 2D3EADAD D522E215 81DFD5D7
AAF7573E 000052E0 4DCC411B 20AC20C2
7ADCEDAB 29493D18 C224B7DC CC53BB5E
2F87E6BF D0967D52 ADF881CD EF3D00BA
7DF5C00B C3605C02 BFD83AA3 D3FC83E0
3FE9E100 471FEC80 7795D5C8 422A494C
8E401FE2 4CD065A3 AD5E477A 5C0268F3
3608015C 198C5B55 0000E173 6F05518B
0E9D5868 FF01D884 0FE59A00 80FF58F0
7417FAD3 7443FFE1 B200F9FB 1CC00FA7
E3E00038 3FF3A003 F1FE3A85 5D0691F4
7FB001EF 47FCC07A 217E4783 C001F078
EE00AE07 39F02AE7 FC6216EF 7FC9006B
2C8880E5 CF000001 E0B5E000 000071A7
38894389 CA62BF6B C2DD3F2F 6FCF05EB
81F9858D 0E3F85D2 10E0F4F4 6B6E1FE2
17F871F8 F067FF01 FE097C7F 73E2D7A7
1E0F8CB8 A05C6C23 66204793 37712F33
00C54030 301E9239 71FFAA80 CFD7BC02
CC1C7F15 2FA3E5E2 26A6FFFD CB15AB90
0000FDFA 60B5AA58 E24E76D0 774C2380
1AF136B6 06D7190C D83F03DE A341CBE9
00895CF0 7B320F09 FCBF21FD 178C7541
C27F99B0 81634809 F82A852D 76E9702F
18F00941 F4D3E038 7D934E11 DD7E2AD0
3FC8B067 B6F5DD3F 40B5E91B E5C1994E
7ADA3179 0000BF18 BAB02305 A4B8859D
EA48C087 2ADDB9D0 00BA3770 840AECC8
31873353 536C001A A8F787E1 CF8DFC7F
40FF2FF0 6F99477A 9A6E5AAE 3346C683
2E2E7BC0 42DF8E7C 35E5DE42 C0623AE0
A1149CBD 806620D9 0034871C 27F9D663
6C4A3F31 A5A86CDE 000014C5 79047B15
A38B3948 771101FB 40474FFF A003CBEF
9C0053A3 30200B60 24020335 5FC00969
3CD60B9A C4062178 3E1A2107 13CAE6BE
DE353D1A 32B5C3CF D4D1D96F A1C70BFF
FE941B55 3DE1BC9F 01AD37D9 A68008FB
018A419E EA2E09EA 6BB820D5 0000CB7A
5FA05201 53AB0E70 0B928601 08356BF0
83FCD83F BC07D722 9FC0EC7C EE7E000E
03FF7000 E1B3BE00 1F9FEFE1 20FBBF74
3A07F4B7 42C04B54 93010016 1BF00001
00975000 0C5E3FC0 507FB1CE FE81F9FA
F9D01BC8 2BE85922 A8720767 454DA16C
00005E60 6063FE1D DB91D9A3 9AA737B5
5CC36E95 7DC2B1F1 FFA3406A 863841A3
41C98E2B 6E2810F4 F59D400F 0FD8B200
81FDC920 ED0DDEC7 4499F44E 35768D3B
7B4A4C32 7BA1B9C6 8FA5993E 6B76CEC7
8053E88A 541424BC 621A18D2 950C7A6D
7F20802E 00008A46 15871B15 9799D5F0
72F631E1 B837AC86 E7811FFA 8C185DFF
BFD380A8 29FF3C09 0D0FC3C0 01401838
3163C7A7 E03FCE7D FF07EA9F 1CF07FEB
71F703F7 FB1FF81F 1FFFF240 20EC5BE6
C62D7FFC FD5196EF 57BF90AC CE6DE019
47449F92 F4033907 00005824 26C1AA38
C629E558 EF94FEA8 F659A7B8 2074F55F
BC0FE59B 81E07E0A 500607E2 E880707F
B4AA0F1B F807A27D 7F801F2F C7F90410
3F73F041 57F33808 31FFB9C4 C2E5FF9C
081E0F99 110033B8 40071952 501EAF82
DE83807E DBCA1F6F ADEACCFF 00003C13
E4BFB134 9F62C8F3 EAFC0CC9 D8208C1D
3EC124E1 C3E0137E BE3F806A 7BE1BCA0
F14E09E7 2561F19F E015F71C 1C00B821
800004FC 9D387CE3 FFF18FEE 952BF9FF
059EAE03 30B7BE00 27FD95F4 677FF5AF
01FF5F16 FD8BF128 BA85BB91 4F1F1C90
00007502 AB4BC6EF 50B6D1C5 F429FEBD
0FEA28F1 005C9807 008802E0 E80EAD08
EFC9FF87 643E3F08 A23BF0F0 1FC13F01
B1F2A1F3 D6DFC44F 582EFC1A 87C070E8
29FE0784 EA6BF03C 9E84F7E1 0FE11447
003FA0C0 6000F9A0 B7000D03 D28E7A89
47109EB9 00007B33 3B995A4D 40917EFD
EB992D7E D7AE56AF CFEF38FE BCEA9B89
014FA659 7800FDA7 65E80410 04C76601
3D3033E7 5BEDE5FE 243FAB0B 58B5E678
15DC5594 334E0082 F373FF16 259F2785
AFEECEA0 2C119F7E 359E6216 195B7D88
ACAF6FF4 98EF055D 00009F94 8B447669
28DED1F5 85080F7F 002973C0 380B2A7F
C3CB479C 401EDFE7 EB0BF17E F338FF1F
3C97FFFB 03E43FA3 00715AF1 70470167
C7CE3858 A00CF080 6380C609 EE360600
1FE93021 49C85E10 AE974280 49F6F1EA
36FDFF00 D8A7F7F9 EC215030 0000D9A0
5078922C F9FF6F0F 0610944B 02038623
E17C42BE BE06DA6F BFF05926 79BF39BC
9ED6A7EF 3F6B485F C08DFFD4 EC000DBE
2FE00AA7 E21E8116 4D45F105 3967860B
68BB8DA8 E4F2A806 DE2A665F 7278438E
6B36159F D693FC6A 0D524727 B787A216
0000382F FE524B2A 21FE9F07 0E6E3E81
0B8F4F3D 4A5285C2 DF93172E FF6929E0
BBBD8161 109EF000 9D25FF42 7FF74EFF
3BFEBD8B A68FFB4F 0F401BE9 C0D701F8
CEA570EC 6AA05482 2E674B10 02A4F22C
B2FC0815 891C5BC0 83F59EB9 2F3DD796
4A698360 0000E181 BE3DB1E4 85FBBA92
2791FFFA E0E35FFF D67F237F 4A4FEAEB
8FF3FC13 B2FFFF06 103DFFF8 00801A20
0026F000 00000B80 03060410 00007010
28001241 CD600B32 33BCD7F3 F2DCDFFE
FEFBCDFF FED6BC16 BFF39E87 D1D6EFFB
82403FFF EAB1B3FF 0000807D 9D2089D8
7990F04B E73CA045 997DD445 7E829DED
7BC12A99 AE711C0F A6F50F45 B08450CE
DF915381 1F57C53B 407D42B4 F804B4A1
90D0EEC0 585E0002 0174BC07 07FE1940
C2CA744E 4DF61D01 BD97D77F 2F7D6FCD
DE1FDA34 B0C71E87 8A28B112 0000EBC7
0604D54B 242F93A9 F1658641 4FBBA77F
E37F9CFC 241FCC80 23658F19 251F512D
1D01F807 007D81C0 600150F8 7610C407
5670178D EAB20066 55D7900F C81909CE
F59AC79F CEB6A36B FDF53A27 ABE96C51
78C41BE2 6D3AA457 191A12F9 C49E34BC
00005582 FC0DE1D4 063F7441 05F96292
B0021004 0CB90C01 1805226C 3FE00557
F3BF8095 14BFFE04 F110B9FF 3FC3D507
A8FF1268 A8FAB5A6 84CFF337 0481FFE6
81C8B778 0214FFC7 A01E6ED4 6F8374F0
7ABC7641 E2DBF30E 18203F8D 7C8000FF
3D74000F 0000F5C5 CB71F93D 0D59A7D0
4E2CB3A5 2CA00E28 9080A100 CA0E9591
AFDC3ADC 03FECC5E E0C7CEF0 FF72B07F
F5B67303 9D017E23 2F34668D 4BA1F095
6EA33F03 1A7B23E9 80DBCC78 78990A86
03824294 41AF1098 41934ADA C1FEC2F3
942F8F61 E599F3B2 00000E85 2D0A757A
C1A46C63 FF7549E6 7E3B8A00 FDE81BFF
BFEFC257 4EDEF449 80727E98 EC8CC2FC
86D01F3F 3B810083 032C4808 103D1C21
780F287B 33C0F6B5 13BF07A0 005FF818
801CFFE1 FE00B3FF 7BFAA82F 3DBFFE65
A01FBFFD 518DFFFE A435873F 0000F30A
0883E5A8 991AA280 4684359D F76D191F
1F907D03 80D028E0 80005B20 6FA07BCE
FE1F87BF FFF1FC7F 8F921C81 5876E9A1
86E16640 BA7F80CD 5A0DD80D 0C781FE0
F8C7E0FF BF897D5B 7ED0D454 6AC00B40
CAF7F806 022D6436 1CC60000 C2B6980C
0000A6B3 660B8609 2DA56B31 B6A3648E
FDAC9E5D BBAD9227 40E1A8A1 B80156B4
FC681254 0F4FB983 EED862FA 9F0B0917
786F37DB 7F009503 057C4813 4D1D8FD1
A0DA03FA 11C58A07 E18AC500 FDBA38CB
05DCB4D1 41FF82D1 BE0FBCC3 B104CFA5
B0421C64 0000DAB3 1CA7137D 5F18E986
C084FE57 0330FF81 A0232CDC 830FAE40
8FFDDE5B C37FCFE3 FA4FF8FF 5F1CEE0F
00772F20 F00034FF 7F801C53 07B78022
4001790C 01181F00 003E0480 F06E208C
3F7FC40C C3E9F950 5FFFDF2F 09FFF438
DC77EA60 FF0B9DCD 00005679 28A051C3
65AF90B9 014298E9 62890507 55EDAEDE
7CBFF8CE F3E57816 1A2CF47A 92A02121
D77B2C43 FD9A6CE1 FFD3528E 8D7EC550
02FDC4ED 089BFA9E 11824A00 4A1D7F8A
04FD9640 80FC9400 E1BB9C7A D6C1DFEC
86D0FEFE CCE90FD4 41D35E38 00006D1B
D4890010 316B36AC B7623CDB 03C9160C
E30C9840 8AE5F8A7 00040EA8 700000D9
D2E8005B FFDFFE01 FFF8FFFF 8FFFCFFF
F01FBFFF FEB3E032 E4F49EC3 1E3F87E0
080BFD04 3DE2BC68 020D97E2 81EFE933
38ECC9A3 D9C19F08 01DE0000 CE3FA028
0000CE3A 80C42C32 7D341982 CFB58F9E
A7F82F8F 86994414 40A37E80 90016EFF
F8F0F8D8 FB9D8F7E 42A3FFFA 00143FA3
20618FF1 78843012 ABA0170E A47E01FF
F34EC7EF FEA16F7F C77472CF A0080A0C
12A84BB7 A0085C16 34E0F9AC 46D3BDEB
191220AD 0000DE2C 911EFC48 5171038D
F22D47FE F791C93F F7D0202F 5FA4BA01
EA7960BD 1A241E63 7E80A0E8 02EC2309
F8618786 0FC22DB7 35FA659B 119EF93B
9918EE67 1878D0A4 6E59CC82 5DFBF4BE
67CF0B7F 88EFFAD1 A615B294 FB6D14C1
B1587E13 2BBF58A8 0000C0AD FC7F2669
ADDAC429 5FE19100 710A8501 07EDF780
E07C1814 7FE3E0BB 16C7D015 0CB01E80
BAC820E0 3FF71D07 81FF71F8 FA01D8DF
DFE7026C D3D7BC06 146071C1 7E7BDF88
8FE57C7C 187DEC83 0107CCC8 501FC146
5913F84A 0EADB4CF 5639FFF9 0000F680
634009EF 94B67A09 60EF8C8E 0482AC01
50A393E8 6F3D8E8F 18F0F056 BF05C18A
F3F01C34 FF6580FF 3FFAB807 29FF7D87
EAB7E0D1 A838F88E 04B1F7D0 4E71AF80
046D47E0 1451848A 81F917A4 D20B63D8
FF2FF4E6 C2ACDA4E 91884034 9276500B
00008C6F 24B4E817 8176E706 1663B388
E00E7BFF FF80619F FF3805E7 57F1C017
800F1C04 01A83184 F03C5BB8 AC3467FB
080FA6BF 043FAE41 00C3F9A2 EE17FFDD
F8C0FC3E 3FE18763 73FDB8F3 F7278FFF
9F9847CF 3F9800BC BFFD028F FC1FA036
BAFD3D07 0000ABF4 6F835DF1 1C103ED1
8FE80018 69247971 00E01314 F008E937
3401EE93 32980287 C227F0ED 31715F87
F82F51FE DFE3C8EF D7FC665F 3662F49A
5D3FD7F8 1B6874FF B7D5C5FB 139A15CD
007FDA90 20BC3545 C010C27F 74F2845E
EA01AF80 9207214A 00002468 4607CB8E
8EDC0CB3 D3A08864 B392A58B FE95D103
08C39002 8F0F5A42 46D3F3F5 BCEFFFCA
A0BE93F3 C134A18B E0017300 AA862470
3BE87FD4 37D687D0 6B0E333A 10485FEC
02F56B10 56061ABC 7F9CA970 196AD76F
1B626DBA FD99FF92 8B46DEF9 0000D568
E3AF7D36 7ED8958C 72EE317B 038A96F8
B80FAC7F 47C1C28E EC7E0968 DF57F2F9
786A9F9F 207911BF 80072018 0C105A03
00020CE0 CC027EF2 FBB1BFD0 01A2320B
01327F00 941F6FF0 FBC545F7 6FDBEC76
43FA3E4A 7917CFDC F8866330 37D390DA
00002710 6ACB30BC 5AC24DF7 0CAA7F14
00024DE0 01E0F1D8 F03F994F 1C03FC91
F05867E6 F3C11F9E 8F8B11E0 81F8001E
183BD603 790D3DDA 97E1D1E6 FDFE80F5
0BA3E400 E0D71CD8 7E0699C7 C38C71F8
FFF0291F 9FE80FE7 F7F801F6 08F70247
60ABB012 0000D173 94136577 5C9C02E3
D34A0F5C DA86DC34 18293C4C 7E66222D
FFE05CC4 C7FF03A0 A477F102 F3945FFE
BDC21ADF 7DADE64F 1B0B9B0D 4E11CD8D
E1D11BA3 DF4FD003 81934870 D0475AC3
53011952 F0CA8818 0112EB3D 81056734
B8368FBD F8715963 00008E3E 4106BB8F
29B2896B 27070055 58939ED5 48953D8E
DF819100 83F82E7A 3C1FC249 4B041040
809ACF80 CF7EF578 FFFFF16F E303F67E
3B600FD3 AF7E81FB A37E3C1F 7C188DC7
623CCDFC 10448808 4A081427 1609010D
1AA18287 52021C38 1A743B6E 00004F17
95C9921C 8DF1E461 3237D5B9 D53DA174
B8DAA19F FF832CAD BDF84A5A B883CFFD
B97018F8 FE568187 0FEF801C 20E09AEC
38180BA8 C44181E5 B54A8407 5F2804E2
FF41C58F 5FA76C9F 2ECC3101 EBE6FC16
BC70B52C E2ABC811 B6B4AC19 11B380BF
00000805 3E77846F 592CC92A E55D4960
822074F7 6EAD0A5C 016B9E12 A0057536
F930F901 E482BCF2 FB18039F C7A78068
7E38CC07 DFA244DC EFFEA6A9 D54F33CF
E920BBFB E1DD7FFF 1E90441F F8F27122
23435461 732C8187 B3858054 3AC9F01C
E87C1818 00007830 8657725F 9743FB59
311420A1 98ED2929 5E806C18 D23F6235
730F2252 E140B7FE E591073C F6FC3C16
1F8FC38B 35BF46EF 1128DF0F 83B32507
4F451172 1DB13716 D0D3FB78 EA3F795E
6C0236D7 AB003121 72FCA328 37DE0A86
3D0B0CBB EE4CB973 000078F3 83A1341E
3B6A0B31 9A887B53 9CA3BF02 F13293D0
3F87445A 08D474FE C304406D FDB3F45F
7F4BFF46 71F57F8E 03C7B7E0 183F685F
C0E077EA E41E07F6 1AC9703B 0A700642
20CB5000 7260DDC0 7E633D1B 17C82E5D
D9FD1078 F84AEC8F 3C67356F 0000AEE2
2CB881E1 907847A1 51C8011B 0320EA80
F03C3FFE DDC366BF 3DFE32CB DD89E3C8
F8F81E3C 7E15CC47 1FFCFE88 49FE9B9E
406FF44D CA0E7F53 92A46777 E89144F6
7A0801E7 E663791E 8E68D2DB 3D67D657
0CF4E003 6DEE1E35 143AE780 299598CE
000097C5 0737CA9A 9CB7383D C5EA804A
141B9B81 29A71FFC 97FFC3FE C1FFFA6B
1405FF37 E6F0007E 0C541C03 004461E0
00C15800 501015B6 7EA1C007 07F0181E
5B472803 83C705C0 785DB04F FFDEDF02
1DFFF0B0 BDD34C3E C11FA0D3 36D1FF03
C28E0C67 0000A853 86CF016D E172C255
E97741B7 66C3CD6E BAEE692A 5FF86EA7
BB7FE89C 9163FD41 384E8184 075FC080
D0407407 9EC2A3E0 770C2175 8251D739
7CCA0434 1E11C1A7 FBFCC09F DFC7BB03
3DE19231 1F9487A0 31747526 BB4BF0B2
44C27EB3 9941AA6B 000062C6 7C11D895
1B1FCDF5 1434B979 33A881F1 F9BA5CD2
B13C84F6 3EAFB1AE B6F3FCD5 888FAE04
00C2EF00 401E9DC6 0740D22A 00FF7938
8207C646 6FEF3A58 62A3B58F F79B5FD5
1FDE7987 82E5A4A8 D22E90D8 0047A9C5
12635E5B 22C04F0F 51DD6FC4 000006F0
6821B467 BEDED111 52A581EF CFE4B9C7
CE2504E8 B0F7C985 AA07AFD9 A5007A13
3049F305 0103AFE1 F0031EDF 1683300D
821B0816 0E6C9811 2D7C3E3D FAE6B7F0
D1C57DAE 814F7A5C ECDFFE33 B29CD0F8
1A708F20 0F91FAAB 2E2C6687 59A41008
0000042E 0749C0A3 A57EC36D 1B0271ED
304FDF3F 45573860 C039FCA5 FF07FE55
0FF878A8 019FC786 80187C30 1D05D7C1
20E43086 00077360 58382AA8 57FFC77B
3CDFF836 5C07FBC7 87C6377C FC3FF7FF
BE89F83F 2904BF27 010087E0 DFF200BB
1FA417BE 0000ED62 7CC40928 7EE329F3
4E53C6F5 609E884F 4DC080AF 10C82D04
AB5E396F 6913C11F A0182812 C2D15BF1
1D917DC3 C1F97C30 BE2E620E 9E505DCE
1C823785 81DE0FF1 114A9771 60E79C9B
DF2A0069 7FC499DA 937570C6 CE9A7559
F2F2527B 18C969B9 0000D25E 1C3CA73A
44046AFC 04C1388B 61FF21BC 7E030BD3
15E81448 D215012B 15EC2500 F1CFFC3C
6FEA7DEF FBFE6BBF FDAFC037 1F9F5CE3
61F6286C 2A034287 D3E33B05 01680A10
F1A488A2 2C3FC086 02F70B81 A6A497DF
47AFA55D 181BD7D2 A9DC515E 0000A373
59493E62 CA6C626E BBBFFA0E 6FE53626
37EEA19B 01CFEE31 030C1F0C 46008BF9
B5CF8C2F 03F87C00 07D44F80 9276BDF0
5DD6CCA1 2BF793C0 FEEFF876 38A6F301
E806BFB8 1CB48AD1 C7E4B611 814CD8B8
871FADEC C4237DAA 1F3D8A79 1F8E82DF
00000C72 A8135A99 B64CCE0A 16DE572C
6426F2F0 1C1728A1 8B8384DA 26BE786F
CABDE1E0 F1C80E3F FE84005F B7E95803
BE2D9611 DBF8A7AF 9747C19A 3A2C3F1D
091176F1 081119E6 408C500A 67AAD748
EF1B71BB 7DC5E564 C9DB4E0D 0F140C86
C6C4C175 00001730 2D8132E8 A535CD10
9648BD03 83254001 70C1BBCC 0550BB88
D472166E 3B00827B 9DD2FE73 7D8B1FA2
813C8FF0 761F7B6F 23C5F39D 5F4A3FC5
266668F2 ED4B8F9E 3ACDABF1 D26F8AE2
A401C182 0F60BC0D 1F461C83 1EAC05A0
B237DA7A 10D0376F 0000B652 63130FE0
EDCDC6C8 E014B23C BD064C07 46F680C0
B1FF7C31 C1DFFF7A BA03FCF5 A7200435
025F8000 0002C000 02404700 F03F08DC
5B81F807 1FFC0C03 0076E080 003A3780
F802A17E 17F4137E A49FC379 8E03FBA0
0D204FA7 C06A5FF1 6A37277F 0000BDE8
07922B79 0D04640C 4901D597 E405E09D
FED72725 C0982E4D 7F0110F6 37F5FF87
001F4FD5 00AEE070 BE07B003 F5C0B23C
1FCE9601 D03C5A44 E14141C0 FBE89E3E
768BD877 D4FDDE87 F6A361B7 7FC51E3F
BDFF19C7 54BFF8D1 FED91564 5DC42A82
000007ED DA739B31 8D7FA70B 2D9D3FCF
C090B3FF DE10F9F9 D1F034DF F10F130E
850030E6 FDEFF107 0D45FF81 000B75F0
6080E3A3 478E0300 A37CFCAA EABFFFCA
8B007B78 11E60333 F0FC88BE FFFE8037
03FFEA96 0FF7FE2D 25FF82BC F0EFF800
21D13FC4 000097DD 9B18ACF6 F0A46CBD
3A1867EF 385A5388 405BA8A5 8C13B3B1
93015A22 0E963E3B 8E5BF9FD 20E79FC3
E00C08FC 2BC0D606 4E3E2189 7AC5E2A9
7CBCC3A7 F89BCC3E 7FFC45C7 C3B5FADC
3444C42D 01208917 E80422FA FA0B0399
217E71D4 9C115E60 000095F8 50723C9C
7B14B5AC A3DB8545 4CBA9B1B 70651411
248A6C18 F526D152 94B103A3 D8F17EEC
DAF9F7FF E7302CCE D60671F2 107C16C6
DC87812F D9F0A401 CABC0022 FD55E82B
7FF60FCF 4B7F2FCE D114C6FA EF24744D
D268257D DC362900 AD744735 0000AABA
132DBA45 8B20E9D1 F2DD5A7F FDBCD47F
3D6F8E9F 23FFB0E1 8001F7A6 211C97DB
3933FFFD F1FFFFFF 7F8F7BFF 0002BD9C
C00038BC DD012267 2CF0CF8D 006D03E0
00CF6C00 B002607C 18AF167B 0E7FF564
C0BF3E6E F7081FD3 6AB411FD 29466523
0000FC82 D68B1AE8 18648710 B1F0C007
0FC81F02 E0F725F8 7C15F09F 17C1E097
5DE11F41 A15E29F4 C42FC394 F822783F
0FE62F81 027EF6B8 E00A7FD6 F7FEC3FC
FABFF81F 1E8BEF81 03F83EF8 E1F913EF
F60E0610 87C050D9 AC8E1B3E 15D00100
4992C000 0000A703 EDA534AE C032728D
4CFB8D46 862383E4 A87AD2FD FE264EF9
4BFEE447 EE086FDC AEDA4A55 00309F81
FA8893DE 0B3E7723 F173FB9C BB0667A5
7AF77096 73D2EF80 E3F78059 BE693A7B
A39EA465 1D1FF313 2ACC45EA 72404D54
9BA60023 3D4800AA 00006C8A DA791A5C
A424238B 979309DE F3534C7B 1A951B99
9E9ACC3B 00574361 2E0C3B85 B9442308
46A1520C 321F5017 6D40FCCB 71E4943B
C37E0794 115F1F1A DDC4EFC6 3F9226D5
7BBE96FC 7AF5A095 475EFE3A C4FE5801
82ACDCC6 5C3BDA03 32A2DAF0 00001ADF
5C2E6B02 BF9A3286 4D541E23 B6795408
1FE64E0B 25ED90E4 400035AB 24000565
9F5807C7 FC5A20FF DFC023FF 795DDF4F
A7A82BCC 7CB9E535 D4F5C3A4 CBBF1C2E
13FBFAC7 47D27F14 40F65B40 A84733A2
78B917FE 071400AB 62F9DE12 4495DE8C
0000C152 912B8188 57450AF6 CDE99235
22447DF6 84976D56 FB82587F 2BBA5865
492627F5 C7E43B79 32B2E387 808794B0
3ADFE121 1DDBE182 F7BBAE28 345FE0BF
F5E44E00 F5FB97B8 7D7398D7 33D30304
2C621570 ECC8F7A8 8DC12372 DC846823
7D674D0C 00005827 06F4DC57 03D95A31
09FAE052 D3C46E22 0387C580 3B7E53E1
42F3F30E 0D0F0865 F3E5B146 FF1FFF9F
0EFBDFF8 08A307FB D83F1F5C CF87F815
A2D87F84 F1B3663F 3FCFC463 E3FD2C7E
FF4DDF1C 28600551 66C2F290 3E343A3B
B16B8061 2A516E91 000027F4 A36CE92A
2382CE47 C8C3095F 07734301 F0F9F679
2F1FEE08 4051F0F8 A9C15D3E 28BFFCE5
FB83EE0F 1EDB5A03 21FF3FC0 1E07FE04
E1E07F2C EA0E07FD C4A9E0FC 3129A667
3089AF13 19E8BDB1 9DDECE68 56E2FE90
DCF71EEE 6F91F06A 42E65F17 00008D12
9B8108A5 AA2B9FC7 01BD00A8 16730648
7BA8B720 2F0CBC57 9C110B82 7502053A
2D1014AF 0F5F21FC 21360FDF 0C2707B7
91453C0F 6FDF8A3D 3C6CFED5 2403F656
18BC7F86 C1AD777E 5A6EDD9F 2FEC9D96
8D0B67C2 4A44BEF0 5D81D099 8B4A84CA
0000662C 40D0260D 804B96D5 21FE33DB
136178F5 00760DBC 440F92FF 9408D437
7FBB1D73 BBB61FB5 41A0005F 90160800
B98346A1 BFCC0BD4 7D6FC24E 8DD9D730
E61287FA FCC002F3 ECC12B4B 3F38FDD5
2F7DFD3A 98BFCA00 6E00D224 C6A803A3
30F707E3 000071E3 91EBD0B1 FD4C0FD5
72BFAD22 A180BC51 F7174BF0 72013070
03A0051B F6FDF0D5 AE29DF4F 9FD1507A
FF18F007 5686F83C 537A0E30 A28E0447
671A4015 0667F040 69345F96 1F7D9EFF
A3E69DDE 552AF0DF 230EEED9 D46A9EE6
831C3DFF 04307B1A 00006CE1 C42464DC
AD955230 08F9E020 0079FFC0 E0020BFE
FF801FFF 7F1E03AB 2DF86111 AAB7C7B2
3E763E07 97F280F8 3F7F1A07 00781500
8003C09C 1C043E05 9603E8F3 BE4C17CF
83AE23DC 8050430D E7D30BE3 BEF2F73F
C4FE07FD B14300F3 9A53CA65 00001165
EF2B47F6 D6678AC6 E3309FCC 40E9AB63
C9007B7F 6D0006A7 3AF80894 A281A249
A0AE0582 FCAF003D 9FDA6989 6EFE555F
103B6280 B97F1FCF C4897EFF 7B7CAF8A
572755B7 6934BE7C 2131857F CA09DD87
10645CDD BB90DAE0 BC68C472 BCD0AB4E
0000D18B 5249075A 4D3B51BB 8642C97D
F81912B7 78B495D1 CFFC12FE 91FDF0EF
A103C411 0B2004A4 D2D985F0 FE35A6BF
698F3F77 EA05F15B 88F05FCC CB9307F0
8B8183F5 105C843F 708CB2C3 D6804491
21D10AA1 4E3E9126 3F39BBC4 17E3FEF4
AFB73270 00005E9D C66FA523 A4E3296A
4A600357 BF705740 61A3CA0B 1FAD6922
83F6C640 5EDE760E 6B2EFF9B FFE5FFFE
E11EBFCF 0003FAF8 80000580 D50721D8
7F4235B0 12C1AFA0 04439264 00863A22
C0A94322 94122E2D F82A6B23 74003D0D
CD1FBFF9 16755FF9 00003D42 A6FD9FD6
2904ADA1 8269F541 99BE8085 B0B06F27
8783653F A47832FB 66E786D3 71801CEC
FF8A007F 74E471C7 431C691E D0703594
E5A3810F 766F3E07 4E13E070 007B7B00
0EB35BF8 42F542BC FC1EFD5F ED10F807
8C2AD966 D31F458C 30237902 0000574C
A860B6AC 5A0373E2 FEB651A5 B16C45F7
7E968628 BE84B470 08F98182 689FF5D2
D386FFF7 8E7C40FF C7FBB800 0804B1C0
80C5FF8C 4C003B0B F9D883E0 0B174684
02196870 50372577 7FF1FE01 5D2BC548
575FD732 B6EAE486 F5DA2CA9 69B0BF76
0000CD75 77E97BC2 6A6942BB F7B85F61
EEDFF5BF F9EB2A7F 5F0D6556 05F97A23
3BC3DFCD 10D109D4 E6FA980F 88445D00
1C022B7F 32D805E1 A0AA889A 97F1565B
6CBC0C34 754728E7 FBE0A60E 752F1060
CFE0184E 7FFE3BEF 147BBF19 5524C57C
6CAB8830 0000D0A6 4B514250 39C5327F
98B2483B 711F0333 318E7000 9E1AAFC1
A0F9151F 5A420C59 482681CC ABF2913C
F4FB17F9 9B5E96BD 5FB7715B 75DA8F39
D976EFEB 2B10BB80 82BA0DF8 200EE54F
10033F34 AA981AF5 7D015F22 64B00D09
A0364EB2 3B96C838 0000AD20 AA01422D
D89E42E9 48084131 44D3A06C E3B13378
6E04645F 53C05076 980802B5 F8E00032
FE7F680F 07EE3EF0 80DA34FF E9F02A8E
EDF6804E FA2AF019 6FB69E00 FF2980FA
FF05DFAF DE74E4E5 5E11E93D 35BCF8AD
1F3C50B6 17B41907 92B34AB4 0000CD09
91A209BA CE23FC7D EEE29239 FDB8B97F
CF80A5FD F87C851F D5174E23 7FFA1788
05B0DC0A 2D3E09E0 F2BEA18F 0C08C000
00CC2840 061BE128 6017881A 3531C881
E5DA8DCC 1A2EF9E3 0FE4248A 005E93B1
100DB0A3 5400C623 6D9659F1 498AD782
00007E44 B819E473 85CD7585 99610D38
C11CBEEF F2B882F4 AE09AD50 40FEBDCC
0FFFF3B4 EFF3DFF6 D7326077 0039E000
C102EA00 05301A34 702516A6 F7407CB5
E67B67EE B7A0C9BC FAE3AFCF E6258DDE
FFF07FB7 1ED97453 2DFFF01A 671D724A
9F0AE4AA 00007447 0BDFEB55 7E1BD74F
1681CFFC 106B8B89 E10955EE 7F033035
9DFD67EE 2EFF7BA8 9F1242E1 28804401
E008B040 8781D686 7E3ED658 E7D57BE7
71785F9B 4C75447C 38C89522 8013757C
4CFB8A75 90843F6F 400927C9 26A506D9
9A869BF3 7DA550D0 0000D55E 74F20D2F
66C17265 D8344D42 E68F1512 EA0EEA6D
FA016977 869010E4 970281EA 3BB4A873
792B0781 7FAE999C 3FB83508 83F2C9F8
4C3F2E13 12F0F83C 284F3882 F23AFB8E
7F94F7FC FE5959DF D26DFAAA 87DF2200
109AAC4F C7B82362 DE97F302 0000D92A
D7B1999F 3D548C43 1BBE9001 FB439503
C3A3C188 983A2983 DC43C26F 91FC1DEE
A59FF1EC FE83F3CF 7834D80F 238366C0
BE0F21F4 F1E03F10 3E5E01D4 FF91F037
92970F80 F13D1AFF 7F1F7BDB D7FE4C8F
654A029D 9671003A 01E75441 07F77F94
000026F4 3EB37B6F 09060BA7 C5C03D82
F5A58259 7018D746 2002A237 60404A08
E552825D 3847E4A5 4925AD22 1FBA4DC3
B2C6CE0F 5F198905 62B8F7A3 AC7787FD
E8CA7E7D B163B36F 11B376E6 F449FF31
040B280F EB008DE8 561E6418 E9069DA7
617337EC 0000BAAC 2E802D09 F33FA568
B40B5881 655D34CA 44DD8383 0304806D
A3313B99 46BF049F 1703F977 EB8F7798
868EEE31 19FD0076 BB475616 EF6A06E5
25BB1BFF 04447CE1 0A716DF0 F000A17C
0512663B F8C03712 0586AD5C 46740E8E
4AFA3F61 0ED4308D 000024C2 F1B72982
A61D1859 03027E8F 211253BF 4E8D8270
CCFC8F14 6C0FE008 57F47D39 937D8774
AD2DF016 7FB4AC87 DFAC58A0 2FE778AD
33E91CEF 92F902ED C04D980A C1093C0F
9E94A1EC 70E8200C 070ADAAD B64C0985
61734512 522BC143 232E52D3 00001FCE
C60CECF9 51F379DC 5D35941A 0B76FB55
F0264E1A 6F07497F B760AF9E 9C200FF1
2C8000DB 14748003 3053103E F981E4B3
FFCE8677 9FF8E0CF 7DFFEC02 CFD77A08
3C862280 F7AEBA9F 2BDE4330 0F37F08C
E05C393F 4C83F08C 27B07A4D 854EE62D
00009C18 A5747143 4EDB429B C50D398A
1FE61780 27DACA58 0F1E8610 4071ECA8
14013CE4 29F013C6 8567803E FC0AFF03
7F0F17E0 FFFEEAFE AFFFCEDF 4027FFE2
80C43938 10306380 8107C438 78038427
4F805A42 7EF07FD2 DECF03FB D37601FF
FE3BB07F 00006B64 7349BA2B 68A4C56F
0C9CD9F9 C77F42F9 D658E9DE 97F4100F
495FF79F E3DEE901 F106EE1A 0BBE7840
10CA0780 F11B9A6B ABA8A102 E5F0C0CC
3FB7DA0B 4198FCD1 D1F11B5B F759AA19
74CEEAF5 E16DCF63 1A07CC8C D56183FD
0463DF6C B18835AB 000041C5 3ACB1439
5ABDBB86 78F3AAEE BFB85FDF E3B494FD
2E3FE447 C041BC84 D8040D14 B30003F2
3CB01E1F 800BF2F0 FC00209F 87CE0388
B07C70D2 2B9D4309 FD11BC3E 3FC1EFC3
43F7AE96 16072DB9 1148210B D01C0001
3CF38E11 91F9FF20 1511AF57 0000ED1A
60F86186 78C49B0A F131077F FD9E6FEF
DFDC407D F3BF21E7 BF6E6001 69C7778F
0947E014 4C407E04 C08283EE 7801DC1F
C0801651 0C0310EA BE0DAC1B 7911B192
77D80D02 07E28000 002A0300 10FEEB50
F1BFEB82 707FFC60 8B3FDFFC AB3C4FFF
00000412 22DECF71 372A1C22 87CC6F65
E6139F7D FB6F2CEA B71E8937 8170EAA3
EC0883C8 29080958 C14840CE FF740B1F
3D70CB47 C1E78C30 38061915 63C03947
FBC81523 EC03FEDF FFE009FF EEB25CBF
AD487E99 D946DBD6 880A5822 FC6D0A28
BD186654 0000E55A 98A1D961 996ABF19
888D43FE A81EFFFF 88420BED 3FC003DF
20F506EA F821B05A 09BF0042 18DFFFE8
C2C6FFFC E03CC3FF 4703FD88 2808FFD0
B8000FE0 D78003FF C1E0007F F00B011F
FCCC2A43 0F912980 807C05A6 F31FE8FF
453001FE 9FDF40E4 00001603 D6CEC37B
EDCCE069 5D39C5E6 CDBF3394 FF15A5C7
43FB5AF1 E00E3AFF C9003BA6 E8200029
CB8905C0 FF8800BF 4BFF078D 757FE424
86BBBDD7 70DBBB64 635AFF05 015969E0
420A43D6 00C0AC94 F40CEE00 A2268795
EDE8830E CCB120AF B2389020 0000AD8B
64AE858A 04A3D079 9CE5FF4D 19637FD0
F0ED0FF6 3E3F74E9 C083F91C 26841FCB
6C1191E5 05B96F01 3C230F78 C0EE38F7
FC1FE32F E388FFB3 40BA70E0 12106602
8190A270 F00A008F 46F8142B E3A36546
FF16AC2B 695867C8 3FC14403 C138DDB6
00006FCD BA7F401F D1AAAF35 2CDF906E
FF650D6F EF32850B 33F0D8EB F8890317
CE6401E7 582203AF FF80087F 5FBC1A67
FC39516E 6B402657 CF745040 EADFE8CD
00B0BE81 044C41E0 B801831F EFC2980D
92CF2B19 7008BC64 038237E8 8440FBAE
3C7ADF1B 00005837 47C59D9A E0CE9FD7
34919E77 FE4115D6 7E024837 6BE147C4
18FE6CE7 3CFFC07F 2FB28A09 DCA30060
3FBD6C07 F9FE5025 4787FFFD C2782C97
790312E2 9D3F6A8A F0E47EFE CE0A0BED
BA00B838 69002CA1 7080D5B2 BC049773
86ADCFF8 C118E6B5 00004C0B F9747CC7
E5E6FD32 2FA2A594 FFABE223 231883FF
C051B070 3643C2D7 96FC3EF1 8927E1B8
FC33871F 1F028013 C0F05C00 6E028D06
04600EDF 9804C001 0A00DBC7 E0F01FFE
1E0C5193 B7E1D91C 01FC1611 007F0192
857DE03A 07E7F805 2EA92F01 00008473
32799551 5E6AAEFB C0FF1AA1 F72BA654
BC38CEA5 8646201A F1BE626B F801C1C5
9D28186B F0DA04BB 8B8C1011 5C783381
07C706A0 1838564B FB878104 E9D87C7F
3E3286C3 E1F05C7E 7F0E8987 07F83450
C07F8058 080FFC04 03F0EFC0 305B8FFF
0000EBE5 4CCEF52E 428DFFB1 3E609436
7F135123 E5FC713B 3C03D217 C1E01E24
CC0605FA FFC0305F DB3903DE 19046035
0B007201 F4E007FC FFA64277 8FFFE7CE
FE3F787D 7D91F2E3 F397BF66 FF0FCCBF
1FE0D8CB 83181E4A 2E0003BB EB28001B
06BE006D 00003CE3 209A6D12 CBEC622C
04BCF68A 0033AFFA C0219E78 38002AC0
01F308CC A8173C5F 744031C1 FFE3F70E
EEFD42FF CC3F83F7 FEA1F5FF B3D806EB
CDBFCC07 0ADBFCC0 61F3FFA7 F10C4FAF
83CEFA7A 00BEF18A E8006D9E B40002FA
79E8C3AE 4DC664FC 0000B539 8F47528E
65271D10 2AC88F94 E07631BD DF13553B
006B851D 44081BE8 9862F1FC 58AC7806
03BDA0D0 911A62B0 70F31E23 674F0D20
D0B60942 5F2F7833 16A80F85 87AC4810
5DA728B5 EBFF98BF DFB2F382 D97F173D
BF5FA63A 4188361F 4C0C2701 00009AAC
B9F7ED23 D841CEFD 9FB5AE09 9531B418
1CA04686 FFFED883 4A38B78F 95DB05D4
18AB8464 C0B48C0A 19E68D21 33E6DB00
973FE190 8C5EFDF5 C17395C3 71CE9E1F
A5E4BA83 B15D8A43 30221144 C7F93538
391F83BE 1E4CCEAD 38E26044 6E7A7288
000072C2 6BA54BCA F5B93C3A 1EC35FE3
AB067D7E C078FEEF 5CA43B5F 1F038780
9DF919FB CAFE03BF 7EDBE07F E2FEFE1E
070B6DC1 E0B07C3E EE0387D5 8CF00839
152980CB 3A90BE47 C3C9A6F8 FADF0507
BF19F3AB 3BE0D73C E47E3FC0 0B77E370
3307FCF8 0000F238 138B5CF0 274ED437
BFD5A3B5 C5E77ACA 402A15FD 1F870DD5
7BFD9875 5E5042C6 A2FD042A 0022BC07
E006F7F0 FB808E3F 99F989E9 068FA121
1668F560 9D72E203 83279F31 00850DE8
01433586 92239E4C 1F82F4B9 D9BC995D
68479BE8 D21D45F2 000047A7 62D5A0C2
F682416C E87A2E9F 9DB0D3B2 5EF3494B
443EFA54 7603453A 40F5015F 978FFF71
EBCD9FDB F0C007FF 5828280F DBC5E6C7
DF01660C BF3E00DD 0B77D00E 0BA17F80
281EF7D7 EB13A7BA B4F15063 BB7F0DDC
4BDF7BA7 FF5A6AAC CFE86663 00008D8F
FC526568 CAB99CEB 282602CD 005DAB3A
D83C8CE9 FF8DE3BF 6BF81FB9 409F0509
3E000000 4DDA8103 1FFF8990 8C5F1FFD
7CE0DDA7 718E03D2 D628C026 222B1E11
F892E7F2 FFC4267F FF5F987F BFD10277
5BEC6CEC 48D740DC 6ABC000D 5DF3F889
00001272 D74EE7F8 EA0B7A30 40D902E7
3F7F8D5E 441911D4 A0F9EA9D 1407FF48
B9A07F9D 403FA3E7 86A5EFF0 781C7FBF
7380E159 318E1CB7 13DC7459 A7C2C2DB
EAE72A3B BF1CC8F7 83B7A60A 001B1050
6ACBD121 97959EBE 37910BDD 9C92541D
A2EB8A5E 00003BB0 DFDFFE3C DD48FB3E
8B129E84 9B4D8F30 1E5BCDC4 90D3B73D
67CF2887 BEEDEA50 CFF52E0C DE223C75
F66D7507 57198AC8 70785CD0 886F8176
98BACFB0 CC5FD8FE 0A8DDB87 6B149BE6
6119EEB7 08100D1D 8301EE53 E23CEE9A
3C5BB7AE FBEF787C 0000C81A E6EB9592
5B47CF7B 7A366E5C 33376031 4138688E
680A39BD 0BB03B0B 10F63D2E B66FF3A9
0675FF1F C61C7FE0 9FB36B7D DC7D8577
B187C3E0 392E3876 7A361A00 F6EDE092
3FFC9601 C3812CC3 A901116D 2CC3D745
42177B5F A754BACD 481272FF 000015D8
6D8F3EA8 8FBFB592 2E5CD976 DEFE1636
06989288 4CFBDB0F 8E8FF061 24FC7A44
1F0786A9 8A186800 F85F5403 3B7020D0
5DA3843B 89D9829E AF778C1E A1BAFCC2
F5EE5BCD 75D7D1DD E5426349 C0315B31
A8048A10 52AC97B9 6BBD1768 FA2B0FE3
0000BBB4 1E9873EE 2BA1C150 79107F45
C6775BCB F41CE27F 270024AD 607EE00E
C903DB58 1E881DF9 715E00EF FF8D0007
D478A800 3C0FC841 CB48FCAC 289D8F1A
BD983840 0FD89862 707CBA37 3F038F02
73FC0D15 EB6FC03E D89F7E00 3B6AF7E0
A17CBFFF 0000DFAC E3EDC811 AFFE3750
D0BA8B77 F01DBFFF DEB2B01E 08C0140E
2E100166 F3E40130 98FFE007 FBB3FFDF
FFFBBFFF 1FFFD04B 53BEFE41 A5FABF90
720F8DF7 F8107DFF FE2001FF 3FDE880F
8030E510 8801CC0C 5BCA02A7 CCE7510B
3ED37004 388DB840 0000064B 9E9B134A
62F78398 FF9FE02C 07D55DF3 53FE24A4
83D3E28E E01C6B77 7860E739 21130808
7AE83FC0 FF080FFF FFF81A4F D77E5F17
A1E5E46A 871546F3 0451EA01 7C5D4281
0CC06443 80B075A0 106617BB D507FD07
584572C1 F6A92B95 2F4C31A5 00007A09
393E7DB6 8B8EAD97 E7BABA0D 3E7B0003
012FE2E0 C57DF93E 63BFFFBD FE01FEA2
93C00CF0 C02F0207 04861138 002C6796
408045B4 F80408FB B9A02009 2FFE0000
009DF800 002625C0 41FF937B 32057959
0B2D2FE1 AFC49DF2 16AAABBF E3CA17CA
0000ADF9 C36CA3C6 34191BE8 129D5F84
5765FBDF 427DCF79 C82EEB28 D407FE74
4CEE3AFA 1E0663E0 8817BF28 7C0F3807
4BD4AA04 507E29D2 D9A1FF19 D9FC01BB
BA8EC82B 7DB0AB03 6F8C9F40 4DABB6C0
13F33858 4A1FD469 1BF0FFA1 98BBCE49
2C455E91 00006C86 8AA5C141 430FDC81
2F5FA5D5 846835BE E020037F 1F1214C0
40E23BEE A0003075 0B50031E 0317EF30
FFF97F9F 8E5FE7F0 7CA3BB7F B18C077E
0D87C837 D4129FF7 F93BFEFF 9808BFB3
C0069FE8 B603146B CE2034D5 D5FC43D0
74E6B7FF E801117B 00008C0E F7ACA72C
BED07DC3 06567A8E 000A9F60 E404817F
278FE9D0 4030FBC9 DE071163 13BC790B
076BFFB0 9E3CBF30 21FC8FB3 0A8FDD00
60781D62 F18BD0B1 E4087F01 FE21879E
0FC43800 71E07E0C C7B9491C E8FF3CCE
C7BFF330 9717DBFB AC6B01DA 0000387A
27949222 43F5432E 8E00260C FE17F00E
4F853CBF 81F9B377 7F0F26B8 2BF9FF23
EE1EDEEC 0C0A29C0 D6EDE400 06BFDE80
C01F98C2 32151FC3 C0B113DD 96BD97B4
D3D9B93E 700324BF 2E82BF59 ADE697D8
3DF07916 24FAFE1C 0A0120A1 1CB3C1C9
0000C7C1 E676FA31 DB143C0A 979FEE55
8623F1E0 FC3335B5 11083648 DEA02A14
DF7782D0 D5B8FCFE F58687FF 3FFFD003
01FFE700 8A13F7F0 2B23F099 04F47E27
4D67E7E2 03800FB0 3B2B1B7B 439F0ABF
FC357E43 D75E8B3C FA6ADDA5 8EC3D836
7D65D284 0000758D 4E7E7FED 10811451
332D0037 1F754900 83FF6970 BFCF5C23
408E5FFB 21FC27E1 E3AFE3FF F3367E0F
0E67E3D0 04707C38 306C15C0 8385D0D4
66280703 8323C678 106C6133 F00E6373
D5898BDD FF3F4A3F 9FFFFE83 A527FFF1
F768BFF5 BE8B9836 0000B909 AA13CF8C
0E0553A8 770A3FC5 CBFCFCF9 2153F922
F21974BF 5BFFF200 E0CF7A4E 75B513F9
90A7121F 4C15CC04 D714F5C2 320B42D1
3DE2EE86 368E606E 743FA811 CECE8380
4E7AA08D 18738880 D18715BE 83F60841
05B1230F FA55ADC3 47E7E96D 00003DCE
25C31467 7C736A6A E0E36A4B 43FC9A8E
01AA5890 B41755F9 C8E15DD2 14BFBD0B
07D0FFA1 E0BA37FD F08FD07F FE54619F
F76A8F6C 5D22F100 CAF857A0 55972180
56EB9D48 8CF171DC 0890982B 02024E80
D82298F5 810F84EC 48C4B530 4D3B47EF
0000CBFD 6AA4A4CF 047D2683 BBF882D1
D325F091 A6707EF3 CDABAC1A CCFFA52F
1C7CFE80 AA0387ED 9520EC66 D753A200
7E45EF2F 41E02AA9 00870AB2 0CA480BB
DF84467F 7F325E5F 428AF730 C8290DF9
BB00AABF 10DD6AFA D0D0DE3F 292601FB
1823D38B 0000393A 9B34D562 6609C40C
8D220C0F 559830D2 81C03520 2A178A07
BBDB9773 43C8EEAD FB371DFD EFFFFE4B
36662FA1 F2BF4775 6E2DE5EE 61622D19
0C331C7F 3377C0C7 EAC5E416 E11779A1
F7CB085E 3FEBD1AE EFF7A95A 021F9F32
F817DCE9 DDFB9E89 00002FF6 26D4392C
2B6943F5 A93E5609 24F073FE 0A2EDE0B
B041ACED 8A070E0C 179661BE E805FF16
FF8AFFFF C057FF5C 221FCF4A BC482813
5344F275 42464E9A EA21803F 7F7B266B
6BC23C4A FC93B21C D7EC4B33 EE69A803
02EE051C 6359834D 1F4E12D6 0000F15B
C638EB64 84119BC3 685B584C E2B10E34
BF423973 7CF1E9E4 5F044514 A2FDF2AB
62DFE60F FAB7F470 1FE2D803 60FE2470
8201ED41 22084FD2 B101B031 5E048FC2
8054D8BF FC818BCF 7DB0C83D DF63E343
ADFDB455 1A9FF806 2C5DF41E 8F27A300
000016D1 DA6BB9FB 9DF7E831 2D9ED846
04A00E60 7EE3C17E FFFFC36F 6FFE7BC1
8101E3EE 80E40077 00201180 781083DE
C380E43F 007082A7 3F038C8A A5F5F809
0E5EFDD8 FCFDD3EE A1533E13 FF38E1D8
FFF1A2FF BBFFAEF7 00DDFFB4 4458003F
3E225006 00000777 64ECA320 3089A4AC
0E63160B 41397692 6069E0F3 F8221F7F
9FE12DF3 53EF03AA 377FB053 6DF3FF8E
FBD98B7F 27FF473A 9A0B7DA0 EF61D730
DD1E086E 0815E1F3 F575781E 420B811A
B44E49A7 8872C91B F27FDC84 B0EEF198
D4C63905 38A332AD 00008C24 76E677BA
54963993 AF333A0C 42862054 B0B6C5B6
DF6E7F28 E5F38FAD DDFA7FCC 3AADA1EB
041EFF24 E07EFFFC 1EAADAF8 E80C7FF2
216070D6 960C04C0 6923F05D 1ED76843
00EDF902 80066C64 59A313A9 1F0684CD
7F10B20D D84CDF7E A64AD3C4 0000EEF1
0D5A1F06 D3BA6A1F 989867C8 390E7806
62FB0580 C700D8A6 BE1002FC 0FE1011A
DADE0086 7D20680F FFF3001C DFFAF08B
CE7BE341 0CF7D677 4B4FFEC0 A0F87620
F8D6C073 7DA7260F DE409198 60EF1CB1
853AFF11 282220D8 E0EC0A19 2D94C2EC
0000DF5F 9093D81D 32EA78B6 273DB823
0B61261D 05699247 88F95372 E7B78FC5
1937D887 16966F08 AABA9370 F40408AF
13005E18 44851509 DA70029E E75AB41E
C0DAE734 C76AE7FB 3DCB607F 4161096E
42919C99 D58CCBD6 A00A1558 5CFC4E47
ED78B33D 0000B984 9C3B7F0B 1563B135
639B8C14 A7CF5237 413383A5 AE018FDA
4BC02320 E80C0093 9F870735 F7660EBC
87BF21F0 A027820F 2FA46E9C DDF90B77
07BFC054 E846D606 DE93BAF8 EC91FBF7
58741A0B 499127B2 D8265BA2 081F07C7
D148AF78 A9C52845 000094E7 3B393FE3
1655E386 A3E331E9 74892F7F 8EDD6EFF
F03D2C0C C7C7F74F AB7E39B7 A867C312
C9700830 9F91601B B8BC4017 F5E09A80
BA5C42BF A0B1381E 4FC09102 FBE008D8
FF457D03 EDE1C315 2374F081 28F8EF3F
E38FC515 F8A34FE1 711DC5A8 0000BB33
0B93EF6B F6425DE6 CF728715 25A4478D
D1FE6BF4 B80BAB85 03E15A54 FC751D5F
518A60A6 1D767FE9 81BEA7FF A0457C7F
3F8411FB 9FF90058 117EA6F9 258A34ED
F38E3206 E2258AA7 FED7E42E C1E16358
9E7BCAC1 02CBD934 165DBD3E FFC95637
0000B05B 1973F579 D1A6577C 01B7BF69
F85F5F7E 1F0E58C0 C0F01D2C BE0E0465
B7F44592 9D8302F7 E1DC000F C37B2000
EFAF5C38 9FFE7A03 837EFB36 425CFFF7
9757F73C 30CE3F31 C007D3F1 FC0043FF
DFC0049B 9FFC05D4 1EEB6EDD 00F7FD5C
3219E22F 00005DAE 3EFDB8DE 66151797
10470A2B A3F44209 CF5ACF80 F170B72F
7BD70F90 D4BE786C 39E0F102 4176EFF0
C31BF9FE 20091C00 1A43B52A C8593E1E
81C061F1 F0F6876F BC9559FF 3B5F5727
D0A137B3 2F80F1E7 443285A1 DC478087
19192133 35ED9A56 000084A9 22DE3000
940EB40A E1B7340C 008D9300 3F10ADF4
FFFE9F1A 3FFFFBC7 987FFFC7 F9001FFF
071C0007 00134400 F400CFBC DFE60E19
43CF185A 18DA7202 099FFFC0 07800F78
30E428AB 3F7CF21F 418FBEFC 3794EEC7
42FFF1F2 0337FF13 457C7FA0 0000F9E5
9DB922F8 834F9EB9 E0E79694 ECB29042
22B0E513 22FB681B 161FFC26 FD61BFDA
C0EE7FBD FAA2EBFE 5AFB15F7 EE6E9D9F
A80428DA F89085DC F0AA0008 B8523035
F3B36519 1FA7A861 215B01D0 8004C0D6
3D71DA1D 4FF2FC68 4E42F7B3 E1392E8A
0000059D 592A9345 A5C0B2C9 128B0FDB
B14451F9 3F3DF9E6 C8C6C81A 901D145C
02008107 C6FC0046 FB6A4861 9FF6D2F9
F8EC6FBF F78C4DCB A339A79F E4DB9CF1
8A19577C 0112BCF1 C0340967 6400DA13
15CAF641 2B99A111 111FED74 BCC79FFB
6A3F9DBA 000021F6 E6C7446A 0C20F9B3
5F9886D7 6EAA2A27 03B4AA82 AA0BC82C
B7E171C8 A8D7768A E91C3FC9 7ADCC0EB
1CCDA606 9209B0E8 C90CB916 A86D449B
2F81D303 96BC258C F1D8C077 7FAE9FAC
99BA1C30 517EF48E 2831F280 1D24E2C0
F7FFD514 097006A1 00001949 A0B5D85C
161B0B80 D966410E F9877BEA 03976A4F
60796195 FE8E3102 AF5D7326 DD57FE37
7CD2FFE5 6FF823BE 5F1D310D 6FB4FAA8
9401082B C883F80C 7C409FE2 8814117E
70743D67 8E04E902 8535DF2C 2E1E95E9
53FF3F40 717AF6A7 CFC5A3D8 000001EA
E7F47438 306E13A8 0A04413C BF0A93ED
07FF69A7 7F9E2D85 6EBC6B88 5F4697A4
5A4041A0 809B3FD0 FED3947E 14EDDE5F
F443BF0B 1500973D 5DE985DE 55CA4037
3DE2E1C7 7792B3C0 EE1B8248 80424AA4
E2B1E6C0 C50D57CD 0FBBF1C1 6392B869
000094CD 046B757A 19945988 FC4E0087
BD279E0F 44842C45 BD50038B C2068338
979C7CA5 416563AC D6DA9BA4 F27AB35C
070414A0 927F76B0 825FF4BB 0CA77E51
BDE61F77 808D0FF0 380002F2 A0C1DE2D
8430716F 0980FBE0 C0042318 8B11A730
A861B49E 0000A4FA 1C318DBF 349BB16A
D180F11E 5FFA2013 F8FC0C1F 03BFFF40
C46BFF5C 1185FFE5 E8101D7E 3FD02203
01FEE390 F80FF6F8 FE80F95F 57A2FFC7
6FF8DFF8 DE1F81F2 6D13F806 0B901781
C1732BFC FE713BBF 5FF00F47 FCFF87B5
1D7FFE19 623977C6 0000EE86 6D068D8F
A4C70D73 FE3E3433 3F4B3E61 E1F844A6
3F0FF4A3 6079F058 2E801A08 2B5E01C0
F237FC1C 7F91DFE7 83FAE7FA 1817CEFC
60C3BD2B FA80C2FE 16601C03 019BC1E0
A4955A0E E2FFFFE0 7E87FC3F AA997FFC
3624DBF8 030C37D5 CA2F982C 0000B0BB
5170DBAE 136B74D9 C41746B8 17D34FA1
22ED84E1 747D7E91 5AEAA6BA 823FF74E
EF22777F F8F3603F 8B7587C0 BC03701F
3E2409E3 61A0D969 73FF3885 F3C87912
0ADDC6F4 68966597 D11394A8 9F0802CC
8E204892 F0EDA0D6 7D1977C0 5A7836AA
00003653 0EC9C822 E869131C 77BB239A
6E5BB500 24794F68 D1FC2141 400F9AED
50C0FC16 12CC87BB 025AFC60 F031B9FF
70207FEF CB876D78 BF307F75 9D1723F6
E7EB33CF C10DDE7D 101EB641 23D919CB
C4722723 F80FFFAC 89586FC9 69D06FCC
FA43A179 000071A5 FD659440 97937C69
09E8C20A DE6DBDFE 7EEE1DDF B7D3986E
3D0C3F29 C9F8C531 0B014417 8B480060
7FFD8187 DB1FB81C 1501FA53 D19A03FC
25FC3C26 A48BF0C1 F06CFB8F DF0E3FDB
F9C025FF FFC0046F 3FFC00D9 8ABFD055
E5708C60 B0A3C27F 0000938E CF10BDF2
206D42FF 836FE2EB 7D32F879 73F65A1B
2095D705 7E20EF2B 787C001E B957E105
7D0A7C12 3F2CE603 47FF8F00 4FDBD7F1
F7EFDE83 83DEFFC4 0DA7F1C2 48D9EB0E
4311FFE0 B7A19830 747E2D31 5286D908
50C27C11 655079FF C59239C7 0000C9C7
3F9D81EA ED891C59 406D94AB FE8B4EF7
B3F0950D 3F193567 80F0F8DC 541F048B
07400088 E1EE011C FFC7385F 0E4ECD81
8023EFF8 F8003EE3 17F003F4 7C3F84C6
0185F878 301D37E7 6741F7FB 00713D32
64021FD2 850001FA 38FA42FF 6D0E465C
00003C32 9873B757 8277CDC1 241E5E06
80CCAFE8 FC10C13F 07E30400 80380910
E6078055 2AC07803 003E07C0 F004AFBE
FF804D3F A7F80B03 183F8393 D6A3F81C
73E03F87 E3F60FDC 0849585C 000FE202
E000C2B2 A4143056 2ADF1718 B8543822
E9888462 0000BC18 76AFA1B5 9AFC8FCA
61517137 037A3412 609C6E40 BE02FF3C
87F81FB3 5C81E07B 24F4030A C463FC38
0C0F7EF0 0DC09B67 E0FC367E FC11C317
B7A0DCA3 AABC1F61 0F7BE0E0 BBF0F60E
87849C78 3C0AC4A7 39E07E36 960283FA
F3680E2F 045FC173 00008A0C 3A21D341
C5AEB0D7 80285157 C3E3101F 5CF22CE5
B7828B50 FE7CE08E 84A3D721 4EF803C9
D66F6800 84C12430 DDFE0D79 9771A94B
747DDF37 60F1783F F0340E86 83279020
F9E09302 27AF7DFD 9DDCAADE A7E59789
815CC008 39D24340 09971398 0000EB8E
20CC24E9 5D9D6721 DBE03A5B 3B2F0F2D
79FF9D2B C21EF5C9 FE0ADF64 5EE9DFD7
AA7DEF9B 01377FEF 221B38E7 002401C6
820008D8 78022003 E8604006 A7A6E011
7FBF8903 77D29F67 4F728ED7 3C2AE2FC
0053FDBE 9077F20D 5C7C1A59 44FDA880
0000B55F B7D069A3 F52EDFBC 0646FBCB
87207E14 AC0155B6 06E0BBC0 B00C3D97
2A22C308 FEE5F997 1D04FFC5 C9D699F8
7FEA7153 E6FF1F87 6AE9B643 EBBDEFE4
942ACEBF 15EA1733 6022B283 7700EE14
025015A5 FC90798F EA4A24A6 2D2E5D50
81A3BDCF 00004C86 4B5B7716 BADC8193
182D5AEE EAA70904 F3D07A4D 8F20DBBB
F5F904F5 2406034A FC6010FA FE2C018F
FFF7405F E79F971C 57EC4613 68DFE147
07ABC613 EA0BBC30 1B847460 3363BE36
CA5D43CC CC1B5D07 1AE55554 BDB662A5
845CE649 0B142148 000039E4 96E4BAC0
01B06693 9DB4BAE9 7E89C7EA 0E04DFF9
05F65DBA 94FF7489 850FF848 43700F00
07EB8070 B7FAE907 FF3FA301 9FDFF001
E0B87F31 06811FE7 44850BF8 1210F0E2
C2454100 F76FA578 7D1FD875 4DA02A4C
6B5F757C F47FB7F9 8A5B262B 0000E189
9A94C472 E066BA4C A83BEBB1 E93685FF
1E242A07 01C02648 3FCD0188 7EFBC38C
DA87007E FC4C008F CF0141CC FF80323F
07C804F0 A33C0033 BB03CF1C FD103FF8
13A4E373 38F78E33 510B36B6 D301EF2D
8CC06C94 8DCC07DA 8601F81E C55EBC35
0000ACF9 D82AAB25 0208494C 346BE14F
0E05DFC4 E07C47FF AF87D20F 847C388C
F8610FB3 8C0001FA 116F2DBF E017A3FE
4000D20C 00600740 080B80C1 68B15A9B
E8A3CFFF E7E039FF 1F3EFF93 F7F2263E
BE380EFF FFF9E083 C9CFF043 E1A057FF
C7A2D05F 0000EACA 3B31E7BA 76308EA8
AE1A83DB BFD07456 BFE10BED F87FE8E7
7B03FA35 07F875AB 427FC705 84EFFC34
1FB3B1A1 C3FF9407 9A18ECF0 20C6A0D7
7D80343D 42F17F60 BAF61820 BB4DBCBE
03FC18A0 3FFC74CE 0D7E961E 8849FADF
1DB9AE33 817A0E1E 000099D0 2CB2FF84
3F06E9A3 CB595C8B C0D55BDD 3DFFCAFB
DFEF9038 5CBE7151 810B87B6 7769187F
6EA033C7 82F1F738 9C20E5B3 20E146CF
41069100 CC082013 A6C007BB E064003E
3F000003 FFEA34A0 7F7F833B 7BFBF3F7
A41D6D00 01CF0228 74BC6F20 0000E145
253E33EE 7203AD67 96425F6E FD0C9DFF
FFC3F83F 43FE9227 F00FC1B3 C2007F80
D08081FC 1B801F03 F37880FE 0788E002
000101C1 3D9C1083 49F84006 0DAB0988
30C87B40 720D0F7C FFBBDCFF 1FFBF0BF
AF407094 3A1C404D 0023FC01 E893FFC0
00009E1D 53546BC7 75345E01 023E83E1
F007203E 1F817101 19F896A0 230F8514
63007818 81DE0780 82E7F838 387C6CA3
3BC3724B 3E3C0455 C0F3C7D4 5C5E3C14
3C00E3C1 DA8ED67C F8EB1933 FE06A0DD
CDA0172A 9C69D0D7 19BB60A5 BE5381EC
45422FC3 0000891C 603C67A7 B5B9BF02
16C181A0 F7E4C03E 4FFFA816 00DBFD67
84CFFFEA F3D67FE3 E153467F 1F7529C1
01FAFFEE 200F97FC FF00F87F FF2E0FCF
97F253F7 F8BF823F F913F805 8E805F80
81E079F8 7C50360F 5FB04492 CEF88186
261D3D99 0D9D326C 0000B91A B93FA2EC
EABCB846 16F420A7 01E35000 003ECC40
FC07FD4E CBF07FC7 8507C0FA 097C1F03
61E7C0FC 073E7F80 E047FFFE FF873FEF
B7C8C3E7 49888E73 F61C07FD DE1860FF
7FC48087 00500808 03C00840 00700070
0103E010 D2A7DF9A D2F52879 00004DF6
619B1679 63DC6FCC 75D1A1C5 BC1764A7
83E22AE5 923EAAEE 9BC7EE8E CDFFFC18
125FE344 12FBFE01 7CC42FA0 8BFF6CEC
A8DFF75A D3C1FF78 37585EF1 7A80DC70
111CC0E0 6166B90E C4238CCF 3A03425B
D900F2E7 AA027CD4 5AC095DA 4E9BFBBD
00000475 ECB60BCD C943B23B DA61B1C5
FBD6133F C7F8660D 1C3F5D43 3CE1C0FA
03FF1E69 253FF3E0 D0637F1E 7E04784F
00A0DA80 000385E0 00283C22 962607D0
F09DF87F 1FABEFA7 70FA8FEE C78FE9BC
601EC48F BE03CCBA 6C002EFE 53CC82F2
D7EDA4D7 0000FA59 91E52B6C 8D69ED0F
2DB39790 08B40E01 200CADC6 5A840D77
82F81E34 D7CBC750 E1D55C2D BBD3A3CF
C61F9C5C 07F816C2 047F7300 2A594ACD
08FEE349 B76F8C05 3361D821 8D3FAAE2
6C73A3CC 614AD4B7 98017A89 637687E8
303AF67A E6CA36FF 0000CBBE CFD95E7E
DD7C8EC7 404926DE 13BA8898 63B990AC
8833ED55 3C833AEC E7FE2170 E78FF68E
393D3FBC CBBEEFFD 7C6FB7F5 BF632275
CAB80A4B 16EA8067 EE06801A 3ECE1603
0B47A402 028AD2A0 3EB47697 F58A58DF
3EABA5A6 999C6C51 2A96B7D2 0000B83C
8F4BA69A 0F8D4B00 4E2EC4BC 6BB15288
0DC6BAA3 94DAEE48 A0FFD9C4 A9CFC12E
66BFFC94 44DA73C0 CECF6889 2FBF2E00
2DFEF2CB 10179F65 7B29F8FC 27BE1B86
0A00F810 900E5159 F0E575FF F6073FFE
BDB5A527 E75E007F 5301DE73 4D1DB172
0000B655 16AB6C73 9A2FB93E 050A0675
61FFDA6F C7D0B918 D83935EE 8F413055
15FE0881 0EE7F006 34F07E00 279AEBE0
BCCEB3E1 1FC3C157 08D51F2F F20332B0
06E4E300 01C71118 DC579D20 67F4125E
F5E91BE5 99F9A771 F9A777DD FEA6E0D0
C87755B6 000058C2 2A8AA7DF CABF0C5F
FD3A3A91 FFE9B605 5BF127BB 047E918A
4E07DB73 8E10E959 FE591FF6 D20512FF
04C88861 E0AD28EE 16E3D7F7 A8FBC8F0
35E07E1C 37FA03C8 8975687C BF857603
1DB4C7FD F62D5CC6 4A93E7A8 7A1CC6B1
383F142A 47AB8330 000059DC FED262F8
BD99FC9F D762D104 2D9BC720 B1FCE0D8
C007E3A7 DF001F8F ADFC4B77 F0FFE177
605DBE0F 04056050 2A082D20 4073B7A0
2CC7F412 9FF4707C 087CF401 208661C0
FFBD529E BF5FD0F7 FFEDE3E7 FBFA8D31
CA32D91E 6D0C0002 70E72200 0000BCCE
00000000 00000000 00000000 00000000
FF000000 FFFF000F 07FFF800 0003FF80
000037F0 8000003E 78000007 3F000000
07E00000 00FC0000 000F8000 0001E000
00001FC0 FC0000FF 3FF00007 00FFC000
0003FF00 00000FF0 00000000 00000000
00000000
