@00000400
C112C55A D132E492 9AD5C9FA C038297D
5D36067D 338D91B0 8D98F679 2E9F3C9D
AA108D24 9A737F7E 353C34C1 89A04135
314F4712 2DC1D13B 811D4112 DF9DC434
6E3E959C 2F7C7507 0B79CC74 FA931CB7
F92D04A7 495DE965 69FC2ED4 79FBFB2F
21E80CD7 46967716 94C583B5 E145B4FE
3997290C D8735A28 2795B3C6 8327B12A
3C867D4F 9EDBAD2E D61EE5E2 6E5233D5
534C98D2 68635EEA 8BE55D6D D85D77D8
697BF035 AF22C8D1 97718A3A 44D3CD4B
E2C10658 6B060D82 0690C205 7FFA7516
E2868A02 81FA113E E6632F77 95DD64E9
DCA22465 EA200D30 218D1D56 B7CC4DE0
FE5F831F 115C20A1 0D2DB10E 773978F2
85F364F8 BBDF0775 500FA77C A3AED982
D0FC77B3 66343EE7 C32DAFBB 5D5AC58A
5D5DFE08 BF36877F 905F8608 BCC9253B
C68A034C 94E9D39A 7EA85A3E 0B2F725E
70EFFBF9 ACB4B2CC 53643A6D CD87A3DD
CD70CA6C F387F02C 17B4AF65 15B94430
142D5416 57A6D199 696100E4 AF369E8B
D0C54FA8 99DE8477 5327FADB 98DEF6BD
F3521EC6 36D4F106 BE2BD2A3 42DF361E
1F195069 7CB5EF19 13EBC6B5 E662C010
31F5B70A 46EA898B 9AC3C9BA 028B945C
2C36A7F2 390D7E64 A8944FAB 50BD4FA5
70FC5FA1 760FFEFD E03D5B35 19DC9EC3
07CDE9F7 54220F9A BF36D6C9 43B476EB
BA96F7F4 98F477B0 54BBD045 1A8763AC
B1B854F0 B37D0D72 A16ED7EF FA195D19
AEAC8826 D32DA81B ADE23BE9 B8F1C99F
91551CF8 A6424BD2 EB3A5034 03236103
15CB85C5 4C3BBE5E B6A41F7B 4B60DC39
92C00AD2 2698A6BD C3B2DE87 CDC1E7E9
6FE85F45 98A8E1E7 6AF2A452 A6E40931
B2B1BF85 2EC9D9E9 20957058 FFE83D6C
BE03A9F7 9A6022CE 3217BB0A A34002DB
2FFEECEA E004D64A 81F6A951 054E0C62
441EAE66 446947D0 D0A10838 CFF8D26E
F7FACB50 8A4730DD 79CE8A13 F8979269
04D34B91 551C5021 EE11E093 4E0A8066
6E4E9E2C 4FBB49AD FFFFFFFF FFFFFFFF
FFFFFFB7 FFFFFEFF C7FFFFFB FFFFFFFF
FD7FFFDF FFFFFFFF FFFFFFFF EFEFFEFF
FFFFBFFF FF7FFFFD FFFFFFFF FFFF7FEF
FFFFFFFF FFFFF7FF 011300F9 00E000DF
00E300EC 010B00FB 00F80104 00F50102
00F70121 00FA0100 01090101 00F5011E
00FF00F0 010C010E 01050103 00F8010E
00FA00ED 00F400FF 00ED0104 010300FE
01010109 00F0010C 00F400F9 00E80109
010300E9 00E70107 01170116 00FB00D6
010C011B 00E100ED 01110112 0118012C
00F50115 00EC0110 00FD0101 00E800DB
011E0123 010E0144 0107011D 00FE0101
00FF0109 010A010F 010800FC 01020121
00ED00DB 010800FF 010900F9 00F800E3
0106010C 010800D9 0118011D 00F30105
01100104 010400FE 010700EE 00EF0115
01190108 01050100 01050115 00DB0112
00ED00ED 00E90115 010F00FD 00D60109
012300D7 00FD00D4 00E8007B 00F100F7
01060119 01050111 01190103 01100101
00FB0109 00E600E2 00F200FB 0104012A
010100DB 01020111 00E800ED 0110010D
011601EC 00E000DC 00F70120 00FE010D
00EA0111 01000109 00E800FE 00E900F8
00F5011C 00FD00F2 00FA010A 011400F9
01170101 00E20111 010300F1 010B00E1
00FC00EC 01000113 00F800F9 00EE00E8
014100FD 00F40113 00E100FC 010800EB
010600F3 00FA010B 00F10105 00F30100
00F000F6 00F800E4 00F9012F 010000E8
010A0125 00EA0104 00F90101 00FE00EB
011800F5 00FF0102 00FE00C4 00EF0112
011C010F 01120103 00E90105 00F800FD
01280104 01130107 00F50102 011F00FD
00FA0100 0104010B 01070123 00D600E6
010900EC 00E900FF 01190101 00EA0107
00F600F4 01170123 00E60111 00EB0117
01010120 00EB00F9 00FD0101 00F10108
00F700EA 00DA00E5 01180119 01040103
013E0103 011700E2 010A00F1 0104011B
010F00F2 00FF0101 010D00E2 00F500FD
011600F4 00E6010E 01110120 00EA00F8
01040102 00C8010F 00FC00E6 01150108
010900E4 0104010E 00EF00FF 00E8010E
00EF0116 00F70108 00F700F1 011300EB
00F300E6 00FC0113 01030116 011D0116
012F00ED 00EA00F6 011A00E6 011D010E
011A0127 01290106 01060118 012000E3
00EC0118 00F20109 012C010A 01010105
00F600F3 011100F6 01210100 0109010E
00ED0128 00EB00F6 00E200DD 00E20120
00EC00DB 01010126 00F000EF 011D00FE
01080115 012800DC 00EF00F1 00EF00F5
00E000EA 010400DF 0102010D 00F300F3
01030119 00EE00EB 00F800DB 010B011C
011100FF 00DB011D 00F000E0 00EA0115
00F10108 00F000FB 010B0100 011600EF
00FA00FC 010100EE 00FA010D 010300EC
00F70145 010400F4 01010112 00F70125
010200FF 00FB0108 00EB010C 00E800DF
00E500F3 010100E9 012000EF 010900F6
00EA00F7 00FC00FF 011B00F7 00D500ED
00F400E8 010E011B 00ED011B 011800E8
0114010F 010B00DB 00D700D4 01120108
00E800F5 010500FF 010C00BA 00F800FA
011700E2 010500FC 00D700FE 010F0120
00DF00EB 00DA00FF F765F089 D8C45684
30C5C23E F34B8D6B 37BD40C1 D5A9CF7F
A456E0D6 607E320D 060E39F0 190D5386
39CD2458 73682951 9548B547 D221B748
DEA85CEF A4F553DA 2D9A2F27 E2C727EE
0E1276A0 472233D6 7AA2332F 7ABC8E85
CFB83047 AE0B8D46 6CA48EA5 22D15B35
CFF9B952 D675BEB7 355A8EE7 4F5C4356
A100B948 C9891B57 B84ABF55 64E8CEE8
0F2D1498 671A7D1C 092CA234 07AD2C1A
664E296F C2D92AF3 40C7F046 8C5C4F75
98B41FD0 308F6BD4 6C5D2DBD 37B16DB4
A4F5FA07 AF0DD312 30DA0B23 4363E949
CF772CA1 3732723E FFE8477D 3E860460
FF14497F 96A8BDEE FEE5AF8D AB7CA7F1
9241E3EE 32358D27 FFE4CF27 413E6BB2
EC327692 4C28410B 60C51731 91851209
843DCD6A E3DDF306 5791EBB4 3BE1B60B
550E617E C61A17D6 040671C1 925C9EAF
926CC5FE 219ABE9C D8389567 AC3A973B
57A780C5 95C48128 3094B203 809ACB5E
9F7D3D19 A1D3761E 61436362 4E8F293A
66454B4F 83D80E97 11243D66 AD548777
1285B3B6 364B8906 566BE8BD 9B89BBB1
EEE6F20A 922CC781 AB791C60 1DF1A98A
D9E38C48 55A78AE0 0602DC18 E8C09C2C
EB30A4D1 361869DA BC7B87DC 43887487
63201425 EFEDEF54 591C3042 A226445D
361F43AD 7055B9EA F7E4EB35 D64C77B5
3214B217 115B892F 47A50E81 A311CF97
C8D8102C 47772E2A 2B9E1B71 E08C7242
B44C537C 757C7CAA 11EEB983 83A4375A
F9E1CC1B F0251F2D 4D3E1931 10D9B14A
1B1817F8 6933665E 7D0B76BF E8CC5D66
A9769053 20B94AAB F10B575D 9E2DB25F
81825C1D 2682B0C2 706DA4C6 4D8EA4C7
967EFE2F 1B65B5BD 65BA6E03 E46D3BFA
4B3624BA D3A5E73E DB28672F AA1C8410
9EC84BE9 BED19703 E8A0AF1C AAF45FF7
8F763748 20E737F6 7DDF4CE7 0E7875A6
8175BB18 4928D5C6 9694A5F5 4AD22A0E
2542D291 536AB94B 77C53ACB 4B2D3F97
20509FA1 446F2B1A D51CB150 8889AC30
C75691F8 BA781DFA 614CAEF3 F0B12958
AD607F17 DE2711E9 A0DB1EA8 612F3568
CAC62EE4 1AA57B1C CAAAD37F EE104884
3D620ED3 9E913DA1 E883A632 73794CFF
6D333443 FEA38EC5 71415EB0 8D0C7C4A
80640294 68DA88DE AF59857F 6E842691
5656EE26 1F6685F3 E2D28C0B A9190E87
D29A9D24 F447DD6D FB96A38C 81C965D1
7F7404A0 DEA477FB 695112C2 A6C42917
3105BD71 E1A01E7E 416AA4CE A9C4B698
CCC6A74C 46909949 A43C801C 15F8DE79
F18BDCE1 5D2B01DE C4D4DE8E 93AB7404
DD3E0453 D8CC3CE9 A4003F11 AC044814
E9804FD6 A4BA2BB2 34D49231 B3E3984D
2D5C7FA0 C15B72AF 7FE326EC BF277C92
D8F7B0FE DBB9AFD2 67032D85 6FDD81A3
8E8043E5 EB3F0D84 4119C66B 007E39C3
74B471BA 4C85D83E 6DCB9922 04C47D7A
7A5700CE 6787F3A4 59BC892F A2F48465
8D0E742F EC8F3AC8 340CD25B 48205E4F
13784C8E 6556F70B F4BD7584 EF88DE37
D88596A9 2961A347 2945A66F F0004CA5
67FF2C20 AE5C7C16 90E5C73E DBAA6219
569FB1A4 A9C0B297 BA707EC7 BD55E961
1F34ABB0 1B975B91 6BF71E6F 1EF91383
31F7B900 EB2CD631 6E4810B3 8DD574DC
A045D882 A7E7BBE6 B997681C B169D663
F95EF5D6 FD3321CC 2716F2BE B288484D
953C845E 991DFFC8 54297F57 B924775E
34850CD1 41F11B5E D7215834 7F3D7F82
D20D6776 3D31C647 67935EFB EBC59DC6
B930C054 A6235388 9D2D3B91 682F3293
A9AC4954 6274FC80 511E10C2 542F85E7
964FCE49 1BDDDD7D 841BA748 2CE1D883
4F6FDEC1 55667E13 21729644 3A54AE97
A274A789 12CD4DB2 B1F74C2C A7E9B13D
C214A7A4 3E8C1B74 4F5D20E3 1081C8AC
1257E765 F62555D2 D4A4B3EC 2CA8F334
BB5DF37F E8D28BE8 156DBB92 C589E95F
6CA23BF9 CBF04308 11581972 7DB69B5C
EDCB5547 7143B118 868FF99C F11192BC
CBE24007 A17E67B1 64D11572 129824D1
6EC0ECCE 15A87FA0 A2DAD96F 3F170101
19890A82 B70C1FFC AEB62021 16CB3DE9
673C062F BEFCEF6D D5315AD7 E2CE3D77
3015BCD0 E33FFF72 4A377121 00E95483
BE9F100A 2BF6E664 1B0B7923 13EDF2C9
BD0F943F AB9E001C 554855CB F8349F7A
438F4E0E 10D3E32A B821011D 6F1E95C7
5F078689 830E228D 9B08F2BE E0CA4E2C
22E9EAB4 CC50445E FD8770AF CFA06F95
423BDB56 CC359285 03047253 9E7720BA
DC9B5242 5C934CD7 B0019FF6 B9DAAE1A
8FE028C2 38E256BA EBFB45F2 1E25BFB7
78C6546B 37B69BE0 02BF1B43 7D558225
AD084880 351629C8 AC1982BA 50A01D4C
177D9C6D 9FFDA669 9F805083 F62C6656
920F1598 F4B53B4C CACA2E62 613F96F2
CCF2AEE5 442176A7 CB2EA33E A8548084
1CEB2F29 C8919DF1 E181A697 04C965BF
7F34FF4B CAE5FF7F 6F5A5C37 AD586CD6
A0159B20 5928CD56 E907CF5E 7F138C67
D9BF2E4D 4C7464EC C0C29476 0AD6A8DC
12A92205 2940DC21 FAFB064F 45D3A7D9
62567FA7 DCC77227 EB9741A8 3E931AB5
124FB32D 7F06EE25 801E9E4D 613B89E2
0BB23FDC 4039741F EEE2D2FF 9ECE3D80
0AF25E59 90A3CFE3 E2A3870D 877157F1
EE8BF3E4 0EAF08D7 6157ECF6 19D868F2
24767A8E 5A08513E 3A65EBCF D923C874
B6AE8F1D BC5C6C38 82C1A5C4 17926059
56237B2D 1140F610 2AFF4CCB 5D56EFCE
7A546FE1 E1070135 8BB74929 A0F310A9
CABBB101 E723C685 B635FEDD 0F8BEA4F
07A0DF81 D17B3C5B 2653E6D1 5D27EF27
2274A3DE 12BD0738 0D678C38 B75B86E0
C28592A4 E22E19F4 6564E2E7 52B3BB78
27367F27 DE3411F8 3F48AEAE F0C00EF4
04476E36 145421BB A8F4C29E AA3A5491
579AFD9C 6EFF3840 2694DF87 15C12D21
3E3CA3FE 2D134EE1 44591575 82AA7A3B
A0B52A92 87A149D6 549272E1 80AC5308
B2F5D11A B3D4A36C 5DABBB29 7C6F9937
B507487F C9BE02AD 400CB3D1 B0361A6E
9389165F B252A04A B4AAE9CD DF1B3622
EFC0468B 996B2249 B7686A5D DADC239D
0440D654 D67BA9A3 27F59783 B9195BB7
EC5495B4 427F2EEE 2D52ABD9 838D5204
AC6480F4 EB7C3DFA 004D9A43 C2A53258
F1206F73 7CC599BE 029B976F 0D3B4D6A
69EDAC5C EED46614 180AE07E 5AEC406C
576F2BD9 8B98D294 A240464D D8778D7D
5E93AE1B 1483E304 AABF6C74 7DD3C4B7
42DF6081 BB0BE301 B764E2ED BB1B8E75
BF44AB35 98580D1F A7F106C4 C5AAEB9B
02B9F91C 10E07623 0B732DC1 5DCDF780
24406B70 FB771990 09E3B36E 12F112C9
FBBA7962 3EC3DCA5 32913050 E5FFED8C
EC01EDC0 CEA90DC8 BEBB988A 3F455205
241EEC56 D21F5195 E414F1B3 7D1B16A9
FE83286B FBB28C51 5189A461 E9CF1453
E61A4DC4 70BB38D0 2853EA3B F07570F8
7B3D1208 EF157337 DB00E43B F8F85418
D3FE450E BD41FC93 FCE6E7CD 89C407D2
1218A7B9 2C17FAA6 7C77124F 2A326AA7
9027AA08 39089D2B 577A8C18 FD347FB0
02C4E377 D8498BE9 A43C4A9F E118E99B
91AAB674 4434B67C 875AA1F4 538F4492
ADFA9211 394935D9 8B4F9C52 A4ED44D9
D2FA58B3 3ADF7CB3 CB18977A 747C0C62
68FAA8DB 68D4D4DC F98E113E CAD8C4B5
13E98F15 EC41D8DD E480F65F 9EF30DBF
5EF6D75B 149366A7 F0521594 3D5A6CB6
8295A9CB BB0EE672 82455080 B1AEEB80
CE49F8C0 1E6909C8 2C3A9884 540D1AC5
6AE4DA32 101A5936 E52018B2 243F22A9
7EA52266 52B197CB 9709AD30 C5EDECC3
E6106EE0 16BDA9F2 75B460B7 02C6B28D
3F1A50D1 E32AB27A 1E7F7B43 0A253337
EF050CEF 47BE2F5E 491D99B3 A018DA7C
A7C5157C A628113B 06E9E29D CEA7A158
4968D67E D6914B88 FCC8A7AF A048AE14
2767DBB4 C25C39DF E67C8298 F23A5FF1
52DBED3D DCBDB54E 2604CFA7 B54874A1
BC34A1DC 89B00EF7 4640377B 89F98A1A
E9B0BCD2 E6A9411E 3D6868B7 B55A4F35
AA843B37 E80009F8 D69543EB D33B09F8
DBFA1823 DDE4B665 0A10E6E1 45B66822
7CEBDA7B C973C589 82C3DF18 F17E679B
C8E8181A 2FF76A2D D0BF5B61 02BFF30A
DF4997C8 EFAB4254 2D0A7D75 7DA43346
ADA5C07F 9B380BF7 C42C9C28 B2381E7D
02817E1E 22AE835E 72ACE2A5 4D4AC5C6
8E6E76A5 1A58A949 316084FD 54FD52F1
8735166C A75D773F 4D0AA49C A3E2643B
531E690D B0E87EF2 A066EC9F 8D5C5364
1298DF8C A51FFE84 401D386D 223108A7
F8B7BA23 2D04D533 ADC8AE3E 3434C6F0
A3B7A23D 56147E9F E9EE829E F2584CBD
52DB7329 FCC156E1 6280C614 8DE56793
7C7CF7D8 44577E97 64D73F1A 8E9968BE
21B5B911 61AB5537 0DFC6D57 6347A2F7
5C6264A5 16291171 EE720E6D 08B62ECA
E5D11E01 B5430D6E 5CA68E24 A099E605
6F76A163 BE7D5FBB 0FD82AF3 46DC6956
A130737C 9F901F5F 39CAAB6A E05847BC
AEE7831F F2D369A8 11FD6144 F2B0C13B
D79A112D 49E83A11 20C5D4C3 2DE45E2E
BD75C70B 11D234A1 86A05F2D B3A1F2E2
D8A09693 07236D02 850C2B33 C242F3EF
13B271B8 04F1B62A D98A7B69 7A1C9410
1F485AC9 A4C5D70B D1A4B514 A4704AF7
7F3F7173 FE76BAB6 74DB84CF EF1F2FD6
8D6D8B7A F92AD605 C1602EEE C34ADA7D
D7171725 978C39F7 D8C06FD6 023230BC
D3987DA6 17005642 7AE1AFB3 05ACEF62
377C7BE4 06753DB8 CFB3C229 16395382
6DA7BB30 C560C037 A24057D1 087BCD54
AF4D9F30 B99B4B1D 0767A294 F6EB7A0A
026F69FE 80B12293 02436ECE BF546EE5
C881BA9E 61808ED4 910AFE6F 91599AF9
C6D0EC82 2C6BF0B9 84011451 73B75D4A
844C5CC8 893453DE EF12C63B D84E7CB6
0A5AC1D6 99B28BE3 77A3279B 8B495811
8A8B20B6 EFBA1FC2 7319C6F6 C97C4A62
B0B763D0 5CCD1273 45340802 234F735A
5E1275EF 07213266 DEE35D69 38648A46
D115942E 0F856D79 5CAF0719 0038C557
07492924 AF70F22A 7F9A44EE 467F7766
0D6F0B7C 5DBD990D D53EABEF FE0193F4
333E323F 4D56722F D7616714 8133EDD7
94B1512E A4C5AE0A 38EF124C 84A4C451
2172F564 24473B3A 6AFD588E 3A0B20AD
0FA9D84F EF66C7B7 7BCA93E8 ACF8455C
EE6B8117 B29661E8 1B2D298C D660D339
55CF0C77 CB18329D 325052E6 3D3A5FEE
6D630E1B 11D2E40D 86B65F45 BD58D486
CA989483 07633A02 35EA6AE4 A80FEC7D
AE46E355 F609194B 0475EFC0 35229BBA
EC84F9F5 47BA3654 AA5D9AA6 34B86DE4
BC01A03B A1A81C79 07AAFF39 C131FB18
48B04297 C67D2984 FFE84112 2E1CB622
1891E697 7825A6E8 A80E1881 F0D085D7
21A1F611 75747A68 655BC37F 42A95E9F
A9725847 5449B4CA BCCC15C0 2627CCFC
9A49172F 109E6FC3 0C9B0E3D C2B758EB
4D733EE0 072F7617 696AF02E 3AD6148C
1F7FC688 36895FE0 64A3A62D 8AC925D1
023463AC 4E1E7BE7 3D5424E3 4E8A7BB7
2413BB69 4804D155 DDAF9126 AF647DA3
F0D270E2 6EE596E4 F896D92A FCB735A4
D1A8D682 FF25D94D 57D4D7B3 52A2083B
6D7B2057 1C31F10B FA1115F0 6F4E6716
110EA2F9 F99A3A67 AFC8A4FD FA4C0F85
24924026 3F4E95BB E2F460CB AB0326F3
53D996AC 7447851E B3D6A8B6 A7882185
3E7C43AC F57C7BA3 D85132C2 AAA0B31E
31152D53 F5A69AF4 27B63813 737E71EA
061660B8 5428B3C7 7F1B4EA9 8956BDA0
A911C046 26159F62 6D2FBFAC 4A2786F1
01F86174 AA2C8FEA 7DEA02E2 422C61C2
A424BB7C 5C0CD94D E17B0B53 087DD3AB
193D15ED 471BF496 491C60BC 2AD0051E
9F7C610D 22E84EFA 30CFC754 8A18176F
13E05D0C 24CD7DCE 6C6D794D 48305086
F0AFFF2B A90DD137 95BA6F06 4D58C7F2
4B922197 EE315E6D D82673EA CA1C09B4
8A2A1A61 2CF0CE61 FAA9CE7F 44B446B2
C9FB7F49 64602103 26C67B9C 47DB6696
C9588A3E 7B2E2C15 FA65D6D9 9CF56E8D
E04D8552 71478D48 279D0986 F1C1CA5B
3F1EA4F6 C57E209C 145C79FE B8871084
A126241B 318A44C8 95280D55 BC6095AD
C6C92CE1 24EBB38A 9218FEAF E4420A28
4752EBB1 A2D732BB ECD782BC CE2B57F3
5682BFD9 CD9D0507 8014F7A7 6749A074
CC9533D8 E8930CF6 64598EF7 C9D9780A
AD602AF6 DAA040FA 5CE11081 9BB5A14B
B5C9CD62 3FAFA9D2 37A3C88D 05F1D643
EDD6A5FA 7213219A B67078EA 73A911C1
B00D0C24 2B0DCDDC 1061BD43 A124DB49
66A717C3 0CF5898F 6AC212B9 89FD48C8
80459D1B F7DAE9EE 1FFC219C 33E9411B
D74F79FE C9182299 255CF2D5 98AC5D2E
88A0C05C 311AFF48 952D7F49 A529D6B6
FC901CA3 8421030B 20115052 B52B6D9A
EC40DDC8 B7A588CA BC7FF03F 5ECF124D
1DEEFCD5 D83EC1DF C411C991 1F1B7029
BEA5289E 8392F301 9101B655 D54E9A41
E2526FC4 207B2870 CB8FED7A 7F92BFE6
5CBB2247 08E414F7 EADEDD4B C8B64EE0
51A89401 3F46D865 7ED3AFE3 4CC315BB
ED4BE671 DE47D256 E3D35154 6E6638CD
310BB348 FBD6AE45 0A951213 178EB1CF
50196EF0 0A26565F FA0B3A3B 425F1EC4
1BE4F7D2 AE33D947 C530A531 D2630090
53B878D4 FE77AA52 7941D0E2 4E0E2757
05CC0ED8 D9CC925D 2AD350C4 37EEE10A
CCE12DC9 2E6D89DA 2C56D8AF BE4F1AE2
86C7FF52 C31A197C C50791B2 373B7DAD
7CA92AF1 9A88A441 9108B675 ED4CDC46
2E5274E4 19DBA878 E4588E1A E33B0F7B
06926EB6 0A31DC9F 6A42427F BC7E1D80
4AF0DB48 9EE3DFEA B6A1EF85 6FEDA5C1
6EB05BF4 1B350EB6 19572672 98FC68E6
A0363A94 5ABDDF15 96046737 EB428E24
0396E294 08590CB9 F6C542C9 C33B2FF5
42FADA20 60E5F615 5FFAB11A 4C97E2B0
FC5671F1 F07372A5 0C6387A7 2B573308
D979685E FC267EB1 9814F2FF 2322E381
805BE0F2 38FA44CC B2D6FB8B 4F1F3E86
25654EB2 D714C557 478D20B2 1653B948
CE07B0F3 9A83D27C BBC4E3B5 EDDEBC5E
0F4850DE 52116ACC C77B5406 AF363D70
E042E3C7 14F18B08 82381BC3 B414CAC4
8D849EB9 9F169D6D CB990BB0 B22DF49A
EDE3B84B CF288749 87827699 C46CE648
8A6A43F4 C6E92E5E AC04F0FF E0CC5C8C
230D593E EBDB93BE DFA56AAB 5F2D7F1D
525FD3FE C49D3286 050E70F3 996CD803
9C36C1E2 21324AD6 701203E6 CD989512
65E03872 1DE58038 977A857A F5FCE1B4
4953039C 4641FA4F EC0ED2DC E010CDB6
90B89E91 FE253DE1 E8858E9E 47A83411
3DF0254C CDED18EB 774236AC 8CCC222A
A03C8BBE 5C1C5C57 C91B9149 75B98C42
8DAF2D5C 41146455 F00FC03E 52EA6CF9
13ECEB53 D8E9DC93 6241744E DD5795F1
52822F01 58C327D5 E8172D76 3DD6C8AD
82D73A85 1B2FD17A 863EEEDD 7F068A60
4172EFEC 8068FCC9 ACEED6DE FD1EB794
00E1DA80 76E19D67 C7B58314 87CBE0B4
6CB631F1 EE2D39FF 454A8AE2 12D16848
A1587B5E 7A9EECF2 8A1193FB 11B349EE
9CE95CE8 8BFE3496 3E83E02E CFCD7663
1E0FDCD3 E09B819F 860670CB BB431135
16C5D4A6 1BCACBC5 F9398153 FFDA1E6F
2716BCC3 9AE590F8 3E05ABCF 5A0B8871
E7BDAB33 BCDF6C90 D0D0C7D0 07B66219
46E33B18 2348F614 CB733946 BD56AFD0
5E4D4BEA 100A1035 8DF36F1D 2BD3B9A9
3B236101 A422E684 CB3BB7BF FD70CCB9
70B6AE3C 087C54E9 E0DE880E EDD9CEB9
10FADFA1 E6C390AD 66DCD276 91C36999
F07ED645 3C47FED6 6C7A1B56 AF407E9C
940908D9 B3DE67E7 9625F3D1 D68B4D37
70185BA0 0E3B83F5 77C3D629 4D8F3E86
237AD31A 102BC6BF DF6AA111 CA0F9291
C8C2D821 F6A7F3BE 594B8003 7A4697C5
3362F968 38E0F2FD 9E1DF8DC DEC68AC9
2048DA86 004A99DB E6D7AA61 7F3D3EC7
2454DFDA C09F0142 4314A030 97599C54
C80F90FD FA9A2AC7 6C09E6F3 DC9E3B58
25607D8B A6F608F9 366A1E02 3D27855A
8F692F5C BD11CB5C 2538A2B4 FCC8D998
BAE67044 48B02BF3 AB636CDD 7B25D6CF
B88DEC1E 0903BCC6 B28FFD38 815D48E9
CEBA488F AB0DF1A7 869EAF3F 086292AE
0312F5D9 E31BF71F ED6EE234 A80C0C76
725DEF5D CCAD8D4F 40059E3E A5590A3D
8294B5DC 2CAF7F76 764884A7 498869B4
25646F57 5A0811FA 81F8EE6E EE848C35
6CC2EAE7 94225DA1 22E284C5 1B1288B2
E0D43AA1 2FC5FD64 5AB10FA6 2FFF7584
EDF333AB CE650E31 0EDAEEB0 D48D6970
8939137C 6CBB2C17 A9B66B3B C048DBE6
133A50B9 42DAFE9F DB8A2F2B 5A1D8996
13D90B69 A6C1D727 58ACB517 A8308A77
C7BBF75B B6B276A4 667C46D7 779A29B6
0D459E1E DB005F45 876FAF4E EF24C7B5
6B878335 D444F929 C1FC8CD4 F0D0A9BD
91C8B02C 3C703E7E B9FFC25C 408CE684
B9F65F0D 692D34B1 0CC73B4A 80D140A8
F0B11B3F A50E7F33 633519A3 93BBB945
C0371461 350F66B6 1BC1646F 33D68048
9F966502 AF40659A 7E630DED E2BC9F6D
13094BAC 433D8A20 DFB74029 576E11B7
3093F2A8 8D6DDB5F 2C1A1451 24F5B098
C9659CC8 638AF358 393EBF1E 52CF7247
A3D470EF E93008DE E01CC4C4 B200587F
9BBD805E 2C9EC7CC E60C7FB5 3D84CC24
E4C4EEE3 9399637A 302C01B9 49CC46BE
0315549D 63DAD86E 39FC3998 636505FF
33D7130D 7F7822EE 115D90D9 ACC45B5E
80FCC49E 306E7CC3 F4AC3B8F 7E7AADB6
EDC1AC0B 9B21473A 94688C9C BF03AA15
25464AE1 9D751DDB A6F116D1 65324EE8
42908790 16F6F526 EEB5BF00 778B6185
AE1021F4 CB2D0C61 48A1B333 D0E43348
60387D74 7EF41CE3 FDF5E3F9 F85046F5
6D97A30A D65C3923 53F44D41 0331A05B
F19A4D2D 3EC6341C 1AFF00E4 95843D24
FE7E4FEF 11776EAD 8EF11F0D A6B117BD
90F59D42 C70397E3 20DC97CF A17FEC18
AC66C993 CE900998 943D2327 D66D7A0D
4D4B2DFD DDB2A393 0387D8B3 BF52ED6D
1E8532D8 AB950E24 02AAFEBD 91FDDE52
CEF06092 166901CA 2DD30123 633031DB
DC3C5561 57A7E666 58208F38 28529560
D5BD6425 3D0A1D50 FDE0878D 29284D43
017DEB2E 96FDFE2A 77F64A2C 6D4CE3A7
24179279 C4081903 D7B86915 6ECCA2AB
517272E8 4D2B94E3 5F7E5EE9 A815AFA2
A934D680 666F8D6E DDBD8B3D 80880210
8BF2156D FE7C21FA 4449A0C2 46AE6B5C
3D404F7E F0945D79 FDD10128 8DC4B6B5
7C535027 AE6FB3E3 42FE5F0B A01A82F3
B59096AF 370E2D3D E93B19A3 228A7746
3F6C0C2C B67BF72B 9FD81A81 A6A43F5F
9B8F8778 E5B2AF75 86468A3E 71762BF0
82166FF5 0221D9DF EAEA829C AB7A4DB2
42DB9D76 CCE19D69 66822E15 83FD3597
1CFC7BDE 09353CED 51DE6C72 1CCC6CD6
A6303954 4A895D5F F404E2DD 12CACA1A
3709DF38 195A2C1F 574524D0 4B2D6D9F
6215911D 22ED66A7 117F214D 9D5C9B60
C20453E0 E22F58B2 6D6FA8EA 12B109A9
FE61E90F 7E64D1E1 288B1570 1CF134DB
4DDB1D4B 45EE3650 2A5F9072 23F4A043
B20FEC81 7E1B59D8 F659556E D28A15AC
031C8E06 B6CC7E4D F87D1D91 EE22045D
3257A1E1 BB37AB51 8E62E955 6E4CF376
1312E295 50708A69 E6EC4CE1 E11C6D94
A2D01369 30641E68 49F9805C 202DF694
E8C2B751 74E9F2F6 B40E299A A2D12CF8
FF68CA3F F8363C33 001E9F5E 252F188A
00E42AD8 02915158 B80ED236 CC785EA4
38E25FD3 CCB999C7 C404F634 977340BD
C893B4D2 0C83AAEF 704BA6F3 CDCEFC56
84506AD6 38FE40FE 809ED3BE A12A1C4E
28E8E8BB AAB030DC BC9FF362 FF2F5204
6F6E1EF3 C4B69315 42047423 B673283E
4EBBB0D3 9E12835D B320EEB2 AFCEF752
0DC02ED4 42FA62CC 77248BEF 1E1506E5
391EE339 C95E7735 572126C7 CAF0E9BB
B2B1732A B0E17620 1AEF3A5C 6CEA9FD2
614AF72C 6DE5083E EE66613E 0A221928
C9B76B6B A564578D D7AA5B00 14BD7722
1A7067CF 6933C72E 6D0A68AB E0C09D06
B9ACE457 82A7DAE9 EF6FD739 762C56DE
B18BDE9D 0C61A142 10CCB116 044DEEA0
9E7A522F A8D6E8ED 413E2D33 030AF272
9F5A33FD 2F69767E C82A77FB 087635A5
C9A15325 3E05DE60 6922870B 03B8E7F2
0FDDFA86 4C68983B 7BCFE8AC 40DE6282
893EDA3E DB1C6D44 70262B81 82CA536E
1F3D1519 2FBBAE2E 5D213760 0AEDB112
EE05602F A3E82EB2 CD2B3D47 AC349E36
81876F96 60408027 E785E0AD 512F93B2
CB66F22E 85084301 1961E69D FF1B4E61
37048B37 98580D5F 87D044C0 C5AAED9A
4298F18C 13E3F623 3B722BC1 1DAFA582
F4406BF4 596519B8 09C7B06A 12F301D9
7BBB690A 3EE7D4A5 069492B1 D3AB6B4D
260E6AB4 9A4D3ABF 6F5366AB 9A0E7682
8D70B2DE 8CA3B592 FF2329A1 6AD587B3
0EC243EC F33D8A00 5103E4F7 40DE1B43
3734293A CCC79825 BF3FF51D 4CCECB06
3989A258 48FE86C9 3F4E78C1 C4193ADF
2265D2E5 61746A0F 951C7072 3127989C
4903B453 390B33DA 74ECA14A F2D584D8
5FCC166F 7DDB6EEC BCC5A7FD DC4446FF
24D05462 BF4AB9F3 B6D4C25D 371346DB
715B8EA8 F4EF2DBC 33D7C08C A58929A4
377C8BEC 143C7FB5 4C711A0B A2A11B09
3099BD52 F4B799DA D3375951 5EBD790A
539C0ECA 792BCE45 77033CE3 EDC5ADC6
A8748242 A2754BA8 9C793378 5B3DB2D2
C1825C11 66E9F18A 594F81C2 5A860DFC
336BDECF 3855BDB9 5DBA1D43 037BB91A
9D2231C9 0D291CCF AC3A7FF5 09469151
88E5ED75 953AFD77 E8A18E2A 6439C73A
07C17B0B AAA183DB 62EAE0BC 4D4E4876
AF5E5A7E DA18A96E A8371B23 E32733EF
075624A8 0B2036B6 DA22857A 2A649660
DF58518F BE21CDDB FEE6EF8D 2A096573
16B913F4 AE758A22 F95281E6 400F7B23
05379230 484C9A17 742A9825 06FFB88A
8B5D1DD9 03B3FA7A 292EAA94 3C64B007
2F4D08EF C0B928FB C41CE07E B639583C
89A1A48E 2AAA3E60 762CAEF5 3D81EEAC
C5245E97 D609619A 234A8EDC 7139C570
BF350F3C 96177517 E1E486D4 E2FAC6BA
52FF613F B841DEF1 AAE3EE4D 9DE7E7A1
3A90EB8E 0D875C05 E8973F6E 1B9148AF
E895BB83 2E29D516 2A1A92DB C0C95042
03ED98B8 A3DEF59E B997A33C 52F97017
176F4BF8 E09F02F7 0217E05B 9F44183F
D818829A 1094FBD7 F41D0D59 AD131E94
65853C83 B9631132 EF614D5A FF361DB0
F185AE64 3C8DCDE4 8011CC8F E1D0FADD
92B2B5D4 3E52F0CA BFFB60DC 53EED49B
F97A4E25 5DA5F588 993E1940 3E673CED
F29B0DA1 2D57B6BF B459AE5F F9358DF9
C5E6EF2D D60D7D83 A0FC83D4 3452863B
20DE6DE1 54F3FDE0 B2D5EA26 8DCF65C5
FE7033EC C1ED7CF5 874F3F13 80B148B8
F291EB56 F49BD1F2 65EB0B61 BE3537F3
7404D54F 952FBB03 44304742 A06E8040
FD8C603B 154FCD38 7DE38FE9 60A84F5D
237F6B38 636E8E21 473B5289 C6654051
F07F9030 C434CB09 23AC0123 E34B335B
961A7CE3 272236E6 1EF3477A 29469D60
D5902467 8B4DDF7A EC25850D 02B8C777
06D92924 A479BEAA 717EC4EF 4C7C6323
2C32821C 5D28D90F 9A05D4DD B7ABC008
9929B850 087C28D9 A643DAEE 4E8F7F86
02259ED2 A1B44937 C5732139 1F53B1E8
C487A062 DEA390D4 A9568020 69DEB849
2F4A6CC7 1ED72EF8 2CC3EF4D 6C538CF0
CFE6AD59 76F5DD19 816EABD5 26E4641C
2EC9492B 45C05678 A8DFEA5E 8CD66DFC
5A1637CB 048DD4D7 C7FE6F19 B3C16CB0
E871930F EB0A6783 277B2E05 046C9238
073D9F1D D71AEB0B 4D28A2B4 A069A11C
AE5F596C 08E92E73 21015854 A1FCC6C6
B9A40F5C 21E90C96 642CFEEF 9099C0B6
ECB05A15 88096193 82A5EC4E F382AF75
75926AC5 1C250CF1 62F3C447 891CFEE0
40BA9E01 9265FD15 3EE3AEA1 639BA5D3
277F7F21 CF6F9039 58D1D1B6 10FF6941
122F8F54 7DB6BD01 108E5381 94B9D95A
8B4D351D B3FB621E 8459E370 F4CF3118
AC4161FF 03B802FA 8009184F B83C5C2E
A0812AFE 228AB844 B6ACEDAC D10AD6B0
C6C2528F 022D4008 390DA0BD DCC04E7D
273F50BA 835A55BF 58EDE389 53AD71B9
77DF196E 74DB0E07 56547147 6C54D224
967CD79E 30526E92 E46D3F7D AE936B96
4DC1AC03 B34250AA 77A0CFA9 D839DECF
1B9EA73E 4CD67525 D389A647 41FAE99A
BB1855E8 22E37698 3AE2BB4C 85E4AFD2
B9497505 BDE930AE 6D7F7BAF 12B2332C
5DB7D05E 3F46452D FF6A8E0C EC5DC471
A7C5E337 973DF9AF 85F446C4 B1F2C511
64D8693C 75FE2AA0 A2D8CAEF 8DBC7F8D
A04C482C 61080CED 8C07FF09 03A068A9
E8B17006 27AB3996 22551474 2DE5E14C
CA218F8B A7A502D2 AC13B03B FCC75E54
2004BC77 393A49FE 2704C5B3 5F521A0B
84874843 4F888150 960FA670 C56E9E42
264265E5 023BA8D8 081A9569 9CF788EA
DDF91DE0 6FFF7496 3B09F83E F8C4747E
1066E5D7 F0ABC9F3 E443E4BC 9BD9117D
02A08C0E 1ECFEEC7 711D0C73 6D4ADC37
38577F83 3829C15E EFBBD416 7B75B9E3
F00263C4 502985C1 AE3648A9 CDCF9FC6
A8F08E90 4677C967 17998B38 C3A900BD
E9FBF471 CE692109 9002F782 444CE06C
3E484FDD 78D63EFD 02237F53 BD1947AF
FDAD8741 B4CF6C14 00498EF3 7782DE6E
8A2F330A 36E070A2 BA6D274D 7A4497C8
C2C606BF C7D48114 C107C06E B1E62BE8
7D8F61A8 9C49F8A3 EFD9AF6B D4C4D2A6
7BB42C99 477FF627 7B8E8229 CA3C0DB5
36DF8319 ECC55CE5 708DD65D 8C400A17
D37ED719 34077BB6 6C5D0EC7 2E9A2DA6
B14D9F79 E9005736 7DE0202D D0DC52E5
1709570F B7DFCBA7 5FBF251C 23E0813B
CF7FA12E 28EE6E9A 375A7FCD E18C9701
B17CDF7C 815F7C93 7C757D4F 0AA1039B
F4B79D28 0D659527 572EE941 5EF9E32A
3B3D075C 517B8667 6723B6F1 2885A9B6
A035C20D 22E54E2B FD6F0F5C A08C9650
83805D25 66ED38B2 6CEEA0C6 52870888
3367DF2F 1E447590 3D246321 F54843FE
335F2628 2DEC7627 1B90471F 8A3EA530
DB39218D AEC3DD01 7AB2A785 69F4D5D3
37B83B64 E777B8B6 39D600EE 1F572387
1527AA38 490E9707 69FA3D26 B802F5FE
DDDE2091 C7A47268 C82FB16E 28C28670
5FE72E23 4928584C 661D3E6C A4B23FF4
2779F30B 94C9967B E6F44DBC 6D5CCEB7
891CA387 833AAB07 1816D3B9 D08A102E
331858B4 ABDAA29C 7F83F4BA C7AD7F07
133AD15A D0A9C297 66065159 1DD112BB
F48A9092 7613B996 792B80E6 6B1AB347
1762EC63 986594AD A5B12B11 F44ED3A6
B35016BC 495DF61F FF224632 E84C3DFE
DA7A018C 9DC2FEA3 BFA7A799 C1C40203
80B0AFB5 67B733B6 69DEC0EC 12F231A2
C447BB34 7764973F 0D972F69 40FAD9EE
5B3B34B9 65FEF636 590E357A 1ADE2458
57FD0209 EDC95CC1 F88FD54F 8C500F77
5334FF0E 3487EBA7 EE754CAD 3F122DB7
094FB349 CB02C607 35E4CDE4 3B59AB9D
AD40C165 D0B92948 0671BFD0 1508C11A
E4887934 11722F33 AA631CA8 6D9CED6C
AC47AF7E A3EE0CD8 A3AEE63D C161C949
EEBA599E 46770EEA 75CE2DEE 2C5CD6F8
47AF940D F6F46900 C93CA1D4 90DAE0BF
570A3165 EFC0AEDD 38D6D6DA ADB4CE7E
9555271E 21D37DC5 A4B35F4D C331C8B2
C8909237 AF0B6D02 F5EEAB8B CA404ED4
115B1035 49587527 43842F91 813289B0
66B9023C E6E1B684 38CAFECD 84C8AA76
2172DF4C 7C5F747E 0F7F4926 021013FE
F9E4981E 6966C7AD 6DE8BD25 40E5B0F8
4E4656ED 4F07FBEB 293CAB9C 385895F9
CDFD642D 660B6DEA A11DD69C 8888CF05
3F3C844A 21CC3ED2 54387647 86A84806
A8B59F17 C501487A 8725EE72 7F18DB77
169A22F4 08755695 F6C244BB 899A6DE4
50B03A11 B267DF44 1FEA0719 57CFB393
F5DAE9E5 DE65B1B7 697391A6 42620BCD
192A9B0B 79E4B6B5 1BBA8DA2 E1FA757A
0B44171C 2718137F 4FACA2BF E86C1508
CACC205F DCA997F3 88A5DF29 6BB314D7
35A1EF9D 39A304D2 60ADFC66 A589F6F2
8DFE203E 48F11F09 446FEEE5 000BCADC
AF67B91D F6196921 857C6BD0 2281A028
2C4A5A7D 41F00A3A 435D8855 BDA46FFC
EAC7870B 20DAB554 06ACAFB9 D1C1D8BA
F5F05A1F 234AE08D 280092FE 80E4049D
84D99DF4 83CB3BFB BED2E03E 376D3245
135EADEA F41B01DD 6202F0B2 594B192D
D62D98DC 9C967FC9 5410D6D3 BD189E17
B0DCACF6 9701115A A295FBE9 D2BBC84F
7FAD0C34 5F7F7437 7F43E44B 98023409
FE75CA9B 1485DCD2 7E222D6D FBD993E3
029072AD 0EFD0AE6 59118567 1DFA6B7A
333F13E8 4C00D8D4 7F0A97D9 4CEC48AA
02C156B8 63DBB57E ABDD22B0 EBB947FF
B33B51BC 7AEB2285 A35EE3D9 8E8C1884
90E8941C 3CCA7FC2 312D1947 EE20B6BE
BDA0247B 388753C8 3855ABD9 18E94A4E
9FAD9E08 951F7417 51F5E65C 0FFD741B
62DFE13D 206E7EB3 325BF45F 9DFC93E4
92844AA6 B1CF5D96 6C77E94F 13B3198D
E595FD0B 3F50C760 24C8AA8F E85046D4
2BA42BA6 BFD4F90E 98BCA3C7 B29A4035
57CA712D F9D83650 2385DEC7 BDD44E67
3E3D579E 01435E35 06B77B19 ABB1CB93
C8F5B012 A72B2C06 6DF120E1 83C3325D
E8801503 B70F33E2 1EB31D79 3206DA68
FD14C435 0716209C 7EA59DA2 6A38456F
273DA92C AB78842A 97B84FAD C17C3356
6F879578 C4A18B2E F739CB29 4A985C51
39FEA33E 79D6F624 43D167A1 0131E9DA
CB3C21AD 34E1CEA1 1AF9375D C8DC85D2
C16EFB95 7D550D8E 6C775B0B 323923BD
888F50BE 8F067625 48C37410 6FF4A408
80494988 0BB50BDA AE9E986F 9C055221
054E96D2 D91C8166 C7B2C8B2 1B3BFA2F
F681A873 D29AC301 3088ACF2 ED4C4E43
AA186C94 527DA8D8 13256BDB 39399B45
FD27A974 7D5EEC15 1351A6E2 3592484B
AABB6B09 30A0FAA8 3B653B4D 74EC34D0
E0D2F923 6F0C102C 0BC7526A 70D38179
5A8FCDE9 3F50F4A4 105A94D5 286B8899
8F29EDD9 E69D5958 BC2EEA96 96ED762E
23CA2FFB C0BB89F6 2415CA0A BF596A2D
D8ABB4DA 88022EC5 E408AFF5 B998C8BD
8CC978D6 110970FA 72F4DAC3 1FAFB859
AD45DD53 9B4B890B 2761AE82 3DE3F80B
C855E1FA 033E23BA C57B49A8 7109102C
A085802C EB3C0C58 51ADEE4B D1E58169
762207C6 A4FD11A8 979CAB3F C24612A6
241A55B2 836B96BF FEC6322A 1B2D1F86
771AFE18 FE7F0106 5504B735 84482213
84BC99F9 FE361AF6 644082E6 0B083BCA
2D64B576 D0A0117F 60735E24 03BE537A
DB0014CA AFA7D466 7D2B7D61 B8E4F16E
9D1620D7 A2992FEB 3B2B9F1D 6E061EC7
91E94C1F 2371808A F9BEE4C6 1DEAA7B3
DEAEC4AB 8979A90D 65C531B4 93C36CC7
74CDC026 8DCC35A2 8251D563 F71672A1
0C3DFB9E 271E538C 87F323A3 5BCAB96B
7F3D0AAA DFAD8A41 C9B14051 FC6E1743
33DF25C2 D2FEC258 6C4112A9 D03144CB
A4AD9E70 A9DFF786 DB91603A F7EB544B
505BF1DE F29BA292 316270CD D3C51AE7
14185A5D D91AEA84 39143177 A9B99F87
16A53C84 194D903A E4C486FD 434826F5
64C2F027 96E835A3 B2D54D4B 9B33B27F
55F91BA8 B74E741C DF3691AB 04887927
3E7C8BED FF7C5B3C 0FB01A97 AFA43F10
21853C10 57A20A44 D245B658 3CEDC011
CAA1CB5B DCDF8961 148C8884 85C9699B
20E78A36 F17E3A29 831E18F2 FCE4581C
69663013 090B7542 C6ADFE18 B2D1D499
DECD15AF 83C361B0 900A769F E0C2040E
A0C06AB6 80E051DA BEC670AE CF2757C5
507ADFDA DCBB8105 D510E236 9F676034
DC8FB0D0 DC930AFD 344B9FF5 B90AF252
0D586E96 12EB1CFA 10948F11 427A89EA
171A1CC8 02BBF6BF 7F22F63F 2A4E25A6
6A74C25A 0485C7E3 7525B51D A65983B5
0281F1A4 6EBD3B76 7D62E4F7 4A9B6BF2
2457F7D8 584CD11D 298A2F39 4060D6EE
4BBB1C89 67F6F6BC 48AEAFBD 0A3C0435
17DF0909 ECC94CC8 518CD44D 84702E77
5B3EDF9B 64977EA5 ECFC44DD 3E922FB6
C9459739 DB02EF02 00409207 A3BF0F5A
9D69EFE0 BAB9499F AE75229E CECA5588
4A67FDFE D2B293F2 87026EA3 7B7D71A9
2401A0F6 CB1B8FC4 6102AE70 8179DEDB
66D06C82 8E5D50DA 31E16884 AB0BA335
A7446324 B4E00973 067157D4 9432F368
ECB879B4 11303736 89F30882 65B1F6C0
25452A67 C3680DF8 8BA3EA68 D0655249
4A3A42A4 44F90C85 713A2925 0AE4BA9A
AF375599 E723F24F 6D3CFBBC 286C9536
BED5557D 472D0BE7 E1199E1C A0395A36
9A951694 24E10CF6 764CAEE7 58A968B5
A9304E0F D24841BA 4F3F5126 7F2F66AA
708D6377 2AE9C6EC CA015C0B 88CE08E0
99A83234 9B02DB21 EFAB3FB9 B28E329B
7D5B4908 4773900B 83B65049 5D5EC5D7
572E0239 19DFAC0D 31410B8B F1590774
DF3DAF17 AF527B15 D8F1A7D6 96EA6018
478EF92D BBC8F694 3AE25EC7 6D72E60B
76992B22 41530915 ABB7593C 21399BAF
EE97A122 0FA9C413 69B71541 0FF3A9CA
FCEB154B 35AA8660 0012BD7B 3CD4320E
ADA52CC0 431A499E F45F0C78 420A9D7C
03050E27 9EACA348 DEAC4089 7D464C75
365FC7E5 121DABE8 D005F2BD 92830859
3724D99A B85A8EDF 5753EC45 578FFF7F
6156D3DE 80DE0296 1674B951 DD5782B4
C08BC0B2 73294D84 202F89FA 70B5B1D9
77E158C2 227792E8 BE41AB7D DA104EE6
331B1E24 C45EBD9F 43D344D9 81122CFB
529EE10C 33477E22 25F261DA CDCC9303
B65C4BA5 776D5BA4 49971042 3AB30BA9
72B73969 FF65D4A1 B9C2A96A 713B55F2
FFBF2F6D DE14771E D8E8C574 82E260D8
52AB3105 ACC0FEF1 2AE1EFC7 4D66E7C3
7E78FB8B 11D7FE07 EBD74E3C 33195AA7
C0B7B900 0B2BC406 7665F3B9 F284324D
171FD61F 417FB10F 47512E90 2965F65F
FC55812C 27EF3436 59E720D9 AB0D92C5
A14445B4 23BE1990 C528A8E3 42AB3963
75A75D41 D7E51528 C7E1530A 3B3F9B03
F8C86B4F 3A2586E0 A63B1C63 BC56CB40
C9B084F3 0E367D28 FF690DA5 D1ABE1C2
6DEB2061 C768940B 9BF2D052 51EC8753
022A46DC 65DDBE0D 36B55080 8B83294B
B4C9D142 BCAB8BFA 1611BDE3 3D277243
ED04F4E6 133EA11E 5B3A39A1 7218984E
A50B0865 EB3CC108 9BC8C882 D16C9749
5F6A65EC C4D52AE9 AF0A5550 D4FCDCAA
31D344B8 C777F674 691EE82B E9EF0CB7
A27F8448 6E4D50CD D50EF0D5 88285A9D
D1B2901D 7CCEF3E3 DC6911C3 2EAA64B6
B5C7BE7B 398CE379 3BA450A2 82C433D5
A00170A2 BAE393E8 BAB9592B 9F2D53E3
FD0C5E66 8F16234C 0024BBB1 2200581E
AC6B807E 3B70E46A 3528D6F5 ED3CB746
4D48ACF2 44F50B48 F926E3EE 791E8777
9A39EFF6 68D26E37 51942386 E5A169FF
70EE7B2D EBE4FAE8 335072DF DCEC3A7A
3D41DC15 7443503E A207D91C 39F18DB9
DBE6A80F AA4CE3B5 511A87FE 6D588F28
B9E20EEF E390C148 BCCE9984 CD2D03B5
22405F55 D364954D 80989232 847A4218
B4C005D6 DCC2E4FF A64A5F94 FEFAEC46
084899D7 F7B20358 CB6B7528 FD15FFD1
F967A36F 70840D40 80BC0DC2 E7D180F9
81A8AE21 ED06F86E 8ADD4356 50A7FC82
7D7ABC4B 9554E709 9ABF1C08 A444E63D
DE4D81B1 A5FBEE83 18D8D7CD ACE78C19
EC819944 D6ED01F8 807DE105 5ECD327F
264776FB 51140151 43D1607A B7515E6C
7E0796EB 998A6765 8221BF13 AD60CEDC
60F865C4 A2BB2AC8 883053B9 9BD3300F
300878C2 99CE06C0 D6421F23 4F251A42
2834DFF2 131DE19A 9FAA2921 F25B316A
D60390F2 BEBBCA2C CB6A80B3 39ECB741
864A74EC D6F292E8 50B4E141 08CBFA8E
8E0BD549 E76A2C43 07611F21 0E27B162
EC3CC09F 017E2F36 CC791D68 E518BE66
82C5A465 A2680838 0F2CE0AD D1370378
6F7A4F0E C6112880 A89FAFED 40E0B4EE
44FB3CC8 050E76B6 D8EFFB7E 0AFD1651
16CF1F6D FD81EDD2 E185E604 84D82975
5E3DB7F8 B487FAF7 E45C2EF5 2D887E36
215DA730 D30E0356 F2C1AE6E FB031EF5
F4B22A26 8CCC3CB3 C2D14595 06B002C8
4EB83D14 B7467570 3AF02F82 71DEA682
60757B60 CF5D583C 0AD35239 B2B51158
16AFE314 E5F29CC7 CE0BF779 5CF4C58A
59EF9CF8 555ED404 617FB819 45A7EE7F
353EB789 600D50EF F15E405A BACB191D
DB361291 F08F53F7 EC5C11C7 7E832C6D
71459D6F 3416F6F2 B5FEA566 653CB7A0
0D4E6775 470198FF EC9DC298 A8488DBC
91D9CC74 6D61BF63 E3154EBC 26AD1690
BDF8234E 19780DE3 578CB633 8069E89B
FD2C5E3E 48884D16 CDF8900D 6C662418
08D0508A 462891EF BCDE390C 0A4F1300
564991F7 C84F2DDF 64195026 84334E34
7DF88F68 9919F651 5618AF83 CFACFE06
A540361F 4AF30D7E 161C66F1 4E0ACA2C
2F66EBBF D0593D19 866782D0 559A2D1B
0A474BFC 40F516A2 8355A8C6 9DDFC1F4
EC96B3D9 E02B1BFD 066E8FF3 80913998
E9F07117 BE22E49E 7265E2FD 5A81CAA0
272DDF15 151E6D1F 57D006D5 11E3E4FB
625FA12C 3AC926B2 2A7268CD BDEEB745
1204CBB5 49445CB4 0C37296B 12B118A9
F5B53D29 8735D5A0 55367154 5CBD510A
933D8DD8 6973E604 650376C6 55CDFD1E
A076E24A B52956E9 1F7F7B6D 4A6892DC
81C35414 E6E5B19E 387E21CA 28958CB8
B66AC8CF 3A1DF4A9 0A9F7D40 A9F6A90E
C6615CC0 36A599CE 289B916E 3FAD1247
B304BCD4 1B1A79D2 C62859A0 727F30A9
0C85A8AB D388AA5C 94819E30 CD6C9E41
B65E76E9 30793242 2C4593B9 D53C4525
A3095BB0 A95BF1FF 5F91E62E D3AB3FE6
133A915E 9E63B199 57221129 CB258282
34A8C9F4 77322880 791BF2C6 287AA3C7
17A678F0 31ED947D 37ACEF45 4EC4AA4F
0D72D7DB 6B639A49 053EFBCB 7A5D8733
A05542E9 72AD8F6E AD1D893C A4997056
83E09524 20EC1DFF 526EA2C3 528DE9F8
FD404F7F D61C6B92 5728AD58 7DDCF18A
0CB1AADD 50708E48 A42E1286 E8C9AF97
80E3D2F0 62305867 C5181254 54355690
E9C3F471 30CB38FB B66EBDD8 B295C8F8
F24A7AEF 105F6FB3 39DA974E 24758CC8
CDA8EDC9 F684C5B0 882FB13E 56CC5028
3F4F0FF3 CAB890D5 E091F42E B65B683C
1A1736DB 9C86E605 A6B87FBD FD18ECB4
801432C0 009B6342 F81A5C50 8CF5788A
C96D9459 79EEAA40 350D9832 E0CAC65F
3547E6DF E1EA228D B40ED15E BA43081D
89208091 B08AC0CF B4291D54 EF02C42D
33CC6CFF B40FA3D0 AE18B3FD 40CC408F
038898B8 6BDA95BE 7B837ABB DF2D7F37
514BC35A C28D824E 070CB2D1 9E311A1C
D69BD4DB 74127896 751891C7 649AB612
CDE0FC6A 386592F8 EAD35040 FEF73D88
E044405A F5A7CA40 299C401B F3C0CEE9
BF1FC4D4 751611A8 C718D17C 5BD81005
B17A282C 4DC856C1 D08D1542 A520443D
B3C584E1 39FDB9EB B53BED6A 649CD337
5134269C 4031C241 C9CF92B4 E8E89D94
E3E45005 FFE5CE60 E2CDDF5E 86B54694
99E2F751 646834D6 74CAAFCC 0E98E8AA
892A1E3D 290825B7 825B5A16 F53FC552
C32C2FC8 1855CD87 E5838EB4 CDDA4DAC
DAAAF356 98D1D2A1 1FE666DD 5D7F4681
6C946B50 C7979F97 7956B66B 0D7C5AE2
56BE4A88 A1AFD63D 989CC3BE 2B32A845
24CBE9D2 98C80858 B4DDBB43 5F1F3BA0
2C601ED2 5F7F9110 4B94282A 365729BC
EC2FA073 5A22006D 03EAEFB3 B9DEEEF8
0AC82ADE D2FA6ACC 346C2935 C2C432BC
464350B3 961BBBEB 7FB52B98 A13BB5BB
CD3D757A C73F2342 55009BA5 A0385200
BCFC22FC 2D781CFB 76609663 C22D330A
ADA44E76 44E1087E 589ACDEC 8C407A3B
F8B39117 4E876F58 183C19C4 47B8036F
640D5EB1 E27E401C 005CDA72 34F6626C
F155864B 9042E05D DE203BBD BF85F41C
0CC2C5DF A39322D1 D1226F4E 261BCB36
FFB52355 DC2E4C51 44681765 41FEE9D8
A0B01339 1AFCFE61 A8F90F44 FCB7F792
69C2BB49 62D00816 8BC7C0B4 57D540B1
CB7A532E B05EE485 927A5842 3BB5AD10
CC64EF50 94298949 A61284C7 A5C2DF06
E820E4D2 103BDB73 AF230BB0 672F7499
A9812AE4 9BAC85C8 13EFA020 80E5CCC8
763A5B8D 3CD9B4ED E61994DC 7CF53C89
C5C3DEE0 95CDC9D9 8A86AB8F 3C556EC5
336A0DA0 F5814DFB B19600BC 13CB514D
273D04B4 FF2C7CE0 4D193BD2 B2405D46
30953DD3 F035997A 8A4BEEFC 7D3DDC2A
43B3CA5C 66D4CC10 A14DA696 5FF9469D
12C62B09 70E0D2F9 925B580E 96C730F0
F8C6BED1 5CC772D5 81573F52 B090CCFD
F1FD8883 930FEEB1 100C9551 15FB8B8A
0BF83FC8 E1DB54DE 2F1AF237 F4CD3C06
3A6F01DB 42B9CBD7 F004E50B 9F59183D
C281B01E 2ECE8957 796CA4E7 05CBC0C2
2464F6C4 185D91F4 ED9EAF7F 444CD6B6
33B256BB 4756F607 79AE022C 4A7C05B4
56DF9249 ECCD1E01 508DD65D 84E88E55
DA76D598 34466E36 6C7C38EF 3E9A29B6
A165DF1B EB225756 A8CB1477 A5E72C08
CC497DC3 97A901DA A8CED93E 3F551267
1645BCC5 591AB1F5 C50465B2 385F1E2F
D489005A C3ACAB51 3088AEA0 CD45FC01
263062F4 18BBAAC1 20C97094 A7F60C80
AC4148C3 9BB909DA ACBEF9EC 8F4D17C1
3E4FB651 441F013C C419C8B2 171B422D
C6A32268 D28FEE4B 768826F2 C59C4556
E6183AFC 34D92850 B144D2C8 BD0FD904
E3CC8F09 F858095D 27C18485 D76B79BF
2042E55E 15F232B6 9A6AC8C1 7F77F084
D8134AF3 438304D4 1106C952 917591D9
4E927A85 3D61B5B8 2461A6DD F931CE77
37E18B35 1C5C6DBB 82D384D4 83F2CD99
42DBB3AC 30E87630 3B736D46 5DEF23C2
7454EBA9 41455995 8A973949 02F10B89
72B33929 2EC7DCA3 8F291932 66F43FB0
729152DE 770713E7 E9F02C39 C175DEE5
B91D94C0 EE4B094D 7FACD795 C8B55A87
F978831C 5CD4F68B FC5117C7 EC0E2676
80E59FF9 3385BF5B 7B1771AE 0C88DC31
7A99E85E F8840EC0 388D39C0 47B9A37D
6D21AAB3 685E601D 5AD9507E 74E2B34A
E96F0E49 90C26119 4C30119C FF32A64D
5B4DC30F AB53E481 20B3AF4E 6D12DC7B
5DB66DCD 5D6CD415 C02A9516 0656149C
B3FBA485 39C0DD32 BDED8F0C 85D2AF55
6A11FB4B 16ED0B35 CBD66AB8 5FD36839
264FF385 FF02C7C5 3C9AD579 04E6BCCA
48EEDCC9 E386F0B4 982EFB3E 7E4D5663
3F4F06F9 CB9F99CF 8081D0AC FE42393D
421B049A B297FF65 762C46BF 7D9B6EB6
6055A7D1 DB0AEB48 877B1446 7B05A490
CCC6E346 D62599E0 813CF895 B4C0FAED
A182ACF0 5C3E99ED 269BC236 1389F499
FD7CC40D 9D8CF6E9 180D3F10 2C554CDC
70D52DC5 A0F86DFA 0CB7EB7D 1B3B882B
473F3F49 685A3614 D343D673 1A977A18
125B9B09 11C55403 CE6C254D 8D1FBBF0
D3977BA3 72A77AB4 6957E8F4 72F341E5
2776A927 FF04D604 584BE7EF 6C644C39
C0E6DF8F A2D4C518 80CEF956 45FD0279
33EA5DF0 77C250ED 80DDD27E ACFB685C
BE1F85C3 59C2F2D7 86A03B1C B681EC2D
C8421C45 F11223C0 8A96FDBC 05CAC006
1B7B299C 78E006FC B9CF3A79 4DC53984
064178F3 E3A492DD 820C703B D470A86A
C4A73443 989F615A A260ED1C 7DDAA71B
0F604A0E B3046374 00A0108A 82CB334E
AE4955C2 3EA30BFA 1F31FFA1 BE27736A
ED043074 831AA39E 812339A3 32345C6F
84890A7E AA388A48 B328C4B5 ED2E9650
4EF664A2 08F90068 8CBD0E96 67622C72
41527A90 06A454D2 B82E9B7E 2A1406C0
5DE10EA0 6EC7DD74 E694AC06 E4424D31
6E3E3F6F DEC6DB67 631046B5 EF4A6B56
014DA77C D69A0E4C 7D0FB0BD 01EB70C9
80497422 734E3AEA 399D3F08 13AF77DB
85DEF8F6 E13E0A5E 541470E0 1C133822
11EC801E 9D520D8E B4AA3751 EDC9BF1D
2D8174C2 92D902DA DB368FE9 DA01CE75
3F1FA73D D9566D27 47810641 61D8E9FB
9AB27109 38F1FE22 3AF94F4C 598AB752
9309771D ADEB0DA6 6BD7412A 52B301B9
D9ABD922 B204F5BC 28157058 25AA3D8C
CC610CC2 A72D01C9 BE37D07C 5E65926D
0D27B7C3 DA1A499D C5154C22 7A1B42A5
04A742EB 91BAE649 3400BE45 CDEDFC80
669A77E4 70E9A868 37A81C31 F2FF73F3
170645F1 553AB26F 7F2AE6B1 B8D68586
A815A456 06693F63 E427BF9D E32703D7
2391A1A0 23FD9C92 514CE262 402DA1E2
A436727E 5C851B6B A7686A53 3719E735
72112374 3C698C61 F7500495 6142ADBC
DAA1F804 16E4FE30 BFFB089D 41ACF682
A9E0FB25 736D1592 09D3A84E 126702E9
DB3B4A2D 6C54BD35 FF6A6A31 40ECB2B8
8316573D D71BF32F 6DAC26F8 A068959F
B95C052D DCE12E6A 218FDBDD 84AC4606
B5F85F9C 25ED3CFA 74CCA6CF 0429E3B6
ECA5DE3F 490D5932 CE9F1716 3B332CD0
C8F2E8C0 6CA454C2 A8DE887F 67174EC5
54E90E81 EE53D9E9 42D08232 5667AD38
6F1EF663 DE15E66C BFD65B90 EEC66E65
007F33D8 7AFAEEFE 4A05C55A BD241927
70832A56 48454C9D E2C384DF C9F3D6FC
93BAADC1 BC06F401 3FE7635D 57C3A381
7338D811 13D5D785 C8731342 3AC132CD
969B89E8 3DF6B6B3 8EC5AEFD DEC48AA5
6446D423 D64639A3 87F502CD 313BB29B
585BBBAC 74C7551E 2556E0A2 01896924
AE7402E4 9D3C5F60 48011373 FAA13B78
B1B52D78 D6E410E2 95366B75 FE4BDAA5
71BFA231 405E2799 F9C4CA14 CAB97E84
1A72DF89 65E47617 C4DC609F 9AD793B4
4C76F563 D483F0B7 8CD4095D 3214389C
A8D1AA6F BF027EFF 8847D2FD 5CC64C84
83E920B4 625665BD 39CD843C D6E06F97
16E9DBB9 EA9072D5 B2147547 9E519C22
DCB4B6D3 9CC376DE AC551D1D AD9ABC96
0FC52ECB 3B2266F6 341497B9 06FB883E
03281DB8 E9DBC7BE 3501E2B4 D7AF7D87
2A6EC1DC C2B982B3 0507509B 9F5D983D
9081C1BE 6C80BDC6 7A49ACE0 593F9F80
57F07CE3 1845D0F9 961CDE50 2B0FB90E
A260CA88 18B1C4C9 AA6AB6F2 CC6C3C26
2AE29A52 D0B7C946 95022E34 B77980D1
E8C3A0D1 C28A9EF7 514EA4E2 95DEE9C0
67687AF6 50FC54D8 746F63EC 8C490AB5
FFD7931F 84C7AC68 106D19C0 42B981FB
86E73F2D 62C4661D 88DFD06A D6347E44
FD559F49 1144F139 8EFD1B09 B7D3919C
DFD9970F A7126C8A 7B6762C0 DE8BCF3F
3FBFA11B F4CF0E68 35454DC4 0092E3D8
B785B221 3064D23C 18FA5D63 7C77B7E0
73C77A08 15C9D81D 96BE0304 37230BAD
5FD3860F 8373A683 F7F7286E F7A4A307
D89260E7 58239EE1 77E35CE3 A032CED0
C8B0B411 2F76FD08 BEA80F3D 61BB35D2
6F776921 CE6A95BB 2BE291E6 50E6214B
522F877C 6D9EBC4D 5DB571B9 0CC010B7
78C9D153 7BEFA660 123F3940 3381A24F
F5053623 675E4254 595C5172 9486081A
D36F240B B4DAF21A 3E78119D EF57920D
5943F66B A3CBA0C0 2F45ABAE E14046F5
B297BA27 284471FF DA9D0168 433A43F9
538A7F26 FDC2F65D 3780F687 2CE63563
767EEBD9 9D525785 AAB35B1C AE3B3F97
89ACA010 E3A35E43 120597CD BB138835
ADBBA9A1 58EC2C10 A28B9550 1EBB1248
26A0BF89 37D65514 B8F02CA2 31522D58
7A17A9A3 96850234 83E24338 72D3294D
031EF304 C5928680 9E03CD5D 5CF4CC8E
419B98F8 51DEDC18 61CFB05C 67986AC5
345E87C9 62A548FD F35F705E BECB391F
D83254B9 788F7AE7 8C5D9BC6 2E828CAD
3145B7AB B016F2B2 853A0836 12F8D7E9
8304565C 2E1773ED 5F6CBE6B EAED5DB5
DB1C5D76 CC4DAF6B 640CF35D AB2D1AE7
8DAAC79F 69336E52 783D7FC7 0D2C6582
F4C4263A 7BCD5859 7F6764BC FD4626B5
3280EA37 9C4549E9 B295CA8B F1EBCED5
51BBB2E0 7C525278 635A30D6 50AFD082
6D7A4E7D D174770B E9333142 887137C9
52E925F8 37F73EAF 5F44AAED 715A0F34
A72D0BB4 82516D9F FF61149E CFAB7D9A
529A7576 8821B483 0F226EC5 9D75E7A3
3CC96BB0 41131996 51D38A7E 90F91BAB
F6B46A22 0D6D958F B7492C5D C85424F9
8CC2DE24 776FA9B3 83FCC589 2A500EB7
32DA0584 77C33D2A B137A63C 80CB6D75
2714C5A4 FF297DE6 4D5D3AC3 F2A02936
B095BF73 F5279DF2 265E8AD2 F33ACB60
86B66CB8 4629DD9F 7DE24E5F 2F2E5580
42F1B112 9667DF69 A6A0AF85 4A6D33F1
06AED3E4 0B7C1FEF 7143AE62 087848C6
A4342BD2 1AC5DF5F 089317EB D0DB554E
78931CAA 2B966434 4B23FDBA 47EF7243
577F6B4B 899A429C 426BF4C9 9D529A6F
4619CE03 2693EA07 F8114948 7F1A9627
4347E4E1 8B63A205 23051908 373A35C5
F0D86AE4 1AA546D8 DE93344F FE1612E0
53A88FC0 9E07F505 6FE6B7A3 53E330B1
6C3BB9D3 C572B169 795114F2 0F1EC747
120AA8F0 49DEB84F 493B5B02 1DB9F562
D9BBBCCB 4D8446A4 780AF97E AAD4984C
9F2F2C22 B840DAF9 F2C9477F 587297FB
579BFE03 14C3A219 BEB75D1C 3756D4A7
5A5E00AD 231AE605 60C712ED 9BC3285C
E42F9D43 B7C63996 17F1E516 D737F24B
765429AF 118E2597 BE733DA8 BDE8BF6F
1604222E 93AE4F7C CFB04839 8AF319E9
67B7B154 C729C180 3A15EE51 19BD8E2F
6DA5AD68 80775C87 A613CE82 3D82F26A
A1B0BAD8 38F0F6AA 1BE10FE1 754F93C0
C2411A25 BBC4909C 88670042 F0F38149
5C3F4B6C 940570B4 6DF95440 0EF53EC9
C9C6C44F 77A79BA0 823CFB03 31518603
AD404CAA 759C2DE8 A89F8A3C 00A85D0D
277C146D F3ECE64C 9EBC7591 F7267474
304D95FC 66392B52 7FE62DD9 7B10DCE6
10BE144D 2DED6439 C2E0C877 231E6179
D3B96528 26C2FDB8 2A6B058F 40CA9FE3
537CCFA5 767DF874 C1E7404E 2AF71707
3016B031 F6269F07 F134CEEF C22A86A5
221AA39F 00700C09 D4CE1FC0 773F2B10
66C84A25 49E5F604 2AF8386F AC46AB02
EC57E1F7 B4734024 A732EBBC F3D3AB88
CA40DA1E F732EEC5 97EAAF42 7D0FCD79
9E3D2739 9011E94F 0578A6B4 F0E2E39C
DA7E3975 19B3AEF3 A9674CCD ADBCC6C6
B1846D1C 21A8B596 E3A3EF6C 8075D0A1
CC12480E 884D5DB6 01873721 04C9D1C6
5F3F1C9A 235DF617 39CE513C 2AFC767E
131743CD E009DEA2 734F654E 885C92B7
13B4CFA4 24DFFAB6 FC6C00E7 2F321FB6
371DA579 D824D55D 8200120A 733AB54A
BCFA6BE0 8AA566D9 EA03942E CE1E5A60
5B297DD0 96237995 AEA2ADA3 7BE395BB
7E2B5BEB C9B197EB 6951D470 8D1EE747
02AEB6D0 49DFBC5D 93656E4C F399DD77
7D97AA3D A8144E51 4672C4D5 C41A28A0
661EB21D 3CC8BD21 0BE32F81 6DE7B7D7
E9437BE1 4F630137 8ED550AB 0E7509E3
4BFA931C 6F6EFC25 123CFA44 2B2B8B0E
A548CB40 78ABC818 860BBCE2 CCA67A06
6E411852 43B1D9F7 89412BA2 B37992D8
C88321F3 C2098175 61E2A4A0 5167E9EA
4F7A63F4 485860AA B71C7131 80E9310A
32895998 69DBA2EE 3D1F7AFA F9CC7753
AE63C27A 50BE00CF C51E7CC9 FEB11232
109B841D 289A81CA F02CA5C4 CD1E82E1
DBB05CFF 084F0198 3997E7CC 7E40AE35
63B7E83F C4EC5C11 406E7DCF 1986AE9D
AAC2AF8D 85445C78 99DBC054 C442F518
6F569F0A 54CDF537 8EBE6919 9E9308B9
EB51332D A232763A FFFCEEFF E815DA75
339EB237 C312F527 41F1E713 8030A1BB
B2F913AB BEC52689 39CB66DC CCA4E5D2
4174D5DE 2CDD282C CEF7590F 32333DBC
D7A5DB3E ED24C7A5 D33148D0 7B3DCDA3
F08D6366 383DDF45 E7D04497 C9C22D8C
CBB89B90 BF67D7A9 BFE92799 0BAFF380
E9E2F9F7 4E299980 7BE3D162 3067C5CC
D2235A59 3CFFBDED CBEB204E FF342481
FC566227 56243A61 82BC1FCB 281282D0
BD993C25 3F423D6D FAF0AF74 408A65C0
0F7EBF41 DB7F5239 8AD65F19 E4216A73
C80F0334 FFBA2E42 68E45EA0 80A7B15D
F34D153A B791CB2C 1191AB81 5CEFF33A
AD02616F 893A239F 002279A1 FF249E26
95A9AA1E 21A28C40 B739FC0D D53B94A3
4EAA10A2 0C698089 161C9F5E F53E5DA2
53F86AFC 4831D44C F80F90BE 8CDC0584
32E9DA70 EAE1DA44 C300E215 9EF52091
C9B255D3 BC93B093 7053A5D6 2CDA3CF6
81482B7B 39CAD47D FD631850 0CB1FD4B
FCA59D4E 755D4E40 25588C97 5CC0E81F
B917E18C 31366AF8 BC7961D8 DA9D5603
B140EE04 63CCFD88 5A1D3142 16A10CAD
62A75581 394DF3A1 BF80432D D8048E25
389062B2 0E7A96AD F6C69C01 C93EAFB3
60385B1B 34E57D0D 1FFC9041 8B9B2292
CD9E55F9 34FD78BA 6C6C81C7 3229330E
5160ED3A EC6436BC 0AA56847 BB03AF4B
D71E3821 156F3457 847244D9 0E163EC8
E990C611 07075D72 FCE3EDA1 2399A7A1
10D37BE0 C26C8B3C 18D241B2 446769E1
33327614 56049C8D 085B1822 F13B15D8
D8692DC0 BF9570B2 988E811E FFEA526C
5FAA7912 DF98B9D5 4600FE2B 3F762DAB
1439ECDE 82178E4D FBB35F38 8D5AF216
0E8610D1 09C988CE 284894EC 2CF40C14
85E5CCE4 13D479DB A8FC221E DFEB5289
149EFDF6 DEB830D4 2415E487 BF436CED
7CFD82DA D98006CD D4027F73 3DD8DE9A
22902C82 A6EB00FA 8421DAD9 B7360103
0340DEE0 992C9C9F C4928483 5D463EA4
8AF8E5D4 11934DFA DDAB21BC 1B880089
820021B7 EBAD2CA4 594B80E2 60E65141
B62F7DF4 7CFD98F8 82E42AE1 BA028B62
57FE2245 9D6DA423 D65002F7 0A1EA948
8B38600D 10C55C32 69E3AF09 E59CBFE3
26560B04 E27D9970 097E40F6 927721C1
33336738 7C04DE05 01166BAD 850A8366
33BA3BB9 A052643C 575074F6 CEAE71B8
562F3353 A6C09613 58E0EC4B 7F66A3B3
4A937BD3 62938235 A762CABC 4B4BB38B
4F7EB83E 0B6AD485 12AFD651 9AEFEB0A
456DDF42 192F0842 2615DFE0 CCC53B06
A65490FF 411C0B7F D5331170 BB18921C
80030034 EB2B8658 14A4E9B1 D0459148
7F7846C5 15D5A0F8 3044D2D8 B32F4914
A76DAB70 B8D149DE B6C1E281 D7EA7998
4A4AFF7E C8B3B2B2 23227293 FF77D6A9
B4816AD2 C9938D84 7137B772 81F997DB
E6A0688A 2C6DD0A9 DF95F0D5 8EC7AA1D
E506D393 18AA88A8 B6333FE1 1405B907
A405AEF1 033E2D4E 8DBD0930 F430F86E
A8070063 BA284478 8728E591 FB87F752
BF6B57ED D0BFA8E0 58A7132D 087B394A
9A6D1D1B 279E673E 09C58BE0 12E7307B
3F07634B C199029E 104F354B B876DB6F
12CD4E1E D99AEA04 3F8CE48D 1FB9DEB5
4FC3C4CB 8F49C309 D9B2EF61 02BBDB78
9D35155D F7BBE20C 4528FFF5 0ACCE91A
AE26796D 81E80EF3 A86B0644 E8745E5E
83851F9A 22C3C916 E6ACE8AD 598DC0B3
EE66620F 06484103 0DC93083 E46634B0
80C85083 B2E991CA F8AE188C 1C351180
0ED18EF2 CB1EA14F C7135112 91B7422F
FC37C4CB 8891FF93 57B92EA1 CFCC4457
A76422D1 4ABB897A 973D2D71 1C83AA2B
10325EE8 4C2BA647 754A16F1 0886BFC6
A833B740 3677CDE3 B5730D18 03899290
A1D42D65 EE64B9B2 6D4DA0E6 42A62B68
354F4F74 DAD45FFD 95EAE45D CC8D4EB5
76D38315 54528D49 21E52AC1 C1B94BEF
62D3F2A1 48F67E26 115E785A DE95410E
FD46FE99 50CEDBD3 B6F43B09 B6A084F8
FBCDC52F B3276F90 819A5582 05EEB13A
C8D265CA 23A1D2F8 282EB92B AD4C1526
ADE50E53 CD3A8965 470C96B1 627348FE
4F8B3C5E B2A0E74B B64ECCB8 6D4EF446
AD5CE296 18BA2A4F 2A50AA3B F13A877D
BB2023B0 BAD15497 FFC4E696 D6EAC510
53FE156B FFC9B8C1 2FC0FECF FFFC46F1
14B0699C 65172C97 38739E6E 2179B38F
CBB2AC1A 0D455407 77B68F39 5880DEF7
13FFA23E 48D27236 D39C2773 2270EDBB
74F37229 A5E19E11 19CEAECC A584C352
F57ED79D 2D5638BC 69F7791E 1A72A1BE
BBAD9B1B AF204417 5082DAA8 24FA159A
A829D997 F29233EC 1D2EBBA4 FE299018
254748FF C9B802AD C15D1247 BC765F7E
9F8B5E0B 211B954C B7ACDF7D C55FD6D6
DEE0578F 28EB6643 87B76952 371BE9A6
78132344 6C30D624 C5031CE3 08168916
AAA18301 2BF6DE28 DBEE0F38 A0B687D0
69CB7F21 6665381A 8FEFE18C 4EA6A2EE
DB6FD269 79DEEEA5 1A357F2A 783B1F6F
F1B6AF56 BEDE6C35 45C1A755 65E8F89E
EAFC4119 23F37E80 1AEF2BFD 91D096DD
02E9FF16 5D47281C EAF7534E 131213FD
D9A70101 AD025735 92345810 98A7D90E
B3CD2BD8 A8D79A4C 7D03BAA0 C5A97D84
8B27F352 D9B1A207 059A7AD3 7F77F2D8
D813EC55 480280C2 B087F1E6 191F004A
5FEB4B8F 1A7DECAD 953D651A F702AFA2
79B2E3D5 082014E9 EB3ADFE2 0A1EEEC4
6DA4DEA1 3DC59D25 CBB18E36 ACF3A1B8
6FDB37A3 5E671337 27CF02B6 CED6297E
1958F35C 7352CE74 D73AE0D4 2CC5AE6C
14D6F7D5 D66A8989 046F1BC3 0533AAB3
2043DFA4 6474207C 854F6872 978BE81C
E955B2FF 59EC7671 86C91B5B F2814058
FD50D9D6 E6922BB2 D62C90BC 6C8EDE0C
AF8DDB56 785F89C9 245F9AD0 C589CE9F
20E69A52 41BE222D 83191A7B F437D8D4
2B43109B 6C4B1CD1 770DFF80 D1858CD8
DFED5F26 2D7B6AB8 05A9EE9E CF4AAF32
3B103BB7 A8818EB9 98A757C6 C09E0B98
C62A7ABD 4ED4BE05 5B18CF67 55B46E7A
ADDB3B5B 6C63400B AAA7579C 8CD3F69C
C1681A1E 3EFF6E97 07B05B15 C332397F
5F323DA1 2D697AB7 CA63667F 0A2614C0
DA17BD4F 06811DF2 6DF3ED85 8359AF73
06914BE4 8E7CAAB7 78BA4066 067E63D3
A192A2D6 5E2C9B0D 6FBB3141 05C571DA
DCC95CEA 37ABFAD6 2B19603E 88E0544F
910FE5F6 B41B09FA D527E598 FBD910FB
52A11C8C 0B8CFBDA 786C1043 EF2C54E7
358724E5 09459158 189713D1 1EE3084A
1E699F4A B5EE25B0 0772AD23 16CF7263
36D54CEB 538AC18E D45362EA F653D96D
16050226 DB8BEA44 CF2968F9 BDD69865
765675C3 9249C2C0 FB615950 5FB177C3
D08D4666 5DAFCE26 4311CC97 19C0CCCF
A1B8D58C 332678E8 BE792158 5ABD0A0B
B1685C25 47DDF199 D89F1142 0E3504E4
62AF5DC9 3CCDBD29 51B61322 999B515E
BB3D21FA 88D2360C 1C4166A2 C6EFF124
E5263A63 CA38E213 084977E3 5E749EBB
D9CBB05B 0516421D B266F13C 0D3BD799
4E2A428F 0A766695 BE480E23 61B415F4
4EE7E6A7 96807992 C8BFD14E B022C083
5DCB5D2C C8E3FD60 2387CE86 A7C57DC7
BF79EBDE 8951CF2D DF957EB9 A4684817
B0B59B92 459BC942 8A577CC0 3DFF295C
CC61EDCA 56EDC9C0 3A0B90B7 BFC55063
A934AD92 3A3609B4 C760F933 7F5B7EA9
6E892273 4B958B50 91008F10 ED66EA4D
26D267C9 BAFDB2D8 BF7CAEB7 D24772BC
A65251B0 8B63B1BF FF84422C 8B3A1796
5F39BF8E FE6F0706 7184BFB5 6D4C6323
963C01F4 EF3515F2 75519667 88397342
A5243F42 78E2187E 7FE70901 7B1BD567
DCBFA577 6CB5C2E6 18A905F7 22D2C9CA
CBA9A425 AD60FE95 3AE24FDF 48E4D7EB
175AEF23 45E7B103 D9B76808 3E7E85B3
F39FB16C 1949BF07 78C66AF8 59195FE5
1BA5A37E F8D2E20D 55E1E09E D7E95DBF
D0CB7328 AAE15228 134A62D7 C8F25EE0
B0EAD9B2 154B789C 7067511C 3B9184BA
D7F288EB 814DC4C1 811C2D33 C24273AA
5B1A74B8 400196E6 F88A3F3A 3A2D0624
1FA18EC9 AEC5C56F C2AEA535 A0113077
5F3335F3 BE766BF7 647086D7 6F1A2756
0144A57F D39C7E40 DD24EF7C C2EECBAE
2B1A12F8 517AA529 7FC78E09 4A3DFFB6
225CCB89 32E50607 19FC305D 80D19AB0
C00615F0 74E17AB2 7D6CA9E7 FB932D4A
A740B44F FA4256C7 46CE560A B6AD05C0
E9F1AB7F AC054B99 39DC90FE FCD8FE6D
19EF8CBF FC9B9AE5 66116ED7 5BB7C0AB
EC7A8E8D 1993E6CD F0151D50 AF48C4B7
43942CA1 297BEF12 F3DB855A 7CFCD89A
49E50DDC 7416ED18 216E9856 F0F8475D
22E7E681 7C305AED E01B545E B8077C98
61729C11 00CB7552 D6453B18 A480CCBD
A2DC36EF 940B61B1 8C837034 07C4BF88
E0607C80 DEA890EA AC0A582C BF2D57C5
4D5F9ED7 4D1C292C 4519A8B3 BE1D7D2D
AEBF60FF 921CDE03 140CAE95 CDCCDE57
625036D5 73DB0A72 B3BFF45C BC604C00
F0C9AA5E 58DE88EC 348D0889 C599AB1F
006FD6E0 617462DF C75E3052 9042D88E
69169451 5D8372D9 44E10919 3BB194FD
5ECDDD6F B38726E1 F768C012 7D1C37B0
B084E23E D848CB4D E6345AE7 E5C08DD5
80B09514 DA259829 F708A3F5 43A5E482
EDEAF851 CD417419 B1461742 A2E4E4CA
D2A178E4 A8FF3EBB 55348F7F DA557AC5
199E1777 D8467325 47A166C1 819A6DDF
FB53532C B5E5FE3D 1A6BB65C 8F84ADD1
B3CCDF84 2D61017E 4D475BB7 1293B3AC
D9A7DB1F A840CC3F 59A9F5E7 0EE5B089
C861DD46 F7EEA1E0 815D33C1 F085B237
AC054EFF 451881FE 805950E0 B4157C6C
0E45042A 188867CD 82883F19 ED26F46C
FD4271CD CE9E2ACA 8BFEEEF1 DC60D824
71F7AA71 115C2519 C0E40394 C2996F1F
2A73DBA8 79D57E3F 90DC4156 9F579B34
DB569795 1C07BBB7 C6F4691F 3395189C
B911BB4B BFA25686 5C36E5FD CB526A0F
340AF4B3 32EA325B 7EFFBF41 1B2F2572
67D11EE9 614B250E 4DB43920 A450B124
CF511572 B27019EF 47E8AABD FEB63B70
AA40375A D6A31078 AD4B0CCE 6775F5F1
8946174D 45010327 8C2C00B7 B8528494
1BDA2464 EE009CF2 D981AEDD 43ADA593
3370AB2C C9EDA6D9 58171422 4C6940A3
B1BF8935 4D8DD93F 921A96F4 84FAC71C
AB459BBA A4DE51DC 352EA2A6 97215C1D
3E4F6BFE E1B992AE 03113273 9E761ABC
DE8BB08B 710A2DC5 3239BF6E 999ADE9A
CDE07B82 3A6B60B4 12ACEE86 BA56BABC
761AE3B7 1A2019C9 B67F1BC1 4C3BB344
6C809EB1 4F7F354E C89D3822 24328CB0
EDD7307B 32600139 87E2C3B5 5291F158
8778067E C69E6A84 15AC6BEB 82CE72A4
3A1A30B2 637392EE 5DAD3B29 430D7117
FF1C122F 35ED060F 492C3B51 A0308A72
99CBD593 30F2108B B6A8C8CD 5F1EB7B2
C960AE3D C9224707 F725E099 1CC4320C
2088D356 ED5B8248 35957A8B 55A17FD7
24570278 627F22CC 055E31F8 820E1A16
40C61413 716C75C3 354CB1C7 6AE3A55C
7B68D5FF B0D462E8 20C97441 E7C22938
C0C1908A 1A290AF0 B83E911C 7E4D3E41
6F47DED1 DF0A099E C589C533 BA1B7E2F
36B9A8E0 D2988F51 9400ADD1 C50CD401
F66866F1 78F99B6A B27A1082 A3BF3008
8B445FDD 9AB0CB4C AC38C2BE BCCADF08
89A265D6 9033ABE3 A623EFB9 7BF94488
B4852A9E 5BA885DB 518BF062 816CE4EA
8E9E42C5 88BD89FB 22B72C65 F30B2F62
D61237AD 046A74B7 D653567B 0E16A6C2
EABCB525 04C75D2A 7CE3EF20 638BA7E1
17D16384 B77D8A33 194A91E2 467E2B41
33325334 DE9C9B0D 3108565A 6CFCD0A8
C9EFADDC 73D2C358 392EA81E F0E8691D
33EF2C49 D9B8BAFC E01CD75E 8EF6580A
61A28039 5082A547 A61D7F55 AEB0CCBD
C0C0AB4F 810965FA B3582A38 719A45A7
129623B9 405176DF 7F800E3E CB3A6DB8
52F8B321 B8637E63 3FA12F95 4EEC9683
5DA0FBC4 43379DB3 79D7D462 10F92BA7
9037BE16 69A4D435 65FA6602 A23FF670
9F5C35BB EEB17ACB 6E282BE5 38468180
CCC96875 CFD8AD71 28A90EA7 A235637F
2DAB3D6F 432D074B 128E7CB9 055CCCD2
EA3C429E 49092B0E A8C1D096 35E7A18A
C80038C0 8B2588D2 B8C6B08B 9D451F06
373DEE53 5326811E C713D9B2 7705CC2D
1C8D4278 5228F7C1 1388AC11 C5ECDD41
9614A69C 5A99BA62 B7E8AE20 547CFFB9
933657BD C723BB4F EDAD22A9 F078859E
BB585004 84E53E60 298CF2DD 84AC0606
B070C519 25703CAA 744CF64B 5DB963B2
DC2C4E1D 691D5533 DA1FFE5D 5CF48CEB
5BBECE7C 74DEEC00 410FA815 C2FBEC97
3D6EA34A E0B953CB D05F7A4C 9EC7BE54
D866F0B9 042D4BB6 B45F30CE 3E82ACAD
B7D19E9B 9B47FFF2 541C5095 84EE3288
0340D0B3 E3BBB346 3D3E7B60 FCCD1527
AD57D3FE C33F035E 4508C2B4 BE3D9938
94E100CE A89A2B4A 7600AED7 5908F862
A9F05EBF 123950E8 9278EE5D 7B37CD78
B7B4AF7C 9819CD1B E460E454 65CA7D3E
A2EB317D 31F0FE73 2BEBAAD4 EDFFE784
A84079E0 432E1D94 697F866A 10B1C8B8
669F6B0A 3ECC84B6 8307A559 5CD0C8E2
51BD164C 4D7EF63D 634B5464 6BD42CF7
12B19318 30C55C29 FFFB255C 0BCEBBD3
53145FA0 74FF7AF6 CD5F00CE 1C8308A5
325F7969 FF049737 08EA1C42 2DBFA51A
8F7D0F54 16918BDB A418C096 BCC89DCE
998724E6 C0328B73 A403CEB9 7B3BC4AF
2085A89E 8BAD8C51 710FAC62 814DC4F9
E69E6AC4 8C9D119B 526531C4 1BE3E855
E21FD402 95CEBCB2 07712501 6742B26B
451C6D8E 170E259C 3FE6358A 25489A65
141C0984 173C1A7C CFB28069 C2A70B79
3587A4D0 C7801B48 EFE90926 948555DA
F31916C8 AF17C666 7B832CBF C0ECDC67
993BC52F AC1FEAE9 B7EAC7D9 DBAC1E83
D1285EC4 47CEE392 D8753542 2F2B9467
D35FC5E9 39449109 38A450AA 83EF7144
8C095502 BBA38BEE 1E313D23 3E6D736B
ED05707C 893A239E 0C2F39A1 7A20986B
8589203E AB388548 3328D0AC EF6EF357
4FAE44D0 44C98C64 EF212D7A 550177B4
53F7262E 7D6DFE27 6386C8D9 21308E73
F3B89504 3E4A7E68 FB7DA7C1 4988BBD0
F1784D60 75F57EBA A5E5110E E8B420AF
E82F9539 F510D532 862BEE2E A0C8C22C
2306A33C F2178369 5D2D32A0 C1A1CCF4
E6451A5D CAF52643 811CF953 3D3542D4
F9E69701 606315B6 2EE4FFDD D030A2E2
CDA8CF1D 2F2064BD 5D13143A 78E674C2
C8DE7CC2 26A47794 9A9BB93E FA549641
1DCD4EEA EC03D9CC 4486B734 9263083F
473FBCDD 9E97EE6B 7C7124D7 6F0E7F57
2145A3F0 CBBE9257 D4EEE840 6F44FFAA
18B263AB 142096E3 CE6E5CC9 A816CF24
FDB49623 3D67CD6C 5FBD8B3E 8CB807D0
25F775E5 D664003B 27EFA084 4EE6635C
8928C73B F2DA2EE4 189710BA 36B72A59
D8E1CB4A F8DA8BCC B809F029 DFC9D34E
B84716D3 CDBAB1CD C70B7073 5B2341AD
F8AB608B DBC2C2C4 99A97190 B54CE4CF
77CC0CE9 2487A0A8 FF746C94 FF463DB5
341A60A6 582199E9 F6D754C1 89328FF1
C491D630 7E672521 4F98AFB6 63A96582
6D765D2D 85791DBB 2162B346 2264335B
9F28CF7E F5F63CF7 5774EB01 630BBB2E
33349331 1939E429 477537E1 4A88FBBA
EEA05134 02A57E03 C9682FC4 2F35E6C2
A1C3E361 AA6991FE 83EAE0A8 C0E7E1E0
4F735A2F 08DC6C0D 143EE244 8ACBEBB8
CF52E1DF 923A1949 0477B3C0 84172930
AC047AB5 43FC371E C95D8876 2D34DF7D
ACC7306F A0280A78 0661CBB9 D2D1F918
C568421E C672EC8D BA53965D 3D318DC9
CDE58749 5C8D6911 A458C0D6 FEC34AEC
42C7EDF7 1A93F977 A2F3E68E 5FC32D81
7A05AA06 CB4D4DCC CD161F70 B8E5D86D
62977AC4 2C7DB0EA 3D22ABE9 C8C10375
1396161F 5D5E772F 53ED67C3 E33ACDBD
96B243B8 64EDE6A9 3BCB8F4D E8C80AD0
9B7EB76C 654F1836 A85F58CE 12923928
59B7905F EF245777 DE1BAD51 4ECCF2AA
5D76D6C4 572FB0E3 696C181D 28158EF7
E9958684 7DAE8D6A 755D811F 80895810
23F4942D 1CEC7AFA 4D6D2181 6E856C8C
3455DF77 F31C7B76 AD492B3F E45476A3
F21636AD 4F06F7B7 DB8F0019 6B784CBD
5B9AD10C BDC59CC1 73A6F797 08C54A93
1B3C57B4 5D5774A3 78D51347 2E903716
B9E5A958 FBA45527 053D6B13 67022063
1B1A32A8 2BA936B5 5A03B46B 1A343E66
9BB00609 AEC7CD46 5DA3A729 CA318377
D71B69E0 BE35BAA2 7C3593E7 4E5E2766
054FDB78 5B9CFF4D 43B75962 3F2BF927
F19B23F6 68355F41 A21314E2 CDDEB8CC
88A18211 B864D30F 9FEF2359 0A2FA59E
4BC2D001 46728089 99E7C19E 335EAFC5
5356CA88 3856FEA5 BFE8AB59 C874F6AE
7B9506FE 653F9D25 4D1E2C3F 62D48D37
F7D94401 64CD5C68 3CFDCB5C 80985A54
B176DD0D 346C6C8B CC7D31C3 76E10E34
B0819B3B B144FB67 FF4424BE C11C16A5
32906233 0A5197FF FAC520A0 CF1A0FBD
5BDA9B11 7CE7F600 4BA0E41F 43A5A293
FDFA7169 1DF135BB 797393B7 385A3B43
99A4B83A 79E61E17 9175ED4E F780E735
6CD622C5 88270C51 66E186C7 861CCEA0
FA30BC81 3C41FD01 BAA21FA0 65BBE4D1
6F7B7FE1 CEF105B0 4AD071F2 90DD6B43
027E1314 66B6BC75 AF3B2E27 741E5F36
4BB422B5 1813F70D E8AE82EC 90980CD4
E662DA1D E6F17E61 E200CE56 0EF567B2
79E3FF5B 6C634463 26C5EF8F 1291FAA6
C8F85A1D 284E2CB7 F13AAF61 00FEDF5A
933F157C EDFBE606 442097F5 2AC5F93E
AF25612F A1E90EF6 E82D15C6 A954DE5E
83810706 6A81A832 E68CE8AD 590D40B7
EA66462B C2084121 7FE56980 DF847777
34DB3627 9D6EB6A7 C3D10D48 2932C9D9
95B19014 3F466398 5BFA21C1 68AC97C2
357CC924 3775D072 9BF7580C F62733A7
7BAB9529 C7269B05 2A11F989 D08AD93E
37985EF0 A9EAA75C 7FC3F46F 4FAD7FE5
4336D5DA B2FD8397 372271F1 FA5792B3
E4CB58F0 3E53BD86 F8628066 3B9E9147
06680C49 A864904D B4AC66D5 8EDEAA08
4740D158 D17BAB1B 2775D2C0 602BAFB7
A655D8EF 537CA77E D11D9834 A519B674
A88400FC EC6818F2 064C82A9 D1B7B868
A9703F3F D63149A8 9235F3DC BD888A04
3109EB38 28F81C1C A743D6C3 C78A7BBF
0022DB94 16B6F2A1 9F7A617A 5FC79080
FC839256 DF938094 A943B372 C8D7B259
DECA68CF 34F536F4 BA59065D 7BF5D0D9
CD06C46D 554FE997 2550CC54 3A124CFA
02D2A18D 109B7DF2 B8F7869C 6B9DB5C7
121649E5 EFA87DE4 4D1E2E6B 026159ED
B897F5A4 7C219DFE 7727E1D8 5CD872AF
97399439 757EC462 E3552C98 45A1D3FA
B2BFA50D 2F6E6ABA 9F7E795A 4B8C8908
90441E24 354C71B6 E8F3A149 FAA331AD
7FA3C56B B764F7B9 AF05293A F3145227
529F2E28 4976F6B7 FB82403B C11E0DED
0BBE910F BE47FDC9 76A157C9 4BADB383
177C5954 5F77FBB3 E9D750B6 2E2221A5
1B8F9969 D984D775 8213D514 3FBB894B
09E8CFD8 48084DD1 E643D477 CCCF3EA4
08E1EED2 52B3DDA7 9FF3203C D74BA098
C08BB2E1 CEABA2F7 494BA4A2 10CC2859
165A6BE4 38DFACF8 1F26CF6B 5B1903E5
6BBFA77D 74D6EE35 574167D5 4392E9FF
B8B9610D B5E15E18 1BE6ABCD 69D494DA
7B40F525 A77110B6 CE57534C 02561BA9
19FBD965 8E00F6B5 C6BAD550 1EFBA90A
9179D5D9 F52B0642 253BBEF3 2CC5B906
A87584D2 03378BBB DD7B2878 C30B983C
8185B434 EEACB94A 57CCA0E2 55C64848
365A47ED 1ADDB5F9 25982EA7 404BD2F3
037665B2 0750F71F 9BBA263F AA3C0591
D7C84AEC AE65BF43 6AA6BE07 A0346F77
175853DC 30771CB4 74F6CE77 0A1E53A2
8031A218 C92255C7 41ED68A2 A22B335D
BE46F117 B7A02B93 94E57FE2 14627348
FD03AC77 1F5E221C 48B1186B 30B2E77E
254F3AE9 B3308319 17F2EA3D F35DFA59
C9D862BC C6322B85 8CD134C1 B7CABC18
90C87582 AEA9CBC8 ACB6F93E BE5F1FE0
5C4B8852 C51EB11D C716E082 961F6A2E
2DE740E1 DAB89619 5059BEB5 FF8C5F12
A644149C D5BD8B7A EA451CD2 39315779
C4E4EF64 9EB56D90 E49AD4C6 BDE2CA49
48CBBFD2 5893F9B4 F7F3EAAE 5BCB6481
6B686AA6 CB4D09E5 19933670 A0E1484D
329F69A0 6EFF99F9 EDE98F7E E34265F5
408260A0 8E2054B9 EA8ACB0A 223E82D1
DBA9DE21 CD41DD5D 7CA4B7A7 25E27DAB
7F7AB390 9F755A3B 4D521655 AE4A6707
880CAB30 C7A00E57 69D19439 31B737C0
C0CD1CE8 1FAFD5F6 7A12801E 9A4E56D5
53EEE5D2 BC0BC993 B6222699 9BC90083
1270D4B0 DBD7EDC7 39413466 3D284D67
2A97ADE1 59D51B72 F4B66F74 CE4E713B
6B12701B 4E699E21 C78E7FE1 11158BF7
AC354221 25454628 D9AD937C E6288A54
818AD577 7465F13A 2EFEE98D 63B624A4
8843C33F D9007E25 94183116 EF4675A6
20F22A86 4A20D6DC EA02D83B EE1E5E05
13F89FD0 FEB7D964 D790A6B3 52C32091
FCBA74D0 D413B39F 7153BCE2 ECCEB344
23C02EDA 78DE3E5F 69628AC2 21B95572
BEB6A73D AE376B03 6134E5D4 33C2C09B
DF832135 ABC2BAB4 3AE3DFCF 6DB4C5E7
33F86B0E 0D47AC01 82935E29 0221D8A5
FAB78467 0CB18107 4895F3C9 888B4C0F
D0A99909 39BE26B4 1122BD97 5CD73067
362F6BCB 2996409F 197AA14B DB52C97E
522BDEA2 E68B7A4D A9E5494D 7B9695F4
77C3A74D 9B00A2C0 11FA2D66 042BBB7A
8B76A4D9 27215B4A 282E7BF6 287C4515
6EE50C71 C9F88F63 E20D9E3C 24307EF6
0F83260E A861877B 66ECECBD 45DCCC32
895C5A0E C208E9D7 361452B1 00EDD14A
932D1D18 639BE21E 3C153BB0 EEDF310E
2E46615F C1BB0AFF 854F59D9 BA3C9B4A
90818096 218ABCC7 71ADE5AD 51BF8684
5BF270EF 180D7181 3ADA1061 88F564DD
ECC5F0A3 F78773B2 193CBB09 36E3522B
AD4D6CFF CD1E21DE 0005D9E6 30387C6F
3E1D0C1C 31148E48 B4ACDF55 E9289657
8C854490 82E95BCD ED05EDEB FB0B0737
36BB6B88 B878042D D6C154E0 C5302BE4
42B8B200 30E6D705 1EE83D0B 65FFA392
CC476FF3 D77780BF 83EBC83C 0B439389
5F4AA07E 6DE686A5 6D6AAE15 5574DE78
FB3714DD E737FB27 49FCAB9C 9159C53F
FD4E696D 77492EFA 609CD7DC 883CD647
13548D1C 21CD7CC6 462D7F49 923148AA
E4B59A03 A1095112 79F7DAE0 9AB1AD1D
CD4DDD4C BF8F2920 1471B1CC D5E1F02B
AD1125FE 111A219B A05B48EA 751AFD6C
03058A2A CBC9CE48 17807C19 F525D069
7E9751C5 8679AB8A 3940A2ED 50934414
276D9F38 9F4E719D 57C5629E 13F9701B
521F6136 F4093292 B242FCCF FD5BE7E7
16DC0B9C B11D5DD6 6CB5086E 33B319B3
C5B5AD08 0511D506 97A1EBB9 D31A5B62
333870F7 0C7F3625 76C35EE1 6B17BC92
62B0D208 70C5D70B DFEA2909 409033F3
EF4B7B61 F27559BF 69FE80CE 7A373357
177FE169 5E669E05 48C712E6 AB030755
FCE9D943 95E40971 A2C10D42 17F2F2E8
5DA1AF92 CB96B19C 16E30E23 77F3A56B
661FEA2B 9B14C31D 9BB34438 B97EDE5B
2E9F61C0 83FBAE41 295F51C3 80ED65D4
E0E9C13A EA8783E6 199D2BCE BBCD626B
9F0F2E7F CD1A22D4 450A60E3 7876184E
9475441F A952E748 96B15D5D A728F6A7
DAE19499 8BED8B2A D7AA2555 4CC4A9BA
5DC7D4D9 4F3BB8C3 A97E6ADA 20519F57
A0D4A5AF 628F4D7A B4DF986C 84087974
8314952C 34ED0CE0 422CB907 F68168BC
A115D707 F6194372 F5276941 06B192BB
573B154D 656EE625 45002D4D 00D4985E
A7B52001 27484E7A F9EF054E 609CBF56
03C45F21 26EDF032 EEEE408C 579700A5
FF6F572D F306E725 EFC12B22 DA4436F7
3097F237 4766B2A7 DBD65DE1 29128BD1
95B8D02C 3F4E1D2C C9A997F5 40861F07
377CDF2D 7479743B 8CD55B9B 66E5371F
710F1339 F7269F24 053A6B27 C50A67BE
FA9423B7 A83883ED B8AE3BE4 C00AC1F0
F4EA726B CAF4BA09 0249FE47 F4B5EEF2
FDFAFB5A B473023B A463BF94 4F5BB6DE
C3680A18 8A52E687 DE4CD4D6 ACE56C11
24C1F2C7 50EC89D8 E0D7B981 F5D11A47
22C3FE70 413E010F C75F4033 121B381C
ED2EC45B D8A97649 800C3B10 E780D47D
72587DC5 32FB2AF9 36E09A42 293D8759
85661F33 9393CB1D 05012394 F7C8411A
4A677966 40B80AA2 A3631AF5 3B3E66C2
B089E8AD 61098404 910FFF6A 8175D299
CE9240A6 2C2D71A1 D70F4016 671C3FA3
40D262E6 7A610BE5 AE93104E EB2C8FC5
F8A8FCD3 BF66B945 E780C7B1 42A371B3
DD7A61D1 C470A58B B14236C2 EE4CE74E
98A80ED9 58DD1CFF 811808AD A13ED5F1
EBED23BC BA99511C F8AA85A4 CE5C4CCC
7F6B1A73 3CD9B6E5 4080F693 6CF76ED7
FCEBF9DB 4033A697 B5974FFD 9D5AFE82
C8FC1898 69EBE007 B77AAD06 E564BBB8
8D4467B5 D651FB4B 6D0C829C B02A8594
FFC80856 6EA1AF63 A2054EBE A7BD0487
ADB025DC 29680CFB 548CFE21 C041C819
CCB01A16 C0994D1E 7D36E9AD C8C162FD
263FD41B 775F59A3 45D51DC0 13B1A11B
E595482F 65CE241C 09DC19EF A614FF64
975FCF3D B050683E 96EC7B9D 65B3199D
FD41D54F 2E8B6F8C 41BAE546 AF6BBB96
CF76A39B 55A96C50 246F1FE0 3C4FF8E6
AEE54273 0934DE66 8C799C6E E638E7F0
ABC32B2B 26C90348 47A6E4B8 55D041F8
695A6236 5E186CAB 8472D47F 2AFDA159
8D606FD8 F2138B41 747EBEF0 B4F17F36
A6C62A72 D2BA8BD6 2E3D5A7E B6336854
C863BCDB E88804C9 3608AFB1 C18CE87A
EC794C86 13596CBA B614EED9 0AEBCA78
2F299D19 951A6C1F 6745E6D0 468DFD1E
2055E32D 03EE66BA 057B085C BDDC9760
C2805BA4 220E1ED6 446DE8CB 103148B9
F751FF07 5670F5B1 F0D9AECD 39B9FE78
FFEC8F59 D6156951 A56CC7D4 90EB6938
C2C721BD 10DA7EB2 AAFB4ECE BDEDE7C2
5304AFA2 418D5895 A9546F3D 80F148A9
FAF3DAA3 3F2BD5B2 756469C1 9B48537F
37085335 BD8B8F27 56408F89 4127E9DA
ED10706C 1166261E 1B6A19D1 689C8646
A5400B26 23749838 8FA6C88D 52B78369
FFABD53E E5659F21 3805EBCB FF13CE34
7FBBA917 28DD6430 D2C555C6 01B322D8
56B8EB09 2BC0D604 6AF81C42 9C46E7D0
4A16E9E3 D48F5124 8BF7412C 2AD31399
1BDBB122 AD26E684 7F4990B9 D2DC76D9
B2C9F016 BFDF9BEE 5B9428C9 A3F9403F
D14B853E FE7A2AC8 230EF2DF 98AC5A0F
BD7C505C 915E6CCB 95611F55 AC28B6BF
D4A51C89 09E1830E 3B691088 90FF354A
AC487F76 BD9B9BFE 2E3170BA AF0053E3
AC92A577 52BA2BDE A0067AE8 7BBD5477
8089887C 2B2C0D49 596BB063 C36FD341
C0A6C6C0 08F10194 F04BC62F 3D5506F1
F1E4CA76 D3545D89 A4B4C085 D71BDFB5
634BFD8C DFB67055 12D4FAE6 BDC76880
FC7D84DB C9565DD5 8431BF51 A6E11F88
50898DC8 24F336F2 F76A2C36 C244F2BB
021253B3 4322B2EF 6D9F4A28 283C0DA6
9198B404 CD6B3F66 7B849F95 A0A90413
257CC174 AE7CBCBA F54CB6E7 CC2E6842
AC6CDF36 5C96587A EC95DCFD 1AE42087
4CCAF8C2 5ACC14B0 92D7FB0A 13351061
3D4C4EBB 471F4B0E C21E123A 86433A2D
CE5F96E3 BA96E36C DED80B95 EBC62651
2365B5C1 7612AAD2 9215DEDD 0BA38802
2FE99DC0 945D6959 2453D4D0 5F837B4A
7267BFDB 12BFE296 C5530842 9753A128
E08323A7 8A8B8BD4 490FAD30 914FC8D9
66D07E87 2EFF34B8 2FFB9967 04ED5DDB
DBE5144F BD97F346 0D10ECDD EAC0D43F
BF3A65DE 202ECAE9 A54FE7DD 5E24164B
3328CE5C 251DEC42 581D714A ACA8CCA7
B6A70C83 2D6DD117 545AB655 7CF09998
CD66DCC9 F43EF810 A13EBBB5 3645241F
265609E9 C2D1ACCE B0D9906E 8D59ED7D
82119FD7 B08C6D54 4E4C2EA7 B2A16828
A071DF47 D60853D2 E29BD55E 3B258C98
49E2EAC8 D1DC5CDD A05EB04E 7DD90645
00EBCC83 7EBDD1EF 26D1403E 9743299D
6E3794CB DD8756E5 484C3B52 A4C04C78
20192FC5 B69E7AD2 CBC90466 BDE734C3
DCC5AE46 36CD00F3 B6959C4A 37D24659
999BEF80 7732C19C 7AF360F0 5B8B318A
7D1D0C25 DF9C754B 8911531B 8A441649
B093E1E1 B4BF9ADC D7686B00 E70C7731
0306C13F 5409BB2D 452708C5 20108516
99D0E00D BD653638 6DDFCB3D 40A856C6
BC5A4D4D 327C3538 9CEC7148 222D2CEA
DA69533F F4127DB3 1F22EBEB D81B5267
3BDFA335 D992773C 53812F41 C2DAE9BB
92B365B8 16E1D601 3A6FFC4C A8C48FD3
C3649185 25CD7AFE 6C375BCE 1A3021BC
DDAF093A 6546C7A5 CFB75A12 1FA7B90E
84985D42 6E2F8660 0E03DD6A 0C14BE42
BC3486F3 023FC90E DD2B1A74 43AB8118
13032065 BE3D824A 7BEBC0C6 57462365
374F437C D05CA7CD 4FE101A6 E51436F5
F0913226 AAC4D3A4 DAB5292A 51F3C221
CDAA1C72 FD02B2D4 57D0F3C7 5A8644CA
3D7B8C5B DD50F7AB B2B15F18 AD4E9617
4E8980B8 29FBBF07 10BABAA7 8068C27C
2F36B91D 92D17818 D5E9B3C6 7E092118
064A1B6B C1F9BA33 2204F247 AD544E74
9CC3F7DB 218A1C06 262CED9C 9981B298
C9F0721B A3226687 406AEFC0 2F1B8B39
C7FFAF5B 70994C08 45786FD5 30EFE818
E4A5202D 01EADE62 EAFF0848 6D7CFF40
CA823F21 218B101E 87EAE92C D595C8B9
EFFAD22E 86086403 965CDE7C 3CBD0D00
29E99BD6 BCD18DC9 25D79222 BD88665F
72E7AEDB C0BEC405 860BF875 FE531A98
C883848B 590AC8C5 9209BF56 F2CACA59
525C7CC8 3EDF22F8 6DB905E7 23C72C19
C4D214AA 0DA144FA BA921539 3A461360
99B8D599 3F03CDD6 FDB3E582 0709E423
A73DA2E0 9CF4EFAB CF3006E7 AE483346
0C01BE71 C2B61F4A 2887B3DD 1AD3884F
B8BB9C00 B5E62C92 126BFF51 96373202
66542F89 219E650E 9CF70D8A 9D5A996C
161DA8E6 D6AC1E34 8FEC70BD 5BB3093D
061FF544 574997C0 F1E3ABEC 58885AAD
351E323C A0567027 53C86755 815AE9BF
FCF851AD 24ED3E0F 38FB86CC A7E4A5F6
D16EF75C 7CCD45B2 2FFF51CE 1A2321FC
D9E3913A E944F727 8229EF50 333BAB2A
DF34875D 503BEE51 456586D4 4CC0AF9E
E2216031 00F95E63 E97B0D5C 4FBCD7D0
A9C63F20 60E93196 65CAE988 1291C8B9
EE725B6F 3E18A5B3 37B4E901 0A8A2B27
371B111A E97B8626 57603FE1 40A7F156
AC3D422D 22EC661A 996B39D8 65141646
83C7DF25 26688032 8EECE88C D227B3C9
DD2AD52F F664E6A5 C245D452 37AF038E
CDE9EDC8 B6250CD9 3C13926B 3C8FD26E
A824AC82 1B3ED9E0 86352921 777F1387
6681220A CB8AA9D1 88849B70 D1C6BC49
763A45E4 B6DB81D8 93774002 3FBF7F00
F2452B5E 3A21CE4D 243014AF BDC8EFC4
82A26514 9972FAA5 FE6B22E1 5B67F09B
E1E26C10 EBAB85C8 71079944 306DC8CD
D2AA5AC9 2EFDBDAF 0A5C1AB2 F32B0B49
A6C94BF6 AA81519F FC11A0AB AE2A5640
5B8B9FD2 DEBFF383 43206EA3 FCF502FB
7CA9E0F6 D7338A44 73219DB0 8959FA43
14A638D0 49FC88FD 1116AA3F 825BC96F
AF3BBB39 A052661D 3D5997F4 46AE391A
46E73B79 89E0D637 B3615C4F 3D66E7B6
56C3FBDA 202B0904 A3B3AEBC 0B8F8AA3
CF7AF006 8F62C005 CFE35D40 FF3D7573
D09FAE67 3CA44EE0 81109C57 81D2A8E8
C9A0C407 BB52F819 BFFA64F9 12A7F7CA
737B6621 D7D5E109 89B75908 3E65C6E5
529B11E8 2DD6BE27 BA05A7DF BC3BEC34
B7B6AB1D 745A66D1 13456094 079B689E
42FB3B31 2244F6B2 7A7364CE 9DD7E1AE
5A94EF20 418BF954 CE974908 127619A9
6BD3B947 B656D42D 9A9585DD 1A83C807
041E9C41 D1663C02 0745F614 97D37A97
0E78AB88 03EE24BC B6F3660E 196BB13D
12148224 FAAE1CB0 4FC96227 73B3996D
3457E567 F6005DDB 6D9F55C0 0CFDFC8A
E8A8915B F6A6EE40 088FF921 F3CFC245
35046E51 68D86899 8DDA406E 96720A0D
C14F8D0B 98C8E341 E624199C 65028C35
1B49046D B01BAB91 07A36442 A3BAED33
FAD6A74D DC230AD3 86325EE7 95160B0A
82262115 07558F60 EBE98FA0 673AF344
2B1369A1 462E8538 1A86C6A8 541FC540
997E5374 4EDE6E0D EA85B6FD CAD2AA87
2492D483 476E34B9 7AED3B4B 173F3279
64959EB9 774F551E 509C9426 804AA974
4F32A161 9ABC5BB7 CCE007DD FF92211E
2941B774 57C202D0 7CD816EE 80C634DD
64CF58A2 AF8631BE 1899BB2A 373F5249
5D4E4FEF ECBE81BC 0084F1A3 38D3286D
563584BE 9B16CE4D 54315E95 EF787557
2485A490 C7A3C248 001C9807 23EBA90E
87729DC8 09B16ED8 CC01F1F2 9C6E3A06
4E243853 8AB9EBC7 85812E12 FF770C59
8283A0D3 CA8B8174 634EA4F4 558FCEC2
4F3EF2C6 18F86098 E8079D59 5DB5C4D3
78AD1DC8 5DFE5C44 730BAC35 E5D5EC57
324BA589 30C758B9 FE7B4458 DB4B8D09
421CC7A3 7E8D6304 D85F01C6 3B822CED
32DFB9A9 BB03F2B0 028350D5 B7FB258C
CA81EC81 27ED88CE AC8ED9C8 B4C5D20C
A8828CD6 F712419F C6142AB3 131B32AF
E6818CEB 1AB18FD1 562BB670 FD4C8C13
BC5A44A5 18F9A87A 039BA74B 67428CBA
4DE66DE9 D624D411 B06E9116 103622D8
14451E99 6D48FC70 D1D5B466 8CD26D35
4AF2A1AB 1485037F 8ED663BD BDC06834
2955B374 F39A6692 7E25D0D9 1CFD5A0B
912C954A 79DE8541 97703C90 75C1B97C
A955E58C 135E2A9A 9D5AD859 DB0E8B0C
91042C24 708BF10C A93D614C 73B594ED
7EE351EB BE4D23A8 0D8BAF0E 44785EF2
53B22CAD E794F43C C88EA12F E21C0414
53EB0B28 FDC1DC51 61CCE65F 84F54FFB
7FF67FCB 14436237 E6F545BD 3F9A7EB6
C0C5B319 EB22C736 79A76981 DF19EFF6
7F9BA03E 3CF25C41 31603DCD 40F2A35A
E4A5A223 3365C608 3AFA6D62 66B3F5F2
73CF9F01 1540C834 8832E904 72018FAD
590B980D 8383E685 7DE924A5 CACC36D5
7CD7D427 972EB1A3 82F46F4B 3313861B
DDBD00A4 BD4E2D1C A85D98E1 20886D0A
277C896C 327C5438 9EA85B09 E2257359
E98D85D8 CF911BC2 CBA7ED62 FF3537E3
F89162D6 60A4C4E4 880B95EB E8933DC4
99A80681 BE42D800 DBEA6779 51A29592
41785621 5651FA11 89F75158 5FC2A6C5
132BB1C8 3196AEA5 D21BD7DC AC23AC07
C9F6A8C6 DDA45C80 A058C9C3 56142EE4
26C2EE89 D414DD5D 5499803A 56C8EDAC
6A171E49 DEAC63F5 8E8A0790 B7C24D74
0079BFCD F25862F2 37246A81 1B0B737D
371D9337 BC4A9C27 5740A7C7 4127F9DB
EF30702F 0364261A 59EA19CB 69BCB642
A14649B5 637C5138 8FABCA8D 923723B9
DFB3D13E E4E48FB1 97E87A82 E4ED7738
2245C337 F1118BED 7F346A89 E1214507
EF147476 CC7E826A C30EDBB3 70A556D6
BCABC70F 25008442 90A8D750 810F96D2
C9A0540F 20F27D3B A7F6ECCE EE348EB5
EBC6E335 DC421961 A66804C4 F15A0FB4
AAD8BEB4 0E65A5E5 BCF1CAA0 67A3E5A2
69F6B3D9 C96545F1 03C7FE32 D2AD6868
E8B81E3C 66F67CF2 5CE528A7 E252675D
AC32F193 A6626322 76FBAF6A 13336350
DFD14E2F 8F5E251C 42B01D2B A032A562
6E6F2B6B A370045E 17F8EEBC 717EFF7B
4D19B014 CEAB9A81 68DA0F66 633BCDF3
FFB22DA1 06A55CB2 C8E20C7E 2E3E81A0
5BB83D03 BFC1DDF0 3C83EEA6 4FEBE5E3
CE3DFBAC CE94C627 5BF74E7E A77E63C3
0096A210 CB00DD4F 38D21543 11B304D3
CCEB1CEA 2FA47796 3B9AB13E 3E565148
9FCFE52B B9BAD9B8 2623178D BA5B2DED
03B9AA8E B79CEC4C 593B0C35 ED435C97
3C97A790 4869914A B0D0F3DF AF148C05
ACC6C951 B28809B8 B6F16EC4 97692A7D
6C4AADF6 5B32211C 00B488B2 B7586DE8
BC87A1AB 4BB80545 0322EF11 91E1D858
CCD068C6 C67928EA 32999DDD 1EE58888
4568DC88 D38EB9B8 A2DFE350 779D7457
36468FDA 56BF219F 8014E032 F7593E6C
A82406FB B88A6EEC 4469BF17 ABA23A48
3591ED83 B2B542FB 921CDA00 80BFC908
A36F0BD8 F89BC34C 54839AB0 D4F17FBE
2A660A7D C2BCDAE7 43187B71 FF345AD1
F8930291 218281C4 B00FE578 414BC0A9
4FE849AF 0C5D70B9 E6DC12C8 84FD4590
ACE9CD56 F820E8D8 34FD89C7 F5C94917
D74F6DB6 C73AB2E1 629318D7 DFB65C18
24AA849F 4183E7C1 9611CF10 A14CD6AF
DAB03C83 22AB403A 960EEEFF E44A4A24
2334ABB4 CA5A711D 5D4CA294 D6AB54DE
126F7B7B C0ED9223 2155FF47 AD754234
D896F38A 21031876 620FAFFD 0199B9AA
CDF02E02 BF6250B2 B75982B9 5CFC42A0
4241F616 B2D7DBBE 4FB44C9D F9411DBF
C86F75BC 122922E4 F75EB25F 9B8C5009
BD7885D4 499E79CA 75415543 AC01D6C6
F0A13C53 69E5517E 3816AFE7 C1BBE97F
8BBFBD11 26DB6496 D915E514 C4AA687B
06EF6B71 AB40C217 3AD3764E 9D774F34
5A15AB8A 0D938A16 CEB78D2D 2B8119B9
F1923823 2F2EC001 4DEB21A2 F72577B3
F09262F2 EAC4D7E4 D8A60B2F B9F190A5
83A91C22 FE42F057 7EC0D7D3 40A6580B
7D7A5453 51F5F48B 98B3550C 6FCE5697
DC8B99F9 4996AE0F 78C8D086 A4ECE55F
FC50C927 66848BEA 08BC6DCB B4C09242
9DCE9CF7 4D1E205C 6C9FCABA 70204C6E
342F841B 019AC648 9684D749 152DE79C
4F8814A8 0071390A D2AE7F12 2F0C773A
19932396 68B18E48 880F3EE3 E4948B45
A8A04BD3 EB64C04D D8491356 66B2125A
EDC3985C F4C4FA5B B2EEA99C 77C6C4DC
8B42C027 387E4675 75647A6E F03C577C
AE166337 BA91ABCF DDA1BFD4 9328E518
C4C33167 CB6B2675 2A8CD2C7 E4B4CE26
BDC1535F 217324A8 06A6DF1C D379F38A
E830B01A 0FEBE80F B668AEED ED2C8734
2C44E337 5859090F 87744AC1 B1BB459B
E2D39925 71F422B1 2B5DD8E5 ED8C67C4
2DC40B4C 212805B2 848EFF6B 80B0A0B8
DE301427 24205D9E 39C5E3BF 84C154C7
F6B97C0B A1DE6534 3297ED40 57B9E07D
7D5E5AA9 EC5E659E 157C505E B5C0FD4E
E26E965B F58A4377 AED1891D 3D3A1B23
1B51B5C9 A660E056 68B767E3 8A52FF3A
6D72F1AB C6A67424 F9287969 1677837A
34712EEB 25CD611E D0B90464 2033A97E
CB57AB6B B6E0427F 77FAA0DF 7FDC2957
095DD31E 52133A42 962DEFDC D408CA2C
2710C317 D05A292B 05651AC1 F199E8B7
A0512B24 62F41223 C95D4852 A4B47254
29C395D9 602816B2 04CECF9B D2D098D8
EDED0A3F B46B6DA0 4D9751A1 02C432C9
04FB5482 A7E6B2E0 1A9F792B 13FD72C1
D5BCBE73 EC07811C 559450A3 B612187E
D7EF803E BCD0E36D B6A457CF EF9EF707
1F4504D3 81B23A5E 01FB1012 68B5F5C8
C874A9C7 7E855BC0 8838EBB6 B6D01048
9EEFEC77 CB1A9978 E085CEB6 B263E97F
3B792C0E 89CCE658 B2B55F10 6D48DCE7
E19C3290 00EBA947 68D21E56 88B95958
AE678133 B7926B80 0BACB186 B6EAC199
5C4FE97F CBB82AB9 26DF50C6 B97ACD6E
1F03C62A 0193650D 97B25F49 9531C683
EEB85483 022B6203 8096D3F5 82F9EC4E
173C5D91 239BB002 5FEA9761 1E2F2122
EE544A5F 81B9AFBA 80267D28 AE500B67
128523D6 E2388A74 67E8EEB9 F1BB9B12
AF7E6A4E DA010149 9237F59C 0EEE0A22
BAC9A19B 68C196C9 994F79D3 47893B3E
07A51E73 69B4225F 935D797A 343292EC
CD8306C3 30031253 E2A0C19C F3D78448
5FEC460E B3752EC4 08175C2A 7BBA45AE
DBBD2AE8 60B546CC F88B303D CADE3E84
15E80A03 BCC1DB45 7AA22756 5E6288FB
4FBA7C93 D697F303 ED531158 2F5A9787
03EFA08C 1B5EF669 04942973 438AB94E
1FBA34A1 232B3636 DB03B67D 1A3CA664
DEF0625B 228DCD93 E821E528 E2598777
1291BBC6 EEF4BBFE 7A6E90E7 4F1E7BA6
2D56871C D91CF55D 2C875BAA 148204E7
309B18A2 2B9476BC 7B833F2F 4DB47A68
177FC70B ACCFD09D 12EE670B 5A421B7B
473BDF93 86D2E203 FC9041DC 7F1A3746
1647A4F1 B166B24D 111ABEFF 2C2B8AB8
0F77EED8 D3195419 AC6ED2D4 DA6E2734
62CB1FDD C4ADDDC3 A414CF0E A5736435
CC92B7D0 8CA90FFF E60EA7E3 98D8E829
A1300AE6 52884592 7A4196C5 3AA30C0D
876D9D49 9B962919 2641EC96 57AB6A6F
0357A9FA 917A2196 B4726058 3F6BF52F
820502AE 2B8E6564 4904AF43 B9E31841
F6976DE7 2627B1FA 81D91D4E 3D5D95B6
58C163A4 6EA4C6F9 A98ED01E B4D20DC5
11E3BE81 CC90DAED 649DC676 C7AB6D98
5C3AD85B CCC1628F 144D1F56 9F40A5CC
A01AAE8B 11D16DF3 96BDB794 5EA2A80E
01CA7EC9 05279C53 CF0396C3 4D1C3EE6
2A708798 16B7CD37 F53F8C18 930B8895
8284F3F4 EEBC0B76 49D8E0E7 51C6795C
374D4F7C 78D415FC 6EAD53A2 C3A2554D
605858A6 8DA206EA DA93376B 8F059230
1D2A5DDE 9E87E516 87A0BDA1 3A4380F3
1429A8FE 8CB40A88 2965F4FE CD4EB345
56260470 4CF70E64 B048AAF7 A26ACA3C
2F249B35 9A59699B D5E4A294 D7AB619D
460B6D7D C0E0B2B3 2263EBC7 BCDC6EE5
96806BEC 61931CF4 160FAF2A 81B1B99A
E8B06A12 3629512F 69B35901 04F9F5CA
D0BD150A 6FA7E744 790A7D2F 22D4382E
AD642443 AB18D8D9 78EE7559 CA269E5F
536BDC03 36DEE306 B8F6438C 6F5EC4A7
124F87E9 B906A345 12FAD451 3C7FE948
8D61ED59 54056859 246FBAD7 36E0FD46
6E67E4D7 42B80AE2 A45308FC F759E58C
C88732C2 A1898044 150C2528 81E5C8F8
667D76A7 9C5D61A2 68FE0055 5CF1BB18
AD469C49 D70EF913 017CA3D6 1249E917
A05525F9 4F59ACFA A1D948DD 899D6504
BA1C882C 206C5D40 448C2E8B B6B148B0
F4D1DF17 D61B7B92 AFE0A7FD FED40795
24C0C607 F6CE31A3 BED4045D 3513E6D1
B85AFAA9 7547359C 32F6C086 A18B3925
357401EC 1F3C7F3B 04619B07 EEA05FA9
3091B5D2 F60793C2 4A195406 25FF2F0E
CC01CDC8 B3A50CC0 BE7250C9 BDE5D665
E5C68F53 091AF1D5 66340CA0 7B1A7681
8A812850 C3B6BBC1 9EA1B639 C5E7CA41
361A57E5 32F9AAD0 B7EBAC4C 6EF5A6A4
CCC6E34D 57259963 A47C98DC B0D2C4DD
A9C9A4A5 5C663D68 B9D5CA76 808D6554
3974AD2D C1EC34C9 0E971E52 40C1481C
F013D336 64985DF2 30638460 8AE1A25D
E445D500 B7CE2960 0171ED46 F110FA1B
C41E746E 193A6D9B B8771CEA 210C5D4C
27458A26 FB6C4C88 8F085A4D DBA50038
D61775E6 C60539A8 776BBC48 7D749BB0
E8458A5F D0F4C941 A0BCC89E E1D9EEF9
8182B4A0 793630EC B7DB02D6 19B6748A
F97A8A19 6DCB7549 98973952 A4F5CCCD
D28999E3 A5FEEAB3 AD8AAF39 44C4C2A2
3BBE06B9 475FF49F 79AE223C AA7D0CB5
13DF0309 6CCD5EC1 E48DD65D 8C480A75
D3B4D798 34867FB6 6C4C08C7 2E926D96
8155AF1B FB04D736 DFBE6B4D 0A01C2E5
397EE33D 18577637 53B127A0 23D9EE8F
B2BA63BC A7E5AE85 7AEEEECD F3C4F7DA
533EFD0B 24CD15F6 0FD45FEB 825372FD
D9EBD55A E864F4AD 9A25D6DC 1DB8CC05
E1E5A250 28DC4C99 F3D19492 C79B6ECF
026BBB90 72F6B295 D7726053 DBC7B1A9
78049280 5D939295 88171B50 3252B8CD
139BB8E1 BF96B4F1 989EFEDF 4B6ACA8E
1C7AE0BB F3EA24C9 984E1BCC 5D1D3F12
06E10AE1 C5B41133 CC9D0821 945281EC
46C7B5A3 BE7B11FF E7ACEA3D DBEA39DC
6F50164E D6106EC6 40D314A3 13B2394B
0F6C4CE8 49A1F296 7A82F777 BE4EB430
1D68C45E 1E8999DE EEA0A7AD FB7B2FD1
06997A26 BABB04CC E92286E4 C97FEA07
042F5390 48799056 50A65281 0AA3B94A
8D69DD4F B3EB2048 0652FDB1 1485F32E
ED4572FE 11BE83DF 801F196A B0989D6C
86852A6E EA08824C D388E0A1 5157D068
6F4A56E9 04F921C0 D31B1902 753DD922
928925F9 0831464D 6D82723E EEC88D84
A9AAA250 8B71DAF1 B1A06779 6A12029A
6BEBFF15 6CC3A140 70DF8566 1C5EE247
166F0AE9 28CEB4BF 221FD1C3 1537290C
E6E1BDC8 EFA10CC8 B857907B 7DCC920B
8B2FFC93 9D1641E6 C71045B3 7A0F5089
46998890 D3288F49 D6009471 F9C71CC4
5E5E66E5 18B9B810 1E14D8BD 9A81CA4F
2428D520 98EE88DA 07539843 07EF7A23
0736EF90 618F409E D6523330 0D4BB929
46CD82B2 FA4C8E44 D009E191 B8C70B59
375369C3 9AFB1AF9 70425A82 31BF7718
BA136D7E 28B18AAA 45106FB5 F4C2D14E
EDA62466 893AB2CD 8F2B5BA1 7A365ECA
BCCB481B 015A8408 93B6D108 936D9683
5EAAD0D9 097DA809 167556F5 88AFDB5C
97ED9D19 117FAA02 066903F4 47CDF11E
AC5630FE 01B822A2 8179485A BF5CD9CC
80810882 288B8944 14AEED29 913580B8
FFF8433E 304571B8 DF394D10 DEB737A7
509D16EA 65EFC764 6902589B 69D3BCE7
B9B5F442 322772E9 9FF8215D 420A929B
017AD825 7CCC738A F95D1142 7E0224BD
363BBD69 3958B6FD 77635A02 A5CC7731
FAC1CA76 3CB5CFAF 0FB04C0F B0E2817C
39A6E00E 4DBE726C 7FFACBF2 51245EDA
A5680C4D 4510E50C 9AB41548 8A2796AD
DAAB14BB 2CF9B13F 0ADA0E4F A3B98D59
C7732F89 AAB17F9F 0E7BDF74 9C4E50B3
DAE67B77 9991BFE9 28A18FA0 6B75F7F5
AEA1CBEA 92310F71 42D7EE7A 9109EA82
A89E3286 C8494817 677AAEE5 805CC27C
233695BD F75BFB62 552D6BB4 EB29C011
A453797C 40DC26D3 210CF8D5 A89C7A66
91849D9C 21883EE6 26ACFFED 8089F4BA
ECF05C17 872965A0 D759D4DC 2DE50C11
E8C9F95F 7A7A89E4 6C7E9885 D5C9DACF
20C7EA74 417EB16D 955E5072 1F0B281C
E92EDC5B 898F7C59 0608BF91 74C0945C
71484FEC 879F2FF8 38DA8E71 6C7AC4B8
4B3EBDD9 7658FD18 D128A294 86C96414
625B6969 E0E1DEEB A07DDE5E ACF4CEF5
9A8AB7DA 608E7CBE 664FEFED 1091E8AC
CCC4DA07 3F49C1B7 FFFFFFFF FFFFBFFF
FFFFFFFF FFFFFFFF FFFFBFFF FFFFFFDF
FFFFBFFF FDFFFFFF FFFFFFFF FFFFFFFF
FFFF7FFF FFFFFEFF FFFFFFFF FFFFFFFF
FFFFFFFF FFFFFFFF 00740080 008B0082
00750074 0063008A 00840076 0083008C
007B0084 0081007E 00920079 008D007A
00730087 0094008C 00750074 006F0073
00960089 0079006C 00740083 0089006C
007C0086 0077007B 007B0085 00850076
00790074 0086008A 00890083 00870076
008C0088 00860097 00880075 00930092
00640077 00680077 00770089 008E0080
0072008C 007D009B 007B0084 0087008C
00720086 008A0070 00760078 007B007F
007E007D 007C008A 007D007F 00920074
006A0077 008A0076 00890077 0087007A
00750094 007F007D 0076008B 0089006E
0082007F 007B008E 008C0085 008D0074
00760084 00930085 00800095 007B0082
008B0097 008C00A0 00720098 00780088
006A008E 008B008D 007F0094 00710079
0088007C 008B008D 007D0069 00910093
0088007F 00720082 00820085 007E008E
007A0074 007D0075 00810074 00800080
00940085 007D0082 007A0088 007E0073
00770084 00690077 00800077 00780072
006D0084 0089008B 00900075 0083008D
0088008C 007B0085 00820092 0081008A
008A0088 008B0084 006F0085 0080007E
00780071 007F0073 007D0083 0079008C
00790076 0077008B 00940078 007C0086
00890081 007A006A 0081007E 007C007B
00960084 007E0099 008C0076 009D006C
0098007C 00790074 007E0079 0086007D
0085008E 0087007E 00C60092 006F0081
007C0082 00670095 008C007C 008E0082
0071007F 0097008E 007E0083 008B0086
007C0077 008C0082 007C008F 007D0089
006E0090 007B0088 0078007A 00780083
00980078 008E007D 00770083 008C008D
00870073 00760084 007B0086 008D007E
00800086 00750087 00800079 0081007E
0079007F 007D0085 0086008D 00770084
00820090 007C0081 00900078 0089008E
0080007B 00920080 008B006D 007E0082
00820080 0079007D 0077008B 00810085
007A0085 008C0078 007D0077 0069007E
00850086 007A0077 0078007B 00740086
00770071 006C0083 0080008D 0081008D
007F0083 0076006A 00800080 00850085
00840076 0082007C 00770085 00850080
00830076 0077007A 007B0089 00810075
007D007D 00790077 00870084 00840086
0081008A 008D008D 007A007F 0083008B
0092007B 0094007A 008C007D 007F0082
006E0082 007D008A 006C0079 00970078
00820084 008B007D 00700075 0085007B
00870066 007A0092 0073007F 006A007A
009E007B 008E007F 007A008C 0072007A
0070007B 008C007C 00890082 007D0083
00790082 00870086 008D0081 006C008D
009A0091 00770091 006A0078 007A007D
0086007E 0085006A 00760071 0084008E
00860082 008B008C 0094007E 0087007F
006E0067 00960079 00780084 00830073
00820078 00780089 0076008A 008D0074
005F007E 00770089 0084007A 00810090
00820075 007E0079 4F3ACD6D 3EC69DD7
463D814F B1F450CD B74783EF 7BEE4D42
AF1FD4D5 4B935D92 88C4A4CB 9438516A
34C7ACF2 811B1EBA 341EF4D8 82BC3C7D
9F74A9D2 9F6903D9 8F36D52D 746EC6AF
9824DDAA F31368C4 5C260D5A 892CB9AA
229F40DA D0DF99DA 9B31B4A9 F22E023D
84B11B14 D42FE8DD AD6E005D D74895AE
87CFEA18 33DA8888 89B0103C 225E9E9E
B984DB07 D7E8C0D9 DF618843 556145B4
8159F329 6982FC0A BA02E0EC 2E684765
0AD3BB44 C6DB6E81 BDE6EC01 79141BF9
A956A658 A6991281 C5263B3E 96E33EBF
98ADC709 B951491D 4A7335E8 4F7B1526
4F8BD419 05C6DDF8 5E13E479 12CD3B0C
4158D8BB C236C47D FE22A417 68C5FD89
899FB8E8 6295529A 573C1B51 4BC7BABF
4553414D 95FCC67D 2FFB2B69 D0E30756
5EA95494 5F8ED634 AAB13481 764EF6BB
2874BB9D E7AA68D9 BFC7B05B 7F291D9F
850BBC91 67DB519A CFC21105 80E6A4BB
99278308 79DC6397 15310DC0 872A3C36
1C1FC418 45D6AC72 95D123CE D5100182
3407A514 20CA2633 34CA31E0 E5393CA9
5470BF53 4C0C4DCF DF5A49CC D788ECA3
AA250700 B9272795 D0477153 6D1A5EF3
C41F5555 C5957802 FFDB478C 5308CA0F
A0083B8E B047F435 F167B15A 6305D638
241E1051 D4954822 9DD5A03A 409E1B4E
596CEB17 088DB4EA 9526DA4D 850773A1
315B2BB2 FC307443 9FB2B02D 364A763F
B821D79E CF87E8D9 5C2E08DB C72BD52E
83C3D21A 41CE19BA E23577F7 0AB36C36
925A0099 79304A0C 6BC1B4E7 7EF69156
CDAEC698 87AB9410 8CE4388E C05372BB
8FD6B3C7 9CEC6316 93717861 D5086634
1AC1DE25 1F023841 B6326759 7EC01867
40EA4B7F 1FA69D6D A386A34D 4D03DBC2
E5AE108C 40BD1CBE 0DCD8884 80F6866B
1D87A726 90D92786 243C4D80 87B826B5
1A50FD3D BEC22165 04E83A3B FD401C77
5587DD5F 9FC858EF 36BD4BC9 8FFA1366
1FE8FBAA 407ABF06 75490F57 0BA509A7
76AF65E1 2B05952C 948FF7A0 A0DB6AC8
74771506 E4B46163 1FB228BD FFF29E1F
CD30D94F 1FECC47D 3B26494D 17785E26
1F8ADC95 521FB456 775F7FCF D1817126
266E25E9 3C422F2D 6686F0B9 289FBD57
7EB84C1A C73FA7F1 755D8306 09290584
76AF05A0 2B279671 D0A2FFE3 0D5B3AB8
64770D67 F43C2D24 C4290532 80152CF8
849D4E16 C7E57175 5C3D1A49 984D0086
87E1732E 29EAAD2A 50A10033 369EDADC
659C5AB7 44A890A0 8990CA86 2009E584
6171AA64 2FA064E4 463EE7D5 08A6AFC8
0E769871 7093DF66 2FE9ACE5 7EC69C1F
639EC454 D3C7D231 D99BA80A 7218028D
D8B1CBAB 8E058855 C0084B5E 8D03A6A8
74F18F0F D9C42DCE 205DDFC6 8CD56D60
16DF04E0 067103F0 CC98C5A2 2D968953
C2267346 817F0BAD D4DDF67F 23838BC8
2DEA24E3 68A89728 51E5EFA0 209763A9
D0632C47 F1246061 8CA10420 901A22B9
D98C7A36 046FD1F3 0C3A8919 D529E2B6
82D1EB28 1D4089EC A235D5C5 520D2560
A22A0888 67734E6D 47C234BF 77C699C7
A59E504A 87AF8E94 1FA68209 E3A1A976
1F2A9126 3C8DD487 55742BCC 4F40E4E2
F4FD5CA5 491EA053 F77BE573 360DA8C4
A2184DD9 6F278C29 F0AF821A 6923D0CA
E12E21CE E0BD189A B51B6B78 5F853D44
42FC5143 7FC214EB F0D4D30F 2F610AC2
E53E16C5 643D463E 40DE4E47 81FCE728
2EA78CE8 F819BF96 6D8CDCF2 AA963C3B
39778436 147173F1 F9DD039E 4100C6A2
38222F80 F0C36353 60623878 2211BC39
15728453 C58D09F8 2211DFF0 CD6565D4
224338D5 65725629 7FCFA967 7AF419DB
18AE1053 2B9DD29F ACE512D5 8A3F2FF2
07D73018 F5F8F7D6 3DEBACA4 F08C1351
CA05FA28 3F83EA20 B0CD3B82 ED305164
75CA64F2 2C450312 70BADF3C 242B625B
5EF063E6 8E6826C9 DBDB494C A389E388
FE290381 B0C79514 D167F1F2 6316EEB8
60770471 D4B43857 A07636A7 003EE3A9
B96A68B8 E62B4E62 CDFAACF3 E2C3B939
11C3405A 95CCC6F9 CF2A5D3F 54003437
D0184D7A 8F13A8ED 4E0A165F CAEBD10E
BF8B509E C4DF9DB8 72DD82D2 2B111B00
37A960CD 00EC17A2 505CEBA0 34C6616D
18641145 B72D6265 474BCB74 2DB5B944
5FAD64E1 39150786 00B86FC2 90FE637B
76300533 9D6D2C75 F2792482 D20B4298
A8EA6251 146AF479 F1F23039 E547B6BD
9CA16649 20AE8409 9DC19AA6 F7787023
2DC9B75F 9FCAA29F 9DD15B49 EA39763E
5A21BE8E 9C621D0A 42275F73 1E363A9C
91F948DF 098CC9E8 7B7FBA9F 7462D124
5F894AA8 19E68479 FFDABD8D DD453147
D2A4476A AB00AE08 A64ED3EE 4F77FF4E
7FB62D97 C0FF35DC 50E10A9A 2259CBD8
B5ACFE85 00285433 5411DEC0 749242B4
00759351 2AA46C6F B0C9E03B F740124E
61EA6F77 066EB439 30FE7A59 E739C3AA
DFE13F8F 2C2C158F C0ED16A2 C02773B8
35CFF691 056A437B 75F9F8F0 F4783235
8A61D711 1F6ACF21 60E43832 29F77FB7
1FEFC6D7 6DD82A9A 2EB85F81 96F96526
66499368 172ACF60 8DD6188F 8DB4E2AA
85062DAE B012A582 4004CDE6 0B9D34AA
0A63A85C FE0320F7 422A8A61 2BE3DBDC
43DC5446 51BCD06C 97E58E06 54E50335
D5BA34E5 1B057607 ADC4FD3B 893A7473
B827FCFA 2D416AFF 481A747F CF23FC46
7B85C39B 99E90FF9 F71A3F06 6D85A561
C0A545EA 2B359824 D0005FBA 2F33D1C6
668A03B6 51ED35F4 45A638AF C0D6F87A
09466E8A BD9DE95E 93D13842 85616EB7
14C1D218 1360AC74 CC2F341A 028FAA8F
DD2C5FAA 139DC87A 48C01CD9 C243C585
41896A2A 9584E470 6A24E793 5A1F2EB4
F4990095 4776E939 CDF92E9B 7C4489D2
ECB81268 21C08AAE C8BEE4F8 323A321B
B8B0FEB8 881E7E3A 5A9D3DB6 A63BF488
5281AE2F 18C04BC9 FDA8818E 9048C6A3
B0BDBF24 C6E770B1 14083011 450E30B9
2547F307 4CD889AA 3813F469 3785F38D
F03358BA 02277E79 7A2E8C1E CAABFD0B
619429FB 62DD56FC 461FF9DF 198239A3
5B19C5CB 3B4B0B6F 66217DE9 6CD75935
7EAB45EB 96F55557 D459C25A 07816BDC
AC7E58E3 643095AA 4186E43C 22E2E9C9
E8FB286B FEBC6240 C1DC774F A02F6308
B8E46DA0 880BDF92 20EEFCF6 2013B8B8
31C60213 D66CA3C1 43820BD4 3FB4A177
5D75B364 FBD4A716 DF7147E0 DEDC467E
4E2DD414 C9063932 40FF46C1 41E4EBAC
6A4ABB80 E09AC909 64F3A841 C1953C19
804BFC52 F3A4E127 B953772B 350F67EA
B82E0DB8 8C23CA69 6002B41B 0133BC88
218221CA F4F5059C 20AD9285 C9781033
0FF4A205 37DC13F6 0DF17141 949C6BF5
0EE8FF60 8F6AAC70 07B6250D 7DA1B4A7
592001EE F915AD4E 4BA41949 66C05546
6E8A48A8 C6159C55 62655E73 14FBEAAC
2B6A6899 690A0F9D 2BE3F4FB 30D0BD07
D0890489 B560D2B1 19F03D8E 253B56A9
B8A0FB8E 200975F0 E00638D6 0313F4A9
01512373 9060D8D3 C6BC9DD4 BA70A3F5
351DB601 B3F88306 5DD975E9 7B9C0EF5
4CBD9071 4E96FB62 0A26F431 7C167EF9
C870D85F 4DF868F9 3B7F0A5E 7FED5106
8888EA9E 1F4B97D8 9CD33CAB C5B6732B
BB66EDBA 8C431ECB 2A20D855 807BF03D
1BC0EB8A 996C82D9 89D3340E D42A702B
39E0C93E D90B68F7 604E3459 E332F22E
2F4AC38A 52F084DE D8F9C078 12985BAC
608E4A87 0462D079 D107DA15 60078290
9071BA4D 2CA5488E 88551D3E 002337A5
B8359EA9 E31729D9 CA2035A1 4C13BC89
E193B76A A0F4DBAB 7B2B4E71 23576BCC
61D85811 470B907D 69BBA62F FC458ADD
D02917CC 3C98860E 9F77AFCC 4EE6A427
CFA09B08 FBBEEA19 D1E701E3 EB901897
240F541D E0977412 FA7BC752 020826B8
B8F94A91 626A4AB1 E5EE34FB 680BA8B8
D1BB054B A194E988 233921F1 5E7C1ADF
4158005F 1FE6FFED FBEAA22D 6D658B57
CF0B3E8C 2F97CE08 9FB63F0C E70F86A7
A9229B60 B82FF815 73673128 6350D6B6
B00F4059 E5BE3C12 1A3AEEE1 751DF61C
6A5ADCDD 462A7F31 2BBEB01F 7A7CFD0D
D0C82ADF 1C9EC698 4D86B871 FCB6BBDE
4B96F8FB 945DF106 0B30CF45 92AA6766
0FF9E0D4 DF233E6F 28F536AF C42F6BAE
11663938 B4397F6E FFF2BC69 93E1B815
188B4049 D7CA80D9 8AA922A8 DB7136BB
3CF9E795 87C8661D A16F32CD 663D8466
9F41D75A 048A1DBF F699021A 5731C28E
32FD2F94 042E35B1 F05EB149 623A8AE9
1C573B53 EC244D8A 6A1ACF75 36CD9D35
FA3997D9 7B730961 D88FB7BA 683E890D
C1BF15B7 C0C55A98 27F45F8E E9A0442A
8F73A54D 399A3706 A3E7E1E0 33FE3C71
DAAEC4D3 176C1751 D7DA890C 23A88B86
ADA51323 9A8FB487 B16469E8 A35966B9
645F4C51 573C2042 1C4BF47B 440B6BCE
C87E68BA 04335DEB E826C61D 88A7B109
E7D03DF2 F8F5538D E23477F4 0CFFBD35
D7460A69 7771A78C 4FE194A3 7E849957
A98C5460 27ABDA11 4614F071 DDA73B5D
4B4A42DB 19AEDE6F 6BF56F6D 9AF2D703
5F880899 142F141D 09A182BB F03A0ED2
C58E585F 04E978F2 0E3A0E09 99410096
8F41EB08 AB52AC6E F04BCFF4 3A598CA7
F6059645 23609084 DCC9D7B6 591E099A
A5343366 2FB12BA0 AAD1EFCB DB4A5152
2ACA864D A7843E1D B3EAF22D FC748A50
FBEAF70F 80B5158D 15DA883B BBF01BCA
EDA5D92E EA8E94C2 941C4B4C 8D6962A8
1651BDD7 DC106E66 AB2AC585 7C5EF432
92939E0C F5F16B53 AE4B105A 7E4C19C6
A28CB258 23DB99B4 BA1AA4AC F7785046
C2F2DB46 CEF3F568 8C46C21F 436502CA
ADBEAA1A E2D928B8 35C5FB56 AB854944
779E0462 5813970E D280C7A6 04DEE2EB
727222FE EE6D3A61 395FD5AE FC1C3440
EE061EEA 0615BACA 4008C51C 999AF9CF
E9D62AAA E17906EC A04FD467 00ECF708
3F876822 C01B1EC2 640DCD52 90AE38B3
A276A952 FE6173E7 20C9C1C3 E92403C0
27D22467 00829322 D7D9D225 B03CEA59
5A643F64 3E216785 27FAA31B FD97B957
47FAFFFF 0DE0D4FF 85A0336D 45138442
D6A8D28E DC0C8FBF 407E9517 02BFE5ED
F42D6CAB 607149F1 C89BCCF2 2283B191
D18145B2 9EE4CEF1 3B02DDCC 28EEE563
8217B360 F3F8E3C6 35458486 739C1D5D
2116E874 E3933B22 FA920F14 F7D8CB95
2EE891C1 B34CF700 B3CFB7E2 734C86BD
71191C55 7C84F406 84E9AE1A C031A2B9
7D3FB7D5 D56C872A 39E738A9 E2783A3E
9EC9D724 25A6A747 44C202B2 A2DB8A98
9DADE387 10E89436 9131CB90 248362B5
1174BE05 69286A66 67C90AB2 2B5115D1
D48D46C7 EBE993A6 1C995BF0 9CBA0B78
6E763726 28606B67 563AC250 62CB8BDD
C7991647 53BCD44C 97E10B20 500D83B1
C43B5C75 E786F606 63377FF7 0877ECB6
0F5B0601 39130B0C 49E3B4E1 7E941DD6
AC8ED458 83B39815 2736197C 5AC58D35
88341B89 FFF4294C CAE39FA2 6D478187
659F36A8 A3977C82 3AB9E4B8 5F5A02B1
A8D99344 C7EA7D7D FD46B019 6E649EC8
9DC8BECF 228A0DA4 97A63FA5 FE567C53
6144D7DF BB4CB855 1B5D8FEB 9AE64766
CBACD2BD 414FBC1A FA3EE5FC 724B4E1C
C09812CD D7B7FC3D 9F67103F 7F419594
880F7C00 23969814 F61C7DE5 5BACC00D
72518378 3A573F24 E3C4F5F6 2F167429
79AE85C3 417559D1 632A0B74 3F918DE6
829B1745 F3F10444 DBD5C3A7 7CCE05D3
A4BCB464 63B33922 2F52DAC4 BEE8D5C5
AA2BB340 D2FB6784 B584E562 6F1C7B79
2816BC15 C2959242 65575FDE 0DC5E5A7
3B072661 71D923C4 52E1F5A0 71B60DBB
DC13C568 87A2F0EB 28793633 4802315E
70EC4C7D 0C01AEFB 4A9A1E39 E563B5CF
FAE06B8B 1CEC87BC 85273F72 AE8BA41D
C838DA6B 1AB4D945 DBE139EC 4C43D796
558B4A2D 96D6BC74 21D56AF3 DD255B4C
4E4E4C7A 0C06372E E366F625 A663F0FF
F9D8CE8A 752C868D 67B53B8E A99A3432
5748276D 7FC1D856 8FD01BA5 5FF8E5DE
36E16326 156AAD4E A80E55F7 047BE5B3
B83A2AB9 E47143C8 6A9EB4BA 5FA59955
0980A308 8BD1DBB9 A14C9B07 C8D10D40
55A54972 2D75B026 07904F81 85C365D6
66BE6224 1F7D8464 F8C1A413 9D14144A
36FB0476 048373AB 705F723F A63CFC69
DAE423AB 1C6087CD 8BCD1FAE 896A7493
D9C7B208 F3D97FDC 6C354DE2 1EB43239
0B84D5B0 8BD3DB9B BB88A2A4 BC785F5B
44979216 85EDF293 961A4B0E 8F3C6072
8FD0FBA5 6F5BBD8E 0FA03BF4 F87784B1
BF919345 B3DD4B94 F6D908E2 FF7C5D76
0F09D7B1 81C2BD3B 22095A70 B53151CC
76CFA455 804317A0 BE9FF736 BABC235B
FA6495E4 AE715381 D71FBF0D C78330E6
D2384DFB 3963A865 428654FE 23D699C3
6EAB43BA 95D4DDD4 4D4BC112 B526B7EF
80254EEF 7F450966 C81A4BF2 22EF8882
65F947BB 88F1EBFE 6619F5F5 98E0094D
75982168 3D9E1A2F 47494DDD BED2BF64
1EAE0CAB E33D431F FA8A4A50 BB581451
B0B8C7DF 4F4E9879 FA0F3B5F 6EA96AE4
6965B98F 0C150D9E A339BFC6 E2010461
F02903C8 3B750A35 C9F734FA 67738154
DFAC5777 04F6FD95 56C7AA58 52890B2E
6FFC4923 080E956E D3E7EBE5 24C377A1
D06B1C65 74246406 9FB6B92D FEEA3857
CB64970F 3BD59C07 0A244BCF 1EFE57E4
E9ACC2BF 10479C57 74D96B72 7FE5197C
63DF13F5 1B829239 F3E7D3E5 2ED34BC6
FC3E1CE6 642D2617 4403FD93 AD055A7D
7FCA5821 7F702C60 4A1BF1A6 E4C04814
DFC1072F 2E3A87B5 06F616C0 FC762C3B
7916329C B3FC6B36 2EBF0A7F 963A8F46
9F88D08C 1BC28F1B FA326D78 7E4FB814
B278CCDF 4E261CA9 898E3A5B 6A67D8C8
F1AE0AA6 70AD4A9A 8DB6B92D 7DA61027
DD06CD6E 391D9DC7 1F2443CC 87EB7766
5E8E50AC D467147A 5AD7041B 66FACBBC
4932B9A6 D09CD5C2 410CE443 838976A8
1267A858 F6017063 D6943F87 C71634A6
FF4A05B9 316E063C 1BF977B1 D5FA645E
DEE9550E 1926AF55 E00A0D75 2BDDAFF8
D2154AA2 62B4D9C0 4DBDCFA2 1C87E119
E10122EC AA63FA60 9DC2040F E5FCD72B
FFA7B762 C8CDAF92 04B5F9C6 82BE603B
3355BB76 70215FE1 CF347D7F 1A2F1091
D0314589 FB338EE9 0A1F15FA 6FFB9D1A
4F8B54BA 11D29D9E 2077E0F1 14BFAF44
85569871 42F2B5E0 BBC0843E F8C49BC1
E900A8D5 EA91C38D 36B9A0D0 FB4D8ADD
EA8B12D5 57CAD47D F1C7F3A1 6D5502B9
9C3D3E44 603CA926 C708138C AA9724B3
9015276C 737D4914 54111FFA 958A83D6
57B45324 0DE7AF45 20657FF7 C2E76FCE
A9341A08 E130275C 43E12C20 58C71315
C18BF751 A3AEFA01 552F1F2E 4987ACB7
D0245B2B B945B84E 4BA01DEF 07C77186
648B40B5 C106B471 3B17F4C1 FF8C5B7C
6BCE9854 46BEF76D EEE3E20F 1A209B5B
B8EE3DC5 E6175099 A9AE9596 A0FAEDB0
C5857A14 E5F15093 CD398F52 9DEC03D4
E570E034 EB42BA62 32F94784 FF48C42B
B689A566 EE4226F0 F74FF3B3 F9183ED9
8266BE51 2F1F5B02 A9C0378F D87E1543
2C24EBB9 F8466B93 6C4E585E 8B3AF8FB
3BD6A3BB D45913CB CAB056F1 024E6AD8
89785891 54BED1C8 3D23AC10 78C49BB9
820DB048 36874228 568B0838 46838ADD
8299566F 5BE4906E D33B0B24 48C34286
64B95CA5 E8B6E806 09A0302A E2DB1A1B
B9A0D387 9C8CF436 93243AD8 15C1C7A4
2449DC15 5C408C66 B8B9A673 123A63F8
22F96E99 466B4379 5DDBB013 7C3DA831
9865A74B 9AE443AB BFB3040B C31A428A
A830092C D807F531 FD6EB359 6305B6F8
2046CC53 D004609A BBDA004D 7A68450A
A8C32B56 8A4F7496 F064F948 F92CA0F1
934FBC73 8E0F1002 7027FF7F 2EA29916
47EE04E1 39908B62 4AE16CB6 9CD67DD7
D12804A4 D771B667 9BB8150E 804A66BB
B0A5AB1E C76FF8D0 4418105A D53BF4A2
0347E33A 01CAA8A2 9FD9A00A F39CC28D
C9A1EBAE 066FF4BB 912E4B5F C709E2A8
53711BAF 582C2486 0656D575 3EA6F94E
D51458FA 9A159D86 881C4D9E 8A87C34B
E39F60AC D85392F3 47A9C0D9 F96A0A9C
8598116F 11EEFCA7 4F780A1D DAC04576
BC6B5F0C 339C280B 9DE224AA DAFE2A19
C9A5FB3E 8DEDF8F2 0C3C0A5B 854BF2A4
8243EB7D 5B42BC62 FB1B890C 5F99DC27
32352745 BBE1A055 F0469286 63394FCA
67BE3D77 21BD18DA 673ACD79 7FC59C17
C07843F9 9B869D69 FB0F337F 6E47D94E
65BE189F 219C1CBE 6228C4F1 336FFF5D
C0C958D5 4676D4F0 8899971E 7805C3D9
A1653DF6 AB91CBA0 50CD3633 23F5DBCD
7D4EECE3 088C8729 11B0EF65 A177E238
5C718DD7 F42C666B 1F378029 43CB4BDC
C87A5837 84A2F46C FB240B0F 1D81C707
E51B3CCC F1BE302E A25FD747 D50D7565
BE3109F8 EC172AE1 6C0E1C7A 4A9A990A
E19C429A 89F5DBF8 B848DF96 213D77E1
B2133EE0 637327E8 F8D8CCB6 78BF6118
A1D543E6 A96BB7EB 3ED9C429 DD5A1B5A
48F6FA3E C698FCDB B31E8A1D 8EA5B869
8B442BCC 7A1942A8 8B3639AD C00B4622
8D2AA908 F94BE914 65423028 73C63896
898FE418 97A69C50 3E51C5F0 3E487A4D
6AE21E6C C2927EC9 F54EB007 6B3418E9
E9762D67 E29D528A A4E23A72 2AF61D55
6FC7F2D7 79C86B72 3BF1AAA6 D4E5E27E
1271BF0D 2B2AF447 02EDB033 02265B9C
81FA7897 441BD17D E9A3A65D D441B2A0
98CB0BCC 9808C22D 3C33E0F8 03CA2F98
808C7A12 4636F1D8 DC688C1C D9850181
A11FAB2C 8A81482C 7F66FDC5 FC6E3C76
D230151D 87D32E65 7F4C00BB 5B0C9D46
AE8E54DE 02DF559C 01B654C9 7676AEB9
CB14D20C D5F8098C EEB30835 C2358547
5D8A4A9C 01E28289 AFA0BBB1 FA183C52
0780D557 3DECF0DF B7FB2A0D D7784B76
2EE97BB5 0D5BBD06 224D3663 20F73FEC
E1CA48DB 26B00248 0A984E96 3CFEA302
253463A8 29EB8AAA 42AC99F4 0BF5ADF0
179D2485 F9B99314 1EB9CCE0 92FC41BD
0474B560 2F22FB64 89B0248A F092721B
0DE2F914 C48FF11A 192E2A5D DB6DF660
1844EA90 7F4B046F 08CD00E2 C1586259
B5C3F4B7 C46AF4F9 94BAD819 C039BE32
DB41BF8A 7872EB2B 675CB9ED 99E72223
DDE9A578 BB53233E AF7765ED 96FE3C7E
9EACC589 10771517 600CF670 6DB11157
57CA44FA 1690872A 0A9DD79C 9CB76B4F
DBFC4DAE 5B6B77FD 700ACBF4 2A5FBFD4
F28506F0 4BF01BB0 9898CEBA 883E01E9
45343336 E0F5EFA2 FA9B64C0 B7303FB3
38F0AB94 C56674FF 694F361B 7E2D5CC4
9989BC0B 0B93CBD1 3CAE9031 EFF61B4B
C5C6ECF7 06C111E7 18194E5C 8CAEE3CB
5DF5E3AE FA782BE7 B8DAA026 A15CE2EB
BE27BE80 C4387510 BC9CCA12 AD0E70B9
9157A940 320963C2 FDDA4928 EF68D927
B8BDF7C1 ED8B1404 F007F34E 2334CEE5
257694DD C1957992 A526903D 28A7BA7D
C536582E EDB5D986 0F380EDA B687D106
2308A8B8 9343E278 AE224DF5 2A468DA7
E2B79A64 A3B14BDF 9E0983B2 D82C1B4F
A11CB3FC AFD3FBA8 1FA6B02B DD2C88DD
6970DD9F 1C0EFCEF 63B6B245 A641D76E
8FCF48C9 55DD055D C5465DDD 3CE7EF4E
8F16106A B995DB86 B7B14DE6 90C66757
1F1EC4B8 9D53BE75 0F16C449 FC0E377A
6D7AD878 5C1BEECF 6F2E044F 8BF6DB3B
BB8AC0BC D65B1298 DADBC42A 442AC229
B830AB8C C2235CB1 840FB056 2203B488
8146AB5B 88D8499A 507DB772 163377CC
BA7A6CBB 003A0F79 489BB4B2 2C83B101
D1A181C3 906C47FD 04969357 FB861160
7F5EC09B C8F49DE2 8C94C11C 97BBE36B
B77CE8A6 DA65AACF 89A4113F B8FAE4F9
8597DA06 EDF5FCC2 8E380E8A 972806F6
26C7F33C 9E42B867 98B50EB8 B3FE6B19
FF48FAB7 D6EA411A 311EC0C0 C43D68FB
195BCE53 6E20E033 20F150EB 547E5FBC
7952FA0C C63867D9 79F38011 D0E19C8E
99D0FDC8 A38AC2A9 6633CA71 5FF2CBC4
47C35447 15ADE009 9760CB05 98DC07F1
D07B34ED BD177006 2CE502B3 C0464FAA
ABCEBA34 E4F863FE BDF2A421 DD841837
8E4CF648 AA0B822E 8F384D85 F2488429
F0190328 D17DB435 D42838B5 F70B8854
9D0E56A6 21B6A52E ADE0752B D0143031
59D0CD9F 0D47A85D 0AF23879 E7719346
DAE9C39A 15EE458C 9BB044AC 7D0BF6F9
18001B0E C43F7DD0 F54E800B 5B2C7CA9
2B57EA98 E29B53DB B9D1E70E D13E5039
58E4EFBA 6C038AB3 228E705E A4763866
3FC60B0B 13608DD8 3ACDF085 C1FDC30A
F7DBA440 04BA7691 27E06E04 98841E7D
1276BD4A 362D5225 AF224505 FC5E3533
C0B0D474 FF71A85F 8E1B0157 D9AA9942
2F8CF3BE 03DB99BA DF0A0830 2BD4EEFD
9391338E D2BCD480 9C394BA2 D64947AC
8513BA74 7F023F22 65C91B77 09D59D44
538F7CE7 3B8097E6 0019EF80 3CB66961
7BFC95AE DA797766 20E55AE5 C4B577F8
47DE3024 D4D8270A 2FE3F024 94843C73
1B7EE668 2E9BC201 D63EC96C 06C1AEB4
819953E2 7934A94F DFA10FE9 6083D181
F11D9DA5 D386EA50 7A19C5D0 7FC48547
E22119A2 C262F6E9 E00F8137 685A3889
C1363CC7 EA9F739C AA34F5C6 F24A7773
A4299B1C CF7B68DD FDFD387F DB649942
AB88F2F8 03DB939A 8CA500A8 F97A121B
2DD6FC36 85EE76DF BB351A0D 8729F644
9E40FB9E 3F6A8B0D 9F2A6D38 2BC19C77
A2B3D78F 8BC458C5 1A0EA3C6 6CAF46C2
E5FC11B5 059B1D86 9D16F071 7E8EB95E
D704487A 1A15BDE6 CB104D1E 0A82C74A
E7AEE9E4 D9555AD8 50F7CBD5 06898B88
6F4A08A3 10BCD525 5BE5E6A5 30C456B5
D06A042D BE246675 6E265F75 3FE6BD77
4D5AD071 9F905E6D 33CD27ED FCE7DF46
8EB8D4D3 651FB654 C5EC1F06 21D7B4B3
B197A781 B9C9EB55 01B05D68 A5D87D36
4651C233 95F0FD76 E7992F86 4950B491
9501023D F379BE10 5699DDA3 D4F8EDDE
DC615516 2162ED75 2045507B 4C6E5F3D
2AE63AD5 65B8677B FAF3AA07 B477802E
1F5293C8 20EBD8BA 654ADB25 AC81BC60
1C2457C8 7B752A43 0E904FE6 0BFE4946
67BEF3B2 C353BC51 33F9A49A D73C029D
78D84F17 042EF47D 6E42B319 6C21868C
DC61BF4E 1EACA5AC D71ACFCE CF090421
BCBD0708 3B632634 540735F6 6B5E9C9E
A4365712 E2F7DD92 25E94B8E ED1194B3
9E2727C5 79CD1B32 86DF4AE0 37FA3E76
4E70E632 076AAF67 632682D4 8AC3CFD2
C6A11225 77FAD41D 9FF98FA9 7DCC0F44
F8B83465 2F9ABE56 6009DCE2 A57D5540
F48D04A2 06721BD0 CC995CB2 9474A950
B974A662 AAF9E3E5 3DFEAB0B FDD31157
406B5F6F 0DC4D4FF C132BA6D 05379244
DEBC42EE 5CEC8DDB A8C437F2 7130756B
3442E49E 84532BBA 649AF017 A13DF948
1B40EB93 2B6983F9 A9C884B6 EA5CB661
A2A7B354 C66D5090 8C1D9A36 7D1C08F9
A474BB75 2BDBFBAE 38369475 28E7DFC8
0A2E58A2 609151C2 4C94CFA2 1A86ED11
213FA062 EB533273 3F1EE90D 6F88D946
46A40973 EA17AC26 CCC2C986 8B06D7C9
641E2866 DCD538F6 620E9B75 BFA1DF54
4FDB7051 AA99B502 3BC1EF06 38D441BB
E0713075 FA177275 62A6FCE1 2EB77B5C
41D2F0F7 2318F12E 6B3DCFCE 18E64756
4F0A61A1 BF03B274 1DCA8829 F74A3AAD
49A9C8FF 0EADDCEB 90384B4F 054BE2AA
47F183BB D8142DCA 00A6F473 48F63B4A
C5DEDC7B 0410D8EB 2EB00C9C 9ED1B147
5349EEAC BECBA665 B8B3E6C9 F64F1E73
AAF2D75C C7EE64F8 ADC6301F 6F499C17
9BCDFAF9 009BC198 DC57F14D 99AF0146
6F5E8D6A 38473F0F 6046706E A216F403
7F8F40AD D4355255 BCEDA2F3 4CDF9459
46EE7CED 8F64A427 B3C3F23D E45D4E0B
D6A21AB4 F0AD25D1 B947D285 CD8DC542
AF1FB570 F2B127C6 35C54504 9BBC2D5D
B636F454 D77F7350 E9C0E683 753E525B
7CFAF4F5 064AD6B1 245CF05F 93387A38
1F64899B 7E49009D A1673FC7 88235506
CB261CF8 39110B07 3B9734B6 1FD6BD56
DBACC21A 54EE86DD 23377BCC CE2B4C11
0F400309 3DD27F8D E7E3BC29 774C9DFD
988FD60A 049E9517 5A96D8BB 0EBECAB8
0902B82F 909EFDC2 3E04CC40 838976B9
3863E8F9 FE013063 7A8940E9 7D145F74
2FD6A41C 84E237BA 329CE22D 8DB8AE7B
1AF4BBCE 2E390389 BA4966E3 DD415042
26EA0F74 04003639 638AF23D 7D75884A
B9EA3FC3 28F917AD 5477D89B 05F3D29C
FF1E2C2C 10181C20 1B00E5A0 18937E29
187E8C4B DE1C4275 DA9A4645 B70EC318
AAF8B9C5 F22EF41D E18EA44F 6B657EE9
0957AC0D E0945820 276503D0 CF714ED7
0FCFB347 D7EC56D4 3FE7BBA9 755D0AF7
9C7DD624 210ABD07 D9E0103A 22DFE6B8
8194EB07 88E8D15A 433172D1 954166B4
456BFA21 65202D66 789964CA 11095AE8
20FFE8D0 444AB47D F186F219 6021BCBD
98F30E4B BEA84084 3BB1E45A 537E4A98
A1E93805 866EF43C BB6FA09D F4002699
C0499C45 3E806087 E80ACDF6 295BE5E1
B6810E80 6A731110 DC9D44B2 D9362898
A8E6A366 AAC1ABE8 66672BD6 0B8139B4
577F4591 39259035 43C37FFC 25DA6D46
74AD1625 5D38AD65 99C1A09E 813C438A
B4E5A604 C44B4FB1 309EF810 A13832F9
8B60EB73 BA68A3E9 AF047FC5 FC7E3413
5653B558 FF592B1C FECA41A3 BFBCBD4E
9BA6C49A 03D79799 B4D9911E 5D80B1E6
574F726A CE81830F E410570C 2A3AC983
FEB42BEA C9796BE0 3855A0D1 FEAE6B6E
675AB076 46BEF58B BF01EA05 98044679
F0F7BC4F BE1D528E B8A8A2F0 664C1250
D5BFD237 066450FC 9F5E0A1E 5D218BC8
217CB7CF 4BD96E89 18DD0033 4022EABC
2F5B7896 C43365AA BDBBF051 B0C936B9
9841A949 FE00422B 8DD09A0E 8590E562
3F17B7A0 F0F92A82 34345D50 93BC34F8
0074E577 DF797B55 C5671B07 8D3394B3
3F7B65C9 F909AB18 40FF6EE1 23FFF536
72A3511B 15628D57 50213B72 0213FEAC
F2EB4AD6 64E6D078 C3BBBEB2 74438180
C5A91620 25AEAC35 1F92C84C 7BCA8FE7
47B5B30E DFDDB506 9D214144 9BCC0FEA
261EF85C E2123A62 51D5B21A 36B30ACC
456ED327 188CD40E C330CBCD 85C36335
74DBD860 FD242526 5DB71C3F 088FFBAE
196658B2 989DFD48 62640D0E 87C3F4AD
61132818 F588F062 E5293F56 EB852565
F2AD07D9 2F610A37 CBDB73FE 6D778946
F5AC17D6 01FE8D9C 987F241B 02D3ABAD
4D785BB2 8426D47D 416334EB E50390A6
041B1848 B18CA45E A7577FCC 6EC58467
E7179F20 F3F6661C F7C131A5 7D541DB5
A4BF1C45 A3B7F814 D0E08632 321F8AF9
A00D40BF 46E7D0A1 91BE3AD8 22436082
64712BA4 2D386D60 6A3DC5F0 23618CF4
C0895A15 4374D14C C7F3A7BA 5C050991
A52C306C 2B916E8C 89E4D9AD A8CEDDDB
8906DA1E B3F5F002 8DB44CEC 93CC7137
024CF2FC C353B862 E3329FC4 C6588541
A439178C E967421D CF4310FA 674A99D5
C4AE1437 0BF7FF94 E235FF8E 431565B0
BE2B2790 31532B35 51E330B3 F41A9C96
D1AF5440 84AEC337 E5E91F86 806F6423
9787B641 F9DD8384 8FD954A0 7D7E217E
8E64C738 07F2BF61 704CC5D7 8D85C542
E79624E1 72F917C2 C5DCCFA6 129669D9
60742561 FF217261 45A63B27 A2B79B3B
1D7BE4A5 19DCCB16 1DBC6CC0 87CE4737
1F89C130 5542E577 E22453C4 F9136471
A6BB3605 37F2231D 9FF98821 7CFC0956
D8EC1761 0B03BB2D F6C40087 AB911B70
5DFA64F5 12B0D7A0 155D6691 95FC2DFB
3D741D35 566DE475 DF82E845 BFF08FEF
47359766 DADCB582 B4654B44 BBBC67BD
257EBC75 E21B3B62 D75D69CD 57C1E0AF
B662A168 B35FAB8D 704480B2 671EBCA9
798B14F3 F43551D2 8FB63D2C 5BA21017
5D700524 BB89BC45 3B072BCE CBCA5FAE
4FCF4D9D 7795B0D7 BA56EB49 DC055567
726A9B71 97222679 FBC6B54F 7DDD9D47
9FAE5EEB 45BF129C 36DB224B DF545104
6E6AEDF8 086A2739 61CE6369 2232EA6D
D8B60FDB 776C439D FAA843B6 3E4908B1
80895245 FF75D015 D5593B1B F98003D4
EE643105 0FD24F06 6B277BC7 8827A427
DA014588 7B336B4D 6EC204F7 4FD79D5A
278B4DBB 95F69499 F6994A0A 43000001
3A7B2714 23632759 F2C73321 6551BAF9
5F773F4B AAAC6D8E 70CD7FC6 C5317582
76CFA4D1 200F27B9 30D9F4B0 A8BDBC59
5A31449B 146803F9 AC547ACF 55A7CB8C
7B468F69 101A6FEB 70C2E1A5 A517FE29
FF9A4CCA E47D001B 603F2848 62C3DADC
C1F84A07 0434B438 C365AE84 55410384
C03B3625 7A94650C 4A777F4F 940E65A7
B8201DF8 B8930BC7 680E14FE 6BB6F901
3F0FC1F3 D5DD8FD8 98CE24A7 A17CC689
B5A5BA20 C0492634 B4195D52 A0FE26BC
1D77AF36 68A0FBC2 773A3F4B 77853D37
F8E84DDB 2B26BD79 930693CF CF63D04A
D7AA199E 41FE84BD 81A083B0 3A539C51
8095FAC7 E9F5D192 DA1D8A9E 1AAA4358
2664B1B4 2B63F8E9 8936F44D 54EE736A
0D637E9A 15996B4B 2F640C4D 8324FF25
A38BECF8 D75A9259 F2D9A6C2 136A43A1
AAF92691 466A6639 F0CAB013 6D3DBC99
90679F13 20AC4981 55480BBE 2251ACA5
9085878A FB650114 94191FE2 7D5A0884
64351767 09A4ED62 3E98E069 FFE85143
B878C57F 8B828FAD E204415D 0BFBDB69
DBB68FD9 957D519F 34DD8A8A C135514E
67EF2470 04C827A3 359EF504 A33EAEEB
5AF64DC4 BC6444CB 45ED3A1A 05A19B8C
7FDF30B7 198C8306 B177FFC4 A0D82239
74211D25 7C207B77 11B7BB8E C02B41AA
7926AFF0 B8016E12 3866BC7E 2116BCB9
91164657 D5CC03D1 A9B8C5B7 B57CC485
B215BECC A7716091 AC1B9017 FB3E3E5C
17D4A7EA A9DBAA89 25AC3360 BC563C51
15C7F65F 2FE4CBB3 0EB90B9D 96FB43EE
0FEEEBAA 697AAFEF 0F166E69 5446FEF7
8863DDB2 F77BE8DD 69A62C49 2A659C27
AA8BCA98 02D391FA 2A29C4F0 327F6FD5
E2C95055 46A276F9 AFDBB23F 7C648A4E
C9CCBE4F 2B83C309 EAA20C71 8C467B5F
41D058FF 2F759860 ABBF4E1F DEE4F376
D28822AC 3B8AB6C5 BDDBF249 DDE01146
7E7FA47A 8001132C E016F754 24B2CAD9
7EB495DF D85D44DB A0CD3FBA C1351088
3DEA6E93 0C450B7D 4AF37C3A 2493B007
5AE04322 966CA44D 3A1A40E8 7FCCAFBF
2F539305 C6EEF5C9 F5C0A343 6DC45629
8D1FFCC4 E3975022 8DE7708B C1B6322A
1DC269AA D80FDBFA 6B36B041 85D3F337
D2C3CA89 5B6CC075 7F56F8CD 9DC8C143
4B72A5E8 BB13AECE A106F4F4 23BE3C3D
73AFC499 D47550DA 7009CBD4 3B956DF4
A69D9283 27F143C4 1D98EFA2 35CF0DD7
A83E3724 2723EF60 665D7BD7 05117402
364A04F9 4D520B69 409AF4B0 2CF6A847
5CB20892 953C87BC B8994028 D9D84BDA
00827A3E 46ACF5F1 B71DCA15 1A21E289
B054BBE5 FA194AAA F63A7F67 0649BC25
F03943C8 7B718825 CA8E07FA 6DD6C9C6
65BE10B6 41C59CF8 8E9E350D DD2DF029
D9240D2A B912B907 602615DB 8333F50A
2C8648BA C2551DD9 AB2A65FC 6E7E3553
D0B19B1D CFD7689D BC4E903B 5E4C59CE
AF8CFA9E 03D39B9A B75BCFCE 4F088423
D62D8700 7B472FB5 D4CF75A2 691D0C7C
A23C1F17 E29C7DA2 4F1E7DC5 59A6BD77
52732DF1 FF732FFE 2E1504FE 9FB7DD57
EBBA45FA C657D7F1 02E7009F 4BFEDBA8
0BCEB307 90CCF79E B9F1A361 D4C04675
9A69F604 7702A067 E03D3F8E 117522B0
3ACE6FB1 280A0B79 61E2F6B3 6453B805
D8A3472A 84F4CD15 95F6390F CDE02027
59A6A3EE BD0758F7 2166A149 2771F5A6
1FEF5D9D 556E141C ABD83D8E F96C5453
3E65A1D9 FB432FDF 261C515F 8BACF84A
7F9CCFDA 50D19199 72394FC2 5E78C0C0
2ACBA7C5 67E33609 F1CAB2B8 6D540E99
A0EF364B 029C3F86 D50ED114 2188A3CA
DF25A1EE E219B482 E40E4DD7 1E9233F8
615F00F2 9171EB37 BF5FEFE1 FC891027
B768A5D8 3A072B99 81EEE216 291E5C73
929794DB 543C5791 9DD7340B D1B2123A
49EA6DBA 0C4FDE7F 6127795D 8FE3F2ED
11C3CD99 5B6C54D5 FF37DDCD 5AE6AC6F
CA240989 F390DCE4 C90405CE 5B865D26
A59DD451 D79FDA11 305CD6C5 4EADC348
674E3864 603637A0 F7CAC424 7084ABD1
A1662E41 FA15E221 85567F4C C0E4E563
0F16AF28 F1D52306 26C40422 51DC1D1F
3006E256 A7F7F3F0 A691C2D5 DCCEBF90
0743936C FDD5678E DFE92021 FEA45E57
2A44FA8C AF13A242 D7DDC706 2308C28C
E42927E2 A26FB691 D0AC7978 A31BFE98
74530D17 54346142 58C88433 75705A59
F18A54AF 24EC94A9 501E5B9F 8A2BC688
CBF01BAB 787867E3 D5CD9B0E 03E1A084
7DAF25EA 6A0195A2 11247F84 A1DA68E9
67770540 D9346867 67047BDD 1D632C37
2EC19749 DBD20B45 6BC3B5A7 79FE4D45
E28ED55B 8197B554 A9D43A8F E93A5423
3366B44C 3C517612 A49C705C 9F34FEFE
1ED4C33A 1E639DFF 88663623 743E2609
387AFDBE 401E687B 633C3057 E613F424
54C3AB9F D4680299 40D9C488 0339EBAC
A65F3A80 C42BF192 14F8F414 F00138B9
90513C60 BE004A6F C8D71E07 00A7E7A9
BC26ECA0 68094EA2 40BC6CF2 0612B6BB
35556072 9C68EBE1 8BB67429 C42A723E
0D427D9C BD0B4E77 6F27204D E361F62E
1ACB4ADB D65E8099 9CB26031 76998ADC
C8F8EBCF 02AED4A2 912CCB5E 8723C2A8
4179A9B0 78156A4E 817457A7 80B67629
9B666CBA 79114B4E CFBA5477 B3C4F827
1BC9C09C DDCA8079 1FB12DCC FFEE4253
4602872C 94DEF505 776E3165 6B5C5E7C
D8CEFF55 721F351A 2A32F689 F54AF6FD
AADAD91E C6EE69D9 AD3E301A 5AADDD56
99C9FADB EBCE83B9 50D53A0A 92814289
27782CA3 0A2E1761 52E07FE8 20F76695
D0638D69 342C2440 9FFB28CD D700C007
69201DED 920FACB5 F147314A 6328DE39
F59F1C51 D894589F 8F52DFCC 8ECC846B
84AC9F6A B2A4D70C F44677AF 6B1BDEDA
341E703F E0B730D2 0D861021 3DB7FB5B
45C7F0FF C018E9CE 0C3D4D45 9BA8732B
0B50C9F0 FE639363 08AA00B0 AEFC0E79
E089FA07 C2ECD0F0 9F3F8B4D D461C238
8744FB34 0A928CAA 644CD31B B5B2123E
57DD64EB 0F1488AB CB1BC5A1 86EF0A4C
C7AEB8DE 4467D5FF 200473E5 89B77D62
1E56A441 F1F80BC2 2AF9DCA2 12F6595F
194CE260 236BF2E1 C8CDD4F7 882C47A8
371F30E2 C0390BE2 ACF9E4F2 B8AE3339
1144AF74 A661B363 BB0A45B6 1A4CFDE5
90159204 F3F543C4 9C5D8626 3AAEC990
2D94B666 A193F882 FFF2298C A2CA8EBD
A9A10305 B3E7F511 D56239E0 654C42B4
245B7639 24842D42 43A612B5 4297BEBD
39021B07 F1DCF400 13F438E8 D3C0C73E
0C49541E 4582FC66 42366FFD 006EAFB8
0B5A3801 B5FCEB48 29EBA4A1 72C69637
980B2408 07829604 2448F972 3D3139F4
77CF44F7 35C322AA 2A1B573D 38FAAB47
DBD153A6 0E7907F5 BFF0248B F05E82D3
F420B71C 164A68BD FC4E105D 8F28AA66
1EE5DF1E 2CCE8D8E AAB0E0B9 FE6E375B
05D0DE07 C6CE7052 AB4A2A1C DC6C2576
894DBE5C 3B9A2A09 85691FEC 0015E4A5
1317AFA8 F7D123D4 2EEB9CA2 78DD0D1F
441DF660 81E3B9A3 540A991E 2283ACB0
B619408B 3BE18804 C19D1FF2 62CF0194
643D5167 0926A976 3A58C2EC 7DD85142
42DEBA54 E2D2B6CC E7CEC25D 9BA41BD9
2B7EAAD7 E8391A88 C5499B8E 0F811467
B5A407C2 39518326 4EC151E0 839A29FB
62B64D32 C665B9C3 57559B8E 9328C080
BC2D25E0 BA2FB6B1 F46461F8 A13BF6B9
74770D33 D4346167 CFA71BB5 39779C97
4B52D3CD BDDC4B76 13790FE8 57EA4776
168B509D 14439455 2FB22839 FDE2D81F
49CAD23D 9F8EBC2D B3672BCD D5F0C746
5E0A5E95 44D61C3E A5407FF4 78553567
FF1D54D8 3F710A47 6EB95BA6 3CFE4946
F7BC97E3 05FF1EDD D7367B9C DA9B4C35
0001916D 3F43E83D 0FE329E9 76C91636
9E895608 E58EAC06 89C69125 B89FBD7D
D484DAAE D9F5F9E2 0E394D5E 13EBF33E
2F4CEBBE 1943ADF1 023F6169 4CE66F9E
0F7A0B1D 30FA7CCF B1E2A02D 57C0D57F
91895C59 578F943D 5E8ACC50 3B481A51
38A1C5AF 9D4418AE 710F77DE 668B62ED
65318DA7 1895694A 89BF14A3 107E42B9
B943FA26 463F6DF3 4C3C0C19 D329B4B4
0143AB68 B7C2F968 0C463337 7CEFB54F
5C34DCFB 399D7BC2 2C344D5E 9BBBD132
778489BE 555BDFF9 4F3648DD EEE8EE7F
CE151165 F3BCD4C4 B5450FA6 5BC44DB7
251F7C55 631B7257 B9A80586 E258A431
B0959B04 E765F0D4 DD190AB2 5D3908D4
6574BF24 2BE2AD2A 0B9426E1 FFB43B7C
5F7EF157 14BC5EEE 37E4EA4D 9694537B
9BFCD885 701F17DF F677A4DA D789030E
2E7A2DF9 100ABF3F F1C7346D 2277BE29
D81B1C1D D59C509D 1B16D065 7DA2739A
3FFEEC91 048B5AD9 2604840F 1D9D7529
A07A8CDB D45F12B5 BF0A6D28 FF643437
70B0B75E EB532AE1 BA1F119F 4F2DE94A
37B63BF7 28DF11FB A9A805A4 6B36B435
90C5DA9E E7E550D2 D9D91F1E CD682AD6
2554BE24 A9E2AF6A E2C1DFC4 852DE5E2
A68FB7E0 F2710782 2E8ACDF2 38BD5859
AF747374 AA7173EB 5AB7E853 46CA4A9C
4BDA7817 040ADD6A C927A40D 4EC433F0
9A41288D B200286D 8B56D4EF 80FAF76B
B627BFA8 D2934586 C40C0452 9B3E38A9
3156A17F E2D33DF7 64E94E73 253534B1
57CE44FF 45100A3B 4699DFD5 9AFFAD4E
5D6009AE 7D6A13CD 0B865EAD AD7E773F
6F76BB84 F1FB6F90 3F6785C2 BBAC7D39
2F56FC11 F2D3D3B3 00ED94B3 803CE3C8
97C738B2 649B71C2 45B8CC12 B00D35BB
8443A24A BB60A220 DD8A0E30 3E4EBEE7
F839DFAA CBBCD9A8 DC1E4B5A 0B23D8AA
255FD9BB C855297A 7655774B 57806332
7E7A2DF1 1C0AA22D 77C6645D BEF5BC27
FCAB0CDB D53C0694 223757C5 46A7EAF4
07522A21 F1782F0E 67E186A3 31C49517
988BC458 8323F251 2829D6C3 C03E47B9
A05BFA95 466142F9 2FDA941D D06D8918
89E0E3CA A3CB83A8 B0DD7F8A C07F64A3
B060AF98 2D432D7B 3ABA3079 EE37B842
DFC0039E 8EEC8C99 EFAD2A0A 531252B1
3DE52705 8D482D79 21F730E0 477DB637
54C1DE59 14A8AD2F DE8ACD38 3FC1BBD5
552153CE DAA69821 D02F23DE EA2B47AD
6177B957 48157BD2 273567CC 8AE12DD2
175A2F14 75B0271C 3FC598A0 F9D41DDD
A82E3C41 A7BAF015 2756DBDD 7D85A944
07520569 3B91820F B1E7C3A4 28961F51
FE3E54CC 46355496 1FDA6B8C DF08C007
ED2EAD6E B90FFC3F 754731ED 6B5B5E26
FECC5C17 D48C15D4 775EEDCD 7D81914A
4E60056A 38072E4A F5CE75FC 0692FD43
7A9A51AA D47577DD E55A7F8F FD313603
F2240DF8 AF212A75 6E981FFE DF3BD14E
DFB457BE 81FF9DDD D757B947 14AD616E
677A25DA BB5B2F4D 2906E467 2216FC21
B28B84D9 D4755398 CB924C5C EFE5AB1D
EB309BA3 D33E9500 B1A6B7C6 639C7EB8
6217BC55 FE957662 E0343FD6 4003A4B5
968B1699 33710A75 5DE134F0 74CF9D56
50AC5655 85CEBF30 208DF2E2 B9B734D0
B6CB44F5 59E003AB 8A99C395 9CFDEB5E
DCE50BAE 3F29076D 0F30E6E8 FFF81E1F
47DAD157 12CE16E0 B72F2BCD D7EC567C
9A6CDD85 7A1F1417 AF2A0BE4 B87E1C77
B0949345 B7E45215 3E5913A3 5D6C0ADE
2E2EF724 239BBD02 523EFAF3 14AA9A9C
594A48FA 141A5E2F 6DEAA4F1 CCC3B124
5CAB0C89 D41C441D 603577F3 04377FD4
EA4A4AD1 24324A79 4BC23439 7C829905
D1BFC68B 04AE869F AB88C0E0 B9500453
E79BA644 E66A6297 A739E6E7 2F3C2E70
9AFCF757 0A335BAF 432E7FD5 48E7EE36
4F5A0101 19B9F87E 6FEF28A9 13E45D56
1A0A4410 C1C7DA17 563E2F07 469BABBC
1D2C69A1 192CC979 5903294A 94C390B7
01AB6810 D7046456 94CD3B3B EC1F34BD
BAE84FB9 BDE2CF79 2AFBB7BB 6E75EF5E
DA818F83 B8AE9C39 84AF23D8 4BF01FB7
67FBB345 F7CC675C BD67BBE0 F0450A2C
54619F45 0086F003 042691F2 78873C71
D689467E 2BFDD926 1A994BBF 9DE74157
772651AE 4B6E5FF1 B4F90282 C15042A9
B1DFF2B5 04EA063D 57F1B279 25798E8C
8EC91F4C 2C2C872E DC59E5FD 220DE445
D22D1E0A 5677DC85 D09E16BF 6106CCC8
BD8E7E6E 80B52F9A 3352E4E1 A24DD94E
66CEB8D6 42F354EE 69CEE25E 0AA41BD9
AB7E2C80 EADB52A8 C3BB75D7 02AAEB9A
08780907 B96EFF6D 63EC2CF9 03C5F138
906A4491 9187D445 0D10F43D 776E66FF
882153CA C63B6CA9 EE0E005F 4BAA910A
AB9F7ADE D4D7919A 7052CC71 360C8B4C
E015D8BE 802654C9 6387801A 60C59DC9
C59E3CD9 FA9D45A8 95D6998D EDE4D047
DE369767 BAF4B706 96444944 83BC5DFB
2E76E577 C65175FA 84C41A87 81B486B3
9D073683 90D8E396 169157C1 96F8273F
0F51DFF4 3F42E767 D8C9A223 FDB49B4C
EE5AFC3F 0CCFAD4B 70BBF215 AE23E269
DA710BEF BC2C46EB 5CDB850E 0319A2AF
B8A96BA2 C0270431 F04E3958 E113B6A1
01133153 B0A46920 3EB1B978 FE111857
65FA7557 1E22CC2B AB6EBB1D 7E20D346
FFE878CD 25DF501C 744CBF56 2C059D44
578C26F3 29208622 FA9BDBB4 70F6E3C7
763223A6 2E6D74E9 228042E1 F9F05570
26DBA454 84F2179D 9BD9C225 9ABC2B5A
9F6C95F7 6B7B138B BEF3E5C9 FE211017
E0780FB5 8602B679 FB4EB23F 6935FE4A
DE933F9F 14BF159D 604CD6F6 88D54DE0
C48FB620 04700390 84D8D432 3D342BD1
28362742 8629EBE4 ACC51FB7 CC3E7462
3A66E4FC AF112BFB 289E5C5F FBFEF946
BFE483A2 9B7916F9 8E32A72C 760AE4F3
88205F1A CF37E83B C9CE185B 4723D096
238BEABE 81C2CDDA 20557EFB FDA1531A
5E6A8CFB 15184E2A 2A94F4BD 92E7E758
DFA88C9E 1C6E1695 B73439CC CACAC6A3
09208B00 B1FDFF68 F36234A1 73441AB4
298FFC59 A394A51A A0755DE6 9CFEF545
C3169228 F6706302 EEE87437 D2942F4D
388DAE68 A3BAE201 BE942089 7DEA1A52
47C6A544 964E7588 F37E7B05 D73CE46E
9A74FADC 7819578F B63D352B D728103F
7878CDB8 8E02AE7D 6B2E3019 EEE3B918
5F8B5F8A 15FE8499 4A3657FD 00AE6E98
0B539B89 B4FE7069 3BEEA4A9 D65CDD35
810BC408 3687D214 BB023D6D FE5E7955
29E8D5DF 3FE1D84B 8E0C8B1F 1F7CD1C6
ABAEE3F8 510F94DC 9816D433 00FEF2E8
151708B8 D03151C2 1D194C12 188F2D9D
0976A8B0 BA43B2E2 C6B72E0C 32B3BA9D
B991528F 116EF830 937D3AE0 E649E4B4
50C94E25 3606AC66 95CA280B B368C30A
6DADE936 8A8BD4B7 B40CFB58 816B66AC
9B55A353 DD0069EF DDCE3B0E 39F982BF
5821473A 9B18AE3E F41E37C9 A73BE6AE
4DB35CBF C2641546 15E4B823 F9D60A4D
5D4749FB 58C49CAA 23207BCD 85D576F2
7EEB5CA6 722C2467 9554DB8C AD48C563
0707A562 FAF12702 B44DD1E4 1BBB1D9B
2E766177 CF713BEA E0E90B12 22D180B1
968962D3 0B648432 50F1DFB2 F44BA094
60711766 ADA8ED62 A5669125 A8EFDF5A
5504FA3F 9FB5DCC2 8D300D4F 9B89C342
239CA3B4 EB53B260 EE9D5906 936984A1
AA2C2208 F27FFF95 D04631A2 29173EBD
24A6D552 C0D49F8E 62261FC4 0AAF2CB1
9A358FC0 F9550B04 4DC514F2 5F9E99F4
608ED470 83C79950 95C8890A FDBA0013
FD85B56C 19CD0987 B64C4BC9 A77A3760
5E64CD9F 54642D7F 5732F86D CECB8BDC
4B9B5062 7BB5F006 9FB5CF84 194603B7
A4B920AC 5E033C34 88A91430 227ACEB9
B189DA07 C6B94095 9F31AC09 D46803BC
C145BB60 AAC2EC22 1313A535 FEE28B0E
CE0D016A F9159D45 CF4063CE 8A8AD9D3
BE9EE057 D0157C58 AB225985 4C4A6431
A0919724 EDF368D1 2E4A08F7 5B581DD6
A90EF728 23DB999C DDDAA13A 60D95289
F029EDE6 0A36D8A3 B21E5A5C 03EBE7AC
67F509BF CC7429DA E31D79CC 16ABECB4
AA100B08 B11BA65D E3E6B0A1 E7446CBC
A90F6459 A397F01E 623777C5 04A7E4B4
3E7B2780 31572B9C 6DC3B4A0 7AD49957
02AE5458 26A39F33 CF728B62 C042FB43
EEE9D6CF 2BC956FD 811116FE 682288C0
7DBE92AF 1999CD9E 2200EBD4 BC62A563
F687B641 3F532A97 BCDBF6E2 797E0853
8EAED556 00DFDB13 D4DD330B C191338C
3D7A48FB 0C479E2A 60BE7E7D A673E84E
56F1499A BC6C24FD 4D047F66 9D3774B1
BBE1F4D9 F5532ADD 6A9B3DE2 6AFF950F
0B83C5DB 85C39DF9 F8C98E12 3340C151
E0A964F6 466614BC D09FF3D8 663D23D0
F2742B27 89386FCC 9FF62009 DE82BE9E
6C7A513D 161EECFB 1367294D E7A9D665
739159B9 701F545A E05820CA 0505E6AF
B2BA5CA0 C47A4778 E0F03433 654F888D
1D43AF6A A6F8E3A8 5FB2A918 7E89986E
39AA8B6F 89869425 B366B34C 6541C3A8
641F285D 709D101E 762D2273 7F33321C
E8F848FF 0C26987D 621EBAB9 6403C04E
F48A17A6 156C4E3D D782C958 FFC91947
86910747 9FE49400 901D4B8E 6C5D07C8
667E15B5 C8357DAE D7DBA003 F7A8834B
6F0C2D2E 980BA40D D40E71DD 83D3F029
7C5658DD D33576D7 42243796 221FAEB8
B1994A96 4566D831 4DE93EB3 76462096
E0A12268 8EAAAF24 C46A3F7C 3E06BCB5
BA89838F F9F04951 D28B1EE2 6D5D1154
461B7331 8193FD72 E44A5D37 2844B529
F8B6D2BA EB6513E0 C81C47F6 03FF298A
613785B6 EAF16EEB 98CE7C04 22F847A9
6DD7BD80 E02B6B11 1E60CC40 B198373C
03773D14 A7215100 E2DD67CB 813141A2
364F2540 A0422739 70C6F038 E0B0BAD9
DC722D42 A4EC6725 E4897FD6 A9433491
F6C9B4D1 E9502A3C CE89F8F2 787CF11E
DE20C71E 1363FD4D FDF0239E 81780020
98319D28 9C0FCA1D AAEA38F9 E7593E3C
8ECB8B1B 4774BD54 240CF270 08DD1951
538DC677 46B490E2 8E91CF97 9CBE4FCA
C974ABAE 6B706FED D8AB14BE 065B9EB9
899FFA97 C3AB40F1 5D3BB85B 54E961A0
0541BB04 3882A82A 9CA8002B 66DAAFB9
80877ABF 84ED75F1 9D280A5B D5E9C022
C5D1FA54 2D82E96A BAB9E49C 43694A54
2D982B14 04AA741D FBE2B00D 75408E75
9846BB4D 649A271C 843F3F1F 06A3AABC
8928682A 683CC975 5A741D09 74C3D591
D0096028 9284E071 60088AD4 0AE00DC6
1AB6B261 F3D91786 DCD56FE6 7A9C02F9
803DD466 A237F823 3217F249 58A7AACE
0B7A8133 1896CFEF 63E6AC2F 67CCD521
889BC8C9 F51F4030 D23A8F94 E399CD20
AE191348 FE270014 D16B31B2 654D18BD
A4261631 E3946B84 E7C69F04 AA80C444
E72D16E1 79D5BB06 84AC4FE6 0396E7D5
60366034 DC453A61 C92841BE 227D84B3
90BD8214 E765D0F4 DC5B3BF2 D46BC9C6
25D57624 89B2B80A 85F5301B 80B21B9A
2D6AEB9B 9CCDFD3A 43277949 86C7F6A5
70CBEBD9 D16CE47F DDED2B8A E35102BB
B5FB4735 93EA263D B76F33D5 E559163C
5E61DF07 04A4152C 22256BD4 48076CD5
E3DB1A55 257C6EF9 2BEBB4B1 7CC79957
98A956C5 268EDE9F 600D32B3 88377F98
BBCF58B3 44782B6A CAB8FC12 38F5A979
5BE3A3EA BAE9C0ED 0B77762B FC2E661C
4EEB4DBA 4C1BE9F9 6AE68815 C341B56F
94C3EA98 F7CBD699 F06827B2 92570C39
60F95A96 67C04078 DBBB3ABB 74438106
8D09F2A8 01AAAB28 848C1632 257438BE
D54742BF B958C2FE 16B95FE3 86F9AB4E
4EE1D7AC 596A876C 15CED137 80B4B1CA
5507ECBA 9C9D8B82 44384F54 82BEE133
73F243BE DD703A41 BE5AE479 372DCFFC
F098D89A C2026FE9 626EAC1B 60839389
F106A8EF FA555299 30CD8622 C10C114A
51DF6C36 0E01113B 8290CE1D 9CBDA349
BB7623AE EB60E7ED 8C0AD4A5 B0AFB570
D8005CAA C235C862 4A184D96 9AAB650B
21A4A8F2 FBCBDBF2 2A754A4E CB6444A6
2ADB2700 F5D8275D E3E3B4A1 79543C1D
98CF7649 A49A93A6 2E16FD55 5CE5B567
7B70BD78 FB1DAB4F 6BE6952A 6A87DD07
E3994091 C05752D8 B04184E6 B8795540
568D9E10 16F2A7B0 B4194792 98948E59
A994AF06 2EE9CB88 9AA927A2 D9481413
B0D34717 2EEE70F9 975E3A19 5D788A74
8C69FFEF 2A388D0E 1BA3B088 E2C68E1C
A02ADB07 D5ECF84D B7650B8D 57414334
900BFA7D 6F922436 0CB5B483 C036EEBB
B136E9BF 94A9F8FA 05311C59 95C1BC36
8141EA0A 158AED60 C7525FC4 8D69A567
B23517C0 FBF90B50 464C71E6 399E4916
A7BE5471 837579D8 5B12FF5D 4ECFEB26
CB2E1369 BB96FD04 7567B5E7 6B46DCA7
629F1C59 54975010 FFFFFFFF FFFFFFFF
FFEFFFFF FFFFFFFF FFFFFFFF FFFFFFFF
FFFFFFFE FFFFFFFF 0413047D 048B0486
047B048E 0439047E 049C0486 04A90467
046B0424 046E043C 04AD0491 04F3043B
0466044E 04760429 04890478 04B704B5
043C04B1 04B804A3 048B04B1 04AD048C
04BB04B2 046D0457 0482046B 04DD04AE
04B1047A 047F042D 04C10446 048C0463
044F04AF 04720463 04DD0475 0456048C
04B804A9 04740458 04D1046C 04A70448
046C0493 047E0479 045A0449 047B04A3
04810452 046304DC 042204BD 04550484
04780000 04A604CB 04930474 041F044A
044504B7 0451049A 04D604A9 0473049E
047204C2 045C04B9 04A80493 045F0438
046A048C 047B049E 04AF04AE 045F0478
043B0422 049A048F 0493049A 04C104A1
0467045C 04A20482 046F0465 045E043D
044B0466 04B204B3 04BF04A4 04BC04BB
044C0487 04500423 04930475 046F0450
04B904B6 043C044C 04550468 0493048B
043E0479 04BF0485 049E0477 0430047F
04B40498 04880455 04640475 04310468
0449041E 041B0438 047F04DB 04D20456
0450046C 0435046F 047C048D 044104C4
04560458 04BC04A2 04AF0491 048104CA
047B0474 047D0460 047A04A8 04850463
045B049E 04BB04A9 043A04E6 04670463
044C0499 049D045F 04A6044C 047C04BE
0460046E 042904B6 04820482 046E04CA
04BA04B0 048D0453 04CE04D6 049D0497
0465040F 0462041C 04BF041E 046704A6
0446042C 04A70452 049A04CE 04C004A2
0451048C 0497047B F990F41D 3582E10E
7B3C84E8 F41E945E C2E363DC E99EDC2F
0908D280 E5B8A352 F9006491 74A2A31C
7818C5FC 701739DA C2E063B6 C92ED42E
1B00908C D5B0F25A 79106391 7C82630C
501A86FD 701AB0DE C2E263DE C93ACD36
110A9228 DDF0E7DB 3414161D 3200090E
27808FB8 F11F714A E8E3629C 49DAC04F
08209485 6C8100C8 5B803338 3522229C
054A4EAA F01F13CA A263E21A E9CED48E
B820D401 4C2106DA FB187391 7C02E05E
704A279C E41614CA 4AE243AE C93ED186
1828922D ECE083DA BD119499 1104A21E
260402D1 F71F00C2 C8F74288 89B84D8E
29689620 49C38D42 1D913F3D 3F14600C
A2C63EF1 7D1F58EA E8B7C710 C93F5C1F
2068F48F 4DE28DC3 391979D9 3C0D340C
E04322D5 741718CA DAE2460C C93FD516
0168E48F 6DE00853 2EF2F826 2AAC99BB
B943CB46 1BE0CFD9 6A13346A B4445135
EF11418F A6DA2B02 AC92D8AE 9E2D08BB
BB83CB26 1BA4E759 CB2735A1 71B5697C
EF5160C5 74723322 6C910030 8A2DC9F3
3BDB9B0C 1F39EE79 CF3721A3 74A7436E
EE0701BD 7CDF7312 DEF8D882 7E2C39A1
980FD92D 4DA3AAF8 49A36445 7524615E
AD03239D E4DE23E3 7B1044A8 82232193
B839F95C 1CA9D1DB 602234E0 36B8A04A
CF52600C 1D5A3733 EB90D021 5AAFAB21
BE3FE949 7921F038 CB3105C3 71B2236C
2E066085 949F7313 FEF0819E 7EA4A331
9A85D96F 8C2BC3F8 79216458 373C20DE
AB70238D 431F25C5 F6FA113C DB24EB33
DB8CE149 1E83F2B8 652125C0 37BC2852
5936738D 42BF37D5 F4F0111C F836A911
998FC54C 1C2AD8B8 4D3365C4 631DE456
5D005301 F23F37D5 67683237 FB6FB2DA
35644116 DF315195 044DCD77 6A0701BB
8D0D2C04 5FBDBBE8 47B83227 FF99D2DE
62E68136 DB345155 8C5BC077 2B37C7B7
0DE51C08 1FF5AD3A C76DB237 DF3D93DE
32248934 7BB50195 045E0876 0F17AB67
8D6F2608 1FEDE98F A61C7333 F92D0BD0
20689A32 8821D5DE 1279E47C 68055453
9E274875 79709A0B 2E3D7D13 290450C1
336FF80C E95B946F 4069425D D065D45F
5E3BA661 5A57BE0A A7255753 A73552D2
37FEB918 EB303376 B479085F 4227F54F
5F0F364D 3B751A8B AA9D4B8B 5C3B0CF3
64AC532E E0996C5C 167DAA58 AC991A5A
0B655887 443C2385 AA2F0BCA D0AF5C73
C6BC722A C01A5C58 3029CE9B 0C99FA5E
4AC5BC83 462DBF81 BA2E4F44 52091852
87E49366 E6187D10 FC798A0B 40C5DADE
43E4448F 26384F85 FE23D548 EC5519DB
1B5DE4DF 6280DDD3 911D4CEE CA8DB26D
4E115361 BC56BA9A 7AF7C068 A96399D9
9A57E476 7090C79B 917F5EEE C2BDB36D
4E134741 B616B88E 7E32C468 EB21989E
9273ECC8 32909EDB 912B41FE C0BBBAED
0F111B78 BC0EF90C AE904142 E864D1D9
9BD7E44C 2A802FD2 91207DE6 C365B2FD
4FA95161 BA0EBAB2 95E94008 E9E71911
BB71C452 22D075D3 194F16CC 4B74BAF6
0A0759DB 970E98A8 0532D4C0 89601981
B8F1FCDC 36D0C5DB 995F4AEE 42BDAAEC
4A83196B B41DFFAC E61B7840 EC647961
9247EE6E 33C8FDF1 B1647C87 E280BB3F
4F875341 BC5728B9 6632E840 EF6439C1
9DA1E96E 33FACD50 8B2D5CC6 0284BE2E
4AA743E9 BE573AB9 473AD0C1 CF6479C1
9B65EC48 26D8ED50 89634CC2 52A0EF2D
0A835B49 BF1DEFB9 B3628F3B DFEA8030
21A02995 4C1F2100 678E0B49 D42E0AE0
2D78283B 8A3AD6E6 D1EEBDFB 855A8C34
15C011B6 0C4F68E2 463F6964 56A249D0
381A3A73 AA7B9620 D36F8DFE 96E8C134
0A8020B4 4C874870 76BE696D 76745958
E9786921 8B3A9764 436007BF D3EE8A32
2D8071D1 6C2E4202 679D4961 F7870AC0
387E6C6B 42BAC576 D1648E9A B75A7584
36B06993 6BA54BA4 67FD4865 979F18E2
6C721861 C63897C2 C3419DBF 57EA8034
692031DB 68C76A86 66F94C4C 5575D0DA
295C3E83 96399744 536287BE 1FFA8E06
2F9411B1 0CFE4302 4EBE8141 765E12C0
79783ABA 0A389557 D3EABFBE 93FC8CB6
659019BD 04E66382 46BC2B45 F7DC13D0
32746C1B A2399716 DBE89FBE F0C882A6
6190019D 0CE68387 4E9C7F6D F55E9150
3874288B 12389744 DF16F551 6D813826
24F3469F B8E0EDDD 1F45C814 3A0D0A71
E43FB8C8 053F7A81 FD17FD70 21851230
04D7CABF B8BB6DD5 AFC6D034 0A85CB66
E42DF868 652F2A82 FE1735D8 34D36939
063994BE F1B9915B BD5740BD 38A1CAFE
EC1DF0D0 65BF3892 BB8CB5D0 78892CBC
24F95299 88087DEA 77507591 9A6C0AF3
AC6CFEAA 251A3945 9D2E9CF7 78813828
07ED9A28 A9BDA906 67FC0293 8BC02CE4
A446BCE8 AD3F3A83 AB16E4F1 32CA09E5
05FD92B8 B9297022 77D04719 59EB2976
C44CF95A 257B6A93 188207DD 529368BC
669F1619 3002E84A 5EDEB391 985F0ED2
A868FCB2 052A31C5 50860E9D 569BA8BD
641616FB F562790A 57EC7399 997E00B2
A968EC9A 452A24F4 3852CFFD 5280A5BD
05B616BF 14824082 7ECCF719 C85DC116
E968ECBA 0D2C10C5 73CF983F C1EA5D0C
E1C58987 6CCD24EF BC8FC864 CB0298B8
21DC3B57 13A44B46 330022BE 514BA71C
B2C18723 8C8704EA 35AEFAC6 E5C6D8B0
A1D81B40 33B41066 D32800BB 574BEF87
7190F129 09051304 74F0ECCE F5A27912
B7A4DF0C F3F425E5 CE87B94F 857C5D12
ECC69DB3 66DCE5C5 AF96E827 D2084019
2179581C 1B808A3E E34A09BC DF49BF16
A5852703 88CF13C4 38A5EA06 B5D8C822
E57848E6 58A9464A B38221B8 514BAF9E
E399B32B 892C336A 74B9CA37 AFB05C26
B4F49E94 D53834E6 7CC7BBF5 88497F00
ADE619A0 401CE407 8C9F4922 FA613A13
7C7FDA4E 1BC0CE3F 410879EC 0D483516
ACE47B23 AC4F160C AE88C822 9DE4F806
6179D856 53AC566E E3031BAC 114DA787
D311F3C1 A50F3366 ECF0CC3F 0D82DD44
D6B49FF6 D00086C6 20D92C64 0BCFBFCE
2FDB7BB3 7F663215 9C879877 182147B1
34BFAECC 14E524E3 87290460 099E77C4
3CC33115 9F4DAA26 7ED3B47D 2A3144A1
31BF8DC0 1CF7B4E5 93A94C28 61DD37B3
BD0BF31D 3FCC7F05 3EC4A41D F2884491
B7B59776 50B6B4A1 24592F65 088FFBCE
21571933 FFED221E FC978973 18A1C7B0
2DFDEEE4 18E2F4E3 A5EB3671 8117ECCC
C255BB72 F7786C54 FCF68C99 1AB1C6A1
8FF6CE00 FCC3BD5F 93895D38 A1DAF5EE
9806F267 B6477C02 ACD6EC09 52AA6C81
96F5AB66 C0076181 ADC92E70 0E4FBFDA
17D71813 D5EEFF15 7E478C37 1AA5EE20
DDFD1F74 9587652E AD0B3230 345B49CE
9495BEB1 97783A25 DD048FB6 03A1CBB4
DFFF5ED4 E58371A1 B5033220 844AADEF
9D95DB65 96EC5D30 BF60ADB3 0782ECA1
96F58D7C E10760AB 21251227 FF7FB25F
33F4693F CEB5C1D5 9429787C 31059958
BDEF7C74 6B3DEAF6 2567062F 7FB5B287
76E70995 C631C1D1 A4314A76 31135BC6
BDE3664A 7F3DC2E8 C5652625 FF35B21C
22B0099C 8E35C5D1 243AD074 19171BC2
B5FC6D24 5F7DE9EE 2BB65227 7EB713C5
B17C1FAA 8A95D974 3599E735 FBC38072
BC3BB846 6372DE2C 6BFE5035 7AB51313
B6FA1D9E AFDB8546 03C9C73D F1E4155E
943A9E5A 7357B6E7 032E2373 F63D2A87
B2BC9F9E 08BD8274 15A9417F D5E7B96A
F46C307A 1358FFA8 EB5E4AB3 3C1F3863
E52D5362 8A8979DC 1559FF2D 04C9385B
369FFCBF 437C3B85 E29D4EF6 B03B1A73
656E7666 A608F748 23C9AE0B 15C51A26
62A4B62F 23F48D81 A88C4A77 943F5877
A3FEB7CE CC98DD40 15F9AA0B 05E13ACA
72A0043E 037C6B8D 21ED3A17 DF3ED747
BBA0CB24 1F65D9B4 B0999467 7B725D01
B5FE440F 5BF15675 A1CD283F DF2F9747
BAA18924 17649910 90A38445 7BF6D389
B5C4560F DBF14E74 83E92A3F DF3EB747
BB848926 4F6C2734 1CA19CC5 3362510B
FDDE1707 9BD1C578 3279122B 4F7F9747
BBB08907 9D6D7B2D FC8BBD6F 73B2E10D
BDDC0E5F 4BD9E67F 3A2D9037 023BB1C6
3A3889AE 476D1324 9839AC65 63FBF30B
BCFC5E77 D3DA767F D26D233F 991FF5AE
BBC48DEC 8E6DA585 3831C94D 73E75191
FCD20F77 FBDBD47D 54E91B2F ED6AE747
BB8009A7 86656B55 7FB9A06D 71DC0099
B0DD10EF 5B9AA657 D86D1B2F 8F7FB504
39B20D02 466D2BE4 B8AA816D 71F3C0D8
79F91CCF 53CAE67C C2691B2F FB3EB317
A980098B 4E6D6B90 5EB8954D B1525210
399809CF 53CAC740 69943735 3F1F3096
34AF2AB9 FA25A3FD 64DB4335 E82604F2
A45DF93C D58CF2E3 E9C62F35 1F7B2096
6BFF6B8C F92D81DD 64C7527F 2F039262
205CFA3C 792CFFEE E95636B1 5B3BE286
22FB2F88 BB0D81ED 64F2423F 680643F2
245CFB76 3528F3EA A9962DB4 7F0F6298
3EEEF38B 3225C2FD 66F97317 A8669A72
A459801C 718EE26A 28152C38 1E3F629E
788FEBAF DB258A4F 6464723F 8C7AD262
A24C8B2E 7D09A64A ABD46C68 5B39608F
4EBF0B88 39338257 6466601F E804D2A2
A645A5E6 F508B0EA 09143EA5 3F0D221C
30FF3B89 6B2EEA5D 475B7135 88665072
B44F8D56 75067A62 AB143C34 7B0F041C
0A0F9F88 4273964D 46F0743F A844C2A6
B0C9817E F51F2AE2 2FD42E70 713F400C
42BB3B80 BB03826F 646C503F 694053AE
B265E176 F14C2AE3 A5E0A233 E9674357
31E50D36 5BB941D5 BC9FE565 B736D149
3DBF0D6D DB7DC66F 07A18227 CF269355
B1E00F36 48FC6595 2D93C467 9127A36F
3FBA4DE5 DB7CD62A C7A19333 CB271355
E2E58F22 4FFD2491 CCA9C8E4 8396BB4B
3D1A0EC1 5B75C72C 27E11237 EE2F5255
B360AF4F 83B941D6 B49D486D E352195F
3DBC1FC5 DBB8470E 26895023 FA7A1455
F3600D04 02F56DB2 9139E241 F463719E
39CB2287 DF79574A CF801127 EE251375
A3C48DA0 6BF745D1 A0B96CA6 93D6F0CB
BD3E0B45 5B7A17CC AFE93337 EB2F12E1
B360092E 81EC51D6 B1896D6D 7BC231DF
B55F5ACF DB54464E 0629B223 CA6719E5
F130092E 232D45C5 93A94C4D 73C52A59
5D3F4C6F 5B5A044F 87893317 C93C53E3
A3A00DAA 8BBC65D5 B0B981EF 13E733DB
9D5F0B65 5B7456CC E130B217 3B8EA2DE
3B27850E 5F2F319E E47B53F5 5917D55F
090AA03D FFF9935A 64303217 1F8EF38B
A32225CE 5FAB5216 443342B5 791F93DF
050E922C 7D7D9B50 60903313 DF9AE29F
72668D5E 1D72F1DA 44764294 193395C7
1D0AA60C 5DECEB48 FE3D4217 5FBFE75F
7935CE28 3F73A29C 8C6B6B5E CD92417E
2B0AE00C 5A81A70A 5B24431D 573D3714
A07EA42F 326826D5 146E4A3F 0495C4B3
C30DAE06 5BB7320C 15B44317 77B8E25E
23268D0C 596A3394 946A1A57 A907D0CE
7344A889 5875E389 D7290A91 51379150
698CDD0D FEF1EE3C 5C496B6E C58CE48E
2B1289AF 52E5B789 D623498A F53744D3
C88EF143 C61C6E11 D6432BEF C1985C12
EB049B0F 50253785 D3A90256 512CB057
31AC910E FE2C1F90 18790A6E A9837056
DB04DDA3 D075A389 5E512A48 E0875356
53D7CEDB 96519558 B33E512D 7966D04C
2D1C9371 D4ABE329 8ED16800 B486F156
51868E4E 82D695FE B62A5224 F94ED1AC
BD28D16C DC4BF32C 4C702800 FB26F355
53838CCA 12DFCD7A D231618D 4996D1EE
FD8A81F5 9C3EFB38 F023BB1A FEF74156
13538E8F 525F0756 BD8E792D 583C8149
AC3D0DDC E20A572C EC6B8953 F1A15056
105DAE2A D6D78DD6 3F3C4025 882CC3ED
AA2DC9D4 E23AF334 8EF9D800 F4809104
129AAE82 17D4E4FA BB397125 C812C35D
E92D89C1 D91EF730 028B0388 FCC75197
95160EAB 46538F56 BB8C7109 18EAA0C8
BCBD8998 711A33F1 032B8108 FEEB5596
1796A1AF 8FD64550 9BACD030 592EA36D
0ABDD998 213A77D9 46790A08 F0801316
9382AEEA 37DACF54 99B9713D D906F59E
2AA99B90 013A77F8 938843B8 5F4BF79C
76983A09 E036526D 76F1ED3F B6E6CC90
B6DC9F06 D594B5E7 F12804B8 579BF51F
529920AB F03C17C9 F4E54D3F 47A3D1C2
A6BCBDF4 D585A5F7 B1C193D0 47D3340F
73D10C8E 64BC25D9 4C8FBD3F 8C0381A8
24CEECFC D1A4EBE6 830040B0 470BA715
D79DF32B EB167A6F 56A1EE1F 65EACCF0
86D61B24 D534B1CF 59A81098 731BF15F
179976AE A32CD7EC F4BC4C2E 2D87D0F4
8F9CBFBE FDE4B465 1BE59EE0 A712303D
3FBB16AC 523C256D 4492350A 888390A4
AC7EB9EE 59E4E2D8 8B005AA0 530B771E
F11FF22D F0365A55 64E1EEBF AFA25E70
97B4DF14 D4A4F34E C8C03DB1 271F950F
538236AC 70013AE4 E4C1F83F AD875D30
87DCEFFC F594A16E 6BE1EEF1 2713104D
76BA3EAC 7231B64E 04D2383F 8C875BB0
AC5CCFFE 31ECE7EE 314EC5B2 52EBCEB8
7E08B071 E40252AA 5FF0AFE0 AEFB6A92
12E2BCEF E7149D96 31AEC4B2 5CEBCD8C
4C4DB3C1 E20210AE 5562AD28 A6FE7814
126274C7 E7059C86 110E45BB 56EBCDAD
4D08B179 A00072AE 75F88E08 E7E8F816
1264376F A7368487 B18E45B9 58EA8E28
DE0D3035 E40670AE 43E1AFE0 84FBEA72
5BE09AC7 FF2581F7 B1CE4DA2 7B7B8C8F
CE892654 A42315AE C1F2ADAC 86FC7474
93E266FF FF0E0D86 31C6CD82 57EBCFAF
CC1832B8 E53410AA 45FB2C6A 2F7A691A
49F822C7 EF280D8F BB86C5A5 5CEBCF2E
4E5DB2D1 C71634AA 44610EA0 E5CB6E13
D7E298E7 EF289846 2246CDA1 50E9DDAA
5E4DB239 802454AA 63702FE4 95EF4ED8
8DE8BDF7 ECAA99E6 38A6CCA2 5ACBCD8A
4E18767C A53331AA 6FF32FEC C54AD8C2
9FC875F7 EFAA98C7 63782896 5E2E8395
1B84D160 9B78BA3C 533B3162 75F24494
2BBC51C7 D6B1A771 00F90A9E 7E3CCB86
5B84B1E4 07289A3C 5B317B66 75DA4414
2094054F D6B2F670 25D90ABA 7A3EE3C3
5B86F1E0 8B08EA3D D628D362 71565434
64B64587 D6D6BF79 2C60CABC 0BEEAF17
9B07E1EE 477BAA3C EB1A596E 75EA668D
789A4175 D69324E6 ED7C3B96 6AAF7BA6
5987F1C5 E26CCEA8 F22A586E 75FB7094
6CB457DD 531324E0 8CD92AB8 FE6AAFC3
5B8F61E6 E674DE9D FA2A546A 3547D2A5
74B6575F 5296A6E4 BCE14A8E 186AB792
DB89FD03 C678BE31 79130C6E 15405EC4
6690010F 5697A6E2 315C1A9A 3A6B2D96
99CBE183 C67DC2B5 DC23A436 0541DA60
669D0B3F D79C2260 8D59109A 796A8792
58CCE583 8E5CCA38 FC23906E A5CE7824
E493130F 569FF760 E106B3FD B553501E
607C073D E00D1066 84E94FFC EB9AB8F8
9908BA3A F968EA1E F3C28F9C 1D47D034
6318263F A09710F6 8CEC439C CBAAF3FA
992AEB44 7968FB7D 7366D799 DF13125C
603804DF A0B410F2 00B87BBC 0BB6B352
894AAA1C F968FB5F 638731E3 1D22429E
246E169B A89485E6 A2B943FD 8BD289DB
0900CA61 FF60D25E 018FB29D 2D254000
66D0063A A81A59F4 A8B953D6 0F47EBAB
D92ADEDB FF6CB37F 8A07B6B5 E925428C
63A446BE A01739F7 84B879BE 4B93E9AA
112AD469 BD38A29F AA8F73A7 0B213888
23E40698 A09445E7 A0AD41AC ABD7090A
1089D86A 7B70CA5C AA8F938D 0F39588C
A2D82298 A91F2567 A4A8550C BFD38B88
11C95C53 7E508377 AA8EBF83 8F31128C
62D0227E E095A56F A5B850AC 4BD309CA
104A38CE DB608A7E 44F03017 BF2C924E
7B278566 1F2C97DE C253434C 795EC51F
29484405 FFE5B6CC EE387033 FF2C925B
7B0AA7D7 4D24D3FE E2134165 7992CD9F
110E453D DAE52248 2470B913 DDBDD2DA
7206855C 5D72D1DE C27F0365 6912D58F
094E452D DDEDEF58 5E706113 3B3861D8
286BCFE2 EA2643BC C8634A10 3AB8C556
9F4AB0A5 52E0B348 DBB0091F 95394455
FEFBA328 C802C2B6 68F3421C 9A9BCDCE
0300C1A5 72E5F378 ADB44993 903D6480
5A49AD4C 4922FAB6 EC720715 8BB3D4BE
0B2411BD D8E13A1A D7BB491A F2B5988D
141DCB0B CE7F5FB8 2961329E 1B8858D6
8F26570B 52BD2785 D60B6918 E00FCC8B
944D6B23 EE7F4F19 3DE03F0E 0AACFEE0
CF21AF9B 512B2385 B7AB4198 D0ADD9D9
9C4D4B0C CE294931 09602B8E 9A99F0B8
4B001309 001D1787 235ECEAA 0A7D4EB3
0FAA3800 C92D4BAD 7968B578 90615AE0
B7F532D7 67030C07 0D6F06E2 087D48B2
0FEF3876 E9A181E5 7D6F3478 F6C90A58
A6FD3A5F 67030D20 A9DF4EEE 12FC0CA2
0FC85B37 8B202F25 FF7BBC70 F4C90A10
F6F11AF3 6B1105B1 2956A6FA 1A79CABB
8ECA5A96 8A892DA1 656814BA F7494E69
B7F1626E 2717E086 21DE24FA 4DD5FAA0
47CF5A77 2B210D28 77389470 92C55641
C0F23A16 A43598D2 2CDFE7FE 8AFD08E0
07497AB7 AB01B469 7F399570 F7C93A08
E6F0304F 67349C83 9DD67CEA 0AE0EC2B
8CCA5AD2 0F283CE9 4538943A 344936C8
A6E3325F AF174994 A9565CEE 0AF4E8A9
86CF6B92 0FA13461 05109458 244D26C9
E6E2B457 EFB31817 BD56FDFE 8AECCC39
CE6B5BF2 0501942D 0523B450 744D2EC8
F6F1325F 6F171837 3186458C 32513982
DE81107A 20C528E8 9D885696 24F62C14
92B2CC30 586A1C7F 71C447ED 1FF5ACB3
B827197B 3A836AEC 053D565B C57E3C14
97F2FC92 08669DAD 51B447A6 1EB0559F
D92039D8 B0931268 05F5565B CD8B6C10
13E28EB2 D902B1FD 13347388 2945B206
9907F8CD 06D51EF9 E00E6AF7 83D4BC24
1286CF5B 580786FB 13F5038C 1F94B209
6927D449 1084B4ED A55F53F7 8116A8AC
1612CEA9 90C7EEBB D174F2A8 2F00D20B
3A075CDA 3098B6ED CD6F57FE 839294BC
1202DBDA D8F5EC7F DF95F1A4 2923B716
505BEECC 321494FD A8636CE6 EDC6BCA4
C695D960 F4DCEE7A DE15F080 A303F306
58D8E60C 731494FD 82C36CE6 E9C6D925
0A831968 F0F4EE7A D716F080 A333D304
7A88FAEC 639C9C79 E9634DAE CBA2DFA9
86870B68 FCE4E33A 5C71ADCD A5D07048
27F64C91 5CDA0515 AE8F517D 1A10055C
B8796C30 18E6F4A2 44F9354D ED907208
E5F51CD1 5CD6CD15 B29E757D 08518719
A96FBD22 19E60166 FEE1BF4D AD921268
66F708B6 F4D6EDD5 4A9CF17F 4A1187E9
E96FA418 116F70F6 F3FF66FC 03CE9A89
D4A2A499 1BE6A70F C1ED755E 8A7620A2
9B5A6F4A C01AB591 D90D67FA F294838D
34A90733 28F2894F A40C31FC B9FA60B6
1B38FF02 10123480 574907CC 5B87120C
36A08C9B 05F4A3C1 848E11FF 8AF0A03E
3A7EEE22 107CB4AE 8F0D6798 62878CAB
F0699E4D 216A7F5B 77E8F55F FB0E63B1
DFF253C9 D01EF194 AF1F6C90 43D7AF0A
D52FABDD 206A334B E578FFD0 FB0A6D65
D79EFBCD 5017F493 670D557C 43C685C8
55638DF7 2C68A38B 754CCFD2 FA14A935
CE3ECF67 707FB493 26B95013 AE6C1FEB
F985C146 1FE8DEBA 4063B4E2 FDCA2B37
E75452EF 665E3E47 EFB345F9 8AA94DA9
B795834E 5DA9DCFD C937B5C2 B5E87B65
E70671D5 64D62B47 87DB409A 8F292CFB
9B84C144 4FE8DE30 DD67E5E2 BDED5D1D
660411FD F65FBF40 C79F6512 9A692F69
F889D944 9F69DBA8 5D71B5EA 7FC46D87
6770C39F 67DF9F63 A77B6033 EA2365C9
AB01C144 6FE35AAB 5171B5A8 BFFA6C27
7F740397 EDDFA264 431F7C97 EB235D99
BB80D144 6F6AD2AC F563B582 35FB7407
DB56430D FFDFE271 CE7F4012 9E762DB9
DA4BCB45 0F691AA8 5831BDE2 37CE6D07
CFC241CF 6B9B0391 DEB37417 9A662DA1
FA0AC947 67281CAC F971B500 37CE7D4F
DFC64345 4BD10359 B69B7096 9A6EEDB9
9A4FD160 4E287AAC 7121B702 37EA780F
DFD21347 EB9DC311 A3C1335D B02147D4
6FFC9DE0 89DD0B46 84396FD1 FBFED121
E0729858 3170D24D 83AB221B 32AB4694
7090BAB9 D11E0A42 0EF0E8DC A7EADD73
74E099C5 A138B24D A2BC0A37 320B07E0
B38CCE21 9B57BE00 38D1E551 DFCADF2B
793012A7 E3D8D341 8E3BFB5C F0B454F3
83468EF2 D5530B54 B9C8A121 CDD9F59B
D92582D1 33DA9A88 0A1BFE4C E490070B
9B4647DC 3F7B8D52 98C9B329 DD5DF7B9
DDED12F1 3B430B47 8EDAEA4A F4D43CDB
CD06C67C DF53DF52 3B459190 CFDD378B
F9634DD0 64CA0D81 DC7FDC5E 80F43CE3
CE22D2D4 57DE1F01 BB769EEA 80CDFFAD
6B23942B 2EC6CD19 BC7B524E 88F07CE3
8C2272F0 17C43E00 AB12B6A2 82D9378D
47A7652B 26C6D912 FC5FD84E AEF4FCE0
DC687275 4FCCBE21 AB479EC2 82FD3E89
6B03162B 2E864913 E5260253 B55DB4EF
A0755F48 918910F4 2469ECBF EF19614F
43CDDD49 7D5D03CE 872E4261 9B413AEB
89391BF8 D3A174D2 75E9FC76 EF297DCF
49E3E407 715892CF 6790C600 8B1377FB
A96D065E F5D995F2 7043FCB7 8F27B3CB
490A20DD FD5D5B9F 2E8E9A03 B551E0FF
21654F74 E79B5DD6 3C69ECBD E71DD56B
05C79C55 4F4D536E EF8F0463 F9311867
88752EEA F5911DB6 99BFD49B FF05F1CF
5487F191 6B7ED1EA 473DD703 CD103A67
89690E5A F0D095DA 0905D3F6 4BB6B3CF
498A6049 FF5D599B AF0E5233 E81130E7
A06AAA1C F39155D6 98DDEFAD E701015B
958FA851 696D5B0E 9F07B733 ED2078E3
A2EDAE7C B3D935D6 B9CDCE80 CE95F15D
058F3863 EB4FD73A B724C483 EF1238E7
B2E5AE78 32BDB5FF 8949E78E CAB1910F
4C8F36E9 FBF4CF9E 13CD8AA8 2543F504
529C36EB 601C5547 BDBCCBBF 0B27DAA0
949EDF60 D8A5ECBD 92459A7B 2542F15E
5BE872C3 721F356F 9F998BBF 0B37D8A0
1CDC9B40 18A5E6B9 17C58A69 2103D21E
529876E5 7296F4CD 3C8CDA7F 8A13D030
16BCCE68 10A5ACBD 4549BBAC AD433144
99C47280 E215D544 8DAEC98E 8F27DBA3
8CFFDFF0 DC6CFC1E 6CC23D5B 2D46617E
4AD176E4 E25FA564 27BED82E 4B37DDA0
85FED632 3F28BE7E 7CE61A71 A905F67E
E2F066F6 E25704C6 1D9AFA3F C914DCA5
A5EC8E68 54C6BC4C 418B7B28 6D4353C4
D1D37E81 E1144445 95DFDB27 EDA3DBA1
90BD9C50 D526FE2E 65CF3928 8D53D047
C4D576E0 E41F2445 ADCEC837 8925CDA9
A1FD9D32 DC61EA2E 218F3AE0 050B3146
42D77EE4 00540C45 8CFAC8AF 89A5CFB9
C1BD8FFE 5120AA6E 5CAF9C4B ECF5996B
99D52C9F D4918DB1 9D3C1E48 C599638D
DDEFE2DB 0B5F0805 7DAF8C68 CDD3DB7A
CF504417 E2FAE58B 31BDCA61 078D22C9
DDD52E59 C6161006 5C2BD86B ADC15D3E
9D912E11 84FFE419 D10D2AD1 02CF30CF
5FE562F1 2F1F5DC4 59E7984B ACE70967
90406DC7 38DD89BA A92C0CCD 1199A32D
57EFA81B CF5E4215 51EF9A4A 8D83DD70
0D00E234 6A8495B8 881D69C1 839B61ED
F9642E11 8F6E5734 546BD058 8D82F965
99270436 66F936B3 D90950C3 82DBB0FD
DFF02819 8F3F53B4 6D6A5813 EE641963
804FAF44 0E93ADD6 A9396580 1314E19E
77CA9871 EF7F4E3D 50ABB053 EC25F965
9262AE5C 3C958CF2 89696141 839DF18D
756D0A41 FF7C57BD 74AAC81A AC243B67
9365AE4C 1CF904F6 992951C0 5F59F1DF
570C1A79 EF5D4FBC FE1EFD64 E551DFAA
6A4BF6E3 EF0247E9 BB628EFF AEADEEAF
5BA193F3 1CA58798 5EAEEA26 917D9CF2
6B2A05E6 EB2207CC 90DD2BDF 3669BEAB
59320953 0EE5874A 7C9ACAE7 8D709CD2
6D676446 F7B2178E 59CDBB7B 1629BE27
D3B3046F CCE5B60A 5E97FCE4 A5113CA8
4CF77EDA F4C6EF4B 0D42569A CA85BEF7
4221B2F8 2442398A 58176560 209568B0
4D1B7ACB F08B84E6 A9D71A1F EEA9F6D1
480992C2 44AA1880 9E1654C0 001398C1
4DDB7259 BE9ABDAF 8B570B9F 5EEDAE76
422390D8 44A02889 5A97ECE0 64013DB9
047F7EBE B19FE45B 9546B69B AA856A25
CE27D6D0 250F3880 1A17FEE0 6087F838
457F7EBD B099855B B54577BB EE89AE74
8E05FED0 2C8A218B 3897FCE0 05830CED
057FF63B B099BD4F 37575ABB 4E892AA6
8E23DC58 240B6889 0E7DF82E 68759EAA
0B93612E C802815D A9C92273 095D5C8E
FEE96603 5225DBDA 0DB970AF 2CF54EEA
5BB3A54F FE400155 B7C992F5 28FDAEEA
BEE764C7 55A1B998 5C2F5CAD E535484B
4FD35C4C C2324FD9 21E99A1E 2E5D3E96
3A63C487 C22E3982 160F5DEA EE240FA9
D080FB5A 84D268E8 B1F92C4A A4FDF09E
EEB5079B 121E3E1D 1B8F5D89 60154CE3
17C8BC5B 87F200CB 5D7A890A C9E9B83C
FA390F1F 590ABB9C 362F4FAC C677CC23
5300780F 82D64C81 91FEFB08 82DDBA70
F22941D3 C21FBE1D 0ECFEAAA E4739DBB
984FF66F 049866A9 B128BD8A 87CCAAA5
DFB70BCE F61768BD 5EABE9EA E0725D67
DB4DF447 24D856A1 3139B9AE 47CCAA75
DA9D4B47 833FA83C 3A6FE8EC C466DD6F
9D7DF467 06904DA1 31318EE2 E6CCAA79
D2914FF3 A31FFCBD 13DB00A0 5B9B6705
4B9B1BAB E035C32D 7C3F802E 3DE64880
B6FCD9D6 45350C61 510300A8 3F8BF717
3799B3EE E02DC35F 1EF9883D DDC65CE2
A6EED9FE 54252CE5 D14B50A4 37CBED15
1399F76D 813CCF19 3DA38119 FDC75930
B6FCC9D6 452784E0 1E4B8620 6DDBA725
578EB369 B0B5832C BEA68111 2FEFCEE2
B47CDDD6 4D243D65 FD4B6071 25CB3611
77DAB14C F91686A6 9EE33511 6DA358E0
B6AED954 DD242464 92C12294 70C93F2D
B7DFB36C B13497B6 18A2D038 C9C0CF30
B6FCD8D4 45208065 B34B0328 7453BFBD
5B9F93CC D477873C FD20953A DBCACFA0
FEBD1D1E 45A67145 B70B0380 76433F36
47BFB3CE F014D5BC BD709131 6BC2CFE3
F62C9C56 45A42BD0 B68B43E4 78C97D37
95CFF3C7 952EF534 3D21D090 FBCAC8E3
F4FD9916 25A43760 CF66ABAF 93FF1126
10E00AA3 42142796 8F3F496C C5765248
3CD94B7F D226F7EE C7E6B9A7 D5EFD1E4
51E028C7 225E6FD0 D51B0A6E 8046116C
3D7B4957 F26DF3AE C7E2A8A7 E3695324
52E12085 021D45F3 D5AA4BED E0720158
397B595F D33DF6EE 7BE2BBAF 977F1966
31E10A63 465D06D5 253A796E DD761BC8
397D6947 D71AF60E 6E46BD3B FA6CD9B6
51C010F7 031527F4 07A3086C 877652EC
1978312F 7A16A5EE EB46BFAB BD6F93B4
7AF022F3 081F06B1 C5BA086D D5525AF8
A91F194F 5314D7A6 2B66BB2E AB685222
35A088E1 004D67C5 2D897965 FC7795C0
385A496D 9278FE66 CBE6A93A E3381084
73A01BE1 02570FC5 45986D6D D47313C8
311C4B6D D378864E CB66AB6F C72E1222
72B02FA0 08570DD1 C598086D D5D49348
325E49ED 925887CE 0C366E44 A0553BEB
8CF74F92 B9F5A4D1 9D5C14B2 A845257F
C6A1B6F8 3D4BA019 4CB76E4C 201528B3
2D7A4AB0 F9D9CE75 2947FC32 FC2D36EF
4AB3B0D0 250A30A9 0CB6FE4D 2A1D38FA
85BB6A1E FAF9E6F9 395D5237 8CE926EB
CEB380D8 350A78A9 4C1EBE4C 26D019FB
047A1887 73158CF1 994C3097 6045226B
8EF7F450 2C4E20B9 ECFF3E45 A4B0108A
84FEC912 E8D9CE30 A74310F2 F8491425
F4B7F412 24DBF022 EFFEF604 4D9298FA
85722E11 F3B16CF9 035790F2 AC052263
CAF1B670 641B78AA AC1F7C41 2D9700AB
807B7A96 A2918CF1 975C359E C001607C
0EE73E78 2D5F2831 8D3FDE5D 2DD48869
C47E6A34 B29BDCFB 314E80B0 C8912479
0EF7BE78 AC5E78B3 2DBEF445 8D8798EA
877F1A16 3A91AC59 135DE0F6 E8292679
0681FEF8 BC1779BB CC13BD61 25C578F9
84F34EBF 74FC8D53 BD06D411 1AAD17CB
8CCDFAD0 214A2942 BE133468 25913862
24FB4EB8 B4F785C3 BC06D397 D98D027F
CCE7C0D8 244E58E2 BC91F46D 2991306B
A5FF0E1B FCDFC543 3915D691 CAAD26EF
DDCDF8F8 254A78E3 C49BB5E9 A48568F9
04F70A9F 39DE8557 BD56F491 8B053769
8E6DF290 2D4F6971 F70F3550 26866465
306E6A1A B5970553 1946D73B 8AAD2F6B
CE6EFA08 2D42FBB9 F695FF68 2993382D
F5570E33 39D7C553 0994D4B3 8A280E2B
CE4DE098 292AEA93 009F3E65 A6046A6D
84D64E9F 39AB2DD7 B954F19A 9A0DA573
AE2FFE50 ADC66938 0E9FBE61 A686267D
847A2E9E 39B7E754 3145F193 2A08A721
CE2F96C0 2D4B29BD 61195F40 2F96326D
A47A0EBE 389BE756 1B15F513 3A29262B
942DF6F8 2D6268B3 F4919029 E4073743
BB57A459 64D49D92 A8F7C7C6 8BCFF72F
408DD3A1 95FF7993 F5A9D831 E9C735CF
B877A44C 76DFBFB2 A86FEEC4 C94BB12F
8F8E97C9 9DDF7C88 5631D009 E8C2355F
BC73A45D 76FEDD92 B8C7E79C C93BBD37
5F8BC898 ADB758C4 F5194519 E1C53DD1
FA33A73D 75DF15B2 B877FF85 8B31FA0F
5EA4D720 CDEF0F90 F509D819 B5C535DD
FDD78B5F 7BC237A2 8007C6C5 413F733D
4E07F409 3EEFAC91 74BBD809 CA81F5D7
9C33E21D BBBA3592 80C3EE50 493BF7B7
07A28C5A ADA6D052 B40B4C11 AEC739D9
F27FA65F F79E9DDE B875B690 8B8FFA2F
DFA49E50 FDE55930 14195C81 ACC49155
F203AA5A 1B9FBD96 A020B386 D8ADFA25
9F05F658 7CD47912 16095051 ECC379CF
D753AF5E B2D3C556 B871C692 4BA9F9BF
978FDE58 8DB6499B 75C7B19B EDE2101C
B8EDCD6C 288855E4 843D6D65 ED96D159
29482B5B E33D7AEE 7545119F CA27590D
F89D8C5E AAA051E1 508D6564 71D299CE
AB6A7013 F23D4FEF 51CD9193 DB865B2D
F8AD84ED 84B851E8 043925AE 1D87D94C
AB0A229B D23DBB7E 52C19393 FA621904
B19CE50D 0C994CCC D1996D6C 67DEA948
2B5A4AD3 D33C76EF 53C49195 97625B4D
B81EA83E 88B718CA 57AC657C 65D6B1D8
FB4860F3 521D7AAF 52869991 B5067115
A39FAD70 60B158CE 28A9256C 03D77965
F34A695B B35DFB7D 53C80BAB F53B1914
F394AAEB 005365C6 ADA96964 1FDE88CA
F91C5ACB 5338C77E 7A46039A F0222954
F29EAFCD 801221CC 08F9094C CDD6D84A
B14C48EB D359E3ED DB0F01AF E4015305
3394AD8A 041649C0 EAB80D2C 7BD2D19B
B30C19E3 D338E76D FA74FDD7 F1384B00
500ED4D4 D442D64A C35643CA FE98B4AC
5B024033 B4EAFB9C 3A7C5DD5 A0284F08
5C0ED4F1 0D127A4A 63740B5A 58D8ACA4
D80A2183 BCFA679C 7ABCEDD5 323A4910
5C4EF4F7 6752BA4A 6BD64B86 5CF8BC34
0A1BF529 AEEA8F1B CEF4FDCE BD3E4110
520AD548 6C18D7CB C3E64FC0 E4FCB686
58114103 B6C3D798 6932F8CE 302C011E
8E92E079 4C50FECA E316C94E 1EAEB69C
5E052101 9EF9D701 7E349884 922A4111
5846DCB7 4756B84A C2164BA2 54F8B81B
4A9773A9 ECABED1D D2F4FCDE 95348708
5C02F041 4EC82A01 C3D6DEC6 04709D84
481001A1 A283AF9A D8749CCE B73EC318
5812F047 6C4A7A40 C31669C4 06788484
6B813381 82838AB3 FCF4B88E 90B68651
5848F047 6740BA8B C3062BE2 2478A494
09903581 C2839AB3 98DC2B4C 7012AA14
45AA5EA9 A652CF40 B78C8B09 6064C780
F819AB12 18F2D0B8 3C5C7B78 70B2F014
6828C4A1 A6568A21 F69C8A49 036FD404
BC3BCB32 0AE392A9 185CFB4C 2090F004
008A56B1 A656EF48 73CC3B0D 425EA415
B819890A 082BCAB8 7CF01A6C 4180FE50
86333C84 44436D11 AB8E1019 4065D128
6D9D8D18 08864EBA BCF09947 6598D57B
49F3988D D5F3D701 3A4E58AB 0060134F
AC9BADBA 062B4CAE DCF4BB6C 6492F373
25C33E8B B6C6CF53 838C184D 000D8211
A91DE02A 0C264E37 58E10B6C 54D0D252
A2973CDA 54DBA251 EF8E5251 983A94A8
20F9ECB8 81066E6A 5870BB4C 51919141
34D37CCB F5DA8659 8A5ED211 983C87B9
205DDC3A 012BEC3E 19D0BB4C 7191D257
35D37C99 14D7EE59 AA9ED8D9 881C86B1
2019EC9A 01AE6F57 0CB1327C 6B1D32C6
27F2799E 79EDAE55 8C1F5017 3A25057F
254FE688 35FDA063 CDF5107C 8B1D32C1
2BFA6B1A DD6E8B15 A4177077 701505DF
2877A4A8 34D9B2E3 CCF13278 AB1932CB
27BE4B18 7FEDC775 A4157093 788507FF
AC47A880 15D87A63 0439847C 069162D8
2DEA498C B9677E5D 0C5F5437 7045455D
3C55E688 25DDB141 45FD1674 4B1B0289
AC7BE114 5B66CAF5 B4457453 FA09058D
2A73E400 2CDDB213 C1B11671 AB9B7249
69B68B18 3FEF835D 24057653 AAB30673
6C77FAFA 5DD6FB63 013D1E75 27953249
A1334836 2AE3EE5D 165F707D 482104F7
3E7F9690 24DC3361 C13D1E34 6B9522D9
A07B5A35 BAE2867D 745FF47F 79018337
3C77B6C2 35C423AA CBB51675 4F950049
A63F1938 7FE3E255 454DE0D7 68352227
3C67EE50 155F3323 138EE4BA 56AB2CB1
7D09D248 E002F528 7760BD89 B6CBAA82
97E2E8CE E3100986 3B06C68A 579B4DA8
1D18DAC9 E4B6200A 5770C9EA AE7BA222
4360FE25 E7AC1981 514E47FA 51CB8D2E
1D4DFB49 E4AA306C 1773FC4A BD7A7870
7648F2A6 E3B90985 120EC4AA 56BBFCA1
151A7E58 F084DD2F 7450BD88 CECF8A99
976EBC6E E10489E5 F3C447BB 580AD508
3C196E5B 61B4702E DDE03D88 042DFE37
D8AAA8ED E1481DE5 F205C59A 39CA85AE
3D50AA1B E4A4506E 8E731C88 7C7BFA56
6260A267 E1A98CDD B382DDBB 569B5CBC
679C3A9B 918694AE 56F01B81 DCEF0A50
95EE386E ED888956 3B824DE1 565BBC2E
3D9820DB E52E70AE EBC0BF88 546F5A52
95EEACDF EDA08CC4 BB86D7B9 3CCAADAC
4540265B C00270AE 6EE28F08 DF7EDC43
B5ECEC5F EDA89DC6 40FC49FE 4F7C0AFA
0AC070C3 EBA14235 4E6B2877 042165CC
7E13574D 9697A7EF C8ECDDB9 0F9D4ABA
0A246015 AF396B25 4E7B4863 14510548
7C177D6D F613A727 EC6C0FBC C73DD08A
2B22C884 AF006BF1 6E49786E 6C013648
28151777 D61FA62F 4C76C2FE 8E7EDB8A
5A881190 6DF9EB11 7FFB6C63 B43D2058
78931395 9256B36F 0DFECFBE CDFC98AB
5E040016 A741FBB1 F2CE4E7C 34942008
40B31915 B2561336 EF6E9F9B C73E58BA
02E0D084 AE60FFE1 C4D8686C 6CD41278
581B1B07 F25FA7A4 4D74BBEE C3FDC2D0
4CB1D103 0CE08249 45DF0C6F 24780471
41111587 9216B6E7 48F4BBEE 83B4D2E0
5804C081 25E6A2C1 45DE7F65 A45D1069
68937107 9217B6EE EEE69B7E C324D2E2
1022C1A5 062CEAC1 C5DE7F6D A4D41275
6A975107 9217B729 B36C7493 56AFAFB7
7A0DF128 A32B72A8 56F9EFCA E77E7E00
9246A14F DFB19055 B38C70B2 1EEC8D87
FA08F568 8A2A5228 46F87E8A 63CEFC96
F664070F DFF18E81 538C7092 1FFE6DBD
7B2D15EC A4BA32A8 567B274A 4F6BB5A2
C242128D FFF98A51 BAC99313 1CEFADBC
FA18D12E 8F22312E 56EBEF88 CFDFFE42
B362F9DF EFA99AD4 F4AB0112 1471C527
4A18F760 88EA3130 D4FA1B4B 8FB8FD4B
AB26EDAB 0E6888C5 52E59682 1AFC4549
6F1C567E C5317102 CAD71309 0C6DB2EB
092AA4B9 ADFA1A52 F0E8C19B 14F7EDBA
7E3A507E FD221B3A 5E612FC9 EFBF7B73
C300A587 E7A811C4 F0E149A2 50F7C559
2E1044BA C82A11BA 446316CD 224C395F
090325B1 2CA82184 5860D5C2 1ED28510
4D18501B 512FCB2E 60531F58 8EEC9B99
2922860A 2CFA8850 5EACDDF8 20AAD508
701EF6D9 651AB62A C2C20BEB 4E98FE24
5B134583 94E291D8 7E3C58E8 E88A4588
7602D4CF 5552BA0A C24088C3 2698FE35
43131D97 94F22190 7E9CE8F5 60B88758
5446D4F7 2742DA0A C2562BEF 66F8B430
0B13856D A4E2251A DE64F9FC 412A8D00
56329561 7B98D22B CAF6AFEF 443A7636
4A15459B 90E08992 50A0E9EC A33E930A
5110F08B 47403F02 CA11E5CD 66DE74E0
4C050D81 92EA9A02 FAB4E8F8 E39AC70A
5412D81F 63403B84 EA546FCE 64DE36B1
480753A0 D4BB889A D6F4E9C8 90289752
581CF141 4D586E21 CA967BCF A438D424
4A100583 9683AB91 FA76E9C8 936AD558
5D18F043 4DC85A13 EAA66A6D 26BC94E0
4A11158B B2B38AB1 F874A8CC D13AC550
5C48F043 67427A0B CA464AEA 64BCADF1
0A115981 D6ABBE95 1C9509C0 2701F81E
E9CACA67 A7B8D7DB C88377A4 5B01D2F7
2F0DDBF0 28E5AD3A 4C5F89D8 4020B82B
A8CA66E4 B6007729 83892F28 494198BE
0F099A1F 08AFAEBB 0CD12278 A529C03B
699E4FCD 36C5F729 AE8B962C 7A85CEFE
050FC83E 0CED6EFB CC93ABD1 069BE20E
2FF7479E 1D2D5375 6CA7D316 7E218749
251DBDB0 3DE4A4EA 88469175 090FB3DB
28D766C8 B52D2218 4E13CB3E 1E250743
2524B1DC 35E86DAA A8C03479 8D1DF2F2
28FF0711 FFAD60B1 4C46F237 38254BF2
A127E09C 1D606062 20992F65 4FDF62CA
27F71D1A 3D295957 745CF175 6E850770
B77DBEF4 19BD302E 2381B775 4FDFA2DF
27F5193B 3E6F4357 745CF357 7C052573
BCFCEEB4 1D7570A7 03613775 CF9F32CD
27F51D1E 3BEF4357 745CD177 7CA54370
B47FAEFC 116930EA 516F9198 C5C21E2C
28FD69C4 6C894080 353FCCC0 F404697E
2D4A327B 02FF8BAF 55DD9192 87425C39
ABD96980 6CA170E9 29379D48 3900BB2E
4D0E32CB 40F70FB7 514D91DE CB525429
A8DD20CE E4A870AC 5807952E 1F35FBFD
AD0E325B C3FF5BEF F76F9712 91720674
780858B0 EC8F48A2 51AC7DF1 6EB23B68
6D427B13 82FD466C 33009397 C4420266
222879B1 642710A7 712C8DD9 96AB817A
71FEAE79 41BC50FE D46791FF D542513C
20D85111 2C877882 7A9ECDCA 5FA338F1
797A2CD1 EBBF527D 52E8A7FF D1BA801E
E3B410B3 F4AB4002 FCAF3B61 FEB2004A
79782ABB 0BE9C7FD 576897BF D111822E
65A430BB E48650C7 B9B90F68 47138842
39781EB3 41E907CD D2E987FF D5D8323E
610410B3 048751C3 DA9CEB68 97F308D1
71682EA3 0369874D F51F7404 7EC4FD35
91E586ED 90D1CCE9 A180CC08 F1CADA85
C6EC904F 4D070E10 DF13F210 7804BC35
94E7A6E9 10F1CD4D A5BBDD7C 51CEBAAF
664C906A 49077E10 179650A2 7A02BD1D
97BFAFEF 00B9CD0A B123C59A D14FEA96
66C8D2CA 4D0F4E91 FD9ADC11 78843D2D
B1AD16AC 305DDDF2 B5C230B8 724B3EF7
C4486368 45532839 BD327271 6C812935
929E96BE B1DDFD23 9D3243A8 514E98B3
4CCFB27C 256F7800 98927231 7C827BBD
847EB6F8 31999C32 F3EBA4B8 516FB8AB
C4DAD1FC 25D77CD0 18124419 74806DBB
B38F07FB 35120952 9BB0C310 995ADB8E
AD6CB0BC CDE141D1 189A4819 78802DBE
A19E07FF 741B595E DB72D388 996ED99F
89A8B33C 4DA55450 18904489 7E882DBF
819706FF 3502D15E FBA1D399 993BC583
A168E094 4DED41D0 C9143F5D 2F0DB20E
242A6B0F B83D847F C4DB4135 006004FE
B84BF098 5DACEAF8 E9B4271D 7F1FB292
27BF6FAF BA11A5FD A4595316 706105DC
080BF13E 5D7DFA7B E9D43618 3A3D22D6
22BB2FA8 BA1DC0FF 06C85056 680305E2
B849F984 5D2D62EB 09BC3E55 761D629E
7CBC6188 32E5E669 E66F5315 C8619056
28282098 799CF6FB A8B42F9D 7EB4209A
67AE2D8A 1AB285FB 44FB7750 D8D70C96
B84AE232 7459E17B CBF42631 9F2E72D4
23B30BBE 181E82DB C6595315 F9134286
986AB114 1D3DC0E3 09901EF5 6B85829C
21310D9B 363F825F 74DF503D 9850405E
3828E878 41587062 0830369D 3B95029E
6127069B 1077A6CF 66EF7735 F8510036
387AF832 5D3C3463 69303F73 3BB5428C
23931F9A 3806C2DF 66CE731D F8124046
382AA8B0 595434E1 AB9C4205 2B0D679E
67039BEA 1B24927D 66D3F2B7 A886CCA4
C233D504 74C83349 0FB56E44 124EE68B
FF03DF61 3B2CF67F 62C1D73E E8C08E24
22379524 54C4E479 2FB464E0 372F2E83
3F17DF08 5B08937D 4463D776 6D41CCA6
823795B4 94CC3728 C61D7994 130DAE86
BF13B96A 032CD325 4663D7F6 E9E4FCB0
D617B5CC 6488AF68 8E1949C1 3B0B8D0A
5717C548 396DBA2D 6657C7B7 E8E3C486
8613F5DC 14C894EA A7B12840 537B27C2
5F22D90A 1B689A6D 46F7E59A ECE1FE26
C637D54E BCCE0139 DE1D7114 560BE78E
582AD34E FB74D221 6E43B0F6 68E67EB5
80934784 B4A9B340 559560F0 0F0BAD52
7D08D34A 1F689325 4457C037 6C807EB6
8A9BC724 9CC2B221 709970E1 5F5BAD4A
5DCEF14B FA68BAA9 6477E9BF 6EA26CA4
CA93D70C B4C5A208 636EA3DF 95FB88AC
60205007 EDAD11A0 44EC0F6E 8EB923FA
19323E7B 6B38C7FF 43AEA3DF C7F7C4BC
220E7905 EDAC0080 45CC3F67 2E89AB7A
1BA92E33 9A3DC8FE D32EE3E7 C7FDC4BC
203C1907 A58C5184 44EC3A6E 2E90A27A
DB026E3A B3599FDF 532EB7FF 8B735232
2402D015 C4690CAA 4C7D3F66 06B1B07A
1B302EBB 1A34EEBE 43E7EBCF 855C8054
653F5861 8DAE41A0 6648AB47 263DFB68
19BA7CBB DA6F9E1F C36FA3BF E545802C
20387C11 A9AB73AD 64EC3E47 2EB53164
5B302EDB 1B1D868D 0AEEB7F7 8B71425A
22729915 E9AB40A7 44DD6FE5 46F5315A
1A4F7CD3 1A758E0E 0AA6F7E7 8F75004A
63659831 292310A7 44E93F75 FF9117D8
134F78C3 BA59800E 8BA6B7E7 879502DE
23793930 69A515E7 44DD1C77 67F501DE
1B5F6AE3 9A518EAF C3E0BB3F DFAF4355
33608931 0A750BB0 47893965 F53251C0
BD7C4907 DBB1C6FE C364AF33 F3AF5345
BA20E920 42752B97 44B92BC5 B512510C
BD564917 FAB9C7BC E3E8ABBF FBAFD755
3AA089B0 0B6763B7 66B829C4 F576D18C
BD7E2967 DA39C6F4 CEE2BA3F BF7E0181
BE59A913 0A21CBB4 59992964 557E575C
BD54098F D23254B6 DE62AF37 A3ED1553
A3B1A97D 0F744FB2 41BA0164 F7781718
BD546B77 DAF15CB4 C6C89F3B B33C5345
BE848913 0B75E3F0 7CEA48E4 357654D8
3F767BE7 F331DEAE FAE8B31F 9FEEC2F1
BB448D67 0E6FCBF6 6FA96141 7D7A11DC
BD1C59AF D272D6C7 CE4E971F 8FFC9051
A9248964 0F2FEFF6 4FA801CD 357CD3D4
3D1E3BE7 523194C5 CE44BB3F D3BC4307
BB908DCA 0F6713D0 E5A805EC 777451DD
3D1C23CF DA130647 7CB0A9D5 6590E088
6476D4DA F4CFA57A AEDF535F E8D8C47E
480BA4A0 B0EC238A 5EB0E4D4 24112198
47B616D8 F4DE963B E6CE536F 9AACE66E
480BB482 946E378B 7810B551 6D937298
647704BA F4D7F05B CACC537F 8831A6F7
490BF09A 946C33C3 5C359DD4 74D2F080
0576C4BB 65DF8C6B 9ADF6172 EA5044EE
8850B0A0 A0E837DC 7E1DDEC1 6F1A0714
473604B3 0D5CFE2F 7257F77D 5AE452A6
1F6BB4A4 184F30C8 7A39F755 7C10038C
64F40493 75D6F0BF DEDE1255 0A120135
895AE482 D16DF529 37A1A76D F187238E
23B484B9 7496A35B FA4F4175 F832C5F3
281AC420 10E0366E 8F61B72D 7C95568C
67B50EB9 6417D3BF D8CF4575 BA3245E4
195F9E90 146C7768 8BA13729 7991528C
37910C99 58D6E8DF DADE5135 F8120567
096A8D80 506AB76C E1103691 3B8BE28E
34BF1578 B86FC27E 66436315 F83A5C72
A848F48C E5B9EB62 F99023D5 1F8BA304
203FB1E8 3C2A924A 66626BB4 ED324532
A840F0AC D439F3E3 E15025D1 3F8EA385
204EBFFA B92A92DA E66243DD F932C576
3046FA24 D5F9A3E3 6910269B 3A8BAE8E
648E153A 4E2F82FA 6652535D B8785462
A868F0AC 6DB9B343 EA140793 728BC69E
E43A7518 5D2B9AEE 465413D9 387AC4D6
9860C0AC 6C29E0F1 C99427D1 7A9E061C
658F2D1A 6920D2EA 646E175F FD184586
B462ECAE 5DF1A1C1 991406BD 1BC9E69E
65AC2B99 DC368636 4ECB6314 98795442
BC6CAC0E 68A85143 889C179B 1E9B269E
450B0B9B D5139237 74841639 393F4C52
B868FF36 68285040 89980F90 3188A69C
655AA399 D127F2AE 64E6461D 395F4446
3D64EE36 75E890C1 5E9ECCE0 2551F88A
867F72D9 F480864D 4D47DCBE AC812EF2
C287F778 342E398A 9F3A54E4 6D19EA9A
44F7525A F980BE4F DD4786BF 3CCDAAF6
8287F548 344C288A 7D1674E0 2749ACCA
467FD2DC F180B649 AD46963F 2E892E72
1281E65A 746E308B BE9CEFE8 41935CFA
06F27238 F1D414AB 5F4717BE E6A92A61
C2B1AFC0 BC04AA89 E71CFDE4 EB9B0CFB
066AF338 BD4C3221 7546A1AE A6C017E3
C237A740 FC9D8068 E83AFCE0 51E90E9A
46FA72B2 9301BE0D 5756E6BB 6C4528E0
82B3FD4A BC28B208 BB5EEFEC 459B98BA
46BE525B D492C421 5F5E3EE3 A63D0AF0
C2A53FB2 9506A983 BDFEEFEC 43CBC898
05A85277 C4985221 770CB878 E6C82AF8
82F7BD8A B400A981 FAFEECE8 45CBECCD
0598F053 F0983601 5F56EA3B E6D9A8E2
C2D5FC1A B425AA85 0C793C57 40FC0EE5
EFA71296 1B7A1F14 F252B310 126D470F
EFE9A495 07E30411 0CD9380B 788C49F1
EE330F37 1B628917 F24E9251 B15D5797
ECED669E 0EC16D10 0EF93A4F 4CCC02E1
ECE71317 5B62ED16 CA43B0D1 324D070F
EDEFB4EB 0EC56C50 0CF52656 02DC6AF5
CDAF49C4 1F6B0F18 6A469218 13590707
EA6BF4BF 08E27C91 0CFDB153 7A8E2AD9
4F1B0527 5B6AAB04 C20AB731 F8794F0F
CA2B300E 0FE624C0 2C55BA4F 18DC44F1
CC775383 5FEB8900 EA47B6D1 B379070B
ECA33085 48D03492 4C7BAC5E 9254EFE9
CC0355D2 3FEB0A11 6B56925A 107D7F2D
6F61B6BB 2A833481 6CF78C5E 12D6CEF9
CD1555D3 0FEAEA10 7646B653 127D3F3D
6333E6B8 21836489 5CFBCC5E D0DCAC79
8D075551 1F6BEB10 1B57B751 327D2FA1
67B0B691 2C93241B E6F87013 6FAE66D3
F267D57F 576ABF97 6ED3A7DF 3F7F5F97
41878785 9FE51340 C6787036 A84A07CB
F867D5B7 5B622F96 CEE30EE7 3F5F1D87
4FC18187 5DE41548 46987813 78AAAFC7
F807D5DB 1B62FB27 CE71A6A7 FB4A7D83
07C3350D DDF59740 B4B85815 0B8E27C7
F86FD13C DB6C3F86 4EC224ED 5D4355B7
C6876644 EFC12242 67B85027 5AAAB7CE
B073B444 0B2C2F57 1A3365EF 5DC6F38F
96074157 FFF40208 F7985033 36AB77C7
6B1EB578 DB6CFE16 6666A0A7 79467D2B
8387412E 54E43208 F4384015 590D67C7
F82D9176 FB385996 CE6343CD 4D077987
C206D084 CFED1AC8 B398501E 58A035D6
7B5D936E FB387116 7C6348A5 4D42A16F
8387490C EDE152CA B6984017 5CBEE556
7F5DD54F FB285116 74734A91 4D2AB1AA
0B83052C CDF003C8 D68BB779 859124F0
A47D50D7 FDE95996 2CC79DDE 4E85AF69
C7DFFCF8 20F41CD7 D6029475 01512648
E57950D5 FDAB1912 2D569CB6 CEA52A73
C5ACFCF2 01E61C47 F28E9765 85C3627C
A45B5033 F9CF5107 0CD69C1F CA852B61
C74DEED8 21641897 970EA6E1 0C1B646C
24307065 F19A3806 4CC69CFC 2E8DAB21
C2DEFEF8 8D64B91C FF8AC76D 24532A65
2440D034 F18F5814 0E8C8DBF D28CC963
12CBFC9A A5671D1E FFA3B754 81C26AA4
A5B450FC F8EE3901 17DC899F 8AA91B63
C7A5EC1A A16C3C1B 378B8741 05DB7A6C
243851FF F1E87925 36458BDA EE8B3B61
F52D3EB8 2D8C3D14 96CB8764 F5D376ED
B43C5771 F4B77934 1E559F93 4F818B63
D03DAE18 21E43957 B32B9444 81C3167D
C5345075 F0E66D27 3644CC93 4BAD9D73
C52DFE38 252A2826 F36AB59F D9B29C54
F3640455 8E0A5182 A0AF4FC1 77BEB90E
0D48085B CB61D7DE D62299BF 89F0D55C
E3640C55 C3B35986 A0AF6B68 475AF91F
07285C7B CBE1DE1C DAC8CFF7 C9D4D57C
E0240C56 E1F35186 00AE4BC8 475AF9DB
1D4A0C79 EB75CE0C 9A80A38F 9FB15416
A77A6FF7 B157958E 00898A89 0BDDF89F
1B0A9EC9 4EE0DF1D 8828A2E5 0BB044DC
2B7B2758 DB231D9E 88AB2B8C C299C98A
0508D0C9 6CE1CE1F 0A80B2D7 8E91E2C6
633F2648 E9B3118F A0BB2F8D 9B73CDCA
070478D9 4CE14B1B 1A082A11 741D459E
257D6F0B F84F4B1C B4195A92 9E9BDE86
5F208BB1 54A9370D D28A22A1 445D0FAC
057F6EAB FA4BCB15 1D735A1B 9A9BCEA6
C6A29B39 24A13E07 782ABBB3 50596ED8
07FE5F2F FAFB471C 58631B9E 5E13CE26
4524DC9B 44A9338C 075F4A2A 7A2687ED
D902EFED 02708BEC 11209C82 556FFB85
77B74177 EF13CD19 0701420A 2A269FFF
BB89ED47 0379CE73 512384D0 744F5907
67E5157D CFD38E49 059F4A0A AA24FF2F
9B86EF51 0A79CF60 1933A4C2 754FFD0B
F7E41375 6B93CD50 ACDF582A FB274DE7
195B6E48 4225EECE 8B009909 5547FB85
76AFC17F CFD31C08 87C55B0B 9A24CF65
9ADB6C40 0A39C2F2 01A96B99 750BE655
37A7035F CB9D4E0A 0DDF4A0A 0A076F62
99DF8F05 02394772 B323E180 55597C8C
86C713DD 4EB55F62 84974832 AC6C6F63
98C86A4C 031B49F0 8B209880 5509BB9C
D6A7005D CFF34F18 A0924812 A824C96F
DA436D41 0E236DC2 2BA1BA88 47297E89
F6C51A55 4FB14E92 0496480A 0A7C6D77
DA46EF40 DA3365F2 A923EE80 476FFD89
D685125D 6FB14E92 166EEBCE C97397F4
42405091 C0540601 97ACB96B 0275BA88
F8B10933 9A07EBBC 06E6FBCE B1F59274
5BA108C1 425402A4 97BC08E0 06F5B214
B0D94B03 9AA5DBAC 9CEEABED F053DA36
08826816 82570EA7 B38C3A7C C244AB10
BBFD0D57 8A22B62C 2CCE6BEA C9F992E2
32F29060 C056E514 879B1862 0C713AA0
F2B31A73 9E42EB3C 206FFB46 BDF912E6
4A5116E6 C256E614 834CA816 0865328D
B39F4F33 B640BA2C 386EAA64 A0F958C7
49C2CA62 C2D38F05 2B8C1835 8045272D
A3FD39E3 8E22FE2C 596FEBEA C97B91E2
02FA7665 82DC6701 239D1823 C469BE29
C2950D4A 9202AF1F 39CFE9CA A57990F6
07F1D2E0 83D66F81 A3CCA826 C461BBB8
C2B15F0A 3600FB2F 39EEAACE 82791867
51F0F2C6 A2F52F41 A18C98AF C6E1ABBD
C291595A 0620AF2E 13115220 7C82FD1F
9F99E7ED B0D4D4EB A590D4A0 89CEB816
868E97E0 F927D89B 1C0154A0 3B86F50F
DA99EF7A 04FDA56A 85B1F4A8 09CED806
F68C93FA F9AF5CDF 579150A0 7923F51F
999BB7E9 B0BAF46A 8D33D7A8 C98BFA3E
968CC3BA 9935699B 92194221 6D03FD17
13958FEF B04899EE 9971B4A4 2386DD1A
8E8C9BE8 DDEC0A1A 9A1941A9 7BA1FD0F
3611AF7C B81D0DF2 98A1F590 2B4EBB3E
868EDAF8 FDF79A13 521950B8 7E213706
9285A76B B03FD6FA 8D31C588 032EDAAB
8E84D9F2 392C4B5F B6894081 7D037D9E
73BDA38A 914625E6 B87163A4 0BA6788B
9C8C0BEA 5DE8835E D60940A9 3C213F0C
7BE9E6EF A01475FE 88B164AC 1B86F83B
950ED14F 4DF9E67E 528952B1 3A0B7F8E
7289A7EB F21E55FE 98B1652E 4B8FF86B
9B8CC9B9 75B8C31A D7899401 E0033F5F
B9F96EDE E4ABDD86 BC818C80 538BFBBB
F4CEF870 4BFD5C46 F78B8071 3102F547
A1951607 B4CD3506 BCB08D8B 5302F9BB
C76EE878 4DE75D14 538AB263 3182F545
E9B40F1C 54DE61A6 88B3CD5B 932AF983
C7ECBCCC 6B854D44 778A66A3 5C8B6F7D
A57C2FEF 94ED5946 BCA4EE08 DB0BDB32
B6EFECEC 41C87CC6 538143A1 50822D2F
B73A1ECE 94C9FF4A 1CA09E0A 5A8EFB2A
C7698CDC 45E92C59 D30B2321 70CB2F26
A5943FFD D4C37316 18B1C49A 932EF9FA
C54CEC7E 4DDD4C41 750B0623 1C8B2DBD
E7BC16DB F576594E 1CB1A319 DBA7DFCB
B7EEEEB4 4DEC4D57 35014331 50CB69BD
A7B707FE B52311C6 2CB0E698 1937DBAA
D76EBE9D 6DE84856 15814761 50C9662D
A79407FC D4CF6146 7CE0C499 992BDD9A
F56CBCB8 6D6C4756 1993C4E8 25C17FAA
8C996EFB E49EC4CB BB66CEB8 9DC97CFA
3EA2D2E2 A4072D8D 180554E0 E4827B3B
CD9A06FF F49DE4DD 897ACE39 288D6870
32AA82C2 E4073C17 3CB7D5E8 2102B72A
9D9B36FF 749CB4CC A952DE3B 8C8BFC3C
76B4D4F2 05176C87 190F67EC 64003F2E
CF5D5EFB F45F3CDB B971838F 8DC9FDEC
3DA6C3F2 F927C49F 411366A8 6D6247E2
CDB4C6FF B55ABECF F3F6F6F4 89C9EA0B
EBB4C5C2 38478C09 59057FBA 2D623F7A
CD01CEFD F49EFCEF 9355BE2B 0C0E6E0A
7ABCD5CE E8978CBA 1B1A7C92 74035F26
C05DAEBB F59786EA 9D60C3B0 8BC6EB0B
DEACD54A 6D6CF42E 29037EAB 3A421D76
C0549EBE B31784D2 9BF3C394 8B6EFB0B
FAEC95CA E9208C8A 29974EAA 2133143E
84A75EB5 B4929DEE 93E1B711 8849F78B
B6ACD5EE FD20C418 F80E9D4D 84D14C29
847816B7 C4DF21C2 3FD48500 CEBD3A5A
9F6ABA7A 29424D16 1E0F8DDE 48D16C79
8711169E C4C741C0 25C49589 DF8D3AD2
D84EFA5A 294A490E 7A87C5CE E0C0EC64
8470363F E0830100 33C49DCD 96EDB852
D7E8EA58 210A0886 8B87ED6B 81901CB9
844006F3 85C315AB 6DE48B88 C7FBFF1B
D96EBAFA AB63C01E 1B83E6CF A0554C2E
053914BB ABF765F6 29F48369 9FDF6F4A
8F6BCC92 AB4CCD1E 1BAFCDCC C4C54C3C
841D04B5 E5AA0107 39D09CE9 F64C3DDA
D469EE4A 2B10040A 8BC7CDEF 84D14CBE
067004B2 21C34DAB 0FC48F88 82FDBF8B
576FBEF2 294A581E 0A6FD6EF E6D15CBE
0D701493 04D78D6B 235C4FC1 E6CD3B99
5F6ABE92 2B0ADC1E 38EFFFEC 82D54C3E
85711615 348B152F 0BC48E49 C6EDBE1B
5768BCBA 2A0ADC1F D8955200 60007755
5F9BF7FC 30D4B848 9390F216 41CEFB35
D2AED18A 6CE6ACF9 F9150248 3802F705
9D9AF6BC 3051CC48 9B14D312 5188F9B5
F2A7C288 48C26C79 1A955244 2C04F515
9C9F763D 3431EC4C 9B03D59A 492BEC95
D2B2C4A8 78CBEE79 B0990288 2605E705
57BA7E1A 3C1E0C28 BB80FA9E DBA4FF94
5AEAF4CA ECE7AC78 340140A0 3C01E307
65BE7EDD D8D3484C 9988BA16 03AEEE77
72A486C0 2DDFAC7D A07522B0 1831F705
DFA17C08 9031CA4C 9B10D51A 1329CDB5
92859E72 31EBAA39 B6896190 3402ED0D
D5DB6ECC FC175B7E BB66F43E 3BAAFFA6
EEA486E1 6C9B34D9 04190290 3C45A54D
DFDBECC8 BE1B4B7C BB24D496 1BAAED26
F7A48E51 6C8F2199 90995294 3C476B3F
D4DFECE1 ED1BC97C 3B71941A 1BABEDA7
F7A48E70 74A366B1 041D4820 680C6FDF
D99BF65A 13729D3B B870B683 814DE717
C28796CC CDCE0901 2C115800 388467D3
DC9FF66A 97E8FC2C 9B04B78B 71694687
C2ABE484 CDC30D53 2C117200 3EA4778B
DD9F374A 5772FC3D BA53D783 997E6427
56A3848C 6CC659D3 9C194C01 20C47FFF
D8CB86FE F75ADCDB BA20A48A 994FE4B7
C6A5C444 EDCF1D58 2D094A62 690077DB
5897B6E8 5671DD1A 1A06D591 582AA485
C6D98C64 E98E1CC2 14995040 68867FC9
DC5D875B D278F45A BA67F591 D93EFE23
DFE384BC 61CE5B83 B59D5411 F4C065ED
DA49A6FE E7301CFE BA628698 08877E25
86CFD454 EDC74830 25195C21 7C01FFDD
92D516FC 735D557E BA22A490 C823ED69
CDCBDC54 ED874052 B5195471 7C822DC9
DE4F977F 731BF53E BA73E490 492B7FA1
C7C1865C 6DC75052 C3639B33 D4660664
EB948DA3 0CDF2902 9F8E9961 77BACBC0
FD5A5A8B 8AF6C636 D3E9B93B C4029D64
51B08883 044B6902 A9888969 C73ADB8C
ED5E4D87 E2FD8566 D3499B33 96865524
C9A484A5 45E64944 1B9AB969 8322D11D
696E54A7 623DD364 D6E1992A 906E9324
F3A4AC83 0C8C434A 9B9EA960 F702CEEA
795CFBE3 C2F206FF 17E9D12B 660E5D60
79E4FCEB 2DDD0B41 2D80BD65 86AADF61
E5BC1C81 C0FB85B7 F761AB73 F60F5526
7190D4EB 45D629CC 2B9ABF60 5712D1E5
E97AC4AB 42AB877F D2EB832A D43AD330
7590D58B 54CCE308 F98E294A F73E4E88
F978098B D0B2A7C7 DEE00BAA D44A1336
7D94FC89 10EC6741 6B890969 B7BADEC0
E97C68A9 C2998767 D3E18B38 D24AD724
359064CB 07E6CBC0 AA8E9D68 F3DED594
6978818B 42BBB765 DA86DDDA B07008B1
C44CD6D0 00D26AEA 73643788 F798B84D
4A52301B AA5A8B14 1B96E5DA E0708DA1
CC18D453 20DB382A C36C5F8A D7DCB048
4A54006B AB1A8F1C 7A16CDDE 8AF20821
C56C54F5 2093382A D35C1FCA D6F9A24C
4A503263 AA1A1E1D A866B7DB A478CCA2
7C0E14DA 72D05C8B 430E1188 D65AB84C
400170DB AE520894 19F6F7DF 583A8CB2
276470F3 0DDBF53A C38E33D2 965683C8
505F20F1 A35D4438 283CEFCF 58BAC4AA
646D72F3 0991F02A 431601F1 D47F0AD8
50C873C1 AE190D1D A97094DF 99B8C69E
62000190 7ED60042 C3BE53C1 9436144A
10483001 EE60DD72 E8F036DF 39BCA69A
66350192 E9F000DE 42AE52F5 9C53059A
01CAE021 EFFCDDF4 6970B7FF 5BB88698
605000DB 21DFE0CE C3AE62E5 945B058A
294A6229 CEF08C5C 1EAF95E8 E4909468
C7587799 F4DEED03 9B968B9B CA0D2E8B
ED6FFC7A 08461C96 1C29B5CC E1D0BC2A
C5F25CDD F0DAEF0D B9949398 CAFD8E99
CF4FEC12 09C70C97 5E69FD4C E0D2F478
C5FD509D F4F2ED03 39869A19 4A898E99
CEEFEC3A 20A60CB6 F1F617E8 06D7CD2D
560831DD 773CD329 4174DFF2 BE312EA0
FFEEAF80 848EC534 F12236BD D3CEDFBF
1504F891 028CA21D C80CBEE4 EA320F24
9E77EEA8 8DAE1737 53E3E4A9 53C6A53C
D588D07F 04E1F20B 0106DEC8 E3AE4C35
D675FF08 A4AEC617 229E66AE 171FC32B
10453D6D 7D7A127B 4262FBD6 7B32EFB0
96A40D2D C5B1F2FC 07504699 534FC38F
7205A9EF 5D30B2F9 6C22ED54 3F2A75A4
369E5FE5 EDF5E2F7 2199648D 5757AF3F
F285CD65 2C3B1BE9 7672EFD0 7E2EC9A4
B6BCC505 EDAEE3D4 58125CFC 2D80212E
0CDFAEDE F2DF84FE 892A5210 904CA45E
380A8250 C52F7B39 591114C8 2C013B37
84D326DE 301394FF 8D9A5290 D128B15E
02008EB0 CD56601F 28905389 3821A102
90BBA6DE 301BC47F 873B579C 51AADA7E
000093B8 C5047F1B 4C9710F5 3B053308
10576EC8 7A1586F4 897B5230 19CEC55E
282AC7F0 6474A7E8 42150A8C 3C04DB2F
B0A36F3E 3895A57C ADF97136 D81FC80C
300ACEB8 4D52C1D9 68311B82 3A2152AF
C3972E9C 7813847D 2DA1511C 891BD29E
3428C5E4 557660DB 81111EB5 3301320E
E6BD2A9B 5497C4DE 8BD74130 99F4911E
242EC492 7CEC69FE 01911E95 7F11331E
C413429A 0814C4DC 89C7D430 38E4761B
BC2EC5B2 7CFC115A 21990E91 3A11721E
72B322BC 7092847E E3FB561A 893ED41E
302C8576 5CFC4948 181D5E20 70447F2E
F8ADB7CA 24C1B5EB 9F11C090 B94E5A07
E6EE83CA 65CF2AD2 1D9F58F9 78067C0F
9DFD949A 20B8BD6B 8D00DA98 9D4E5826
F4CEE33A 25CE5F90 599968A8 7E023D13
5DAF96CE A038DCEA 03015B58 994B1AAA
E4EEC19E E58F6A51 281D3C28 78047B2B
56BD17EB BC43ED4A B69242D1 D1CE1A87
E6C6812A 61EC0B53 3D5D2AB3 5C235B3F
C5B91748 B2620B6E EAC1CB81 806E883E
E8E4C88E 87EE4AF2 39196AF9 7A236D3E
05AE96D8 B13A5B62 B3EA4208 D16BD1B2
E480C15E 69AE1F72 489208A8 348AAF2A
5F850EC8 345FA36A D7B34200 B9CAC887
E020B13A 6522E751 54124BB8 348B51BD
1D9725EA 741F8BFA EBE35108 D97ACC16
E061F93F 652A35F1 58D14DB8 388BFD09
958324EB 540EEAEA FBA25709 F9EEDDA6
E9A091BE 0DAA7773 FB2E4C9A 7A208535
580EE669 061296AB 43F067C8 955AF896
5A02035F E71BCBDA D83CCCBA 3A66CD89
5DCCE4D8 061396ED C32B63E8 7D7A783C
6C48115D DB1B5EDD 7D1E4C9B 7A66CF93
5B0CA5C8 2218DEEE D3E965E8 35CE789C
1A40434F CA13DE4D FB80D89B 39200536
B8022718 025E14FA CBF36B88 8D7ED81E
550201CF E657CA5A F90A7F93 38F48D0E
724E727E 6E1C18FB E1B87F48 BD7E5D0E
342A012D E6064946 9F92CD92 2A61CF84
4A5AAECE 601D3E7A C3B1338C 356E550C
1000417F CE17CC5E AC004097 BDA04D2F
BA4FA64E FB1215FA 8B616680 9D7EF95E
914AD165 EF79DB58 2E84C4D7 3838C5AE
6A4B275C 231315BE CBE96380 DF7AFD0F
93089125 EF70C993 2DBA4CB3 3E2CCD8F
CA4B275C 611335EE C9F9438C 1D7BFC8E
134A1165 EEF2D99A D38B6012 D6E7CF35
DB8DEF06 8435D1A8 B5A1CC0C CBE2BA8A
B7ECD9F7 4B03D8D7 13AB7092 FF47F78C
73CDA74E 86987DAC 91F0CD2A 8B66E912
9BEC5F5F 5F7FCC96 130B40B3 76E7FDB4
DB80AF4D 04B065E4 15A1EC2A CF6EF832
B6C41F4F 6B33C906 D30B522B 70EBAFA5
C79C07CC C53DE5E2 BDA08D2B DFC2FA82
B568F9D7 4F991190 97297693 3043A586
F77567C5 C55DFF6A B872ED46 9FC6FE52
B522E9C7 47B19A04 130B63BE 78C3FD64
99CC27EF C43C45A4 11A0CDE6 F1EBF952
D478CE6E 67A85926 310A4E2B 5C6BA5A7
A7CD0FF8 847D6946 7DB0A709 DBC2FB9A
B5ECA837 4F299D55 106316B7 5A2BACB7
A3DD07B8 C565A166 1CB0E000 53EBFF5B
F5F95897 6F209F20 332B5BAF 5AEF2D36
A39207A1 C43E45E6 3DA0F00A F36FFDD1
F5FDC8B6 6F294554 69F47216 3AADE8BF
1AA00B42 1B6AC36D 477B7141 38745446
A94B359F F7187271 69707BB7 7A7CCBBA
1AA401A0 0B2283ED 4779737C F9768546
A8731147 F3085240 29F23A9E 7E6D4BA2
4AA41BA1 0B2BC36D 076861A4 39524506
EA5BF147 FF48A361 2AF4783F 3A2D8AAF
3E250984 2E6F99E9 6702747D 2C720446
A9D836BD 73087670 6B16387E 5E7C8BAB
1E061189 016EF5E9 6EF825E4 20F60646
A952739D 33004E43 89D06D96 782D89D0
2A8F1D23 0B2BE369 66A861B4 B97247CE
E8403387 73486742 28F43ABF 3B258A8D
3BA60980 0B6D32F5 658B547D D17C014F
2858331F D3121EE8 4E74FE5F 7834A0AA
3B220948 273EABC8 67AA54F9 25501144
A95A23B7 D3123442 8A742B1F 5B3C8888
2AD611CA 2F0FE2FD E7BA55F5 717A455A
28407387 DB5B1441 8E0F50C4 E944D94F
D1DBEFAE 36D5D5D5 910BECA6 CB80B9BD
4D9D8958 1A4FFA9B DF9BC24C E924905B
B067EECC 36958DE1 990BECAC 4B8BBBBD
4DADD35A 9BC7FA9E 5601FA48 A916B07E
92E7EE6C 76DCC5F1 990FFDEE 0B93BBAD
CC1FD378 908F6EBA A68CEA39 F823F9F1
B6FAEF00 833165E9 96E9EA96 E2A02B21
C6B3EDE7 75E0ABF9 A69B68F8 8E2B9160
FF6BF62C 236C61E6 93C8480A 576D7BBF
16B0256B 7FD6AAEB 8E8FEAD8 86339975
B6EEA68C ABD8CDE4 9169EF82 5AED3A95
DCA11463 FAF1EAFB 080A4837 96ADEBBB
763B133A FD6361EA 7ED2FB10 9EB616B6
09602F83 55F0A7E9 08C80F35 9EAF2BF9
6F371711 2922619A 57E27B10 BEA3073E
896860A5 4168E4E0 08A00BB5 9CED6979
27778662 0F2341DC 77D93F0A BEE96CB7
0968D081 0B69E6D8 860FEF4C 055DBAF1
04FB585B 99A56F11 3D6C9D3E 360133E1
5FB75DD8 304A1CA3 8FE6674D 0559D8E9
04FE5013 BBE54A11 3F5C3D7E 0EC163E9
42B509D8 281A38BB EFFE664C 855738FB
A5BA5A16 BBE50B11 5D5C1077 A6852361
463519D0 320A38AD 667AFF54 C7DD30E1
04FB1953 B9A1AD15 3D0CBD73 16050370
57BF6D90 241F3DB7 03BEED45 85D200E2
64F559F0 B881C115 355D397B 27850365
C4152950 244E3BB0 86FEB575 85D78AEC
A4B5D910 BAA18901 755E3457 6E850361
04B51C58 361F28A0 AE76B7D0 E6D72AF8
05BA5C37 B9A5CD15 154CBD7F 66050661
4FB77EF8 310C3C07 A2AAB455 81C1B2A9
25B15997 BBA5C915 155E957F 368506EF
4E377E78 300C3D0C 96EFB756 C7D112F4
27BDD835 B8CF8705 174C9473 36840665
56356EF0 33163904 1D990822 7EED37FF
9B878F3B 1377FDFD 9161E488 13635407
E6EF83CE 5F0F5C03 35DF6826 76AFB7DF
DF938B00 1338FDA9 B575C18D 8B7F709F
B7FD034E CF0D7880 05DB5A22 7AAD2FC7
9E97A708 1AB9A539 9571B485 B95F5E8B
B6E55376 5F07D140 5C530D2B 7AEDA7F3
89812B0A 4276CFF8 3171F082 927C7F56
A7EBD12C 6F043810 580F6C6F 38E993FA
9EA3829B 5634C7F3 BD03C083 DA7D721E
A7F735DE 6B0C7192 FD5F5C2B 7C292B87
9EC3A338 1F35D57D A573F4C0 DB0B74CF
A6CB52F7 ED2445C2 3D124C37 7AED0121
8BCF2EB6 03376DFE 1161F410 D147735E
BFEFD35D 6F5750C0 34735E23 6C6D1BB1
2AEF0B92 023387FC B921E580 92E0771F
B7FD127D EFA454E3 65DB4C33 6A6D7FA7
BAEF2BAE 1B39F57E 9561D510 B14D770F
B7EC027D 6FB651D2 FC54FDD5 71007816
636EE5CC AA8D07DF 824F52B2 68909064
0848C10B B46CBADE 38D43CDC 671CC004
66BED5EC A239D36B 424A723E 4868C866
8006AB48 B46EB39D 7A906CFC 7A1DC018
402AF8F9 A2329B69 4672633E F8E90CE6
8807E912 94AEBB98 1C346F5C 31004A0C
34ECE448 288800D3 C2667256 F8C890F6
0000710B ACE5BB70 095CE899 27CD280C
64BC5040 BBBF13F9 667A6734 984C04B6
82052922 FE8DB223 4E9474DC 3E29C89C
309AE1A9 B30ED259 46E647BE E8F94C66
0241A910 AC0FBD41 DA3465DC 3588CA08
1908C54D 7A4BC253 E2067606 F850C8E6
0800E188 B413BAE3 9831E550 17AAC688
1F1CD143 FB38E23B 4E2A4616 7824A9A2
4223A128 B497BD91 489C648C 108D869B
115AF4DB E33BEA19 4676573E 28EC2C66
0A02B380 9411B991 FA06C77D 05DB6CC8
6E7C509A F58B6C12 6E470FDF AA8DA6E3
182AFEF0 248C7806 DA06975D 459324C4
2E7B7C0E FD8F5810 2C54BEBF CEADA7E3
4B27E810 A4AE38CF DAA49775 45D364EC
2D7A581A F08E1112 6E543C1E 0EADE661
C866EC9A 202A3187 53ADD755 04D3EEC2
7F38D43A B4B2DB02 76DCAF7F AECFBEEB
D270FA92 10097C96 D3A9F75D 77D3E50C
ED1AD49F BC8EA303 3E5CACFB AD8DBC31
D871E992 A0687C33 530F87FD 57C1B52C
A55AF03B B5C6B903 3E54BEFB ABDDB471
DEB1FEB2 22B89F06 D18F5F77 04939EC4
E63AD431 5586B903 CEC40FED AEF7A509
9A62FCAA A8219C3E D3AFF72F 87D254C4
C530F819 05A69903 3EE46DE5 A7EF9D02
DB21A40A 0A209EBE 532D776D F3D08444
05167011 80C61907 96C48E47 2BFD9516
C172FE2A 22E08A1C 2CFD7827 72BCCFC3
EF2A0526 BB608F19 F041B6FF 8B51372F
D3A1472F 1FC8B452 24F97827 7CEC4EEB
EF2F4722 FB708FB1 E079DAB7 9B512527
DA85672D 1FD465DA 0498780E 9E5C4FDB
FF6BD323 DF60CFB5 70719297 AB753733
DAE34707 DEC0A518 A4FD7976 6AFC87EB
FB2AA52D EF60BB10 7451ACEF 8F792F2F
53915787 5B91A89B 247B4037 3CECDFCB
DA0B0C06 BBF09D1F 023ABAD7 8BF525A7
62841145 6316FF90 0E3E701E D8EEDFCB
DF4BD506 8B709F11 327BB2F3 1FF515BD
CA87476F AAD3AD18 FC7D6C62 CEFCCFE1
DC0BDD65 CB6AFF39 5262ACCF 0601BF25
CF9357AF A3920091 94FFE852 4EEC8FF3
DF7DC561 AB62DF3A 7253BEE1 45ED3637
6A920727 22977049 141F6036 C8EECDDB
DD5DD145 8F70FF32 5263AA93 B66D2FB1
4A935725 A2935001 B97D7C4B 7EA45D34
75A8C5A7 BEC0D18B 6E61A871 9B6B6AA7
EC4F62A7 F7BBEA16 39FD3A6B F3865F14
75E8A126 8BA8F589 8A2088B5 1763DB22
CDEF622E D6D95B82 0BDDFABB 76865D34
0DEC96A2 A6B8E58B 1A116894 1D681B2A
EC7F360F EDB9EA90 B83E2D7B 1C380930
4AB9568D B00BE9CA FAA82259 FA2E1047
E8429273 812B5B23 2C9E5DE9 640059F1
43B95E9E E10BE149 67FA1A91 1F61347A
E84380FB E90B4A42 395FCCD9 109039A0
09E81CD9 A03BAD69 63D80A11 49E931CE
EA66803B E13B5B06 48728FEA 58BC1821
010754F7 001BAC53 F3BA1148 B07D40DE
2868F0BB 832A46D5 48721F98 763418B3
01373CD6 048BCC53 E3EB5168 30782A58
6860E0BB EB2B4EF5 0852CFCC 78AC1828
85C534F7 048BCCCB EB9A1308 D07840D4
6860E093 C91B7FB5 DC1B7444 A1957CDB
E47F161E 7DDE8D53 AEC4979F 8E8D773B
D281EA88 3D4E1982 9E105469 A191F4EB
A57F160D 5D5ED727 A696EE9E 4A8937BF
DA89DE08 2DEEB152 7C90F445 C99774CB
E53F161B 74FED58B 88D4C697 CABDBBBB
418BE6B8 25D6F219 A61965E0 C181B4F9
7673D63F F91B555F AED7679A 2B8737AB
C685D600 084E3912 B70B5461 EB9774AD
647302BD 510BD13F 06C69E93 0E97B5E3
16919628 2004FB02 33B95465 678174AD
E573563B F8C2D5CD 16C4FAD7 4AA8AFE1
47858E00 20E73B50 369B45C0 A59560FF
767B0F3E F1B6557B 9255EF92 6AA3BF25
8E07D6B0 AD8E3112 B29B5565 EB8764B5
577A86BF 7886C55E 32C4D297 6AAD2761
868D9E38 248C3950 B29B5465 67C735BD
D452523B F886D55E 3E54DA17 4BAF2E63
C78F9C18 2DCA3950 856F9867 87FD06FB
CEF14833 4BEA0AB5 5C47A473 165147C9
AFF76CF5 0741A566 C76FA02B 85693EF3
E3F50B22 DF6F0395 781FB473 96412F49
2DF536CD 22C51502 E7EFD827 85D93EFA
AEF12916 4FE54195 58439C51 B665334B
6CF774D7 66511444 816FB5E6 C7FD0E79
8AF018F3 8FAA1A25 35ECBD13 5EB96779
AFF72CD7 232A1527 A0473727 C25A2EF9
ADF51B03 BF6302ED 579BA473 F7B5264D
EDF726FC 4B852506 87EFF566 85FC2E20
8EB05B77 EDEB60A5 3707BCD3 B6D12EFD
FEF7665D 630504C3 887FBF77 C6D74E71
8EED19B1 CDAF4885 550D9D53 36CD27B0
FFF76EFE 2B0B44A4 0A6FAF67 C6554EEB
07E51BB2 1DFD482D 15C0A073 B4F92E81
F77F6EFE 2B4E1565 CAEF3F66 87FD0C2D
C6B51B34 1DA7C1A5 1715B053 96E12EE1
F6F526DE 2B0605A5 E1796013 1E2EB749
7B8FF548 1F62BA06 E653EE57 7B8ACD25
450C058D D7F5B5C3 D089203A DBAF8711
FA17A5F9 3F60F0AE 4277AFE7 33A6DF91
470A865D F6B5B545 52892033 5ECAA785
79039169 4F68BAAA 4631AF83 7162DD15
C58E872D 16F597E2 C4A15011 162FE74D
F90A916C 2F6B3A2F DA57E65F 53829504
C94A879F 65D99163 F1314015 022F3741
690EA315 276DB82B DA158F17 73F2DCA4
DB4E929E D78BD16F 500910B3 0ABCB71D
790ED50D 4E60F9AA 5E65AE87 337EDD21
DD4A8775 DDE98173 4231D21B 171CA545
F802980C 3E6B9A20 DA53F756 583EDDA4
4D22C785 D7DB5249 C4105A0A 132FE70C
7D068004 7669EA71 FA576177 79B2D540
4D4D9F8D D5FB10C9 E0B01017 358DA745
7C4ED503 FE6AFB20 7A634947 3B36DCA5
4906CF01 75D94349 A36EE317 D6EC84F3
AA648914 8BE919A2 606036E0 F75F394F
C3E2609F 4F59DB55 D7BEC1BB D7B65EF1
FF648D35 8BA33982 67FC36E2 F26F71CB
CF5170D5 8F7B0204 A3AEE517 F3F60CF5
A92C0964 8FE87190 947FB5C6 F779334F
CF4022C1 AF594AD8 0BBAD49F 9AB90EFB
666C8171 1FEB8192 706C7EC0 7E7F6B5E
454820EF 4FF85B45 7F70D0DF F2F04EE7
68EE9155 3C285112 63E86785 FC4D10D7
AE5026A7 037841C3 0F3EC057 F6F8CCB1
A068195C 8FA03112 347F5F67 F669319E
7B4C727F 8B594BD9 97B67497 9EFC2CEB
286A9174 AB2B39A6 46790EE8 965D31DF
9F4AE0DF 0F7D181B 1E3A5417 DEF86CFB
A96E8170 1B2B18BE 64716EE9 B45F30DA
774632F5 2B759153 16B6D497 CEFC6CFB
AE6E1178 392131A6 40610EC4 765F30DB
1D462275 AB795999 13EF49BA 5EB29134
57887933 6E12632C FFB8B96B 53B24AB0
B4FE1FFF C237F4BD 726B98BA 5C891324
5E807005 221C6B24 C1A9896A 42324830
A0B65FFB D237E4B7 D1EB8BBE 11CA8534
548071A7 06274BAC 17BA8949 63DA5510
B0BC5DCB 1A3784F7 5168D89A 50A287AC
1F8531A7 0C149B29 6DA92968 133E4A94
B8F05F1F C231A314 73CAD1A8 5B678914
568072B5 0C4DBB2E E3B00DC8 76BA4F34
76B81FCF FE13A237 D1C93BBC 30E2DD24
50804187 0C184BA4 FD28AC48 7B7250B4
B2725DDF 561BA236 5862AB8A 78629526
1D841CC3 0C5F8B38 D9B9016E 197ACA8C
78F81A9F D232B7F5 53EB0988 78A2A9A6
1B846FC4 845CCBE0 B9A90C68 11DAD99C
FDF8120F 763BB3B4 D0430B8C 7062CB26
18856DC7 041B48E4 FDB89568 F75ACCD4
F1F8598F 421BB7A4 E8B1048B 37F70DDB
DF9D9F55 BE28D6AC F73B8CCB 8D5D5D84
E6C42107 059721A6 A3FBD80F B4E294D3
E85F3F45 9ADEFEAD 6B7AAC5B 25984FBE
A796059B 0657652A A7BD70B7 3EEEFE6B
BF603458 B6A2DABF 9123A4E6 252F5B2E
52871509 CCD75918 A28BAEA8 0EEBD5B9
5E9BFE6F 9DECD761 7F449FAF A54B3525
D781D05E 4475E107 B1E5D8AD 832BE15F
14DBA46F 7FD69EB1 CA5FFCF2 897B653D
C81A685D 04442977 A5965190 144989EB
C84DF640 B892D2BA A2639CB4 3FFEE92D
439BA969 849729FF 32B6ED20 0DF37583
DC0FD65B AF285190 73548DAA 027F3FAD
46959441 7E27B59B 7E3EFD4A 0E474D3B
1D5E6E5F 7DF5DA50 EB6E0FC6 A8F4B82F
EF93F454 4F1718B7 3EF0960F 2C42AD4B
FF456F6B 94E3F9EA A64370D6 BD9FEC6F
A819F861 97116DB7 DE16F388 F434D9AF
586AE7CA A214B6E9 812855A2 EB2AB87D
9B91436B F80AFA1C 4A0FE388 BE7599AA
58E877CF 221D9FE9 A1AA5D86 C3AAB878
0AB19F5D CA0AFB1D 7F36C088 DE34D98E
DAEEFEC9 A21C9EE9 813971A6 C9EBB360
5A914B39 AA0AFB1D AF8FF188 E864996A
18EDA6E4 A2D8E9F1 81F974A7 7B84B97C
81D15749 504F6ADE 8E4BE0C4 E643992B
1A7CA3E4 B0B9B5F1 A3BA0706 FEB5B978
00D5BF4D 910FBD9D AE3EE2C1 9A22D94B
52E4ECCE A31D0DF9 813BD5A6 52ABF9BC
88D15B6D BD23BF9C 8A0BF3A4 EC22B9AF
13E5A666 829CE5F5 B1B964AE F2B4A0FF
18CBF36D FF5EFA1A AE0BF2CC EC2AB98A
D3E92B8E B1B5EDF0 B9A984B6 F2352D6E
1AF7A379 DB7E2ED8 2FBFF089 EE20B988
52E16A8A 939D9DFD A9B945AE DBB3B96E
98CB33F9 9D357B5A B69D7031 7A06FF45
B2ADE57C 933AEBCC B221C024 F1C6DF16
E64C920F EFB91E18 C79818B1 3A273D05
BA83EF4C 89306978 9339A001 9162D90E
D48E8324 FFF95F08 D79D50B3 7E2FB587
F2ACA56E 83749F48 1239E505 5143990F
FD8E932C 5DF9DB48 261C72B0 DAAE7972
F7FCFBAE BC590E5E B6933809 01C61FDF
F82FD0A2 67F84AA1 F698D973 ECE25402
E2DEC788 FD574CF6 9CA36208 01C7275E
D60D9142 27E00CAB 1E1C18B0 FEA97D15
A37EB1CA FF4E3F74 1CA14A09 41C3FB9A
72048148 25F099E9 5A798BA8 14EAEF04
5D8C578A C4DBEB08 DA96934B 90D88A8C
6930418A 85A0A5C1 7E798BE8 D4EA7792
04BC45E3 E44EEB08 DA86332B 00D49A36
6A31BD3A 05A8A5E0 58F189EC 70C9F512
0D9ED4CB C64EEA18 3A96D04B 20DCDAB0
6B318502 04AAB651 AAEBFD7F D5ACDAF4
07FC3185 CD4A6116 675D8969 FE9963EB
ED5D7AC3 1220C116 EE2AB977 C57790D4
45D0E086 C9D43116 2A5B8175 2E9B6B41
AD5D39C1 B27CC202 ABEAAD77 C7CD1CE4
C6D46824 CBE60904 81DA8975 7ACC4141
ED7D7C6B 22388506 2E2FDF4A B4884EF1
4FF95982 CAB0E194 3781883A 66CD3B81
FEF71843 B2789E86 AE27D4F6 255928EA
05D57A26 D9FB0570 33F38209 0EDC2B51
CFE32815 26788AC4 AAEFDE64 E6C8286C
CFBC2AA6 CDF26914 3390880F 94CDBB7B
ECE53C6B 25189A04 70EB8C6A 54DECEE9
CF9D51F3 CCEBE900 7D9C990A 17D94AA8
7FF03C9B 230A3D85 244B8F1C C6DE4CEB
859D51F2 CCFBC800 3F0CB81B 35D90201
E8F5AC1B 251A1684 784B8F6C 52CFAC20
859551F7 8CCBE900 3794BE4B 36F82B30
EFF12CBA 230A1DC5 9368A753 902F14CC
3090771A 51DD9C24 9E0FFDEF D8BA0D59
5534B678 A4EAAAC5 B186B616 B40BF7DC
22B0FA3A 75DD9834 3E4FF8EF D027FFFD
94B4BE7D 743FB845 9368C633 B183F7DC
B218BE3A 71F51014 2A4678E7 502AD4C1
CD867FC1 767659CD FD283213 C0E67246
7B24A506 57703956 FA4B05ED B05B254B
DC6CDA70 EFF2924C FD68DA33 EDB45557
EA20E636 777A0CD6 DAC82947 115BF3EF
D9EB4C5C 1F77F044 FFE0FA33 AD8E5746
EA222607 50D63556 9AC1A8C7 8137F1E9
DD2A04CD 4D7CCA50 FDA9115B 91F08041
6A20F314 D7721E12 FAF66ECC 0317FDCF
490000A3 0AF09719 9D380357 B4C0D442
6E00A61C 51C63692 EAF37EC8 9317F99F
5B035183 4EF08E19 5430931E B8EA85D0
EC02245D D1C67892 AAD32A00 231BFE5F
49024505 4EF0CB1A 736AD782 5E7F871D
D59C713C 8F3883A6 E485E5EE FAF789B0
1B2C5D3F 6AE8BDEF 12A80582 6E2ED72D
F50A771D 0D89C5AD E294D70A DBD7E91E
7B2A5753 6ACD94BB 52287596 7FCED72D
F62C650F 8C2453AC 34259702 FB75F916
1A2E957B 1BCF0DBA 32691312 5FEB8799
F50FEF2D 1E8097A4 F43B8D67 7F7689A2
BF980F65 D36D64F4 37685712 778A878C
B2052D10 412955EE E8A3BDCE BB22F936
BD060B6F D3FFF4EC A26C55F7 7F42875F
D391E563 044612AD F421ADEE BF82FD26
159E956D 1ABD64FE 33894323 5BEBB74C
BB9D0B2F 942E51E6 74A18D67 5FE2DB92
B5BC1DD7 DBC15646 37894931 5B7BE74C
BB8DADEA DD6D51AC 7CB3EDF6 7FC65D22
BDBC4BD7 F1F955C5 93890333 77C3A78E
3B95ADCA 8F6D51B4 7CA3CDA6 5FC65996
95BC0F57 71F9576C 97AD8433 D2FE4DC9
EE359B17 D56A18A2 7E42AFE3 AF7F6F0B
C7ECF6D7 C7F150D3 77ADE433 D7EA3DCF
EE21AD0C 516350A2 6049ACE5 A76E7F9B
AFEE16FF CFDD5092 1748DC73 DFEBDDEF
FD45B53D 47EA50A6 7471BEC0 A74E7D9B
C7E674E7 E7D554C2 7F3B0637 D4F31FCF
EE0983D2 C7721EAA 7472AF81 A73F6F12
CFE6D6F7 CFC8519A 7782FD13 96760D4B
1929E719 8727448A 5062CF81 078B7712
EFFA56E7 EFD95290 370A4C3B D5FA8DEF
9D49857D 466254A6 3C61FF01 B73E7C97
EF7A26C5 69AD5008 768ADF37 90F3DDE1
6E5D1BF6 C7263BAA 5C708F81 97A77F1B
E7E6D6E7 EFE850AB DEC06F13 18F32D60
7E65D3F5 836737A2 7870CBC1 16AA57C1
AF4C4FD7 CAE144AA 76824913 9CFB6DBA
CC419355 6E277326 7E63BA41 97687581
A75E06EF 6FA2408B EC1C7088 39271156
D00AD76D 320CFF6F C2BB79A7 6DAEF03D
D31AD32D DCBCEB1A F8187888 1A2711D8
F00ED74F 3204FFFB 46EA65EC 7E9A93BC
8B14C90D DC626B4B 7C30F88A C3271315
7826D4EC A6149E6E C3FB61A6 69A2B32D
4B0A970D DCFAF318 BE907889 7F279114
3027F78E B8407B5B E2AB31A7 6BCEF195
D89B51AC D6FC6A58 982258A1 6FA7B9DD
7037C70C 334CDF7B E2BA022D 2B67B376
0903E12C DF62AB5F 9E905009 0B26FB91
F202D7CC B27DDD79 C1EB67A6 79B7B3CF
4983119F DC756B1B 6E9070A8 2F22B1C6
7339A70E AB0055FB 90E358AD 69D2F97F
0183D1A9 FF7C3A09 AE10C2AD 6D23F3D2
723FE72E 92000DDF 98AB28AF 6F96786A
0912D3A0 DD7CFA0B AE307009 692A71D2
5237E16A FA1CEDF9 F8AB49A6 49B6EBFF
09830195 DD797B1B 0C72BE0E 2AFD82FB
8FE70B30 1B758AB5 45392041 30753507
B6F52427 B71BC810 CCF61E1F 7AFDCAEB
87D70934 0B71AF37 33693051 147C3745
EDD5023F F709CB84 0C3E6C1D FAFDAFEB
8A8F0B02 9B61CF37 A1697045 387507C2
FCD54347 1F19FB22 647E7E53 AEFD00A9
04CF0906 1B7BB4B1 714A2448 7451B54C
BFD322DC E713D081 C017761E 2AF51AAD
067B0B16 0B7B8EF9 BB6932E0 145031CD
EED07A94 3754D649 88127E1F EEBD4AF4
8E3F0BE2 1A0F8E79 B7691223 B85433CD
A4D1709D CF145A80 0C3674D7 2FE400BB
884F4F34 0B31A6FD 41094018 7049A1CE
361B627F EF324031 4C3EF45F 2EB548A9
827FC98C 8A61B6FC 51593412 7445A44D
AB837355 2F3140A9 ECBE7E57 2EBD4AB9
8AEF8B94 1A218674 F7291452 3055F34F
248232D5 8F597CB1 6AF1FA27 5F3D5E83
4FAF5922 BF6C934D 64719B7F 8A458EA3
B2FF57AE 550DB22A AA3B7A07 777DC29E
53974D03 BF6CE75D 644172FF AA47F6E2
F2DF55BE 9701A368 A27B3AAF 7E7DEAC3
5FEF4183 AA2807CD 2571FA93 AB4334A6
B6D3D727 976123B9 6BFF6A24 332FCFB1
558BD902 3F388F1D 35718D7E 3A252EA5
CFBF57BE F207BC7B C27F6A23 763FC7E2
5D8BB983 3B7CBF05 7150FAF7 DAC51F31
FE9F17BC 10673AD9 02FF68AF 645F5FDA
9B8BDB01 1A6CAF4D 1571D5B6 E9C07EA4
F69F9726 9047A749 4757FA20 6A2F9DFD
D99B9927 2E61C771 7502BD3F FD462F25
FEB7577E 52037DA9 42576A28 622FCDB8
989BDA83 320CCE30 FF20BD36 EFE57765
EEDF4BDE 80027DA9 63D76AAE 426DFDFD
9B97DB63 062C4F75 1D31F536 EDCC66F9
E69353F6 B29F7568 3342E59B BCA2453C
D384267C 009A38CE C3806BC8 C5DEF8DA
AC48B843 CB32DCF7 F3428D9B BAE07F34
158C8ED9 409659CA D3A26988 43DEF84A
A54828AB EB345CD4 D1CBC593 F8E20F34
C0CCACFC 049370CA A3BA6B48 17FED9CA
25686AEB EB37D456 39422493 B9A24435
CA8037F5 821B258A C3A88284 D55AD8CA
A84AFA63 4FB8D5E7 BBC23792 37226D1C
08BC473E 80B309EA CBC12388 C75AD98A
B74EDE07 EBB955AE 93C2CF93 36E00F3C
818824F9 C0B770A2 E3A12388 877AD1CA
B36A62CF EAA9573E BB4A399B B8280C3E
83C52FD9 821705E2 8BB98300 BBDE598A
BA4A9A6F 6B61C75F BF4A699B BC285D2D
83C82F49 407B0DA2 ABB14780 915AFD8E
BD4EA04F 6FA1DDAE DB4ACB92 3060192C
E2C026CA 44BB00E6 ABA85588 9B7FF98A
B14C608F 6A30DE76 4906AFFE 075968A2
06D83293 680F2259 5DEA0B18 983546EA
A973BCFE A10665EF 29C22FEC 56796AA8
07FA12D3 78162055 6FCB7B15 1C1506C0
A178ACA6 610E246F A94767FC 01198AB8
05D85AB7 F82D404F 2DD21874 AE3C06F0
206BBCC4 710A64AF 8956ACC6 2B7DA2B4
02C27A65 5E0946E5 7D6BF93C 1A0C45F0
BB7B1EF6 5912E06C 0943B6A4 D17D0892
43C37A55 032670ED 29FB1D76 6C1017E0
A8FA8EC6 7976647F A94FB7EC 431CCAE8
40635AB5 2911C0FD F5CA3C74 6E944654
A06AE4C6 7155E06F 2B96B6E5 2B5720AA
06F37A15 898500DD 25F94136 6E600460
B4EB0C54 780BE04E 2BDFA6AC 631F80AE
02DB7A14 29155469 45F8F536 6C4213E0
92FFE476 714EBA0E AFC6B7E1 473D4AAE
42FA3A94 6995A46D C5DDF57E FC17026A
B2E76456 F168208F 789D48E5 79817B1E
DBD7B5EA E20AF67D 8DAD0AF4 8D45C4BE
32CFC3A2 9477AAE3 F43928AD 48A55516
5727666A A602B6FD A4CB3EFD 8913860E
B2CEC3B2 9D55B042 583950A1 7DB71256
7F8B14CE B7BA86EF 24CDBEFD 81939EAE
32CE8BBA 9C74B0B2 13934CA4 24014B0E
DF9DFEAA E057F67B 8D59628E 8980C086
9E0C833A 70667DAB 11174D88 5105575C
B5A1F6EA B6428EF5 F745D317 89CFE404
872FC99A F84BEB19 52B14C89 69355450
1FBBDC6D B61A97FD B961F679 C9CAD202
FAAC859E D874723B 4B036AA8 64031F1C
5197EEEB 1651E778 9120C136 A9C8E8BC
EEBF815A 707EF3A9 51916980 61023D84
D197CEEB 565FAED8 BB21F13E E9CAE334
CEA1C14E 95AE73A9 37B348A8 3123110F
9997EEAF 961EAE78 99B1D13E E9CCCA20
FEBDC556 953EF3B9 80BC5C9A 9AAC86E1
FA0ABC70 0F32F82A 5B70B7C8 737B6D0F
5BE0B017 6FD199C1 983C0E1A 3E26CFA1
FF03FF79 1FA1C8A8 7A660E82 717B6C99
5A407027 EFB91211 98BC4CFE 1CE4CFD5
CD0EBB34 8A68D82E B2630D40 F57F6C83
DA602267 CFB90A51 B87E845B 9CA086E1
AB0C6396 972518AA 5A7A36A9 507BE81D
57E2A087 67CB89D1 30BDB65F 2ED3AF8E
E4462616 5705D0BA 9A370481 D179061D
DB626063 AFDB09D0 B0B94CFE 08E38FAC
8D07A31C 0EB1D03A 3A7A1400 F5796C1F
1EE0AAC1 AFCA0111 B8705417 9CF484E9
2A410296 5F2239BA D2A21681 105BEB1F
09C0F0A7 EFFBC8D0 BCB8D4B7 0CF4CD08
EB73065E 1F2271BE 82623681 12118D1F
0D8AB281 EFC4C8D0 B9B8D4D7 0CF5CD88
ED56055D CDA3711A A2732680 107D2F8F
0982F205 AFD0C8D1 F5E1997B ED465344
B3FDAC0F 7CBD3CF6 B88FEFC6 433601C9
988CDC80 9BE6C27F F56D986B AD071154
B9C12C1E 7EDD54E0 988DCDC7 433293E9
99881EA1 99F48C2F F7C5903B A9075355
B0D3283E 74D554D6 388FCEC7 433291F9
952E0C98 DB75D87E 7549098B A9465145
F376AA7E F89435C7 B88DEDEE 4937610F
B1E6DE41 DFFC9B77 758B299B CB03F355
7362E25E CF9778C1 8885CACA 43377389
1F9554E1 3F3FDBB7 51059903 89005357
B09229DC 7C975DC4 A8BC81CF 419370BD
338E4E89 DF75EB7E 36090923 A90B50C4
B3748A2E F29515D6 88AD6134 7BB3D0DF
180C1C41 D9FDCB17 B2AB2803 AF035355
F3B3A37C E187C5D7 80BD59B6 5B91F3BE
11851C49 DB74A397 94090203 E1017345
F2F72ACC F9D745D7 80F9419E 0BB2D5AF
13AE4EF9 5B7D4B74 5A910A98 38827114
159DAECD 205FF67A DBB37110 D142DC24
E00C9398 D0B6F7E1 789118F8 7C0B7906
1ED7B4EB 305F8EFB 993249BE 0996D674
A01ED3D8 54BE7661 72D11A90 30036316
5593F4CB 701EAE79 9BA361F9 E1AADCB8
A4BC93E6 44B636E1 9DC10BB8 701BAF1C
5D81A6EC 705786FA FA06208D 5D82C6A6
A13C8108 D0B23441 7C503AF4 300BE107
5083C6EE 681746BA 9AA28009 5524DDA7
E438CFA2 64E697C0 395D1AC0 308B7516
59C346AD 740CC6F8 18B32D19 41B9D634
A03E8916 64AAE0C0 DCC9881C 3052B71A
5C936688 54528A38 FB16320A 9928DEA4
6938950B E482B5E1 B8488B48 30C28315
498366C3 56568AA0 FA06384F 1808DF26
6FB09723 4486A562 F05988C8 304BF516
5C93E6E5 4656CAA8 D8B2730B 393CC4B4
6130CD82 4486A560 AC7BB865 6D1C2A43
4B670DA6 39EA1DD5 A89F8A9C E75587AF
E5CDC230 3DE96A20 6CC95865 6D11B243
222D02C7 BB727747 80DF0E95 4251A78F
8BC20A1A 1F61E238 2ED17A2C CD1C7252
46EF4E81 7BF7EDD5 189F8A95 025387BF
AFCF0818 1564E279 0C352244 EC5DFBD3
47D37EC2 CBE7875D 8D09D23A 1B5D976F
4FE99728 3DEC6600 081E2E6C 7919A8F3
0FB34F82 DAE6CFD9 1F08329A 328584E7
EEA7C600 35E02A57 2E5D2044 8C1F22DA
8FFF4F04 FBFFAD55 091FF3B7 98950E27
EEA780BA 348C6352 06BB2B40 644EDBE9
85835FE2 0EE9CF51 7D16F01E 3A81273D
6EB34798 250F21B1 44DB204C E0DD4AAB
1D9F5983 2EC9CB55 3D07D03B 7AA40635
E631D510 059B2111 6CD32048 C25D383B
95B75CB3 1EF9EF15 1907F1F2 7A8C2E31
EEB18590 119F26D1 185F4DAA 72369925
5E88B7FD 2652AB69 ABA88008 19EE5AA4
F8F04377 C20737B1 18DFDCE8 72A4AB08
56BDF47C A6DACC69 833CA898 120C5ABC
E8D4453B EA032CE2 38DFDC88 72468D00
5589D6CF 021AEF2D 93B09109 71CE4CBC
ECE0D5F7 AA077D36 4852528E 30E6CB2D
1D052DCF 045A8369 AB281400 316CD895
BED0510F DB13E791 C976FC8C 6E6EBBAD
9004EDFD 0B1AA4E9 A3302DA0 B17E4D0D
BCCCD34A DF03E370 B9D8F8CC 2A26F910
9081C6E7 061AEC68 C320B8A4 79CE4C30
FCD0FD6B EE1FC474 48C2AA18 78268135
99872FC9 065BA270 FBAA5000 B17ACDCC
70F8518D C612B6F1 49F6C98C 7A6ED935
9ACBEFC8 0453E6F8 FB3A5408 F17ADC5C
30E8B39D E617ED35 48538B88 7A2EE916
98836EC5 045BCEE8 DB2A5100 B15AC41C
70F8F197 C612F7F4 E8D6BFDD 7C006820
26AE64D8 3A4A655B C78A1351 F80C906E
A8083039 A93CE276 A8729FFC 3E314230
2BE84C74 F83BF8D8 8EDF125A 700C806C
284A303F 0939EBCE 68708FDD 7A104030
41BE2CEA 78BB81DD E78E435A 481983EE
2848A818 8DF8FBFC D816BCC9 37082882
27B324AA 38DF407E C2DF1210 B00000DC
2808F2B0 245D3B73 28559D58 10016281
08FB3CF8 7C8FC27F CE8F5A99 E8884ACC
680EB7E1 602F2F7F 08D485E8 42134008
407F2E9B F09788DF E79E06BA 58B38ACE
680690BA 857D08F9 489034DD 7780E208
27B5069B 3C8B865F C2BE6251 D818C0E6
3068F8B8 145A27E5 4B183598 7385420C
04BB2499 388BC059 C28C72DB E91E4062
A868EA98 D80126EF 4990B719 77934218
6196089B 30A3825B E38C575D 5836C076
3828E890 D0792D65 E89E7C7D 56996EBB
6C1B52F2 F16A722B 4E722691 BE6D7EB2
42C3E2B6 05189102 EC1E7EF9 04996CA9
AC3F179A F92AF30A 6F672589 CE492CA2
4A52B2FE 0D8C0012 681A70BB 14FB4CEA
6C3F175E B82B328B 47439C19 AEED3E26
0241F24E E5920003 4A1C4C71 109564A9
EC1B525F BD06DA0B 4662369B 045D1A22
4643F6BE A40C4802 78B85CFB 1290CCF2
7C3B5C1B B922936B 6667AAB9 7C253E72
4E47E2B7 2CB44012 69BAFCB1 5FD6CCE0
4D7DDE50 BC2B12AF 4657A611 0C8D0F2A
4E47F4DD 0CA52413 A91755D5 15910CBB
6E5F121C BD16000B 44760793 AC391E62
CB46E694 AC0D0903 699654FD 5191EC3B
4C7F1651 B40AF22B 4E470B51 4C0F3E60
8C44E3B8 0C054909 381E7CF0 4DDF0CFA
4C6F1255 3102102F 46570E91 CC890FA2
CF47F49C AC851911 60F83617 1AAF46DB
BD261136 5F6EBB17 6AC397FF 5E734707
D9A07485 CFD9D050 41782D17 1AEE66D3
B9264320 5F6FBA96 62F35C87 7D7F5595
C9B9040D 4ED0D758 41B87217 5ADE0FC7
BC06D160 9F6A1312 6662E287 FD507707
C1815701 3EF8AB59 30781637 0BFD86CF
6E2C5196 DF6F9B14 4E43337D 3CD33717
E351443F 8F890843 F4702035 09DBE6AB
AD2E411B DF618F97 4AE252F3 7FD70B5A
63812514 0EF0FCD8 54980737 59C8C6D9
2F565348 8F60D315 66717BA3 75D163A6
5D4A6391 BEF5BA09 F2781413 0BFDA1CB
EA2AD116 DD295B96 4C7316ED 44913B47
09472495 6FD812C2 F2B84517 5DF9A3DB
E87881B6 EB25D016 465302A9 04D1B356
A3074D2D 3ECC1042 F69C1417 59FFA693
6E7E015A FB2013BE 64510AC1 24752052
29472725 FFD91848 A7B94213 1F8FA7D7
BBA3AB2E 536EBB7C 7801CCB7 B122D507
F79607E5 D790C161 A5080033 568B6FD7
BAC38F2E 5B6DBB5C 5C05A4B7 A1225503
E7B6EEC4 D790F741 A5181233 7C8B2FD7
BA09892A 5F6DA256 74358495 B5265507
87E653E5 D7D4D743 D60D0815 8D0A31C5
3FDD0D26 75645FD6 78D3C7A4 648ED751
E7CCC035 E7D02766 14810960 8D1A29A0
CB588EC6 CD4477F4 1AABC83D 4C85DFC9
ACD8B01F F4E1A266 B6091869 8C3AB091
6ADAABE6 DD543FF0 F883803D 4D83D5C9
EC9E586E 75F3DE4A 1CF5DBFD 8504B077
EEBA22B2 80992444 A8810228 61EE9ADA
604CB27E 03E80A62 FAC698F6 8078D826
EA3C2680 C0947CE0 A8D34929 85C9B259
E841323A 03CB2BB2 FAC79A22 AE3C5851
2ACE22A0 C8947CF0 29C3212D CCCDB2D8
A8DA30BA 87CA0AA9 972944A2 F0229DB5
DC05D769 06481FA8 7BF0AFAA C7FAFA24
C3B6C54F CA438919 934040A6 7060DD15
D14DD7ED C2004E0D FBF2A6AA 57CAFA32
D7BC5F07 EAE3F918 530B48A3 30648D85
D80CF757 C3201F6A 7FB18EAA C74EF834
C7A8171F EA869C5D CFC96800 1422ADE7
5A51F6ED DE1C0A89 5BA0AEA2 77CAFE24
CE87D747 FEE78F1A FEC062A8 3063BDA3
585B6DEF D2399B41 FB71E62A 474AFE31
C7924505 69A07BC8 B7CB70AA 3466ADD6
585F5549 CE107E29 7B608A2A 670AFC2B
C7A653EF EAA3DF4A D687602A 386A7DE7
59D9EF6E C3144FA1 CAA28EA6 67AEFB34
C68351CF FF238B18 D7176182 306AFDE7
DB597C40 D2194F61 FB228CA6 676EFD7A
C68153C7 D681FF98 368F708A 706AFDC6
DA5BFF67 C6593B21 7B730DA2 47EAFDE5
C691114F FEA2CB1B 681018E5 7B07E10E
35F78EDC 9253855E 840B7174 D904D04E
0008A164 F52C13EA 49103CC1 7A24F11E
F9B6AEDC 5692C5DE 865A72B4 1906D046
880ED544 594D4BEA 69901601 7B27B31F
7A97AEDE 1290C479 C2B2537C 1912C0E6
480AC1A0 5D6DFBFB C92A51B7 7B8F610E
B335071E 815311D6 44F96505 9C9E11D2
3AB8794E 5339562C A90A90B7 7F2C29CE
31D38F9C 0D72A056 16BA506D BD5CC1FA
90A8A85C FB58C7F6 E7110601 7D0C33CC
3292AEDC DAB2A5DC 70EB417D 9906D142
282EC188 1D7977F8 AB0A53B5 7FD7002B
F7340316 D1639156 05C9E319 BC982152
184CEA2C 79785547 AA0B06B7 1CD5118D
B62003D6 941A8312 1CDBA715 281D7043
030CEC3F 3378A504 4A880371 7F94118C
B3F10FDC C6B4C5DE 94EB4015 3914D14F
2B2A80BB 195815C8 FA6ECDEE 91F04C20
446C34D5 C4986082 0BC42DC0 4698AAB8
4B306853 82220C9E 5A6ECDCF C1F0CC24
457474D7 C48A7986 D3DE09EA 4618BA78
487A6013 AA12049C FAAECDE7 C0D00C34
856450D7 E492398A 73FE0D2A 46F8F8F8
0838707B A20B049C EB66FCC4 80F04C22
C5E8F4D1 2288710A 0BA2AFC8 C7A87A68
C2242D53 8A631F96 1F6EA7A7 F10C786C
11E41C73 E78A5102 25947B4A 5488DB08
C0846521 B6675C1F 1B8FA7EC A3564D1E
117070CB 009A3963 D3A6496E DFEE8931
908B32ED E2B3088F FB67E78E C0E0CC2E
45DC7551 74D8A62B A13E9FA2 D67DCA89
53C0BA0B 8E03DD3F 4B86FFAC 0744B82C
91FE5C49 3CC1304B 8BBE5E00 D58CCC85
D6C8A108 E203D83F 1B8FE78C C242AB2C
11D0FEEB 24FD3CCB A3A64FA8 D7FE9910
11E068C9 EA239E9F 1C9140E4 2104B54F
ED13FE4F 33F09E5D A857E4B7 A1C5B537
4283D7A8 14C7AEC9 1EB56244 2906F75B
B51BCE4F 5271A65D 8197D5BE CCCBFCBD
5307C7A0 5CEEEF19 3E354240 2934765B
BF5BFE4C F05CBE5D B857D5FF C989FE3F
5A83C0F0 14C6FE58 8A9D4A04 29013FC3
DF8BE7CB 33C48419 B0F6F093 AAE4B7AF
4AA7934C 7CE6E678 AA9542C4 6753564F
F2C7EF4E BB4D9694 D870D7B6 8B70ECBE
CB85C578 5CCEA738 1EBD6240 3F2276DB
DB67CE0D F378FF9C D941F5D3 8B8DBFAF
CA879518 2CC6E738 B6194020 E4017FCF
5C5BF64E F702BF99 BA74DC9E 4B83FF3D
C7A7D742 7CCE31B8 0F994020 21035FDF
DCCBCF22 F950F31A B055B6B6 0B88E4AF
C6A7C76A 7CAEF05A 36994040 3D43FDDF
DC5FD66D BE70BF1C B071ABB2 4BABEEBD
C6879760 7C86601B 589CE8DC 6400F98A
623ED6C2 F7927728 AAC6429E 0E28C626
580B9638 3CE5339A 183C78FC 31C08C1A
602FF6C6 F772BA48 B2443A08 2A49C4AF
CA0BCF38 9EE3B218 381CE971 0400804B
603AD6E7 B632BE48 22D43B3F 6A19A6B6
5A0B841A CCE32A0A B894D5CC 4182301E
0037B012 FC9AE43B EE1F735E 6AB804FB
4881A438 B0E66A03 1824FC5C 45D331DC
0A7F54F9 F4D29C0C CA162A3C 4A990AD0
C407E4F8 B4E20A4B 5A54BC38 2591B150
247B74B9 D4DBFC0B 8AD6493C 4AB88670
480FAC98 D4AA22A2 50E4A7EC 4193901C
6396B0B9 F4D8E613 FEDE73FF 88BC04E2
48111CB8 B02A32E5 DA6DEF6C C793725C
35F6D891 F49A8D13 9E1E39F5 48B880F1
0811FC92 908A32E4 2A71B26C E58390D8
74177C93 F4D7DA19 D6D63BFD C8BC86F0
0811EDBA 90A9B2ED 538ED3DD E0A29C20
D87CAE9D 049B3042 13B84DC0 C79AF058
5F0A3552 2A625E1E F307C18B CD823C26
5218BEAD C49B1CC6 73B86988 859AF15A
0C3AF8B8 C24ACD0E 538FC1EB CFD2DC2D
913CBC5D C49038C6 59984D08 07AAB958
5D0A2A7D EA0A4E0E 72E6F9FA C4701C32
20756691 489B3882 09AC2FE0 A7BA72DA
79487963 8A6BCA1C BAC28ACF CC231C32
426138B5 A08D48EA 79AA0DCC A69B535A
B7767863 EA7A939E F36FCBFA FE795C30
C26C0845 A19118A0 D1BC3C08 87DABB4A
35782873 E328C3AF CB6EFBCA B4789C72
C46866D3 80916CAA A1AC0ECA A65C9A88
5301796B BE7A8A9F 6A668FEA B460DC32
464CC4D7 87904E88 838D4AC8 8658BAC8
51113963 A60F8F1F EAEECFCE 9668D8F2
006C60D5 C3901DAA A1CE6F6E 867D9ACA
63512063 AE39891F 8D946445 2B5DB3DB
28FF6FCA F3A1D4FD 807956BE AD65717F
12C1835C FD4D0A4A 2C3D76A9 2F35F2CB
0BFB037E F4B0C5FD A0695676 A879607F
1AC3800C 5D4DB1CA 2C307441 4B3F9BCA
1B3B2B7E BBB9E5FD 806B74F7 B83302EE
18C3E6D0 DD5C7B5B 251F5695 6B0172CB
0A654BFE E22378DF 007B4435 2D8541DF
128FF454 597D0A6B 993854E7 A915F9C1
1AF32BD2 7832A1DD 94FB7632 A83140DE
1893E444 5D7C58EB EDBA5463 6D107AC0
3A6FAB50 BBB3B47D 9E7F5676 7D11705E
1CB6BC30 9774FBFB A41C5455 6F0560C3
226D8A32 BB2B50D6 10E964BD ECA5015F
188FE245 7FFC0E69 203C5437 A9154ACB
A3692F3C ABBA70FF B4FBA69D CC3500DE
1883765F 5DE50FF9 2E9C5433 4D350AC9
A2292F3C FBB1D5FF 50EB4215 4C33105B
1D8F225D DF755FD8 4EF958E5 29D17B1E
CFD74CE3 E4CAE5CD A92FFABF 80450CBE
37CDC490 13E5A222 7E791AE5 64D159D6
8AE62AD3 CFD275DD B11EDA35 2115843F
227FCBB2 53E7E4AC 1E1978E4 7465BB9F
D356DFCE 161AD4CD B5FCFA2F 81C79C2E
32EDD54A 156764BA 4A1540E4 24213F9A
CD1BD8F3 EE513665 B54466FE 91C4C896
729B81AE 10A7B5AB 33D007ED 223D8716
9D9AB8F0 8E52CE4D A78EEA2E E151DC14
72B483AA 90EAFCBA 391D03AC D1071E1F
9103FFE9 261A8ECD B537FF2F 89CAFCB4
36BD4726 D0E6F49C 431368A0 62039F0D
DD9FFE23 F650CEE9 B542C9AE C964ABA0
CE93476E 5507E2A9 4D0268A0 A707ED4D
FC9FFF67 46108AC8 D562DF2E 89C6EEA2
C684D7C4 F5AFE2AA 65936AA0 7067CD1F
D9DFDEE7 06188AC8 3521CF2E 29CADAA4
D6B5C1D6 F5AFE2AA CAAE8FDE 84F05860
44787495 E4C92D02 A9BC1FD0 8698BB79
49337C5B 0A5AD49C DEE6DFCF 84D05C70
C67C6097 E4C35882 19DC3F78 C639ABD9
59296879 0A4B5E9C DA6ECFCF 84D0DC78
816C6415 E4D35BA2 3B8A2F48 C69DA2F9
59392259 EA0B4C1F CAA6D7CE 8470C878
457C7481 AED92C00 99FE3FC0 87BDAB69
5133491B 2A6AC59C 0626A7EE 84D39833
C5797475 EA820E80 ABEE5E46 C7BCAFAD
4A290F13 E05B4F8F 5AAEC7EE C0D2983A
61787EDF A4D34A81 9B4E3F6A 86FDAAAD
4D29386B 621AC61F 0A66F7EA A470D8BC
047274D9 24DC8C83 AB3C5FCB C63D9249
430398FB 224AED9D 2B2EF7CE C2F398B3
55587C93 2891CE43 834E7FC2 863DAB8C
52202DAA 621E9D1F 0B2FEFEF 80520CF2
417E7E9B 24932A43 8B0C3FEA 967C8E8D
510908A0 E21A8C1F CEA9E944 C90CC7C1
F907F4B6 77721F16 CAD6B7EA 5A1CFF2D
5B1105E9 BEC621D8 CE98CC47 C10E87CB
F846C677 5FC2BF56 6ACE97D3 4B99B785
4D93D5A9 9EC671CC 6C98F806 E15C47C1
FC06D063 DF4EFF16 6A55A797 8E98A58D
491315AC FCD63718 B5AC49F0 CA6EED49
7B05F144 5F207A21 6A87AFDE 4AA1BCBC
47130389 90C2339A 36584934 818681B9
DB70D405 5E44BAC6 6C5E37EB A234E4A9
4751F781 90C7330B C59A2010 81DAA491
7A75C411 3E4C3BA3 48CD6E30 E6BCAC39
491B671F A0CEB618 8DFD71F8 846CBD42
5E0AD101 FB007209 DAF6BEEE C62D7EB5
478317A3 B683AA91 31FC7938 85A6ADD0
5808D421 4C0072A9 BA56CAEF AEA08FBD
4F0317A1 B28ABF1B 711FF098 91C6DDD3
5D3CD463 6F6A1A89 7247AA63 2EAC2DA7
4B834527 B28BB21A 11028490 C61A7C55
BC88FAD5 19F86E22 5626758E F0224144
2614A95C CC964BE5 150E86DA 100A7C3D
BF9CF875 10854A22 5206158A 70A448D4
F61E91D4 2E9F003D E1C607FC 830BE474
B1DFFB5D 1C85F236 D687B5C2 F006409D
259CF9BC 5D178C5D F9208351 4FDAE254
729260F5 75B43B2E 469E5C35 1F3311E1
154CFCC4 EFD4E170 D575A43A C66BF70E
6A30DDCE 682471AC C6D75CF5 7622A1A8
274EBA04 5FD68868 C1C0B4DC 818BB3B4
707BB3E8 3185D0BE 46AE4E3A 6516C190
8380B865 7CE0C838 B39C1437 1B89229E
2220811A FB265156 46DB66B5 4C3BD552
110CF8C4 ECE89B4A 71AC1516 1D89A7D6
6A3087BD F9245196 64FA0255 4F23C5C2
1702ACE4 D8E8985A F3A815B3 199AA3DE
6270B118 F92691DA 46EA46FD 4D33D5CA
0146AA49 DDE0994A 0BC6B7FC 131968AC
04BA7B90 A8B36279 55683A18 6E950C70
A777FC1A 200EA4E6 8B5603FC 3119EC3A
47981B0B AC134879 7F401B11 6EA94EF0
A67C98B6 603EBE77 ABC627FC 1319E838
07F97A81 B806436D 75C03039 EE950AD0
A665BC02 6049ACE7 CB7EA7F6 17D968BE
04F97A10 29310679 6DDD1E1A CE1007F2
A87A6C7A 000FA626 8AD685FC 1519EE3E
24B01B21 ECF2D0FB 35D13E91 C5208172
80481E7C 03163616 BB7627ED 1585E4BA
24FF7C81 B806EAE9 D6C63FFF A7A10672
F07CFCD4 621DB667 8BE7B7EC 1393E43C
04965890 2DB8C261 7FDEBC7E 8E390F70
3AF32CDA 2007A5E5 9BEEB7E4 F593E02E
63FB1981 B89AC2E9 6EDEBCF1 0C3105F2
28792EF2 1107AEE7 EBEFB7EC 35D9C43C
05E45891 A082FA61 079CAF7D 6CB90E74
F27CBEB2 B10DA6A5 06438D68 04D92EE1
8FD87A91 7DE72814 3C169B13 028107E9
E7F5FEF8 20A22563 86570C78 84CAE8F0
8DF05803 7DE32914 3D069213 DA050581
E5F5FAD8 24BAB5A3 86CB950C 85D9346A
8D915A13 5DCF6B05 1D86BC13 F2014691
E6F5BED0 206214E3 0CC3A668 C4D5EEE5
87D619F5 7DFF800D 3D16B61B 36010769
75F5FED0 202FA575 8461B674 C6D3A2FF
9594DC13 15EEE90C 3516BD53 D2010771
7DFFFE92 202B24B2 E4C7332C C1C63269
A5B45B21 5CE1E9C5 1116BCF1 92810E31
E5FF2EEA 21CAB417 89EFBE65 C357626F
04C49C91 7DADAC05 3F0CB577 36A50761
F4FF3ED8 298F7564 A1773E67 83D6A667
25B318B3 1DE58405 141D9473 308106A1
B4FD6ED8 2587247A A5E7BE65 C3D732EC
A4B118B1 3DE5A005 0654B473 36800F61
B4FD3E72 31C72026 FE299D59 C0C60C5C
E15DD4F4 E5AA3802 EA978FC9 FE99ABFF
4948EA91 AAFC01C6 5E8D9D5F 8DC25D49
A51DC454 FDCB380C 4A07978A 3E9CABBF
49C392B3 60F44146 D60D9553 C1C25569
EE5D1417 7DEF3804 CA0485CB 1E9DFB0F
490A3299 60FE145C FFAF9D5F D1CB5E6E
655577B4 FDE6382A 5CF7AFC9 DEB94F93
5DB49AB3 AAE98446 DE2DACB6 43861C6E
C7D5BD5A DCA3588A 6C75ACC8 B6335CA9
5D9113BB A89000C9 D72E952D 83C21D1C
EE059477 6CE278A3 6C078D4A 0BA3DEAB
450BF4B3 A0C1809D B2EB856F C4D65C7E
665451FB F4ED7902 DCC58FC9 0EBBCFE9
596CDE23 08890554 F60B0D39 95D3541E
64D0B1B5 FCAC5182 78C42ECB 47A30C81
4D2C8A09 200B01C4 D62B953D 95D2147E
6D545455 F4A259A2 58972EC8 87929DB7
496EDE81 62E0071D 05038259 88576875
A1D50AE6 70FF8CD6 1C3E7804 A106934B
2D4E9AD0 89DB626C 05838231 82836A77
A9D42BE6 49AF64B6 3D16D581 4503D34B
2DDE80F4 433A426D E4C09309 A6077334
A2972AA0 7CEF2476 9C1A44D1 901693CF
75CD38F4 413A5265 0DC3324D B8072047
A3F74EB7 7CD54DD4 AD9DF119 3A14C35D
25DF8818 03E54266 0F028177 D8177266
F3F70AE4 D6DD8DD6 3981803B 7C0589CB
F5CEF834 47CD56EC A6C03707 99177230
A2FF0A84 79DD8CD6 3999E179 1B97934D
75EFA894 456D7664 EF659277 E9483054
27F086BE B1DD8D55 AF9D7169 220115E9
E57FEC78 11D46F27 F7619D77 E3D03250
E6B21392 3BC4D5C4 AE9D447F 038116E9
365FBE5A 30FCBC0E E7251765 E7983264
26B00C9A 91DD8756 8A8DC4DF 028512D9
75FFAC68 134C5DAE 430705F8 C5D36CB8
85D87AB1 E08371E3 1DFCFD38 86292AF0
867FBEDA 081605A7 DB078FA0 15416CBC
87F13899 C0834387 55FFFC6A 8E013A4A
A77DEC5A 2817057F D3C785F0 87D12C3D
C7B13A1C 608741E7 7DCBDC3B CE821AF8
A73CB4F8 611604A7 B3CB35D1 D1C27CBE
C3EDFCFB E89E34E6 4DE9C9B7 8DAB7EFA
066EAE5A 097F0D0F 2B273191 D7533E9F
E6E11C6F F08A7CEF FDC98FFF CAA71E6B
AF7E6C56 315DB10E 73C3A7B0 D3C27428
A7B516BD 60A211A2 1DCCBE3C CF8E1BE0
F77CACCA 611F5146 3B8BB3A1 61433CA6
C6DD7AEB F09720E7 0DECEBB7 8FCF8AF8
96FEAE5A 0944F517 3B8BE7C0 C5423C3D
E7E532DB B09F30CF AEFD8DAE CFCA808A
D6ECECD6 3C2CDF1F 33AFC7E0 A5C31C26
27B52EF5 909615CF 39DC9E09 CFCB91A3
F67CBCDA 7124F06E 131F56F9 505868B0
17ABBA2E 88F34E36 52B83212 73EE6E80
F2A694CA 2073BA78 927D63F1 9A18A0A4
37A388AC 9BB33E2F 52BB2753 D26ECEB0
70B59DCA 6130B2F9 9BFD43AD 12142090
1FEAF2A9 982BEBAF 928CF719 704BDBB2
30BC99A2 2097B850 1C1D4CD9 78903DB4
8FDBEA6C B2C3AF37 F3EA3211 19CB86B6
678ED0D8 24B62CD1 1CBD6DD8 280FB430
46FFF76A BEDBEC19 97CA521B C8C984FD
6087E0FA 0DB02CD1 BC7D05D4 34823400
2DFE54A8 B0A1E83F 9B9C9A1B D8CDCE1E
F22DF01A 40D32CF1 D9D384C8 30907724
4F9B769A 14DEA229 DF06B052 998D4EA4
E42BAC1A 2486B573 98B195C0 34823F30
45BAF61B 30DEAA0C DA56945A F1CC1EB4
6C2FDC08 208A3551 F8F19598 36C3A73C
4CAB469B 34C6A82C 9A06975A A8C99EB4
EC2DCC12 248AB470 2D129B47 FDE4D16F
90C70E3D 16D5CDF2 81295084 7012B14F
1DC98933 CB3B4E38 9C52BDCF E8A49143
92C10E55 46D2C5F2 A1BB658C 5933BA4F
79684871 CB09CA98 6CB4ED4A EF04F34F
D2E20EFE 00D3C5F0 B10B41E4 597371CF
79E8CA59 5F095B3A 2C071287 EDA2D029
02E4061B 02F5E5D6 318C5300 DCFBD85D
366F4845 6971DC78 8CDE8CDF 68F8909E
A6A4023A 8AB141DC 21B4F504 9EE71998
35B48C4B 6A334CF5 AB4E4AE7 AABC4BEE
A6FE0BAE 0C9345D7 A1A8528D D303EB5A
71EDAEDB 0B784DE8 290E06A7 5FBD48EB
2735069B A9A741D6 1139E319 58F5005A
344E3875 6F795C5E 280C0EA7 5EF548BA
267317BA A823615E 17A8F699 5C570A1A
30CE2CB5 6F781858 AAA847B7 5A9D4AAC
233803BE B9A37156 116AD29D 5D3350DE
31ECAE3D 097845C8 F5C38018 88425DCA
B955CE67 65A89892 8C86DEAF 9D17C16D
408895D9 47F201EF B126AA3A 808B2DAD
EA5B5B36 D4C656B1 55B4BF2A BE0C4521
5008F653 E66E11E5 3186A075 A2AB7AAD
B9DF6A71 1EC61624 559C368B E32A4CDB
510B5FC5 220675E5 D461800B ED56915C
B9178C77 06AC3893 889CDDAF 5937D18D
99899D38 DBC640FD F7E19B0B E147572C
B906CF57 7CE86C93 9E0C3DE3 8D1283AD
59A817BA 0A8E513D F5A08B6A C9A2D36D
A8572259 76EB54B2 488EE563 C9124AEB
C59A1F95 934F596D 7701B087 E9627354
3360AD9D 737635D7 88DD6CE4 49B6D11A
150F9F48 5AFCD23A D725B307 C9327344
3362AC3D 53DC31D6 88DD0CE7 4B37D59B
1D0B4E48 DAD4DC5F D704B043 AF12F244
7220AC58 73D733D6 88DB4DE6 CB36D54F
1D1F4F58 DAC6D83E A5251217 0B4F30D7
B1EC290B 3BAD91F6 ACAD5525 6BB38149
304EA838 D91CFA7E A1C702B7 8B133037
A2ED2B16 3FB900F2 A42914E6 D3E3516B
91482A48 7B18FE6E 87613239 8F1F72BF
A2E00B88 7BBDA1F1 842ACEB6 430793EB
31CEEE09 1F79EBF5 B5B983B1 3B6FF1D7
ABA409A1 302F71FC 14AD675C D2B5015F
24DC3C54 DB17EE7F A10793B3 3D13E306
03C131B4 3E3F5214 B88986FE 7307492A
05C85E22 1976A95D 87E51271 EB0332BE
F3A51B9E F43D61F1 143982DC 41A30B6F
21981E1C 135EEF5D 25A90331 6F0F62C7
A3FC2126 CB6DD1F6 14A9C035 598301DA
34DEFC54 5BF5466E 21A99037 49113107
A2A923A0 522F717C 1499B0B5 7123459B
35CE666D 5B56434D 87E91273 4D0932C7
E3B93B2E BBA915F4 94B9C0FD 4303010B
B1CE2E6C 5154C76C 218606B8 5789E2AA
669A5929 F927432D 64FB4037 38255EF0
A7553E76 74B9A967 211603B0 5759E2A1
4C9A5B89 DB27430D 4CE3425E 32E15852
A674A9A6 543DA1F3 A15735B8 3579EAA8
05BB5926 BD04030D E4E2503F FE81CFA2
26D5AD06 5581A8F3 20179E64 57DBA21A
A59B59B0 F9ABEB45 6429C37F 5FE582E0
3435FE74 3595A566 005327D8 0588A28F
A5FA508B FD21C34D 66E6E437 3E258430
20D4BF46 1D03B5E3 60C627B4 4199A23B
37DB5FB7 BD0BC345 444CB437 3C01CB34
2674BAFA 3504ADE0 21D6BFE5 5BDFA258
A5BE5DB9 C92FEA4D 544D8577 4C2116F2
3DF56EBC 1D0C3C46 61E53F7D 5797A249
85F85191 BD0FE245 444FF47F 4C0507E2
2FFDAEBA 100629E7 E1663775 57D5E26F
25B819B1 3D019345 645CFC7F 6D8516E0
A47DAC1A 31042DEC AC049251 E9C5B0DA
A077049C F1CD7DD7 845F5CB7 EE91377F
4545A868 B5FD3842 6C063659 A181365B
A0772E08 5B9D3E57 0C4746EC AE8197CB
85C79810 25EC7BCA 7C84D469 8D9232DB
A6336C18 F1F1B7D3 284744FC CEA197E3
4D0FAA78 75FC6BCE C44D0475 814574C9
B271709C EBAC18D6 86F77ED6 EA979133
4B47CC50 1DDF4ACB 058C1275 85F52AD7
A2743C10 78F568D2 00C636C2 A2ED92B6
295F9850 8DD60A4E 618CD2D9 8B8238DC
3539FC9B 79957212 2457EEB6 CE318BE2
4243EA38 35FE1ACB 259D6551 835548D9
EC73701C F3A4789B B267FED6 4687FF37
4BA3D4D0 BDED698A 6591EC50 8B5400D9
EC737E3E 6B261892 22476E96 66A1DEB7
4E83D561 BDEC298A 258CD445 8BD634C9
657DF410 FBB33512 32472AF2 46A1AA27
4A839E70 BDE6288B 5C954CE0 20817B1C
5F97E6F9 34128658 8B864218 918EDCB5
640EC3F8 A08625E1 3C1108D1 2083FB1C
169BB6D8 3493CE6E 9557D81A DD88CEB4
64049D10 64B63BE7 3AD11378 2083F002
15DBF6ED 745FEE6E B306D439 5088DE34
262C8992 44B73EB1 DCF14CE8 9083631C
5C1BF4E9 76538662 EAB6381A 91EACC35
64349592 80C6B0E5 DC5A18F8 28832717
1C1DB6BB 729B868E AF5EA094 C328E221
FA20CB12 E09637FB F8511BB8 2883371F
5CDFF6AD 345EEE4A 8B04B459 ABA8C434
20BC8992 049FF475 59DB0868 B012B30C
5C977E8D 54D28E08 DBD6978A 9928DEB5
60B08732 60A7A4E9 F1090878 3003B35F
DC97D68B 75538E80 BB57E516 A9AADA31
F2B48D22 0497E569 79D109A8 3403B51E
5C9FE6A5 344EFE48 9B06F612 A8AADC31
E2B08992 4486E466 290627B9 1759A8AE
24FE3B1D A825C2ED 44E9503C 2CE518E2
A05EAA6E D138FA27 BBC637B5 1E79A8AA
26A03AB4 A82830E4 65E16278 E0A50A72
A2DABEDE 7120AB6F EBC637B4 3319EAA8
63BA3BA0 A9290069 05EA58FC E8214BE2
A254BA6E 7138BF6F 3B16A6A5 121930AE
26AA3B29 AB244075 25C95334 6CE408F2
AA7F4B7E E93CF82E E356A5B5 23786ABC
2FEA7A92 A82B4055 25C99356 4EC14BC2
A2FC92FE 71313C66 ABC63DB1 373928AC
23BA3BA4 B93580EF E5D0517E 6C000BE2
906EA356 717938AE 0316B7A5 1B1F7098
27F83BBA A91444D7 47CC703D FCE708E2
907DDEFA 31743846 8B963795 7B1D228C
26BA1391 A9AB6065 06DC713E 5EE30C72
B85E92DA 1B60A84E AB8637D1 7B1962AC
22BA3B92 F93F806F 47DC71BF 4C250A5A
982EF7FE D17828EE BB06D5B1 B0826C34
F01CB678 A09270EE D3C06F89 DFFAD892
1268FA4A E9565B86 5A16E7E1 34A36D04
51F9BCD9 E09ED0CA DFE04F89 DFFADCF2
9468B963 A15215C0 7B86E5FF 70C1AD0C
D50EB6FB A0B6704A D7F84F09 D7FEE8D6
1228AB42 A91A0594 DB82F439 C5826CA6
9218A779 709AB98A 9FE2EF88 CDFADE02
8468A8E2 ED288F10 BB868F99 B3A72D06
54FBACFD 1097B5DA 7FF2CFC0 9DFE9C9E
9EA8B945 E4011582 79A2CFC8 32C53D24
D05BA6FA 40B731CA D1F0C788 DF7ACC16
3628FCDE E5080D46 B3824429 90806DAE
D3DDA6D8 5596952A 8BB0C380 9BBADF12
B468F823 ED08D956 FB8346E9 76CB3D36
57DDEEF9 501F31EA D9B2CF88 DBBEDC8A
856EE84A 6C23D056 3323C7E9 34C32D0E
C0DBA6DD 409335CA B8F06798 DBFEDD86
B56CE89A 6C2E5056 DE17D2E8 E0D03900
D6E1AECF 30D3E47A 898C7A95 818CB47F
C00A9BF0 D07F6219 9E3DC869 E590B014
14A18E7F F0F395E9 A98E79E4 83BC3C7F
8848A7F8 B9377114 1EB1D041 2410D910
9963AEFF 7053FCFB 8B0E57DC C1BBBAAF
8A0AE698 CD267819 1A1759C8 B5117912
4889C65B 301E6CEB 89747298 A36ABC37
4242F2C8 A076A211 1E14488C A480F992
4AB0A64A 2018D7FB 83BD7E1C C9BFF8EA
0A41B2F8 8536BB0F 1A9458C0 3414F812
5AA2EE4A 3091FEEB 834A663C 8B2EFCFE
4ACDF6D4 CDE7AB93 8997D8E8 B0002116
501BA688 319684CA 83C27280 A87ED81F
02C8F000 E462A278 991768E8 A000B804
40B9F608 3192C4CB A37A5204 E86AC893
2049F0A0 C522AA91 1815D088 B632B09F
50D3E6D9 309AF46B 93677708 A87BCCBA
20889882 C487FA71 A9D6AEEC 3719E0BE
449A3AB9 A214E66B 57D80139 14611EF0
A6F16D1E 6017BDA3 A9463EAC 723DA89C
56D23A11 A210C68B 07EB4AF8 4A6C1ED0
207DA35E 250229A0 8B766CEC 307DE89A
45B24B91 A232C64B 37E8527C E06C0C70
A041F312 240A2DA0 A9C6E66A 37FFC9B6
46240C13 A0570659 17CA3139 D464CA51
B0F96B1C A31F6DE5 A9FAF686 26FD02DE
4B831697 2A528493 A78F20A9 916C1F10
B04F6E1C BF136867 8BF26EFC 68FCCADF
CC820E93 9272C659 97DE10B9 904C0560
A469B734 311621D6 0972F66E 61DFDEAF
84C33EC5 02503ED1 07E894B5 D426E570
B2B7BF1C B71768E4 89F2EF6F 23F4C2CF
8413D6D5 77706E83 2FDEB4B5 D028A7B1
A0396F34 E51678AB 29F4FE2C 20BC88EB
91956ED0 3B7BE655 47AF90B1 186CE354
ACE9775C FD166D62 8283038A 025AEBFD
C09A38CC 583728F0 5D14B10C 95160149
A39C1BD4 6E020539 8383451E 064A28AF
CCBC3ACD F096E852 E7A59C23 891F2350
32245A34 EE42073F C0034700 050F30BE
B8F23BF1 99CDA6B7 5917A523 B1934345
32ACCF93 9C02143F 00C2B287 83DEE305
F18269E5 16B59164 C59CD125 D55241B9
25BC4FBC CE8237F5 00502217 695EE72F
E3B6ED27 14FCEF2D 5D84F161 69174B2D
B5DC4996 5C9926E0 C1E12318 AF1EB24F
B2860DB5 1FE5E5F5 7837F5E8 21566BB4
B5D5DB60 179B246C 23611307 AB6FB344
BFA0C984 4AA587F4 049D4175 112655C1
34BF5D7C 5AD0E672 C1611327 BB76B314
BBA0C9A4 0BA4A5B4 16BF4175 33225318
B5FE4F69 72F0F57A A7643323 AB2EB304
B2A0AD88 1BE5A7F5 4CB92575 33065F98
B5BF5548 12E8D478 E43138C7 E96455CF
8065041F 77E81CD6 9817E5F6 CB1DB13D
D90B5639 8FDB539A 8613501B EC0419ED
CA750C14 7753BDC2 981FA7B6 0B3B310F
D9AB1439 CEC75A99 2C11FA0A CC1619E9
E83F4536 7FF9BDC2 094FC6B7 8ABA230F
C90B0679 9EDB5A1A A4977887 A62F00ED
81644896 0FEC1DC6 095BE1E6 2EBD311D
DBCB56C9 EFCECB1A A0190803 BEF37029
90756A54 3FDB39C0 0928D6B3 9A7D750F
8B4B94EB 6CDC939A E49F7803 ED3018F8
80734A1E 7FD33DC7 997A8594 8A92019D
091B169B E8CFDA9A 249F7947 AB241061
22760810 2FEC6DD7 03ABCC85 2A31351D
70C192CD EEDB5B1A A01DBC46 AA364861
C2510A10 4FB76CC6 81ABFCDC B8314419
23D936AF 7BC35BB0 251F782F AE367869
C2362B1C 1FB525D3 A1BB94C2 C431A30D
09C3024D 5BE1CAB8 E5628D3E C76F916F
02700BA1 459C01B0 AD3FA96C FC3753DA
AD7D2E35 938815A6 65C2EF32 CFEFD9BA
13545DE7 C71485B2 2C7B8829 AE2702CA
7DFD2435 DF4DC5AE E44AED2B E9CFD96E
635006B3 47CC45D3 60B92825 3E3762C8
3D7B1A5D D32CD7AE 6562BE22 D37ED8EB
B2C12914 55BF41C5 2489CDE5 343111E9
2DBD3DB5 FF2C4324 E7E1ADA3 BE64C1E6
7B243170 47A103D7 04FBE821 34371984
35F04CE5 FB1C863C E36ABE6B AB0DDAB6
A2E02B90 85D565D5 3CA8EC65 765203C8
3179656D FB3CDF2E 2960AB37 EB7C52E3
23E52844 0FED25D7 25896141 7E7381DC
B1583FDD DB79562C 06E5A337 CF75C2EB
33A51966 0FE901F5 0DA97041 5E7601D8
3159366D DB7147EC 4FE2AF77 CB3C4A66
23A509E2 8FE507D5 25A86145 7211015C
B1587AED 5B7157EC B7A6D33B 88F61C75
886DAD17 0AC73DA2 89BCADA0 C7CBBB4B
DD5B3AE3 4B7ECB1C F70ACB4F 81E61D65
B06D6835 83CF0D80 B9B0ACC1 C71EB16B
55F90AE3 CB57DB1C F52FDB0F 85E45C65
88642817 45DD1C86 B9AC8DC2 87BEB9C9
DD784AF1 CB1BCF14 0B1AE123 8C6150F3
EEEBEF52 988365E3 01E12080 77CBBB1F
7ECF82E3 7B77AB19 3B34014B 84A95CB1
F24BDFEB 9385E50B B3E84B89 D6999ACB
75055A43 EFF0FE1F 918FA96E 96A51BA3
A26CFE48 CCFB04C6 B9AB0E81 C7B8B99B
179D4AE3 4E35CF17 1E16C033 A42838A3
84E867B6 92864DEA 83202208 B2C93A1F
664FD2C3 6EF1DA1B 199E9293 AE6878B3
AD486713 0ACA4D8A 13F9678A B7CDBA8F
764F32CA 6E50CA19 1A8AC1A3 AEE13CE3
832D3E72 80BB0506 2BF80F8B 87C9B89E
174C6ACB 0E51CF9F 74879D5E A9E05FBE
55F9D787 EE8D9D98 1F6BBD75 AD3D71EB
ED306B6B 363E1986 5E99E8F7 25261C78
25B1E78B EEA08118 C26BE97D 2C65786F
8A271769 74DE88C2 7F3F98C3 A1D75F68
DE11848E C2B02999 AA62E13D 09653AEF
EE1B32C9 76F598C7 B74FDDDF C0F00C71
05583A91 CC4B6082 15AAAFC1 6FAD7A5B
FF726873 031B5896 5E8FDF56 44C41C65
80707A0D E8C22083 539B4E10 EE297A5B
E878587B EA121094 1BCFCDE0 70C05D64
8F3490B7 C0B01803 33BB8D1C 0A29785D
EF72207B 221F0084 19E20FEA D4F00C39
479419D1 444B690A BDACAB40 97F9AAC8
F9782A93 0B2344B5 14478FAE 54D05C29
872518D7 04C328A2 BBA8FF08 F6FC8B53
F97E38F3 296745B4 124BCFFC 54C14C3D
85F510D7 04834986 1B98DF08 D748C011
E97CBCB3 232B05B4 E1602793 1FEFA695
28249111 CB2E6234 46F96745 17725D82
38DA6EC7 D739D743 83F84593 1BFF4394
606901D7 4B2A21B6 66E94754 676A41C2
E1D874AF F738C251 E1181B97 DFFF6B92
634DA3D4 4BAE30B6 CE7A2334 7162C1EA
315A26BD D7709341 E9B00897 1F6FE09E
2A208372 EB3A25B4 62FB43D8 5566EDC2
22CE8C8D D77142C2 7EB85FD6 3D7C32B6
48702A42 E158A1F5 EEE92188 7566B2CB
20C3218C F7621380 DA54DB56 EB3411E0
605922DE E537F5FB AA1140AC 19C392DA
294A149D D311DB50 6D301BAF 19FDB095
EA8A8650 82BFE456 41AB6018 915390CA
226B983F 52305742 ED04938A B038D8A5
CB9022B8 A1D565C1 62096509 91D592C9
29CB6A36 7B38DB04 5F659FC3 A7307020
22980698 01BD24C7 E08875AC 9857914B
296A70CB DA52CF54 ECE2B95F E4F4CAC8
686444C2 CFCB2892 A54E76FD AE1CA76F
49012239 AB498346 AC62BB5F EFF4C3E8
657404C2 0FCADA56 C25E6675 AC39A74F
49036099 8BC8D21E 4C70FB43 EDD408E8
622C0C66 E7CBB092 E2483BC4 8A3DA7EF
494332F9 8BD8CB0C A8EBBFC7 C074C8EF
08544D83 EF5B8982 09EC7BDD F698E76F
583100BB 12488F9E 2AEB8ECF 857D08C0
43452403 065B6E06 3B78FE66 E4EDEDF9
6B11149B 7A4A8F8C 2AF2EB4F C9BCC0CA
4F2644E5 E7CA6917 AA4E7AEE 167FB24F
4B0222C9 8A48D69C 28E6BDDB D6B4C87B
42A31853 0EFB2F03 E1EE0BCB D699235E
68126199 0A5315BD EAFEBF4F C7FC48FA
45901833 6EDB0403 23DC5B43 44FD03DA
795F3C3B 0A780F94 AA7F8D4F CE9C48FA
8D600C53 5EC24887 9B4F3A45 947D915E
69537239 0A48178D 0EDF6A82 7E6D5BF7
D1CBEB4A 1A71EE75 1108903E 754411A4
F6B5018F 7657EE29 C67F7E0D BA6D7BD7
939AFD68 3A70CE75 B529AFA6 7147119D
F6951305 3203FEE9 877F2E0C 832DBFD3
9BCFFB23 1A60EE71 B12BB5E7 F1C7428D
FE9515A7 9E07EC38 46FD5F62 AA7F9FF1
9D8AC9D0 1AF5EE71 B318B03E 514033CC
EFB5011D B31A5CA9 46B95E5A AA653FF5
928F99B0 3A6BAEF4 B317B114 3070330C
1B9510FC B35BD0E9 C4375C0A 882D39D1
9ACFDD63 3B24AE70 132BF1B6 30F13309
D4BD1375 B71BC861 ECDCFC10 2EEC87E1
9CC38344 0A698CF4 03509518 1164A70D
F7B713D5 F71351E0 ECBC1A17 AEE49B6B
B2C28B2E 1B6247D4 33239185 15E4761D
349F335D 7F5350C8 EC7E5E16 8EFCC9E3
BAC78F22 0E618F70 3723E1E1 30E02319
749F4375 3F1240E8 46CD6B2A 762E5F54
5988FF2B 2278AE69 9320E96E 53A69AA5
FEB7412D 7296FFA9 82CD7B08 B62F5744
1B88A964 364D8E71 1301F98E 7BC2D2B5
EC171D0D B2F6B62C F75D2A08 B22E5554
19ABF9E9 267CAE7D 1129E1E2 73C27B31
E69515A7 F29FE7AC 17087308 362FF71D
7992A359 164547E9 A3A2D987 7F729B05
EFB7114D F0F2D254 3AC17D28 0ECBBF59
79139F46 270405A4 ABA37DA6 7EB6D407
EF169569 309A9682 B6403C28 932F9B45
D893EBEB 162DAF62 63B3EDA2 73B6DB91
EEB551C5 F9BE924A FD417328 ECABD5CD
3913A24F 014C71DB C1B05901 7BF2BA95
D59752ED F3DADAC2 3D5B7238 0EA3BF8F
72310349 9266F1C7 80815585 BCF2F11B
8946687D F972D00A FE0A3428 94ADBFD5
78159382 0335C543 A5B945A0 5BB0E698
80DF6DCD 3BDA9983 83A2C710 A3FF72E5
95D5A899 51DD3DD6 6C5675D2 E01A19C0
6474A9CD E00E52C5 CF219550 275F77A4
14F7BA99 788D8856 4F5755D6 C81ACBE8
203DF578 A48A784B C326A5D1 B3C96FE4
9675B838 51C54076 DA3255F2 DAAC4F50
623071F1 E00EDDC1 A768141B 92BEC631
F4448031 0F261982 5061BF65 FF7AFBB5
2F70BC65 C79A34C5 87000812 57EE478F
F6078D35 0524D9CA 7771C5EE E9DA5530
FFF06345 D611A481 E32A98F7 7AE80DAD
E4058535 41E25882 7F712FC0 357EE893
EDF07F6F 479C87C0 BDEE5493 98EC8EB3
EE080354 0F2619A2 4A608F80 B7DBFF07
EF42316F 6FF0D590 F7681492 1AE4CDF3
E2488375 472613AA 21718F88 97DA770F
FDFE1A4F CFD85113 A58A4097 1EFC0DF3
CC689154 4F2231A6 6E73AE80 175A7D8F
D5F2664F 6FD6D112 23CE7296 5AAB8E37
F3A95926 0B207B2C 5651CF63 3FF63E90
A7765B6F 76914E7E 33CE72B3 5629AE27
F28D9924 8F806B4E 5561CF41 37E22C12
E75E6D4F 979D5FE2 834E20B2 526F8C77
520CD981 8B20034C 546CA90A B5467914
B6D4134F 92F18BEE 3AECF3B6 5E2A673C
A99C7563 0CA46A64 5649C967 26CC9A93
647938BF 47383A6F 326EDBF7 5F7B0766
F799D023 8C3D4B6C 5FC949CF 84CA9256
E67EB977 1F6348EF F3EE83B6 16CBCF65
1BCDF9E8 87289B64 94A1FDEB 37C2DF54
96451B0F B39889EF D3E8CB2C 546B9F46
5D98F163 84685A2C 5E02A9EF 56CC9AA0
5D3569BF 5398BCC7 DAEADBBC 11538756
5D9CD163 C42A5A28 5D83A9EB 65CE9E63
65B615DB 5323A7E7 D2622BFC 567B8D17
4D9CF163 C7785B20 7CA2EAAB 27CEDAF0
E0B54D87 B1AB96C5 F36BA97B C5FE8755
ABE479B6 5D672910 248C994C FE738B49
FD542E39 0BB4C0F7 D34CBB7E 95CA8364
AAE47813 5D666900 14BCA842 D2172313
FDD05C03 0AA086A2 D148BB7E CDCA1265
A6A14827 5FE76916 3E8EB8C3 D2140B13
FD763CE9 6AA0D576 F1EB832B CEDA04F1
A3A018B5 D9662310 54ACAD64 7BB7F323
75707C29 9B882D17 518B013B DFCA36E8
A5305165 59670E84 1EA88C7B 37B5AB35
75453CE9 0A7D3707 C1C99136 9B4B326D
AFB84131 5DEF4B94 7E9C9AA3 F29401B5
B5517C9B 02E415E6 71EB276B CFDE0241
A7B01DB7 D5E67F04 4E9CAD43 33B3BFA9
EF7C3E38 0B8C2517 D14B3B62 C7567AF5
A4A05D37 DBEF3B94 0E9C9C77 33B1B7B9
69F53E28 1B872736 50CB3127 C14FB2F5
A5A01994 5FEF0B14 349CBC53 3790B1B9
77743E8A 028A2706 12156308 3603F90C
989BFEC8 3055A679 9130F097 F9E09064
2617D328 F00E7E79 99D56388 3E03FB04
9B9BFEE9 B05D8E79 B310D196 79A0D0E4
E80FD308 B54B7E2D 9F950688 32037911
1B9BFEC9 B21CAE78 A331F1BC F987DAE4
769D9B74 F00B6C69 E71D7A68 E602711F
F89BA74C 3CC4416A B3D37006 5DAC8180
89B79168 75DA5B70 1F091D18 AEA2BF39
BA43DF21 57CDA1E2 3BF29504 FCAE237A
C884F1D6 35D2DFE5 E3DD7898 4623B941
F885EEE9 17F4ED78 23E7A500 F9ACA3D3
A899C9E8 B5BA4F7C EDC9D3BE AFFAECB2
BE60828D 8F8CE1EB 8BD6D424 13FE3549
489D3061 F35A9F72 E879C15E BFF43141
F26202AD 9BA761E3 89D9A408 17F82A59
40EC3142 B1DACD36 CFF988C8 BFD8FD53
FA2202B2 D7F7F15A 0BDB20E4 13B73359
49DB6971 37D2CC72 9F1D6488 72005FA9
514AD64D A6047FE9 9170EDAB CBAABAA5
CB93934B FC0B5A1A 9F86E648 51225D8A
D14AFEE9 A230BFCA 33E9E5AA CAAAFA34
CE91DB2B F82BDB9A 7EBF6488 52269DDE
D92EF64B A3309F6A A1E9C7AA 4FEBB834
D691D32D B82B5B9A EF14FC88 2622CF3F
D279AE8D F088F5EB B150EDAB 0CAEFA11
D68393CD FC425A9A FD03F8CB A75E193F
92D96789 E05CBDCA A3D1F908 CAAAFA00
829B8AC9 DE4B4C9A 0F0670C8 40563D8F
D05CE6C9 A3307F48 E363CFA8 ADABFAB1
C2839B49 EC02CC5A CF97F0A5 E4203CFE
727B7ECD B1C875EB A3F3FEAA 4C82BAAF
C0C7D1E5 FD4DCA1A DF97F2CD 4E107DAE
727D7B09 B3C875F9 B9FA6F2C 4DA8DBA3
C0CBB7FC 5D56DBDA 3F3FF081 4A12BDCB
125C6E2A B31C354B 89E34FAE 4DAB798B
C0CBDBFC FD67585B 081E4E68 529DA2A9
449219B1 CB66AB4D 7770B311 1C696612
36D7EB7E 0518D501 0C3B4ECC 22DCAABB
463A3335 9C3EA719 37C2AA19 BCFD5412
B4D1A372 4588D9D2 881F6EB7 70CDC8BB
05A21F35 9E2AC20F 57EAAA11 BC7D7C96
E4F5AF36 651A89D2 88965E6E 06F0AA3F
C4AA1393 0B628B4F 77D80201 1C695250
A6DFB2BE 2F02C876 89D05ED6 02D482BF
C4321287 A5700623 27DEBB19 ACDB5B50
A48DF1BE 0D20CD2E 891B5EAF 02D68CBB
C4301E93 3C2826CF 27EAB001 BC5D0440
A41DA876 6FA20582 29D6BEFF 12D50C3F
849E1E91 23A20649 65C69211 8C7D0762
A6CFF416 2D27486B 09D6FEFF 30948E2F
040A12B1 2837124B 67DED311 0C7D14A2
A6C8F81E 0DE000A9 29565EEE 36D68E7F
C4121239 352A904F 47569A51 AC7D0622
B449EEB6 6D664CFA 20FA3C5F 12BCEEEB
8F2B2132 5B6F2E02 79E0B611 D17D6707
FAE2A0BF 2B380541 209C067F 1AEC68EB
8F391B32 5B63AA73 7FE81691 90796613
F8E3B2BF 23A21141 00184F5F 1EFC6CE2
8D2D0312 596F6A24 7F8096D1 905D251B
E9E3E2B1 69925151 54720D9A 14C4F4AB
CDC420D2 65A60E78 61338110 B155475D
6164B63D CAA71C11 585205BF 1CD626FB
2C060452 0CAD22A8 0D031659 F2FD385C
3372B6B5 0B2715B9 70D2173E 0AD8EEBB
8D230479 1C03A2AB 29139371 B1194491
3B60FA97 48E715F5 5714348A 6714E26D
4ACC6855 00AC16AD E166A672 E1435800
B50BB27D 48D74CF3 95567592 6416A664
46CC4C04 809E36A5 B976BEFE EB1D698C
344ABA5D C8C7403A F5D43D72 6756E620
EC5A2810 51D5A0ED 01477772 E8004D81
B41D32FF CCC7143A FCE8EF57 A0545150
6864F4D4 5FD92C12 8A8E1AED 171CB14D
48014431 B2FE32FC 0CECAF5E 8CD25240
6A66DCF6 1FEB3E14 9A1E3744 411CA31D
49220419 0AFE601F 6E70AF5D 8E161250
786ED4F6 7753BE90 6A8633E7 0A39A7CD
49130021 DAF86219 DDECE8CF 00AC5A40
3821DDD4 7ED1EA12 CA8E384D 5150A11D
48114409 B2DF479C C7FC2A0E 9C8BD2E6
AE66C8F4 3EC3EF07 0A1F3C66 7138A09D
79050501 A6D69894 6F74AD1F 8D3A5093
294EC89F 6C40E813 EA0C75C2 7A78A20F
49136521 92DA202A DB691C4E D3E4D0D0
F0248575 7ED88A13 EACE7ECF 003CD50C
6811D581 82DEA190 5971BC0E D1BE8645
393499BD 66F6C812 C2CE7BC5 313EA09D
49140521 C2DE9119 D8F59C1E D91685D1
7D07C03D 6EE6CA13 DACE4FC1 103A201D
490245A9 DADB891B D6692224 6D56F750
F3D3E9AF 5EF4D595 B897C876 4303C9A9
B59D4DE4 D0E5EEF3 17E93224 CB46F755
73C3DD05 F6F46DD5 B81FC976 430299B1
979D5D46 D0E5ECB3 96E93028 E112F755
73C3C145 57FC4795 B81FB93E 4B06DBB5
949F1540 12E7E4FF BB4DE104 B059E7D4
5D63BF21 D670FB24 B8C57C7E 57A8FE30
CFB54964 119BF3A3 6304E868 A34B6755
FD2ADB89 DA76BF31 F8594C3E 16ECF774
DE31134F 519A738A C3833021 B35BF754
1CADFDAD DA561B00 FDE4883E 1FA1AE34
96B5034A 91DBA702 398BCB18 94894DE3
FC7E162E A66B7904 3BC42E8A 02C9B33C
CB7428B0 250B3283 388FC878 148D69F2
6C7E1E26 F6237B8A FBD0B898 B2FD7B16
CAF498EF 051AE387 308B4878 1CC9EDD7
8C7C5567 EF023982 1CD18A8D BFADF835
CE74CC1E 273BE385 23F93213 0FAF2344
F9A9E92C 1F6D9B14 56B1C067 79A6DD84
B13C5D8C D6B95371 83413214 0F2F2345
79BEE98C 1DEDB815 D6A0E077 71A2DD20
349C1D2C 53F879F7 83493B12 5F0EB355
3AD2A5A8 0F6DA814 1EA0F157 7106D515
7D9E5DA7 D2F07671 62692223 072FFF45
B186892C 1C6D1B05 76A9E22F F7F25591
3D3859AF 52E1C6F3 4619233F 161D266D
B686AF09 0D2D2A04 70BC2C07 71615580
77BDCD02 D3F19A73 C0ED2926 D72EE607
328187A9 0D6C2BC5 7EA8A423 7B7355D5
F99E59A3 D3F88EE1 4EE10B2A 16FB8782
7D8059A3 4C67A204 7C9BA16F 13F056D8
387D1DAF 53AA9667 DEE51B6E 12EE8F92
7E121583 0D640804 4E920825 B36CFB03
797D7CCF 03FA8463 DAE90B3E 126C8796
3D920183 4B641B81 7E929121 B15657D5
797B1D87 429B8544 73A913FC 85029544
763CB5F1 748C7002 BE846BE7 0792FA28
390ADD90 C8E0D4FE F7080327 C4561144
FE3894FC B4843942 988CFF6E 23B2EBA9
5BAA2D82 DAF080BE D6A19367 85123144
7078E4FF 65D638D4 7A96FF6A 02B2EBFD
090A94A8 D8F5123D 76090B1C 1412DF14
F5A49461 F6047D42 BA968B65 0BEACAAA
E1485FB2 E88083FE FECE392E 5036DB60
D101E471 A46911CA B88A2D6C 0B06C7A6
69C9D713 47E1067F D4CC1165 B5329154
7140E4AF C5523AC6 9ADE8E6D 4A22C5B7
294A842B D0E02A7F 5A4DABEC B23AD4C6
7584F6E9 348C5703 BACEFB67 ABFA4AA1
70F8DF82 80A2E66E 464FBB2C 870BD5D4
70C1FEA9 D5807C4B 9ADE6D2C 99F85FB7
40D9C593 51E38A6E 5745BBC5 930A9044
7190F68B 61D4CA41 FA9E3F2A 1BB2C735
0139CDAB 50E3A66E B4619371 EC82B344
35B58DDF 34DE8556 9A8DF205 1516C1CE
E84CF830 81ECC77C 34518958 E983F306
D1F40EFD 44DEA556 9C8DC215 B112D14F
A9ECD8B2 19E4E430 73E0997B 6D837304
72D584F8 54DFF5D6 8A9CD20D 0112C1CF
296AFCA0 197CE374 3731831B DD8F3356
31D58FC9 52FE09D6 BE874A15 D126C1F2
6D2C4922 52F5A629 9F41CB01 35AAB756
97C88D4B D76E235C 5C984A05 191E8122
AB6CDDAA 54E1E56B 9710B231 7182B307
779F8CE9 51EF025E D81C73AD C112E41A
A30CCF88 5979F5CC 53A90208 FD8E33D6
3790EECB 766AAB5C B8AF435D 9932C5E0
6E3CDB88 5039364B 57092238 95EBB396
3190E5EF 5B77AB14 DE3F7067 938EFFAC
AF3CCBA0 10B5F68B C3010319 B58A3316
3590ACEF 5FFE4B90 E88D571D DB96FDB4
AE3C89AA 50F9A6DD 5C3D0675 01D9A6CA
EE7A3206 FDAE1317 3CD79EF7 0CA567BB
4267BED0 1DE905C3 D038B47D 01DDA6CA
EC33131A 7DA75307 70D79C77 4E8526BB
92A3E6D2 2DC10E02 C8A97075 8DDBE6F9
2C361216 FDE15105 1CC7BC17 0E052EBB
03E7B498 65E100C3 ADBD9575 019826CE
EC3851BA DDBF5A06 7E57AED5 A6AD07B3
9627AEF2 14E98113 043D96F5 87DF22D9
2F38F01A 5CE85204 3255AEE7 0AEB1FD3
B447EEC2 04C5D283 B2389577 A5DAC469
A778521F F4E83307 AE459EFF 06293E23
9266ACDA 24E8F093 D1BF0E63 01152ADF
C4DFD872 FCBB5009 7C558EDF A685EA3A
8A647C92 2C252315 512DDDFD C1821C6D
C4C4565E D48A7010 66459E13 AA89A1B2
E6C4E40A 8CCDB291 51EFC7EC 8182247B
15AC5E55 DCEA5081 1E459A5B A22DE0A6
D364AC96 A42D7A95 B902AE7D 578BA094
263216B9 F92F435A 4ECE5351 E2BC56E2
B868BEA0 ADA86162 A820BF7D 569DA2C0
26B30B3A F9224B5E 46DC525D AA244462
A8A1FD30 192871E2 E9B0CDF5 3C992394
64BA2FBA F987E1DA 4EC4421D FC2C44E2
A070BCBA 016820E0 B11A2C65 7387E082
662E3DBA 50AE0B1B C6EE1355 987F56C2
B86ABD02 2108D1C6 38B22D69 7F9EC080
640BA79A 99A6CF53 C6FE535D B83C1490
BA69FD32 F40AFBA2 B9607770 7F9B2284
443B8ABF 19A6C35F 6EC6725D 69104492
B820FC12 14883D50 31919C7D 7783EE1E
263620F8 5CD69F0E D6C60345 297F5E52
A27EEC12 2CC2CD72 F3911D21 7B88C60E
E42CA5FE 59A2AF16 E44657C9 D9417E8A
BA3FFE0A 3006C9E2 38501D20 73DB860D
6413A6BF 54E2A51E 74563419 C80507D6
BC6BEC3A 70C60D80 DE4BF94A C8641F6B
C955CD83 5D818DC0 A1068CEA 9E196B2F
CF35436B 0A0E168F 7C03D94D A9535C6B
9B0D4C07 5CE3ADA8 092FBF8B 9CA9B36F
CAB341D9 061E67DF 7C2BDB4E 8F50DC73
9F5D6C45 4EC20E81 390D9BC3 8E093A4F
DFB30041 A20E5FCE CE43E912 C4751F61
5CCFD907 2DC50AA0 BD24ADAA DE95F329
4F97096B 08D74C9C 57CFCA64 A1700C69
81CD60A7 1ED34F83 91B0AC43 C6913BA9
DF390EF7 0AFF769D D7AFCD66 C4425C7F
D9275A27 0EDC6EA0 398DFEE3 8EB93BB9
93994277 AAAE542D F26FE96A E47EDDE1
C47A7847 EC885BA1 91DD8DAB 46892BB9
C7F74FD1 A326E535 56C75B6C C053DC65
B57DF063 8CA94FA1 39ECACEA 46F12AB1
C7B71EFF B3EDF4B7 574FE0EE C4719D77
9D74D027 AEF94F20 3BD4ACE2 46A8AAF9
D6B11F61 A387E4BF D7056208 79077F4C
F01BD7EA A04CBE6B B442EC86 AD8EBC24
C694D3AC 74A2ABC9 57916228 1B07FF5F
B91FE7EB B534B668 1661EB8E 28AEF021
C694D3A0 F4A23509 57116008 1B03BFDF
B91BE7C9 B63CBE7A C073C1AE E9FED8A1
C6969308 D4E6BBD9 EE8D4968 CC45FD4A
7F6BB3F4 8F8843D2 8DC6FB02 2F853A00
4AB57189 3EC28B43 668B40B8 4D02FD5D
F2556BC3 830D5BB8 5CC22106 AE06FDA3
C7809B40 F9385301 D71970A8 FA07FD5F
B9C7C3C9 F32C5FA8 9E634986 EB87C961
CF8AD3A4 D4E957DA FC6DD1CC 84EC9D49
FE6A0150 C3CA77A3 EAD73FC7 26853A2C
481576E9 3AD4AFB2 D6A9417C CCC8BBC3
B5610343 C3A077BF B8D73E24 6285AA63
CB07F2C1 B4188F13 D619500C 9A4AB7DD
B850C549 D36C7FB0 BEF3CFB4 6FAAF963
C9979F54 959A3312 034443A8 3B2BB9AE
19AAB96B 0A15F2FD 01B8683E E16218F0
32911D4F F217AF39 03720BA0 3E7BF88E
58A2B9CA 021D82F9 41B9483E 3547D860
32500D45 D31FAF3D 25770288 B73FF996
12A2E9E8 021D86F9 352B79EE 31D3D8EC
36DC1DA7 FA19BFFD CAF67382 6F2FF38A
19DAA949 0A15C6FD 250D6C7E D520A8F2
32D31367 F719AE2D AAF141A4 BB73F29E
31AFA263 8714E47D 2429547F 34233366
12E03165 F353AF69 EE79178A 673CB20B
728BA982 063FA779 E5A2417E 70F2B9EC
32A54B79 F73BAFEC C3D4F2B0 2F2BA184
90CECA00 0A59CDF5 21294036 7D4021D6
909D7B6F D218BA68 E1FCF286 A92FF18B
B3AFAB42 C719F7F5 45B9E03C 7967E164
52D0234D D759BA64 EFB4B292 AF2D9B81
B2AAEFA2 073DE7F1 65A8402C 31D0735C
32F7196D D711EB68 F347D56C 84D01C20
05D838D1 C0994C80 1DD49D30 82B92AC8
A77F6AFA 28060C37 53E785E8 04D14C20
85D01AD5 CC894524 1DD4ED28 D68D2A48
277D7CFA 60060C37 F347C5EC 81C02C20
85F07A96 C4852983 3DFFBD38 EE8D7B58
A73D7C70 200F0D36 13CFC5CC C5D17C20
06C198F3 548DE080 5F9CADAB 67A9AAA2
F76F2C58 28160537 F7A385CC A153FA25
17B0D8FB DD8140C4 8DADF574 26C8AB1A
FF6D7C52 208CA7C6 F38785CC A572AE20
95A15AB5 DD816160 3FA1BD2A 578C2FE8
B6FD7072 E02F0516 93EFD7AC E5413CB6
05D870F3 5495C101 2D0C9D33 D6AB9BF8
F7F52C5A 280EFF17 9367A78C E7523E36
15D0E2FB 95D5610D 3D249C56 46CA0F38
3CF13C72 350CF755 F3E787EC F5522E2E
1590D8D1 B4D5CB29 1B94FD6A 47892BF8
F4BDEE52 2707BF76 F37C52BE 1E2FECA3
7A08F38B 8B225229 56F08FA2 CFFBEEB0
D682450F 7EA19B1F D2F850BE 1A6F8CA3
6908F389 8622722A 56E05F1B 8DE7FEB0
96CE050F 1BF18A5D 53EA4092 58FECC97
790CF3CE A320322C 76F1FB0A 27EEFC26
9284070F DBE9AAD9 D8FCC141 1A6FEFB8
79B0F4BB 8F284238 40E25F7A 8E752C16
5B27A7CB 5EEC395A 78785E41 6CE6CE73
FC3D54AF F839EB3D 46F05E52 8D65283E
0B07E7C9 03FA2BFB 526BCB93 74E5ED46
3C7CF50C E6243A3C 56C35A8B 4F6D3F37
5B06C548 BCE8884B F268D511 5CF18DD8
7E38F11E FE04DBB9 40731EE7 66233A37
4B2317E3 6EDC8952 20E8C5E0 5AE5CF4A
7E10D11B E8149139 D6623AE7 47A52A37
4B23C763 A4EC8152 D2E8D496 1DE39D50
7D38F10F E62443B4 7661EEE4 47687BB7
4B232721 B4BC8157 9D150C59 AD046B4F
A1FFAF9E 3CD789D3 89157014 1940D15F
2C6CF090 A5ED48E1 89D50051 7C06334C
DBBFEEBA 3CF78CD1 9081F194 8903897F
2CEAA090 456D4AA3 1C119659 6F037205
AEBE0EFC 74FFE4FD 888461F5 590789EB
7CEAE0B8 45CD4A73 91900ED9 B504621D
A1BBAF1E 1C83B9E2 A3597214 B97A514F
2D6CB098 ED7AD3D3 0313005F 7E06234D
E5EAE21B 38F241D2 90DB6798 C9FEDCDE
A824A019 455953A3 35100919 0A067201
C5AD8EF9 3C7AC4D6 3B815118 913BCAD7
7CFAA08A 4DFC4153 809A0C97 BD84602F
A3370F98 18A311CE BBECF110 B9F850DF
3048E890 C9DA40FC 089005DB 7E0CA2AD
E4372A98 3CA218DE 93FF6798 B99F409F
3968B8D3 695A42FD 20911E93 3A076329
A6270EBD 1DA3E6DE 8BFB5390 1933C086
396AE8B1 4DDA5271 B4719845 AD967044
A1F76EB7 74F50DD6 989FD355 181485ED
6D1D5CB0 18E4BA60 76559B51 E9823254
77F66CBA 54FDADD4 3E8ECBF7 44178369
ED3FBCB8 18ECF775 DFD5897C AD80B216
33DA6CB3 7847ECD4 3E8C4A55 B2154ED5
BD3DBA42 0064F6A0 17312B7B AC922344
25E26C3B 5CD10DD6 BA8FD35D 192481BF
202796A8 12E5A7F1 7395B759 87933304
36BAECBA 79DF6ED6 0EC44793 8B9186A5
F731EA04 509CF2B0 8B55033C B18A8286
B242A933 324F2ADF D6CC3A72 E3125E86
B7713B66 0022F685 54792A5A AF1A0A40
A5A24C13 50D84A54 BA8F715D 199480AC
2F38FE80 19C5A6D1 57D90A48 A78A3344
34624DEB 6ED94AD4 B38C215F 1934CA9C
FF71D2E0 49D3A791 E340136C F188B297
A452BDE3 3AC24ADF 96CE4297 F91442B4
B271DAB2 11D3B6A5 4B9AEE2A 33298EBB
9003D32D 0221FB69 4740A41A 746E3C80
C7F741EF 76034E49 7FDECAAF 767B8DAB
8503D549 4367AF6B 61F3E115 F4C91442
86D521C6 E12B16A8 419E6AAC 367FADEB
8D23FBB9 8B218B6B E561A003 35E87410
C6F5B156 AE0B1F08 DB5AFB2A 334F8EBD
98AFDB4D 9B236FE8 6342C436 7C4F1411
C7D5294E 642ACD4B DB5AC93A 7C71FCAF
AB5FFB05 4723AFC0 65F1C401 B1AE1552
14486956 F1676B36 7B7A2EA8 1E79AC6E
807BFF01 D32B89E2 676395A1 75CC1452
D4D5E165 2C2D5FEA FBD65636 3249AF3F
9ADF7B67 8E256BF8 6D308ABE 944FBE22
C705711E E6994B81 FBD2CA3E 5D73A93F
988FEBEF 0FBF8964 65004D22 B4CB3C80
96417B5E ACB8CB6B F9B6CAE8 5E7FACFF
9CABFF63 9F1D23E8 C531C52A B4C83408
467179FC 2CB4DE62 A37D2257 0F7F3742
EFFEF902 7F651A15 7C179AF6 63C14739
E5AFD684 16E8E579 A3E9224A 0F0A6756
3FBA5325 1F651A15 F487FA36 6535DD91
F3BFC78E 30E0C579 82C93374 8F0B32C7
3F967104 5F6C7B34 7E07B213 06010733
FD37D4CC 56E18179 77FD3357 CF3B975A
EBE4B822 FFAD7805 F8C5B847 4FB1039B
EBB7C73C 1AC9406A A179AA45 DF5B9742
EAA41184 FF4D5397 18949A07 4D32571B
EBB74C2C 70E591E2 A1D9326B C91AD6C6
2FAE4105 CF441A14 36D6A893 4A346795
F9F64524 58E590A0 D67DBA67 4DDFA7C2
EF729010 FF6D1B05 5CC79AFF 4E252339
CCF52C5C 13C5B822 315DBA63 C1DF73D2
AB301001 EFC46B15 5CC6A83D 4DB02232
E3F76CD6 1BC6C142 B4CC3A65 C1DA97C3
2FF45116 EF445B13 7CD5A893 4EB020F4
E9771D64 1BE480C2 DE39F847 CC7657CB
F44FD515 FFE07F97 AAC79DFE 2F89333F
4B8317E9 BEE7098A F63AFC07 C58617CB
B64ED016 DFE0AF13 20478DBF 0E15BB2D
C9971749 34E70B9A 7638F82F 83949EDB
F466D057 FFEC7F05 7815CE97 0FCDBBAF
CB030509 FECDC09A F4397C62 CCBCC5C1
984AD596 77D8DF82 A2468CEF 378137AD
CB834567 3EC3C983 7EBAD84E E7C65FD0
1C5BD19C F75CED06 5A453D6F 67A91E3F
CFC7048B 3ECDE002 65B8580C 8384DFFF
FC5AD27C BF6DFF0A 1A578C91 06ACB42D
4F9706E7 EECE6C02 747A494A C026DD61
D8425564 5EF84E83 B2F63ECE 263FAD2D
49914481 8FC3CB99 717B584A CA2659F1
1805D474 06FAE8C3 BA26DBC9 64BD112F
41F10C0B 8B865B18 5013C84E C0AEDDF1
CC01D477 567F6C03 3256CAC1 E43820B9
49810405 EACBCB11 11590C0A 168EA767
9F990B2A 19673926 7E958101 B96FCF83
B6ECEDE4 4FE15561 5341102A 1483A74F
9F932F6B 5D67D928 3490D503 F34E5F32
E7CEE9E4 4D811531 930B1622 36CBEF25
9D910F3B 4CEA6106 16A1B511 F1264D13
F7E4F7C6 49A34560 F5931F01 56CB272F
F7A93EFF 1537392E 3C818310 192BDF83
B4CEBF44 49A01560 54897311 3CC13E2F
91913FCB 75FFC74E 1D13841A 1103D533
F76EFDC6 49E11CF3 D4CB4660 3ACB7D2D
9D932F2F 5CFE230E 3CA3A591 F906CD23
B6F4FCC4 2DA255E0 350B0E21 584B2F2F
AFFD3FFE D5A7B126 1C90A111 1BAFDE8B
B5ECBE34 EDEA5156 F58B1AB1 3ED93C3F
A7B73FBA D4BD510E 1DB18590 9387DED2
F46DFE5E 4DAE415C D1894A20 78D13D2D
A6950FB4 B5BD214E 1D31A498 DB0E5F81
F4ECA658 6DAE43D4 078F7306 4F35D6A7
89FAFB2E 8BA177F5 1150E436 A6AD2371
96B351EE 7A5ADA18 020FD387 0F34FCB3
9FFFFB2C 89A56F71 7571A532 E6843BC9
9EB74516 7A1ADD1D 0ECFD1C4 477C9CEB
4F7D7A46 C7282661 69573DA6 8EE13BC8
5A970AD1 F20B0B9E 03EF73E6 DE3B98B7
9054FB23 ABA979E5 31C8ED3F 6FBB2B79
929712FF 1272DA1D A20FF9AB F37BBC69
81ECFB6B A9078979 33C52577 06F52AF8
9BD329D2 123ACF0D BE6FACE3 C370CAB8
07EC50A1 C1984869 2D4539CA C6F5B2C8
589B36F3 F61A1FED ABE6F7EA CE7B1CB0
04F8FB22 8B896499 251DAC6A 06D53AD9
12D32F6A B27F8B1E EA67FEEE BE70DCB2
61E052A3 89985C29 0319A8EE E6F1BAC8
12F32953 B37B8D2C EE6EF4EF C3728C70
0B6C78A2 A39448A9 A71C38EE 06C11AF8
08DB685B B253BF2D F1E094B5 938BE01E
26340D98 D4BED1CE 46DD530C 981AD842
344CE840 E928D276 D1E095B7 5FD1E01E
44366E5B A49A518E 644C69D8 C0BACECA
A54CACBA C93891F6 516097F3 3FD1A30C
66D02DD9 E49751BA C4D24ADC 8836CDC2
214EE83C 592889F4 B3E5A297 17C92016
25243C2E 955B913E 04DD735D A8D9D15A
B448FA30 43A9E40A 5B700187 77D3A21D
16073693 C883100F 444B5A1D A16EDA92
B148EC86 412AA118 93E013D7 73D8621C
62400D9B E1E2509F A4E60ADD 0B628CC6
B14AEA2A 557827D5 5EE8AA93 17573012
E02C7F46 FB6B1E0C 565D8EDA AD5DCD63
AB08CA82 552DB72D C67DAAC7 51475053
EFEF652D DDCB7F55 555D2AC3 A719FEA3
E269AF23 54073609 C4281397 75DF529B
27FC390E F4CA5B41 147D3A7E A957F066
FB68EE02 1169A684 B6CB5B52 81361F71
18618430 45D31C82 9990B5C9 D7FE770F
4BA05CEB AA72500C 77DED90F 84921579
B16B8E54 C4F31C40 91BAA5E9 C3FA732F
E9A82641 E210C12C 768FDB4F 91B21F74
90418654 C5DB7CD2 DB86AFC3 8E5E3B4B
C9A20019 E2B2510C FECFD30A 80721561
A34A9A11 DFC33D82 9BF28CCB 77BF3BA9
D7B01863 0272571F DE0CC16E E0907C73
B44EDF32 EDE13D12 8BA89881 A7D83D99
F5EB6863 6AD2801D 9642810E 8750BE31
9D60C65B CBC63C02 9BAB8B0D 97CF3999
63B160BB 6A525F9C D66FC1EA 80F0DD63
CE4AF031 F5CC5E01 AB908ECA 86ADBB8D
63C0202B 8AE28D9D 90EFD3AA 84F2FC73
EC587055 2BEC5B02 8B90AECA 87CD3B99
674766AB 02C78D97 9ACF89EE 80C3FC37
8D40F07F 63E43B82 AB938EC8 87D9BD19
4311702B 22A28E1F D4A96B60 AD469156
F9528F6D 727055D3 88BFDCAF 0B02851D
D90BD5B0 98E416C9 54A12B68 A9061157
F903AE29 33DCDEF3 9A8FF38F 03A7D59F
CB0AC5B0 18E4D4EB D6B5907C A9063347
B903CC49 765EFEF7 A89DFFA7 0B838F99
8B0B5D90 18E57FFB C6314921 AD250352
F972A7AE 35F0D7F7 A087E48F EAB6F5AC
510D51C1 5CF4F619 6F254B41 A1213752
F925AEA7 6056B7FF 8897A0AE 839BD5AE
872F4581 18C4629B 56211B21 A91532C7
7873EDEA 72D5BFF6 48CF21A6 8BB7FE8D
9F0B55D8 90C5F63B 66996811 AD2511C4
F873E72E BB4457D6 AA77C2E7 4A84FDB4
5F0553C1 58F8A239 C6992000 AF29E7D4
7A73EFEC E04417FC A87169A6 8B82FD34
170BC5C1 D0D9F61B 46193001 853577D7
7A71ED48 FAFDB7F3 9A7129B6 4BA2FEBD
9B0F434D D0D4E23B D38F0020 4B5F7D95
98992A1F 79752AF1 1C95E507 43C35CF0
A7BE9FDC E01364E1 D38F3030 E0CF3C6D
F891160F E9FD4E97 98A7F506 D2C64A34
76BE87FC 44972CB3 838F00A0 136FBFCF
BA936B8A 3B8D6775 5CA7F4A7 F3865DB0
36B6CFF4 74D78471 5F9F0230 7ACF3D1D
F7D832EA 322D8B44 84A0C58F 5F227C30
B7BE6FE4 ED925D60 95DD2230 0ACB3F9D
B73533C8 38ADE37C 1E00B01E E1466830
A3DC775C 0DD7F13B C51120B1 12CB2795
BAB993C8 1A34E3ED 7433E53A 2122F426
A6BEF7EE 55E6A0E0 359D0225 3F0B779F
BB712BAC D9269175 6421F735 ABA2DBB1
B5AD8FD4 5DA44162 348502F1 0B4B7715
7FB1AFAC 9B245BEC 66E1E61D E9A6F826
84A0C76C 55E4A06A 93010231 1F4B7786
32B1AFA8 DB24A3FC 6461E51C 3B82D962
B4EE97EE 75F4A342 5C104084 7F07F38E
F05EAECE F61097DC 804362BE E806D436
898D930C F4CDB3CA 5C984801 6703B38A
705AA7CD 9418F75D A27242A6 4912D436
880DC72C D4DDFBEA 7C907011 6F13B39A
725AECCC F618D778 A47743BF 09B2D6F6
0A0F835C 94EDFBEA E73DD935 756BD148
F079AF8D A85092D4 365B6D67 EDAA7162
5A111144 D4D1FB8E EE0F7957 A52A5944
765DAF86 ED51C292 7431AD24 0EAD71A7
DE9B39F3 F414E24C E32FFB71 B10F195E
BB5BA6A4 C7388DF0 34FD6C26 0F2773FD
D81181DC 940E67CC 660F4B3D D3EB5950
FB30832C CD51439A 1EC92B49 FEAF3062
893459A6 517C6DC6 3B8FC93D 96F158E9
6BB49325 C5454320 1EC9BA09 8CBD1353
91B62D5B 237A3C64 BB2F8AFD D4891944
A1F4930E CF204150 16E8AA2D CF9D72F3
D8B40D5E A3583FEC 2FFCFF0F 4E3F45FF
17028F13 935DAF45 73C801CB 4B6B7E02
D4F32166 DF20C251 AF2EFF07 243CE4D5
27629F3F E35D9B07 72F829BD 8DCB3603
D4D5F896 97A0DC53 AD3E6EB7 30EC6FCE
A662FF23 9A5D8F01 34E81895 E9CC3480
91D1A902 9F00C550 2D38EA87 7CAC8DE3
9F061500 1374DF85 82731098 CD4F7987
D6E331AF DF20FC10 25FDE52B 3C6E0BF3
1F029E86 5378AF0D 82D9708C 1CCFBDCD
94E1BFBC A722F612 285EEA7B 307D6FEE
9706DE0B 037CDD45 F4E85848 A84931D8
D4F13B2E CE209E00 AD745C12 1A6DCDA1
C8028164 0B6ABEB8 43731680 615DFD17
C242B107 E692CC91 297CDB57 3E6D8DE9
EA538646 0B648A3A C3739600 A14B3D0D
C20331AE E642C882 AD9ECA8E 3EFD8DC1
DB52D37A 0F60BE34 C3613700 A06DBDCF
4B03732F EEC6DC1A 5E0EF3EA E8625D65
D040FE27 26517CE2 B1287D92 CBAAE9AD
DC12D549 8A73DA1C 5E3ECECB 80861D74
D900FD2D 22531E62 B7F83D80 8F3AE839
5C1BD1A9 8A6B961D 5E2F8B8B 82269D7C
9924FC67 24D23C6A 938869C2 9B7AF931
D91A53B1 8A1BDA1E CF08790A 9026DF3D
1110DEFB 76D81F42 B3D238C8 DD1AB38C
4D31812B EA229689 5CAAEF08 B0C6DD38
50D29C37 431FFF60 B79E59C4 DB2EFA95
CD3DB1A9 C2237799 C7AFEB8E 90C49D3C
9017DE7B 04B32E62 93BE0DE0 930EDA15
CD3957C3 CB33DE8E 8FC6D4AB B8A09CEC
304124D9 029C45C2 83F84A88 D15AB9CE
444B10C9 EF7AD899 2DA2F6AB B4B159EE
7264069E 039C55C2 8BF84F80 F17EB388
854E2BE9 EF788C1E 6DB2CEAB 26A8FC2C
7060B6DE 01B305DA A3F86D80 907F93CF
81482261 EE78D81E 59145780 7A41E982
5C1BF7EC B007B27B 47707292 E14C2437
8222D38E 746A3B08 59116298 3613E990
5C3ED6E8 B093BE49 FB4273B7 A9EEE476
E6309940 F46A3BBD 78105281 3613E91B
1CBEBEE9 B03A8E6D 276343BA D96BFCA6
5A02C1D4 948A7B99 DA1274C0 2500A396
5A4B9EEC DA15A0E2 FF7266F6 F9087CE6
CA00C3EE 7C60EA3C 7CB1FE51 3653ED8B
4B1ECC2F 33190829 7A7302F6 E80C7DF6
CE60E166 D468F00D 3891C6BC 7402BD08
58DEDCE1 343B8C6D CB535576 396B7686
CE8093B4 D48B6A03 03945098 33022B15
19C7AEEB 121780E8 DB22601C D178D1C6
1A08C12E 6432F259 8B9B7088 3A22798D
19C3EE89 1A14E069 CB62603C B97ED816
4E02D32E 5401FB51 EB3142D8 3A20A999
90C3EECD 141BC86D CB32655C B95ED9D4
5E089122 540BE750 0AD2D7DC B4300030
168EECCC 205B8A79 83187148 F0DC006C
6851013B A01A32BC 6A77DDDD BA208020
572C68E1 3092E9C2 430D5B58 D49C9A7C
28586033 A21AAE3C 6AF699CD 8A308830
12AE6CC1 0116CEEC 431C5328 F0DFA34C
284819A3 AA0AEF3D A872A6CA B7A00220
5F8264C2 28938AF8 C38E505B E05492DC
28591019 A606A6F8 28548756 3F0C013A
134D6CE0 69DFCCFD 498F50CC F415D25C
347D411F FF38C766 6854B9C8 BA141250
11F26CCB 685BCA7D C99F51FC B0D182AA
285F8B23 9238FE70 4C741BC8 F174822A
988669E1 0AD88679 C39E504A 305480EC
6010111B 9616BFF9 187C99CE AB26823A
D18FED6B 6CD6EE39 C33E50CF 2050AA3C
60184181 9614BEF2 C97CAB4E AA048313
11826C8B 2E53CED9 CB0E516B B05C933E
6819FB23 D619A670 68E97CEE 23A4C62D
47B93357 EC4EF1AD 49508671 0B393AAC
BDE63CDF DD558917 91EB74EE 31749F0F
DDB1B10B AE9CD92D D9412F1E 0A6D2C10
DEC63EFA 96C74917 19CA74EE 1DE4AD2C
DDA175EA A638A3ED 23710B00 ABE9B090
7E467EDB BF0FCC96 E14EFCAF 06E401BD
9097DC7E 8C0EA368 6B703450 28FC78EC
2AF065DF D739F1B7 E182D2AD 16658BBD
80083E1A 060C9B7D 61786CE6 59EE54C2
4EF075D9 D60ED2FF 637A42A8 0C7EC9ED
C3205B45 0E1AB561 E7220BC0 2DF669D2
DA607975 DF18F337 288E4A9F 7F2D00B9
80C70FE5 0829A0FE 21296110 F17CC1DE
38C861D7 FF1B4AFD 49D6079F 7E2DC9BF
8AC52FC6 4C1B45F8 71E94150 7D5A61C6
38E811F5 FF5B43EC 2A9E4A92 7A2C4BBA
82C72FE4 081B40FC E5B861D4 755741CE
384823D7 CF7B43E5 318C16B3 5E8BE69E
7788732C C926F30C 46D1EF65 FFE78E90
956EBD46 5DBD9CE6 B2E836B3 53CFA744
F65EF11B A32C384C 46F5FF6F 67428F42
92AE8B26 79E8D8EA A30C16F2 57EBA7CD
258C39AA E9263308 64E5FB8B 65A2DD00
27E4BF66 19F494E7 F2C93621 538AA68C
B788F4FF CD6E792E 6691D27F 7EE71EE2
953EEE0C 59ADCCE7 72C81F34 53CE45F6
17AED1DB F72A3B1C 72C098FB 24E3CD62
CDBD9FE0 2860294B D7680CF0 53EE6745
278819C9 F5AC731C 64B1F8FB 5D84CD42
ED3E8F00 3DB030E2 B1882305 19CB378C
F5A8933B D4247106 5CE1C335 6EE34AE3
BDBCDF8E 79E85446 F6890D34 439A375E
7FD9537E DD24790F 54A1C8FF 0FA24EE3
FDA4DFBC 79A83046 93C91621 539F77CC
63903330 F52C312F 44A1EAFF 4DA24FE3
BDA78F74 75E8B1EF 8D3BB865 E89C7EE3
AE730113 BFEB8F97 9951A419 0641777F
5FE7E6F0 2F574002 0C7DBE6D 8E9C59E9
BA7B0333 936ECD11 9D5EACA1 8261579F
D5F5E676 0F3650D3 8C3F4C25 8C9DF0EB
8F730316 FBEBEF17 395594D1 A24D271B
DCF5E6F2 45534082 2DBDBC7D EED55AE9
CA6B4A51 AFE36D9B A852B05A A4C9370F
6DFFB6DA 216F4C9A AC6E4E7F C4C550E1
A77205B5 23D70555 BF48AA53 0675570B
9DD5A6DA EBC67207 2F5EFE77 A6D520F1
8D351B12 FBE74603 B352AE91 66652537
F4D7C65E 09D65023 4CFB1C53 EE555A69
E86B4E54 2AA22DED 0346B4D1 84ED372D
BBE7C47D A9C75439 1F767C77 EE555269
E67705B4 00F385C1 A746B2C3 94691699
B3DB06D6 AB96442A 2FFE5C57 8F554C79
CC3D1B36 ABA3A447 0747A6D3 A6AD37B9
E8FFD652 2EC6442B 27C30032 DAEF37F3
9D85AB3E 5BFCEDD3 7931A501 31C75DD7
A6EFC4C5 673E5043 87735423 E36F277F
9FA50F3F 1DE905F3 3931D605 934E4BD7
AFFEC0D1 631760D3 877B502A F2ED7FF7
9BE18769 1BAD65B7 9D33F481 F942490F
A6FC75F3 6F055850 17110813 5A2E2777
198D8B2E 1774DDF1 31218515 F3F65B17
A7BF51C5 EB8F54F3 C6130823 4E2FAF3F
1885870D 1FAF45D3 55239510 BBCA4D56
AFD6C5EF 6F8D3163 070B6A23 DE6E7F6F
DB80876C 0F6CE575 1D338181 F15249BE
B6EE26A5 6FB745D1 A5194817 DA6F2F61
9F490B56 1B6579F4 05218500 77267B0F
B7EF5565 6FBD5541 C6CB4E33 7E7C2FFF
39E18BBE 13393DF7 2D31D583 534F7517
AF9F176D 4BEF14F1 744B4873 5E6D6FE7
BAE98B64 1F2D75B4 3531F590 51C3790D
F7FC07ED 6FD441D2 0591104C 3004AFEF
ADDB9ECA 31DF9D7A 8172D490 D94D5427
C7C5F2B8 05CB2F41 15117029 30852FD7
9FDF8E6A 91FFBD78 8E46D490 990B5523
C6CB8284 E5832F11 0C114208 3083BD57
9D9B8F4C 18FBEC7B B353C591 991FD4A7
C6C2C290 45967B01 45991988 7400EFFF
8E958EEC 01DBEB4A A564D09A D98AF43A
FF86F288 45D16CDA 0C95003D F0826CFF
87D18E8D 72BB8B5E 9C54E219 D98AE400
EFD6DA92 6D99C788 0D33721C 288068BF
8DD11E85 BC5B455E 1300C791 99ABF0EB
EE9CCA90 45A04659 99174CA8 3400283F
82864E90 F0D38F62 8554C298 B18A7D2A
A6E4B238 6D972B52 ED9748E1 34117835
8AC81A94 65DB1B4C 2754A20A 880B7C2A
E46C8212 6CB64672 3913584C 3895783F
84CB16B5 74DBAE62 AB44C211 C929FCA9
E4ECA212 6CAE6792 04419B79 E9827354
11D58F7F 1CD99DD6 989FF90C 3122D14D
245E8CB0 8AE67265 B8C1986B A9877356
13D4CE37 5CD7CC56 B98F89AD 0116C15D
A00F0CB0 9A734E35 BCC19B59 AB023354
329F8EAB 54FFECD6 BA9EC1E5 41168BCD
691E0CB0 48755F75 8760BA7F A5AA7354
31C02D0B 7AF918D4 899C5945 29065545
F47CCD28 82E764E9 FCC5B864 91A37356
04C48869 4FDC2548 98A6F9FD 0916D5E8
A7EBCE36 52D7E7A8 9FC1B309 37127315
62928883 5CDFA8F4 8896F1CF 03169F6D
F91F48BC 53C7F761 4D61139F F32A7314
31800DAB 50CBE354 8B8E7140 3BB255C5
61380989 92E2F6F3 5BC0135E B328B384
34C2CCA7 1AC68AD4 CA8FB445 9BB4448C
73380DAA 52C2E6B5 C3D12B5D B708B304
20808883 03DFCED0 829E76FD 9B92C7D0
FB79D9A9 52C2F675 F1603017 D7AEC45E
73240534 796E1186 4CE7EFC5 DB32DD47
11C07CBD CBF8D7E6 F1481033 91FA804E
F2270D16 49EF3086 44EB2E41 B51ED583
01C0349D CFF0C147 41083B33 99CE87DD
62608916 4DE63192 44F34285 8336D507
314676ED 5BE0C146 B1E01215 13FCA45E
6B240524 F36E9806 4CFBEAE9 A51F7D17
3148FACD CFA11347 BD881A17 A59AA05C
6A24272E D6BE9096 CCC26A89 815FD4D6
15C83A9D 4FB02B0F 08401B17 D9D8265C
6244054C 496E7296 CC626A89 9D36F486
3142BBAD 5FF4D75E 51A00317 531EB04E
E9A47D6C F87B1204 CC3B6ACC AD1F54EE
2048E22F 4AED27CB 74942A1F 733BF2CD
694E6F25 E07A5E04 4EFB1A87 250BD4E7
6040B2AF CFE136AB 54441313 700BA296
696825ED F96A5281 8E6A0A2F AD175566
8942BAAF C1E1FFC8 FE35D045 ED417B5B
8877EECF F499F5D7 881554A6 8389617D
198FC248 144F8CDA 5F39D06D A987D143
9AFFAEAB F0D1FDD9 210CFDAE 80812B69
5B8794C0 345F2ADE 7CB5D249 CD0153CA
B37FAE4E F5D9B5DD A91FFCA6 0C87BAFB
1F8F1858 1C477A9B F71DD095 A5012847
A0ECAECA 239BB4FD 810566AF E981653F
1D0FD068 18DF9A5A 57B4E0A1 A1025A56
82A8AEED E2D9BDFE B038292F C981FCB9
5C0FD189 5ED78ADF 43950231 8D131AD2
F07DEC4C F0DAB7D9 A91D2B26 CF87D2AB
959E1AC9 DE76EFBF C61F4AF3 E5261943
806DEA4C E3B96DEC B16DEAAE A38965BF
4E0D40C9 5C7FEA3E 170F41C5 A5221967
827DEAEC 3BD0FDE8 B11DEFBE 8381E4B9
4E0FC078 1C7FEE1D 578F4211 850259D5
B36DFE64 F8D527E8 996DCFB6 C78172F9
568752E1 BA54FA9F 1C915040 2000F38F
D01BE65C A085D4FB 855056B4 89B9F03F
1382C3B8 7DCA4B9B 1C155008 2202BBCF
D83BBE1E 7414F449 81414FBE E98BF83B
16069298 5DCA499B 5C914200 2F03F1CB
D03BEF1F 70B9B46F A94355B6 8DBFF82F
1303DA98 DDCA689B 58155605 230333DF
906BA6FD 71251CFA 88C75684 28AAF09E
178796C4 FDCC49D8 18057ADC 6282B3DF
90246E0D D409755C A1F7A4AE ABDBD0BF
13069798 5DEEC3DB 3A916091 249270DB
F03B871F D231B55B 8563D2A2 099FFA3A
980BA788 4DCCC8D9 2D9550A5 230151DF
727BA658 F30475DF A0F1F2A0 AAA6F133
108B8360 FDCDDA1A A1107EC1 6B1511DF
E0650A3A E12D157B 91F17F2E 28E3F89B
108A8374 DDC4C89A 27954681 8F103ADF
B22BA23B F110347F A07342A6 49ABDB0B
198FC55C FDECC89A 4CF38D48 E8541254
07F26ED6 5CFB2D10 BF9E1919 506403CC
687988D9 28462724 CCF3AD4C A4547060
05E07CC7 5E734F84 B38E9073 D02C17ED
6D395023 2A5675B4 9CF9AD4C 80041260
83C744D1 1CFFEC25 9B9EB111 500D0FED
FDFD1483 0A167634 1C3AABDE E57C5833
15D604CA 14DB0C50 BDBE1159 303C21DC
64BD6ADB 20463505 DCEBA94C C794F2B0
536654EF 94D94496 BB8FBFD3 983425CD
E680BD43 20037426 DCFC8948 8E941221
059704F4 74F7CCD5 BB9E917F 52488E1D
2D8DB4A9 22137FB1 48E3034E A4961236
05850EE3 1CDB8B44 B99ED153 983885E0
7038BC39 008237B5 08BB29CA E0863A24
278220CA 14DBCA44 890E9159 F81FA58C
6239AC3A 0002DF35 58F9AB4C A0865228
14C70CC3 04DFEED4 9B8CB559 BA14C4AC
6DB8F89A 021B7F75 318E04B0 57CBEF88
A799392B EC06616E 45F0CF37 CEA34AF2
37F6FE5E 4135B5A7 310E35B4 5343A39E
E5933109 882C534F 67E3CD6F AEA444C2
3656AEEE 5195BCA7 B18B04B1 17CBC9AE
63BC3BAC E0A8236D 65F2DE3D AE8448F0
A6D4BFDE 71B4B5E6 318A0CBC 46C32E3C
E69D73B3 F806FAEE 65E0AF17 8FCF4AE2
BDF6BA66 59948527 5B827D91 4743BE7C
878F7083 CE1C3A6F 65F9ECE2 A4624A20
BB568456 6916C0AF 130E17A0 115BDE2F
E3B339A5 C0A2B76F E5F1BC3E ED8AD970
02F4BF7E 712EA4AF 330F0DA1 500B2C2E
979F1ABB F007846E 45F0A331 AFCF4A32
B0FEDC76 6D2C3946 338A3DB1 76035C3E
C79F3AA2 F55A9067 44E4A528 0DCA4A33
B0FC8A7E ED2E71CE 130B5FA1 70437C2C
E3BB3BBC F01B146F 2CF1D419 CB8AD9A2
F4FCAC7E 752420C4 70792475 559EE650
27345933 5D2F4116 5EC78F55 0E03C793
A56CECB0 0DA19462 4465BE7D 43DEA61E
6760193B 7DAF5107 24DFAB17 001187A3
A56FFC30 15E905B0 90E8BF77 4DDBE64D
65540433 7DEA5196 5CD49A5D 2E1106B7
A56EFC08 15E524E2 57392CE1 519F964A
653ADD3F FF23730F 744DAEDF AA33BCA2
BF56BF04 50A531B3 1731296D 039DC641
67609E3B DC071B1F 6C4D5B77 822B9CA2
AF74FE02 202EE107 17992B6C 75DC66C5
2D58CC11 F762D999 3E549A77 AA24D4B2
FF76FE80 10A1E3A2 D6113DA8 53DB8FC7
B5C8FD7D F428FF05 C4772FCE 632AFAA0
CFB4FF28 D89BF685 57A64A88 46C2D9C3
9DCDFC7D E6C85F4B 69402FCE F30EE8A6
CF35D501 D823B291 76A74C18 53C28DD4
8D48FD55 E6497F01 A868AFC7 EF2FE8E4
DEF48E86 5007B39B 074D6AAA 0E6F1F97
19C8FB22 0A6586FD 3509B866 232618A0
B69F5FEE 529FEE6D 835B4202 022F5B97
13DCEB2A 2B29BEF5 1530D884 65425160
F49F19BE D21FEF69 A74F202E 072FFF07
1B9CF9E1 2A2D2E6D 3539B064 ABD65B2C
F69D0D27 F21F366F C3C97BAA 5E3BBFB0
5981DBE1 2A616FE1 BD2CFD2E 37E054A5
FC9F5CFD F3B8FAE5 42CE594A 863F0F26
51D1C3A1 234D8FE1 BD81D9EF 37C02660
F87D57FF D1522C66 C0EF6C24 D32D9C36
1AD5FBA1 0A3C0B61 1FA9C43F 77C66324
F49D15E7 B2598EE6 CADEFBA0 2E6B8580
1C02B10D 0364F957 7F98393F C6E03E45
59B71DDC F2DA8C63 88EEFF6C 84F98DFC
7C201B93 670C0773 A6893DB5 4DF41E98
10377FD2 F39A8C27 EEEFB464 85E999A5
6A3183B2 0F14D7E3 A790A0E1 56E41BD0
54BF2FD4 B31A9867 92452F68 21137310
15D8BA8B F099E671 9D9CF937 8A2404E0
2837BFB8 108EB665 DA65B768 21037300
55F3F88A F0950975 1F047C3F 8AA06B60
FC7DF5B0 B48E3625 D967A748 21117014
15BBF8BA 38DDAE71 BF8D783E EA803A61
FE3DDD90 902A7E65 D60D37E8 640B3790
31F4BA49 54C49F61 34DD797F 8BA23BA1
FAB7FD5A 94BFBE23 31690C68 A4835A4D
B5B4F698 19959969 0ACD5D7F 8984EF1E
94B588F8 90BCA627 C15F6C29 B7493149
3490FA98 1AD48863 0E845CD8 8DE47B90
FAB5A96A B3B69EA4 A5ED9D5A AEAF85D1
B743B251 09C4BB4F 025C9D65 33CAAF11
DAF33DCA BC8ACD90 34FC18DA 9CECD587
7F17B25D 07A6A1AA C0410DC0 A147BF1D
DE6F2446 BFD2C9B8 75FCEC3B 1BFCD541
7E25B1D4 0FE3A242 6645A0C0 214AAF0D
4BEF716E 2FFECD3E DCB8DC5D E0A04F7B
AA078455 D7D30F0A EAF607D9 DD5DFD1F
CB60A271 0F9205D0 5C38EE57 E4D001E3
AF16AC5E 5753DE86 8A4C85B8 D55D551B
4960E063 84F5C0D0 1C18EC5F ECC00DF1
EC56A677 DB53DC06 EA58A681 9D7C359F
4D60A059 4D82D280 BCF88F57 A0F04FFB
E80B8F5D D3333632 CA568789 9059730D
57608207 2CE04391 FCBA8657 9CF80DFF
EC69AB55 D1330A12 915A1E82 92C95B9F
C764FA69 4FD112D6 1C98CF7E 14D9FCF7
8D5E12B7 54639E16 6A431201 DA7B6091
2549E015 6EE04010 7D3B0C5B 96F48DE1
CC0B05DC FD331A12 CA5286C0 0319FF0F
EF20A203 2CAB5190 75B10C5F B8E696FB
5C0F6655 C3271A92 CA42AAC8 933FF71F
8700F225 2CEC5193 3CB95C5F 14DFE4FB
CC6F445D 56233A12 B2430A01 A27DBD87
6700E02F 6EE04012 C8B00DD5 17882285
2DB36996 DDEBA916 6AD67311 706D45D7
6064E49C 25F801E3 ED901457 6FDCE290
2D9F6B1C FDEB0B18 6AC63613 701D0553
6867B4F4 25F103E7 E9F03F5D 2AD82290
24DF2B3B DDE7E806 6E562211 781C45D6
6866F4B8 45F81363 48728EDF 179D229B
242561B4 FFBB3816 6CCE6111 50795572
3C70B434 29F915E7 65142657 5F11AABF
844EEB19 BDA7291A 647E34DB D41C755A
7470FC3A 01BA11C7 E9701755 189AC43C
845F1B3C 7DA758BF 4C461453 F45D3636
3C72B4B0 45FA41D3 D1F00EDF 1695221B
250F53FE 5CB3821E 6CD74618 18590558
356EAE12 2DC901C5 F9580EFF 7694ACBB
C5CF6356 7CA2320E 643EF618 90592853
3664EC36 29EB1925 EC500F77 388DC63A
A44B0194 7CA7D0BE 44463611 B81D4402
3F64AE9A 4DE84DC1 191A7CAA 7E35CEAB
C1935F78 A222E7EF 73688748 1F69AC94
1EF3A157 4D03DD92 897E75EC 6AF48FAB
C58B1FFB 060BC72D C1694F48 1ED8A09E
1AF4E1FF 89428C90 093F6CEE 78FCCDEB
CB833FC3 8A00872D E7799C8A F75CF8B6
56F1C75F 8B0B94B2 29D276A2 3B297AA3
16973FCA A232E6E9 61313518 994D06D6
96F7E1E7 57099D48 83D7668E 337B47B4
CF9B0D30 A722F529 C169179C 3D4FCC86
96CE72F6 01287BD9 21FE64A0 6A79C9AA
5FFF3FD3 40129F29 85618FF0 BD6C9E0A
16F0F7CE 6D0859E3 A5167614 7A2D28AF
0ACF4EE6 0B2525FC 15305010 D8436657
B7EE93F7 E73D5AE0 299744A1 7827CDBF
1ADF3DEE 3133916C 55216713 194B47C6
B5CAEB76 E73D4AE0 243E4C82 7C2F0DBE
CAEF8FC6 1B1B2568 9531D598 3D4B46CE
B6EDC375 ED2550E2 F3CE9D7B C0F04C69
876030B1 C4CB4980 3D8CAD49 C69F3ADB
9962E873 0B628596 7B4EFFFE C4F4CD65
851D4AB7 A4930980 3F9C8941 46BCBB5A
DDE03A5B 2A5FCD96 D34ECFFE CDD5CD74
C5612A37 84932902 799C8B48 06F83B59
F5C06A78 633A8D14 70EBAD2A D4D30C71
477170D1 B4438DA2 3DEC8D00 87BDEB49
7F72BCD3 2B165586 32CBCDDE 41F34461
C5B978F3 84D3AD84 39D4AD4B 16C9F300
7F60E883 6EEECEBC D1CF9FE4 D0D64C67
C5B13037 C49F29A2 3D19B84A 97D8B703
FDE43671 6B2AD604 21EBC5EB C4DB0C25
84D474F3 55E52B0A 2F9CADC1 B6FDAF09
FFFEBC73 290EC53E A3EF85CE 90D14C2C
85997873 C48F2902 3BECAF42 17EFFF09
FFFC3E53 2F2E5DBC 91EFCFED 20D72C37
87813EF5 C5970127 2BC8BC48 16C8BF08
F7ED3C7B 6B0A0D96 DC10CDE9 2C83F98A
749BAEFD 7017E67D 8F9B429C 88029C76
2C0AD398 F4B47BEB DC31CDD8 2D027108
745BE4FC 701EA4F9 AB0B4ADD 88AEB4FE
38088F19 B4FF638B 7C30D480 30025108
505BE6DE F01F9CFF DA0E4758 E80AD47E
0A089931 D4B6708B 10915CA0 2C007D9C
369FAEE9 7616C4DF 8EA37114 9966C0B6
B02F9332 E4BD7B69 E1113719 6B019110
520B76EC E211C5F9 CA2B4414 797AC8B6
1802D59E D4B52B44 38115190 21235518
588BE6EC 7013987D C207070F F82AC7AF
BA08918A D4E4B00B 481014AC 30037B9E
75972698 5656C65F EBE67115 9972D8F6
282A9112 74CE736B C81114C8 320B3614
74976618 5014A6FF C247513C 2962D12D
B82AD1B2 F4986048 78111388 320B7398
709B66AD 52148E7F C246650C F91BD627
2828D192 D48E6B79 AC147445 E104B8DF
F063A51C 33AC9CC9 847B54BC EB35B13F
8981B378 9DD85B9A EC146745 E28699FB
B0228D1A B23434E8 25DB64B6 3F28B1E7
9B01E368 DDEB1B9A 6CB4F641 8E163BCB
B02E0E0E F3B8B5DB 694944F6 09A3B3E3
C983BA09 DDF85A9B 091E7545 7A84387F
E26A2E1E D32C74DB 016B75BC AFB7F11F
99818328 79792A8A 0B156905 6AC51ACA
B0BA7F9A 21A1FC4B 35E9F4B6 FADF909A
4FC3D299 49FF1CDB 0F166401 4A3578EA
A02A8E1C F8B5B4CB 81DB76F6 4CABB3DA
0907F36C DDF0E8DB 8D9E76C7 2D0478CF
A2736E1E A3AC74DF A2656EB4 E8B5B55F
198BC260 7DE90A9A 0F1F6F47 EF17B8D9
82711B1A 33B9347B A0E77EB4 49B741D9
19D382F0 594148BB 0EB67603 4F3639C9
E271BB3C F9B935D3 876B4DB6 4A33B30D
0A8BC2DC DD454A9B 9BE6AB5E D2798EE5
0CA84017 99F16B10 731CB542 DC583369
E931295B 221A80B5 137287DE D1FAC6E1
ADED1835 4DC30A10 71183563 76F867DC
79712129 821FC3A5 8B4EEFDE 89F80C71
ADED2833 8BC12A12 774E3563 B6F92350
6D712A63 AA1A5364 DA629D58 A3F8C2F9
005024D1 4F886A12 4D9C3569 54393341
7D737D5F AA5A05B6 65E6CDDA 83D0CE39
797559D5 65E1E8A2 566EEC60 B5F8B3C9
6373277B 225B87E7 E562CD5F 8DF8CCE9
E5E10936 29E9A912 67CC8C41 167C22CC
7B71324B 235B0D64 A8F2975F 8BFC40EB
A4600515 0DEFB1CE 47CC3541 3E7934DA
38687877 AA525C94 A9F686FF 8EFD883E
A4E20951 08A39182 46E89541 B67923DA
356C38FA 2F5A0DA6 A9469F7F 7EFC0A6B
A2300910 09E72106 47989441 967920DA
3D6E6A1B 2B5A8D45 53AC4410 167BEE8A
6F1CF1F8 A18052AD 6461BFF7 AE81ACB0
0336DFDF 56E0BCAF 03EE44B6 5F7DCE8B
6C14F1FA ABA0722C 5473BF56 FCC5FC94
12A2D5EF B4E30D2F 03EE44A6 57788C8B
7F0CF14D ABA03329 6461BC2A AFE77C34
0285C76F B6D3AD8F F2885110 1A7BFF48
7B3D91EE E52852AD 4C418FF7 EF85A8B3
8B3723DF D4BCAA6C 97E9E152 514F8E48
EA1DF528 A820B0BB C4E30ECF EC64E8E7
3A2E55CD F4F7312C 666461D6 D16E0EC9
7B35D54C 8228932D 46659D67 A7E1FA97
8A9FE50B BCA0B50B D2DD7120 56DFBF48
5839D12F E5285F21 7C51AFEF 45E4EA61
8FB777DE 55A9BA8A 82C961A0 516BB503
FE39F16B BC28D229 7C71AF3F 05C2CA76
8F8717DF 34AC23AB C38B70A0 556BCDC7
5D5DF563 AA285B2D 747199E6 67E01AB3
8E974747 B4BDB08B B992EC99 3082212E
9C192EDA 201F3C6A CFA24380 D5EADCC2
204AB2F8 E5024345 B9821E99 34832937
88192E69 301FBCFA CBA27388 D19AD9F2
31C2B290 E1205251 39925FD1 3882693C
815B2EE8 A01FB4EA CB604788 D9AADC5E
A542BA98 C1587357 088006BF 140BEE3E
F71446F9 566D525E ADE6C308 BC3FCDD8
296CCA00 6DA0556F 4C801A3D 3C0AAE7E
A1130EED 542F41D2 7AB28000 993BFB8A
A9ECD200 6D6186DC 1890019D 5E80FCFB
841A2EAD 544BA4CA 49E2FE08 DD5FDD82
B94C92B0 4D2844DC D84D34FF 375CA614
4F016691 D5650A24 CC468664 B9345D01
64089C30 4881955E FDE90637 3554B607
8EC25814 DF9D0A25 2CCA0622 7EEB7F41
623C9C37 4CE1C47E EF493FFD 3858F6BC
20622A95 554D2EED 096336A2 BDEA5F01
343E995E 48A09D5E 8CD63C46 72FD2EBB
86F75980 9B73CF7D 55629499 F05D3607
E6E5322F 271F8900 2C5A7C47 787DEEE3
8FF15930 1B71CF33 B571B4D1 F55D2607
E6F17217 2F1FD740 2C5A7C2E 78FD6CF3
8FE71B70 9B69AE11 F353B4C1 FC49264F
E6F532BB 0F1F4700 AD729C67 7AFD2DB9
0F9B59A4 49F09358 C570B053 F4492779
F6F1106F AD1F7481 09728E1C 7C7C43FB
8EDF59E0 58E9F81C A17490D3 B5CEA675
57A67C8C 0F9755B1 0C72CC6C 58F849B3
9FC10BF3 1FE58C9C AB21F0D3 D4D92047
FFF13C2D 059ED9B3 ACF20C7D 7ACD6A79
8EEE19F6 9FE0CBBC 773094D1 700F264C
E7EE3635 6F1715C1 A05A4D08 FAFD6B29
8C8109FE CE6BC918 3722B25B F49E260A
6FB2141D 2E373480 39FA444E 7AFC4FB9
DDCD0972 DE63C838 0701D0D2 341D271C
EFF07711 6F9F55F1 2A930CCD 56186AA1
1596B95E 9B6BAF19 4B603253 78ED8456
7AA5D1E8 2452A318 CA3B4644 3E182BA1
4DBAD1FE BBABEF1D 5A62F013 F9E96786
7A2787E8 24D2BB99 2CB1660C 6A3CE0A0
3DFF53FB 9AAF8E1D D612B35B 796966A6
782583F2 241AAA10 AEBB2D5C 53B966B1
07BD549E 3CEBAF11 743B3153 78E9C571
FE369568 24422173 2EF90E4C 4E8946A0
0FFF0348 6EE38F39 FB7B91D1 EA4D8DF5
CA038D29 240261D0 AEFD6D5C 7A9D0680
09BF43CA 5E2BEB5D DB4E9759 F8DD0734
76219D42 2C1B07F0 1C7B0C4C 14D566B9
058B0C92 1DB7AB39 7F169153 12E046E4
2B3DA53A 200E3574 BCFB1D7C 5CDD06B9
0FAB0990 5D87873D 7D0FD418 B2A106E5
6E377D1C 200A2550 BC719D5C 38D966B8
9CB30093 1EE7EA3C DB069451 B89C06F1
EC7BFC10 209A3570 F3698323 CBFFD75D
B2C02937 4FF43996 3C9F8D6F 57335B01
B5BC5D55 DA94D4F6 F769B527 8DEFD74E
B500C137 4F642386 3CAFADE7 76178189
3FBC7945 1AF594B6 D369FC67 A5CFD34D
F6C00117 4FC54196 9CA7ACE3 26165199
97BE5D17 3AE6C434 E7493007 836B25C5
E317A965 0376B684 3EBB8CE7 0F32F5F3
A59C1E6D DAA5F67F B7CF5033 83CB37DF
ABD40129 B588108F 4A8BA5C7 8393D512
879A2AED 5AF7450F F5093123 8DF93747
F2C08564 13EE0097 BCBA8485 8FB6E48F
B7CA1A5D 5A47D5BD 57492331 C14F3345
915CFDAF F97A8BC4 1C018F2F 6F04CF33
F71D5FC4 53A427AE 57C13010 C16B3745
99DFDDEC F87A4B94 3133ED6F 6F82C727
D7BC0B84 52A576AD 13413303 A75B77D7
9BCC6D6C FB484394 3C218927 CF86FDAF
957C1EDE 5374F7EE 5EDECDEC A470CFB9
CC12B6E1 A45A460A 7B728EEB 1558FE15
423391FB 2202098C 5EC3C5E1 A4D06DB1
D55EBECD 50D60E03 53D0AE09 D49CFEC2
47159177 26870FCE 3E9ECCEC A0E08CB0
DD5FF6DF 40520E0A B3C7AF28 F6ECBE14
063191F3 A4071E0D 4A46EEF6 A550ED26
4E53F6E5 955E8611 DFD6AA23 9D19E7A6
5F1310CA 2443D980 7AD2F2F8 A5C4EC6A
C757E240 4057869B F1562B01 5ED9D742
865588A6 2482523D 7ACEE3AC A041AC72
9D5FDE45 4252CE8B 3BD62B33 E6F9B6B2
04419956 A08B5635 DFFEEEE8 B0708FA5
5C13FECD 55D98609 FF769B8A 874CFA20
C32345BA 26A3E9B9 DBEEE6F8 A472ECF4
5C56FE43 D65916A1 DBD70F0A 87C8F9B1
C7614942 A62BF1BD 7BFEE4AC A0FB8DFA
9D47FE43 065A7E89 1B570F42 A6ECEFB0
46219166 A68FE83B 75E19175 89C23342
A3F54CC6 4CAB1896 B00FEF74 B68D577B
052EACC1 09F67CEE 55C11124 CD423A61
A1F56953 5DA26096 200FCF50 DC1D6BFF
47AA34D9 09F659AF 76C59171 8D835269
E0910CDC 75F6C096 180FAC14 5A8313EB
BFAEE4F9 50F55DE7 F6E18971 C945B161
F7E578A0 0CFB8884 3515AFC2 5F1F5F7B
496EFC61 08F6772E F6C90328 E347DB61
F2E519F7 FCFF8882 159DFE82 D63D7F6A
DF212E51 1B2FD7F7 D5E79354 E153BA2C
A4F14C55 7CD783D6 198FBB87 4AB96773
FB7E94D8 1AED672F 724BA368 E5463A64
C5ED58EF E4C34F05 BD1D8F76 5EA99FA0
5DBDDE79 19AF372D 524B212C E1501C77
85ED78E1 BEDF4785 B98DBB57 4E834F63
5F3D1E59 19AFB73D D3EB3B6C E150123D
95E558B5 FEDE4F05 99CCBD73 5A882DB0
7FBD9E5A 332B7727 1357879D 1689EEAA
EFBFF801 A18E7238 5E6152A0 B4D8C8C2
1696EA3F 69A9BB1D BB1305B8 52CAACA4
29ACBD4D A28C703C 556951A1 E5BB40C2
5204C36E E939EE1D 13B34388 72FAECA0
1BB5C808 090A7378 967A656A 25DBDA42
120C83A6 8179AA59 3605E5D4 16C0E4A0
6E3E17EB 848FE23E 56D6BBD2 AEC9EAEB
4224F950 25C828D3 9E54E9F4 45C06C10
2E6FB689 AD80127B 77C4DAB8 2E598222
6234A553 2199A9D3 9A3F63F0 DAF04C9A
0C6F976B A0A8112F 57467A3B 2FCDA352
5204B1F2 A1F9BBD9 BAECCDF0 04D98680
6E3AD098 F1ACD20B 5446AF7B 86C92A63
4F66BE9A 248C8046 9E6CF5F0 46D9D6AA
6D7A52B1 E980DB2F 6644BA7B 06892E70
4FB7ADC2 248C3806 9A27D5D4 51C08C3E
2D7C5013 A1A4D92F 7646BE6B 67CD3F62
4E25AE0A 2488A016 8CB13441 EC04234A
A8DFAFFA 9CCD9CDA 8816E08C A59DC14F
598BD5A0 2DE80368 01C40E60 3C0D6A4B
C83FAB7C 9CAFF079 6230B489 BDACEC4F
5ACBC482 2588CB0F 20944610 0E07E38B
A03EAE69 9DBBB06C 4A007791 55AAFC43
5B80E0B4 C5D84B9B 8CB03C4B AD04724E
20756F7B 3E89ADDB A814D034 39934555
198B9490 00ED4252 ACF10CF8 B8B6F3CA
08AE6ADD 7CD9D5F3 6816931B 09114F5F
7DAB85BA 0C8F4F65 2C90564C F82DA37F
8866A6FB F4DDF47B E9075F99 57B38FEB
59C980B9 558F50E9 A6103457 B984328E
3075AC9A 3BA5B5DE A8575034 1831C557
044FC468 F8D9C678 AE30146F F5B273DB
30638CD9 3B9D85D7 AA066472 1A3355C9
0D8BD818 E8C54A7B AD903403 7916B289
B25B8EF8 F897F4FF 881E4515 1B33054F
1D0B90B5 C8C55A7B 0C11B445 019C26D3
ECF754DE 5DFAFD12 EC47B69F 1A05A73F
428DB480 14E42840 46993040 091862D1
ED93125B 5DC2BD13 14579693 1A052FFB
C2ABA490 15E43943 4C113441 21C866DA
ED77165B 7DEAF414 FAD7AE93 4808AFAB
43ABA690 04E63850 241520C1 41D272C0
263B969E 39F03C5F 54D7B3B3 4A230E33
428FC668 A5E03C40 2F3C7040 519C2699
44921413 5CD87055 0646B793 4C26AFA2
82A5D410 35E53F90 16BD5045 699273D8
546E145E 58881443 12C7D7B3 C8260EEB
C2AFCEDC A5E13B9B BC191451 459F64CC
643B1614 F9AA741F 165792DD 6A870A37
42E5B6B8 A5EC2940 B4990421 11D637DC
6760163F FDB4601E 3647DA93 48A30B23
4326D638 25E03F4A 92991045 5FC276D9
6477103D FFE9551E 1444DB97 6AA70D22
49EFFEB8 35E02D0A EE66F9C4 A97458CA
1673D5D3 20854671 8BBF50FE 26C0A16D
5A1141D1 322E262E 2E76ED54 8D7C58CA
3F7ACCF2 2A982E91 8B8F5076 4EF53BED
0B3F11B1 B20EF22F 2C76ED0D 8934529A
1B67CCF2 7A55AEF5 8B8F7176 2AE5234D
0E374131 920E7B2F AAF4F9D6 A8745990
5C489406 A884469D AABE706E D6C0206C
6E530179 321E232E 2A77FFD6 88FE1281
7E44D402 688CCE39 AADE71E6 EFD672FC
0A471083 B77BFC3D 2E74BDDE AD3E1B9A
3FEDE4C2 2A988E85 AB0F507F 32E123EC
4E1F4343 9256ED8F 0A74F1DE A26C5380
1DA1C403 2AC084D9 AB3E7866 665000B4
4A1341C9 3259A289 2AF4FC8A ADF40390
5902D0AE 2A90AD99 4BAE796E 85C0226E
4A9351A1 9258A283 8BF5BCFA AD2EC390
79A9E88B 2ADCCA19 C38F456F 1ED0220E
4A9303A3 931FB689 73245397 BF13B18E
715CADCD 6695B0EE A47F4FE7 AD96A8F2
110A5B4D 747DFE6E F3205196 FD731796
5374B5CC C68032FE AC794FEE 8D96F96E
031A590D F3F8BF2E F702C5B1 BB33D39E
3360B9CC A09037EA E47E7BEE 2DB6F9F4
130A0F65 9B799FAC C28FE393 65339986
56DCFBE9 C491D4C4 B4696BEF EE8AA84A
1D140939 D239FB4F 42275330 713F950E
10ECF3C9 271914A4 BC69FE2E 8F8599F6
1704150B 9819ABAF E62A0191 F33E1296
3BDCEB4C 721C35EC DCFD49AE 8D86D8EE
534C47ED DA25AB6C D70C43A1 693BF104
733CFB0F E81159FE 3459CEAF CF8628F0
DE970BCE D72DBB8E AA2BFBA1 49BB51D4
133CFB0F FE103930 B4794A2E EF85A86B
5E952DC7 F368B80C BFA7E6B1 C32B79D6
33BCFB2C F21C1574 B4E96A2E 4FA3F86F
DA851D4F 993CAB8C 538F5622 0757B66F
A05F321F EBA510E5 3CE58F3E 8E2B7FB1
97F7BEDC 5D851CC3 738F1024 0553A6CF
E7DF3B05 FFB434E7 3DF0ED9E 0AA13CB3
97F3FE54 11A159E1 F58B36E4 8777AEFF
ADDB7301 FDA410A5 35F5AF9E AFA178A1
97E60EDC 35070DF7 138EFE95 C55374E7
83532A37 E32614E5 3CF18F9A C7A33FF8
97A9FE4E 49854C86 BFCA9CEC FFD3A5F7
C7F72344 EFBF356D BDE4CB91 86AD2D33
93E00E7E 21A459E0 750F34FC 81C1FEA7
CF5D2B72 F1AC65E7 3D648F94 C6A52A60
97FDAE5E 23A449E3 370E6231 8DDF7075
A3FF3A7C F93719A7 3C718F9E 4683BB79
97CF6E5C 6DAC4BA6 730E40F5 0D51F87F
83FD2B50 D9B777E6 3FE1AB92 46A33D28
95CF3E5E 3DA54B26 B18F42F1 0DDB7EFF
87FD3B34 F9AC35A6 3CE1A8B6 47E328AA
96EDAE7E 2F244BE6 7506BD11 D8D36DE0
989188DE 22E360B2 1F367489 F427455C
354ADA28 EA5F1984 712E0C63 9C972DF3
A4097416 63A37E66 5F268481 BCA665C1
875B8646 6A56118D F126C563 0CA17DA5
A0CD2858 61BF7076 DF36A549 942E66CD
D70A241F A05A518C F5A59189 C9829554
DB68E45E 64BC94E7 A82C0DA0 E01220EC
240E8CB0 C8464CAF F1C799FB C9C29104
12F8B4DE 64F0F4F6 B20F49C9 6016F8E8
3D8F5D18 88375CFF F964996B 69835134
F3CBA07D 359C7464 9E3ECBE9 4032E848
170F1ED4 C87799DD B3051BAD B183B314
33D0AEC8 3094A4CF 8CAD4144 ABB6C0A8
301ED920 D8C58F7E 93E5A389 B582B314
73B8A6CA D09614CE 8898444C CB22D9A0
328F9D18 D8A4AAFC 93A5B121 37123304
7290ACC9 509704CC A8BCC5BD C9A2DDCA
BD0C9D68 D8E5AF7E F34EF59B 9AFD0CB9
7E28F200 898A5BA3 71D0BEFA C6FBAAA2
D7E269EF EB13D817 F38E81EA 02ED0CA9
EF88F2D7 C9A811E1 59FD3D9A 07E91A62
D6563AEF AB401A5F 93AE47EE 92EC4CA5
8F6CF347 89A87305 75F91F8A E7E9BA5E
56602269 AB398A5F DA1E7400 0CA00CBB
C8E874C4 2F8858AB 49613E8A 8181AA3B
C783B0CF E7390A18 187BF68F 0ED16E3F
E8A45ECA B0EA9DAB 41411B1A 67EDAE5F
C3CAB5D3 47881A53 1896F6CE 0AF7ECEB
8F6C5B4B A1AA518A 61611B8A 8FE97A9B
CA0230DB ADD90893 96DFD4C3 80E46DF3
C86BF256 8A9F1CAB 4361BEAA 07C93E5F
C38362D3 6F45081D FC0AD4C4 04A4ACFB
AECE721A 51D374AB 69307A92 A7E13E1F
7F4330FB EF84181D 7C16D4C7 8CE26CF9
8F6C7212 E020302B 43610E82 26E93ECF
57826053 EE99489F B16B9A3B DAFE8E75
C3AC4962 0F6A59A0 1BB08F48 F7FE4B8E
B5FE6A07 4BF1D414 916A3BBF DA68DD77
F28C0906 0B627B88 99A2A88A F766118C
F5CE3827 4BF59604 13CB2BAF FAE8CD65
89800945 0FE34180 13B2AF81 375E591E
F5DC6E0F 6B958554 1CE3A92F 984CD06D
ABAD2B62 F2774EA4 8D3B3818 B75096ED
A58EBA3D 4BE74BEB 35629B6B EA447C25
BEA932C0 F7699EA4 C9A99A80 776F14E9
E48E92F9 2AE547AA 1A63D16B 985FF236
AAE92DC4 7E7F4623 09BA8E09 D6D630B9
A48F0A3E 2FA11782 1AC2232C 785B516D
019D0CCB 94FBC55C D5995019 F8F844DA
EC1CE89D 4926766F 38CA213C 74195B6C
01F829EB 91F3CD5D 490AF03B F87544BF
B0B8E898 412E6EAF 1AD33B2B 6419DB2C
11DF2FAE F4FF8C1D 1FB8B119 F93547D9
B2FCA8D0 412F66E5 5CFFBCC6 E8FC8EFB
CE0614F5 1762CB0B DBD69C0B 511D7E9F
C7A7243F 0EC78D90 4CDDEC66 CCFCEEEB
8F04D7F5 1F62C709 FB129B2A 764D061D
E7E70433 2AC79D92 5CDFEC4E C8FAACFB
9D465435 1F62EF0B 33479001 BC492E9B
CFF70437 2EC78C92 F476957A 94DECD69
0C315154 7F2DB228 CB36BCC2 34AC2A2D
4F92B5BD 8E875435 F4FFD55F 92CFBFEA
9CF85056 2CAC1238 52079CB2 B6243A6D
E712268F 0EB7253D FCFEDCDF 8ACAFDB1
5C545471 232E7A28 FB049FF2 70682FA5
ED137719 2E875411 51B5416A 5316836D
90DD096B 28B902A8 4C22F8D5 759AC96C
95D0EBBD CCA37AA7 D19556A9 4F13B3EC
5098990F BD1D7062 0E3AF9D1 FC26C1E2
BC40F81D CD0F7236 639F502F 6B06F328
58D5DD69 357F620C 6F3C7951 7C2EC1E0
85D07B95 CCAF23B6 913520E8 30546B90
0AABF75A B88BD861 BF80521B 116A0C34
B26A849A 6966BE39 83F572B9 34713095
9FA97B31 A8BFDCE5 5FA32852 632E6D9C
F66FEDD2 4A73E039 9B74648C 1821F115
5DADB2F9 B99BEE6D D3963453 A12B6D94
F2228482 3C73EC31 98110888 2006B085
10E30EFC 3A98B87B DB22515C 7960CC0C
3CEDB458 4D2F26F0 B0382788 30B3F303
1DEC4DCC B2BBE17B D30E5350 7136D0C4
2C6DA590 44263AB2 7C70619A 2821B301
51EDADDA 30DBAC59 C31017D1 F12FCF94
7C7FC691 1C066B33 81901181 3B80730C
33C3AEAC 1A5684DE 8BBB5014 9936D14E
BC6FB968 5DF62273 B5941089 3FA6B31C
32E3AE88 109FE4DF 8BAA5154 D942D50E
BC4CB254 DCD6F376 A590B393 3B211300
72A3AE88 119F84FF A3BA557C 9933D78E
3C6CE1F0 DC667B7A D99275D9 308128BA
04FF36D8 B08FA4FB 4D527298 A8893062
0542A2E8 A50A3982 A99675F9 328928A8
049F127A B0ABF15B 4F716299 AC8C38E2
0444A8C2 A5080942 293645D1 56892DA8
443A3AF9 B0A3914E 47F8661D ACA94EE6
4244F818 25083903 EF927551 358828B8
04CF3DD9 A89F34FB 0F684391 ACC810E2
0800B0EA A52AD902 EF1AD76C 11A86CE2
CCCF1959 75BAFDEB 6F496E98 88CE14CA
C040B9D2 651E9002 2D9277D8 16A968BE
45FB1E7B 71AAF84A 4F4E6FDD ADFE9662
C008A898 250D1843 8E167461 318138AE
04FF2FDB 319BA4CF 2D5C4010 C8C9986B
846DA83A A56378C3 CE967688 329528BD
04D3FE9D 11DBACEB 2F5C6718 DDEA0448
0C48A8B2 2C095EA4 AE1667C9 22812AAD
C4FB3AFB 319BD46F EF5E7519 9CFF97C1
1449F838 2C291AC6 3C190461 78872767
9D9BEE6B B573FDCB B331A499 99EFF73F
DCEF8020 C5CF4511 15919109 E9A57553
9B1FEE9D D475F67A A917A7C3 1F2F232B
4C9352C0 C597E992 7C91D821 A8A63543
BC5FA47C 74DBECBB 991787D1 905BDB0B
6D8A00F1 6D977F42 2D194C2B FC8FE3FB
CA9F061E D537CBDA D1F09699 995F7B1F
FBE69536 CDDBD011 35B21291 D2A331E3
981D6E59 E4B7D7DA 9997A7F9 1B7230C9
7DE3E27A CDBBD7D1 7C388842 AAA35530
BC4D06DF F09BF6FE A9612748 8A8F6F09
287FE0DB 8CE7C7D0 301B0413 5497AFFD
EE1306FE 7F37911A DBF0B299 89237A9F
FFECF604 EDBF51D1 04185C93 B6B62DFB
FE11067D 5D734F9A 9A622218 992F778B
2F62A2B7 4DEF5190 74914CD1 BAE65128
FC6B86FD 1493C59A 9A739710 982DE49B
2DEAF031 4DEE4532 84E7994B A844916F
8BF52C40 5CD32CD2 B91DDCE4 C915D14D
29EDA8F1 AB5F4AFC 14A59B0F AC347B6D
99F12844 5CD5ACD2 910CFDC0 111F014F
39CB0A91 AB5F5B35 7E459B0B AD04F361
91F42E3C 5CF784D2 B90CEDC1 D13713CF
7DCA58D9 4B1F4B36 8D279F4B ED34D077
80E30AD0 48835DC6 B10DFC4C D39D535C
25C9EE19 EA5F47BD 47C792DE AC30202F
82E5CA42 08D184F0 910FC162 939E51DD
61FE1A21 CBDDC7BF 24478268 AF173020
91E52AEC 18FFC5F2 B90BCF94 139753CD
75620899 CB5D57B4 25CF9B6F AD145065
81E42AF6 14D32DC6 B98DE508 F29041DD
36FC1A79 CB4E1735 B4438BCF AC36582C
82A1AEE0 1ED34466 B109E708 9B97C19F
B4DC3871 4B69F7F5 46478B47 8E153875
A3E32EEC 19BFE4D2 B988D518 D3A3414D
F66D3079 0B586FB4 14914C00 20C62755
CB9F06DE 55F69C4E 9A36B09A 5143453F
648CC6A0 C4C62561 14911848 28826355
9D9FB7FE 547ABE5E 9E269083 5D6E55A7
658C84B4 DCE66561 24115828 30832747
99DBA77D 38CFFC0F 9A15C691 F18A5C1F
F5A794B4 44E67072 D4811C91 2342235D
19070A8C 763B82D5 9A268080 1100EDFE
2488C614 EC87E369 9D411878 A544DFDD
40472CD4 1ED6F64A 9A13BC00 692AC6E7
0E9CC650 C8866C79 2591181C 1889F38E
80C38EC7 7ECFFE46 1A02C4B1 712A4CA9
A5E6C6B6 44875050 35111831 310633D5
50C32E8E 62B48656 88E7F494 29204536
84CD8624 FD876A6A B59D10B5 B503F3CD
D0C72184 7C947E4E BE63C414 4922EA61
E4CF9E26 CDCF436A 25111820 3101F75F
F2D7A9E5 56CF76DE 8AF3E090 C92A6465
A6CF861E 45A75053 14B95A2A FEA60FC1
DF83CCEE 16738B0B B3ACABD9 1B76ADAD
FBAA518F DE9714B9 3839DE2A 2CAC0558
5DB6E453 3E5E8A0E B29CBBD3 9F56642F
78A245EB 3497E4B3 3C7DFC3A 38955748
DD9A5453 DEF6CF1E 3A9D92D9 1B5D462B
E8BA5493 0E86F4A1 B4995232 FEF69F45
DB038E47 4276CED8 FBA80580 596E63AD
D7A6038F D71676B9 191BBA1E BEAE2BD9
5D84A8E7 7E52DBD2 DA2FCDF0 997E31AF
5DA80F71 5616F4B0 D8F8DD60 2E87F348
DD08D017 9E56CE1A 9ACD97D1 0818E635
6DBADD23 948EF4B0 F4994818 FC36FFBD
DB85CFEF 4572DF70 F9B2E180 516AF78D
FFD09385 CF9A5790 B59B5A1A 78FEAF8D
DB55AD0D 4C57EFF0 BB31C580 190AE58F
ECE40107 519E6718 C0D9D80A 7AEC97A9
D897EDAF 0C44EF10 99233540 B90CE595
6FA0D327 50977470 BB86C7B7 13C3DCAE
04583AB8 A08D71ED 65F94EB8 A4AFB8F2
1646AE5E 7D199A4E 1B0257A7 5377ECBE
0278329C 808111FF 45F07E7E CDA3F862
125A7B7D FB19988A FBA647A3 177BECAE
027439DE A18111EF A5F95E3C AFA7F862
1644EA5A D33988CF 2B86DF83 13739CAE
44F05314 A28F65EE 45E966BE C49DB8F2
06465AD5 F7398A0F 0B3EEEC3 53278D8E
42507F39 E09CD7EB 75F9E63E 4C83F062
52F6B3D6 5B89980E 8E26C6F2 A7764EB6
02740E5F A11D51EB 75F8463E CFA7B968
96DE3A7E FF39A98F AB06F7A3 59A950AA
A2F83B19 A80D74EF 157948B9 EDC19852
14CF687E 7F79C846 82AEC7A3 1999182E
22743E57 E00554EF 14E94ABC 4DE7B852
94C63E77 DB69C8C7 A32ED6A3 4E9B488E
03FC2B3C E12835EF 65E848BC 4DC390CE
94CF6A7E BF78098E A166CB8A FE629935
9DCCAE43 0253B8E8 31B82888 D57AD80C
38F8032F CB1BCE7D F3E68F8B BA60892C
91C8AF73 82D704A8 93A823C8 B57AF90E
BD781BE7 EB3F56DD B347CF8A 12264964
9280ADE5 001B68E4 E3A85FC8 D5DAF15C
FD785327 CB1ADF5C 2D420A9E 7E6A132B
5F452EC3 0279B6FC E1B95300 B84EEB9E
3D1DD2E5 F35A467B 7D6D48A2 2A6D93B2
79452FC1 B27206D4 C1A912A9 A557F31C
314F01E5 EF7D0764 4FC62BC2 1A200322
B98B2FC1 0113A4F4 C9B97DE8 B54BDDDE
350843FF 4B1C847D EFE430B7 FF283626
3A79A28A 634475FE 81A9DB24 DD465F1F
240FD14D 7EECC65A 0D2E2823 7D301746
793BFBE9 626C179E A9B993B6 CF467F8B
778B554D 5BF4D45A 472C3283 7F381F02
6A6FA388 E37915BA E9BBA2A6 9B435F8B
351F056F 7BF4C54A 334D0928 5E8BE710
5F98FBCA 9006F30E 56A1FA1D 7CE6DE90
A43C9906 78B42527 116C2DB8 17CB6504
3789F988 8214824C 46F0FB6D 7426D4B0
2474DD66 F1B4B466 B1C105B0 51A90504
1598FFA9 B026E24C 57B2FA7D 6580CCE0
269C8DE6 70B4A5E7 D3C72428 57CBFD04
7FBC79EB F00F525D FEA16121 E3A2CAB0
20348F5C D08E27A6 57C434A8 4F0BAD01
77883D8B E220434B B6B0592C A022CA20
AAB1CD2E 70A4A4AE F34037A8 5BD3A706
759078EF 3122C24F F682FE5D CD80C424
A4B69DEE 50AEB5E4 D3010AA8 70CBF706
179D72EB 54DCAB35 EEB0F977 DBAECEA0
F8BCDD38 508E33E7 53C108A8 714BF584
D791F883 B5DCEA05 ECB0FC3F CBCAFAA0
FAB4DF2C D08E3E46 D1C13BA8 7143B706
5590F0A7 E416CA4C AC96FD2D E98ECEB0
FCBDDD1E 70AEA7C6 18780C03 7EBE87DD
FE2205B9 5F72AB08 E2B2B2D5 18738F27
78E82527 DFB0D5B1 18383DD2 7BFED7DD
FD220D37 3673EB1E E2F5B6C7 1E7287A7
48E22745 1FC155B0 08387C17 3ACE83CD
B4628553 0E66E91E 62E9C2C3 BD5A5D03
F9E2F747 1FC0C5B0 30987413 4FBF03D9
F902052D 33269B0F C662A545 197AA507
FFA04515 EEE09592 11187407 7B2E83CF
7107A1D3 4326FF5C 5A6394C0 394A1D07
3F9605E7 94E07440 03987C17 508ED7DF
DE0A8533 1F62FE06 FE61A5C0 795A7DB7
35F28747 5AF5C5C0 17914837 1AAEE74D
FB07854D 0E62EBBE DAE3E2C0 597EFD97
A7A6D085 CB9157C9 37187013 486DADCD
9B15AFEC 1B6BFBF6 FCE3A044 714ADD17
A7C2C3A7 E1D35481 05105817 7E6CA5D3
FB17A56B 4F6ACB76 FEF18541 710AF59E
A7825387 4DF356C0 4E2FDC64 ACD45CEB
CC777606 37E11FC2 A9409C8A 2E9DB33F
4AA39679 2A5A198A DE9FDC6E 8CC40CEB
8F564734 7EE27E62 A96694C2 969DBB7D
CB33D079 2CC60E8A 7C1FCC67 8CD25CEB
CD395615 7DEB7F62 A957A592 8EA9BAAF
4B036279 6ED2589A 460FDC7E C0544CEB
C8757287 3765D8C2 0D61DCAA 0209A73D
4613C233 28470B08 6B827C7C 88110EF8
887475B7 2DC85C71 3927358B 063DD4FF
4C1B9039 E8965B8D 6A0BF865 A8734C29
CE0D7415 1EE92C6F 1941E460 1EB9AE8F
5F1BD05D 6C8E519C C46FDC7E 8064DD61
486951F4 6DC84A81 9966BE8A 06817ABD
43134791 2E470DBC FB47DF7E C6C41E75
CC645632 7EFD4B41 3DE5ABEB C6C93A39
FD7146EA 8AFDC7FF 788FD67A 8AC62C61
CD2C5637 2CF86D6B 3145CBC3 46E938BB
5D1F1639 2F8ECD1F 346B898A F8661575
9BC48CF3 06D28DA2 99298940 7502C30D
E9F84453 8A774634 34E9890A E8F65D54
93808CC6 46D34C86 91A8A94C 5152D30D
7DEC1417 0237CD34 16C9E90B E9A41744
93C02CF6 46DF6CB4 BB9EA141 51CAD10D
6DBE4495 CA17C734 1CE3AB0A CC6C1575
9B440D7B 045019A2 B8BD99C8 D1B6D91C
E9F80109 9AF6D68C 15C3DB03 A9ECD440
0BC4BC63 06D228C2 993AFDED D1BAE80C
F9EB29A5 C273C668 BE49A36A FA451100
AB950C40 03F50CE2 B9BAB548 901A6D9D
61A814E5 435647CC D563880A FC66DB74
1DC40DCB 04C429A0 ABA8D942 93B2CF9D
E9780F29 829287BD D561A10A EA2AD176
F9C4C5E9 04FD48B2 89103D40 913A4F9D
EB280289 6ABBF6FD 7441898A E86C9322
38802CE5 06DD6A90 898B9D41 B1D6459E
F13814CD 4BB3D6F7 09164EC8 32816BAE
5C9FB6C9 B096E678 DF607210 89EC4CB6
E6ABF3A4 E50E39C1 3B160789 66A36D3B
1D9D3EC9 303AC47D 6F52CF99 C8ABC662
6668D8A6 E50AE811 3877C789 26A3682A
1F9F3ED8 F09BA4EB 8D501F39 DCAF56EA
66898AFA E51F7C57 09934EC8 7093E5A7
DCDF5EA9 B612C058 3D46B7BB A90A46E0
ACB2D31A E52A2341 09B74F40 69B2BD31
89EB5EDF 9451CE48 6754A7F1 E9295F80
6DD05926 AC2D2D51 3876CDC0 34B60938
8FCD9CF5 501388E7 4D459FF9 D6AF52EC
6E58DAD9 A49FFF47 A91F5CC8 70179D33
569B1F9D 3511827A 1D60B79B 89EE3761
BBB2FFB2 E42A7515 A83EDFCC 3516D9BB
574B1A7D 045382EC 2F66B7D1 39233FC8
3CBA623A FCBB1E5F A1E6C4C9 37F69920
EE29AEF9 1093A0EE 2F67B5D1 252D3F48
2EED623F BC386C44 4974E6A2 7A16E81E
57205F79 0260C1C9 8390F665 75669987
986A976E D96DCFBB 4F6E24AE 7A5FDECF
5D345D3B 83E865AF 7E83937F 3567AE96
DA6B750E 7B6E4DBA 4BFCEEA7 5E3DBD86
4C245DFB 0BB0C5CB E5B533E5 A367EA92
DE7BB766 3A6F5DBA 57F9D0A8 3A46D1DE
99A1EE6E 20BCB5FB 898355E4 21E28DA5
9002334C D96D7AFB D770C0AB 720755CE
91B87D1F 20FD7C3B A886D9EE A1EAA9DB
EE1ABB78 5EFC78F8 D7F9D0A2 7B25DB8A
D8A0AD6B 23B8577F A4B6DBD6 E1A6A9BE
9A17F3D3 184FFC9B 571172A9 7B0A311E
3175AF6F 305BD5FF 81A96014 7996C0DA
9808D9C4 DD552AF9 479070A9 7B23D10E
B1D4AB6B F07BF5F5 98A840DC 7992C87A
188AFBD8 DD7F6E7B 531922A1 7B21338C
729CA9CA F11B45FB E8B8512C D992C966
980ADBDC D97D7A79 4874BD5F 82BC06F1
236B4136 1FEB2A06 62F7B751 5A592D4F
4861649D AFF19251 C9F93D57 0AFC46E8
463771B7 1DEB1906 4E47B513 B019674F
696F24BC 26D11E55 CAFEBF57 0CFC46E0
6E6511B3 5D635886 C6563211 3A7D079F
69472499 2EC80B51 60741F57 1EAC4667
AD205094 1DAB1864 42571759 1CFD1557
6962E4BD 2AF90C74 E9F5357A 122C0638
A8FCD390 1DEB5907 4098C05A 333FC582
6460A0BD 4AD95E4F C0773F57 12FE46EC
EE0E1134 5D075067 66563702 B475748A
6946A2A1 6AF15E53 68741C5F 17BC86AB
AC240514 AD2B3A2E 46473259 14595557
6B42A795 2AD944E1 A0B48C77 12ACE629
CDC80574 7D2B682A 4657F659 5751CAC2
6D462615 6EDA0DC7 C850AF5F 5C9C86A9
CC4E0131 7D6370A6 625712D1 347D1C86
29423221 6AD304E9 43FC6E0A 926ECF75
988AF785 9779CF21 FB40B40B 75EA2104
FED391AE DA1BC251 936EF60E 309ED376
19A0F6AF 564DAF25 6B00C00B 53CA2181
FCD1B1BE 9A4BCAC1 819F6F3E 30CE8FD4
9920FB07 0E4D3F25 43383183 67FA6311
FC510BA4 BA1BCE49 847CDE4A 8A6C80E5
9822A499 537CCD13 6AC85448 54FA3B4D
4CF36117 675ACF51 45F4BA4A 4CE8FFF7
EB201792 5277B9B3 CA095950 D47BA9BB
EC656256 8B4A8640 49FEEA6E 18EDE9F6
E60EA732 0345DD72 E2E14560 F27F2B89
CDC36145 2FEECA42 ECB6D45B 1BACCCEB
2A620554 0BBE9C9A 4BFB7691 14F3355F
40482057 AF50D852 CDBCD65F 0EFCC9EB
EA720716 4FE7715A C3EA4450 3C7B31DD
35CF20A7 CF505FC2 AC3CD657 1EACC9EA
EA42075C 0BE3505A E3EA00D0 147F31CB
39476035 EFD04953 F9A35440 EDC036BE
8CD545F6 8E8880DE 49627820 35489854
244590E0 276F0A62 1B9E6CEC 76492EAE
CC9AB7D6 8A02CB6D 65605402 BD7C4C56
A6E6B9E6 390E1C09 0B3666AC 3209ADBF
919BFBA9 B010E66D F563761B F96A4C66
96E5C336 F50A3C91 F0EED74C A8C056A6
1DC50D72 0ECC28F6 89765A00 E4091217
292EA549 2F75CEFE 632A4EA4 7349E696
9C9DBA56 AA56FDF5 6DE25612 FCE82A4A
1785E9A6 E3AEC758 099254BC 380BADA6
919FFF69 F21ABC69 55F3E210 B8EA6CE6
96E4E396 F50AFBC2 FD9F4D4C BCC01FA2
5CCD4FF3 A6C650FC 8B74C632 704DA833
6CAFE449 A53FAFD2 AB9A708C 56C1FFBC
D0DF8960 A6981571 3D74C6B2 C9E0BAE5
B685FCD6 A5142F43 299E528C 7841EDBE
90DBFBEC F617D579 DD73E092 E9CE7C60
D6AD8334 E52E6B42 0C9B2C6E 6ADD37E3
8FD3499A 9B75AFBD 6D71B411 117D5797
B6F7E6CC 35072901 A4DF244A E7FD2AEB
8ED369B0 9B658F91 AD199437 377D170F
BFF5C66E 2710F910 2C7F5C2C 68FD6FEB
8F9B0B30 9BE9C735 BD5994D1 B05D370F
F6E562F0 6D177852 291704FC EFF57AFB
0E554AA2 CF659DF9 6D7CB59B 38FD2749
9ED3A2CE 295D5101 0366866F EDF19AE4
0ED009A0 5E47145D 4D09F433 F6F5271D
2EF1EA0C 291D9914 AC765E6E 259D6EE3
8F9D0B10 5EC7C4E5 99479053 B871270D
EEF1F6FC 2D855830 29971CF6 EACD6AFB
08EF4AB3 87B3CCFC 1545B499 00A5276D
AFDFB45E 2FBF4120 2CF7CC63 ECD548B3
8E950BB4 0FFB4644 3D10B459 A6693669
AFDB56FE 2B070512 28765C72 6DFC0C21
CEBB1B14 1E6BB271 851194D1 A021262F
E4F9665E 0F8641E3 19D8ACBB 1EBA0C38
6609033C FF22E32A 66E30340 DA7F4C82
A86AA236 CFB0C1F1 18F8AC9F A6FC8B34
764E0F06 6D2A2BAA E27F0BC8 CA5C159A
A96CF272 0DB481E2 8B5C2DFB 58CCCDA4
64420917 0C2253AE C6E60208 FC5C4416
B074B72E 0FD494E2 19FC2FBD 47BC9C2E
EE082319 6D26032A 6E721360 9A6F4E9A
B960AA56 C981D0F8 197CB59E 8EFED83E
4F18239F 6D2E82BE EC6B2168 CE5C05B7
296AA3EE 088091F2 49F47D92 38FFCDAE
6E0A03BF 2D22838F 766B2608 BE4D4D96
306CFF46 4CFC84F0 39B62CBF 12D5861E
6F11059B 7526872A 44F216C5 185BCE42
B96AB687 6895D4EB 193427F0 16D5C68A
4D1B219B 6D248AAF 54A27668 F84E6F52
BD6AC6C7 48A290E2 21706DBA 38FFA48E
6D1F039B 292612AE 76F23648 CC7C4716
B976FE2F 68C01061 8C6399EA E866CB75
89CDACD4 06D92DD2 9BBC9008 D14EC14F
68A84031 2A7647BC 0CD3996B A8261324
97808C75 44DFACD2 B399D941 D13FF15D
A9281C81 8A56479D 3CD19D4A A2045070
9BC52EFF 44DFECD6 9B88B1D3 917AE3DD
E9280095 4A174F34 0D2399EE A8724B75
97C0ADCF 46D109C4 B984F148 D13CB34D
6A2954F9 6A5B47A7 C9E7994B AC265500
87D4845A 44D92DD0 998CF550 9154F1DB
E92A6CD5 0A4AC62D 6A85A75E 82305104
83D106CE 05FFCFF6 9B8255C3 9178E3DD
EB207ED5 4B1ACFBD 45C38BCA AA7E1A24
87C10EE3 06DDAB54 AB9C7100 9B7CC18C
7379F9BB 5A9ADF7D C9AF8B0A AC6E5B35
17C00EE3 46D989D8 999CC542 BA5EE399
79783CEB 231AC535 41798B6E A0341325
92900EC3 0CDFCF50 9988D549 B2BAE388
757D2C93 0B1ACFB4 89E69F6D 8C510AE8
06F749B2 7D8B0195 AC0E1874 0A0523E8
2877EEF8 214A2164 C9E52F6D 89415AEA
CC9D1B13 BB0BC115 2B7E5072 22352371
7DBF8AC2 2949026A 8307054C C964DBF6
81922BA1 398C05F5 BD70E4B6 F3B46150
95D91F64 51157DFD 08F7ADE7 A55400A8
05FE5890 FCBBE445 2D4E1057 162524FA
2AF7A458 2A5EA936 61B7354D AC0018E0
85AF2B92 BB6274CD 319FF152 66A52620
6AD998DB F25A892B A38A000D C928BBF6
B282ABE0 BF3E25E7 BDA9C7B4 71964326
B5C50AE4 D135E5D6 093EAFF7 A3C54A28
07FF1891 19B5A4C7 058D9051 94650072
3EFF2E5A 294EBD2E 693F256F CC057AF0
A3EDBAB2 8CF304CF 339DE633 3465026A
F4C9F4FE 33496F6C A38F0304 49077AB7
A2838BE0 FB9975E2 1DA9E1B6 5983E34E
B4D560D6 53307BCE F7018139 C5C3374E
FB7DAC0E 74DD51D7 8CDFCEE6 CE16997A
0D0EDC60 D9BDDC6E 93C18030 C783774C
B1E14F29 74D671D0 2CC5CFCE 0916F1E0
079CA96C D9FD646B D7A19170 EBA3775C
B9D88E88 F4DC11D2 6CB7C8EF 4B82D9EB
579EEED4 15F5E6EE F7012221 52CB2EC6
F254ADAB FB8731D2 84F4FFB4 4DAFB970
150ECD68 DDC87A8F 63424328 87CB3B5F
F73BAFAF 37B643D3 4CC4EBE5 4FAAFFBA
7F2709E8 59F8628A 67014360 57CBBB0F
F734BFCF 10DA3552 44E3CEAE 4F86FBB6
87B7CC68 15D801AE E30A4621 6F0B4CD2
B571DA3E F1097DD6 84F57B9D 4F8FBB1A
9F0FC970 DDF81B0A 6302EC71 C20B58CF
B374BF3F FB835D53 26F9CB9F 4FA7BADF
5FB78470 5958498B 87015621 438133CF
F734BF7A F8817552 64F9EABD 4FA2FBFB
97978C58 3D70498F E46BBD5F 80FC4EF9
E3600192 4DC909B4 292E1C60 D6DCFB49
6D7120D9 224B9266 27EB007B C8C8CE7C
AC790134 09CB0920 F1BE6082 FC59755D
B5C7A069 7A0A06CF 832E6AFE D84CEFED
9108D321 0B645B40 70E8C206 FBDC7115
F7C1C300 BA0A8388 C0EEB55F 80FC4EE8
A3A01951 0DCB2083 4A0E7863 36D9215D
6C57246F 2BDB84AE 07E5E35E 88CCEE7C
F0CD8925 2EDB0383 73165C02 7658000C
3373F26B 4A1E9F84 970F21FC F8CDBFFF
9112DF31 0B4DB303 74A8E084 27DCE404
F7B1E722 BB228485 DE66B75F 88F84062
AD683174 0BE90887 061E7F60 5659255A
7857384B 2A559CAF DDFEA15F 98ECCE60
AA600134 0BAD1101 205C48C0 36DC341B
7677344B 2A57CA9F 930E808F D2E4AFF7
AE311150 8FE57791 37ACC8A4 67FC3408
73737B46 2B528916 73CE61B7 57FBC6B2
660C5133 A92C4320 77680F63 2E33BAA0
87363D0F 52107547 F36EC5B7 13F88EB4
E8215125 8BA45222 65FA4BEA 360AFE60
C75C3F5D D2313C6E C3CE01BE 13DF8CBF
68285111 AB001322 44FA5CFE 6F627924
87545B1F B211368E 4F6E77C5 137B86F8
6E255101 2D2C1234 46FB1FEF 6E97BA50
C7527EA7 D351B5E7 F3EAF3B7 02C88CBC
6A681127 E126732C 4C722EDE 8E640A66
134E6FE5 A471B426 D2CA30F7 55D88FF5
6F6C5127 AF081324 76FA2AFF 2F54F9C2
83082B07 B3D42DEF 6264F7A4 42FB8EDA
3F295127 A1287B31 54690BF7 6E51BE62
C1764FDE 9274B40E 7266B332 53DBAE9A
6D3851B1 E12E1235 64712BE7 2E710EE2
81562F5D 9714A0CE E142B7BF 5DE9CDA6
696C5123 AB2C1B34 64FA0AE7 274812E1
81536746 B731A10E 8E120650 761E68CB
4C8BA3FC B370AE31 DE20A301 7D64F1F6
7387918C EDD96339 A6926014 620A2FE3
088ED2DD 956BDB38 4310A70A F5CC7BD7
6605918C EC1B6E98 A2924018 7A2821A1
C8AEB7CD 99EBBA30 DF11A683 798E631F
650192BE ED9B5311 88142875 461A62C4
2EF34BDC 7E78CB91 FE02A315 304441C7
009391DC ACC84A62 8CF0AA35 7A1B7CBE
5E7A6EDC 7965CBB0 5A40B203 54464747
688782EC 6FE85C6B ACD0381C 7E38F0AA
2AFF03C1 792DF054 DA009500 7C020305
AC89909C EDCB4A6A 9830276D 3B8D6212
65F20B92 5BE78457 EA0F5075 383545E6
2059A438 24E83662 AC74075F 3F9F3290
26F248B2 DBA7E1B5 EE1F5079 3036556E
3863C61A 20EC356A E9D03F19 3F9D6288
32AA09B0 79A7E2DD C69E547D 38131742
287BFC90 1CC87760 D30FD031 178BA58C
72B8B34B C40E518F 5471EEA6 CF87DA32
1746BF5E E5B98CC7 5303F0B3 51CBAC9C
632C976B E58A718E 5453CE2C CF82FA32
874E3FFE F5A9A9C2 138330B3 53CBAD8E
7714DB6F A4A0118A 44E3CE6E 6FA2D822
165CBF5E B5E98CCF CF02FC25 15CBECEE
7A7AFE3B D4CD5CD2 5C54E6A8 6D8BBB63
9C40DAFE EDA96A46 1702EEE1 56C95C5E
B33CDF93 C6493D52 1CD8AB26 4FA9FF63
C779CFF0 FCAA6842 7F0376E9 94CD3D5E
27583FB3 A6A931F3 3CF86A2D 4FEB9362
D665EA78 B5A8A04E 6A0ADE37 585D44FF
E07E1F5E BD2BCDD6 54412389 4CB9A15A
99EEEA76 EFF94A0E 83025E1B 5B3D70EF
A3321B74 BD037976 44456681 5C795352
9FEFF6FA EDCB4A0F 2A825E41 7A9D69EF
A23E2B36 F4AB1176 46636A81 4D7B70C3
9DEEF0DC ADC04A4C 91E1977D A1537250
A7F52CFA 7DFB1916 A89F5315 161DC55B
2866ECC0 25EC70E5 53E55571 A8927250
2C526C1A D7FFDD92 3A54C21C 18390741
B426EC60 006840AD 1B242D5C FCC2B075
6C02E88B 02E6CD91 2294CE1C 426C3551
B4C3EA00 2F6C81A0 D398156C BB0E7253
AE95AA3A 5DF36A56 6A4F7616 4A9DC5CA
2220ECC0 00FF76EF 57215129 8A823257
1C2D6418 66F595D5 09555716 18F9C012
2066A84A 6367C2BE 6B2D6D89 DEDAFD6F
642204B3 06A08789 12D4CFDA 667EB514
EC73AB02 AFCC8BA0 D3003755 F90E724C
27352EDE 59FF8856 005F5314 3995C5F2
2C6EBC70 19EE36EF 97893591 AA17D25F
3C7060B1 8AB89696 2345D396 2A9AC236
7A7FCC41 E3CB33AA 728D1D9D 88D3B434
24C284B7 27B8E713 32DCC699 68745420
EFB6E800 B3C88927 7CE9FDAF 8DA7931A
C7901536 660CD18F 2D9F0E6D 0C3F4A9A
3DD02EB3 560629E6 5C88ECE7 81D5934E
C0B30511 420C3579 0DAE1E7F 04956C9E
31E22EB2 16042DF7 512B98E7 8DF5536E
D9591446 C6BEA589 24BD0ABD 0DC17C2E
95CA7EFA D636A896 334B41A3 EDE29915
9BCDD967 8682F1AC B1A94CE4 AB16189C
B3D84F17 DA37EE3F B12793A3 09064137
D1A8AC7E 849A4460 35282C6F 2BA6DC26
A9684AAC DA27EF1D 5D6F80AD E0275B1C
D3A8EC57 865A46E0 49296A22 CBA7D988
B3B80817 DA17EE3E 0B026B0B 6D229125
93CDAF63 8651C4E4 B1B9490E EB44C8C2
D58C4B6F F373FEBD 0B274B89 AF2F5925
93CDEECD 22D924E8 91B84926 C912C15E
15085BE3 FB5BEEBD 1E26EA85 E2275917
9386EEEC 02590C70 B9B879EE 8FC7F9DC
D48C5BE7 FB13EFAD 16910480 7A06E705
9D9BCEF8 3672EA6F FB11B313 11E6CE14
E6CED58E 65971C71 54550298 7A09670F
5C9FB7F8 B6B3AC6B F9109399 717ECEB4
E2EE818C 65B3AC71 0E593C48 7AA46503
DC9B8FC9 9872CC6A 1323B311 F15ECC34
B6ECC5A6 65977D71 94D10410 740AFF25
D99F2EC8 317ABC2B F9829591 596EDE05
EEEEB1BC C18220F1 B6110318 42027D55
DDCF8EEB B06E856D F957F798 D16EDEBF
E4C6A31C 61AC34F1 84593318 7643ED11
D59F9727 1C7ACA69 F3B3D591 934EDD05
F4E2A79C 21834271 DC910818 3646AF3D
9D8B1EC8 567FBE28 FB02951A 196ECE25
EEFCB7BD 458620F1 D5515918 7402BF35
9CCFDFC9 9639DF39 BB17E598 930CDEA5
ED3DE79C 618776D1 94510318 34C2F704
DCC3CFAB 144BEABC BB33D591 B10ACD35
ECEEC7B8 65876670 F306C5A8 8F43FDAA
D458FCDB E09567EE 0DEB4FAD CEA6F8F0
07169B4E F91515CF F786C5B1 C7C32DA8
01F4BEDA E08D65FF 25E34C2D EEB79878
061EBB6F F03F198F 330644E0 A1E3AD9C
0078BFDA A09814EB 35EB6CAC AEA6F860
16D4FB5E E11F15CF 6782C5BB 01D304B2
9579A70B F69311EA 0D794E2D 8EAF88F0
155EDBDE BD169FCF EBCEEC0B C1EF8DA4
D1D8B87A E3102DAA 35712BED EFE496E8
0F759BE7 FE1582C7 A706D4A1 97EBDD8D
D3B92E38 A198356A BD6148AE CF86DE62
175CAF56 F515A0CC AB0EDBB1 490B5DA6
725DFA2B F0D554E6 A4696FA5 CECE9870
94CED956 FD34DA4E 8B2EDFA1 C92B7DA4
5358F22B B114356E 95614BAF EDC79A68
9ECE8B5E BC16B8CF A786D6B1 2B03398C
D2B8BA28 B08C35EF 84E16C2E CFC3D86A
96EE9EDE BD34D94E 2771891B BAEC11FF
99C58906 0B6FAEFB 49233460 F17E41D6
2DF611C5 C71E2765 E6518D9A BAAD6BB9
93878980 4AA5CEFB C973B5A0 F8BE5744
2DF403E5 521E2761 E473181B BA2D2BF1
9AA58948 4BDDCEFB C17B87E0 F12245CC
ADD503DF 56167763 F7E38091 BF6D43FD
3A01A946 6A26A3F8 7901E460 F95C1967
AD7A43F5 431A376D 7AE10D40 7A4B4F9B
D206A940 0CE8CEFD 5D7315A5 7C38CFE5
7F521BE7 641E25E5 E6E05590 FE6D4DB9
CFA3816C 7D30E2FD B923D5C0 FD985548
282603D7 F49AF4E7 B672C017 FA6C0F3B
9C49CB44 0E23B3FC 5921A440 B3CC7F47
FD960365 671F15E5 BE621417 FA644F33
FF4D8164 3F2923FC 713194D4 B746DCCB
FFBE43E5 7B1F35E5 C640445E FE6C8FB1
BBCD8164 AE2B83BC 553125C2 37DA7D4F
FDF45367 6F1D4575 2DB0B415 3A8CA38F
1EF74EDE 5727CD5E E1437218 B91D745E
0E61B05C 658858C0 69903C50 6E88AB9B
84130FDE 9433DD5F C0525230 FD0F4E56
2569B01C 6D4849CA 6C907411 7898A3DB
CE130F5C 94B2E55A F2437330 B80F4E86
68E6E05C 5D0849D0 2DB2D457 DAC0E0EB
13652EAE 1D7F249E 69FF4658 AD9261CE
384AA015 4F0C507E B93ADC17 6FC465F9
827D0D1E 797F225E 744E1579 2C0A71C3
1C38E315 0D1E4060 5DB05653 6ED44359
A67B0D9C D97635DE 306E60B1 8C2B34DD
6962B259 4D7E41D0 538F03F5 51120873
486CCB66 CDBB6CF8 5DFBAFEB CDD850EA
3058AB9F 402167E7 530D41F7 71715261
C87C7427 ED9E7E88 55E78F4A 8ECC3AF2
33948A9F 406932ED 932843B7 7516421B
816C0F0F FCCA7298 19EB1E6E ED4570F2
1B40B097 407876CC 83D4ABF8 230B3014
05F9FA9B B899A275 0D8D7176 80200070
A03DFFC8 B01C6A67 A1910770 371F3010
14D97ABA F89DA265 0DCDF136 8A200060
A005BFD8 B06E3A6B C1753771 81197014
1EF9F8B8 B99DA67D BDDE75FE 60A40260
A019BBD0 B028B36D 2B99F470 7E0B3290
35DDB49B 10D8C157 32CD657F E860CB70
B8FF3DE8 B05E38C6 4A196C60 73833288
D144FDB1 16B0B9CF 9ECD757F B9EAA074
F871F3F0 901ABC63 C339E700 35601304
30C4F8B8 10908D75 97CD50FD 49C0B050
FC73BF70 B05EB3F5 ED6594F2 BEA5EE82
FE219514 07C29953 66759575 3347BB43
5A7E75C2 B05FF5F6 557C9617 CAE03EC3
FE26B414 07629FB2 715DAFE5 814EBB5B
FA76B1C7 A25EC598 85BD0702 9EE186C5
FC078494 06E2B1E6 A445A7C4 21523D07
FAFBE566 F65FDD59 BDE1B357 C99BB256
27F409B2 7DBF4156 AC9F515C 5811874B
3D4C2830 09F9E364 85B43555 C59AF05C
27F40B38 3DFF51D6 BC1C1065 FD1587C7
2D4CB830 3DB9F1F4 E8E0B775 CD98F26C
22F20A12 39E741D6 0C9E4A5D C81503CF
294EE880 5178F1E4 65F41755 9F993252
A5680930 E9FB3414 54CD725D 2095075A
2028FC12 1BADF644 8C15B35D 85987202
246A18B8 3B2B081D 940D725D 88918796
2264FCB8 2C6DA631 A845BF57 ED9C72C3
266E08BA F1C6E2D6 9CCE705D C8111746
2160BC22 1D25A0B5 93F1AE57 C39B8242
612E50B2 F9EB5C45 344F925C 2015006A
2B68AEB8 1185B4A5 C1F53E42 9399F2C0
653E5032 F8F86215 864EBAFF 691584B4
6A7BACB8 01E726B5 8BF43B57 C39D0250
25F6119A E9CAD4D5 545E3A5F 68110437
6A6AFE2A 51453025 B188A495 079BA6D8
27BC10B9 D5AE7116 7ED7930D 0EE54602
144CAC04 05B9A562 B44829F5 4D9A665A
67F456B7 DD82310C 5E579B3D 0E214C80
37EEA644 15B921F4 81483171 59DBE24C
675213B7 FDC63116 46C49A1D 2E044DE3
15EEA6AA 15F0A461 31508445 5D9A26D4
672714BA 71A6710E 6EE79775 04130ED3
394CBC90 85897962 300CB220 499A621A
693B7EA9 35CC793F 4E6CF371 A4A08D91
27FEE43A 2D41E545 B1403041 D1C9E6CE
645995B3 714E1236 04D68ADD 4E040D27
29EEEE54 00C020E0 32781C55 5D9DA6CA
6D3AD11D FDE25A1F 5E57BEF5 641BC663
2B64B690 09857102 20E82665 559DE6C3
6C39953D F9625216 66579EF3 552B2627
2BE6BC14 84862E23 11E92561 55D866DF
6C5F1557 F5627113 56468A95 64250577
2BE6EC94 65C52187 4CF97A87 F9265747
FB238D66 1F709DA7 B2A3F0EE 3956D51D
48880385 DAE94259 4C796807 AA265747
FA42A5E2 0E748E3F B23181E5 09524D8F
F98B0585 5EE55749 54F9BA03 EA361747
FA42E568 4F5CCCB6 8A3387E4 1956958F
791A579D DECFEF09 CEF94817 A82C5D44
FA00878E 0654ACBB 9A9372C4 83F2F59E
F20383DF DAF9EED8 5F61E917 A9655546
3B04C10E 06E584BF 9AE9CDA5 89FA769F
E10BC3A5 D2CA5690 7F61C94B B834D546
7842C14F 0F547EB2 9AA14DA4 0B7F758F
190B110D DADD5698 FE794912 B8649547
FA01A606 065A4FBA BAA37ACC 03D2F99F
4B00D18D DAFB8799 FC39883E BCECC552
FA05AFE6 054565B2 DAF23B44 837AF29F
43010145 DBBAD790 4C99890E B83CD5D2
7917C54E 4F606B92 DAA10B00 137A731B
2B0203A5 DAFBD610 0A9ECFDA 16F96EA1
860A1291 E96B4E0A 7B54350B 86692E81
F6F3E2FF 27021D91 0D9E3FEE 00D84CB0
8C0C1693 E9231B22 7FD08F01 84492E92
F6F3A24A A7125C05 0B1F7DEE 10D82CA0
8C2A5331 AA226A03 57C0BC09 B6E86E92
7671B81A AA131C11 91FA9CFE 42DCA6E1
8E221110 39AA3A23 4752B681 12792A81
C2A124D6 0D0690D1 357EDCFF 0BF0ACA1
0D2E3091 A1282A27 4F469640 342D2276
4AD87C4E A7849C91 7076DCDF 0EC2ACB1
C5063035 B12AE82E 63D4B4C1 D6680934
40CCBC04 2CA084F1 0170B5EE 12908AB9
4D9714D2 299A222B 4FA612C0 B07F5F4E
20C23415 AF8544F0 21E0B587 1DCCA6BE
49A414D3 51A6A02E 63E60440 755F0D9A
31CA3887 6DE0D47E 39F095D6 2DCCA628
CC0B14D1 210BE02E 4B060641 907E8582
25D8F085 6EE58073 3CB849AB 3C208F5A
7B0484EA 065CF84A E3A26283 A95EFC85
C94AD18F CFF8D718 3D7970A2 3C228D4E
DA40C66B 064EB548 CBA016A0 A17AF02F
CB42E487 DFD8CE58 0DB8F883 5C2A8DC0
D800C6ED 0372BD0A C3A13FC8 417AF53E
C9CAC70D DFFCC71A 75A1418B 3A28DF1A
588596C9 411474AA C3A3E0A0 E93EF497
EBEA852F F3FCFE58 3CB9618B 1A288D02
79F59789 0540944E C3E390A6 4B3AFE8F
CBEB862F F9FCE55C 05B86083 5C3005C2
7B718DCD E3761D7E C3A1CEE0 8F5AF19F
8BC3858D 5DECC75A 4679418B DE28CF00
7B2094C8 E754718A C2A2F3C8 011E5D86
4980C0A7 DBE9DE58 36ED64AB DD2A9F90
7B80A5EF C34641BA C2A3F3C4 435A4D9F
69E890A5 4BF8E758 4C9050AB 5E3BF5C2
7940E5CF C34678FA E2B34BAC 435E599A
89C2C705 CBF8875B 436EC5FD 56FB2EB8
449870A1 D5934B04 56D6AB63 D4990E90
27F63D4E 30969DE4 128EAFDE 17986EAF
57C49881 5D802B04 4ED6B92B 3CADAED0
E7F57DEE 20761DB7 73CE87FE 36EBAEEB
074CFB37 8D800B06 5776AC0B BEAC2E5C
66357972 22120CE6 5366A73C 177BAE76
8D9C5981 59C38F30 5C76C94B 14CBC620
E5B21CEE 36B0EB65 52C78476 935B261E
859D9505 90446B00 5844D91F D4DDDF00
C77428D2 24BAE7E0 704EA7FC 95DB2C47
8D1FD863 05012B22 6D5EA94A 36CC97E8
C67469C4 262B27EC 5FEECFFE 165BCEF4
CC1A7101 CCFAAA29 5C46BB6F 064FBFB0
C3702DB2 22B7A585 E866A774 905B86B4
CC1CD141 DCC43A28 7DC69F4A A48C9EB3
E7642EE2 26BBF58D 71EE8FFC 91FA8CEC
0D4ED441 44467A20 5E568A43 E6CC1EF0
E7706DA2 26ABB4A5 7F0ED5B7 A0A01C39
D04CA64D A680748A 01606E88 EFCEFA1A
1B0AA27B EF3BDB9E 1B9FD5A3 C8F45D3D
D86DA69D A0985CEA 41FC3F88 A7EAF85E
D34B3ADB EE37999E 7B0FC5A7 D1F41D7F
922CB6DD 249054EA C1790FEC 0FDAFA1E
530A337B EA3F081E 1B0C4A97 C4205D27
61ECEE67 26983CEA 09786F84 AFDEA89A
1B42F2FB 4A79CA9F 1B2EE4C7 8EB11D7C
633E2675 A0900F46 29680BA0 87A2B80A
5308127A EFF9CAFB 3B0EDAC7 24861D65
827E1EC1 A5B874EA C9782EA8 CFCBD8CA
13480251 EE79DA3F 5B02E391 C4321D3E
D3FCEE69 B01964E2 91786B8A 8EBCC88A
D3000BE3 5E61DEFD 1A06EF97 C7301D36
C9DE6E61 E01B06EA 8B784B8A DEC8D09B
1144F1C3 FE61C6FD 5BA2E78F A4114D7C
8B3C664B E08274CE D9794F0A 8FDFD91A
910C00DD CA39CFFF 23A84297 1F69C8AB
F026B15C 830CF7EF 40416EE6 ADFF38B6
1380514F DF99BBDA 79BA5297 5B7CCBAB
760FB57E 83AC32FD 4C6364EE BCF63066
129233C7 D708AB5B 213A5093 5B7E8B9A
760EB15E A30833BC 446744EE 25F3F026
12002B6D BFD9AB8A 33015237 3A29939A
F1AAB10E 8B11F0BC 46715EEE 6DD13847
12025147 FF79AFC3 0B30C4B3 EB7D83DB
C6EAC507 CF29DCFC 66742464 2DF55046
17C06FD7 DFD58BC3 2914C0B3 BD6C8ADA
7B3EE164 C71095BC 447760BE 2771784E
03826B97 9FD0A94B 2AB470B7 0F290289
EA68F336 AB0155FF 46616EAD 4DD12057
17424147 7F7D9A48 A9BCDEB7 1FAD439A
EB7DCB5C CB013BBE 44732827 65515056
13861347 DF7D88E2 2F2444D3 0F2DCADA
0B7F134C EA30113E F471686E 0573704F
16064347 BF7D890B FFFFFFFF FFFFBFEF
FFFFFFFF FFFFFFFF FFFFDFFF FFFBFFFF
FFFFBDFF FFFFEFFF 0218020F 0247021C
02430249 01FD0217 023E024F 023C022D
022F025C 0218027D 0263022D 021E0243
0234020C 022B0221 022B0253 021B0220
025D021A 0246023A 0239027B 027C0251
0276026C 023E027E 0217026D 026D020E
02480212 025F0253 024A0237 02760268
022C0228 02310225 025E0222 0248024A
0222024E 0222022E 02480232 0258024D
0142023D 021D0229 026F0265 02090212
025D0237 0264023F 02210272 023D025F
02270269 02140226 022E021C 0223021C
020F0256 02640269 021D0218 020D0224
021D0257 023F0264 021B022B 024A021D
023D0276 022A0238 02730220 022F0248
025D0217 023C0231 0219026D 02860259
02620256 02240217 023D0236 0226020E
022D0271 02740219 02610238 02830264
02400230 02130266 022F0245 026B021E
026B020F 02650267 02400292 020A024B
013B0201 02240257 022B027E 02310232
0274025C 02FD0262 02270262 022A0258
02710252 02280253 024E0246 02580238
024F024C 0257021A 024C0263 026F0257
023D0204 0230022A 02210225 02480266
02710262 022F0245 02380229 02670222
0236024B 0266021B 023C021C 023F021B
02380220 02190239 026D0266 024301F4
01FD025E 0222024F 026C0233 025B0279
02310244 024E0224 024C023C 02640237
0253024C 021F0269 025D0252 02530274
022C0248 0232022A 01FF0242 023D0246
024F020A 025C0265 8379E850 99035B8C
ED6CE06C BF34FF0B FC34E088 F32B0955
E5C44D5C 4066BEEF EA753D2F E63B09EF
CF52C19C C43095EF B7ADDFE4 8D3A7A08
A5ECE0F8 BF35F6EB A8CCB8EA 883BF825
C7F179E8 91B3C72F F2F7357F BC7C5DC1
EF30E180 82BBE387 A98E078F A0809641
B858A27D EF7958E9 E88E2766 C0D8F4E5
892497F3 B3374AB9 DB860306 A4D17660
09344537 972B47A9 9379AB87 CF5A6B4A
3DCBCA81 BEA53F9E 12599B05 B2906862
752842A7 0D68995C C26B9375 38D073EA
70A24C29 9D7C49C1 E9E5ABCE E651774C
7D9BF6C2 BACBBA9E E017838E B21D2C43
8F9EDBA3 818ADA3C 727DA508 38FCB2B0
8FF26023 CD7BC1B3 6AB68EF7 A259B06E
E716F2BC BF0893BD FC862567 220DA457
839ED21E 27428BA8 D806050A 3E042F95
881E5D27 4F4B0388 96A14153 8E207218
E0110E5C 3E3377DA 11BB0447 DE017854
69BD4FCC A8E37F54 F3F6CA6C FDEDE375
7DFB6E6C 3FFF3EBD 9D924143 80A2403C
88800FA7 121373D2 26CD4847 D0A67164
538443B1 7B785430 63DCCFDC FBFFC361
FFE4EC69 597E8E37 94484803 0422839E
28940F27 0982269C B5F4CA5D EF6AC1FA
93987EB1 F9F8C4BE 6BDC4FFC BF7FD162
EDEEF469 4BF9CEBD 7D50931F B3EDA846
6A97DD52 30E88426 1DDAB21E A3D46DDA
6ABDFD72 0ACA1D2E DD9BCA0C 81EEE644
4EAFFF72 3FCA1CBE 6174B91A B75C8CE6
4A377566 60688936 ADC21983 B7963343
43915564 0FE841E7 29FB998C 37F6238E
5E8F7C2C 5C248036 7679FA71 FF39FD2D
D623F495 D021E916 05619870 FF3B3D9E
66526CC7 D4E0A116 2671FEF9 5F7BF91F
DEFFEC8D ECF1F956 A1FCF8ED A87F00A3
A8F66D26 5B23A538 5DF52D6C B2D75CA2
EAE4E4A5 5B6BEDA2 DFB56566 E5D55A6F
EAD7F4A6 5F279D31 D93E5E59 38338499
38D2232D 49B5F5D0 D10745D1 10D15ABC
2ACCED2A DFCA8580 DB376262 71D1DB6E
F8FEFE25 1F4F9EDA D90E5B5B 391EA417
BAC43B35 42973690 9D064701 20D2B040
A8C88318 0B0D76C2 DA1F4311 18957F7D
F869AE23 1B9F2ECA 9F40A4A2 A3108F22
E53EE2DE CAC3FFEE F172E4BE A7049F28
B7E66695 8607BB2E F3627020 BF305D60
B5F43A10 0DA7BFAE 0F64A5AA 9B101AEA
E738D2E6 C227CCA4 5E611768 BF31DF68
A4F27B66 6567FAEC F268D861 AB3145EA
A2F03236 9527DFE6 E940A42C A33008C0
A5FED7EE E8848924 D159AA20 A3198AEA
B4E61675 ABA7EDAD D9E9A827 83114CE0
A5F696F2 9126CFAD 1AE5897E 8E90611F
C218D976 B77248FA 2AE50D3A 8E11994D
C37EF9DE E4C0AC36 EE257403 D7AC8FC5
7D774DD5 2F86EEBD 52A6C86E 4E4149D6
80DDD86E A170E80A 6F6AF97C ED7A490F
A8EF04C2 F013E81C 20796021 F72635E0
5FF66E09 AF1ADA5C 541E5E6E 0D4A514D
E0514758 C913A9A2 526E520E 110A4353
AAF04F30 293F28A6 95D04081 F33E63B8
BFC20EE1 BE3EF724 FF2090A6 D7AE5B57
E012719C EE93E7EB 596AD5F6 D1861827
E011D39A 4695B0E9 DA6A756F E1D718A9
6CC2538B 9CE560ED 61E891A0 A646C8F5
CC08557F 74B3C34A 482B54E6 A7D6FD03
D8D5D3AE D49C9002 D06B514F 63841309
68C76BAA 9DE5F0AF B1FCD3F7 B66640B5
AD2A15FF FABBC877 EBACDCFB A37F0187
F64851E4 D88C8CB3 CEEBD26F 64D4110B
4A556161 9D4564F5 5B7C87C9 34AB0127
CE1ECD26 79A87576 C26C53C2 348AC8A7
48664424 372E7570 F7F4B845 F4A9C827
4A774464 3F2E6930 0D6E9F10 7C765135
092E4943 5BABF6FA 09ED96C4 40160BBC
E77E4161 D7AC70E9 DFB452C5 F56ECB6F
B21E8645 0FA578D5 37EBDFE0 9D531160
8DAA595A 4D31E6DE 95EC1676 D9721F73
94A8616E 4731EEDE 699CCA40 D16B1B53
B63B8651 2BA1FEDC D8DEE342 E16FC36B
AEB33AB1 533F3D77 0C9EEE87 8169D27B
AFF30A31 711B5DF5 5C96A67C 8869D251
6EDBAA71 5B7B9D57 EC7EE10A BD6DD6EF
2FA75F20 6B832DF7 8DBCA896 843B44EA
0B395BC5 3FA201BD 5C9D0727 8C285A72
6BBAEDE4 6FF38DFD 2F4FEDB4 B37999E2
BDA6F8A2 E9C3EC1D 0F2FAFA0 FB39CE6E
91AEF8A2 83A2E81D 5E9D2A20 F029CE72
BBEEF6F3 A182FC1D CA80D8A5 5C0FCFD5
9B5F4569 EEECE139 CE86ED35 756DC6BC
1F3FB00D EF86E9BD CA1CE965 F56BC7F5
7F7DECCD DFC4E99F 62CFDE6C 1B0B4AD8
12C4F2C8 EEACD108 C3FFDBCC 27210292
44C56CCE 53024F4F CFEF95E5 7329DBD6
5FE66EC1 FB863F4F 51A91F77 1A527A90
A300C6D8 B63F1262 D08D1DCC 26D23A98
C20428C2 883F1422 05A51DF9 06523A80
E9000840 88BF1EA3 6A108C0D 83D4355E
CA0BC55C AE93E2F8 2C118B8C E2453DCE
D90BC44C B493AED8 22380B0D C3DC3F8C
8D09440C F4B36FBC 8E54B427 36256F79
ECB332EC 6A7BEBC2 C2409CAA 37655B50
BD83CEE2 463BEA00 5172A08B 23463FC0
BC516500 A797FBF2 EB50B074 3B296959
F6F3F6F8 A6479948 805AF4F8 23047BD9
B6DD9AA4 4F6FCB00 8050E069 2B220B99
B4DDB385 C217C912 23378B44 4A616AFC
485C6D25 B53C8715 19AF075C 0808E292
11084165 A7701711 3BA50BDF 0C103690
4311F1D6 A73A4333 EF350984 F8E3407D
5B5E6D3D 32AA0655 A4052A4E 70FAE656
5929125A E7B62F91 AF8D2EC8 0C167051
50399FF2 A43A4FAA 09300587 90420065
8BA48D27 4D2A67E3 81394C76 9E5F64ED
EBC0CA20 21160DAE BB9F6756 DC547E6B
CB90DED0 799E0FAB 33DBCBC7 47595EC8
A9B79E58 BE37FB18 638F4F45 447178C8
8A959EB0 AC335BD0 63D74B77 675B31D8
A98BD6D1 FE134BF8 6F96CBD3 57494161
BA7AA659 8B7BFF55 6996AF43 46884519
1237AB65 435F575F 37D2CF63 25C3E5E0
999F8ED1 F3BFF31C CCD2A92D 90D302E5
C9AC4DDB 1BD7BB4D 58D6AA6D D8C300E1
D3AE5599 43DFFB84 D1D5EA25 945380E7
8985D5D9 589BAB8C DD38F3A2 F7AF45C7
DC0E2F87 4C8DC259 DD69B0D2 74BCD237
941262C0 BE8B73B8 C5689A12 7EECC172
9CB2A614 2F62732D FA71B1F3 7DA57495
EC8447A6 39C24379 91618CF2 2494F031
99026A94 ACE9DDB3 D66B9CC5 3BACF753
98E22C34 2F6015E4 DBC1F1F4 78C97617
4FAC46B0 D2C61F01 1F4731DF 6A8912B0
410AC658 B0C85DC1 E2441CDC 6ABBA042
31982C7C 2C6A1B6D A77C9A87 EEE34070
658B4E2E B96AB3AC 013598F1 A6D0D433
6530FD36 3368E52A 0935857C C4C10D9D
4B16D19E E7E0E56E BB30F6DB C3228360
B5DE5E7C ACCF9A78 6AFCBBF1 C3FC45D0
8CA3993E 99C7CB6C 5C69B2E7 E4E4099C
DEA2548E D741EF7C FDB0CA6A 8F4F3340
F95E52CC CE9F9EA2 7ECEDF7B 394B190B
A0475AAC C22AAEC0 72729263 71CA1B0D
CE2A4C2C DB476EE2 0A071F0C 0890A392
1709111B EFA866C6 2E06370D 7928B397
5529778B 77E0554E 4A13A301 3994A990
552956A3 F76054C6 2B07BF4F 4C30211A
5AC1BBDF 49F03DE4 21D7B27B 3D68B131
55AFE357 7B712F47 68DBA2C0 35112998
588756C7 13753946 22E1A06E CF2D2308
46C190D7 C4D09BEC 23D5C24E EF68E122
5EA1B0D1 DD919BFD 26C8A2C7 EF4EF1BA
16CD12B4 9991995C 4B528898 CC6B44C2
B346D762 6B3AF934 EA9060DB 7D0F4FF5
B7548559 7ED76EF7 F90E5E19 3BAEC9C5
B6CCAC0D 40E5A67E 3B70A84C C73C2CCA
944353D4 63949DB8 24066BD3 04217818
8F4C4218 71C083FC C30E667F 188DD8D7
96ECB99D 116CA6ED 7940A8E2 D3A56C7B
7292F790 30849188 2983397E 525968B8
C24258DA BBA60BC7 C362AE7C D89BE033
1BFEBCF9 5364AE8D F846C40F E9610783
B0F21B89 CA83BCC4 C21AD00B A9AD42A2
74F27BAA 09C1BCDC B61AC781 B9EC4326
F6E36E22 9BCBFEDC E954E18B 8CC9D2A1
B05E4B89 0043A98D 21316185 888C8223
F4D7EF91 4248AD0D 927185DD E0E8DF60
EFEC4D27 1BE5ED8D 8810A487 9C4202C7
E99CC579 BC0229ED B0216067 94E6D027
DB9C45B4 00C069AD DC112126 90C202E5
ABA44023 5244EBED 7B7B7C8C 891F2F40
BDDD431C CCB0DEAE 43395E0E A1563FC4
3DD90018 4C94578E E32BD807 E346794E
39830618 95BC5FD8 C077DD2A 0D1F1D16
EA9953C6 4E6217EE 0E53EDCB F72B1A2E
EF914B5E 5E420506 85BAC922 03D231AE
EE917A00 960097C2 7CD78CBA 8D3DFCDC
7BB272D6 F4F8951C 3E968277 CE79469E
0FFA56FA B8E2515F 2C7688DE FB39741E
27BB7AAE B2E0755E FC85D527 C187BB58
9B8AB3B9 86D7B2ED 311AA086 C9847B50
B8F32F99 A8D19EBD 94486191 1896B8D4
A5AC3936 D85B03F1 BFAC0D78 3F8101DD
51FE997C D055A279 53EFA329 0FF57DDE
12F67A9A 1C63FF1C D46573D4 5EE2A02F
4936598F F15A43F3 B10E5D38 0C9C639E
4BED8C3C 66DE4673 8B6FE72A 23D066BE
5CEE3BBA 111BDD02 847743CE 4EC4BCBD
CC05D79D B6DF4372 067BCA85 B832BAE8
8DDC8C3D FD396FF1 4FC34A13 F435AAC3
1FD8A819 C4C415C5 ADB50ECB 8DE98E6D
BFDCB299 A485B6CC 023BCB80 3C38798C
8C11800C CD397ED2 EBDBA700 D39F9966
86E90C8A 9DA62F47 FDFCA257 DFD998E4
71B6ACBF B5423C7D 13F159A2 1D0E7D0E
CE01401C 0EB97E52 12617383 3FDF5B1C
DE254E8C 02D76EE8 35E9A597 96D342AE
D8E06CE0 B1C66FE5 1379FA0D 70F67729
ED96C428 FF797D94 0109FD19 F8F7B693
638FFC02 D53EE506 2E054F0D CF5537CB
EBCFD502 E723EC56 1030CC85 907EE5C8
C5179C24 F558803E DA1DE721 B195E3D2
82E77003 C744A725 DC22D2C0 DFC149F9
B1F724D1 B346686F F0F05CB3 1F0BBDCA
875BC000 C43292EA 13389222 191A8D43
9C570864 6D7713CA 9679D2C7 D502B901
F0FFCC54 ED477AE8 02806595 7B06BE1B
331023CA A63FCEE2 CF8FE63E 321A9F2B
B95BA8B2 CE1FACEB BA89510C 60719E2A
2FAE0C88 52784094 4D10A4C5 918299DD
4613B340 815AE3EA AC0C1592 C39382CA
1AA50967 49EE6146 FE79EED7 E1B5CB2B
760F7C84 51A07435 A895749C C16B855C
5E4376ED 2E8C845B 6B9E73DC EB091C4E
70EC6F45 B98C6ECF E5EB18C0 E32C013D
31FC2E45 2EE81EDF D94A750B B13A88E2
BDF46A93 4AAD1D45 E95AF8CB B9BAD9E1
EDFEE613 5BADFC65 C14B7C21 B9BBD961
FDD42E23 192D9D25 16516C9C DD7A8851
A9A87D91 E29CA5D5 3947AF3D D9FF11CC
C98A7D15 6CCCE165 1D097F34 99D72DE9
DF888636 324B8B65 38422486 9DB480E1
91B25507 61C481AD 10512D9E 969C206E
C10A1505 209FCB35 00391AA2 94DDA269
83948534 654A832D CAA8F4A2 74AFB327
FA9ED141 578C7665 C08F9985 14EFF33F
50DF4049 3BE07765 5323A885 F7AD4824
FCD54863 93E4F76C F4B1D8F5 D58BF577
C285D540 33E4BA75 9BBDD879 9B6365DA
C2A5BC68 5B66B2F5 7FABA174 B72829E2
FAA81CE3 9B7B8BBD 25FD9F31 99DB01B6
4BAC5C43 3061B87D 7AFD9775 9BD16CF6
12E67CF6 1161C02F 5AEFA325 B1D186E2
5BA45CD3 9341C82D 2CB683E0 5A806734
520B957F BF1283D6 2AA4832C 52A427B7
1B6F317F 6D1A438E 1C0483D8 4A90AE9C
112C51FE FAD243C6 692EB360 73A529BD
DEEE079F D57A63AA DF703129 52A0A236
F77E37EF 59583592 09148108 528380B7
9D4F936B 79D253CA EBAA117F 56C62199
D8E90D6E 5D7F37E2 C9A0210A 3286383B
D95D0B6F 7B5E3BAA C99281A9 32872CB3
4D4091EA 7B5C17E2 E3349366 46C5627C
C30706BC BE43EB78 A6A280EE C624079C
8B0712EC AC43CAB8 AC740A8F 4EE206D5
8137CBEC A6C3E2BA E822D7E2 68284B24
CF4906BC E3A3D470 8BEAF560 290545F8
BFD596FA D783CF2C C866C3CF 7A6C49EE
99EB8E7C AAC34DD2 889CFBEF 732229EC
83C2538E 538FE7E4 E95AF367 B90349E8
A9DECA66 D3AE4FD6 EC5AD34F 9BCB09E9
D0CC446D 99CF4576 31B834A0 978AC615
F413114F 0E1829AF 3FB0B46D 97C5969D
7C1F9709 2F8849A7 2770A484 95800E3C
7E1D010A 1EC0498F B1D270B5 E142D755
F68B9302 685D928E FED42B7C C1CD065F
FB97CB98 2180D14F 75DAA9D3 E5805E1E
7A974F0C B5C4F5CE B5E3FEFB ED33249D
B69B134E 2858F09A 40CFDAD0 41931A1C
F4BE71EE 295DD5F7 A0FBE6C1 F787791C
F6B26F96 A144B1D6 377BE999 E77B18A8
EDC4CA0F 9D297D1B B3F4C947 8C6B4025
8846EC6D 7F222CF1 ECD4C5EB 8EEA8457
8933B1E4 C6C3887C 426B15B1 B5321A28
2180808F 14787443 C4636DBC F45AC6A7
53A250A3 F0BA4354 9E144A8B 1AE7E05D
F02E6768 E0CA4B64 0DAB1597 2C1414CA
311C383F 456C048D C9813C5E 5A3F524A
91DE9664 A3FC4DE1 AD151819 1AA6645F
319C846C E66E0160 9670836D 5EE142DF
E8D85D0D 9D02214F B03EE36D 74A143D7
E8DA540D DE83204F B074876C 44E303FD
6A5A108D 528320C7 F669DF45 0C887D87
E6194909 9A312750 196FFDCB 20A0FF5F
6611AC1F B2901B26 167FAF8D C18A2DD6
EC5DC899 4BF5BF56 547BFFE4 1DFAFD86
EE034180 9231E7D2 577BFF6A 11BAAF06
EE95C508 4E93F536 167BEFEA 95DAB9C5
EE4D4809 5C93FD92 25F5ABC8 CEAB4876
607C6D67 B1706D0D 4E9588CC F4E9D1F2
6AD8E464 F9A23406 7ED66C6C DF7CDB70
FBDC6E60 DBB7FF96 8029A5CA C4A23A57
7048619D 1874038F C06BF825 C88374EE
E99A6895 0A62990E FFDA7CA1 D975D373
E9DCFE11 4993FC46 B9A115FA 4EB764DD
48404926 561C02E3 357BFDF2 55D7381F
582A6997 759470E4 1D9BFD73 99D75879
E8D05AD2 4111A4E6 EB8B5E0B 63CBBC56
16462791 629EB655 719AFEC3 27AAA131
9492760D 36DBF25B 000AA7B4 38AED833
3490FB6A 5A3E5782 0A015A83 7AC1FC11
57562798 67FE1651 111884BE 2E93A126
74D0BA08 10F3EBC1 021AA1A6 147F19BA
2C96FE83 A6A40DA1 F8041010 7A87F451
7294A6B1 727E1A83 0814109C E60F8075
A49D9621 5ACA294B 1610BD9C A0168093
2C9DA8A0 6BBE488B 949A4357 0B9042F8
0528BA35 9C5F0ACA 8C926042 4B6082FD
1D289295 10DF0BDA 8C036183 0914A71C
158AB3B7 8CDF92CB 8D8E2980 0A88C430
39CC1A3E 2CFA0A9A C91E01EF 142CC414
AF94974E 3E821B18 9D03E50A 2804AD96
379A13F6 068EB688 CF65600B F4AC1F60
B95E75F7 E9E88DB9 E56539E1 FE2C9F33
3D6ED16E B0E6ED9F DB6BFD28 7A3573A6
76FB7B22 556CAD8F 386105D0 0A91382A
C200BCD6 55665540 29576755 835239EB
6B5FAF1B 46C734D7 699A7604 F569DF60
3CD77E01 1984BD2D D687434A 8EC7753B
E2A99FF3 37470344 3F36204F 85F3554D
7BFFF9ED B45820ED 624F2EE1 817B47F0
74EEF602 0D34CDAD D08462CB C2A9C0F7
E39FF6E3 B3D30914 6714AE6D 897F05EE
35FEF3E2 A1BBC9BC 6ACDBCAC A7110370
15AEF7A2 A9A0C93D 9200C142 0A800799
2470384D 86440208 9604A541 000005B1
206B9809 168008C2 8624C0E6 040106B9
203E13CF 8E00894E 92CC52F7 6E8206B9
31736EEC 0E450903 834413E8 06430849
720A406C 9AADF386 D684547E 246F8E19
32721ECC 8A0C990A 97CD5ADC FAE0DBF9
F335E6F0 BA8FC841 87DD5E7D ABF95B51
F26AE6F8 BA0FEA15 CDC45A5C CA7B8BF1
B377A671 AA1FE80D A4908446 1E15045F
18301D5C 22D20AC8 9188D4C2 34244C19
083805E8 2A104AB8 D1E95C70 347BCC40
F8EECE60 7F3C9DB8 92B288FB 0B282ADB
5CFBA218 53940BD1 5EBF2E47 AA2C24AB
CE1D9289 E60CDDEB 05FF1454 A241F2CB
9BD89E55 F0989364 5ABE2D38 CC43F6A5
DAC06901 59363B43 7E862120 A800B0E0
D24E7231 05EE591A 4A862011 8251A0F3
A1079413 1511DB8C D548D253 7B87C9C5
F2E665A4 309F0A6E 95B0D251 FCAAC031
61264160 35BA3320 A2939664 B0E95520
4BB2D4B0 3B205D14 974FD2F3 68B0E197
FAAEE435 18FF0765 2745929F 806C7688
5C230A22 06920723 02F928C4 90EB2728
7EB226E6 2FAA1D9C 0FCFD678 6872C081
1BACF531 D9BEE715 3E4F9F5D 6A5B56D9
70BC7224 49DA7D4F 814C3CC8 8A7A031A
709CA72E 69FB7D0E 23958ED1 1818ED18
1616E475 6BBE5712 9B918EE2 3D68E07A
1E16E4D1 73BA4772 888B4BF2 65F03A1A
1886F080 FEB64033 13B314B0 0511BFFE
1A363415 6F36530F 179916E0 BE7140BE
12967E13 EF335BE2 C29F69E7 6494533A
2880FEAA 9F3F8D2A 5B220030 BC37F6B7
3A963E57 6196030C 85140080 C627E077
83B69B27 E99ABF8E A77AAD58 60364035
2E9E3BE8 CEBC8E0A DED9547B 79FA5DE2
E3EA44AD C01F8AC8 DEB850A9 BA324DE6
8AF0004D C90F8A5A D0E9D8FB FA3F78E7
9BC4A44C 583F8AD8 7981B735 5A3D6F83
4F645D3B F5B9462F 6BE3BFE9 5AA40516
4318517B 91E8965E 7984DB7D 18B72C86
8524196B 5D7C464B 2BD727BF 4871A48E
4B2CDFBB FBA8553D 6BC3BF7F C2D144D4
4B0E563B B508CD3F 2D072F3E 02D96406
45069EBB 35604551 18160882 0C94C052
00191F15 0A9040C8 9B0ABAD4 1F5A6C40
BC47181F 82062C8D D769BE74 717DE928
5DD7A803 782C5E0D 575E28CA 4C0CC4D5
38992F4C 0098B4D0 02AEB851 771E45FC
8995CC6A F71ADCB9 E1E8BEFD 37774121
1D87FCE0 F23E481B 5276B08A 49ABE195
41D35395 109896C2 11F4FCE9 131FC107
3589D3F0 5E99D600 A1DCDFED 0F5F1B8A
8EA8BBE2 A4BB7A03 62EF6C2A 443EBD4C
3FC71B89 4495B0B0 4666696B 4C132F8D
3944DB8D D614B4DD 6BE46DFA 2E3B9897
7F5CB9DF D43CA6D3 00CD4EE4 121E2D80
2CD31B40 EAB53808 50816524 2A943E16
0D5D7297 BE7414A3 0A96675C 4CF9DE13
3DDDB3DB FC9F34F3 2041DB07 13D43D0A
AE630A42 823B7CB2 9101F385 13B49D3A
ADC3B3C6 8735D8F2 4B97E3A7 9751DE73
8DC5D793 15B7F8B2 FB0E7B4F 6D0D3BC8
21C0C1D9 C5A417FC 4F0B1711 71A9DEEA
E3FE6909 DBDD27D4 640AF345 61AC5BE0
E3E8402D 8DFD77F8 5C0AB34B 4BBD7B70
69D8D3DD 96545DE4 D99EAF58 1AE9D0F2
2B48B7F9 F6854750 FC0AFB48 67FC31E2
23A8066D 9DE96760 F8F1937E 47B5F9B2
6F1DD2C1 9636C1E6 3950BB4E 0BFF3363
432097E9 F78B41E4 B0619DDF 0F3EBBAA
038982ED D3CE69A6 4B500D0D 8D090EC0
814C59D9 6720CFC6 C99860CA AF4F0A46
F3540D5C 30D5AA7E E548D439 6FEF4A45
F0CA2D0D 189FA23E 0EF18520 8A2A3FCA
942869DD EF24DDA6 861666FB ED4853D6
FB4D2D79 5D73A37E AE4D519D 6E934B0D
F14CADBD 5A7FA6D6 1F31A0E6 52301E1A
7642F19C B7249DC0 CA802AE2 50057896
9341C4F9 5326CA45 DB06D23C 388B5BC1
937EEDE9 536EAEC1 FC9AB329 B3AA47F1
EE0A110F 0D3B838E 6F94A373 A2A055B7
8E19D16F 439A449E 1892A3B7 888027B4
1C1FD17B F7C04DDF EB3AB52C 339E4CC5
FADE517F 407B67EA 6DF4A522 C2EE7278
CB101BE2 4B83C98C 69BBA9A1 32C33438
5C8A4C6D 2B68B38F 8162F523 B01788FE
E9BF114E 4D52C1AC FD36F5B2 80B726E6
D9AF1D76 6DDB81AC 21F2A1A3 B29330A8
8EA65DAF A54091AD EDC678FB 1CA1A0B3
F2B73BE2 22DF8361 EE8F5AFA E7691C73
B1AABBF2 E8ED9171 DA875F3A 246A8442
314B93D3 6E189881 9E4F7B7B AEF3C4FB
92B43B71 694E9175 FF395FFE E6C1E261
C7D4A192 B9249135 489EFF3F E10DAC6A
5FC6D713 743C8098 4D7F41F8 85FF4472
0CB41921 492CD4E0 473B65D2 A5547400
4FC405B9 7DA01F7D B8AB7EC2 C53C626A
5E87CB8F 3D24158E D17A9EF9 009B9C2E
FDC2238F 723716E3 6A1EC656 320B38AC
723605BA 17B19543 949CD875 87B319BC
A2B097EA B2DA91BE 4D3C916D B893DC4F
C280D1EE 7F59E2E1 6BF7441A 06E2500D
CAF68D74 33FB525E 3CAF1A95 C5F221B0
8B222578 ABDAB23F 7E1A97B2 E58CC78F
1607E18E 4BCAD450 4AE70032 1C886D9D
65B24734 B39095F0 26E85836 D76EC743
3BB12E52 84B0C129 977A6186 CD4106E8
35CD3287 86041583 B57A60B5 A129C2A9
11EA368D C7CC154B 950A60A3 81218A6A
34CB328B 8E8C118B A47AFCD7 AD585E6E
24B5E286 000015B9 56F16CD4 AF19D5AE
54C36C06 D100D545 F25B70B2 8F4C8D6E
26D3AE00 9A04E0D3 C679DFF1 7F5F7F07
EEC10298 5097EF5A C67BFDFB 3F7F7984
6E492898 50B7E6D3 F273DFFA 5D6E798D
EEC96A18 D09FE253 E1CCF0E0 B132D8E1
A4B3F2E2 009FDE48 B6C451F9 BA7218E9
EFECD067 902FF1A2 EDC47C69 AB3384F3
B5FCB377 40A7ADC3 CDDFF122 A137985B
E6B6F6D6 A08FDC4C D7E9F9F1 F450EA0C
EE84CCC4 B21D747E A7C4B9AD A3F680FC
A4C0BF67 A8ABE58E E9C9E4A1 A3368870
B7B6F7F2 E08FFC2C E199FE10 C276A84E
A493C756 AE83583C 25C87E04 BAFEA2E6
B59FBF72 A2C2FC2D 2FFFFEF4 F56BF461
3FB7F661 79BC7D2D 166B3A63 AE597B3B
6697D404 5F28C30F 00290322 00EC6239
420010BE 1282A108 6BDDA6F5 B7FBB560
7FA7F7D1 FE8CFF55 889F08A3 D0410C56
6B94E066 DD47FE5C 5EA62506 68844237
E2C912DA 1AC3AA88 5E55E7E1 F3BDB94A
F7A7FF93 F0F5B915 49BF8863 F30139EC
779F9FCC C5A483EC 951AA40E 2904B526
329D9EBE 3DC2AB0E BC9F4B53 417038DA
17E78E91 313E161A 189E2B42 417C62D2
07818E31 3B9F9F58 901EDF58 61FFF348
0F8BCA31 53BBDC18 8E8E4E93 0A302CF0
067636B8 3DFF9310 9B061703 307982F0
022212A8 3BBB97D0 835D8F5E 6AF8C378
03E8BAAD 1F3FCC10 D61BD590 3821FF71
2250AE90 725F1648 16105270 3A2AEAF3
22788EB5 5A9F9748 8A14CD58 1A6AFA71
2878FEA5 4ABF8C82 C7E14A90 DC3FBA81
E96D8CC2 5C777A70 534D5800 DD32FC01
91F74614 4BBFBAF0 D62C5E30 757ED861
A3C29EF1 8C3FDAF0 4FE50818 DC3F2439
493C8C23 3C55674F 95435CB9 A856EE9B
C25B6650 7FB03202 B025DE3C D42E85B1
9342E832 769D0244 6E65081C 17350184
4F2E2D72 2564294F CB613CB0 5A3D0DBE
5F15B682 F4389B03 4A259EB8 5E4F053F
5D0AF3E0 F730E852 EFF5EEEB F57F3D65
FFC7EED8 78BFFE3C 46228EE6 268B75DD
A11B5608 EFFAD3EC C4180146 04804254
8001403C 9A030ADC 6991EBFB F37F3DE3
FF66E4C0 70BFFE75 53838C35 82093B49
4B54F218 466473BE BB0E0102 2481125C
8051825E 42C33A01 DDD9CBF0 F7FFFF63
FF2EECE0 5AFFAE3C FCA14E72 C779FBE2
73DE2389 F8EEA216 D9370622 88099E66
401CD0DD 40438A89 877BDB0D C77B6AC8
BDCDCE0B AD3D3F9E 1379891D 9E53C664
B9E86EB9 3F58974A E66E58B1 9A89FD75
30E0283D 856A5461 A3F0BA0F CF7E2BC8
ED49C209 BE047B9C 11DAA8A4 A3FB0940
CBDF54E0 29CC8FA8 C642CD58 38EF97B5
A1346839 8D4A4D71 E0B6AC86 C745214C
4D1FD319 B780D2BE 72548D2E 0AE4016D
8591D024 8B49E3A8 4C44C32A 3803879D
0D341DAF 024B4243 3E1492C9 3C83C59B
32AEF56F 13EA5242 BA144CE9 5C23879F
3C76B9CD E6962646 D9A179A7 D7438FC7
B5D68D19 E494FFA5 7716975D 7D628195
0CEAB91B 09BBEEE3 5FA7FD5D 5143C357
1A663165 C85C1E25 7D815926 671207C8
37862290 E29CC074 FBFBD43E 3142A991
4CC11199 063DEE8E F8EAF58A 21D62584
7667018A 5E3F36AE A5E1D8DB 6336318A
27012A04 9A1C7068 83D1F8D5 B383DE5A
7468E0CA AC74D443 84D559D9 B3711D51
6664A0CA 562E2E2A A5445DD4 23121BCA
76602996 ECA8342E 35B91DE4 629B9C6C
F40EE49C AC6D5C48 34B91988 F8DDDC26
FE6EADCB 70642740 A0E879D0 32547880
30202804 E6366624 5B9F57CC 604E3E59
B20AA5CC E6395EE1 53AF1D98 30DABC57
48200148 AC2C4CB1 55AB5BD4 7BD67F90
7020684C BF7E76A9 D6F8BAFB 76ECE735
6E33446E BE5B733B 127ABEB5 F2814731
6DBC7023 9E665503 47D21EC5 919151B2
71B66822 87625CC6 F89C3B7B F6CCF4B1
0A311460 53FB2339 D4FA5E05 B9338DB8
28FE47B3 EE5A3D89 05C8DCE1 B313609A
70A84A06 81407C0E 95BA5D8B A46E86A5
88BC0763 49FA623C 9092FC8F A8468221
089E5777 AF5B3994 A5302DE9 8E522098
C0AC514A A19AFB8E F90B7603 F17EDC61
A7F7269B 489F9EF1 F29E7720 A3CBD362
AC9E1B21 516D8791 421E3779 A6FD44A8
4C8A9323 5148D51B C01A7301 33B2DCFA
A3A032B8 505F5BC0 3FA6432F 8BA8CC5A
91543D1D 63E317F1 7DB6A3F7 C5E503B0
4E1611EF 40E0656D 85997195 12167C72
AB748EB0 42975B80 30BE7766 52468A4B
B90BC19D 609B5FBB 1B0E3735 80C1808D
8904D509 614245A9 ABFCE7BA A73E85A2
BDAF625A 8CB7FD2C 83F8EBF2 B718C0F2
99FD5EA6 AE0859A9 F2B449E6 B6414068
EB52D0D4 AC2BA9BA 60C9FC3C 2D38ADA0
C97D7A49 6AC11F36 A983E59B 2A95E244
6A28024B 643C1708 AEA04181 CC0046F6
3A32546C CDCA63AC 6891E504 D879EE98
73D3F2D1 F08018CE EEA6A109 30EFAEC3
1ADC68F9 F0F23748 3DA42584 80A640A5
09906C4C EFE8148D 580E9355 308097BE
DB92B410 17D916D2 5F589225 FC89411E
C89256D0 162911A2 7AFF07F5 745120AB
CB0AD1C3 E2184123 4E0B1311 30B391A4
C6122C1A 156F7E56 1D9D3325 F4ABCC0B
F2926010 121C1D64 BDA971F7 761860AB
5B9392E8 EA0F1103 220E0595 18F310A5
00A4183B 0F6F6C8F 8B8B3516 70BFD275
70026473 57E62D93 9D8871D3 728E7E1B
7812CE65 F70E15D2 E2494102 E9E218CB
E1DCABB3 01479EF5 E948CB09 F5EF9845
D5EEAD39 08CD97BD FA4A7712 F1EF5A62
FDEC2B3B 085DD631 F3245D80 828788E7
C19C1D65 6D4FAC6F AFADFD14 EB5FC8A2
C18FB9F1 57EE0AA9 F3A9F716 D737C8A6
C137FDD3 46CF41AF C7AF73D1 6F3DCD0E
30D7B3E6 C7A8C491 2FA91DD1 7F3CCF0F
13D7B566 D62810D1 33A93DD1 373DDD2C
32F7AFF6 E428589B 0A962B9E 4CD1265C
45691B49 BE44211B 0BE72B9F DD78BECF
41763B1B E685E097 DD7DDC98 1932FED7
91EC291B E0F72465 D8942B4F 12C92071
57651F62 33D63594 4E9432DE 0DD094FB
504A5740 E064810E FD42D695 7DA8EA17
B06DAC55 E87C2D5B 0A9FA10A 92C122A2
47E57EE0 334714A5 4A8F6342 95C87939
54C3FA40 11479936 56177207 DD88EF1D
F4D70B11 A55731D2 1B6BB310 E1BD2F0E
150D8511 648855BD 77737B90 C5B02CAE
5F48849F 26AC37DB 33FB5B22 E75D0AAA
8F46821F 440C75B9 2867B20E 93942807
96074D17 2148918E 6032BAA3 959AE103
942D21AE 0D59FBC2 7D286F32 9FD51066
9962891C 0665E6B9 BBCBB520 BB358B92
95BF78F3 4978F90E CBCB9DB0 3A179FB7
BEBE39F2 4959FB5E 4BFACF30 B1715DE6
B9E2F8F3 5AADEE1D 633E9BCD 3A5943F2
C67C292F 9578E782 4BC695F9 B2B199B3
0636DD0E 4177E697 F8A2070F C5C23F98
2A56D18B E68526FC 7D3495DD 82E093F8
1644994D DF76C7C3 7DD4A7F9 82F13FB8
0224A7FE 88E25F87 C8B32097 33C32B3E
28FE838E B9D727FE 3C20890D 06C22019
C00A012C 8ED3B7EA 0D908721 0883370A
5C760DEC 0B7F7FC2 F4B20055 74C33B3C
FBE2C8DA B3C33BFE 5852928C FBA8830A
B492D218 8628BAEE DAFAA2C0 BFA0E58B
25B3FA14 2F2A09ED F9EBECD5 B7BCDB6B
1FBFBEC2 EC4A09A9 B2789019 B961A3E6
E5A27299 062BFACE 9F5FA853 8B457343
ADB3B6FA EBAB92EF 64E0EAD7 773CF18E
8FBF2EA4 A8CE19FF 5269DF65 B3D18BA6
C5AB589B 8B23ED1E 9279F267 F784E92C
67B7FEDC B323E99F A6F1FACD 5F2EEB8F
F6FF2EDC B2D1333E 08870ED5 0018F512
0338B871 E33B1E12 3D84AE44 4A79F25E
0A3F3254 E2B36AD2 B1B18847 5668714E
A2376C14 62B2AA1C 2E872792 9214BC92
18813773 E7FE1E8A C427A1A6 38B6A013
ACE11CEE E51B6E3A C6789E35 742F834D
82207C98 8043A37C 0A47A518 A3140BF2
14A3FBE3 6148FC0F EF6DB7BC EB5D09BC
4CE3F0AA EC09C00B 2079DFF9 7B7ECBCD
CCE9A898 80C1EA13 33B7ABD9 5A5974B6
4F5CC53F BD3C371B BDBAA96F 0C8BE635
4C19606C BFB8320B 82A18266 C4010A29
4032409C BFE091CC 7ABB2F1E 181B3D95
4ECC46AA 717C3743 AE7A982F ACDAF77D
1C78406A 767A033A 96219087 E408CB8C
702E502C AF42891C 7F9F151A 289F7496
4ACC0F29 567C1603 F99B55DD 283E7486
1ADD131D 7C3C1E1F 8222500C 2210869C
119D343C AF68193E 85CA7391 F3ADE42F
743D7EEB 2A4F590D A1DAE2A0 37F5C23F
15233A6B 1B4EDB23 2C4EB798 28A1C8B7
142CB1FE 514E0003 B1496B19 A3FC268E
151CFE30 B84C9F3D 9273BBD1 EDF0B899
144E7C6E 076DD2C3 EA0F9710 2D91DA19
004A709F 43659DCB F3F16B14 827D3C4A
479AB643 A49CD43D E33D4F8C A9DD3FC0
6C498109 0D5DDC33 CA2F7701 2595DE15
584FC9DE 0547DCCA CEDEDE37 7CCFDFBD
6AAA7DA1 5EFEA3A1 CED3EC3A 7CC7D795
6FDC2FA3 575EA1A3 EF554C01 7CE9BBD7
6EFC79E9 6D4A83B7 A0E89C64 5FC9CD7D
06B7EC68 63A18213 96F8CCA8 1509C937
4685ECEE 7B81E252 9DE58820 46288DD4
665B6CC4 E280BE36 11F11C55 0E587A50
A020C25C AC015AE2 D5B11C55 0E511898
800042DC AE1156A0 A5A518F6 06523890
800008D0 E8B85E62 F3EB7C04 E7761CBA
BC8672B0 E0845561 A36F3FB7 43B79D6C
BEB49A82 F1A4D928 176B3955 B3F75AA7
94A01E30 F16CDD6B DBE7EE82 C755AC68
35EAB2D2 BCE054FF C2DFD6FB E7270F68
8EA9FE34 92E5C52A 337ACAA4 A016AFA8
9EA98FD8 BF8BB1BB 4FE69E34 CB388ECC
B5FEF3DE D5649C2F DD5FBCFC 19BB09D0
73B2B6EA F5FC8442 B341BCED 181B0984
F3B29BE0 F487B600 022765F5 5C95E69D
1435192B 87568883 03277423 5414BE55
393D10BB 0C5789A1 026F75BF 24170695
1C21918F C45D4883 E7042E74 74DAE111
16678561 BE7C22D3 95867C40 240871B3
1A7780D1 3D3D0973 9B275159 7C2E64A5
5B35B85D 501D0953 5A8F9BD8 7C81FDB3
575BF1C1 1B7CB796 5B879B5D 7C8B79BB
767E72F3 7B7C25D7 BFC79FD8 7DAB5DB7
767B794F 53FC2553 1FA480FC 84866357
533BD57C FFF823A4 9F25A1BE D1A65545
498F492E 4CE820E7 6C74272F E5C706C7
CF4981AB D4412947 0C849A10 D2E639A5
531BC45C 3F7C39B2 A6D793DF E2AEFDE3
6DBB6C7C 3CFF2677 3AD5BB3E F64E87C0
CF6DD4E2 F405CD77 2484DA43 872009B8
9507A2D8 AF03F1B2 26CFBBCB B768DBAA
04252C46 6F33F5B0 1ACDBB23 A7580FA8
CD677083 A731FD34 1A76A7CA C44516BA
1D65BBC3 93C044CB 78736D4E 89991E04
09F527C6 43C57D8F F30B6C82 193FF942
B1FD2E35 091F1ED1 681F275F 05C5DF1A
3D1C5FE7 91C1E92D F68EEC06 2119CD25
47AFE4F6 EBE2411D F40A5C80 3B3AFA72
31F82635 081F1200 681F6332 31C7D845
8E815D71 51CB748D E60B6107 791EF886
B323AC15 00C74251 9188DD99 5A3D56D2
7BD9BA51 009E9642 C9C03576 53B87101
72238BD2 E6A63348 C8832243 50D9554C
E2234EF0 E6619BD8 D6CB92C7 5A8CF75A
70BA6EE4 3F6A199A D9D039C2 12CCE12C
6ABB86E0 B3EA3398 4450AAD7 52C45BEE
FAF64AA0 78EA7854 A45DDE98 AAE687F9
30BABE25 6B2AC804 9D10BA4E D2A80A2E
731F66E7 F5CA1134 65743A4C DE2999EE
015CF22F B9E89170 4C4432A8 AA3B8879
31DCF12F 0D6885A5 063503EB 4FA423BC
44090D61 A700453F CE75877C AEFC278E
4F2B616B A644263F 00668BDC 26BCEFBE
1522209F B6F074DB 4E1517AC 2B8CA536
100B3169 2E2A7F36 CC958E08 9FC937B9
536665E8 EFB16F3A 7E12A782 C71879B6
1768537A B7B72B88 428DCB2E EBB8BBB6
15C330CA DEA3DCBE DE9C8E09 E1889132
02ED459B 1FB33A3C F6CBCF0D EB38CBB6
16E9725E B6E3B85C C8DE7E04 B118B7B9
B72BA263 FFFB1C36 EC9E3764 AB7AB73B
B5EBA22B BDBF1C26 8496877C BB6296FB
B742A022 97BF9426 48B6634C E3C39337
FF076340 879BFDB6 4B2643D4 C8D0D03F
9DBFF72C 978A7B0E 0E9686C4 CACA8037
97F32725 93177696 2A16ED18 81C32036
D717F28B 67DA3486 1E1EE599 82CBE424
D7BD7723 2FDE7685 2A0E2120 8283C036
D1A47723 B1EEF6A4 DBE1E42A DC34D9C5
AAF57BB2 4287CB1D B2ABEC97 4515F50D
ACE93A7F AC03CAB9 FF2DFC28 18ADF20D
EEB92A7E 08CBEA19 CBE1E27F 8B37DDCD
EAFD7FA3 F1AB8D2C 806FFA67 4524961A
ADD9321B BD11EBF7 AB7C9F3D 0AB7C6BE
CBBD9C9A 4F68E685 CD71E2FA F5179C45
F7DFD5D6 F9AC8B38 C57A5AD4 5586A606
F19D9D1E F7EAE1A8 017EBA3D 13B7C037
C3BD8CDA 7A6AE4EC 1B4A7480 3D1A8E13
34F1339A 42CF54C4 754AF481 1D3BAA57
B5B1379A 00CFB240 174A74B0 391AC877
74F13BA3 404E9880 270A2484 318E2091
F6B15E22 82760702 070AC4B4 9D37E9D2
AE7DD207 C213220A 4106B49F 0D28C617
38169B83 4C6C21C2 00802083 9489E2B5
C124DC02 944401E7 0084A037 B40EC037
C326DC02 D22203E7 0006A02E 242B863F
4104150F CCC821E5 68B6050E EAE4A246
7303911B 26350AF4 7CFB0B7F 2C55B4B0
2D92B987 E4154AFC 7E3B8643 BC9DFA25
B9BF7E3F 0F6F039C DB13C50F 896403C6
C0A3F52A 0B2E9BF4 4FE1C753 2D6C67C1
C5323973 820E8994 4733E7CB 7DADEA3F
5EDFFFFF 4DC6AB98 DA71E577 B90D6DD6
4F63DDA0 97869767 7B51F022 F1247F9F
6663D7E1 5986973F C271E6F9 5FAFE91D
66FB4D98 58C6A296 4D16871B 09668CCC
1ED4B993 419C8477 68E0EB3B 4F6E9FA1
1E45191B 509CB935 FF62FCAC 543FAF2F
1FCF02DF 6C0CA941 6DBE9C39 4D4E96CD
3ADF39A7 41BB7EFF 88C49CBE 06132501
00E63165 389A7CB3 A4D0D93C 023F2302
16BF819E 7E9C3877 25EE9DCB 0C729087
08CB111F 49B96EE9 32EFDDDF 04321622
0843213E B8B83672 B5E1FDBC 02330A9A
0547302E ACB83123 95051455 18B0F914
5610BC76 A17E4242 6BA61759 14396895
0220B076 E17A670A 198414D9 1890B813
10303556 E0BE56EA 7B865623 00913D15
4340A1DD E75476E2 FA821F44 B4D33A14
E998644A 3BF7F6AF AB8A02CD C6B67A92
C00C6F70 AB5E74AA 1D805004 72A0CE12
531BA47D 364E1040 29815808 E6220832
F31E9475 5EBE5802 A5804488 82228A12
315DA57D 761E1840 E59A4BC5 42D5725C
62ABC6FC BF5B1359 2DB7298A 46A52659
A29792CD 3ED3837B BF964F0B 4A7EAADD
31913B5D E49732D9 FBB0D4CC 46D5F739
62A6C2EA FF5B8B01 ADB46DCD AB66F55B
E0B58AA8 FFF2BB9A BACC6F4A 0B67FA5D
21ED3F0D A8D77A39 8B38DC77 4283E77D
C3B7C6BC F6164F63 B994D8DE 0AE06505
C2374E3C FA1C3256 A2445B4C 0B65A8DE
515F2E05 AA1B0936 12A529F1 1EB158BB
4904882D B5602553 36351DCC 509BFA1D
480C4C1D 6C7031A1 BEA08D5D 50FB32A5
4A14C48C FBFA42D9 6D2636B5 E6A89029
B15B9533 2405B571 7220340A 02DB9EC8
E0448C00 26E1AA65 C42A909A 14C738C7
6A94499C 01F046A8 2E86F200 E2A88030
B51FF7F3 EBC2F814 8945BE50 F2329773
B7BFB4E2 D9EEA80C 8B5BBD58 7B3EFBD6
7EFCEC68 586E3C4B 7B06642E 058D1245
60D773EA C0C094ED 368E6C0E 8EEDD105
76A5FFE2 09483529 B4842706 868DD015
402D7F66 A9C81121 7F46E4BE 4D86060D
35D47FEB C7C4B4AD 7F03ECB4 0C175585
14A068E6 3768220D B00CA283 3A2672DD
74BAE5EC EE424269 E947E4BE 2DB79E8E
55F4F9ED F64C04E5 E907D59A 31B7044D
5874AD64 F36C04ED AD0C949D 5286645F
79B42C6C 274C426D 19C400F3 1C20E035
10303370 235A8144 0DC544F3 7C118817
1032B2F4 21FC9054 99850CE2 1C888011
1371BAF4 22C7806C A3CDFD99 E17ACA22
D9EFC4D1 E5BC5C6C E5E97D1D F57B2AA2
FEE9ACD2 E93D18FC C3CB7FB1 BD99E8A0
16612A40 A92DDD2C F5F9AE84 83780860
E3A4D6D2 AA82D9BC E5D8AF45 85D8A2E2
E38584D3 A080AB7D 43593E24 A1590262
A3C19459 A820CDAD 37F9CB66 DD717B18
A8730A15 B8357B3D 5651CBA1 61A71986
C4E66321 38FDA33F BC1CD327 61E3037D
E68AC20C 19FBB7BE E3B14F0A 84D130E1
8A149059 BF7F7B38 65887413 ECD86088
B017B159 106D6B1E 7A89D517 60832400
7DB755AD DBCDB38C ABA4050F A41B8444
19FC596E AF6859E9 EFA24183 34926887
B03475F6 CF6E39A8 EB8A0106 B2B100A4
09B67462 2B6C35AC 1CD485D1 9A814331
4338D92E BB7A3D46 2ED2865D 5088E5DB
F272E0D4 F1742A5A 2AB7274F D521AE57
EF575CD8 7C97AA73 68D6850D 1AE03331
6320C96E 336EB1CE A0CAFF59 4EFA7BB1
F369E3E0 9944207F A2B1DFCD 15FEBD4B
CD55A7C8 3EFF43B3 4884810C 92A112B1
412C5D6A 334E12C7 8E86A5D9 7EEAD6F1
43726DFB 736E2043 A5152DD9 7EAF9EFF
6B5AEDED 5EEE0243 8AE7E732 B116BAAC
4386DBEB 55E87CE6 CA87C734 E1530026
41AF5FEE 5DD916DC 4C5E4F3D B9D21584
45A94BE2 C555F4B2 236FF490 2B7579A8
06233CEF 49C974DB 2BEFED19 031B4E25
4AA07CEA 11DC7B69 2CCF3DA1 43513580
408771E2 A774D9F5 264EF806 7764B329
BC9BBA97 49CBE8DA 975FF493 7F4D632B
1EB33AF6 417A9DF9 4F4FF023 AB4147E8
9EF3F2A7 C3359955 2AD72F14 915CB69A
572FCEE2 FF787DB2 C88231A2 73DEE8DE
5EA1DAE2 A61F8AEA DC01D6A1 7B96DB6E
70ABC46C 2F6ADACC 025F2B30 7371B2B8
0E6BBEA3 ED1F7D12 533B6392 6D53C895
A8305EE6 A7924D63 C10BD736 7D97483F
482ADCAA 2F0CC068 224EEF24 B17883A2
942BBA3B CDF9ED96 23DBE7B0 29741184
84A17FAA C1F9ED33 6B6B9F75 7DF77BB6
FEAAF0FA 176DCF8D 77E97E1D E7139D0E
B7A7A688 78F9F1B8 049F4699 C91284DC
B7D3BBEF 7F3DE48E 0C164FB8 0812B684
B5CCAB2A F79F36E6 21EE3E78 CF174D98
B3D31E0E A0FC802A 6747EED8 C66B6A5C
96578F3A B1ED30BE 0816E6B8 88438075
87C4852B 51DF7E76 04AE0ED8 2C7C985B
9240834E E9F828EA 5B0E271D 884B88C3
9348753B 51F92841 490E2527 A0830461
0124D123 57AA76A1 FECCFE33 DD4FCDC5
3DDE39A9 CF8F6AB5 F6A7DC34 7C13C525
31BE60BD EC4C2B95 96AD0886 C4018EE5
233A50FC EF5BC3D9 B0BCABE4 5569CE70
1DF57CE8 EE81642F 0A9493E4 2F198742
34DCE027 FF0263A3 798F9146 20000FD0
621154C4 BF8A7368 D1F1DF67 335D3DD8
ECE0D2C2 A535DCAA C1E9DFEA 35141998
4E045042 A60616EA B1C9DD53 23767990
62A102D8 9E9C176A 49075F9B 0232AA13
15D899A7 6FFD94F8 090F7F8A 1BB2EC23
C8D4D9A1 61FC9474 D90BD313 3890EDA1
D1A4C523 977D4674 39025E89 547AA000
8550B51D EDAD6866 595BD655 75FAB9E9
C85E8511 B19DD966 438BD201 37F269A3
C006C411 155D4A78 BD93DB6A 45CE250A
4E51015D 1FBD72EE F5DBDA3A 11866D0E
5659055D 1F1D6288 855BD31B 158E6D0C
5A094458 121D52CA A77BF6B1 71BF61A7
1FA7BC03 490C5D05 B27BFB84 77F15CAB
1E0FB24B DD4C215F 040B0782 41A5EA1F
809F86BF 01CF05CB 3641E5F8 3BB92D83
5627FCC2 302CDA15 BEBFE7E1 374A2B87
5E37EC4E C34F269B 4E3FA732 5CA4AC3F
52BF2C8E 5FC730CB 33C1FD74 13B53F8A
4663E8C2 B257DA06 E0BDFB70 2BC87B8A
6E21E8DA 8ECFF643 4A3FB7F2 0195B807
42A9789C 0941F6C2 B1696D1D 1BDB5BE4
4DEC8A6D 966E0F8B B449DF3D 31B349F5
47EAFEAE 827FC648 2C3DBD27 A15034E0
4F00D283 D232D552 83EB513D D1121AF0
0B6C9A7B B66D4EBB EED0DA7B 7D7AA395
552BFFED 8BFF465A 35E9D997 B1521EA0
4D0267E1 8A9A1308 93A7050D 84700AA0
8928AA7F AF7D6DBD EB920255 44F8F083
B822F765 A1110A70 5FAA1316 24D02CE9
C9227367 AD39F120 032A740F 8E6E0F4E
8CD11B1F 8CC04CEC 67215315 CC340988
0DC15F0E C4C0CBCD 376059A7 C61516CA
4F54911F 8480E8E5 071AC46E 4F6ECD4C
3DDD33DC 4CA8CDAC 238B7031 2826D0C0
1CE71C76 59FFDC89 F6705918 0C6432C3
8101151A C801E923 BD63FEFA 4D3FFD4E
1FDFB3DD DCB4CD7C B1B3764E 057EB740
345D135C CCB98D71 B5E556CB 046232C1
0109015C 8C594171 4D071FCB 2919A818
16440587 25589366 E9C51E89 0F89A8D0
5246F55D 27989337 9FCF9A98 7AA8EB3B
56626DBD 2B7C163D 545A7F5F 2D162E8A
0CE41283 01C27F47 355C2B9B 079366CC
5EE0B79C 1623D719 1F450C98 3A4BE937
562ABD2C 6D7E9601 58472D06 2805E6C9
2CD47A91 53064EC5 3856A01D 7647FFFF
AEF7DEA8 7BC20B45 1C060D98 2A22FA5B
36DCAF2C 6F7E1742 FE9AD712 21C4373C
3DAE12AB BE5B32C2 90024306 0115279C
21951A0D BF1392C6 1F16429B 0A00BE94
33CDBF3D B797BEC6 C8D1D54B 97D13324
EAA4C3C0 9A5B7A4C 0122064F 0B9D3A84
22941315 04E8F606 3D9002EB 8AEA3EC7
B15C9569 B1DBBF8C B9F1EC7F 9ED750E4
EB2CC8BA 98C66B6E 39D7826F CEDA70EF
EBD8589D 18E2EB3E 1DF5A83F 86EB26E6
AB0AD0B9 B042EB2C 1161A0AA 79BA899F
CA40E5E4 9664C569 D360B40B 71AACFDF
CA54E54C 4AE6946D A56DB80C 302A83FD
C744459C D034D468 0241E96D CB330B38
C52E6CED 3505F12E C042F029 312B8B4F
56E46FA5 2891B66C B04D5E6C D32B0B58
D6E66998 A091B764 23AC0F5D 869002B3
212E987F B763672D B38E17F9 CA91B8D1
A1FC5697 B017192F B6A41359 8A1018D1
A134D15D B533432E 54C97275 FAB0F7BF
633952A6 9E1F1BC2 5AC53852 FE90F1AD
71BE4C85 C0B59B46 6BF72CD5 DD1DF14C
15B66E20 0D019DE3 EACD33F5 DBC073F3
603CD223 9F4F5F0B 7B4E1777 8BC3E5DC
70BF4AA0 79A7824A 5AD21CD3 8A1DF35B
71BC4EA1 4DDA3063 A38E2185 A0C012F2
B1A45A73 2F4F7CAD 3B8C3316 A04412F0
39635E22 2F2F54A1 5A8B12C7 50847658
F1A55733 372613A5 EC28D5EB 2384022C
D052139B 86C508FB C06E656F 42D406E8
C8611FEE 9C4108BB 9074F16B 068406ED
8C2B036F 9E4F09BB ED7CDFDA 2AA445A4
DDED8D67 2668F417 D9F5C748 22E45704
F44D67FF F3EABC16 9AB4E342 CEEC1D2D
FD47457D FBC06DF3 8939FBDB FAFE01AE
1249054E 750054F5 C929D95A B95D59CA
B7414059 5C125C25 F5B5F3CF 93EC0D8A
C245C44D A5027D77 9495AAF0 5C98F037
0E3EBC74 B97BC290 9EB12EB0 7C78FDF7
1EAEB470 F37BC210 18F52F76 503ABC1F
1F96B193 62B68693 E19BFE25 583BECD4
04A63C84 C1F76A91 9EEBBC27 7D1CFAD4
A2CEE02C CBB58BC6 028B7B84 741FEA47
9C06ECBF 6C3D1133 1B8F751C 38332E96
04613C2A 22BE1603 338FC5BC 20336EDA
0662388E 6EBE9402 328BF510 20B36E50
5402788A 3E3C1401 780A570A 33922805
CCD2138B 91573ED2 784A51E8 31B2B9A5
AC569736 95631A72 485F47A9 3892E0AD
CC01133F 914D12C2 487BDBCA 51EB8B85
CA800E0B 59B52AC6 793DDB4A 55DE8BC6
AC0446B8 9D81229C 4B57C34A 51D9AACD
EE4887B9 795F2BC0 AD9F59DA 51C3524C
64184968 5E2E34C2 AD2C5BDE 41DF5848
62084970 5D6C74C0 C917F14F 51DF2C4C
42544D69 560E26C0 ABAE63EA CFE170B3
DA3533E6 5353B155 2BAE87DB CFE87AF0
D3B35BCE 094171FC 7A56877F 8EE9E033
8BB17BED 5B730194 7CB42838 A8C3B6F3
DB37FEE1 73537155 A6B728D2 8628FA68
D3954E41 A02375E8 72D4C6DD 88E8C673
AB51D7ED 483B00F7 263C0A81 AAF3E2E3
9BBFBE23 6BC37154 62344451 AC79F663
9BB6BEF5 79A2EB54 5A346664 9C198E73
8957D597 41B3CBF4 9A169589 3AA285F6
A158E13F 573FB646 9F50051D B032D797
A352F53D C46637C6 0BF52767 C5610DAA
2B52C097 F3A6259E 8D028109 00C212F1
91A0213B 576F77CE D96447CA 42E60340
99A487A8 DBDF4FBB 25A30040 D75C7F00
EA5A0A73 F3977F3E 1902018F 1AA08A84
1164292F 1F6426C1 1DAB2352 52A45685
106C45EC 5FC62D90 D7A363C6 F4C85E8E
FC5B4757 FB83FD98 F7B9DB44 C1523F5E
938F8640 FDA05EBE A69B4947 C1161FE8
2B89C248 FEA01F8A F3B24977 E7569FE8
2BCB4E58 AE20BDAE 72BBDB32 011B2D3E
17022086 39BCBE14 D29AB94D 350E2EAA
1A746C4E 4E3FFE9C 828B5954 0B360DA2
2BE2FAC2 B33C5EC6 6687BF78 03B12EB0
57E2309B 917C7407 6FE79FB9 26B136A2
54E639BF 95ACB607 2BEBBDB4 22B102B2
15E67BAA 922CF40F DADAFACF 6DFEBF4C
FCF76FC1 DAD7AEB8 DEFAF79A E3BF7B6C
FECF076E 5C47E622 CC1AFF83 F3EEFB6F
BECF2F64 1D5FEEF8 D0F8DAB0 BFBF5D4D
EE714648 1853E616 93F4F5B8 39331FCE
E6F5C048 D022F312 FFD1D4F9 F9AA0577
AEB54FC8 DA13F656 F05ACA5A 07822512
CE614601 12772686 B7C0CEAC 03B22730
54E84B11 1A3FF786 2751DEE9 8BC23357
CC8DD389 D333B706 F49A9FE5 2382F1FD
C608C534 3D7AD240 A6908269 66D5613C
5703D46D 325AB35B 2697A3BE 0284279E
160DD1FD B6D283DF F00A9CE4 7683D8B5
EA52D5BC EDF856A8 B2F90CBA C6F12168
E75681DD 4B1BAAE1 79C6A1AE 028127BC
1E8BD1F9 BF50C60F A118F4E7 3EAB0C5D
418EB40E E5D040A5 2DA6AD7A AA910660
CBACB5FE 6BD0C4AD 29C4A12E 82D324E4
0CA4D1AA B74091A7 6F870DB2 9151B958
5654FD91 61BC9634 6383AE17 970CAD54
56177970 2B96D7B5 7AF9AA4C 75EFEB1D
4EB76DEC 6B50E3BD 0A06DB33 015139D8
7654BF80 A3BE9732 16C6869C 13308194
46513318 9E96A2E3 2273A648 5DAFEB1E
CEBF6D9C 0B13EAF6 5E47DA53 1B517D1B
7E55BE80 13FE9641 165BBBE2 27B1AB8C
768D1A00 849FA7AE 2671F6E8 5D6EAB0D
CECFDD9C 5897EA52 10AB2B50 483D1482
4C143807 59841C0D 3B69B5F0 4AFDBD88
4D44B817 5BAC4E47 BD69D4C3 2FF574E9
4A70B497 02A0610D 54C14399 02957450
10C51E02 123F120D 7F9723A1 5FD9BBC2
71CB9CF7 8165DACF F92B9043 DE9D7E6D
38F47E74 0B64CBCD 7DE105D9 1C9C7481
5A441D67 5074034F 29A30177 55153E81
7BE40925 D1750F8E FFA1005F 5E9C7A47
71FC0C7C 09648BCD FB79F4BA B461182F
6A73AABE C8E12F1A 2B799F59 2B9B7B0E
583A4DAC 39688024 356D9B7D 3EB9E930
522C34E4 2A7B5100 8AD865AA B567012D
EEE499BA 4A43A0D1 2A45146F 4EA769A9
CD6B2118 6BD8C1B8 0DC797CF 0FBEEEB8
5C97F7BF 36EA136C EAFC75C7 317B063F
DA66DAA2 3982E7C7 8E82B04D 392EC07D
991900F0 7F20D2A6 0F4385DC 5C2EF61F
1694CF3C 6C5E52EA EB48F402 F9A20AC5
E1F2138B 8E879C8E 8658520F 939A998E
F12BC7AE 067C10EA 2EFD1A5C DB94FB1A
530FED68 EF3C54B2 ED50E5B3 86E14AA5
E9FC5B9A 02C6ADAC 93025741 9719C648
1847D48D 0F95E2E1 16AB5A4C 57543F1A
5407AD51 653D70F3 EBE5B53C AE3F4CA4
6DFC59FA 2CC88D2F ACF68D34 6F7DF394
4EBF909A 8D59CA4B 36FBCE59 6D7CFB19
5E4BEAD1 FDB77E5B C40DD370 3A90F8BC
57286D36 1D4C4941 B2F127E4 660262BC
5E3206EF BD5A0B5B A6FDA3CF 664EA61D
030BC6EB AE1B0B9B 064F7290 2C94BD99
571B2D4F 6D2C5516 A6D467C8 AC6AC19D
7E97A26F A7981C12 A8D4AB4F E3CF571E
C21B47E0 AFB25E92 B47EF282 E612B509
B68BA30D EC1BF0B4 B19EFEC2 A3265140
AD83A21C 6D0314F0 B9987CC4 83CB5B4A
C2C12660 AF977C70 199608CB 99424C73
BA776B61 73FF3412 48D48ACE 986AAAD7
F8677961 B1773CB3 48D40F7D 9C3B9917
E74CE979 61FFBC37 598EB91D A803C47D
BA326B61 71BAB519 3DF61B59 864A850D
F46AA76D AD91F373 08D58FF9 0A3B8113
C7488569 68FBBA12 5A969919 A22F84FB
BAD6FF61 63FAB41A 081C4F3D 824B8C7B
9A18F7EB 68BAF012 18940FA8 000B8A12
0248B3EF 4ABBB610 E1297E33 3736B858
2092A4F4 60F4C921 E36B7CA7 B73EBBC8
A86FFCA0 6276C121 E3E918DD 763DF81A
C0346C50 60B2C931 94CA76D5 53309F1A
A013B255 16336877 899A77C5 3931394F
34B9205D 1377734C 27E252F9 1711A9D9
A23B2C5E A477C910 56805A40 61A8C54B
B453665D 4A89FA10 94D15ED2 43C82D8B
B6298A59 9A39FA50 14910A48 4F48E91B
B27BA65C 0B93FA12 12CE26D2 B758862B
27A33A7B 08431D0B 3CD6A6FF D548D679
B6677273 B91BBD37 4FF52EFD 9D58BD37
BF77F873 71B3FD16 B6E622D6 C348062C
B1E80E39 ADC55D8C 77F48CDA F34B4569
B1B45E68 EF937D4A 6AF6AD61 CD5BE578
BFDD4EB1 BFB3FD9E 2566008B 86B40268
01E03ABF A5401DA8 6D602003 07DC183A
01A452AB CC59BDA0 70F9B9A3 87570088
CCA05082 95319D66 37F58CF8 8E715870
E814E464 3960AD79 A5B58CE2 847015B2
42A471F1 B3724CEC 4D8F67F9 0896B492
1528B3F3 745E1063 46F00CF2 844A11C1
A846402C DCA3F1BB 41D7984E F660E891
5807CDB9 333CF23E AF5EE339 22C6661A
15AD1BE3 B75C55A6 5EF98F73 FD45FFF5
E8AC59F0 5BA3EE5B 5A659EFB 3F64F9B3
7EB3B9F1 5B5ECBCE B85FB63D 1BA7039E
56AF3BA3 797EB186 D71FDCA1 7036E837
97927531 61BB8AF5 13AEB424 E4D3E737
17077033 EF38C1C3 020EA727 24C1073B
4F0BD1EB A648815B D52FF401 F933ECBF
D6D33394 4BBF9360 A7BE20FB EFD3D4BC
BFD7B732 C39A918B 021FA72C C0C20379
C7BBD7EB A7C8413F C4AEF0E3 FCAAA87F
B793B704 58179330 039EA4DE E8AE1023
159F0F69 7DB834B6 209FA4BE A0EB80A3
17A859EB E9BA3425 EC9F7E83 E13AB872
B3D7B69C 7ABB5630 7A92ED64 E3735230
8B833BA5 B2B0CD33 589A2B74 23F50328
158BE3E3 9608D59B A78374A3 0921BCD4
37DDB696 4A9F9710 B4B3E166 097983D4
15C67B17 8A064508 059ABB77 6DDB9528
15B2F5E7 3F0CCC83 811374B0 2957F451
BADDBEB0 489FFF0A 859AEBA1 E86BE251
BC91F394 419F9508 0A9AE770 29D77023
BC8BCB33 5D3536C9 170F13D1 2316384C
E289A535 B928D271 2785CAD5 6F3079DF
A64DED1D A9985673 1BA58AD7 543FFC58
9317EC5D 63BAD7F1 804FDF7B 63B7198F
C4C33B8E C1C5E261 86CFFE71 5FB519BE
E4613E9F 9183D345 F2EB02F1 4F36BB15
82D81C9C 617F97DB 764EFA6C 6554BB17
ECEB3A92 89DBEB9C 4B4FEAE6 1D5DE937
EEEBF79E 93C7FB8C 12F38260 7D04FF17
EEA9599C 5B9F93DA 1191917D 5C81C6B1
4A2CC574 97666002 E1859C99 5880CC31
E1785595 78EC9446 08C51C3D 58208C93
C170115B DBFFE405 3AF59D39 06C1C634
F80D5926 6F58D071 6C850ECC 8AC0E57B
51AAD73B 2B48784F 38C809BC 62C2C4B2
5902B17B A37004FD 68349DAD AE4F5FFE
DCCED362 651AD57A 4E7F29B1 24218C1E
888EDD22 E14045F8 6EEE0914 66A00C98
06F242A6 A54070FC F1A958D0 48377C54
B3D4B654 68BFD6E8 F428DCB0 70B27073
A390F014 4439D2C0 312A5577 757316E1
6902D19F 5A3BC0CB E5A8D820 48366497
11083316 483A52C8 A51890C3 3246C5B5
312477BB DD191A43 0DBC87FF 44F656E3
6D12DFAB 5FBEA18B F1205017 44464485
232C0676 3E1C0369 843099CF 546A1067
6106C2E9 FA0068EB 4E37877F 44E41065
6902CBE9 5DA0A5EB DA334777 6B57BA7A
0EC8909D 16358AD3 FC338383 E3553BCE
AF078699 9C17E3DD BCBBCB06 C3563DCE
AF8D0209 BC91FBCF 6C0509B6 3881F73D
4F1A35BC 175206D1 EFA58AA9 5ECD7B57
0F2D02FC 33A3E399 BDB9C1AC 074764D6
8E93D382 D293E308 8806058B 5287A43D
4A50352F 565E02E1 B9276562 1685F01C
4B0F9297 F65D0B60 BB7BF537 32956C8C
4E835AA2 F43547AB 2FA7095F 8E313E98
0859D844 E5B0158E 0EA2056D 021036AA
08180846 C7300448 03AB8954 C4116F3A
4A104014 AF3855C8 F7EBB3D3 89397F0E
64D3EAC2 60A0D41C 51991B97 0579E60F
1BC62ECE E4A00468 06FBBF5F 2B3E6B0E
72D93E24 2C385D19 CD59DA61 6B757F59
F6DBE290 50B1F352 B649DA6C 6B3FFF98
F6DBA29D D8F1D956 2259DED9 2B7FFBDA
B6D9ABB8 40BF7D16 12E74C86 885190E2
2BF76E80 D1617C19 398B6807 0871E856
23BF8ED4 69350C90 FD8B5881 387BF851
B1947E30 693B96C0 6C076C0B 1C5B1691
6A712C02 90C42011 280F6CA3 6553AAD9
462BF294 8445C0D2 840E548C 3913E8D1
00999A90 4C1D82D2 5D1E4880 38CF7453
7A554C20 43EE0648 D11A7004 286FEEDD
8A599634 40CF605A C9064D18 382F6657
AA51BBD0 4A9E9ACA B10B6B50 23D17848
6B8DCE2B B948111C 868F8301 3E18FDDA
B7E9CE6D 3D7B4B03 A7D582C8 1C38EC17
11343D74 297BC2C3 D0FB7BD6 51992CC8
E9114A43 B0C430BC 8302F959 DCA05E7A
ACF6DC51 D34843C3 AE5554E0 1841FEF7
1038BD66 497F8BC3 E4B32A4E C53D2C08
D195CA50 B0B039BD D21E5BDD F9A9FD60
50E02853 0471A6C4 8BDFF578 3981EEF3
56367DF3 4FFF9880 2114A5CA 8AFC815F
C0B1BD66 81C2C8EC 2B14A542 92B4017F
C6B27566 83E2E0E6 B414A042 80B78079
C2B3F1E6 02E2482E 3BA4246F 0B3DA177
C9F11166 D8C28A2C 5CA4E2C1 298C83F5
8F29356F 85C246E4 DD35A5C2 2639C235
CFB934EE 0042C3E8 9DB10879 0E7DF417
6BBC0650 BAD41F49 8BB408FD 2AC5E6D4
E3299FF8 AE8A1E49 A1A50556 46FFE2D7
6B18CEFC BACE1E09 95FCBCE4 AE2AC553
B09D706C FABBFB8E 13A5A875 8E00643A
E214D854 B932AF1A 0AA58866 8C28A415
4A14D4D4 F3B20E92 C0D1F688 BD1C8553
E0D9D246 2A17BE3E E18F6272 E966A854
E991DA5E B2BD8DBA 529F2352 FCECFAF5
3E195C5F 7BBE0E1A 85E37ED2 CDBC65DE
F6F932CE A0C0917E 95237303 CDBC657E
7E513B4F 8080851A 59B72307 45F56D6E
5E435F9F 1504917A DFC0410F 8F048AC5
E9D05FDE 86C628BE C08F598E E4DE18CD
795DF7FE EC2C21F0 C088D5A3 A4C75445
EBB87774 9FEA2B68 E984490E 8D4CC04F
39CC457D EA48553F CE867896 B676180D
7190C475 EF2C5565 97A5C156 C6E4102F
2992C47C 6FC4C999 AAE7DC98 2D3F151E
3DDA71EE E8E8C57D B623DD94 6F3C5D1C
75D268EE F52CD4EF AFEBD1E7 FFB559BE
7FF27CF6 B564D4DF 12F1AAD3 A75C37A8
EEC9C2E0 3EBB333F 56EDEA1E ABEE6B7A
8C494E69 267703BD 58E51A98 9A3EF8D0
8121AC70 A0BBC373 48F7AE73 8F109ECA
69DAC2C7 26A198EE FAE83A0F 92AE0A9C
6B2B626C 2A4F35D9 5AE03A11 9A3CE93C
17713660 62EA4872 DFEB4EB1 87143DC8
B9F6FAF7 EBA3EE2C B16B8A95 9B144FF5
A9FAAC5E AA536BFE BB68BA14 FB34CFFA
BBF3BE72 EAA3CA9E 592EDEBB CC3C81A1
18D51B17 43BB63EC 577BC546 44D57AAA
0AFF3197 D54F40DD 56BBE2C6 44B46EA4
1AE506FF 1D470248 F9FEFA83 672EA587
9ED73B41 5BD9939C BBFFCC94 6C886529
9A6FB04D 344FF019 AA188505 31A06635
0AA916EA 1FCCE619 FCD3EAFA D92FA5DF
6EE34BC1 3096B33E 2655EE3E AB8A85EC
7EBD0AB9 B9D9A73E A0DDAD3D ABAB81FC
4EAD38A8 7AC8B77E 1E96A745 89011EEA
2DD91B5B E7B07D8E 2B95013F C0010EF2
A555975A F125A5DE EEB5E3EA CF2CAFD5
9B5DB5DB F29FA27B FD93636D 89C93C68
A0DAD3DA A4111DDE 5F812280 F7E85D71
3157BA4B 5E8DB49A 3A9EA62E C5ACEDA5
5FE7BDDB 7A8FAA9F 78E82531 94D57021
49D082D3 B651178F FFAA6901 B69C76E0
39A20843 8E05169C DBAFE127 F485ECE4
59A65C93 160486BD CF1DDBD9 CEEF6F5D
D902E828 6FB8E3DC 8020BC39 EF97C70F
F422C1CA D468E864 B260B4AA A505042D
64601347 844028A5 CA17CF7D 4A5E6BCC
CE86ECA8 FBBAD770 3F998B79 CBBF72FA
9322FCAA FF7E4FF0 902035F3 A49104EC
B8E391C7 8040E865 8D53FF79 297F7FCF
AEC26FBC 41BE9750 577DAFFA EB77EFFE
986A77A2 E130C7F2 C47DB266 F7D103E8
DCE6B587 A141E9F4 900444A5 10B2D213
81B63931 41538061 840DE4A1 0832FADF
00B43135 045381F1 08054400 1831D2D3
0131B155 42738860 DDA146EB 5D097B92
19692079 443D08C8 EFA1D2AB 117A66DB
C0C1B0A1 991C0F59 CBBB7716 702B7123
CE2900F1 1F3D15B8 CB9DD918 C8C97EA2
727B6ED1 F2BD3D0C A3CF1D58 C4CB1AA1
73DA6BE3 F2BD384E A7DF1D10 84E9D223
735BAFF0 FBBE5D1E 1E5EEBD4 B86047A3
3DB1BA1B 9D3B4886 5F12E555 8829EDE3
1753A81F 956D48D0 2516A171 8900A7F5
3E591657 96C32B5E C857E59E 9148E268
F7D9CB1B 1B1F66D6 EA16AFC6 CC6CF563
35B5AC77 59016C58 FE34E92F C7EB66F5
0FB105F7 FA4BEB7F A573ED8E 95470204
4DAC495A 0D5874AF CA25E902 94EED026
478064D2 274074E5 FDFDA1B7 9ED720E4
CBA25103 B040E365 2379EB95 BB925226
CDADCC32 9D695F99 C26BF621 7D98E2B7
4721B9BB 11426FC5 CEBD9E22 7581EFFD
17D6E09F 1364F6E7 A3BAAF02 0F186244
89094E0E BD1817B8 C7CF9722 35F17211
D4A1EC68 8B5B4E89 D26B9E70 35D1E5B5
D4A2ECEE CF6A65E5 77F34F0A 2F7E774C
8F09C205 ACB9F37A 3014051A A94FA755
CC05D520 0C99C672 737B97B1 3DD63397
FC21C868 495BCEA0 813A9069 2239802E
19563D0F 6358412D 327BA5FC 0070AC2A
1F46BC9F D23E640F 184BEF33 307BAAA0
4F06B893 503C4405 A52A144A 0EB74167
11963D4C 68D073E8 AE668440 A43150E9
929EBCCE E8BB3382 C20FAD73 705254A0
2D80DA0B CEBB27A9 DDA11CFB 4C87E485
531857DE 5AB40349 EFA4AC5E 542310B5
91327DFA DCD9028B F1A9BDDE 227750A1
0B20D82A DEFA264B 77F99A6C F46F1F23
E8B6C644 ECA0FD2C 256DBB5C 7CD7E80F
4AB154CB 1F6429B5 2B7EB71D 74EFE0AF
4A0FCDAB 404C6131 65F9D3E7 B712295A
E1B7F2C0 02A3FCEC 0FA18947 8591A50C
627D30C9 3D0727EC 3976A38E 948FE01F
4A1F858B 49D560F3 63CFE664 A37009F2
B5B7F6D3 09A5FD8C 4BC6E2E1 91019B6A
BDF7B78B 2BDBBE9E 441627AC 91C9A517
D40FB58B 5B1332D3 3329701D 08FE5870
8041AEA5 40E5C931 3161F53C BAB67AA0
C8ACF2B1 C274A8B1 036B7403 44355B40
C836A515 16B008B5 953C1E0A AEECDF4B
B0D3B315 4021C2AC 335EFD21 B241FFE9
BCFF290D 45F9E324 1538D202 E0BCD3E0
FA7FE51D DCA3EA3D DDE0127B 4EADFD57
B05221DD D2218A49 E4F0967D 7EA48FF3
367EA8DC DE49A22F 87708658 6CACDB77
B23D2E7C CFCBA21B CFF9DDD8 083B08C2
76446915 10BC160D C979D4D2 32866935
7244691C 516C170B 940CD0B2 32A24825
50202DBC 514C3329 FFA19D5A 08977DC7
E3444D38 53BC17EC FF57D192 E6DE3827
C2022338 58EC4143 388D1109 72AA5220
D0299770 955137E0 79B10813 1CC67C05
6B94CDF0 52FC1269 3E95584B F44E1049
E0898760 5DF271A2 5494384B 244A9009
E2058760 057379E0 8C689009 3A884D88
649B6C10 22B8541C B56960D8 3C5450A7
5D05A875 502B4D02 B9A1B4A0 2131172B
0657A497 76A7EC40 D969818D D09D008E
C81B7983 122A51CC 9A0220C4 40C99429
BD9DA451 C8874DB5 8709AC27 20895769
BADFA635 BF6149AC CF71A168 F9956CF7
7DD67593 10A49F0C F83220E6 D685E465
FF99BDBD 90C60B0E B470ACED EFAEC365
AFFD2E3E D8E8AF0E 9891CFF0 10D77C3F
4A25BCA0 71FF2250 A0A9C6F3 7CD4FF37
5923B6B2 BB658902 8C8F4282 A0D4F776
B0BB22F4 8DC38BE8 61114B62 52D7781D
4B44DD80 301E0271 632D6A61 98DB1D5C
5FFDB020 B1ED0C41 4B8AE204 A1805790
30FF26A5 97E37B8C 6015DB71 5ECD7D3D
CA17AEC0 321F1253 6ED05AE1 BB8BAF53
D379A065 B003D2F0 4ACA4201 A188C1D0
B4F56621 83C3FDFC B7C49624 A729C7D0
23BB126C CEA36984 9004092A CF2142F4
02467A45 BA626416 A166840A 80010ADC
D17F3B45 209E090E DBC4C267 2D0719FC
759D40DC CA957DCE 019D1F4C FF15B3FC
4E443492 763E0F80 BFEF58C6 603782DC
053E10CE 68D817E1 AC41E0AB 5594A91B
B6B05DD4 A30FA3DC AF6A2CEC F1D7E122
559C2D06 4B1C2795 A66EEBF6 57D5493C
756AAA8F CD242595 08262170 1CA1C0B5
0AF51967 13462107 CFB66F67 455C04DD
17F13BE7 C9C5CDA7 5BD6F77B 010B867B
D55393F3 4C9C9081 0CAE2849 6CA1C0B5
00753907 1B276471 65AE33E0 4C54D6D8
47B03165 8510C0E5 1784FF67 017BC67A
93B2B7B3 3CBD9835 062E0181 4CE140B1
89713C43 09476C11 4B3E2761 B6D4C43A
4EE0B083 97035875 51343720 8279427A
892EB733 3689D43D 8B8AB7C7 458A3F2A
3549925F 17B536C5 A58AF375 71277FE3
31690251 99DD3F85 450A7A05 61141980
15A90241 9D5C5BA4 EDDAB36F 1F9F631B
5DB18E5C 9F7085E8 EC7EB1EB BD6B4CF3
99EDDAF2 1B3DB746 84CBF9E5 E93411E2
14B05A74 D9B8DD0C D840B866 9F8C6FAB
7DD1D6C4 163481EE 4C70B862 DF00ED33
09C51665 123789C4 A571BC82 EF2271AA
0794B274 D1BEB92C B2CD0EF0 16505131
AB18B222 9F3B4FC2 D744E251 1A9103B5
C95A8620 951D420E CE43E355 399385B5
5508D0E3 075D5A88 298F4E95 2452D260
AB949E7F 8FBB6B76 CD087B40 189FE1D4
D8480405 03196230 C802F34B 20972614
4C0AC5AB 4BCC1080 0DAA0585 A45216E2
996C096F 4DF86CAC CA2A5302 20A4767E
59610528 4ACC05B8 DD02B19E 70A6309F
4A1A41AA 5ECC11C2 26B5096D 1EC063B5
CB89946C BF73EBBA 2AE7AD2B 3200D131
EFEC322A 52BAF5C2 4BE5A4AF 08100EF5
FF2D31FE 46F3CD02 82F90E24 1EE45239
C8A99A78 AF7F3B6A 7AE621B5 2244D0B4
AFFA12A3 436ABFC2 FBF721A3 033196E3
F53FD7B3 456BC571 94F85A5E 1D6E670F
CE090A58 AC176B7A B4F0EBC6 571CAB2C
CC598A5D 0B836BBA B131564E 5D8CAD0D
C419865C 6E9F03F1 049C9AAC 8880D335
43187535 AF7AE142 30F79DBD 58F9D935
6774F9B9 51788081 3AE57DFC 7012ADDD
4F66D5C9 CCFBE2E3 74E69499 88619237
319FF92E 8758940B 34EF097E 467D9999
25A2FFA2 79308C8A 68E569F3 32FC8D9B
AEA1DDE6 D82B42AA 77B78C2E 8C4915D8
C00FD10C E7A0D468 72258B16 150C85DC
AC07C818 E32362BE AC7DE1D6 114EED9C
EEB18AC4 FA836EFA 8378E18C BBA0C56E
7E96E436 306A4846 655860AC 3B262A04
1DD58C1E 781E0FC3 BD70CDBB AB26350C
9ED4A914 70A2EC07 CFD6A4A8 A5EA514F
7BDEF3A6 79F8B55C 6A82ECCB 8CA62217
5CF78B6E 135E15E2 DA822841 FEE1E837
3FD6A954 23E4941E 2A648CA0 E46B8077
B9BE74B6 49EBFA1D 3EE308A4 EE296C3F
FBBA75F6 E3DCAB5C 5AE700A0 DEE9CE77
F9F6FC97 0165FB5D 4EAF6BC1 69553C4D
F7546E85 67645DA9 4771FFBD 19D4279E
6CA6E6AB BEE4CBAF 263F1D5C 1AC6B3AB
5FBE8F79 F87C2E3F C4ED7FDD FF5B7D45
86DC76C5 47ECEE65 E9B0FE0B B2DA358D
5C63DEE0 873C7655 675FB377 CA549C24
5F36CDD2 BDACAF35 8C3DA662 A55BC409
27CF13D0 5AB85CD8 ABE7664E 0C556EC9
2C8A19F6 D02009FA 0B691A86 CED42A8C
88A243F2 B4F2817A 6E6350D2 003800E0
0530EAD4 68A8157A 8856405E 9F6C0E42
42500FCF 9E8F7F6A EB4A760B 7B6ECF60
BDCC2E0B 178D3E7B 0EA760F2 10653514
E281A7FD 7BB8FFCF 0B572151 12AC3215
4CE967DD 6F9C67F7 C35267C9 DBFFF2E5
5DC82E2F 569D0EF1 0EA3A155 52E0D005
C2920DBD 11643085 A9812DDC 5AFDB224
57BA25FF 3ADCA9D7 B1063F89 FA3FF2F0
15EEB17F 14DC8011 E138F04A 3ABBC8C7
F9DE3B46 C19FCE2C A3FCD4D8 B2B7B8E6
93F7E942 F73FC334 80B8F462 F322C865
E2D63E94 0C8F1A3D E9BE7C48 038DCDD7
9DD12545 209952AC 02BAE5F2 87C0EDA4
0F5D8119 A70AD3B6 D6B9F442 15F6C827
C4BD6C1E 7DE63EA8 5DB00058 00ABE406
43D0471D 3A8852EC 15B020CC 0291A406
9394871D 0EC27294 07B51458 C6A1FC27
535C4F1C 3ECA1EC9 65F93807 F76C776A
EFA3C2D1 28E3FB7D A3DD240E A72CAD63
F58FD255 0C13AFBC 2BF12808 CD689B42
B7DF4651 0893BF3C 86A11876 DF747A61
AD9282B1 8553AB1C 2BF17C86 C354D50B
B3BDAEE5 CD33BB10 707118E1 C770D9C0
AB8A9294 CC9BAB36 A6600A60 5E784029
812AFA9F 8041EB96 407148F2 CE19482E
91BB72B6 E8E1AB16 64610860 CC5100A2
83EAD097 E181E916 FC359152 64AD251B
583245C4 62801100 67BE0CCA 46EC340B
48524810 3F4039A0 961E4648 5EEFC22F
70FB7D2C 2F45388C 543DD816 F4BA253B
0EB72DA0 42921E40 142F5D86 02F40F0A
60556A0E 2E00FD92 A23C4429 DC0FC457
3C499D3C 0D078A82 344C9881 1BE9CFD3
F9BFBC26 1A4F7C09 1F4DBC84 8B06DF4B
F0D7FA3E 6EAEDC9B CA158678 4A2BC677
A31CC59E 7B875ACE E7F176B2 D78EBD46
D6C746D0 F6D5E2B9 E3E9FE27 FFFEF93C
4CAB56D0 AA70CAB9 F379FC9D BFFFFB2E
5EB74C64 6E70C939 90B1FE74 9B9CB507
243712D1 FA97433F F4C17B26 81109FB7
286D50D4 DEB7C279 22F17ADD F53EEBBF
3E33CC94 7C3AC93B 24917AD7 55D17505
C603C610 B2974351 20813B57 81D12100
68048019 109703BF 24D10A5F 5F59B91E
6A178C1C 30374B73 BAD0A08A CCF90423
35774A62 38472D3D 82D1611A ED3B104D
A0F0EA5A D4752FFB D24E6D99 9DBFDAE5
F1F83F33 0957BED3 7BD1A34A E76D5D48
344D4EE0 B1C1BD5E F6986983 ED3E2906
A4D94013 B6F527FB F24F5C39 893ED054
41CC7A13 449FB653 FBD7E77E F1153CC0
B7DEEFD1 E1AC9D4E D14A7806 D19EDC84
BAFD6E11 EA552118 85697CB9 48BFD476
EBDCBE12 4A8ED451 4C95D6E3 2C3AF551
A2926464 6CBAFA6C C8B48A72 0A00E15F
7212E074 AFFA4B6E 29B588CA 9EA8E197
5235ED54 E3F2EF6E 50E5965E 0BA2F513
738AF7D7 373AD86E 4AB58E4E 12CAB9BF
7F1271FD 37FC744E 78F48D4F 5ECFE13F
74314D6B 377CF6CE 74B5A3CE C5ACFD92
671BF2DA 9D38F49E 0EE78FCE 45D93336
75ABF3EB 3760744E 68EA2FC9 4599B19C
562979EF 95F834D6 FBCF7C3B A12EBFC0
B7C72BCB 61BCF6B4 DE0B3D0A F16F9B46
F6E70BB2 41ECD694 DA8BF610 F19DF926
75A3CE32 3D7CD600 FDF6794C CB7B05CA
AFD33399 68B8C5BC D90869EE DB73D26E
ADABEAB1 C58B47B8 2FC3CAC7 73F97D7B
6F976630 377A5376 FDB7FC9E EB3BCDDA
37D7F2D0 EE98DC1E BDF7C807 C37C67C4
278D8679 BE9ADA5D 27EBCC1C EB7CF96A
77FF2E70 BFBE5B0F 58B6DA46 DDED3A06
58774D21 B1CA307C 1DD5CBE4 9ED5D0CD
E86041C3 9273BA04 4D444920 B1970895
E3B03D6C 997C3E40 F6FFCAFA F10E66A5
DD9C0507 330AB284 324C0234 D41200B1
80B0323A D362C98E 885AD022 23050309
603163B8 D5E99F8E FE8BD608 B80BF695
A659DD40 121A1248 4823402A 1883063F
E26899D8 034660F9 87780482 53A5428D
3AE0281C 586C80F9 D7695C63 F536D8C1
FAFFA6D8 4A1F9A61 B03C59F5 EE0EF52C
73A94758 3E3A9171 14A41CFF C6613026
421AC579 2208B14D C4AD5CE0 7D1ED9DB
BAF7A6CD EE9FEA71 D896DCE7 D50C022D
663758E5 CEB8B8BA 2DB4177F C401802F
433AD5D3 2B6234DD C5FB5EF0 733EBF3F
2F53A6CC 48996812 85F1DE68 AB1D076F
471F5248 E692EC16 00941FBC 81489661
040890EB 6BB3EC7D 2BB6ABEC 0F1D279A
1C29996F A760E99F 8B448BF9 7C719C9A
556CA17D 61D63ECA D84F0F09 1BBBF8DF
A5E429DA 40D71AC2 5BB6AB6F DEAD2F5A
9C53996D E7D06FAF 0C702DF8 6A314CB2
9E7E417F 6B627C00 F973B188 DA199AD6
A9543D9F 60478ED3 7A9AAF67 D7E8210A
D4A3095F B54037FF 6C70217B 12F901A4
07640D2F 284273B7 6633A382 D4919C6F
555FD59F 0445DBF3 37472DDC 0C7938C8
18CF3B33 B1249A8D 37F52C88 0E11E51C
1EF4BC74 69389F4A 3BB5B8D4 4629E016
1216AC74 63381748 7E526D4B 0CF8AB43
EDED1BC2 95261E3F 6BB02C02 9E48AA15
DFD53A72 6FD2120B 7322B4A0 E6257857
9A903A46 687A16CA 5FB30D6A 465D4E49
4BCD4240 14245F2D 6CB08567 4648BC49
C5D3CA5A BCC47B2F 7BB2857C 064EE085
031114DE 6D7013CF A6A54CE5 C7137A78
91A2C6BD A6778AE9 86EA10F5 C3137C50
F1AFEE99 A4BFFABF C4EE5AC6 4A3210D2
D1AAE2DD AC3F5BAB 6886067F 2404A033
11C4943D 2F7B2EF1 40BE121D 84D52E25
192FDE1B B23B2BAB DF8E0202 6C803C20
9134D4EF BBFF6FA1 8D0E028B 2428054D
11F32D6F CBE824F9 CB063307 30E407EF
9A6FAD62 C7EAEE78 4D062387 74A4566F
183F676D 07CC18F9 2A200B3F 5AF5229D
476D8D2A A65423B3 0BA025F3 50DC2EC4
88630FBC C4C46469 964ED74D 18BECB96
A8B84FBC C85E50E3 31E06FBD 1EF9628A
444D086C 167E239A B7E4C62F 244B9DDF
B179C1DE 4C741240 9154D29C CD6A8A14
F9347D49 E1F43073 B9807D8E 7A4E770B
6E518A68 1E9D1702 FD04678A 7A4A6B15
3C597260 4D9F1E02 CB3EF38B FD309DD5
5C477959 44976639 27B48BCD 8E41447C
085DE964 AF306B9E 805489CC 88630993
117C6968 3BB8EF10 48418283 DAB29FD0
D1746C3C 51F767F6 E9BEFB4E E54F1E49
BCD3E346 E9B89739 0896BBE9 80F71C6A
16849960 055EE178 7C57A181 8A72BEF2
0124553D 1ED858E1 E23EDBEF E507FA7D
BC9BF35D E9B8A5FB 293E393D 242B5662
8A1AF36F C1DEC528 4C1435AB 209104A0
020C512E 1E4AD0A1 940A64E2 1A2086B1
61783AAF 82CE418B 016AF428 2E899425
64B917CA 4CC029C0 4329F005 F7ADEB27
F6FF4F0C 0D84F8BC 990521F7 A8A944BA
21B4BF3E 984E1761 46186A81 92D95C24
07DD568A 0C9334A2 2778F2F5 DDFC098C
E6D3EC90 1081F376 6D860510 A89B06F6
08D49D3E EF6A14E9 633E2581 E873E6D6
A88A7C16 8799F65E 6272EA60 ED7AFB87
AECB6890 C093EA16 3C3605DA 0EFD017C
28949B66 80032192 3E360546 2EDF0018
22D6BF26 821F29D2 1424C0D3 4ED7043B
24309366 10C329D2 1C1405E0 6CCC0195
09293976 0A5B4BDA 3A9404D2 6E65561B
12E937E6 02DF00D1 9B0401C0 4DE6E2B5
162911F6 124EA811 F9F1F8FA 7F247D05
7FE32BF0 709C8F0A 8FD59C79 3F22FBBD
7EEB02F0 F07DFBCC B3D9FDBC 7DFE73AD
5EA93AC8 78D88A0E 9CD488F9 DEE9C1B3
433EFD60 716B6552 9C952CE8 9EA01132
C236F164 7762A572 1E940D7D BEE98335
4F72B9F2 73E3A45E ECED4E93 F8399C26
224667B0 EAAF3C55 10A96883 9638DF8E
01D9A511 AEADD890 27B61E2C 9A8BC344
73DEAC3B 056C9E9D A3095F97 F0521867
B8BE6D22 6BAF684D AB2B7FB6 D8DF1E4E
A0FE217A C808E8DD DF2F5936 D8D35D64
D9E2CC82 0A44CEED D74ABC41 C774A3BD
BDFF4A4E CAA36F7B 8C6E282C 81C4A1BE
ADA173F2 CCA38FFB 49F4376E 0A5120BE
292CB8FE 5E920B6B 7ADEA6DA 8B66A859
A5AB78CA B493697E 2C46937C 93BDB4B7
258D3FF3 899AFCB8 2917152C 483A18D3
0A3C3967 51CA1857 B27CAEEE CF510F6D
FE43F3C3 B407ED36 5454CDCA DF23690F
6CE3EB67 30C7BF37 ED564BEC E4290A60
4D0A710F 62B2B27D 1F978FD5 1449F972
5B1DCC71 7BFA7750 5EA2AAC4 70E97872
2384B631 63FB77C8 7A6A6366 F5F158B0
29C1FA93 D131D58D 5D8B1C83 1009FA14
72901714 63BE1680 158A14A6 232D52B6
21B93E2F 40DB7A89 522A26EF A59B5A39
65A957AB 9C5181CB 58030013 1880BE33
53503413 377C3301 348030FC C65BE037
05BD5F3F 9B2B2009 42AA26E6 64108231
452957FB 1D83E83B E7A8D695 F50FDB44
35DEC59D EE8DFBF5 868CF354 6C83C3BD
78AB782D FD082355 969C8BDC 40C15095
032D616C F942A3D6 4161C415 1D1C3BC8
25F0D29D ACCCDB85 AAEAF8C4 D244D0A1
9FB63CB3 E5C7DAE1 9C0C87C0 20E3F2B7
BC8DB8EE 79C3A30E C9E1DD77 1B153B98
65D9F294 947C9D66 01E1B579 9F171B10
4EDD544A 667C1DE7 91D9BD20 318286B5
CEC59048 FD4F3EAE E5A95EF1 1AB6F853
A3B93674 CC5FCA28 B7E97C82 3176BA57
C8713170 C097CA61 E9AD5ED2 3B76F8D4
8081B7D0 E2B762F1 A1903A58 19C67555
F239B474 CEC94E58 1BC4B33D 557B4B37
7715A4FC 5F3D5E5E E59062D1 5B7EE913
F613CB54 769F56DE 7CD08A58 15C67711
DB850E40 4A7B3B64 10D08808 05CAAF01
D5040580 0F31D9A2 041042CA CD8EB711
D30DC7DC 6F913BAA C32A7405 65879AA1
B1DE0A8F CD8D3089 960F6005 5503D8E1
A03E3817 09CDA380 520E7005 7D04CAE1
31FC1727 0FCDB8C1 E62A5144 35C73B00
F981EA9B 9D4D0828 916EC8CF 3956EDD9
9CEAB203 9ACFAA40 F90E742B 2946B3E1
A0691313 CCCDAA00 D9E3C05F 5D957B8A
45414986 956405AC 9CF5A1DB 3DCC71A1
7E609866 B77C08AC A5D1FD5F 252729B1
26C8012A D8DC0166 90C9F7F5 5181E3AF
4EEE983B 9E4C0287 ACCBF504 7120821B
57B7A0BB 7D46060D 040F2100 C1A0A62A
57380097 954474CD B0790B71 3DD4DA18
4E9D8466 B24E4859 D6EDAF25 8D64DF90
CCB1A8C2 E8823E5A 4A2BA224 E5A4EEA0
57B72097 97447D5D F4281DFB 2E87679F
48C00A26 9078066B D42ABB82 2D144C98
4CF44A06 A16076A8 5B2BB127 34947AA8
44A04886 876075AD CD2351C3 4CAD09D5
B05C0915 20848B6C E4BEC6C2 44AF0255
A012295D 3103622A C03AD645 5CAF487D
A092249D 594C634C DE075962 4CB51A47
62DE4504 30848266 C5BE4788 66B41C14
34981B0C 878E10F2 C25BDC5A 78BB6955
2592281C 235A828A 58835132 6A85EC16
634C4798 769C9641 5E074118 6AA6F884
739B0319 94DE9672 7646DD1C 2AAEE216
05888B3C 6CFA3663 12212872 0A103C0A
423020D4 60244808 01656066 9B1C59C4
72634E44 2E074E0C EF6E6200 FF6DF066
FDED3EA3 0F477F2F 32B14A56 10BC6D1E
82102E54 E0352F48 18774001 71046D1E
EAB70A48 7A4A6E9A F5C62352 FFBD7AE5
7DED6EE3 975E5C1F 844A2252 50A0E117
C2B12E94 5A5D3392 B1C2A2CB E3FC77AD
77602A5B 9A9C7656 37DF3BA8 EBFD53E3
55EFB323 9D1CD815 66070B62 442D29B5
4444F107 A5B07575 4207CB77 6D2D6335
0460F003 85706175 726E1BC6 64AD63BF
4E2E91AF 85607159 520707E3 5E2CA837
45097481 A3BADF76 4207CF43 48E4ED05
050C7485 A6B86E75 76442F1D 2E8DC9B4
5721910F A6607475 66859764 CFACABB6
442BF187 B6B0FC17 140BCEC8 6FACE517
45A2355F 96B32637 264D8E49 6EA983B4
552A700F B6E27076 86C9D6D5 35383D40
B76AD0D8 8DAFDA92 F299C063 70A1E27A
C42694B0 2C4352C6 849E038E 00C5267D
09BA0ABA 1FCB02C8 C281DC64 3B3918C8
F460C2D8 82EC9E42 A7B934F6 36A438AA
6E6E8EFE 47E55550 ADB62416 74EC2E5F
4A5E0A3F 7D461489 E9811472 3C783850
E268C2D8 E5EC1EAE F7A70227 54607A97
2A58001E E1EE67E4 4B262016 F0C5664F
38560C3D 2FC424FD E37B76A9 F5FFA5A3
3FE6EEB1 592C7DAD 551AB6D4 B2FBF423
6DBB662F 5DFEF31D 1C1E97DA 0881B01B
811883BE 1BF0364A 3BC12174 92F63D02
47A4BC93 F7EF6A35 6CB10C45 CAD5F5A8
C324FC3C F4E2AAEE 9C9EA603 CCC1BEFF
915DB7DF 0DC3BA9E 2BE109F4 8EFC2F0A
5FB4B8A6 30EC3858 39A50BFF 87F527CE
5AFCBA2F 95403E3E EA8EA242 A5B9C177
1075F2DF 0DC128DD 5D88EA09 CDEF47CB
7C9757A4 838475DC 486B840A FD9F5586
CC120D85 12E4239E 5D62B402 8DBF6050
48147107 10500949 27FADF59 B76F53E6
8BF3CE4A 59FA7DFC 82D6A02F 1F7D2275
DF5E50EA 53C8292F D780348F 86FC4427
431ED5E7 D660180B 077C0E58 D7FC5648
2FAAAE6A 597BBE56 0344980C F6A1693E
6E6F3423 2375B556 9505C598 E2B0C43B
634BB1AF 8FAC3032 C5711359 BBB359CD
C0566904 00248A4C C9F13383 3584AD84
504660DD 2240D6BF FFEB3204 57EDE377
D8B67C74 2960123D 86291B59 F9917992
04F4003D 166BCF35 CCFAAFC3 25E0B734
8CBC0BA5 A44AC3E5 C7FB3EC4 5FB5F90C
5A2E5C04 2D689125 DA88F255 E160CB12
342762F5 9BA3EE31 CD79F377 41607188
6E2BCA9D D682A7F3 24617ADD 4F7EFB0B
76FE2E0C 3CEA3352 B179C911 9953288D
F8544C54 14642F3E D15BF188 B09E2F3C
7E59475C 1E7A36BE C4BBBF2C A056206D
DE42D918 78BAA69E 59B85F54 EC5F5DDD
79546046 782823BF DE8E5B96 91165FFF
22544255 3D240437 B2BFEDC7 D57D516D
0A96D359 3EB604D7 77B85A50 E669577B
A113A455 E8A1EA11 B5B457D5 EE695FDA
2112E655 BC806817 17B44AC1 DF68DB48
B35AECDD A9B56A57 D35AF618 B1FE9C62
BFE7C693 D08F7C3A 8579579B BB6B0063
E9D44693 1A2534FF A478D54F A3EB00E3
EA52F98D 5AAC320D 85DBFEB5 B34817B0
A7BBAE99 5A9FFD16 A6E11B41 8F21C453
F048DC09 12A57C51 E2259D5F 1C8AA697
4944659D 52620B61 32C36AC0 8778A0A0
83B39291 A813F916 90A41C5A CCE8F238
2B09125D B8313B32 A6A505DF 4C2CF886
4B146C5C CEFA0279 7AA76692 E80EF81F
F382F3F9 6F95D579 60AA4892 A1C6364A
F38FA389 3CB11379 96BB4303 E3CE50C8
F38B0619 9C8D7EFD 5E1424F5 0E438479
9398F5BD FFA19D2D EABC8486 8B6F154A
F391674E 3CA1FB0D FC308006 83C4006C
BBCB4688 B6C176CC 2A44036F 064681AC
8DEAD12B A743ECE5 EF6D89EF 87DC0DED
D9F5E7AE B743EB3D D96C8A6F 83C4456C
8DFBE628 BE604B5F CF64A4EB 36298EB3
787479C5 4F003C6D 836484FA FE2DCE3D
78747D6C 0F00FC05 C314D4FF 1E8F863D
707071EC 5D48B841 9324B853 E0F3DC5A
7030F0C5 CF807C94 1165AC45 8843D9FD
78E96DED C7AEBC44 B054A85D 980B1FFC
72C879CC C140BC44 1764ACCD 817D90F8
74AC71C7 A5F8B48C 69E5BC61 80F553BE
51A170C3 97E2F406 39CDBD7C 825350FC
6FA274EA B2A2B46F 59031133 4830A89A
4251AFD7 72841741 DB12B79D D58C374E
7D5F0F59 6B5C7795 E74AFF14 F1EFF122
1D4F6E2B 5D5C1601 50931102 CA80EA1B
E29109B5 33793355 8D84A080 937AB0E7
7FF6E93D 387C0635 C114BF39 B17DB26D
5D46E719 5C7D0091 27AE0184 0AA1C897
02D13927 1B5874DD 27A4A190 E6FC81AA
1DF8F9FD BAF81CDD FB88A525 A71517AA
1DFF75B7 2638901D 23ECA3C3 64F71A70
E8585344 99A03C0C F7B4824A 446B4FDA
E0D04444 93203CC6 C7B0B856 F6AB4176
68D06C4C 11203D4D BDF884D2 85761BC5
F4A0D746 D0A4922C FD98BC5E D17E3DDF
E2C16D6C 9A74B24F 7198905C F16E614D
E6B1CC6C 7160304F 7EC38D3E 8D7F1AC4
55E4F9CA 1CF0940F 0BFF9DBD D15E4CCD
54617C6A 5AA4B207 71C395DE 517EBC0E
74204C4A B120300F DE7000CE FE6806B9
70666841 B61C1D1A D27065EA 1EAAEEAF
3444A0F2 B61E001B C428542A ACCA452B
174AA055 BF1CB11A DA302102 B929D5B7
7D5261E0 67BB1CB6 1A14E544 0F0AE73C
04552361 473B34B6 DA24CC6D 3E8ADF3D
3DCA2228 D76BFE06 CA61C108 B3131DF6
EDD257C2 53AEBE0C 88314344 9313CD34
BBD8D564 5FEEBCC8 CE38DD29 BA8BC376
7FD8827A DF66AE8C A7A4E166 0C3906D4
89F11A4E 8C802A8D 6BA2B547 20715394
882E186E 56A042C8 D2A4B1E7 0601403C
4A3310F6 9EC24BC9 A7E72D6E 66DD10B8
F92716C6 1286098B A9A4815B 6B4C1238
426FB262 D7AE44D9 E984B47B 065D5219
622B3FE2 320B9909 944E22C8 C6E49272
33AFB6F3 ABC3293D 8C16064A EBE5D27C
3BE9B7F3 A1C3A114 C9062A47 CEC98672
B3E7B7F3 A2839934 4FBF5EA7 B58EF62F
DE4907F9 D67F3771 C7BB5533 74AE6E1E
CA51856D 3E5DE76B 0EDF439F 7CEEAC87
40514D69 871F3771 01E7572B 348A2491
EA4900D9 17FDB470 A3E158AA 1CAA1CDB
725C26FC 4A3FBB78 87EC4F2B 3CEA3B83
60480221 4A1DB572 164C5B0D B0C20B38
3E2B62AB 8B7FF496 D3CD5B7C B0BB5978
7A6E7267 D3BF74B6 0E497B35 B3491DF0
6C4272C3 DB377496 3BF7A1F0 C4F102A8
4E64A92D 1B646D1B 7AF36156 C4948C3C
ECF48C9B 52C503B3 FA5B788F FBDED944
B8FD0EA0 9D171EF2 2DF3A1F2 86CD0137
5F30CD7B 99E075FF 6CDBE38A A5A4B910
1C2BC16E 2F64543A 87DB7E88 5BE6FB46
A9DD2E11 00975E92 2BFEA5AF 94E1012E
953C4D7D 2DC2A4FD BCFEE307 D587AD0E
F33D4F15 23C50BDB 915AFA48 5B4EFFCF
FADF8E11 40975AD2 7B7B3B2D 6F4F2FAE
4E554D07 D52CF513 2B7B3B0B F7CEA99E
C4CD156B 574CA5B1 6B452EBC BFCCFA95
F6ED1FEA 57C6E13B 407BF1B3 3D82262D
44D04187 596C65D1 86D9DCAE AB22C27B
30F3B61E 8245C170 A4D4FCF6 FEC4D270
F3BF13F2 84C4EDEE 29EB2538 883316A6
4BEC59BB 5D68660F BDD325B0 C83152F6
33F658F3 D8C48B4F B9862C34 C23140F4
33B41E73 B8CC892D 93481109 3FA108EB
D074E847 8244852D A3CC503B 3BB000E0
B376A247 000FE72C 934A509A 3B12F8E2
B364B735 915D926C 97843504 E6A181E5
F526CD6D AE60E52D B3C4B4B4 66C845E2
BF6F0E41 E7EFAF4D DE4622BB 5B39EF72
B76794D5 625DFF9E 3CC4A2AA E6A881ED
95AE750F A7C5E1F5 36C6A263 F1E88BEF
9627C6C7 5083A135 7446224B F3898B69
B46FE7A5 2141E934 0632F701 3EB33B9B
C72C9965 155AEE72 9206F70D 3DB6BD91
85A61105 065AEBE3 8824E7CD 7DB79BB2
8D16910F C595E774 EBA0BE00 15281153
9441844C 045BAA1A E390F720 51425397
96278064 D79F0F0A 83B4B7C3 54525103
84190454 17D72F38 C780195F 74C95E01
724B005D 1A7DB68E B78119DB 74CB5E01
32594544 527F324A 9782115B 64CB5701
3E4B4D54 52BD3208 FB6A550E E14F0F4C
FDCB4B89 8C853CFE 562B7198 93CE380C
F9834F9B 8C4D39B8 372B7499 BB84F167
F0F90E64 9D4FFAEA DB22900E A34E070C
FD4F6309 2E00BDAA 32224C8E D3D4014F
FD57EB10 0C4C3091 5B1448A8 9FCC95C5
D7F12970 87EAF47C BD74A686 A7469B4E
FD5EC129 AE80E4F7 D564EEEF B7F6096F
D9DFEF3E 94E185B1 7E788823 33C80DC8
F5E14662 A7E175F4 FE0A7ACB F37EB862
B4A30689 D89FFF7A 522E73FB A27F2128
48809226 9633DB50 4AC67EFF BC7DE52A
0598AE61 16701C50 CB997300 FABEA4F0
A38EA699 5ABFAE10 8E82730F D33E33A0
4A086567 52FEA7D4 6F80AF4D DDA5A773
D91EE565 16F80DC4 9D814014 73B3E423
F396BC91 737F3F05 BD82BC48 5EB5B42D
531EF575 58FAA116 0D128F1C C8B78564
915E9577 55782165 ED12D11B 58C71AC7
E8C82FB0 920F8E96 AB00A14B 182941B5
EBFC7DEF 16424F0D A32CB547 442142F9
4A1051DE 1E68418D 6E72DE12 79431BAA
FFC5EDA0 4B3FA496 A253845B DB084A04
B39C59EC 7A80EEEE F1A90D14 8C00D830
633C11DE 86E0DCAF 6A5CFE75 3342993B
FEABF988 43D7ED96 225EA820 955CEA1B
94A379A2 21CAA3AE 6BAF00A2 E410EE98
13B411D6 8560B5AD 2DB4884F 074105D0
C9525548 2AA2FA2C 20148549 4AC20735
44647908 05EAE2A4 04049468 08A28535
542031EC 0ACAA0E4 5FF09C52 ED0C7F79
380261F0 A0A29C4C 7EE41879 5E88993A
774179E6 9442B460 DEC5347B 1A499810
562F3DFE 06E09007 CBD9FC74 9B01FFF1
BBB4EEF0 EAA69C4D BCCDDCF4 DBB15EF0
73F4BEF0 AA6E8C45 ADCD1C3C BAB1CFF8
33BDBEE0 AE6E5C05 1716C7AE 9A002FDC
B8DADED9 A04692F6 092619EA C5E405FD
5C277F75 685AB375 04528817 C26BE69E
0DF66B81 E442312D 045415E2 5E906490
D86619B1 36CF67E3 5CAF0A73 24F0E8B0
D2600476 114912E7 3E033C22 189F8814
88540D65 EC70106D DA1AD700 B8B660B9
AE181A33 66F71742 54215364 A0B2E8B6
001814C6 527E93D1 FE3421F1 102E5C4F
AC90CE34 609A4323 9550B851 7F89CDF3
3558D055 183B9684 D5F4B251 3F32DB77
AD1C9414 D9ABEAEE BD1510E3 77009FF1
375A8C1D 488766C6 9750AAC1 FCE8C381
A43A201C 9A0BFFD4 B3748AD1 FF28DD62
3602AC05 D483FB1C 9655C241 7D089F51
34392794 1F95F656 088225AC 80C20201
C1A80C3B 175F2EAD 0A9DA02A 80C822A3
90004128 1B136E8C 5817A122 80832411
C004D1A8 530B16AC 48855CFE 101CBD50
622397FC 62DF92E8 19851E7C 1099F858
123BBBF0 2B728261 1DC50AD8 1A18F091
1135FD60 617A9472 E330DF4F 0D5E3FC6
68F15148 D751822C 37BE1F42 25FEA670
EA6585C8 AF3D54AC 13FC3A80 E0F9C29B
F22F8143 B7797D96 DD79DFF8 4D7F7FC5
6EFDC9F8 59B1AE79 57F9D760 8579CD05
EC3D605B 8A03EA1F 66FCC220 C7598323
BE7F92D3 A311F81E 585AF10B 85EE418E
0E911FA3 021E136D 8AD2E934 F577E30E
1ED76BC3 D31C3375 5273EAA2 757FBF07
FDDDDECB 58CDBF05 424AE58F 1D0B49BF
49E97FE9 1937B3EF C6F0D8ED 5F2259AF
D78569E9 7A3FF2DF A041FAA9 791317A7
D509F1C5 709FFA13 024EEB1D 5BD38105
05E35D19 1A37760F A3C9DFFC 0B124DD2
C64379C1 9E95D2AB 21D9FFED 03531B03
C40BF1C8 5E9BDA03 6EBF1B2B 746F7F8A
4ACF2EA1 FFBCF593 4BBF8B00 7C167D15
11A90730 EF33C7D0 7BB52A4C 9C5CF697
D219D568 E7B2C9F2 0039D2C4 DAF72C6D
FBF22C91 58973E14 4578E604 59B76CB5
B1D31B13 41935C06 55B41EC8 809F2B3D
D2ADD760 29D2EB36 143812E5 56B38929
C422240F 8D8360F5 367C32C1 569B89A8
9137350F AD23F0B5 14D53AC6 D79989BF
D33797D7 A481F934 0FE92AF7 5638F5B1
229992DD CEB763D9 66EF77E3 9E29F920
0C9C1ABD DDF34AD1 57A336E7 FD1DFB20
B59D4637 0D437BF1 B3D8AA55 D7B8F3B2
AAB09A54 AAFB53B2 A5883783 C1293432
03A4BBD5 92D33E14 318B7C21 C5156760
BF961257 1783FB25 51F9F857 9D717DD1
A2C0DAD0 A83DDBAE B5E97C47 8B303199
A2B01AD0 8071BB2C 81E9FCF3 4F3613A8
B7813AD2 8C34B92E 57D8BAC1 A524555C
7CB7E640 782A5D0C B9D12D79 5E2111F9
6F4498F3 5102E547 29B5247B 8761BF78
0E57BBD3 4083AE67 5FD120D3 F5ADDC5D
623776E6 71CA9D44 7D912CF3 CE18E60D
6B01906A 3F438055 A61F0CBB EF78AD78
0ECBBBD6 4443E28E 4E59A081 F33998A4
35B676E6 A3E0FC45 E0A12887 FE39FCAF
E71FF2DF A2048A53 A28E7CA5 2E19F3A2
BFEFBAE2 A528CB0E 274FB03B 9EA142B1
1CF93267 C0E6C90D 9D6C341F AC1A426F
772697A2 00EDC848 E95BEC3E DD4C5D60
FFC6CD61 C125EFF9 AFD1206F CDD90BD8
66E7D2FD 1354C48D F8CE1972 C4C37696
06011E5D FA80CA0B 51706CAA 934A1106
C5C1457D C1A8EAF1 34DF003E 40E9A60A
F26316E2 3E449CA2 30F600BA 19C33717
E60D8838 164F4ED3 0274059C 1B43F7DE
8158C968 57DA36F9 A5E8DA8D AE015AF8
E068446C AC73D21A 869C5B99 E7A10BF8
D060D5D6 9163F642 AEA559FE C7430DD8
A256B991 80A3E6F6 863F5FDD EC051A49
285CF01C A40D51EB 768F7F49 ADE4F8D9
18543DCF B1C511C8 F6AD7AF4 E7C008F9
4C602003 B02541E0 7E075798 2406BE09
B85EB33C C73E85F2 D21F7A58 6C86F84F
B85E8F0C 617F018A C60E4B95 3D86FBBD
B9702842 E17601F9 CB56D32B F4CD08D1
CAED43CC 3645E325 CBFEA13D 37EF61A2
ECE11D23 D63705A9 AFF1A9D0 64FC57EB
CE0449E2 5F608D8B 59C1DA4A 5D28F093
6615C6F8 187C0F1C 6340084E 73F4C106
CCF14E24 8872067C 313BA648 94FE5227
7A0A3FA7 39EA1B39 EC55DACA 754F791A
66CAED98 BB83C79C A4708A56 7B02754E
04B06A35 9060E014 3C768573 B4FDD63D
4636B937 D0C2A28D 890544EA 083888D3
12743154 40B4CC23 49A44DAA 153FBF94
D274A756 46B52EEF AD802CA6 C5CD034C
F21BB6D1 2685B15D 1E0651EA 3AA2FDB3
12E23107 46256FF7 1AED09C5 B6020904
CEFD09BE EFF33FDD BDB16AD3 C34C666C
F7F38AD1 B880B3ED 94C81200 5682E133
08F10D93 035F76C1 1CD8E144 C4D15428
6E61EEE2 9B6374D1 F5ED2AC7 C3FC63AC
F7F7AEF1 BAA27DBD FC968385 C0C4F39D
C30AC2DC BE5313D6 3C968304 4884E7DD
90190A5C F49212D6 F696C99D 4A4EE6D4
A0CD0B68 F0D3F6F4 FAFEA805 92817BBE
E3B18078 265ABBCE ECB2F401 C304E73F
BDD002E5 4980F52E B5F5E8A8 CB47D6F3
A5CC91E9 D093CF25 3773A8BF 921460BC
CBBC7C6A 6E4A21AF 6FE7E4A2 BE3460BD
CD9176D2 748815AF 95659D37 9E1724BC
8DC4D0C2 F41881A0 DE4EF42A 3B288BC5
B4F23BD9 8887DE8C 476FB231 29385B82
899F37B3 17115259 23F50B77 46192CB8
4B1150D7 E6334353 6E0CC12F 3AC089E4
716037D8 83A4FE44 145FDB6B 78FD4AAE
8B6BB70F 24337730 5DB32BC7 86F82EAD
4801521F 903A737B 5905083E 385600D0
43CC853C 773E0CE4 E83C1D43 20FF04B2
884A4301 7BBC54AA FDB20116 94F474E5
4800421B 7C1C47EB 1ACEE415 5900B7B2
37A992BA 8F1FD6C2 1145566D FD83FFA3
3BE832A3 DF1D8EC4 5E44207F BD14BFA3
31CD1262 8F9FFFE2 9387C10C 1B00BAD2
2CF0DAEA 8F7C1C8E F02D87FD 3863D862
2BFE9726 7DDF1E6C 6C844586 294434B1
2BC69366 F69EFF64 8B87A50C 80300AFA
31F472FE A76C1DCE EC8F0497 802640FA
19F437E7 B7EC11EC 0D8B8103 821434B2
31F413E7 972C95AC 26279F75 7BD76A8A
4F2856BE B5685DC3 4D46136D 7BE53B84
4D29C5BF 70B8544D 2B75A37D 4E751B88
4A0115DE E6A06C87 3F8F37B4 E8205A21
01A98AFE 7D6BC8C9 08D71DAF DA261447
71A14FF6 79304D0D 69500123 7F050F81
412145F6 50A045AD 378E1407 A64092E1
B10C2A7E EF7B40F9 3D8F0237 26701643
3122F6F6 2777466D 6CA20023 E4401440
E10575F7 A30559FD FDDAB20B AFAEE52E
DF834505 FAFA5B3C 38D2A399 2EBC21B7
4E448567 17EA6524 6893E2A9 BDACED6C
FED5855D 35C5EFFC D75DFA20 BBB30575
EE377486 73A2D554 7B41AFA1 FBB90B32
CFBDA1EC 79CAA57C BB51EDAD BF28B9DE
EEFFA9BC 1CC0AB7E A3EBFF60 9331ABF2
EFBFF093 1037FD0E B3E3FBA0 D3372DDA
EF55F297 183FBF06 72FBFDAC 8317B0E0
EFB490B7 5113B70E 6B875E43 CD0FF846
999F879D 6AACE0BE DF9953C7 D58FD855
819B87BD 6AC441B9 C6FB1AD5 FDDCFA84
E18F0E35 FC4D6BE8 29C87E35 9508E7E0
B10D0E59 6CC56331 38D0F4B1 DD2B96B1
192D017D 4A036191 07C032A5 FC39EFE3
B10B4271 6C15C9B5 23C9FA27 93781FC8
B721CED0 AC95D9A1 36C8F4B7 13781FE0
84E71EF0 8D9FD0A1 21C87827 27580F4A
B50322C0 A681FD34 B74958DD A3D11AE8
F102C288 F4F5FECA B71CF19D 81D21BC1
F302C100 B4B33ECE B780536F C35313CA
E3C68311 B4BDFCE6 740E4A58 8EE0F069
1110A02D 5D6939AF 710A7A82 D8F4E849
9594BF84 55CBA067 1F0E12C2 CA54D6C8
97908335 B43018E5 5D3E4606 F50CE569
9999B965 6DEAA9FD B93E0686 B434E6EB
997F3C25 6BF08B6D 1D3A0286 F624C5FB
BBF56E3D EF7229ED 83CBE0B5 913CFB88
D7AAB2DA E61CDACF 03E3E0B5 AB6D7B8B
976BBAD3 005CCB09 A5C378AC CB16A508
95A93352 BD1CDB8D 9173A539 9F300363
D7BCF29E 645E0B8B C273A9B9 D15753A5
B3A397C2 78509DA7 AD4339BD A31326A1
959533E6 BA1A51AF 9E63B4B3 FF34CCB6
5796F096 F44C818F 0473DCB1 DD32DF35
779F3A96 FC5E43A7 A4E3BC3D 9F3604A8
17F67B76 FA1A012F A6A6AB0C 4E7906CF
8DF54A49 BC082A9D B8F4A9F8 964B86EF
4D550855 BF1AABB5 7BF59C7C 567B14BA
0F56A050 E6386E77 2B81E9CD 12790D8E
5F0D6EFB BB08FC56 5CA6F1C7 5A68E7DD
565720C4 361A01D4 1FA09E54 96397DD8
191F6C54 E63875D7 D993C35A 53DD5FCA
57406AD0 172DFE0A 7993D7C4 D76859CA
5743EC5C B5D50F56 F6A21A47 FF387B59
143B2C55 AFFB7BDE DA0B560A E98E8C47
F0C2E794 4A9D1A7C F418589F 768EC497
95EA274E BE4F72BE 801AD088 39AEC767
16E8AF3A 0D4FCA8C D8835A86 4086B447
F5064D81 7F1C1274 868D480C D6EEE61A
D15A8419 7D407AB4 A49CCD19 70EFC707
1ADE9C78 69E4863C DC80D091 5083FC16
6716C580 78041060 5680609D D2AA8A88
C11E8019 2C5030B5 20D0ED99 98ABA31E
069A0D79 68E82477 5A4716B7 318AC736
76AB566A 2F1FD450 8AC647A6 3D83679D
6A2A78AB AE6FB450 5A076EB8 39929F15
756C69A2 E7FDB6E0 9ACEC38C 33C86198
6EE67AEB B56E3422 EEE2C7E0 11F9650E
EEB273A2 A5FFB47A 6FCE4F32 21E1151E
74FEFBA2 FF3C1422 CB87418E 23960810
75CC63EB B7FE34AE E9AF6309 01D09014
75C4F7E3 97FE54EA F98F5B0B 21972098
75ACF362 B73E14EE 253A0B41 4D456FC6
48494D1C BFA0F1FE 763A8A04 66EC6F16
0E0AC519 2F88FF3E 14399B56 64C3269C
4A02C01C F6F0417A 91F81E30 2D2A6075
97CA2D5C CCA8BA24 C27A5722 FD96A866
18621D0A 4E878F24 D3261422 74C56ED6
8A434098 CC859362 A7F99EB2 897B7F45
BF43A7D8 8C0D9279 83FE57B2 09FD6504
54630298 0C919648 E3FA5356 50D57FC7
C0410CD8 84155670 FD7AF612 613AC50A
A4D36295 489C5C0F 810AF3D2 0102804F
24931E15 10841901 B38B64C0 9928E94B
34D52A11 5D0C1D4F 2D6EF3DF E90954AB
3A3CE690 56053503 AD1EB5DE 853B174F
64314AB8 10020563 239F257D 9B2BC30B
7EF92E37 5BBA3C97 4ACF2504 B2F15AE2
B3BEFAB3 49E6FC15 1F0F3D9D FAFB5E72
33BCFFA2 7AEE6D15 5B0E3D04 A2F9C672
37FEB7A3 53AEFD85 364FE61D B17E9323
07AB96BA DFF97890 3DC7F92F E972E750
44AD55B2 BE5CEC84 6AC56229 DB449DC1
D1AD4922 D4D4DD14 345EF41F BB7AC72B
15BBA6F8 E26BE039 A97BFC37 BB6463E6
6E7B50B5 707C870F 1CB362A3 AB40CD92
54CD56B5 96B5C975 E66EDE06 95082B78
9CDBAA1D 876BE39E C6FDD627 B5086FFA
0CFE3815 6F63977D C4B9D222 A5008F78
BCEF6385 EF35F735 FCA51AC3 6EADAD57
DB174155 689C83B9 B8989AD9 66BA6212
0293C0FC EA9B6359 980E9F55 20F372CA
40A2E0A2 D17840D0 D6E03AAB 56A64C9F
04055105 5C9003B9 B5C593DB 6BB3C7F7
A22DF02A E4191ED3 D94E5FD0 31BB7338
D0A3E2A2 81715434 746A0A7A 7CCE6387
CEB21114 5842A3AA B37BB01F 2BFF9B95
B4B54D66 E45253EA 1B58DCDC 2B7F531A
B6B36AE0 EA7B3511 D75B5F0C A33B3BC0
A1EDCAD1 8095DE0C B199CB0C C56B6BA2
837FCA5B BA3F3F4E B38BDB05 E13179A2
A3834E51 AABDFF0E 9F4BD71D EFD32FC2
B3FF1F83 90DFEBD8 B190FF59 8FD06521
B3DAEF53 D27D9B7E A29ADF7F E5D1D3A2
B3FBFF42 EA5DE31E 5C8F621A 61B78242
31FEFFE3 8B4E3165 CF8E72F5 85D28140
B1FEF7F3 194C2AED EB8EFEBD E19B8562
B5BFB7F7 AB44A90D 48CA76BE 3196B120
37E1B2F3 C0CD54E1 15CF7673 AF54D0E1
3DEBBFF3 004D5D21 DDC4E4E3 1E89D0F7
E8FD33F2 004B8A00 112EFE8B 1396AF0A
14CF2E93 0F69F492 35B4DA8B 46F303F2
5368B113 BA25744F BFB484C7 14E946F7
E81464D8 7AE3A9A8 4E4EDB6C 7187FD19
FE03E281 53F3B812 4E749779 3FEFCF9D
E4036DA8 4FF7E07A BBF4955D 3FEADBDF
EA094C78 6AEFEA7A B360A0FC 9F3007F1
A178FC5E 8E23C98E 3352E52D A34447B1
96E07E16 8C8ACBCC 9300D06E 0A4227F7
08385446 9ECACBCC A6E4E0FA AFB00121
BD6ADA5F CC07CDAE 394EEDB8 6D9B0424
3EDEBD8E D2DCD587 8144E0BA 467386B7
0776F1FC 5A600867 A0E2E00A 262202A9
B9F89A5E 8C4A2BAC 946A68BF 248A0221
29F8134F 6A68158E 9095B1BA 040214A7
2190954E 6A2A87E7 7FF84B5A 3CEB4CA7
4C556902 D02C7D06 904159D9 3C8A98A7
4E448952 522C6402 0BA5B57B B58A4B29
5E4EB952 76ACE446 D9F8D812 F4EF5C97
350963E0 52A81562 84054803 342A183F
27180910 60CC0441 F7833C31 BF9DCB2F
7EDA2B10 4C84B51F CBD5E612 F9711E72
B51671F0 58A29C0D 6C851095 DC7B7F7D
209AED30 38F2285F A7F93C25 FB7BD379
7BBEA853 0B60AC9D 5D2622A7 446DE225
999F0735 7B8B737D CD220687 562CE845
B99F0639 FBCFF379 5DB6A6C6 FECDEAE5
8DD5463F 09CFA31D 0D808025 8E0AE667
EB9A5D30 DB9FE3B9 0BC31CED FE0BE746
D2BF50B9 FEEEC371 EA940904 B09BEE46
5B79C4BB 43CCEAF5 ACD08107 9AAA40E4
8BEC5C3B 8EA26B3C FE9583F7 BA2AC4E7
E3EAFC6E BFAAF27C FD94A936 A07B00E6
E94C506B 888A823C 237B9F06 C55B2ECC
79DE6B95 EDA8B4CF B17BBE47 C5D1C54E
3DDE7F9E EB881D85 214BBBD1 0A97F09E
5D3C69AE A9781143 002E9EE4 EC496A4D
7DDA391B D508E29F 186E92D6 4165E24C
3E9ACA9A 81C0DC6D 0865A0D4 68163006
56214889 85D830CB 4236056F 74C9F20D
C208801E 1510A2E3 4AA60143 54CA6019
D020500E 557435E1 2EA401CA 44EE301F
4629416E CDDE30F3 A2CEFAC4 F420D7B9
B433B26A CFE379B2 3E056BE3 75207759
AC3332B2 8DA40D13 5E507267 1F4C9FD8
BE593262 A723D9F2 AD3CE847 7760B35B
B4132E14 EC9B09D3 F5185B47 3D6BF9DB
BCD7A234 A5AF0913 8D9861E7 FF6ADFDB
B4D32604 B397993D 4DB45906 D38BA375
F647E618 6617B386 06284080 978AAB54
D504A31C 201FB29C 8098C308 83CAA355
AE8D070D AA9F720F 12ED3FF9 3E1B3630
48EDDEAB DE7A7549 05ED5F7B BABA7823
6AE55DE2 02BCB449 6FE57DF9 BA151AA3
4844D2E3 D23ED521 03DD27FD AC6A52AA
2AAD9ABF CF63F4CB 02713D31 E320FCBB
6AF5F4B7 C072DC84 5F673BA7 F31177A0
6871F2A3 C0B3DD41 037F3DD6 05621228
A8512A1F CC237DEE 83EDBC71 997159F9
2A77B2E7 4921CD95 57019E23 B5515DE9
E0B772A3 8521CDB0 8528B0A8 2EAF47A5
5050754E 8E08610D 91A0F065 F52847F7
B8F21E4A 888AC80C 8384F4A2 850186F3
B1F832C2 8E87980C 053AF681 15AF698C
CEA56D18 44A0E775 E133E400 11F10026
9F4D4F13 28C3A76D BC876136 BE2112F2
B37496F3 2CAC9CAD 427AD370 794FFF15
CE4BED8D 5E1FA252 5E5EC234 5B26EFD5
DE3FA4BC 5E9EBE58 D90E6534 B26003F0
B8E6BC20 6FEED40C E72958CA 4ED72985
E0D18ECD 86C783B9 E3FB73EA 39DADC2F
C851A385 170D8773 86FB7F78 E17B2EAA
8D468A8B D01D44B3 B7805E4B 4BBC9B52
E67496D2 B6598CEA F98B7B81 CD99BFAA
421A0D0B 33071793 07FB672D CE51FC6A
0D5A890B 57151413 57815AC6 6F2CFF18
7613F3C4 C4B0997A 1E833213 F194CB18
163339CB 65EC3792 4E2A3720 E0814DA8
14E61107 0D217490 3C3EA33F C2F530AF
CA246F33 33473D53 797E273B C0FF60A7
C9D517BF 31FB3C63 F93E8F6A 82FB1216
8981112F F0F31466 0C3E2039 FCC68027
DB3E8D37 4B6BE8D3 0E7C2E3C 94D7A091
D1691581 4AEBB931 A83EEC1B 9C83D4BB
C95A51B9 506081F4 0E7EA8AC EC6F806F
1CBF3D27 49C3E055 5CE6A814 5CE4C54F
5CFFC5F0 6B40E15C 5E72E224 DF85ED7F
FD777491 3260891C 4A6A767C FD3EADA2
3F8311CE C4A0FC8E 4E62B6F9 BF3485A3
75CA01CE C4C44CC6 536BF0E5 FF9C8BA6
7EEB406F 9D447C8D 7F68BAED ED083B26
BD9B524C 49E9DE88 79616758 7D1C7936
5F489D7F 50A855C8 5F61D2A4 7B188987
D7D354CF C3E57D94 5640DE68 B54A1981
BCC95A5A 49F1FC8A 5F691F64 7D8E1985
F56944CA 4771FC88 5A69DAE5 75089901
FCE140D2 01B3FF92 CA402185 18C5078B
67E87BBA 0F4C1C87 84838494 4085F6CB
677D2BD3 7B7C169B 0C0C8DB5 082B86B1
4728A99B D0780087 0245001C 6C4D7EAD
43367DA0 B7448907 2653888A 8445FE4D
F9166919 6F703671 06448CBE 806B9035
4B62E88B E2681033 9A2504BB 4E05F0BF
4BAC5CBE FD6415EF 042700B2 540CF41F
499648BE B46813E7 946408B6 8E2E90B5
09FA408E E0EA00A1 08150FF2 9618BF54
7B0BA5BC B3E0E2B2 5F231D72 BB54B750
F28BCE58 AE6954B2 F66B7824 E7485B68
FACA4620 9F39BDBA 5C948C45 0C43319F
1A030D9D 33F8EEB2 4B918190 6EAEBED3
FC0764B8 6EED1E9F 12235B86 A624726B
EE958794 DF29F7AD 6E74A964 D84972D5
5E4F1094 56348053 7B14A8DF 3C29DCD6
EA9448EE F8229ECA B1A4B242 267C8020
2F9CB1FE CE88600D 261445F0 B691D175
A234947E 3A4B2972 F15641FC 80937044
2037D976 823BABC3 184469DA 88B39451
A1559177 0293AA63 0F926419 E5D64307
94333D72 043C816A C23148F0 3DC67AC5
CCF2607C BC7CE970 CA9EE462 9D94F6B5
C8B1B177 14470AE8 69DBFE28 F12F4507
F6776DD1 80B5BD5C 8BD9FAB8 712B114D
D6C365D9 5CFDBF4A 93DFFEA0 71AAD327
DEDBACD1 687DFA18 4D3F3723 A37F3028
3ECD2C23 49683C77 051F078D AF50727A
821B4775 B9DA145A 0C570B58 4A38EC1B
5015DDFE 635A37D2 DF6D7B36 F53E1BA6
3DDCB285 CDA6ECF5 7D122687 BF913FFA
B93ABE1D 8D87E3EF 4E07229F 582BEA57
101EFF6D 6BD716D2 582008C4 F2901A30
6194B407 97466905 5B802044 F68070A6
513EBE3D 16E77DC5 6C02220D 68A9A83B
115DF52D 2FCE3243 897AF991 E27756EA
ACDB2A0F CDA95D99 D97B7D19 A85772EB
ACD1EAB3 4D2D5758 7F736D35 A3551FE8
BFC18A83 972DBD9F CC3C8184 E54ED36D
AD83F10F DD33EB5E 4F122019 B50AE54B
B417CD1D 0FB82D1C 1F32A582 D7CC9BCD
FCC5C007 95E1F737 C070E3E7 C4CE830F
CD6B010F 9501E7FE B470A303 57CE830F
E6C5418E 94E137BC 5472E3A7 47C481AD
C52B518E 95C1E3F3 2E4A7394 2110B780
35C8A213 9E3F5E82 045EF397 3912F522
35880613 9F9D1E47 045AE7A1 218EB7AA
15480023 15EC35C2 FD06051A 4F3612D3
0708233F 173E46A5 AB6580B9 4C7F5341
DFA7D464 5AE86F4F 0F50A5A9 BFEB1107
9D134028 51697F56 DD040C39 7887F757
5A54E46C 5E7E0641 4F548C7D 7EEFFF55
DF56CCB8 5E7E6B52 1A548579 FA6ADFD5
EE7BCD69 5AF7EE92 7954BA3A 7BAB8D95
56476DC4 62C8A614 E578B498 27A60704
55255D4C 0A48B26D 9158B498 3AA6E10D
56737D7C 08CC820C 0478FA79 7BE3C91A
5FE765A0 106BB604 055DFCB8 2BA15DCA
46C9589C 94A1F7C6 3355E478 CB238142
CFCC5998 4AD5A626 545CA8F2 5A49F113
E6D59E90 50373B01 76CFA876 020A9950
A2CDD2B4 D9735F8F 42D59679 894BB851
AB1D80D8 599F1B86 18589630 3A9085BB
1728F13A 176A4CE2 2C7996F7 36D2BD8C
5708F13A 8726CCE2 276312D2 0A10BF88
154CB11A 84A644E6 5FBC6CF0 3CBEBD15
11BABD6E 46EA04E2 FE7F5E31 B09F9D5D
9DFCBD7F 8C2EC0E7 D53B74DC 8E96BC1F
959D7537 05764C63 39906482 14AE8655
F1748D60 24DC18E8 5B986482 34D70497
9B509D61 45AC0066 05B07096 14B6071B
9055A565 2C3C1462 949449C7 0EE10A98
087C2D31 B9060513 949CD90F 44EB04F8
C0560431 B88D3813 941CD72F E5EB02E9
C856C009 504C011D C29F53A3 81391EB8
08DA2501 B99C1F25 8138D711 FE426CAC
CA4A2191 6E0D4CF3 A27DD784 3DABC1EC
DEEB2089 6945DD55 23AB7597 A23F0AC8
10CC73F3 ACA854ED 83AB7717 B310CD82
36CB205B CE50566C E2E9FA80 F3D9D9AA
B4E324D5 A0E1F47C F36B75B8 A33718AE
2EF7B98E C8BDE883 E4E97C38 B517D8C3
0EE53892 C3AEC8CA F2697C31 38995C27
48E4F8E2 D16E4585 0A1F653A 20169AC7
0CF9398E C89C7743 3DEFD437 6ED49D45
096933AA CEC0C108 6A0ABB20 3A944E0E
4C2360AE 95425681 0A0F752E 20C20AC7
0C4829AB 53AF74C3 EB0E9708 3ADE5EF6
4D612BAE 1FE75683 5A0EA789 309B5A96
4C606AAE 1F6754C1 22BB2BF4 85187631
0C95D063 FFA065E9 2163A765 8501B39D
2FB9D2CB CEE065E3 33E625E5 9510BE71
ADD596D3 CE82EDA9 61BA2301 A4D8E485
A8D50757 62D1357B 94BA2F65 85FB8275
A9999253 B1062DEE E19A6780 04E0C031
A8BD1E5B 2943622D E0A2538B A3A90C0E
35573107 24C094D9 E6AC138F E6B98626
056F316F BE4C943D E5A82787 E4B1862E
31ED33DF BC44F0DD 02E529F6 1C702D3D
0F7D393C F4F4A112 FA6324AB F1349917
3CEB32BC C4D78EA9 80EB79E7 30107AD2
2D8132F6 843BD3E3 1BA489E8 D633299C
0EF0287C BCF4A71A D23DF22F 38331854
EEE0A298 B0BFAE7A A72B4957 2E5238A0
C9009213 923B4F62 7EB421AA 04BA82FC
18DC210F ADE424EB DA862382 2498B870
897C975D ABBD4EF8 FDAE0187 A48044A0
09044013 B72A47E9 12A72D64 8E103238
28B99A4E 97704583 7A670F76 985512DE
A03332E4 84738C09 42E95376 20112ACB
490B529E 8418C1A9 15B52924 9F12EA38
EC152A4D 97732C22 6E5D2B65 9B7D80E2
B92FBC31 94238633 C735C35F 215B0E8B
8C0351C9 CE1B306B 54916507 17BCEF1A
0E118C01 A6111CF2 50344703 3124BE91
85158E09 3D979CB0 401567DB 2576BB99
2401830D CD9916B2 A31F5B55 A3921ACA
1128AA1F BC4C5CAB A18D1951 E9A11AE8
9174FB46 126208FF B08E5137 E14110EA
11C6A307 84341DF3 E82F1817 EC3C1C58
3C9CB1AF E4C828AF 7EA40200 8E1D5057
B99055E7 4BC168ED 7DAE1F95 E6444A7A
3B828077 B9421BF9 6FA50490 FE3CD6F8
39F7F0F7 EAC8C919 78A50080 EE3456F3
ABB970BB F8C8EB0D 6FA12DB0 BA34CFF8
3BFEB8B7 EA0AE95D 7A671F78 6C2FBEC3
19CE818D DDB4F6E7 7A2B0F2A C133AAE0
16CA8111 44B4B69C F9BB0B37 E7452FE8
BECB8A89 A4BDB6DC 0E3EC724 28C6FFE1
4BCEB589 4724C677 8ACA4347 4A77ABA2
A3E74F9B AD567E3E A5BB2117 470E03AE
FFDB4EC8 B2333FDE 0848C1A3 3282E697
CEEF198E 5743E2E3 996AA0C3 4686C03F
A6BF4FBE B7C26FAE 35EC895F C65601AE
AFB46AAE B36675FF B34B41CD 4AD06ECA
00690E38 9E570B8B 94E37F71 5853A623
0B2910FD 963F4B81 BC0955FF 411236C8
030B9398 DE9B41DB A75B611E 1C846E80
4C5C0AA4 3A0E0583 FE5B696F 3489A4E3
2C0C8FA3 08CB0DC2 A91E5D7F 208C4458
081F8BA8 FE9E1443 9D9F7052 78ADEE0E
6695A6E4 768C1571 B894744F 5AA8C6DB
269E9F64 BC8E1551 A5067CCB 2B2C4E5C
329DAF6C 466C1571 2172BE5F 03492F58
0DD64B85 74A0B79E 257AAB06 63D527DC
0ECF6F9F 9FC092B6 B07ABF0D 63D72F8C
1CCE2E0D BCF117A7 00E50CF0 B819F91A
3FAB72DE 59E2A614 224DCCF2 7D5B7F0E
BEA346BE 5803E31A 8449507B 7A13B80E
842FA0AC C015EB33 9E8400D3 2C080258
2394026E B7622AA9 92860047 64424210
A248023E 9F262FE8 DC04104A 08401090
0010013F 5E1F03E3 F5A8F2D4 F684E3B7
57A9FC3E BF5B0B1A 1F1AFAF3 EAEEF7B3
C8BD4661 7A3B0310 168BFBB6 A1C351AA
EA8B4283 9D395D80 7797B0B5 FDADF724
5FADD777 AF5AA32F B78DBAD0 E4DBC6B3
74BF4DF5 619B0F18 959B9DD4 810A309B
61BA4E63 EBB97D0F 27B3E5B8 A55E0AAE
9DEC516E CDF8E4BD 1483C4A1 8C4E92CE
0C4CE3EC EF99B436 B19B25BF 84523083
0D88032B E09B3F27 FA166567 54C9CFDF
EA6FA9E1 2157A951 FF96EC17 54E987B5
7A7E8941 6E8537B1 CE8AF817 74CD45A4
72E65A80 FB6DF72C E80523E3 12499A9C
B84EB1E1 E7944695 CBB1E5A6 00493A9C
50DA4016 6CBC1B40 C84A9862 610601E8
7280408C FBACF7CC F98510CF 1A020E99
505C857C F61E00A1 A9919CDF 09127888
4250406C 3ABC14C4 A4A999DF 03363088
4380087C D86C1566 E51E728B 656E8663
3D870283 4C9F144D 85721AFF AE9A6473
A0194664 933B5108 12611AF5 8EBA408A
8082F2F4 B730D800 C98377E4 B12FB663
3D46A795 5C9D9675 8F91684F 100769F6
18195268 1698D2F0 51F01FDF 9CC3E296
801C4674 7BB31AD2 ADCB2386 F2BDB7A2
373E2393 16CD7615 DDB06C4B DE697525
171CF7F9 54DC9977 4D13160B 5C01B0C7
F04DF13D 61D1A352 B47BF7E1 373700AE
5E2FC4A7 5164413B 347BA7FD 3AD7602E
DC2CC5A3 556055FB F53B8716 20E5602D
C842E63E 5564055F 8161ACF1 771019AB
6E2F8084 F6274813 F893BE27 F89E107D
BD270065 544701D3 EA338492 B48DF665
E92244BD 5F6403CD 05E97970 5E957623
63168894 96470A5F 318160E5 98FADE43
F33ECC18 1C474AD5 F337853F 9CABD467
4920CC9D 1844836D FFFFFFFF FFFFFF7F
FFFFFFFF FFFFFFBF 026C0239 024E023B
02690249 02590270 025D01F0 02740239
026302A1 028802AD 027B0283 02700276
02630242 02710282 022E0250 02540238
022903F8 029B0256 03CC0279 02700263
027D029A 02430263 024A026D 0294025A
028F0258 0261024A 026B0221 023E0285
0262027A 028D01EA 021D025A 0270025C
026A0279 02610239 02680280 02710293
0275025B 02830278 02880289 02400238
02720287 023B0268 02550285 02330240
02980292 02550297 02600273 01FA026C
028E025E 0269026D 0248027F 026C026C
02870266 02450236 02760225 0260025B
025002B2 026F0220 0269024F 027E0272
0274029A 0231029E 02660268 0250029A
02910256 023D0255 00D5DEE3 36B6F7D2
16D7DDB3 B55C6EBB 5091D8A3 37983590
73755AD9 D12CF4B6 43805681 231A35BA
779EDEF0 907C78F2 92C9CFF6 B212F7D3
305750D9 91196E19 1AE9CBE2 3118BBBA
B07356D8 F153EC1C 866DC790 A30AAB0B
36BA7288 B013F83A 8CC56FB2 B4C8B3F2
765256D1 9071E71A C7E7C43A 34092FBB
F63E56D0 8351ED1E A657E789 A38B8ECA
669C7C8A 90366DDE 1F0B80B8 D51A61AD
DFA9D71E 4C96B744 1D0030B1 173BA0B9
5BED9734 4786FB54 0DB23211 1D3104B9
DB859735 4396DF70 9D6B80B9 579BB087
DAA5C74F 46AE0774 972738FD D361E495
4886DF07 43BC4FF4 2E4CB03B 1EE784E5
1AD41AE5 73BCCDB9 140B8C4F 134A84A3
1AC6960D C5F5EA58 044E2C1F 1B61C4E3
13C2326D C514E458 24CA841B 8B30A4E1
53C6106D E534EE49 F37AA603 8AE1D4C2
F05728A2 03F84A2F F97ABA03 9BC4D5C7
FAD329F5 A7A88E6F D3FEBF01 FBE4D5E2
E0DD61B3 C58ACEAB F3488655 1E82D782
DD966B5C 03705E07 F7180035 8D469A81
8E3739FD F376077C B198B695 D1CF96CB
211DB973 89928F6A E36A94D3 2ED2D6AB
59B6A299 89DCCB15 AF8814B7 FC8EDE83
833B3B9F F11C6FE0 F794346F FCCC9EAA
0B13A9AF 911CCFEC BD083381 8F2367CE
5AA7D52E 096CD71D BB4059C2 B90B6F0D
4197CC28 41E9B695 9B57C9BF F1035F18
CFA0CC6E 54A3B514 FA4B9991 AB2B356D
D1975730 4DF4DF85 97D85F99 AD271521
D7045623 43C33F1D 9F51F7FD F1077F10
CFADCC86 D4AB371D D4DA831D 8D254573
50F3871A 5C9C9FDD 9F5BD3FD F5875331
CAE1C683 DC8C9F3D 8F73DBBD F50377D0
CEABCC16 FCAD33CD 82356E6F BB6E8DCE
80087041 E668648E C3BFE26A AD22CDCA
C02871C7 86336486 9A37E07F E70E4FDA
08297147 D43A668A A9B56A2B BF6C86C7
C0083077 E6206CEE 898EE63B ADEB0FA3
410971F4 841AE6E2 8977F23F D70886CB
8829F1D6 C48A2EEE 9BFD49AA B94E96E6
40085067 F7AC4CCA 997053BB FF4996C6
60095177 E78C66C6 8873413C FB08D6C2
8829D9C7 DC8826CA 5213C74F 62861692
57E84A50 05A79F7F 581AC144 3614561A
D3A0E1D2 44ACF62B 501A0983 86214672
F6C9D1FA 8C34FF28 723B056C 72461F8E
FA0C6E4D 67B3337F 243A4122 12349550
D0084345 5EB6F641 98DAB993 342B057B
FBC1D1FA BB74FE20 2233C06A 508E9D06
E21C7A49 CFF33877 983A49B2 36245D56
F9440270 8FB6B464 BA8A7993 04A915F3
D3C9D07B 9A74FCA0 20BD840E C62E0EEE
62BC41EB 812FAF5D 223CA54A E60F0E4A
90B8416A E11EFE0D 203C065A E62E06CA
D0B0C067 8502FF4D 351D8A0F D42E808C
40141B4A F14CA75F 241C8C0B E02B06EE
C010F16A C18E8F56 252F920F 4821E68A
C0F0DD6E 818E2E48 0CA708AF 54079085
C6B41BC9 57C09B5C C88F0E03 D46DC3B1
EC10D9E1 65C09A54 E4FF4A85 D125D6A0
CEF1DF6B C0809A5C EA0540EE 6A9788E6
107A78CE A33A51F7 2A16026D 6818881C
1980385C 43B611D7 067D83BE CC95F87D
48926D76 D2331F9B 820700A4 6D599DCE
115A4C7D 913062D0 132204E5 CCD8D19D
1A4E105C A576F8C9 887B8732 C89FE4E0
4E7240FE BE3E4285 8846170C EF3D01C8
597E45F7 B02E5883 2153076A EE3ED5B2
58EC81F8 91A6181E 097D920C CE3D6463
59B3C59A 78EFB99C 68246D45 CEE706E4
889871F3 9454ECBF 69667644 4EEA0EA0
B899F9FB 940CEA3F 79326F41 EEA24570
4899FAFB DC06EE2D BB246C64 E4EE8E90
A809E1C3 9258247D 79E568E0 E4C76B31
BAA9E355 5C780138 F925E940 E4EA63B0
28ABFED3 1C0023AD 99646504 E6DB86B0
ACA9A3D3 D0580039 D961684C E45AABB0
AFADA7D7 46490039 5C21ED44 E05E23F0
AAADDDC1 645120B9 EAF6DA05 562594E9
11A4BB50 9044807A C845C901 9721A5EA
1822B476 C14D0972 002DCBC1 F424EEA8
D843FD53 85454DCC 5F0FF8BC 448FD5B1
C7ECAB40 D2839952 1DD792A1 04C1F7AD
1EA7F6C1 D36CD556 E66573A3 05C0FDFE
9CF77C41 C341195E 4F066CF0 22F5F9D1
E6D64FC0 5B33D763 1DC66CF5 24F17191
CF856ED1 3A23D757 6888F8E1 27F37991
8C65FF51 9349F577 FB7BD75E 67381910
EE389E18 7FAFFBE5 D7E9F37C 650A3B18
6E69DE18 4B23B7F1 D8805F3C 641B1AB0
A6CFAF18 896DB475 7969F753 2B385518
C861F8B3 0C2FFAAD A8E8FF42 AF3A4774
2671E84B 0429FFBD D0287F6C EE1F4E76
EAC9FBC9 C92DB529 A9F9F757 2BB84588
4E29E8B3 4CF67E85 D868F779 EC384494
642BCD83 5C0F7FB5 DB3973FC F4135F56
6CA9CB81 EC8D35AD 7CC7EA85 FC21C4F1
72D3C863 01268BFE FC77E281 F96570D0
6ADBED17 97AE0FDE 9F77E1FE F31C7AD8
3E2FE887 97BB27D6 7CE7AA87 EF21A5F1
5B97F87A 41AC0BFF 6C490263 624570D8
4EEBA736 C33C07DE AF7DC7EE F11578CC
3C2B6804 8F9BB6C6 6CE0A2A7 EEA424F0
17877E3E 01E20BDF 6DFDC266 7A45F88C
37276C05 E31C20DF A07FD76E F2975A4C
34296880 EF9BA68E 8657C09E 338A7C95
5356076D 79ACE1F2 CC15446E 22C518DC
313626EC F92C11F6 EC316F6E 2055085E
1022AA48 E9FC75B7 CC55C8BE 718C56D4
43060CCE 698801F7 C49EE56E E0B5505A
11233348 A91495A7 0038C77A C4154E4A
D462A14A C9863F0E 8C77403F 728C95DC
D3240AC8 69C0217E 857E63FA F337081A
30682A8A C984AC1F 01BB437A CC37984E
F4E838EA CC97EECE F997F134 2DBA3A20
CBDFD494 CA37C1E0 7883F534 6CAA3B64
6B5E0E98 88BF11E2 688B7974 28B83B64
431A1A88 CC7F99F3 BAC13CF2 A88EF982
4A3CD4AC B637CC61 38E3B4F6 FEABD184
D81E52AD 7C974BF7 70E3F5F6 2EC85202
5814CB8D 9D1F59F3 B309B6E4 FCC6D26A
8E35E027 7E77CC71 B12B3640 F0C7D04E
D237E925 7C770A3D 23A1BE52 2046500A
5826E83D 5C971E15 ADF7B2B0 7FD2A805
4B28B715 EEA78D68 6DF25A11 1E92B8A5
7306272D 6F0EE945 CCD152F7 4A9D389D
62060E8D CB0DEFD7 24FF7BFE 74DAD287
A978F743 22AFE569 6553FE9A 44F3B0B4
6386074D 6AA5E1A5 46914F7A 681748D4
72060E4E 6BABE0B5 67F57ADB 17DED79C
AFCC724D 66A16139 65734A9E 62BF33E4
63C40E6D 62A0E06D C41B7EDE F0215AF0
66242ECA 0BABB037 65B9A25A 466D5386
35B6AB4C 09ECC5F3 845A2A6B 9255C3B2
A150A336 6BD4CD77 96E68905 9D98FBB1
295780BA 4FD0AA21 6731C6FA E6CF278E
9EBAF545 1AAF0348 6539D2EA 465DA9AE
9404AB44 5BDF0D62 8FA88A24 141DE82B
B845885B BC57A879 2D35C6FE CEE337CE
DFBEDC05 028F3F31 6D35FEEA 465C0F86
173CBD55 73AF5D72 1838FBAD C41C9472
98409B71 DB053C7B 83B56F6E 799FDA97
A6287081 D69326B0 0BBB3BA7 7B8F9495
15483B91 F7A320B0 6CFF3803 0EE995E5
57D06169 87AE89E2 13357F6E FF9FD295
AC696081 5ED76608 077B0F0F 4FBF9595
1CCA1355 26DDA5B8 6C8A2A21 8BA09561
DFD25F7C 03EA7B57 8375772A FF9E828C
EC287081 FE172608 09F91F2A 3F8FC7A9
DDDC32CD 8E872628 090B0992 0F648521
FFD1135C 0FA7FBC8 D9F2FA30 2C00B5A3
5AA7F733 DC2F8E6A DFC3F8B0 1BC9A1F1
1A07B69C 866DC572 CFE1F820 4F38A1A4
120E32B4 A751D1F2 59D3D1B8 AF203DB0
0AC7F796 D4B78F78 9CC390F8 1DB0B590
29C6BEDC CFA9EF5A C4A3B0A4 4BB99785
200E32C4 A379CD7A DB5F97B8 2E193090
2E4FF7D4 DFA51FF0 98738CF4 0AB0F1F5
694A1CD0 AF9317C0 FC891DF4 4BF9B187
096E3E88 EE787D70 32041D46 5A6F8CE2
28C1C8E2 E15AE0FD 3745042E 46638C92
AA4BD9C2 7912E27C 363380ED F441DED2
AEEBC9C6 F1AAAA6C 7D43036C E04399B3
0E6BCCDC F126AAFD 3D73022C 64409783
52A845BD D1AEAB5D B6AB9B68 F0C83593
CCA8C5AA CBB317C1 7D3BD338 6058BBC3
5C00C5F4 DBA70C25 FFA3D229 615823E3
D4E8DC60 6FA25FE1 FE80FC21 33DC21E6
84905824 2BD154A1 EDD2F291 00642DF4
731A073C 29AEE966 ECB17EF4 427564DA
32022EBD 236C4DD6 AC617E74 D015E8DE
142E2E81 B1491C93 6C5E5891 E4C03FF5
7312173C 5326E965 ACA1EE40 E05574DE
52762DF9 53A84187 A425ED6C D255E879
90282D41 C3590413 5A7ED0B2 14A937B5
6384104F 762F4065 4B6D48A4 E05D33FC
26642919 52704077 C4E5FD6C 605CAA4D
B86CB181 2A591437 7170BFAD C65D86AE
9687F972 22D4003B 786CBF8D C614866E
30A7E973 1A40003D 7979BFAD DC178E20
AAAFDD73 36040939 7571298D 67EB1BB4
B79C59BB 1AEF056B 71F96185 6C74D93E
B5AC98A3 1E6301C1 51F1F38D C5A4DA1C
EFF5D873 1E2315DD 6633E1C4 7BE1D8B4
760E0C89 3BAF886F E6F7E385 3B60F895
3F4590B8 3FBBDAC8 23FFA980 B8217813
FF45909B BFBB98CD C0973711 BF3E47BB
70F961AB 040ECD54 C297A71F DB3C56FE
70FC402B E4029F40 C097675F F33C04EE
71F80020 04129D04 C29FA715 BD3246EE
70FD402A 060EEFC8 C2CD451A 573196B6
60FC0828 6612CDCE C2D7455B 373C06FE
71F06061 0492CD42 C09F6716 7B2E05A6
63D8692B E60CCFDA C29BA11B 51350567
621C0963 E006CF82 C0FB051B 1D3407E7
73DC20F9 E486CDC8 F40A358C A2B26F6D
496A652E 287CFC04 939F55BC F7AFF787
4BE0F423 B4237460 97F7D8BC E1CF9A8D
6B2CFC04 FCA740FA E08C214D 8BAB4E6F
6062646E 0870DCEF B2414D0C E926F42C
56607121 FC2BE08C B357C3FB EFCF9E9E
66B6F906 EC278372 E4CEA095 8AA96A70
E14250FE 2178DCC3 A4E60BE4 F8A5F85D
64207C66 E229275D A577C6ED D8C7DEDE
5EB66D06 E02F2316 22118824 FAA40CF4
C3CA194A 03F291FC 7895AC20 FCA4CCF8
DBD5714E 12A2114E 1CD5AA20 7EA442A9
CB9DF15B 06A2136E AB661067 FAFDD097
8A5D0089 7BBAA6E0 BF360AA7 FA4CD197
0F17008B 7FFA22E6 1ED59C67 762CD5A7
9F1D408A 3FBA06A6 CCF716EB 595DD9C7
94683221 7FB22682 EDF716CB 4955C9C7
3C6C06A9 FFB2220A AFF796CF EA5C6947
3E2562A9 F78EA697 B3D577B1 BD5F64AB
73FF533F 6C97BF11 8E976BF1 391F7DBF
71F25E3C 748F3D5A 8EC569B5 799D1FAF
737E1A39 648635C2 99D577BB 7B1D64EE
43EE931F 749E7C80 8985F5FF 7B054DDB
93723A5D 54D8754A 89916DBF FD084CCF
737C18BD 549634C0 99D577BF FF5CC58F
73B811BB 0C9E6CC0 89E5EDBF FB1C85C2
0B780929 34D464C2 9BF5E5BF E918044E
033C11A7 4E9E7482 4BB6B340 06E04FC3
7B3960A3 DC8CDA60 5226AB42 AAE64FE6
E04860A3 CC0CDAE4 FBE67300 3BE40FA5
E7DC60A0 AC28DB64 53D2B754 8EF0EF3B
482D60A3 DC03DE20 26110B4C 67778BE7
E84874AB 8A43DFED 8217B14C 537F0BB5
21CC46BB 8C6B9BED 67729354 66F72319
4D2DE192 9A2A9221 5624D924 751E0B44
A22D6EC2 EAE91325 77675824 70CF1A14
A6CD6E98 AEE11165 6DA146D6 143756F4
35868FE0 535858BE 4DB066B7 DCB194D2
B68E8B60 53D85CBE 0CD88295 9AE384F4
21868B43 527450BD 47F740F4 B17135D5
35999767 E171212E 46F62683 21DDD895
FCD8D3C0 C7BE530E 1EC282B7 303CF137
04859E89 567453C6 66F7E9DA D024FFF5
35C85774 C213C95E 64DF833B D80CDB75
64C6D448 8084914E 34D3033F 8044E97F
7ECC5443 1465491E DDDBA2B9 E54373BB
4AAFC55E DCB7130D 5F0F81AB F44A729B
DBB5D55E DEB61340 1F3F809A B63AFF19
DA0DB554 DFB71B01 5FAFA02B 755C218D
BF95B51E 8EA737E4 13B68482 3B6E792D
B64C1534 2D512E90 93A484C0 17E66A61
A0C01854 0E507AB1 7BACC02D 514E9C84
945E1C6D 6DF024F2 BAAC80E5 11E4AA6C
A5C41865 2F500CB2 FBAC49E7 13D58067
A0D63825 2F584AFE F73856F9 8551746C
6AA3FD54 3BA588C0 E52496F1 D553F375
E74AD7F6 6AB19DC0 A724701C F713F74F
E038DD8E 6A2015C2 EF58483D C7DD0D20
3080B752 42A1A878 F1E06DED AD1B67FC
207EEEAE 61609868 A2EE303D B35B6507
60F8A62E 6A604C70 857848AC 1179D440
22C49E1D 6D60C8F9 A56C788D 9D3CB161
22CE4E2E 6860E90D E3C8CC02 9B36344E
A36C1EAA E8407944 4BA6B1D2 7A6D1686
BFA2C820 A6021878 CBA6A9F0 F74D57A3
BB97CCB8 B420863A EBB7B391 FF4E57A0
BF95482F 7C288432 7BA6A2BF 6C79168F
9BBDD92D B770F418 6B90A9F4 A452C011
1BBF4D85 D6A0859A E99417F9 F73B4360
3F944A8F 1028A51C 6B9A96F5 3E2404A3
13B9497F 842E7C8C E9B697F5 B361E323
09B0CC3E 522E4C9C E83317FD FB2382A6
45A9482F 502E249C DFE7E0B9 75DA399D
5FBD971D 77A31370 E76740B4 2F38388D
6F1C863D B363B974 E6B770F6 2B31BA8D
273C1E68 D36979F6 9731E4ED 710E149D
FF9D975D F7C93370 662E5CC9 17A76CDE
85D32674 80F861BC E4385253 0A374EDE
97D00EE0 8260EBA5 372940EF 718F34DC
849CD744 E5E1A538 E4A85441 1AB36645
85DBC6F4 A158A3BC F6AA6043 2EB84D4D
95DBFE70 83787BA3 2DDF9E32 9EB2AA24
4AACA75F 0E86B521 6D929E36 16340074
62AEA71C 2BACB855 E4907EB6 1214A03C
B626AF8C 0ABCFCB7 2CDDD6BD 54B68A2E
C2F8EF4B 2483A525 4C17D6F7 10B42AB4
63B48E0E 6886A9A5 2C937EFE 32168836
D2740B4E 3A89A137 2F55C0DB 559E092E
8BC88E4B 2483A16F 4C1754BF 4195AAF4
CBC04ECC 7083A16B EC9746BE 691FAA76
2A6AAF06 408BA176 260D512E 711B1A16
A9760EDC 6823B579 360F953E 601B0A14
A97217DE 6832F371 3648013E F41A5A1C
A8621376 68A3B561 56ADC82E 511AF850
E3520ED6 B2E2B173 76E7D697 B63A1D08
EB501EF6 60AEB967 54EF59BF F6D8F8D1
EB6193F7 C9FCB9E9 4EAD68AE 50A7BE51
E3029CF7 F4E0F9FE 7EAAE09E 56B8B4F0
CB0687F7 C0E2B8EC 7CBA79BE D29CFCD1
EB8B9FE5 D1E8B9ED 88917B2C 4244C0A1
94C27E4F 0E64243A 8C41BB2C BB2536E9
5623FA47 A4F95831 8873FB1C F90262EB
56ABFC46 B66C0A88 C081F134 C201B0AF
5452FF5F EF7AC4BB 8065BD04 BA2630F9
943AF073 9C70E8B9 E409B315 B2F2D1E9
1F3BF456 BC70D048 CAB7FB05 474C268C
5052335F DCFC42B8 80E3BB48 FA8EA6C8
5873F857 B4E4CC3D D9A3BA0C EECA07ED
5B3FE273 FCF868F8 CF0160AD 4D3B385B
2BC69D3E 4C6033F8 770BE1D7 1DBF7E8F
EBF09923 59653171 CB59E1B7 5DBD5A04
2BF2BB09 15E07148 4E098029 5D265C91
BA529F78 FF6DA1F2 4A09A184 0D397C51
A1429E7C 096563E3 DF4D913E AD217E11
EBF28E3C 896BE34B 8A11A0AC FF6356D0
AAB48B7B F9EC2176 DB68A102 5E2BD671
BAB48173 5C6C0D7A DB69B1AA DD2FD731
AAA3D94F AC21217A C87A9647 8AACC5AB
9A33B9D7 9CD6882D C830326C 8E2DE5E3
9A23BB77 8CD60089 C8307E6B 8F2CADE2
9223B37F 8DC4C829 6B73064E 8E4D8DAE
92BBA942 C8E38B6D 2951122E CC65CD83
9033A94F DD0B02C8 6B11122E EA55ADA5
D23A2B60 CDA3804A 2033870E 8A088DA8
562CB048 8887896C 20F3130A 880CCE22
56263069 C00FCBEC 2153130B C84ECE68
76A63069 CC47894C 228107EF 5F078486
37C44A40 216063FD 2470AFEF 5CE3C582
3DC7454C 61E6431F 3C77866B D648EAD6
79E7C556 41A7570B 2AC1072B 7D4F9D8E
016A5AC9 630E67D4 3C45052F 7C488582
1CCA5D5C 61265354 DC37046A F6C2F887
598A4554 0187A309 9E8103AF 555789C6
006856C5 662F66CB 3C33032D 7F528186
64DA4F48 01274677 DA3B456D 34424986
50CA4314 45AF3467 7827C93C 62540E76
E4D04DF0 A9EE0CF6 38AB057C 36552BA4
D4F04E51 C9C49E72 98985605 B4504BEA
54A1DE31 88D6FC32 728F5155 625C0E26
E5F061E8 F37A4DEB 332F812D 3C14BBAF
DC786DC0 C3E25442 D39B9B81 375089AF
D7F9F43B CAA4DE71 72873350 00AD5A07
0B7149E8 531B47E3 768793C5 4CAC9A27
BCA04BA8 03FF45E3 75ADF3EC 72950B2F
B1F04AA8 83FDD5E3 2D7D9EB2 1E1DEA3D
BEAD770D D796EC10 0DF01EB0 0E17A06D
22AE178D EE12BD11 CDF15EF5 049BB6ED
23BE8E29 CC9ABB94 2DF916FC 5893AA29
66FE778D F6848D35 CCE95CBD 5092E022
63F6DE29 84C09FDD 1C22B4FD B3DA523A
EF98D728 16889FD5 B9E176FC 74D8959B
54BECB29 278E0F75 BAE3D0FF 33DA158A
FB828B69 3FAC8F7D FE26F0FA 33FA129E
E39A092D 3B0808F1 9BE7A4BE ED3D089D
77301C08 7FA30BCA AA41947C CC35C899
333C3A39 07321B48 FC613034 0C3D98B9
39662F19 0FFB1BCD E863A0A7 FEF48C50
7F2C2E24 66B21B6E 79622D03 9EF5D4D8
1A53363A 0FBE4FC9 F9281025 0E71CD99
BB6E2F34 A7E84246 7803A8A7 7E648C51
FA240EA5 53B219EE 3842BF4B 8EB09D71
1F07B665 91F85E49 78689928 5C45DE10
B9623F5D 8DE918ED E48B5DAA 2530501E
E1F39748 6918EF80 09B17DAB 17231281
0BF38BFA 29E0DF2C 2190AC0A 07689B8D
37179CDE 23E05DEF B3A8458C 311EF844
49B3C26C 40499EAE 13F1FCBE 37427389
5CB3C34A 40A99DAC 6735F2EA 27CCB38D
161EEFC4 636D017A B3A8C98E 30246868
EC40D42B 6469BB9C 17E1E2AE E2C67BCC
0EBDE556 422F9BBE 677572EA 66DFBF8E
16BCED85 62AF1036 616ED543 0AF0E562
F8F7B4F0 8DFCDA2D 41CE1503 2EF0F546
6AD7B6F4 BDA4C2B3 E0FA7103 1EF0F547
FAD776F5 EB8CC820 20CEDD5D 8AF8C7B6
8127A441 05D87E05 970C1D3E F05893E6
2B21F40D 75FE947C DE1978BC 7C5D3B17
EBB7DF18 71A59C35 606C97D9 0AF8C5B6
C2F52890 1DDA5C05 97DD7BBC 6058BBCE
83B58F9F 75BF3835 F7D552BA 75957956
63A4EF98 37CF107D 6BF8F383 BB083415
5BBFF4FF 662C73E6 78D8A383 3A30D415
4AF3B476 52AC42AF 38FA9383 AA224575
E8D3D56E 7AB642A9 A9F573BF F90C01CC
F3BABEFD 6CAD02F4 29E0F3BC B16D2EB4
20B2B767 146802ED 3FA81189 25982D3D
6BF39F76 FEBE4283 9B7173AE 791C89C4
76AC3045 648500F4 B9E171BB 7B96EDEC
A5B81925 4C8D00E4 332AE1AB 21DC2DFE
54BA3765 EE4243E0 9BD7B6FA DD5E739B
FEEDE193 9C87E600 8BD10EBB 1DDF769F
7FF9BE41 FEA34C40 4B97088B 1DE29795
77D80E2D AFA301C8 2755975B 551BF39E
FCED6681 8CC7EE08 0AD0173B 5993F2CF
77E2AA48 DC836709 8E1A408B 9FE2B79F
D7CA1E6C CA2243C9 2171977B D387CB0E
F4E86981 A403EF0E 0A53132E 518EB30F
FEE02A8B 8E83B32B 83B3102E 058EBFDF
D3ED1F4C 9E29116F 9BF7C27F 71BC50DC
FC3D2191 F4AB2C60 8BE7D65A 7CBF70D0
B4282091 A44B6E00 C167CCFE 48BFBCCC
263C3883 C4FAEE5C 0DFDD6FA 7BBEBB5C
EC697B91 84826E88 0CA84CDA E293F253
C4617F9A 86DAEE99 40C97CD2 4CA2A644
046C7393 66D4EABC 0BED4ABE 7BBA1B54
EC795A91 E4832AAC 4CCCCABE E29A6B41
88795DD6 A4DA7AAC 4CE87EA7 00882E00
CB6D0FD4 A688BA3C D3F397AA 6F8C9C8A
D669E269 1D33220C CAA6938D 0F48B583
56C67A78 DF3D46D3 E4E703ED 0F49B5DF
162C7D7C B7350752 9B233D6A 8FAF9845
FC487149 1D612E20 D80A135B 8F5FE933
D64A71F8 6F2327C2 8F4A176D 1D53E97F
264A3FDC BD2D13D7 9F6E29BA 599FA874
F0441A89 7D4122E0 9A2819BF 19786975
F24A12AF 7C6324C0 9E280B95 1979E175
624B92BE 7CAB07CF A4E5A8EF DB21C8BC
31860A8A 63C80DDF A477ACEF F5F14AAC
21140A82 33497C57 EEE568E6 D05D8A85
252C0A81 6B590546 84BBE8AB 7B80C6B4
63C20E28 63C0A473 C4FB6C4B 9FD043B4
63C407B4 32C66D41 C5E74C2E 1E5C8B85
63BC0284 4E491942 843948AF 710C96F4
F6CE0E08 E7C0245D C4396C29 7F98670C
66CC0684 A6802440 D4BD6C2C 71440A84
43AC0E8D 26C00044 DE7B49AE 69929844
8D383649 332B43E0 5F79CDA6 7F9AB814
CF685741 33AB63E3 FE7FC0AE F99BFA11
4E306ED9 33AB03C5 5C793F20 23903C40
87507645 933741AF 5CFEF601 2FB94564
17C067FD B1574033 7AF962A5 7E8B7D80
4FD0EFF9 E14B0391 7E3B7228 24B17844
DF102F44 BB0FD3E7 7ABA76E8 24B96A64
D782EFCD 318B539F 7A79F6A0 77B55D24
7FD2EF5D D181130D 19C531E4 D40F77F3
3EC7C9B2 8D5FAC3D 3087F3F5 E64947F7
22C3C8A0 0C4DAC7D B085FBE1 F74D5FB7
28C1CFB0 A04EAC3F 39858568 F60B7FF7
A8C3CC98 ED55AE99 FE85A5CF 64622D4B
6ABA44B8 BC5FB7D8 F602F7E5 25470F53
6889DEB8 A709F7BE BBA5746C 550ED547
E8A9E9AB A545AD39 3B01A449 67071907
42A9DDB9 A66DBFB9 7FA4D5E1 E757190F
A08BDEB8 E74CB732 99D7D4BC B68A7732
7BFAC71D EC8BA850 D9D172B6 EDCD70D1
733E8F9D A72BA8F4 A09149F4 F051085A
BC279A5C F379EDB6 F17F70F8 A6AA7652
73FBB64F 8CABC975 9A7D58D0 F6C29ED2
779B8669 3BABA8DE 8A51C4E4 F6034E5A
1833E57B 8830259E 9A7A40BE 9FAB3F50
63DB867E DCAFEBCE AA7958F4 F4015E52
621AC75E F1AF6EC7 A87D6FF4 F4075E5A
3833E553 F08C2707 D775F025 4E3E358D
5BB5B70C 74A79240 C72F2034 1E3A3D81
0B9496F4 85649354 C3753235 1E3CAD8C
13361EE4 256851F6 D31B2924 1E1E1C94
BBD4BA54 45E78210 93FA2C25 9EAC6491
0355E176 81789895 E271757D 98BEB580
03355C46 44E86002 D218212E 502E1484
5354114D 65A68BD0 B0EA2034 18AEA484
5354017E 85A2CE81 A27A277D 982CF680
63749846 85AAEA85 F5D7FA37 B56C29B9
6B96D47E 6CA699C0 FAD5FBBD 3D2DABB9
E3969F4A 39A399F6 F2D57ABD 711D1BB5
63365B4A 892B91F6 C4C7BB07 332465BD
7F967466 27BA8BF7 B0E7BE4D 3BA1C5F9
DEC272C1 13BA58F9 F0F77A6D 7B2FCBB4
FEA75ADA 17A2804B A4F3FF4F 11A4D5DD
FFB45089 27B2883C A4F7FF4C 73A591F1
FCA7DADB 23B2BA3D A6F3F37D FB05DB91
AEE74BDA 32B3B33D F0DF67D3 80A76A64
C1787EE7 9413EA96 D2BDE75E F4365B1C
C0786043 B4016289 4FBED2B9 3C3E5F58
D6FA363F 84A7FA89 A099D396 A425EA1C
007B9263 301EE6DF A3F9E51E F5135A1A
8038E803 04516CAB 2B18C0AB 763F414D
90F2723E 14936689 A5F5F316 A02562CE
083BF166 781C6F82 91F5F77B F496C34E
303C6103 1C152FAA 0BB0943B 7E960B0D
90FA303D 2C926E88 F4955A30 845D2BAF
7151177E 2037C170 F495DF34 D44D73B9
B9FB8F7E 00D7A048 FCA5543C 50597ABB
AD718B54 51D98559 C4973330 20F4D37D
7778356E 3A31C1C2 D0BFA74E 32F093FC
D5793B41 52F96419 D0F7333C E34872E1
AE7933C7 5C996449 C49736F8 65F5436D
5574716E 3A37D512 C1B5B77C E9E451AD
D57C32E3 4EBBE118 C8F7B27C F864D2E5
6CF9E186 788B2509 C9F6F8B4 DC6DCEB8
9B8FE933 9C50183A C9E4FCB4 DC2D1EFB
9B8DF933 8450987A A9A4F684 BC6D0EFD
D3ADF9A3 B454987E 79E6E8E4 BA29DBB9
D7CFED32 10DA5A14 2CA428A4 B860DAB9
D3AD5D23 389A5E34 81A4A0E4 BE704BBD
C7AC7D22 F2BE983A 65EEF884 BAE99EB0
CFC7CD22 18DA5835 2EEC6C84 3C089FB8
C78D6C31 F8FC589D 25A66884 3E826BF9
CEAF5D20 72F49895 828DC987 11FD9CF5
91429C4F 3750015B 08A720B8 54DCCE7C
9166A816 3AD0196F 09A4AC96 06DD866C
1137A953 2BE49C22 8E0D49A3 01E4FED6
93463E6D 3839417F CCFF6082 4BBCDBDC
D1823F2D 1F120053 8CAF6998 585D8A6C
95223BC5 277281C3 8C9D29E2 1A75D4E4
81423E2D 393DC15E CEDDB0A2 59FCBB2F
D962B724 2337D15B DEADC02A 497DBA6E
81623AE4 6F6341EB 1FEABCB0 2D0AE32E
DBF1CE48 C7E79F29 49C23890 2DE0A5EB
7E9F878C 05A79A64 EDE06AB0 0AE8A0DB
761E869C 217CD8F7 9BEDAFEC 3580EF6E
68F9E519 842F9E8C 39441AB0 2FCAB789
6EB8F611 91AED878 A49553A4 62CCB1C9
363EAE91 114DD876 A2ED696E B7A6434D
EC69F4A2 E40AB688 6F7423F2 2FEA778C
86BDE411 228AD472 6D1170A0 26F193EC
27AC2E81 130FD057 2A1034D6 987784AA
93A6E86F 2870D557 828031D6 0A6506AA
13AEE92F 3C365547 AA1021EE 8C66078B
D3A6EC2F 1C265D0F B20280DB 98F6D4AC
93E6F92B 1E725F57 B386019C 587E45B8
9B3DE82E 5D225E47 B30702DB FB634FDC
D6B6E82E 5C261E56 E21A00CB 1AF7CDAE
93746908 0A62CF5F F3061598 1BF605ED
5A94E126 7CB68E47 B35706FD DAA7C7CC
5AB46926 58264F5E 62A63705 F23B4EB6
717248A2 21085B5D 32B6B327 D61C1E86
E95108AA 7102DB51 32A6A333 D4384EB6
79D1482B 3182DB48 40E6331F 1A384CB7
63E8C4B2 009CD3FC 00F40E97 18388AD7
F0061CF2 2182D255 06D21713 86388EE5
7BC44EB1 0186D368 44E64397 0330CCF5
63F854B2 23A8D374 04741F86 0030E875
E2D0C4F0 73ABDA5C 46F6430A 0D304D25
73F04EF2 A3A2F148 24480742 9A03C3ED
14C75666 6558E7D5 36CD034A DB56D19D
04C04706 7B7577D5 965D01EE F093DB15
44EA5D8E 722B67C5 80C8070B 9F2AC5B5
50C754B2 6DC4AFD5 90AA838B 737A4AB4
74084122 6A4D2ED4 B36DA2AE 73CF5B85
64EA4D42 EA2526CC 90E9032B 7B0ED4F4
7084580B 67C42ED4 B039422A 732652A4
744C409B 768D36DC B37CCAAD 738F5B14
6EE84FD2 E68937FC BACC897A 91879E05
AF59F1CF EE7961E9 BAFFC9BE F087DA94
2F7809CE B8A3E1C2 BBFF41BE 719E1B94
67BD0C40 1CE329C9 A2EC3F48 AF83968B
8233A9CF 8E71E928 2BFACF7E 109FBE8C
93F269CE C8BBEBC1 B2F96932 719EBFB6
63FE0C4E 9EE9C9C9 B12CDDCA B28F9E2A
837AB818 AE712C29 B9AAD9BE 988FBF8F
B39A7849 A473AB8B A2FDE9BA 118EBF8C
63964C6E CCABEBE8 EFA7D8BC 7118281C
733C97AC BFAF0176 EA157CB4 733588EC
333A3E81 B9ED09F6 E0045F64 033588EC
35262A81 AC7C99F6 9AB5D0AC 77181254
E730A7C4 F6AF0172 7285D6E9 73306804
B341BED4 94C6D113 E0B05750 12782B8C
346D36D1 0CF8D382 D3D1D2B8 755C3390
6FB1A7C4 D38F0126 B2D1D22D 711CB090
A675AFCC B59F503D 9380D300 0A3823A0
142FA698 ECF4F0A2 CDD7E0A1 C7FC75C1
7BF18556 8C948222 C9C6FC83 1EEC75E1
FBD18775 8408882A C9E7FA13 4FECE7E1
33F18475 95D0883A CC9D48AF 51F7D3FD
62948644 B29DC17E 8C87E4FB 42E5E7E9
4B5A8452 D49888CE 8DCF6C9F 44E4C7B1
53D29C71 958A8ADA 0E9F482A 54569BDD
C2F40FC4 F221A136 0E97A82A 40CCD07D
42641AC4 E634E97E 8DCFA82A 54E5D7F5
43A41AF7 E582D84E 9D24DC3C 1C5FFADF
B2542E5F D6C2DC41 9D329E55 885E095E
321C5AC5 CE129DD7 BDB2561D 8A734B6B
ED448F96 CC9E9F17 651B027C 9F55897A
A4E3E351 93E51DBF E19942A0 BFD3A96F
B4FBE302 80A08DFF 75E9E8A5 AED6AD6B
A5D9C502 A0A08DFB 73DF63F0 F581CC2B
7EBDE5AA 1BBE41AB 77DF21E0 F6C9CC27
BDB9E0A9 33F655AA 764DE1E0 33808F0D
BF9CC0AA A37043EA D9E97C38 585AE9F9
BE83F753 9C938602 DBD7F730 4D4D7DB0
6EEFD711 BCB58052 F2E57335 6DADBDA4
6FE296D0 8EED817A D7BDD938 A099B8FB
40F7C7D0 FE22C852 36DDEB3D 7194AC28
03FEDCB0 C3B6CD7A B29F63BD 2F815DA7
47F246F8 C2AE89FA 77DF5A30 A4592971
0192C7F4 D11AE7C3 FE9D4271 E515CB67
82B245F2 935CCDE3 B2BDF1E1 A39849EF
839069F8 C31617E3 EE2DB924 40DEA24E
A9B838E5 447F40E4 7835BD6C F207C204
B9F9C922 74F7206D F9B2FF2D F4027122
683DCF37 74EFB2A1 EEAC3135 4877624E
BDF194E6 C27E4C4F 382DD82C D8078240
987BFD4A 34F470DD 3939CA28 F4115102
9C71C753 F4E4B619 ECC71134 CA77B261
0DF9D5F6 D03EE70C 7D0F4648 4672A340
09F1D6FC 2074511D 7789CE48 66300904
0868F7F0 A4E4B5B5 88C807FE D23747EE
30E2496A 001FBF9D 2A09A5FA D15F469E
B1F24B2C 6113BF19 240C85FA 76D754FA
91624B6C 6117AD5B 8E8B86BB DB7B618B
70A2CF6C 700C9FD7 82DB87BB 657B258F
F8BA4F6C 7104AF5B 8E09963E 67D3B586
91520F7C 1D5EA15B 4EDA861F 4179A5E6
70A2965C E38CA35C 469F130F 0A71A584
784A967C D380A94C 06CB823F 0873B3B3
74C29644 7784A15C 485A97D9 ABB3571A
5AF205EA 8BBCDB0D 8ACA0293 2FB3B7C7
56FE9E20 A908CF79 C2EB4093 3FF9B783
F9EC9E79 E1C8E57B 4ACA83DB 0AE7550A
FCFA0D50 8BB8FA8F 4253D23B BC239592
27431E60 CBB0EFCD 8A7B0ABD BC61F793
49218E79 D9A27E68 885A925B 8FB34592
5CF00378 99B4EE0F C07272FB BD0357B2
6820868B DDBC6FA8 9E739AFD DD03D7B3
6EA3CFA3 DC8C2F48 4F7BD6DB 7BD39182
9CA93B51 529A2288 CDFB06DB FDF175C1
58A9FD55 13932688 9D7B8EFB FDF565E9
F8C93F75 67932608 44FA5ED3 4FBF91C1
50A8ACC9 02BC6280 CCE466B7 ED8705C2
729A1ECD 6F986692 CFE24A97 7DB50587
6BC81EA9 4B82264A 0CF07CF3 5FD51E04
A3F88FD3 4E3AE680 CDFA7EB3 8DE55864
23880CEC 6E0AE152 CDF868B3 1D2D04EC
E3C80E21 6F803540 A26435CD 1AAF96CC
81023AE1 BF7864DF AA2510E6 4BCF9ECC
81262A68 377840DF 3E0DC00E 4B049C46
826E3B48 E3604168 A1D02F11 9C71E2B0
69773696 8DDB4C17 E3F676D6 BD79924C
6D1F02A0 9C7E459E AFA596DC 4A1F9EC6
413E3AEA AF1BC59E BD52A651 FE5162B1
6EFFC716 B8A6A505 99BA86F9 B452623B
7D0BC736 FCAFA580 C71BE6BD E63A7391
4D3BC7EA FC3F3F85 32012723 18A62238
A55212D6 217AFFDD 3A018B63 98B60EF8
A87930DA 607BFB5D 36010B22 98B26838
69705EDE 403BFB4D 3285C127 582664BD
6B1390DA 233A657E 1E53CA25 5A7E6DBF
0F3D94DE 42BAEF7C 36D34B63 7A3C09B3
6F18C7D2 60B2B264 8FD5F057 D15ED257
0C7584CB 2EBE202A 9D77D24F C11C9857
4A25028B CFB2A48C 9E77936F 711CFB17
86390ACB DFB2A4A4 9F7BB4FA 65DA338D
DEEDF711 EEA79620 DDB3B0B0 47287009
DB2D9715 EA869F43 18B0B833 5E283481
DA05879C 6D16CE7B 8F7176EA 559E960C
EA687B01 A2A7A225 EF713CA7 C10744C9
1A0FB611 CB9F6F1D 393A2803 93237C09
0849413B 987EEEDB 8E355E6A 57D7988C
A2EC7B41 AB81A31F 4B3B8EA2 0576140C
5A653309 A3C7A75F 400A0812 CE2F1C21
D049133A 0937BF4B 9D59B7F9 F51F221B
1EADDF17 3CD69611 1DF99FBE F1B6141B
EFE1C35A 1C831B19 1FFB87F9 F5227C1B
CBC3837B 14AC1300 DDDBC3AD 713A791B
7EEAD77E 5C879350 CDFAC3EE F9BD7919
E288276C 5C9F9344 1F5A8BE1 BD227D7B
CBC2867E 5CBDD244 CF9B836B C5387951
7AC817FC FEA7B176 CD8A91AF 896C1D2D
E0C22F5C FCBD93D0 8D9A99A9 BD24BD61
61C2866C BEB4D34C D9F3B2B1 4D68A5A1
5AADF795 4FB68E60 C9C0BE90 4F28E5E1
1A8F87BD 0D5E4876 EDE13AB5 0B2DA0CD
122E2EA0 035C4CF6 F97736B1 4F08B185
DA2DF519 EF960E20 9C4536D5 CD08E481
0AA1671D 6F640C32 CC113EF5 CE1D8885
082C2A81 F57C0D36 3C71D278 6415C845
4A6C3A89 E5052C45 7C7312D8 4E559DD1
4E49779D E3448D57 945D06BD 6917F981
462C3D8A E30FAF71 8AF5E8FF D5EF1ED9
93809B01 BE710C7A CBF6E185 D3E114BD
1784882B 1C68045A CAE7E1B7 5BE59E8D
17868821 3D690D52 8A1D61E9 FF41BEFA
B3C0B94F D41145BB C8DEE5C3 9FE072FB
DBC233A6 5C3D4D2B E8FF61A3 1FE0FF8D
FBE6330D 3DB84D52 9AFD70EB F9C9BAFB
BB62192D BD9345FB AAEDF0BB 7DC4FABB
DBC6032D 7C144D53 AA9B71B9 D9C57DAD
DBE21B2D 7DA04553 18CC3F50 8CE3A263
00C3F5D7 D85270BD 13F573BA EDFFAB87
BB88DDB4 3E0B6047 CBF7F0BE 69DFBA8F
23AC0F8D 442B215A 100C7D50 8EBBEEE3
08C3D5F6 D958F0BB 18B3FBCA 41FAA78B
B388D568 D72CE02F 8AF7F1AA 41CAB28E
A3A845A6 6429294E 10647D92 8CEBBE63
09C3F4D6 FC5A76A1 9A73798A 6DE8BE4F
E28CD1E5 CD23602B 987D33BC D90EBE8E
26ACC186 64AB014A BC4806E5 7297E06E
18C70E6C 706A66FD 355986CD F082DACE
D9EB455A 70A4D369 55AA0AB0 B4125850
EBC445F0 5D9692A1 3C6D836D 52E79ECE
48EBDEBA 706E6779 27BB074C 768B5ECC
C9785B58 71EC9129 5FBA0BA2 AC98492B
F11601B4 BDBCD0E0 6EC78769 4467CB46
4CF85FDA 0127F7A0 57BB066A 24A14B86
81085B44 23F497B0 9AB8BF22 34B44024
B1101174 35A5F1F4 3D50563E E40ABFA7
4E096D55 42B783C1 3C43C43E D79B0A86
4F2C6D5A 63B7C701 7851C02E 401D189E
062C2FD8 01BB07D7 3F974E3A F40EA1E6
CC196945 DAF74380 695DE67A 73FA00C6
44386DDA 8AFB67A9 6ED9C66E 42BD9EA7
24582BD2 C2FB260F 3F555E78 44578B66
0EA86D44 B227B137 2975D668 46368A46
54AC6BC0 62A63127 6E51D66C 46178AC6
02EC69C2 E22F3317 254912EB 575F99AF
B6A48B09 61C41D7B 27840983 1FEDACAF
25041AE1 014849FA 3FA4A885 99EC7E85
E15A1BA3 2468297A 275917EA 75DE1B0F
F4ACE309 328F8DBA 2D68B8E2 1699B5CF
350413FD 03CC09F2 2AA00807 1CEB3787
C10ADFE0 2168697A 511BC3EA F4DA0B1F
5CBCE750 D3878D73 7528F0C2 66D8A986
911C339D 37DC0CA9 3E2EBDC6 84ABB9AF
890B3B7F 64700DB8 BB31EEEF B384CCCC
903878A1 96D84E8E 999FEEE9 B0E4CCBA
8C3978C3 96531E88 B91BEA69 B7404DF8
CEA9F913 D4971608 3BBFBEDF 3AF4C88E
DA387881 E6D34ACC FBC7EBB1 28481CB9
47157802 D55797EC 7AD5A1A4 B049DDAB
CE9DD9B2 D64F17E8 33B1BEF9 18D4888C
93382B41 0BD25B4D 7AA92DB1 1CD01CAD
4B154C2A C39F93CC 73B9B8B4 00C17C93
D392CF12 9FCF13ED D1FAE4B6 01B10850
C34180D2 4C2B9E09 C4EEFE93 98B26961
EB530092 0041CEB5 86C8EE94 98B3291D
4B524C93 1473EED5 0DCA20B4 1CA93A91
5BD387DC 59EB1E48 8CC840A8 22B9A8D1
53920ECC BDE1CD75 8C9820A0 32A83814
C3521ECC BD418D75 3BF1B233 62CAF68F
3EA7A786 889DC17C 6FD59AAB A24CE18E
1EBEA7CC B8BCC066 0831B222 6615988E
18A0AB88 BB554464 4FBBC0BE 75481919
FFA0BF64 7AAE1162 A9E89990 D568DF69
BB8E977C 093E106A ADAA39A6 1E6C85AB
B3C69730 09CC887A CCBFC0AA 74641B58
F3E6E744 FAAF9176 08A687A6 96EDDF28
B3E3A033 0A384BEE A82A01A2 832CC7EE
82ECB130 A92A1A42 4E3FC0FA 74C75B1D
6FA4ED60 DA37913E 293F87AA D0E68B4E
3BE4E862 6A375B26 3B84810A D6659FAF
A3E47368 AA2A1926 5B85783C F54F17E7
6E91C903 D4C70CF9 5B97F8B8 F94B5BF7
6A99C823 D4E508F8 FBD7D8AD FDCDDF05
EFD8C917 F5EF08D8 5BDD6768 BE292FE6
C8996122 D44C44A1 7A9D4EED 1A002464
02D27402 A45D4CB5 7A991F31 BD82F824
DADAEE3E DF914FBC 7B9D7778 AE5122FF
493BE12E FD4EC4D3 7B9D5679 0E5138EF
D1F2262C FDD74FD1 7B891678 AED039AF
13DA3B0C DF154FD5 887EEEC7 1AA244D2
307662F0 9E584CB7 C2682AC7 1BAA8450
323EEAC5 F77C44B6 CB796AC3 3BA2B551
163622D0 FF6C40B6 910EA749 BAEB44B1
72D6C8B2 A4D4DED2 97072281 F54F3531
16C8DF51 FEE65EB2 D3592AB9 7787B511
9FC2FF5C A7D6B4BE 7BDE824F B6B34632
5874CFFA D074DEFE 5F18A22F 74031610
4B42DFFE F28EF5FE 375992BD F4077A10
CAF7CEDA E3ADF1FC 344C17F8 7157E82E
A553482F 6912BF59 342A1778 FC1F5832
BD5F492C 6992BF59 35EA15F9 741F5ABE
2BDF4B3E 2992BF49 75F317BD 28D8B866
331B263E 410C3BF8 75FB16CB 3E9D2826
335E52EF E9D47FB9 75BB15BD 5C9D3CE7
73FE693D 61082368 75BD1FB9 5815A8CE
635E076E F38CD3FC 75F937BD 5CDD2846
713E365D EB8A3BE4 75F91BBF 59943C87
63FE3705 C38A034C A2CCB982 88EBB6CD
A5562CE7 087B63DD 2B41D0AE 41C39646
E562244E 333B434B 3C4512EC 4855F446
ACE21FC8 633AE37A 28D4BF93 9CA2A6A5
6116ACB6 987D7BD5 12745292 CF7AB347
507094EE 6E3F424B 3E65122A 485BB747
24603FCD 63314758 0AC6AF53 9CA666A7
C916ACBE 1236F185 13D44656 C4EBE2B5
5111EC76 783FE583 72D5D07A C056FB0F
04A0FCC2 2A3F451A 3DDE3B39 2F1AEB39
CEE9F516 AC87C641 1DDE3AB8 3D392B29
CABBFF1F EC87AF41 7FD752B9 2D9B2B25
63FECF8E EAA69B44 33DD3339 BB31A83B
C8ABF112 AD74EF19 26D97EF9 79316D0C
40B16F0B 1A87A799 D6D5DABF 39BFBF05
E3B0CE8B A2AB2BDC B3D1737F DB3CA979
08EDF692 A4B52F4D 2751D3DF DB3DAE04
86ADE086 B2C1B280 FF57DAF9 7D3FBF84
C6B4ED80 A289235D FFE710E0 2E28A801
5B1D872D F7178864 EDC1C0B2 6E613000
1B1C06AD 571E0C75 EBE1F2F4 7A0D38C1
022E0E85 375C08D6 BD7B5640 36923300
79D647B7 D4479D38 DCF98490 AEF03062
3B76063D 1D545C61 F96118F4 4207BA80
223E2F87 715D4A55 703A5280 A5E35922
DD9A577A 502FDDD9 F42A5B90 A6E33246
24DA4C3E 686DDD59 F31D50E4 C0C7BA44
26FE6D0E 604D4B47 5BEF68C9 1AE0F501
B4D068C0 37E84EA2 99FD68C9 5BCDF1D1
7DF9CFD3 B7EC46F2 BBEF03DD 7B8CB741
4DF9D482 B0AE06A2 5ACFA04C CAF4FDAD
817061A2 237C6D8A 3E9DBA9C 794470E5
0C697AFA 73AE6FDA F2FB83D9 F9145485
8CE9F932 D3AE4F82 72DFE7D9 C0B4C7AF
017071EB 1B1E6782 7A9FB36D C83545A7
013875EB E3364F8E FA9FA7E9 57B445AF
9130FD79 83965FE2 1B3909AE 73DC1804
95981A41 DBE922E5 92390D8D 7B840930
B1D99BCB 7BB346C9 2A82BF0B 3E2404B0
FBD59330 2DA0DC48 9B2909AA 6996984C
94581A49 FFE32078 809019B0 AA146173
79D1C18F 1DCB4E44 A9D6BA19 3E2521E9
7FD5C13A 0B94987A 1A3909AC 79849A64
B1DC1A09 FFE12448 84F698B8 A9246AF1
7FD5C00A 29038E46 E5D63658 EBE7E3A9
7E97C58E 6B8A8C56 D9EBFB34 7CB2BAA1
0BDFD5D4 5A2D4362 7FF16B2C 74E33B84
3B1E96D4 50F511F7 E079E362 62148B04
195E3ED8 BCD519F7 11C7EDFC 66EAB784
23B0F555 426F03EB 77B1E56C 42E8B384
1F1E8F54 50ED09A7 A2FDC328 50464310
715004D9 9C755087 A3E7F7EE E6E6B78E
1EACE545 426B0226 21F366EC 46E4858E
3F1C6F45 60AF023F 02ED470A 46248323
1C31E8D9 D4A59A1F 73067394 F62F4FF0
23D9C932 84460831 F396F5F4 743BDFF4
A3DFC932 E443082B F026F1D0 760F4FE4
F3DDC920 84520C69 735E6194 22220EF0
F2DFE1B6 9C5A48E1 7B4A6150 74A3CBB4
F99FD934 9C5E4AE7 FA286110 76268BA4
A39FEC24 885240E9 736E6114 F42E1EB0
63DBC536 BC5F08F1 386AF110 74268FE0
63DECD24 CC0F08F5 F168E114 74AE1FE4
639E4D2E AC5B0861 4DDB5ABE 25B8290F
5BB8B75C 7EB61382 0BD16AB7 3FB42907
4382F64C 1EB61A86 CAD14AA2 2FB0A90F
53BA3ECD 1FBC13C6 D9914234 55FD2147
D9A1CD4F BE9ED3A7 98157AA5 D8B50B4E
D300DE6B 9EFC9EFF 9B995AE3 D99D0F06
83A0AEF3 CFA41BD6 DB93C234 D4545B0F
5BACC78E BCEF93A7 99858A3E 903C6B4F
8B20EEAC 746F9A7F FB955AEE 997F8B0F
02B6EEA4 B6649374 B7DFD2BA 771B6215
2BF98709 E2868822 66DF58B2 5F9B3A54
2B178748 E380A9AE 6AD75AF7 659F3215
23BE0989 536AA9E7 BD7DC2FE 721CEA44
AA752F81 E7922828 3C6BC6FE 7417E8D0
29376B9D E3D3A23C 3D7950F7 701CEA06
2235A79D D29A2A14 853D46FC 51BEBA54
A37E7F95 F783293C 45F9C6E8 5696B2E4
E39C5F34 D28FAA5C 1CF9CEFE 50BF3A40
E3DE5737 528FAB5C 22098DEA 97D7DA8F
25C6EF4A 4C43F51F 4E076876 24CF1A9B
330E9AA0 4C3B2152 0A25F936 204C1E0E
33F802A1 6D6A297A 0A296E4A 47CF9E8E
85947941 0ED0603F 0E2D4F46 0206BCCE
21180B21 DE3F615A CAACD952 0C0C340B
A3721231 0C3A58FA 0A3D6C6A 548E8E9C
A7343BC1 7FE1643D 88384D4A 588F9614
A5143BD1 E737AC9E C8AA0812 1C2FB161
A1541A33 CF6338DA 4337D6DA 948E7E7C
FB28067D FCABB934 FA3616D2 C0EE1E5A
F9380C29 BC8BA824 AB6554F2 90AFBA9C
273C0A69 DC2933FD 6A344F4B B6D65F16
EBF6444F 7C897124 6A10DF5A D0169B16
63FE2F4B D2833135 7234D44A B2D05BDE
AB860E7F 582933B5 268468DB 80BB7A58
E1CA0452 9A397DC1 2EA468DE A2FB5E54
E1CA045A DAA9F5C3 64A6E8D6 A1B94C50
8942045A 5338F4E3 CA875A20 6F983FA3
62C8C550 C407AA4B EAC77330 6C083F81
625C0490 ED27A9EB EA81613D 6C081FC7
721A5E98 CD4E8DFE BADC7620 AC9996E7
415041E4 A9548E8B BE9DF23D EE9997C5
D23865E0 A93D2B83 FE9B3639 EC9817C7
48306CE1 CF2E09A7 EA157771 A6B9928E
5125AAE3 90588087 BA95766C 6039D7DC
F139A9C3 B4D446A3 BAB53769 30B8D68D
D82969D3 D45C46A1 60183747 8AA6872E
84FA6C62 A27C793D 68083FD0 0EC6CD46
9497E46F 20BC5B0B 687A2F0D AE424D02
5DFDE17B 62A6220B 6028F747 22AE4900
84BA6861 2A68E8BF C8089D74 EC4FBD1E
14BF356D 2A370B84 53723F3C EC02AE5C
4CBBE572 16A60B0A 6828DD45 32A60E64
A0B8B8E1 027868AC C0204984 37A20210
EADE815A 0E63310C 09726B3C 7C22FE50
6EFBC59A 76A7234C 5DFA0C00 8E58F10B
A9D5ABBE 66508E01 4DD85E8D F5547153
BCD3933E 4D960E53 6D589FFB D057FFCB
B6D62F0E 499C0F12 3DCC0AB4 6C715B6F
C9B18923 154E8E9B 29ED4BF8 E253CB6E
C6BB4907 50AD0F5B 3FEDD2EA E7DF1BCF
94F86D45 418D0FFA 7F1C2BF0 ECE34B6F
7D91C1FA 990E979B 6B5F67E8 EEC60B6F
C599C1CB 182E5FBB 6BDD37E0 E7DF0BEF
95B85941 2B3CD7F2 25C12694 1CFBE2AB
75FA5EBF 410E9F34 B50124C7 1AF1E863
3172164D 43041F16 A519A6DC 1374A0EA
B1723F05 03DCBC32 B5C1A3A7 3B7064AB
D1FEDD3F 158E9F70 1FC329AF 1DE0A00B
DD3ADE2C 33C64552 8795B9B4 19E4A22E
353E0F0D 13C81572 9B962387 3F28058B
DB9D843B 6E2497E0 1B86AB95 1928348F
C31C4D1E 172A1148 CB5721B4 C9A9368A
232CCD8F 40EA4542 1941656A BF3248D2
B98AE1C3 84E44DFC 19086D56 BD6918B3
AB8CF0D3 5C30C821 AD292D57 9D618AB2
BBAED803 0C604CEC 2B03279F B16F09F0
7BAE817C E33CC8EE 2DE02D1E 142DE7F0
FF0BBE46 236CCBEF 3BA0AD93 FD6C97E1
7BEE9C4B 85298BFE 6CF7A39A E045FBFD
7FB64564 E32E815E 24F7922A 52C493AF
76B66D68 E326895C 61F7922A 7CD59DAD
76A47F40 23A28B5C D2F7D0B8 EDBA5B91
FFECA90B 5DA58B41 D2745638 CD9A18D2
FBF6B84B 5E248761 F6F7467C C8B91DD8
F73539AB F81E43D1 D2FFB7FF 04B857D8
F3B223C8 9DA5C325 C2F5FE7E 759284F8
B332E1C3 8E39C5B5 E275BEFE F0B8D0D8
B1302042 C81DC7A1 C6CFA79F 89A868A3
F152347D 0B37EFC3 2CCFAFDF 1F2028EB
F152B56D 093F6F89 288D2FDF 0CE0006B
D110326F 113F6F89 E8C63BB4 8C2CB7E3
2356642A 2D2E9966 F8C2AFA6 080E9757
23566CAB 7C2C98E2 F2943F34 735B17A3
A3566D99 182A84A2 E0D02F94 AEA6824A
A39CE18B 4B66BBA0 3A90AC97 B812025F
AB0C6183 3826BA80 78900E20 5810625B
A5EE7D9B 7D4C9694 F3130ED0 AEA54F4F
A33C6100 1B2F99B3 79159E90 84E521DC
833E6199 1F27B681 F7356E30 661149D5
87386599 2D2EB713 C17A9641 0AF06548
5CFDF6F4 A79CDA06 D17A00C0 0FF26440
68F9B625 D60CDE06 DBFBE0C1 1FA6A44D
68D884A0 B6484AA6 E07A9550 0ED37808
3CFDD740 D9589F0C BE2108B4 5E472C41
A859DD0C F3749C7C 96AD08A4 5C4F050F
8BD99F04 F6480F66 35CA8554 8AF26C0B
18D7B664 C17CDE05 B48A8994 CC5A184B
184B974C D17C4EEE 738B0984 655CA043
995DB20C A1784AEB C0263F05 9A6DC4E6
21D768A3 6C581CD3 D0262325 1B6C94E2
705F78B2 ECB81C53 EA062741 886C04E6
705D50B2 F4929CA2 D000A220 9AE7DCEE
235468B3 5EB6DFD3 F1522A30 88CBD8E1
E31E58B8 FEA61FC3 B5122B50 08B28C66
711C5890 B6B69FF2 70022021 8EE64CE7
73DC78BB 2E2DCFD3 B3800A10 8EC3D8E5
F3DE783E DFAFDF52 F18A8B10 88C3986E
735E54B9 8A27DF5A 870714B3 3B8A730B
F4FA3C6D 7E232FC8 25670082 3BE3390A
749A0F2D 1AAF27CA 876F0082 21C3BA4E
74380F4F 1AAF26D2 1A092983 7B871687
B4C85C79 FE44068A 9E0A0397 3B8A1792
4458BC7D 3E272782 BE480BD2 BF83F612
547ACE3F BC2E278A 9A2C28AF 7BAF14B2
A00898DF FF4066F8 1A2C28B7 3DAA74F1
A924907F 1D5874CA 9A2E2897 B5A864F3
C91B9C7B 3DA836CE 7B57FF3C F5CF9AA1
6C9DF193 F0B70661 3B57F9A5 F1CDBA81
EC1DE992 F4A50661 3BD5F9A5 F1CDDA84
1E3DF986 3FE90C62 7347F760 279BB1A0
6C5FF196 7C378221 3A5DA525 F291B084
3C6F711E 31F10B5B B35575B4 E89DDAC4
362E2C80 3BFD0BCA 5B5E7762 269AB390
7E0B5594 7F1FDA08 9A57E144 401FD1C0
3E4A5715 6714D8C8 D0655D64 731EB187
342E2E85 AFDD52DA 21DEF292 1EBB6A2C
C77D6522 801ED900 28425A90 40832E6D
87ED0620 C454DDD0 28D07292 38971A0D
67FC06A8 E0409BC4 21FC7390 D6BD4A2D
C73D6322 405ADA80 20F87AAC D0931A7D
97714A68 6C519A81 22FAF3B0 78921A1D
47F44A2A D4279FC0 21F576B2 35944AAD
85FD41A3 5C5ADA80 31F97BA4 D095184D
87ED0B30 3FDF9A85 33F17AB2 3094184D
C7D44C28 37969BC4 5FF7F2BD 6558319B
5E2FB71B 77B780E2 DDE33AB5 4B59B89F
1A2F9E99 6BED04CA CF811A35 4B59B887
122E3E88 DBED045A 5FB1B3EF 6B9CF15F
3C6FBF1B 67ADA69A 54330BCF 4A11F95B
3A6B3E21 6B31B659 0F430361 C811D85F
102C3BA0 E3F1A24B DF751F6E 5BDFB95E
38257A01 67F5261B 84410B6B CB13BDDE
10653B81 6FB92E19 8F53877F CC41FD5F
502D630B FFB7A60A 5AA7E985 E0745F72
EDD3C832 CD2ACA7E 13875AB3 F5617E69
FDC3C53A C9A69B59 274793A3 9C417EB3
7FF7C77C 39A7CB5A C207E885 ACB09E50
ADEBC9AA DB3A596F 1A4B3331 A44C3C40
FE03C534 5B264B50 444F16BA 9CC6FE3C
36E7E52F 73070B1E 3446E986 A6B17B10
091784FE 997A7B40 1F467D76 ACB12A10
0B9FC6BC F1725F04 67457FB2 84D7AB1C
8FB7CC83 22511936 E2376786 B0645E74
617860A2 318CCAE6 A23F67C2 F1645E24
A97860E2 341C4BA2 E2AF25C3 DAF4D60C
71747823 D0184BA6 D6566790 36340CB0
79386162 52161206 423D65B0 5796D5A0
98673168 31570A0B C6FF65C5 9CFDC98C
1DBE7C62 60515B13 7476F790 A4F14B98
6B3DE572 521B5926 72677D80 749D1FD0
BB6FE170 70511827 66E67592 A0DD0BE8
9FB66C60 62555833 1BF382FF 59C3FCD9
EF8EAF0C E7D70956 CAC181EC D8BBB349
EF8EAC86 34DB14D5 52CE018A 26A01F50
9F3882A8 1CB436E0 4DDB82EB 55C79D8C
F6A6EF00 878F9776 C0588B8C 830771CB
F8CAAE90 AC8D37D2 1282ED82 37280472
9958823A 0DA0FE49 413392EA 77C79D8C
F6BC6F08 83AF9176 4E9057C3 05F1090E
B7282BD9 0B87DE57 02AAE982 26200421
9948927B 8C23FEC0 227FD2EA 64FE9B14
ED784748 3263494B 263FDAF8 20AF7E7C
7CFA6779 36A1C999 623752D0 70ABB671
EFAA6E5B F2ABB89F 266EF8C3 A01FDF00
C9B04A91 62707229 772F5873 311F7322
2EF86E98 722D3176 550A50F6 300AB750
EEB94D9A 72AF30B5 BD0EF8D6 A3BB0E30
C9D9CCB3 905A7EC1 1D2E48D7 23BB5730
49CF4A92 386834C2 4D2E48D7 21BA0570
89DA0A92 1AD0B481 360D00EC 709F1A54
A4F84A49 536A44B9 351804FE 308A8C34
B4DA4B68 22624D0D 353C80FC 74C2C478
FEEBC71A 00A2860D 374C508C B0939A56
F0504A8E B26344FF F7B0800E 30989E16
7CD6060C 726F4C85 357381BC 7883F914
3EFA690C 20A2064D 67CC48A5 B5D3EA72
E957AEA6 587B44F3 17B45A84 349B3E37
7057498B D8BE8EC1 27BA8891 30C36BB6
6AC8450B 10A30EC1 1BDC7C7A 9D9AA32D
CEF8F55F 86B7E601 79D758B9 658877A5
EBDCD75D CEA7E140 C9C3D8B4 66993F05
63AE969D DEA3A9F4 120D747B 9D8388AD
8CF8F053 86F1F699 027552B9 C717F795
8BD8C8CB A6746648 88E3D8BD E783F695
EBD883CB EAE5A6D8 3A4971EB DB0FA84E
B86AB0DF A77167CD 9A6548AB C18FF09F
89FAB8CC A6D46541 98ED58AB D38EDA85
8BF833CF 66F027C8 AF17C8A9 63859AA4
130C3A9C 7BE36566 EE9748AF 609DDB65
972E28C8 7BF925F6 E0B56AEC A205986C
800028C1 3B7D25F6 9F175A85 B98D9AC0
CC0A51DC 1BEC75EA 8AB7CEBD AA055EE0
88004A13 28AE3562 88B3EDED FA0050FD
08496153 489EA743 98755ABD FB059AD0
493BD386 F8AA24A2 897F87BD F9009CD8
4A4D638E 588E2782 893B27AD F84AFC59
686DB31E DCAF274B CFA280AF 6FC5BDA9
54CA5F08 4B2B135B EE9F040C EE59B9DD
4C8A2C4E A92317C7 82BFC46C E00C485C
4C3960C7 BE3F3E84 BE08096A 6946B920
745A1E5D 6DA30243 9A1AAD7C CD52596F
640A2FDE 6BA937DF 81FE9F64 F1190842
442968C2 B61F9687 BA882997 F9B46871
A15A1A3E 3C8B32C8 8C3AEBF4 F1306971
E84B8E1E 3CAB32CD AD70FFF4 F2180871
C81D0092 BC9B36C5 75FE874F F1415FD9
7C59E112 54B78FC3 F32FC55A F15F5A0C
F53D6883 DC9B2EC2 B22CCD6E 739F1A0E
B43C38C1 92D82EEB F5D64290 A5407BBB
7E5BF516 7C87B688 FDC9DF18 E31F3A0E
66EC318B 9E5DAE8B E2ACDE5E 579F9ECA
A6FC32C1 B759ABFA DDDE4216 A440737B
6CF3849E 1E2FF3AC 159D520A E05D3A5F
64E076CB FE6DE568 84CC530A 45942ACB
A4E473CD A361A2E6 A86D59E6 9AB5964E
81663E45 5B7040DF FACD0166 D976834E
15260A45 1FF045CC ED0D816E 4B948A2E
35263B44 6F50455D C8EC79B0 0AA5B570
B142BEED ADFA5CDF E6BE5BA4 1929BB6E
FF623E64 ADBAC1C6 EF8F412A 497F9B4E
A1E23EEC 0728C55C 8CF62A34 F825E770
695246B6 BCAED5C2 0C9202B8 EC65F757
6FF3C7DA E5AE8DDE FF99027A CD65BF07
43EACEEE 812AE55C 5717A39B 75487B1B
DFDD951E 76A70362 1723ADD3 33E5659B
FFD5D534 6FB6431A 056BBB93 1EE16539
DFD7957C 6BB44351 57376294 35EC779B
5FB5F70C 5F374332 0D457AD4 10A5A75B
1557BE46 6D794D9B 05692FD9 54E52779
1DD3FF7C 55554439 57F562B6 75675B1F
6FFCF9A8 7E17D336 C17172D4 74E5D37B
6545DEA9 6D1C5919 0171BA9D 75A57631
FFF5DEBE 7D8E1F19 53245F55 C88F1A67
24D5E8C3 905A22FF 5BA743A5 C0971A03
011618C2 F37A3DFE 7B85B92F 72DD9A87
053458D8 CF6854FE 53EA5F54 1C8F6A23
6C95E752 98968A0F 5FCA5257 AC967A17
0D14C598 C9333F46 3FC11033 4AD5BB85
156E5B88 AF7957D3 59DADE50 941AE593
4ED1C752 9882BA02 11FA06D0 B4F06133
58C3C758 E1BB9E08 7FCC8093 09FD3B35
15461C38 A3325ED0 3218A5CB 9B2094D4
985620EA 2BA8760D 3A1EA18B 9A6854B6
DCF471F6 6BA07763 318AA58B 96E844AA
D8456172 6AA45F49 1E588CA9 9B99D4D4
8C463BCC 2BF0664F D797A4AD DC5DDCBD
72A639D6 09BA6767 3F9524AF 507D84FF
C10EA9A7 49BA6E73 1E4C08A9 0BD1B898
88F7AF44 D1F02661 9E1D00AD 4211FB9E
18F7AB44 59F02463 1D0D00AD 1B11BC9E
922F2304 45F00D65 E0FAF74B 0AB04608
D87324E0 8DACCAA7 40BA730B 9AB46546
5876B6AC FCCCD2B7 421A3103 0A309544
523E36A4 FEECD2A4 2316B75F 0EB62488
94322962 8CB64B0D 2287512E C877780D
88329795 8DE727CD 4315616E CC5F3004
1D2EA778 ED8C73C5 A0D2B75F 0AF8C5A8
14363061 8CD44A8D 9366B75F 0A10A435
1473B24C EDFE43C9 13D4331B 0A78AC25
563AB2E1 EDE762CC CCF6E291 2BBC2E5C
735E06BC 822CD966 C6F42295 0AB5A45D
335603A4 524C4876 CCE012B4 0BD9B0CD
23261B8C 5B6841F3 44B68A91 22F04E7A
63DC55A2 922ECCEE 82B48A91 FE30A65B
B3C81D25 F300CC7E 80FA12BA 1E58F419
9B2D171C 5BE08553 47F602D3 A8B16E1A
7B3D4DB2 989ADC92 033C12BF FC91E41B
FA2D8AE7 D588443E 807B03BC 5A13B4DB
E86993CD 598C2547 480C7804 D207CCE4
95D61863 B660057A 8D8A10D0 8CA575E3
C3D7D479 85DCB999 25C216D0 9EA1719B
57B3956F C2B6DB98 183DE82B 52D68474
A19C1845 96E00CFC 88CE1034 91274660
C3F0F943 B6051DFC 8D8A1EB1 AF096373
CF97FD46 1C928B80 1A1D68AD 52DE9214
A13019E5 17E0E0FE F88C28AD 508C96B5
E172B947 86E0EDFC 8DFE98A9 3304C463
C1539C1D 5794EBB8 6BC13BC5 DFCF9C8F
328E0B09 4B6C00FA 2BB6BB85 C9E58C8B
28CBD93A 4BE6105E 3DF7AA83 DC4DCD8B
4A8BE536 2BA6114E 7BB433CB FFDE9C8F
169C1961 5F2F02E1 6DB623C7 D5A98D8D
58C3D85E 5B670359 BDE0C1C6 C08DBCCF
4AABE9E6 6B3705C7 7BFB377B 4D7B01CF
D5F83B41 1FA7098B AC9A27FB CF710DCF
D5EA1765 5FA5099B CEBDA7FD CD7D29CF
94BA2964 7D2F0383 DBB7E30A F15C5B11
EFB9C50A FEA705C6 DBB7E50D F3D65AD4
6CD9D103 BEA38CCA 91BFC96C F24C4ED0
EAC9D157 FC83AE01 C9D3E33E 73520F14
77BB4504 DEA689E6 C9E9CD41 12D71EFE
52CD245F AC9CEEC7 80FA4912 D6515CF2
089BB156 8C592C89 63DFC238 30561E1A
73DB0F0E FCAD83C4 A07A4B32 36D71612
52CB0D1E DCDDAEC4 807A4934 D44F3ED6
20DB9F5E F8DF26ED 397A8643 1BA244E0
D27470F2 9148DA2F 2D9A2283 9BE284E8
D3D5E0F3 9344DAB6 49DC46C7 9AA6E44C
513568E7 D654CFB7 3E378697 1FE68E88
933CB113 6134FB69 2F278CBF 556998A9
8F9ED112 31E5AA7A 16D5C6C6 C0E7600E
043DE8C6 567CEF97 739396D3 5FF0C788
D53C791B 21A4DB7E 4EC79EF3 5DE938AB
55149EDC 7124DB76 67C5A6D3 C0EFA2EF
54B568E2 7036CB16 FFFF7FFF FDFFFFFF
FFFFFFFF 9FFFFFFF 010C0139 01050108
00FE010E 0128013E 01090108 01410139
01350114 01130132 010800F4 010F0124
01120107 01180115 01040138 01360119
010A0138 01320123 01050115 010900FD
01360134 013A0121 01310126 01040143
010E0104 01150133 01320129 010A0109
0130010C 012E0134 00FE0135 01090127
0134010D 012F0103 012F0126 01210109
012B0140 012700FB 010E0125 011D0107
01140126 012A0130 01190141 01280134
00FA0124 01320111 0123012F 0132013D
01390120 01320105 012F0148 01320129
012A011F 011A00F9 010E010E 01280129
01140146 01040133 01000109 01210114
00F7013E 00FD0130 01130119 01100136
01350121 00FC0125 175ABEDB FDF79D22
1350BF19 F3B59442 7744E73D F7F37C53
7F002AB5 1D339D08 38402021 03328D5D
29046231 0C7B694C 690CBAF5 1C202F28
A2EEFEF4 1C502708 EBEEF6E7 7C482318
EBBD7EFC 9FF17D1D FF7FAEF8 8DD9DFCE
32D6AB3A C495A78E E11F2679 1FF8650D
32A75789 5FD8314D 52828BE3 C44D81F8
979A036B DC16072F 16C00101 742E0133
10E08385 E64E03B7 5340DCFE E8BABFFF
40881CEE 2B9A45FD 6CD05DE6 083E65B4
1142FADF F7FFD6E3 B04A2AEE 08D2647B
ADF72C26 0FD8F42D 115CE899 C9959E46
14772818 9B938E44 E4756C24 8B82F60C
BD4779F6 2CA3C9E8 9C144834 1C2E413C
F4E6D024 DBE6424D 813A5BF6 EF06CFEE
AE3F5EF7 1E0BE3BB AEB5A238 FC87620C
EF3D9DEE 8D20FFEE EF3DEEFB 2F297FDE
AEBDEE6A 7C00770E E66F872C 08C8E84D
3E4D1BF6 840889DC 114858E2 D12401F2
B4E72608 0DD47008 BC7F3E3C 0E9ABD0C
05187FF6 E52497B3 E1E5B209 DB970211
EAE7A52D 99D3B206 EE2FFF35 2E7AA71E
A4F715E6 0A9030A0 249F18E2 8439F9BD
20E74CE2 11B425B8 2DFD21E2 02A0B030
0DFD69FE 93BB79FB 2BED1CE2 99B025A0
ECC73DE6 08B2F5EE ECBF3CE6 1EBBF9FF
ECE76CE6 183065EC 5A185B61 0569E9DD
DF021365 4461E9BD C99056F5 2F0A7939
06584B41 04A13945 8E113260 88012948
08901A70 3F24614C 4F035275 9CF2795D
DE821735 9E6E699D C8804675 1E6CC119
32713A02 8F7BF9AD 37296A97 CF3DFFEF
F22172C6 8F73D189 FE297BD6 9C4AC5BF
FB2F6AF3 FE4AE7BF BA2F6B97 BE1AE49C
2AC26CC6 680C04A7 28C2AC10 68148602
A06E3C00 2A0C0414 47183FD3 AF4893B0
C31A3ED9 2D38F095 C99E2619 3FBA701D
0A8AEFC8 0C100A00 46C42FC8 0D10CA0C
C3C6BF09 0D187A01 C786A00D 59C87A59
87D41A2C 0D06C34D 87C69C69 59437B14
0268C119 500A0302 0B00A0C1 61000E12
438AA4D1 E3A58606 E635F331 BDDB7B1F
E6A59235 3EC8690D 26A5126D 24A06BDC
F767F27D FFD7FB5B FE35F275 BEFAFBDF
EE35F225 3EEA7B5D 53124605 27435919
82885635 27C60955 80881621 37CB4915
51984625 BEC84909 C7981725 26DEDD1D
95905725 D6FF5D59 519A3275 BF5F030E
D2980721 BCD0F80D D6DA4329 C4D5BF4A
18924CD6 C30A08A0 E5BCC89E 910A88A0
E6BDB41C 99B0100C 18C278C7 B00A88B1
75BF7C8E F3AF9C72 F5FFE51F 73DDB416
1C022992 200402E0 0146258E 61149064
06D0210B 71359242 01FC9082 C1050E66
0918C9CA D1251E62 13F0A0DA D1911E02
E8FE5625 2F2AC11D 18DA1A76 100C8DB5
115870D2 51BC05A2 F2B77624 3E7A6919
F4B73E26 2FFAE99D B01070E6 36FEEDDA
94D80D09 E8148646 50D82F19 88158C46
121AA409 29309C43 C2D82729 2D70545C
829A57AD 35579458 4318758B 375015D0
83C01709 3F305454 CA58072A 85B05519
8A0B4748 04D85D95 893DEC3F EB9306C7
35507CFA C1F7C7F7 1CC258C2 1400C100
F17DFEFE EFBF3EF7 3D3DFE71 F63947E6
6EC20200 144BC108 4A39EDDA 63F07EC6
7C8FEE22 353BECE6 3CC20000 004EC008
00821DE6 200803E4 530099C4 F72863A7
5312ADEF E50EEFAB E982ED84 302042FD
FA21F07D D343FB8B 3499AE7F F4FEF79D
ACDA6D46 1802C8F7 ACDCE85C 4B89D667
E47DEA1D CB9FDE43 ECAD3DFA E8B421E0
EBBFFCFE 2FE6F165 2DFF8CF6 2D8160AA
EDF53DEE 198C61F8 EFFFDFEE FFBFF1FF
6CFF4EEE 9D2961AC A5FF29BA C88DD1EA
34F74BBE 9F1FD9F9 3DB91AF6 DC8D51F8
BD6FFA1D FB9FFA4F FDFFCC0D EADAAE6C
EDBDC40D EFE5674E 7C07FA0D 66CAF21B
B807C20D CA482A19 C8BDE409 D9E83619
5165E311 C4CEA35B B11DE319 44E82210
E11DF609 17ED3C50 CDC8DD0E A1DD5EF6
F57FFE3A FBFF7CFF B56DC83A EFFD5DFB
CEC28D00 2058C692 18424E17 2515E48A
7449DAF7 CFE5DDBB 06C28F00 6018C208
1A020A22 0612F8C8 5C000A77 865BE19D
7A1832D5 8F0A619D 88102215 1E6AE108
FA372219 4E69AB1B 2A6DB5C9 9D7A3B96
0AEEB799 5C12A292 C3EEB71A 601D360B
AFACEDC9 28177ECE 0BF6FDAA F9159EE2
03E7EDDB E195BEF7 B8D1E43D 3B6DC61B
A8F2E801 6016860A 7C24E814 F2529603
FEFF963D 1F7E739B B2F7EE29 0D39D64E
686DE818 0E93420E FF3DD6B6 9FEAF999
EE3F9624 1FC37D79 AC278A3C 1FD9690C
7D639B1F DEEFFE7B 344E0B17 FFCF3C62
1520E809 DBCD16E3 557A1B17 C9EFCDFB
80707511 4BAE0CF3 EC100410 49870C66
8C585C06 ABA3D4B1 AD394446 290A5CE3
ACB10C0A 291044A4 2054B010 02260402
787B6011 92930C23 7E3F3AFE 86DFDDE1
20D0A401 03200207 302D2021 03D70DE7
362F3AE6 8AB1DDED E6F7A429 31974204
E57D663D 8FE2C59D 353D9634 9FEFFDFD
277CE588 50915646 163EE91D DA9BDE42
1F1CADAB D9389666 C3B6E139 C25F9652
D337A3BD DBBF0E53 83D0F49F 5EFF5F33
4241A328 54168E06 4300E3C9 561E170E
43C0A6EB 5C740787 BC3D203C 09B5744C
B67D2538 99935C4C 175229B3 C02184EA
B43F2034 9BD3F868 36614025 A2C46838
176279E7 7206C1B7 BF6F6024 9BB3F86D
3BE25D66 F8AE492F 4AE3FDC7 726CEBB3
ECFF5EEE EFFF79FD BDFFCAFE FDD53DFE
F1FFFEFA FEF5B7EB AC8DCCC2 8B80A9E8
0DAF88CA 8DF13FC2 3BA7FEDB 9C19B7A7
0A800FC2 040281F0 4A925A10 1E58993F
4A82F250 16536413 3265A1C0 3004A22A
F82F3726 76042029 A73D4726 BEC37D7D
7265A381 6044A202 F9423022 6228202A
E1183F76 274B6D7C 3265F1CB E015A202
F06732E7 26462123 C11D37F7 276BF9F9
3E2D2C0A 2131D044 1629AD8B A1109086
311234CA 291190A0 1C42684E A033CA25
7CC2FC4E 2A9ECE27 3D86B82E 7B9EE430
3CEAFCFA EA36273C FCC7EA70 7ECEA616
3DC6B8FC 7EC4A70A F5BD2528 B3B37C0C
FD3F263C 29B1EC4C FC2DA230 AACA624C
FD3D7F7C 3E71E44C FF5D8B31 AFAEFC48
ECC7A412 69ACAC21 B95AD9F7 BC3B7DF9
018859DE C94E85F1 08825CC6 E14488F3
71DADCCF F3775EB7 38C31A00 337908E4
68803034 115249F9 70D226C5 F3774E36
E9CA0036 1B794721 E8083EB6 1B216AED
31D83295 BF77643D 30D91445 3F716DFD
690B96E6 5F636BE9 BD3FE919 48F6B657
3D1EFD9D 4E168646 3C0A28FA 480487E0
FB3FFB1B FCB03E4F 6318BDDB 5E7A3FF3
0C10BEFE 776843FF 6A27F718 F6D8BF5F
4250F747 76DC81D7 0080DFF6 766A01B3
F114B0A9 F337262E 714A36EA DD2717B6
68CA1EF2 1F664DF5 10D0A049 D2742623
F110E538 51654133 E968163C 7F2370FD
31FEA0F9 5B37A626 B0E5F038 1FF54521
E9AA263C 1FE37575 A6A52100 0090E040
A7EFB9FE 54BA7EAE 317FB8FA 7DB777EE
0684E000 004CC041 61F7A095 5384589E
3819F4FF F17757F6 06838300 248CA808
C3C29308 56A60506 6192F2F3 76A71FB7
5A287BC8 16591233 2F823FCA D45BD8C3
60A6A303 4C58B279 2EA4E840 1107A474
4C862880 58048840 09860800 490CA460
EBADD264 5FCD6FCD CCA05A64 5ECE6FFD
81A25AE5 4EEE27D9 23D7ED9A E0BD1E02
2319E98B 60308E22 9B1ACBFB E33FDFAE
AA4AA9A6 401157AA E24858A7 476ACBEF
DBC0DFE7 456FDBFF C5405BE6 0E4A45FB
E9025BE6 4F4AC9FF BCC25FF6 447AE7FF
A0C10614 14890938 C08A4516 4F41599B
C6824315 C448DDC9 A0C11224 DF272909
C3C00327 7C70658C C6C24367 C65EEBDD
F39112F5 1F7A799D CA0313E7 0E6A6999
D3135BE7 8E4BE9DF F77DCFEF AEF7B9DB
FE3552E6 2FEB395D E6915665 0E4AE919
7F7FFFCB 80991CD3 6E3F2412 88BD8844
6EF50601 88E08004 376FAC08 C1941640
2F65A510 10940040 A67F0010 02AAA805
02C0C105 24200843 0AE11000 40220147
4030C201 67EA0846 5AD0AEC7 E117BF52
89F5E643 6150221E DE33B601 24399E46
9156F2D1 B7573E53 C14FBED1 F7D5BE6B
5548F351 E4FF3F53 1948889B 410392E3
594A1B25 454E5B66 CC481305 0F6AC03D
111ECDDA E20F1AF6 FC6B5E33 68686A1F
CD404A35 0F02C80C 29F5ED9A F01D9EE2
A1EF8DBA 7B24AA2E EDD0CD17 AA4FCA1F
06E8A802 6CA40C70 03FDEDDA 70851EE2
21E9C90A 70850CE6 87D94733 A3E81C47
B8FBA5FB 61F034AB 205A6CF3 23E7C4B7
DE194A25 2EFAC11D E8117627 267A8999
68587623 276AD995 762D0128 C0A02A46
766DE0E8 10700A46 7526A6FB F5702AE6
F679E268 86826344 B4A3B6FF 7F52E38E
2596F6FB F765EBBF FC31B2F4 B76E7B1D
FD87FECF F46ECB9B 68C2B65B 722D3182
60E18405 A2502050 B57FF79A 3FF6FCFB
F73FEFFE BFB5F7EF 02E00001 10408040
02E5910A 0CD8B4C1 BF7FFCF6 FFDFB7FE
02C01008 0A848000 F2F10010 9AF65400
F97F9EF6 FDB175FF 5B0AF399 D7551662
0B68A119 D0151652 032EB119 D8959642
DEFCDB19 CEFB9FD7 1BEE930B D8381256
DA3CD319 DF671647 4F38DE24 AFEBC355
CEB8EE2C 1E7A051D D8385E20 2F4A4795
F48DDAE2 4D7379EC BEE541E6 BE6FE3BD
ABA719E6 570273FD 6B0D89CA 54626BEB
2A6585E2 544EE3F8 6B2793EA 564333A9
3365D7CB 50253BFF EBB797DB 77AD3AF3
2BB789DA D18D72E2 757D3EFA F3DF34B0
F53FBEEB FCF335F6 B53DFFEA F9CDBDFF
B5770002 86AF2024 B47558F3 44E53C77
257D09E2 D004ADE2 ECF76542 C640A8B0
ACF505C2 40E4A0A4 C4B53DF2 40A02CB4
66E5E518 10046644 EE7F727D 9FEBE91D
FC1D5EF6 8FEFF9FD 03E5E508 50143656
A72F407C 9813E155 AC1D1EF6 8F8A79FD
02F4A188 51141602 0C65A0D2 D91102E6
AD7DD8F2 8EA0EBAC 1318A309 C559B243
E537A301 8769F15D EC254225 8FEFE05C
5249E309 D64D375A 2506E220 C5CEA968
ADE72630 A0846818 525AB619 676D0212
64C02600 740E983E EEF52420 B1E0680C
08900942 000480A0 0AF02C08 12002404
FD7FACFB EBCD36EF 08900840 020D8900
7E0038E2 11A320DC B55E3AFB EDA03FFE
FC160CE2 2FCC79B9 F5791CF6 EFC12FB9
B57F5EFF EFA77FFE 42005DC2 075C01F1
534169C6 855455F8 726319E6 941755E8
5B21FDD2 670A01B5 3A35FFD2 372310A1
337F2BD6 F7C57DF9 6EA7A400 32482852
FA257711 7060A086 FA6F3ED0 37CD789B
82901404 1C4E4181 CA815645 37EB7930
FF3B03F1 F6FFF9BD 4AC05200 93610081
8A6A06E0 7A89E884 FF2F1FF7 FAB5E7FE
4B825856 134C58B1 FF6B1CF6 BEB2F9F9
FF7F4DF7 78FB7BFF 45CA5D0E EC140DF2
45C11F0E 8C7198F5 8240082A 1D7955B9
05D26FAE C93E88E6 15D21E6A FA7FC9AB
B0080A7E 5E2941B9 1CC24FEE C645D9AA
5D28BAFE DE4FD9EB 7C2B5AF6 DFCF71BF
ACE54400 BAF16C4C 7F658C8A FA98465F
7D41DCCA E99C16E6 FCFF6E30 0AFFEC1C
F979DE97 0B6ADF9B 59025ADE CF7ADEB1
A5B84C2A 89914C2C 05DA0C93 49268E2C
05C858DF 49588EE5 A6ADA62D B085F84C
37BFACF3 F2A465AC 010A3AE7 F32BCBF2
FA252C25 0AC66109 BC093CF7 2C4A6999
500878F6 056EC3B8 E80F2CF7 4FC26319
180D7CE7 0E5A2BDD 0506A9E1 403CEBC6
CC9A5E35 4FDFDF1F CDD05E35 4FEBDF1D
CC9A5A35 8E4BCF1B 5812E60D 64F91F0B
4110F61D 673B171B 5950E60D 67FB1F12
1300A209 F5F59E42 0348A509 E0908246
1148A319 F2BD0642 35EF513E D0EA7070
35AF032A 93A260FF 3139122E 17EB48F1
A6B70610 F0A4EA0C A5800C53 3420A8AC
11501BCE F12081A2 EBF3EFF5 6E64FB0B
AAD2BE77 672EBB8E D6DE7BF7 766DBB9A
B83E1A15 8FEBC039 FF3DAAF3 CB89B0AF
FF3DEBF3 EFBDF78E CB005E07 0E4659A8
BA31FF93 3E70D9DD BA3FFFB3 AC7BB5BF
0A827107 924E40B1 4A804587 527A0893
4AC2B701 20708082 B99F2CDC BF331E2D
B8C628F6 1D13C839 B8007EB6 8F53B2B9
E1C4BCAE 5F3743AE E9A89EBE 5E434EDB
290EBCE8 3C0323FC 20C630D6 59210C3A
2984A0BA 7B251232 296CA698 7D011E62
B1E741E2 12F961D5 E4A75876 8AFF7498
F5ED4E62 AFDE7109 E8CFBDBA 40E801C2
3CCCAA9A 879F1C04 F4ED3E3D ABD9D62F
28E5C1EA 4098ACF7 C4C7E09A D5949C36
F4FDAA98 D9951433 EEAD4120 08BA601C
A665A108 1E3A3C16 3264A108 50BD0E42
AEEB5534 0BF27900 6AFFB718 3957AEDB
53E6D119 F1FD1ED2 EEB75634 3FDAF91D
EEE77615 BEDBD919 7AF5F718 70EDFE93
0C101801 19028034 2C04C82D 58A22033
D73FBFFD F7DFFF9F 0C80080D 11214921
C726888D DACE3253 FF7FFFFF EFFBFFFF
08804A09 19674004 C6B5A99D DB84320B
FF3FFDFF EEF1FFCF C4986526 ABE7D1A1
C4916224 BFD7D8B9 BCF3240C 2A95E44C
46C87C46 2E4BD5A3 E6981E04 BB5DD0BD
A1EB220C 39D32411 94585A2E 8FDBD5F1
7C4A573E EFFBD5ED 65E12008 B9955425
B93DECFE FB377EAF 3F7FECFE F97FF7FF
6A87D34E 0CCAA2B8 F97FBEFE DB11F7AF
3947DEAF 91A9F1F8 0AC24105 008C8058
391D0C0C 19B24C69 86C00500 088C8849
C6A01501 62C44841 3669598E 18905CF4
3469491E 0A9A54F5 346D080E 18B454E0
307D1D2E D9F3EDE5 D071FF3F FDFBF52D
1F62893E BCBD55FC ACB76DF6 7A9CE5EE
EDB7FF2E BDFE4DBD EC270FFE BEECE5AC
11E88108 C19D02C6 F4AD121C 89D36044
FCAF1234 8EFAE15D 33EDA148 D0343206
62EFC518 2B526055 ECF14E34 2DC2C9BD
33E5A549 70342246 65F7C76D 32662B01
EDF3163D 3E66E909 4CE24B34 1A6EC97D
F4602A35 1AEE4D29 35687227 DAEB5F77
06925D34 850ECDBD 65983C20 86C90930
F47AB431 16EA071F 45925D26 AB665DF1
05984C35 E2AACDB5 019AAF33 E1A40762
0280A509 61140602 D6D7F600 3A964207
FDBF5275 9EDBF95D 03D0B749 607C1E17
3FFDF404 28BB6617 FC3F1215 1EFBE949
4AE6F509 58781E53 1E2C7108 90F91655
BC3D6234 8ABB485D B9A7A558 70B42602
F5575635 26FB600A A6550274 0448E59C
1BE6A1CA F1952E42 039B415F 6214B8E3
C4985366 0FCAF99D 03E7A5CA F8342E62
84CA59FE EE9CBDE2 C7FD5BF6 8FCBF9FF
FFE7F1FE 76F53FEE FAE5D3EA 749D7FF9
B2E7FDFE 54B43FFA 27E6FBFA 18EB0FF8
1665D31C 525367F9 736593CC D60A667D
05B8C92C 9B8A43F8 47089108 51C84248
17348108 D9E7406D E7BD3639 31C5780D
A42D2400 A1E4B00C 71270001 41A02200
E73DF709 62FD660F FF6F2400 C09BA658
1E65A108 41BA2A42 F63FE509 52F1FE1F
3C65A008 50102A06 5A63A008 50160A46
1348E309 D51FDF4F 1348E31D 5ECF5A47
136AA319 D5EB9B57 71CBB71D FFDCCF5B
53DAEF0D F7C8CF1F 93CAF70D F7AE4F4A
0292F709 66780757 42828705 76FE0613
C2938701 767E4F0F D892DBF7 46EEE39F
DAB0DBF5 466E679F D8B4D251 7E6E6B3F
1AB8C9D3 40C9A787 83BDDBC3 083FB793
A0BDC411 1F027B15 9B1B8FDB 0DBCB786
BB1FAEDF 0D12BE86 309FB619 2D45BC88
0D408C93 40398606 1F58FDD7 E290DFB3
1FDAFCF7 EB10DBB7 C424C805 0092045C
5440F1C5 20EECEF3 5DDAFCF7 BAE8DBB1
24250024 40840C6C 3567E0A4 C2A9E127
3539B0F4 EBEBD9A4 BA257116 32F46049
82652108 101D3418 A23D0108 0870645E
F8E7630E BABFE4DA CA6FAD9A F955BC6A
A37D491A 8919B444 FAE75722 2EDAEDCD
EAE51FE3 EF55EDFA ABFF1FF6 2F31FDA8
FC1A5AF6 0F4BE1FD 510058E6 860A81BE
0182A4C2 604427A2 A41F1E74 074A71F9
1522D6F3 C00C29A2 51B7F4C2 F1543672
FCFD0A32 0CEB797D BFB7A1E8 F134330E
03E5B1CA 7094B202 23EDA409 71343612
FE27E129 16476686 FC2D1274 9ECE69FD
73F7E5DB E1343683 A2A7E408 1633EE83
BC211A74 AEEFF9A9 33FDF5DB F11C3692
2BFFF449 6237E6C7 FC7F1224 BFDF49FD
53085BD6 1DBD1DF5 320839C2 9C5005F0
34897EC6 AEF2DDED 1B183BD3 3DF515E1
720B65D2 38B48DA2 7DA3EECA BBBEDDA1
7A197FD2 2DF19DB3 3E25B7C2 6B7E1DF3
7EE336CA F650C1B7 AD861CF4 1AE2AA29
FCC610F4 0E4023B8 D4040974 0642A75C
CD9684F0 77ACAF3D C15493EE 74422FF8
525C1DEB 40482FFD 85D6DCFA A12DB32C
055083EB 702C2BE6 155894FB E32537F7
4898AD01 08268C11 CA90EC00 083C8400
DA9A3811 0A308601 AB840131 39547808
E2862EF5 24426B08 DB081BF7 C66D7BFE
FB266BF7 7FDB7B5F FF2D5FFF F7F3FFFB
FF05DBFF FF6BFBFF 07C04983 604C92F3
46C05908 06C88040 F77B3728 BF5BF91F
07C29943 60C482E2 E37B2528 3E34E807
B97DAE78 F9157B8F 4368A309 62DCEAC3
F87FB664 BF73799D F90BBE76 377B69BD
8AE26001 0B440C91 BFE52409 09B4A405
BCE7A418 A8B1B404 ECB72619 2EDC3895
E7FFE618 89FBA054 A6AD1008 D8DFFC41
CDB75618 0DD13048 E47FB244 6C93244C
757D7255 1EC73C51 11B7A50D A9A53616
F76F2500 3AD5B400 FE292205 0AD9F801
646F0011 81D73C05 EB6D0514 A8FA6019
EC435005 0DC2680C A42D4011 01817000
E4655011 9380E00C 6D001625 8B27E819
0250C5C9 71671613 D3820DCB E710BAE0
BE854BE2 862DE1FC 43F4F5CB D1353652
F7CF8DEA 4640A244 FC7F5BF6 864BE9EC
03FDA5C9 31351604 21E7FDDB 10002245
FCCF1BF4 064AA95D 2365B508 009D2400
23DAACCA 711414A6 0BDA7CDA C2159CA2
E6170231 95AA205C 420414B9 90012060
454A1CFE 8109D9E0 FC395277 BFEEE9FD
F4711775 86EAE9FD D47803F7 D7EFD9FD
BC27A00C 9923EA2D BC67ED2E FB13EAEB
9F18499E E98CD2E2 F860382C 3B634B3D
FD20FC26 7B8C4AB4 8E38F9FE 6AC8D7F4
FD04F82C B96A4BBB B92EFC17 6AC84E33
8F0BCD1C 6A885ED6 7D7FEEAD EB35FED7
DD7FFEFF FBFBFFFB 177FFEFF FBF5DBBB
C2CCBF29 9971FE42 C325ADDD 9F315CDF
570FADFD 9D51D1CA CA921730 1EB8C44D
8A02113C 9EDB6D5C 0A401F3C DE5EC179
E0983635 8F0A1199 15906CA5 2F284946
11C208B6 4D0CC1AA F28F322D AF76699D
DDCF5FED 9E6CF9FD 9DDA0FE6 BC4D7198
FEA53E6C 3EEAE99D FD377A6E BEFEE5DD
FC3F6AF6 BFF865BD 43585655 276BD9D5
831DE619 A7F979D7 B23DA709 F5713A5E
4E52BCCF 265ADBF3 0D6FB08B 165A2A53
727DB119 C2B92A46 0BE2FCEB 503D0BB6
3967E9DB D01523A6 3367E1DA D0B42256
12400001 08200004 02602119 48208000
0364A118 51943602 0A286109 0C408080
FABDE70A D8DF6486 FBEFF7CE FBF97FEF
EE111E2F 1FEBD9F5 EFF7FEF7 BFEFF1FD
FFEFFEFF BEFDFDFF F4D25626 76FA7DAF
F5FB767F 7FFA7DFF 95795BEF EFEB6DFF
DA826137 66D0DB1B 7AB3674F 2672569F
F993E13F F7F89757 12808108 10340600
02808189 50141600 12C0A109 51100642
ACE7A408 18312408 22E6A408 51911602
12E2A98A 50119C82 EDC58008 09B9B80D
9FE19411 D3E92667 1F4250FF CFCB9DF6
D559DE37 CECFEDF9 F9DB5FF7 CECA5BBB
FF735EF7 EECBDFB9 A6355104 02B9F0DD
F23D51F3 A2EAF1BD 521950D7 313E71BF
A76D0100 E8BCA008 B23920F3 21A0B19C
025A59E6 352011A6 E27F2331 43C7F10B
85BB1C17 A7CFD18F 4BDAF6F7 376BC9BF
F2F7A718 3B957C10 F7F5E718 BAB57C10
FFB5A719 39F33C4D F5A52320 BBEFE06D
F567232D B4FAA44C FD7DA301 B880AC0C
34651204 329A6038 342D6005 33CC2819
F4253401 26CA2804 743BE335 9FDBBD5F
FA04E715 8DCCD01B 40C04701 1664400C
B43FD375 BDAB3D4D C0865521 0CA42148
C0C00709 04678198 DF3D537D BFEFFDFD
00100769 456035F9 42921F69 646B11DD
0978A616 E1B31067 157EEE37 E1ED126B
0739AF96 81B998C8 2969E686 F3C15862
254FAEF7 67EA3A76 466FAF2E E6A00AE2
754DF686 F78A50F7 656DDE66 63E950F3
756D9D06 E2EAD8FE F77FE538 6FF9665E
F5AFE438 3EE96E4F ED37A328 7E9FEB5B
A5BDA709 E1D7B64F E6B78309 13D06E4F
BFB7E30D 4676EA5B F67DA318 81B1344F
A2FDE619 A9773E06 FFFDA409 F9DCAE0E
F51B0337 8F6BF9FD 122F0016 0F986D4D
EA3D4200 1CF87E5F 18985AF6 8D2DD9ED
4BF202C6 C9369446 C98F10C2 635A2453
08D27EF6 AD67CDB9 0B826DC2 F11484A2
2B8025C3 705406C2 4A1856C5 A723C991
CF1B5745 A564DE80 CA393705 A72F4D39
8A585EC3 A5611DF0 EB7D6BD7 3FB93FD5
EBFD4E31 2B6DFDDD 2A3C5CC1 3D3115C1
AB7D79C1 293134C4 AA1D2953 2971BCDD
3337ABFB F01DB672 111A89CA D11A10E2
00580822 592208E3 FBB7FFD2 E456EF1F
F8133817 224EC92D 70581802 0B1190FD
EB87CFF3 26C4E38D ED87FF7C BE4AE999
BD025B74 8E48E1D9 0B92979B 51071E72
0B92D79F 424C15E7 8FA25DFE BE20C1BC
62F9C0DB F5751EAF CE82D59B 7D324CD8
8EB3023E BEAEC99D 7E3DC3EF E7FF7DFB
BE3DC3FB F6FEC9B9 3EFD1226 BEF741BD
4B485AE6 966B09F1 51401FDA 544E0BF0
3166870A 555E2251 08581EDB 170203A0
5B66CFCB 551FA7C2 BB7F8FDA FDD5265E
0D9A4EFA BC6D9FB0 9FF5A79B FCA5B626
FD3FA799 FE83364E 030841C2 415205E0
034A41C2 010414E5 024859C2 800A1CF1
866A19CB F65C0DF6 17EA5FCA 74BAA5F7
D4D052C6 FE2A08A5 D7B37FE3 FFF6FDBE
F7F31EE7 F77FF5BB D6F37FF3 B76FF9B9
1B3FB1DE D9B5BEA2 03B9A5DB 48381EE6
095AF5CB 613016A6 FF6F69DE 989BEDFC
32C735C6 98940CA3 61C015C3 215094F0
B17F5AF6 FFFF7DF9 32F750D6 B0A621B8
0CC054C6 200A08F1 A6EDA9CA 14143DE6
74EFB8FA F0B637E2 24EF88EA DF953FE7
DEFDF4CA F17272BF 95E7BDEA EB93AFA7
035CC9CA 4662A3E7 F3E7B5EB F1B5272E
32EFF9DA F06C27F2 2B4CB9EA 486C2FF2
FC18F8F7 5E4BCFBB BE5AB8F6 EEEAD3BB
FC9378F7 EE6ED9BF 031EA998 40551E43
A771E8D7 C70F9ECF 4F823CD5 F34FD882
02CAED08 51010642 0B80EFC8 09051E12
0AC26DC4 10001200 33E7E3EA F435235A
828D83D2 E4D6B7C6 CB9DD7F2 67DAB1DF
F3E591E9 D41F2746 8B9583F3 55383F46
8B9FC7E3 3DF9BF8A FAE7B3F0 D6F4A70E
6BE5B3E0 DED82F1E EA9F96E6 BFF9EDDE
E6B50231 3FEA691D F23DF2BD DFCF6A4F
317FF2FD DFFF7FEA 0E923565 3E60C305
FB359529 BBAA4185 B73FE23D 93CB76EF
86901D49 28AC8010 C2801D49 7A28E680
E2BDB119 B231EC07 1230D341 266D13D3
F77BE7E6 666E71FD E438F620 376D707D
5E22FA45 364FDB91 54423284 E76BB19A
5352A604 27663018 0CA4F001 30210804
08C2E004 E20D8200 0AC07100 60049041
C507862D D7735869 4D80162D 05504179
450256AF 477A5159 0CF20005 DF67D37F
CDB04110 DACFC13B DEB2500D CEFEDA12
33B9FF1D DF4DD68F 33BBAF1B D8C58696
D399F71B F8CF8E97 D2A8B3E5 9735619F
F687A724 FF7E7B9C 86C7B7A7 F5348B8E
9231B2E6 7E74EB0F BAB7A522 A11CEF48
2AD3A541 70148686 7A37F051 533A321B
3A05E090 41341E52 0A08A011 40100202
E15F97E7 BB707DED 8F4DF7EF BFDB7D7F
C71D5FEF ACF9715F 50C01067 B67E8139
58424324 36F48151 D6204224 A4B2315C
12E29043 E03602A2 12F2E032 EF940222
B2E5A001 F0940206 4B92F695 674B8A92
581AF6D5 60631B9F 5B1AB3F5 F543DB1B
C292D205 34CE5999 489392C5 62300D8E
191A4BF5 E625AFEF 4280D70D 747C1A02
82C08309 7030074B D1CEC3C1 46FF2F5F
A3DCA70B E1B43822 44FDC601 C1BD1642
02F9C601 57334A4F DF77E317 C698F252
A3F58317 C87EF67B 4191A683 53D7923E
FE23D3F7 C6DAE35B 5B73F397 D65EE30F
50F6B213 D7BFA013 AC3D51E6 80AA61F1
FD3D58F6 0FCBF9FD F43D50A6 1EE960F8
65B74588 F0AE21A4 27B704F5 8AE269E4
45BF11C8 D7AE21EC 71E785CA 71B43296
37E7255B F114AEC2 17A58DDB F13CBEF2
FD65513C 1C9A695C E46DD46C 1DDE71FD
E5FFB52E E8FA7959 AAA72118 1A906B48
6625863D 48B7414F 373FEF1D EED8FF53
ABE7F51C 10DD205A FEA7411D 96FDCC5A
F73FE11D CAFFFE4B 37EFAD18 D095B642
02E7A118 4100A604 06004111 1482C406
B3EDEF78 F5FD374E B5AFC328 0E98FE58
0E924334 0C0C411C F3FFF76C FEF73FDE
F6FF7E7D FEFFFDDF EED15B34 AEFBF11D
1B52E9DF DD46C6AB 111809FF C801D7FE
291A1CF6 C921D1A8 9361D389 FBFBD21F
A07309AF 9BDB4AEA ACE91CE6 082409AC
E2E5A409 FB9D1A02 EEA71C1C FAD07E0E
ADB91C24 3AA8489C D2879605 37F22211
7B08D1F7 25DA3ED1 5E187FE3 66D89B51
E0850025 13EE6418 42005134 07EBA56D
570A5DF7 A68E95E1 D0E40621 D3A62018
10802201 91C40804 15004245 C13C1105
96FFFDFA DEBDA79F F7F7F9FA DCBE27B7
F6F7FDF8 DFD637BF 5ADEADD9 8BBDA786
32FFA9CB D975AE92 BB9FA5DB D8563627
8F96FFF1 04B9920A E21CA3CD 0C33B00A
6B1CB7D1 DD21322D 12485EC7 2F7895B1
52824CC3 701D8CB1 1CC05C43 A20E88B3
5F1818D7 10701DE0 47185BD7 6ADF1DF7
4DC05EC7 B2D78CB1 115018D7 114F88D5
155850D7 9D311CE5 4A185CD7 211B34B0
E43F7E3C 0FEBE9DD A6B52029 28946908
2FE5E418 E29A0202 F63F3B7E 0FEBF9FD
3625B02D 9DDAB91F 55E7E418 EA9C1A33
E53D7E75 0FEBF9FD A62D692D 1CB54D0C
24E5EC28 09940406 F73FFDFE F39B37FF
361F59FC B07B1FF8 028010E2 3024C1B0
A73DFDFE BBD33FEC 66D7D9F8 8021EBF8
02809840 100CC130 E73D4DF6 B6FB3FFA
26BBDD71 B02EE19C 4282A860 1024E0B4
BBB7BAF6 120EA388 3A95A9D2 724EA31A
3A9EA9D2 C0028292 39B7EBF6 F42CB32A
31B7ED13 66E68326 3398E8C3 E52D83A6
EC01DFE6 76EE51AB 6C015EE7 66EA49BB
79017AC7 674A41B2 AD3F463C 2DB95C5D
97415B2C 84FECD4C 57E0E9E9 C0948F4A
C7094F6C A59BDDE4 D6014B60 828E8D58
56C3BBF1 448E8604 44985F6E E1ADDDF9
07924BF8 C1FE91E1 1AC0C9DA D0948226
B1F7B4AA F3A727FE 356FF5CA F1A42EE2
37FFCDCA E0A486E2 B8C5F035 0D42601E
27F5F097 2262D2D7 C793FC93 654A12C6
6CA65024 0F6B6919 ED825014 01C0C010
4E924D16 03489051 FCDF3BFC 8BEFEDFD
7DDE7BFF 9ECFFDED FF5F3BF5 8EEFE5D9
BC966D60 2FA4E0E0 4CF54348 15AD3CE1
84EC6211 87E77455 ACE72510 30B02004
2DA56508 31642C04 EEEF6708 018D3C04
DB285A1D 1ECA8891 08A89CAF 0EFA1591
4BEC1489 2C288995 DA245135 9E9F8A15
7B6F85FE 3CBE97CE 0B3FF56E 393407C6
9B21C315 8C85BA5C FABFE751 3D0F9341
81BFF549 39219F54 4A1A5F1B 06628497
8B095A1B 864E48D4 410A4248 5AC62CBE
D3BBBFDF DF1C3283 7A0F9EDA 971D49CE
A892ACDA D0BE06E5 D3D1068D 9F727115
C3C2068D 955BB8DF 01420C89 11170693
0F67D72B EBCD5EF1 4DACC71B DBCD4EF0
0DE6D6C9 FBCD52F1 55694F2A DA8C69E8
15E5118B DA2449E5 61EE9668 59E763EC
D43D032A CEAE6D7C D43D80E8 98AE6BBC
54F990E8 5B276AE5 013A0137 01360147
01350104 013B0138 01370105 01460112
013600E5 01380117 01150137 01060137
01340121 01370007 00FB0129 01040142
013F0105 01020157 013A00F4 01390135
014D0192 013D010B 013F0139 02410135
01350103 01280144 010300F8 0148011B
011F0139 0132010A 013C0107 01340141
0105010A 00FE0138 1F7EAE1C CAA9E645
B43949E5 2C499CEA 532D2F2F F185E774
69CACA02 96EE2C5B E0C24A02 16EA1DCB
CBEA4E5A D4E72B57 5F3FA715 EBE06656
A00DA9E9 A88891F8 33BFAE3C 41856374
A03FEA50 ED411264 183B0ABA BA2E7246
5F88158F 1A3EFCCB E0D7EE66 3D458D35
A03EFA98 47481264 0F385CE8 CA2A525A
DBC1A537 D1756D7B E1C7A906 B51DADB3
A23F4A59 45101160 0C7640C6 6C320643
70A12D94 B334390C D3833DFB 50D5213C
0C7EC2C6 8E215E83 3A5CCAC4 A316102F
C3A32CBB 510DB134 0C7E8284 EE324E83
3454E386 2B335693 D3A13C3B D155B134
8E12CDA3 1A0987D6 1E30DDCF 12309796
8E1A9ECB 1A7295D2 9D5A16DA A7620833
E9CDE2E0 C56E68F9 61ED6030 ED4E6869
60AF211C ED8C7069 70ED2314 EDC5726D
70EF2314 ED0D7A64 8E5DEA62 372FCC72
BADDEB67 670B8CD7 CA5DCB31 E7AFCDDC
0F7FEA72 330FC752 A3C89BCE 7729865F
93C88B9D C7CA85DD 777B4EF2 370DA970
FD6AAEAC 932AADE0 E1EA8E89 D78AABD8
A6FB387B 556CD3A4 A004EDC1 BC4BC9CB
5D7A9236 2A332613 D3A52D3B D1CDE13C
AC135BC0 3C9CDCEB 5D6C9616 8A326657
D3802DE5 D10DA9FC 261353DB 2E2E5CA2
1CECE68C EE127641 263B1BB5 05398324
AC4EE040 F91072CF 59ED8536 92F76DF2
59A48597 E2F66D92 E6335BEB 170BC128
9C4EEC00 EBB1724D A418EEC8 ED50125D
19AD8116 A3BEAD93 E2137BEB 171E88A8
D884C1A3 B23EECDB F2E1ADBD 115FADB0
A67B7E49 4D51933C 2D1A72CC ED505264
1D8CC442 EA3C7ECF D2C38933 137FADB3
63F51BB7 161FA193 A0337AE8 4D005264
1D8E245C E8325F4F 374579EE 254499A8
1B117CB8 F12C97A6 E3862DA9 512CBD36
5B6139BE 25458B8A 6B555CDF 3525B324
DBF60D0B D1283104 26D179E1 71658928
1BFB5872 010DBB26 43EA0C43 D10DB06A
A2426BE1 144EBDCD 5DEE8E36 C2222657
8A43EAEF 3D6C99E2 A78159C1 3C0AF9E8
5DFCA41E C3636215 AE1DD9C8 3D0E99FB
A0A19B71 CC8FDDA8 59EEA41E C3216317
A61343C1 2D9D5D8A 175FF8EF 1A20A677
1F5A9DE3 1260AD5A 5F4A57E4 5262A3D5
347F96D3 1BC1282A 5FEA1690 13022828
3FEA17B0 978229A8 A0EFB692 B9450822
65EB9690 9F4425A9 FDC7D794 CFE721A9
9EC89FC1 D325B99E EED5E937 E5918D34
E077E878 6D85122D 9F689D89 0340E398
9E40E5E5 D5F9CBBF E2F5A973 71D58536
55AB1C96 03626CA8 AF8899ED 56D0AB8C
9E51FD21 91E18394 A45242C9 2D0816C8
D4CDB79F A21AADDF DBE11C7F 51250334
A6334BE9 174ED4E2 E41AE3C8 AE1ADCC9
5BE49C36 D1E56336 88A60D37 D1279B76
A45BF3C9 2E1ADCC9 5BE4AC36 D0F56337
D1770B1C E2FB2D79 E9F60A0C C2FE257E
D3E63A21 C78AA555 A867CB35 9BD38775
F257EF21 3F928DF5 A657EFF7 3F538FD5
AE41FEB3 3E608F86 AE5AFEE2 1E408786
8D6052EA 3E628F8B E8F6A672 98F36F3F
A064E2B8 B8CF4731 F846E2EE ACF206B5
70E70516 D893723F D877A69E 38C57236
B053E3CD 2C0A16D9 5EB70518 C8AB7243
5236061B 78AD784A E23942C9 288AD6C1
B237AE9D 7981837C 1335AF15 6991B574
9E57A7B4 A93137F4 ECC2C272 9E662FB7
E8CAD262 96762EBB E8EA5262 9E2E2C9B
41E941CB 404D584A 573D2D9D 4049D060
17182D9D 6008D049 0C384C7A 00245226
13015DCF 114DEDEA FA872015 B54CBBF0
13046D4F 714FD9C1 FBD1118D B72DADDA
E5F6A330 CE32245D BD81ABCD BF6B8DCB
2D628010 CE320675 C4A6E660 4A13501D
7495C187 C84119EA 553185DF 8820706B
0D3285C5 18443139 C934C14F 48771BF7
4184E52C 68701375 0D3180C3 086E197B
A924E16F 606E1757 E304E1C9 E85C1FDD
8D204070 C8CA3757 F6D52D8D 698BA959
9E53A316 BA304DDF 8D70D2F2 86265617
8C728262 9E300696 20EAD278 07565634
E38D6DCD 450FF069 42AC4A79 164E5038
F3852D8D 794DF9C8 1D130BB5 E970BBE6
9F385FDA 33209942 AFB83F8F 07829D8D
B31DBBED C7A297DE 9F3C5C8A 1B8893D2
9B88FDAF CBCA97D5 C10CFDFD C3AA83D5
D31A9CFE 3B8823D3 C128DC8D EBEABFD5
F1ACFACB 4FAAB3DE 8B3F4E5A 13BBD052
C33A4E0B 13AAEDDB EB082D2D C38AEFD4
0F174E5A 33BBC072 BB2A0ECA 9B9EED52
77862B4D C7BAE1DC 8B9B0E5A 339D8D62
93AA4F0A D7BAAF53 F1AC2B19 CFBAA74D
6DC387B4 DD1070BC 6DBA4028 C46D7626
06AC48E2 F14FD666 2CBA4062 C46D5A26
02AC7C79 404E5669 534DAFCF 3349ADC9
53156F1F 614FDCC0 BE57BF87 3BAAADC3
BE529A92 BF7AAFDF E07595C2 8C462FF8
E0F796D2 FE5222B8 F577B6D6 BC562C34
E0ED71F4 EA462AB9 20F970D4 6E4E0EB9
50FF74D4 F8462E79 60FC7164 4644027D
00DA71E5 664408E9 00FC71C4 6A4E0049
706FA1A5 D3EAE52D 706A0636 13C56523
56FE46E6 732F6A22 F64B0481 D2A2E129
7E7B1612 1A836828 0DDB0602 178368AB
B76E2571 D7A2ACA8 0FCB8571 96836938
8FDB4752 B78385E2 D88595B3 C8D779FB
4423D123 18D3717E 3CA4D47C 78D1517C
6C10D06A C8BD32F5 08C0C172 90FF34D3
E8848163 98FF3CBB F225F73D 2C988F74
F730B61D 4CD0937C 1632B654 2CD91554
A381E9ED 250489F4 F364AC92 D124A1FC
EFE38C30 90793D7A B38169ED 654483F4
DF65AD93 D56CA976 9CC20C22 9049395B
B3D569FD E54C83CC 42792923 D16DA3F4
CEC38D61 00C9A97A 8F727CEB 1782D3B4
70801161 B7CDF1AA 20FF2934 E1CD7024
FF903DFD 11C4F3A8 73A35191 E5A57BEC
42C76D34 D1ED7944 63A13CB8 D54CBBAC
51854FB9 C3CC792E 5E050967 11E9F97A
E0668E22 9F53A735 EA7F8A40 D333AD30
DA6F8A22 93F7AD3A 9A5FFE71 8F718FBE
D6E8FF11 6F55A798 E4C1BE74 BF37A539
A650FFFD 6F5083B4 84D1FFB7 AF508797
BCD5F7A5 2F108F9C C0AE4B5A C5EF652A
E0DD2818 E9EFC409 F0EF082A C1CF0C41
E8C84B2C E5EF8E55 B08CEB7C EDED8607
C07D4A6B 618F0D47 CAEC4B69 C3EFAED5
C23C6A6F E3EB8607 B86F8B0A C3DFB44E
73CD3D8D F1CDF9E8 DBC90197 AAADEDEB
AC7BC272 6E3306D7 F3C1A187 EB2FADC9
9872C275 4E334556 8474E668 16D24211
98768256 0A330F57 E576E628 4E520217
0F085EDB 9340D22A 43840D3E D177777E
A459D3C1 3E1A9CC9 5FEA8432 C1E06226
41C53E3D 41937352 A419F3C1 3E189CC9
5BEEAC3E C1256336 EE304AEB 6D6F08B3
A45B53C1 2E589CC9 5BE4AC3E D1A56336
558817B9 C6F202C4 63AC3D3D C1C6B33D
AA59E3C7 3FB79D9B 71A8BCB8 C5C41684
F2CDE961 EDDFB9BD 0C5BC246 3A710602
F08C75E9 CDC6BF2C CC594347 2CEDA9CE
0E7E8616 32614427 4CDE94B0 3DC1C629
5BE61C36 D1F56336 A05353E9 3CDA9DD9
54EB14B0 98458DB9 5BE6A43E D1252337
A01373E9 3C4E9DA9 C5CBB24A 6024C5C8
5BE02E3E D1656316 A15B7BC9 3C4E9DC9
4D88C5C2 826E7CDB 4C884143 D26E6C9B
0F0845EA 102E48DB 36370E9D 6C091344
1F3B3D8D 68899262 13389DDD 40099064
E0E7AA30 AD532F3C E0C7FA36 BD36A73C
F057BA34 BD11AFF5 130565CD 61CC5BDB
D33061CD EAE8D3D5 728D6B35 E7EED64D
8D1310CA 16FAFFD2 1CB212B0 C7F2FF16
E4846B60 D7DFF99D 3D239D92 13DA7138
F6A6BE95 1792E518 7E039315 3EFBEFD8
1D7E8296 8AB22643 66E4ECE8 C518D33C
BA012D0B 7D2C99EB 5D7E8636 82206617
E28179E9 655DDBBC B8930957 BEBF59C2
54F6E638 C212661D A28179E9 355D99A8
0D360696 1A5B34C3 5BE48436 D0276737
A21379E9 350D99A8 3C3E8694 8A325653
5DEC8416 DBA3E357 828179E9 35AD99AA
E4368680 8A1A564B 59EEB61E DAA26757
8AD17979 710D99A4 AC5277C9 AC3A5E49
70AF0015 4A3B76C3 18993186 A83F5C0B
D5C52427 B837BDA9 2F4A5E68 C60BD24F
51BC01D6 0E3A7CC3 3A1F2416 7816DC41
277A7EE9 56D6837C 2D2872F9 4E9A5244
4C8C4386 AE3E7EC3 1789769D 2F449389
2189379D A744928D 25E932DD 6744B288
751D75CE 2740138A 61C874F8 672CB88C
7BFC71C8 E7241A25 58FB30FE 3D44122A
E82C58B6 B9689E87 452E28A8 D56EBE26
8F79CFE9 150A82EC 245AE749 461AD2CD
51BC2017 EA2F7D53 9BE584B6 B3242976
8F7A4BE9 171B928C 5E0C6B65 E27AD8D9
D6C7A41A 3A152D3B 5FB0853A 1135A336
26084BC9 471A92CC 4DCC66CE E81EDED1
59B59037 12A16737 A65379C8 A55511E8
A6026FC9 7C5AD8C9 59AC8616 EAB26657
A6535961 151D8B28 A3136BE9 154E99EC
7D6CA68C EAF2665B 5AB38037 113D6936
597A0442 ACB57EAF 688C5162 92FF688A
60A54071 949F6009 B277BF9D 79118374
B677BF9D 6D119374 1677BE95 69909774
8D08C8EA 962E6CCB 4F88C1EA 166E6C8B
CD88C1EA 163EC99B 0E584B57 426B9609
0EC85B65 46EF8E86 465C5967 72EF880B
8F5ADDEB 12898FC2 9F18DDEF 12A8CD82
1E485D6F 12EB8D86 8137BC9A 1A8241F7
1F98BC8B 028025A9 D7289589 C2A231DD
25182CB3 91E22347 53A82C99 D16EE364
25016BC8 BF5AD1C9 4F912492 39727F63
73A12DB9 31E4E364 A61169EA 3D58DDCB
5C152036 B170761B D3812D3A F1FCE7BE
A21169E2 BF5CCD9B E12F3A9E 3F6C0B63
F57B9C8A 9B40A9E9 EF6A9D98 1340A9E9
B1DF6A7C ED6D0E42 A1BF3EB9 AF4C2660
B5EA3C98 9F082569 DADD696F 656D8E46
895D6B7F EF2D8647 C94F4A7B E70CA7C6
BFD38397 BD296CAA 4876DC30 C3925214
A2817BCF 3CEFE9CB 0C7E9A32 C6665636
E2856D49 719BA9D9 1D3202B7 A7304746
F2846C4D 71C9A949 1F3313C6 AE3C0FA2
416CECB8 C2461235 DBE00D38 9105737E
D385ADBF CF6779F7 A47BC2C4 3E7ACCC1
53B025A9 9105F1BC F7052DB3 E25BF9F5
AC5EC2C4 2E3A5E4B 43A17579 511DF17C
E08569C7 E79CF8D0 2C5F9206 2E324E8B
F2C22A35 97D9AFFC EAA60B02 D7FFA3F4
F832C84A B1FFBF77 76403F25 075921B8
9EE72C01 CFFDA358 9037884A 39D99971
36E0FEF1 5711B3AC 46E12E34 573D937A
0C974E5E 511D9173 9F6A8E92 1A4A29E9
75E82FD1 974AACE9 60CD6B30 E72F8A68
9F8A8E98 1F4A29CB F4E82BA1 C76E8ECC
50DD6A74 E76C8244 5F280E8B 0F0AABCF
28AC6BAD E36A86C5 085DEA67 676E86C6
67E3B4FE 1C218725 5BC6246A 98872BA3
A5714289 1800ADE9 52D884F9 A80187A7
1BF7043E 186723A7 A551478D 28488CC9
8844F5E5 8025A38E 0BF0342E 50670306
A45060C9 284A8C8B 124D6125 EE6F92E0
6E4F1052 384D2028 2CFB1216 384B382B
70584B45 C26B81C5 4E6A6542 1049896A
54DA0C40 186929E9 2BEC6929 C0EA86C7
07494D31 D469206E 0FFE0D73 10498C62
1B942E17 E7647246 A21179ED 37CF99D8
9F3E857A C71A5254 5D968A67 C3FB7AD6
A29559E3 37CF199A 4D3AC072 43DE5A5E
5EB78E17 E7717336 A20179E1 37CD9BB8
02A60C15 E39D5A7C 1F3A94CA 1B8031B3
1F1A96DB 1B8221BB 75BA969D CF80B1B8
99B7161C BDC22939 E0A5B010 ED862FFC
F0AFF130 EFBC3215 E0CD2B7D ED6D8E7E
E0CC6320 ED7D8614 E0ED6274 EF7F8E17
59AE161C CAE26647 E3037249 178FD1ED
1DFC021E EAA27247 71A6269E DAA26C43
0393114B 17AD39E3 25646038 EE867A4D
6D063E4C BEB2AEC1 59F7143E 1BB627E7
A7D265E1 6C968AC9 0BE0BC1E D9B7A31B
A013E1C8 3C9B9D89 5AE6841E C8B16276
1B65348C C925A114 A61173CD 2C0818C8
5FEE8436 C1316376 27681472 DCA50317
A40B73C8 2C0A9C89 5BEE8432 D0B46376
66EF3330 C767882D 207F7B6A 732B5E02
1F191CCF 3149B1A2 02EF7B24 F7655628
1F195CEA 206DDA26 1B385D9B 11CCD5E6
0E1D586E 2365DAA6 0B101CDB 114CD1E2
F1821D89 53842DC9 E1AF0E9E CE5AA441
E30A2E8D 3E4AA6C5 2F083FC1 0E4AA6C8
89BF6B0C FA6A844B A53F6BDD 2F4A8FC1
1F883F90 370EA2C8 D1BFCB4E 6BFE8C43
BD1F4BCD AF4A8ACF 77883FF5 8F668BC8
841AC752 721C50C2 DBAE3C2E D3AD7346
A41B5BC1 370A9CD8 7CCB8732 12BC5868
4B8C1C62 D7AFE756 A4995BC1 279A9CD9
7ECF8736 FA9554F2 13A43F3E D7B79776
A4117BC5 2F9E9CD9 DDB780AE 20205726
A2016FC9 FD1ED8D9 5FB09734 4A234634
18F690B6 20354736 A2016BC9 351C98C8
55E4A477 DA336657 5C76C43E C2316273
A20B4BE9 374ED9CA 59ECA416 CA13A65D
E0D56934 E77D5A15 A27FE84A 3BED9602
1F601F8B 13C219AB E8D5EA67 E7FDDE17
8A3FD84E 32DD0612 1F2A9D9B 1A42EDB8
8A5FCA6F 67BFC613 0A1F9CCF 3B624402
752A9798 1A0261F9 01B807CF DE1A24CB
78DC7395 2626DA04 1E4D72F4 2E14D880
4AE80700 DA3A64CD 264B6230 C60B8208
74697257 66038683 70AE0703 9E2B6C4F
3EFB2644 1E0BEEC1 264F0216 2E63F60B
776FBCD0 16808C70 674314B4 14CA6C78
6FC276B4 96AEAB7A 2F7BDEB2 3CA0AB6B
0FF295E4 18C021E9 07CB97C1 1A802CE9
1D13D4D3 388001E2 553A95C7 98A421B2
1D94B583 DCA021E8 70D900B6 CE6F280B
60EF7092 B54F252D E06F14B0 BC02AEAD
1F98454F 406A58C3 4D8851CA 906E588B
4D885142 802F788B 9B7F2F2D 78D087F4
967FBE7D 78998374 B77AAD3D 69D99374
53BC2D8D E76AABCF 71892CDD E36EA6C5
31AF2C9A 674EA465 FCA8089D E74E2949
E26C6842 974DAC41 E0CF0812 170D206E
0A090B21 C7AB8ACA 2A6E4967 9BED8E64
0C7A4E72 1381A862 FFF6FFFF FFCCFFF7
0027FFF5 FFA6FFE3 00610010 006FFFD7
0012FCCC FFA10015 003B0006 011E0041
001EFFD5 001200C5 002FFFE3 FFA1FFFB
FFFCFFDC 0000001B 002A0008 FFE6FFD0
FFC6FF39 FFE201CD FFDDFFE4 000F0019
0002FF88 007DFF18 0023002E 016A0027
0014FEB0 FE4E0D81 00CC00C8 FFAD006F
000BFFD5 0022FFE7 0101FF01 0101FFFF
010101FF FFFFFFFF FFFFFFFF 01FFFF01
01010101 FF01FF01 FFFFFFFF 01FF0101
01FF0101 FFFFFF01 FF0101FF FF0101FF
01010101 FF01FFFF FF01FFFF FFFFFFFF
01FFFFFF 01010101 01FF0101 0101FF01
FF0101FF 01FFFF01 0101FFFF FFFF01FF
01FFFF01 FF0101FF 01FFFF01 FFFFFF01
FF010101 FF01FFFF 010101FF FFFFFF01
FFFFFFFF FFFF01FF 01010101 FF010101
010101FF FFFF0101 FF01FFFF FFFF01FF
01010101 FFFF0101 010101FF FF010101
FFFFFFFF 01010101 FF01FFFF 01FF0101
01FFFF01 FF0101FF FFFF0101 0101FF01
FF010101 0101FFFF 010101FF 01FFFFFF
FFFFFFFF FFFFFF01 FF010101 FFFFFFFF
010101FF FFFFFFFF 0101FFFF FF010101
01010101 01FF01FF 010101FF FFFF01FF
01FFFF01 FFFFFF01 FF0101FF 01FFFF01
FFFF0101 01FFFF01 010101FF FFFFFF01
0101FFFF FFFF0101 0101FF01 FF0101FF
0101FF01 01010101 FF0101FF 01010101
0101FF01 FF0101FF 010101FF 01FFFF01
FF01FF01 FF01FFFF 010101FF 01FFFF01
FFFFFF01 FFFF01FF 0101FF01 FF010101
010101FF FF01FF01 FFFFFFFF FFFFFF01
FFFFFFFF FFFFFFFF 010101FF 01FF01FF
01010101 01010101 FF010101 01FFFFFF
01010101 FFFFFFFF FF01FF01 FF0101FF
FF010101 01FFFF01 0101FFFF FFFFFFFF
01FFFF01 FF010101 FFFF0101 FFFFFF01
010101FF FF01FFFF 0101FFFF FFFFFF01
01FFFF01 0101FFFF FFFF0101 01010101
FFFF0101 010101FF FF010101 FFFFFFFF
FFFFFFFF 01FF0101 0101FFFF FFFFFF01
FFFFFFFF 010101FF 01010101 FF01FFFF
FFFFFFFF 01010101 01FFFFFF FFFF0101
FF0101FF FF010101 FFFFFFFF FFFFFFFF
FFFF01FF 0101FF01 FF01FFFF 01010101
01010101 0101FFFF FF0101FF 0101FFFF
01010101 FFFFFF01 FF01FFFF FFFF01FF
FF0101FF FFFF0101 01FFFF01 FF0101FF
FFFF01FF 0101FF01 0101FFFF FF01FF01
FFFF01FF FF010101 FFFFFFFF 0101FFFF
FF0101FF 01FF0101 FF0101FF FFFF0101
01FFFFFF 010101FF FF0101FF FFFF0101
FF0101FF 01FFFF01 FFFFFFFF 010101FF
FF010101 01FF0101 01FFFF01 01010101
FFFF0101 FFFFFFFF FF0101FF FFFFFFFF
01010101 FF010101 FFFF01FF 0101FF01
FF010101 0101FFFF 010101FF 01FFFF01
FFFFFF01 0101FF01 01FFFFFF 01010101
FFFF0101 01FFFFFF 0101FFFF FFFFFFFF
FFFFFFFF 0101FFFF FFFFFF01 0101FF01
FF010101 01010101 01FFFFFF FFFF0101
FFFFFFFF 01010101 FFFF0101 FFFFFFFF
01010101 FF01FF01 FFFFFFFF 01FFFF01
01FF0101 FFFFFF01 FF0101FF FFFF01FF
01FF0101 FFFFFF01 FF0101FF FFFF0101
01010101 FFFF0101 0101FFFF FF0101FF
0101FF01 FFFFFF01 FFFF0101 FFFF0101
FF0101FF FFFFFFFF FFFFFFFF 01FFFFFF
FF010101 0101FFFF 01010101 FF010101
01FF0101 0101FFFF FF010101 FFFFFF01
010101FF FFFF0101 FFFFFFFF 01010101
FFFFFFFF FFFFFFFF 01FF01FF FF01FFFF
0101FFFF 01010101 01FFFFFF 01FFFFFF
FFFFFF01 FF010101 FFFF01FF 010101FF
FF010101 FFFFFFFF 010101FF FFFFFFFF
01FFFFFF 01010101 FF010101 FF0101FF
01FF0101 01FFFFFF FF0101FF 01010101
FF010101 FF01FFFF FFFFFFFF FF01FFFF
0101FFFF 01010101 01FFFFFF 01010101
01010101 FFFFFFFF 0101FFFF FF010101
FF010101 FFFFFFFF 010101FF 0101FF01
01010101 FFFF0101 01FFFFFF 010101FF
FFFFFF01 FFFFFFFF 01FF0101 FFFFFF01
FF0101FF 01FF0101 FFFFFFFF 01FF0101
0101FF01 010101FF FF010101 0101FF01
FF010101 FFFFFFFF FFFFFFFF 01FF01FF
01FFFF01 0101FFFF FFFFFF01 FFFFFF01
FFFF0101 01010101 01FFFF01 FF01FF01
FF0101FF FFFFFF01 FF01FFFF FF0101FF
FFFF0101 FFFFFFFF 010101FF 01FF01FF
01010101 FFFFFF01 01FFFFFF 01010101
FFFFFF01 0101FFFF 01010101 FFFF0101
FFFFFF01 FF01FFFF 01FF01FF 01FFFF01
0101FFFF FFFFFF01 FF01FF01 FFFFFFFF
01FF01FF FFFFFFFF FFFFFFFF FFFFFFFF
01FF0101 01010101 010101FF 01010101
FF0101FF FFFFFFFF 01FFFFFF 01010101
FFFFFF01 FF010101 FF0101FF 01FF0101
01FFFFFF FF010101 FFFFFFFF FFFFFF01
FFFFFFFF 01FF01FF 01FFFF01 FFFFFFFF
FFFFFFFF FFFFFFFF FFFF01FF 01FF0101
FF010101 FFFF01FF 01010101 FFFFFFFF
0101FFFF FFFF0101 FFFFFF01 FF01FFFF
FF0101FF 01FFFFFF 01010101 FFFFFF01
FF0101FF FFFF0101 FFFFFF01 FF010101
FFFF0101 010101FF 01FF0101 FF01FFFF
01FFFFFF FF0101FF FFFF0101 FFFFFFFF
01010101 0101FFFF 010101FF FFFF0101
01FFFF01 010101FF FFFF01FF 01FF0101
FF01FF01 010101FF FF010101 01FFFF01
FFFFFF01 FF01FFFF FFFF0101 01FFFF01
FFFF0101 01010101 FF01FF01 FF0101FF
FFFF01FF 01010101 FF01FFFF 0101FFFF
FF0101FF FFFFFFFF 010101FF 01FF0101
FF0101FF FFFF01FF 20B1F01F F426AFEF
B5F627B3 1DAEF021 F323A9ED ADF120AF
20ACEF1F F422A9F1 B4EF21A9 27B1EF22
F52AA9F5 ACF72BAD 23A8F528 EF21A6F1
ABF021A7 16ACED1D EB17ADEB ABEA15AD
10ACEB16 E20DA7E5 A9E10EAB 0AA6E110
DBFEA4DF A1D5F4A4 18B3F019 F220A8EE
B8F427AD 21B1F023 F525ABF1 ADF223AF
1DAEF424 EF1CA6EE B6EE20A9 2BB4F124
F52CA9F7 A1F32CA8 219EF32A F01BA1EF
B2F318A9 0CB5EE12 E60DB7E8 B0E40EB4
14B2E916 E612AEE6 A6E10FAD 09A2E210
DBFD9FDF A2D8F7A0 18AFEE18 EF1FA1ED
B0EF28A4 24AAEA21 F526ACF3 ADF526AD
23ABF324 F21FABF3 B9ED1EB0 27B3EF22
F228A6F3 A3F12AA5 20A7F42B EF12AFF2
B1E0F9B6 E2B4DAEE CDE5B2CE B2D5F2AF
07B0D6F8 E710B7E0 A7E30DB3 0CA3E30F
DF03A2E2 A1D9F8A2 1CA8EB1C ED21A0EE
ACF02F9F 28ABEE28 F82AAEF5 B0F72AB0
26ACF326 FB28ADF5 DF1340B9 1ECB0332
F323A9EF B6F225AF 16BAF01F D0E8C3EF
C1D7E7AF DCCCDAE2 CBD0D4DA B2BFCAC2
D3B4C6D6 D5F1A7BE AEE205AD 0DABE60D
E309A7E5 A4DEFFA7 1DA9EB1C F322B0F2
AFF22BB1 24ABF22A F82AA8F1 ACF427AF
25A9F125 012EAAF4 255777BB 18EB1D44
EF13B8F2 C7EC0FBC CEB2D0EF C5D59FB5
E2E7F1B8 EAEFEEF0 E6E1F6F2 DDDEDDE9
D4C3C8CA C9D5C6CE ADD3E9AF 0BB0E001
DE06AEE5 A4DD02A4 06B6ED15 E403C0E8
B5F014B9 26ACF322 F428A7F1 A9F328A9
26A5EF24 F624A7F4 D50B35AA 01CEFA1E
CBE1BAE6 9FB2C2AB C2ABBAC5 D3D9ADB8
EEF1F6CC F7F8F9FA F4F2FAFA E0E0DEF4
DBE1E4E3 BABAD6DB A5BAC3AF 0DB1D4EC
E20BBAE9 A8DF07AC EDB9E4FF A5AFD0DF
9CCAD891 2BB0F51A F329ABF6 ABF62BA8
27AAF52A F825A5F4 B4EB14A7 FFBBE202
D7E4CBEC B9C3C4C6 C8C8D3CE D4D3C0CB
F90305CA FC050F13 E3E9ECF6 DEE6EBDA
D5E7EFF3 C7BFCDD3 A7AFAEC5 05A4BDCF
E30EBAE2 A7DD07B0 E3DAF304 ABAADCE0
A9C0C6A6 28B8EF10 F226AAF5 A7F429A4
22B1F72C ED0DB3F1 B1DEF8B3 11CDEE03
EAF4EB04 CFD7D8DD D5D8DFDB CDCDD2D8
EBF6FCC5 090D1A24 DDE6F0FC D8E2EAD1
D5D4DDE4 BCB6CAD1 B1B5B1BA EBA0AFB9
E70BB2D3 A7E109B3 E711222B BAB6E9E9
F1F9FCBB 22D2FC1A F524ABF1 B2FA27A9
2FC2F926 D9F1DF08 CEE9FDBB 1DF90E1E
EFF90110 CAD0D6E5 D4CDD1D2 CED0D2D5
BDC7D1C9 13F0FD0B E7F1FB08 C6CFD7DD
D6C5CDD3 C9C7CCD2 B5B9B8C3 CA9BA3A8
EA06A3BB ADE70ABB 07243135 E4DE100C
161B1BE9 1FF0162F F41DB3F4 BCF61AAF
6E133550 35504757 F7041D27 15121A2F
EEFDFD04 CFD5DDEB CACFD4D6 B9BBC7CA
BAC4CCB5 10F0FD0A FC06FA06 D9E2EAF2
D7CAD1D6 D5D4CED5 C7CCCBCE A8ABB1B2
CBDF8F9E B9E705AC EC303838 180FFAF4
292A261F 1CFA1D32 F620B2F0 AFD9FAB3
6E344656 405D6361 0408253D 1D1C2038
ECFD050A E8EFF8E8 D0C5CCCE ACADCDD0
CDD5DBA8 1E1B2630 141C0A14 DCE4EB0B
E7CDD3D7 D8D8E0E6 C9CFCECF A9BBBBBB
AEBBA1A4 AED1E89F E43E403D 1108F4EC
33302B1A 2709283C FB2EBBF8 ACDD07B7
43D0DFF5 2C483D37 060F2B25 3E18223A
F707202C DFEBF5EA D4D9E2E6 A6A6CFD4
F1F9FDA2 21414A53 0C130F19 D2D9DD03
DECBD0D3 E8E8D8DD D1D7D5DE B7CECBC9
B7BEB7B5 9AB8CCB0 DA43433E 07FFE9E0
3A353011 27061D2F FB33C4FB AFED20B5
29ACC4E1 1129191B DEF20AFE 5915273B
1621384B E2F1FB02 F3E9F2F8 B2B2EDF2
0D1417AF 1C333C43 F6FB0D16 D3D8DBEF
D4CFD3D4 DFDFD0D4 D1D7D6D5 C9D9D7D4
CACFC9C9 98B7C9C0 DD42413E 1B19E7DF
413D3A24 09E2EEF7 FC2EC2EA B2F428BA
14A7C8E7 FD12F805 FF1628E7 631C2F3E
2D354959 F5040E1E F5EBF5FE C7C7EDF2
14191BC4 162F363B EEF20911 D0D5D7E8
C8CCD0D0 D0D0C6C9 DEE4E3C8 DAE3E5E4
D9E1D1D8 A2C9DEC5 EC454543 2829F0EB
3D3B3B2D E3EDEDE9 F71DC3D9 B7FA28BE
F3A2CAE4 FB0BD8EA 2A3A47E7 2D2A353F
0D122026 07101B0D E7FD0913 C7C7DFE4
161919C6 0A2B3034 0103FF06 E9EDEEFA
DBD3D6D5 E0DFDBDD E8EEEDDA E4EFF4F3
D5E1D0E0 AFDFF5B5 05464646 282D0902
3633392F CE0F0A03 F80DCDD3 CDFD1CD8
03B4DEF3 0410DDF8 545E67F4 12676D73
03080A0B F0F90403 ECE5F0F9 D8DFDFE8
F60711CB 19132029 ECF00B14 D0D5D7E5
D7C4C8C7 E8E9D7D8 E3EDF0E3 E7DDEEF8
E0F9B6D6 B0E809B0 134D4C4C 25292113
3D374033 CE2D2B29 FDFEDAD6 F1FE0BFE
E0D2F90B 101BA5D0 1C242E06 0D0E1923
EAF1F505 DAEAF1D8 E9DCE5E5 DAF0D7E5
E8102CBA 15ED0B1D 0308FE0E E1E9EDF6
CFC8CCCE DDDECDCF D2DBE5DE FDB7D3EB
EC18ADD8 AEE811B7 24585857 28253527
43393839 DE3B3731 E0E0E9E6 12161DE6
EAEF0A15 F402BDDD DFE9F6E9 F4D9E6F2
DBE6D9E9 E2EEF3C9 E5D8DBD6 0111DFE7
C0E0F6E6 01A0B8C4 FE06E9F8 BDC5CBF3
BAB3B8BC C6C7B5B8 CEDDE6C1 10C0DEF4
F417C4F0 B6EE0DC0 334E5455 30284139
42362E3E FC3D3931 D8D60604 100C0EE0
080E151A DAE8EF01 B7C0CDD0 FCECF907
F502E0EF 061014E4 DCDDDCD5 0C17DDE0
DDF505F8 EBDCEDF5 C4CBD6E3 B4BBC0BA
C1A7A9AC C5D6BCBE BBE906A8 21BEF71C
F31BB6F8 AEEF18AD 3C354148 312C3C3E
3A342F36 11393732 DAD61916 05F9F7E3
0A03FCFA 07110809 B3BBC6FE ECECF602
0712D6E1 293139FB C9F6F6F4 F704C9CB
E9FC0AE7 D9F60207 B1B3CED6 B2B3B4AC
DAB4B1AF DBF9DDDA C4F624BC 25C0F92C
EF1FB4F1 AEEB16B2 44131D26 33343C42
2D2E3230 19353636 E7E3211E 130804EF
E73A302C DADDEFE9 C9CDD0D7 FAD6DADD
2E33F4F6 3237402E E4151517 CED9E5E4
BFCDD7C2 AEB9BDBC AEA6B6B4 A9A198B3
BCC5B9AE E4ECD3C7 D2FD11CB 01CCFB11
F1FFBDED BFE9F8C5 44FCF8F5 33324949
292A3331 0B343436 D7D31411 201A17DB
5C7B7876 0D06625F 140E0711 31251D16
453F4137 46414351 FD362D29 EDEE1006
BEBEBDED A2BAB1A3 C6B1C4B6 E6D1BAD7
BAEED5BD E3C5EFD4 F7E5C8FA C5F8E8CE
DCBBF0E0 F3DAB7F0 3006E9CF 382F5646
322D3141 0D373232 F0ED1713 525454F1
7D787D7E 61517D7E 1E10FC69 FC1605F2
06F4230E 1906FA1D C415FCE8 D7C4F7DD
E5D2BCE8 B2EFD4B4 D5B3EED4 FDDDB8F3
B304DEB8 E0AB03DB 0EE8B308 B00FECBB
E1AB05E1 05DFAA0A E008D9A9 2911290A
3D2F293D 26413733 27262F2B 6E767725
64727C7E 09EE6568 EFD8BC1A B1E9D0B5
CBB1E9CC E5C8B0EB AAF3CFAD D1AEF8D1
F4D2AAF1 AEFDD6A6 D9AEFDDA 01D7ABFE
AE05D9AA DEAE0CDD 0AE0B20A B508E0B7
DFB307DE 06DAAD0C 9D0EDB9D E6BB03D7
311A0407 05403427 3E430A09 737B7F36
0E767672 DEBD3020 F6D4B2FF B3F7D4B2
D3B1F9D5 F4D4B2F8 AAF5D6AF D2A7F5D4
F1CFA2F3 A7F8D3A3 D5A6FDD6 03D9AAFD
B807DCAD E7BE12E7 0FE5BB0F B213E6B8
DEAE11E3 16E7B30D 9E23EFB0 D5A20DDE
09EAC9FC 01281501 56581009 7A7E7F52
C24E473C DBB6F6DD FDD8B201 B4FFDAB4
D3AEFFDA F3D2ADF9 A9F1D2AB D0A4F0D1
F5D3A7F1 A8FBD6A8 DCAB04D9 0BDFAE07
BE17ECBB EDC019EE 16ECBB14 B21BECB6
FBC619E9 370AD328 A326F2B4 D69F14E3
FAD3A903 01FEDFC2 66612512 7876716B
BA1A10FC D7B1F2DC 04DEB8FB AC02DCB6
D2ACF7D2 F7D3AFF7 ABF7D4AE D6ABF7D3
FFD8ACFB AD04DAAC EAB60EE1 1BEEBA17
AE17E9B6 DFAB0EE1 0BDBA40D C91FECB3
0BD53303 2AFDCC37 A323EEB2 D99D16E2
06D6A30B CEFED3AC 5C4B0BEA 6B65546A
C10DFEE1 DEB6FEE8 FCD7B002 B006E1BA
D0A8FBD7 F7D2ADF4 B0FAD4AF D9AFFED7
05D9AE03 A70DE1B3 DDA70BDC 15E6B00C
A714E5AF D59C0CDD 1AE5A806 C33702C3
E2AE31FE 0CE0B30F A322ECB2 DCA014E1
0ED8A110 AE0BD8A9 06E8FDD4 54462B20
B6F7E4C0 DEB4F9E1 03DFB501 BA0CE7BD
E0B608E4 F8D3AD04 A9F6CFAA D8AEF8D0
08DCB103 AA09DCAE DDA80CDF 09DCA70B
A808DAA5 E6AC0BDD 33FDBF18 9F25EEAF
BC8F0DDA 09DDB3E7 AA32FCC4 D89F15E4
13DBA60A AB0CD7A5 CFAA05D9 06EBC7F1
9FF2D9B1 C79BE9CD F5D2A6E9 B801DDB1
E6BA08E4 01DCB50A BC04DEB8 E3B90AE3
0BE1B50C AD0ADFB2 D8A709DE FDD3A104
BE06DBAA 05CF1BF0 3604C934 A629F4B8
C08D13E1 FFD5A8EC B129F4BD D5A315E6
10DBAB05 AA0CDAA7 D8AC07DC F0D1A8FD
9BF3D5AA C397E8C8 EDCA9EE6 9DEAC79B
D0A4ECC9 F8D6AFF3 BE01DFB8 EDC208E5
1DF7CB11 B119F1C5 D8AB07DF FFD8ABFF
D511E9BC 1DED2B03 3F12DD46 9A25F3BC
D29D03D2 EBC094FE B821EBB6 D9AD16E9
07D6AB05 A807D9A8 D7A805DC F3D1A6FB
9AF2CFA4 C296E9C5 ECC99DE5 9DE8C599
BF93ECC9 D9BA92E2 AFE4C6A0 E8BDF6D7
19F7CA0A B512EFC2 DFB404E0 FBD7AD03
D912EDC3 13E92804 3008D937 9812E3B0
D4A2FCCD EEC39502 7EBDAFFF FFBDFFFE
FFFFFFFF FFFFFFFF
